SEASON_YEAR,GAME_ID,GAME_DATE,TEAM_ABBREVIATION,MATCHUP,WL,HOME_AWAY,PTS,PTS_AGAINST,GOALS,ASSISTS,POINTS,PIM,HITS,POWER_PLAY_GOALS,SHOTS,SHOOTING_PCT,BLOCKED_SHOTS,TAKEAWAYS,GIVEAWAYS,SAVES,SHOTS_AGAINST,GOALS_AGAINST,SAVE_PCT,EVEN_STRENGTH_GOALS_AGAINST,POWER_PLAY_GOALS_AGAINST,SHORT_HANDED_GOALS_AGAINST
2018-2019,2018020002,2018-10-03,BOS,BOS @ WSH,L,AWAY,0,7,0,0,0,32,28,0,25,0.0,12,5,3,30,37,7,0.8108108108108109,3,4,0
2018-2019,2018020001,2018-10-03,MTL,MTL @ TOR,L,AWAY,2,3,2,4,6,6,34,1,36,0.05555555555555555,16,5,10,23,26,3,0.8846153846153846,2,1,0
2018-2019,2018020001,2018-10-03,TOR,TOR vs. MTL,W,HOME,3,2,3,6,9,6,18,1,26,0.11538461538461539,24,5,21,34,36,2,0.9444444444444444,1,1,0
2018-2019,2018020002,2018-10-03,WSH,WSH vs. BOS,W,HOME,7,0,7,11,18,14,16,4,37,0.1891891891891892,15,13,9,25,25,0,1.0,0,0,0
2018-2019,2018020004,2018-10-04,ANA,ANA @ SJS,W,AWAY,5,2,5,10,15,6,25,2,15,0.3333333333333333,16,9,6,31,33,2,0.9393939393939394,1,0,0
2018-2019,2018020005,2018-10-04,BOS,BOS @ BUF,W,AWAY,4,0,4,7,11,6,13,1,26,0.15384615384615385,13,1,6,32,32,0,1.0,0,0,0
2018-2019,2018020005,2018-10-04,BUF,BUF vs. BOS,L,HOME,0,4,0,0,0,4,25,0,32,0.0,8,1,18,22,25,3,0.88,2,1,0
2018-2019,2018020008,2018-10-04,CAR,CAR vs. NYI,L,HOME,1,2,1,2,3,6,29,0,46,0.021739130434782608,8,13,14,18,20,2,0.9,1,1,0
2018-2019,2018020010,2018-10-04,CBJ,CBJ @ DET,W,AWAY,3,2,3,6,9,6,13,1,39,0.07692307692307693,17,4,5,18,20,2,0.9,1,1,0
2018-2019,2018020003,2018-10-04,CGY,CGY @ VAN,L,AWAY,2,5,2,4,6,7,17,0,35,0.05714285714285714,6,1,4,18,22,4,0.8181818181818182,4,0,0
2018-2019,2018020009,2018-10-04,CHI,CHI @ OTT,W,AWAY,4,3,4,4,8,4,17,0,43,0.09302325581395349,16,3,15,22,25,3,0.88,2,1,0
2018-2019,2018020010,2018-10-04,DET,DET vs. CBJ,L,HOME,2,3,2,4,6,12,20,1,20,0.1,20,5,11,36,39,3,0.9230769230769231,2,1,0
2018-2019,2018020006,2018-10-04,NSH,NSH @ NYR,W,AWAY,3,2,3,6,9,6,21,0,33,0.09090909090909091,11,16,9,34,36,2,0.9444444444444444,2,0,0
2018-2019,2018020008,2018-10-04,NYI,NYI @ CAR,W,AWAY,2,1,2,3,5,6,32,1,20,0.1,22,15,2,45,46,1,0.9782608695652174,1,0,0
2018-2019,2018020006,2018-10-04,NYR,NYR vs. NSH,L,HOME,2,3,2,3,5,4,24,0,36,0.05555555555555555,20,10,10,30,32,2,0.9375,2,0,0
2018-2019,2018020009,2018-10-04,OTT,OTT vs. CHI,L,HOME,3,4,3,6,9,6,22,1,25,0.12,18,9,13,39,43,4,0.9069767441860465,4,0,0
2018-2019,2018020007,2018-10-04,PIT,PIT vs. WSH,W,HOME,7,6,7,14,21,4,21,2,41,0.17073170731707318,12,6,15,30,36,6,0.8333333333333334,6,0,0
2018-2019,2018020004,2018-10-04,SJS,SJS vs. ANA,L,HOME,2,5,2,1,3,6,21,0,33,0.06060606060606061,13,10,8,10,14,4,0.7142857142857143,2,2,0
2018-2019,2018020003,2018-10-04,VAN,VAN vs. CGY,W,HOME,5,2,5,9,14,19,16,0,23,0.21739130434782608,18,7,8,33,35,2,0.9428571428571428,2,0,0
2018-2019,2018020007,2018-10-04,WSH,WSH @ PIT,L,AWAY,6,7,6,6,12,12,32,0,36,0.16666666666666666,18,5,6,34,41,7,0.8292682926829268,5,2,0
2018-2019,2018020012,2018-10-05,ARI,ARI @ DAL,L,AWAY,0,3,0,0,0,8,24,0,30,0.0,14,7,9,22,25,3,0.88,3,0,0
2018-2019,2018020015,2018-10-05,CAR,CAR @ CBJ,W,AWAY,3,1,3,4,7,6,17,0,35,0.08571428571428572,10,11,5,31,32,1,0.96875,1,0,0
2018-2019,2018020015,2018-10-05,CBJ,CBJ vs. CAR,L,HOME,1,3,1,1,2,2,10,0,32,0.03125,14,7,8,32,35,3,0.9142857142857143,3,0,0
2018-2019,2018020013,2018-10-05,COL,COL vs. MIN,W,HOME,4,1,4,6,10,8,20,1,40,0.1,17,5,5,20,21,1,0.9523809523809523,1,0,0
2018-2019,2018020012,2018-10-05,DAL,DAL vs. ARI,W,HOME,3,0,3,6,9,8,31,0,25,0.12,15,5,13,30,30,0,1.0,0,0,0
2018-2019,2018020013,2018-10-05,MIN,MIN @ COL,L,AWAY,1,4,1,2,3,8,26,0,21,0.047619047619047616,13,2,1,36,38,2,0.9473684210526315,2,0,0
2018-2019,2018020014,2018-10-05,PHI,PHI @ VGK,W,AWAY,5,2,5,9,14,8,41,1,25,0.2,12,5,6,23,25,2,0.92,1,0,0
2018-2019,2018020011,2018-10-05,STL,STL vs. WPG,L,HOME,1,5,1,2,3,4,18,0,42,0.023809523809523808,13,7,5,20,25,5,0.8,3,1,0
2018-2019,2018020014,2018-10-05,VGK,VGK vs. PHI,L,HOME,2,5,2,1,3,10,31,0,25,0.08,10,12,10,20,25,5,0.8,4,1,0
2018-2019,2018020011,2018-10-05,WPG,WPG @ STL,W,AWAY,5,1,5,8,13,8,20,1,25,0.2,11,10,4,41,42,1,0.9761904761904762,1,0,0
2018-2019,2018020017,2018-10-06,BUF,BUF vs. NYR,W,HOME,3,1,3,4,7,13,18,2,29,0.10344827586206896,13,5,6,43,44,1,0.9772727272727273,1,0,0
2018-2019,2018020023,2018-10-06,DAL,DAL vs. WPG,W,HOME,5,1,5,9,14,13,22,3,35,0.14285714285714285,15,6,11,32,33,1,0.9696969696969697,1,0,0
2018-2019,2018020020,2018-10-06,EDM,EDM @ NJD,L,AWAY,2,5,2,4,6,4,28,1,19,0.10526315789473684,8,8,4,22,26,4,0.8461538461538461,3,1,0
2018-2019,2018020019,2018-10-06,FLA,FLA @ TBL,L,AWAY,1,2,1,2,3,6,22,0,43,0.023255813953488372,13,8,5,28,29,1,0.9655172413793104,0,0,0
2018-2019,2018020016,2018-10-06,LAK,LAK vs. SJS,L,HOME,2,3,2,3,5,6,34,0,21,0.09523809523809523,12,1,11,30,33,3,0.9090909090909091,3,0,0
2018-2019,2018020022,2018-10-06,MTL,MTL @ PIT,W,AWAY,5,1,5,9,14,6,32,0,29,0.1724137931034483,22,9,2,21,22,1,0.9545454545454546,1,0,0
2018-2019,2018020020,2018-10-06,NJD,NJD vs. EDM,W,HOME,5,2,5,7,12,8,24,1,27,0.18518518518518517,8,10,9,17,19,2,0.8947368421052632,1,1,0
2018-2019,2018020021,2018-10-06,NSH,NSH @ NYI,W,AWAY,4,3,4,8,12,10,28,0,23,0.17391304347826086,16,2,6,26,29,3,0.896551724137931,2,1,0
2018-2019,2018020021,2018-10-06,NYI,NYI vs. NSH,L,HOME,3,4,3,5,8,4,18,1,29,0.10344827586206896,7,6,14,19,23,4,0.8260869565217391,4,0,0
2018-2019,2018020017,2018-10-06,NYR,NYR @ BUF,L,AWAY,1,3,1,2,3,17,18,0,44,0.022727272727272728,13,2,4,26,28,2,0.9285714285714286,0,2,0
2018-2019,2018020018,2018-10-06,OTT,OTT @ TOR,W,AWAY,5,3,5,7,12,4,26,0,24,0.20833333333333334,27,7,12,34,37,3,0.918918918918919,2,1,0
2018-2019,2018020022,2018-10-06,PIT,PIT vs. MTL,L,HOME,1,5,1,2,3,6,24,0,22,0.045454545454545456,7,12,6,24,29,5,0.8275862068965517,4,0,0
2018-2019,2018020016,2018-10-06,SJS,SJS @ LAK,W,AWAY,3,2,3,6,9,10,21,0,33,0.09090909090909091,15,2,9,19,21,2,0.9047619047619048,2,0,0
2018-2019,2018020019,2018-10-06,TBL,TBL vs. FLA,W,HOME,2,1,1,1,2,10,37,0,29,0.034482758620689655,9,5,11,42,43,1,0.9767441860465116,1,0,0
2018-2019,2018020018,2018-10-06,TOR,TOR vs. OTT,L,HOME,3,5,3,6,9,4,30,1,37,0.08108108108108109,8,16,7,19,23,4,0.8260869565217391,4,0,0
2018-2019,2018020023,2018-10-06,WPG,WPG @ DAL,L,AWAY,1,5,1,2,3,17,25,0,33,0.030303030303030304,21,2,9,30,35,5,0.8571428571428571,2,3,0
2018-2019,2018020027,2018-10-07,ANA,ANA @ ARI,W,AWAY,1,0,1,2,3,8,25,0,20,0.05,21,3,3,41,41,0,1.0,0,0,0
2018-2019,2018020027,2018-10-07,ARI,ARI vs. ANA,L,HOME,0,1,0,0,0,4,26,0,41,0.0,5,4,1,19,20,1,0.95,1,0,0
2018-2019,2018020029,2018-10-07,CAR,CAR vs. NYR,W,HOME,8,5,8,15,23,10,30,1,40,0.2,16,13,18,19,24,5,0.7916666666666666,4,1,0
2018-2019,2018020028,2018-10-07,CGY,CGY vs. VAN,W,HOME,7,4,7,12,19,12,18,3,37,0.1891891891891892,13,11,15,16,20,4,0.8,1,2,0
2018-2019,2018020024,2018-10-07,CHI,CHI @ STL,W,AWAY,5,4,5,9,14,12,15,0,30,0.16666666666666666,13,5,2,26,30,4,0.8666666666666667,2,2,0
2018-2019,2018020030,2018-10-07,CHI,CHI vs. TOR,L,HOME,6,7,6,12,18,4,23,0,31,0.1935483870967742,14,8,11,27,34,7,0.7941176470588235,6,1,0
2018-2019,2018020026,2018-10-07,COL,COL vs. PHI,W,HOME,5,2,5,9,14,10,14,1,35,0.14285714285714285,17,9,5,35,37,2,0.9459459459459459,2,0,0
2018-2019,2018020025,2018-10-07,MIN,MIN vs. VGK,L,HOME,1,2,1,1,2,9,18,0,30,0.03333333333333333,18,9,6,41,42,1,0.9761904761904762,1,0,0
2018-2019,2018020029,2018-10-07,NYR,NYR @ CAR,L,AWAY,5,8,5,10,15,8,27,1,24,0.20833333333333334,13,8,11,32,39,7,0.8205128205128205,7,0,0
2018-2019,2018020026,2018-10-07,PHI,PHI @ COL,L,AWAY,2,5,2,2,4,10,17,0,37,0.05405405405405406,23,2,2,30,34,4,0.8823529411764706,3,1,0
2018-2019,2018020024,2018-10-07,STL,STL vs. CHI,L,HOME,4,5,4,7,11,6,26,2,30,0.13333333333333333,11,4,4,25,30,5,0.8333333333333334,5,0,0
2018-2019,2018020030,2018-10-07,TOR,TOR @ CHI,W,AWAY,7,6,7,11,18,6,23,1,34,0.20588235294117646,29,11,8,25,31,6,0.8064516129032258,6,0,0
2018-2019,2018020028,2018-10-07,VAN,VAN @ CGY,L,AWAY,4,7,4,6,10,12,16,2,20,0.2,23,10,8,30,35,5,0.8571428571428571,2,3,0
2018-2019,2018020025,2018-10-07,VGK,VGK @ MIN,W,AWAY,2,1,1,2,3,9,19,0,42,0.023809523809523808,4,2,7,29,30,1,0.9666666666666667,1,0,0
2018-2019,2018020032,2018-10-08,BOS,BOS vs. OTT,W,HOME,6,3,6,11,17,8,18,1,30,0.2,8,8,6,28,31,3,0.9032258064516129,3,0,0
2018-2019,2018020034,2018-10-08,BUF,BUF vs. VGK,W,HOME,4,2,4,8,12,4,17,1,17,0.23529411764705882,14,2,9,35,37,2,0.9459459459459459,2,0,0
2018-2019,2018020031,2018-10-08,DET,DET @ LAK,L,AWAY,2,4,2,4,6,25,20,2,38,0.05263157894736842,14,0,6,21,24,3,0.875,3,0,0
2018-2019,2018020031,2018-10-08,LAK,LAK vs. DET,W,HOME,4,2,4,6,10,27,18,0,25,0.16,18,3,12,36,38,2,0.9473684210526315,0,2,0
2018-2019,2018020033,2018-10-08,NYI,NYI vs. SJS,W,HOME,4,0,4,6,10,8,21,1,30,0.13333333333333333,23,12,10,35,35,0,1.0,0,0,0
2018-2019,2018020032,2018-10-08,OTT,OTT @ BOS,L,AWAY,3,6,3,6,9,6,17,0,31,0.0967741935483871,14,9,8,24,29,5,0.8275862068965517,4,1,0
2018-2019,2018020033,2018-10-08,SJS,SJS @ NYI,L,AWAY,0,4,0,0,0,8,9,0,35,0.0,9,7,7,26,29,3,0.896551724137931,2,1,0
2018-2019,2018020034,2018-10-08,VGK,VGK @ BUF,L,AWAY,2,4,2,3,5,4,29,0,37,0.05405405405405406,6,3,7,13,17,4,0.7647058823529411,3,1,0
2018-2019,2018020035,2018-10-09,ANA,ANA vs. DET,W,HOME,3,2,2,4,6,4,28,0,27,0.07407407407407407,14,7,13,19,21,2,0.9047619047619048,2,0,0
2018-2019,2018020037,2018-10-09,CAR,CAR vs. VAN,W,HOME,5,3,5,8,13,8,33,0,33,0.15151515151515152,11,12,12,22,25,3,0.88,1,2,0
2018-2019,2018020038,2018-10-09,CBJ,CBJ vs. COL,W,HOME,5,2,5,7,12,8,10,1,35,0.14285714285714285,11,8,5,25,27,2,0.9259259259259259,1,1,0
2018-2019,2018020038,2018-10-09,COL,COL @ CBJ,L,AWAY,2,5,2,4,6,12,7,1,27,0.07407407407407407,9,3,6,30,34,4,0.8823529411764706,3,1,0
2018-2019,2018020035,2018-10-09,DET,DET @ ANA,L,AWAY,2,3,2,3,5,6,15,0,21,0.09523809523809523,12,7,15,25,27,2,0.9259259259259259,2,0,0
2018-2019,2018020036,2018-10-09,PHI,PHI vs. SJS,L,HOME,2,8,2,4,6,10,21,2,33,0.06060606060606061,8,4,13,40,48,8,0.8333333333333334,5,2,0
2018-2019,2018020036,2018-10-09,SJS,SJS @ PHI,W,AWAY,8,2,8,12,20,12,15,2,48,0.16666666666666666,8,5,7,31,33,2,0.9393939393939394,0,2,0
2018-2019,2018020037,2018-10-09,VAN,VAN @ CAR,L,AWAY,3,5,3,6,9,6,23,2,25,0.12,16,7,7,28,33,5,0.8484848484848485,5,0,0
2018-2019,2018020039,2018-10-10,CGY,CGY @ NSH,W,AWAY,3,0,3,5,8,8,5,2,27,0.1111111111111111,14,5,3,43,43,0,1.0,0,0,0
2018-2019,2018020041,2018-10-10,DAL,DAL vs. TOR,L,HOME,4,7,4,7,11,6,23,1,34,0.11764705882352941,15,5,16,23,29,6,0.7931034482758621,4,2,0
2018-2019,2018020040,2018-10-10,LAK,LAK @ WPG,L,AWAY,1,2,1,2,3,6,22,0,17,0.058823529411764705,21,5,11,37,39,2,0.9487179487179487,1,1,0
2018-2019,2018020039,2018-10-10,NSH,NSH vs. CGY,L,HOME,0,3,0,0,0,6,13,0,43,0.0,13,9,7,24,27,3,0.8888888888888888,1,2,0
2018-2019,2018020042,2018-10-10,OTT,OTT vs. PHI,L,HOME,4,7,4,8,12,24,24,3,35,0.11428571428571428,12,2,9,38,44,6,0.8636363636363636,4,2,0
2018-2019,2018020042,2018-10-10,PHI,PHI @ OTT,W,AWAY,7,4,7,13,20,24,26,2,45,0.15555555555555556,16,4,6,31,35,4,0.8857142857142857,1,3,0
2018-2019,2018020041,2018-10-10,TOR,TOR @ DAL,W,AWAY,7,4,7,12,19,2,12,2,30,0.23333333333333334,11,11,9,30,34,4,0.8823529411764706,3,1,0
2018-2019,2018020040,2018-10-10,WPG,WPG vs. LAK,W,HOME,2,1,2,4,6,4,18,1,39,0.05128205128205128,15,3,11,16,17,1,0.9411764705882353,1,0,0
2018-2019,2018020044,2018-10-11,ANA,ANA vs. ARI,L,HOME,2,3,2,3,5,6,27,0,25,0.08,19,5,16,37,39,2,0.9487179487179487,0,1,0
2018-2019,2018020044,2018-10-11,ARI,ARI @ ANA,W,AWAY,3,2,2,4,6,6,17,1,39,0.05128205128205128,13,4,12,23,25,2,0.92,2,0,0
2018-2019,2018020045,2018-10-11,BOS,BOS vs. EDM,W,HOME,4,1,4,4,8,11,21,2,32,0.125,11,21,10,25,26,1,0.9615384615384616,1,0,0
2018-2019,2018020046,2018-10-11,BUF,BUF vs. COL,L,HOME,1,6,1,1,2,6,15,0,31,0.03225806451612903,2,1,7,24,30,6,0.8,4,2,0
2018-2019,2018020047,2018-10-11,CBJ,CBJ @ FLA,W,AWAY,5,4,5,9,14,4,7,2,32,0.15625,5,7,14,37,41,4,0.9024390243902439,4,0,0
2018-2019,2018020046,2018-10-11,COL,COL @ BUF,W,AWAY,6,1,6,8,14,12,20,2,30,0.2,10,2,6,30,31,1,0.967741935483871,1,0,0
2018-2019,2018020052,2018-10-11,DET,DET vs. TOR,L,HOME,3,5,3,6,9,15,23,0,29,0.10344827586206896,7,6,11,30,34,4,0.8823529411764706,2,2,0
2018-2019,2018020045,2018-10-11,EDM,EDM @ BOS,L,AWAY,1,4,1,2,3,15,27,0,26,0.038461538461538464,8,12,11,28,31,3,0.9032258064516129,1,2,0
2018-2019,2018020047,2018-10-11,FLA,FLA vs. CBJ,L,HOME,4,5,4,5,9,6,18,0,41,0.0975609756097561,14,12,15,27,32,5,0.84375,3,2,0
2018-2019,2018020051,2018-10-11,LAK,LAK @ MTL,W,AWAY,3,0,3,6,9,8,24,0,29,0.10344827586206896,22,2,19,40,40,0,1.0,0,0,0
2018-2019,2018020051,2018-10-11,MTL,MTL vs. LAK,L,HOME,0,3,0,0,0,16,36,0,40,0.0,11,7,14,26,29,3,0.896551724137931,3,0,0
2018-2019,2018020048,2018-10-11,NJD,NJD vs. WSH,W,HOME,6,0,6,9,15,10,19,1,36,0.16666666666666666,20,20,9,21,21,0,1.0,0,0,0
2018-2019,2018020049,2018-10-11,NYR,NYR vs. SJS,W,HOME,3,2,3,4,7,8,25,0,27,0.1111111111111111,20,8,15,41,43,2,0.9534883720930233,1,0,0
2018-2019,2018020050,2018-10-11,PIT,PIT vs. VGK,W,HOME,4,2,4,7,11,4,33,0,22,0.18181818181818182,27,11,12,35,37,2,0.9459459459459459,2,0,0
2018-2019,2018020049,2018-10-11,SJS,SJS @ NYR,L,AWAY,2,3,2,4,6,4,14,0,43,0.046511627906976744,13,6,12,24,27,3,0.8888888888888888,3,0,0
2018-2019,2018020053,2018-10-11,TBL,TBL vs. VAN,L,HOME,1,4,1,2,3,8,22,0,34,0.029411764705882353,13,10,14,24,26,2,0.9230769230769231,2,0,0
2018-2019,2018020052,2018-10-11,TOR,TOR @ DET,W,AWAY,5,3,5,10,15,13,17,2,35,0.14285714285714285,11,4,6,26,29,3,0.896551724137931,3,0,0
2018-2019,2018020053,2018-10-11,VAN,VAN @ TBL,W,AWAY,4,1,4,3,7,10,18,0,28,0.14285714285714285,22,6,8,33,34,1,0.9705882352941176,1,0,0
2018-2019,2018020050,2018-10-11,VGK,VGK @ PIT,L,AWAY,2,4,2,3,5,2,26,0,37,0.05405405405405406,10,6,4,18,22,4,0.8181818181818182,4,0,0
2018-2019,2018020043,2018-10-11,VGK,VGK @ WSH,L,AWAY,2,5,2,2,4,8,19,0,31,0.06451612903225806,8,3,7,24,28,4,0.8571428571428571,2,2,0
2018-2019,2018020048,2018-10-11,WSH,WSH @ NJD,L,AWAY,0,6,0,0,0,10,30,0,21,0.0,8,10,9,30,36,6,0.8333333333333334,5,1,0
2018-2019,2018020043,2018-10-11,WSH,WSH vs. VGK,W,HOME,5,2,5,10,15,6,31,2,29,0.1724137931034483,20,8,11,29,31,2,0.9354838709677419,2,0,0
2018-2019,2018020054,2018-10-12,CGY,CGY @ STL,L,AWAY,3,5,3,6,9,14,13,0,34,0.08823529411764706,15,5,2,27,32,5,0.84375,3,2,0
2018-2019,2018020056,2018-10-12,CHI,CHI @ MIN,L,AWAY,3,4,3,5,8,4,8,1,30,0.1,12,9,4,42,46,4,0.9130434782608695,3,0,0
2018-2019,2018020056,2018-10-12,MIN,MIN vs. CHI,W,HOME,4,3,4,8,12,8,18,0,46,0.08695652173913043,9,10,3,27,30,3,0.9,2,1,0
2018-2019,2018020055,2018-10-12,NSH,NSH vs. WPG,W,HOME,3,0,3,4,7,16,19,0,30,0.1,6,8,10,29,29,0,1.0,0,0,0
2018-2019,2018020054,2018-10-12,STL,STL vs. CGY,W,HOME,5,3,5,9,14,10,16,2,32,0.15625,11,9,2,31,34,3,0.9117647058823529,3,0,0
2018-2019,2018020055,2018-10-12,WPG,WPG @ NSH,L,AWAY,0,3,0,0,0,60,19,0,29,0.0,6,7,9,27,30,3,0.9,3,0,0
2018-2019,2018020061,2018-10-13,BOS,BOS vs. DET,W,HOME,8,2,8,12,20,14,21,1,39,0.20512820512820512,9,15,9,32,34,2,0.9411764705882353,0,1,0
2018-2019,2018020060,2018-10-13,CAR,CAR @ MIN,W,AWAY,5,4,5,10,15,14,12,1,57,0.08771929824561403,8,5,1,19,23,4,0.8260869565217391,2,2,0
2018-2019,2018020063,2018-10-13,CBJ,CBJ @ TBL,L,AWAY,2,8,2,2,4,16,20,0,32,0.0625,17,6,6,23,31,8,0.7419354838709677,4,4,0
2018-2019,2018020061,2018-10-13,DET,DET @ BOS,L,AWAY,2,8,2,4,6,14,21,1,34,0.058823529411764705,12,14,7,31,39,8,0.7948717948717948,7,1,0
2018-2019,2018020057,2018-10-13,EDM,EDM @ NYR,W,AWAY,2,1,2,4,6,4,31,1,27,0.07407407407407407,14,6,10,23,24,1,0.9583333333333334,1,0,0
2018-2019,2018020064,2018-10-13,FLA,FLA vs. VAN,L,HOME,2,3,2,4,6,8,18,0,26,0.07692307692307693,6,11,13,27,30,3,0.9,2,1,0
2018-2019,2018020059,2018-10-13,LAK,LAK @ OTT,L,AWAY,1,5,1,2,3,2,23,0,37,0.02702702702702703,9,14,14,17,22,5,0.7727272727272727,4,1,0
2018-2019,2018020060,2018-10-13,MIN,MIN vs. CAR,L,HOME,4,5,4,7,11,22,19,2,23,0.17391304347826086,18,7,11,52,57,5,0.9122807017543859,4,1,0
2018-2019,2018020062,2018-10-13,MTL,MTL vs. PIT,W,HOME,4,3,3,6,9,2,26,1,40,0.075,10,8,13,25,28,3,0.8928571428571429,2,1,0
2018-2019,2018020057,2018-10-13,NYR,NYR vs. EDM,L,HOME,1,2,1,2,3,8,23,0,24,0.041666666666666664,15,7,11,25,27,2,0.9259259259259259,1,1,0
2018-2019,2018020059,2018-10-13,OTT,OTT vs. LAK,W,HOME,5,1,5,10,15,10,19,1,22,0.22727272727272727,27,12,6,36,37,1,0.972972972972973,1,0,0
2018-2019,2018020058,2018-10-13,PHI,PHI vs. VGK,L,HOME,0,1,0,0,0,6,26,0,26,0.0,17,3,9,20,21,1,0.9523809523809523,1,0,0
2018-2019,2018020062,2018-10-13,PIT,PIT @ MTL,L,AWAY,3,4,3,6,9,10,32,1,28,0.10714285714285714,25,14,10,37,40,3,0.925,2,1,0
2018-2019,2018020063,2018-10-13,TBL,TBL vs. CBJ,W,HOME,8,2,8,13,21,12,22,4,31,0.25806451612903225,12,11,9,30,32,2,0.9375,2,0,0
2018-2019,2018020065,2018-10-13,TOR,TOR @ WSH,W,AWAY,4,2,4,8,12,6,14,1,28,0.14285714285714285,19,10,0,25,27,2,0.9259259259259259,1,1,0
2018-2019,2018020064,2018-10-13,VAN,VAN @ FLA,W,AWAY,3,2,3,4,7,10,15,1,30,0.1,23,12,13,24,26,2,0.9230769230769231,2,0,0
2018-2019,2018020058,2018-10-13,VGK,VGK @ PHI,W,AWAY,1,0,1,1,2,4,23,0,21,0.047619047619047616,17,7,8,26,26,0,1.0,0,0,0
2018-2019,2018020065,2018-10-13,WSH,WSH vs. TOR,L,HOME,2,4,2,4,6,6,28,1,27,0.07407407407407407,18,2,11,24,28,4,0.8571428571428571,3,1,0
2018-2019,2018020067,2018-10-14,ANA,ANA @ DAL,L,AWAY,3,5,3,6,9,4,16,1,25,0.12,24,6,12,46,50,4,0.92,2,2,0
2018-2019,2018020072,2018-10-14,ANA,ANA @ STL,W,AWAY,3,2,3,6,9,6,18,1,31,0.0967741935483871,18,7,1,29,31,2,0.9354838709677419,1,1,0
2018-2019,2018020069,2018-10-14,ARI,ARI vs. BUF,L,HOME,0,3,0,0,0,8,30,0,36,0.0,12,2,6,20,23,3,0.8695652173913043,2,1,0
2018-2019,2018020069,2018-10-14,BUF,BUF @ ARI,W,AWAY,3,0,3,5,8,8,26,1,23,0.13043478260869565,19,2,5,36,36,0,1.0,0,0,0
2018-2019,2018020073,2018-10-14,CAR,CAR @ WPG,L,AWAY,1,3,1,2,3,4,21,0,43,0.023255813953488372,12,7,12,23,25,2,0.92,1,1,0
2018-2019,2018020070,2018-10-14,CGY,CGY @ COL,W,AWAY,3,2,3,4,7,8,14,0,41,0.07317073170731707,9,9,3,24,26,2,0.9230769230769231,2,0,0
2018-2019,2018020068,2018-10-14,CHI,CHI vs. STL,W,HOME,4,3,4,6,10,8,18,1,50,0.08,14,7,8,35,38,3,0.9210526315789473,1,2,0
2018-2019,2018020070,2018-10-14,COL,COL vs. CGY,L,HOME,2,3,2,4,6,10,17,0,26,0.07692307692307693,19,3,4,38,41,3,0.926829268292683,3,0,0
2018-2019,2018020067,2018-10-14,DAL,DAL vs. ANA,W,HOME,5,3,5,9,14,4,14,2,51,0.09803921568627451,15,10,11,22,25,3,0.88,2,1,0
2018-2019,2018020071,2018-10-14,NJD,NJD vs. SJS,W,HOME,3,2,3,6,9,4,19,1,36,0.08333333333333333,12,14,8,37,39,2,0.9487179487179487,2,0,0
2018-2019,2018020066,2018-10-14,NSH,NSH vs. NYI,W,HOME,5,2,5,8,13,2,13,1,29,0.1724137931034483,11,9,9,20,22,2,0.9090909090909091,2,0,0
2018-2019,2018020066,2018-10-14,NYI,NYI @ NSH,L,AWAY,2,5,2,3,5,4,24,0,22,0.09090909090909091,11,8,7,24,28,4,0.8571428571428571,3,1,0
2018-2019,2018020071,2018-10-14,SJS,SJS @ NJD,L,AWAY,2,3,2,4,6,16,11,0,39,0.05128205128205128,13,17,2,33,36,3,0.9166666666666666,2,1,0
2018-2019,2018020072,2018-10-14,STL,STL vs. ANA,L,HOME,2,3,2,3,5,4,22,1,31,0.06451612903225806,12,10,4,28,31,3,0.9032258064516129,2,1,0
2018-2019,2018020068,2018-10-14,STL,STL @ CHI,L,AWAY,3,4,3,4,7,6,21,2,38,0.07894736842105263,20,6,3,46,50,4,0.92,3,1,0
2018-2019,2018020073,2018-10-14,WPG,WPG vs. CAR,W,HOME,3,1,3,4,7,4,22,1,26,0.11538461538461539,21,3,16,42,43,1,0.9767441860465116,1,0,0
2018-2019,2018020076,2018-10-15,DAL,DAL @ OTT,L,AWAY,1,4,1,2,3,4,19,1,38,0.02631578947368421,12,2,7,20,23,3,0.8695652173913043,3,0,0
2018-2019,2018020075,2018-10-15,DET,DET @ MTL,L,AWAY,3,7,3,5,8,17,39,1,28,0.10714285714285714,20,3,14,28,35,7,0.8,6,1,0
2018-2019,2018020074,2018-10-15,LAK,LAK @ TOR,L,AWAY,1,4,1,2,3,4,29,0,34,0.029411764705882353,21,4,11,21,25,4,0.84,3,1,0
2018-2019,2018020075,2018-10-15,MTL,MTL vs. DET,W,HOME,7,3,7,11,18,11,18,1,35,0.2,20,8,15,25,28,3,0.8928571428571429,2,1,0
2018-2019,2018020076,2018-10-15,OTT,OTT vs. DAL,W,HOME,4,1,4,5,9,8,25,0,24,0.16666666666666666,15,6,13,37,38,1,0.9736842105263158,0,1,0
2018-2019,2018020074,2018-10-15,TOR,TOR vs. LAK,W,HOME,4,1,4,7,11,6,26,1,25,0.16,21,8,18,33,34,1,0.9705882352941176,1,0,0
2018-2019,2018020082,2018-10-16,CAR,CAR @ TBL,L,AWAY,2,4,2,4,6,2,16,0,40,0.05,13,3,10,23,26,3,0.8846153846153846,1,1,0
2018-2019,2018020079,2018-10-16,COL,COL @ NYR,L,AWAY,2,3,2,4,6,17,23,1,33,0.06060606060606061,23,4,10,41,43,2,0.9534883720930233,1,1,0
2018-2019,2018020078,2018-10-16,DAL,DAL @ NJD,L,AWAY,0,3,0,0,0,19,13,0,24,0.0,7,5,1,31,34,3,0.9117647058823529,2,1,0
2018-2019,2018020080,2018-10-16,FLA,FLA @ PHI,L,AWAY,5,6,5,9,14,16,29,1,26,0.19230769230769232,14,7,16,21,26,5,0.8076923076923077,5,0,0
2018-2019,2018020077,2018-10-16,MIN,MIN @ NSH,L,AWAY,2,4,2,4,6,11,20,1,31,0.06451612903225806,17,8,4,24,27,3,0.8888888888888888,2,1,0
2018-2019,2018020078,2018-10-16,NJD,NJD vs. DAL,W,HOME,3,0,3,4,7,13,15,1,34,0.08823529411764706,7,11,8,24,24,0,1.0,0,0,0
2018-2019,2018020077,2018-10-16,NSH,NSH vs. MIN,W,HOME,4,2,4,5,9,13,9,1,28,0.14285714285714285,12,5,11,29,31,2,0.9354838709677419,1,1,0
2018-2019,2018020079,2018-10-16,NYR,NYR vs. COL,W,HOME,3,2,2,4,6,11,31,1,43,0.046511627906976744,17,14,16,31,33,2,0.9393939393939394,1,1,0
2018-2019,2018020080,2018-10-16,PHI,PHI vs. FLA,W,HOME,6,5,5,8,13,18,23,0,26,0.19230769230769232,13,4,11,21,26,5,0.8076923076923077,4,1,0
2018-2019,2018020081,2018-10-16,PIT,PIT vs. VAN,L,HOME,2,3,2,2,4,2,34,0,28,0.07142857142857142,12,4,5,23,26,3,0.8846153846153846,3,0,0
2018-2019,2018020082,2018-10-16,TBL,TBL vs. CAR,W,HOME,4,2,4,7,11,8,16,1,27,0.14814814814814814,20,10,9,38,40,2,0.95,2,0,0
2018-2019,2018020081,2018-10-16,VAN,VAN @ PIT,W,AWAY,3,2,3,5,8,4,33,0,26,0.11538461538461539,17,12,3,26,28,2,0.9285714285714286,2,0,0
2018-2019,2018020083,2018-10-17,ARI,ARI @ MIN,L,AWAY,1,2,1,2,3,6,12,1,32,0.03125,10,6,3,26,28,2,0.9285714285714286,2,0,0
2018-2019,2018020085,2018-10-17,BUF,BUF @ VGK,L,AWAY,1,4,1,2,3,4,28,0,27,0.037037037037037035,23,8,6,25,28,3,0.8928571428571429,1,1,0
2018-2019,2018020084,2018-10-17,EDM,EDM @ WPG,W,AWAY,5,4,5,9,14,4,12,2,35,0.14285714285714285,15,4,17,29,33,4,0.8787878787878788,3,1,0
2018-2019,2018020083,2018-10-17,MIN,MIN vs. ARI,W,HOME,2,1,2,3,5,8,15,0,28,0.07142857142857142,18,5,4,31,32,1,0.96875,0,1,0
2018-2019,2018020086,2018-10-17,MTL,MTL vs. STL,W,HOME,3,2,3,5,8,15,19,1,23,0.13043478260869565,19,6,13,23,25,2,0.92,0,2,0
2018-2019,2018020087,2018-10-17,NYR,NYR @ WSH,L,AWAY,3,4,3,6,9,8,14,2,32,0.09375,17,14,6,34,38,4,0.8947368421052632,2,2,0
2018-2019,2018020086,2018-10-17,STL,STL @ MTL,L,AWAY,2,3,2,4,6,13,21,2,25,0.08,23,4,17,20,23,3,0.8695652173913043,2,1,0
2018-2019,2018020085,2018-10-17,VGK,VGK vs. BUF,W,HOME,4,1,4,5,9,12,33,1,29,0.13793103448275862,18,17,9,26,27,1,0.9629629629629629,1,0,0
2018-2019,2018020084,2018-10-17,WPG,WPG vs. EDM,L,HOME,4,5,4,7,11,4,17,1,33,0.12121212121212122,12,9,13,30,35,5,0.8571428571428571,3,2,0
2018-2019,2018020087,2018-10-17,WSH,WSH vs. NYR,W,HOME,4,3,4,7,11,8,23,2,38,0.10526315789473684,10,12,4,29,32,3,0.90625,1,2,0
2018-2019,2018020089,2018-10-18,ANA,ANA vs. NYI,W,HOME,4,1,4,6,10,15,11,1,25,0.16,12,5,10,34,35,1,0.9714285714285714,1,0,0
2018-2019,2018020088,2018-10-18,BOS,BOS @ CGY,L,AWAY,2,5,2,3,5,8,16,0,26,0.07692307692307693,19,10,16,24,28,4,0.8571428571428571,4,0,0
2018-2019,2018020092,2018-10-18,CBJ,CBJ vs. PHI,W,HOME,6,3,6,7,13,4,19,0,28,0.21428571428571427,11,12,6,32,35,3,0.9142857142857143,3,0,0
2018-2019,2018020088,2018-10-18,CGY,CGY vs. BOS,W,HOME,5,2,5,8,13,8,16,0,29,0.1724137931034483,15,15,18,24,26,2,0.9230769230769231,2,0,0
2018-2019,2018020091,2018-10-18,COL,COL @ NJD,W,AWAY,5,3,5,10,15,15,16,1,34,0.14705882352941177,5,7,2,27,30,3,0.9,1,2,0
2018-2019,2018020093,2018-10-18,DET,DET @ TBL,L,AWAY,1,3,1,2,3,10,16,0,30,0.03333333333333333,19,7,4,28,30,2,0.9333333333333333,2,0,0
2018-2019,2018020091,2018-10-18,NJD,NJD vs. COL,L,HOME,3,5,3,6,9,19,19,2,30,0.1,11,11,11,29,33,4,0.8787878787878788,3,1,0
2018-2019,2018020089,2018-10-18,NYI,NYI @ ANA,L,AWAY,1,4,1,2,3,13,13,0,35,0.02857142857142857,11,4,9,21,24,3,0.875,2,1,0
2018-2019,2018020092,2018-10-18,PHI,PHI @ CBJ,L,AWAY,3,6,3,5,8,4,11,0,35,0.08571428571428572,7,4,7,22,28,6,0.7857142857142857,6,0,0
2018-2019,2018020090,2018-10-18,PIT,PIT @ TOR,W,AWAY,3,0,3,4,7,0,30,1,38,0.07894736842105263,22,9,13,38,38,0,1.0,0,0,0
2018-2019,2018020093,2018-10-18,TBL,TBL vs. DET,W,HOME,3,1,3,5,8,12,26,0,31,0.0967741935483871,15,12,4,29,30,1,0.9666666666666667,1,0,0
2018-2019,2018020090,2018-10-18,TOR,TOR vs. PIT,L,HOME,0,3,0,0,0,2,21,0,38,0.0,7,5,9,36,37,1,0.972972972972973,0,1,0
2018-2019,2018020095,2018-10-19,ARI,ARI @ CHI,W,AWAY,4,1,4,6,10,6,21,0,31,0.12903225806451613,27,8,5,33,34,1,0.9705882352941176,1,0,0
2018-2019,2018020096,2018-10-19,BOS,BOS @ EDM,L,AWAY,2,3,2,4,6,8,29,0,29,0.06896551724137931,14,9,14,19,22,3,0.8636363636363636,2,1,0
2018-2019,2018020098,2018-10-19,BUF,BUF @ SJS,L,AWAY,1,5,1,2,3,21,24,0,25,0.04,23,8,6,34,38,4,0.8947368421052632,1,3,0
2018-2019,2018020095,2018-10-19,CHI,CHI vs. ARI,L,HOME,1,4,1,2,3,2,11,0,34,0.029411764705882353,14,8,6,27,30,3,0.9,3,0,0
2018-2019,2018020096,2018-10-19,EDM,EDM vs. BOS,W,HOME,3,2,3,5,8,10,35,1,22,0.13636363636363635,17,13,17,27,29,2,0.9310344827586207,2,0,0
2018-2019,2018020099,2018-10-19,FLA,FLA @ WSH,W,AWAY,6,5,5,10,15,8,20,2,30,0.16666666666666666,20,11,11,26,31,5,0.8387096774193549,4,1,0
2018-2019,2018020097,2018-10-19,LAK,LAK vs. NYI,L,HOME,2,7,2,4,6,4,16,2,35,0.05714285714285714,10,1,13,25,32,7,0.78125,5,1,0
2018-2019,2018020097,2018-10-19,NYI,NYI @ LAK,W,AWAY,7,2,7,12,19,8,13,1,32,0.21875,14,0,8,33,35,2,0.9428571428571428,0,2,0
2018-2019,2018020098,2018-10-19,SJS,SJS vs. BUF,W,HOME,5,1,5,9,14,15,20,3,39,0.1282051282051282,17,5,4,24,25,1,0.96,1,0,0
2018-2019,2018020094,2018-10-19,VAN,VAN @ WPG,L,AWAY,1,4,1,1,2,26,16,0,27,0.037037037037037035,12,6,6,28,32,4,0.875,2,2,0
2018-2019,2018020094,2018-10-19,WPG,WPG vs. VAN,W,HOME,4,1,4,7,11,26,20,2,32,0.125,14,12,7,26,27,1,0.9629629629629629,1,0,0
2018-2019,2018020099,2018-10-19,WSH,WSH vs. FLA,L,HOME,5,6,5,10,15,14,28,1,31,0.16129032258064516,12,14,15,25,30,5,0.8333333333333334,3,2,0
2018-2019,2018020104,2018-10-20,ARI,ARI @ WPG,L,AWAY,3,5,3,5,8,8,14,0,45,0.06666666666666667,14,11,8,27,31,4,0.8709677419354839,3,1,0
2018-2019,2018020105,2018-10-20,BUF,BUF @ LAK,W,AWAY,5,1,5,10,15,15,9,0,26,0.19230769230769232,17,2,11,19,20,1,0.95,0,1,0
2018-2019,2018020103,2018-10-20,CAR,CAR vs. COL,L,HOME,1,3,1,2,3,15,34,0,43,0.023255813953488372,13,9,11,19,22,3,0.8636363636363636,2,1,0
2018-2019,2018020109,2018-10-20,CBJ,CBJ vs. CHI,L,HOME,1,4,1,2,3,6,12,0,38,0.02631578947368421,11,3,1,22,25,3,0.88,3,0,0
2018-2019,2018020101,2018-10-20,CGY,CGY vs. NSH,L,HOME,3,5,3,6,9,6,15,1,27,0.1111111111111111,10,10,21,26,30,4,0.8666666666666667,3,1,0
2018-2019,2018020109,2018-10-20,CHI,CHI @ CBJ,W,AWAY,4,1,4,7,11,8,4,0,26,0.15384615384615385,15,4,4,37,38,1,0.9736842105263158,1,0,0
2018-2019,2018020103,2018-10-20,COL,COL @ CAR,W,AWAY,3,1,3,5,8,17,30,1,22,0.13636363636363635,23,2,7,42,43,1,0.9767441860465116,1,0,0
2018-2019,2018020100,2018-10-20,DAL,DAL vs. MIN,L,HOME,1,3,1,2,3,4,16,0,34,0.029411764705882353,19,7,10,33,35,2,0.9428571428571428,2,0,0
2018-2019,2018020108,2018-10-20,DET,DET @ FLA,W,AWAY,4,3,4,7,11,8,15,2,31,0.12903225806451613,12,22,18,34,37,3,0.918918918918919,3,0,0
2018-2019,2018020108,2018-10-20,FLA,FLA vs. DET,L,HOME,3,4,3,5,8,6,17,0,37,0.08108108108108109,10,12,15,27,31,4,0.8709677419354839,2,2,0
2018-2019,2018020105,2018-10-20,LAK,LAK vs. BUF,L,HOME,1,5,1,2,3,11,20,1,20,0.05,10,2,10,21,25,4,0.84,4,0,0
2018-2019,2018020100,2018-10-20,MIN,MIN @ DAL,W,AWAY,3,1,3,5,8,6,16,0,36,0.08333333333333333,21,5,3,33,34,1,0.9705882352941176,1,0,0
2018-2019,2018020107,2018-10-20,MTL,MTL @ OTT,L,AWAY,3,4,3,6,9,8,27,1,27,0.1111111111111111,11,6,13,30,34,4,0.8823529411764706,3,1,0
2018-2019,2018020102,2018-10-20,NJD,NJD @ PHI,L,AWAY,2,5,2,4,6,12,28,2,21,0.09523809523809523,27,5,15,16,19,3,0.8421052631578947,2,1,0
2018-2019,2018020101,2018-10-20,NSH,NSH @ CGY,W,AWAY,5,3,5,7,12,4,12,1,31,0.16129032258064516,20,10,9,24,27,3,0.8888888888888888,2,1,0
2018-2019,2018020107,2018-10-20,OTT,OTT vs. MTL,W,HOME,4,3,4,6,10,6,33,1,34,0.11764705882352941,20,8,12,24,27,3,0.8888888888888888,2,1,0
2018-2019,2018020102,2018-10-20,PHI,PHI vs. NJD,W,HOME,5,2,5,9,14,8,18,1,21,0.23809523809523808,11,6,6,19,21,2,0.9047619047619048,0,2,0
2018-2019,2018020106,2018-10-20,STL,STL @ TOR,W,AWAY,4,1,4,6,10,8,33,0,25,0.16,23,7,7,22,23,1,0.9565217391304348,1,0,0
2018-2019,2018020106,2018-10-20,TOR,TOR vs. STL,L,HOME,1,4,1,2,3,8,22,0,23,0.043478260869565216,14,6,20,21,24,3,0.875,3,0,0
2018-2019,2018020104,2018-10-20,WPG,WPG vs. ARI,W,HOME,5,3,5,9,14,10,24,1,32,0.15625,15,9,7,42,45,3,0.9333333333333333,3,0,0
2018-2019,2018020113,2018-10-21,ANA,ANA @ VGK,L,AWAY,1,3,1,2,3,10,38,0,18,0.05555555555555555,22,14,7,42,44,2,0.9545454545454546,1,1,0
2018-2019,2018020112,2018-10-21,BOS,BOS @ VAN,L,AWAY,1,2,1,2,3,7,11,0,31,0.03225806451612903,9,4,4,20,22,2,0.9090909090909091,2,0,0
2018-2019,2018020115,2018-10-21,CGY,CGY @ NYR,W,AWAY,4,1,4,3,7,4,23,0,26,0.15384615384615385,20,8,6,44,45,1,0.9777777777777777,0,1,0
2018-2019,2018020116,2018-10-21,CHI,CHI vs. TBL,L,HOME,3,6,3,6,9,6,19,1,36,0.08333333333333333,13,4,9,49,54,5,0.9074074074074074,4,1,0
2018-2019,2018020111,2018-10-21,EDM,EDM vs. NSH,L,HOME,0,3,0,0,0,8,20,0,31,0.0,18,6,13,25,27,2,0.9259259259259259,1,0,0
2018-2019,2018020110,2018-10-21,MIN,MIN vs. TBL,W,HOME,5,4,5,7,12,12,24,0,34,0.14705882352941177,10,10,5,27,31,4,0.8709677419354839,3,1,0
2018-2019,2018020111,2018-10-21,NSH,NSH @ EDM,W,AWAY,3,0,3,4,7,8,10,0,28,0.10714285714285714,12,4,8,31,31,0,1.0,0,0,0
2018-2019,2018020114,2018-10-21,NYI,NYI @ SJS,L,AWAY,1,4,1,2,3,52,29,0,25,0.04,15,4,4,37,41,4,0.9024390243902439,4,0,0
2018-2019,2018020115,2018-10-21,NYR,NYR vs. CGY,L,HOME,1,4,1,2,3,6,31,1,45,0.022222222222222223,16,8,13,22,26,4,0.8461538461538461,4,0,0
2018-2019,2018020114,2018-10-21,SJS,SJS vs. NYI,W,HOME,4,1,4,7,11,30,16,0,41,0.0975609756097561,10,6,7,24,25,1,0.96,1,0,0
2018-2019,2018020116,2018-10-21,TBL,TBL @ CHI,W,AWAY,6,3,6,9,15,8,16,1,55,0.10909090909090909,18,5,4,33,36,3,0.9166666666666666,2,1,0
2018-2019,2018020110,2018-10-21,TBL,TBL @ MIN,L,AWAY,4,5,4,8,12,6,7,1,31,0.12903225806451613,14,6,2,29,34,5,0.8529411764705882,5,0,0
2018-2019,2018020112,2018-10-21,VAN,VAN vs. BOS,W,HOME,2,1,2,3,5,9,26,0,22,0.09090909090909091,14,15,8,30,31,1,0.967741935483871,1,0,0
2018-2019,2018020113,2018-10-21,VGK,VGK vs. ANA,W,HOME,3,1,3,5,8,2,31,1,45,0.06666666666666667,21,10,8,17,18,1,0.9444444444444444,1,0,0
2018-2019,2018020117,2018-10-22,ANA,ANA vs. BUF,L,HOME,2,4,2,4,6,13,12,0,28,0.07142857142857142,11,4,11,41,44,3,0.9318181818181818,1,2,0
2018-2019,2018020117,2018-10-22,BUF,BUF @ ANA,W,AWAY,4,2,4,8,12,9,15,2,45,0.08888888888888889,7,5,8,26,28,2,0.9285714285714286,2,0,0
2018-2019,2018020119,2018-10-22,CAR,CAR @ DET,W,AWAY,3,1,3,4,7,8,15,2,39,0.07692307692307693,12,3,5,20,21,1,0.9523809523809523,1,0,0
2018-2019,2018020118,2018-10-22,COL,COL @ PHI,W,AWAY,4,1,4,4,8,6,18,1,33,0.12121212121212122,22,8,11,37,38,1,0.9736842105263158,1,0,0
2018-2019,2018020119,2018-10-22,DET,DET vs. CAR,L,HOME,1,3,1,2,3,6,18,0,21,0.047619047619047616,18,3,23,36,38,2,0.9473684210526315,0,2,0
2018-2019,2018020118,2018-10-22,PHI,PHI vs. COL,L,HOME,1,4,1,2,3,4,25,0,38,0.02631578947368421,10,11,9,29,32,3,0.90625,2,1,0
2018-2019,2018020123,2018-10-23,ARI,ARI @ CBJ,W,AWAY,4,1,4,6,10,10,12,1,26,0.15384615384615385,12,5,4,35,36,1,0.9722222222222222,1,0,0
2018-2019,2018020125,2018-10-23,BOS,BOS @ OTT,W,AWAY,4,1,4,8,12,15,24,2,32,0.125,22,5,3,38,39,1,0.9743589743589743,0,1,0
2018-2019,2018020123,2018-10-23,CBJ,CBJ vs. ARI,L,HOME,1,4,1,2,3,10,15,0,36,0.027777777777777776,13,7,13,22,26,4,0.8461538461538461,3,1,0
2018-2019,2018020124,2018-10-23,CGY,CGY @ MTL,L,AWAY,2,3,2,4,6,10,23,0,23,0.08695652173913043,14,9,10,37,40,3,0.925,1,2,0
2018-2019,2018020122,2018-10-23,FLA,FLA @ NYR,L,AWAY,2,5,2,4,6,17,28,1,38,0.05263157894736842,17,10,11,17,21,4,0.8095238095238095,1,2,0
2018-2019,2018020124,2018-10-23,MTL,MTL vs. CGY,W,HOME,3,2,3,5,8,10,35,2,40,0.075,20,10,13,21,23,2,0.9130434782608695,2,0,0
2018-2019,2018020122,2018-10-23,NYR,NYR vs. FLA,W,HOME,5,2,5,8,13,21,28,2,22,0.22727272727272727,18,9,14,36,38,2,0.9473684210526315,1,1,0
2018-2019,2018020125,2018-10-23,OTT,OTT vs. BOS,L,HOME,1,4,1,2,3,7,21,1,39,0.02564102564102564,15,2,10,28,32,4,0.875,2,2,0
2018-2019,2018020120,2018-10-23,STL,STL @ WPG,L,AWAY,4,5,4,6,10,12,21,1,34,0.11764705882352941,15,5,12,31,36,5,0.8611111111111112,4,1,0
2018-2019,2018020121,2018-10-23,VAN,VAN vs. WSH,L,HOME,2,5,2,2,4,12,21,1,24,0.08333333333333333,10,6,6,28,32,4,0.875,2,2,0
2018-2019,2018020120,2018-10-23,WPG,WPG vs. STL,W,HOME,5,4,5,6,11,21,25,1,36,0.1388888888888889,10,2,12,30,34,4,0.8823529411764706,3,1,0
2018-2019,2018020121,2018-10-23,WSH,WSH @ VAN,W,AWAY,5,2,5,10,15,8,19,2,33,0.15151515151515152,5,5,4,22,24,2,0.9166666666666666,1,1,0
2018-2019,2018020127,2018-10-24,ANA,ANA @ CHI,L,AWAY,1,3,1,0,1,10,27,0,25,0.04,17,7,5,35,37,2,0.9459459459459459,1,1,0
2018-2019,2018020127,2018-10-24,CHI,CHI vs. ANA,W,HOME,3,1,3,4,7,10,21,1,38,0.07894736842105263,20,10,8,24,25,1,0.96,1,0,0
2018-2019,2018020128,2018-10-24,DAL,DAL vs. LAK,W,HOME,4,2,4,7,11,6,22,1,23,0.17391304347826086,19,4,7,31,33,2,0.9393939393939394,2,0,0
2018-2019,2018020129,2018-10-24,EDM,EDM vs. PIT,L,HOME,5,6,5,9,14,11,28,2,46,0.10869565217391304,23,12,17,25,31,6,0.8064516129032258,5,1,0
2018-2019,2018020130,2018-10-24,FLA,FLA @ NYI,W,AWAY,3,2,3,6,9,8,23,2,41,0.07317073170731707,12,2,10,20,22,2,0.9090909090909091,1,1,0
2018-2019,2018020128,2018-10-24,LAK,LAK @ DAL,L,AWAY,2,4,2,2,4,6,18,0,33,0.06060606060606061,9,4,10,19,23,4,0.8260869565217391,3,1,0
2018-2019,2018020126,2018-10-24,NSH,NSH vs. SJS,L,HOME,4,5,4,5,9,8,12,0,29,0.13793103448275862,18,10,8,27,32,5,0.84375,2,2,0
2018-2019,2018020130,2018-10-24,NYI,NYI vs. FLA,L,HOME,2,3,2,3,5,12,20,1,22,0.09090909090909091,13,3,9,38,41,3,0.926829268292683,1,2,0
2018-2019,2018020129,2018-10-24,PIT,PIT @ EDM,W,AWAY,6,5,6,11,17,13,30,1,31,0.1935483870967742,7,8,15,41,46,5,0.8913043478260869,3,2,0
2018-2019,2018020126,2018-10-24,SJS,SJS @ NSH,W,AWAY,5,4,5,10,15,6,20,2,32,0.15625,17,5,7,25,29,4,0.8620689655172413,4,0,0
2018-2019,2018020131,2018-10-24,TOR,TOR @ WPG,W,AWAY,4,2,4,5,9,6,8,0,39,0.10256410256410256,16,9,5,38,40,2,0.95,1,1,0
2018-2019,2018020131,2018-10-24,WPG,WPG vs. TOR,L,HOME,2,4,2,4,6,2,21,1,40,0.05,16,5,9,35,39,4,0.8974358974358975,4,0,0
2018-2019,2018020134,2018-10-25,BOS,BOS vs. PHI,W,HOME,3,0,3,3,6,12,16,2,25,0.12,13,15,7,26,26,0,1.0,0,0,0
2018-2019,2018020135,2018-10-25,BUF,BUF vs. MTL,W,HOME,4,3,4,8,12,4,16,2,42,0.09523809523809523,13,6,5,19,22,3,0.8636363636363636,3,0,0
2018-2019,2018020132,2018-10-25,COL,COL vs. TBL,L,HOME,0,1,0,0,0,11,13,0,22,0.0,18,8,4,23,24,1,0.9583333333333334,0,1,0
2018-2019,2018020135,2018-10-25,MTL,MTL @ BUF,L,AWAY,3,4,3,4,7,6,14,0,22,0.13636363636363635,9,2,4,38,42,4,0.9047619047619048,2,2,0
2018-2019,2018020136,2018-10-25,NJD,NJD vs. NSH,L,HOME,3,4,3,6,9,8,16,1,36,0.08333333333333333,13,17,9,32,36,4,0.8888888888888888,3,1,0
2018-2019,2018020136,2018-10-25,NSH,NSH @ NJD,W,AWAY,4,3,4,7,11,6,15,1,36,0.1111111111111111,11,6,4,33,36,3,0.9166666666666666,2,1,0
2018-2019,2018020134,2018-10-25,PHI,PHI @ BOS,L,AWAY,0,3,0,0,0,24,17,0,26,0.0,14,13,9,22,24,2,0.9166666666666666,1,1,0
2018-2019,2018020132,2018-10-25,TBL,TBL @ COL,W,AWAY,1,0,1,1,2,13,19,1,24,0.041666666666666664,8,5,1,22,22,0,1.0,0,0,0
2018-2019,2018020133,2018-10-25,VAN,VAN @ VGK,W,AWAY,3,2,2,4,6,8,39,0,26,0.07692307692307693,20,21,7,33,35,2,0.9428571428571428,2,0,0
2018-2019,2018020133,2018-10-25,VGK,VGK vs. VAN,L,HOME,2,3,2,3,5,4,31,0,35,0.05714285714285714,13,19,17,24,26,2,0.9230769230769231,2,0,0
2018-2019,2018020140,2018-10-26,ANA,ANA @ DAL,L,AWAY,2,5,2,2,4,17,27,0,25,0.08,20,4,7,36,41,5,0.8780487804878049,5,0,0
2018-2019,2018020143,2018-10-26,ARI,ARI vs. VAN,W,HOME,4,1,4,5,9,18,17,0,30,0.13333333333333333,8,3,10,27,28,1,0.9642857142857143,1,0,0
2018-2019,2018020146,2018-10-26,CAR,CAR vs. SJS,W,HOME,4,3,3,3,6,6,30,0,41,0.07317073170731707,12,31,13,20,23,3,0.8695652173913043,1,2,0
2018-2019,2018020137,2018-10-26,CBJ,CBJ @ STL,W,AWAY,7,4,7,14,21,10,14,2,32,0.21875,11,7,5,33,37,4,0.8918918918918919,3,1,0
2018-2019,2018020141,2018-10-26,CGY,CGY vs. PIT,L,HOME,1,9,1,2,3,4,16,0,39,0.02564102564102564,13,9,7,27,36,9,0.75,7,2,0
2018-2019,2018020139,2018-10-26,CHI,CHI vs. NYR,W,HOME,4,1,4,7,11,9,9,0,37,0.10810810810810811,11,6,7,18,19,1,0.9473684210526315,1,0,0
2018-2019,2018020140,2018-10-26,DAL,DAL vs. ANA,W,HOME,5,2,5,7,12,15,13,0,41,0.12195121951219512,17,8,13,23,25,2,0.92,2,0,0
2018-2019,2018020145,2018-10-26,DET,DET vs. WPG,L,HOME,1,2,1,2,3,10,19,1,28,0.03571428571428571,16,5,21,38,40,2,0.95,1,1,0
2018-2019,2018020142,2018-10-26,EDM,EDM vs. WSH,W,HOME,4,1,4,5,9,2,16,1,32,0.125,25,10,15,31,32,1,0.96875,1,0,0
2018-2019,2018020138,2018-10-26,LAK,LAK @ MIN,L,AWAY,1,4,1,0,1,13,22,0,24,0.041666666666666664,13,5,1,22,24,2,0.9166666666666666,2,0,0
2018-2019,2018020138,2018-10-26,MIN,MIN vs. LAK,W,HOME,4,1,4,6,10,15,22,0,26,0.15384615384615385,15,9,5,23,24,1,0.9583333333333334,1,0,0
2018-2019,2018020139,2018-10-26,NYR,NYR @ CHI,L,AWAY,1,4,1,2,3,11,20,0,19,0.05263157894736842,19,1,2,33,36,3,0.9166666666666666,3,0,0
2018-2019,2018020141,2018-10-26,PIT,PIT @ CGY,W,AWAY,9,1,9,16,25,6,11,2,36,0.25,23,9,11,38,39,1,0.9743589743589743,1,0,0
2018-2019,2018020146,2018-10-26,SJS,SJS @ CAR,L,AWAY,3,4,3,6,9,4,22,2,23,0.13043478260869565,16,18,10,38,41,3,0.926829268292683,3,0,0
2018-2019,2018020137,2018-10-26,STL,STL vs. CBJ,L,HOME,4,7,4,6,10,10,17,1,37,0.10810810810810811,12,5,4,25,32,7,0.78125,5,2,0
2018-2019,2018020144,2018-10-26,TBL,TBL @ VGK,W,AWAY,3,2,3,4,7,8,41,1,23,0.13043478260869565,27,8,6,29,31,2,0.9354838709677419,1,1,0
2018-2019,2018020143,2018-10-26,VAN,VAN @ ARI,L,AWAY,1,4,1,2,3,18,22,0,28,0.03571428571428571,8,7,12,26,29,3,0.896551724137931,2,0,0
2018-2019,2018020144,2018-10-26,VGK,VGK vs. TBL,L,HOME,2,3,2,2,4,2,41,1,31,0.06451612903225806,15,13,10,20,23,3,0.8695652173913043,2,1,0
2018-2019,2018020145,2018-10-26,WPG,WPG @ DET,W,AWAY,2,1,2,4,6,6,23,1,40,0.05,14,3,9,27,28,1,0.9642857142857143,0,1,0
2018-2019,2018020142,2018-10-26,WSH,WSH @ EDM,L,AWAY,1,4,1,2,3,4,28,0,32,0.03125,12,7,13,28,31,3,0.9032258064516129,1,1,0
2018-2019,2018020152,2018-10-27,BOS,BOS vs. MTL,L,HOME,0,3,0,0,0,6,20,0,33,0.0,8,11,6,20,22,2,0.9090909090909091,2,0,0
2018-2019,2018020154,2018-10-27,BUF,BUF @ CBJ,L,AWAY,4,5,4,8,12,6,8,1,38,0.10526315789473684,15,4,7,32,37,5,0.8648648648648649,5,0,0
2018-2019,2018020154,2018-10-27,CBJ,CBJ vs. BUF,W,HOME,5,4,5,8,13,8,12,0,37,0.13513513513513514,16,8,5,34,38,4,0.8947368421052632,3,1,0
2018-2019,2018020151,2018-10-27,CGY,CGY vs. WSH,L,HOME,3,4,3,6,9,4,22,1,30,0.1,13,9,11,24,27,3,0.8888888888888888,2,1,0
2018-2019,2018020147,2018-10-27,COL,COL vs. OTT,W,HOME,6,3,6,12,18,2,26,2,37,0.16216216216216217,11,3,11,21,24,3,0.875,3,0,0
2018-2019,2018020150,2018-10-27,EDM,EDM @ NSH,W,AWAY,5,3,5,7,12,12,12,1,35,0.14285714285714285,20,7,9,24,27,3,0.8888888888888888,1,2,0
2018-2019,2018020148,2018-10-27,FLA,FLA @ NJD,L,AWAY,2,3,2,3,5,12,20,0,37,0.05405405405405406,8,1,3,23,26,3,0.8846153846153846,3,0,0
2018-2019,2018020152,2018-10-27,MTL,MTL @ BOS,W,AWAY,3,0,3,5,8,8,28,0,23,0.13043478260869565,12,16,14,33,33,0,1.0,0,0,0
2018-2019,2018020148,2018-10-27,NJD,NJD vs. FLA,W,HOME,3,2,3,6,9,12,15,0,26,0.11538461538461539,30,6,12,35,37,2,0.9459459459459459,2,0,0
2018-2019,2018020150,2018-10-27,NSH,NSH vs. EDM,L,HOME,3,5,3,6,9,12,13,2,27,0.1111111111111111,10,9,15,30,34,4,0.8823529411764706,3,1,0
2018-2019,2018020149,2018-10-27,NYI,NYI @ PHI,W,AWAY,6,1,6,10,16,6,27,1,22,0.2727272727272727,20,2,8,22,23,1,0.9565217391304348,1,0,0
2018-2019,2018020147,2018-10-27,OTT,OTT @ COL,L,AWAY,3,6,3,5,8,6,17,0,24,0.125,19,3,2,31,37,6,0.8378378378378378,4,2,0
2018-2019,2018020149,2018-10-27,PHI,PHI vs. NYI,L,HOME,1,6,1,0,1,6,31,0,23,0.043478260869565216,15,4,3,16,22,6,0.7272727272727273,5,1,0
2018-2019,2018020153,2018-10-27,TOR,TOR vs. WPG,W,HOME,3,2,3,5,8,4,20,0,31,0.0967741935483871,8,13,17,22,24,2,0.9166666666666666,1,1,0
2018-2019,2018020153,2018-10-27,WPG,WPG @ TOR,L,AWAY,2,3,2,2,4,8,27,1,24,0.08333333333333333,16,16,11,28,31,3,0.9032258064516129,3,0,0
2018-2019,2018020151,2018-10-27,WSH,WSH @ CGY,W,AWAY,4,3,3,5,8,8,21,1,27,0.1111111111111111,13,16,15,27,30,3,0.9,2,1,0
2018-2019,2018020157,2018-10-28,ARI,ARI vs. TBL,W,HOME,7,1,7,8,15,8,14,0,30,0.23333333333333334,13,11,9,30,31,1,0.967741935483871,0,1,0
2018-2019,2018020161,2018-10-28,CAR,CAR vs. NYI,L,HOME,1,2,1,2,3,8,36,0,39,0.02564102564102564,12,13,7,18,20,2,0.9,1,1,0
2018-2019,2018020155,2018-10-28,CHI,CHI @ STL,L,AWAY,3,7,3,5,8,15,12,0,24,0.125,7,8,9,30,36,6,0.8333333333333334,4,2,0
2018-2019,2018020162,2018-10-28,CHI,CHI vs. EDM,L,HOME,1,2,1,2,3,4,16,1,32,0.03125,16,11,4,24,26,2,0.9230769230769231,2,0,0
2018-2019,2018020156,2018-10-28,COL,COL @ MIN,L,AWAY,2,3,2,3,5,8,22,0,32,0.0625,15,4,0,25,27,2,0.9259259259259259,1,1,0
2018-2019,2018020160,2018-10-28,DAL,DAL @ DET,L,AWAY,2,4,2,4,6,4,19,0,30,0.06666666666666667,10,3,10,19,22,3,0.8636363636363636,3,0,0
2018-2019,2018020160,2018-10-28,DET,DET vs. DAL,W,HOME,4,2,4,8,12,2,26,0,22,0.18181818181818182,8,5,17,28,30,2,0.9333333333333333,2,0,0
2018-2019,2018020162,2018-10-28,EDM,EDM @ CHI,W,AWAY,2,1,2,3,5,10,23,0,26,0.07692307692307693,12,4,0,31,32,1,0.96875,0,1,0
2018-2019,2018020159,2018-10-28,LAK,LAK vs. NYR,W,HOME,4,3,4,6,10,11,24,2,40,0.1,14,2,15,22,25,3,0.88,3,0,0
2018-2019,2018020156,2018-10-28,MIN,MIN vs. COL,W,HOME,3,2,3,6,9,10,14,1,28,0.10714285714285714,18,8,2,30,32,2,0.9375,2,0,0
2018-2019,2018020161,2018-10-28,NYI,NYI @ CAR,W,AWAY,2,1,2,4,6,6,31,1,20,0.1,20,15,4,38,39,1,0.9743589743589743,1,0,0
2018-2019,2018020159,2018-10-28,NYR,NYR @ LAK,L,AWAY,3,4,3,5,8,11,20,0,25,0.12,19,3,8,36,40,4,0.9,2,2,0
2018-2019,2018020158,2018-10-28,PIT,PIT @ VAN,W,AWAY,5,0,5,9,14,6,26,0,35,0.14285714285714285,10,7,1,29,29,0,1.0,0,0,0
2018-2019,2018020155,2018-10-28,STL,STL vs. CHI,W,HOME,7,3,7,14,21,7,15,2,37,0.1891891891891892,19,8,3,21,24,3,0.875,3,0,0
2018-2019,2018020157,2018-10-28,TBL,TBL @ ARI,L,AWAY,1,7,1,2,3,8,23,1,31,0.03225806451612903,10,3,11,23,30,7,0.7666666666666667,5,0,0
2018-2019,2018020158,2018-10-28,VAN,VAN vs. PIT,L,HOME,0,5,0,0,0,8,24,0,29,0.0,8,4,9,30,35,5,0.8571428571428571,5,0,0
2018-2019,2018020164,2018-10-29,ANA,ANA vs. SJS,L,HOME,3,4,3,4,7,6,26,0,30,0.1,16,5,11,45,49,4,0.9183673469387755,4,0,0
2018-2019,2018020165,2018-10-29,CGY,CGY @ TOR,W,AWAY,3,1,3,4,7,8,22,1,34,0.08823529411764706,13,13,13,24,25,1,0.96,0,1,0
2018-2019,2018020163,2018-10-29,OTT,OTT @ VGK,L,AWAY,3,4,3,6,9,28,19,1,22,0.13636363636363635,29,15,12,49,53,4,0.9245283018867925,3,1,0
2018-2019,2018020164,2018-10-29,SJS,SJS @ ANA,W,AWAY,4,3,4,7,11,4,16,0,49,0.08163265306122448,10,4,7,27,30,3,0.9,3,0,0
2018-2019,2018020165,2018-10-29,TOR,TOR vs. CGY,L,HOME,1,3,1,2,3,8,31,1,25,0.04,10,18,25,31,33,2,0.9393939393939394,1,1,0
2018-2019,2018020163,2018-10-29,VGK,VGK vs. OTT,W,HOME,4,3,4,4,8,21,36,1,53,0.07547169811320754,10,20,6,19,22,3,0.8636363636363636,2,1,0
2018-2019,2018020169,2018-10-30,BOS,BOS @ CAR,W,AWAY,3,2,3,4,7,8,23,2,31,0.0967741935483871,12,12,12,42,44,2,0.9545454545454546,0,2,0
2018-2019,2018020167,2018-10-30,BUF,BUF vs. CGY,L,HOME,1,2,1,1,2,10,24,0,29,0.034482758620689655,13,3,8,36,38,2,0.9473684210526315,2,0,0
2018-2019,2018020169,2018-10-30,CAR,CAR vs. BOS,L,HOME,2,3,2,3,5,8,28,2,44,0.045454545454545456,17,12,15,28,31,3,0.9032258064516129,1,2,0
2018-2019,2018020170,2018-10-30,CBJ,CBJ vs. DET,L,HOME,3,5,3,3,6,4,19,0,37,0.08108108108108109,8,4,17,27,31,4,0.8709677419354839,2,1,0
2018-2019,2018020167,2018-10-30,CGY,CGY @ BUF,W,AWAY,2,1,2,4,6,4,11,0,38,0.05263157894736842,11,2,11,28,29,1,0.9655172413793104,1,0,0
2018-2019,2018020171,2018-10-30,DAL,DAL @ MTL,W,AWAY,4,1,4,5,9,10,28,1,22,0.18181818181818182,15,5,13,34,35,1,0.9714285714285714,1,0,0
2018-2019,2018020170,2018-10-30,DET,DET @ CBJ,W,AWAY,5,3,5,7,12,10,13,1,32,0.15625,18,6,7,34,37,3,0.918918918918919,3,0,0
2018-2019,2018020166,2018-10-30,MIN,MIN @ VAN,L,AWAY,2,5,2,4,6,10,21,1,39,0.05128205128205128,14,2,5,26,30,4,0.8666666666666667,3,1,0
2018-2019,2018020171,2018-10-30,MTL,MTL vs. DAL,L,HOME,1,4,1,1,2,14,43,0,35,0.02857142857142857,9,9,8,18,21,3,0.8571428571428571,1,1,0
2018-2019,2018020172,2018-10-30,NJD,NJD @ TBL,L,AWAY,3,8,3,5,8,11,30,1,30,0.1,14,7,5,36,44,8,0.8181818181818182,6,2,0
2018-2019,2018020168,2018-10-30,NYI,NYI @ PIT,W,AWAY,6,3,6,12,18,6,27,1,25,0.24,20,6,2,35,38,3,0.9210526315789473,3,0,0
2018-2019,2018020168,2018-10-30,PIT,PIT vs. NYI,L,HOME,3,6,3,5,8,6,33,0,38,0.07894736842105263,10,7,10,19,25,6,0.76,5,1,0
2018-2019,2018020172,2018-10-30,TBL,TBL vs. NJD,W,HOME,8,3,8,16,24,11,33,2,44,0.18181818181818182,13,8,9,27,30,3,0.9,2,1,0
2018-2019,2018020166,2018-10-30,VAN,VAN vs. MIN,W,HOME,5,2,5,6,11,12,17,1,31,0.16129032258064516,15,5,5,37,39,2,0.9487179487179487,1,1,0
2018-2019,2018020176,2018-10-31,ANA,ANA vs. PHI,L,HOME,2,3,2,4,6,8,17,1,25,0.08,16,4,9,33,36,3,0.9166666666666666,2,1,0
2018-2019,2018020175,2018-10-31,ARI,ARI vs. OTT,W,HOME,5,1,5,5,10,10,16,1,35,0.14285714285714285,12,16,4,25,26,1,0.9615384615384616,1,0,0
2018-2019,2018020174,2018-10-31,EDM,EDM vs. MIN,L,HOME,3,4,3,5,8,6,30,0,37,0.08108108108108109,16,12,15,24,28,4,0.8571428571428571,1,3,0
2018-2019,2018020174,2018-10-31,MIN,MIN @ EDM,W,AWAY,4,3,4,8,12,10,20,3,28,0.14285714285714285,18,13,11,34,37,3,0.918918918918919,3,0,0
2018-2019,2018020173,2018-10-31,NSH,NSH vs. VGK,W,HOME,4,1,4,7,11,6,16,0,28,0.14285714285714285,12,7,10,23,24,1,0.9583333333333334,0,1,0
2018-2019,2018020177,2018-10-31,NYR,NYR @ SJS,W,AWAY,4,3,3,5,8,4,28,0,37,0.08108108108108109,16,4,7,31,34,3,0.9117647058823529,3,0,0
2018-2019,2018020175,2018-10-31,OTT,OTT @ ARI,L,AWAY,1,5,1,2,3,6,14,0,26,0.038461538461538464,14,3,6,30,35,5,0.8571428571428571,3,1,0
2018-2019,2018020176,2018-10-31,PHI,PHI @ ANA,W,AWAY,3,2,3,6,9,6,25,1,36,0.08333333333333333,25,4,9,23,25,2,0.92,1,1,0
2018-2019,2018020177,2018-10-31,SJS,SJS vs. NYR,L,HOME,3,4,3,5,8,6,14,0,34,0.08823529411764706,15,4,5,34,37,3,0.918918918918919,3,0,0
2018-2019,2018020173,2018-10-31,VGK,VGK @ NSH,L,AWAY,1,4,1,2,3,8,12,1,24,0.041666666666666664,10,9,9,25,28,3,0.8928571428571429,3,0,0
2018-2019,2018020183,2018-11-01,BUF,BUF @ OTT,L,AWAY,2,4,2,4,6,10,18,1,48,0.041666666666666664,15,2,5,28,31,3,0.9032258064516129,1,2,0
2018-2019,2018020178,2018-11-01,CHI,CHI @ VAN,L,AWAY,2,4,2,4,6,6,12,1,26,0.07692307692307693,14,3,6,24,28,4,0.8571428571428571,4,0,0
2018-2019,2018020179,2018-11-01,DAL,DAL @ TOR,W,AWAY,2,1,2,4,6,10,34,0,19,0.10526315789473684,13,9,7,31,32,1,0.96875,0,1,0
2018-2019,2018020184,2018-11-01,DET,DET vs. NJD,W,HOME,4,3,4,6,10,15,25,2,31,0.12903225806451613,11,4,12,25,28,3,0.8928571428571429,1,2,0
2018-2019,2018020180,2018-11-01,FLA,FLA vs. WPG,L,HOME,2,4,2,4,6,12,10,1,38,0.05263157894736842,13,7,11,32,35,3,0.9142857142857143,1,2,0
2018-2019,2018020182,2018-11-01,MTL,MTL vs. WSH,W,HOME,6,4,6,8,14,4,32,0,44,0.13636363636363635,18,7,7,27,31,4,0.8709677419354839,4,0,0
2018-2019,2018020184,2018-11-01,NJD,NJD @ DET,L,AWAY,3,4,3,6,9,13,20,2,28,0.10714285714285714,17,1,11,27,30,3,0.9,0,2,0
2018-2019,2018020185,2018-11-01,NSH,NSH @ TBL,W,AWAY,4,1,4,7,11,4,16,0,24,0.16666666666666666,13,8,4,42,43,1,0.9767441860465116,1,0,0
2018-2019,2018020181,2018-11-01,NYI,NYI vs. PIT,W,HOME,3,2,2,3,5,10,27,0,26,0.07692307692307693,11,2,11,29,31,2,0.9354838709677419,0,2,0
2018-2019,2018020183,2018-11-01,OTT,OTT vs. BUF,W,HOME,4,2,4,8,12,8,20,2,32,0.125,14,9,12,46,48,2,0.9583333333333334,1,1,0
2018-2019,2018020181,2018-11-01,PIT,PIT @ NYI,L,AWAY,2,3,2,4,6,6,27,2,31,0.06451612903225806,12,2,13,24,26,2,0.9230769230769231,1,0,0
2018-2019,2018020185,2018-11-01,TBL,TBL vs. NSH,L,HOME,1,4,1,2,3,2,29,0,43,0.023255813953488372,9,9,3,20,23,3,0.8695652173913043,3,0,0
2018-2019,2018020179,2018-11-01,TOR,TOR vs. DAL,L,HOME,1,2,1,2,3,4,18,1,32,0.03125,9,9,15,17,19,2,0.8947368421052632,2,0,0
2018-2019,2018020178,2018-11-01,VAN,VAN vs. CHI,W,HOME,4,2,4,4,8,4,28,0,28,0.14285714285714285,13,5,9,24,26,2,0.9230769230769231,1,1,0
2018-2019,2018020180,2018-11-01,WPG,WPG @ FLA,W,AWAY,4,2,4,8,12,12,17,2,36,0.1111111111111111,26,10,10,36,38,2,0.9473684210526315,1,1,0
2018-2019,2018020182,2018-11-01,WSH,WSH @ MTL,L,AWAY,4,6,4,7,11,6,25,0,31,0.12903225806451613,22,13,11,38,43,5,0.8837209302325582,5,0,0
2018-2019,2018020189,2018-11-02,ANA,ANA vs. NYR,L,HOME,2,3,2,4,6,6,18,1,30,0.06666666666666667,16,6,14,22,24,2,0.9166666666666666,1,1,0
2018-2019,2018020191,2018-11-02,CBJ,CBJ @ SJS,W,AWAY,4,1,4,5,9,8,27,0,27,0.14814814814814814,30,4,0,44,45,1,0.9777777777777777,1,0,0
2018-2019,2018020187,2018-11-02,CGY,CGY vs. COL,W,HOME,6,5,6,12,18,21,12,1,37,0.16216216216216217,5,12,15,21,26,5,0.8076923076923077,3,1,0
2018-2019,2018020188,2018-11-02,CHI,CHI @ EDM,L,AWAY,0,4,0,0,0,21,21,0,40,0.0,14,7,8,25,29,4,0.8620689655172413,2,1,0
2018-2019,2018020187,2018-11-02,COL,COL @ CGY,L,AWAY,5,6,5,7,12,24,32,1,26,0.19230769230769232,15,10,16,31,37,6,0.8378378378378378,5,1,0
2018-2019,2018020188,2018-11-02,EDM,EDM vs. CHI,W,HOME,4,0,4,7,11,18,26,1,29,0.13793103448275862,13,19,23,40,40,0,1.0,0,0,0
2018-2019,2018020192,2018-11-02,FLA,FLA @ WPG,W,AWAY,4,2,4,7,11,19,18,3,26,0.15384615384615385,21,4,11,32,34,2,0.9411764705882353,1,1,0
2018-2019,2018020190,2018-11-02,LAK,LAK vs. PHI,L,HOME,2,5,2,4,6,2,27,1,27,0.07407407407407407,8,3,11,26,30,4,0.8666666666666667,4,0,0
2018-2019,2018020189,2018-11-02,NYR,NYR @ ANA,W,AWAY,3,2,2,4,6,6,14,1,24,0.08333333333333333,13,3,13,28,30,2,0.9333333333333333,1,1,0
2018-2019,2018020190,2018-11-02,PHI,PHI @ LAK,W,AWAY,5,2,5,7,12,10,18,0,31,0.16129032258064516,11,1,6,25,27,2,0.9259259259259259,1,1,0
2018-2019,2018020191,2018-11-02,SJS,SJS vs. CBJ,L,HOME,1,4,1,2,3,4,18,0,45,0.022222222222222223,4,12,6,23,26,3,0.8846153846153846,3,0,0
2018-2019,2018020186,2018-11-02,STL,STL vs. VGK,W,HOME,5,3,5,8,13,8,15,1,26,0.19230769230769232,24,13,5,31,34,3,0.9117647058823529,2,1,0
2018-2019,2018020186,2018-11-02,VGK,VGK @ STL,L,AWAY,3,5,3,4,7,8,21,1,34,0.08823529411764706,12,9,6,21,26,5,0.8076923076923077,4,1,0
2018-2019,2018020192,2018-11-02,WPG,WPG vs. FLA,L,HOME,2,4,2,3,5,23,14,1,34,0.058823529411764705,13,6,5,22,26,4,0.8461538461538461,1,3,0
2018-2019,2018020194,2018-11-03,ARI,ARI vs. CAR,W,HOME,4,3,4,6,10,12,25,1,25,0.16,26,1,8,48,51,3,0.9411764705882353,3,0,0
2018-2019,2018020195,2018-11-03,BUF,BUF vs. OTT,W,HOME,9,2,9,17,26,4,9,1,41,0.21951219512195122,13,5,5,27,29,2,0.9310344827586207,2,0,0
2018-2019,2018020194,2018-11-03,CAR,CAR @ ARI,L,AWAY,3,4,3,6,9,6,16,0,51,0.058823529411764705,8,0,8,21,25,4,0.84,2,1,0
2018-2019,2018020193,2018-11-03,COL,COL @ VAN,L,AWAY,6,7,6,11,17,8,32,1,29,0.20689655172413793,21,3,2,30,37,7,0.8108108108108109,5,2,0
2018-2019,2018020200,2018-11-03,DAL,DAL @ WSH,W,AWAY,4,3,4,3,7,6,19,0,37,0.10810810810810811,20,7,6,29,32,3,0.90625,2,1,0
2018-2019,2018020197,2018-11-03,DET,DET vs. EDM,L,HOME,3,4,3,6,9,2,23,0,26,0.11538461538461539,8,7,14,38,42,4,0.9047619047619048,4,0,0
2018-2019,2018020197,2018-11-03,EDM,EDM @ DET,W,AWAY,4,3,4,6,10,4,17,0,42,0.09523809523809523,11,3,7,23,26,3,0.8846153846153846,3,0,0
2018-2019,2018020196,2018-11-03,MTL,MTL vs. TBL,L,HOME,1,4,1,0,1,6,25,0,35,0.02857142857142857,17,6,12,32,36,4,0.8888888888888888,4,0,0
2018-2019,2018020198,2018-11-03,NJD,NJD @ NYI,L,AWAY,0,3,0,0,0,8,20,0,35,0.0,13,5,4,30,32,2,0.9375,1,1,0
2018-2019,2018020198,2018-11-03,NYI,NYI vs. NJD,W,HOME,3,0,3,3,6,6,21,1,33,0.09090909090909091,20,6,14,35,35,0,1.0,0,0,0
2018-2019,2018020195,2018-11-03,OTT,OTT @ BUF,L,AWAY,2,9,2,3,5,8,6,0,29,0.06896551724137931,9,1,4,32,41,9,0.7804878048780488,8,1,0
2018-2019,2018020199,2018-11-03,PIT,PIT vs. TOR,L,HOME,0,5,0,0,0,6,46,0,31,0.0,13,6,15,28,33,5,0.8484848484848485,3,1,0
2018-2019,2018020196,2018-11-03,TBL,TBL @ MTL,W,AWAY,4,1,4,6,10,8,32,0,36,0.1111111111111111,23,7,15,34,35,1,0.9714285714285714,1,0,0
2018-2019,2018020199,2018-11-03,TOR,TOR @ PIT,W,AWAY,5,0,5,8,13,10,25,1,33,0.15151515151515152,12,6,5,31,31,0,1.0,0,0,0
2018-2019,2018020193,2018-11-03,VAN,VAN vs. COL,W,HOME,7,6,7,13,20,4,36,2,37,0.1891891891891892,14,9,2,23,29,6,0.7931034482758621,5,1,0
2018-2019,2018020200,2018-11-03,WSH,WSH vs. DAL,L,HOME,3,4,3,6,9,2,25,1,32,0.09375,5,2,13,33,37,4,0.8918918918918919,4,0,0
2018-2019,2018020202,2018-11-04,BOS,BOS @ NSH,L,AWAY,0,1,0,0,0,20,17,0,26,0.0,14,7,9,39,40,1,0.975,1,0,0
2018-2019,2018020204,2018-11-04,CAR,CAR @ VGK,L,AWAY,0,3,0,0,0,6,36,0,34,0.0,15,17,10,22,25,3,0.88,3,0,0
2018-2019,2018020205,2018-11-04,CBJ,CBJ @ LAK,L,AWAY,1,4,1,2,3,13,17,0,27,0.037037037037037035,8,2,5,25,29,4,0.8620689655172413,1,1,0
2018-2019,2018020203,2018-11-04,CGY,CGY vs. CHI,W,HOME,5,3,5,9,14,6,5,1,41,0.12195121951219512,8,14,29,12,15,3,0.8,2,1,0
2018-2019,2018020203,2018-11-04,CHI,CHI @ CGY,L,AWAY,3,5,3,6,9,17,6,1,15,0.2,14,15,9,36,40,4,0.9,3,1,0
2018-2019,2018020205,2018-11-04,LAK,LAK vs. CBJ,W,HOME,4,1,4,6,10,15,26,1,29,0.13793103448275862,8,2,13,26,27,1,0.9629629629629629,1,0,0
2018-2019,2018020201,2018-11-04,MIN,MIN @ STL,W,AWAY,5,1,5,8,13,4,17,0,45,0.1111111111111111,15,7,5,15,16,1,0.9375,0,1,0
2018-2019,2018020202,2018-11-04,NSH,NSH vs. BOS,W,HOME,1,0,1,2,3,8,8,0,40,0.025,14,11,11,26,26,0,1.0,0,0,0
2018-2019,2018020206,2018-11-04,PHI,PHI @ SJS,L,AWAY,3,4,3,6,9,6,28,0,25,0.12,16,7,6,31,35,4,0.8857142857142857,3,1,0
2018-2019,2018020206,2018-11-04,SJS,SJS vs. PHI,W,HOME,4,3,4,7,11,4,13,1,35,0.11428571428571428,6,13,9,22,25,3,0.88,3,0,0
2018-2019,2018020201,2018-11-04,STL,STL vs. MIN,L,HOME,1,5,1,2,3,8,22,1,16,0.0625,13,8,7,40,45,5,0.8888888888888888,5,0,0
2018-2019,2018020204,2018-11-04,VGK,VGK vs. CAR,W,HOME,3,0,3,5,8,6,25,0,25,0.12,28,29,21,34,34,0,1.0,0,0,0
2018-2019,2018020209,2018-11-05,ANA,ANA vs. CBJ,W,HOME,3,2,3,6,9,12,13,0,30,0.1,10,4,6,24,26,2,0.9230769230769231,2,0,0
2018-2019,2018020208,2018-11-05,BUF,BUF @ NYR,L,AWAY,1,3,1,0,1,2,18,0,40,0.025,9,6,11,19,21,2,0.9047619047619048,2,0,0
2018-2019,2018020209,2018-11-05,CBJ,CBJ @ ANA,L,AWAY,2,3,2,4,6,10,18,0,26,0.07692307692307693,14,5,11,27,30,3,0.9,3,0,0
2018-2019,2018020208,2018-11-05,NYR,NYR vs. BUF,W,HOME,3,1,3,5,8,8,24,0,22,0.13636363636363635,17,12,19,39,40,1,0.975,1,0,0
2018-2019,2018020207,2018-11-05,OTT,OTT vs. TBL,L,HOME,3,4,3,6,9,6,17,2,25,0.12,24,5,14,41,45,4,0.9111111111111111,3,1,0
2018-2019,2018020207,2018-11-05,TBL,TBL @ OTT,W,AWAY,4,3,4,8,12,6,32,1,45,0.08888888888888889,21,5,12,22,25,3,0.88,1,2,0
2018-2019,2018020214,2018-11-06,ARI,ARI vs. PHI,L,HOME,2,5,2,4,6,16,17,1,36,0.05555555555555555,17,4,10,29,33,4,0.8787878787878788,3,1,0
2018-2019,2018020210,2018-11-06,BOS,BOS vs. DAL,W,HOME,2,1,2,4,6,2,26,2,35,0.05714285714285714,4,14,8,24,25,1,0.96,0,0,0
2018-2019,2018020210,2018-11-06,DAL,DAL @ BOS,L,AWAY,1,2,1,1,2,4,32,0,25,0.04,13,13,10,33,35,2,0.9428571428571428,0,2,0
2018-2019,2018020213,2018-11-06,EDM,EDM @ WSH,L,AWAY,2,4,2,4,6,4,16,1,33,0.06060606060606061,10,11,6,19,23,4,0.8260869565217391,3,1,0
2018-2019,2018020211,2018-11-06,MTL,MTL @ NYI,W,AWAY,4,3,3,5,8,8,29,1,35,0.08571428571428572,15,6,12,21,24,3,0.875,3,0,0
2018-2019,2018020212,2018-11-06,NJD,NJD @ PIT,W,AWAY,5,1,5,10,15,8,44,2,39,0.1282051282051282,22,6,3,35,36,1,0.9722222222222222,1,0,0
2018-2019,2018020211,2018-11-06,NYI,NYI vs. MTL,L,HOME,3,4,3,5,8,8,23,0,24,0.125,23,12,12,32,35,3,0.9142857142857143,2,1,0
2018-2019,2018020214,2018-11-06,PHI,PHI @ ARI,W,AWAY,5,2,5,7,12,16,10,1,34,0.14705882352941177,23,2,7,34,36,2,0.9444444444444444,1,1,0
2018-2019,2018020212,2018-11-06,PIT,PIT vs. NJD,L,HOME,1,5,1,2,3,10,49,0,36,0.027777777777777776,15,8,11,34,39,5,0.8717948717948718,3,2,0
2018-2019,2018020213,2018-11-06,WSH,WSH vs. EDM,W,HOME,4,2,4,7,11,8,25,1,23,0.17391304347826086,23,13,11,31,33,2,0.9393939393939394,1,1,0
2018-2019,2018020222,2018-11-07,ANA,ANA @ LAK,L,AWAY,1,4,1,2,3,2,18,0,31,0.03225806451612903,9,2,9,23,26,3,0.8846153846153846,2,1,0
2018-2019,2018020221,2018-11-07,CAR,CAR @ STL,L,AWAY,1,4,1,2,3,6,16,1,39,0.02564102564102564,12,5,3,16,19,3,0.8421052631578947,2,1,0
2018-2019,2018020217,2018-11-07,CBJ,CBJ vs. DAL,W,HOME,4,1,4,7,11,4,22,1,34,0.11764705882352941,13,5,5,27,28,1,0.9642857142857143,0,1,0
2018-2019,2018020217,2018-11-07,DAL,DAL @ CBJ,L,AWAY,1,4,1,2,3,6,18,1,28,0.03571428571428571,14,7,4,30,33,3,0.9090909090909091,2,1,0
2018-2019,2018020219,2018-11-07,DET,DET vs. VAN,W,HOME,3,2,2,1,3,4,27,1,30,0.06666666666666667,11,3,10,40,42,2,0.9523809523809523,2,0,0
2018-2019,2018020220,2018-11-07,EDM,EDM @ TBL,L,AWAY,2,5,2,3,5,24,27,1,35,0.05714285714285714,10,5,5,30,35,5,0.8571428571428571,4,1,0
2018-2019,2018020222,2018-11-07,LAK,LAK vs. ANA,W,HOME,4,1,4,7,11,8,24,1,27,0.14814814814814814,23,4,11,30,31,1,0.967741935483871,1,0,0
2018-2019,2018020223,2018-11-07,MIN,MIN @ SJS,L,AWAY,3,4,3,4,7,0,27,1,26,0.11538461538461539,15,5,4,18,22,4,0.8181818181818182,4,0,0
2018-2019,2018020216,2018-11-07,MTL,MTL @ NYR,L,AWAY,3,5,3,6,9,14,17,1,34,0.08823529411764706,16,4,5,27,32,5,0.84375,4,0,0
2018-2019,2018020218,2018-11-07,NJD,NJD @ OTT,L,AWAY,3,7,3,6,9,8,27,0,39,0.07692307692307693,14,4,7,35,41,6,0.8536585365853658,5,1,0
2018-2019,2018020216,2018-11-07,NYR,NYR vs. MTL,W,HOME,5,3,5,9,14,28,14,0,32,0.15625,14,13,13,31,34,3,0.9117647058823529,2,1,0
2018-2019,2018020218,2018-11-07,OTT,OTT vs. NJD,W,HOME,7,3,7,13,20,4,14,1,42,0.16666666666666666,15,9,11,36,39,3,0.9230769230769231,3,0,0
2018-2019,2018020223,2018-11-07,SJS,SJS vs. MIN,W,HOME,4,3,4,7,11,6,23,0,22,0.18181818181818182,21,4,5,23,26,3,0.8846153846153846,2,1,0
2018-2019,2018020221,2018-11-07,STL,STL vs. CAR,W,HOME,4,1,4,8,12,10,16,1,20,0.2,17,6,13,38,39,1,0.9743589743589743,0,1,0
2018-2019,2018020220,2018-11-07,TBL,TBL vs. EDM,W,HOME,5,2,5,9,14,10,20,1,35,0.14285714285714285,13,11,5,33,35,2,0.9428571428571428,1,1,0
2018-2019,2018020215,2018-11-07,TOR,TOR vs. VGK,W,HOME,3,1,3,4,7,6,25,0,21,0.14285714285714285,20,14,17,36,37,1,0.972972972972973,1,0,0
2018-2019,2018020219,2018-11-07,VAN,VAN @ DET,L,AWAY,2,3,2,4,6,4,24,0,42,0.047619047619047616,15,6,9,28,30,2,0.9333333333333333,1,1,0
2018-2019,2018020215,2018-11-07,VGK,VGK @ TOR,L,AWAY,1,3,1,2,3,2,23,0,37,0.02702702702702703,11,11,9,18,20,2,0.9,2,0,0
2018-2019,2018020226,2018-11-08,ANA,ANA vs. CGY,W,HOME,3,2,3,6,9,6,13,0,24,0.125,11,3,12,37,39,2,0.9487179487179487,0,1,0
2018-2019,2018020226,2018-11-08,CGY,CGY @ ANA,L,AWAY,2,3,2,2,4,6,6,1,39,0.05128205128205128,5,9,16,21,24,3,0.875,3,0,0
2018-2019,2018020225,2018-11-08,COL,COL vs. NSH,L,HOME,1,4,1,2,3,6,28,1,25,0.04,17,10,6,30,33,3,0.9090909090909091,2,1,0
2018-2019,2018020225,2018-11-08,NSH,NSH @ COL,W,AWAY,4,1,4,8,12,6,12,1,34,0.11764705882352941,18,6,2,24,25,1,0.96,0,1,0
2018-2019,2018020224,2018-11-08,PIT,PIT @ WSH,L,AWAY,1,2,1,1,2,20,28,1,42,0.023809523809523808,17,11,14,20,22,2,0.9090909090909091,1,1,0
2018-2019,2018020224,2018-11-08,WSH,WSH vs. PIT,W,HOME,2,1,2,4,6,6,22,1,22,0.09090909090909091,21,8,17,41,42,1,0.9761904761904762,0,1,0
2018-2019,2018020229,2018-11-09,ARI,ARI @ PHI,L,AWAY,4,5,4,5,9,8,25,1,34,0.11764705882352941,20,7,9,26,31,5,0.8387096774193549,5,0,0
2018-2019,2018020227,2018-11-09,BOS,BOS vs. VAN,L,HOME,5,8,5,9,14,27,23,2,28,0.17857142857142858,12,9,14,25,33,8,0.7575757575757576,5,2,0
2018-2019,2018020230,2018-11-09,BUF,BUF @ MTL,W,AWAY,6,5,6,9,15,10,17,0,31,0.1935483870967742,16,12,11,32,37,5,0.8648648648648649,4,0,0
2018-2019,2018020233,2018-11-09,CAR,CAR @ CHI,W,AWAY,4,3,4,8,12,4,24,1,34,0.11764705882352941,16,3,3,35,38,3,0.9210526315789473,3,0,0
2018-2019,2018020233,2018-11-09,CHI,CHI vs. CAR,L,HOME,3,4,3,6,9,4,18,0,38,0.07894736842105263,13,4,9,30,34,4,0.8823529411764706,3,1,0
2018-2019,2018020234,2018-11-09,DAL,DAL vs. SJS,W,HOME,4,3,4,6,10,6,23,0,22,0.18181818181818182,18,7,11,33,36,3,0.9166666666666666,3,0,0
2018-2019,2018020228,2018-11-09,EDM,EDM @ FLA,L,AWAY,1,4,1,1,2,13,23,0,27,0.037037037037037035,10,12,5,29,32,3,0.90625,2,1,0
2018-2019,2018020228,2018-11-09,FLA,FLA vs. EDM,W,HOME,4,1,4,8,12,11,12,1,33,0.12121212121212122,12,16,10,26,27,1,0.9629629629629629,1,0,0
2018-2019,2018020235,2018-11-09,LAK,LAK vs. MIN,L,HOME,1,3,1,1,2,6,18,0,28,0.03571428571428571,14,3,15,21,23,2,0.9130434782608695,1,1,0
2018-2019,2018020235,2018-11-09,MIN,MIN @ LAK,W,AWAY,3,1,3,4,7,6,18,1,24,0.125,18,2,6,27,28,1,0.9642857142857143,1,0,0
2018-2019,2018020230,2018-11-09,MTL,MTL vs. BUF,L,HOME,5,6,5,9,14,6,16,0,37,0.13513513513513514,15,11,16,25,31,6,0.8064516129032258,6,0,0
2018-2019,2018020232,2018-11-09,NYI,NYI @ TBL,L,AWAY,2,4,2,3,5,8,24,0,37,0.05405405405405406,12,7,8,23,26,3,0.8846153846153846,3,0,0
2018-2019,2018020231,2018-11-09,OTT,OTT vs. VGK,L,HOME,3,5,3,4,7,9,29,0,30,0.1,24,8,10,37,42,5,0.8809523809523809,3,2,0
2018-2019,2018020229,2018-11-09,PHI,PHI vs. ARI,W,HOME,5,4,5,8,13,4,28,0,31,0.16129032258064516,11,6,15,30,34,4,0.8823529411764706,1,1,0
2018-2019,2018020234,2018-11-09,SJS,SJS @ DAL,L,AWAY,3,4,3,6,9,2,9,0,36,0.08333333333333333,11,1,12,18,22,4,0.8181818181818182,4,0,0
2018-2019,2018020232,2018-11-09,TBL,TBL vs. NYI,W,HOME,4,2,4,8,12,8,21,0,27,0.14814814814814814,15,8,10,35,37,2,0.9459459459459459,2,0,0
2018-2019,2018020227,2018-11-09,VAN,VAN @ BOS,W,AWAY,8,5,8,12,20,17,15,2,33,0.24242424242424243,9,11,6,23,28,5,0.8214285714285714,3,2,0
2018-2019,2018020231,2018-11-09,VGK,VGK @ OTT,W,AWAY,5,3,5,9,14,9,28,2,42,0.11904761904761904,13,4,8,27,30,3,0.9,3,0,0
2018-2019,2018020241,2018-11-10,ANA,ANA vs. MIN,L,HOME,1,5,1,2,3,13,35,1,21,0.047619047619047616,15,1,13,38,43,5,0.8837209302325582,5,0,0
2018-2019,2018020242,2018-11-10,BUF,BUF vs. VAN,W,HOME,4,3,3,6,9,8,17,0,37,0.08108108108108109,10,4,8,36,39,3,0.9230769230769231,3,0,0
2018-2019,2018020237,2018-11-10,CBJ,CBJ @ WSH,W,AWAY,2,1,2,4,6,10,24,2,36,0.05555555555555555,19,9,8,33,34,1,0.9705882352941176,0,1,0
2018-2019,2018020243,2018-11-10,CHI,CHI @ PHI,L,AWAY,0,4,0,0,0,6,19,0,33,0.0,12,6,7,21,24,3,0.875,3,0,0
2018-2019,2018020240,2018-11-10,COL,COL @ WPG,L,AWAY,2,5,2,4,6,8,21,0,30,0.06666666666666667,15,4,4,19,23,4,0.8260869565217391,2,2,0
2018-2019,2018020244,2018-11-10,DAL,DAL vs. NSH,L,HOME,4,5,4,5,9,10,19,1,24,0.16666666666666666,11,8,7,29,34,5,0.8529411764705882,4,1,0
2018-2019,2018020238,2018-11-10,DET,DET vs. NYR,W,HOME,3,2,3,5,8,8,23,0,31,0.0967741935483871,4,9,23,28,30,2,0.9333333333333333,0,2,0
2018-2019,2018020241,2018-11-10,MIN,MIN @ ANA,W,AWAY,5,1,5,9,14,9,15,0,43,0.11627906976744186,11,0,9,20,21,1,0.9523809523809523,0,1,0
2018-2019,2018020236,2018-11-10,NJD,NJD @ TOR,L,AWAY,1,6,1,1,2,8,39,0,39,0.02564102564102564,16,7,9,26,32,6,0.8125,6,0,0
2018-2019,2018020244,2018-11-10,NSH,NSH @ DAL,W,AWAY,5,4,5,8,13,6,13,1,34,0.14705882352941177,9,6,10,20,24,4,0.8333333333333334,3,1,0
2018-2019,2018020238,2018-11-10,NYR,NYR @ DET,L,AWAY,2,3,2,4,6,4,27,2,30,0.06666666666666667,15,4,8,28,31,3,0.9032258064516129,3,0,0
2018-2019,2018020243,2018-11-10,PHI,PHI vs. CHI,W,HOME,4,0,4,5,9,8,19,0,25,0.16,21,4,9,33,33,0,1.0,0,0,0
2018-2019,2018020239,2018-11-10,SJS,SJS @ STL,L,AWAY,0,4,0,0,0,10,17,0,33,0.0,16,7,3,27,31,4,0.8709677419354839,4,0,0
2018-2019,2018020239,2018-11-10,STL,STL vs. SJS,W,HOME,4,0,4,6,10,8,16,0,31,0.12903225806451613,18,14,2,33,33,0,1.0,0,0,0
2018-2019,2018020236,2018-11-10,TOR,TOR vs. NJD,W,HOME,6,1,6,8,14,6,23,0,32,0.1875,16,3,18,38,39,1,0.9743589743589743,1,0,0
2018-2019,2018020242,2018-11-10,VAN,VAN @ BUF,L,AWAY,3,4,3,5,8,4,10,0,39,0.07692307692307693,12,3,6,34,37,3,0.918918918918919,3,0,0
2018-2019,2018020240,2018-11-10,WPG,WPG vs. COL,W,HOME,5,2,5,8,13,8,28,2,24,0.20833333333333334,10,8,10,28,30,2,0.9333333333333333,2,0,0
2018-2019,2018020237,2018-11-10,WSH,WSH vs. CBJ,L,HOME,1,2,1,2,3,6,19,1,34,0.029411764705882353,14,17,12,34,36,2,0.9444444444444444,0,2,0
2018-2019,2018020249,2018-11-11,ARI,ARI @ PIT,L,AWAY,0,4,0,0,0,6,31,0,39,0.0,10,7,2,28,32,4,0.875,4,0,0
2018-2019,2018020255,2018-11-11,ARI,ARI @ WSH,W,AWAY,4,1,4,6,10,4,18,2,22,0.18181818181818182,11,11,3,38,39,1,0.9743589743589743,1,0,0
2018-2019,2018020245,2018-11-11,BOS,BOS vs. TOR,W,HOME,5,1,5,8,13,6,22,2,34,0.14705882352941177,12,9,16,40,41,1,0.975609756097561,1,0,0
2018-2019,2018020250,2018-11-11,CAR,CAR vs. DET,L,HOME,3,4,3,6,9,4,35,1,52,0.057692307692307696,12,12,6,29,32,3,0.90625,3,0,0
2018-2019,2018020251,2018-11-11,CBJ,CBJ vs. NYR,L,HOME,4,5,4,7,11,9,26,1,38,0.10526315789473684,13,7,9,15,19,4,0.7894736842105263,4,0,0
2018-2019,2018020252,2018-11-11,CGY,CGY @ LAK,W,AWAY,1,0,1,2,3,6,15,0,36,0.027777777777777776,15,4,10,21,21,0,1.0,0,0,0
2018-2019,2018020250,2018-11-11,DET,DET @ CAR,W,AWAY,4,3,3,6,9,10,28,0,32,0.09375,20,8,8,49,52,3,0.9423076923076923,2,1,0
2018-2019,2018020248,2018-11-11,FLA,FLA vs. NYI,W,HOME,4,2,4,6,10,10,7,1,31,0.12903225806451613,11,19,23,29,31,2,0.9354838709677419,2,0,0
2018-2019,2018020254,2018-11-11,FLA,FLA vs. OTT,W,HOME,5,1,5,10,15,10,20,1,40,0.125,13,10,10,34,35,1,0.9714285714285714,0,1,0
2018-2019,2018020252,2018-11-11,LAK,LAK vs. CGY,L,HOME,0,1,0,0,0,2,17,0,21,0.0,13,5,8,35,36,1,0.9722222222222222,1,0,0
2018-2019,2018020253,2018-11-11,MIN,MIN @ STL,W,AWAY,3,2,3,5,8,6,24,0,18,0.16666666666666666,23,6,7,29,31,2,0.9354838709677419,2,0,0
2018-2019,2018020246,2018-11-11,MTL,MTL vs. VGK,W,HOME,5,4,5,9,14,6,25,0,27,0.18518518518518517,11,7,16,34,38,4,0.8947368421052632,2,2,0
2018-2019,2018020248,2018-11-11,NYI,NYI @ FLA,L,AWAY,2,4,2,3,5,12,16,0,31,0.06451612903225806,9,7,11,27,30,3,0.9,2,1,0
2018-2019,2018020251,2018-11-11,NYR,NYR @ CBJ,W,AWAY,5,4,4,7,11,9,22,0,19,0.21052631578947367,16,6,4,34,38,4,0.8947368421052632,2,1,0
2018-2019,2018020254,2018-11-11,OTT,OTT @ FLA,L,AWAY,1,5,1,2,3,6,12,1,35,0.02857142857142857,11,8,8,35,40,5,0.875,4,1,0
2018-2019,2018020247,2018-11-11,OTT,OTT @ TBL,W,AWAY,6,4,6,7,13,6,18,2,34,0.17647058823529413,20,8,4,24,28,4,0.8571428571428571,3,1,0
2018-2019,2018020249,2018-11-11,PIT,PIT vs. ARI,W,HOME,4,0,4,8,12,10,32,0,32,0.125,25,10,7,39,39,0,1.0,0,0,0
2018-2019,2018020253,2018-11-11,STL,STL vs. MIN,L,HOME,2,3,2,3,5,6,17,0,31,0.06451612903225806,8,2,9,15,18,3,0.8333333333333334,3,0,0
2018-2019,2018020247,2018-11-11,TBL,TBL vs. OTT,L,HOME,4,6,4,6,10,8,24,1,28,0.14285714285714285,9,8,5,28,34,6,0.8235294117647058,4,2,0
2018-2019,2018020245,2018-11-11,TOR,TOR @ BOS,L,AWAY,1,5,1,2,3,8,20,0,41,0.024390243902439025,12,15,8,29,34,5,0.8529411764705882,3,2,0
2018-2019,2018020246,2018-11-11,VGK,VGK @ MTL,L,AWAY,4,5,4,8,12,4,31,2,38,0.10526315789473684,23,7,12,22,27,5,0.8148148148148148,5,0,0
2018-2019,2018020255,2018-11-11,WSH,WSH vs. ARI,L,HOME,1,4,1,2,3,12,20,0,39,0.02564102564102564,14,5,9,18,21,3,0.8571428571428571,1,2,0
2018-2019,2018020256,2018-11-12,BOS,BOS vs. VGK,W,HOME,4,1,4,7,11,8,20,1,37,0.10810810810810811,7,10,8,37,38,1,0.9736842105263158,1,0,0
2018-2019,2018020258,2018-11-12,CGY,CGY @ SJS,L,AWAY,1,3,1,1,2,8,18,0,30,0.03333333333333333,16,7,3,26,28,2,0.9285714285714286,2,0,0
2018-2019,2018020259,2018-11-12,COL,COL @ EDM,W,AWAY,4,1,4,8,12,6,18,1,28,0.14285714285714285,19,7,10,26,27,1,0.9629629629629629,1,0,0
2018-2019,2018020259,2018-11-12,EDM,EDM vs. COL,L,HOME,1,4,1,2,3,4,36,0,27,0.037037037037037035,5,11,10,24,28,4,0.8571428571428571,3,1,0
2018-2019,2018020257,2018-11-12,NJD,NJD @ WPG,L,AWAY,2,5,2,3,5,6,23,0,36,0.05555555555555555,11,7,8,23,28,5,0.8214285714285714,5,0,0
2018-2019,2018020258,2018-11-12,SJS,SJS vs. CGY,W,HOME,3,1,3,6,9,2,21,0,29,0.10344827586206896,14,11,8,29,30,1,0.9666666666666667,1,0,0
2018-2019,2018020256,2018-11-12,VGK,VGK @ BOS,L,AWAY,1,4,1,1,2,10,25,0,38,0.02631578947368421,8,7,9,33,37,4,0.8918918918918919,3,1,0
2018-2019,2018020257,2018-11-12,WPG,WPG vs. NJD,W,HOME,5,2,5,8,13,10,20,0,28,0.17857142857142858,25,4,14,34,36,2,0.9444444444444444,2,0,0
2018-2019,2018020263,2018-11-13,ANA,ANA vs. NSH,W,HOME,2,1,1,2,3,17,6,0,30,0.03333333333333333,18,0,15,34,35,1,0.9714285714285714,1,0,0
2018-2019,2018020261,2018-11-13,CAR,CAR vs. CHI,W,HOME,3,2,3,4,7,2,32,2,40,0.075,12,16,20,33,35,2,0.9428571428571428,2,0,0
2018-2019,2018020262,2018-11-13,CBJ,CBJ @ DAL,W,AWAY,2,1,2,3,5,13,15,1,28,0.07142857142857142,24,7,8,26,27,1,0.9629629629629629,1,0,0
2018-2019,2018020261,2018-11-13,CHI,CHI @ CAR,L,AWAY,2,3,2,4,6,6,27,0,35,0.05714285714285714,13,10,5,37,40,3,0.925,1,2,0
2018-2019,2018020262,2018-11-13,DAL,DAL vs. CBJ,L,HOME,1,2,1,2,3,13,25,0,27,0.037037037037037035,24,8,21,26,28,2,0.9285714285714286,1,1,0
2018-2019,2018020263,2018-11-13,NSH,NSH @ ANA,L,AWAY,1,2,1,2,3,9,17,0,35,0.02857142857142857,10,4,13,29,30,1,0.9666666666666667,1,0,0
2018-2019,2018020260,2018-11-13,NYR,NYR vs. VAN,W,HOME,2,1,2,4,6,13,23,1,27,0.07407407407407407,15,12,21,25,26,1,0.9615384615384616,1,0,0
2018-2019,2018020260,2018-11-13,VAN,VAN @ NYR,L,AWAY,1,2,1,2,3,17,18,0,26,0.038461538461538464,14,5,5,25,27,2,0.9259259259259259,1,1,0
2018-2019,2018020268,2018-11-14,ARI,ARI @ DET,L,AWAY,1,6,1,2,3,10,20,0,25,0.04,12,4,7,20,26,6,0.7692307692307693,5,1,0
2018-2019,2018020264,2018-11-14,BUF,BUF vs. TBL,W,HOME,2,1,2,4,6,4,19,0,19,0.10526315789473684,17,9,9,29,30,1,0.9666666666666667,1,0,0
2018-2019,2018020268,2018-11-14,DET,DET vs. ARI,W,HOME,6,1,6,11,17,12,7,1,26,0.23076923076923078,19,7,19,24,25,1,0.96,1,0,0
2018-2019,2018020270,2018-11-14,EDM,EDM vs. MTL,W,HOME,6,2,6,11,17,10,24,0,43,0.13953488372093023,14,13,17,27,29,2,0.9310344827586207,2,0,0
2018-2019,2018020267,2018-11-14,FLA,FLA @ PHI,W,AWAY,2,1,2,3,5,2,25,1,30,0.06666666666666667,21,12,11,30,31,1,0.967741935483871,1,0,0
2018-2019,2018020271,2018-11-14,LAK,LAK vs. TOR,L,HOME,1,5,1,1,2,12,12,0,23,0.043478260869565216,15,3,10,30,35,5,0.8571428571428571,2,3,0
2018-2019,2018020269,2018-11-14,MIN,MIN vs. WSH,L,HOME,2,5,2,2,4,11,21,1,28,0.07142857142857142,9,10,3,28,33,5,0.8484848484848485,5,0,0
2018-2019,2018020270,2018-11-14,MTL,MTL @ EDM,L,AWAY,2,6,2,4,6,10,28,0,29,0.06896551724137931,18,6,5,37,43,6,0.8604651162790697,6,0,0
2018-2019,2018020265,2018-11-14,NJD,NJD vs. PIT,W,HOME,4,2,4,7,11,8,16,0,35,0.11428571428571428,14,10,1,29,31,2,0.9354838709677419,1,1,0
2018-2019,2018020272,2018-11-14,NSH,NSH @ SJS,L,AWAY,4,5,4,5,9,8,20,0,34,0.11764705882352941,15,11,8,32,37,5,0.8648648648648649,4,1,0
2018-2019,2018020266,2018-11-14,NYI,NYI vs. VAN,W,HOME,5,2,5,9,14,18,15,1,34,0.14705882352941177,9,5,14,22,24,2,0.9166666666666666,1,1,0
2018-2019,2018020267,2018-11-14,PHI,PHI vs. FLA,L,HOME,1,2,1,2,3,6,30,0,31,0.03225806451612903,15,7,11,28,30,2,0.9333333333333333,1,1,0
2018-2019,2018020265,2018-11-14,PIT,PIT @ NJD,L,AWAY,2,4,2,4,6,6,32,1,31,0.06451612903225806,8,11,4,31,34,3,0.9117647058823529,3,0,0
2018-2019,2018020272,2018-11-14,SJS,SJS vs. NSH,W,HOME,5,4,5,6,11,6,10,1,37,0.13513513513513514,15,10,12,30,34,4,0.8823529411764706,4,0,0
2018-2019,2018020264,2018-11-14,TBL,TBL @ BUF,L,AWAY,1,2,1,2,3,4,33,0,30,0.03333333333333333,9,1,4,17,19,2,0.8947368421052632,2,0,0
2018-2019,2018020271,2018-11-14,TOR,TOR @ LAK,W,AWAY,5,1,5,8,13,4,8,3,35,0.14285714285714285,15,1,5,22,23,1,0.9565217391304348,1,0,0
2018-2019,2018020266,2018-11-14,VAN,VAN @ NYI,L,AWAY,2,5,2,4,6,20,16,1,24,0.08333333333333333,14,1,14,29,34,5,0.8529411764705882,4,1,0
2018-2019,2018020269,2018-11-14,WSH,WSH @ MIN,W,AWAY,5,2,5,10,15,19,9,0,33,0.15151515151515152,20,2,2,26,28,2,0.9285714285714286,1,1,0
2018-2019,2018020276,2018-11-15,ANA,ANA @ VGK,L,AWAY,0,5,0,0,0,12,22,0,29,0.0,17,14,6,20,25,5,0.8,3,1,0
2018-2019,2018020275,2018-11-15,BOS,BOS @ COL,L,AWAY,3,6,3,4,7,8,15,2,23,0.13043478260869565,20,8,2,19,25,6,0.76,3,3,0
2018-2019,2018020273,2018-11-15,CHI,CHI vs. STL,W,HOME,1,0,1,2,3,2,21,1,19,0.05263157894736842,12,4,6,28,28,0,1.0,0,0,0
2018-2019,2018020275,2018-11-15,COL,COL vs. BOS,W,HOME,6,3,6,10,16,8,22,3,25,0.24,18,9,6,20,23,3,0.8695652173913043,1,2,0
2018-2019,2018020273,2018-11-15,STL,STL @ CHI,L,AWAY,0,1,0,0,0,4,22,0,28,0.0,15,6,1,18,19,1,0.9473684210526315,0,1,0
2018-2019,2018020276,2018-11-15,VGK,VGK vs. ANA,W,HOME,5,0,5,7,12,8,29,1,25,0.2,33,21,12,29,29,0,1.0,0,0,0
2018-2019,2018020274,2018-11-15,WPG,WPG vs. WSH,W,HOME,3,1,3,3,6,6,15,1,24,0.125,14,6,10,27,28,1,0.9642857142857143,1,0,0
2018-2019,2018020274,2018-11-15,WSH,WSH @ WPG,L,AWAY,1,3,1,2,3,6,13,0,28,0.03571428571428571,17,7,8,21,23,2,0.9130434782608695,1,1,0
2018-2019,2018020284,2018-11-16,ARI,ARI vs. NSH,W,HOME,2,1,2,3,5,8,24,0,23,0.08695652173913043,19,6,14,45,46,1,0.9782608695652174,1,0,0
2018-2019,2018020280,2018-11-16,CBJ,CBJ vs. FLA,W,HOME,7,3,7,13,20,8,15,0,37,0.1891891891891892,15,14,4,40,43,3,0.9302325581395349,1,2,0
2018-2019,2018020283,2018-11-16,CGY,CGY vs. MTL,L,HOME,2,3,2,4,6,4,21,1,45,0.044444444444444446,20,7,7,19,22,3,0.8636363636363636,3,0,0
2018-2019,2018020281,2018-11-16,DET,DET @ OTT,L,AWAY,1,2,1,2,3,15,30,0,35,0.02857142857142857,10,6,18,34,36,2,0.9444444444444444,1,1,0
2018-2019,2018020280,2018-11-16,FLA,FLA @ CBJ,L,AWAY,3,7,3,6,9,2,12,2,43,0.06976744186046512,6,5,6,30,36,6,0.8333333333333334,5,0,0
2018-2019,2018020282,2018-11-16,MIN,MIN vs. VAN,W,HOME,6,2,6,10,16,12,15,2,29,0.20689655172413793,8,8,6,25,27,2,0.9259259259259259,1,1,0
2018-2019,2018020283,2018-11-16,MTL,MTL @ CGY,W,AWAY,3,2,3,6,9,2,22,0,22,0.13636363636363635,15,10,9,43,45,2,0.9555555555555556,1,1,0
2018-2019,2018020278,2018-11-16,NJD,NJD @ PHI,W,AWAY,3,0,3,5,8,20,32,0,27,0.1111111111111111,14,8,7,29,29,0,1.0,0,0,0
2018-2019,2018020284,2018-11-16,NSH,NSH @ ARI,L,AWAY,1,2,1,2,3,2,19,0,46,0.021739130434782608,9,3,10,21,23,2,0.9130434782608695,1,0,0
2018-2019,2018020277,2018-11-16,NYI,NYI vs. NYR,W,HOME,7,5,7,13,20,8,22,2,24,0.2916666666666667,14,1,11,36,41,5,0.8780487804878049,2,2,0
2018-2019,2018020277,2018-11-16,NYR,NYR @ NYI,L,AWAY,5,7,5,6,11,10,25,2,41,0.12195121951219512,14,3,9,17,23,6,0.7391304347826086,4,2,0
2018-2019,2018020281,2018-11-16,OTT,OTT vs. DET,W,HOME,2,1,2,3,5,9,12,1,36,0.05555555555555555,20,6,21,34,35,1,0.9714285714285714,1,0,0
2018-2019,2018020278,2018-11-16,PHI,PHI vs. NJD,L,HOME,0,3,0,0,0,16,27,0,29,0.0,14,4,8,24,26,2,0.9230769230769231,2,0,0
2018-2019,2018020279,2018-11-16,PIT,PIT vs. TBL,L,HOME,3,4,3,5,8,18,24,2,31,0.0967741935483871,13,11,4,22,26,4,0.8461538461538461,0,4,0
2018-2019,2018020285,2018-11-16,SJS,SJS vs. TOR,L,HOME,3,5,3,6,9,12,32,1,45,0.06666666666666667,20,12,8,29,34,5,0.8529411764705882,4,0,0
2018-2019,2018020279,2018-11-16,TBL,TBL @ PIT,W,AWAY,4,3,4,8,12,12,32,4,26,0.15384615384615385,14,3,6,28,31,3,0.9032258064516129,1,2,0
2018-2019,2018020285,2018-11-16,TOR,TOR @ SJS,W,AWAY,5,3,5,7,12,12,19,0,34,0.14705882352941177,10,9,6,42,45,3,0.9333333333333333,2,1,0
2018-2019,2018020282,2018-11-16,VAN,VAN @ MIN,L,AWAY,2,6,2,3,5,4,14,1,27,0.07407407407407407,11,4,2,23,29,6,0.7931034482758621,4,2,0
2018-2019,2018020291,2018-11-17,ANA,ANA vs. TOR,L,HOME,1,2,1,2,3,4,16,0,39,0.02564102564102564,19,4,17,33,35,2,0.9428571428571428,2,0,0
2018-2019,2018020286,2018-11-17,BOS,BOS @ DAL,L,AWAY,0,1,0,0,0,33,23,0,23,0.0,16,4,17,36,37,1,0.972972972972973,1,0,0
2018-2019,2018020287,2018-11-17,BUF,BUF @ WPG,W,AWAY,2,1,1,2,3,2,17,1,32,0.03125,14,5,8,25,26,1,0.9615384615384616,1,0,0
2018-2019,2018020294,2018-11-17,BUF,BUF @ MIN,W,AWAY,3,2,3,6,9,6,17,0,29,0.10344827586206896,12,3,1,37,39,2,0.9487179487179487,1,1,0
2018-2019,2018020288,2018-11-17,CHI,CHI vs. LAK,L,HOME,1,2,1,2,3,2,17,0,35,0.02857142857142857,12,6,8,31,32,1,0.96875,1,0,0
2018-2019,2018020289,2018-11-17,COL,COL vs. WSH,L,HOME,2,3,2,4,6,6,11,0,26,0.07692307692307693,17,6,8,26,29,3,0.896551724137931,2,1,0
2018-2019,2018020286,2018-11-17,DAL,DAL vs. BOS,W,HOME,1,0,1,1,2,19,33,0,37,0.02702702702702703,12,9,15,23,23,0,1.0,0,0,0
2018-2019,2018020292,2018-11-17,DET,DET @ NJD,W,AWAY,3,2,3,5,8,4,21,0,30,0.1,16,4,10,38,40,2,0.95,1,0,0
2018-2019,2018020288,2018-11-17,LAK,LAK @ CHI,W,AWAY,2,1,1,0,1,6,29,0,32,0.03125,14,10,7,34,35,1,0.9714285714285714,1,0,0
2018-2019,2018020294,2018-11-17,MIN,MIN vs. BUF,L,HOME,2,3,2,2,4,2,20,1,39,0.05128205128205128,12,8,4,26,29,3,0.896551724137931,3,0,0
2018-2019,2018020292,2018-11-17,NJD,NJD vs. DET,L,HOME,2,3,2,3,5,8,15,0,40,0.05,13,11,5,27,30,3,0.9,3,0,0
2018-2019,2018020293,2018-11-17,PHI,PHI vs. TBL,L,HOME,5,6,5,8,13,10,26,3,45,0.1111111111111111,19,8,10,20,26,6,0.7692307692307693,3,3,0
2018-2019,2018020290,2018-11-17,STL,STL @ VGK,W,AWAY,4,1,4,7,11,8,21,0,35,0.11428571428571428,18,16,5,32,33,1,0.9696969696969697,1,0,0
2018-2019,2018020293,2018-11-17,TBL,TBL @ PHI,W,AWAY,6,5,6,10,16,12,27,3,26,0.23076923076923078,20,3,5,40,45,5,0.8888888888888888,2,3,0
2018-2019,2018020291,2018-11-17,TOR,TOR @ ANA,W,AWAY,2,1,2,3,5,2,11,0,35,0.05714285714285714,18,5,12,38,39,1,0.9743589743589743,1,0,0
2018-2019,2018020290,2018-11-17,VGK,VGK vs. STL,L,HOME,1,4,1,2,3,10,28,0,33,0.030303030303030304,11,15,8,31,35,4,0.8857142857142857,4,0,0
2018-2019,2018020287,2018-11-17,WPG,WPG vs. BUF,L,HOME,1,2,1,2,3,6,21,0,26,0.038461538461538464,12,11,6,31,32,1,0.96875,0,1,0
2018-2019,2018020289,2018-11-17,WSH,WSH @ COL,W,AWAY,3,2,3,6,9,4,17,1,29,0.10344827586206896,18,4,2,24,26,2,0.9230769230769231,2,0,0
2018-2019,2018020300,2018-11-18,ARI,ARI vs. BOS,L,HOME,1,2,1,1,2,4,24,0,33,0.030303030303030304,12,7,10,21,23,2,0.9130434782608695,2,0,0
2018-2019,2018020300,2018-11-18,BOS,BOS @ ARI,W,AWAY,2,1,2,2,4,8,23,0,23,0.08695652173913043,15,4,10,32,33,1,0.9696969696969697,1,0,0
2018-2019,2018020297,2018-11-18,CAR,CAR vs. CBJ,L,HOME,1,4,1,1,2,10,34,0,31,0.03225806451612903,9,8,14,20,24,4,0.8333333333333334,3,1,0
2018-2019,2018020304,2018-11-18,CAR,CAR vs. NJD,W,HOME,2,1,2,4,6,6,37,0,25,0.08,14,26,11,33,34,1,0.9705882352941176,1,0,0
2018-2019,2018020297,2018-11-18,CBJ,CBJ @ CAR,W,AWAY,4,1,4,7,11,2,30,1,24,0.16666666666666666,19,6,7,30,31,1,0.967741935483871,1,0,0
2018-2019,2018020301,2018-11-18,CGY,CGY vs. EDM,W,HOME,4,2,4,7,11,15,18,1,37,0.10810810810810811,10,8,23,24,26,2,0.9230769230769231,0,1,0
2018-2019,2018020305,2018-11-18,CHI,CHI vs. MIN,W,HOME,3,1,3,6,9,6,16,1,28,0.10714285714285714,14,10,5,39,40,1,0.975,0,1,0
2018-2019,2018020303,2018-11-18,DAL,DAL @ NYI,W,AWAY,6,2,6,11,17,4,17,0,33,0.18181818181818182,11,7,7,37,39,2,0.9487179487179487,2,0,0
2018-2019,2018020301,2018-11-18,EDM,EDM @ CGY,L,AWAY,2,4,2,2,4,41,21,1,26,0.07692307692307693,19,5,11,33,36,3,0.9166666666666666,2,1,0
2018-2019,2018020296,2018-11-18,FLA,FLA @ NYR,L,AWAY,2,4,2,4,6,6,21,1,41,0.04878048780487805,13,4,17,20,24,4,0.8333333333333334,3,1,0
2018-2019,2018020299,2018-11-18,LAK,LAK @ NSH,L,AWAY,3,5,3,5,8,10,14,0,28,0.10714285714285714,16,3,4,38,42,4,0.9047619047619048,1,2,0
2018-2019,2018020305,2018-11-18,MIN,MIN @ CHI,L,AWAY,1,3,1,2,3,4,16,1,40,0.025,9,12,5,25,27,2,0.9259259259259259,1,1,0
2018-2019,2018020298,2018-11-18,MTL,MTL @ VAN,W,AWAY,3,2,3,5,8,8,18,1,31,0.0967741935483871,16,4,5,36,38,2,0.9473684210526315,1,1,0
2018-2019,2018020304,2018-11-18,NJD,NJD @ CAR,L,AWAY,1,2,1,1,2,6,25,0,34,0.029411764705882353,20,8,11,23,25,2,0.92,2,0,0
2018-2019,2018020299,2018-11-18,NSH,NSH vs. LAK,W,HOME,5,3,5,7,12,8,12,2,43,0.11627906976744186,9,7,4,25,28,3,0.8928571428571429,3,0,0
2018-2019,2018020303,2018-11-18,NYI,NYI vs. DAL,L,HOME,2,6,2,3,5,6,24,0,39,0.05128205128205128,13,1,12,27,33,6,0.8181818181818182,6,0,0
2018-2019,2018020296,2018-11-18,NYR,NYR vs. FLA,W,HOME,4,2,4,6,10,8,30,1,24,0.16666666666666666,21,10,20,39,41,2,0.9512195121951219,1,1,0
2018-2019,2018020295,2018-11-18,OTT,OTT vs. PIT,W,HOME,6,4,6,9,15,10,16,0,25,0.24,16,8,6,31,35,4,0.8857142857142857,3,1,0
2018-2019,2018020295,2018-11-18,PIT,PIT @ OTT,L,AWAY,4,6,4,6,10,8,31,1,35,0.11428571428571428,6,5,2,19,25,6,0.76,5,0,0
2018-2019,2018020302,2018-11-18,SJS,SJS vs. STL,W,HOME,4,0,4,8,12,2,23,1,29,0.13793103448275862,18,7,7,30,30,0,1.0,0,0,0
2018-2019,2018020302,2018-11-18,STL,STL @ SJS,L,AWAY,0,4,0,0,0,4,19,0,30,0.0,15,8,5,25,29,4,0.8620689655172413,3,1,0
2018-2019,2018020298,2018-11-18,VAN,VAN vs. MTL,L,HOME,2,3,2,4,6,6,21,1,38,0.05263157894736842,15,7,5,28,31,3,0.9032258064516129,2,1,0
2018-2019,2018020307,2018-11-19,ANA,ANA vs. COL,L,HOME,3,4,3,6,9,4,16,1,33,0.09090909090909091,24,7,17,38,42,4,0.9047619047619048,2,2,0
2018-2019,2018020307,2018-11-19,COL,COL @ ANA,W,AWAY,4,3,4,8,12,6,27,2,42,0.09523809523809523,11,6,17,30,33,3,0.9090909090909091,2,1,0
2018-2019,2018020306,2018-11-19,EDM,EDM vs. VGK,L,HOME,3,6,3,5,8,6,24,1,32,0.09375,24,7,17,25,31,6,0.8064516129032258,4,1,0
2018-2019,2018020306,2018-11-19,VGK,VGK @ EDM,W,AWAY,6,3,6,10,16,6,17,1,31,0.1935483870967742,9,3,7,29,32,3,0.90625,2,1,0
2018-2019,2018020310,2018-11-20,BUF,BUF @ PIT,W,AWAY,5,4,5,9,14,11,28,0,40,0.125,7,5,4,36,40,4,0.9,4,0,0
2018-2019,2018020308,2018-11-20,CBJ,CBJ @ TOR,L,AWAY,2,4,2,3,5,0,24,0,39,0.05128205128205128,15,10,16,22,25,3,0.88,3,0,0
2018-2019,2018020315,2018-11-20,CGY,CGY vs. VGK,W,HOME,7,2,7,12,19,4,12,3,32,0.21875,12,8,16,20,22,2,0.9090909090909091,1,1,0
2018-2019,2018020309,2018-11-20,DAL,DAL @ NYR,L,AWAY,1,2,1,2,3,2,21,1,17,0.058823529411764705,11,11,15,21,23,2,0.9130434782608695,2,0,0
2018-2019,2018020312,2018-11-20,FLA,FLA @ OTT,W,AWAY,7,5,7,11,18,10,26,1,32,0.21875,20,11,18,33,38,5,0.868421052631579,4,1,0
2018-2019,2018020313,2018-11-20,LAK,LAK @ STL,W,AWAY,2,0,2,4,6,4,28,0,27,0.07407407407407407,13,9,4,29,29,0,1.0,0,0,0
2018-2019,2018020311,2018-11-20,MTL,MTL vs. WSH,L,HOME,4,5,4,7,11,11,20,1,44,0.09090909090909091,15,10,14,29,34,5,0.8529411764705882,4,1,0
2018-2019,2018020314,2018-11-20,NSH,NSH vs. TBL,W,HOME,3,2,3,6,9,4,11,1,34,0.08823529411764706,8,12,15,29,31,2,0.9354838709677419,2,0,0
2018-2019,2018020309,2018-11-20,NYR,NYR vs. DAL,W,HOME,2,1,2,3,5,8,25,0,23,0.08695652173913043,18,11,17,16,17,1,0.9411764705882353,0,1,0
2018-2019,2018020312,2018-11-20,OTT,OTT vs. FLA,L,HOME,5,7,5,9,14,6,17,1,38,0.13157894736842105,11,8,24,25,32,7,0.78125,6,1,0
2018-2019,2018020310,2018-11-20,PIT,PIT vs. BUF,L,HOME,4,5,4,6,10,11,46,0,40,0.1,15,10,13,35,40,5,0.875,5,0,0
2018-2019,2018020313,2018-11-20,STL,STL vs. LAK,L,HOME,0,2,0,0,0,0,17,0,29,0.0,14,4,9,25,26,1,0.9615384615384616,1,0,0
2018-2019,2018020314,2018-11-20,TBL,TBL @ NSH,L,AWAY,2,3,2,4,6,6,16,0,31,0.06451612903225806,16,3,11,31,34,3,0.9117647058823529,2,1,0
2018-2019,2018020308,2018-11-20,TOR,TOR vs. CBJ,W,HOME,4,2,4,8,12,0,17,0,26,0.15384615384615385,8,7,16,37,39,2,0.9487179487179487,2,0,0
2018-2019,2018020316,2018-11-20,VAN,VAN vs. WPG,L,HOME,3,6,3,3,6,25,24,1,25,0.12,18,5,4,43,48,5,0.8958333333333334,4,1,0
2018-2019,2018020315,2018-11-20,VGK,VGK @ CGY,L,AWAY,2,7,2,4,6,12,33,1,22,0.09090909090909091,13,18,28,25,32,7,0.78125,4,3,0
2018-2019,2018020316,2018-11-20,WPG,WPG @ VAN,W,AWAY,6,3,6,9,15,11,17,1,49,0.12244897959183673,15,3,1,22,25,3,0.88,1,1,0
2018-2019,2018020311,2018-11-20,WSH,WSH @ MTL,W,AWAY,5,4,5,10,15,15,27,1,34,0.14705882352941177,18,8,20,40,44,4,0.9090909090909091,3,1,0
2018-2019,2018020317,2018-11-21,EDM,EDM @ SJS,W,AWAY,4,3,4,6,10,6,25,0,23,0.17391304347826086,10,7,11,22,25,3,0.88,3,0,0
2018-2019,2018020317,2018-11-21,SJS,SJS vs. EDM,L,HOME,3,4,3,5,8,2,17,0,25,0.12,13,12,11,19,23,4,0.8260869565217391,4,0,0
2018-2019,2018020330,2018-11-22,ANA,ANA vs. VAN,W,HOME,4,3,4,6,10,4,29,1,37,0.10810810810810811,12,3,14,25,28,3,0.8928571428571429,2,1,0
2018-2019,2018020328,2018-11-22,ARI,ARI vs. VGK,L,HOME,2,3,2,3,5,4,24,1,21,0.09523809523809523,20,3,8,22,25,3,0.88,3,0,0
2018-2019,2018020324,2018-11-22,BOS,BOS @ DET,L,AWAY,2,3,2,1,3,0,16,0,36,0.05555555555555555,6,6,7,24,27,3,0.8888888888888888,3,0,0
2018-2019,2018020318,2018-11-22,BUF,BUF vs. PHI,W,HOME,5,2,5,8,13,7,29,1,21,0.23809523809523808,9,9,10,23,25,2,0.92,2,0,0
2018-2019,2018020323,2018-11-22,CAR,CAR vs. TOR,W,HOME,5,2,5,7,12,6,32,1,45,0.1111111111111111,15,13,11,30,32,2,0.9375,2,0,0
2018-2019,2018020329,2018-11-22,CGY,CGY vs. WPG,W,HOME,6,3,6,9,15,12,13,0,26,0.23076923076923078,15,13,13,37,40,3,0.925,2,1,0
2018-2019,2018020322,2018-11-22,CHI,CHI @ WSH,L,AWAY,2,4,2,4,6,6,6,0,39,0.05128205128205128,11,9,5,23,27,4,0.8518518518518519,3,1,0
2018-2019,2018020331,2018-11-22,COL,COL @ LAK,W,AWAY,7,3,7,14,21,8,14,3,34,0.20588235294117646,10,2,3,33,36,3,0.9166666666666666,3,0,0
2018-2019,2018020321,2018-11-22,DAL,DAL @ PIT,L,AWAY,1,5,1,2,3,6,43,0,19,0.05263157894736842,10,4,5,25,30,5,0.8333333333333334,4,1,0
2018-2019,2018020324,2018-11-22,DET,DET vs. BOS,W,HOME,3,2,3,5,8,2,30,0,27,0.1111111111111111,11,4,14,34,36,2,0.9444444444444444,2,0,0
2018-2019,2018020325,2018-11-22,FLA,FLA @ TBL,L,AWAY,3,7,3,6,9,8,18,2,43,0.06976744186046512,17,5,6,26,33,7,0.7878787878787878,6,1,0
2018-2019,2018020331,2018-11-22,LAK,LAK vs. COL,L,HOME,3,7,3,6,9,10,30,0,36,0.08333333333333333,6,0,12,27,34,7,0.7941176470588235,4,3,0
2018-2019,2018020327,2018-11-22,MIN,MIN vs. OTT,W,HOME,6,4,6,12,18,10,14,2,34,0.17647058823529413,25,5,3,23,27,4,0.8518518518518519,3,0,0
2018-2019,2018020319,2018-11-22,MTL,MTL @ NJD,L,AWAY,2,5,2,3,5,2,19,0,26,0.07692307692307693,11,5,9,23,28,5,0.8214285714285714,4,1,0
2018-2019,2018020319,2018-11-22,NJD,NJD vs. MTL,W,HOME,5,2,5,9,14,2,13,1,28,0.17857142857142858,11,18,10,24,26,2,0.9230769230769231,2,0,0
2018-2019,2018020326,2018-11-22,NSH,NSH vs. STL,W,HOME,4,1,4,2,6,12,18,0,34,0.11764705882352941,14,16,11,28,29,1,0.9655172413793104,1,0,0
2018-2019,2018020320,2018-11-22,NYI,NYI @ NYR,L,AWAY,0,5,0,0,0,13,38,0,29,0.0,17,6,18,22,27,5,0.8148148148148148,4,1,0
2018-2019,2018020320,2018-11-22,NYR,NYR vs. NYI,W,HOME,5,0,5,8,13,9,24,1,27,0.18518518518518517,24,10,14,29,29,0,1.0,0,0,0
2018-2019,2018020327,2018-11-22,OTT,OTT @ MIN,L,AWAY,4,6,4,5,9,8,9,0,27,0.14814814814814814,14,5,4,28,33,5,0.8484848484848485,3,2,0
2018-2019,2018020318,2018-11-22,PHI,PHI @ BUF,L,AWAY,2,5,2,4,6,9,21,0,25,0.08,10,1,6,16,20,4,0.8,3,1,0
2018-2019,2018020321,2018-11-22,PIT,PIT vs. DAL,W,HOME,5,1,5,9,14,4,36,1,30,0.16666666666666666,10,7,6,18,19,1,0.9473684210526315,1,0,0
2018-2019,2018020326,2018-11-22,STL,STL @ NSH,L,AWAY,1,4,1,1,2,13,16,0,29,0.034482758620689655,9,6,6,30,33,3,0.9090909090909091,2,0,0
2018-2019,2018020325,2018-11-22,TBL,TBL vs. FLA,W,HOME,7,3,7,12,19,8,15,1,33,0.21212121212121213,7,12,8,40,43,3,0.9302325581395349,1,2,0
2018-2019,2018020323,2018-11-22,TOR,TOR @ CAR,L,AWAY,2,5,2,1,3,4,22,0,32,0.0625,12,16,9,40,43,3,0.9302325581395349,2,1,0
2018-2019,2018020330,2018-11-22,VAN,VAN @ ANA,L,AWAY,3,4,3,5,8,8,31,1,28,0.10714285714285714,12,1,8,33,37,4,0.8918918918918919,3,1,0
2018-2019,2018020328,2018-11-22,VGK,VGK @ ARI,W,AWAY,3,2,3,5,8,6,39,0,25,0.12,11,3,9,19,21,2,0.9047619047619048,1,1,0
2018-2019,2018020329,2018-11-22,WPG,WPG @ CGY,L,AWAY,3,6,3,6,9,4,11,1,40,0.075,8,9,9,20,25,5,0.8,5,0,0
2018-2019,2018020322,2018-11-22,WSH,WSH vs. CHI,W,HOME,4,2,4,8,12,6,8,1,27,0.14814814814814814,21,7,8,37,39,2,0.9487179487179487,2,0,0
2018-2019,2018020337,2018-11-23,ANA,ANA vs. EDM,W,HOME,2,1,2,4,6,2,31,0,25,0.08,19,3,4,27,28,1,0.9642857142857143,0,1,0
2018-2019,2018020333,2018-11-23,BUF,BUF vs. MTL,W,HOME,3,2,3,6,9,4,17,1,40,0.075,16,6,12,31,33,2,0.9393939393939394,1,1,0
2018-2019,2018020338,2018-11-23,CGY,CGY @ VGK,L,AWAY,0,2,0,0,0,8,20,0,29,0.0,12,10,3,26,28,2,0.9285714285714286,1,1,0
2018-2019,2018020335,2018-11-23,DET,DET @ WSH,L,AWAY,1,3,1,2,3,4,12,0,32,0.03125,14,9,5,17,20,3,0.85,3,0,0
2018-2019,2018020337,2018-11-23,EDM,EDM @ ANA,L,AWAY,1,2,1,2,3,4,44,1,28,0.03571428571428571,10,1,7,23,25,2,0.92,2,0,0
2018-2019,2018020336,2018-11-23,MIN,MIN vs. WPG,W,HOME,4,2,4,7,11,12,17,0,39,0.10256410256410256,17,8,5,26,28,2,0.9285714285714286,1,1,0
2018-2019,2018020333,2018-11-23,MTL,MTL @ BUF,L,AWAY,2,3,2,4,6,6,12,1,33,0.06060606060606061,12,4,6,37,40,3,0.925,2,1,0
2018-2019,2018020334,2018-11-23,NJD,NJD vs. NYI,L,HOME,3,4,3,4,7,6,23,0,42,0.07142857142857142,10,12,11,31,35,4,0.8857142857142857,4,0,0
2018-2019,2018020334,2018-11-23,NYI,NYI @ NJD,W,AWAY,4,3,4,5,9,4,28,0,35,0.11428571428571428,13,14,4,39,42,3,0.9285714285714286,3,0,0
2018-2019,2018020332,2018-11-23,NYR,NYR @ PHI,L,AWAY,0,4,0,0,0,7,22,0,31,0.0,19,4,9,42,45,3,0.9333333333333333,3,0,0
2018-2019,2018020332,2018-11-23,PHI,PHI vs. NYR,W,HOME,4,0,4,7,11,11,26,0,46,0.08695652173913043,10,8,4,31,31,0,1.0,0,0,0
2018-2019,2018020338,2018-11-23,VGK,VGK vs. CGY,W,HOME,2,0,2,4,6,4,36,1,28,0.07142857142857142,19,11,10,29,29,0,1.0,0,0,0
2018-2019,2018020336,2018-11-23,WPG,WPG @ MIN,L,AWAY,2,4,2,4,6,16,20,1,28,0.07142857142857142,15,3,2,35,38,3,0.9210526315789473,3,0,0
2018-2019,2018020335,2018-11-23,WSH,WSH vs. DET,W,HOME,3,1,3,6,9,6,23,0,20,0.15,21,11,11,31,32,1,0.96875,1,0,0
2018-2019,2018020345,2018-11-24,ARI,ARI vs. COL,L,HOME,1,5,1,2,3,10,35,1,38,0.02631578947368421,19,6,9,34,39,5,0.8717948717948718,2,1,0
2018-2019,2018020340,2018-11-24,BOS,BOS vs. PIT,W,HOME,2,1,2,4,6,4,28,0,37,0.05405405405405406,16,9,6,36,37,1,0.972972972972973,0,1,0
2018-2019,2018020342,2018-11-24,CAR,CAR vs. FLA,W,HOME,4,1,4,6,10,4,31,1,39,0.10256410256410256,16,18,19,34,35,1,0.9714285714285714,1,0,0
2018-2019,2018020339,2018-11-24,CBJ,CBJ vs. TOR,W,HOME,4,2,4,7,11,6,21,0,24,0.16666666666666666,15,11,7,32,34,2,0.9411764705882353,2,0,0
2018-2019,2018020341,2018-11-24,CHI,CHI @ TBL,L,AWAY,2,4,2,3,5,4,11,0,32,0.0625,9,7,5,25,29,4,0.8620689655172413,4,0,0
2018-2019,2018020345,2018-11-24,COL,COL @ ARI,W,AWAY,5,1,5,6,11,6,15,1,39,0.1282051282051282,14,6,4,37,38,1,0.9736842105263158,0,1,0
2018-2019,2018020344,2018-11-24,DAL,DAL vs. OTT,W,HOME,6,4,6,10,16,8,20,0,54,0.1111111111111111,18,6,11,29,33,4,0.8787878787878788,3,1,0
2018-2019,2018020342,2018-11-24,FLA,FLA @ CAR,L,AWAY,1,4,1,1,2,6,31,0,35,0.02857142857142857,16,17,16,35,38,3,0.9210526315789473,2,1,0
2018-2019,2018020343,2018-11-24,NSH,NSH @ STL,L,AWAY,2,6,2,4,6,18,24,1,28,0.07142857142857142,13,4,3,28,34,6,0.8235294117647058,6,0,0
2018-2019,2018020347,2018-11-24,NYR,NYR vs. WSH,L,HOME,3,5,3,6,9,4,42,0,30,0.1,8,9,22,23,27,4,0.8518518518518519,4,0,0
2018-2019,2018020344,2018-11-24,OTT,OTT @ DAL,L,AWAY,4,6,4,7,11,10,17,1,33,0.12121212121212122,21,7,11,48,53,5,0.9056603773584906,5,0,0
2018-2019,2018020340,2018-11-24,PIT,PIT @ BOS,L,AWAY,1,2,1,2,3,0,25,1,37,0.02702702702702703,14,19,15,35,37,2,0.9459459459459459,2,0,0
2018-2019,2018020346,2018-11-24,SJS,SJS vs. VAN,W,HOME,4,0,4,8,12,8,20,3,24,0.16666666666666666,16,14,10,19,19,0,1.0,0,0,0
2018-2019,2018020343,2018-11-24,STL,STL vs. NSH,W,HOME,6,2,6,8,14,16,29,0,34,0.17647058823529413,20,12,5,26,28,2,0.9285714285714286,1,1,0
2018-2019,2018020341,2018-11-24,TBL,TBL vs. CHI,W,HOME,4,2,4,7,11,2,23,0,29,0.13793103448275862,14,13,5,30,32,2,0.9375,2,0,0
2018-2019,2018020339,2018-11-24,TOR,TOR @ CBJ,L,AWAY,2,4,2,3,5,4,13,0,34,0.058823529411764705,8,11,5,20,24,4,0.8333333333333334,3,0,0
2018-2019,2018020346,2018-11-24,VAN,VAN @ SJS,L,AWAY,0,4,0,0,0,24,26,0,19,0.0,16,7,4,20,24,4,0.8333333333333334,1,3,0
2018-2019,2018020347,2018-11-24,WSH,WSH @ NYR,W,AWAY,5,3,5,7,12,4,33,0,28,0.17857142857142858,11,5,18,27,30,3,0.9,3,0,0
2018-2019,2018020358,2018-11-25,ARI,ARI vs. CGY,L,HOME,1,6,1,0,1,10,31,0,29,0.034482758620689655,14,6,10,21,27,6,0.7777777777777778,2,1,0
2018-2019,2018020349,2018-11-25,BOS,BOS @ MTL,W,AWAY,3,2,3,4,7,14,27,1,35,0.08571428571428572,28,8,14,31,33,2,0.9393939393939394,1,1,0
2018-2019,2018020350,2018-11-25,BUF,BUF @ DET,W,AWAY,3,2,2,4,6,8,12,2,35,0.05714285714285714,7,3,8,35,37,2,0.9459459459459459,2,0,0
2018-2019,2018020352,2018-11-25,CAR,CAR @ NYI,L,AWAY,1,4,1,2,3,7,31,1,27,0.037037037037037035,7,9,8,15,19,4,0.7894736842105263,4,0,0
2018-2019,2018020353,2018-11-25,CBJ,CBJ @ PIT,L,AWAY,2,4,2,3,5,2,41,0,39,0.05128205128205128,14,4,6,32,36,4,0.8888888888888888,4,0,0
2018-2019,2018020358,2018-11-25,CGY,CGY @ ARI,W,AWAY,6,1,6,9,15,6,10,1,27,0.2222222222222222,15,8,9,28,29,1,0.9655172413793104,1,0,0
2018-2019,2018020351,2018-11-25,CHI,CHI @ FLA,W,AWAY,5,4,5,8,13,11,13,0,41,0.12195121951219512,7,8,8,34,38,4,0.8947368421052632,3,1,0
2018-2019,2018020355,2018-11-25,COL,COL vs. DAL,W,HOME,3,2,3,6,9,4,12,0,36,0.08333333333333333,9,5,4,27,29,2,0.9310344827586207,2,0,0
2018-2019,2018020355,2018-11-25,DAL,DAL @ COL,L,AWAY,2,3,2,3,5,6,15,0,29,0.06896551724137931,19,5,1,33,36,3,0.9166666666666666,3,0,0
2018-2019,2018020350,2018-11-25,DET,DET vs. BUF,L,HOME,2,3,2,4,6,6,25,0,37,0.05405405405405406,12,8,18,33,35,2,0.9428571428571428,0,2,0
2018-2019,2018020351,2018-11-25,FLA,FLA vs. CHI,L,HOME,4,5,4,8,12,9,25,1,38,0.10526315789473684,13,16,18,36,41,5,0.8780487804878049,4,0,0
2018-2019,2018020357,2018-11-25,LAK,LAK vs. VAN,L,HOME,2,4,2,4,6,4,20,1,22,0.09090909090909091,8,4,12,25,28,3,0.8928571428571429,2,1,0
2018-2019,2018020349,2018-11-25,MTL,MTL vs. BOS,L,HOME,2,3,2,4,6,16,51,1,33,0.06060606060606061,17,10,10,32,35,3,0.9142857142857143,2,1,0
2018-2019,2018020352,2018-11-25,NYI,NYI vs. CAR,W,HOME,4,1,4,8,12,11,26,0,19,0.21052631578947367,20,5,15,26,27,1,0.9629629629629629,0,1,0
2018-2019,2018020348,2018-11-25,PHI,PHI @ TOR,L,AWAY,0,6,0,0,0,0,27,0,34,0.0,17,8,14,35,41,6,0.8536585365853658,6,0,0
2018-2019,2018020353,2018-11-25,PIT,PIT vs. CBJ,W,HOME,4,2,4,8,12,2,31,0,36,0.1111111111111111,13,9,9,37,39,2,0.9487179487179487,2,0,0
2018-2019,2018020356,2018-11-25,SJS,SJS @ VGK,L,AWAY,0,6,0,0,0,44,33,0,33,0.0,17,6,8,30,36,6,0.8333333333333334,5,1,0
2018-2019,2018020354,2018-11-25,STL,STL vs. WPG,L,HOME,4,8,4,3,7,17,34,1,27,0.14814814814814814,14,9,2,28,36,8,0.7777777777777778,7,1,0
2018-2019,2018020348,2018-11-25,TOR,TOR vs. PHI,W,HOME,6,0,6,5,11,0,4,0,41,0.14634146341463414,10,10,11,34,34,0,1.0,0,0,0
2018-2019,2018020357,2018-11-25,VAN,VAN @ LAK,W,AWAY,4,2,4,4,8,6,16,1,29,0.13793103448275862,16,2,9,20,22,2,0.9090909090909091,1,1,0
2018-2019,2018020356,2018-11-25,VGK,VGK vs. SJS,W,HOME,6,0,6,8,14,20,25,1,36,0.16666666666666666,16,16,7,33,33,0,1.0,0,0,0
2018-2019,2018020354,2018-11-25,WPG,WPG @ STL,W,AWAY,8,4,8,16,24,13,13,1,36,0.2222222222222222,12,7,4,23,27,4,0.8518518518518519,3,1,0
2018-2019,2018020360,2018-11-26,ANA,ANA @ NSH,L,AWAY,2,5,2,3,5,16,15,1,19,0.10526315789473684,3,3,12,28,32,4,0.875,2,2,0
2018-2019,2018020361,2018-11-26,EDM,EDM @ LAK,L,AWAY,2,5,2,4,6,10,12,1,34,0.058823529411764705,18,2,13,27,30,3,0.9,2,1,0
2018-2019,2018020361,2018-11-26,LAK,LAK vs. EDM,W,HOME,5,2,5,7,12,6,19,2,32,0.15625,14,1,13,32,34,2,0.9411764705882353,1,1,0
2018-2019,2018020359,2018-11-26,NJD,NJD @ TBL,L,AWAY,2,5,2,1,3,6,23,0,35,0.05714285714285714,11,5,4,30,35,5,0.8571428571428571,4,1,0
2018-2019,2018020360,2018-11-26,NSH,NSH vs. ANA,W,HOME,5,2,5,9,14,16,14,2,33,0.15151515151515152,10,2,16,17,19,2,0.8947368421052632,1,1,0
2018-2019,2018020359,2018-11-26,TBL,TBL vs. NJD,W,HOME,5,2,5,7,12,4,17,1,35,0.14285714285714285,10,6,4,33,35,2,0.9428571428571428,2,0,0
2018-2019,2018020362,2018-11-27,BOS,BOS @ TOR,L,AWAY,2,4,2,4,6,2,19,1,40,0.05,17,7,11,27,30,3,0.9,2,1,0
2018-2019,2018020366,2018-11-27,CBJ,CBJ @ DET,W,AWAY,7,5,7,12,19,6,16,1,32,0.21875,5,6,7,27,32,5,0.84375,4,1,0
2018-2019,2018020366,2018-11-27,DET,DET vs. CBJ,L,HOME,5,7,5,8,13,8,23,1,32,0.15625,6,9,18,25,31,6,0.8064516129032258,5,1,0
2018-2019,2018020363,2018-11-27,FLA,FLA vs. NJD,W,HOME,4,3,4,7,11,4,24,1,34,0.11764705882352941,14,8,19,29,32,3,0.90625,2,0,0
2018-2019,2018020363,2018-11-27,NJD,NJD @ FLA,L,AWAY,3,4,3,4,7,6,17,0,32,0.09375,12,10,13,30,34,4,0.8823529411764706,3,1,0
2018-2019,2018020364,2018-11-27,NYI,NYI vs. WSH,L,HOME,1,4,1,2,3,4,30,0,33,0.030303030303030304,12,3,12,20,23,3,0.8695652173913043,2,1,0
2018-2019,2018020365,2018-11-27,NYR,NYR vs. OTT,W,HOME,4,2,4,5,9,6,31,0,33,0.12121212121212122,10,16,16,29,31,2,0.9354838709677419,2,0,0
2018-2019,2018020365,2018-11-27,OTT,OTT @ NYR,L,AWAY,2,4,2,4,6,10,20,0,31,0.06451612903225806,21,7,17,29,32,3,0.90625,3,0,0
2018-2019,2018020362,2018-11-27,TOR,TOR vs. BOS,W,HOME,4,2,4,7,11,2,23,1,31,0.12903225806451613,22,7,14,38,40,2,0.95,1,1,0
2018-2019,2018020364,2018-11-27,WSH,WSH @ NYI,W,AWAY,4,1,4,8,12,6,19,1,24,0.16666666666666666,17,3,6,32,33,1,0.9696969696969697,1,0,0
2018-2019,2018020370,2018-11-28,ANA,ANA @ TBL,W,AWAY,3,1,3,6,9,8,22,1,22,0.13636363636363635,13,5,3,34,35,1,0.9714285714285714,1,0,0
2018-2019,2018020372,2018-11-28,ARI,ARI @ MIN,W,AWAY,4,3,4,7,11,4,24,0,14,0.2857142857142857,14,3,1,22,25,3,0.88,2,1,0
2018-2019,2018020367,2018-11-28,BUF,BUF vs. SJS,W,HOME,3,2,3,5,8,8,19,0,31,0.0967741935483871,5,7,7,36,38,2,0.9473684210526315,1,1,0
2018-2019,2018020369,2018-11-28,CAR,CAR @ MTL,W,AWAY,2,1,2,4,6,6,30,0,22,0.09090909090909091,26,10,8,48,49,1,0.9795918367346939,1,0,0
2018-2019,2018020374,2018-11-28,CHI,CHI vs. VGK,L,HOME,3,8,3,5,8,6,17,0,24,0.125,13,9,6,35,43,8,0.813953488372093,7,1,0
2018-2019,2018020371,2018-11-28,COL,COL @ NSH,W,AWAY,3,2,3,6,9,4,17,2,25,0.12,19,1,12,36,38,2,0.9473684210526315,2,0,0
2018-2019,2018020375,2018-11-28,DAL,DAL @ EDM,L,AWAY,0,1,0,0,0,4,28,0,28,0.0,16,8,12,30,31,1,0.967741935483871,1,0,0
2018-2019,2018020375,2018-11-28,EDM,EDM vs. DAL,W,HOME,1,0,1,1,2,4,37,0,31,0.03225806451612903,12,6,17,28,28,0,1.0,0,0,0
2018-2019,2018020376,2018-11-28,LAK,LAK @ VAN,W,AWAY,2,1,2,4,6,4,25,0,25,0.08,18,5,3,32,33,1,0.9696969696969697,1,0,0
2018-2019,2018020372,2018-11-28,MIN,MIN vs. ARI,L,HOME,3,4,3,6,9,0,16,1,25,0.12,12,5,4,10,14,4,0.7142857142857143,4,0,0
2018-2019,2018020369,2018-11-28,MTL,MTL vs. CAR,L,HOME,1,2,1,2,3,2,31,0,49,0.02040816326530612,15,9,12,20,22,2,0.9090909090909091,2,0,0
2018-2019,2018020371,2018-11-28,NSH,NSH vs. COL,L,HOME,2,3,2,4,6,4,21,0,38,0.05263157894736842,11,3,18,22,25,3,0.88,1,2,0
2018-2019,2018020368,2018-11-28,OTT,OTT @ PHI,W,AWAY,4,3,4,6,10,5,18,0,24,0.16666666666666666,14,9,4,34,37,3,0.918918918918919,3,0,0
2018-2019,2018020368,2018-11-28,PHI,PHI vs. OTT,L,HOME,3,4,3,6,9,11,19,0,37,0.08108108108108109,13,1,7,20,24,4,0.8333333333333334,4,0,0
2018-2019,2018020373,2018-11-28,PIT,PIT @ WPG,W,AWAY,4,3,4,8,12,4,18,0,30,0.13333333333333333,12,6,5,24,27,3,0.8888888888888888,2,0,0
2018-2019,2018020367,2018-11-28,SJS,SJS @ BUF,L,AWAY,2,3,2,4,6,4,11,1,38,0.05263157894736842,7,7,10,28,31,3,0.9032258064516129,3,0,0
2018-2019,2018020370,2018-11-28,TBL,TBL vs. ANA,L,HOME,1,3,1,2,3,6,29,0,35,0.02857142857142857,8,5,7,19,22,3,0.8636363636363636,2,1,0
2018-2019,2018020376,2018-11-28,VAN,VAN vs. LAK,L,HOME,1,2,1,2,3,6,20,0,33,0.030303030303030304,16,6,2,23,25,2,0.92,2,0,0
2018-2019,2018020374,2018-11-28,VGK,VGK @ CHI,W,AWAY,8,3,8,13,21,4,25,1,43,0.18604651162790697,5,11,6,21,24,3,0.875,3,0,0
2018-2019,2018020373,2018-11-28,WPG,WPG vs. PIT,L,HOME,3,4,3,6,9,2,16,0,27,0.1111111111111111,6,7,16,26,30,4,0.8666666666666667,4,0,0
2018-2019,2018020378,2018-11-29,ANA,ANA @ FLA,W,AWAY,3,2,3,6,9,6,16,0,25,0.12,10,7,14,42,44,2,0.9545454545454546,1,1,0
2018-2019,2018020380,2018-11-29,CGY,CGY vs. DAL,L,HOME,3,4,3,6,9,4,6,1,33,0.09090909090909091,6,10,14,24,28,4,0.8571428571428571,3,1,0
2018-2019,2018020381,2018-11-29,COL,COL vs. PIT,W,HOME,6,3,6,10,16,8,21,0,26,0.23076923076923078,17,7,3,22,25,3,0.88,2,1,0
2018-2019,2018020380,2018-11-29,DAL,DAL @ CGY,W,AWAY,4,3,4,5,9,10,10,1,28,0.14285714285714285,26,10,13,30,33,3,0.9090909090909091,2,1,0
2018-2019,2018020377,2018-11-29,DET,DET vs. STL,W,HOME,4,3,4,7,11,6,17,0,31,0.12903225806451613,15,2,15,33,36,3,0.9166666666666666,1,2,0
2018-2019,2018020378,2018-11-29,FLA,FLA vs. ANA,L,HOME,2,3,2,4,6,4,15,1,44,0.045454545454545456,6,10,13,22,25,3,0.88,3,0,0
2018-2019,2018020381,2018-11-29,PIT,PIT @ COL,L,AWAY,3,6,3,3,6,2,10,1,25,0.12,9,5,3,20,25,5,0.8,5,0,0
2018-2019,2018020379,2018-11-29,SJS,SJS @ TOR,L,AWAY,3,5,3,6,9,8,17,2,41,0.07317073170731707,8,3,11,24,29,5,0.8275862068965517,2,3,0
2018-2019,2018020377,2018-11-29,STL,STL @ DET,L,AWAY,3,4,3,5,8,2,20,2,36,0.08333333333333333,11,5,5,27,31,4,0.8709677419354839,4,0,0
2018-2019,2018020379,2018-11-29,TOR,TOR vs. SJS,W,HOME,5,3,5,10,15,6,15,3,29,0.1724137931034483,18,9,20,38,41,3,0.926829268292683,1,2,0
2018-2019,2018020386,2018-11-30,ARI,ARI @ NSH,W,AWAY,3,0,3,5,8,18,14,1,25,0.12,18,1,9,29,29,0,1.0,0,0,0
2018-2019,2018020382,2018-11-30,BOS,BOS vs. NYI,W,HOME,2,1,1,2,3,2,32,1,36,0.027777777777777776,16,12,8,28,29,1,0.9655172413793104,1,0,0
2018-2019,2018020385,2018-11-30,BUF,BUF @ TBL,L,AWAY,4,5,4,7,11,20,23,0,22,0.18181818181818182,10,8,10,32,37,5,0.8648648648648649,4,1,0
2018-2019,2018020383,2018-11-30,CBJ,CBJ vs. MIN,W,HOME,4,2,4,8,12,2,13,1,29,0.13793103448275862,12,2,3,23,25,2,0.92,2,0,0
2018-2019,2018020387,2018-11-30,CHI,CHI @ WPG,L,AWAY,5,6,5,8,13,4,7,0,31,0.16129032258064516,10,6,4,27,33,6,0.8181818181818182,5,1,0
2018-2019,2018020388,2018-11-30,EDM,EDM vs. LAK,W,HOME,3,2,3,6,9,6,35,2,34,0.08823529411764706,22,15,13,30,32,2,0.9375,1,1,0
2018-2019,2018020388,2018-11-30,LAK,LAK @ EDM,L,AWAY,2,3,2,4,6,6,27,1,32,0.0625,18,7,16,31,34,3,0.9117647058823529,1,2,0
2018-2019,2018020383,2018-11-30,MIN,MIN @ CBJ,L,AWAY,2,4,2,3,5,4,11,0,25,0.08,15,1,4,25,29,4,0.8620689655172413,3,1,0
2018-2019,2018020386,2018-11-30,NSH,NSH vs. ARI,L,HOME,0,3,0,0,0,24,21,0,29,0.0,22,9,15,22,25,3,0.88,2,1,0
2018-2019,2018020382,2018-11-30,NYI,NYI @ BOS,L,AWAY,1,2,1,2,3,2,35,0,29,0.034482758620689655,16,27,11,35,36,1,0.9722222222222222,0,1,0
2018-2019,2018020384,2018-11-30,NYR,NYR @ OTT,L,AWAY,0,3,0,0,0,2,40,0,27,0.0,9,8,10,31,34,3,0.9117647058823529,3,0,0
2018-2019,2018020384,2018-11-30,OTT,OTT vs. NYR,W,HOME,3,0,3,6,9,0,26,0,34,0.08823529411764706,12,9,19,27,27,0,1.0,0,0,0
2018-2019,2018020385,2018-11-30,TBL,TBL vs. BUF,W,HOME,5,4,5,9,14,4,28,1,37,0.13513513513513514,8,7,9,18,22,4,0.8181818181818182,4,0,0
2018-2019,2018020389,2018-11-30,VAN,VAN vs. VGK,L,HOME,3,4,3,5,8,4,25,0,36,0.08333333333333333,9,5,4,27,31,4,0.8709677419354839,2,1,0
2018-2019,2018020389,2018-11-30,VGK,VGK @ VAN,W,AWAY,4,3,4,7,11,6,25,1,31,0.12903225806451613,13,4,3,33,36,3,0.9166666666666666,3,0,0
2018-2019,2018020387,2018-11-30,WPG,WPG vs. CHI,W,HOME,6,5,6,8,14,2,9,1,33,0.18181818181818182,18,13,12,26,31,5,0.8387096774193549,5,0,0
2018-2019,2018020392,2018-12-01,ANA,ANA @ CAR,W,AWAY,2,1,2,4,6,12,27,0,29,0.06896551724137931,17,16,10,33,34,1,0.9705882352941176,1,0,0
2018-2019,2018020390,2018-12-01,BUF,BUF @ FLA,L,AWAY,2,3,2,3,5,8,26,1,24,0.08333333333333333,21,9,22,40,43,3,0.9302325581395349,1,2,0
2018-2019,2018020392,2018-12-01,CAR,CAR vs. ANA,L,HOME,1,2,1,2,3,6,42,0,34,0.029411764705882353,4,28,11,27,29,2,0.9310344827586207,2,0,0
2018-2019,2018020394,2018-12-01,CGY,CGY vs. LAK,W,HOME,4,1,4,7,11,2,16,1,37,0.10810810810810811,11,17,16,13,14,1,0.9285714285714286,1,0,0
2018-2019,2018020393,2018-12-01,COL,COL vs. STL,L,HOME,2,3,2,2,4,24,20,1,29,0.06896551724137931,23,7,6,34,37,3,0.918918918918919,2,1,0
2018-2019,2018020396,2018-12-01,DAL,DAL @ VAN,W,AWAY,2,1,2,3,5,10,13,0,27,0.07407407407407407,17,4,3,24,25,1,0.96,1,0,0
2018-2019,2018020390,2018-12-01,FLA,FLA vs. BUF,W,HOME,3,2,3,6,9,8,37,2,43,0.06976744186046512,10,15,19,22,24,2,0.9166666666666666,1,1,0
2018-2019,2018020394,2018-12-01,LAK,LAK @ CGY,L,AWAY,1,4,1,1,2,6,21,0,14,0.07142857142857142,9,14,16,33,35,2,0.9428571428571428,1,1,0
2018-2019,2018020391,2018-12-01,NJD,NJD @ WSH,L,AWAY,3,6,3,4,7,8,12,0,36,0.08333333333333333,11,5,7,25,29,4,0.8620689655172413,2,1,0
2018-2019,2018020395,2018-12-01,OTT,OTT vs. SJS,W,HOME,6,2,6,11,17,11,26,1,27,0.2222222222222222,22,4,14,36,38,2,0.9473684210526315,1,1,0
2018-2019,2018020395,2018-12-01,SJS,SJS @ OTT,L,AWAY,2,6,2,4,6,7,16,1,38,0.05263157894736842,14,4,14,21,26,5,0.8076923076923077,4,1,0
2018-2019,2018020393,2018-12-01,STL,STL @ COL,W,AWAY,3,2,3,3,6,15,15,1,37,0.08108108108108109,17,10,2,27,29,2,0.9310344827586207,1,1,0
2018-2019,2018020396,2018-12-01,VAN,VAN vs. DAL,L,HOME,1,2,1,2,3,8,22,0,25,0.04,13,3,5,25,27,2,0.9259259259259259,2,0,0
2018-2019,2018020391,2018-12-01,WSH,WSH vs. NJD,W,HOME,6,3,6,9,15,18,6,1,31,0.1935483870967742,14,7,11,33,36,3,0.9166666666666666,2,0,0
2018-2019,2018020407,2018-12-02,ANA,ANA @ WSH,W,AWAY,6,5,6,11,17,8,19,2,25,0.24,14,9,9,27,32,5,0.84375,4,1,0
2018-2019,2018020405,2018-12-02,ARI,ARI vs. STL,W,HOME,6,1,6,10,16,10,13,1,44,0.13636363636363635,14,5,7,25,26,1,0.9615384615384616,1,0,0
2018-2019,2018020397,2018-12-02,BOS,BOS vs. DET,L,HOME,2,4,2,4,6,13,21,1,40,0.05,9,5,11,23,26,3,0.8846153846153846,2,1,0
2018-2019,2018020401,2018-12-02,CBJ,CBJ @ NYI,L,AWAY,2,3,2,2,4,8,35,0,30,0.06666666666666667,13,6,11,26,29,3,0.896551724137931,3,0,0
2018-2019,2018020404,2018-12-02,CHI,CHI @ NSH,L,AWAY,2,5,2,3,5,36,6,0,21,0.09523809523809523,9,5,10,25,29,4,0.8620689655172413,3,1,0
2018-2019,2018020397,2018-12-02,DET,DET @ BOS,W,AWAY,4,2,4,7,11,17,22,1,27,0.14814814814814814,16,9,6,38,40,2,0.95,1,1,0
2018-2019,2018020406,2018-12-02,EDM,EDM vs. VGK,W,HOME,2,1,2,3,5,4,34,0,34,0.058823529411764705,21,17,23,31,32,1,0.96875,1,0,0
2018-2019,2018020399,2018-12-02,FLA,FLA vs. TBL,L,HOME,4,5,4,5,9,8,28,1,27,0.14814814814814814,15,21,30,34,39,5,0.8717948717948718,3,2,0
2018-2019,2018020403,2018-12-02,MIN,MIN vs. TOR,L,HOME,3,5,3,4,7,2,20,0,41,0.07317073170731707,12,7,6,18,22,4,0.8181818181818182,3,1,0
2018-2019,2018020398,2018-12-02,MTL,MTL vs. NYR,W,HOME,5,2,5,8,13,6,36,1,41,0.12195121951219512,15,6,12,20,22,2,0.9090909090909091,1,1,0
2018-2019,2018020400,2018-12-02,NJD,NJD vs. WPG,L,HOME,3,4,3,5,8,4,21,1,39,0.07692307692307693,11,10,8,34,38,4,0.8947368421052632,4,0,0
2018-2019,2018020404,2018-12-02,NSH,NSH vs. CHI,W,HOME,5,2,5,7,12,9,13,1,30,0.16666666666666666,16,10,4,19,21,2,0.9047619047619048,1,0,0
2018-2019,2018020401,2018-12-02,NYI,NYI vs. CBJ,W,HOME,3,2,3,6,9,6,35,0,29,0.10344827586206896,13,9,21,28,30,2,0.9333333333333333,2,0,0
2018-2019,2018020398,2018-12-02,NYR,NYR @ MTL,L,AWAY,2,5,2,4,6,6,28,1,22,0.09090909090909091,10,9,10,36,41,5,0.8780487804878049,4,1,0
2018-2019,2018020408,2018-12-02,NYR,NYR vs. WPG,L,HOME,3,4,3,6,9,8,28,0,19,0.15789473684210525,12,12,24,39,42,3,0.9285714285714286,2,1,0
2018-2019,2018020402,2018-12-02,PHI,PHI @ PIT,W,AWAY,4,2,4,7,11,9,36,0,26,0.15384615384615385,16,9,8,30,32,2,0.9375,2,0,0
2018-2019,2018020402,2018-12-02,PIT,PIT vs. PHI,L,HOME,2,4,2,3,5,13,39,0,32,0.0625,15,17,14,22,25,3,0.88,2,0,0
2018-2019,2018020405,2018-12-02,STL,STL @ ARI,L,AWAY,1,6,1,2,3,26,31,0,26,0.038461538461538464,15,7,5,38,44,6,0.8636363636363636,5,1,0
2018-2019,2018020399,2018-12-02,TBL,TBL @ FLA,W,AWAY,5,4,5,8,13,8,24,2,39,0.1282051282051282,18,5,14,23,27,4,0.8518518518518519,3,1,0
2018-2019,2018020403,2018-12-02,TOR,TOR @ MIN,W,AWAY,5,3,5,8,13,6,8,1,23,0.21739130434782608,16,3,4,38,41,3,0.926829268292683,3,0,0
2018-2019,2018020406,2018-12-02,VGK,VGK @ EDM,L,AWAY,1,2,1,0,1,6,34,0,32,0.03125,14,11,14,32,34,2,0.9411764705882353,2,0,0
2018-2019,2018020400,2018-12-02,WPG,WPG @ NJD,W,AWAY,4,3,4,5,9,8,26,0,38,0.10526315789473684,14,13,1,36,39,3,0.9230769230769231,2,1,0
2018-2019,2018020408,2018-12-02,WPG,WPG @ NYR,W,AWAY,4,3,3,6,9,4,26,1,42,0.07142857142857142,15,10,11,16,19,3,0.8421052631578947,3,0,0
2018-2019,2018020407,2018-12-02,WSH,WSH vs. ANA,L,HOME,5,6,5,9,14,6,9,1,32,0.15625,12,5,7,19,25,6,0.76,4,2,0
2018-2019,2018020412,2018-12-03,CAR,CAR @ LAK,L,AWAY,0,2,0,0,0,8,17,0,34,0.0,10,1,7,33,34,1,0.9705882352941176,1,0,0
2018-2019,2018020411,2018-12-03,CGY,CGY @ CHI,W,AWAY,3,2,3,6,9,15,21,2,41,0.07317073170731707,19,7,8,22,24,2,0.9166666666666666,1,1,0
2018-2019,2018020411,2018-12-03,CHI,CHI vs. CGY,L,HOME,2,3,2,1,3,28,17,1,24,0.08333333333333333,10,5,13,38,41,3,0.926829268292683,1,2,0
2018-2019,2018020410,2018-12-03,COL,COL @ DET,W,AWAY,2,0,2,4,6,14,20,1,29,0.06896551724137931,16,0,3,24,24,0,1.0,0,0,0
2018-2019,2018020410,2018-12-03,DET,DET vs. COL,L,HOME,0,2,0,0,0,12,26,0,24,0.0,9,5,13,27,28,1,0.9642857142857143,0,1,0
2018-2019,2018020412,2018-12-03,LAK,LAK vs. CAR,W,HOME,2,0,2,3,5,6,21,0,35,0.05714285714285714,20,4,9,34,34,0,1.0,0,0,0
2018-2019,2018020409,2018-12-03,MTL,MTL vs. SJS,L,HOME,1,3,1,2,3,8,35,0,41,0.024390243902439025,19,5,9,26,29,3,0.896551724137931,2,1,0
2018-2019,2018020409,2018-12-03,SJS,SJS @ MTL,W,AWAY,3,1,3,4,7,2,16,1,29,0.10344827586206896,22,6,12,40,41,1,0.975609756097561,1,0,0
2018-2019,2018020414,2018-12-04,BUF,BUF @ NSH,L,AWAY,1,2,1,0,1,4,17,0,22,0.045454545454545456,16,6,14,23,25,2,0.92,1,1,0
2018-2019,2018020415,2018-12-04,DAL,DAL vs. EDM,W,HOME,4,1,4,5,9,13,23,1,25,0.16,17,11,17,28,29,1,0.9655172413793104,1,0,0
2018-2019,2018020415,2018-12-04,EDM,EDM @ DAL,L,AWAY,1,4,1,2,3,23,24,0,29,0.034482758620689655,17,3,11,21,24,3,0.875,2,1,0
2018-2019,2018020413,2018-12-04,NJD,NJD vs. TBL,L,HOME,1,5,1,2,3,8,23,0,27,0.037037037037037035,8,4,4,21,26,5,0.8076923076923077,3,2,0
2018-2019,2018020414,2018-12-04,NSH,NSH vs. BUF,W,HOME,2,1,2,4,6,8,24,1,25,0.08,15,10,6,21,22,1,0.9545454545454546,1,0,0
2018-2019,2018020413,2018-12-04,TBL,TBL @ NJD,W,AWAY,5,1,5,10,15,10,19,2,26,0.19230769230769232,7,8,8,26,27,1,0.9629629629629629,1,0,0
2018-2019,2018020425,2018-12-05,ARI,ARI @ LAK,W,AWAY,2,1,2,4,6,4,15,1,20,0.1,18,1,8,25,26,1,0.9615384615384616,1,0,0
2018-2019,2018020417,2018-12-05,BOS,BOS @ FLA,L,AWAY,0,5,0,0,0,14,26,0,33,0.0,8,6,19,39,44,5,0.8863636363636364,3,2,0
2018-2019,2018020416,2018-12-05,BUF,BUF vs. TOR,L,HOME,3,4,3,5,8,4,14,0,41,0.07317073170731707,22,2,10,26,30,4,0.8666666666666667,4,0,0
2018-2019,2018020420,2018-12-05,CBJ,CBJ vs. CGY,L,HOME,6,9,6,9,15,8,10,1,30,0.2,9,7,10,19,28,9,0.6785714285714286,6,3,0
2018-2019,2018020420,2018-12-05,CGY,CGY @ CBJ,W,AWAY,9,6,9,14,23,4,11,3,28,0.32142857142857145,10,7,5,24,30,6,0.8,5,1,0
2018-2019,2018020419,2018-12-05,COL,COL @ PIT,L,AWAY,3,6,3,5,8,8,18,1,45,0.06666666666666667,15,3,8,26,32,6,0.8125,5,1,0
2018-2019,2018020422,2018-12-05,DET,DET vs. TBL,L,HOME,5,6,5,6,11,6,20,0,24,0.20833333333333334,11,6,22,30,35,5,0.8571428571428571,4,0,0
2018-2019,2018020417,2018-12-05,FLA,FLA vs. BOS,W,HOME,5,0,5,8,13,10,22,2,44,0.11363636363636363,16,6,14,33,33,0,1.0,0,0,0
2018-2019,2018020425,2018-12-05,LAK,LAK vs. ARI,L,HOME,1,2,1,2,3,6,24,0,26,0.038461538461538464,18,7,15,18,20,2,0.9,0,1,0
2018-2019,2018020423,2018-12-05,MIN,MIN @ VAN,W,AWAY,3,2,3,5,8,6,21,3,28,0.10714285714285714,17,6,1,29,31,2,0.9354838709677419,2,0,0
2018-2019,2018020421,2018-12-05,MTL,MTL vs. OTT,W,HOME,5,2,5,8,13,15,33,0,41,0.12195121951219512,10,12,11,28,30,2,0.9333333333333333,2,0,0
2018-2019,2018020418,2018-12-05,NYI,NYI vs. WPG,L,HOME,1,3,1,2,3,6,24,0,28,0.03571428571428571,16,4,11,21,23,2,0.9130434782608695,1,1,0
2018-2019,2018020421,2018-12-05,OTT,OTT @ MTL,L,AWAY,2,5,2,3,5,13,20,0,30,0.06666666666666667,26,4,9,36,41,5,0.8780487804878049,5,0,0
2018-2019,2018020419,2018-12-05,PIT,PIT vs. COL,W,HOME,6,3,6,9,15,8,33,1,32,0.1875,16,11,6,42,45,3,0.9333333333333333,1,1,0
2018-2019,2018020422,2018-12-05,TBL,TBL @ DET,W,AWAY,6,5,5,5,10,6,14,0,35,0.14285714285714285,10,8,9,19,24,5,0.7916666666666666,5,0,0
2018-2019,2018020416,2018-12-05,TOR,TOR @ BUF,W,AWAY,4,3,4,7,11,4,11,0,30,0.13333333333333333,11,0,11,38,41,3,0.926829268292683,3,0,0
2018-2019,2018020423,2018-12-05,VAN,VAN vs. MIN,L,HOME,2,3,2,4,6,6,27,0,31,0.06451612903225806,14,0,5,25,28,3,0.8928571428571429,0,3,0
2018-2019,2018020424,2018-12-05,VGK,VGK vs. WSH,W,HOME,5,3,5,7,12,19,41,2,28,0.17857142857142858,14,13,8,23,26,3,0.8846153846153846,3,0,0
2018-2019,2018020418,2018-12-05,WPG,WPG @ NYI,W,AWAY,3,1,3,5,8,4,17,1,24,0.125,17,6,5,27,28,1,0.9642857142857143,1,0,0
2018-2019,2018020424,2018-12-05,WSH,WSH @ VGK,L,AWAY,3,5,3,5,8,12,40,0,26,0.11538461538461539,17,3,2,23,27,4,0.8518518518518519,2,2,0
2018-2019,2018020427,2018-12-06,ANA,ANA vs. CHI,W,HOME,4,2,4,6,10,11,31,0,32,0.125,16,11,15,25,27,2,0.9259259259259259,2,0,0
2018-2019,2018020428,2018-12-06,CAR,CAR @ SJS,L,AWAY,1,5,1,2,3,6,18,1,40,0.025,10,7,10,18,23,5,0.782608695652174,4,1,0
2018-2019,2018020427,2018-12-06,CHI,CHI @ ANA,L,AWAY,2,4,2,4,6,7,29,0,27,0.07407407407407407,15,8,18,28,31,3,0.9032258064516129,3,0,0
2018-2019,2018020426,2018-12-06,EDM,EDM @ STL,W,AWAY,3,2,2,4,6,4,19,0,36,0.05555555555555555,8,7,7,28,30,2,0.9333333333333333,2,0,0
2018-2019,2018020428,2018-12-06,SJS,SJS vs. CAR,W,HOME,5,1,5,10,15,8,17,1,23,0.21739130434782608,20,12,6,39,40,1,0.975,0,1,0
2018-2019,2018020426,2018-12-06,STL,STL vs. EDM,L,HOME,2,3,2,4,6,8,15,0,30,0.06666666666666667,17,12,5,34,36,2,0.9444444444444444,2,0,0
2018-2019,2018020436,2018-12-07,ARI,ARI vs. WSH,L,HOME,2,4,2,3,5,2,18,0,29,0.06896551724137931,15,6,11,25,28,3,0.8928571428571429,3,0,0
2018-2019,2018020434,2018-12-07,BOS,BOS @ TBL,L,AWAY,2,3,2,3,5,2,22,0,35,0.05714285714285714,16,13,6,27,30,3,0.9,2,0,0
2018-2019,2018020431,2018-12-07,CBJ,CBJ @ PHI,W,AWAY,4,3,4,6,10,6,20,0,30,0.13333333333333333,18,9,8,23,26,3,0.8846153846153846,3,0,0
2018-2019,2018020435,2018-12-07,CGY,CGY vs. MIN,W,HOME,2,0,2,4,6,27,12,0,20,0.1,11,11,12,31,31,0,1.0,0,0,0
2018-2019,2018020438,2018-12-07,CHI,CHI @ VGK,L,AWAY,3,4,3,4,7,4,22,0,35,0.08571428571428572,11,14,7,32,36,4,0.8888888888888888,3,1,0
2018-2019,2018020430,2018-12-07,COL,COL @ FLA,W,AWAY,5,2,5,5,10,10,14,0,37,0.13513513513513514,15,2,4,33,35,2,0.9428571428571428,1,1,0
2018-2019,2018020429,2018-12-07,DET,DET @ TOR,W,AWAY,5,4,5,8,13,8,21,0,32,0.15625,30,6,10,27,31,4,0.8709677419354839,4,0,0
2018-2019,2018020430,2018-12-07,FLA,FLA vs. COL,L,HOME,2,5,2,4,6,8,23,1,35,0.05714285714285714,14,8,12,32,36,4,0.8888888888888888,3,0,0
2018-2019,2018020439,2018-12-07,LAK,LAK vs. NJD,L,HOME,3,6,3,4,7,6,18,0,32,0.09375,17,3,9,29,34,5,0.8529411764705882,4,1,0
2018-2019,2018020435,2018-12-07,MIN,MIN @ CGY,L,AWAY,0,2,0,0,0,6,17,0,31,0.0,21,10,7,18,20,2,0.9,2,0,0
2018-2019,2018020433,2018-12-07,MTL,MTL @ OTT,W,AWAY,5,2,5,9,14,2,37,0,43,0.11627906976744186,12,10,12,19,21,2,0.9047619047619048,1,1,0
2018-2019,2018020439,2018-12-07,NJD,NJD @ LAK,W,AWAY,6,3,6,9,15,6,23,1,35,0.17142857142857143,12,1,8,29,32,3,0.90625,3,0,0
2018-2019,2018020437,2018-12-07,NSH,NSH @ VAN,L,AWAY,3,5,3,6,9,6,36,0,29,0.10344827586206896,12,9,3,25,30,5,0.8333333333333334,4,1,0
2018-2019,2018020432,2018-12-07,NYI,NYI @ PIT,L,AWAY,2,6,2,3,5,8,46,0,24,0.08333333333333333,17,5,4,22,28,6,0.7857142857142857,5,1,0
2018-2019,2018020433,2018-12-07,OTT,OTT vs. MTL,L,HOME,2,5,2,3,5,6,36,1,21,0.09523809523809523,16,17,20,38,42,4,0.9047619047619048,4,0,0
2018-2019,2018020431,2018-12-07,PHI,PHI vs. CBJ,L,HOME,3,4,3,6,9,10,27,0,26,0.11538461538461539,11,4,13,26,30,4,0.8666666666666667,4,0,0
2018-2019,2018020432,2018-12-07,PIT,PIT vs. NYI,W,HOME,6,2,6,12,18,6,39,1,28,0.21428571428571427,15,8,6,22,24,2,0.9166666666666666,1,0,0
2018-2019,2018020434,2018-12-07,TBL,TBL vs. BOS,W,HOME,3,2,3,4,7,2,33,0,30,0.1,16,9,9,33,35,2,0.9428571428571428,2,0,0
2018-2019,2018020429,2018-12-07,TOR,TOR vs. DET,L,HOME,4,5,4,8,12,4,14,0,31,0.12903225806451613,12,11,13,27,32,5,0.84375,5,0,0
2018-2019,2018020437,2018-12-07,VAN,VAN vs. NSH,W,HOME,5,3,5,7,12,2,21,1,30,0.16666666666666666,22,7,6,26,29,3,0.896551724137931,3,0,0
2018-2019,2018020438,2018-12-07,VGK,VGK vs. CHI,W,HOME,4,3,4,7,11,8,20,1,36,0.1111111111111111,22,17,8,32,35,3,0.9142857142857143,3,0,0
2018-2019,2018020436,2018-12-07,WSH,WSH @ ARI,W,AWAY,4,2,4,6,10,4,25,0,29,0.13793103448275862,18,3,16,27,29,2,0.9310344827586207,2,0,0
2018-2019,2018020443,2018-12-08,ANA,ANA vs. CAR,L,HOME,1,4,1,1,2,25,36,0,19,0.05263157894736842,12,6,21,32,35,3,0.9142857142857143,3,0,0
2018-2019,2018020444,2018-12-08,BUF,BUF vs. PHI,L,HOME,2,6,2,4,6,11,11,0,30,0.06666666666666667,11,5,3,35,41,6,0.8536585365853658,5,0,0
2018-2019,2018020443,2018-12-08,CAR,CAR @ ANA,W,AWAY,4,1,4,4,8,17,28,0,36,0.1111111111111111,12,10,14,18,19,1,0.9473684210526315,0,0,0
2018-2019,2018020440,2018-12-08,DAL,DAL vs. SJS,W,HOME,3,2,3,5,8,4,17,0,30,0.1,13,12,21,41,43,2,0.9534883720930233,2,0,0
2018-2019,2018020442,2018-12-08,EDM,EDM vs. MIN,W,HOME,7,2,7,11,18,4,35,0,32,0.21875,14,8,14,31,33,2,0.9393939393939394,2,0,0
2018-2019,2018020445,2018-12-08,LAK,LAK vs. VGK,W,HOME,5,1,5,9,14,6,23,1,25,0.2,12,1,14,29,30,1,0.9666666666666667,1,0,0
2018-2019,2018020442,2018-12-08,MIN,MIN @ EDM,L,AWAY,2,7,2,4,6,2,29,0,33,0.06060606060606061,16,11,16,25,32,7,0.78125,7,0,0
2018-2019,2018020444,2018-12-08,PHI,PHI @ BUF,W,AWAY,6,2,6,9,15,9,17,0,41,0.14634146341463414,10,7,7,28,30,2,0.9333333333333333,2,0,0
2018-2019,2018020440,2018-12-08,SJS,SJS @ DAL,L,AWAY,2,3,2,4,6,4,14,0,43,0.046511627906976744,9,8,20,27,30,3,0.9,3,0,0
2018-2019,2018020441,2018-12-08,STL,STL @ WPG,W,AWAY,1,0,1,2,3,14,14,1,27,0.037037037037037035,22,3,12,26,26,0,1.0,0,0,0
2018-2019,2018020445,2018-12-08,VGK,VGK @ LAK,L,AWAY,1,5,1,2,3,2,28,0,30,0.03333333333333333,5,1,3,20,25,5,0.8,4,1,0
2018-2019,2018020441,2018-12-08,WPG,WPG vs. STL,L,HOME,0,1,0,0,0,6,20,0,26,0.0,6,2,12,26,27,1,0.9629629629629629,0,1,0
2018-2019,2018020452,2018-12-09,ARI,ARI vs. SJS,L,HOME,3,5,3,4,7,2,30,1,20,0.15,23,7,13,28,32,4,0.875,4,0,0
2018-2019,2018020446,2018-12-09,BOS,BOS vs. TOR,W,HOME,6,3,6,12,18,58,24,1,32,0.1875,13,12,12,29,32,3,0.90625,2,1,0
2018-2019,2018020456,2018-12-09,BOS,BOS @ OTT,W,AWAY,2,1,2,4,6,11,36,1,44,0.045454545454545456,9,5,6,27,28,1,0.9642857142857143,1,0,0
2018-2019,2018020451,2018-12-09,CBJ,CBJ vs. WSH,L,HOME,0,4,0,0,0,6,16,0,28,0.0,13,1,3,24,28,4,0.8571428571428571,4,0,0
2018-2019,2018020453,2018-12-09,CGY,CGY vs. NSH,W,HOME,5,2,5,9,14,4,12,0,25,0.2,10,9,13,25,27,2,0.9259259259259259,2,0,0
2018-2019,2018020457,2018-12-09,CHI,CHI vs. MTL,L,HOME,2,3,2,4,6,8,21,1,39,0.05128205128205128,9,7,2,25,28,3,0.8928571428571429,3,0,0
2018-2019,2018020449,2018-12-09,COL,COL @ TBL,L,AWAY,1,7,1,2,3,8,22,0,30,0.03333333333333333,16,5,5,31,38,7,0.8157894736842105,5,2,0
2018-2019,2018020448,2018-12-09,DET,DET vs. NYI,L,HOME,2,3,2,3,5,20,23,0,25,0.08,14,0,17,16,19,3,0.8421052631578947,2,1,0
2018-2019,2018020450,2018-12-09,FLA,FLA vs. NYR,L,HOME,4,5,4,7,11,2,26,2,31,0.12903225806451613,15,4,15,22,26,4,0.8461538461538461,3,0,0
2018-2019,2018020457,2018-12-09,MTL,MTL @ CHI,W,AWAY,3,2,3,6,9,16,26,0,28,0.10714285714285714,20,9,1,37,39,2,0.9487179487179487,1,1,0
2018-2019,2018020453,2018-12-09,NSH,NSH @ CGY,L,AWAY,2,5,2,4,6,6,21,0,27,0.07407407407407407,16,7,17,20,24,4,0.8333333333333334,4,0,0
2018-2019,2018020448,2018-12-09,NYI,NYI @ DET,W,AWAY,3,2,3,5,8,18,24,1,19,0.15789473684210525,11,2,8,23,25,2,0.92,2,0,0
2018-2019,2018020450,2018-12-09,NYR,NYR @ FLA,W,AWAY,5,4,4,6,10,8,26,0,26,0.15384615384615385,16,5,13,27,31,4,0.8709677419354839,2,2,0
2018-2019,2018020456,2018-12-09,OTT,OTT vs. BOS,L,HOME,1,2,1,2,3,21,26,0,28,0.03571428571428571,11,14,20,42,44,2,0.9545454545454546,1,1,0
2018-2019,2018020447,2018-12-09,OTT,OTT vs. PIT,W,HOME,2,1,2,3,5,6,34,1,29,0.06896551724137931,27,10,24,35,36,1,0.9722222222222222,1,0,0
2018-2019,2018020455,2018-12-09,PHI,PHI @ WPG,L,AWAY,1,7,1,2,3,23,18,0,37,0.02702702702702703,10,6,6,28,35,7,0.8,3,3,0
2018-2019,2018020447,2018-12-09,PIT,PIT @ OTT,L,AWAY,1,2,1,0,1,10,25,0,36,0.027777777777777776,7,5,10,27,29,2,0.9310344827586207,1,1,0
2018-2019,2018020452,2018-12-09,SJS,SJS @ ARI,W,AWAY,5,3,5,8,13,2,19,0,33,0.15151515151515152,14,8,16,17,20,3,0.85,2,1,0
2018-2019,2018020454,2018-12-09,STL,STL vs. VAN,L,HOME,1,6,1,2,3,4,22,0,23,0.043478260869565216,16,7,7,15,21,6,0.7142857142857143,6,0,0
2018-2019,2018020449,2018-12-09,TBL,TBL vs. COL,W,HOME,7,1,7,11,18,6,35,2,38,0.18421052631578946,13,5,8,29,30,1,0.9666666666666667,1,0,0
2018-2019,2018020446,2018-12-09,TOR,TOR @ BOS,L,AWAY,3,6,3,6,9,40,21,1,32,0.09375,8,26,9,26,32,6,0.8125,5,1,0
2018-2019,2018020454,2018-12-09,VAN,VAN @ STL,W,AWAY,6,1,6,10,16,4,14,0,21,0.2857142857142857,14,11,3,22,23,1,0.9565217391304348,1,0,0
2018-2019,2018020455,2018-12-09,WPG,WPG vs. PHI,W,HOME,7,1,7,11,18,16,17,3,35,0.2,17,11,12,36,37,1,0.972972972972973,1,0,0
2018-2019,2018020451,2018-12-09,WSH,WSH @ CBJ,W,AWAY,4,0,4,8,12,8,5,0,28,0.14285714285714285,9,4,1,28,28,0,1.0,0,0,0
2018-2019,2018020458,2018-12-10,ANA,ANA vs. NJD,W,HOME,6,5,5,8,13,6,31,0,37,0.13513513513513514,13,10,16,30,35,5,0.8571428571428571,4,1,0
2018-2019,2018020459,2018-12-10,CGY,CGY @ EDM,L,AWAY,0,1,0,0,0,15,28,0,24,0.0,14,11,16,29,30,1,0.9666666666666667,1,0,0
2018-2019,2018020460,2018-12-10,DAL,DAL @ VGK,L,AWAY,2,4,2,4,6,8,31,2,24,0.08333333333333333,20,7,6,24,27,3,0.8888888888888888,3,0,0
2018-2019,2018020459,2018-12-10,EDM,EDM vs. CGY,W,HOME,1,0,1,2,3,9,32,0,30,0.03333333333333333,20,18,21,24,24,0,1.0,0,0,0
2018-2019,2018020458,2018-12-10,NJD,NJD @ ANA,L,AWAY,5,6,5,7,12,2,28,1,35,0.14285714285714285,15,7,16,32,37,5,0.8648648648648649,5,0,0
2018-2019,2018020460,2018-12-10,VGK,VGK vs. DAL,W,HOME,4,2,4,7,11,6,23,1,28,0.14285714285714285,9,12,7,22,24,2,0.9166666666666666,0,2,0
2018-2019,2018020462,2018-12-11,DET,DET vs. LAK,W,HOME,3,1,3,4,7,2,12,0,21,0.14285714285714285,18,9,17,42,43,1,0.9767441860465116,1,0,0
2018-2019,2018020462,2018-12-11,LAK,LAK @ DET,L,AWAY,1,3,1,2,3,2,23,0,43,0.023255813953488372,8,2,11,18,21,3,0.8571428571428571,3,0,0
2018-2019,2018020464,2018-12-11,NJD,NJD @ SJS,L,AWAY,2,5,2,4,6,2,14,0,24,0.08333333333333333,14,15,9,29,34,5,0.8529411764705882,4,1,0
2018-2019,2018020461,2018-12-11,NYI,NYI vs. PIT,L,HOME,1,2,1,2,3,10,40,0,26,0.038461538461538464,18,9,21,23,24,1,0.9583333333333334,1,0,0
2018-2019,2018020463,2018-12-11,NYR,NYR @ TBL,L,AWAY,3,6,3,4,7,17,29,0,26,0.11538461538461539,11,4,3,30,35,5,0.8571428571428571,3,2,0
2018-2019,2018020461,2018-12-11,PIT,PIT @ NYI,W,AWAY,2,1,1,1,2,10,27,0,24,0.041666666666666664,24,7,15,25,26,1,0.9615384615384616,1,0,0
2018-2019,2018020464,2018-12-11,SJS,SJS vs. NJD,W,HOME,5,2,5,8,13,4,13,1,34,0.14705882352941177,10,11,13,22,24,2,0.9166666666666666,2,0,0
2018-2019,2018020463,2018-12-11,TBL,TBL vs. NYR,W,HOME,6,3,6,11,17,7,25,2,36,0.16666666666666666,11,4,7,23,26,3,0.8846153846153846,3,0,0
2018-2019,2018020465,2018-12-12,ARI,ARI @ BOS,L,AWAY,3,4,3,4,7,6,24,1,33,0.09090909090909091,9,10,9,22,26,4,0.8461538461538461,4,0,0
2018-2019,2018020465,2018-12-12,BOS,BOS vs. ARI,W,HOME,4,3,4,8,12,4,29,0,26,0.15384615384615385,15,4,20,30,33,3,0.9090909090909091,2,1,0
2018-2019,2018020466,2018-12-12,BUF,BUF vs. LAK,W,HOME,4,3,4,6,10,13,18,2,47,0.0851063829787234,12,5,6,26,29,3,0.896551724137931,3,0,0
2018-2019,2018020468,2018-12-12,CAR,CAR vs. TOR,L,HOME,1,4,1,2,3,8,24,1,30,0.03333333333333333,17,16,21,25,29,4,0.8620689655172413,4,0,0
2018-2019,2018020469,2018-12-12,CBJ,CBJ vs. VAN,L,HOME,2,3,2,4,6,2,15,0,36,0.05555555555555555,17,11,5,22,25,3,0.88,3,0,0
2018-2019,2018020473,2018-12-12,CHI,CHI @ WPG,L,AWAY,3,6,3,5,8,8,18,0,35,0.08571428571428572,10,4,7,28,33,5,0.8484848484848485,2,3,0
2018-2019,2018020474,2018-12-12,COL,COL vs. EDM,L,HOME,4,6,4,8,12,13,14,1,43,0.09302325581395349,9,7,2,20,26,6,0.7692307692307693,4,2,0
2018-2019,2018020467,2018-12-12,DET,DET @ WSH,L,AWAY,2,6,2,3,5,4,18,0,37,0.05405405405405406,13,11,6,19,25,6,0.76,4,2,0
2018-2019,2018020474,2018-12-12,EDM,EDM @ COL,W,AWAY,6,4,6,10,16,17,23,2,26,0.23076923076923078,16,10,1,39,43,4,0.9069767441860465,3,1,0
2018-2019,2018020470,2018-12-12,FLA,FLA @ STL,L,AWAY,3,4,3,5,8,6,12,0,25,0.12,14,8,5,29,33,4,0.8787878787878788,4,0,0
2018-2019,2018020466,2018-12-12,LAK,LAK @ BUF,L,AWAY,3,4,3,5,8,19,24,0,29,0.10344827586206896,15,2,11,43,47,4,0.9148936170212766,2,2,0
2018-2019,2018020472,2018-12-12,MIN,MIN vs. MTL,W,HOME,7,1,7,12,19,17,17,4,32,0.21875,17,7,8,29,30,1,0.9666666666666667,1,0,0
2018-2019,2018020472,2018-12-12,MTL,MTL @ MIN,L,AWAY,1,7,1,2,3,33,19,0,30,0.03333333333333333,8,4,5,25,32,7,0.78125,2,4,0
2018-2019,2018020471,2018-12-12,NSH,NSH vs. OTT,W,HOME,3,1,3,4,7,6,18,0,36,0.08333333333333333,11,18,6,25,26,1,0.9615384615384616,1,0,0
2018-2019,2018020471,2018-12-12,OTT,OTT @ NSH,L,AWAY,1,3,1,2,3,4,19,0,26,0.038461538461538464,18,3,6,33,36,3,0.9166666666666666,3,0,0
2018-2019,2018020470,2018-12-12,STL,STL vs. FLA,W,HOME,4,3,4,7,11,2,17,0,33,0.12121212121212122,19,14,8,22,25,3,0.88,3,0,0
2018-2019,2018020468,2018-12-12,TOR,TOR @ CAR,W,AWAY,4,1,4,8,12,10,16,0,29,0.13793103448275862,19,9,12,29,30,1,0.9666666666666667,0,1,0
2018-2019,2018020469,2018-12-12,VAN,VAN @ CBJ,W,AWAY,3,2,3,6,9,4,14,0,25,0.12,12,2,2,34,36,2,0.9444444444444444,2,0,0
2018-2019,2018020473,2018-12-12,WPG,WPG vs. CHI,W,HOME,6,3,6,9,15,4,19,3,34,0.17647058823529413,8,5,8,32,35,3,0.9142857142857143,3,0,0
2018-2019,2018020467,2018-12-12,WSH,WSH vs. DET,W,HOME,6,2,6,12,18,2,12,2,25,0.24,11,9,13,35,37,2,0.9459459459459459,2,0,0
2018-2019,2018020478,2018-12-13,ANA,ANA vs. DAL,W,HOME,6,3,6,8,14,6,27,0,36,0.16666666666666666,11,7,14,26,29,3,0.896551724137931,1,2,0
2018-2019,2018020477,2018-12-13,CGY,CGY vs. PHI,W,HOME,6,5,6,12,18,8,9,1,41,0.14634146341463414,12,13,13,14,19,5,0.7368421052631579,3,1,0
2018-2019,2018020476,2018-12-13,CHI,CHI vs. PIT,W,HOME,6,3,6,9,15,4,23,1,29,0.20689655172413793,8,11,12,40,43,3,0.9302325581395349,3,0,0
2018-2019,2018020478,2018-12-13,DAL,DAL @ ANA,L,AWAY,3,6,3,6,9,2,26,2,29,0.10344827586206896,14,9,16,30,35,5,0.8571428571428571,5,0,0
2018-2019,2018020475,2018-12-13,NYI,NYI vs. VGK,L,HOME,2,3,2,3,5,2,21,0,25,0.08,12,10,14,14,17,3,0.8235294117647058,2,1,0
2018-2019,2018020477,2018-12-13,PHI,PHI @ CGY,L,AWAY,5,6,5,7,12,14,17,1,19,0.2631578947368421,18,8,7,35,41,6,0.8536585365853658,4,1,0
2018-2019,2018020476,2018-12-13,PIT,PIT @ CHI,L,AWAY,3,6,3,3,6,4,27,0,43,0.06976744186046512,21,7,12,23,27,4,0.8518518518518519,3,1,0
2018-2019,2018020475,2018-12-13,VGK,VGK @ NYI,W,AWAY,3,2,3,4,7,2,20,1,17,0.17647058823529413,15,4,13,23,25,2,0.92,2,0,0
2018-2019,2018020479,2018-12-14,ARI,ARI @ BUF,L,AWAY,1,3,1,1,2,2,21,0,26,0.038461538461538464,13,2,5,30,33,3,0.9090909090909091,3,0,0
2018-2019,2018020479,2018-12-14,BUF,BUF vs. ARI,W,HOME,3,1,3,3,6,4,23,0,33,0.09090909090909091,18,3,7,25,26,1,0.9615384615384616,1,0,0
2018-2019,2018020481,2018-12-14,CAR,CAR @ MTL,L,AWAY,4,6,4,7,11,14,23,0,31,0.12903225806451613,17,12,16,34,39,5,0.8717948717948718,5,0,0
2018-2019,2018020480,2018-12-14,CBJ,CBJ vs. LAK,W,HOME,4,1,4,8,12,6,11,1,41,0.0975609756097561,15,8,6,29,30,1,0.9666666666666667,1,0,0
2018-2019,2018020486,2018-12-14,DAL,DAL @ SJS,L,AWAY,2,3,2,4,6,2,26,0,22,0.09090909090909091,17,13,14,21,24,3,0.875,3,0,0
2018-2019,2018020485,2018-12-14,EDM,EDM @ WPG,L,AWAY,4,5,4,7,11,6,20,1,26,0.15384615384615385,21,6,9,35,40,5,0.875,4,1,0
2018-2019,2018020484,2018-12-14,FLA,FLA @ MIN,L,AWAY,1,5,1,2,3,2,20,0,31,0.03225806451612903,12,4,4,21,26,5,0.8076923076923077,5,0,0
2018-2019,2018020480,2018-12-14,LAK,LAK @ CBJ,L,AWAY,1,4,1,1,2,6,14,0,30,0.03333333333333333,11,5,3,37,41,4,0.9024390243902439,3,1,0
2018-2019,2018020484,2018-12-14,MIN,MIN vs. FLA,W,HOME,5,1,5,9,14,6,15,0,26,0.19230769230769232,21,7,3,30,31,1,0.967741935483871,1,0,0
2018-2019,2018020481,2018-12-14,MTL,MTL vs. CAR,W,HOME,6,4,6,8,14,6,28,0,40,0.15,11,8,14,27,31,4,0.8709677419354839,4,0,0
2018-2019,2018020483,2018-12-14,NSH,NSH vs. VAN,W,HOME,4,3,4,7,11,8,20,0,34,0.11764705882352941,11,10,12,19,22,3,0.8636363636363636,0,1,0
2018-2019,2018020486,2018-12-14,SJS,SJS vs. DAL,W,HOME,3,2,3,6,9,0,22,0,24,0.125,10,14,12,20,22,2,0.9090909090909091,2,0,0
2018-2019,2018020482,2018-12-14,TBL,TBL vs. TOR,W,HOME,4,1,4,7,11,14,27,1,21,0.19047619047619047,23,6,11,48,49,1,0.9795918367346939,1,0,0
2018-2019,2018020482,2018-12-14,TOR,TOR @ TBL,L,AWAY,1,4,1,0,1,8,19,0,49,0.02040816326530612,16,6,4,17,21,4,0.8095238095238095,2,1,0
2018-2019,2018020483,2018-12-14,VAN,VAN @ NSH,L,AWAY,3,4,3,5,8,6,17,1,22,0.13636363636363635,15,1,12,30,34,4,0.8823529411764706,4,0,0
2018-2019,2018020485,2018-12-14,WPG,WPG vs. EDM,W,HOME,5,4,5,10,15,4,16,1,40,0.125,8,13,8,22,26,4,0.8461538461538461,3,1,0
2018-2019,2018020488,2018-12-15,ARI,ARI @ NYR,W,AWAY,4,3,4,7,11,24,21,1,34,0.11764705882352941,10,10,8,27,30,3,0.9,0,3,0
2018-2019,2018020489,2018-12-15,BOS,BOS @ PIT,L,AWAY,3,5,3,6,9,2,35,0,51,0.058823529411764705,7,6,3,23,27,4,0.8518518518518519,3,0,0
2018-2019,2018020491,2018-12-15,CAR,CAR vs. WSH,L,HOME,5,6,5,7,12,6,26,3,27,0.18518518518518517,16,14,18,24,29,5,0.8275862068965517,4,1,0
2018-2019,2018020495,2018-12-15,CGY,CGY @ MIN,W,AWAY,2,1,2,3,5,21,13,0,26,0.07692307692307693,11,5,5,34,35,1,0.9714285714285714,1,0,0
2018-2019,2018020493,2018-12-15,CHI,CHI vs. WPG,L,HOME,3,4,3,6,9,8,13,0,37,0.08108108108108109,14,10,7,38,42,4,0.9047619047619048,3,1,0
2018-2019,2018020492,2018-12-15,COL,COL @ STL,L,AWAY,3,4,3,6,9,9,17,1,42,0.07142857142857142,15,5,3,24,28,4,0.8571428571428571,3,0,0
2018-2019,2018020490,2018-12-15,DET,DET vs. OTT,L,HOME,2,4,2,4,6,11,18,0,28,0.07142857142857142,16,6,9,28,31,3,0.9032258064516129,3,0,0
2018-2019,2018020494,2018-12-15,EDM,EDM vs. PHI,W,HOME,4,1,4,7,11,10,33,0,22,0.18181818181818182,16,15,11,31,32,1,0.96875,1,0,0
2018-2019,2018020495,2018-12-15,MIN,MIN vs. CGY,L,HOME,1,2,1,1,2,21,10,0,35,0.02857142857142857,14,6,9,24,26,2,0.9230769230769231,1,0,0
2018-2019,2018020487,2018-12-15,NJD,NJD vs. VGK,W,HOME,5,4,5,6,11,6,12,1,42,0.11904761904761904,8,3,8,18,22,4,0.8181818181818182,3,1,0
2018-2019,2018020488,2018-12-15,NYR,NYR vs. ARI,L,HOME,3,4,3,6,9,20,23,3,30,0.1,20,8,18,30,34,4,0.8823529411764706,3,1,0
2018-2019,2018020490,2018-12-15,OTT,OTT @ DET,W,AWAY,4,2,4,7,11,9,19,1,32,0.125,14,8,13,26,28,2,0.9285714285714286,2,0,0
2018-2019,2018020494,2018-12-15,PHI,PHI @ EDM,L,AWAY,1,4,1,2,3,4,16,0,32,0.03125,10,8,11,18,21,3,0.8571428571428571,3,0,0
2018-2019,2018020489,2018-12-15,PIT,PIT vs. BOS,W,HOME,5,3,5,10,15,4,52,0,28,0.17857142857142858,15,7,6,48,51,3,0.9411764705882353,3,0,0
2018-2019,2018020492,2018-12-15,STL,STL vs. COL,W,HOME,4,3,4,6,10,17,17,0,28,0.14285714285714285,15,9,6,39,42,3,0.9285714285714286,2,1,0
2018-2019,2018020487,2018-12-15,VGK,VGK @ NJD,L,AWAY,4,5,4,7,11,10,15,1,22,0.18181818181818182,11,5,4,37,42,5,0.8809523809523809,4,1,0
2018-2019,2018020493,2018-12-15,WPG,WPG @ CHI,W,AWAY,4,3,4,8,12,4,19,1,42,0.09523809523809523,13,10,3,34,37,3,0.918918918918919,3,0,0
2018-2019,2018020491,2018-12-15,WSH,WSH @ CAR,W,AWAY,6,5,5,9,14,14,25,1,29,0.1724137931034483,21,18,13,22,27,5,0.8148148148148148,1,3,0
2018-2019,2018020501,2018-12-16,ANA,ANA @ CBJ,W,AWAY,2,1,2,2,4,8,17,0,22,0.09090909090909091,12,5,4,36,37,1,0.972972972972973,1,0,0
2018-2019,2018020506,2018-12-16,ARI,ARI @ CAR,L,AWAY,0,3,0,0,0,12,32,0,23,0.0,10,15,6,24,27,3,0.8888888888888888,3,0,0
2018-2019,2018020508,2018-12-16,BOS,BOS vs. BUF,L,HOME,2,4,2,4,6,2,27,0,37,0.05405405405405406,8,13,10,23,26,3,0.8846153846153846,3,0,0
2018-2019,2018020508,2018-12-16,BUF,BUF @ BOS,W,AWAY,4,2,4,8,12,4,23,0,27,0.14814814814814814,14,19,11,35,37,2,0.9459459459459459,2,0,0
2018-2019,2018020500,2018-12-16,BUF,BUF @ WSH,L,AWAY,3,4,3,6,9,12,16,2,29,0.10344827586206896,13,6,7,35,38,3,0.9210526315789473,3,0,0
2018-2019,2018020506,2018-12-16,CAR,CAR vs. ARI,W,HOME,3,0,3,6,9,8,48,0,27,0.1111111111111111,11,18,8,23,23,0,1.0,0,0,0
2018-2019,2018020501,2018-12-16,CBJ,CBJ vs. ANA,L,HOME,1,2,1,1,2,4,21,0,37,0.02702702702702703,13,2,3,20,22,2,0.9090909090909091,2,0,0
2018-2019,2018020507,2018-12-16,CGY,CGY @ STL,W,AWAY,7,2,7,11,18,4,7,3,29,0.2413793103448276,12,15,8,26,28,2,0.9285714285714286,2,0,0
2018-2019,2018020503,2018-12-16,COL,COL vs. DAL,W,HOME,6,4,6,8,14,4,15,3,37,0.16216216216216217,11,5,5,38,42,4,0.9047619047619048,2,1,0
2018-2019,2018020503,2018-12-16,DAL,DAL @ COL,L,AWAY,4,6,4,7,11,14,30,1,42,0.09523809523809523,14,3,1,31,36,5,0.8611111111111112,2,3,0
2018-2019,2018020498,2018-12-16,DET,DET @ NYI,L,AWAY,3,4,3,6,9,12,19,1,21,0.14285714285714285,12,6,11,45,48,3,0.9375,2,1,0
2018-2019,2018020497,2018-12-16,FLA,FLA vs. TOR,W,HOME,4,3,4,7,11,20,24,2,33,0.12121212121212122,22,16,24,29,32,3,0.90625,3,0,0
2018-2019,2018020499,2018-12-16,LAK,LAK @ PIT,L,AWAY,3,4,3,6,9,4,36,1,41,0.07317073170731707,11,2,6,32,36,4,0.8888888888888888,2,1,0
2018-2019,2018020496,2018-12-16,MTL,MTL vs. OTT,W,HOME,5,2,5,10,15,8,32,0,47,0.10638297872340426,9,3,20,16,18,2,0.8888888888888888,2,0,0
2018-2019,2018020502,2018-12-16,NJD,NJD @ NSH,L,AWAY,1,2,1,2,3,4,12,0,34,0.029411764705882353,10,3,11,27,28,1,0.9642857142857143,1,0,0
2018-2019,2018020502,2018-12-16,NSH,NSH vs. NJD,W,HOME,2,1,1,2,3,8,34,0,28,0.03571428571428571,15,5,12,33,34,1,0.9705882352941176,1,0,0
2018-2019,2018020498,2018-12-16,NYI,NYI vs. DET,W,HOME,4,3,3,6,9,2,29,1,48,0.0625,12,6,12,18,21,3,0.8571428571428571,2,1,0
2018-2019,2018020505,2018-12-16,NYR,NYR vs. VGK,L,HOME,3,4,3,5,8,4,37,1,30,0.1,24,11,28,37,41,4,0.9024390243902439,3,1,0
2018-2019,2018020496,2018-12-16,OTT,OTT @ MTL,L,AWAY,2,5,2,2,4,10,25,0,18,0.1111111111111111,25,3,10,42,46,4,0.9130434782608695,4,0,0
2018-2019,2018020504,2018-12-16,PHI,PHI @ VAN,L,AWAY,1,5,1,0,1,4,23,0,32,0.03125,10,5,1,19,23,4,0.8260869565217391,4,0,0
2018-2019,2018020499,2018-12-16,PIT,PIT vs. LAK,W,HOME,4,3,4,6,10,6,28,1,36,0.1111111111111111,14,8,11,38,41,3,0.926829268292683,2,1,0
2018-2019,2018020507,2018-12-16,STL,STL vs. CGY,L,HOME,2,7,2,3,5,16,16,0,28,0.07142857142857142,14,13,7,22,28,6,0.7857142857142857,2,3,0
2018-2019,2018020497,2018-12-16,TOR,TOR @ FLA,L,AWAY,3,4,3,6,9,8,12,0,32,0.09375,12,9,8,29,33,4,0.8787878787878788,2,2,0
2018-2019,2018020504,2018-12-16,VAN,VAN vs. PHI,W,HOME,5,1,5,10,15,8,27,0,24,0.20833333333333334,13,4,12,31,32,1,0.96875,1,0,0
2018-2019,2018020505,2018-12-16,VGK,VGK @ NYR,W,AWAY,4,3,4,7,11,8,28,1,41,0.0975609756097561,8,8,14,27,30,3,0.9,2,1,0
2018-2019,2018020500,2018-12-16,WSH,WSH vs. BUF,W,HOME,4,3,3,4,7,10,32,0,38,0.07894736842105263,12,9,11,26,29,3,0.896551724137931,1,2,0
2018-2019,2018020509,2018-12-17,CHI,CHI vs. SJS,L,HOME,3,7,3,5,8,6,23,0,20,0.15,14,8,13,36,43,7,0.8372093023255814,5,2,0
2018-2019,2018020511,2018-12-17,EDM,EDM @ VAN,L,AWAY,2,4,2,4,6,8,20,0,22,0.09090909090909091,4,2,1,26,29,3,0.896551724137931,0,3,0
2018-2019,2018020509,2018-12-17,SJS,SJS @ CHI,W,AWAY,7,3,7,14,21,10,23,2,43,0.16279069767441862,16,10,11,17,20,3,0.85,3,0,0
2018-2019,2018020510,2018-12-17,TBL,TBL @ WPG,L,AWAY,4,5,4,6,10,2,23,2,47,0.0851063829787234,14,7,16,37,42,5,0.8809523809523809,4,1,0
2018-2019,2018020511,2018-12-17,VAN,VAN vs. EDM,W,HOME,4,2,4,7,11,2,23,3,30,0.13333333333333333,22,5,2,20,22,2,0.9090909090909091,2,0,0
2018-2019,2018020510,2018-12-17,WPG,WPG vs. TBL,W,HOME,5,4,5,10,15,2,28,1,42,0.11904761904761904,21,11,12,43,47,4,0.9148936170212766,2,2,0
2018-2019,2018020512,2018-12-18,ANA,ANA @ PIT,W,AWAY,4,2,4,7,11,8,30,1,36,0.1111111111111111,17,7,2,28,30,2,0.9333333333333333,1,1,0
2018-2019,2018020514,2018-12-18,BOS,BOS @ MTL,W,AWAY,4,0,4,7,11,8,32,1,35,0.11428571428571428,17,7,8,22,22,0,1.0,0,0,0
2018-2019,2018020513,2018-12-18,CBJ,CBJ vs. VGK,W,HOME,1,0,1,2,3,2,18,0,31,0.03225806451612903,15,12,6,28,28,0,1.0,0,0,0
2018-2019,2018020516,2018-12-18,COL,COL vs. NYI,L,HOME,1,4,1,2,3,6,12,1,31,0.03225806451612903,13,7,1,17,20,3,0.85,1,2,0
2018-2019,2018020514,2018-12-18,MTL,MTL vs. BOS,L,HOME,0,4,0,0,0,6,46,0,22,0.0,18,5,22,31,35,4,0.8857142857142857,3,1,0
2018-2019,2018020515,2018-12-18,NSH,NSH @ OTT,L,AWAY,3,4,3,6,9,7,27,2,34,0.08823529411764706,11,9,13,19,23,4,0.8260869565217391,3,1,0
2018-2019,2018020516,2018-12-18,NYI,NYI @ COL,W,AWAY,4,1,4,7,11,10,19,2,21,0.19047619047619047,24,9,2,30,31,1,0.967741935483871,0,1,0
2018-2019,2018020515,2018-12-18,OTT,OTT vs. NSH,W,HOME,4,3,4,6,10,15,23,1,23,0.17391304347826086,19,6,13,31,34,3,0.9117647058823529,1,2,0
2018-2019,2018020512,2018-12-18,PIT,PIT vs. ANA,L,HOME,2,4,2,3,5,4,29,1,30,0.06666666666666667,13,4,12,32,35,3,0.9142857142857143,2,1,0
2018-2019,2018020513,2018-12-18,VGK,VGK @ CBJ,L,AWAY,0,1,0,0,0,4,25,0,28,0.0,5,4,4,30,31,1,0.967741935483871,1,0,0
2018-2019,2018020519,2018-12-19,ANA,ANA @ NYR,L,AWAY,1,3,1,2,3,10,24,0,15,0.06666666666666667,13,6,16,21,23,2,0.9130434782608695,1,0,0
2018-2019,2018020525,2018-12-19,ARI,ARI vs. NYI,L,HOME,1,3,1,2,3,9,28,0,37,0.02702702702702703,15,11,11,29,32,3,0.90625,3,0,0
2018-2019,2018020517,2018-12-19,BUF,BUF vs. FLA,L,HOME,2,5,2,4,6,11,11,0,32,0.0625,5,9,10,31,35,4,0.8857142857142857,3,1,0
2018-2019,2018020523,2018-12-19,CGY,CGY @ DAL,L,AWAY,0,2,0,0,0,4,14,0,24,0.0,11,5,7,26,28,2,0.9285714285714286,2,0,0
2018-2019,2018020522,2018-12-19,CHI,CHI vs. NSH,W,HOME,2,1,2,3,5,2,16,1,36,0.05555555555555555,15,8,12,30,31,1,0.967741935483871,1,0,0
2018-2019,2018020523,2018-12-19,DAL,DAL vs. CGY,W,HOME,2,0,2,4,6,8,21,0,28,0.07142857142857142,13,6,22,24,24,0,1.0,0,0,0
2018-2019,2018020520,2018-12-19,DET,DET @ PHI,L,AWAY,2,3,2,4,6,2,23,1,22,0.09090909090909091,13,4,9,30,33,3,0.9090909090909091,3,0,0
2018-2019,2018020524,2018-12-19,EDM,EDM vs. STL,L,HOME,1,4,1,2,3,17,34,0,23,0.043478260869565216,11,8,17,26,29,3,0.896551724137931,2,1,0
2018-2019,2018020517,2018-12-19,FLA,FLA @ BUF,W,AWAY,5,2,5,8,13,11,20,1,36,0.1388888888888889,11,4,9,30,32,2,0.9375,2,0,0
2018-2019,2018020527,2018-12-19,LAK,LAK vs. WPG,W,HOME,4,1,4,5,9,4,10,0,31,0.12903225806451613,18,4,16,27,28,1,0.9642857142857143,1,0,0
2018-2019,2018020521,2018-12-19,MIN,MIN vs. SJS,L,HOME,0,4,0,0,0,7,21,0,26,0.0,16,2,2,21,24,3,0.875,3,0,0
2018-2019,2018020518,2018-12-19,NJD,NJD vs. TOR,L,HOME,2,7,2,3,5,6,14,0,29,0.06896551724137931,6,4,12,24,31,7,0.7741935483870968,7,0,0
2018-2019,2018020522,2018-12-19,NSH,NSH @ CHI,L,AWAY,1,2,1,2,3,6,18,0,31,0.03225806451612903,14,7,3,34,36,2,0.9444444444444444,1,1,0
2018-2019,2018020525,2018-12-19,NYI,NYI @ ARI,W,AWAY,3,1,3,5,8,11,30,0,32,0.09375,23,4,11,36,37,1,0.972972972972973,1,0,0
2018-2019,2018020519,2018-12-19,NYR,NYR vs. ANA,W,HOME,3,1,3,5,8,12,37,0,24,0.125,14,7,20,14,15,1,0.9333333333333333,1,0,0
2018-2019,2018020520,2018-12-19,PHI,PHI vs. DET,W,HOME,3,2,3,6,9,6,21,0,33,0.09090909090909091,18,2,7,20,22,2,0.9090909090909091,1,1,0
2018-2019,2018020521,2018-12-19,SJS,SJS @ MIN,W,AWAY,4,0,4,6,10,5,10,0,25,0.16,14,2,2,26,26,0,1.0,0,0,0
2018-2019,2018020524,2018-12-19,STL,STL @ EDM,W,AWAY,4,1,4,8,12,8,21,1,30,0.13333333333333333,18,4,12,22,23,1,0.9565217391304348,1,0,0
2018-2019,2018020526,2018-12-19,TBL,TBL @ VAN,W,AWAY,5,2,5,9,14,36,25,0,37,0.13513513513513514,17,7,5,36,38,2,0.9473684210526315,2,0,0
2018-2019,2018020518,2018-12-19,TOR,TOR @ NJD,W,AWAY,7,2,7,11,18,6,6,0,31,0.22580645161290322,9,9,4,27,29,2,0.9310344827586207,2,0,0
2018-2019,2018020526,2018-12-19,VAN,VAN vs. TBL,L,HOME,2,5,2,3,5,22,19,0,38,0.05263157894736842,16,6,8,32,36,4,0.8888888888888888,4,0,0
2018-2019,2018020527,2018-12-19,WPG,WPG @ LAK,L,AWAY,1,4,1,2,3,4,21,0,28,0.03571428571428571,8,4,7,27,30,3,0.9,3,0,0
2018-2019,2018020529,2018-12-20,COL,COL vs. MTL,W,HOME,2,1,2,3,5,6,21,0,26,0.07692307692307693,26,7,4,35,36,1,0.9722222222222222,0,1,0
2018-2019,2018020529,2018-12-20,MTL,MTL @ COL,L,AWAY,1,2,1,2,3,6,17,1,36,0.027777777777777776,7,10,1,24,26,2,0.9230769230769231,2,0,0
2018-2019,2018020528,2018-12-20,PIT,PIT @ WSH,W,AWAY,2,1,2,4,6,17,23,1,30,0.06666666666666667,22,7,4,31,32,1,0.96875,1,0,0
2018-2019,2018020528,2018-12-20,WSH,WSH vs. PIT,L,HOME,1,2,1,1,2,15,24,0,32,0.03125,18,10,13,28,30,2,0.9333333333333333,1,1,0
2018-2019,2018020530,2018-12-21,ANA,ANA @ BOS,L,AWAY,1,3,1,1,2,8,25,0,25,0.04,10,13,20,28,31,3,0.9032258064516129,1,2,0
2018-2019,2018020538,2018-12-21,ARI,ARI vs. MTL,L,HOME,1,2,1,2,3,6,28,1,37,0.02702702702702703,17,5,12,26,28,2,0.9285714285714286,1,1,0
2018-2019,2018020530,2018-12-21,BOS,BOS vs. ANA,W,HOME,3,1,3,6,9,8,22,2,31,0.0967741935483871,10,11,8,24,25,1,0.96,1,0,0
2018-2019,2018020534,2018-12-21,CAR,CAR vs. DET,L,HOME,1,4,1,2,3,2,32,0,39,0.02564102564102564,5,8,11,20,23,3,0.8695652173913043,2,1,0
2018-2019,2018020535,2018-12-21,CBJ,CBJ vs. NJD,W,HOME,2,1,2,2,4,9,15,0,38,0.05263157894736842,9,13,2,29,30,1,0.9666666666666667,1,0,0
2018-2019,2018020537,2018-12-21,CGY,CGY vs. TBL,L,HOME,4,5,4,5,9,6,19,0,37,0.10810810810810811,14,21,8,32,36,4,0.8888888888888888,4,0,0
2018-2019,2018020536,2018-12-21,CHI,CHI @ DAL,W,AWAY,5,2,5,8,13,2,9,1,29,0.1724137931034483,14,9,12,26,28,2,0.9285714285714286,2,0,0
2018-2019,2018020536,2018-12-21,DAL,DAL vs. CHI,L,HOME,2,5,2,4,6,2,23,0,28,0.07142857142857142,14,5,23,24,27,3,0.8888888888888888,2,1,0
2018-2019,2018020534,2018-12-21,DET,DET @ CAR,W,AWAY,4,1,4,4,8,2,30,1,24,0.16666666666666666,17,6,15,38,39,1,0.9743589743589743,1,0,0
2018-2019,2018020531,2018-12-21,FLA,FLA @ TOR,L,AWAY,1,6,1,2,3,6,30,1,26,0.038461538461538464,22,8,23,20,26,6,0.7692307692307693,3,3,0
2018-2019,2018020533,2018-12-21,MIN,MIN @ PIT,L,AWAY,1,2,1,2,3,6,29,0,41,0.024390243902439025,8,5,4,35,37,2,0.9459459459459459,2,0,0
2018-2019,2018020538,2018-12-21,MTL,MTL @ ARI,W,AWAY,2,1,2,4,6,8,36,1,28,0.07142857142857142,13,5,9,36,37,1,0.972972972972973,0,1,0
2018-2019,2018020535,2018-12-21,NJD,NJD @ CBJ,L,AWAY,1,2,1,1,2,13,22,0,30,0.03333333333333333,15,8,4,36,38,2,0.9473684210526315,2,0,0
2018-2019,2018020532,2018-12-21,NSH,NSH @ PHI,L,AWAY,1,2,1,2,3,8,17,0,32,0.03125,6,3,8,29,31,2,0.9354838709677419,2,0,0
2018-2019,2018020540,2018-12-21,NYI,NYI @ VGK,L,AWAY,2,4,2,3,5,6,25,0,21,0.09523809523809523,16,7,5,43,46,3,0.9347826086956522,2,1,0
2018-2019,2018020532,2018-12-21,PHI,PHI vs. NSH,W,HOME,2,1,2,3,5,22,14,0,31,0.06451612903225806,24,5,8,31,32,1,0.96875,1,0,0
2018-2019,2018020533,2018-12-21,PIT,PIT vs. MIN,W,HOME,2,1,2,2,4,6,27,0,37,0.05405405405405406,16,7,7,40,41,1,0.975609756097561,1,0,0
2018-2019,2018020541,2018-12-21,SJS,SJS vs. WPG,L,HOME,3,5,3,4,7,11,13,1,44,0.06818181818181818,10,14,13,20,24,4,0.8333333333333334,4,0,0
2018-2019,2018020539,2018-12-21,STL,STL @ VAN,L,AWAY,1,5,1,1,2,4,30,0,30,0.03333333333333333,9,7,7,24,28,4,0.8571428571428571,3,1,0
2018-2019,2018020537,2018-12-21,TBL,TBL @ CGY,W,AWAY,5,4,4,7,11,2,13,0,36,0.1111111111111111,11,13,10,33,37,4,0.8918918918918919,4,0,0
2018-2019,2018020531,2018-12-21,TOR,TOR vs. FLA,W,HOME,6,1,6,12,18,6,9,3,26,0.23076923076923078,13,17,11,25,26,1,0.9615384615384616,0,1,0
2018-2019,2018020539,2018-12-21,VAN,VAN vs. STL,W,HOME,5,1,5,7,12,6,21,1,29,0.1724137931034483,20,4,3,29,30,1,0.9666666666666667,1,0,0
2018-2019,2018020540,2018-12-21,VGK,VGK vs. NYI,W,HOME,4,2,4,6,10,6,24,1,47,0.0851063829787234,13,7,6,19,21,2,0.9047619047619048,2,0,0
2018-2019,2018020541,2018-12-21,WPG,WPG @ SJS,W,AWAY,5,3,5,8,13,13,16,0,24,0.20833333333333334,22,13,11,41,44,3,0.9318181818181818,2,1,0
2018-2019,2018020545,2018-12-22,BOS,BOS vs. NSH,W,HOME,5,2,5,9,14,4,24,2,32,0.15625,12,13,9,28,30,2,0.9333333333333333,2,0,0
2018-2019,2018020543,2018-12-22,BUF,BUF @ WSH,L,AWAY,1,2,1,2,3,8,6,0,37,0.02702702702702703,10,14,7,22,24,2,0.9166666666666666,1,0,0
2018-2019,2018020546,2018-12-22,CBJ,CBJ @ PHI,W,AWAY,4,3,4,7,11,25,22,0,19,0.21052631578947367,17,3,6,34,37,3,0.918918918918919,2,1,0
2018-2019,2018020548,2018-12-22,CGY,CGY vs. STL,L,HOME,1,3,1,2,3,4,12,1,29,0.034482758620689655,6,5,19,24,27,3,0.8888888888888888,2,1,0
2018-2019,2018020544,2018-12-22,CHI,CHI @ COL,W,AWAY,2,1,2,3,5,8,12,0,28,0.07142857142857142,22,5,2,35,36,1,0.9722222222222222,1,0,0
2018-2019,2018020544,2018-12-22,COL,COL vs. CHI,L,HOME,1,2,1,2,3,6,6,0,36,0.027777777777777776,8,4,7,26,28,2,0.9285714285714286,2,0,0
2018-2019,2018020547,2018-12-22,DET,DET vs. FLA,L,HOME,1,2,1,2,3,6,11,0,34,0.029411764705882353,8,4,11,21,23,2,0.9130434782608695,1,1,0
2018-2019,2018020547,2018-12-22,FLA,FLA @ DET,W,AWAY,2,1,2,4,6,10,21,1,23,0.08695652173913043,15,2,11,33,34,1,0.9705882352941176,1,0,0
2018-2019,2018020550,2018-12-22,LAK,LAK @ SJS,W,AWAY,3,2,3,4,7,2,37,1,31,0.0967741935483871,29,10,10,29,31,2,0.9354838709677419,2,0,0
2018-2019,2018020549,2018-12-22,MTL,MTL @ VGK,W,AWAY,4,3,4,8,12,4,25,0,47,0.0851063829787234,17,13,4,23,26,3,0.8846153846153846,3,0,0
2018-2019,2018020542,2018-12-22,NJD,NJD vs. OTT,W,HOME,5,2,5,7,12,22,22,1,32,0.15625,10,7,4,25,27,2,0.9259259259259259,1,1,0
2018-2019,2018020545,2018-12-22,NSH,NSH @ BOS,L,AWAY,2,5,2,4,6,6,23,0,30,0.06666666666666667,12,11,10,27,31,4,0.8709677419354839,2,2,0
2018-2019,2018020542,2018-12-22,OTT,OTT @ NJD,L,AWAY,2,5,2,4,6,18,10,1,27,0.07407407407407407,4,6,3,27,32,5,0.84375,3,1,0
2018-2019,2018020546,2018-12-22,PHI,PHI vs. CBJ,L,HOME,3,4,3,5,8,11,24,1,37,0.08108108108108109,7,3,8,15,19,4,0.7894736842105263,4,0,0
2018-2019,2018020550,2018-12-22,SJS,SJS vs. LAK,L,HOME,2,3,2,4,6,2,30,0,31,0.06451612903225806,11,18,11,28,31,3,0.9032258064516129,2,1,0
2018-2019,2018020548,2018-12-22,STL,STL @ CGY,W,AWAY,3,1,3,5,8,8,23,1,27,0.1111111111111111,11,10,11,28,29,1,0.9655172413793104,0,1,0
2018-2019,2018020549,2018-12-22,VGK,VGK vs. MTL,L,HOME,3,4,3,5,8,4,33,0,26,0.11538461538461539,22,20,7,43,47,4,0.9148936170212766,4,0,0
2018-2019,2018020543,2018-12-22,WSH,WSH vs. BUF,W,HOME,2,1,2,2,4,8,19,0,24,0.08333333333333333,19,9,17,36,37,1,0.972972972972973,1,0,0
2018-2019,2018020551,2018-12-23,ANA,ANA @ BUF,L,AWAY,0,3,0,0,0,28,17,0,40,0.0,11,6,11,30,32,2,0.9375,1,1,0
2018-2019,2018020555,2018-12-23,ARI,ARI vs. COL,W,HOME,6,4,6,11,17,13,20,0,39,0.15384615384615385,11,10,5,24,28,4,0.8571428571428571,3,1,0
2018-2019,2018020560,2018-12-23,BOS,BOS @ CAR,L,AWAY,3,5,3,6,9,4,41,1,30,0.1,16,5,5,32,37,5,0.8648648648648649,3,0,0
2018-2019,2018020551,2018-12-23,BUF,BUF vs. ANA,W,HOME,3,0,3,6,9,4,18,1,33,0.09090909090909091,15,4,10,40,40,0,1.0,0,0,0
2018-2019,2018020560,2018-12-23,CAR,CAR vs. BOS,W,HOME,5,3,5,7,12,10,32,0,37,0.13513513513513514,14,23,8,27,30,3,0.9,2,1,0
2018-2019,2018020554,2018-12-23,CAR,CAR vs. PIT,L,HOME,0,3,0,0,0,4,27,0,39,0.0,15,9,25,29,32,3,0.90625,3,0,0
2018-2019,2018020559,2018-12-23,CBJ,CBJ @ NJD,W,AWAY,3,0,3,4,7,4,13,0,20,0.15,13,5,3,39,39,0,1.0,0,0,0
2018-2019,2018020555,2018-12-23,COL,COL @ ARI,L,AWAY,4,6,4,7,11,9,28,1,28,0.14285714285714285,19,3,8,33,38,5,0.868421052631579,5,0,0
2018-2019,2018020556,2018-12-23,DAL,DAL @ MIN,W,AWAY,2,1,2,3,5,21,25,0,27,0.07407407407407407,19,9,2,30,31,1,0.967741935483871,1,0,0
2018-2019,2018020557,2018-12-23,EDM,EDM vs. TBL,L,HOME,3,6,3,6,9,20,24,2,28,0.10714285714285714,12,13,19,39,44,5,0.8863636363636364,4,1,0
2018-2019,2018020556,2018-12-23,MIN,MIN vs. DAL,L,HOME,1,2,1,2,3,13,27,0,31,0.03225806451612903,9,6,6,25,27,2,0.9259259259259259,2,0,0
2018-2019,2018020559,2018-12-23,NJD,NJD vs. CBJ,L,HOME,0,3,0,0,0,10,17,0,39,0.0,7,4,11,17,20,3,0.85,3,0,0
2018-2019,2018020552,2018-12-23,NYR,NYR @ TOR,L,AWAY,3,5,3,6,9,4,27,0,28,0.10714285714285714,15,6,8,31,35,4,0.8857142857142857,4,0,0
2018-2019,2018020553,2018-12-23,OTT,OTT vs. WSH,L,HOME,0,4,0,0,0,6,25,0,35,0.0,9,10,8,29,33,4,0.8787878787878788,4,0,0
2018-2019,2018020554,2018-12-23,PIT,PIT @ CAR,W,AWAY,3,0,3,6,9,8,20,0,32,0.09375,16,15,11,39,39,0,1.0,0,0,0
2018-2019,2018020557,2018-12-23,TBL,TBL @ EDM,W,AWAY,6,3,6,10,16,22,22,1,45,0.13333333333333333,16,9,12,25,28,3,0.8928571428571429,1,2,0
2018-2019,2018020552,2018-12-23,TOR,TOR vs. NYR,W,HOME,5,3,5,7,12,4,13,0,36,0.1388888888888889,12,9,14,25,28,3,0.8928571428571429,3,0,0
2018-2019,2018020558,2018-12-23,VAN,VAN vs. WPG,L,HOME,0,1,0,0,0,6,19,0,40,0.0,10,9,7,23,24,1,0.9583333333333334,1,0,0
2018-2019,2018020558,2018-12-23,WPG,WPG @ VAN,W,AWAY,1,0,1,2,3,8,25,0,24,0.041666666666666664,14,5,3,40,40,0,1.0,0,0,0
2018-2019,2018020553,2018-12-23,WSH,WSH @ OTT,W,AWAY,4,0,4,5,9,4,28,0,33,0.12121212121212122,16,3,14,35,35,0,1.0,0,0,0
2018-2019,2018020566,2018-12-24,ARI,ARI @ SJS,W,AWAY,4,3,3,5,8,10,19,1,26,0.11538461538461539,28,11,10,35,38,3,0.9210526315789473,2,1,0
2018-2019,2018020562,2018-12-24,CHI,CHI vs. FLA,L,HOME,3,6,3,6,9,6,21,1,29,0.10344827586206896,11,12,10,21,26,5,0.8076923076923077,4,1,0
2018-2019,2018020564,2018-12-24,DAL,DAL vs. NYI,L,HOME,1,3,1,2,3,10,20,0,20,0.05,14,4,16,25,27,2,0.9259259259259259,1,1,0
2018-2019,2018020563,2018-12-24,DET,DET @ TOR,L,AWAY,4,5,4,5,9,4,29,0,30,0.13333333333333333,9,8,8,19,24,5,0.7916666666666666,5,0,0
2018-2019,2018020562,2018-12-24,FLA,FLA @ CHI,W,AWAY,6,3,6,9,15,6,25,1,27,0.2222222222222222,14,9,12,26,29,3,0.896551724137931,2,1,0
2018-2019,2018020565,2018-12-24,LAK,LAK @ VGK,W,AWAY,4,3,4,7,11,2,30,1,32,0.125,16,6,1,22,25,3,0.88,2,1,0
2018-2019,2018020564,2018-12-24,NYI,NYI @ DAL,W,AWAY,3,1,3,2,5,6,11,1,28,0.10714285714285714,9,5,10,19,20,1,0.95,1,0,0
2018-2019,2018020561,2018-12-24,NYR,NYR vs. PHI,L,HOME,2,3,2,3,5,2,26,0,34,0.058823529411764705,18,15,19,29,31,2,0.9354838709677419,1,1,0
2018-2019,2018020561,2018-12-24,PHI,PHI @ NYR,W,AWAY,3,2,2,3,5,4,28,1,31,0.06451612903225806,10,7,12,32,34,2,0.9411764705882353,2,0,0
2018-2019,2018020566,2018-12-24,SJS,SJS vs. ARI,L,HOME,3,4,3,6,9,10,16,1,38,0.07894736842105263,12,12,8,23,26,3,0.8846153846153846,2,1,0
2018-2019,2018020563,2018-12-24,TOR,TOR vs. DET,W,HOME,5,4,5,9,14,6,13,0,24,0.20833333333333334,8,6,14,26,30,4,0.8666666666666667,4,0,0
2018-2019,2018020565,2018-12-24,VGK,VGK vs. LAK,L,HOME,3,4,3,6,9,4,26,1,25,0.12,15,16,8,28,32,4,0.875,3,1,0
2018-2019,2018020579,2018-12-28,ANA,ANA @ SJS,L,AWAY,2,4,2,4,6,8,12,1,27,0.07407407407407407,11,15,13,35,38,3,0.9210526315789473,3,0,0
2018-2019,2018020578,2018-12-28,ARI,ARI @ LAK,L,AWAY,1,2,1,2,3,6,20,1,27,0.037037037037037035,13,1,4,24,26,2,0.9230769230769231,2,0,0
2018-2019,2018020567,2018-12-28,BOS,BOS vs. NJD,L,HOME,2,5,2,3,5,8,20,0,42,0.047619047619047616,4,8,17,28,32,4,0.875,3,1,0
2018-2019,2018020572,2018-12-28,BUF,BUF @ STL,L,AWAY,1,4,1,2,3,2,18,1,31,0.03225806451612903,7,11,7,28,32,4,0.875,4,0,0
2018-2019,2018020570,2018-12-28,CAR,CAR @ WSH,L,AWAY,1,3,1,1,2,8,24,0,29,0.034482758620689655,8,7,9,30,32,2,0.9375,1,1,0
2018-2019,2018020568,2018-12-28,CBJ,CBJ @ NYR,W,AWAY,4,3,4,7,11,2,32,0,29,0.13793103448275862,14,11,15,19,22,3,0.8636363636363636,2,1,0
2018-2019,2018020574,2018-12-28,CGY,CGY @ WPG,W,AWAY,4,1,4,8,12,6,13,0,29,0.13793103448275862,15,5,12,35,36,1,0.9722222222222222,1,0,0
2018-2019,2018020575,2018-12-28,CHI,CHI vs. MIN,W,HOME,5,2,5,8,13,4,15,2,20,0.25,22,5,5,46,48,2,0.9583333333333334,2,0,0
2018-2019,2018020577,2018-12-28,COL,COL @ VGK,L,AWAY,1,2,1,2,3,8,23,1,32,0.03125,23,8,3,41,43,2,0.9534883720930233,2,0,0
2018-2019,2018020573,2018-12-28,DAL,DAL @ NSH,W,AWAY,2,0,2,3,5,4,22,0,30,0.06666666666666667,18,7,5,49,49,0,1.0,0,0,0
2018-2019,2018020569,2018-12-28,DET,DET @ PIT,L,AWAY,2,5,2,4,6,6,24,0,29,0.06896551724137931,14,5,14,35,39,4,0.8974358974358975,2,2,0
2018-2019,2018020576,2018-12-28,EDM,EDM vs. VAN,L,HOME,2,4,2,4,6,2,45,2,32,0.0625,10,12,8,16,20,4,0.8,4,0,0
2018-2019,2018020578,2018-12-28,LAK,LAK vs. ARI,W,HOME,2,1,2,4,6,8,18,0,26,0.07692307692307693,12,3,9,26,27,1,0.9629629629629629,0,1,0
2018-2019,2018020575,2018-12-28,MIN,MIN @ CHI,L,AWAY,2,5,2,4,6,6,24,0,48,0.041666666666666664,18,10,1,15,19,4,0.7894736842105263,2,2,0
2018-2019,2018020567,2018-12-28,NJD,NJD @ BOS,W,AWAY,5,2,5,8,13,4,28,2,33,0.15151515151515152,19,21,11,40,42,2,0.9523809523809523,2,0,0
2018-2019,2018020573,2018-12-28,NSH,NSH vs. DAL,L,HOME,0,2,0,0,0,6,17,0,49,0.0,16,3,10,28,30,2,0.9333333333333333,2,0,0
2018-2019,2018020568,2018-12-28,NYR,NYR vs. CBJ,L,HOME,3,4,3,5,8,2,28,1,22,0.13636363636363635,16,12,16,25,29,4,0.8620689655172413,4,0,0
2018-2019,2018020571,2018-12-28,PHI,PHI @ TBL,L,AWAY,5,6,5,9,14,13,17,0,33,0.15151515151515152,10,6,8,31,37,6,0.8378378378378378,4,2,0
2018-2019,2018020569,2018-12-28,PIT,PIT vs. DET,W,HOME,5,2,5,9,14,2,30,2,40,0.125,13,7,10,27,29,2,0.9310344827586207,2,0,0
2018-2019,2018020579,2018-12-28,SJS,SJS vs. ANA,W,HOME,4,2,4,8,12,10,16,0,39,0.10256410256410256,23,15,9,25,27,2,0.9259259259259259,1,1,0
2018-2019,2018020572,2018-12-28,STL,STL vs. BUF,W,HOME,4,1,4,8,12,4,22,0,32,0.125,14,6,7,30,31,1,0.967741935483871,0,1,0
2018-2019,2018020571,2018-12-28,TBL,TBL vs. PHI,W,HOME,6,5,6,10,16,9,16,2,37,0.16216216216216217,19,8,8,28,33,5,0.8484848484848485,5,0,0
2018-2019,2018020576,2018-12-28,VAN,VAN @ EDM,W,AWAY,4,2,4,7,11,6,39,0,20,0.2,22,4,14,30,32,2,0.9375,0,2,0
2018-2019,2018020577,2018-12-28,VGK,VGK vs. COL,W,HOME,2,1,2,3,5,8,32,0,43,0.046511627906976744,16,19,8,31,32,1,0.96875,0,1,0
2018-2019,2018020574,2018-12-28,WPG,WPG vs. CGY,L,HOME,1,4,1,0,1,10,18,0,36,0.027777777777777776,14,7,7,25,28,3,0.8928571428571429,2,0,0
2018-2019,2018020570,2018-12-28,WSH,WSH vs. CAR,W,HOME,3,1,3,3,6,8,30,1,33,0.09090909090909091,13,14,18,28,29,1,0.9655172413793104,1,0,0
2018-2019,2018020583,2018-12-29,CAR,CAR @ NJD,L,AWAY,0,2,0,0,0,8,20,0,37,0.0,16,7,3,28,29,1,0.9655172413793104,0,0,0
2018-2019,2018020582,2018-12-29,CBJ,CBJ vs. TOR,L,HOME,2,4,2,3,5,6,24,0,29,0.06896551724137931,12,9,4,25,29,4,0.8620689655172413,3,1,0
2018-2019,2018020585,2018-12-29,EDM,EDM vs. SJS,L,HOME,4,7,4,8,12,6,33,0,26,0.15384615384615385,10,8,10,33,40,7,0.825,6,0,0
2018-2019,2018020580,2018-12-29,FLA,FLA vs. MTL,L,HOME,3,5,3,4,7,11,20,1,26,0.11538461538461539,11,4,11,23,27,4,0.8518518518518519,3,1,0
2018-2019,2018020586,2018-12-29,LAK,LAK vs. VGK,L,HOME,1,4,1,2,3,2,16,0,31,0.03225806451612903,17,3,14,28,31,3,0.9032258064516129,3,0,0
2018-2019,2018020584,2018-12-29,MIN,MIN @ WPG,W,AWAY,3,1,3,4,7,6,22,0,25,0.12,24,9,6,26,27,1,0.9629629629629629,0,1,0
2018-2019,2018020580,2018-12-29,MTL,MTL @ FLA,W,AWAY,5,3,5,7,12,11,28,1,28,0.17857142857142858,11,7,5,23,26,3,0.8846153846153846,2,1,0
2018-2019,2018020583,2018-12-29,NJD,NJD vs. CAR,W,HOME,2,0,2,2,4,12,11,0,30,0.06666666666666667,13,9,9,37,37,0,1.0,0,0,0
2018-2019,2018020581,2018-12-29,NYI,NYI vs. OTT,W,HOME,6,3,6,7,13,21,20,0,39,0.15384615384615385,14,4,12,24,27,3,0.8888888888888888,2,1,0
2018-2019,2018020581,2018-12-29,OTT,OTT @ NYI,L,AWAY,3,6,3,4,7,21,24,1,27,0.1111111111111111,18,6,7,33,38,5,0.868421052631579,5,0,0
2018-2019,2018020585,2018-12-29,SJS,SJS @ EDM,W,AWAY,7,4,7,13,20,2,24,0,40,0.175,6,7,12,22,26,4,0.8461538461538461,4,0,0
2018-2019,2018020582,2018-12-29,TOR,TOR @ CBJ,W,AWAY,4,2,4,7,11,6,8,1,29,0.13793103448275862,17,10,8,27,29,2,0.9310344827586207,2,0,0
2018-2019,2018020586,2018-12-29,VGK,VGK @ LAK,W,AWAY,4,1,4,6,10,4,14,0,32,0.125,10,3,4,30,31,1,0.967741935483871,1,0,0
2018-2019,2018020584,2018-12-29,WPG,WPG vs. MIN,L,HOME,1,3,1,2,3,2,26,1,27,0.037037037037037035,11,6,9,22,24,2,0.9166666666666666,2,0,0
2018-2019,2018020597,2018-12-30,ANA,ANA vs. ARI,L,HOME,4,5,4,7,11,6,29,1,41,0.0975609756097561,11,9,16,25,30,5,0.8333333333333334,4,1,0
2018-2019,2018020597,2018-12-30,ARI,ARI @ ANA,W,AWAY,5,4,5,9,14,8,28,1,30,0.16666666666666666,9,8,19,37,41,4,0.9024390243902439,3,1,0
2018-2019,2018020587,2018-12-30,BOS,BOS @ BUF,W,AWAY,3,2,3,4,7,6,21,1,42,0.07142857142857142,12,3,5,26,28,2,0.9285714285714286,1,0,0
2018-2019,2018020587,2018-12-30,BUF,BUF vs. BOS,L,HOME,2,3,2,4,6,8,20,0,28,0.07142857142857142,12,11,12,39,42,3,0.9285714285714286,2,1,0
2018-2019,2018020596,2018-12-30,CGY,CGY vs. VAN,L,HOME,2,3,2,2,4,8,14,0,33,0.06060606060606061,13,17,21,24,27,3,0.8888888888888888,2,1,0
2018-2019,2018020595,2018-12-30,CHI,CHI @ COL,W,AWAY,3,2,3,6,9,6,9,2,37,0.08108108108108109,11,5,9,30,32,2,0.9375,1,1,0
2018-2019,2018020595,2018-12-30,COL,COL vs. CHI,L,HOME,2,3,2,4,6,10,21,1,32,0.0625,18,7,8,34,37,3,0.918918918918919,1,2,0
2018-2019,2018020594,2018-12-30,DAL,DAL vs. DET,W,HOME,5,1,5,8,13,8,23,1,42,0.11904761904761904,22,1,8,33,34,1,0.9705882352941176,0,1,0
2018-2019,2018020594,2018-12-30,DET,DET @ DAL,L,AWAY,1,5,1,2,3,4,14,1,34,0.029411764705882353,19,1,10,37,42,5,0.8809523809523809,4,1,0
2018-2019,2018020591,2018-12-30,FLA,FLA vs. PHI,W,HOME,2,1,2,4,6,4,21,1,36,0.05555555555555555,8,10,16,34,35,1,0.9714285714285714,1,0,0
2018-2019,2018020590,2018-12-30,MTL,MTL @ TBL,L,AWAY,5,6,5,10,15,6,17,1,38,0.13157894736842105,15,3,10,26,32,6,0.8125,5,1,0
2018-2019,2018020593,2018-12-30,NSH,NSH vs. NYR,L,HOME,3,4,3,4,7,2,17,2,37,0.08108108108108109,7,10,18,18,22,4,0.8181818181818182,3,1,0
2018-2019,2018020588,2018-12-30,NYI,NYI @ TOR,W,AWAY,4,0,4,7,11,4,23,1,28,0.14285714285714285,19,8,12,36,36,0,1.0,0,0,0
2018-2019,2018020593,2018-12-30,NYR,NYR @ NSH,W,AWAY,4,3,4,8,12,10,18,1,22,0.18181818181818182,19,8,7,34,37,3,0.918918918918919,1,2,0
2018-2019,2018020589,2018-12-30,OTT,OTT vs. WSH,L,HOME,2,3,2,4,6,22,21,0,33,0.06060606060606061,16,14,12,21,24,3,0.875,3,0,0
2018-2019,2018020591,2018-12-30,PHI,PHI @ FLA,L,AWAY,1,2,1,2,3,6,21,0,35,0.02857142857142857,21,3,9,34,36,2,0.9444444444444444,1,1,0
2018-2019,2018020592,2018-12-30,PIT,PIT @ STL,W,AWAY,6,1,6,12,18,9,12,4,30,0.2,23,14,7,30,31,1,0.967741935483871,1,0,0
2018-2019,2018020592,2018-12-30,STL,STL vs. PIT,L,HOME,1,6,1,2,3,13,25,0,31,0.03225806451612903,5,9,9,24,30,6,0.8,2,4,0
2018-2019,2018020590,2018-12-30,TBL,TBL vs. MTL,W,HOME,6,5,6,10,16,6,23,1,32,0.1875,14,9,8,33,38,5,0.868421052631579,4,1,0
2018-2019,2018020588,2018-12-30,TOR,TOR vs. NYI,L,HOME,0,4,0,0,0,6,15,0,36,0.0,11,9,14,24,28,4,0.8571428571428571,3,1,0
2018-2019,2018020596,2018-12-30,VAN,VAN @ CGY,W,AWAY,3,2,3,4,7,10,17,1,27,0.1111111111111111,14,6,12,31,33,2,0.9393939393939394,0,0,0
2018-2019,2018020589,2018-12-30,WSH,WSH @ OTT,W,AWAY,3,2,3,5,8,14,22,0,24,0.125,21,7,15,31,33,2,0.9393939393939394,2,0,0
2018-2019,2018020598,2018-12-31,ARI,ARI vs. VGK,L,HOME,1,5,1,2,3,4,22,1,30,0.03333333333333333,15,4,7,32,37,5,0.8648648648648649,4,0,0
2018-2019,2018020601,2018-12-31,BUF,BUF vs. NYI,L,HOME,1,3,1,2,3,4,10,1,40,0.025,11,3,8,30,32,2,0.9375,2,0,0
2018-2019,2018020602,2018-12-31,CAR,CAR vs. PHI,W,HOME,3,1,3,3,6,4,18,0,33,0.09090909090909091,21,17,13,22,23,1,0.9565217391304348,1,0,0
2018-2019,2018020603,2018-12-31,MIN,MIN vs. PIT,L,HOME,2,3,2,4,6,4,29,1,33,0.06060606060606061,9,10,4,29,32,3,0.90625,2,1,0
2018-2019,2018020600,2018-12-31,NJD,NJD vs. VAN,W,HOME,4,0,4,8,12,6,32,2,23,0.17391304347826086,18,2,11,25,25,0,1.0,0,0,0
2018-2019,2018020599,2018-12-31,NSH,NSH @ WSH,W,AWAY,6,3,6,11,17,2,14,1,34,0.17647058823529413,22,17,10,22,25,3,0.88,3,0,0
2018-2019,2018020601,2018-12-31,NYI,NYI @ BUF,W,AWAY,3,1,3,4,7,4,12,0,33,0.09090909090909091,16,6,5,39,40,1,0.975,0,1,0
2018-2019,2018020602,2018-12-31,PHI,PHI @ CAR,L,AWAY,1,3,1,2,3,4,17,0,23,0.043478260869565216,17,5,29,30,33,3,0.9090909090909091,3,0,0
2018-2019,2018020603,2018-12-31,PIT,PIT @ MIN,W,AWAY,3,2,3,6,9,4,25,1,32,0.09375,15,6,0,31,33,2,0.9393939393939394,1,1,0
2018-2019,2018020600,2018-12-31,VAN,VAN @ NJD,L,AWAY,0,4,0,0,0,16,18,0,25,0.0,8,4,2,19,23,4,0.8260869565217391,2,2,0
2018-2019,2018020598,2018-12-31,VGK,VGK @ ARI,W,AWAY,5,1,5,7,12,12,28,0,37,0.13513513513513514,18,6,12,29,30,1,0.9666666666666667,0,1,0
2018-2019,2018020599,2018-12-31,WSH,WSH vs. NSH,L,HOME,3,6,3,4,7,6,29,0,25,0.12,11,11,15,28,34,6,0.8235294117647058,5,1,0
2018-2019,2018020611,2019-01-01,ANA,ANA vs. TBL,L,HOME,1,2,1,2,3,8,31,0,36,0.027777777777777776,12,10,17,33,35,2,0.9428571428571428,2,0,0
2018-2019,2018020612,2019-01-01,BOS,BOS @ CHI,W,AWAY,4,2,4,6,10,8,30,2,36,0.1111111111111111,19,10,11,36,38,2,0.9473684210526315,2,0,0
2018-2019,2018020604,2019-01-01,CBJ,CBJ vs. OTT,W,HOME,6,3,6,8,14,13,23,0,38,0.15789473684210525,11,10,10,22,25,3,0.88,3,0,0
2018-2019,2018020609,2019-01-01,CGY,CGY vs. SJS,W,HOME,8,5,8,16,24,43,19,1,27,0.2962962962962963,17,14,18,28,33,5,0.8484848484848485,3,2,0
2018-2019,2018020612,2019-01-01,CHI,CHI vs. BOS,L,HOME,2,4,2,4,6,10,25,0,38,0.05263157894736842,13,12,10,32,35,3,0.9142857142857143,1,2,0
2018-2019,2018020607,2019-01-01,COL,COL vs. LAK,L,HOME,2,3,2,3,5,6,20,0,24,0.08333333333333333,8,9,2,15,18,3,0.8333333333333334,2,1,0
2018-2019,2018020608,2019-01-01,DAL,DAL vs. MTL,L,HOME,2,3,2,3,5,4,22,1,47,0.0425531914893617,25,6,16,35,38,3,0.9210526315789473,3,0,0
2018-2019,2018020606,2019-01-01,DET,DET vs. FLA,L,HOME,3,4,3,6,9,6,25,0,20,0.15,10,1,23,24,27,3,0.8888888888888888,2,0,0
2018-2019,2018020610,2019-01-01,EDM,EDM vs. WPG,L,HOME,3,4,3,5,8,4,47,1,24,0.125,18,10,14,32,36,4,0.8888888888888888,4,0,0
2018-2019,2018020606,2019-01-01,FLA,FLA @ DET,W,AWAY,4,3,3,5,8,4,13,0,27,0.1111111111111111,10,1,13,17,20,3,0.85,3,0,0
2018-2019,2018020607,2019-01-01,LAK,LAK @ COL,W,AWAY,3,2,3,5,8,8,24,1,18,0.16666666666666666,20,6,1,22,24,2,0.9166666666666666,2,0,0
2018-2019,2018020608,2019-01-01,MTL,MTL @ DAL,W,AWAY,3,2,3,6,9,4,21,0,38,0.07894736842105263,22,4,14,45,47,2,0.9574468085106383,1,1,0
2018-2019,2018020605,2019-01-01,NYR,NYR @ STL,W,AWAY,2,1,2,3,5,8,17,1,23,0.08695652173913043,23,8,6,39,40,1,0.975,1,0,0
2018-2019,2018020604,2019-01-01,OTT,OTT @ CBJ,L,AWAY,3,6,3,6,9,11,13,0,25,0.12,14,7,3,32,36,4,0.8888888888888888,4,0,0
2018-2019,2018020609,2019-01-01,SJS,SJS @ CGY,L,AWAY,5,8,5,9,14,37,18,2,33,0.15151515151515152,17,7,18,19,27,8,0.7037037037037037,7,1,0
2018-2019,2018020605,2019-01-01,STL,STL vs. NYR,L,HOME,1,2,1,1,2,6,11,0,40,0.025,6,5,6,21,23,2,0.9130434782608695,1,1,0
2018-2019,2018020611,2019-01-01,TBL,TBL @ ANA,W,AWAY,2,1,2,4,6,4,34,0,35,0.05714285714285714,10,6,12,35,36,1,0.9722222222222222,1,0,0
2018-2019,2018020610,2019-01-01,WPG,WPG @ EDM,W,AWAY,4,3,4,6,10,2,25,0,36,0.1111111111111111,19,15,10,21,24,3,0.875,2,1,0
2018-2019,2018020614,2019-01-02,LAK,LAK @ VGK,L,AWAY,0,2,0,0,0,6,25,0,17,0.0,22,4,8,46,47,1,0.9787234042553191,1,0,0
2018-2019,2018020613,2019-01-02,NSH,NSH vs. PHI,W,HOME,4,0,4,5,9,4,16,0,30,0.13333333333333333,18,9,8,32,32,0,1.0,0,0,0
2018-2019,2018020613,2019-01-02,PHI,PHI @ NSH,L,AWAY,0,4,0,0,0,4,16,0,32,0.0,16,3,7,26,30,4,0.8666666666666667,4,0,0
2018-2019,2018020614,2019-01-02,VGK,VGK vs. LAK,W,HOME,2,0,2,4,6,4,28,0,48,0.041666666666666664,16,18,2,17,17,0,1.0,0,0,0
2018-2019,2018020620,2019-01-03,ARI,ARI vs. EDM,L,HOME,1,3,1,2,3,6,29,0,30,0.03333333333333333,16,3,2,21,23,2,0.9130434782608695,2,0,0
2018-2019,2018020616,2019-01-03,CGY,CGY @ DET,W,AWAY,5,3,5,10,15,2,6,2,35,0.14285714285714285,9,4,13,29,32,3,0.90625,3,0,0
2018-2019,2018020619,2019-01-03,COL,COL vs. SJS,L,HOME,4,5,4,6,10,6,21,1,35,0.11428571428571428,16,8,10,22,27,5,0.8148148148148148,3,2,0
2018-2019,2018020618,2019-01-03,DAL,DAL vs. NJD,W,HOME,5,4,5,9,14,12,23,1,40,0.125,14,1,13,30,34,4,0.8823529411764706,3,1,0
2018-2019,2018020616,2019-01-03,DET,DET vs. CGY,L,HOME,3,5,3,3,6,10,18,0,32,0.09375,5,6,15,30,34,4,0.8823529411764706,2,2,0
2018-2019,2018020620,2019-01-03,EDM,EDM @ ARI,W,AWAY,3,1,3,4,7,2,36,0,24,0.125,13,5,3,29,30,1,0.9666666666666667,1,0,0
2018-2019,2018020621,2019-01-03,MIN,MIN @ TOR,W,AWAY,4,3,4,7,11,8,16,0,34,0.11764705882352941,18,6,7,38,41,3,0.926829268292683,3,0,0
2018-2019,2018020618,2019-01-03,NJD,NJD @ DAL,L,AWAY,4,5,4,7,11,9,31,1,34,0.11764705882352941,17,8,11,35,40,5,0.875,4,1,0
2018-2019,2018020617,2019-01-03,NYR,NYR vs. PIT,L,HOME,2,7,2,4,6,4,35,0,30,0.06666666666666667,12,14,14,18,25,7,0.72,6,1,0
2018-2019,2018020615,2019-01-03,OTT,OTT vs. VAN,L,HOME,3,4,3,6,9,15,22,1,33,0.09090909090909091,20,5,15,41,45,4,0.9111111111111111,2,2,0
2018-2019,2018020617,2019-01-03,PIT,PIT @ NYR,W,AWAY,7,2,7,9,16,4,29,1,25,0.28,18,10,10,28,30,2,0.9333333333333333,2,0,0
2018-2019,2018020619,2019-01-03,SJS,SJS @ COL,W,AWAY,5,4,5,10,15,8,19,2,27,0.18518518518518517,11,11,6,31,35,4,0.8857142857142857,3,1,0
2018-2019,2018020621,2019-01-03,TOR,TOR vs. MIN,L,HOME,3,4,3,6,9,4,17,0,41,0.07317073170731707,13,6,15,30,34,4,0.8823529411764706,4,0,0
2018-2019,2018020615,2019-01-03,VAN,VAN @ OTT,W,AWAY,4,3,4,8,12,11,24,2,45,0.08888888888888889,17,3,10,30,33,3,0.9090909090909091,2,1,0
2018-2019,2018020622,2019-01-04,BOS,BOS vs. CGY,W,HOME,6,4,6,10,16,6,27,2,27,0.2222222222222222,16,10,16,33,37,4,0.8918918918918919,3,0,0
2018-2019,2018020623,2019-01-04,BUF,BUF vs. FLA,W,HOME,4,3,4,5,9,6,16,0,33,0.12121212121212122,18,3,5,35,38,3,0.9210526315789473,2,1,0
2018-2019,2018020625,2019-01-04,CAR,CAR @ PHI,W,AWAY,5,3,5,9,14,12,17,2,28,0.17857142857142858,20,5,13,34,37,3,0.918918918918919,1,2,0
2018-2019,2018020622,2019-01-04,CGY,CGY @ BOS,L,AWAY,4,6,4,7,11,8,22,0,37,0.10810810810810811,13,10,20,21,26,5,0.8076923076923077,3,2,0
2018-2019,2018020624,2019-01-04,CHI,CHI @ NYI,L,AWAY,2,3,2,4,6,4,14,1,21,0.09523809523809523,12,6,17,47,50,3,0.94,2,1,0
2018-2019,2018020623,2019-01-04,FLA,FLA @ BUF,L,AWAY,3,4,3,5,8,6,17,1,38,0.07894736842105263,9,1,6,29,33,4,0.8787878787878788,4,0,0
2018-2019,2018020628,2019-01-04,LAK,LAK vs. TBL,L,HOME,2,6,2,2,4,12,23,1,30,0.06666666666666667,8,4,15,27,33,6,0.8181818181818182,3,3,0
2018-2019,2018020626,2019-01-04,MTL,MTL vs. VAN,W,HOME,2,0,2,3,5,8,24,0,27,0.07407407407407407,22,12,19,33,33,0,1.0,0,0,0
2018-2019,2018020624,2019-01-04,NYI,NYI vs. CHI,W,HOME,3,2,3,6,9,4,24,1,50,0.06,14,13,19,19,21,2,0.9047619047619048,1,1,0
2018-2019,2018020625,2019-01-04,PHI,PHI vs. CAR,L,HOME,3,5,3,6,9,10,15,2,37,0.08108108108108109,10,2,7,23,28,5,0.8214285714285714,3,2,0
2018-2019,2018020627,2019-01-04,STL,STL vs. WSH,W,HOME,5,2,5,8,13,15,14,1,42,0.11904761904761904,7,19,4,23,25,2,0.92,2,0,0
2018-2019,2018020628,2019-01-04,TBL,TBL @ LAK,W,AWAY,6,2,6,9,15,12,16,3,33,0.18181818181818182,14,4,6,28,30,2,0.9333333333333333,1,1,0
2018-2019,2018020626,2019-01-04,VAN,VAN @ MTL,L,AWAY,0,2,0,0,0,6,25,0,33,0.0,18,4,6,25,27,2,0.9259259259259259,2,0,0
2018-2019,2018020627,2019-01-04,WSH,WSH @ STL,L,AWAY,2,5,2,4,6,17,16,0,25,0.08,14,10,8,37,42,5,0.8809523809523809,4,1,0
2018-2019,2018020635,2019-01-05,ANA,ANA vs. VGK,L,HOME,2,3,2,4,6,6,33,1,27,0.07407407407407407,13,7,10,39,42,3,0.9285714285714286,3,0,0
2018-2019,2018020634,2019-01-05,ARI,ARI vs. NJD,L,HOME,2,3,2,0,2,6,39,0,25,0.08,11,5,13,33,35,2,0.9428571428571428,2,0,0
2018-2019,2018020631,2019-01-05,CAR,CAR vs. CBJ,W,HOME,4,2,4,7,11,2,29,0,31,0.12903225806451613,14,11,9,22,24,2,0.9166666666666666,2,0,0
2018-2019,2018020631,2019-01-05,CBJ,CBJ @ CAR,L,AWAY,2,4,2,4,6,4,32,0,24,0.08333333333333333,17,9,11,27,30,3,0.9,3,0,0
2018-2019,2018020636,2019-01-05,CGY,CGY @ PHI,W,AWAY,3,2,3,5,8,6,13,0,32,0.09375,15,10,11,32,34,2,0.9411764705882353,1,1,0
2018-2019,2018020633,2019-01-05,COL,COL vs. NYR,W,HOME,6,1,6,10,16,18,10,3,47,0.1276595744680851,9,7,10,24,25,1,0.96,1,0,0
2018-2019,2018020632,2019-01-05,DAL,DAL vs. WSH,W,HOME,2,1,2,4,6,8,26,1,29,0.06896551724137931,11,7,11,36,37,1,0.972972972972973,1,0,0
2018-2019,2018020630,2019-01-05,DET,DET vs. NSH,W,HOME,4,3,4,4,8,13,25,0,39,0.10256410256410256,15,2,19,27,30,3,0.9,3,0,0
2018-2019,2018020637,2019-01-05,MIN,MIN @ OTT,W,AWAY,4,3,4,8,12,2,24,0,26,0.15384615384615385,18,5,7,24,27,3,0.8888888888888888,3,0,0
2018-2019,2018020634,2019-01-05,NJD,NJD @ ARI,W,AWAY,3,2,2,3,5,12,27,0,35,0.05714285714285714,17,3,11,23,25,2,0.92,2,0,0
2018-2019,2018020630,2019-01-05,NSH,NSH @ DET,L,AWAY,3,4,3,5,8,11,18,0,30,0.1,16,2,8,35,39,4,0.8974358974358975,4,0,0
2018-2019,2018020633,2019-01-05,NYR,NYR @ COL,L,AWAY,1,6,1,0,1,29,26,0,25,0.04,19,5,5,41,47,6,0.8723404255319149,3,3,0
2018-2019,2018020637,2019-01-05,OTT,OTT vs. MIN,L,HOME,3,4,3,5,8,6,26,0,27,0.1111111111111111,16,10,14,22,26,4,0.8461538461538461,4,0,0
2018-2019,2018020636,2019-01-05,PHI,PHI vs. CGY,L,HOME,2,3,2,2,4,6,24,1,34,0.058823529411764705,17,7,5,29,32,3,0.90625,3,0,0
2018-2019,2018020629,2019-01-05,PIT,PIT vs. WPG,W,HOME,4,0,4,7,11,2,24,1,33,0.12121212121212122,25,9,13,33,33,0,1.0,0,0,0
2018-2019,2018020635,2019-01-05,VGK,VGK @ ANA,W,AWAY,3,2,3,5,8,6,25,0,42,0.07142857142857142,13,11,17,25,27,2,0.9259259259259259,1,1,0
2018-2019,2018020629,2019-01-05,WPG,WPG @ PIT,L,AWAY,0,4,0,0,0,4,46,0,33,0.0,14,7,7,29,32,3,0.90625,2,1,0
2018-2019,2018020632,2019-01-05,WSH,WSH @ DAL,L,AWAY,1,2,1,2,3,8,27,0,37,0.02702702702702703,19,6,15,27,29,2,0.9310344827586207,1,1,0
2018-2019,2018020645,2019-01-06,ARI,ARI vs. NYR,W,HOME,5,0,5,10,15,7,22,1,40,0.125,14,10,8,23,23,0,1.0,0,0,0
2018-2019,2018020638,2019-01-06,BOS,BOS vs. BUF,W,HOME,2,1,2,1,3,2,26,0,41,0.04878048780487805,11,13,8,31,32,1,0.96875,1,0,0
2018-2019,2018020638,2019-01-06,BUF,BUF @ BOS,L,AWAY,1,2,1,0,1,4,32,0,32,0.03125,11,23,16,39,41,2,0.9512195121951219,2,0,0
2018-2019,2018020647,2019-01-06,CAR,CAR @ OTT,W,AWAY,5,4,5,7,12,8,27,2,29,0.1724137931034483,14,3,7,27,31,4,0.8709677419354839,3,1,0
2018-2019,2018020641,2019-01-06,CBJ,CBJ @ FLA,W,AWAY,4,3,4,5,9,4,19,0,35,0.11428571428571428,11,8,8,27,30,3,0.9,3,0,0
2018-2019,2018020649,2019-01-06,DAL,DAL @ WPG,L,AWAY,1,5,1,2,3,6,18,1,27,0.037037037037037035,11,2,10,25,29,4,0.8620689655172413,3,1,0
2018-2019,2018020648,2019-01-06,DET,DET vs. WSH,L,HOME,2,3,2,2,4,8,9,0,25,0.08,14,10,13,31,34,3,0.9117647058823529,3,0,0
2018-2019,2018020643,2019-01-06,EDM,EDM @ LAK,L,AWAY,0,4,0,0,0,20,25,0,16,0.0,8,2,6,19,23,4,0.8260869565217391,4,0,0
2018-2019,2018020641,2019-01-06,FLA,FLA vs. CBJ,L,HOME,3,4,3,4,7,6,33,0,30,0.1,4,11,24,31,35,4,0.8857142857142857,4,0,0
2018-2019,2018020643,2019-01-06,LAK,LAK vs. EDM,W,HOME,4,0,4,7,11,10,11,0,23,0.17391304347826086,15,7,10,16,16,0,1.0,0,0,0
2018-2019,2018020640,2019-01-06,MTL,MTL vs. NSH,L,HOME,1,4,1,1,2,4,32,0,28,0.03571428571428571,12,6,17,28,31,3,0.9032258064516129,3,0,0
2018-2019,2018020646,2019-01-06,NJD,NJD @ VGK,L,AWAY,2,3,2,4,6,4,30,0,38,0.05263157894736842,17,12,2,25,28,3,0.8928571428571429,3,0,0
2018-2019,2018020640,2019-01-06,NSH,NSH @ MTL,W,AWAY,4,1,4,6,10,0,26,0,32,0.125,18,4,12,27,28,1,0.9642857142857143,1,0,0
2018-2019,2018020642,2019-01-06,NYI,NYI @ STL,W,AWAY,4,3,4,8,12,10,21,0,14,0.2857142857142857,14,11,6,29,32,3,0.90625,3,0,0
2018-2019,2018020645,2019-01-06,NYR,NYR @ ARI,L,AWAY,0,5,0,0,0,11,41,0,23,0.0,18,2,8,35,40,5,0.875,4,1,0
2018-2019,2018020647,2019-01-06,OTT,OTT vs. CAR,L,HOME,4,5,4,7,11,4,18,1,31,0.12903225806451613,13,3,14,24,29,5,0.8275862068965517,2,2,0
2018-2019,2018020644,2019-01-06,SJS,SJS vs. TBL,W,HOME,5,2,5,8,13,4,17,1,33,0.15151515151515152,13,12,9,18,20,2,0.9,2,0,0
2018-2019,2018020642,2019-01-06,STL,STL vs. NYI,L,HOME,3,4,3,6,9,4,12,0,32,0.09375,15,9,2,10,14,4,0.7142857142857143,4,0,0
2018-2019,2018020644,2019-01-06,TBL,TBL @ SJS,L,AWAY,2,5,2,4,6,6,18,0,20,0.1,15,7,8,28,33,5,0.8484848484848485,4,1,0
2018-2019,2018020639,2019-01-06,TOR,TOR vs. VAN,W,HOME,5,0,5,7,12,6,21,0,34,0.14705882352941177,18,13,11,28,28,0,1.0,0,0,0
2018-2019,2018020639,2019-01-06,VAN,VAN @ TOR,L,AWAY,0,5,0,0,0,0,26,0,28,0.0,19,8,6,29,34,5,0.8529411764705882,5,0,0
2018-2019,2018020646,2019-01-06,VGK,VGK vs. NJD,W,HOME,3,2,3,4,7,4,29,0,28,0.10714285714285714,17,11,8,36,38,2,0.9473684210526315,2,0,0
2018-2019,2018020649,2019-01-06,WPG,WPG vs. DAL,W,HOME,5,1,5,10,15,6,23,1,30,0.16666666666666666,12,9,9,26,27,1,0.9629629629629629,0,1,0
2018-2019,2018020648,2019-01-06,WSH,WSH @ DET,W,AWAY,3,2,3,5,8,10,20,0,34,0.08823529411764706,11,4,8,23,25,2,0.92,2,0,0
2018-2019,2018020651,2019-01-07,ANA,ANA vs. EDM,L,HOME,0,4,0,0,0,8,21,0,39,0.0,10,8,13,20,24,4,0.8333333333333334,3,0,0
2018-2019,2018020650,2019-01-07,CHI,CHI @ PIT,W,AWAY,5,3,5,8,13,6,28,1,31,0.16129032258064516,11,4,11,31,34,3,0.9117647058823529,3,0,0
2018-2019,2018020651,2019-01-07,EDM,EDM @ ANA,W,AWAY,4,0,4,6,10,12,27,0,24,0.16666666666666666,24,8,11,39,39,0,1.0,0,0,0
2018-2019,2018020650,2019-01-07,PIT,PIT vs. CHI,L,HOME,3,5,3,6,9,6,24,0,34,0.08823529411764706,12,8,13,26,30,4,0.8666666666666667,3,1,0
2018-2019,2018020655,2019-01-08,CGY,CGY @ CHI,W,AWAY,4,3,4,5,9,6,15,1,43,0.09302325581395349,16,12,5,32,35,3,0.9142857142857143,2,1,0
2018-2019,2018020655,2019-01-08,CHI,CHI vs. CGY,L,HOME,3,4,3,6,9,8,17,1,35,0.08571428571428572,14,7,8,39,42,3,0.9285714285714286,2,1,0
2018-2019,2018020656,2019-01-08,LAK,LAK @ SJS,L,AWAY,1,3,1,2,3,4,16,0,23,0.043478260869565216,20,14,11,26,28,2,0.9285714285714286,2,0,0
2018-2019,2018020654,2019-01-08,MIN,MIN @ MTL,W,AWAY,1,0,1,0,1,25,20,0,25,0.04,19,13,10,32,32,0,1.0,0,0,0
2018-2019,2018020654,2019-01-08,MTL,MTL vs. MIN,L,HOME,0,1,0,0,0,24,28,0,32,0.0,21,4,13,24,25,1,0.96,1,0,0
2018-2019,2018020652,2019-01-08,NSH,NSH @ TOR,W,AWAY,4,0,4,8,12,6,31,1,32,0.125,23,10,8,18,18,0,1.0,0,0,0
2018-2019,2018020653,2019-01-08,PHI,PHI vs. STL,L,HOME,0,3,0,0,0,4,29,0,25,0.0,11,5,15,34,36,2,0.9444444444444444,2,0,0
2018-2019,2018020656,2019-01-08,SJS,SJS vs. LAK,W,HOME,3,1,3,5,8,0,11,1,29,0.10344827586206896,16,10,17,22,23,1,0.9565217391304348,1,0,0
2018-2019,2018020653,2019-01-08,STL,STL @ PHI,W,AWAY,3,0,3,6,9,2,21,0,37,0.08108108108108109,15,6,6,25,25,0,1.0,0,0,0
2018-2019,2018020652,2019-01-08,TOR,TOR vs. NSH,L,HOME,0,4,0,0,0,4,18,0,18,0.0,15,3,13,28,32,4,0.875,3,1,0
2018-2019,2018020657,2019-01-09,BOS,BOS vs. MIN,W,HOME,4,0,4,8,12,6,21,2,27,0.14814814814814814,18,7,12,24,24,0,1.0,0,0,0
2018-2019,2018020658,2019-01-09,BUF,BUF vs. NJD,W,HOME,5,1,5,9,14,20,13,0,33,0.15151515151515152,11,9,6,20,21,1,0.9523809523809523,1,0,0
2018-2019,2018020659,2019-01-09,CAR,CAR @ NYI,W,AWAY,4,3,4,7,11,6,14,1,24,0.16666666666666666,13,4,8,28,31,3,0.9032258064516129,3,0,0
2018-2019,2018020663,2019-01-09,CBJ,CBJ @ TBL,L,AWAY,0,4,0,0,0,2,24,0,31,0.0,8,4,4,18,22,4,0.8181818181818182,4,0,0
2018-2019,2018020665,2019-01-09,COL,COL @ WPG,L,AWAY,4,7,4,8,12,8,14,1,41,0.0975609756097561,16,5,5,14,20,6,0.7,3,2,0
2018-2019,2018020664,2019-01-09,DAL,DAL @ STL,W,AWAY,3,1,3,6,9,4,17,1,17,0.17647058823529413,23,7,8,26,27,1,0.9629629629629629,1,0,0
2018-2019,2018020662,2019-01-09,DET,DET vs. MTL,L,HOME,2,3,2,3,5,4,25,1,32,0.0625,9,4,19,22,25,3,0.88,3,0,0
2018-2019,2018020667,2019-01-09,EDM,EDM @ SJS,L,AWAY,2,7,2,4,6,4,22,1,22,0.09090909090909091,13,9,10,29,36,7,0.8055555555555556,6,1,0
2018-2019,2018020660,2019-01-09,FLA,FLA @ PIT,L,AWAY,1,5,1,2,3,20,37,0,37,0.02702702702702703,10,8,10,26,31,5,0.8387096774193549,3,0,0
2018-2019,2018020657,2019-01-09,MIN,MIN @ BOS,L,AWAY,0,4,0,0,0,4,28,0,24,0.0,9,12,10,23,27,4,0.8518518518518519,2,2,0
2018-2019,2018020662,2019-01-09,MTL,MTL @ DET,W,AWAY,3,2,3,5,8,10,17,0,25,0.12,19,2,16,30,32,2,0.9375,1,1,0
2018-2019,2018020658,2019-01-09,NJD,NJD @ BUF,L,AWAY,1,5,1,2,3,14,11,0,21,0.047619047619047616,19,1,3,28,33,5,0.8484848484848485,4,0,0
2018-2019,2018020659,2019-01-09,NYI,NYI vs. CAR,L,HOME,3,4,3,2,5,4,20,0,31,0.0967741935483871,11,9,11,20,24,4,0.8333333333333334,3,1,0
2018-2019,2018020666,2019-01-09,NYR,NYR @ VGK,L,AWAY,2,4,2,4,6,21,26,0,29,0.06896551724137931,9,15,2,27,30,3,0.9,2,1,0
2018-2019,2018020661,2019-01-09,PHI,PHI @ WSH,L,AWAY,3,5,3,5,8,23,23,0,40,0.075,14,11,8,20,24,4,0.8333333333333334,3,1,0
2018-2019,2018020660,2019-01-09,PIT,PIT vs. FLA,W,HOME,5,1,5,8,13,20,27,0,31,0.16129032258064516,22,7,12,36,37,1,0.972972972972973,1,0,0
2018-2019,2018020667,2019-01-09,SJS,SJS vs. EDM,W,HOME,7,2,7,12,19,6,19,1,36,0.19444444444444445,6,9,14,20,22,2,0.9090909090909091,1,1,0
2018-2019,2018020664,2019-01-09,STL,STL vs. DAL,L,HOME,1,3,1,2,3,4,25,0,27,0.037037037037037035,10,6,7,14,17,3,0.8235294117647058,2,1,0
2018-2019,2018020663,2019-01-09,TBL,TBL vs. CBJ,W,HOME,4,0,4,6,10,2,23,0,22,0.18181818181818182,22,7,11,31,31,0,1.0,0,0,0
2018-2019,2018020666,2019-01-09,VGK,VGK vs. NYR,W,HOME,4,2,4,6,10,9,17,1,31,0.12903225806451613,18,12,6,27,29,2,0.9310344827586207,2,0,0
2018-2019,2018020665,2019-01-09,WPG,WPG vs. COL,W,HOME,7,4,7,13,20,10,30,3,21,0.3333333333333333,18,13,9,37,41,4,0.9024390243902439,3,1,0
2018-2019,2018020661,2019-01-09,WSH,WSH vs. PHI,W,HOME,5,3,5,6,11,15,15,1,25,0.2,19,14,14,37,40,3,0.925,3,0,0
2018-2019,2018020670,2019-01-10,ANA,ANA vs. OTT,L,HOME,1,2,1,2,3,0,24,0,33,0.030303030303030304,9,13,14,28,30,2,0.9333333333333333,2,0,0
2018-2019,2018020669,2019-01-10,CGY,CGY vs. COL,W,HOME,5,3,5,10,15,8,10,1,16,0.3125,22,14,15,32,35,3,0.9142857142857143,3,0,0
2018-2019,2018020668,2019-01-10,CHI,CHI vs. NSH,L,HOME,3,4,3,6,9,8,15,1,31,0.0967741935483871,18,5,7,33,37,4,0.8918918918918919,3,1,0
2018-2019,2018020669,2019-01-10,COL,COL @ CGY,L,AWAY,3,5,3,5,8,4,18,0,35,0.08571428571428572,11,8,13,11,15,4,0.7333333333333333,3,1,0
2018-2019,2018020668,2019-01-10,NSH,NSH @ CHI,W,AWAY,4,3,4,8,12,4,24,1,37,0.10810810810810811,18,4,2,28,31,3,0.9032258064516129,1,1,0
2018-2019,2018020670,2019-01-10,OTT,OTT @ ANA,W,AWAY,2,1,2,3,5,6,25,0,30,0.06666666666666667,18,8,17,32,33,1,0.9696969696969697,1,0,0
2018-2019,2018020680,2019-01-11,ARI,ARI @ VAN,W,AWAY,4,3,4,7,11,4,21,0,22,0.18181818181818182,16,3,3,33,36,3,0.9166666666666666,3,0,0
2018-2019,2018020671,2019-01-11,BOS,BOS vs. WSH,L,HOME,2,4,2,4,6,4,25,1,41,0.04878048780487805,7,12,6,18,21,3,0.8571428571428571,3,0,0
2018-2019,2018020676,2019-01-11,CAR,CAR @ TBL,L,AWAY,1,3,1,2,3,12,24,0,27,0.037037037037037035,12,8,5,27,29,2,0.9310344827586207,0,2,0
2018-2019,2018020675,2019-01-11,CBJ,CBJ vs. NSH,W,HOME,4,3,4,7,11,4,26,2,33,0.12121212121212122,21,8,5,32,35,3,0.9142857142857143,3,0,0
2018-2019,2018020674,2019-01-11,DAL,DAL @ PHI,L,AWAY,1,2,1,2,3,6,21,0,38,0.02631578947368421,16,5,7,20,22,2,0.9090909090909091,2,0,0
2018-2019,2018020679,2019-01-11,EDM,EDM vs. FLA,W,HOME,4,3,3,5,8,4,29,0,24,0.125,13,13,8,27,30,3,0.9,3,0,0
2018-2019,2018020679,2019-01-11,FLA,FLA @ EDM,L,AWAY,3,4,3,3,6,4,25,0,30,0.1,15,5,17,21,24,3,0.875,3,0,0
2018-2019,2018020682,2019-01-11,LAK,LAK vs. OTT,L,HOME,1,4,1,2,3,4,19,0,34,0.029411764705882353,8,4,10,23,26,3,0.8846153846153846,2,1,0
2018-2019,2018020678,2019-01-11,MIN,MIN vs. WPG,W,HOME,3,2,3,6,9,8,15,1,22,0.13636363636363635,22,10,2,26,28,2,0.9285714285714286,2,0,0
2018-2019,2018020677,2019-01-11,MTL,MTL @ STL,L,AWAY,1,4,1,2,3,12,20,1,29,0.034482758620689655,7,7,7,26,30,4,0.8666666666666667,2,1,0
2018-2019,2018020672,2019-01-11,NJD,NJD vs. TOR,L,HOME,2,4,2,3,5,6,15,0,29,0.06896551724137931,9,6,8,39,42,3,0.9285714285714286,3,0,0
2018-2019,2018020675,2019-01-11,NSH,NSH @ CBJ,L,AWAY,3,4,3,6,9,4,21,0,35,0.08571428571428572,12,6,5,29,33,4,0.8787878787878788,2,2,0
2018-2019,2018020673,2019-01-11,NYI,NYI @ NYR,W,AWAY,4,3,4,7,11,13,36,2,20,0.2,20,5,3,27,30,3,0.9,2,1,0
2018-2019,2018020673,2019-01-11,NYR,NYR vs. NYI,L,HOME,3,4,3,5,8,13,37,1,30,0.1,14,9,16,16,20,4,0.8,2,2,0
2018-2019,2018020682,2019-01-11,OTT,OTT @ LAK,W,AWAY,4,1,4,6,10,4,14,1,27,0.14814814814814814,17,3,8,33,34,1,0.9705882352941176,1,0,0
2018-2019,2018020674,2019-01-11,PHI,PHI vs. DAL,W,HOME,2,1,2,4,6,6,18,0,22,0.09090909090909091,18,8,11,37,38,1,0.9736842105263158,1,0,0
2018-2019,2018020681,2019-01-11,SJS,SJS @ VGK,W,AWAY,3,2,3,4,7,6,34,0,27,0.1111111111111111,20,11,4,36,38,2,0.9473684210526315,2,0,0
2018-2019,2018020677,2019-01-11,STL,STL vs. MTL,W,HOME,4,1,4,8,12,14,11,1,30,0.13333333333333333,17,12,3,28,29,1,0.9655172413793104,0,1,0
2018-2019,2018020676,2019-01-11,TBL,TBL vs. CAR,W,HOME,3,1,3,6,9,8,29,2,30,0.1,13,4,4,26,27,1,0.9629629629629629,1,0,0
2018-2019,2018020672,2019-01-11,TOR,TOR @ NJD,W,AWAY,4,2,4,7,11,8,9,0,43,0.09302325581395349,8,10,2,27,29,2,0.9310344827586207,2,0,0
2018-2019,2018020680,2019-01-11,VAN,VAN vs. ARI,L,HOME,3,4,3,4,7,4,23,0,36,0.08333333333333333,11,9,4,18,22,4,0.8181818181818182,4,0,0
2018-2019,2018020681,2019-01-11,VGK,VGK vs. SJS,L,HOME,2,3,2,4,6,2,32,0,38,0.05263157894736842,22,16,9,24,27,3,0.8888888888888888,3,0,0
2018-2019,2018020678,2019-01-11,WPG,WPG @ MIN,L,AWAY,2,3,2,4,6,4,21,0,28,0.07142857142857142,7,3,1,19,22,3,0.8636363636363636,2,1,0
2018-2019,2018020671,2019-01-11,WSH,WSH @ BOS,W,AWAY,4,2,4,4,8,8,32,0,22,0.18181818181818182,18,7,14,39,41,2,0.9512195121951219,1,1,0
2018-2019,2018020686,2019-01-12,ANA,ANA vs. PIT,L,HOME,4,7,4,6,10,6,25,0,25,0.16,16,3,15,29,35,6,0.8285714285714286,5,1,0
2018-2019,2018020683,2019-01-12,BUF,BUF @ CAR,L,AWAY,3,4,3,6,9,6,18,1,33,0.09090909090909091,11,6,7,26,30,4,0.8666666666666667,4,0,0
2018-2019,2018020683,2019-01-12,CAR,CAR vs. BUF,W,HOME,4,3,4,6,10,10,38,0,30,0.13333333333333333,11,16,17,30,33,3,0.9090909090909091,2,1,0
2018-2019,2018020685,2019-01-12,CGY,CGY vs. FLA,W,HOME,4,3,4,7,11,2,15,1,24,0.16666666666666666,6,13,18,24,27,3,0.8888888888888888,2,1,0
2018-2019,2018020684,2019-01-12,DET,DET @ WPG,L,AWAY,2,4,2,4,6,6,19,1,35,0.05714285714285714,9,5,7,23,26,3,0.8846153846153846,3,0,0
2018-2019,2018020685,2019-01-12,FLA,FLA @ CGY,L,AWAY,3,4,3,3,6,22,24,1,27,0.1111111111111111,24,8,22,20,23,3,0.8695652173913043,3,0,0
2018-2019,2018020687,2019-01-12,NJD,NJD vs. PHI,W,HOME,3,2,3,4,7,10,10,0,26,0.11538461538461539,14,5,10,32,34,2,0.9411764705882353,2,0,0
2018-2019,2018020688,2019-01-12,NYI,NYI vs. NYR,L,HOME,1,2,1,2,3,8,21,0,25,0.04,13,7,10,24,26,2,0.9230769230769231,2,0,0
2018-2019,2018020688,2019-01-12,NYR,NYR @ NYI,W,AWAY,2,1,2,3,5,12,27,0,26,0.07692307692307693,9,5,3,24,25,1,0.96,1,0,0
2018-2019,2018020687,2019-01-12,PHI,PHI @ NJD,L,AWAY,2,3,2,4,6,14,17,0,34,0.058823529411764705,14,2,4,23,26,3,0.8846153846153846,3,0,0
2018-2019,2018020686,2019-01-12,PIT,PIT @ ANA,W,AWAY,7,4,7,10,17,4,26,1,36,0.19444444444444445,12,4,17,21,25,4,0.84,3,0,0
2018-2019,2018020684,2019-01-12,WPG,WPG vs. DET,W,HOME,4,2,4,7,11,8,20,0,27,0.14814814814814814,20,11,6,33,35,2,0.9428571428571428,0,1,0
2018-2019,2018020701,2019-01-13,ANA,ANA @ WPG,L,AWAY,3,4,3,6,9,8,21,0,31,0.0967741935483871,11,7,7,30,34,4,0.8823529411764706,3,1,0
2018-2019,2018020696,2019-01-13,ARI,ARI @ EDM,W,AWAY,3,2,3,6,9,4,41,2,29,0.10344827586206896,19,10,7,23,25,2,0.92,2,0,0
2018-2019,2018020690,2019-01-13,BOS,BOS @ TOR,W,AWAY,3,2,3,5,8,4,29,0,29,0.10344827586206896,20,2,12,30,32,2,0.9375,1,1,0
2018-2019,2018020689,2019-01-13,BUF,BUF vs. TBL,L,HOME,3,5,3,6,9,6,20,0,33,0.09090909090909091,7,10,10,25,30,5,0.8333333333333334,4,1,0
2018-2019,2018020699,2019-01-13,CAR,CAR vs. NSH,W,HOME,6,3,6,10,16,13,16,2,34,0.17647058823529413,14,12,7,20,23,3,0.8695652173913043,2,0,0
2018-2019,2018020692,2019-01-13,CBJ,CBJ @ WSH,W,AWAY,2,1,2,3,5,4,16,1,22,0.09090909090909091,16,14,6,32,33,1,0.9696969696969697,1,0,0
2018-2019,2018020700,2019-01-13,CBJ,CBJ vs. NYR,W,HOME,7,5,7,10,17,6,9,0,40,0.175,12,3,4,22,27,5,0.8148148148148148,5,0,0
2018-2019,2018020694,2019-01-13,CHI,CHI vs. VGK,L,HOME,3,4,3,5,8,4,30,2,23,0.13043478260869565,19,7,7,30,34,4,0.8823529411764706,4,0,0
2018-2019,2018020691,2019-01-13,COL,COL @ MTL,L,AWAY,0,3,0,0,0,8,24,0,28,0.0,31,2,13,28,30,2,0.9333333333333333,1,0,0
2018-2019,2018020695,2019-01-13,DAL,DAL vs. STL,L,HOME,1,3,1,2,3,4,26,0,22,0.045454545454545456,13,6,31,25,28,3,0.8928571428571429,2,1,0
2018-2019,2018020693,2019-01-13,DET,DET @ MIN,W,AWAY,5,2,5,10,15,4,19,0,37,0.13513513513513514,8,4,3,16,18,2,0.8888888888888888,1,1,0
2018-2019,2018020696,2019-01-13,EDM,EDM vs. ARI,L,HOME,2,3,2,3,5,4,40,0,25,0.08,10,13,18,26,29,3,0.896551724137931,1,2,0
2018-2019,2018020698,2019-01-13,LAK,LAK vs. PIT,W,HOME,5,2,5,6,11,13,17,0,25,0.2,17,7,12,38,40,2,0.95,0,1,0
2018-2019,2018020693,2019-01-13,MIN,MIN vs. DET,L,HOME,2,5,2,4,6,8,21,1,18,0.1111111111111111,16,6,6,32,37,5,0.8648648648648649,5,0,0
2018-2019,2018020691,2019-01-13,MTL,MTL vs. COL,W,HOME,3,0,3,4,7,10,27,0,31,0.0967741935483871,20,5,14,28,28,0,1.0,0,0,0
2018-2019,2018020699,2019-01-13,NSH,NSH @ CAR,L,AWAY,3,6,3,6,9,15,15,0,23,0.13043478260869565,10,11,4,28,33,5,0.8484848484848485,3,2,0
2018-2019,2018020700,2019-01-13,NYR,NYR @ CBJ,L,AWAY,5,7,5,7,12,10,17,0,27,0.18518518518518517,15,4,4,33,40,7,0.825,7,0,0
2018-2019,2018020697,2019-01-13,OTT,OTT @ SJS,L,AWAY,1,4,1,2,3,2,23,0,28,0.03571428571428571,11,9,13,28,31,3,0.9032258064516129,3,0,0
2018-2019,2018020698,2019-01-13,PIT,PIT @ LAK,L,AWAY,2,5,2,4,6,9,20,1,40,0.05,10,4,6,20,24,4,0.8333333333333334,3,0,0
2018-2019,2018020697,2019-01-13,SJS,SJS vs. OTT,W,HOME,4,1,4,6,10,6,23,0,32,0.125,18,15,14,27,28,1,0.9642857142857143,1,0,0
2018-2019,2018020695,2019-01-13,STL,STL @ DAL,W,AWAY,3,1,3,6,9,2,15,1,28,0.10714285714285714,13,5,11,21,22,1,0.9545454545454546,1,0,0
2018-2019,2018020689,2019-01-13,TBL,TBL @ BUF,W,AWAY,5,3,5,9,14,10,11,1,30,0.16666666666666666,10,3,2,30,33,3,0.9090909090909091,3,0,0
2018-2019,2018020690,2019-01-13,TOR,TOR vs. BOS,L,HOME,2,3,2,4,6,4,28,1,32,0.0625,11,9,16,26,29,3,0.896551724137931,3,0,0
2018-2019,2018020694,2019-01-13,VGK,VGK @ CHI,W,AWAY,4,3,4,8,12,8,30,0,34,0.11764705882352941,10,8,8,20,23,3,0.8695652173913043,1,2,0
2018-2019,2018020701,2019-01-13,WPG,WPG vs. ANA,W,HOME,4,3,4,6,10,6,23,1,34,0.11764705882352941,13,4,11,28,31,3,0.9032258064516129,3,0,0
2018-2019,2018020692,2019-01-13,WSH,WSH vs. CBJ,L,HOME,1,2,1,2,3,6,20,0,33,0.030303030303030304,13,6,11,20,22,2,0.9090909090909091,1,1,0
2018-2019,2018020704,2019-01-14,ARI,ARI @ CGY,L,AWAY,1,7,1,2,3,2,18,1,23,0.043478260869565216,7,16,16,19,26,7,0.7307692307692307,7,0,0
2018-2019,2018020704,2019-01-14,CGY,CGY vs. ARI,W,HOME,7,1,7,14,21,6,19,0,26,0.2692307692307692,12,18,30,22,23,1,0.9565217391304348,0,1,0
2018-2019,2018020703,2019-01-14,FLA,FLA @ VAN,L,AWAY,1,5,1,2,3,27,18,0,24,0.041666666666666664,9,4,5,31,34,3,0.9117647058823529,3,0,0
2018-2019,2018020702,2019-01-14,NYI,NYI vs. TBL,W,HOME,5,1,5,8,13,6,18,1,28,0.17857142857142858,26,10,7,38,39,1,0.9743589743589743,1,0,0
2018-2019,2018020702,2019-01-14,TBL,TBL @ NYI,L,AWAY,1,5,1,2,3,2,33,0,39,0.02564102564102564,9,4,5,23,27,4,0.8518518518518519,3,1,0
2018-2019,2018020703,2019-01-14,VAN,VAN vs. FLA,W,HOME,5,1,5,7,12,19,34,0,36,0.1388888888888889,14,9,6,23,24,1,0.9583333333333334,1,0,0
2018-2019,2018020705,2019-01-15,BOS,BOS vs. MTL,L,HOME,2,3,2,4,6,9,23,1,43,0.046511627906976744,14,16,13,19,22,3,0.8636363636363636,2,0,0
2018-2019,2018020710,2019-01-15,BUF,BUF @ EDM,L,AWAY,2,7,2,4,6,2,26,0,43,0.046511627906976744,6,11,14,18,25,7,0.72,6,1,0
2018-2019,2018020707,2019-01-15,CHI,CHI @ NJD,L,AWAY,5,8,5,7,12,13,10,1,32,0.15625,7,5,6,33,40,7,0.825,5,2,0
2018-2019,2018020706,2019-01-15,COL,COL @ TOR,W,AWAY,6,3,6,4,10,6,25,0,38,0.15789473684210525,14,5,8,17,20,3,0.85,3,0,0
2018-2019,2018020710,2019-01-15,EDM,EDM vs. BUF,W,HOME,7,2,7,8,15,8,25,1,25,0.28,15,9,17,41,43,2,0.9534883720930233,2,0,0
2018-2019,2018020708,2019-01-15,MIN,MIN @ PHI,L,AWAY,4,7,4,7,11,8,21,1,38,0.10526315789473684,9,9,4,20,26,6,0.7692307692307693,5,1,0
2018-2019,2018020705,2019-01-15,MTL,MTL @ BOS,W,AWAY,3,2,3,4,7,15,29,0,22,0.13636363636363635,11,14,7,41,43,2,0.9534883720930233,1,1,0
2018-2019,2018020707,2019-01-15,NJD,NJD vs. CHI,W,HOME,8,5,8,13,21,17,21,2,41,0.1951219512195122,15,8,7,27,32,5,0.84375,4,1,0
2018-2019,2018020708,2019-01-15,PHI,PHI vs. MIN,W,HOME,7,4,7,14,21,8,17,1,27,0.25925925925925924,20,6,11,34,38,4,0.8947368421052632,3,1,0
2018-2019,2018020709,2019-01-15,STL,STL @ WSH,W,AWAY,4,1,4,6,10,8,22,1,37,0.10810810810810811,15,9,9,28,29,1,0.9655172413793104,0,1,0
2018-2019,2018020706,2019-01-15,TOR,TOR vs. COL,L,HOME,3,6,3,5,8,6,13,0,20,0.15,14,2,5,32,36,4,0.8888888888888888,3,0,0
2018-2019,2018020709,2019-01-15,WSH,WSH vs. STL,L,HOME,1,4,1,2,3,6,26,1,29,0.034482758620689655,13,8,11,33,37,4,0.8918918918918919,3,1,0
2018-2019,2018020715,2019-01-16,ANA,ANA @ DET,L,AWAY,1,3,1,2,3,0,25,1,24,0.041666666666666664,13,5,12,22,25,3,0.88,3,0,0
2018-2019,2018020712,2019-01-16,CAR,CAR @ NYR,L,AWAY,2,6,2,2,4,8,20,0,36,0.05555555555555555,13,9,12,22,28,6,0.7857142857142857,3,3,0
2018-2019,2018020713,2019-01-16,CBJ,CBJ vs. NJD,W,HOME,4,1,4,6,10,4,19,1,34,0.11764705882352941,19,8,6,29,30,1,0.9666666666666667,1,0,0
2018-2019,2018020719,2019-01-16,DAL,DAL vs. TBL,L,HOME,0,2,0,0,0,6,29,0,35,0.0,8,9,23,19,21,2,0.9047619047619048,2,0,0
2018-2019,2018020715,2019-01-16,DET,DET vs. ANA,W,HOME,3,1,3,5,8,4,9,0,25,0.12,8,4,15,23,24,1,0.9583333333333334,0,1,0
2018-2019,2018020714,2019-01-16,FLA,FLA @ MTL,L,AWAY,1,5,1,1,2,8,25,0,53,0.018867924528301886,12,9,20,23,27,4,0.8518518518518519,3,1,0
2018-2019,2018020717,2019-01-16,LAK,LAK @ MIN,L,AWAY,2,3,2,4,6,4,14,0,33,0.06060606060606061,10,4,2,40,42,2,0.9523809523809523,2,0,0
2018-2019,2018020717,2019-01-16,MIN,MIN vs. LAK,W,HOME,3,2,2,4,6,2,5,0,42,0.047619047619047616,14,10,1,31,33,2,0.9393939393939394,2,0,0
2018-2019,2018020714,2019-01-16,MTL,MTL vs. FLA,W,HOME,5,1,5,7,12,8,27,1,28,0.17857142857142858,16,9,17,52,53,1,0.9811320754716981,1,0,0
2018-2019,2018020713,2019-01-16,NJD,NJD @ CBJ,L,AWAY,1,4,1,2,3,6,17,0,30,0.03333333333333333,9,11,5,30,34,4,0.8823529411764706,3,1,0
2018-2019,2018020716,2019-01-16,NSH,NSH vs. WSH,W,HOME,7,2,7,10,17,19,12,0,29,0.2413793103448276,8,12,8,26,28,2,0.9285714285714286,1,1,0
2018-2019,2018020711,2019-01-16,NYI,NYI vs. STL,W,HOME,2,1,2,3,5,6,17,0,25,0.08,17,6,12,30,31,1,0.967741935483871,1,0,0
2018-2019,2018020712,2019-01-16,NYR,NYR vs. CAR,W,HOME,6,2,6,12,18,8,28,3,28,0.21428571428571427,21,7,15,34,36,2,0.9444444444444444,2,0,0
2018-2019,2018020720,2019-01-16,PIT,PIT @ SJS,L,AWAY,2,5,2,3,5,4,19,0,24,0.08333333333333333,16,10,14,24,28,4,0.8571428571428571,4,0,0
2018-2019,2018020720,2019-01-16,SJS,SJS vs. PIT,W,HOME,5,2,5,9,14,4,18,0,29,0.1724137931034483,12,20,14,22,24,2,0.9166666666666666,2,0,0
2018-2019,2018020711,2019-01-16,STL,STL @ NYI,L,AWAY,1,2,1,2,3,6,18,0,31,0.03225806451612903,10,6,10,23,25,2,0.92,2,0,0
2018-2019,2018020719,2019-01-16,TBL,TBL @ DAL,W,AWAY,2,0,2,3,5,12,30,0,21,0.09523809523809523,18,4,15,35,35,0,1.0,0,0,0
2018-2019,2018020718,2019-01-16,VGK,VGK @ WPG,L,AWAY,1,4,1,2,3,4,19,0,44,0.022727272727272728,7,4,8,23,25,2,0.92,1,0,0
2018-2019,2018020718,2019-01-16,WPG,WPG vs. VGK,W,HOME,4,1,4,5,9,12,30,0,27,0.14814814814814814,12,15,8,43,44,1,0.9772727272727273,1,0,0
2018-2019,2018020716,2019-01-16,WSH,WSH @ NSH,L,AWAY,2,7,2,4,6,35,27,1,28,0.07142857142857142,18,7,8,22,29,7,0.7586206896551724,6,0,0
2018-2019,2018020725,2019-01-17,ARI,ARI vs. SJS,W,HOME,6,3,6,6,12,6,31,1,41,0.14634146341463414,24,11,8,26,29,3,0.896551724137931,2,1,0
2018-2019,2018020722,2019-01-17,BOS,BOS @ PHI,L,AWAY,3,4,3,6,9,6,18,1,42,0.07142857142857142,8,10,10,15,19,4,0.7894736842105263,3,1,0
2018-2019,2018020723,2019-01-17,BUF,BUF @ CGY,W,AWAY,4,3,4,4,8,6,16,0,23,0.17391304347826086,14,5,19,30,33,3,0.9090909090909091,1,2,0
2018-2019,2018020723,2019-01-17,CGY,CGY vs. BUF,L,HOME,3,4,3,6,9,6,14,2,33,0.09090909090909091,12,17,17,19,23,4,0.8260869565217391,4,0,0
2018-2019,2018020721,2019-01-17,COL,COL @ OTT,L,AWAY,2,5,2,4,6,4,25,1,32,0.0625,7,5,16,26,30,4,0.8666666666666667,4,0,0
2018-2019,2018020724,2019-01-17,EDM,EDM @ VAN,W,AWAY,3,2,2,3,5,10,16,1,30,0.06666666666666667,17,1,3,20,22,2,0.9090909090909091,1,1,0
2018-2019,2018020721,2019-01-17,OTT,OTT vs. COL,W,HOME,5,2,5,6,11,6,30,0,31,0.16129032258064516,24,5,14,30,32,2,0.9375,1,1,0
2018-2019,2018020722,2019-01-17,PHI,PHI vs. BOS,W,HOME,4,3,4,8,12,19,17,1,19,0.21052631578947367,30,9,12,39,42,3,0.9285714285714286,2,1,0
2018-2019,2018020725,2019-01-17,SJS,SJS @ ARI,L,AWAY,3,6,3,5,8,6,20,1,29,0.10344827586206896,11,6,18,35,39,4,0.8974358974358975,3,0,0
2018-2019,2018020724,2019-01-17,VAN,VAN vs. EDM,L,HOME,2,3,2,2,4,8,23,1,22,0.09090909090909091,15,5,5,28,30,2,0.9333333333333333,0,1,0
2018-2019,2018020731,2019-01-18,ANA,ANA @ MIN,W,AWAY,3,0,3,5,8,6,18,0,23,0.13043478260869565,17,3,3,37,37,0,1.0,0,0,0
2018-2019,2018020726,2019-01-18,BOS,BOS vs. STL,W,HOME,5,2,5,9,14,11,23,1,27,0.18518518518518517,15,12,13,28,30,2,0.9333333333333333,2,0,0
2018-2019,2018020728,2019-01-18,CHI,CHI @ NYR,L,AWAY,3,4,3,6,9,2,9,2,27,0.1111111111111111,5,2,16,29,32,3,0.90625,3,0,0
2018-2019,2018020732,2019-01-18,DAL,DAL vs. LAK,L,HOME,1,2,1,2,3,2,20,0,30,0.03333333333333333,22,7,16,17,19,2,0.8947368421052632,1,1,0
2018-2019,2018020732,2019-01-18,LAK,LAK @ DAL,W,AWAY,2,1,2,3,5,4,21,1,19,0.10526315789473684,24,5,11,29,30,1,0.9666666666666667,1,0,0
2018-2019,2018020731,2019-01-18,MIN,MIN vs. ANA,L,HOME,0,3,0,0,0,8,20,0,37,0.0,11,8,3,20,23,3,0.8695652173913043,3,0,0
2018-2019,2018020727,2019-01-18,NJD,NJD @ NYI,L,AWAY,1,4,1,1,2,6,31,0,17,0.058823529411764705,19,2,4,22,25,3,0.88,2,1,0
2018-2019,2018020730,2019-01-18,NSH,NSH vs. WPG,L,HOME,1,5,1,2,3,6,13,0,38,0.02631578947368421,8,5,16,29,34,5,0.8529411764705882,5,0,0
2018-2019,2018020727,2019-01-18,NYI,NYI vs. NJD,W,HOME,4,1,4,7,11,4,29,1,26,0.15384615384615385,13,14,11,16,17,1,0.9411764705882353,1,0,0
2018-2019,2018020728,2019-01-18,NYR,NYR vs. CHI,W,HOME,4,3,4,2,6,6,21,0,33,0.12121212121212122,14,7,15,24,27,3,0.8888888888888888,1,2,0
2018-2019,2018020726,2019-01-18,STL,STL @ BOS,L,AWAY,2,5,2,4,6,7,29,0,30,0.06666666666666667,11,15,25,22,26,4,0.8461538461538461,3,1,0
2018-2019,2018020729,2019-01-18,TBL,TBL vs. TOR,L,HOME,2,4,2,4,6,4,30,1,38,0.05263157894736842,8,7,4,27,30,3,0.9,3,0,0
2018-2019,2018020729,2019-01-18,TOR,TOR @ TBL,W,AWAY,4,2,4,8,12,8,17,0,31,0.12903225806451613,21,8,7,36,38,2,0.9473684210526315,1,1,0
2018-2019,2018020730,2019-01-18,WPG,WPG @ NSH,W,AWAY,5,1,5,8,13,8,16,0,34,0.14705882352941177,18,7,14,37,38,1,0.9736842105263158,1,0,0
2018-2019,2018020740,2019-01-19,ANA,ANA @ NJD,W,AWAY,3,2,3,5,8,13,19,1,14,0.21428571428571427,11,3,1,29,31,2,0.9354838709677419,2,0,0
2018-2019,2018020738,2019-01-19,ARI,ARI vs. PIT,L,HOME,2,3,2,4,6,8,36,1,33,0.06060606060606061,17,8,11,32,35,3,0.9142857142857143,1,2,0
2018-2019,2018020739,2019-01-19,BUF,BUF @ VAN,L,AWAY,3,4,3,6,9,4,21,0,39,0.07692307692307693,10,1,3,19,23,4,0.8260869565217391,4,0,0
2018-2019,2018020736,2019-01-19,CAR,CAR vs. OTT,L,HOME,1,4,1,0,1,7,25,0,34,0.029411764705882353,10,12,15,22,26,4,0.8461538461538461,4,0,0
2018-2019,2018020734,2019-01-19,CBJ,CBJ vs. MTL,L,HOME,1,4,1,2,3,6,18,0,35,0.02857142857142857,11,14,13,22,25,3,0.88,3,0,0
2018-2019,2018020737,2019-01-19,CGY,CGY vs. DET,W,HOME,6,4,6,10,16,10,6,3,36,0.16666666666666666,14,16,20,31,35,4,0.8857142857142857,3,1,0
2018-2019,2018020741,2019-01-19,COL,COL vs. LAK,W,HOME,7,1,7,12,19,23,14,2,40,0.175,14,5,5,30,31,1,0.967741935483871,0,1,0
2018-2019,2018020737,2019-01-19,DET,DET @ CGY,L,AWAY,4,6,4,8,12,6,19,1,35,0.11428571428571428,11,4,15,30,35,5,0.8571428571428571,1,3,0
2018-2019,2018020733,2019-01-19,FLA,FLA vs. TOR,W,HOME,3,1,3,5,8,2,26,0,29,0.10344827586206896,11,11,20,20,21,1,0.9523809523809523,1,0,0
2018-2019,2018020741,2019-01-19,LAK,LAK @ COL,L,AWAY,1,7,1,2,3,27,20,1,31,0.03225806451612903,20,2,0,33,40,7,0.825,4,2,0
2018-2019,2018020734,2019-01-19,MTL,MTL @ CBJ,W,AWAY,4,1,4,8,12,4,16,0,26,0.15384615384615385,7,9,6,34,35,1,0.9714285714285714,1,0,0
2018-2019,2018020740,2019-01-19,NJD,NJD vs. ANA,L,HOME,2,3,2,3,5,7,19,0,31,0.06451612903225806,9,6,4,11,14,3,0.7857142857142857,2,1,0
2018-2019,2018020735,2019-01-19,NYI,NYI @ WSH,W,AWAY,2,0,2,4,6,4,19,0,25,0.08,16,8,6,19,19,0,1.0,0,0,0
2018-2019,2018020736,2019-01-19,OTT,OTT @ CAR,W,AWAY,4,1,4,7,11,9,16,0,26,0.15384615384615385,27,7,7,33,34,1,0.9705882352941176,1,0,0
2018-2019,2018020738,2019-01-19,PIT,PIT @ ARI,W,AWAY,3,2,3,6,9,6,30,2,35,0.08571428571428572,20,8,23,31,33,2,0.9393939393939394,1,1,0
2018-2019,2018020733,2019-01-19,TOR,TOR @ FLA,L,AWAY,1,3,1,2,3,6,21,0,21,0.047619047619047616,8,13,10,26,28,2,0.9285714285714286,2,0,0
2018-2019,2018020739,2019-01-19,VAN,VAN vs. BUF,W,HOME,4,3,4,6,10,6,19,0,23,0.17391304347826086,19,3,3,36,39,3,0.9230769230769231,3,0,0
2018-2019,2018020735,2019-01-19,WSH,WSH vs. NYI,L,HOME,0,2,0,0,0,4,21,0,19,0.0,15,10,12,23,25,2,0.92,2,0,0
2018-2019,2018020752,2019-01-20,ANA,ANA @ NYI,L,AWAY,0,3,0,0,0,4,20,0,19,0.0,11,4,12,25,28,3,0.8928571428571429,2,1,0
2018-2019,2018020742,2019-01-20,BOS,BOS vs. NYR,L,HOME,2,3,2,3,5,8,20,0,29,0.06896551724137931,3,6,14,17,20,3,0.85,2,1,0
2018-2019,2018020748,2019-01-20,CBJ,CBJ @ MIN,L,AWAY,1,2,1,2,3,8,14,1,20,0.05,10,4,0,29,31,2,0.9354838709677419,2,0,0
2018-2019,2018020749,2019-01-20,CGY,CGY @ EDM,W,AWAY,5,2,5,8,13,18,9,2,34,0.14705882352941177,15,10,9,22,24,2,0.9166666666666666,1,1,0
2018-2019,2018020751,2019-01-20,CHI,CHI vs. WSH,W,HOME,8,5,8,12,20,10,29,1,28,0.2857142857142857,15,11,8,34,39,5,0.8717948717948718,5,0,0
2018-2019,2018020746,2019-01-20,DAL,DAL vs. WPG,W,HOME,4,2,4,8,12,17,27,2,39,0.10256410256410256,12,16,15,27,29,2,0.9310344827586207,2,0,0
2018-2019,2018020753,2019-01-20,DET,DET @ VAN,L,AWAY,2,3,2,4,6,4,19,0,37,0.05405405405405406,9,9,3,28,31,3,0.9032258064516129,3,0,0
2018-2019,2018020749,2019-01-20,EDM,EDM vs. CGY,L,HOME,2,5,2,3,5,18,19,1,24,0.08333333333333333,14,6,23,29,34,5,0.8529411764705882,3,2,0
2018-2019,2018020747,2019-01-20,FLA,FLA @ NSH,W,AWAY,4,2,4,7,11,8,9,1,30,0.13333333333333333,18,9,14,37,39,2,0.9487179487179487,2,0,0
2018-2019,2018020748,2019-01-20,MIN,MIN vs. CBJ,W,HOME,2,1,2,4,6,6,20,0,31,0.06451612903225806,15,7,1,19,20,1,0.95,0,1,0
2018-2019,2018020743,2019-01-20,MTL,MTL vs. PHI,L,HOME,2,5,2,4,6,4,30,0,35,0.05714285714285714,18,8,21,19,23,4,0.8260869565217391,4,0,0
2018-2019,2018020747,2019-01-20,NSH,NSH vs. FLA,L,HOME,2,4,2,3,5,4,18,0,39,0.05128205128205128,13,7,14,26,30,4,0.8666666666666667,3,1,0
2018-2019,2018020752,2019-01-20,NYI,NYI vs. ANA,W,HOME,3,0,3,5,8,2,16,1,28,0.10714285714285714,12,8,5,19,19,0,1.0,0,0,0
2018-2019,2018020742,2019-01-20,NYR,NYR @ BOS,W,AWAY,3,2,3,4,7,12,24,1,20,0.15,12,16,12,27,29,2,0.9310344827586207,2,0,0
2018-2019,2018020745,2019-01-20,OTT,OTT @ STL,L,AWAY,2,3,2,4,6,2,15,0,30,0.06666666666666667,16,10,2,35,38,3,0.9210526315789473,3,0,0
2018-2019,2018020743,2019-01-20,PHI,PHI @ MTL,W,AWAY,5,2,5,9,14,2,17,0,24,0.20833333333333334,23,6,18,33,35,2,0.9428571428571428,2,0,0
2018-2019,2018020750,2019-01-20,PIT,PIT @ VGK,L,AWAY,3,7,3,6,9,4,37,0,37,0.08108108108108109,20,11,6,28,34,6,0.8235294117647058,5,1,0
2018-2019,2018020744,2019-01-20,SJS,SJS @ TBL,L,AWAY,3,6,3,6,9,8,19,1,39,0.07692307692307693,12,8,2,20,26,6,0.7692307692307693,4,2,0
2018-2019,2018020745,2019-01-20,STL,STL vs. OTT,W,HOME,3,2,3,5,8,2,25,0,38,0.07894736842105263,11,8,5,28,30,2,0.9333333333333333,1,0,0
2018-2019,2018020744,2019-01-20,TBL,TBL vs. SJS,W,HOME,6,3,6,10,16,6,27,2,26,0.23076923076923078,22,5,7,36,39,3,0.9230769230769231,2,1,0
2018-2019,2018020753,2019-01-20,VAN,VAN vs. DET,W,HOME,3,2,3,4,7,6,20,0,31,0.0967741935483871,15,6,6,35,37,2,0.9459459459459459,2,0,0
2018-2019,2018020750,2019-01-20,VGK,VGK vs. PIT,W,HOME,7,3,7,10,17,4,33,1,35,0.2,10,10,8,34,37,3,0.918918918918919,3,0,0
2018-2019,2018020746,2019-01-20,WPG,WPG @ DAL,L,AWAY,2,4,2,3,5,19,13,0,29,0.06896551724137931,19,4,10,35,39,4,0.8974358974358975,2,2,0
2018-2019,2018020751,2019-01-20,WSH,WSH @ CHI,L,AWAY,5,8,5,10,15,10,35,0,39,0.1282051282051282,15,6,10,21,28,7,0.75,6,1,0
2018-2019,2018020754,2019-01-21,ARI,ARI @ TOR,W,AWAY,4,2,4,8,12,0,24,0,31,0.12903225806451613,30,3,9,24,26,2,0.9230769230769231,2,0,0
2018-2019,2018020755,2019-01-21,CAR,CAR @ EDM,W,AWAY,7,4,7,12,19,10,30,1,33,0.21212121212121213,16,7,16,17,21,4,0.8095238095238095,3,1,0
2018-2019,2018020756,2019-01-21,COL,COL vs. NSH,L,HOME,1,4,1,1,2,18,25,0,36,0.027777777777777776,8,7,3,23,26,3,0.8846153846153846,3,0,0
2018-2019,2018020755,2019-01-21,EDM,EDM vs. CAR,L,HOME,4,7,4,7,11,4,32,1,21,0.19047619047619047,12,3,21,27,33,6,0.8181818181818182,5,1,0
2018-2019,2018020759,2019-01-21,LAK,LAK vs. STL,W,HOME,4,3,4,7,11,4,28,1,29,0.13793103448275862,13,3,7,33,36,3,0.9166666666666666,2,1,0
2018-2019,2018020757,2019-01-21,MIN,MIN @ VGK,W,AWAY,4,2,4,7,11,10,27,0,22,0.18181818181818182,19,10,4,30,32,2,0.9375,1,1,0
2018-2019,2018020756,2019-01-21,NSH,NSH @ COL,W,AWAY,4,1,4,6,10,20,21,0,27,0.14814814814814814,21,12,4,35,36,1,0.9722222222222222,1,0,0
2018-2019,2018020759,2019-01-21,STL,STL @ LAK,L,AWAY,3,4,3,6,9,10,21,1,36,0.08333333333333333,11,4,3,25,29,4,0.8620689655172413,3,1,0
2018-2019,2018020754,2019-01-21,TOR,TOR vs. ARI,L,HOME,2,4,2,4,6,6,19,0,26,0.07692307692307693,11,10,14,27,30,3,0.9,3,0,0
2018-2019,2018020757,2019-01-21,VGK,VGK vs. MIN,L,HOME,2,4,2,4,6,4,41,1,32,0.0625,18,10,8,18,21,3,0.8571428571428571,3,0,0
2018-2019,2018020758,2019-01-22,FLA,FLA vs. SJS,W,HOME,6,2,6,11,17,11,25,3,30,0.2,14,12,19,27,29,2,0.9310344827586207,2,0,0
2018-2019,2018020758,2019-01-22,SJS,SJS @ FLA,L,AWAY,2,6,2,4,6,25,23,0,29,0.06896551724137931,12,10,10,24,30,6,0.8,3,3,0
2018-2019,2018020761,2019-01-23,ARI,ARI @ OTT,W,AWAY,3,2,3,5,8,4,25,0,33,0.09090909090909091,22,5,11,25,27,2,0.9259259259259259,2,0,0
2018-2019,2018020763,2019-01-23,CAR,CAR @ CGY,L,AWAY,2,3,2,4,6,8,14,0,35,0.05714285714285714,12,10,8,22,25,3,0.88,3,0,0
2018-2019,2018020763,2019-01-23,CGY,CGY vs. CAR,W,HOME,3,2,3,6,9,4,11,0,25,0.12,18,7,19,33,35,2,0.9428571428571428,2,0,0
2018-2019,2018020762,2019-01-23,CHI,CHI vs. NYI,W,HOME,3,2,2,4,6,4,16,2,40,0.05,20,5,12,34,36,2,0.9444444444444444,2,0,0
2018-2019,2018020764,2019-01-23,DET,DET @ EDM,W,AWAY,3,2,3,6,9,6,17,0,27,0.1111111111111111,16,5,7,32,34,2,0.9411764705882353,2,0,0
2018-2019,2018020764,2019-01-23,EDM,EDM vs. DET,L,HOME,2,3,2,4,6,4,36,0,34,0.058823529411764705,8,7,12,24,27,3,0.8888888888888888,3,0,0
2018-2019,2018020762,2019-01-23,NYI,NYI @ CHI,L,AWAY,2,3,2,0,2,6,22,0,36,0.05555555555555555,16,8,3,38,40,2,0.95,0,2,0
2018-2019,2018020761,2019-01-23,OTT,OTT vs. ARI,L,HOME,2,3,2,3,5,2,30,0,27,0.07407407407407407,17,8,13,30,33,3,0.9090909090909091,3,0,0
2018-2019,2018020760,2019-01-23,SJS,SJS @ WSH,W,AWAY,7,6,7,11,18,6,16,2,43,0.16279069767441862,22,7,7,33,39,6,0.8461538461538461,5,1,0
2018-2019,2018020760,2019-01-23,WSH,WSH vs. SJS,L,HOME,6,7,6,12,18,10,25,1,39,0.15384615384615385,18,15,11,36,43,7,0.8372093023255814,5,2,0
2018-2019,2018020769,2019-01-24,ANA,ANA vs. STL,L,HOME,1,5,1,2,3,0,32,0,13,0.07692307692307693,12,5,15,27,32,5,0.84375,5,0,0
2018-2019,2018020766,2019-01-24,ARI,ARI @ MTL,L,AWAY,1,2,1,2,3,4,24,1,31,0.03225806451612903,20,5,10,22,24,2,0.9166666666666666,1,1,0
2018-2019,2018020770,2019-01-24,CAR,CAR @ VAN,W,AWAY,5,2,5,8,13,6,18,1,34,0.14705882352941177,11,3,4,24,26,2,0.9230769230769231,2,0,0
2018-2019,2018020767,2019-01-24,COL,COL vs. MIN,L,HOME,2,5,2,4,6,10,34,1,22,0.09090909090909091,22,2,3,23,28,5,0.8214285714285714,3,2,0
2018-2019,2018020767,2019-01-24,MIN,MIN @ COL,W,AWAY,5,2,5,9,14,4,28,2,28,0.17857142857142858,24,3,1,20,22,2,0.9090909090909091,1,1,0
2018-2019,2018020766,2019-01-24,MTL,MTL vs. ARI,W,HOME,2,1,2,3,5,6,33,1,24,0.08333333333333333,16,6,16,30,31,1,0.967741935483871,0,1,0
2018-2019,2018020768,2019-01-24,NSH,NSH @ VGK,W,AWAY,2,1,2,2,4,12,27,0,27,0.07407407407407407,20,10,5,47,48,1,0.9791666666666666,1,0,0
2018-2019,2018020769,2019-01-24,STL,STL @ ANA,W,AWAY,5,1,5,8,13,2,25,0,32,0.15625,16,9,12,12,13,1,0.9230769230769231,1,0,0
2018-2019,2018020765,2019-01-24,TOR,TOR vs. WSH,W,HOME,6,3,6,10,16,2,15,1,37,0.16216216216216217,9,7,19,41,44,3,0.9318181818181818,2,1,0
2018-2019,2018020770,2019-01-24,VAN,VAN vs. CAR,L,HOME,2,5,2,4,6,34,12,0,26,0.07692307692307693,15,2,10,29,34,5,0.8529411764705882,4,1,0
2018-2019,2018020768,2019-01-24,VGK,VGK vs. NSH,L,HOME,1,2,1,2,3,8,26,0,48,0.020833333333333332,17,9,9,25,27,2,0.9259259259259259,2,0,0
2018-2019,2018020765,2019-01-24,WSH,WSH @ TOR,L,AWAY,3,6,3,6,9,2,32,1,44,0.06818181818181818,22,6,15,31,36,5,0.8611111111111112,4,1,0
2018-2019,2018020772,2019-01-29,NJD,NJD @ PIT,W,AWAY,6,3,6,10,16,8,38,2,32,0.1875,22,2,3,37,40,3,0.925,2,0,0
2018-2019,2018020771,2019-01-29,PHI,PHI vs. WPG,W,HOME,3,1,3,4,7,6,18,0,31,0.0967741935483871,21,9,13,31,32,1,0.96875,0,1,0
2018-2019,2018020772,2019-01-29,PIT,PIT vs. NJD,L,HOME,3,6,3,4,7,19,37,0,40,0.075,9,7,7,26,32,6,0.8125,3,2,0
2018-2019,2018020771,2019-01-29,WPG,WPG @ PHI,L,AWAY,1,3,1,2,3,4,28,1,32,0.03125,13,4,15,28,31,3,0.9032258064516129,3,0,0
2018-2019,2018020773,2019-01-30,BOS,BOS vs. WPG,L,HOME,3,4,3,6,9,14,24,1,39,0.07692307692307693,16,11,9,24,27,3,0.8888888888888888,2,1,0
2018-2019,2018020775,2019-01-30,BUF,BUF @ CBJ,W,AWAY,5,4,5,10,15,4,12,0,34,0.14705882352941177,15,2,3,33,37,4,0.8918918918918919,3,1,0
2018-2019,2018020775,2019-01-30,CBJ,CBJ vs. BUF,L,HOME,4,5,4,8,12,4,28,1,37,0.10810810810810811,13,8,4,29,34,5,0.8529411764705882,5,0,0
2018-2019,2018020774,2019-01-30,NYR,NYR vs. PHI,L,HOME,0,1,0,0,0,4,26,0,38,0.0,7,10,12,18,19,1,0.9473684210526315,1,0,0
2018-2019,2018020774,2019-01-30,PHI,PHI @ NYR,W,AWAY,1,0,1,2,3,4,21,0,19,0.05263157894736842,19,11,12,38,38,0,1.0,0,0,0
2018-2019,2018020773,2019-01-30,WPG,WPG @ BOS,W,AWAY,4,3,3,5,8,16,31,1,27,0.1111111111111111,21,12,7,36,39,3,0.9230769230769231,2,1,0
2018-2019,2018020777,2019-01-31,BUF,BUF @ DAL,L,AWAY,0,1,0,0,0,2,28,0,30,0.0,10,5,19,26,27,1,0.9629629629629629,1,0,0
2018-2019,2018020777,2019-01-31,DAL,DAL vs. BUF,W,HOME,1,0,1,1,2,2,23,0,27,0.037037037037037035,19,5,18,30,30,0,1.0,0,0,0
2018-2019,2018020776,2019-01-31,PIT,PIT vs. TBL,W,HOME,4,2,4,7,11,13,39,0,22,0.18181818181818182,17,6,10,33,35,2,0.9428571428571428,1,1,0
2018-2019,2018020776,2019-01-31,TBL,TBL @ PIT,L,AWAY,2,4,2,4,6,15,59,1,35,0.05714285714285714,16,5,8,18,22,4,0.8181818181818182,4,0,0
2018-2019,2018020778,2019-02-01,BOS,BOS vs. PHI,L,HOME,2,3,2,4,6,4,13,1,25,0.08,20,8,13,38,41,3,0.926829268292683,1,2,0
2018-2019,2018020780,2019-02-01,CBJ,CBJ @ WPG,L,AWAY,3,4,3,6,9,8,18,1,31,0.0967741935483871,13,4,9,22,26,4,0.8461538461538461,3,1,0
2018-2019,2018020779,2019-02-01,NJD,NJD vs. NYR,L,HOME,3,4,3,4,7,8,17,2,22,0.13636363636363635,11,7,8,21,25,4,0.84,2,2,0
2018-2019,2018020779,2019-02-01,NYR,NYR @ NJD,W,AWAY,4,3,4,7,11,6,15,2,25,0.16,9,7,1,19,22,3,0.8636363636363636,1,2,0
2018-2019,2018020778,2019-02-01,PHI,PHI @ BOS,W,AWAY,3,2,3,5,8,2,18,2,41,0.07317073170731707,18,13,10,23,25,2,0.92,1,1,0
2018-2019,2018020780,2019-02-01,WPG,WPG vs. CBJ,W,HOME,4,3,4,8,12,6,27,1,26,0.15384615384615385,15,11,17,28,31,3,0.9032258064516129,2,1,0
2018-2019,2018020781,2019-02-02,BUF,BUF vs. CHI,L,HOME,3,7,3,6,9,6,9,1,43,0.06976744186046512,5,5,7,23,29,6,0.7931034482758621,6,0,0
2018-2019,2018020787,2019-02-02,CAR,CAR vs. VGK,W,HOME,5,2,5,5,10,4,24,0,32,0.15625,16,8,12,23,25,2,0.92,1,1,0
2018-2019,2018020785,2019-02-02,CGY,CGY @ WSH,L,AWAY,3,4,3,4,7,13,14,0,30,0.1,10,11,4,36,40,4,0.9,3,1,0
2018-2019,2018020781,2019-02-02,CHI,CHI @ BUF,W,AWAY,7,3,7,11,18,8,9,0,30,0.23333333333333334,9,7,10,40,43,3,0.9302325581395349,2,1,0
2018-2019,2018020788,2019-02-02,DAL,DAL vs. MIN,W,HOME,3,1,3,5,8,4,15,0,32,0.09375,13,6,17,21,22,1,0.9545454545454546,0,1,0
2018-2019,2018020786,2019-02-02,DET,DET vs. TOR,W,HOME,3,2,3,5,8,10,16,1,33,0.09090909090909091,13,3,14,19,21,2,0.9047619047619048,2,0,0
2018-2019,2018020789,2019-02-02,EDM,EDM @ PHI,L,AWAY,4,5,4,5,9,12,20,0,44,0.09090909090909091,16,13,8,34,39,5,0.8717948717948718,1,4,0
2018-2019,2018020782,2019-02-02,FLA,FLA vs. NSH,L,HOME,1,4,1,2,3,4,23,1,28,0.03571428571428571,13,13,20,22,25,3,0.88,3,0,0
2018-2019,2018020788,2019-02-02,MIN,MIN @ DAL,L,AWAY,1,3,1,2,3,2,18,1,22,0.045454545454545456,17,3,10,29,31,2,0.9354838709677419,2,0,0
2018-2019,2018020790,2019-02-02,MTL,MTL vs. NJD,L,HOME,2,3,2,4,6,6,28,0,39,0.05128205128205128,6,8,12,24,27,3,0.8888888888888888,2,1,0
2018-2019,2018020790,2019-02-02,NJD,NJD @ MTL,W,AWAY,3,2,3,4,7,6,27,1,27,0.1111111111111111,24,3,20,37,39,2,0.9487179487179487,2,0,0
2018-2019,2018020782,2019-02-02,NSH,NSH @ FLA,W,AWAY,4,1,4,5,9,8,22,0,26,0.15384615384615385,19,11,14,27,28,1,0.9642857142857143,0,1,0
2018-2019,2018020783,2019-02-02,NYI,NYI vs. TBL,L,HOME,0,1,0,0,0,2,22,0,36,0.0,16,5,15,41,41,0,1.0,0,0,0
2018-2019,2018020784,2019-02-02,OTT,OTT @ PIT,L,AWAY,3,5,3,4,7,9,43,2,40,0.075,16,4,8,35,40,5,0.875,5,0,0
2018-2019,2018020789,2019-02-02,PHI,PHI vs. EDM,W,HOME,5,4,5,10,15,8,20,4,39,0.1282051282051282,15,7,7,40,44,4,0.9090909090909091,3,0,0
2018-2019,2018020784,2019-02-02,PIT,PIT vs. OTT,W,HOME,5,3,5,9,14,9,32,0,40,0.125,13,7,13,37,40,3,0.925,1,2,0
2018-2019,2018020783,2019-02-02,TBL,TBL @ NYI,W,AWAY,1,0,0,0,0,8,33,0,41,0.0,16,1,14,36,36,0,1.0,0,0,0
2018-2019,2018020786,2019-02-02,TOR,TOR @ DET,L,AWAY,2,3,2,3,5,8,13,0,21,0.09523809523809523,8,2,10,30,33,3,0.9090909090909091,2,1,0
2018-2019,2018020787,2019-02-02,VGK,VGK @ CAR,L,AWAY,2,5,2,3,5,6,38,1,25,0.08,17,11,6,27,31,4,0.8709677419354839,4,0,0
2018-2019,2018020785,2019-02-02,WSH,WSH vs. CGY,W,HOME,4,3,4,8,12,11,34,1,40,0.1,27,9,15,27,30,3,0.9,3,0,0
2018-2019,2018020797,2019-02-03,ANA,ANA @ WPG,L,AWAY,3,9,3,5,8,8,12,0,29,0.10344827586206896,9,2,7,22,31,9,0.7096774193548387,6,3,0
2018-2019,2018020801,2019-02-03,ARI,ARI @ SJS,L,AWAY,2,3,2,2,4,4,24,0,33,0.06060606060606061,17,9,10,32,35,3,0.9142857142857143,3,0,0
2018-2019,2018020802,2019-02-03,BOS,BOS @ WSH,W,AWAY,1,0,1,2,3,6,27,0,39,0.02564102564102564,15,12,13,24,24,0,1.0,0,0,0
2018-2019,2018020804,2019-02-03,CAR,CAR vs. CGY,L,HOME,3,4,3,6,9,10,19,0,37,0.08108108108108109,8,10,10,28,32,4,0.875,2,1,0
2018-2019,2018020796,2019-02-03,CBJ,CBJ vs. STL,L,HOME,2,4,2,3,5,4,29,0,20,0.1,16,15,8,29,32,3,0.90625,3,0,0
2018-2019,2018020804,2019-02-03,CGY,CGY @ CAR,W,AWAY,4,3,4,7,11,8,21,1,32,0.125,21,3,10,34,37,3,0.918918918918919,3,0,0
2018-2019,2018020799,2019-02-03,CHI,CHI @ MIN,W,AWAY,4,3,4,8,12,13,14,2,31,0.12903225806451613,14,5,5,28,31,3,0.9032258064516129,2,1,0
2018-2019,2018020800,2019-02-03,COL,COL vs. VAN,L,HOME,1,5,1,2,3,4,32,0,35,0.02857142857142857,8,5,5,21,26,5,0.8076923076923077,4,1,0
2018-2019,2018020798,2019-02-03,DAL,DAL @ NSH,W,AWAY,3,1,3,6,9,13,19,0,26,0.11538461538461539,16,5,7,38,39,1,0.9743589743589743,1,0,0
2018-2019,2018020792,2019-02-03,DET,DET @ OTT,W,AWAY,2,0,2,4,6,4,26,0,21,0.09523809523809523,14,8,7,35,35,0,1.0,0,0,0
2018-2019,2018020803,2019-02-03,EDM,EDM @ MTL,L,AWAY,3,4,3,6,9,10,30,2,24,0.125,23,9,13,23,27,4,0.8518518518518519,3,1,0
2018-2019,2018020793,2019-02-03,FLA,FLA vs. VGK,W,HOME,3,1,3,3,6,2,27,0,25,0.12,12,14,21,34,35,1,0.9714285714285714,1,0,0
2018-2019,2018020794,2019-02-03,LAK,LAK @ NYI,L,AWAY,2,4,2,4,6,2,16,0,36,0.05555555555555555,14,5,10,28,31,3,0.9032258064516129,3,0,0
2018-2019,2018020799,2019-02-03,MIN,MIN vs. CHI,L,HOME,3,4,3,6,9,13,16,1,31,0.0967741935483871,8,10,8,27,31,4,0.8709677419354839,2,2,0
2018-2019,2018020803,2019-02-03,MTL,MTL vs. EDM,W,HOME,4,3,4,7,11,10,28,1,27,0.14814814814814814,16,11,15,21,24,3,0.875,1,2,0
2018-2019,2018020798,2019-02-03,NSH,NSH vs. DAL,L,HOME,1,3,1,2,3,9,12,0,39,0.02564102564102564,11,4,12,23,26,3,0.8846153846153846,3,0,0
2018-2019,2018020794,2019-02-03,NYI,NYI vs. LAK,W,HOME,4,2,4,8,12,6,13,0,32,0.125,15,6,14,34,36,2,0.9444444444444444,2,0,0
2018-2019,2018020795,2019-02-03,NYR,NYR vs. TBL,L,HOME,2,3,2,3,5,2,23,1,33,0.06060606060606061,8,9,18,20,23,3,0.8695652173913043,3,0,0
2018-2019,2018020792,2019-02-03,OTT,OTT vs. DET,L,HOME,0,2,0,0,0,6,27,0,35,0.0,13,6,11,19,21,2,0.9047619047619048,2,0,0
2018-2019,2018020791,2019-02-03,PIT,PIT @ TOR,L,AWAY,2,3,2,3,5,4,29,1,30,0.06666666666666667,22,4,5,30,33,3,0.9090909090909091,3,0,0
2018-2019,2018020801,2019-02-03,SJS,SJS vs. ARI,W,HOME,3,2,3,5,8,8,26,0,35,0.08571428571428572,11,7,13,31,33,2,0.9393939393939394,2,0,0
2018-2019,2018020796,2019-02-03,STL,STL @ CBJ,W,AWAY,4,2,4,7,11,2,14,0,33,0.12121212121212122,12,7,3,18,20,2,0.9,2,0,0
2018-2019,2018020795,2019-02-03,TBL,TBL @ NYR,W,AWAY,3,2,3,6,9,6,34,0,23,0.13043478260869565,14,6,16,31,33,2,0.9393939393939394,1,1,0
2018-2019,2018020791,2019-02-03,TOR,TOR vs. PIT,W,HOME,3,2,3,6,9,2,22,0,33,0.09090909090909091,19,9,9,28,30,2,0.9333333333333333,1,1,0
2018-2019,2018020800,2019-02-03,VAN,VAN @ COL,W,AWAY,5,1,5,9,14,6,16,1,26,0.19230769230769232,21,12,7,34,35,1,0.9714285714285714,1,0,0
2018-2019,2018020793,2019-02-03,VGK,VGK @ FLA,L,AWAY,1,3,1,1,2,2,29,0,35,0.02857142857142857,9,5,22,22,24,2,0.9166666666666666,2,0,0
2018-2019,2018020797,2019-02-03,WPG,WPG vs. ANA,W,HOME,9,3,9,14,23,2,20,3,31,0.2903225806451613,14,12,14,26,29,3,0.896551724137931,3,0,0
2018-2019,2018020802,2019-02-03,WSH,WSH vs. BOS,L,HOME,0,1,0,0,0,6,41,0,24,0.0,9,15,14,38,39,1,0.9743589743589743,1,0,0
2018-2019,2018020805,2019-02-05,ANA,ANA @ TOR,L,AWAY,1,6,1,2,3,6,36,0,25,0.04,20,10,8,38,44,6,0.8636363636363636,5,1,0
2018-2019,2018020808,2019-02-05,ARI,ARI @ DAL,L,AWAY,4,5,4,8,12,10,10,0,42,0.09523809523809523,21,8,12,24,29,5,0.8275862068965517,2,3,0
2018-2019,2018020808,2019-02-05,DAL,DAL vs. ARI,W,HOME,5,4,5,10,15,23,27,3,29,0.1724137931034483,17,4,18,38,42,4,0.9047619047619048,4,0,0
2018-2019,2018020806,2019-02-05,LAK,LAK @ NYR,W,AWAY,4,3,4,6,10,2,28,0,30,0.13333333333333333,9,11,7,24,27,3,0.8888888888888888,3,0,0
2018-2019,2018020806,2019-02-05,NYR,NYR vs. LAK,L,HOME,3,4,3,4,7,4,31,0,27,0.1111111111111111,7,12,14,26,30,4,0.8666666666666667,4,0,0
2018-2019,2018020807,2019-02-05,PHI,PHI vs. VAN,W,HOME,2,1,2,3,5,6,17,1,30,0.06666666666666667,30,8,7,41,42,1,0.9761904761904762,1,0,0
2018-2019,2018020805,2019-02-05,TOR,TOR vs. ANA,W,HOME,6,1,6,11,17,2,11,1,44,0.13636363636363635,11,9,12,24,25,1,0.96,1,0,0
2018-2019,2018020807,2019-02-05,VAN,VAN @ PHI,L,AWAY,1,2,1,0,1,6,20,0,42,0.023809523809523808,10,7,6,28,30,2,0.9333333333333333,1,1,0
2018-2019,2018020815,2019-02-06,ANA,ANA @ MTL,L,AWAY,1,4,1,2,3,6,28,0,25,0.04,19,6,20,28,32,4,0.875,4,0,0
2018-2019,2018020817,2019-02-06,ARI,ARI @ NSH,L,AWAY,2,5,2,3,5,10,24,0,26,0.07692307692307693,21,4,9,42,46,4,0.9130434782608695,3,1,0
2018-2019,2018020809,2019-02-06,BOS,BOS vs. NYI,W,HOME,3,1,3,6,9,10,25,0,27,0.1111111111111111,17,9,9,28,29,1,0.9655172413793104,0,1,0
2018-2019,2018020810,2019-02-06,BUF,BUF vs. MIN,W,HOME,5,4,4,6,10,6,20,2,39,0.10256410256410256,12,13,17,41,45,4,0.9111111111111111,4,0,0
2018-2019,2018020813,2019-02-06,CAR,CAR @ PIT,W,AWAY,4,0,4,6,10,4,38,0,32,0.125,16,5,5,23,23,0,1.0,0,0,0
2018-2019,2018020819,2019-02-06,CBJ,CBJ @ COL,W,AWAY,6,3,6,11,17,8,23,1,37,0.16216216216216217,14,9,8,27,30,3,0.9,3,0,0
2018-2019,2018020820,2019-02-06,CHI,CHI @ EDM,W,AWAY,6,2,6,11,17,8,13,2,35,0.17142857142857143,17,7,6,25,27,2,0.9259259259259259,0,2,0
2018-2019,2018020819,2019-02-06,COL,COL vs. CBJ,L,HOME,3,6,3,4,7,2,25,0,30,0.1,14,9,9,31,36,5,0.8611111111111112,4,1,0
2018-2019,2018020820,2019-02-06,EDM,EDM vs. CHI,L,HOME,2,6,2,4,6,8,23,2,27,0.07407407407407407,17,10,14,29,35,6,0.8285714285714286,4,2,0
2018-2019,2018020811,2019-02-06,FLA,FLA vs. STL,L,HOME,2,3,2,4,6,2,23,2,24,0.08333333333333333,7,3,19,31,34,3,0.9117647058823529,3,0,0
2018-2019,2018020812,2019-02-06,LAK,LAK @ NJD,W,AWAY,5,1,5,7,12,14,20,1,25,0.2,16,13,3,29,30,1,0.9666666666666667,1,0,0
2018-2019,2018020810,2019-02-06,MIN,MIN @ BUF,L,AWAY,4,5,4,8,12,4,14,0,45,0.08888888888888889,9,3,10,35,39,4,0.8974358974358975,2,2,0
2018-2019,2018020815,2019-02-06,MTL,MTL vs. ANA,W,HOME,4,1,4,7,11,2,25,0,32,0.125,19,5,19,24,25,1,0.96,1,0,0
2018-2019,2018020812,2019-02-06,NJD,NJD vs. LAK,L,HOME,1,5,1,2,3,8,28,0,30,0.03333333333333333,12,12,10,20,25,5,0.8,4,1,0
2018-2019,2018020817,2019-02-06,NSH,NSH vs. ARI,W,HOME,5,2,5,9,14,6,11,1,47,0.10638297872340426,9,6,8,24,26,2,0.9230769230769231,2,0,0
2018-2019,2018020809,2019-02-06,NYI,NYI @ BOS,L,AWAY,1,3,1,2,3,6,23,1,29,0.034482758620689655,15,10,15,24,26,2,0.9230769230769231,2,0,0
2018-2019,2018020813,2019-02-06,PIT,PIT vs. CAR,L,HOME,0,4,0,0,0,4,38,0,23,0.0,18,2,10,28,31,3,0.9032258064516129,3,0,0
2018-2019,2018020818,2019-02-06,SJS,SJS @ WPG,W,AWAY,3,2,3,5,8,10,22,1,38,0.07894736842105263,17,5,11,25,27,2,0.9259259259259259,2,0,0
2018-2019,2018020811,2019-02-06,STL,STL @ FLA,W,AWAY,3,2,3,3,6,6,15,0,34,0.08823529411764706,15,9,9,22,24,2,0.9166666666666666,0,2,0
2018-2019,2018020816,2019-02-06,TBL,TBL vs. VGK,L,HOME,2,3,2,4,6,4,29,1,26,0.07692307692307693,13,4,6,35,37,2,0.9459459459459459,2,0,0
2018-2019,2018020814,2019-02-06,VAN,VAN @ WSH,L,AWAY,2,3,2,2,4,2,23,0,32,0.0625,12,17,9,28,31,3,0.9032258064516129,3,0,0
2018-2019,2018020816,2019-02-06,VGK,VGK @ TBL,W,AWAY,3,2,2,3,5,10,24,0,37,0.05405405405405406,15,6,8,24,26,2,0.9230769230769231,1,1,0
2018-2019,2018020818,2019-02-06,WPG,WPG vs. SJS,L,HOME,2,3,2,4,6,8,26,0,27,0.07407407407407407,14,5,9,35,38,3,0.9210526315789473,1,1,0
2018-2019,2018020814,2019-02-06,WSH,WSH vs. VAN,W,HOME,3,2,3,6,9,4,20,0,31,0.0967741935483871,11,13,14,30,32,2,0.9375,2,0,0
2018-2019,2018020822,2019-02-07,BOS,BOS @ NYR,L,AWAY,3,4,3,6,9,12,26,1,30,0.1,10,15,11,36,39,3,0.9230769230769231,2,1,0
2018-2019,2018020822,2019-02-07,NYR,NYR vs. BOS,W,HOME,4,3,3,5,8,8,42,1,39,0.07692307692307693,12,12,20,27,30,3,0.9,2,1,0
2018-2019,2018020821,2019-02-07,OTT,OTT @ TOR,L,AWAY,4,5,4,8,12,2,27,0,44,0.09090909090909091,21,10,9,25,30,5,0.8333333333333334,5,0,0
2018-2019,2018020821,2019-02-07,TOR,TOR vs. OTT,W,HOME,5,4,5,6,11,4,13,0,30,0.16666666666666666,13,8,12,40,44,4,0.9090909090909091,4,0,0
2018-2019,2018020829,2019-02-08,ANA,ANA @ OTT,L,AWAY,0,4,0,0,0,2,22,0,45,0.0,14,1,10,31,34,3,0.9117647058823529,3,0,0
2018-2019,2018020836,2019-02-08,ARI,ARI vs. CBJ,L,HOME,2,4,2,3,5,4,44,0,31,0.06451612903225806,9,2,7,29,33,4,0.8787878787878788,3,1,0
2018-2019,2018020823,2019-02-08,BUF,BUF vs. CAR,L,HOME,5,6,5,9,14,6,16,0,39,0.1282051282051282,14,3,10,24,30,6,0.8,5,1,0
2018-2019,2018020823,2019-02-08,CAR,CAR @ BUF,W,AWAY,6,5,6,10,16,4,9,1,30,0.2,5,6,12,34,39,5,0.8717948717948718,5,0,0
2018-2019,2018020836,2019-02-08,CBJ,CBJ @ ARI,W,AWAY,4,2,4,5,9,6,36,1,33,0.12121212121212122,12,8,11,29,31,2,0.9354838709677419,2,0,0
2018-2019,2018020835,2019-02-08,CGY,CGY vs. SJS,L,HOME,2,5,2,4,6,4,17,1,38,0.05263157894736842,12,9,17,25,30,5,0.8333333333333334,3,1,0
2018-2019,2018020834,2019-02-08,CHI,CHI vs. VAN,W,HOME,4,3,4,7,11,10,22,2,35,0.11428571428571428,15,10,9,40,43,3,0.9302325581395349,2,1,0
2018-2019,2018020827,2019-02-08,COL,COL @ WSH,L,AWAY,3,4,3,5,8,30,18,0,37,0.08108108108108109,17,8,8,38,42,4,0.9047619047619048,3,1,0
2018-2019,2018020832,2019-02-08,DAL,DAL @ NSH,L,AWAY,2,3,2,4,6,2,13,0,29,0.06896551724137931,9,7,5,21,24,3,0.875,3,0,0
2018-2019,2018020830,2019-02-08,DET,DET vs. VGK,L,HOME,3,4,3,6,9,4,16,1,39,0.07692307692307693,8,2,12,28,32,4,0.875,3,1,0
2018-2019,2018020833,2019-02-08,EDM,EDM @ MIN,W,AWAY,4,1,4,6,10,4,24,1,23,0.17391304347826086,15,0,1,35,36,1,0.9722222222222222,1,0,0
2018-2019,2018020824,2019-02-08,FLA,FLA vs. PIT,W,HOME,3,2,3,6,9,6,31,1,42,0.07142857142857142,9,11,21,29,31,2,0.9354838709677419,1,0,0
2018-2019,2018020826,2019-02-08,LAK,LAK @ PHI,W,AWAY,3,2,2,4,6,4,23,0,39,0.05128205128205128,16,6,6,30,32,2,0.9375,2,0,0
2018-2019,2018020833,2019-02-08,MIN,MIN vs. EDM,L,HOME,1,4,1,2,3,6,21,0,36,0.027777777777777776,5,9,4,19,22,3,0.8636363636363636,2,1,0
2018-2019,2018020828,2019-02-08,MTL,MTL vs. WPG,W,HOME,5,2,5,9,14,8,23,1,53,0.09433962264150944,17,12,19,32,34,2,0.9411764705882353,2,0,0
2018-2019,2018020825,2019-02-08,NJD,NJD vs. NYI,L,HOME,1,2,1,2,3,10,31,0,31,0.03225806451612903,13,15,13,27,28,1,0.9642857142857143,1,0,0
2018-2019,2018020832,2019-02-08,NSH,NSH vs. DAL,W,HOME,3,2,3,6,9,6,15,0,24,0.125,7,8,6,27,29,2,0.9310344827586207,2,0,0
2018-2019,2018020825,2019-02-08,NYI,NYI @ NJD,W,AWAY,2,1,1,2,3,8,23,0,28,0.03571428571428571,10,10,7,30,31,1,0.967741935483871,1,0,0
2018-2019,2018020829,2019-02-08,OTT,OTT vs. ANA,W,HOME,4,0,4,8,12,6,32,0,35,0.11428571428571428,26,3,9,45,45,0,1.0,0,0,0
2018-2019,2018020826,2019-02-08,PHI,PHI vs. LAK,L,HOME,2,3,2,4,6,0,22,0,32,0.0625,10,4,14,37,39,2,0.9487179487179487,2,0,0
2018-2019,2018020824,2019-02-08,PIT,PIT @ FLA,L,AWAY,2,3,2,4,6,6,27,0,31,0.06451612903225806,12,8,13,39,42,3,0.9285714285714286,2,1,0
2018-2019,2018020835,2019-02-08,SJS,SJS @ CGY,W,AWAY,5,2,5,8,13,12,13,1,30,0.16666666666666666,20,8,11,36,38,2,0.9473684210526315,1,1,0
2018-2019,2018020831,2019-02-08,STL,STL @ TBL,W,AWAY,1,0,1,2,3,6,19,0,39,0.02564102564102564,15,12,4,32,32,0,1.0,0,0,0
2018-2019,2018020831,2019-02-08,TBL,TBL vs. STL,L,HOME,0,1,0,0,0,8,32,0,32,0.0,7,7,9,38,39,1,0.9743589743589743,1,0,0
2018-2019,2018020834,2019-02-08,VAN,VAN @ CHI,L,AWAY,3,4,3,6,9,10,17,1,43,0.06976744186046512,15,8,1,31,35,4,0.8857142857142857,2,2,0
2018-2019,2018020830,2019-02-08,VGK,VGK @ DET,W,AWAY,4,3,4,6,10,8,15,1,32,0.125,17,4,14,36,39,3,0.9230769230769231,2,1,0
2018-2019,2018020828,2019-02-08,WPG,WPG @ MTL,L,AWAY,2,5,2,4,6,8,46,0,34,0.058823529411764705,23,3,20,48,53,5,0.9056603773584906,4,1,0
2018-2019,2018020827,2019-02-08,WSH,WSH vs. COL,W,HOME,4,3,4,7,11,19,33,1,42,0.09523809523809523,25,7,16,34,37,3,0.918918918918919,3,0,0
2018-2019,2018020842,2019-02-09,ANA,ANA @ PHI,L,AWAY,2,6,2,4,6,12,14,2,32,0.0625,15,4,5,34,40,6,0.85,4,1,0
2018-2019,2018020845,2019-02-09,ARI,ARI vs. DAL,W,HOME,3,2,3,6,9,6,21,2,39,0.07692307692307693,18,5,3,33,35,2,0.9428571428571428,2,0,0
2018-2019,2018020838,2019-02-09,BOS,BOS vs. LAK,W,HOME,5,4,5,8,13,10,21,1,33,0.15151515151515152,19,13,10,25,29,4,0.8620689655172413,3,1,0
2018-2019,2018020839,2019-02-09,BUF,BUF vs. DET,W,HOME,3,1,3,4,7,8,10,2,21,0.14285714285714285,14,7,8,28,29,1,0.9655172413793104,0,1,0
2018-2019,2018020837,2019-02-09,CAR,CAR @ NYR,W,AWAY,3,0,3,5,8,6,23,0,33,0.09090909090909091,10,12,14,27,27,0,1.0,0,0,0
2018-2019,2018020841,2019-02-09,COL,COL @ NYI,L,AWAY,3,4,3,6,9,8,30,0,28,0.10714285714285714,12,5,12,37,41,4,0.9024390243902439,3,1,0
2018-2019,2018020845,2019-02-09,DAL,DAL @ ARI,L,AWAY,2,3,2,4,6,6,30,0,35,0.05714285714285714,10,0,8,36,39,3,0.9230769230769231,1,2,0
2018-2019,2018020839,2019-02-09,DET,DET @ BUF,L,AWAY,1,3,1,2,3,6,12,1,29,0.034482758620689655,14,1,11,18,21,3,0.8571428571428571,1,2,0
2018-2019,2018020838,2019-02-09,LAK,LAK @ BOS,L,AWAY,4,5,4,7,11,6,25,1,29,0.13793103448275862,14,12,15,28,33,5,0.8484848484848485,3,1,0
2018-2019,2018020840,2019-02-09,MIN,MIN @ NJD,W,AWAY,4,2,4,6,10,9,23,1,33,0.12121212121212122,15,11,5,16,18,2,0.8888888888888888,2,0,0
2018-2019,2018020840,2019-02-09,NJD,NJD vs. MIN,L,HOME,2,4,2,2,4,11,33,0,18,0.1111111111111111,14,9,16,29,33,4,0.8787878787878788,3,1,0
2018-2019,2018020844,2019-02-09,NSH,NSH @ STL,L,AWAY,2,3,2,4,6,11,26,1,31,0.06451612903225806,10,7,5,30,33,3,0.9090909090909091,3,0,0
2018-2019,2018020841,2019-02-09,NYI,NYI vs. COL,W,HOME,4,3,4,7,11,2,29,1,41,0.0975609756097561,13,5,4,25,28,3,0.8928571428571429,3,0,0
2018-2019,2018020837,2019-02-09,NYR,NYR vs. CAR,L,HOME,0,3,0,0,0,6,32,0,27,0.0,12,7,19,30,31,1,0.967741935483871,1,0,0
2018-2019,2018020843,2019-02-09,OTT,OTT vs. WPG,W,HOME,5,2,5,8,13,11,31,1,32,0.15625,20,9,19,44,46,2,0.9565217391304348,2,0,0
2018-2019,2018020842,2019-02-09,PHI,PHI vs. ANA,W,HOME,6,2,6,11,17,8,10,1,40,0.15,19,7,10,30,32,2,0.9375,0,2,0
2018-2019,2018020844,2019-02-09,STL,STL vs. NSH,W,HOME,3,2,3,5,8,7,17,0,33,0.09090909090909091,13,13,9,29,31,2,0.9354838709677419,1,1,0
2018-2019,2018020843,2019-02-09,WPG,WPG @ OTT,L,AWAY,2,5,2,4,6,7,27,0,46,0.043478260869565216,12,6,8,27,32,5,0.84375,4,1,0
2018-2019,2018020853,2019-02-10,BOS,BOS vs. COL,W,HOME,2,1,2,4,6,8,29,0,35,0.05714285714285714,18,11,9,35,36,1,0.9722222222222222,1,0,0
2018-2019,2018020854,2019-02-10,BUF,BUF vs. WPG,L,HOME,1,3,1,2,3,2,15,0,36,0.027777777777777776,10,7,6,26,28,2,0.9285714285714286,1,0,0
2018-2019,2018020855,2019-02-10,CAR,CAR @ NJD,L,AWAY,2,3,2,4,6,15,19,1,35,0.05714285714285714,9,8,7,18,21,3,0.8571428571428571,2,1,0
2018-2019,2018020851,2019-02-10,CBJ,CBJ @ VGK,W,AWAY,4,3,4,8,12,4,33,1,33,0.12121212121212122,13,14,6,20,23,3,0.8695652173913043,2,0,0
2018-2019,2018020850,2019-02-10,CGY,CGY @ VAN,L,AWAY,3,4,3,5,8,12,9,0,47,0.06382978723404255,17,4,7,22,25,3,0.88,3,0,0
2018-2019,2018020857,2019-02-10,CHI,CHI vs. DET,W,HOME,5,2,5,10,15,4,24,0,36,0.1388888888888889,20,7,5,43,45,2,0.9555555555555556,2,0,0
2018-2019,2018020853,2019-02-10,COL,COL @ BOS,L,AWAY,1,2,1,2,3,10,21,0,36,0.027777777777777776,12,13,11,33,35,2,0.9428571428571428,2,0,0
2018-2019,2018020857,2019-02-10,DET,DET @ CHI,L,AWAY,2,5,2,2,4,2,17,0,45,0.044444444444444446,16,7,6,31,35,4,0.8857142857142857,4,0,0
2018-2019,2018020849,2019-02-10,EDM,EDM vs. SJS,L,HOME,2,5,2,3,5,12,34,1,23,0.08695652173913043,13,6,9,26,31,5,0.8387096774193549,4,1,0
2018-2019,2018020848,2019-02-10,FLA,FLA @ WSH,W,AWAY,5,4,5,7,12,2,20,1,31,0.16129032258064516,23,11,10,26,30,4,0.8666666666666667,4,0,0
2018-2019,2018020858,2019-02-10,FLA,FLA vs. TBL,L,HOME,2,5,2,4,6,10,25,0,27,0.07407407407407407,10,11,15,18,23,5,0.782608695652174,3,2,0
2018-2019,2018020856,2019-02-10,MIN,MIN @ NYI,L,AWAY,1,2,1,2,3,12,15,1,27,0.037037037037037035,14,1,5,32,34,2,0.9411764705882353,1,1,0
2018-2019,2018020846,2019-02-10,MTL,MTL vs. TOR,L,HOME,3,4,3,5,8,6,49,1,38,0.07894736842105263,14,9,20,28,32,4,0.875,4,0,0
2018-2019,2018020855,2019-02-10,NJD,NJD vs. CAR,W,HOME,3,2,3,6,9,17,21,1,21,0.14285714285714285,15,7,6,33,35,2,0.9428571428571428,1,1,0
2018-2019,2018020852,2019-02-10,NSH,NSH vs. STL,L,HOME,4,5,4,7,11,8,28,0,44,0.09090909090909091,7,7,20,24,29,5,0.8275862068965517,4,1,0
2018-2019,2018020856,2019-02-10,NYI,NYI vs. MIN,W,HOME,2,1,2,4,6,6,17,1,34,0.058823529411764705,18,7,17,26,27,1,0.9629629629629629,0,1,0
2018-2019,2018020847,2019-02-10,PIT,PIT @ TBL,L,AWAY,4,5,4,5,9,24,25,0,32,0.125,15,8,3,29,34,5,0.8529411764705882,4,0,0
2018-2019,2018020849,2019-02-10,SJS,SJS @ EDM,W,AWAY,5,2,5,8,13,4,24,1,31,0.16129032258064516,13,6,12,21,23,2,0.9130434782608695,1,1,0
2018-2019,2018020852,2019-02-10,STL,STL @ NSH,W,AWAY,5,4,5,8,13,8,15,1,29,0.1724137931034483,28,2,7,40,44,4,0.9090909090909091,4,0,0
2018-2019,2018020858,2019-02-10,TBL,TBL @ FLA,W,AWAY,5,2,5,9,14,10,29,2,23,0.21739130434782608,11,12,12,25,27,2,0.9259259259259259,2,0,0
2018-2019,2018020847,2019-02-10,TBL,TBL vs. PIT,W,HOME,5,4,5,10,15,24,22,0,34,0.14705882352941177,14,7,7,28,32,4,0.875,4,0,0
2018-2019,2018020846,2019-02-10,TOR,TOR @ MTL,W,AWAY,4,3,4,7,11,10,16,0,32,0.125,27,6,15,35,38,3,0.9210526315789473,2,1,0
2018-2019,2018020850,2019-02-10,VAN,VAN vs. CGY,W,HOME,4,3,3,6,9,12,33,0,25,0.12,16,5,16,44,47,3,0.9361702127659575,3,0,0
2018-2019,2018020851,2019-02-10,VGK,VGK vs. CBJ,L,HOME,3,4,3,6,9,6,26,0,23,0.13043478260869565,14,12,10,29,33,4,0.8787878787878788,3,1,0
2018-2019,2018020854,2019-02-10,WPG,WPG @ BUF,W,AWAY,3,1,3,6,9,10,23,0,29,0.10344827586206896,17,4,6,35,36,1,0.9722222222222222,1,0,0
2018-2019,2018020848,2019-02-10,WSH,WSH vs. FLA,L,HOME,4,5,4,8,12,8,16,0,30,0.13333333333333333,16,14,14,26,31,5,0.8387096774193549,4,1,0
2018-2019,2018020859,2019-02-11,NYR,NYR vs. TOR,W,HOME,4,1,4,5,9,13,29,0,30,0.13333333333333333,18,4,13,55,56,1,0.9821428571428571,1,0,0
2018-2019,2018020859,2019-02-11,TOR,TOR @ NYR,L,AWAY,1,4,1,0,1,7,14,0,56,0.017857142857142856,8,4,15,26,29,3,0.896551724137931,3,0,0
2018-2019,2018020861,2019-02-12,LAK,LAK @ WSH,L,AWAY,4,6,4,8,12,8,18,1,33,0.12121212121212122,16,10,7,25,31,6,0.8064516129032258,5,1,0
2018-2019,2018020860,2019-02-12,PHI,PHI vs. PIT,L,HOME,1,4,1,2,3,4,29,1,51,0.0196078431372549,15,6,12,24,27,3,0.8888888888888888,3,0,0
2018-2019,2018020860,2019-02-12,PIT,PIT @ PHI,W,AWAY,4,1,4,6,10,18,23,0,28,0.14285714285714285,16,7,6,50,51,1,0.9803921568627451,0,1,0
2018-2019,2018020862,2019-02-12,SJS,SJS @ VAN,W,AWAY,7,2,7,13,20,6,17,0,24,0.2916666666666667,11,5,3,25,27,2,0.9259259259259259,2,0,0
2018-2019,2018020862,2019-02-12,VAN,VAN vs. SJS,L,HOME,2,7,2,4,6,8,17,0,27,0.07407407407407407,13,4,2,17,24,7,0.7083333333333334,7,0,0
2018-2019,2018020861,2019-02-12,WSH,WSH vs. LAK,W,HOME,6,4,6,10,16,6,14,1,31,0.1935483870967742,23,10,17,29,33,4,0.8787878787878788,3,1,0
2018-2019,2018020874,2019-02-13,ARI,ARI @ VGK,W,AWAY,5,2,5,9,14,2,32,1,26,0.19230769230769232,13,7,4,41,43,2,0.9534883720930233,2,0,0
2018-2019,2018020863,2019-02-13,BOS,BOS vs. CHI,W,HOME,6,3,6,12,18,8,26,2,37,0.16216216216216217,11,11,10,23,26,3,0.8846153846153846,3,0,0
2018-2019,2018020864,2019-02-13,BUF,BUF vs. NYI,W,HOME,3,1,3,4,7,0,13,0,22,0.13636363636363635,14,3,6,24,25,1,0.96,1,0,0
2018-2019,2018020867,2019-02-13,CAR,CAR @ OTT,W,AWAY,4,1,4,6,10,6,25,2,37,0.10810810810810811,15,7,8,25,26,1,0.9615384615384616,1,0,0
2018-2019,2018020866,2019-02-13,CBJ,CBJ vs. WSH,W,HOME,3,0,3,5,8,4,15,0,32,0.09375,10,9,6,20,20,0,1.0,0,0,0
2018-2019,2018020868,2019-02-13,CGY,CGY @ TBL,L,AWAY,3,6,3,5,8,8,17,2,22,0.13636363636363635,14,6,12,21,27,6,0.7777777777777778,4,2,0
2018-2019,2018020863,2019-02-13,CHI,CHI @ BOS,L,AWAY,3,6,3,6,9,12,18,0,26,0.11538461538461539,12,12,21,31,37,6,0.8378378378378378,4,2,0
2018-2019,2018020873,2019-02-13,COL,COL vs. TOR,L,HOME,2,5,2,3,5,12,19,0,36,0.05555555555555555,11,14,7,23,28,5,0.8214285714285714,2,3,0
2018-2019,2018020865,2019-02-13,DAL,DAL @ FLA,W,AWAY,3,0,3,5,8,8,26,0,19,0.15789473684210525,20,7,17,30,30,0,1.0,0,0,0
2018-2019,2018020870,2019-02-13,DET,DET @ NSH,W,AWAY,3,2,3,6,9,14,23,1,27,0.1111111111111111,16,3,17,32,34,2,0.9411764705882353,1,1,0
2018-2019,2018020865,2019-02-13,FLA,FLA vs. DAL,L,HOME,0,3,0,0,0,4,18,0,30,0.0,15,10,13,16,18,2,0.8888888888888888,2,0,0
2018-2019,2018020871,2019-02-13,MIN,MIN vs. PHI,L,HOME,4,5,4,6,10,8,15,1,39,0.10256410256410256,4,5,4,21,26,5,0.8076923076923077,3,2,0
2018-2019,2018020869,2019-02-13,NJD,NJD @ STL,L,AWAY,3,8,3,3,6,16,25,1,23,0.13043478260869565,20,3,3,31,39,8,0.7948717948717948,7,0,0
2018-2019,2018020870,2019-02-13,NSH,NSH vs. DET,L,HOME,2,3,2,3,5,8,13,1,34,0.058823529411764705,9,6,19,24,27,3,0.8888888888888888,2,1,0
2018-2019,2018020864,2019-02-13,NYI,NYI @ BUF,L,AWAY,1,3,1,2,3,2,20,0,25,0.04,5,0,6,19,22,3,0.8636363636363636,3,0,0
2018-2019,2018020872,2019-02-13,NYR,NYR @ WPG,L,AWAY,3,4,3,6,9,4,23,2,37,0.08108108108108109,12,6,6,32,36,4,0.8888888888888888,4,0,0
2018-2019,2018020867,2019-02-13,OTT,OTT vs. CAR,L,HOME,1,4,1,2,3,20,27,0,26,0.038461538461538464,12,9,10,33,37,4,0.8918918918918919,2,2,0
2018-2019,2018020871,2019-02-13,PHI,PHI @ MIN,W,AWAY,5,4,5,9,14,12,14,2,26,0.19230769230769232,20,4,2,35,39,4,0.8974358974358975,3,1,0
2018-2019,2018020869,2019-02-13,STL,STL vs. NJD,W,HOME,8,3,8,15,23,6,7,0,39,0.20512820512820512,9,6,9,20,23,3,0.8695652173913043,2,1,0
2018-2019,2018020868,2019-02-13,TBL,TBL vs. CGY,W,HOME,6,3,6,12,18,8,20,2,27,0.2222222222222222,16,6,9,19,22,3,0.8636363636363636,1,2,0
2018-2019,2018020873,2019-02-13,TOR,TOR @ COL,W,AWAY,5,2,5,8,13,4,20,3,28,0.17857142857142858,20,10,3,34,36,2,0.9444444444444444,2,0,0
2018-2019,2018020874,2019-02-13,VGK,VGK vs. ARI,L,HOME,2,5,2,4,6,6,44,0,43,0.046511627906976744,22,9,8,21,25,4,0.84,3,1,0
2018-2019,2018020872,2019-02-13,WPG,WPG vs. NYR,W,HOME,4,3,4,7,11,8,21,0,36,0.1111111111111111,15,9,7,34,37,3,0.918918918918919,1,2,0
2018-2019,2018020866,2019-02-13,WSH,WSH @ CBJ,L,AWAY,0,3,0,0,0,8,14,0,20,0.0,13,5,8,29,31,2,0.9354838709677419,2,0,0
2018-2019,2018020876,2019-02-14,ANA,ANA vs. VAN,W,HOME,1,0,1,2,3,20,29,0,22,0.045454545454545456,23,6,18,35,35,0,1.0,0,0,0
2018-2019,2018020875,2019-02-14,EDM,EDM @ PIT,L,AWAY,1,3,1,2,3,2,41,0,39,0.02564102564102564,11,2,3,31,33,2,0.9393939393939394,1,0,0
2018-2019,2018020875,2019-02-14,PIT,PIT vs. EDM,W,HOME,3,1,3,4,7,4,51,0,34,0.08823529411764706,14,6,7,38,39,1,0.9743589743589743,1,0,0
2018-2019,2018020876,2019-02-14,VAN,VAN @ ANA,L,AWAY,0,1,0,0,0,18,15,0,35,0.0,12,7,16,21,22,1,0.9545454545454546,1,0,0
2018-2019,2018020884,2019-02-15,ARI,ARI vs. STL,L,HOME,0,4,0,0,0,6,40,0,21,0.0,17,5,10,20,24,4,0.8333333333333334,3,1,0
2018-2019,2018020878,2019-02-15,CBJ,CBJ vs. NYI,L,HOME,0,3,0,0,0,4,28,0,31,0.0,12,7,9,24,27,3,0.8888888888888888,3,0,0
2018-2019,2018020877,2019-02-15,CGY,CGY @ FLA,L,AWAY,2,3,2,3,5,2,20,0,43,0.046511627906976744,12,12,16,30,32,2,0.9375,2,0,0
2018-2019,2018020883,2019-02-15,CHI,CHI vs. NJD,W,HOME,5,2,5,8,13,6,30,0,36,0.1388888888888889,13,10,11,41,43,2,0.9534883720930233,1,1,0
2018-2019,2018020882,2019-02-15,COL,COL @ WPG,W,AWAY,4,1,4,7,11,15,23,0,35,0.11428571428571428,19,2,13,24,25,1,0.96,1,0,0
2018-2019,2018020880,2019-02-15,DAL,DAL @ TBL,L,AWAY,0,6,0,0,0,12,27,0,32,0.0,11,4,5,20,26,6,0.7692307692307693,4,2,0
2018-2019,2018020879,2019-02-15,DET,DET vs. OTT,W,HOME,3,2,3,3,6,11,20,0,29,0.10344827586206896,17,3,16,40,42,2,0.9523809523809523,2,0,0
2018-2019,2018020877,2019-02-15,FLA,FLA vs. CGY,W,HOME,3,2,2,4,6,6,24,0,32,0.0625,18,11,19,41,43,2,0.9534883720930233,2,0,0
2018-2019,2018020886,2019-02-15,LAK,LAK vs. VAN,L,HOME,3,4,3,6,9,4,27,0,38,0.07894736842105263,13,2,14,24,27,3,0.8888888888888888,2,1,0
2018-2019,2018020881,2019-02-15,MTL,MTL @ NSH,L,AWAY,1,3,1,2,3,6,15,0,35,0.02857142857142857,14,6,7,35,38,3,0.9210526315789473,3,0,0
2018-2019,2018020883,2019-02-15,NJD,NJD @ CHI,L,AWAY,2,5,2,3,5,6,21,1,43,0.046511627906976744,21,9,8,31,36,5,0.8611111111111112,4,0,0
2018-2019,2018020881,2019-02-15,NSH,NSH vs. MTL,W,HOME,3,1,3,5,8,6,15,0,38,0.07894736842105263,15,7,13,34,35,1,0.9714285714285714,1,0,0
2018-2019,2018020878,2019-02-15,NYI,NYI @ CBJ,W,AWAY,3,0,3,5,8,2,19,0,27,0.1111111111111111,21,7,2,31,31,0,1.0,0,0,0
2018-2019,2018020879,2019-02-15,OTT,OTT @ DET,L,AWAY,2,3,2,4,6,13,17,0,42,0.047619047619047616,17,4,7,26,29,3,0.896551724137931,3,0,0
2018-2019,2018020887,2019-02-15,SJS,SJS vs. WSH,L,HOME,1,5,1,2,3,8,20,0,26,0.038461538461538464,17,2,8,24,28,4,0.8571428571428571,3,1,0
2018-2019,2018020884,2019-02-15,STL,STL @ ARI,W,AWAY,4,0,4,8,12,6,22,1,24,0.16666666666666666,19,7,12,21,21,0,1.0,0,0,0
2018-2019,2018020880,2019-02-15,TBL,TBL vs. DAL,W,HOME,6,0,6,11,17,6,23,2,26,0.23076923076923078,9,7,7,32,32,0,1.0,0,0,0
2018-2019,2018020885,2019-02-15,TOR,TOR @ VGK,W,AWAY,6,3,6,12,18,4,18,2,43,0.13953488372093023,16,7,1,30,33,3,0.9090909090909091,2,0,0
2018-2019,2018020886,2019-02-15,VAN,VAN @ LAK,W,AWAY,4,3,3,6,9,6,20,1,27,0.1111111111111111,11,1,5,35,38,3,0.9210526315789473,3,0,0
2018-2019,2018020885,2019-02-15,VGK,VGK vs. TOR,L,HOME,3,6,3,5,8,12,38,0,33,0.09090909090909091,15,8,6,37,43,6,0.8604651162790697,3,2,0
2018-2019,2018020882,2019-02-15,WPG,WPG vs. COL,L,HOME,1,4,1,0,1,13,18,0,25,0.04,13,5,8,31,35,4,0.8857142857142857,3,0,0
2018-2019,2018020887,2019-02-15,WSH,WSH @ SJS,W,AWAY,5,1,5,8,13,2,20,1,29,0.1724137931034483,21,7,6,25,26,1,0.9615384615384616,1,0,0
2018-2019,2018020891,2019-02-16,ANA,ANA vs. BOS,L,HOME,0,3,0,0,0,8,27,0,30,0.0,16,7,12,26,28,2,0.9285714285714286,1,1,0
2018-2019,2018020891,2019-02-16,BOS,BOS @ ANA,W,AWAY,3,0,3,6,9,6,22,1,29,0.10344827586206896,13,6,13,30,30,0,1.0,0,0,0
2018-2019,2018020888,2019-02-16,BUF,BUF vs. NYR,L,HOME,2,6,2,3,5,7,13,1,33,0.06060606060606061,8,4,11,23,28,5,0.8214285714285714,5,0,0
2018-2019,2018020889,2019-02-16,CAR,CAR vs. EDM,W,HOME,3,1,3,6,9,8,24,0,27,0.1111111111111111,17,13,17,40,41,1,0.975609756097561,1,0,0
2018-2019,2018020893,2019-02-16,CGY,CGY @ PIT,W,AWAY,5,4,5,9,14,20,36,1,31,0.16129032258064516,16,6,7,34,38,4,0.8947368421052632,1,3,0
2018-2019,2018020894,2019-02-16,COL,COL vs. STL,L,HOME,0,3,0,0,0,10,31,0,32,0.0,16,8,12,30,32,2,0.9375,2,0,0
2018-2019,2018020892,2019-02-16,DET,DET @ PHI,L,AWAY,5,6,5,7,12,6,21,0,38,0.13157894736842105,18,8,4,26,32,6,0.8125,5,1,0
2018-2019,2018020889,2019-02-16,EDM,EDM @ CAR,L,AWAY,1,3,1,1,2,6,29,0,41,0.024390243902439025,12,8,5,24,27,3,0.8888888888888888,3,0,0
2018-2019,2018020890,2019-02-16,MIN,MIN vs. NJD,L,HOME,4,5,4,6,10,8,28,1,32,0.125,17,15,9,23,28,5,0.8214285714285714,4,1,0
2018-2019,2018020890,2019-02-16,NJD,NJD @ MIN,W,AWAY,5,4,5,7,12,4,16,1,28,0.17857142857142858,14,5,7,28,32,4,0.875,3,1,0
2018-2019,2018020888,2019-02-16,NYR,NYR @ BUF,W,AWAY,6,2,6,10,16,13,11,0,29,0.20689655172413793,9,5,9,31,33,2,0.9393939393939394,1,1,0
2018-2019,2018020892,2019-02-16,PHI,PHI vs. DET,W,HOME,6,5,6,11,17,4,28,1,32,0.1875,16,7,8,33,38,5,0.868421052631579,5,0,0
2018-2019,2018020893,2019-02-16,PIT,PIT vs. CGY,L,HOME,4,5,4,8,12,18,32,3,38,0.10526315789473684,10,9,16,26,31,5,0.8387096774193549,4,1,0
2018-2019,2018020894,2019-02-16,STL,STL @ COL,W,AWAY,3,0,3,6,9,10,16,0,33,0.09090909090909091,12,8,2,32,32,0,1.0,0,0,0
2018-2019,2018020898,2019-02-17,ARI,ARI vs. TOR,W,HOME,2,0,2,3,5,8,25,0,29,0.06896551724137931,27,8,17,22,22,0,1.0,0,0,0
2018-2019,2018020903,2019-02-17,BOS,BOS @ LAK,W,AWAY,4,2,4,5,9,10,19,0,24,0.16666666666666666,17,5,5,23,25,2,0.92,1,1,0
2018-2019,2018020906,2019-02-17,BUF,BUF @ NJD,L,AWAY,1,4,1,2,3,2,20,0,35,0.02857142857142857,10,8,6,20,23,3,0.8695652173913043,2,1,0
2018-2019,2018020899,2019-02-17,CAR,CAR vs. DAL,W,HOME,3,0,3,5,8,2,14,1,27,0.1111111111111111,25,12,8,33,33,0,1.0,0,0,0
2018-2019,2018020900,2019-02-17,CBJ,CBJ @ CHI,W,AWAY,5,2,5,8,13,2,26,0,30,0.16666666666666666,12,9,1,39,41,2,0.9512195121951219,1,1,0
2018-2019,2018020900,2019-02-17,CHI,CHI vs. CBJ,L,HOME,2,5,2,4,6,0,17,1,41,0.04878048780487805,12,9,10,25,30,5,0.8333333333333334,5,0,0
2018-2019,2018020899,2019-02-17,DAL,DAL @ CAR,L,AWAY,0,3,0,0,0,2,13,0,33,0.0,8,6,20,24,27,3,0.8888888888888888,2,1,0
2018-2019,2018020907,2019-02-17,DET,DET vs. PHI,L,HOME,1,3,1,2,3,5,26,0,38,0.02631578947368421,16,3,13,20,22,2,0.9090909090909091,2,0,0
2018-2019,2018020896,2019-02-17,EDM,EDM @ NYI,L,AWAY,2,5,2,4,6,23,20,1,36,0.05555555555555555,8,4,10,19,23,4,0.8260869565217391,3,1,0
2018-2019,2018020903,2019-02-17,LAK,LAK vs. BOS,L,HOME,2,4,2,4,6,4,29,1,25,0.08,9,4,6,20,24,4,0.8333333333333334,4,0,0
2018-2019,2018020905,2019-02-17,MIN,MIN vs. STL,L,HOME,0,4,0,0,0,10,28,0,31,0.0,13,11,6,26,30,4,0.8666666666666667,2,2,0
2018-2019,2018020895,2019-02-17,MTL,MTL @ TBL,L,AWAY,0,3,0,0,0,20,23,0,20,0.0,14,5,8,34,37,3,0.918918918918919,2,1,0
2018-2019,2018020906,2019-02-17,NJD,NJD vs. BUF,W,HOME,4,1,4,7,11,6,27,1,24,0.16666666666666666,17,6,13,34,35,1,0.9714285714285714,1,0,0
2018-2019,2018020901,2019-02-17,NSH,NSH @ VGK,L,AWAY,1,5,1,1,2,6,17,0,30,0.03333333333333333,14,9,8,45,50,5,0.9,4,1,0
2018-2019,2018020896,2019-02-17,NYI,NYI vs. EDM,W,HOME,5,2,5,7,12,17,13,1,24,0.20833333333333334,16,5,8,34,36,2,0.9444444444444444,1,1,0
2018-2019,2018020904,2019-02-17,NYR,NYR @ PIT,L,AWAY,5,6,5,8,13,6,57,1,44,0.11363636363636363,18,5,7,35,41,6,0.8536585365853658,5,1,0
2018-2019,2018020897,2019-02-17,OTT,OTT @ WPG,W,AWAY,4,3,4,8,12,4,17,3,41,0.0975609756097561,13,4,6,23,26,3,0.8846153846153846,1,0,0
2018-2019,2018020907,2019-02-17,PHI,PHI @ DET,W,AWAY,3,1,3,5,8,9,18,0,23,0.13043478260869565,20,2,9,37,38,1,0.9736842105263158,1,0,0
2018-2019,2018020904,2019-02-17,PIT,PIT vs. NYR,W,HOME,6,5,6,11,17,6,34,1,41,0.14634146341463414,10,6,12,39,44,5,0.8863636363636364,4,1,0
2018-2019,2018020902,2019-02-17,SJS,SJS vs. VAN,W,HOME,3,2,3,6,9,13,17,1,26,0.11538461538461539,17,14,9,32,34,2,0.9411764705882353,2,0,0
2018-2019,2018020905,2019-02-17,STL,STL @ MIN,W,AWAY,4,0,4,7,11,10,16,2,30,0.13333333333333333,14,6,2,31,31,0,1.0,0,0,0
2018-2019,2018020895,2019-02-17,TBL,TBL vs. MTL,W,HOME,3,0,3,6,9,16,24,1,37,0.08108108108108109,13,6,1,20,20,0,1.0,0,0,0
2018-2019,2018020898,2019-02-17,TOR,TOR @ ARI,L,AWAY,0,2,0,0,0,2,24,0,22,0.0,17,6,6,27,29,2,0.9310344827586207,2,0,0
2018-2019,2018020902,2019-02-17,VAN,VAN @ SJS,L,AWAY,2,3,2,3,5,13,20,0,34,0.058823529411764705,21,11,7,23,26,3,0.8846153846153846,2,1,0
2018-2019,2018020901,2019-02-17,VGK,VGK vs. NSH,W,HOME,5,1,5,7,12,6,33,1,50,0.1,13,12,8,29,30,1,0.9666666666666667,1,0,0
2018-2019,2018020897,2019-02-17,WPG,WPG vs. OTT,L,HOME,3,4,3,4,7,14,24,0,26,0.11538461538461539,16,4,4,37,41,4,0.9024390243902439,1,3,0
2018-2019,2018020909,2019-02-18,ANA,ANA vs. WSH,W,HOME,5,2,5,10,15,16,21,2,39,0.1282051282051282,20,7,9,23,25,2,0.92,2,0,0
2018-2019,2018020910,2019-02-18,ARI,ARI @ CGY,L,AWAY,2,5,2,3,5,4,11,1,29,0.06896551724137931,20,9,10,28,32,4,0.875,4,0,0
2018-2019,2018020910,2019-02-18,CGY,CGY vs. ARI,W,HOME,5,2,5,10,15,6,8,0,33,0.15151515151515152,11,16,11,27,29,2,0.9310344827586207,1,1,0
2018-2019,2018020908,2019-02-18,FLA,FLA vs. MTL,W,HOME,6,3,6,9,15,6,19,1,36,0.16666666666666666,12,13,12,28,31,3,0.9032258064516129,3,0,0
2018-2019,2018020908,2019-02-18,MTL,MTL @ FLA,L,AWAY,3,6,3,3,6,6,30,0,31,0.0967741935483871,8,10,20,30,35,5,0.8571428571428571,4,1,0
2018-2019,2018020909,2019-02-18,WSH,WSH @ ANA,L,AWAY,2,5,2,2,4,18,27,0,25,0.08,17,6,13,34,39,5,0.8717948717948718,3,2,0
2018-2019,2018020915,2019-02-19,BOS,BOS @ SJS,W,AWAY,6,5,6,11,17,9,24,2,20,0.3,11,10,6,33,38,5,0.868421052631579,3,1,0
2018-2019,2018020911,2019-02-19,CBJ,CBJ vs. TBL,L,HOME,1,5,1,2,3,6,15,0,40,0.025,8,8,6,15,20,5,0.75,3,2,0
2018-2019,2018020912,2019-02-19,CHI,CHI vs. OTT,W,HOME,8,7,8,13,21,8,4,2,42,0.19047619047619047,18,4,6,31,38,7,0.8157894736842105,6,1,0
2018-2019,2018020913,2019-02-19,COL,COL vs. VGK,W,HOME,3,0,3,4,7,8,15,0,38,0.07894736842105263,20,15,3,40,40,0,1.0,0,0,0
2018-2019,2018020914,2019-02-19,LAK,LAK vs. WSH,L,HOME,2,3,2,4,6,6,23,0,28,0.07142857142857142,6,6,7,18,21,3,0.8571428571428571,1,2,0
2018-2019,2018020912,2019-02-19,OTT,OTT @ CHI,L,AWAY,7,8,7,14,21,10,16,1,38,0.18421052631578946,10,8,1,34,42,8,0.8095238095238095,6,2,0
2018-2019,2018020915,2019-02-19,SJS,SJS vs. BOS,L,HOME,5,6,5,7,12,15,24,1,38,0.13157894736842105,8,12,10,14,20,6,0.7,4,2,0
2018-2019,2018020911,2019-02-19,TBL,TBL @ CBJ,W,AWAY,5,1,5,9,14,10,21,2,20,0.25,11,2,5,39,40,1,0.975,1,0,0
2018-2019,2018020913,2019-02-19,VGK,VGK @ COL,L,AWAY,0,3,0,0,0,6,26,0,40,0.0,7,7,5,35,38,3,0.9210526315789473,3,0,0
2018-2019,2018020914,2019-02-19,WSH,WSH @ LAK,W,AWAY,3,2,3,6,9,8,10,2,21,0.14285714285714285,16,3,6,26,28,2,0.9285714285714286,2,0,0
2018-2019,2018020922,2019-02-20,ANA,ANA @ MIN,W,AWAY,4,0,4,4,8,6,17,1,24,0.16666666666666666,19,7,3,31,31,0,1.0,0,0,0
2018-2019,2018020924,2019-02-20,ARI,ARI @ EDM,W,AWAY,3,2,2,4,6,6,27,0,35,0.05714285714285714,13,8,12,35,37,2,0.9459459459459459,2,0,0
2018-2019,2018020916,2019-02-20,BUF,BUF @ FLA,L,AWAY,2,4,2,4,6,8,41,1,34,0.058823529411764705,16,12,19,37,41,4,0.9024390243902439,4,0,0
2018-2019,2018020919,2019-02-20,CAR,CAR vs. NYR,L,HOME,1,2,1,2,3,8,15,0,44,0.022727272727272728,8,16,15,24,26,2,0.9230769230769231,2,0,0
2018-2019,2018020920,2019-02-20,CBJ,CBJ @ MTL,L,AWAY,2,3,2,3,5,16,36,0,33,0.06060606060606061,20,6,14,29,32,3,0.90625,3,0,0
2018-2019,2018020923,2019-02-20,DAL,DAL vs. NSH,L,HOME,3,5,3,6,9,6,25,1,39,0.07692307692307693,20,14,20,42,46,4,0.9130434782608695,4,0,0
2018-2019,2018020924,2019-02-20,EDM,EDM vs. ARI,L,HOME,2,3,2,4,6,6,31,0,37,0.05405405405405406,14,9,22,33,35,2,0.9428571428571428,2,0,0
2018-2019,2018020916,2019-02-20,FLA,FLA vs. BUF,W,HOME,4,2,4,7,11,8,30,0,41,0.0975609756097561,15,13,26,32,34,2,0.9411764705882353,1,1,0
2018-2019,2018020922,2019-02-20,MIN,MIN vs. ANA,L,HOME,0,4,0,0,0,8,15,0,31,0.0,16,4,6,20,23,3,0.8695652173913043,2,1,0
2018-2019,2018020920,2019-02-20,MTL,MTL vs. CBJ,W,HOME,3,2,3,5,8,12,28,0,32,0.09375,12,8,14,31,33,2,0.9393939393939394,2,0,0
2018-2019,2018020917,2019-02-20,NJD,NJD vs. PIT,L,HOME,3,4,3,6,9,4,23,0,36,0.08333333333333333,11,14,13,24,28,4,0.8571428571428571,3,1,0
2018-2019,2018020923,2019-02-20,NSH,NSH @ DAL,W,AWAY,5,3,5,7,12,6,18,0,47,0.10638297872340426,14,6,14,36,39,3,0.9230769230769231,2,1,0
2018-2019,2018020919,2019-02-20,NYR,NYR @ CAR,W,AWAY,2,1,2,4,6,4,9,0,26,0.07692307692307693,23,10,16,43,44,1,0.9772727272727273,1,0,0
2018-2019,2018020918,2019-02-20,PHI,PHI vs. TBL,L,HOME,2,5,2,4,6,20,26,0,30,0.06666666666666667,15,4,12,28,32,4,0.875,3,1,0
2018-2019,2018020917,2019-02-20,PIT,PIT @ NJD,W,AWAY,4,3,4,6,10,4,15,1,28,0.14285714285714285,8,9,3,33,36,3,0.9166666666666666,3,0,0
2018-2019,2018020921,2019-02-20,STL,STL vs. TOR,W,HOME,3,2,3,4,7,0,10,1,41,0.07317073170731707,17,9,9,31,33,2,0.9393939393939394,2,0,0
2018-2019,2018020918,2019-02-20,TBL,TBL @ PHI,W,AWAY,5,2,5,6,11,8,22,1,33,0.15151515151515152,19,7,8,28,30,2,0.9333333333333333,2,0,0
2018-2019,2018020921,2019-02-20,TOR,TOR @ STL,L,AWAY,2,3,2,2,4,6,13,0,33,0.06060606060606061,10,12,11,38,41,3,0.926829268292683,2,1,0
2018-2019,2018020928,2019-02-21,BOS,BOS @ VGK,W,AWAY,3,2,2,4,6,2,24,0,27,0.07407407407407407,20,9,9,31,33,2,0.9393939393939394,2,0,0
2018-2019,2018020927,2019-02-21,CGY,CGY vs. NYI,W,HOME,4,2,4,7,11,8,13,1,32,0.125,19,14,10,17,19,2,0.8947368421052632,2,0,0
2018-2019,2018020925,2019-02-21,CHI,CHI @ DET,W,AWAY,5,4,5,6,11,8,10,0,20,0.25,6,10,11,31,35,4,0.8857142857142857,3,1,0
2018-2019,2018020926,2019-02-21,COL,COL vs. WPG,W,HOME,7,1,7,12,19,21,17,1,46,0.15217391304347827,16,9,6,26,27,1,0.9629629629629629,0,1,0
2018-2019,2018020925,2019-02-21,DET,DET vs. CHI,L,HOME,4,5,4,8,12,2,24,1,35,0.11428571428571428,12,3,17,15,20,5,0.75,5,0,0
2018-2019,2018020927,2019-02-21,NYI,NYI @ CGY,L,AWAY,2,4,2,4,6,10,31,0,19,0.10526315789473684,20,3,12,28,32,4,0.875,3,1,0
2018-2019,2018020928,2019-02-21,VGK,VGK vs. BOS,L,HOME,2,3,2,4,6,4,38,0,33,0.06060606060606061,18,17,11,25,27,2,0.9259259259259259,2,0,0
2018-2019,2018020926,2019-02-21,WPG,WPG @ COL,L,AWAY,1,7,1,2,3,33,34,1,27,0.037037037037037035,17,6,5,39,46,7,0.8478260869565217,6,1,0
2018-2019,2018020939,2019-02-22,ARI,ARI @ VAN,W,AWAY,3,2,3,6,9,6,16,1,38,0.07894736842105263,13,1,4,30,32,2,0.9375,2,0,0
2018-2019,2018020935,2019-02-22,BUF,BUF @ TBL,L,AWAY,1,2,1,2,3,10,18,0,30,0.03333333333333333,12,9,8,39,40,1,0.975,1,0,0
2018-2019,2018020930,2019-02-22,CAR,CAR @ FLA,W,AWAY,4,3,4,7,11,10,29,2,25,0.16,6,15,9,27,30,3,0.9,1,2,0
2018-2019,2018020937,2019-02-22,DAL,DAL vs. STL,W,HOME,5,2,5,8,13,13,30,0,25,0.2,20,9,13,43,45,2,0.9555555555555556,1,1,0
2018-2019,2018020938,2019-02-22,EDM,EDM vs. NYI,W,HOME,4,3,4,6,10,6,24,1,41,0.0975609756097561,17,4,10,20,23,3,0.8695652173913043,1,2,0
2018-2019,2018020930,2019-02-22,FLA,FLA vs. CAR,L,HOME,3,4,3,5,8,16,35,2,30,0.1,16,12,15,21,25,4,0.84,2,2,0
2018-2019,2018020936,2019-02-22,LAK,LAK @ NSH,L,AWAY,1,2,1,2,3,11,23,0,29,0.034482758620689655,12,4,14,27,29,2,0.9310344827586207,1,1,0
2018-2019,2018020932,2019-02-22,MIN,MIN @ NYR,W,AWAY,4,1,4,6,10,6,24,1,35,0.11428571428571428,16,9,14,33,34,1,0.9705882352941176,0,1,0
2018-2019,2018020934,2019-02-22,MTL,MTL vs. PHI,W,HOME,5,1,5,7,12,8,19,0,40,0.125,16,11,18,29,30,1,0.9666666666666667,1,0,0
2018-2019,2018020931,2019-02-22,NJD,NJD vs. OTT,W,HOME,4,0,4,7,11,6,22,0,31,0.12903225806451613,18,7,10,30,30,0,1.0,0,0,0
2018-2019,2018020936,2019-02-22,NSH,NSH vs. LAK,W,HOME,2,1,2,4,6,11,16,1,29,0.06896551724137931,13,11,15,28,29,1,0.9655172413793104,1,0,0
2018-2019,2018020938,2019-02-22,NYI,NYI @ EDM,L,AWAY,3,4,3,6,9,10,25,2,23,0.13043478260869565,25,5,7,37,41,4,0.9024390243902439,3,1,0
2018-2019,2018020932,2019-02-22,NYR,NYR vs. MIN,L,HOME,1,4,1,2,3,2,27,1,34,0.029411764705882353,15,8,14,31,34,3,0.9117647058823529,2,1,0
2018-2019,2018020931,2019-02-22,OTT,OTT @ NJD,L,AWAY,0,4,0,0,0,4,18,0,30,0.0,8,4,5,27,31,4,0.8709677419354839,4,0,0
2018-2019,2018020934,2019-02-22,PHI,PHI @ MTL,L,AWAY,1,5,1,2,3,2,22,0,30,0.03333333333333333,16,6,21,35,40,5,0.875,5,0,0
2018-2019,2018020933,2019-02-22,PIT,PIT vs. SJS,L,HOME,0,4,0,0,0,49,35,0,26,0.0,16,10,8,29,33,4,0.8787878787878788,0,3,0
2018-2019,2018020933,2019-02-22,SJS,SJS @ PIT,W,AWAY,4,0,4,7,11,31,31,3,33,0.12121212121212122,13,7,8,26,26,0,1.0,0,0,0
2018-2019,2018020937,2019-02-22,STL,STL @ DAL,L,AWAY,2,5,2,3,5,11,21,1,45,0.044444444444444446,13,2,9,20,24,4,0.8333333333333334,4,0,0
2018-2019,2018020935,2019-02-22,TBL,TBL vs. BUF,W,HOME,2,1,1,1,2,12,16,0,40,0.025,11,9,7,29,30,1,0.9666666666666667,1,0,0
2018-2019,2018020929,2019-02-22,TOR,TOR vs. WSH,L,HOME,2,3,2,2,4,8,17,0,42,0.047619047619047616,12,10,18,25,28,3,0.8928571428571429,1,1,0
2018-2019,2018020939,2019-02-22,VAN,VAN vs. ARI,L,HOME,2,3,2,4,6,4,28,0,32,0.0625,15,9,8,35,38,3,0.9210526315789473,2,1,0
2018-2019,2018020929,2019-02-22,WSH,WSH @ TOR,W,AWAY,3,2,3,5,8,6,35,1,28,0.10714285714285714,21,6,14,40,42,2,0.9523809523809523,2,0,0
2018-2019,2018020943,2019-02-23,ANA,ANA @ CGY,L,AWAY,1,2,1,1,2,2,13,0,26,0.038461538461538464,17,25,12,26,28,2,0.9285714285714286,2,0,0
2018-2019,2018020947,2019-02-23,BOS,BOS @ STL,L,AWAY,1,2,1,2,3,8,17,0,32,0.03125,23,7,1,28,29,1,0.9655172413793104,1,0,0
2018-2019,2018020945,2019-02-23,BUF,BUF vs. WSH,W,HOME,5,2,5,7,12,4,12,1,38,0.13157894736842105,12,5,6,31,33,2,0.9393939393939394,2,0,0
2018-2019,2018020950,2019-02-23,CAR,CAR @ DAL,W,AWAY,3,0,3,6,9,6,20,1,31,0.0967741935483871,13,5,17,24,24,0,1.0,0,0,0
2018-2019,2018020940,2019-02-23,CBJ,CBJ @ OTT,W,AWAY,3,0,3,6,9,8,22,0,40,0.075,8,9,12,22,22,0,1.0,0,0,0
2018-2019,2018020949,2019-02-23,CBJ,CBJ vs. SJS,W,HOME,4,0,4,7,11,4,24,1,26,0.15384615384615385,6,9,6,26,26,0,1.0,0,0,0
2018-2019,2018020943,2019-02-23,CGY,CGY vs. ANA,W,HOME,2,1,2,3,5,4,11,0,28,0.07142857142857142,14,23,10,25,26,1,0.9615384615384616,1,0,0
2018-2019,2018020942,2019-02-23,CHI,CHI vs. COL,L,HOME,3,5,3,5,8,8,19,2,44,0.06818181818181818,12,9,8,26,30,4,0.8666666666666667,3,1,0
2018-2019,2018020942,2019-02-23,COL,COL @ CHI,W,AWAY,5,3,5,8,13,8,31,1,31,0.16129032258064516,23,12,11,41,44,3,0.9318181818181818,1,2,0
2018-2019,2018020951,2019-02-23,COL,COL @ NSH,W,AWAY,5,0,5,10,15,14,17,2,21,0.23809523809523808,19,3,6,38,38,0,1.0,0,0,0
2018-2019,2018020950,2019-02-23,DAL,DAL vs. CAR,L,HOME,0,3,0,0,0,6,17,0,24,0.0,15,7,20,28,30,2,0.9333333333333333,1,1,0
2018-2019,2018020941,2019-02-23,DET,DET vs. MIN,L,HOME,2,3,2,4,6,6,26,1,28,0.07142857142857142,7,6,16,32,35,3,0.9142857142857143,2,1,0
2018-2019,2018020948,2019-02-23,FLA,FLA vs. LAK,W,HOME,6,1,6,7,13,2,28,2,25,0.24,16,9,16,18,19,1,0.9473684210526315,1,0,0
2018-2019,2018020948,2019-02-23,LAK,LAK @ FLA,L,AWAY,1,6,1,0,1,10,41,0,19,0.05263157894736842,12,8,4,19,25,6,0.76,4,2,0
2018-2019,2018020941,2019-02-23,MIN,MIN @ DET,W,AWAY,3,2,3,5,8,4,20,1,35,0.08571428571428572,14,3,3,26,28,2,0.9285714285714286,1,1,0
2018-2019,2018020946,2019-02-23,NJD,NJD @ NYR,L,AWAY,2,5,2,2,4,15,29,0,21,0.09523809523809523,18,5,13,29,33,4,0.8787878787878788,3,1,0
2018-2019,2018020951,2019-02-23,NSH,NSH vs. COL,L,HOME,0,5,0,0,0,14,13,0,38,0.0,5,5,7,16,21,5,0.7619047619047619,3,2,0
2018-2019,2018020946,2019-02-23,NYR,NYR vs. NJD,W,HOME,5,2,5,10,15,13,21,1,34,0.14705882352941177,10,10,15,19,21,2,0.9047619047619048,2,0,0
2018-2019,2018020940,2019-02-23,OTT,OTT vs. CBJ,L,HOME,0,3,0,0,0,8,20,0,22,0.0,11,10,16,37,40,3,0.925,2,0,0
2018-2019,2018020949,2019-02-23,SJS,SJS @ CBJ,L,AWAY,0,4,0,0,0,4,15,0,26,0.0,11,10,11,22,26,4,0.8461538461538461,3,1,0
2018-2019,2018020947,2019-02-23,STL,STL vs. BOS,W,HOME,2,1,1,1,2,2,30,0,29,0.034482758620689655,6,15,9,31,32,1,0.96875,1,0,0
2018-2019,2018020944,2019-02-23,VGK,VGK vs. WPG,L,HOME,3,6,3,6,9,8,35,0,32,0.09375,17,14,16,23,28,5,0.8214285714285714,3,2,0
2018-2019,2018020944,2019-02-23,WPG,WPG @ VGK,W,AWAY,6,3,6,12,18,6,24,2,29,0.20689655172413793,18,7,5,29,32,3,0.90625,3,0,0
2018-2019,2018020945,2019-02-23,WSH,WSH @ BUF,L,AWAY,2,5,2,3,5,8,19,0,33,0.06060606060606061,7,3,16,33,37,4,0.8918918918918919,3,1,0
2018-2019,2018020954,2019-02-24,ANA,ANA @ EDM,L,AWAY,1,2,1,2,3,2,24,0,34,0.029411764705882353,12,8,10,19,21,2,0.9047619047619048,2,0,0
2018-2019,2018020958,2019-02-24,CHI,CHI vs. DAL,L,HOME,3,4,3,5,8,7,16,1,47,0.06382978723404255,12,9,11,25,29,4,0.8620689655172413,3,1,0
2018-2019,2018020958,2019-02-24,DAL,DAL @ CHI,W,AWAY,4,3,4,7,11,15,31,1,29,0.13793103448275862,12,8,14,44,47,3,0.9361702127659575,2,1,0
2018-2019,2018020957,2019-02-24,DET,DET vs. SJS,L,HOME,3,5,3,6,9,6,27,0,23,0.13043478260869565,17,5,4,32,36,4,0.8888888888888888,3,1,0
2018-2019,2018020954,2019-02-24,EDM,EDM vs. ANA,W,HOME,2,1,2,4,6,2,33,0,21,0.09523809523809523,17,13,14,33,34,1,0.9705882352941176,1,0,0
2018-2019,2018020952,2019-02-24,MTL,MTL @ TOR,L,AWAY,3,6,3,5,8,4,27,1,35,0.08571428571428572,19,8,20,31,35,4,0.8857142857142857,2,2,0
2018-2019,2018020955,2019-02-24,NYI,NYI @ VAN,W,AWAY,4,0,4,7,11,8,22,0,23,0.17391304347826086,25,4,1,36,36,0,1.0,0,0,0
2018-2019,2018020956,2019-02-24,NYR,NYR @ WSH,L,AWAY,5,6,5,8,13,17,16,1,31,0.16129032258064516,16,6,9,29,35,6,0.8285714285714286,5,1,0
2018-2019,2018020953,2019-02-24,PHI,PHI vs. PIT,W,HOME,4,3,4,7,11,6,30,1,37,0.10810810810810811,12,6,12,40,43,3,0.9302325581395349,3,0,0
2018-2019,2018020953,2019-02-24,PIT,PIT @ PHI,L,AWAY,3,4,3,5,8,10,35,0,43,0.06976744186046512,19,7,9,33,37,4,0.8918918918918919,3,1,0
2018-2019,2018020957,2019-02-24,SJS,SJS @ DET,W,AWAY,5,3,5,9,14,4,17,1,37,0.13513513513513514,9,5,10,20,23,3,0.8695652173913043,3,0,0
2018-2019,2018020952,2019-02-24,TOR,TOR vs. MTL,W,HOME,6,3,6,11,17,6,15,2,36,0.16666666666666666,20,14,11,32,35,3,0.9142857142857143,2,1,0
2018-2019,2018020955,2019-02-24,VAN,VAN vs. NYI,L,HOME,0,4,0,0,0,2,12,0,36,0.0,8,1,7,19,22,3,0.8636363636363636,3,0,0
2018-2019,2018020956,2019-02-24,WSH,WSH vs. NYR,W,HOME,6,5,6,10,16,21,20,1,35,0.17142857142857143,13,5,8,26,31,5,0.8387096774193549,4,1,0
2018-2019,2018020961,2019-02-25,ARI,ARI vs. WPG,W,HOME,4,1,4,7,11,8,35,0,24,0.16666666666666666,16,7,6,34,35,1,0.9714285714285714,0,1,0
2018-2019,2018020959,2019-02-25,CGY,CGY @ OTT,W,AWAY,2,1,2,3,5,6,17,0,35,0.05714285714285714,9,3,9,22,23,1,0.9565217391304348,1,0,0
2018-2019,2018020960,2019-02-25,MIN,MIN vs. STL,W,HOME,2,1,2,4,6,4,16,0,35,0.05714285714285714,10,7,3,27,28,1,0.9642857142857143,0,1,0
2018-2019,2018020959,2019-02-25,OTT,OTT vs. CGY,L,HOME,1,2,1,1,2,6,25,0,23,0.043478260869565216,24,10,19,33,35,2,0.9428571428571428,2,0,0
2018-2019,2018020960,2019-02-25,STL,STL @ MIN,L,AWAY,1,2,1,2,3,6,21,1,28,0.03571428571428571,12,6,5,33,35,2,0.9428571428571428,2,0,0
2018-2019,2018020961,2019-02-25,WPG,WPG @ ARI,L,AWAY,1,4,1,2,3,4,41,1,35,0.02857142857142857,14,4,13,20,23,3,0.8695652173913043,3,0,0
2018-2019,2018020967,2019-02-26,ANA,ANA @ VAN,L,AWAY,0,4,0,0,0,4,14,0,29,0.0,18,2,4,25,29,4,0.8620689655172413,3,1,0
2018-2019,2018020962,2019-02-26,BUF,BUF @ TOR,L,AWAY,3,5,3,6,9,2,35,2,34,0.08823529411764706,15,6,7,28,33,5,0.8484848484848485,4,0,0
2018-2019,2018020966,2019-02-26,COL,COL vs. FLA,L,HOME,3,4,3,5,8,4,23,0,39,0.07692307692307693,22,10,6,34,38,4,0.8947368421052632,3,1,0
2018-2019,2018020965,2019-02-26,EDM,EDM @ NSH,L,AWAY,2,3,2,1,3,8,17,1,27,0.07407407407407407,13,5,3,36,38,2,0.9473684210526315,2,0,0
2018-2019,2018020966,2019-02-26,FLA,FLA @ COL,W,AWAY,4,3,4,8,12,4,28,1,38,0.10526315789473684,12,7,6,36,39,3,0.9230769230769231,3,0,0
2018-2019,2018020964,2019-02-26,LAK,LAK @ TBL,L,AWAY,3,4,3,4,7,8,26,0,33,0.09090909090909091,9,4,3,31,34,3,0.9117647058823529,2,1,0
2018-2019,2018020963,2019-02-26,MTL,MTL @ NJD,L,AWAY,1,2,1,1,2,12,10,0,35,0.02857142857142857,11,5,5,20,22,2,0.9090909090909091,2,0,0
2018-2019,2018020963,2019-02-26,NJD,NJD vs. MTL,W,HOME,2,1,2,4,6,10,24,0,22,0.09090909090909091,11,8,8,34,35,1,0.9714285714285714,0,0,0
2018-2019,2018020965,2019-02-26,NSH,NSH vs. EDM,W,HOME,3,2,2,4,6,6,26,0,38,0.05263157894736842,11,6,16,25,27,2,0.9259259259259259,0,1,0
2018-2019,2018020964,2019-02-26,TBL,TBL vs. LAK,W,HOME,4,3,3,5,8,8,18,1,34,0.08823529411764706,12,10,6,30,33,3,0.9090909090909091,3,0,0
2018-2019,2018020962,2019-02-26,TOR,TOR vs. BUF,W,HOME,5,3,5,9,14,8,29,0,33,0.15151515151515152,20,7,14,31,34,3,0.9117647058823529,1,2,0
2018-2019,2018020967,2019-02-26,VAN,VAN vs. ANA,W,HOME,4,0,4,6,10,4,20,1,29,0.13793103448275862,14,7,6,29,29,0,1.0,0,0,0
2018-2019,2018020977,2019-02-27,ARI,ARI vs. FLA,W,HOME,4,3,3,4,7,2,25,1,40,0.075,16,8,12,24,27,3,0.8888888888888888,3,0,0
2018-2019,2018020968,2019-02-27,BOS,BOS vs. SJS,W,HOME,4,1,4,8,12,25,21,1,32,0.125,16,12,13,19,20,1,0.95,0,1,0
2018-2019,2018020970,2019-02-27,BUF,BUF @ PHI,L,AWAY,2,5,2,4,6,10,20,1,36,0.05555555555555555,16,7,8,40,44,4,0.9090909090909091,4,0,0
2018-2019,2018020972,2019-02-27,CAR,CAR vs. LAK,W,HOME,6,1,6,10,16,22,22,1,34,0.17647058823529413,13,30,15,22,23,1,0.9565217391304348,1,0,0
2018-2019,2018020973,2019-02-27,CBJ,CBJ vs. PIT,L,HOME,2,5,2,4,6,4,24,1,23,0.08695652173913043,15,4,6,22,26,4,0.8461538461538461,4,0,0
2018-2019,2018020969,2019-02-27,CGY,CGY @ NYI,W,AWAY,3,1,3,6,9,8,18,1,27,0.1111111111111111,11,5,13,26,27,1,0.9629629629629629,1,0,0
2018-2019,2018020978,2019-02-27,DAL,DAL @ VGK,L,AWAY,1,4,1,2,3,8,40,1,24,0.041666666666666664,30,11,6,44,46,2,0.9565217391304348,1,1,0
2018-2019,2018020974,2019-02-27,DET,DET vs. MTL,L,HOME,1,8,1,2,3,12,24,0,29,0.034482758620689655,11,4,11,26,34,8,0.7647058823529411,8,0,0
2018-2019,2018020977,2019-02-27,FLA,FLA @ ARI,L,AWAY,3,4,3,5,8,10,33,0,27,0.1111111111111111,17,9,14,37,40,3,0.925,1,1,0
2018-2019,2018020972,2019-02-27,LAK,LAK @ CAR,L,AWAY,1,6,1,1,2,24,39,0,23,0.043478260869565216,19,11,10,28,34,6,0.8235294117647058,5,1,0
2018-2019,2018020976,2019-02-27,MIN,MIN @ WPG,W,AWAY,3,2,3,6,9,8,13,2,40,0.075,11,6,3,30,32,2,0.9375,1,1,0
2018-2019,2018020974,2019-02-27,MTL,MTL @ DET,W,AWAY,8,1,8,13,21,22,24,0,34,0.23529411764705882,17,2,4,28,29,1,0.9655172413793104,1,0,0
2018-2019,2018020975,2019-02-27,NSH,NSH @ STL,L,AWAY,0,2,0,0,0,18,24,0,19,0.0,16,14,6,42,43,1,0.9767441860465116,1,0,0
2018-2019,2018020969,2019-02-27,NYI,NYI vs. CGY,L,HOME,1,3,1,2,3,8,18,0,27,0.037037037037037035,18,5,12,24,27,3,0.8888888888888888,2,1,0
2018-2019,2018020971,2019-02-27,OTT,OTT @ WSH,L,AWAY,2,7,2,4,6,2,15,1,23,0.08695652173913043,15,8,7,30,37,7,0.8108108108108109,6,1,0
2018-2019,2018020970,2019-02-27,PHI,PHI vs. BUF,W,HOME,5,2,5,9,14,10,25,0,45,0.1111111111111111,17,8,12,34,36,2,0.9444444444444444,1,1,0
2018-2019,2018020973,2019-02-27,PIT,PIT @ CBJ,W,AWAY,5,2,5,9,14,6,11,0,27,0.18518518518518517,19,5,1,21,23,2,0.9130434782608695,1,1,0
2018-2019,2018020968,2019-02-27,SJS,SJS @ BOS,L,AWAY,1,4,1,0,1,47,27,1,20,0.05,7,9,15,28,32,4,0.875,2,1,0
2018-2019,2018020975,2019-02-27,STL,STL vs. NSH,W,HOME,2,0,2,2,4,6,17,1,44,0.045454545454545456,10,16,8,19,19,0,1.0,0,0,0
2018-2019,2018020978,2019-02-27,VGK,VGK vs. DAL,W,HOME,4,1,4,5,9,6,46,1,48,0.08333333333333333,18,23,4,23,24,1,0.9583333333333334,0,1,0
2018-2019,2018020976,2019-02-27,WPG,WPG vs. MIN,L,HOME,2,3,2,4,6,4,13,1,32,0.0625,9,10,8,37,40,3,0.925,1,2,0
2018-2019,2018020971,2019-02-27,WSH,WSH vs. OTT,W,HOME,7,2,7,13,20,2,8,1,37,0.1891891891891892,8,10,10,21,23,2,0.9130434782608695,1,1,0
2018-2019,2018020983,2019-02-28,ANA,ANA vs. CHI,L,HOME,3,4,3,4,7,17,21,0,32,0.09375,17,9,14,31,35,4,0.8857142857142857,2,1,0
2018-2019,2018020980,2019-02-28,CGY,CGY @ NJD,W,AWAY,2,1,2,4,6,6,31,1,35,0.05714285714285714,10,5,5,19,20,1,0.95,0,0,0
2018-2019,2018020983,2019-02-28,CHI,CHI @ ANA,W,AWAY,4,3,4,7,11,2,12,1,35,0.11428571428571428,13,7,16,29,32,3,0.90625,2,0,0
2018-2019,2018020982,2019-02-28,COL,COL vs. VAN,W,HOME,3,2,2,3,5,12,12,1,45,0.044444444444444446,18,11,9,30,32,2,0.9375,2,0,0
2018-2019,2018020979,2019-02-28,EDM,EDM @ TOR,L,AWAY,2,6,2,3,5,10,33,1,36,0.05555555555555555,17,7,11,30,36,6,0.8333333333333334,3,3,0
2018-2019,2018020980,2019-02-28,NJD,NJD vs. CGY,L,HOME,1,2,1,0,1,10,42,0,20,0.05,11,13,9,33,35,2,0.9428571428571428,1,1,0
2018-2019,2018020981,2019-02-28,NYR,NYR vs. TBL,L,HOME,3,4,3,6,9,11,30,0,36,0.08333333333333333,20,9,11,26,30,4,0.8666666666666667,3,1,0
2018-2019,2018020981,2019-02-28,TBL,TBL @ NYR,W,AWAY,4,3,4,8,12,17,34,1,30,0.13333333333333333,17,11,18,33,36,3,0.9166666666666666,3,0,0
2018-2019,2018020979,2019-02-28,TOR,TOR vs. EDM,W,HOME,6,2,6,12,18,4,17,3,36,0.16666666666666666,14,10,8,34,36,2,0.9444444444444444,1,1,0
2018-2019,2018020982,2019-02-28,VAN,VAN @ COL,L,AWAY,2,3,2,4,6,8,18,0,32,0.0625,17,7,6,43,45,2,0.9555555555555556,1,1,0
2018-2019,2018020988,2019-03-01,ARI,ARI vs. VAN,W,HOME,5,2,5,10,15,8,19,1,24,0.20833333333333334,19,8,8,37,39,2,0.9487179487179487,2,0,0
2018-2019,2018020984,2019-03-01,BOS,BOS vs. TBL,W,HOME,4,1,4,6,10,11,22,1,41,0.0975609756097561,12,11,7,20,21,1,0.9523809523809523,1,0,0
2018-2019,2018020986,2019-03-01,CBJ,CBJ vs. PHI,W,HOME,4,3,4,7,11,4,22,0,40,0.1,12,7,12,28,31,3,0.9032258064516129,2,1,0
2018-2019,2018020990,2019-03-01,DAL,DAL @ LAK,W,AWAY,4,3,4,7,11,6,20,0,33,0.12121212121212122,15,2,6,27,30,3,0.9,2,1,0
2018-2019,2018020987,2019-03-01,EDM,EDM @ OTT,W,AWAY,4,2,4,6,10,2,25,0,26,0.15384615384615385,19,4,15,35,37,2,0.9459459459459459,2,0,0
2018-2019,2018020989,2019-03-01,FLA,FLA @ VGK,L,AWAY,5,6,5,10,15,4,36,2,37,0.13513513513513514,20,12,12,41,46,5,0.8913043478260869,5,0,0
2018-2019,2018020990,2019-03-01,LAK,LAK vs. DAL,L,HOME,3,4,3,4,7,8,28,1,30,0.1,14,4,15,29,33,4,0.8787878787878788,4,0,0
2018-2019,2018020985,2019-03-01,NYI,NYI vs. TOR,W,HOME,6,1,6,11,17,4,39,0,37,0.16216216216216217,17,7,16,34,35,1,0.9714285714285714,1,0,0
2018-2019,2018020987,2019-03-01,OTT,OTT vs. EDM,L,HOME,2,4,2,4,6,16,21,0,37,0.05405405405405406,16,13,15,22,25,3,0.88,3,0,0
2018-2019,2018020986,2019-03-01,PHI,PHI @ CBJ,L,AWAY,3,4,3,6,9,4,23,1,31,0.0967741935483871,20,7,6,36,40,4,0.9,4,0,0
2018-2019,2018020984,2019-03-01,TBL,TBL @ BOS,L,AWAY,1,4,1,1,2,21,35,0,21,0.047619047619047616,16,12,16,37,41,4,0.9024390243902439,3,1,0
2018-2019,2018020985,2019-03-01,TOR,TOR @ NYI,L,AWAY,1,6,1,2,3,2,22,0,35,0.02857142857142857,7,3,10,31,37,6,0.8378378378378378,5,0,0
2018-2019,2018020988,2019-03-01,VAN,VAN @ ARI,L,AWAY,2,5,2,3,5,10,29,0,39,0.05128205128205128,11,7,6,19,24,5,0.7916666666666666,4,1,0
2018-2019,2018020989,2019-03-01,VGK,VGK vs. FLA,W,HOME,6,5,5,7,12,10,31,0,46,0.10869565217391304,4,20,16,32,37,5,0.8648648648648649,3,2,0
2018-2019,2018020997,2019-03-02,ANA,ANA vs. VGK,L,HOME,0,3,0,0,0,4,28,0,34,0.0,8,4,11,31,33,2,0.9393939393939394,1,1,0
2018-2019,2018020991,2019-03-02,BUF,BUF vs. PIT,W,HOME,4,3,4,5,9,10,20,1,30,0.13333333333333333,17,3,7,41,44,3,0.9318181818181818,1,2,0
2018-2019,2018020995,2019-03-02,CAR,CAR vs. STL,W,HOME,5,2,5,9,14,10,22,0,24,0.20833333333333334,20,17,12,21,23,2,0.9130434782608695,2,0,0
2018-2019,2018020999,2019-03-02,CBJ,CBJ vs. EDM,L,HOME,0,4,0,0,0,2,27,0,30,0.0,7,6,13,20,24,4,0.8333333333333334,4,0,0
2018-2019,2018021000,2019-03-02,CHI,CHI @ LAK,L,AWAY,3,6,3,4,7,4,13,0,32,0.09375,8,3,7,19,25,6,0.76,4,2,0
2018-2019,2018020998,2019-03-02,COL,COL @ SJS,L,AWAY,3,4,3,6,9,6,18,1,25,0.12,22,10,7,36,40,4,0.9,3,1,0
2018-2019,2018020999,2019-03-02,EDM,EDM @ CBJ,W,AWAY,4,0,4,7,11,2,15,0,24,0.16666666666666666,17,8,4,30,30,0,1.0,0,0,0
2018-2019,2018021000,2019-03-02,LAK,LAK vs. CHI,W,HOME,6,3,6,8,14,6,21,2,25,0.24,16,5,8,29,32,3,0.90625,3,0,0
2018-2019,2018020994,2019-03-02,MTL,MTL @ NYR,W,AWAY,4,2,4,8,12,6,28,0,36,0.1111111111111111,16,10,10,28,30,2,0.9333333333333333,2,0,0
2018-2019,2018020992,2019-03-02,NJD,NJD vs. PHI,L,HOME,3,6,3,6,9,13,21,0,33,0.09090909090909091,8,7,7,18,23,5,0.782608695652174,4,1,0
2018-2019,2018020996,2019-03-02,NSH,NSH @ WPG,L,AWAY,3,5,3,5,8,6,32,1,38,0.07894736842105263,12,2,9,27,30,3,0.9,2,1,0
2018-2019,2018020993,2019-03-02,NYI,NYI vs. WSH,L,HOME,1,3,1,0,1,6,36,0,21,0.047619047619047616,25,9,17,26,28,2,0.9285714285714286,1,1,0
2018-2019,2018020994,2019-03-02,NYR,NYR vs. MTL,L,HOME,2,4,2,4,6,16,23,0,30,0.06666666666666667,7,13,13,32,35,3,0.9142857142857143,3,0,0
2018-2019,2018020992,2019-03-02,PHI,PHI @ NJD,W,AWAY,6,3,6,9,15,6,17,1,24,0.25,11,5,4,30,33,3,0.9090909090909091,3,0,0
2018-2019,2018020991,2019-03-02,PIT,PIT @ BUF,L,AWAY,3,4,3,6,9,6,24,2,44,0.06818181818181818,15,2,9,26,30,4,0.8666666666666667,3,1,0
2018-2019,2018020998,2019-03-02,SJS,SJS vs. COL,W,HOME,4,3,4,7,11,4,13,1,40,0.1,13,11,12,22,25,3,0.88,2,1,0
2018-2019,2018020995,2019-03-02,STL,STL @ CAR,L,AWAY,2,5,2,4,6,8,26,0,23,0.08695652173913043,15,13,3,19,23,4,0.8260869565217391,3,0,0
2018-2019,2018020997,2019-03-02,VGK,VGK @ ANA,W,AWAY,3,0,3,5,8,4,25,1,34,0.08823529411764706,13,11,13,34,34,0,1.0,0,0,0
2018-2019,2018020996,2019-03-02,WPG,WPG vs. NSH,W,HOME,5,3,5,8,13,6,23,1,32,0.15625,13,6,9,35,38,3,0.9210526315789473,2,1,0
2018-2019,2018020993,2019-03-02,WSH,WSH @ NYI,W,AWAY,3,1,3,4,7,6,28,1,28,0.10714285714285714,11,5,12,20,21,1,0.9523809523809523,1,0,0
2018-2019,2018021012,2019-03-03,ANA,ANA vs. COL,W,HOME,2,1,2,3,5,12,30,1,23,0.08695652173913043,15,10,13,25,26,1,0.9615384615384616,0,1,0
2018-2019,2018021007,2019-03-03,ARI,ARI vs. DET,W,HOME,3,1,3,6,9,4,25,0,44,0.06818181818181818,20,5,4,22,23,1,0.9565217391304348,0,1,0
2018-2019,2018021001,2019-03-03,BOS,BOS vs. NJD,W,HOME,1,0,1,2,3,4,22,1,30,0.03333333333333333,12,11,14,20,20,0,1.0,0,0,0
2018-2019,2018021002,2019-03-03,BUF,BUF @ TOR,L,AWAY,2,5,2,3,5,9,27,0,37,0.05405405405405406,17,7,9,27,31,4,0.8709677419354839,4,0,0
2018-2019,2018021005,2019-03-03,CAR,CAR @ FLA,W,AWAY,4,3,4,4,8,6,14,0,26,0.15384615384615385,14,11,11,31,34,3,0.9117647058823529,3,0,0
2018-2019,2018021008,2019-03-03,CGY,CGY vs. MIN,L,HOME,2,4,2,4,6,12,13,0,37,0.05405405405405406,9,4,16,19,23,4,0.8260869565217391,4,0,0
2018-2019,2018021012,2019-03-03,COL,COL @ ANA,L,AWAY,1,2,1,2,3,21,29,1,26,0.038461538461538464,20,10,10,21,23,2,0.9130434782608695,1,1,0
2018-2019,2018021006,2019-03-03,DAL,DAL @ STL,W,AWAY,4,1,4,6,10,6,24,1,21,0.19047619047619047,13,6,4,29,30,1,0.9666666666666667,1,0,0
2018-2019,2018021007,2019-03-03,DET,DET @ ARI,L,AWAY,1,3,1,2,3,6,35,1,23,0.043478260869565216,10,3,11,41,44,3,0.9318181818181818,3,0,0
2018-2019,2018021005,2019-03-03,FLA,FLA vs. CAR,L,HOME,3,4,3,6,9,2,27,0,34,0.08823529411764706,12,6,13,22,26,4,0.8461538461538461,4,0,0
2018-2019,2018021013,2019-03-03,FLA,FLA vs. OTT,L,HOME,2,3,2,3,5,6,21,0,32,0.0625,12,17,15,30,33,3,0.9090909090909091,2,1,0
2018-2019,2018021008,2019-03-03,MIN,MIN @ CGY,W,AWAY,4,2,4,5,9,6,16,0,23,0.17391304347826086,24,11,11,35,37,2,0.9459459459459459,2,0,0
2018-2019,2018021003,2019-03-03,MTL,MTL vs. PIT,L,HOME,1,5,1,1,2,6,38,0,37,0.02702702702702703,9,7,17,20,24,4,0.8333333333333334,3,1,0
2018-2019,2018021001,2019-03-03,NJD,NJD @ BOS,L,AWAY,0,1,0,0,0,2,30,0,20,0.0,14,11,5,29,30,1,0.9666666666666667,0,1,0
2018-2019,2018021010,2019-03-03,NYI,NYI vs. PHI,L,HOME,1,4,1,2,3,7,29,0,30,0.03333333333333333,12,5,16,22,26,4,0.8461538461538461,4,0,0
2018-2019,2018021009,2019-03-03,NYR,NYR vs. WSH,L,HOME,2,3,2,3,5,8,32,0,24,0.08333333333333333,12,13,22,37,39,2,0.9487179487179487,2,0,0
2018-2019,2018021013,2019-03-03,OTT,OTT @ FLA,W,AWAY,3,2,3,6,9,4,30,1,33,0.09090909090909091,16,11,7,30,32,2,0.9375,2,0,0
2018-2019,2018021004,2019-03-03,OTT,OTT @ TBL,L,AWAY,1,5,1,2,3,6,20,0,37,0.02702702702702703,15,7,4,29,34,5,0.8529411764705882,5,0,0
2018-2019,2018021010,2019-03-03,PHI,PHI @ NYI,W,AWAY,4,1,4,6,10,9,21,0,26,0.15384615384615385,19,7,11,29,30,1,0.9666666666666667,1,0,0
2018-2019,2018021003,2019-03-03,PIT,PIT @ MTL,W,AWAY,5,1,5,9,14,6,25,1,25,0.2,20,7,15,36,37,1,0.972972972972973,1,0,0
2018-2019,2018021006,2019-03-03,STL,STL vs. DAL,L,HOME,1,4,1,2,3,2,23,0,30,0.03333333333333333,13,2,5,17,20,3,0.85,2,1,0
2018-2019,2018021004,2019-03-03,TBL,TBL vs. OTT,W,HOME,5,1,5,10,15,8,32,0,34,0.14705882352941177,15,12,9,36,37,1,0.972972972972973,1,0,0
2018-2019,2018021002,2019-03-03,TOR,TOR vs. BUF,W,HOME,5,2,5,9,14,9,27,0,32,0.15625,13,4,12,35,37,2,0.9459459459459459,2,0,0
2018-2019,2018021011,2019-03-03,VAN,VAN @ VGK,L,AWAY,0,3,0,0,0,4,41,0,19,0.0,21,10,5,45,48,3,0.9375,3,0,0
2018-2019,2018021011,2019-03-03,VGK,VGK vs. VAN,W,HOME,3,0,3,6,9,0,33,0,48,0.0625,17,15,6,19,19,0,1.0,0,0,0
2018-2019,2018021009,2019-03-03,WSH,WSH @ NYR,W,AWAY,3,2,2,4,6,4,29,0,39,0.05128205128205128,9,5,18,22,24,2,0.9166666666666666,2,0,0
2018-2019,2018021014,2019-03-04,CBJ,CBJ vs. WPG,L,HOME,2,5,2,4,6,9,19,1,42,0.047619047619047616,10,5,6,21,25,4,0.84,4,0,0
2018-2019,2018021016,2019-03-04,CHI,CHI @ SJS,L,AWAY,2,5,2,4,6,2,9,0,30,0.06666666666666667,11,17,8,29,33,4,0.8787878787878788,4,0,0
2018-2019,2018021015,2019-03-04,MIN,MIN vs. NSH,L,HOME,2,3,2,2,4,4,25,0,26,0.07692307692307693,15,10,7,41,43,2,0.9534883720930233,2,0,0
2018-2019,2018021015,2019-03-04,NSH,NSH @ MIN,W,AWAY,3,2,2,4,6,4,22,0,43,0.046511627906976744,17,4,0,24,26,2,0.9230769230769231,2,0,0
2018-2019,2018021016,2019-03-04,SJS,SJS vs. CHI,W,HOME,5,2,5,9,14,6,15,0,34,0.14705882352941177,16,11,14,28,30,2,0.9333333333333333,2,0,0
2018-2019,2018021014,2019-03-04,WPG,WPG @ CBJ,W,AWAY,5,2,5,10,15,21,20,0,26,0.19230769230769232,13,7,5,40,42,2,0.9523809523809523,1,1,0
2018-2019,2018021017,2019-03-05,BUF,BUF vs. EDM,L,HOME,3,4,3,4,7,4,15,1,38,0.07894736842105263,12,8,9,23,27,4,0.8518518518518519,3,0,0
2018-2019,2018021018,2019-03-05,CGY,CGY vs. TOR,L,HOME,2,6,2,4,6,4,15,1,37,0.05405405405405406,16,12,31,26,32,6,0.8125,5,1,0
2018-2019,2018021017,2019-03-05,EDM,EDM @ BUF,W,AWAY,4,3,4,8,12,6,21,0,27,0.14814814814814814,14,1,6,35,38,3,0.9210526315789473,2,1,0
2018-2019,2018021018,2019-03-05,TOR,TOR @ CGY,W,AWAY,6,2,6,10,16,2,13,1,32,0.1875,20,12,15,35,37,2,0.9459459459459459,1,1,0
2018-2019,2018021027,2019-03-06,ANA,ANA @ ARI,W,AWAY,3,1,3,5,8,8,30,2,31,0.0967741935483871,14,4,12,22,23,1,0.9565217391304348,1,0,0
2018-2019,2018021027,2019-03-06,ARI,ARI vs. ANA,L,HOME,1,3,1,2,3,8,24,0,23,0.043478260869565216,18,11,6,28,31,3,0.9032258064516129,1,2,0
2018-2019,2018021019,2019-03-06,BOS,BOS vs. CAR,W,HOME,4,3,4,5,9,11,24,0,38,0.10526315789473684,14,15,16,34,37,3,0.918918918918919,3,0,0
2018-2019,2018021019,2019-03-06,CAR,CAR @ BOS,L,AWAY,3,4,3,6,9,9,28,0,37,0.08108108108108109,9,15,15,34,38,4,0.8947368421052632,3,0,0
2018-2019,2018021020,2019-03-06,CBJ,CBJ @ NJD,W,AWAY,2,1,1,2,3,4,23,0,18,0.05555555555555555,12,5,5,29,30,1,0.9666666666666667,1,0,0
2018-2019,2018021026,2019-03-06,COL,COL vs. DET,W,HOME,4,3,4,7,11,4,28,1,34,0.11764705882352941,18,11,9,20,23,3,0.8695652173913043,2,1,0
2018-2019,2018021025,2019-03-06,DAL,DAL vs. NYR,W,HOME,1,0,1,1,2,12,11,0,32,0.03125,18,9,13,28,28,0,1.0,0,0,0
2018-2019,2018021026,2019-03-06,DET,DET @ COL,L,AWAY,3,4,3,6,9,6,29,1,23,0.13043478260869565,13,14,4,30,34,4,0.8823529411764706,3,1,0
2018-2019,2018021022,2019-03-06,FLA,FLA @ PIT,L,AWAY,2,3,2,4,6,4,27,1,34,0.058823529411764705,19,8,10,34,37,3,0.918918918918919,2,1,0
2018-2019,2018021028,2019-03-06,LAK,LAK vs. MTL,L,HOME,1,3,1,2,3,2,19,0,27,0.037037037037037035,11,6,5,21,24,3,0.875,3,0,0
2018-2019,2018021024,2019-03-06,MIN,MIN @ NSH,L,AWAY,4,5,4,6,10,2,14,0,33,0.12121212121212122,14,5,11,21,25,4,0.84,3,1,0
2018-2019,2018021028,2019-03-06,MTL,MTL @ LAK,W,AWAY,3,1,3,4,7,4,17,0,24,0.125,16,4,8,26,27,1,0.9629629629629629,1,0,0
2018-2019,2018021020,2019-03-06,NJD,NJD vs. CBJ,L,HOME,1,2,1,2,3,4,22,0,30,0.03333333333333333,14,4,14,17,18,1,0.9444444444444444,1,0,0
2018-2019,2018021024,2019-03-06,NSH,NSH vs. MIN,W,HOME,5,4,4,6,10,8,20,1,25,0.16,16,6,16,29,33,4,0.8787878787878788,4,0,0
2018-2019,2018021021,2019-03-06,NYI,NYI vs. OTT,W,HOME,5,4,4,6,10,0,33,0,38,0.10526315789473684,14,14,20,23,27,4,0.8518518518518519,4,0,0
2018-2019,2018021025,2019-03-06,NYR,NYR @ DAL,L,AWAY,0,1,0,0,0,37,11,0,28,0.0,17,3,8,31,32,1,0.96875,1,0,0
2018-2019,2018021021,2019-03-06,OTT,OTT @ NYI,L,AWAY,4,5,4,8,12,6,27,0,27,0.14814814814814814,12,15,23,34,38,4,0.8947368421052632,4,0,0
2018-2019,2018021022,2019-03-06,PIT,PIT vs. FLA,W,HOME,3,2,3,5,8,6,28,1,37,0.08108108108108109,13,4,11,32,34,2,0.9411764705882353,1,1,0
2018-2019,2018021023,2019-03-06,TBL,TBL vs. WPG,W,HOME,5,2,5,10,15,10,24,2,38,0.13157894736842105,13,6,5,30,32,2,0.9375,0,2,0
2018-2019,2018021023,2019-03-06,WPG,WPG @ TBL,L,AWAY,2,5,2,2,4,12,20,2,32,0.0625,9,11,6,33,38,5,0.868421052631579,3,2,0
2018-2019,2018021031,2019-03-07,ANA,ANA vs. STL,L,HOME,4,5,4,8,12,10,31,1,27,0.14814814814814814,11,10,12,28,33,5,0.8484848484848485,2,3,0
2018-2019,2018021032,2019-03-07,CGY,CGY @ VGK,L,AWAY,1,2,1,2,3,12,26,0,34,0.029411764705882353,18,7,4,36,38,2,0.9473684210526315,1,1,0
2018-2019,2018021029,2019-03-07,PHI,PHI vs. WSH,L,HOME,3,5,3,6,9,8,25,0,30,0.1,15,5,9,30,35,5,0.8571428571428571,4,1,0
2018-2019,2018021031,2019-03-07,STL,STL @ ANA,W,AWAY,5,4,5,9,14,8,33,3,33,0.15151515151515152,17,10,18,23,27,4,0.8518518518518519,3,1,0
2018-2019,2018021030,2019-03-07,TOR,TOR @ VAN,L,AWAY,2,3,2,4,6,6,14,0,30,0.06666666666666667,24,6,4,28,31,3,0.9032258064516129,2,1,0
2018-2019,2018021030,2019-03-07,VAN,VAN vs. TOR,W,HOME,3,2,3,5,8,4,22,1,31,0.0967741935483871,19,6,4,28,30,2,0.9333333333333333,1,0,0
2018-2019,2018021032,2019-03-07,VGK,VGK vs. CGY,W,HOME,2,1,2,4,6,10,26,1,38,0.05263157894736842,17,12,9,33,34,1,0.9705882352941176,1,0,0
2018-2019,2018021029,2019-03-07,WSH,WSH @ PHI,W,AWAY,5,3,5,10,15,4,17,1,35,0.14285714285714285,10,8,9,27,30,3,0.9,3,0,0
2018-2019,2018021041,2019-03-08,ARI,ARI vs. CGY,W,HOME,2,0,2,2,4,4,39,0,26,0.07692307692307693,27,8,13,30,30,0,1.0,0,0,0
2018-2019,2018021033,2019-03-08,BOS,BOS vs. FLA,W,HOME,4,3,4,7,11,10,19,1,28,0.14285714285714285,6,7,15,22,25,3,0.88,1,2,0
2018-2019,2018021038,2019-03-08,BUF,BUF @ CHI,L,AWAY,4,5,4,7,11,10,12,0,39,0.10256410256410256,10,9,5,41,45,4,0.9111111111111111,4,0,0
2018-2019,2018021034,2019-03-08,CBJ,CBJ @ PIT,L,AWAY,0,3,0,0,0,17,46,0,25,0.0,12,2,8,28,30,2,0.9333333333333333,1,1,0
2018-2019,2018021041,2019-03-08,CGY,CGY @ ARI,L,AWAY,0,2,0,0,0,6,15,0,30,0.0,16,4,7,24,26,2,0.9230769230769231,2,0,0
2018-2019,2018021038,2019-03-08,CHI,CHI vs. BUF,W,HOME,5,4,4,6,10,4,18,0,45,0.08888888888888889,19,11,12,35,39,4,0.8974358974358975,3,0,0
2018-2019,2018021039,2019-03-08,COL,COL @ DAL,L,AWAY,0,4,0,0,0,2,20,0,31,0.0,13,5,9,29,32,3,0.90625,3,0,0
2018-2019,2018021039,2019-03-08,DAL,DAL vs. COL,W,HOME,4,0,4,4,8,4,29,0,33,0.12121212121212122,19,14,21,31,31,0,1.0,0,0,0
2018-2019,2018021036,2019-03-08,DET,DET vs. NYR,W,HOME,3,2,2,3,5,4,25,0,45,0.044444444444444446,9,3,23,32,34,2,0.9411764705882353,2,0,0
2018-2019,2018021040,2019-03-08,EDM,EDM vs. VAN,W,HOME,3,2,3,4,7,8,31,0,34,0.08823529411764706,25,12,20,35,37,2,0.9459459459459459,2,0,0
2018-2019,2018021033,2019-03-08,FLA,FLA @ BOS,L,AWAY,3,4,3,6,9,8,21,2,25,0.12,19,20,17,24,28,4,0.8571428571428571,2,1,0
2018-2019,2018021042,2019-03-08,LAK,LAK vs. STL,L,HOME,0,4,0,0,0,8,29,0,28,0.0,22,4,9,28,32,4,0.875,4,0,0
2018-2019,2018021037,2019-03-08,MIN,MIN @ TBL,W,AWAY,3,0,3,5,8,4,18,0,30,0.1,18,4,6,25,25,0,1.0,0,0,0
2018-2019,2018021043,2019-03-08,MTL,MTL @ SJS,L,AWAY,2,5,2,4,6,0,21,0,39,0.05128205128205128,13,13,12,20,24,4,0.8333333333333334,4,0,0
2018-2019,2018021035,2019-03-08,NYI,NYI @ OTT,W,AWAY,4,2,4,5,9,8,39,0,31,0.12903225806451613,25,4,10,35,37,2,0.9459459459459459,2,0,0
2018-2019,2018021036,2019-03-08,NYR,NYR @ DET,L,AWAY,2,3,2,4,6,8,25,0,34,0.058823529411764705,19,3,12,43,45,2,0.9555555555555556,2,0,0
2018-2019,2018021035,2019-03-08,OTT,OTT vs. NYI,L,HOME,2,4,2,4,6,8,25,0,37,0.05405405405405406,22,4,9,27,30,3,0.9,3,0,0
2018-2019,2018021034,2019-03-08,PIT,PIT vs. CBJ,W,HOME,3,0,3,5,8,13,48,1,31,0.0967741935483871,24,7,7,25,25,0,1.0,0,0,0
2018-2019,2018021043,2019-03-08,SJS,SJS vs. MTL,W,HOME,5,2,5,6,11,2,16,0,25,0.2,13,14,10,37,39,2,0.9487179487179487,2,0,0
2018-2019,2018021042,2019-03-08,STL,STL @ LAK,W,AWAY,4,0,4,7,11,6,17,0,32,0.125,12,4,11,28,28,0,1.0,0,0,0
2018-2019,2018021037,2019-03-08,TBL,TBL vs. MIN,L,HOME,0,3,0,0,0,8,27,0,25,0.0,21,5,6,27,29,2,0.9310344827586207,2,0,0
2018-2019,2018021040,2019-03-08,VAN,VAN @ EDM,L,AWAY,2,3,2,4,6,4,27,0,37,0.05405405405405406,12,7,3,31,34,3,0.9117647058823529,3,0,0
2018-2019,2018021047,2019-03-09,ANA,ANA vs. MTL,W,HOME,8,2,8,13,21,10,20,1,29,0.27586206896551724,16,10,18,35,37,2,0.9459459459459459,1,1,0
2018-2019,2018021048,2019-03-09,BUF,BUF @ COL,L,AWAY,0,3,0,0,0,10,36,0,18,0.0,22,5,5,40,42,2,0.9523809523809523,1,1,0
2018-2019,2018021046,2019-03-09,CAR,CAR vs. WPG,L,HOME,1,8,1,2,3,6,18,0,29,0.034482758620689655,8,11,9,21,29,8,0.7241379310344828,7,1,0
2018-2019,2018021048,2019-03-09,COL,COL vs. BUF,W,HOME,3,0,3,4,7,6,26,1,43,0.06976744186046512,11,10,7,18,18,0,1.0,0,0,0
2018-2019,2018021044,2019-03-09,FLA,FLA vs. MIN,W,HOME,6,2,6,11,17,13,25,1,29,0.20689655172413793,8,7,20,25,27,2,0.9259259259259259,2,0,0
2018-2019,2018021044,2019-03-09,MIN,MIN @ FLA,L,AWAY,2,6,2,4,6,13,24,0,27,0.07407407407407407,9,7,11,23,29,6,0.7931034482758621,5,1,0
2018-2019,2018021047,2019-03-09,MTL,MTL @ ANA,L,AWAY,2,8,2,4,6,8,31,1,37,0.05405405405405406,10,7,16,21,29,8,0.7241379310344828,7,1,0
2018-2019,2018021045,2019-03-09,NJD,NJD @ WSH,L,AWAY,0,3,0,0,0,8,23,0,25,0.0,16,6,8,33,35,2,0.9428571428571428,1,1,0
2018-2019,2018021049,2019-03-09,SJS,SJS vs. STL,W,HOME,3,2,3,6,9,6,14,1,33,0.09090909090909091,17,12,12,17,19,2,0.8947368421052632,0,2,0
2018-2019,2018021049,2019-03-09,STL,STL @ SJS,L,AWAY,2,3,2,2,4,4,19,2,19,0.10526315789473684,12,14,9,30,33,3,0.9090909090909091,2,1,0
2018-2019,2018021046,2019-03-09,WPG,WPG @ CAR,W,AWAY,8,1,8,15,23,10,18,1,29,0.27586206896551724,23,11,9,28,29,1,0.9655172413793104,1,0,0
2018-2019,2018021045,2019-03-09,WSH,WSH vs. NJD,W,HOME,3,0,3,4,7,12,16,1,36,0.08333333333333333,20,7,13,25,25,0,1.0,0,0,0
2018-2019,2018021058,2019-03-10,ARI,ARI vs. LAK,W,HOME,4,2,4,5,9,4,30,1,32,0.125,19,7,7,34,36,2,0.9444444444444444,2,0,0
2018-2019,2018021050,2019-03-10,BOS,BOS vs. OTT,W,HOME,3,2,3,6,9,8,22,1,31,0.0967741935483871,8,12,15,17,19,2,0.8947368421052632,2,0,0
2018-2019,2018021062,2019-03-10,BOS,BOS @ PIT,L,AWAY,2,4,2,4,6,8,20,1,41,0.04878048780487805,16,4,9,33,36,3,0.9166666666666666,1,1,0
2018-2019,2018021056,2019-03-10,CAR,CAR @ NSH,W,AWAY,5,3,5,7,12,6,17,2,32,0.15625,4,0,7,31,34,3,0.9117647058823529,3,0,0
2018-2019,2018021054,2019-03-10,CBJ,CBJ vs. PIT,W,HOME,4,1,4,6,10,8,22,0,33,0.12121212121212122,12,13,5,28,29,1,0.9655172413793104,1,0,0
2018-2019,2018021057,2019-03-10,CHI,CHI @ DAL,W,AWAY,2,1,2,3,5,0,9,0,39,0.05128205128205128,21,9,13,26,27,1,0.9629629629629629,1,0,0
2018-2019,2018021057,2019-03-10,DAL,DAL vs. CHI,L,HOME,1,2,1,1,2,6,18,0,27,0.037037037037037035,28,8,20,37,39,2,0.9487179487179487,2,0,0
2018-2019,2018021051,2019-03-10,DET,DET @ TBL,L,AWAY,2,3,2,4,6,8,29,1,24,0.08333333333333333,12,4,5,30,33,3,0.9090909090909091,3,0,0
2018-2019,2018021060,2019-03-10,DET,DET @ FLA,L,AWAY,1,6,1,1,2,8,43,1,20,0.05,10,9,12,37,43,6,0.8604651162790697,4,2,0
2018-2019,2018021055,2019-03-10,EDM,EDM vs. TOR,L,HOME,2,3,2,4,6,4,23,0,33,0.06060606060606061,15,10,13,37,40,3,0.925,2,1,0
2018-2019,2018021060,2019-03-10,FLA,FLA vs. DET,W,HOME,6,1,6,12,18,2,23,2,43,0.13953488372093023,16,5,14,19,20,1,0.95,0,1,0
2018-2019,2018021058,2019-03-10,LAK,LAK @ ARI,L,AWAY,2,4,2,3,5,10,34,0,36,0.05555555555555555,15,5,12,28,32,4,0.875,2,1,0
2018-2019,2018021053,2019-03-10,NJD,NJD @ NYR,L,AWAY,2,4,2,4,6,12,39,1,24,0.08333333333333333,12,5,10,37,40,3,0.925,3,0,0
2018-2019,2018021056,2019-03-10,NSH,NSH vs. CAR,L,HOME,3,5,3,5,8,8,13,0,34,0.08823529411764706,6,8,13,27,31,4,0.8709677419354839,2,2,0
2018-2019,2018021052,2019-03-10,NYI,NYI vs. PHI,L,HOME,2,5,2,4,6,18,26,0,27,0.07407407407407407,14,5,23,20,25,5,0.8,5,0,0
2018-2019,2018021053,2019-03-10,NYR,NYR vs. NJD,W,HOME,4,2,4,8,12,6,26,0,41,0.0975609756097561,9,13,14,22,24,2,0.9166666666666666,1,1,0
2018-2019,2018021050,2019-03-10,OTT,OTT @ BOS,L,AWAY,2,3,2,2,4,8,25,0,19,0.10526315789473684,13,11,8,28,31,3,0.9032258064516129,2,1,0
2018-2019,2018021052,2019-03-10,PHI,PHI @ NYI,W,AWAY,5,2,5,10,15,11,18,0,25,0.2,16,9,16,25,27,2,0.9259259259259259,2,0,0
2018-2019,2018021062,2019-03-10,PIT,PIT vs. BOS,W,HOME,4,2,4,6,10,10,28,1,37,0.10810810810810811,16,11,15,39,41,2,0.9512195121951219,1,1,0
2018-2019,2018021054,2019-03-10,PIT,PIT @ CBJ,L,AWAY,1,4,1,2,3,10,13,0,29,0.034482758620689655,10,12,10,29,32,3,0.90625,2,0,0
2018-2019,2018021051,2019-03-10,TBL,TBL vs. DET,W,HOME,3,2,3,6,9,12,21,0,33,0.09090909090909091,10,9,4,22,24,2,0.9166666666666666,1,1,0
2018-2019,2018021055,2019-03-10,TOR,TOR @ EDM,W,AWAY,3,2,3,6,9,8,21,1,40,0.075,12,8,16,31,33,2,0.9393939393939394,2,0,0
2018-2019,2018021059,2019-03-10,VAN,VAN vs. VGK,L,HOME,2,6,2,4,6,4,34,0,31,0.06451612903225806,18,3,7,27,33,6,0.8181818181818182,6,0,0
2018-2019,2018021059,2019-03-10,VGK,VGK @ VAN,W,AWAY,6,2,6,11,17,2,15,0,33,0.18181818181818182,10,3,2,29,31,2,0.9354838709677419,2,0,0
2018-2019,2018021061,2019-03-10,WPG,WPG @ WSH,L,AWAY,1,3,1,2,3,4,15,0,34,0.029411764705882353,8,13,4,15,17,2,0.8823529411764706,2,0,0
2018-2019,2018021061,2019-03-10,WSH,WSH vs. WPG,W,HOME,3,1,3,5,8,8,25,0,18,0.16666666666666666,10,11,7,33,34,1,0.9705882352941176,1,0,0
2018-2019,2018021064,2019-03-11,ANA,ANA vs. LAK,L,HOME,2,3,2,1,3,8,26,0,20,0.1,17,7,9,22,25,3,0.88,3,0,0
2018-2019,2018021066,2019-03-11,CBJ,CBJ @ NYI,L,AWAY,0,2,0,0,0,6,37,0,31,0.0,4,5,9,18,19,1,0.9473684210526315,1,0,0
2018-2019,2018021063,2019-03-11,CGY,CGY vs. VGK,W,HOME,6,3,6,11,17,6,13,1,35,0.17142857142857143,13,13,18,25,28,3,0.8928571428571429,3,0,0
2018-2019,2018021064,2019-03-11,LAK,LAK @ ANA,W,AWAY,3,2,3,6,9,4,18,0,25,0.12,11,6,14,18,20,2,0.9,2,0,0
2018-2019,2018021066,2019-03-11,NYI,NYI vs. CBJ,W,HOME,2,0,2,3,5,4,27,0,20,0.1,16,7,22,31,31,0,1.0,0,0,0
2018-2019,2018021067,2019-03-11,OTT,OTT @ PHI,L,AWAY,2,3,2,4,6,8,20,0,22,0.09090909090909091,17,8,6,33,36,3,0.9166666666666666,3,0,0
2018-2019,2018021067,2019-03-11,PHI,PHI vs. OTT,W,HOME,3,2,3,5,8,4,24,0,36,0.08333333333333333,16,7,11,20,22,2,0.9090909090909091,2,0,0
2018-2019,2018021065,2019-03-11,TBL,TBL @ TOR,W,AWAY,6,2,6,12,18,4,20,0,42,0.14285714285714285,8,6,15,26,28,2,0.9285714285714286,2,0,0
2018-2019,2018021065,2019-03-11,TOR,TOR vs. TBL,L,HOME,2,6,2,4,6,2,14,0,28,0.07142857142857142,7,8,20,36,42,6,0.8571428571428571,5,0,0
2018-2019,2018021063,2019-03-11,VGK,VGK @ CGY,L,AWAY,3,6,3,6,9,4,19,0,28,0.10714285714285714,8,11,10,29,34,5,0.8529411764705882,4,1,0
2018-2019,2018021069,2019-03-12,ARI,ARI @ CHI,L,AWAY,1,7,1,1,2,2,34,0,25,0.04,14,10,11,27,34,7,0.7941176470588235,7,0,0
2018-2019,2018021074,2019-03-12,BOS,BOS @ CBJ,L,AWAY,4,7,4,5,9,13,22,0,31,0.12903225806451613,8,6,5,28,34,6,0.8235294117647058,4,1,0
2018-2019,2018021072,2019-03-12,BUF,BUF vs. DAL,L,HOME,0,2,0,0,0,6,24,0,35,0.0,4,7,7,25,27,2,0.9259259259259259,1,1,0
2018-2019,2018021070,2019-03-12,CAR,CAR @ COL,W,AWAY,3,0,3,6,9,6,23,0,33,0.09090909090909091,10,14,2,38,38,0,1.0,0,0,0
2018-2019,2018021074,2019-03-12,CBJ,CBJ vs. BOS,W,HOME,7,4,7,13,20,11,18,1,35,0.2,13,15,7,27,31,4,0.8709677419354839,3,0,0
2018-2019,2018021069,2019-03-12,CHI,CHI vs. ARI,W,HOME,7,1,7,12,19,4,22,0,34,0.20588235294117646,8,11,14,24,25,1,0.96,1,0,0
2018-2019,2018021070,2019-03-12,COL,COL vs. CAR,L,HOME,0,3,0,0,0,2,28,0,38,0.0,15,3,7,30,32,2,0.9375,2,0,0
2018-2019,2018021072,2019-03-12,DAL,DAL @ BUF,W,AWAY,2,0,2,4,6,6,18,1,27,0.07407407407407407,16,3,5,35,35,0,1.0,0,0,0
2018-2019,2018021075,2019-03-12,DET,DET @ MTL,L,AWAY,1,3,1,2,3,4,24,0,21,0.047619047619047616,24,10,20,33,35,2,0.9428571428571428,2,0,0
2018-2019,2018021071,2019-03-12,EDM,EDM vs. NYR,W,HOME,3,2,3,6,9,24,21,1,33,0.09090909090909091,10,7,19,28,30,2,0.9333333333333333,2,0,0
2018-2019,2018021068,2019-03-12,MIN,MIN vs. SJS,L,HOME,0,3,0,0,0,4,12,0,24,0.0,8,4,4,26,29,3,0.896551724137931,3,0,0
2018-2019,2018021075,2019-03-12,MTL,MTL vs. DET,W,HOME,3,1,3,6,9,4,26,0,36,0.08333333333333333,11,8,18,20,21,1,0.9523809523809523,1,0,0
2018-2019,2018021071,2019-03-12,NYR,NYR @ EDM,L,AWAY,2,3,2,2,4,18,49,0,30,0.06666666666666667,10,6,17,30,33,3,0.9090909090909091,2,1,0
2018-2019,2018021073,2019-03-12,PIT,PIT vs. WSH,W,HOME,5,3,5,6,11,4,42,2,30,0.16666666666666666,21,7,13,38,41,3,0.926829268292683,2,1,0
2018-2019,2018021068,2019-03-12,SJS,SJS @ MIN,W,AWAY,3,0,3,4,7,6,11,0,29,0.10344827586206896,16,2,2,24,24,0,1.0,0,0,0
2018-2019,2018021073,2019-03-12,WSH,WSH @ PIT,L,AWAY,3,5,3,6,9,8,34,1,41,0.07317073170731707,6,7,9,25,29,4,0.8620689655172413,2,2,0
2018-2019,2018021079,2019-03-13,ANA,ANA vs. NSH,W,HOME,3,2,3,5,8,14,25,0,18,0.16666666666666666,18,5,14,32,34,2,0.9411764705882353,0,2,0
2018-2019,2018021076,2019-03-13,ARI,ARI @ STL,W,AWAY,3,1,3,1,4,7,23,0,22,0.13636363636363635,17,6,5,39,40,1,0.975,0,1,0
2018-2019,2018021078,2019-03-13,CGY,CGY vs. NJD,W,HOME,9,4,9,16,25,4,14,0,39,0.23076923076923078,7,9,17,22,26,4,0.8461538461538461,3,0,0
2018-2019,2018021080,2019-03-13,CHI,CHI @ TOR,W,AWAY,5,4,5,9,14,2,10,0,39,0.1282051282051282,28,4,22,43,47,4,0.9148936170212766,3,1,0
2018-2019,2018021078,2019-03-13,NJD,NJD @ CGY,L,AWAY,4,9,4,5,9,2,27,0,26,0.15384615384615385,19,6,14,30,39,9,0.7692307692307693,9,0,0
2018-2019,2018021079,2019-03-13,NSH,NSH @ ANA,L,AWAY,2,3,2,4,6,6,18,2,34,0.058823529411764705,12,8,8,15,18,3,0.8333333333333334,3,0,0
2018-2019,2018021077,2019-03-13,SJS,SJS @ WPG,W,AWAY,5,4,5,9,14,4,18,0,36,0.1388888888888889,9,3,11,21,25,4,0.84,3,1,0
2018-2019,2018021076,2019-03-13,STL,STL vs. ARI,L,HOME,1,3,1,2,3,7,21,1,40,0.025,11,5,4,19,21,2,0.9047619047619048,2,0,0
2018-2019,2018021080,2019-03-13,TOR,TOR vs. CHI,L,HOME,4,5,4,7,11,0,15,1,47,0.0851063829787234,9,12,15,34,39,5,0.8717948717948718,5,0,0
2018-2019,2018021077,2019-03-13,WPG,WPG vs. SJS,L,HOME,4,5,4,6,10,4,18,1,25,0.16,18,4,12,31,36,5,0.8611111111111112,5,0,0
2018-2019,2018021083,2019-03-14,BUF,BUF vs. PIT,L,HOME,0,5,0,0,0,10,22,0,26,0.0,18,9,11,23,28,5,0.8214285714285714,2,3,0
2018-2019,2018021087,2019-03-14,DET,DET vs. TBL,L,HOME,4,5,4,5,9,4,20,0,27,0.14814814814814814,18,5,13,34,39,5,0.8717948717948718,3,2,0
2018-2019,2018021081,2019-03-14,EDM,EDM vs. NJD,L,HOME,3,6,3,6,9,15,31,1,39,0.07692307692307693,9,6,7,29,35,6,0.8285714285714286,3,2,0
2018-2019,2018021084,2019-03-14,MTL,MTL @ NYI,L,AWAY,1,2,1,2,3,4,24,0,34,0.029411764705882353,16,5,13,36,38,2,0.9473684210526315,2,0,0
2018-2019,2018021081,2019-03-14,NJD,NJD @ EDM,W,AWAY,6,3,6,10,16,17,25,2,35,0.17142857142857143,23,8,7,36,39,3,0.9230769230769231,2,1,0
2018-2019,2018021084,2019-03-14,NYI,NYI vs. MTL,W,HOME,2,1,2,2,4,4,31,0,38,0.05263157894736842,10,10,16,33,34,1,0.9705882352941176,1,0,0
2018-2019,2018021082,2019-03-14,NYR,NYR @ VAN,L,AWAY,1,4,1,2,3,31,25,1,22,0.045454545454545456,8,4,4,24,27,3,0.8888888888888888,2,1,0
2018-2019,2018021086,2019-03-14,OTT,OTT vs. STL,W,HOME,2,0,2,2,4,8,29,0,21,0.09523809523809523,18,11,18,35,35,0,1.0,0,0,0
2018-2019,2018021085,2019-03-14,PHI,PHI vs. WSH,L,HOME,2,5,2,3,5,6,25,0,24,0.08333333333333333,10,10,12,27,31,4,0.8709677419354839,4,0,0
2018-2019,2018021083,2019-03-14,PIT,PIT @ BUF,W,AWAY,5,0,5,8,13,6,14,3,28,0.17857142857142858,15,2,6,26,26,0,1.0,0,0,0
2018-2019,2018021086,2019-03-14,STL,STL @ OTT,L,AWAY,0,2,0,0,0,6,22,0,35,0.0,7,5,7,19,20,1,0.95,1,0,0
2018-2019,2018021087,2019-03-14,TBL,TBL @ DET,W,AWAY,5,4,5,9,14,2,28,2,39,0.1282051282051282,15,4,11,23,27,4,0.8518518518518519,3,0,0
2018-2019,2018021082,2019-03-14,VAN,VAN vs. NYR,W,HOME,4,1,4,6,10,10,15,1,28,0.14285714285714285,10,5,10,21,22,1,0.9545454545454546,0,1,0
2018-2019,2018021085,2019-03-14,WSH,WSH @ PHI,W,AWAY,5,2,5,9,14,8,22,0,32,0.15625,21,7,9,22,24,2,0.9166666666666666,2,0,0
2018-2019,2018021090,2019-03-15,ANA,ANA @ ARI,L,AWAY,1,6,1,2,3,12,30,0,37,0.02702702702702703,16,5,13,18,24,6,0.75,3,2,0
2018-2019,2018021090,2019-03-15,ARI,ARI vs. ANA,W,HOME,6,1,6,9,15,8,38,2,24,0.25,16,6,8,36,37,1,0.972972972972973,1,0,0
2018-2019,2018021089,2019-03-15,BOS,BOS @ WPG,L,AWAY,3,4,3,5,8,4,24,0,39,0.07692307692307693,8,4,9,20,24,4,0.8333333333333334,3,1,0
2018-2019,2018021094,2019-03-15,CAR,CAR @ CBJ,L,AWAY,0,3,0,0,0,2,23,0,46,0.0,6,8,6,17,19,2,0.8947368421052632,2,0,0
2018-2019,2018021094,2019-03-15,CBJ,CBJ vs. CAR,W,HOME,3,0,3,4,7,4,19,0,20,0.15,18,6,5,46,46,0,1.0,0,0,0
2018-2019,2018021088,2019-03-15,DAL,DAL @ MIN,W,AWAY,4,1,4,7,11,2,19,0,31,0.12903225806451613,13,8,2,21,22,1,0.9545454545454546,0,1,0
2018-2019,2018021092,2019-03-15,FLA,FLA @ SJS,W,AWAY,4,2,4,8,12,6,12,1,27,0.14814814814814814,18,9,9,26,28,2,0.9285714285714286,2,0,0
2018-2019,2018021091,2019-03-15,LAK,LAK vs. NSH,L,HOME,1,3,1,2,3,2,21,0,26,0.038461538461538464,11,2,8,31,34,3,0.9117647058823529,3,0,0
2018-2019,2018021088,2019-03-15,MIN,MIN vs. DAL,L,HOME,1,4,1,2,3,2,16,1,22,0.045454545454545456,13,4,6,27,30,3,0.9,3,0,0
2018-2019,2018021091,2019-03-15,NSH,NSH @ LAK,W,AWAY,3,1,3,3,6,4,15,0,34,0.08823529411764706,19,3,5,25,26,1,0.9615384615384616,1,0,0
2018-2019,2018021093,2019-03-15,PHI,PHI @ TOR,L,AWAY,6,7,6,11,17,10,13,0,29,0.20689655172413793,26,8,17,44,51,7,0.8627450980392157,6,1,0
2018-2019,2018021092,2019-03-15,SJS,SJS vs. FLA,L,HOME,2,4,2,4,6,8,13,0,28,0.07142857142857142,12,16,12,23,27,4,0.8518518518518519,3,1,0
2018-2019,2018021093,2019-03-15,TOR,TOR vs. PHI,W,HOME,7,6,7,13,20,4,11,1,51,0.13725490196078433,8,7,20,23,29,6,0.7931034482758621,6,0,0
2018-2019,2018021089,2019-03-15,WPG,WPG vs. BOS,W,HOME,4,3,4,5,9,2,21,1,24,0.16666666666666666,19,7,10,36,39,3,0.9230769230769231,3,0,0
2018-2019,2018021096,2019-03-16,ANA,ANA @ COL,W,AWAY,5,3,5,9,14,8,36,1,37,0.13513513513513514,15,8,4,41,44,3,0.9318181818181818,2,1,0
2018-2019,2018021102,2019-03-16,BOS,BOS vs. CBJ,W,HOME,2,1,2,3,5,2,34,1,33,0.06060606060606061,7,12,11,24,25,1,0.96,1,0,0
2018-2019,2018021106,2019-03-16,BUF,BUF @ CAR,L,AWAY,2,4,2,4,6,7,22,0,37,0.05405405405405406,11,6,5,25,29,4,0.8620689655172413,4,0,0
2018-2019,2018021106,2019-03-16,CAR,CAR vs. BUF,W,HOME,4,2,4,8,12,9,32,0,29,0.13793103448275862,15,2,12,35,37,2,0.9459459459459459,2,0,0
2018-2019,2018021102,2019-03-16,CBJ,CBJ @ BOS,L,AWAY,1,2,1,2,3,4,34,0,25,0.04,20,14,13,31,33,2,0.9393939393939394,1,1,0
2018-2019,2018021097,2019-03-16,CGY,CGY vs. NYR,W,HOME,5,1,5,8,13,10,15,0,32,0.15625,5,31,14,24,25,1,0.96,1,0,0
2018-2019,2018021107,2019-03-16,CGY,CGY @ WPG,L,AWAY,1,2,1,2,3,8,15,0,28,0.03571428571428571,7,2,9,19,21,2,0.9047619047619048,1,1,0
2018-2019,2018021103,2019-03-16,CHI,CHI @ MTL,W,AWAY,2,0,2,4,6,8,15,0,24,0.08333333333333333,24,8,9,48,48,0,1.0,0,0,0
2018-2019,2018021096,2019-03-16,COL,COL vs. ANA,L,HOME,3,5,3,6,9,6,31,1,44,0.06818181818181818,12,11,6,32,36,4,0.8888888888888888,3,1,0
2018-2019,2018021095,2019-03-16,DAL,DAL vs. VGK,L,HOME,1,2,1,0,1,4,26,0,41,0.024390243902439025,19,9,20,35,37,2,0.9459459459459459,2,0,0
2018-2019,2018021100,2019-03-16,DET,DET vs. NYI,W,HOME,2,1,2,3,5,4,17,0,22,0.09090909090909091,8,2,17,41,42,1,0.9761904761904762,1,0,0
2018-2019,2018021101,2019-03-16,FLA,FLA @ LAK,W,AWAY,4,3,4,8,12,9,17,1,35,0.11428571428571428,12,4,10,24,27,3,0.8888888888888888,2,1,0
2018-2019,2018021101,2019-03-16,LAK,LAK vs. FLA,L,HOME,3,4,3,6,9,11,32,1,27,0.1111111111111111,14,7,9,31,35,4,0.8857142857142857,3,1,0
2018-2019,2018021103,2019-03-16,MTL,MTL vs. CHI,L,HOME,0,2,0,0,0,4,29,0,48,0.0,11,4,13,22,24,2,0.9166666666666666,2,0,0
2018-2019,2018021098,2019-03-16,NJD,NJD @ VAN,W,AWAY,3,2,2,4,6,10,26,0,33,0.06060606060606061,13,8,5,25,27,2,0.9259259259259259,1,1,0
2018-2019,2018021100,2019-03-16,NYI,NYI @ DET,L,AWAY,1,2,1,2,3,4,37,0,42,0.023809523809523808,9,5,6,20,22,2,0.9090909090909091,2,0,0
2018-2019,2018021097,2019-03-16,NYR,NYR @ CGY,L,AWAY,1,5,1,1,2,10,15,0,25,0.04,14,15,19,27,32,5,0.84375,5,0,0
2018-2019,2018021104,2019-03-16,OTT,OTT vs. TOR,W,HOME,6,2,6,12,18,6,25,0,44,0.13636363636363635,22,6,13,35,37,2,0.9459459459459459,1,1,0
2018-2019,2018021099,2019-03-16,PIT,PIT vs. STL,L,HOME,1,5,1,0,1,4,33,0,41,0.024390243902439025,7,5,14,21,26,5,0.8076923076923077,4,1,0
2018-2019,2018021099,2019-03-16,STL,STL @ PIT,W,AWAY,5,1,5,10,15,8,27,1,26,0.19230769230769232,16,6,8,40,41,1,0.975609756097561,1,0,0
2018-2019,2018021105,2019-03-16,TBL,TBL vs. WSH,W,HOME,6,3,6,9,15,18,33,0,35,0.17142857142857143,12,9,8,31,34,3,0.9117647058823529,2,1,0
2018-2019,2018021104,2019-03-16,TOR,TOR @ OTT,L,AWAY,2,6,2,3,5,8,29,1,37,0.05405405405405406,12,6,6,38,44,6,0.8636363636363636,6,0,0
2018-2019,2018021098,2019-03-16,VAN,VAN vs. NJD,L,HOME,2,3,2,3,5,2,16,1,27,0.07407407407407407,17,1,8,31,33,2,0.9393939393939394,2,0,0
2018-2019,2018021095,2019-03-16,VGK,VGK @ DAL,W,AWAY,2,1,2,4,6,10,18,0,37,0.05405405405405406,18,5,10,40,41,1,0.975609756097561,1,0,0
2018-2019,2018021107,2019-03-16,WPG,WPG vs. CGY,W,HOME,2,1,2,4,6,6,23,1,21,0.09523809523809523,17,8,9,27,28,1,0.9642857142857143,0,0,0
2018-2019,2018021105,2019-03-16,WSH,WSH @ TBL,L,AWAY,3,6,3,5,8,18,23,1,34,0.08823529411764706,8,2,5,29,33,4,0.8787878787878788,4,0,0
2018-2019,2018021109,2019-03-17,ARI,ARI vs. EDM,L,HOME,2,3,2,4,6,6,25,1,30,0.06666666666666667,13,11,10,22,25,3,0.88,2,0,0
2018-2019,2018021112,2019-03-17,BUF,BUF vs. STL,W,HOME,4,3,3,6,9,6,26,0,34,0.08823529411764706,9,7,11,30,33,3,0.9090909090909091,3,0,0
2018-2019,2018021111,2019-03-17,COL,COL vs. NJD,W,HOME,3,0,3,3,6,8,22,0,34,0.08823529411764706,17,6,14,22,22,0,1.0,0,0,0
2018-2019,2018021114,2019-03-17,DAL,DAL vs. VAN,L,HOME,2,3,2,4,6,4,27,0,46,0.043478260869565216,18,11,17,25,27,2,0.9259259259259259,2,0,0
2018-2019,2018021109,2019-03-17,EDM,EDM @ ARI,W,AWAY,3,2,3,5,8,10,30,0,25,0.12,7,2,7,28,30,2,0.9333333333333333,1,1,0
2018-2019,2018021108,2019-03-17,MIN,MIN vs. NYR,W,HOME,5,2,5,8,13,6,15,1,47,0.10638297872340426,26,7,3,26,28,2,0.9285714285714286,2,0,0
2018-2019,2018021113,2019-03-17,MIN,MIN vs. NYI,L,HOME,2,3,2,4,6,4,10,2,34,0.058823529411764705,6,5,2,17,20,3,0.85,2,1,0
2018-2019,2018021111,2019-03-17,NJD,NJD @ COL,L,AWAY,0,3,0,0,0,6,21,0,22,0.0,15,7,4,31,33,2,0.9393939393939394,2,0,0
2018-2019,2018021110,2019-03-17,NSH,NSH @ SJS,W,AWAY,4,2,4,6,10,15,19,0,30,0.13333333333333333,18,7,11,24,26,2,0.9230769230769231,2,0,0
2018-2019,2018021113,2019-03-17,NYI,NYI @ MIN,W,AWAY,3,2,3,4,7,10,10,1,20,0.15,22,5,0,32,34,2,0.9411764705882353,0,2,0
2018-2019,2018021108,2019-03-17,NYR,NYR @ MIN,L,AWAY,2,5,2,3,5,8,15,0,28,0.07142857142857142,12,8,3,42,46,4,0.9130434782608695,3,1,0
2018-2019,2018021115,2019-03-17,PHI,PHI @ PIT,W,AWAY,2,1,2,4,6,4,32,0,38,0.05263157894736842,13,3,5,41,42,1,0.9761904761904762,1,0,0
2018-2019,2018021115,2019-03-17,PIT,PIT vs. PHI,L,HOME,1,2,1,2,3,4,24,0,42,0.023809523809523808,12,11,10,36,38,2,0.9473684210526315,2,0,0
2018-2019,2018021110,2019-03-17,SJS,SJS vs. NSH,L,HOME,2,4,2,4,6,13,23,0,26,0.07692307692307693,19,6,9,26,29,3,0.896551724137931,3,0,0
2018-2019,2018021112,2019-03-17,STL,STL @ BUF,L,AWAY,3,4,3,3,6,6,27,0,33,0.09090909090909091,5,10,12,31,34,3,0.9117647058823529,3,0,0
2018-2019,2018021114,2019-03-17,VAN,VAN @ DAL,W,AWAY,3,2,2,4,6,4,23,0,27,0.07407407407407407,25,9,14,44,46,2,0.9565217391304348,2,0,0
2018-2019,2018021116,2019-03-18,ANA,ANA vs. FLA,W,HOME,3,2,3,4,7,4,25,1,22,0.13636363636363635,10,7,8,37,39,2,0.9487179487179487,2,0,0
2018-2019,2018021118,2019-03-18,ARI,ARI @ TBL,L,AWAY,1,4,1,2,3,4,17,0,29,0.034482758620689655,12,9,4,20,22,2,0.9090909090909091,2,0,0
2018-2019,2018021117,2019-03-18,EDM,EDM @ VGK,L,AWAY,3,6,3,5,8,6,31,1,19,0.15789473684210525,13,5,9,28,34,6,0.8235294117647058,6,0,0
2018-2019,2018021116,2019-03-18,FLA,FLA @ ANA,L,AWAY,2,3,2,4,6,6,14,0,39,0.05128205128205128,10,8,12,19,22,3,0.8636363636363636,2,1,0
2018-2019,2018021118,2019-03-18,TBL,TBL vs. ARI,W,HOME,4,1,4,4,8,6,30,0,24,0.16666666666666666,12,7,4,28,29,1,0.9655172413793104,1,0,0
2018-2019,2018021117,2019-03-18,VGK,VGK vs. EDM,W,HOME,6,3,6,8,14,2,26,0,34,0.17647058823529413,12,20,3,16,19,3,0.8421052631578947,2,1,0
2018-2019,2018021123,2019-03-19,BOS,BOS @ NYI,W,AWAY,5,0,5,4,9,9,20,0,39,0.1282051282051282,9,8,12,13,13,0,1.0,0,0,0
2018-2019,2018021126,2019-03-19,CAR,CAR vs. PIT,W,HOME,3,2,2,3,5,6,28,0,39,0.05128205128205128,11,14,13,36,38,2,0.9473684210526315,2,0,0
2018-2019,2018021119,2019-03-19,CHI,CHI vs. VAN,L,HOME,2,3,2,3,5,2,20,1,31,0.06451612903225806,10,9,8,31,34,3,0.9117647058823529,2,1,0
2018-2019,2018021124,2019-03-19,DET,DET @ NYR,W,AWAY,3,2,3,4,7,4,23,0,30,0.1,17,8,10,41,43,2,0.9534883720930233,1,1,0
2018-2019,2018021120,2019-03-19,LAK,LAK vs. WPG,L,HOME,2,3,2,4,6,9,28,1,17,0.11764705882352941,5,8,9,25,28,3,0.8928571428571429,2,1,0
2018-2019,2018021125,2019-03-19,MTL,MTL @ PHI,W,AWAY,3,1,3,6,9,4,32,0,36,0.08333333333333333,17,9,9,32,33,1,0.9696969696969697,0,1,0
2018-2019,2018021122,2019-03-19,NJD,NJD vs. WSH,L,HOME,1,4,1,1,2,2,21,0,21,0.047619047619047616,6,11,6,18,22,4,0.8181818181818182,4,0,0
2018-2019,2018021123,2019-03-19,NYI,NYI vs. BOS,L,HOME,0,5,0,0,0,7,23,0,13,0.0,20,6,21,34,39,5,0.8717948717948718,5,0,0
2018-2019,2018021124,2019-03-19,NYR,NYR vs. DET,L,HOME,2,3,2,4,6,2,27,1,43,0.046511627906976744,10,8,9,27,29,2,0.9310344827586207,2,0,0
2018-2019,2018021125,2019-03-19,PHI,PHI vs. MTL,L,HOME,1,3,1,2,3,4,24,1,33,0.030303030303030304,22,3,8,33,35,2,0.9428571428571428,2,0,0
2018-2019,2018021126,2019-03-19,PIT,PIT @ CAR,L,AWAY,2,3,2,4,6,18,25,0,38,0.05263157894736842,15,9,15,37,39,2,0.9487179487179487,2,0,0
2018-2019,2018021121,2019-03-19,SJS,SJS vs. VGK,L,HOME,3,7,3,4,7,12,24,1,39,0.07692307692307693,5,10,10,35,41,6,0.8536585365853658,3,3,0
2018-2019,2018021119,2019-03-19,VAN,VAN @ CHI,W,AWAY,3,2,3,4,7,6,26,1,34,0.08823529411764706,18,7,7,29,31,2,0.9354838709677419,1,1,0
2018-2019,2018021121,2019-03-19,VGK,VGK @ SJS,W,AWAY,7,3,7,12,19,12,19,3,42,0.16666666666666666,14,13,6,36,39,3,0.9230769230769231,2,1,0
2018-2019,2018021120,2019-03-19,WPG,WPG @ LAK,W,AWAY,3,2,3,4,7,11,22,1,28,0.10714285714285714,17,7,8,15,17,2,0.8823529411764706,1,1,0
2018-2019,2018021122,2019-03-19,WSH,WSH @ NJD,W,AWAY,4,1,4,8,12,4,15,0,22,0.18181818181818182,8,5,1,20,21,1,0.9523809523809523,1,0,0
2018-2019,2018021132,2019-03-20,BUF,BUF vs. TOR,L,HOME,2,4,2,4,6,6,26,1,24,0.08333333333333333,14,3,4,42,45,3,0.9333333333333333,3,0,0
2018-2019,2018021131,2019-03-20,CBJ,CBJ @ CGY,L,AWAY,2,4,2,3,5,7,24,1,33,0.06060606060606061,10,11,10,27,30,3,0.9,3,0,0
2018-2019,2018021131,2019-03-20,CGY,CGY vs. CBJ,W,HOME,4,2,4,8,12,9,14,0,31,0.12903225806451613,14,20,24,31,33,2,0.9393939393939394,1,1,0
2018-2019,2018021129,2019-03-20,COL,COL @ MIN,W,AWAY,3,1,3,3,6,11,20,0,38,0.07894736842105263,15,4,1,36,37,1,0.972972972972973,0,1,0
2018-2019,2018021130,2019-03-20,DAL,DAL vs. FLA,W,HOME,4,2,4,8,12,6,16,1,36,0.1111111111111111,16,10,14,20,22,2,0.9090909090909091,1,1,0
2018-2019,2018021127,2019-03-20,EDM,EDM @ STL,L,AWAY,2,7,2,3,5,28,21,0,17,0.11764705882352941,12,7,5,37,44,7,0.8409090909090909,5,2,0
2018-2019,2018021130,2019-03-20,FLA,FLA @ DAL,L,AWAY,2,4,2,4,6,6,10,1,22,0.09090909090909091,15,5,14,33,36,3,0.9166666666666666,2,1,0
2018-2019,2018021129,2019-03-20,MIN,MIN vs. COL,L,HOME,1,3,1,2,3,13,17,1,37,0.02702702702702703,18,4,6,35,37,2,0.9459459459459459,2,0,0
2018-2019,2018021128,2019-03-20,NSH,NSH vs. TOR,W,HOME,3,0,3,6,9,6,18,0,20,0.15,18,9,16,22,22,0,1.0,0,0,0
2018-2019,2018021127,2019-03-20,STL,STL vs. EDM,W,HOME,7,2,7,14,21,7,15,2,44,0.1590909090909091,10,7,2,15,17,2,0.8823529411764706,2,0,0
2018-2019,2018021133,2019-03-20,TBL,TBL @ WSH,W,AWAY,5,4,5,7,12,21,17,3,28,0.17857142857142858,14,15,5,54,58,4,0.9310344827586207,3,1,0
2018-2019,2018021132,2019-03-20,TOR,TOR @ BUF,W,AWAY,4,2,4,5,9,4,7,0,46,0.08695652173913043,10,4,5,22,24,2,0.9166666666666666,1,1,0
2018-2019,2018021128,2019-03-20,TOR,TOR @ NSH,L,AWAY,0,3,0,0,0,2,11,0,22,0.0,11,4,7,17,19,2,0.8947368421052632,2,0,0
2018-2019,2018021133,2019-03-20,WSH,WSH vs. TBL,L,HOME,4,5,4,6,10,15,34,1,58,0.06896551724137931,15,16,9,23,28,5,0.8214285714285714,2,3,0
2018-2019,2018021135,2019-03-21,ANA,ANA vs. WPG,L,HOME,0,3,0,0,0,17,26,0,29,0.0,14,7,12,20,23,3,0.8695652173913043,2,1,0
2018-2019,2018021136,2019-03-21,ARI,ARI @ FLA,L,AWAY,2,4,2,1,3,4,34,0,34,0.058823529411764705,11,11,9,18,21,3,0.8571428571428571,2,1,0
2018-2019,2018021137,2019-03-21,BOS,BOS @ NJD,W,AWAY,5,1,5,8,13,2,14,0,27,0.18518518518518517,7,6,1,21,22,1,0.9545454545454546,1,0,0
2018-2019,2018021138,2019-03-21,CAR,CAR vs. TBL,L,HOME,3,6,3,5,8,14,31,0,28,0.10714285714285714,17,6,6,26,31,5,0.8387096774193549,3,2,0
2018-2019,2018021136,2019-03-21,FLA,FLA vs. ARI,W,HOME,4,2,4,7,11,4,30,1,22,0.18181818181818182,12,9,24,32,34,2,0.9411764705882353,1,0,0
2018-2019,2018021139,2019-03-21,MTL,MTL vs. NYI,W,HOME,4,0,4,6,10,11,36,1,34,0.11764705882352941,17,10,15,28,28,0,1.0,0,0,0
2018-2019,2018021137,2019-03-21,NJD,NJD vs. BOS,L,HOME,1,5,1,1,2,6,26,0,22,0.045454545454545456,15,6,9,22,26,4,0.8461538461538461,4,0,0
2018-2019,2018021139,2019-03-21,NYI,NYI @ MTL,L,AWAY,0,4,0,0,0,19,38,0,28,0.0,19,3,19,30,34,4,0.8823529411764706,3,1,0
2018-2019,2018021134,2019-03-21,OTT,OTT @ VAN,L,AWAY,4,7,4,8,12,6,25,1,25,0.16,17,3,6,33,39,6,0.8461538461538461,4,2,0
2018-2019,2018021138,2019-03-21,TBL,TBL @ CAR,W,AWAY,6,3,6,10,16,16,32,2,32,0.1875,14,9,13,25,28,3,0.8928571428571429,3,0,0
2018-2019,2018021134,2019-03-21,VAN,VAN vs. OTT,W,HOME,7,4,7,12,19,2,21,2,40,0.175,11,11,7,21,25,4,0.84,3,1,0
2018-2019,2018021135,2019-03-21,WPG,WPG @ ANA,W,AWAY,3,0,3,6,9,17,20,1,23,0.13043478260869565,16,7,11,29,29,0,1.0,0,0,0
2018-2019,2018021145,2019-03-22,CBJ,CBJ @ EDM,L,AWAY,1,4,1,2,3,2,25,0,20,0.05,21,5,8,18,22,4,0.8181818181818182,3,1,0
2018-2019,2018021144,2019-03-22,CGY,CGY vs. OTT,W,HOME,5,1,5,8,13,6,14,0,36,0.1388888888888889,13,22,13,18,19,1,0.9473684210526315,1,0,0
2018-2019,2018021142,2019-03-22,CHI,CHI vs. PHI,L,HOME,1,3,1,2,3,2,17,0,41,0.024390243902439025,11,8,11,25,27,2,0.9259259259259259,2,0,0
2018-2019,2018021143,2019-03-22,COL,COL @ DAL,W,AWAY,3,1,3,3,6,4,17,0,32,0.09375,25,6,4,44,45,1,0.9777777777777777,1,0,0
2018-2019,2018021143,2019-03-22,DAL,DAL vs. COL,L,HOME,1,3,1,2,3,6,27,0,45,0.022222222222222223,12,9,10,29,31,2,0.9354838709677419,2,0,0
2018-2019,2018021140,2019-03-22,DET,DET @ STL,L,AWAY,2,5,2,4,6,4,16,0,22,0.09090909090909091,13,7,4,19,23,4,0.8260869565217391,4,0,0
2018-2019,2018021145,2019-03-22,EDM,EDM vs. CBJ,W,HOME,4,1,4,8,12,0,30,1,22,0.18181818181818182,14,4,14,19,20,1,0.95,1,0,0
2018-2019,2018021147,2019-03-22,LAK,LAK vs. SJS,W,HOME,4,2,4,6,10,6,24,0,35,0.11428571428571428,18,6,13,23,25,2,0.92,2,0,0
2018-2019,2018021148,2019-03-22,MIN,MIN @ WSH,W,AWAY,2,1,2,3,5,8,16,0,27,0.07407407407407407,22,8,7,21,22,1,0.9545454545454546,1,0,0
2018-2019,2018021141,2019-03-22,NSH,NSH vs. PIT,L,HOME,1,2,1,0,1,4,17,0,29,0.034482758620689655,15,7,15,32,33,1,0.9696969696969697,1,0,0
2018-2019,2018021144,2019-03-22,OTT,OTT @ CGY,L,AWAY,1,5,1,2,3,4,18,0,19,0.05263157894736842,15,17,15,31,36,5,0.8611111111111112,4,0,0
2018-2019,2018021142,2019-03-22,PHI,PHI @ CHI,W,AWAY,3,1,3,6,9,4,29,0,28,0.10714285714285714,18,8,11,40,41,1,0.975609756097561,1,0,0
2018-2019,2018021141,2019-03-22,PIT,PIT @ NSH,W,AWAY,2,1,1,1,2,6,18,0,33,0.030303030303030304,16,4,12,28,29,1,0.9655172413793104,1,0,0
2018-2019,2018021147,2019-03-22,SJS,SJS @ LAK,L,AWAY,2,4,2,3,5,2,17,0,25,0.08,4,1,12,31,34,3,0.9117647058823529,3,0,0
2018-2019,2018021140,2019-03-22,STL,STL vs. DET,W,HOME,5,2,5,9,14,2,20,0,24,0.20833333333333334,16,7,7,20,22,2,0.9090909090909091,2,0,0
2018-2019,2018021146,2019-03-22,VGK,VGK vs. WPG,W,HOME,5,0,5,7,12,9,25,0,38,0.13157894736842105,11,23,6,20,20,0,1.0,0,0,0
2018-2019,2018021146,2019-03-22,WPG,WPG @ VGK,L,AWAY,0,5,0,0,0,7,29,0,20,0.0,10,13,3,33,38,5,0.868421052631579,4,0,0
2018-2019,2018021148,2019-03-22,WSH,WSH vs. MIN,L,HOME,1,2,1,2,3,4,15,0,22,0.045454545454545456,13,13,12,25,27,2,0.9259259259259259,2,0,0
2018-2019,2018021149,2019-03-23,ANA,ANA vs. SJS,W,HOME,4,3,4,8,12,10,33,2,21,0.19047619047619047,22,7,10,23,26,3,0.8846153846153846,2,1,0
2018-2019,2018021150,2019-03-23,ARI,ARI @ NJD,L,AWAY,1,2,1,2,3,8,13,0,24,0.041666666666666664,11,4,5,31,32,1,0.96875,1,0,0
2018-2019,2018021156,2019-03-23,BOS,BOS @ FLA,W,AWAY,7,3,7,10,17,9,25,1,39,0.1794871794871795,14,6,12,31,34,3,0.9117647058823529,2,1,0
2018-2019,2018021155,2019-03-23,BUF,BUF @ MTL,L,AWAY,4,7,4,5,9,4,16,1,27,0.14814814814814814,11,3,19,37,43,6,0.8604651162790697,5,1,0
2018-2019,2018021157,2019-03-23,CAR,CAR vs. MIN,W,HOME,5,1,5,8,13,12,26,0,33,0.15151515151515152,17,21,17,24,25,1,0.96,0,1,0
2018-2019,2018021152,2019-03-23,CHI,CHI @ COL,L,AWAY,2,4,2,4,6,10,22,0,31,0.06451612903225806,12,8,2,21,24,3,0.875,2,1,0
2018-2019,2018021152,2019-03-23,COL,COL vs. CHI,W,HOME,4,2,4,6,10,4,22,1,25,0.16,19,6,5,29,31,2,0.9354838709677419,2,0,0
2018-2019,2018021153,2019-03-23,EDM,EDM vs. OTT,L,HOME,3,4,3,5,8,6,31,0,29,0.10344827586206896,12,7,9,31,35,4,0.8857142857142857,2,2,0
2018-2019,2018021156,2019-03-23,FLA,FLA vs. BOS,L,HOME,3,7,3,5,8,23,47,1,34,0.08823529411764706,13,13,21,32,38,6,0.8421052631578947,5,1,0
2018-2019,2018021157,2019-03-23,MIN,MIN @ CAR,L,AWAY,1,5,1,2,3,6,34,1,25,0.04,13,11,6,28,33,5,0.8484848484848485,5,0,0
2018-2019,2018021155,2019-03-23,MTL,MTL vs. BUF,W,HOME,7,4,7,13,20,8,30,1,44,0.1590909090909091,9,8,21,23,27,4,0.8518518518518519,3,1,0
2018-2019,2018021150,2019-03-23,NJD,NJD vs. ARI,W,HOME,2,1,1,2,3,4,18,0,32,0.03125,14,8,6,23,24,1,0.9583333333333334,1,0,0
2018-2019,2018021158,2019-03-23,NSH,NSH @ WPG,L,AWAY,0,5,0,0,0,4,20,0,33,0.0,11,10,16,38,43,5,0.8837209302325582,5,0,0
2018-2019,2018021151,2019-03-23,NYI,NYI @ PHI,W,AWAY,4,2,4,8,12,4,34,0,40,0.1,17,4,5,22,24,2,0.9166666666666666,1,1,0
2018-2019,2018021154,2019-03-23,NYR,NYR @ TOR,W,AWAY,2,1,2,3,5,4,28,0,28,0.07142857142857142,33,8,9,44,45,1,0.9777777777777777,1,0,0
2018-2019,2018021153,2019-03-23,OTT,OTT @ EDM,W,AWAY,4,3,4,7,11,4,23,2,35,0.11428571428571428,18,6,5,26,29,3,0.896551724137931,3,0,0
2018-2019,2018021151,2019-03-23,PHI,PHI vs. NYI,L,HOME,2,4,2,4,6,10,16,1,24,0.08333333333333333,17,3,14,36,40,4,0.9,4,0,0
2018-2019,2018021149,2019-03-23,SJS,SJS @ ANA,L,AWAY,3,4,3,6,9,6,23,1,26,0.11538461538461539,8,5,13,17,21,4,0.8095238095238095,2,2,0
2018-2019,2018021154,2019-03-23,TOR,TOR vs. NYR,L,HOME,1,2,1,2,3,6,16,0,45,0.022222222222222223,13,6,18,26,28,2,0.9285714285714286,2,0,0
2018-2019,2018021158,2019-03-23,WPG,WPG vs. NSH,W,HOME,5,0,5,9,14,0,28,0,43,0.11627906976744186,22,12,7,33,33,0,1.0,0,0,0
2018-2019,2018021163,2019-03-24,ANA,ANA @ LAK,L,AWAY,3,4,3,5,8,10,31,1,20,0.15,10,4,7,27,30,3,0.9,2,1,0
2018-2019,2018021165,2019-03-24,ARI,ARI @ NYI,L,AWAY,0,2,0,0,0,2,28,0,31,0.0,14,6,11,24,26,2,0.9230769230769231,2,0,0
2018-2019,2018021166,2019-03-24,CAR,CAR vs. MTL,W,HOME,2,1,2,3,5,2,37,0,40,0.05,12,10,16,28,29,1,0.9655172413793104,1,0,0
2018-2019,2018021161,2019-03-24,CGY,CGY @ VAN,W,AWAY,3,1,3,4,7,8,15,0,31,0.0967741935483871,10,6,5,27,28,1,0.9642857142857143,0,1,0
2018-2019,2018021160,2019-03-24,DAL,DAL vs. PIT,L,HOME,2,3,2,4,6,2,25,0,31,0.06451612903225806,17,5,15,27,30,3,0.9,1,1,0
2018-2019,2018021162,2019-03-24,DET,DET @ VGK,W,AWAY,3,2,3,5,8,6,23,1,30,0.1,15,7,5,28,30,2,0.9333333333333333,1,0,0
2018-2019,2018021163,2019-03-24,LAK,LAK vs. ANA,W,HOME,4,3,3,6,9,8,34,1,30,0.1,13,7,8,17,20,3,0.85,1,1,0
2018-2019,2018021166,2019-03-24,MTL,MTL @ CAR,L,AWAY,1,2,1,2,3,6,29,0,29,0.034482758620689655,19,10,6,38,40,2,0.95,2,0,0
2018-2019,2018021165,2019-03-24,NYI,NYI vs. ARI,W,HOME,2,0,2,4,6,2,27,0,26,0.07692307692307693,19,7,19,31,31,0,1.0,0,0,0
2018-2019,2018021164,2019-03-24,PHI,PHI @ WSH,L,AWAY,1,3,1,0,1,4,16,1,36,0.027777777777777776,8,6,3,27,30,3,0.9,3,0,0
2018-2019,2018021160,2019-03-24,PIT,PIT @ DAL,W,AWAY,3,2,3,5,8,6,20,1,30,0.1,15,5,10,29,31,2,0.9354838709677419,2,0,0
2018-2019,2018021159,2019-03-24,STL,STL vs. TBL,W,HOME,4,3,4,7,11,6,22,1,26,0.15384615384615385,14,11,4,39,42,3,0.9285714285714286,2,0,0
2018-2019,2018021159,2019-03-24,TBL,TBL @ STL,L,AWAY,3,4,3,3,6,4,20,0,42,0.07142857142857142,14,6,3,22,26,4,0.8461538461538461,3,1,0
2018-2019,2018021161,2019-03-24,VAN,VAN vs. CGY,L,HOME,1,3,1,2,3,10,24,1,28,0.03571428571428571,13,10,12,28,31,3,0.9032258064516129,3,0,0
2018-2019,2018021162,2019-03-24,VGK,VGK vs. DET,L,HOME,2,3,2,2,4,4,38,0,30,0.06666666666666667,13,17,9,27,30,3,0.9,2,1,0
2018-2019,2018021164,2019-03-24,WSH,WSH vs. PHI,W,HOME,3,1,3,5,8,8,22,0,30,0.1,18,11,14,35,36,1,0.9722222222222222,0,1,0
2018-2019,2018021172,2019-03-25,BOS,BOS @ TBL,L,AWAY,4,5,4,7,11,12,22,1,17,0.23529411764705882,10,5,5,23,28,5,0.8214285714285714,5,0,0
2018-2019,2018021170,2019-03-25,BUF,BUF @ NJD,L,AWAY,1,3,1,1,2,6,12,0,46,0.021739130434782608,4,7,6,18,20,2,0.9,0,2,0
2018-2019,2018021168,2019-03-25,CBJ,CBJ @ VAN,W,AWAY,5,0,5,6,11,8,9,0,33,0.15151515151515152,13,5,2,21,21,0,1.0,0,0,0
2018-2019,2018021167,2019-03-25,CHI,CHI vs. COL,W,HOME,2,1,2,2,4,6,28,1,42,0.047619047619047616,23,8,11,19,20,1,0.95,0,1,0
2018-2019,2018021167,2019-03-25,COL,COL @ CHI,L,AWAY,1,2,1,2,3,4,35,1,20,0.05,24,9,9,40,42,2,0.9523809523809523,1,1,0
2018-2019,2018021169,2019-03-25,FLA,FLA @ TOR,L,AWAY,5,7,5,10,15,8,21,1,36,0.1388888888888889,17,6,10,30,37,7,0.8108108108108109,6,1,0
2018-2019,2018021170,2019-03-25,NJD,NJD vs. BUF,W,HOME,3,1,3,6,9,6,22,2,21,0.14285714285714285,10,2,11,45,46,1,0.9782608695652174,1,0,0
2018-2019,2018021171,2019-03-25,NYR,NYR vs. PIT,L,HOME,2,5,2,4,6,4,26,1,35,0.05714285714285714,10,7,13,31,36,5,0.8611111111111112,3,1,0
2018-2019,2018021171,2019-03-25,PIT,PIT @ NYR,W,AWAY,5,2,5,9,14,6,24,1,36,0.1388888888888889,12,5,11,33,35,2,0.9428571428571428,1,1,0
2018-2019,2018021172,2019-03-25,TBL,TBL vs. BOS,W,HOME,5,4,5,9,14,6,33,0,28,0.17857142857142858,11,8,3,13,17,4,0.7647058823529411,3,1,0
2018-2019,2018021169,2019-03-25,TOR,TOR vs. FLA,W,HOME,7,5,7,14,21,8,25,1,37,0.1891891891891892,15,15,16,31,36,5,0.8611111111111112,4,1,0
2018-2019,2018021168,2019-03-25,VAN,VAN vs. CBJ,L,HOME,0,5,0,0,0,4,29,0,21,0.0,12,8,6,28,33,5,0.8484848484848485,5,0,0
2018-2019,2018021181,2019-03-26,BUF,BUF @ OTT,L,AWAY,0,4,0,0,0,8,27,0,35,0.0,10,3,9,27,31,4,0.8709677419354839,3,1,0
2018-2019,2018021178,2019-03-26,CAR,CAR @ WSH,L,AWAY,1,4,1,2,3,2,25,0,28,0.03571428571428571,14,8,11,24,27,3,0.8888888888888888,3,0,0
2018-2019,2018021179,2019-03-26,CBJ,CBJ vs. NYI,W,HOME,4,0,4,6,10,2,25,1,33,0.12121212121212122,14,14,7,26,26,0,1.0,0,0,0
2018-2019,2018021176,2019-03-26,CGY,CGY vs. LAK,L,HOME,0,3,0,0,0,15,11,0,42,0.0,11,21,32,17,19,2,0.8947368421052632,2,0,0
2018-2019,2018021175,2019-03-26,DAL,DAL @ WPG,W,AWAY,5,2,5,8,13,4,20,2,37,0.13513513513513514,9,6,15,21,23,2,0.9130434782608695,1,1,0
2018-2019,2018021177,2019-03-26,DET,DET @ SJS,W,AWAY,3,2,3,5,8,8,28,0,23,0.13043478260869565,25,10,4,39,41,2,0.9512195121951219,1,1,0
2018-2019,2018021180,2019-03-26,FLA,FLA @ MTL,L,AWAY,1,6,1,2,3,14,24,1,34,0.029411764705882353,23,10,19,21,27,6,0.7777777777777778,6,0,0
2018-2019,2018021176,2019-03-26,LAK,LAK @ CGY,W,AWAY,3,0,3,4,7,17,22,0,20,0.15,22,11,18,42,42,0,1.0,0,0,0
2018-2019,2018021174,2019-03-26,MIN,MIN vs. NSH,L,HOME,0,1,0,0,0,13,17,0,29,0.0,15,4,5,18,19,1,0.9473684210526315,0,0,0
2018-2019,2018021180,2019-03-26,MTL,MTL vs. FLA,W,HOME,6,1,6,10,16,16,23,0,27,0.2222222222222222,13,11,12,33,34,1,0.9705882352941176,0,1,0
2018-2019,2018021174,2019-03-26,NSH,NSH @ MIN,W,AWAY,1,0,1,2,3,15,11,0,19,0.05263157894736842,17,3,5,29,29,0,1.0,0,0,0
2018-2019,2018021179,2019-03-26,NYI,NYI @ CBJ,L,AWAY,0,4,0,0,0,2,18,0,26,0.0,9,9,8,29,32,3,0.90625,2,1,0
2018-2019,2018021181,2019-03-26,OTT,OTT vs. BUF,W,HOME,4,0,4,7,11,4,20,1,31,0.12903225806451613,14,6,14,35,35,0,1.0,0,0,0
2018-2019,2018021177,2019-03-26,SJS,SJS vs. DET,L,HOME,2,3,2,4,6,2,35,1,41,0.04878048780487805,11,18,7,20,23,3,0.8695652173913043,2,0,0
2018-2019,2018021173,2019-03-26,STL,STL vs. VGK,W,HOME,3,1,3,5,8,2,19,0,22,0.13636363636363635,18,19,2,24,25,1,0.96,0,1,0
2018-2019,2018021173,2019-03-26,VGK,VGK @ STL,L,AWAY,1,3,1,2,3,2,21,1,25,0.04,8,11,6,19,22,3,0.8636363636363636,3,0,0
2018-2019,2018021175,2019-03-26,WPG,WPG vs. DAL,L,HOME,2,5,2,3,5,6,30,1,23,0.08695652173913043,20,4,16,32,36,4,0.8888888888888888,2,2,0
2018-2019,2018021178,2019-03-26,WSH,WSH vs. CAR,W,HOME,4,1,4,8,12,0,20,0,28,0.14285714285714285,16,11,16,27,28,1,0.9642857142857143,1,0,0
2018-2019,2018021183,2019-03-27,ANA,ANA @ VAN,W,AWAY,5,4,5,3,8,2,18,1,24,0.20833333333333334,12,2,4,28,32,4,0.875,4,0,0
2018-2019,2018021184,2019-03-27,ARI,ARI vs. CHI,W,HOME,1,0,1,1,2,2,43,1,29,0.034482758620689655,14,18,12,31,31,0,1.0,0,0,0
2018-2019,2018021186,2019-03-27,BOS,BOS vs. NYR,W,HOME,6,3,6,12,18,12,27,4,32,0.1875,9,7,10,20,23,3,0.8695652173913043,1,2,0
2018-2019,2018021184,2019-03-27,CHI,CHI @ ARI,L,AWAY,0,1,0,0,0,4,22,0,31,0.0,18,3,10,28,29,1,0.9655172413793104,0,1,0
2018-2019,2018021182,2019-03-27,EDM,EDM vs. LAK,W,HOME,8,4,8,14,22,20,21,1,32,0.25,26,8,8,34,38,4,0.8947368421052632,2,2,0
2018-2019,2018021182,2019-03-27,LAK,LAK @ EDM,L,AWAY,4,8,4,8,12,14,36,2,38,0.10526315789473684,10,5,6,24,32,8,0.75,7,1,0
2018-2019,2018021186,2019-03-27,NYR,NYR @ BOS,L,AWAY,3,6,3,6,9,12,24,2,23,0.13043478260869565,9,6,12,26,32,6,0.8125,2,4,0
2018-2019,2018021185,2019-03-27,PHI,PHI vs. TOR,W,HOME,5,4,4,8,12,4,20,0,44,0.09090909090909091,17,7,13,38,42,4,0.9047619047619048,4,0,0
2018-2019,2018021185,2019-03-27,TOR,TOR @ PHI,L,AWAY,4,5,4,4,8,2,20,0,42,0.09523809523809523,9,4,8,40,44,4,0.9090909090909091,4,0,0
2018-2019,2018021183,2019-03-27,VAN,VAN vs. ANA,L,HOME,4,5,4,6,10,4,36,0,32,0.125,11,9,8,19,24,5,0.7916666666666666,4,1,0
2018-2019,2018021189,2019-03-28,BUF,BUF vs. DET,L,HOME,4,5,4,8,12,6,17,1,39,0.10256410256410256,11,3,9,29,34,5,0.8529411764705882,4,1,0
2018-2019,2018021190,2019-03-28,CAR,CAR vs. WSH,L,HOME,2,3,2,4,6,2,25,0,26,0.07692307692307693,10,12,9,17,20,3,0.85,3,0,0
2018-2019,2018021191,2019-03-28,CBJ,CBJ vs. MTL,W,HOME,6,2,6,7,13,4,34,0,30,0.2,13,12,5,26,28,2,0.9285714285714286,2,0,0
2018-2019,2018021187,2019-03-28,CGY,CGY vs. DAL,L,HOME,1,2,1,2,3,4,19,0,36,0.027777777777777776,13,9,15,21,23,2,0.9130434782608695,0,2,0
2018-2019,2018021188,2019-03-28,COL,COL vs. VGK,W,HOME,4,3,4,7,11,10,21,1,30,0.13333333333333333,18,9,8,34,37,3,0.918918918918919,3,0,0
2018-2019,2018021187,2019-03-28,DAL,DAL @ CGY,W,AWAY,2,1,2,4,6,4,16,2,23,0.08695652173913043,27,6,11,35,36,1,0.9722222222222222,1,0,0
2018-2019,2018021189,2019-03-28,DET,DET @ BUF,W,AWAY,5,4,5,9,14,6,17,1,34,0.14705882352941177,12,5,2,35,39,4,0.8974358974358975,3,1,0
2018-2019,2018021192,2019-03-28,FLA,FLA @ OTT,W,AWAY,5,2,5,7,12,8,24,0,34,0.14705882352941177,14,3,9,28,30,2,0.9333333333333333,2,0,0
2018-2019,2018021191,2019-03-28,MTL,MTL @ CBJ,L,AWAY,2,6,2,4,6,4,25,0,28,0.07142857142857142,11,5,8,24,29,5,0.8275862068965517,5,0,0
2018-2019,2018021192,2019-03-28,OTT,OTT vs. FLA,L,HOME,2,5,2,4,6,6,19,0,30,0.06666666666666667,11,6,13,29,32,3,0.90625,3,0,0
2018-2019,2018021188,2019-03-28,VGK,VGK @ COL,L,AWAY,3,4,3,6,9,8,36,0,37,0.08108108108108109,5,10,3,26,30,4,0.8666666666666667,3,1,0
2018-2019,2018021190,2019-03-28,WSH,WSH @ CAR,W,AWAY,3,2,3,4,7,2,19,0,20,0.15,13,13,9,24,26,2,0.9230769230769231,2,0,0
2018-2019,2018021196,2019-03-29,CHI,CHI @ SJS,W,AWAY,5,4,5,10,15,10,22,1,27,0.18518518518518517,20,8,12,26,30,4,0.8666666666666667,2,2,0
2018-2019,2018021194,2019-03-29,DAL,DAL @ EDM,W,AWAY,3,2,2,4,6,4,21,1,22,0.09090909090909091,11,6,12,40,42,2,0.9523809523809523,2,0,0
2018-2019,2018021199,2019-03-29,DET,DET vs. NJD,W,HOME,4,0,4,6,10,2,24,0,33,0.12121212121212122,9,5,8,28,28,0,1.0,0,0,0
2018-2019,2018021194,2019-03-29,EDM,EDM vs. DAL,L,HOME,2,3,2,3,5,6,33,0,42,0.047619047619047616,18,10,16,20,22,2,0.9090909090909091,1,1,0
2018-2019,2018021195,2019-03-29,LAK,LAK @ VAN,L,AWAY,2,3,2,3,5,4,20,0,39,0.05128205128205128,21,3,5,36,38,2,0.9473684210526315,1,1,0
2018-2019,2018021199,2019-03-29,NJD,NJD @ DET,L,AWAY,0,4,0,0,0,2,44,0,28,0.0,13,5,13,29,32,3,0.90625,3,0,0
2018-2019,2018021198,2019-03-29,NSH,NSH @ PIT,W,AWAY,3,1,3,5,8,8,36,1,26,0.11538461538461539,10,4,3,42,43,1,0.9767441860465116,1,0,0
2018-2019,2018021193,2019-03-29,NYI,NYI @ WPG,W,AWAY,5,4,5,9,14,8,17,1,44,0.11363636363636363,18,6,6,33,37,4,0.8918918918918919,3,1,0
2018-2019,2018021197,2019-03-29,NYR,NYR vs. STL,W,HOME,4,2,4,5,9,2,25,0,25,0.16,13,7,20,44,46,2,0.9565217391304348,2,0,0
2018-2019,2018021198,2019-03-29,PIT,PIT vs. NSH,L,HOME,1,3,1,2,3,4,40,0,43,0.023255813953488372,10,7,13,23,26,3,0.8846153846153846,2,1,0
2018-2019,2018021196,2019-03-29,SJS,SJS vs. CHI,L,HOME,4,5,4,8,12,4,30,2,30,0.13333333333333333,9,9,11,22,27,5,0.8148148148148148,4,1,0
2018-2019,2018021197,2019-03-29,STL,STL @ NYR,L,AWAY,2,4,2,3,5,4,19,0,46,0.043478260869565216,10,14,10,21,24,3,0.875,3,0,0
2018-2019,2018021195,2019-03-29,VAN,VAN vs. LAK,W,HOME,3,2,2,4,6,10,20,1,38,0.05263157894736842,19,10,5,37,39,2,0.9487179487179487,2,0,0
2018-2019,2018021193,2019-03-29,WPG,WPG vs. NYI,L,HOME,4,5,4,8,12,6,28,1,37,0.10810810810810811,10,6,11,39,44,5,0.8863636363636364,4,1,0
2018-2019,2018021201,2019-03-30,ANA,ANA @ CGY,L,AWAY,1,6,1,0,1,6,18,0,22,0.045454545454545456,18,28,27,31,37,6,0.8378378378378378,5,1,0
2018-2019,2018021200,2019-03-30,ARI,ARI @ COL,L,AWAY,2,3,2,4,6,8,26,0,44,0.045454545454545456,11,8,6,25,27,2,0.9259259259259259,0,2,0
2018-2019,2018021204,2019-03-30,BOS,BOS vs. FLA,L,HOME,1,4,1,2,3,2,21,0,31,0.03225806451612903,8,6,11,19,22,3,0.8636363636363636,2,0,0
2018-2019,2018021208,2019-03-30,BUF,BUF @ NYI,L,AWAY,1,5,1,1,2,2,26,1,32,0.03125,16,3,16,33,38,5,0.868421052631579,5,0,0
2018-2019,2018021203,2019-03-30,CAR,CAR vs. PHI,W,HOME,5,2,5,7,12,6,24,2,32,0.15625,14,20,10,30,32,2,0.9375,1,1,0
2018-2019,2018021201,2019-03-30,CGY,CGY vs. ANA,W,HOME,6,1,6,10,16,2,14,1,37,0.16216216216216217,12,28,27,21,22,1,0.9545454545454546,1,0,0
2018-2019,2018021200,2019-03-30,COL,COL vs. ARI,W,HOME,3,2,2,4,6,6,26,2,27,0.07407407407407407,21,16,4,42,44,2,0.9545454545454546,2,0,0
2018-2019,2018021204,2019-03-30,FLA,FLA @ BOS,W,AWAY,4,1,4,7,11,4,21,0,23,0.17391304347826086,20,10,5,30,31,1,0.967741935483871,1,0,0
2018-2019,2018021202,2019-03-30,MIN,MIN @ VGK,W,AWAY,3,2,3,6,9,4,30,2,32,0.09375,23,10,2,35,37,2,0.9459459459459459,2,0,0
2018-2019,2018021209,2019-03-30,MTL,MTL @ WPG,W,AWAY,3,1,3,5,8,0,24,1,44,0.06818181818181818,9,1,13,23,24,1,0.9583333333333334,1,0,0
2018-2019,2018021207,2019-03-30,NJD,NJD vs. STL,L,HOME,2,3,2,4,6,2,20,1,27,0.07407407407407407,24,10,10,24,27,3,0.8888888888888888,3,0,0
2018-2019,2018021208,2019-03-30,NYI,NYI vs. BUF,W,HOME,5,1,5,9,14,4,25,0,38,0.13157894736842105,16,2,26,31,32,1,0.96875,0,1,0
2018-2019,2018021205,2019-03-30,OTT,OTT vs. TOR,W,HOME,4,2,4,7,11,16,26,1,22,0.18181818181818182,23,6,21,42,44,2,0.9545454545454546,1,1,0
2018-2019,2018021203,2019-03-30,PHI,PHI @ CAR,L,AWAY,2,5,2,4,6,14,19,1,32,0.0625,14,8,10,27,30,3,0.9,1,2,0
2018-2019,2018021207,2019-03-30,STL,STL @ NJD,W,AWAY,3,2,3,5,8,6,13,0,27,0.1111111111111111,16,6,6,25,27,2,0.9259259259259259,1,1,0
2018-2019,2018021206,2019-03-30,TBL,TBL vs. WSH,L,HOME,3,6,3,4,7,18,22,1,28,0.10714285714285714,10,6,10,29,35,6,0.8285714285714286,4,2,0
2018-2019,2018021205,2019-03-30,TOR,TOR @ OTT,L,AWAY,2,4,2,3,5,16,29,1,44,0.045454545454545456,13,5,11,18,21,3,0.8571428571428571,3,0,0
2018-2019,2018021202,2019-03-30,VGK,VGK vs. MIN,L,HOME,2,3,2,4,6,8,28,0,37,0.05405405405405406,13,18,6,29,32,3,0.90625,1,2,0
2018-2019,2018021209,2019-03-30,WPG,WPG vs. MTL,L,HOME,1,3,1,2,3,6,33,0,24,0.041666666666666664,8,2,9,41,43,2,0.9534883720930233,1,1,0
2018-2019,2018021206,2019-03-30,WSH,WSH @ TBL,W,AWAY,6,3,6,12,18,16,18,2,35,0.17142857142857143,13,8,6,25,28,3,0.8928571428571429,2,1,0
2018-2019,2018021212,2019-03-31,ANA,ANA @ EDM,W,AWAY,5,1,5,8,13,4,26,0,38,0.13157894736842105,16,6,4,30,31,1,0.967741935483871,1,0,0
2018-2019,2018021217,2019-03-31,ARI,ARI vs. MIN,W,HOME,4,0,4,6,10,6,32,0,23,0.17391304347826086,27,11,7,39,39,0,1.0,0,0,0
2018-2019,2018021219,2019-03-31,BOS,BOS @ DET,L,AWAY,3,6,3,6,9,25,12,0,34,0.08823529411764706,16,5,4,22,27,5,0.8148148148148148,3,2,0
2018-2019,2018021218,2019-03-31,BUF,BUF vs. CBJ,L,HOME,0,4,0,0,0,4,16,0,38,0.0,5,4,8,32,36,4,0.8888888888888888,4,0,0
2018-2019,2018021216,2019-03-31,CAR,CAR @ PIT,L,AWAY,1,3,1,2,3,6,37,1,38,0.02631578947368421,10,3,7,25,28,3,0.8928571428571429,3,0,0
2018-2019,2018021218,2019-03-31,CBJ,CBJ @ BUF,W,AWAY,4,0,4,7,11,2,16,0,36,0.1111111111111111,11,3,5,38,38,0,1.0,0,0,0
2018-2019,2018021210,2019-03-31,CBJ,CBJ @ NSH,W,AWAY,5,2,5,8,13,4,13,0,32,0.15625,10,7,7,23,25,2,0.92,1,0,0
2018-2019,2018021214,2019-03-31,CHI,CHI @ LAK,L,AWAY,2,3,2,4,6,6,12,0,35,0.05714285714285714,10,2,4,26,29,3,0.896551724137931,2,1,0
2018-2019,2018021213,2019-03-31,DAL,DAL @ VAN,L,AWAY,2,3,2,3,5,8,16,0,40,0.05,9,5,2,29,31,2,0.9354838709677419,2,0,0
2018-2019,2018021219,2019-03-31,DET,DET vs. BOS,W,HOME,6,3,6,11,17,13,12,2,28,0.21428571428571427,14,4,15,31,34,3,0.9117647058823529,2,0,0
2018-2019,2018021212,2019-03-31,EDM,EDM vs. ANA,L,HOME,1,5,1,2,3,4,33,0,31,0.03225806451612903,11,8,16,33,38,5,0.868421052631579,5,0,0
2018-2019,2018021214,2019-03-31,LAK,LAK vs. CHI,W,HOME,3,2,3,6,9,6,21,1,29,0.10344827586206896,12,6,14,33,35,2,0.9428571428571428,2,0,0
2018-2019,2018021217,2019-03-31,MIN,MIN @ ARI,L,AWAY,0,4,0,0,0,4,37,0,39,0.0,13,1,4,19,21,2,0.9047619047619048,2,0,0
2018-2019,2018021210,2019-03-31,NSH,NSH vs. CBJ,L,HOME,2,5,2,1,3,10,10,0,25,0.08,11,7,9,27,32,5,0.84375,5,0,0
2018-2019,2018021215,2019-03-31,NYR,NYR @ PHI,W,AWAY,3,0,3,6,9,8,15,0,25,0.12,22,8,2,29,29,0,1.0,0,0,0
2018-2019,2018021215,2019-03-31,PHI,PHI vs. NYR,L,HOME,0,3,0,0,0,4,20,0,29,0.0,12,11,10,22,25,3,0.88,3,0,0
2018-2019,2018021216,2019-03-31,PIT,PIT vs. CAR,W,HOME,3,1,3,6,9,8,44,0,28,0.10714285714285714,23,5,11,37,38,1,0.9736842105263158,0,1,0
2018-2019,2018021211,2019-03-31,SJS,SJS vs. VGK,W,HOME,4,3,4,5,9,15,40,1,34,0.11764705882352941,9,8,8,23,26,3,0.8846153846153846,3,0,0
2018-2019,2018021213,2019-03-31,VAN,VAN vs. DAL,W,HOME,3,2,2,3,5,6,27,0,31,0.06451612903225806,17,6,7,38,40,2,0.95,2,0,0
2018-2019,2018021211,2019-03-31,VGK,VGK @ SJS,L,AWAY,3,4,3,5,8,27,40,0,26,0.11538461538461539,13,7,10,30,34,4,0.8823529411764706,3,1,0
2018-2019,2018021220,2019-04-01,CGY,CGY @ SJS,W,AWAY,5,3,5,10,15,4,20,0,28,0.17857142857142858,20,11,13,12,15,3,0.8,3,0,0
2018-2019,2018021221,2019-04-01,FLA,FLA vs. WSH,W,HOME,5,3,5,8,13,4,29,0,34,0.14705882352941177,12,16,18,27,30,3,0.9,3,0,0
2018-2019,2018021222,2019-04-01,NJD,NJD vs. NYR,W,HOME,4,2,4,8,12,21,23,1,41,0.0975609756097561,5,5,9,30,32,2,0.9375,1,1,0
2018-2019,2018021223,2019-04-01,NYI,NYI vs. TOR,L,HOME,1,2,1,2,3,4,25,1,29,0.034482758620689655,11,4,22,36,38,2,0.9473684210526315,2,0,0
2018-2019,2018021222,2019-04-01,NYR,NYR @ NJD,L,AWAY,2,4,2,4,6,25,20,1,32,0.0625,11,5,5,37,40,3,0.925,2,1,0
2018-2019,2018021224,2019-04-01,OTT,OTT vs. TBL,L,HOME,2,5,2,4,6,11,37,1,24,0.08333333333333333,20,4,16,21,26,5,0.8076923076923077,5,0,0
2018-2019,2018021220,2019-04-01,SJS,SJS vs. CGY,L,HOME,3,5,3,6,9,20,22,0,15,0.2,11,13,11,23,28,5,0.8214285714285714,5,0,0
2018-2019,2018021224,2019-04-01,TBL,TBL @ OTT,W,AWAY,5,2,5,10,15,13,36,0,26,0.19230769230769232,10,3,10,22,24,2,0.9166666666666666,1,1,0
2018-2019,2018021223,2019-04-01,TOR,TOR @ NYI,W,AWAY,2,1,2,3,5,8,21,0,38,0.05263157894736842,19,8,25,28,29,1,0.9655172413793104,0,1,0
2018-2019,2018021221,2019-04-01,WSH,WSH @ FLA,L,AWAY,3,5,3,5,8,4,35,0,30,0.1,6,8,13,29,33,4,0.8787878787878788,3,0,0
2018-2019,2018021230,2019-04-02,BOS,BOS @ CBJ,W,AWAY,6,2,6,10,16,8,17,0,28,0.21428571428571427,17,1,2,32,34,2,0.9411764705882353,0,2,0
2018-2019,2018021229,2019-04-02,BUF,BUF vs. NSH,L,HOME,2,3,2,4,6,2,21,0,28,0.07142857142857142,12,4,5,32,35,3,0.9142857142857143,3,0,0
2018-2019,2018021231,2019-04-02,CAR,CAR @ TOR,W,AWAY,4,1,4,4,8,8,23,1,37,0.10810810810810811,16,7,3,23,24,1,0.9583333333333334,0,1,0
2018-2019,2018021230,2019-04-02,CBJ,CBJ vs. BOS,L,HOME,2,6,2,4,6,2,22,2,34,0.058823529411764705,5,2,5,22,28,6,0.7857142857142857,6,0,0
2018-2019,2018021228,2019-04-02,CGY,CGY @ LAK,W,AWAY,7,2,7,11,18,6,15,0,30,0.23333333333333334,12,1,4,23,25,2,0.92,2,0,0
2018-2019,2018021226,2019-04-02,CHI,CHI vs. WPG,L,HOME,3,4,3,6,9,13,20,1,28,0.10714285714285714,13,9,9,34,38,4,0.8947368421052632,4,0,0
2018-2019,2018021225,2019-04-02,COL,COL @ STL,L,AWAY,2,3,2,4,6,2,22,0,26,0.07692307692307693,19,8,3,25,27,2,0.9259259259259259,2,0,0
2018-2019,2018021233,2019-04-02,DET,DET vs. PIT,W,HOME,4,1,4,8,12,4,14,1,26,0.15384615384615385,18,9,16,38,39,1,0.9743589743589743,1,0,0
2018-2019,2018021227,2019-04-02,EDM,EDM @ VGK,L,AWAY,1,3,1,2,3,2,24,0,19,0.05263157894736842,18,14,5,28,30,2,0.9333333333333333,2,0,0
2018-2019,2018021228,2019-04-02,LAK,LAK vs. CGY,L,HOME,2,7,2,4,6,2,15,0,25,0.08,12,3,5,23,30,7,0.7666666666666667,7,0,0
2018-2019,2018021232,2019-04-02,MTL,MTL vs. TBL,W,HOME,4,2,4,8,12,2,38,0,45,0.08888888888888889,15,8,12,22,24,2,0.9166666666666666,2,0,0
2018-2019,2018021229,2019-04-02,NSH,NSH @ BUF,W,AWAY,3,2,3,4,7,6,13,0,35,0.08571428571428572,15,5,9,26,28,2,0.9285714285714286,2,0,0
2018-2019,2018021233,2019-04-02,PIT,PIT @ DET,L,AWAY,1,4,1,2,3,2,19,0,39,0.02564102564102564,10,4,10,22,25,3,0.88,2,1,0
2018-2019,2018021225,2019-04-02,STL,STL vs. COL,W,HOME,3,2,2,4,6,2,20,0,27,0.07407407407407407,9,12,5,24,26,2,0.9230769230769231,2,0,0
2018-2019,2018021232,2019-04-02,TBL,TBL @ MTL,L,AWAY,2,4,2,2,4,6,44,0,24,0.08333333333333333,24,3,9,41,45,4,0.9111111111111111,4,0,0
2018-2019,2018021231,2019-04-02,TOR,TOR vs. CAR,L,HOME,1,4,1,2,3,6,22,1,24,0.041666666666666664,15,8,12,33,36,3,0.9166666666666666,2,1,0
2018-2019,2018021227,2019-04-02,VGK,VGK vs. EDM,W,HOME,3,1,3,4,7,4,23,0,31,0.0967741935483871,16,19,7,18,19,1,0.9473684210526315,1,0,0
2018-2019,2018021226,2019-04-02,WPG,WPG @ CHI,W,AWAY,4,3,4,4,8,11,23,0,38,0.10526315789473684,18,17,4,25,28,3,0.8928571428571429,2,1,0
2018-2019,2018021238,2019-04-03,ARI,ARI vs. LAK,L,HOME,1,3,1,1,2,7,26,0,50,0.02,14,11,16,21,23,2,0.9130434782608695,2,0,0
2018-2019,2018021236,2019-04-03,COL,COL vs. EDM,W,HOME,6,2,6,10,16,2,16,1,29,0.20689655172413793,16,7,9,27,29,2,0.9310344827586207,2,0,0
2018-2019,2018021235,2019-04-03,DAL,DAL vs. PHI,W,HOME,6,2,6,11,17,8,14,2,30,0.2,12,12,13,32,34,2,0.9411764705882353,1,1,0
2018-2019,2018021236,2019-04-03,EDM,EDM @ COL,L,AWAY,2,6,2,4,6,6,24,0,29,0.06896551724137931,13,8,5,23,29,6,0.7931034482758621,5,1,0
2018-2019,2018021238,2019-04-03,LAK,LAK @ ARI,W,AWAY,3,1,3,3,6,27,31,0,24,0.125,14,6,9,49,50,1,0.98,1,0,0
2018-2019,2018021234,2019-04-03,MIN,MIN vs. WPG,W,HOME,5,1,5,7,12,4,16,0,28,0.17857142857142858,16,2,4,32,33,1,0.9696969696969697,0,0,0
2018-2019,2018021239,2019-04-03,NYR,NYR vs. OTT,L,HOME,1,4,1,2,3,32,26,0,28,0.03571428571428571,9,9,13,27,31,4,0.8709677419354839,1,2,0
2018-2019,2018021239,2019-04-03,OTT,OTT @ NYR,W,AWAY,4,1,4,6,10,14,15,2,31,0.12903225806451613,10,9,20,27,28,1,0.9642857142857143,0,0,0
2018-2019,2018021235,2019-04-03,PHI,PHI @ DAL,L,AWAY,2,6,2,4,6,10,18,1,34,0.058823529411764705,16,7,9,24,30,6,0.8,4,2,0
2018-2019,2018021237,2019-04-03,SJS,SJS @ VAN,L,AWAY,2,4,2,4,6,9,20,1,35,0.05714285714285714,12,11,3,19,22,3,0.8636363636363636,3,0,0
2018-2019,2018021237,2019-04-03,VAN,VAN vs. SJS,W,HOME,4,2,4,7,11,13,14,0,23,0.17391304347826086,12,5,8,33,35,2,0.9428571428571428,1,1,0
2018-2019,2018021234,2019-04-03,WPG,WPG @ MIN,L,AWAY,1,5,1,1,2,4,18,0,33,0.030303030303030304,10,4,1,23,28,5,0.8214285714285714,5,0,0
2018-2019,2018021241,2019-04-04,ANA,ANA vs. CGY,W,HOME,3,1,3,5,8,10,17,0,32,0.09375,9,7,11,25,26,1,0.9615384615384616,1,0,0
2018-2019,2018021242,2019-04-04,BUF,BUF vs. OTT,W,HOME,5,2,5,7,12,8,20,2,40,0.125,7,6,7,21,23,2,0.9130434782608695,2,0,0
2018-2019,2018021247,2019-04-04,CAR,CAR vs. NJD,W,HOME,3,1,3,6,9,6,30,1,25,0.12,17,12,6,36,37,1,0.972972972972973,1,0,0
2018-2019,2018021241,2019-04-04,CGY,CGY @ ANA,L,AWAY,1,3,1,2,3,4,12,0,26,0.038461538461538464,10,6,14,29,32,3,0.90625,3,0,0
2018-2019,2018021240,2019-04-04,CHI,CHI vs. STL,W,HOME,4,3,3,6,9,6,20,0,38,0.07894736842105263,16,7,11,37,40,3,0.925,2,1,0
2018-2019,2018021245,2019-04-04,DET,DET @ PIT,L,AWAY,1,4,1,2,3,22,27,1,34,0.029411764705882353,18,6,5,43,47,4,0.9148936170212766,2,2,0
2018-2019,2018021244,2019-04-04,FLA,FLA vs. NYI,L,HOME,1,2,1,1,2,6,33,1,30,0.03333333333333333,20,7,19,35,36,1,0.9722222222222222,1,0,0
2018-2019,2018021246,2019-04-04,MTL,MTL @ WSH,L,AWAY,1,2,1,2,3,2,22,1,34,0.029411764705882353,8,5,5,29,31,2,0.9354838709677419,2,0,0
2018-2019,2018021247,2019-04-04,NJD,NJD @ CAR,L,AWAY,1,3,1,2,3,4,30,0,37,0.02702702702702703,8,10,7,22,25,3,0.88,2,1,0
2018-2019,2018021244,2019-04-04,NYI,NYI @ FLA,W,AWAY,2,1,1,2,3,4,32,0,36,0.027777777777777776,14,6,17,29,30,1,0.9666666666666667,0,1,0
2018-2019,2018021242,2019-04-04,OTT,OTT @ BUF,L,AWAY,2,5,2,4,6,6,6,0,23,0.08695652173913043,16,4,14,35,40,5,0.875,3,2,0
2018-2019,2018021245,2019-04-04,PIT,PIT vs. DET,W,HOME,4,1,4,7,11,8,26,2,47,0.0851063829787234,13,7,8,33,34,1,0.9705882352941176,0,1,0
2018-2019,2018021240,2019-04-04,STL,STL @ CHI,L,AWAY,3,4,3,6,9,4,11,1,40,0.075,20,11,3,35,38,3,0.9210526315789473,3,0,0
2018-2019,2018021243,2019-04-04,TBL,TBL @ TOR,W,AWAY,3,1,3,4,7,4,28,0,29,0.10344827586206896,14,8,8,29,30,1,0.9666666666666667,1,0,0
2018-2019,2018021243,2019-04-04,TOR,TOR vs. TBL,L,HOME,1,3,1,1,2,2,26,0,30,0.03333333333333333,10,11,21,26,28,2,0.9285714285714286,1,0,0
2018-2019,2018021246,2019-04-04,WSH,WSH vs. MTL,W,HOME,2,1,2,3,5,2,37,0,31,0.06451612903225806,19,17,11,33,34,1,0.9705882352941176,0,1,0
2018-2019,2018021253,2019-04-05,ARI,ARI @ VGK,W,AWAY,4,1,4,5,9,4,28,0,41,0.0975609756097561,16,17,3,37,38,1,0.9736842105263158,1,0,0
2018-2019,2018021250,2019-04-05,BOS,BOS @ MIN,W,AWAY,3,0,3,6,9,4,13,0,35,0.08571428571428572,14,9,3,26,26,0,1.0,0,0,0
2018-2019,2018021254,2019-04-05,CBJ,CBJ @ NYR,W,AWAY,3,2,2,3,5,0,17,0,41,0.04878048780487805,9,11,9,25,27,2,0.9259259259259259,2,0,0
2018-2019,2018021251,2019-04-05,COL,COL vs. WPG,W,HOME,3,2,3,5,8,4,21,0,38,0.07894736842105263,22,4,10,34,36,2,0.9444444444444444,2,0,0
2018-2019,2018021252,2019-04-05,EDM,EDM vs. SJS,L,HOME,2,3,2,2,4,6,15,0,28,0.07142857142857142,7,13,9,24,27,3,0.8888888888888888,3,0,0
2018-2019,2018021250,2019-04-05,MIN,MIN vs. BOS,L,HOME,0,3,0,0,0,6,18,0,26,0.0,15,8,5,32,34,2,0.9411764705882353,2,0,0
2018-2019,2018021249,2019-04-05,NSH,NSH vs. VAN,W,HOME,3,2,3,5,8,2,14,0,33,0.09090909090909091,11,10,14,30,32,2,0.9375,0,2,0
2018-2019,2018021254,2019-04-05,NYR,NYR vs. CBJ,L,HOME,2,3,2,3,5,4,29,0,27,0.07407407407407407,15,9,21,39,41,2,0.9512195121951219,2,0,0
2018-2019,2018021248,2019-04-05,PHI,PHI @ STL,L,AWAY,3,7,3,4,7,10,9,0,29,0.10344827586206896,12,13,9,28,35,7,0.8,4,2,0
2018-2019,2018021252,2019-04-05,SJS,SJS @ EDM,W,AWAY,3,2,3,5,8,8,24,0,27,0.1111111111111111,16,17,14,26,28,2,0.9285714285714286,1,0,0
2018-2019,2018021248,2019-04-05,STL,STL vs. PHI,W,HOME,7,3,7,14,21,10,17,2,35,0.2,3,11,2,26,29,3,0.896551724137931,3,0,0
2018-2019,2018021249,2019-04-05,VAN,VAN @ NSH,L,AWAY,2,3,2,4,6,4,13,2,32,0.0625,11,9,5,30,33,3,0.9090909090909091,3,0,0
2018-2019,2018021253,2019-04-05,VGK,VGK vs. ARI,L,HOME,1,4,1,1,2,6,32,0,38,0.02631578947368421,16,10,7,37,41,4,0.9024390243902439,4,0,0
2018-2019,2018021251,2019-04-05,WPG,WPG @ COL,L,AWAY,2,3,2,4,6,6,19,0,36,0.05555555555555555,14,5,5,35,38,3,0.9210526315789473,3,0,0
2018-2019,2018021256,2019-04-06,ANA,ANA vs. LAK,W,HOME,5,2,5,8,13,30,10,0,33,0.15151515151515152,11,9,10,44,46,2,0.9565217391304348,2,0,0
2018-2019,2018021257,2019-04-06,BOS,BOS vs. TBL,L,HOME,3,6,3,5,8,16,25,0,33,0.09090909090909091,9,9,8,16,21,5,0.7619047619047619,3,1,0
2018-2019,2018021261,2019-04-06,BUF,BUF @ DET,W,AWAY,7,1,7,9,16,6,20,2,37,0.1891891891891892,8,4,17,23,24,1,0.9583333333333334,0,1,0
2018-2019,2018021263,2019-04-06,CAR,CAR @ PHI,W,AWAY,4,3,4,8,12,2,23,0,28,0.14285714285714285,17,5,5,28,31,3,0.9032258064516129,2,1,0
2018-2019,2018021260,2019-04-06,CBJ,CBJ @ OTT,W,AWAY,6,2,6,7,13,0,20,0,27,0.2222222222222222,14,9,11,27,29,2,0.9310344827586207,2,0,0
2018-2019,2018021255,2019-04-06,CHI,CHI vs. DAL,W,HOME,6,1,6,11,17,2,23,0,32,0.1875,17,7,8,34,35,1,0.9714285714285714,0,1,0
2018-2019,2018021255,2019-04-06,DAL,DAL @ CHI,L,AWAY,1,6,1,2,3,6,17,1,35,0.02857142857142857,20,10,7,26,32,6,0.8125,6,0,0
2018-2019,2018021261,2019-04-06,DET,DET vs. BUF,L,HOME,1,7,1,2,3,4,15,1,24,0.041666666666666664,13,3,14,30,37,7,0.8108108108108109,5,2,0
2018-2019,2018021262,2019-04-06,FLA,FLA vs. NJD,L,HOME,3,4,3,5,8,27,35,0,40,0.075,6,11,26,23,27,4,0.8518518518518519,3,1,0
2018-2019,2018021256,2019-04-06,LAK,LAK @ ANA,L,AWAY,2,5,2,2,4,22,21,0,46,0.043478260869565216,11,4,13,28,32,4,0.875,3,0,0
2018-2019,2018021259,2019-04-06,MTL,MTL vs. TOR,W,HOME,6,5,5,10,15,2,25,1,49,0.10204081632653061,21,9,18,44,49,5,0.8979591836734694,5,0,0
2018-2019,2018021262,2019-04-06,NJD,NJD @ FLA,W,AWAY,4,3,4,8,12,43,37,1,27,0.14814814814814814,15,8,6,37,40,3,0.925,3,0,0
2018-2019,2018021265,2019-04-06,NYI,NYI @ WSH,W,AWAY,3,0,3,6,9,4,24,0,24,0.125,14,8,10,29,29,0,1.0,0,0,0
2018-2019,2018021264,2019-04-06,NYR,NYR @ PIT,W,AWAY,4,3,4,3,7,8,37,0,30,0.13333333333333333,20,4,8,36,39,3,0.9230769230769231,3,0,0
2018-2019,2018021260,2019-04-06,OTT,OTT vs. CBJ,L,HOME,2,6,2,3,5,0,28,0,29,0.06896551724137931,6,9,14,21,26,5,0.8076923076923077,5,0,0
2018-2019,2018021263,2019-04-06,PHI,PHI vs. CAR,L,HOME,3,4,3,5,8,14,19,1,31,0.0967741935483871,16,3,12,24,28,4,0.8571428571428571,4,0,0
2018-2019,2018021264,2019-04-06,PIT,PIT vs. NYR,L,HOME,3,4,3,6,9,0,24,0,39,0.07692307692307693,7,10,17,26,30,4,0.8666666666666667,3,0,0
2018-2019,2018021258,2019-04-06,STL,STL vs. VAN,W,HOME,3,2,2,4,6,6,13,1,36,0.05555555555555555,15,5,4,23,25,2,0.92,0,2,0
2018-2019,2018021257,2019-04-06,TBL,TBL @ BOS,W,AWAY,6,3,6,9,15,16,27,1,22,0.2727272727272727,8,10,14,30,33,3,0.9090909090909091,3,0,0
2018-2019,2018021259,2019-04-06,TOR,TOR @ MTL,L,AWAY,5,6,5,6,11,2,8,0,49,0.10204081632653061,11,7,9,44,49,5,0.8979591836734694,4,1,0
2018-2019,2018021258,2019-04-06,VAN,VAN @ STL,L,AWAY,2,3,2,3,5,6,8,2,25,0.08,23,6,2,34,36,2,0.9444444444444444,1,1,0
2018-2019,2018021265,2019-04-06,WSH,WSH vs. NYI,L,HOME,0,3,0,0,0,2,22,0,29,0.0,11,13,14,21,23,2,0.9130434782608695,2,0,0
2018-2019,2018021269,2019-04-07,ARI,ARI vs. WPG,L,HOME,2,4,2,2,4,6,26,1,21,0.09523809523809523,16,6,11,28,32,4,0.875,3,1,0
2018-2019,2018021268,2019-04-07,CGY,CGY vs. EDM,L,HOME,1,3,1,2,3,2,9,0,31,0.03225806451612903,8,8,19,22,25,3,0.88,2,1,0
2018-2019,2018021266,2019-04-07,CHI,CHI @ NSH,L,AWAY,2,5,2,3,5,4,9,0,33,0.06060606060606061,11,11,7,45,49,4,0.9183673469387755,3,1,0
2018-2019,2018021271,2019-04-07,COL,COL @ SJS,L,AWAY,2,5,2,4,6,4,6,0,30,0.06666666666666667,16,11,9,25,29,4,0.8620689655172413,4,0,0
2018-2019,2018021267,2019-04-07,DAL,DAL vs. MIN,W,HOME,3,0,3,6,9,11,14,1,44,0.06818181818181818,17,6,17,24,24,0,1.0,0,0,0
2018-2019,2018021268,2019-04-07,EDM,EDM @ CGY,W,AWAY,3,1,3,5,8,6,14,1,25,0.12,12,16,20,30,31,1,0.967741935483871,1,0,0
2018-2019,2018021270,2019-04-07,LAK,LAK vs. VGK,W,HOME,5,2,5,6,11,4,16,1,32,0.15625,16,5,13,29,31,2,0.9354838709677419,2,0,0
2018-2019,2018021267,2019-04-07,MIN,MIN @ DAL,L,AWAY,0,3,0,0,0,11,11,0,24,0.0,10,6,7,41,44,3,0.9318181818181818,2,1,0
2018-2019,2018021266,2019-04-07,NSH,NSH vs. CHI,W,HOME,5,2,5,9,14,4,10,1,50,0.1,15,10,9,31,33,2,0.9393939393939394,2,0,0
2018-2019,2018021271,2019-04-07,SJS,SJS vs. COL,W,HOME,5,2,5,9,14,4,15,0,30,0.16666666666666666,20,13,12,28,30,2,0.9333333333333333,2,0,0
2018-2019,2018021270,2019-04-07,VGK,VGK @ LAK,L,AWAY,2,5,2,4,6,6,9,0,31,0.06451612903225806,16,2,4,27,31,4,0.8709677419354839,3,1,0
2018-2019,2018021269,2019-04-07,WPG,WPG @ ARI,W,AWAY,4,2,4,6,10,8,27,1,32,0.125,6,5,5,19,21,2,0.9047619047619048,1,1,0
