SEASON_ID,GAME_ID,GAME_DATE,TEAM_ABBREVIATION,MATCHUP,HOME_AWAY,WL,PTS,PTS_AGAINST
2021-2022,2021020001,2021-10-12,PIT,PIT @ TBL,AWAY,W,6,2
2021-2022,2021020001,2021-10-12,TBL,TBL vs. PIT,HOME,L,2,6
2021-2022,2021020003,2021-10-13,MTL,MTL @ TOR,AWAY,L,1,2
2021-2022,2021020004,2021-10-13,NYR,NYR @ WSH,AWAY,L,1,5
2021-2022,2021020002,2021-10-13,SEA,SEA @ VGK,AWAY,L,3,4
2021-2022,2021020003,2021-10-13,TOR,TOR vs. MTL,HOME,W,2,1
2021-2022,2021020002,2021-10-13,VGK,VGK vs. SEA,HOME,W,4,3
2021-2022,2021020004,2021-10-13,WSH,WSH vs. NYR,HOME,W,5,1
2021-2022,2021020015,2021-10-14,ANA,ANA vs. WPG,HOME,W,4,1
2021-2022,2021020013,2021-10-14,ARI,ARI @ CBJ,AWAY,L,2,8
2021-2022,2021020007,2021-10-14,BUF,BUF vs. MTL,HOME,W,5,1
2021-2022,2021020012,2021-10-14,CAR,CAR vs. NYI,HOME,W,6,3
2021-2022,2021020013,2021-10-14,CBJ,CBJ vs. ARI,HOME,W,8,2
2021-2022,2021020005,2021-10-14,CHI,CHI @ COL,AWAY,L,2,4
2021-2022,2021020005,2021-10-14,COL,COL vs. CHI,HOME,W,4,2
2021-2022,2021020011,2021-10-14,DAL,DAL @ NYR,AWAY,W,3,2
2021-2022,2021020009,2021-10-14,DET,DET vs. TBL,HOME,L,6,7
2021-2022,2021020006,2021-10-14,EDM,EDM vs. VAN,HOME,W,3,2
2021-2022,2021020010,2021-10-14,FLA,FLA vs. PIT,HOME,W,5,4
2021-2022,2021020007,2021-10-14,MTL,MTL @ BUF,AWAY,L,1,5
2021-2022,2021020012,2021-10-14,NYI,NYI @ CAR,AWAY,L,3,6
2021-2022,2021020011,2021-10-14,NYR,NYR vs. DAL,HOME,L,2,3
2021-2022,2021020008,2021-10-14,OTT,OTT vs. TOR,HOME,W,3,2
2021-2022,2021020010,2021-10-14,PIT,PIT @ FLA,AWAY,L,4,5
2021-2022,2021020009,2021-10-14,TBL,TBL @ DET,AWAY,W,7,6
2021-2022,2021020008,2021-10-14,TOR,TOR @ OTT,AWAY,L,2,3
2021-2022,2021020006,2021-10-14,VAN,VAN @ EDM,AWAY,L,2,3
2021-2022,2021020015,2021-10-14,WPG,WPG @ ANA,AWAY,L,1,4
2021-2022,2021020017,2021-10-15,CHI,CHI @ NJD,AWAY,L,3,4
2021-2022,2021020016,2021-10-15,LAK,LAK vs. VGK,HOME,W,6,2
2021-2022,2021020017,2021-10-15,NJD,NJD vs. CHI,HOME,W,4,3
2021-2022,2021020014,2021-10-15,NSH,NSH vs. SEA,HOME,L,3,4
2021-2022,2021020018,2021-10-15,PHI,PHI vs. VAN,HOME,L,4,5
2021-2022,2021020014,2021-10-15,SEA,SEA @ NSH,AWAY,W,4,3
2021-2022,2021020018,2021-10-15,VAN,VAN @ PHI,AWAY,W,5,4
2021-2022,2021020016,2021-10-15,VGK,VGK @ LAK,AWAY,L,2,6
2021-2022,2021020019,2021-10-16,ANA,ANA vs. MIN,HOME,L,1,2
2021-2022,2021020021,2021-10-16,ARI,ARI @ BUF,AWAY,L,1,2
2021-2022,2021020020,2021-10-16,BOS,BOS vs. DAL,HOME,W,3,1
2021-2022,2021020021,2021-10-16,BUF,BUF vs. ARI,HOME,W,2,1
2021-2022,2021020028,2021-10-16,CBJ,CBJ vs. SEA,HOME,W,2,1
2021-2022,2021020026,2021-10-16,CHI,CHI @ PIT,AWAY,L,2,5
2021-2022,2021020020,2021-10-16,DAL,DAL @ BOS,AWAY,L,1,3
2021-2022,2021020024,2021-10-16,DET,DET vs. VAN,HOME,W,3,1
2021-2022,2021020025,2021-10-16,FLA,FLA vs. NYI,HOME,W,5,1
2021-2022,2021020019,2021-10-16,MIN,MIN @ ANA,AWAY,W,2,1
2021-2022,2021020023,2021-10-16,MTL,MTL vs. NYR,HOME,L,1,3
2021-2022,2021020025,2021-10-16,NYI,NYI @ FLA,AWAY,L,1,5
2021-2022,2021020023,2021-10-16,NYR,NYR @ MTL,AWAY,W,3,1
2021-2022,2021020022,2021-10-16,OTT,OTT @ TOR,AWAY,L,1,3
2021-2022,2021020026,2021-10-16,PIT,PIT vs. CHI,HOME,W,5,2
2021-2022,2021020028,2021-10-16,SEA,SEA @ CBJ,AWAY,L,1,2
2021-2022,2021020027,2021-10-16,TBL,TBL @ WSH,AWAY,W,2,1
2021-2022,2021020022,2021-10-16,TOR,TOR vs. OTT,HOME,W,3,1
2021-2022,2021020024,2021-10-16,VAN,VAN @ DET,AWAY,L,1,3
2021-2022,2021020027,2021-10-16,WSH,WSH vs. TBL,HOME,L,1,2
2021-2022,2021020029,2021-10-17,CAR,CAR @ NSH,AWAY,W,3,2
2021-2022,2021020031,2021-10-17,CGY,CGY @ EDM,AWAY,L,2,5
2021-2022,2021020030,2021-10-17,COL,COL vs. STL,HOME,L,3,5
2021-2022,2021020034,2021-10-17,DAL,DAL @ OTT,AWAY,L,2,3
2021-2022,2021020031,2021-10-17,EDM,EDM vs. CGY,HOME,W,5,2
2021-2022,2021020032,2021-10-17,LAK,LAK vs. MIN,HOME,L,2,3
2021-2022,2021020032,2021-10-17,MIN,MIN @ LAK,AWAY,W,3,2
2021-2022,2021020029,2021-10-17,NSH,NSH vs. CAR,HOME,L,2,3
2021-2022,2021020034,2021-10-17,OTT,OTT vs. DAL,HOME,W,3,2
2021-2022,2021020033,2021-10-17,SJS,SJS vs. WPG,HOME,W,4,3
2021-2022,2021020030,2021-10-17,STL,STL @ COL,AWAY,W,5,3
2021-2022,2021020033,2021-10-17,WPG,WPG @ SJS,AWAY,L,3,4
2021-2022,2021020035,2021-10-18,NYR,NYR @ TOR,AWAY,W,2,1
2021-2022,2021020036,2021-10-18,PHI,PHI vs. SEA,HOME,W,6,1
2021-2022,2021020036,2021-10-18,SEA,SEA @ PHI,AWAY,L,1,6
2021-2022,2021020035,2021-10-18,TOR,TOR vs. NYR,HOME,L,1,2
2021-2022,2021020037,2021-10-19,ANA,ANA @ CGY,AWAY,W,3,2
2021-2022,2021020038,2021-10-19,ARI,ARI vs. STL,HOME,L,4,7
2021-2022,2021020039,2021-10-19,BUF,BUF vs. VAN,HOME,W,5,2
2021-2022,2021020041,2021-10-19,CBJ,CBJ @ DET,AWAY,L,1,4
2021-2022,2021020037,2021-10-19,CGY,CGY vs. ANA,HOME,L,2,3
2021-2022,2021020045,2021-10-19,COL,COL @ WSH,AWAY,L,3,6
2021-2022,2021020044,2021-10-19,DAL,DAL @ PIT,AWAY,W,2,1
2021-2022,2021020041,2021-10-19,DET,DET vs. CBJ,HOME,W,4,1
2021-2022,2021020042,2021-10-19,FLA,FLA @ TBL,AWAY,W,4,1
2021-2022,2021020040,2021-10-19,MTL,MTL vs. SJS,HOME,L,0,5
2021-2022,2021020043,2021-10-19,NJD,NJD vs. SEA,HOME,W,4,2
2021-2022,2021020044,2021-10-19,PIT,PIT vs. DAL,HOME,L,1,2
2021-2022,2021020043,2021-10-19,SEA,SEA @ NJD,AWAY,L,2,4
2021-2022,2021020040,2021-10-19,SJS,SJS @ MTL,AWAY,W,5,0
2021-2022,2021020038,2021-10-19,STL,STL @ ARI,AWAY,W,7,4
2021-2022,2021020042,2021-10-19,TBL,TBL vs. FLA,HOME,L,1,4
2021-2022,2021020039,2021-10-19,VAN,VAN @ BUF,AWAY,L,2,5
2021-2022,2021020045,2021-10-19,WSH,WSH vs. COL,HOME,W,6,3
2021-2022,2021020049,2021-10-20,ANA,ANA @ EDM,AWAY,L,5,6
2021-2022,2021020050,2021-10-20,BOS,BOS @ PHI,AWAY,L,3,6
2021-2022,2021020046,2021-10-20,CHI,CHI vs. NYI,HOME,L,1,4
2021-2022,2021020049,2021-10-20,EDM,EDM vs. ANA,HOME,W,6,5
2021-2022,2021020047,2021-10-20,LAK,LAK @ NSH,AWAY,L,1,2
2021-2022,2021020048,2021-10-20,MIN,MIN vs. WPG,HOME,W,6,5
2021-2022,2021020047,2021-10-20,NSH,NSH vs. LAK,HOME,W,2,1
2021-2022,2021020046,2021-10-20,NYI,NYI @ CHI,AWAY,W,4,1
2021-2022,2021020050,2021-10-20,PHI,PHI vs. BOS,HOME,W,6,3
2021-2022,2021020048,2021-10-20,WPG,WPG @ MIN,AWAY,L,5,6
2021-2022,2021020052,2021-10-21,CAR,CAR @ MTL,AWAY,W,4,1
2021-2022,2021020057,2021-10-21,CBJ,CBJ vs. NYI,HOME,W,3,2
2021-2022,2021020054,2021-10-21,CGY,CGY @ DET,AWAY,W,3,0
2021-2022,2021020055,2021-10-21,COL,COL @ FLA,AWAY,L,1,4
2021-2022,2021020054,2021-10-21,DET,DET vs. CGY,HOME,L,0,3
2021-2022,2021020055,2021-10-21,FLA,FLA vs. COL,HOME,W,4,1
2021-2022,2021020052,2021-10-21,MTL,MTL vs. CAR,HOME,L,1,4
2021-2022,2021020056,2021-10-21,NJD,NJD vs. WSH,HOME,L,1,4
2021-2022,2021020057,2021-10-21,NYI,NYI @ CBJ,AWAY,L,2,3
2021-2022,2021020053,2021-10-21,OTT,OTT vs. SJS,HOME,L,1,2
2021-2022,2021020053,2021-10-21,SJS,SJS @ OTT,AWAY,W,2,1
2021-2022,2021020051,2021-10-21,STL,STL @ VGK,AWAY,W,3,1
2021-2022,2021020051,2021-10-21,VGK,VGK vs. STL,HOME,L,1,3
2021-2022,2021020056,2021-10-21,WSH,WSH @ NJD,AWAY,W,4,1
2021-2022,2021020060,2021-10-22,ANA,ANA @ WPG,AWAY,L,1,5
2021-2022,2021020061,2021-10-22,ARI,ARI vs. EDM,HOME,L,1,5
2021-2022,2021020062,2021-10-22,BOS,BOS @ BUF,AWAY,W,4,1
2021-2022,2021020062,2021-10-22,BUF,BUF vs. BOS,HOME,L,1,4
2021-2022,2021020058,2021-10-22,CHI,CHI vs. VAN,HOME,L,1,4
2021-2022,2021020061,2021-10-22,EDM,EDM @ ARI,AWAY,W,5,1
2021-2022,2021020059,2021-10-22,NSH,NSH vs. NYR,HOME,L,1,3
2021-2022,2021020059,2021-10-22,NYR,NYR @ NSH,AWAY,W,3,1
2021-2022,2021020063,2021-10-22,SJS,SJS @ TOR,AWAY,W,5,3
2021-2022,2021020063,2021-10-22,TOR,TOR vs. SJS,HOME,L,3,5
2021-2022,2021020058,2021-10-22,VAN,VAN @ CHI,AWAY,W,4,1
2021-2022,2021020060,2021-10-22,WPG,WPG vs. ANA,HOME,W,5,1
2021-2022,2021020075,2021-10-23,ANA,ANA @ MIN,AWAY,L,3,4
2021-2022,2021020069,2021-10-23,BUF,BUF @ NJD,AWAY,L,1,2
2021-2022,2021020073,2021-10-23,CAR,CAR @ CBJ,AWAY,W,5,1
2021-2022,2021020073,2021-10-23,CBJ,CBJ vs. CAR,HOME,L,1,5
2021-2022,2021020072,2021-10-23,CGY,CGY @ WSH,AWAY,W,4,3
2021-2022,2021020068,2021-10-23,COL,COL @ TBL,AWAY,W,4,3
2021-2022,2021020064,2021-10-23,DAL,DAL vs. LAK,HOME,W,3,2
2021-2022,2021020066,2021-10-23,DET,DET @ MTL,AWAY,L,1,6
2021-2022,2021020065,2021-10-23,EDM,EDM @ VGK,AWAY,W,5,3
2021-2022,2021020070,2021-10-23,FLA,FLA @ PHI,AWAY,W,4,2
2021-2022,2021020064,2021-10-23,LAK,LAK @ DAL,AWAY,L,2,3
2021-2022,2021020075,2021-10-23,MIN,MIN vs. ANA,HOME,W,4,3
2021-2022,2021020066,2021-10-23,MTL,MTL vs. DET,HOME,W,6,1
2021-2022,2021020069,2021-10-23,NJD,NJD vs. BUF,HOME,W,2,1
2021-2022,2021020076,2021-10-23,NSH,NSH @ WPG,AWAY,L,4,6
2021-2022,2021020067,2021-10-23,NYR,NYR @ OTT,AWAY,W,3,2
2021-2022,2021020067,2021-10-23,OTT,OTT vs. NYR,HOME,L,2,3
2021-2022,2021020070,2021-10-23,PHI,PHI vs. FLA,HOME,L,2,4
2021-2022,2021020071,2021-10-23,PIT,PIT vs. TOR,HOME,W,7,1
2021-2022,2021020068,2021-10-23,TBL,TBL vs. COL,HOME,L,3,4
2021-2022,2021020071,2021-10-23,TOR,TOR @ PIT,AWAY,L,1,7
2021-2022,2021020065,2021-10-23,VGK,VGK vs. EDM,HOME,L,3,5
2021-2022,2021020076,2021-10-23,WPG,WPG vs. NSH,HOME,W,6,4
2021-2022,2021020072,2021-10-23,WSH,WSH vs. CGY,HOME,L,3,4
2021-2022,2021020077,2021-10-24,ARI,ARI vs. NYI,HOME,L,0,3
2021-2022,2021020079,2021-10-24,BOS,BOS vs. SJS,HOME,W,4,3
2021-2022,2021020080,2021-10-24,CHI,CHI vs. DET,HOME,L,3,6
2021-2022,2021020080,2021-10-24,DET,DET @ CHI,AWAY,W,6,3
2021-2022,2021020074,2021-10-24,LAK,LAK @ STL,AWAY,L,3,7
2021-2022,2021020081,2021-10-24,MIN,MIN vs. NSH,HOME,L,2,5
2021-2022,2021020081,2021-10-24,NSH,NSH @ MIN,AWAY,W,5,2
2021-2022,2021020077,2021-10-24,NYI,NYI @ ARI,AWAY,W,3,0
2021-2022,2021020078,2021-10-24,SEA,SEA vs. VAN,HOME,L,2,4
2021-2022,2021020079,2021-10-24,SJS,SJS @ BOS,AWAY,L,3,4
2021-2022,2021020074,2021-10-24,STL,STL vs. LAK,HOME,W,7,3
2021-2022,2021020078,2021-10-24,VAN,VAN @ SEA,AWAY,W,4,2
2021-2022,2021020085,2021-10-25,ARI,ARI @ FLA,AWAY,L,3,5
2021-2022,2021020083,2021-10-25,BUF,BUF vs. TBL,HOME,W,5,1
2021-2022,2021020087,2021-10-25,CAR,CAR vs. TOR,HOME,W,4,1
2021-2022,2021020088,2021-10-25,CBJ,CBJ vs. DAL,HOME,W,4,1
2021-2022,2021020086,2021-10-25,CGY,CGY @ NYR,AWAY,W,5,1
2021-2022,2021020088,2021-10-25,DAL,DAL @ CBJ,AWAY,L,1,4
2021-2022,2021020085,2021-10-25,FLA,FLA vs. ARI,HOME,W,5,3
2021-2022,2021020082,2021-10-25,NYI,NYI @ VGK,AWAY,W,2,0
2021-2022,2021020086,2021-10-25,NYR,NYR vs. CGY,HOME,L,1,5
2021-2022,2021020084,2021-10-25,OTT,OTT vs. WSH,HOME,L,5,7
2021-2022,2021020083,2021-10-25,TBL,TBL @ BUF,AWAY,L,1,5
2021-2022,2021020087,2021-10-25,TOR,TOR @ CAR,AWAY,L,1,4
2021-2022,2021020082,2021-10-25,VGK,VGK vs. NYI,HOME,L,0,2
2021-2022,2021020084,2021-10-25,WSH,WSH @ OTT,AWAY,W,7,5
2021-2022,2021020090,2021-10-26,CGY,CGY @ NJD,AWAY,W,5,3
2021-2022,2021020089,2021-10-26,LAK,LAK @ STL,AWAY,L,0,3
2021-2022,2021020090,2021-10-26,NJD,NJD vs. CGY,HOME,L,3,5
2021-2022,2021020091,2021-10-26,PIT,PIT vs. TBL,HOME,L,1,5
2021-2022,2021020089,2021-10-26,STL,STL vs. LAK,HOME,W,3,0
2021-2022,2021020091,2021-10-26,TBL,TBL @ PIT,AWAY,W,5,1
2021-2022,2021020095,2021-10-27,ANA,ANA vs. WPG,HOME,L,3,4
2021-2022,2021020097,2021-10-27,BOS,BOS @ FLA,AWAY,L,1,4
2021-2022,2021020099,2021-10-27,CHI,CHI vs. TOR,HOME,L,2,3
2021-2022,2021020093,2021-10-27,COL,COL vs. VGK,HOME,L,1,3
2021-2022,2021020098,2021-10-27,DET,DET @ WSH,AWAY,W,3,2
2021-2022,2021020097,2021-10-27,FLA,FLA vs. BOS,HOME,W,4,1
2021-2022,2021020094,2021-10-27,MIN,MIN @ VAN,AWAY,W,3,2
2021-2022,2021020096,2021-10-27,MTL,MTL @ SEA,AWAY,L,1,5
2021-2022,2021020092,2021-10-27,NSH,NSH vs. SJS,HOME,W,3,1
2021-2022,2021020096,2021-10-27,SEA,SEA vs. MTL,HOME,W,5,1
2021-2022,2021020092,2021-10-27,SJS,SJS @ NSH,AWAY,L,1,3
2021-2022,2021020099,2021-10-27,TOR,TOR @ CHI,AWAY,W,3,2
2021-2022,2021020094,2021-10-27,VAN,VAN vs. MIN,HOME,L,2,3
2021-2022,2021020093,2021-10-27,VGK,VGK @ COL,AWAY,W,3,1
2021-2022,2021020095,2021-10-27,WPG,WPG @ ANA,AWAY,W,4,3
2021-2022,2021020098,2021-10-27,WSH,WSH vs. DET,HOME,L,2,3
2021-2022,2021020102,2021-10-28,ARI,ARI @ TBL,AWAY,L,1,5
2021-2022,2021020104,2021-10-28,BOS,BOS @ CAR,AWAY,L,0,3
2021-2022,2021020104,2021-10-28,CAR,CAR vs. BOS,HOME,W,3,0
2021-2022,2021020103,2021-10-28,CGY,CGY @ PIT,AWAY,W,4,0
2021-2022,2021020100,2021-10-28,DAL,DAL vs. VGK,HOME,L,2,3
2021-2022,2021020101,2021-10-28,EDM,EDM vs. PHI,HOME,L,3,5
2021-2022,2021020101,2021-10-28,PHI,PHI @ EDM,AWAY,W,5,3
2021-2022,2021020103,2021-10-28,PIT,PIT vs. CGY,HOME,L,0,4
2021-2022,2021020102,2021-10-28,TBL,TBL vs. ARI,HOME,W,5,1
2021-2022,2021020100,2021-10-28,VGK,VGK @ DAL,AWAY,W,3,2
2021-2022,2021020107,2021-10-29,ANA,ANA vs. BUF,HOME,L,3,4
2021-2022,2021020113,2021-10-29,ARI,ARI @ WSH,AWAY,L,0,2
2021-2022,2021020107,2021-10-29,BUF,BUF @ ANA,AWAY,W,4,3
2021-2022,2021020114,2021-10-29,CAR,CAR vs. CHI,HOME,W,6,3
2021-2022,2021020112,2021-10-29,CBJ,CBJ @ NYR,AWAY,L,0,4
2021-2022,2021020114,2021-10-29,CHI,CHI @ CAR,AWAY,L,3,6
2021-2022,2021020105,2021-10-29,COL,COL @ STL,AWAY,W,4,3
2021-2022,2021020111,2021-10-29,DET,DET vs. FLA,HOME,L,2,3
2021-2022,2021020111,2021-10-29,FLA,FLA @ DET,AWAY,W,3,2
2021-2022,2021020108,2021-10-29,LAK,LAK vs. WPG,HOME,L,2,3
2021-2022,2021020110,2021-10-29,MIN,MIN @ SEA,AWAY,L,1,4
2021-2022,2021020109,2021-10-29,MTL,MTL @ SJS,AWAY,W,4,0
2021-2022,2021020112,2021-10-29,NYR,NYR vs. CBJ,HOME,W,4,0
2021-2022,2021020106,2021-10-29,PHI,PHI @ VAN,AWAY,W,2,1
2021-2022,2021020110,2021-10-29,SEA,SEA vs. MIN,HOME,W,4,1
2021-2022,2021020109,2021-10-29,SJS,SJS vs. MTL,HOME,L,0,4
2021-2022,2021020105,2021-10-29,STL,STL vs. COL,HOME,L,3,4
2021-2022,2021020106,2021-10-29,VAN,VAN vs. PHI,HOME,L,1,2
2021-2022,2021020108,2021-10-29,WPG,WPG @ LAK,AWAY,W,3,2
2021-2022,2021020113,2021-10-29,WSH,WSH vs. ARI,HOME,W,2,0
2021-2022,2021020116,2021-10-30,ANA,ANA @ VGK,AWAY,L,4,5
2021-2022,2021020117,2021-10-30,BOS,BOS vs. FLA,HOME,W,3,2
2021-2022,2021020115,2021-10-30,DAL,DAL vs. OTT,HOME,L,1,4
2021-2022,2021020118,2021-10-30,DET,DET @ TOR,AWAY,L,4,5
2021-2022,2021020117,2021-10-30,FLA,FLA @ BOS,AWAY,L,2,3
2021-2022,2021020125,2021-10-30,LAK,LAK vs. MTL,HOME,W,5,2
2021-2022,2021020125,2021-10-30,MTL,MTL @ LAK,AWAY,L,2,5
2021-2022,2021020119,2021-10-30,NJD,NJD @ PIT,AWAY,W,4,2
2021-2022,2021020121,2021-10-30,NSH,NSH vs. NYI,HOME,W,3,2
2021-2022,2021020121,2021-10-30,NYI,NYI @ NSH,AWAY,L,2,3
2021-2022,2021020115,2021-10-30,OTT,OTT @ DAL,AWAY,W,4,1
2021-2022,2021020119,2021-10-30,PIT,PIT vs. NJD,HOME,L,2,4
2021-2022,2021020126,2021-10-30,SJS,SJS vs. WPG,HOME,W,2,1
2021-2022,2021020118,2021-10-30,TOR,TOR vs. DET,HOME,W,5,4
2021-2022,2021020116,2021-10-30,VGK,VGK vs. ANA,HOME,W,5,4
2021-2022,2021020126,2021-10-30,WPG,WPG @ SJS,AWAY,L,1,2
2021-2022,2021020129,2021-10-31,ANA,ANA vs. MTL,HOME,W,4,2
2021-2022,2021020128,2021-10-31,ARI,ARI @ CAR,AWAY,L,1,2
2021-2022,2021020130,2021-10-31,BUF,BUF @ LAK,AWAY,L,2,3
2021-2022,2021020128,2021-10-31,CAR,CAR vs. ARI,HOME,W,2,1
2021-2022,2021020127,2021-10-31,CBJ,CBJ @ NJD,AWAY,W,4,3
2021-2022,2021020123,2021-10-31,CGY,CGY vs. PHI,HOME,W,4,0
2021-2022,2021020120,2021-10-31,CHI,CHI @ STL,AWAY,L,0,1
2021-2022,2021020122,2021-10-31,COL,COL vs. MIN,HOME,W,4,1
2021-2022,2021020124,2021-10-31,EDM,EDM @ VAN,AWAY,W,2,1
2021-2022,2021020130,2021-10-31,LAK,LAK vs. BUF,HOME,W,3,2
2021-2022,2021020122,2021-10-31,MIN,MIN @ COL,AWAY,L,1,4
2021-2022,2021020129,2021-10-31,MTL,MTL @ ANA,AWAY,L,2,4
2021-2022,2021020127,2021-10-31,NJD,NJD vs. CBJ,HOME,L,3,4
2021-2022,2021020123,2021-10-31,PHI,PHI @ CGY,AWAY,L,0,4
2021-2022,2021020120,2021-10-31,STL,STL vs. CHI,HOME,W,1,0
2021-2022,2021020124,2021-10-31,VAN,VAN vs. EDM,HOME,L,1,2
2021-2022,2021020131,2021-11-01,NYR,NYR @ SEA,AWAY,W,3,1
2021-2022,2021020131,2021-11-01,SEA,SEA vs. NYR,HOME,L,1,3
2021-2022,2021020132,2021-11-01,TBL,TBL vs. WSH,HOME,W,3,2
2021-2022,2021020132,2021-11-01,WSH,WSH @ TBL,AWAY,L,2,3
2021-2022,2021020137,2021-11-02,ARI,ARI @ PHI,AWAY,L,0,3
2021-2022,2021020133,2021-11-02,CHI,CHI vs. OTT,HOME,W,5,1
2021-2022,2021020136,2021-11-02,DET,DET @ MTL,AWAY,L,0,3
2021-2022,2021020134,2021-11-02,EDM,EDM vs. SEA,HOME,W,5,2
2021-2022,2021020136,2021-11-02,MTL,MTL vs. DET,HOME,W,3,0
2021-2022,2021020133,2021-11-02,OTT,OTT @ CHI,AWAY,L,1,5
2021-2022,2021020137,2021-11-02,PHI,PHI vs. ARI,HOME,W,3,0
2021-2022,2021020134,2021-11-02,SEA,SEA @ EDM,AWAY,L,2,5
2021-2022,2021020135,2021-11-02,TOR,TOR vs. VGK,HOME,W,4,0
2021-2022,2021020135,2021-11-02,VGK,VGK @ TOR,AWAY,L,0,4
2021-2022,2021020142,2021-11-03,ANA,ANA vs. NJD,HOME,W,4,0
2021-2022,2021020143,2021-11-03,BUF,BUF @ SJS,AWAY,L,3,5
2021-2022,2021020140,2021-11-03,CGY,CGY vs. NSH,HOME,L,2,3
2021-2022,2021020139,2021-11-03,DAL,DAL @ WPG,AWAY,L,3,4
2021-2022,2021020138,2021-11-03,MIN,MIN vs. OTT,HOME,W,5,4
2021-2022,2021020142,2021-11-03,NJD,NJD @ ANA,AWAY,L,0,4
2021-2022,2021020140,2021-11-03,NSH,NSH @ CGY,AWAY,W,3,2
2021-2022,2021020141,2021-11-03,NYR,NYR @ VAN,AWAY,L,2,3
2021-2022,2021020138,2021-11-03,OTT,OTT @ MIN,AWAY,L,4,5
2021-2022,2021020143,2021-11-03,SJS,SJS vs. BUF,HOME,W,5,3
2021-2022,2021020141,2021-11-03,VAN,VAN vs. NYR,HOME,W,3,2
2021-2022,2021020139,2021-11-03,WPG,WPG vs. DAL,HOME,W,4,3
2021-2022,2021020148,2021-11-04,BOS,BOS vs. DET,HOME,W,5,1
2021-2022,2021020144,2021-11-04,CAR,CAR @ CHI,AWAY,W,4,3
2021-2022,2021020145,2021-11-04,CBJ,CBJ @ COL,AWAY,W,5,4
2021-2022,2021020144,2021-11-04,CHI,CHI vs. CAR,HOME,L,3,4
2021-2022,2021020145,2021-11-04,COL,COL vs. CBJ,HOME,L,4,5
2021-2022,2021020148,2021-11-04,DET,DET @ BOS,AWAY,L,1,5
2021-2022,2021020146,2021-11-04,EDM,EDM vs. NSH,HOME,W,5,2
2021-2022,2021020152,2021-11-04,FLA,FLA vs. WSH,HOME,W,5,4
2021-2022,2021020147,2021-11-04,LAK,LAK vs. STL,HOME,W,3,2
2021-2022,2021020150,2021-11-04,MTL,MTL vs. NYI,HOME,L,2,6
2021-2022,2021020146,2021-11-04,NSH,NSH @ EDM,AWAY,L,2,5
2021-2022,2021020150,2021-11-04,NYI,NYI @ MTL,AWAY,W,6,2
2021-2022,2021020151,2021-11-04,OTT,OTT vs. VGK,HOME,L,1,5
2021-2022,2021020153,2021-11-04,PHI,PHI @ PIT,AWAY,L,2,3
2021-2022,2021020153,2021-11-04,PIT,PIT vs. PHI,HOME,W,3,2
2021-2022,2021020147,2021-11-04,STL,STL @ LAK,AWAY,L,2,3
2021-2022,2021020149,2021-11-04,TBL,TBL @ TOR,AWAY,L,1,2
2021-2022,2021020149,2021-11-04,TOR,TOR vs. TBL,HOME,W,2,1
2021-2022,2021020151,2021-11-04,VGK,VGK @ OTT,AWAY,W,5,1
2021-2022,2021020152,2021-11-04,WSH,WSH @ FLA,AWAY,L,4,5
2021-2022,2021020156,2021-11-05,BUF,BUF @ SEA,AWAY,L,2,5
2021-2022,2021020154,2021-11-05,CGY,CGY vs. DAL,HOME,L,3,4
2021-2022,2021020154,2021-11-05,DAL,DAL @ CGY,AWAY,W,4,3
2021-2022,2021020156,2021-11-05,SEA,SEA vs. BUF,HOME,W,5,2
2021-2022,2021020155,2021-11-05,SJS,SJS vs. STL,HOME,L,3,5
2021-2022,2021020155,2021-11-05,STL,STL @ SJS,AWAY,W,5,3
2021-2022,2021020160,2021-11-06,ANA,ANA vs. ARI,HOME,W,3,1
2021-2022,2021020160,2021-11-06,ARI,ARI @ ANA,AWAY,L,1,3
2021-2022,2021020163,2021-11-06,BOS,BOS @ TOR,AWAY,L,2,5
2021-2022,2021020162,2021-11-06,BUF,BUF vs. DET,HOME,L,3,4
2021-2022,2021020166,2021-11-06,CAR,CAR @ FLA,AWAY,L,2,5
2021-2022,2021020169,2021-11-06,CBJ,CBJ vs. COL,HOME,W,4,2
2021-2022,2021020157,2021-11-06,CHI,CHI @ WPG,AWAY,L,1,5
2021-2022,2021020169,2021-11-06,COL,COL @ CBJ,AWAY,L,2,4
2021-2022,2021020162,2021-11-06,DET,DET @ BUF,AWAY,W,4,3
2021-2022,2021020158,2021-11-06,EDM,EDM vs. NYR,HOME,W,6,5
2021-2022,2021020166,2021-11-06,FLA,FLA vs. CAR,HOME,W,5,2
2021-2022,2021020161,2021-11-06,LAK,LAK vs. NJD,HOME,W,3,2
2021-2022,2021020167,2021-11-06,MIN,MIN @ PIT,AWAY,W,5,4
2021-2022,2021020164,2021-11-06,MTL,MTL vs. VGK,HOME,L,2,5
2021-2022,2021020161,2021-11-06,NJD,NJD @ LAK,AWAY,L,2,3
2021-2022,2021020159,2021-11-06,NSH,NSH @ VAN,AWAY,W,3,2
2021-2022,2021020170,2021-11-06,NYI,NYI @ WPG,AWAY,W,2,0
2021-2022,2021020158,2021-11-06,NYR,NYR @ EDM,AWAY,L,5,6
2021-2022,2021020165,2021-11-06,OTT,OTT vs. TBL,HOME,L,3,5
2021-2022,2021020168,2021-11-06,PHI,PHI @ WSH,AWAY,W,2,1
2021-2022,2021020167,2021-11-06,PIT,PIT vs. MIN,HOME,L,4,5
2021-2022,2021020165,2021-11-06,TBL,TBL @ OTT,AWAY,W,5,3
2021-2022,2021020163,2021-11-06,TOR,TOR vs. BOS,HOME,W,5,2
2021-2022,2021020159,2021-11-06,VAN,VAN vs. NSH,HOME,L,2,3
2021-2022,2021020164,2021-11-06,VGK,VGK @ MTL,AWAY,W,5,2
2021-2022,2021020157,2021-11-06,WPG,WPG vs. CHI,HOME,W,5,1
2021-2022,2021020170,2021-11-06,WPG,WPG vs. NYI,HOME,L,0,2
2021-2022,2021020168,2021-11-06,WSH,WSH vs. PHI,HOME,L,1,2
2021-2022,2021020172,2021-11-07,ARI,ARI vs. SEA,HOME,W,5,4
2021-2022,2021020171,2021-11-07,CGY,CGY vs. NYR,HOME,W,6,0
2021-2022,2021020174,2021-11-07,DET,DET vs. VGK,HOME,W,5,2
2021-2022,2021020173,2021-11-07,NJD,NJD @ SJS,AWAY,W,3,2
2021-2022,2021020171,2021-11-07,NYR,NYR @ CGY,AWAY,L,0,6
2021-2022,2021020172,2021-11-07,SEA,SEA @ ARI,AWAY,L,4,5
2021-2022,2021020173,2021-11-07,SJS,SJS vs. NJD,HOME,L,2,3
2021-2022,2021020174,2021-11-07,VGK,VGK @ DET,AWAY,L,2,5
2021-2022,2021020178,2021-11-08,ANA,ANA vs. STL,HOME,W,4,1
2021-2022,2021020175,2021-11-08,CHI,CHI vs. NSH,HOME,W,2,1
2021-2022,2021020177,2021-11-08,DAL,DAL @ VAN,AWAY,L,3,6
2021-2022,2021020176,2021-11-08,MIN,MIN vs. NYI,HOME,W,5,2
2021-2022,2021020175,2021-11-08,NSH,NSH @ CHI,AWAY,L,1,2
2021-2022,2021020176,2021-11-08,NYI,NYI @ MIN,AWAY,L,2,5
2021-2022,2021020178,2021-11-08,STL,STL @ ANA,AWAY,L,1,4
2021-2022,2021020177,2021-11-08,VAN,VAN vs. DAL,HOME,W,6,3
2021-2022,2021020181,2021-11-09,BUF,BUF @ WSH,AWAY,L,3,5
2021-2022,2021020180,2021-11-09,FLA,FLA @ NYR,AWAY,L,3,4
2021-2022,2021020179,2021-11-09,LAK,LAK @ TOR,AWAY,W,5,1
2021-2022,2021020180,2021-11-09,NYR,NYR vs. FLA,HOME,W,4,3
2021-2022,2021020179,2021-11-09,TOR,TOR vs. LAK,HOME,L,1,5
2021-2022,2021020181,2021-11-09,WSH,WSH vs. BUF,HOME,W,5,3
2021-2022,2021020190,2021-11-10,ANA,ANA @ VAN,AWAY,W,3,2
2021-2022,2021020182,2021-11-10,BOS,BOS vs. OTT,HOME,W,3,2
2021-2022,2021020185,2021-11-10,CAR,CAR @ TBL,AWAY,W,2,1
2021-2022,2021020189,2021-11-10,CGY,CGY vs. SJS,HOME,L,1,4
2021-2022,2021020187,2021-11-10,CHI,CHI vs. PIT,HOME,W,3,2
2021-2022,2021020184,2021-11-10,DET,DET vs. EDM,HOME,W,4,2
2021-2022,2021020184,2021-11-10,EDM,EDM @ DET,AWAY,L,2,4
2021-2022,2021020186,2021-11-10,FLA,FLA @ NJD,AWAY,L,3,7
2021-2022,2021020183,2021-11-10,LAK,LAK @ MTL,AWAY,W,3,2
2021-2022,2021020183,2021-11-10,MTL,MTL vs. LAK,HOME,L,2,3
2021-2022,2021020186,2021-11-10,NJD,NJD vs. FLA,HOME,W,7,3
2021-2022,2021020182,2021-11-10,OTT,OTT @ BOS,AWAY,L,2,3
2021-2022,2021020187,2021-11-10,PIT,PIT @ CHI,AWAY,L,2,3
2021-2022,2021020191,2021-11-10,SEA,SEA @ VGK,AWAY,L,2,4
2021-2022,2021020189,2021-11-10,SJS,SJS @ CGY,AWAY,W,4,1
2021-2022,2021020188,2021-11-10,STL,STL @ WPG,AWAY,W,3,2
2021-2022,2021020185,2021-11-10,TBL,TBL vs. CAR,HOME,L,1,2
2021-2022,2021020190,2021-11-10,VAN,VAN vs. ANA,HOME,L,2,3
2021-2022,2021020191,2021-11-10,VGK,VGK vs. SEA,HOME,W,4,2
2021-2022,2021020188,2021-11-10,WPG,WPG vs. STL,HOME,L,2,3
2021-2022,2021020194,2021-11-11,ARI,ARI vs. MIN,HOME,L,2,5
2021-2022,2021020193,2021-11-11,DAL,DAL vs. NSH,HOME,L,2,4
2021-2022,2021020194,2021-11-11,MIN,MIN @ ARI,AWAY,W,5,2
2021-2022,2021020193,2021-11-11,NSH,NSH @ DAL,AWAY,W,4,2
2021-2022,2021020192,2021-11-11,PHI,PHI vs. TOR,HOME,L,0,3
2021-2022,2021020192,2021-11-11,TOR,TOR @ PHI,AWAY,W,3,0
2021-2022,2021020205,2021-11-12,ANA,ANA @ SEA,AWAY,W,7,4
2021-2022,2021020195,2021-11-12,BOS,BOS vs. EDM,HOME,L,3,5
2021-2022,2021020196,2021-11-12,CGY,CGY @ MTL,AWAY,L,2,4
2021-2022,2021020203,2021-11-12,COL,COL vs. VAN,HOME,W,7,1
2021-2022,2021020198,2021-11-12,DET,DET vs. WSH,HOME,L,0,2
2021-2022,2021020195,2021-11-12,EDM,EDM @ BOS,AWAY,W,5,3
2021-2022,2021020200,2021-11-12,FLA,FLA @ PIT,AWAY,L,2,3
2021-2022,2021020197,2021-11-12,LAK,LAK @ OTT,AWAY,W,2,0
2021-2022,2021020204,2021-11-12,MIN,MIN @ VGK,AWAY,L,2,3
2021-2022,2021020196,2021-11-12,MTL,MTL vs. CGY,HOME,W,4,2
2021-2022,2021020199,2021-11-12,NJD,NJD vs. NYI,HOME,W,4,0
2021-2022,2021020201,2021-11-12,NSH,NSH @ STL,AWAY,W,4,3
2021-2022,2021020199,2021-11-12,NYI,NYI @ NJD,AWAY,L,0,4
2021-2022,2021020197,2021-11-12,OTT,OTT vs. LAK,HOME,L,0,2
2021-2022,2021020200,2021-11-12,PIT,PIT vs. FLA,HOME,W,3,2
2021-2022,2021020205,2021-11-12,SEA,SEA vs. ANA,HOME,L,4,7
2021-2022,2021020202,2021-11-12,SJS,SJS @ WPG,AWAY,L,1,4
2021-2022,2021020201,2021-11-12,STL,STL vs. NSH,HOME,L,3,4
2021-2022,2021020203,2021-11-12,VAN,VAN @ COL,AWAY,L,1,7
2021-2022,2021020204,2021-11-12,VGK,VGK vs. MIN,HOME,W,3,2
2021-2022,2021020202,2021-11-12,WPG,WPG vs. SJS,HOME,W,4,1
2021-2022,2021020198,2021-11-12,WSH,WSH @ DET,AWAY,W,2,0
2021-2022,2021020210,2021-11-13,ARI,ARI @ CHI,AWAY,L,1,2
2021-2022,2021020215,2021-11-13,BOS,BOS @ NJD,AWAY,W,5,2
2021-2022,2021020206,2021-11-13,BUF,BUF vs. EDM,HOME,W,3,2
2021-2022,2021020208,2021-11-13,CAR,CAR vs. PHI,HOME,L,1,2
2021-2022,2021020209,2021-11-13,CBJ,CBJ vs. WSH,HOME,L,3,4
2021-2022,2021020207,2021-11-13,CGY,CGY @ TOR,AWAY,L,1,2
2021-2022,2021020210,2021-11-13,CHI,CHI vs. ARI,HOME,W,2,1
2021-2022,2021020206,2021-11-13,EDM,EDM @ BUF,AWAY,L,2,3
2021-2022,2021020215,2021-11-13,NJD,NJD vs. BOS,HOME,L,2,5
2021-2022,2021020208,2021-11-13,PHI,PHI @ CAR,AWAY,W,2,1
2021-2022,2021020207,2021-11-13,TOR,TOR vs. CGY,HOME,W,2,1
2021-2022,2021020209,2021-11-13,WSH,WSH @ CBJ,AWAY,W,4,3
2021-2022,2021020218,2021-11-14,ARI,ARI @ NSH,AWAY,L,1,4
2021-2022,2021020211,2021-11-14,BUF,BUF vs. TOR,HOME,L,4,5
2021-2022,2021020216,2021-11-14,CAR,CAR vs. STL,HOME,W,3,2
2021-2022,2021020217,2021-11-14,CBJ,CBJ vs. NYR,HOME,L,3,5
2021-2022,2021020225,2021-11-14,CGY,CGY @ OTT,AWAY,W,4,0
2021-2022,2021020221,2021-11-14,COL,COL vs. SJS,HOME,W,6,2
2021-2022,2021020219,2021-11-14,DAL,DAL vs. PHI,HOME,W,5,2
2021-2022,2021020213,2021-11-14,DET,DET vs. MTL,HOME,W,3,2
2021-2022,2021020214,2021-11-14,FLA,FLA @ TBL,AWAY,L,2,3
2021-2022,2021020220,2021-11-14,LAK,LAK @ WPG,AWAY,L,2,3
2021-2022,2021020223,2021-11-14,MIN,MIN @ SEA,AWAY,W,4,2
2021-2022,2021020213,2021-11-14,MTL,MTL @ DET,AWAY,L,2,3
2021-2022,2021020218,2021-11-14,NSH,NSH vs. ARI,HOME,W,4,1
2021-2022,2021020217,2021-11-14,NYR,NYR @ CBJ,AWAY,W,5,3
2021-2022,2021020212,2021-11-14,OTT,OTT vs. PIT,HOME,W,6,3
2021-2022,2021020225,2021-11-14,OTT,OTT vs. CGY,HOME,L,0,4
2021-2022,2021020219,2021-11-14,PHI,PHI @ DAL,AWAY,L,2,5
2021-2022,2021020212,2021-11-14,PIT,PIT @ OTT,AWAY,L,3,6
2021-2022,2021020223,2021-11-14,SEA,SEA vs. MIN,HOME,L,2,4
2021-2022,2021020221,2021-11-14,SJS,SJS @ COL,AWAY,L,2,6
2021-2022,2021020216,2021-11-14,STL,STL @ CAR,AWAY,L,2,3
2021-2022,2021020214,2021-11-14,TBL,TBL vs. FLA,HOME,W,3,2
2021-2022,2021020211,2021-11-14,TOR,TOR @ BUF,AWAY,W,5,4
2021-2022,2021020222,2021-11-14,VAN,VAN @ VGK,AWAY,L,4,7
2021-2022,2021020222,2021-11-14,VGK,VGK vs. VAN,HOME,W,7,4
2021-2022,2021020220,2021-11-14,WPG,WPG vs. LAK,HOME,W,3,2
2021-2022,2021020229,2021-11-15,ANA,ANA vs. VAN,HOME,W,5,1
2021-2022,2021020224,2021-11-15,BOS,BOS vs. MTL,HOME,W,5,2
2021-2022,2021020228,2021-11-15,EDM,EDM @ STL,AWAY,W,5,4
2021-2022,2021020224,2021-11-15,MTL,MTL @ BOS,AWAY,L,2,5
2021-2022,2021020226,2021-11-15,NJD,NJD @ NYR,AWAY,L,3,4
2021-2022,2021020226,2021-11-15,NYR,NYR vs. NJD,HOME,W,4,3
2021-2022,2021020227,2021-11-15,PIT,PIT @ WSH,AWAY,L,1,6
2021-2022,2021020228,2021-11-15,STL,STL vs. EDM,HOME,L,4,5
2021-2022,2021020229,2021-11-15,VAN,VAN @ ANA,AWAY,L,1,5
2021-2022,2021020227,2021-11-15,WSH,WSH vs. PIT,HOME,W,6,1
2021-2022,2021020231,2021-11-16,CBJ,CBJ vs. DET,HOME,W,5,3
2021-2022,2021020231,2021-11-16,DET,DET @ CBJ,AWAY,L,3,5
2021-2022,2021020230,2021-11-16,NYI,NYI @ TBL,AWAY,L,1,4
2021-2022,2021020230,2021-11-16,TBL,TBL vs. NYI,HOME,W,4,1
2021-2022,2021020243,2021-11-17,ANA,ANA vs. WSH,HOME,W,3,2
2021-2022,2021020238,2021-11-17,ARI,ARI @ STL,AWAY,W,3,2
2021-2022,2021020237,2021-11-17,BUF,BUF @ PIT,AWAY,W,2,1
2021-2022,2021020242,2021-11-17,CAR,CAR @ VGK,AWAY,W,4,2
2021-2022,2021020236,2021-11-17,CGY,CGY @ PHI,AWAY,L,1,2
2021-2022,2021020239,2021-11-17,DAL,DAL vs. DET,HOME,W,5,2
2021-2022,2021020239,2021-11-17,DET,DET @ DAL,AWAY,L,2,5
2021-2022,2021020241,2021-11-17,EDM,EDM @ WPG,AWAY,L,2,5
2021-2022,2021020233,2021-11-17,FLA,FLA vs. NYI,HOME,W,6,1
2021-2022,2021020240,2021-11-17,MIN,MIN vs. SJS,HOME,L,1,4
2021-2022,2021020235,2021-11-17,MTL,MTL @ NYR,AWAY,L,2,3
2021-2022,2021020232,2021-11-17,NSH,NSH @ TOR,AWAY,L,0,3
2021-2022,2021020233,2021-11-17,NYI,NYI @ FLA,AWAY,L,1,6
2021-2022,2021020235,2021-11-17,NYR,NYR vs. MTL,HOME,W,3,2
2021-2022,2021020236,2021-11-17,PHI,PHI vs. CGY,HOME,W,2,1
2021-2022,2021020237,2021-11-17,PIT,PIT vs. BUF,HOME,L,1,2
2021-2022,2021020240,2021-11-17,SJS,SJS @ MIN,AWAY,W,4,1
2021-2022,2021020238,2021-11-17,STL,STL vs. ARI,HOME,L,2,3
2021-2022,2021020232,2021-11-17,TOR,TOR vs. NSH,HOME,W,3,0
2021-2022,2021020242,2021-11-17,VGK,VGK vs. CAR,HOME,L,2,4
2021-2022,2021020241,2021-11-17,WPG,WPG vs. EDM,HOME,W,5,2
2021-2022,2021020243,2021-11-17,WSH,WSH @ ANA,AWAY,L,2,3
2021-2022,2021020246,2021-11-18,CHI,CHI @ SEA,AWAY,W,4,2
2021-2022,2021020244,2021-11-18,COL,COL @ VAN,AWAY,W,4,2
2021-2022,2021020245,2021-11-18,LAK,LAK vs. WSH,HOME,L,0,2
2021-2022,2021020246,2021-11-18,SEA,SEA vs. CHI,HOME,L,2,4
2021-2022,2021020244,2021-11-18,VAN,VAN vs. COL,HOME,L,2,4
2021-2022,2021020245,2021-11-18,WSH,WSH @ LAK,AWAY,W,2,0
2021-2022,2021020258,2021-11-19,ANA,ANA vs. CAR,HOME,L,1,2
2021-2022,2021020256,2021-11-19,ARI,ARI vs. CBJ,HOME,L,4,5
2021-2022,2021020247,2021-11-19,BUF,BUF vs. CGY,HOME,L,0,5
2021-2022,2021020258,2021-11-19,CAR,CAR @ ANA,AWAY,W,2,1
2021-2022,2021020256,2021-11-19,CBJ,CBJ @ ARI,AWAY,W,5,4
2021-2022,2021020247,2021-11-19,CGY,CGY @ BUF,AWAY,W,5,0
2021-2022,2021020254,2021-11-19,DAL,DAL @ MIN,AWAY,L,2,7
2021-2022,2021020257,2021-11-19,DET,DET @ VGK,AWAY,L,2,5
2021-2022,2021020255,2021-11-19,EDM,EDM vs. WPG,HOME,W,2,1
2021-2022,2021020251,2021-11-19,FLA,FLA vs. NJD,HOME,W,4,1
2021-2022,2021020254,2021-11-19,MIN,MIN vs. DAL,HOME,W,7,2
2021-2022,2021020249,2021-11-19,MTL,MTL vs. PIT,HOME,L,0,6
2021-2022,2021020251,2021-11-19,NJD,NJD @ FLA,AWAY,L,1,4
2021-2022,2021020248,2021-11-19,NYR,NYR @ TOR,AWAY,L,1,2
2021-2022,2021020252,2021-11-19,PHI,PHI vs. TBL,HOME,L,3,4
2021-2022,2021020249,2021-11-19,PIT,PIT @ MTL,AWAY,W,6,0
2021-2022,2021020253,2021-11-19,SJS,SJS @ STL,AWAY,L,1,4
2021-2022,2021020253,2021-11-19,STL,STL vs. SJS,HOME,W,4,1
2021-2022,2021020252,2021-11-19,TBL,TBL @ PHI,AWAY,W,4,3
2021-2022,2021020248,2021-11-19,TOR,TOR vs. NYR,HOME,W,2,1
2021-2022,2021020257,2021-11-19,VGK,VGK vs. DET,HOME,W,5,2
2021-2022,2021020255,2021-11-19,WPG,WPG @ EDM,AWAY,L,1,2
2021-2022,2021020272,2021-11-20,CAR,CAR @ LAK,AWAY,W,5,4
2021-2022,2021020260,2021-11-20,COL,COL @ SEA,AWAY,W,7,3
2021-2022,2021020265,2021-11-20,FLA,FLA vs. MIN,HOME,W,5,4
2021-2022,2021020272,2021-11-20,LAK,LAK vs. CAR,HOME,L,4,5
2021-2022,2021020265,2021-11-20,MIN,MIN @ FLA,AWAY,L,4,5
2021-2022,2021020264,2021-11-20,NJD,NJD @ TBL,AWAY,W,5,3
2021-2022,2021020260,2021-11-20,SEA,SEA vs. COL,HOME,L,3,7
2021-2022,2021020264,2021-11-20,TBL,TBL vs. NJD,HOME,L,3,5
2021-2022,2021020259,2021-11-20,VAN,VAN vs. WPG,HOME,W,3,2
2021-2022,2021020259,2021-11-20,WPG,WPG @ VAN,AWAY,L,2,3
2021-2022,2021020270,2021-11-21,ARI,ARI vs. DET,HOME,W,2,1
2021-2022,2021020267,2021-11-21,BOS,BOS @ PHI,AWAY,W,5,2
2021-2022,2021020277,2021-11-21,BUF,BUF @ NYR,AWAY,L,4,5
2021-2022,2021020271,2021-11-21,CBJ,CBJ @ VGK,AWAY,L,2,3
2021-2022,2021020266,2021-11-21,CGY,CGY @ NYI,AWAY,W,5,2
2021-2022,2021020269,2021-11-21,CHI,CHI @ EDM,AWAY,L,2,5
2021-2022,2021020268,2021-11-21,DAL,DAL vs. STL,HOME,W,4,1
2021-2022,2021020270,2021-11-21,DET,DET @ ARI,AWAY,L,1,2
2021-2022,2021020269,2021-11-21,EDM,EDM vs. CHI,HOME,W,5,2
2021-2022,2021020275,2021-11-21,MIN,MIN @ TBL,AWAY,L,4,5
2021-2022,2021020262,2021-11-21,MTL,MTL vs. NSH,HOME,W,6,3
2021-2022,2021020262,2021-11-21,NSH,NSH @ MTL,AWAY,L,3,6
2021-2022,2021020266,2021-11-21,NYI,NYI vs. CGY,HOME,L,2,5
2021-2022,2021020277,2021-11-21,NYR,NYR vs. BUF,HOME,W,5,4
2021-2022,2021020267,2021-11-21,PHI,PHI vs. BOS,HOME,L,2,5
2021-2022,2021020261,2021-11-21,PIT,PIT @ TOR,AWAY,W,2,0
2021-2022,2021020273,2021-11-21,SJS,SJS vs. WSH,HOME,L,0,4
2021-2022,2021020268,2021-11-21,STL,STL @ DAL,AWAY,L,1,4
2021-2022,2021020275,2021-11-21,TBL,TBL vs. MIN,HOME,W,5,4
2021-2022,2021020261,2021-11-21,TOR,TOR vs. PIT,HOME,L,0,2
2021-2022,2021020271,2021-11-21,VGK,VGK vs. CBJ,HOME,W,3,2
2021-2022,2021020273,2021-11-21,WSH,WSH @ SJS,AWAY,W,4,0
2021-2022,2021020279,2021-11-22,ARI,ARI @ LAK,AWAY,W,2,1
2021-2022,2021020274,2021-11-22,BOS,BOS vs. CGY,HOME,L,0,4
2021-2022,2021020274,2021-11-22,CGY,CGY @ BOS,AWAY,W,4,0
2021-2022,2021020278,2021-11-22,CHI,CHI @ VAN,AWAY,W,1,0
2021-2022,2021020279,2021-11-22,LAK,LAK vs. ARI,HOME,L,1,2
2021-2022,2021020276,2021-11-22,NYI,NYI vs. TOR,HOME,L,0,3
2021-2022,2021020280,2021-11-22,SEA,SEA vs. WSH,HOME,W,5,2
2021-2022,2021020276,2021-11-22,TOR,TOR @ NYI,AWAY,W,3,0
2021-2022,2021020278,2021-11-22,VAN,VAN vs. CHI,HOME,L,0,1
2021-2022,2021020280,2021-11-22,WSH,WSH @ SEA,AWAY,L,2,5
2021-2022,2021020283,2021-11-23,ANA,ANA @ NSH,AWAY,L,2,3
2021-2022,2021020281,2021-11-23,BUF,BUF vs. CBJ,HOME,L,4,7
2021-2022,2021020286,2021-11-23,CAR,CAR @ SJS,AWAY,L,1,2
2021-2022,2021020281,2021-11-23,CBJ,CBJ @ BUF,AWAY,W,7,4
2021-2022,2021020285,2021-11-23,COL,COL vs. OTT,HOME,W,7,5
2021-2022,2021020283,2021-11-23,NSH,NSH vs. ANA,HOME,W,3,2
2021-2022,2021020285,2021-11-23,OTT,OTT @ COL,AWAY,L,5,7
2021-2022,2021020284,2021-11-23,PIT,PIT @ WPG,AWAY,W,3,1
2021-2022,2021020286,2021-11-23,SJS,SJS vs. CAR,HOME,W,2,1
2021-2022,2021020282,2021-11-23,STL,STL vs. VGK,HOME,W,5,2
2021-2022,2021020282,2021-11-23,VGK,VGK @ STL,AWAY,L,2,5
2021-2022,2021020284,2021-11-23,WPG,WPG vs. PIT,HOME,L,1,3
2021-2022,2021020289,2021-11-24,CGY,CGY vs. CHI,HOME,W,5,2
2021-2022,2021020289,2021-11-24,CHI,CHI @ CGY,AWAY,L,2,5
2021-2022,2021020288,2021-11-24,DAL,DAL vs. EDM,HOME,W,4,1
2021-2022,2021020288,2021-11-24,EDM,EDM @ DAL,AWAY,L,1,4
2021-2022,2021020287,2021-11-24,PHI,PHI @ TBL,AWAY,L,0,4
2021-2022,2021020287,2021-11-24,TBL,TBL vs. PHI,HOME,W,4,0
2021-2022,2021020299,2021-11-25,ANA,ANA @ COL,AWAY,L,2,5
2021-2022,2021020300,2021-11-25,ARI,ARI vs. EDM,HOME,L,3,5
2021-2022,2021020290,2021-11-25,BOS,BOS @ BUF,AWAY,W,5,1
2021-2022,2021020290,2021-11-25,BUF,BUF vs. BOS,HOME,L,1,5
2021-2022,2021020303,2021-11-25,CAR,CAR @ SEA,AWAY,L,1,2
2021-2022,2021020297,2021-11-25,CBJ,CBJ vs. WPG,HOME,W,3,0
2021-2022,2021020299,2021-11-25,COL,COL vs. ANA,HOME,W,5,2
2021-2022,2021020291,2021-11-25,DET,DET vs. STL,HOME,W,4,2
2021-2022,2021020300,2021-11-25,EDM,EDM @ ARI,AWAY,W,5,3
2021-2022,2021020292,2021-11-25,FLA,FLA vs. PHI,HOME,W,2,1
2021-2022,2021020301,2021-11-25,LAK,LAK vs. TOR,HOME,L,2,6
2021-2022,2021020293,2021-11-25,MIN,MIN @ NJD,AWAY,W,3,2
2021-2022,2021020296,2021-11-25,MTL,MTL @ WSH,AWAY,L,3,6
2021-2022,2021020293,2021-11-25,NJD,NJD vs. MIN,HOME,L,2,3
2021-2022,2021020298,2021-11-25,NSH,NSH vs. VGK,HOME,L,2,5
2021-2022,2021020294,2021-11-25,NYI,NYI vs. NYR,HOME,L,1,4
2021-2022,2021020294,2021-11-25,NYR,NYR @ NYI,AWAY,W,4,1
2021-2022,2021020302,2021-11-25,OTT,OTT @ SJS,AWAY,L,3,6
2021-2022,2021020292,2021-11-25,PHI,PHI @ FLA,AWAY,L,1,2
2021-2022,2021020295,2021-11-25,PIT,PIT vs. VAN,HOME,W,4,1
2021-2022,2021020303,2021-11-25,SEA,SEA vs. CAR,HOME,W,2,1
2021-2022,2021020302,2021-11-25,SJS,SJS vs. OTT,HOME,W,6,3
2021-2022,2021020291,2021-11-25,STL,STL @ DET,AWAY,L,2,4
2021-2022,2021020301,2021-11-25,TOR,TOR @ LAK,AWAY,W,6,2
2021-2022,2021020295,2021-11-25,VAN,VAN @ PIT,AWAY,L,1,4
2021-2022,2021020298,2021-11-25,VGK,VGK @ NSH,AWAY,W,5,2
2021-2022,2021020297,2021-11-25,WPG,WPG @ CBJ,AWAY,L,0,3
2021-2022,2021020296,2021-11-25,WSH,WSH vs. MTL,HOME,W,6,3
2021-2022,2021020315,2021-11-26,ANA,ANA vs. OTT,HOME,W,4,0
2021-2022,2021020304,2021-11-26,BOS,BOS vs. NYR,HOME,L,2,5
2021-2022,2021020308,2021-11-26,CAR,CAR @ PHI,AWAY,W,6,3
2021-2022,2021020311,2021-11-26,CHI,CHI vs. STL,HOME,W,3,2
2021-2022,2021020309,2021-11-26,FLA,FLA @ WSH,AWAY,L,3,4
2021-2022,2021020314,2021-11-26,MIN,MIN vs. WPG,HOME,W,7,1
2021-2022,2021020312,2021-11-26,NJD,NJD @ NSH,AWAY,L,2,4
2021-2022,2021020312,2021-11-26,NSH,NSH vs. NJD,HOME,W,4,2
2021-2022,2021020304,2021-11-26,NYR,NYR @ BOS,AWAY,W,5,2
2021-2022,2021020315,2021-11-26,OTT,OTT @ ANA,AWAY,L,0,4
2021-2022,2021020308,2021-11-26,PHI,PHI vs. CAR,HOME,L,3,6
2021-2022,2021020311,2021-11-26,STL,STL @ CHI,AWAY,L,2,3
2021-2022,2021020314,2021-11-26,WPG,WPG @ MIN,AWAY,L,1,7
2021-2022,2021020309,2021-11-26,WSH,WSH vs. FLA,HOME,W,4,3
2021-2022,2021020305,2021-11-27,BUF,BUF vs. MTL,HOME,W,4,1
2021-2022,2021020310,2021-11-27,CBJ,CBJ vs. VAN,HOME,W,4,2
2021-2022,2021020313,2021-11-27,COL,COL @ DAL,AWAY,L,1,3
2021-2022,2021020313,2021-11-27,DAL,DAL vs. COL,HOME,W,3,1
2021-2022,2021020318,2021-11-27,FLA,FLA vs. SEA,HOME,L,1,4
2021-2022,2021020305,2021-11-27,MTL,MTL @ BUF,AWAY,L,1,4
2021-2022,2021020307,2021-11-27,NYI,NYI vs. PIT,HOME,L,0,1
2021-2022,2021020307,2021-11-27,PIT,PIT @ NYI,AWAY,W,1,0
2021-2022,2021020306,2021-11-27,SEA,SEA @ TBL,AWAY,L,0,3
2021-2022,2021020318,2021-11-27,SEA,SEA @ FLA,AWAY,W,4,1
2021-2022,2021020316,2021-11-27,SJS,SJS vs. TOR,HOME,L,1,4
2021-2022,2021020306,2021-11-27,TBL,TBL vs. SEA,HOME,W,3,0
2021-2022,2021020316,2021-11-27,TOR,TOR @ SJS,AWAY,W,4,1
2021-2022,2021020310,2021-11-27,VAN,VAN @ CBJ,AWAY,L,2,4
2021-2022,2021020323,2021-11-28,ARI,ARI vs. DAL,HOME,L,2,3
2021-2022,2021020317,2021-11-28,BUF,BUF @ DET,AWAY,L,2,3
2021-2022,2021020329,2021-11-28,CAR,CAR vs. WSH,HOME,L,2,4
2021-2022,2021020320,2021-11-28,CBJ,CBJ @ STL,AWAY,L,3,6
2021-2022,2021020322,2021-11-28,CGY,CGY vs. WPG,HOME,L,2,4
2021-2022,2021020321,2021-11-28,COL,COL vs. NSH,HOME,W,6,2
2021-2022,2021020323,2021-11-28,DAL,DAL @ ARI,AWAY,W,3,2
2021-2022,2021020317,2021-11-28,DET,DET vs. BUF,HOME,W,3,2
2021-2022,2021020324,2021-11-28,EDM,EDM @ VGK,AWAY,W,3,2
2021-2022,2021020325,2021-11-28,LAK,LAK vs. OTT,HOME,W,4,2
2021-2022,2021020331,2021-11-28,MIN,MIN vs. TBL,HOME,W,4,2
2021-2022,2021020319,2021-11-28,MTL,MTL @ PIT,AWAY,W,6,3
2021-2022,2021020321,2021-11-28,NSH,NSH @ COL,AWAY,L,2,6
2021-2022,2021020325,2021-11-28,OTT,OTT @ LAK,AWAY,L,2,4
2021-2022,2021020319,2021-11-28,PIT,PIT vs. MTL,HOME,L,3,6
2021-2022,2021020320,2021-11-28,STL,STL vs. CBJ,HOME,W,6,3
2021-2022,2021020331,2021-11-28,TBL,TBL @ MIN,AWAY,L,2,4
2021-2022,2021020324,2021-11-28,VGK,VGK vs. EDM,HOME,L,2,3
2021-2022,2021020322,2021-11-28,WPG,WPG @ CGY,AWAY,W,4,2
2021-2022,2021020329,2021-11-28,WSH,WSH @ CAR,AWAY,W,4,2
2021-2022,2021020332,2021-11-29,ANA,ANA vs. TOR,HOME,L,1,5
2021-2022,2021020326,2021-11-29,BOS,BOS vs. VAN,HOME,W,3,2
2021-2022,2021020330,2021-11-29,CHI,CHI vs. SJS,HOME,L,0,2
2021-2022,2021020327,2021-11-29,NJD,NJD vs. PHI,HOME,W,5,2
2021-2022,2021020327,2021-11-29,PHI,PHI @ NJD,AWAY,L,2,5
2021-2022,2021020330,2021-11-29,SJS,SJS @ CHI,AWAY,W,2,0
2021-2022,2021020332,2021-11-29,TOR,TOR @ ANA,AWAY,W,5,1
2021-2022,2021020326,2021-11-29,VAN,VAN @ BOS,AWAY,L,2,3
2021-2022,2021020335,2021-11-30,ARI,ARI @ WPG,AWAY,W,1,0
2021-2022,2021020333,2021-11-30,BUF,BUF vs. SEA,HOME,L,4,7
2021-2022,2021020336,2021-11-30,CGY,CGY vs. PIT,HOME,W,2,1
2021-2022,2021020334,2021-11-30,MTL,MTL vs. VAN,HOME,L,1,2
2021-2022,2021020336,2021-11-30,PIT,PIT @ CGY,AWAY,L,1,2
2021-2022,2021020333,2021-11-30,SEA,SEA @ BUF,AWAY,W,7,4
2021-2022,2021020334,2021-11-30,VAN,VAN @ MTL,AWAY,W,2,1
2021-2022,2021020335,2021-11-30,WPG,WPG vs. ARI,HOME,L,0,1
2021-2022,2021020345,2021-12-01,ANA,ANA @ LAK,AWAY,W,5,4
2021-2022,2021020344,2021-12-01,ARI,ARI @ MIN,AWAY,L,2,5
2021-2022,2021020337,2021-12-01,BOS,BOS vs. DET,HOME,L,1,2
2021-2022,2021020343,2021-12-01,CAR,CAR @ DAL,AWAY,L,1,4
2021-2022,2021020342,2021-12-01,CBJ,CBJ @ NSH,AWAY,L,0,6
2021-2022,2021020343,2021-12-01,DAL,DAL vs. CAR,HOME,W,4,1
2021-2022,2021020337,2021-12-01,DET,DET @ BOS,AWAY,W,2,1
2021-2022,2021020338,2021-12-01,FLA,FLA vs. WSH,HOME,W,5,4
2021-2022,2021020345,2021-12-01,LAK,LAK vs. ANA,HOME,L,4,5
2021-2022,2021020344,2021-12-01,MIN,MIN vs. ARI,HOME,W,5,2
2021-2022,2021020339,2021-12-01,NJD,NJD vs. SJS,HOME,L,2,5
2021-2022,2021020342,2021-12-01,NSH,NSH vs. CBJ,HOME,W,6,0
2021-2022,2021020339,2021-12-01,SJS,SJS @ NJD,AWAY,W,5,2
2021-2022,2021020341,2021-12-01,STL,STL vs. TBL,HOME,W,4,3
2021-2022,2021020341,2021-12-01,TBL,TBL @ STL,AWAY,L,3,4
2021-2022,2021020338,2021-12-01,WSH,WSH @ FLA,AWAY,L,4,5
2021-2022,2021020351,2021-12-02,ANA,ANA vs. VGK,HOME,W,6,5
2021-2022,2021020346,2021-12-02,COL,COL @ TOR,AWAY,L,3,8
2021-2022,2021020348,2021-12-02,DET,DET vs. SEA,HOME,W,4,3
2021-2022,2021020350,2021-12-02,EDM,EDM vs. PIT,HOME,W,5,2
2021-2022,2021020349,2021-12-02,NYR,NYR vs. PHI,HOME,W,4,1
2021-2022,2021020347,2021-12-02,OTT,OTT vs. VAN,HOME,L,2,6
2021-2022,2021020349,2021-12-02,PHI,PHI @ NYR,AWAY,L,1,4
2021-2022,2021020350,2021-12-02,PIT,PIT @ EDM,AWAY,L,2,5
2021-2022,2021020348,2021-12-02,SEA,SEA @ DET,AWAY,L,3,4
2021-2022,2021020346,2021-12-02,TOR,TOR vs. COL,HOME,W,8,3
2021-2022,2021020347,2021-12-02,VAN,VAN @ OTT,AWAY,W,6,2
2021-2022,2021020351,2021-12-02,VGK,VGK @ ANA,AWAY,L,5,6
2021-2022,2021020358,2021-12-03,BOS,BOS @ NSH,AWAY,W,2,0
2021-2022,2021020354,2021-12-03,BUF,BUF @ FLA,AWAY,L,4,7
2021-2022,2021020357,2021-12-03,CAR,CAR vs. OTT,HOME,L,2,3
2021-2022,2021020359,2021-12-03,CBJ,CBJ @ DAL,AWAY,L,2,3
2021-2022,2021020361,2021-12-03,CGY,CGY @ LAK,AWAY,W,3,2
2021-2022,2021020356,2021-12-03,CHI,CHI @ WSH,AWAY,W,4,3
2021-2022,2021020352,2021-12-03,COL,COL @ MTL,AWAY,W,4,1
2021-2022,2021020359,2021-12-03,DAL,DAL vs. CBJ,HOME,W,3,2
2021-2022,2021020354,2021-12-03,FLA,FLA vs. BUF,HOME,W,7,4
2021-2022,2021020361,2021-12-03,LAK,LAK vs. CGY,HOME,L,2,3
2021-2022,2021020360,2021-12-03,MIN,MIN vs. NJD,HOME,W,5,2
2021-2022,2021020352,2021-12-03,MTL,MTL vs. COL,HOME,L,1,4
2021-2022,2021020360,2021-12-03,NJD,NJD @ MIN,AWAY,L,2,5
2021-2022,2021020358,2021-12-03,NSH,NSH vs. BOS,HOME,L,0,2
2021-2022,2021020355,2021-12-03,NYI,NYI vs. SJS,HOME,L,1,2
2021-2022,2021020357,2021-12-03,OTT,OTT @ CAR,AWAY,W,3,2
2021-2022,2021020355,2021-12-03,SJS,SJS @ NYI,AWAY,W,2,1
2021-2022,2021020353,2021-12-03,STL,STL @ TBL,AWAY,L,2,4
2021-2022,2021020353,2021-12-03,TBL,TBL vs. STL,HOME,W,4,2
2021-2022,2021020356,2021-12-03,WSH,WSH vs. CHI,HOME,L,3,4
2021-2022,2021020365,2021-12-04,ANA,ANA vs. CGY,HOME,L,3,4
2021-2022,2021020364,2021-12-04,ARI,ARI vs. VGK,HOME,L,1,7
2021-2022,2021020365,2021-12-04,CGY,CGY @ ANA,AWAY,W,4,3
2021-2022,2021020366,2021-12-04,EDM,EDM @ SEA,AWAY,L,3,4
2021-2022,2021020370,2021-12-04,FLA,FLA vs. STL,HOME,W,4,3
2021-2022,2021020363,2021-12-04,NJD,NJD @ WPG,AWAY,L,4,8
2021-2022,2021020362,2021-12-04,NYR,NYR vs. SJS,HOME,W,1,0
2021-2022,2021020366,2021-12-04,SEA,SEA vs. EDM,HOME,W,4,3
2021-2022,2021020362,2021-12-04,SJS,SJS @ NYR,AWAY,L,0,1
2021-2022,2021020370,2021-12-04,STL,STL @ FLA,AWAY,L,3,4
2021-2022,2021020364,2021-12-04,VGK,VGK @ ARI,AWAY,W,7,1
2021-2022,2021020363,2021-12-04,WPG,WPG vs. NJD,HOME,W,8,4
2021-2022,2021020367,2021-12-05,BOS,BOS vs. TBL,HOME,L,2,3
2021-2022,2021020373,2021-12-05,BUF,BUF @ CAR,AWAY,L,2,6
2021-2022,2021020373,2021-12-05,CAR,CAR vs. BUF,HOME,W,6,2
2021-2022,2021020372,2021-12-05,CBJ,CBJ @ WSH,AWAY,L,1,3
2021-2022,2021020379,2021-12-05,CBJ,CBJ vs. SJS,HOME,W,6,4
2021-2022,2021020371,2021-12-05,CHI,CHI @ NYR,AWAY,L,2,3
2021-2022,2021020368,2021-12-05,COL,COL @ OTT,AWAY,L,5,6
2021-2022,2021020369,2021-12-05,DET,DET vs. NYI,HOME,W,4,3
2021-2022,2021020375,2021-12-05,MIN,MIN vs. TOR,HOME,W,4,3
2021-2022,2021020374,2021-12-05,MTL,MTL @ NSH,AWAY,L,3,4
2021-2022,2021020374,2021-12-05,NSH,NSH vs. MTL,HOME,W,4,3
2021-2022,2021020369,2021-12-05,NYI,NYI @ DET,AWAY,L,3,4
2021-2022,2021020371,2021-12-05,NYR,NYR vs. CHI,HOME,W,3,2
2021-2022,2021020368,2021-12-05,OTT,OTT vs. COL,HOME,W,6,5
2021-2022,2021020378,2021-12-05,PHI,PHI vs. TBL,HOME,L,1,7
2021-2022,2021020376,2021-12-05,PIT,PIT @ VAN,AWAY,W,4,1
2021-2022,2021020379,2021-12-05,SJS,SJS @ CBJ,AWAY,L,4,6
2021-2022,2021020367,2021-12-05,TBL,TBL @ BOS,AWAY,W,3,2
2021-2022,2021020378,2021-12-05,TBL,TBL @ PHI,AWAY,W,7,1
2021-2022,2021020375,2021-12-05,TOR,TOR @ MIN,AWAY,L,3,4
2021-2022,2021020376,2021-12-05,VAN,VAN vs. PIT,HOME,L,1,4
2021-2022,2021020372,2021-12-05,WSH,WSH vs. CBJ,HOME,W,3,1
2021-2022,2021020382,2021-12-06,CGY,CGY @ VGK,AWAY,L,2,3
2021-2022,2021020377,2021-12-06,CHI,CHI @ NYI,AWAY,W,3,2
2021-2022,2021020381,2021-12-06,EDM,EDM vs. LAK,HOME,L,1,5
2021-2022,2021020381,2021-12-06,LAK,LAK @ EDM,AWAY,W,5,1
2021-2022,2021020377,2021-12-06,NYI,NYI vs. CHI,HOME,L,2,3
2021-2022,2021020380,2021-12-06,TOR,TOR @ WPG,AWAY,L,3,6
2021-2022,2021020382,2021-12-06,VGK,VGK vs. CGY,HOME,W,3,2
2021-2022,2021020380,2021-12-06,WPG,WPG vs. TOR,HOME,W,6,3
2021-2022,2021020384,2021-12-07,ANA,ANA @ WSH,AWAY,L,3,4
2021-2022,2021020385,2021-12-07,ARI,ARI @ DAL,AWAY,L,1,4
2021-2022,2021020383,2021-12-07,COL,COL @ PHI,AWAY,W,7,5
2021-2022,2021020385,2021-12-07,DAL,DAL vs. ARI,HOME,W,4,1
2021-2022,2021020386,2021-12-07,LAK,LAK @ VAN,AWAY,L,0,4
2021-2022,2021020234,2021-12-07,NJD,NJD vs. OTT,HOME,L,2,3
2021-2022,2021020234,2021-12-07,OTT,OTT @ NJD,AWAY,W,3,2
2021-2022,2021020383,2021-12-07,PHI,PHI vs. COL,HOME,L,5,7
2021-2022,2021020387,2021-12-07,PIT,PIT @ SEA,AWAY,W,6,1
2021-2022,2021020387,2021-12-07,SEA,SEA vs. PIT,HOME,L,1,6
2021-2022,2021020386,2021-12-07,VAN,VAN vs. LAK,HOME,W,4,0
2021-2022,2021020384,2021-12-07,WSH,WSH vs. ANA,HOME,W,4,3
2021-2022,2021020388,2021-12-08,ANA,ANA @ BUF,AWAY,W,2,0
2021-2022,2021020388,2021-12-08,BUF,BUF vs. ANA,HOME,L,0,2
2021-2022,2021020395,2021-12-08,CAR,CAR @ WPG,AWAY,W,4,2
2021-2022,2021020389,2021-12-08,CBJ,CBJ @ TOR,AWAY,L,4,5
2021-2022,2021020397,2021-12-08,CGY,CGY @ SJS,AWAY,L,3,5
2021-2022,2021020393,2021-12-08,CHI,CHI vs. NYR,HOME,L,2,6
2021-2022,2021020392,2021-12-08,DET,DET vs. NSH,HOME,L,2,5
2021-2022,2021020396,2021-12-08,EDM,EDM vs. MIN,HOME,L,1,4
2021-2022,2021020394,2021-12-08,FLA,FLA @ STL,AWAY,L,3,4
2021-2022,2021020396,2021-12-08,MIN,MIN @ EDM,AWAY,W,4,1
2021-2022,2021020390,2021-12-08,MTL,MTL vs. TBL,HOME,L,2,3
2021-2022,2021020392,2021-12-08,NSH,NSH @ DET,AWAY,W,5,2
2021-2022,2021020391,2021-12-08,NYI,NYI @ OTT,AWAY,W,5,3
2021-2022,2021020393,2021-12-08,NYR,NYR @ CHI,AWAY,W,6,2
2021-2022,2021020391,2021-12-08,OTT,OTT vs. NYI,HOME,L,3,5
2021-2022,2021020397,2021-12-08,SJS,SJS vs. CGY,HOME,W,5,3
2021-2022,2021020394,2021-12-08,STL,STL vs. FLA,HOME,W,4,3
2021-2022,2021020390,2021-12-08,TBL,TBL @ MTL,AWAY,W,3,2
2021-2022,2021020389,2021-12-08,TOR,TOR vs. CBJ,HOME,W,5,4
2021-2022,2021020395,2021-12-08,WPG,WPG vs. CAR,HOME,L,2,4
2021-2022,2021020400,2021-12-09,BOS,BOS @ VAN,AWAY,L,1,2
2021-2022,2021020399,2021-12-09,COL,COL @ NYR,AWAY,W,7,3
2021-2022,2021020401,2021-12-09,DAL,DAL @ VGK,AWAY,L,4,5
2021-2022,2021020398,2021-12-09,NJD,NJD vs. PHI,HOME,W,3,0
2021-2022,2021020399,2021-12-09,NYR,NYR vs. COL,HOME,L,3,7
2021-2022,2021020398,2021-12-09,PHI,PHI @ NJD,AWAY,L,0,3
2021-2022,2021020400,2021-12-09,VAN,VAN vs. BOS,HOME,W,2,1
2021-2022,2021020401,2021-12-09,VGK,VGK vs. DAL,HOME,W,5,4
2021-2022,2021020405,2021-12-10,ANA,ANA @ CBJ,AWAY,W,2,1
2021-2022,2021020408,2021-12-10,BOS,BOS @ EDM,AWAY,W,3,2
2021-2022,2021020407,2021-12-10,CAR,CAR @ CGY,AWAY,W,2,1
2021-2022,2021020405,2021-12-10,CBJ,CBJ vs. ANA,HOME,L,1,2
2021-2022,2021020407,2021-12-10,CGY,CGY vs. CAR,HOME,L,1,2
2021-2022,2021020403,2021-12-10,CHI,CHI @ MTL,AWAY,W,2,0
2021-2022,2021020409,2021-12-10,DAL,DAL @ LAK,AWAY,L,0,4
2021-2022,2021020406,2021-12-10,DET,DET @ STL,AWAY,L,2,6
2021-2022,2021020408,2021-12-10,EDM,EDM vs. BOS,HOME,L,2,3
2021-2022,2021020409,2021-12-10,LAK,LAK vs. DAL,HOME,W,4,0
2021-2022,2021020410,2021-12-10,MIN,MIN @ SJS,AWAY,W,5,2
2021-2022,2021020403,2021-12-10,MTL,MTL vs. CHI,HOME,L,0,2
2021-2022,2021020404,2021-12-10,NSH,NSH @ NYI,AWAY,W,4,3
2021-2022,2021020404,2021-12-10,NYI,NYI vs. NSH,HOME,L,3,4
2021-2022,2021020411,2021-12-10,SEA,SEA vs. WPG,HOME,L,0,3
2021-2022,2021020410,2021-12-10,SJS,SJS vs. MIN,HOME,L,2,5
2021-2022,2021020406,2021-12-10,STL,STL vs. DET,HOME,W,6,2
2021-2022,2021020402,2021-12-10,TBL,TBL @ TOR,AWAY,W,5,3
2021-2022,2021020402,2021-12-10,TOR,TOR vs. TBL,HOME,L,3,5
2021-2022,2021020411,2021-12-10,WPG,WPG @ SEA,AWAY,W,3,0
2021-2022,2021020416,2021-12-11,ARI,ARI vs. FLA,HOME,L,1,3
2021-2022,2021020412,2021-12-11,BUF,BUF vs. NYR,HOME,L,1,2
2021-2022,2021020415,2021-12-11,COL,COL vs. DET,HOME,W,7,3
2021-2022,2021020415,2021-12-11,DET,DET @ COL,AWAY,L,3,7
2021-2022,2021020416,2021-12-11,FLA,FLA @ ARI,AWAY,W,3,1
2021-2022,2021020413,2021-12-11,NJD,NJD vs. NSH,HOME,L,2,3
2021-2022,2021020413,2021-12-11,NSH,NSH @ NJD,AWAY,W,3,2
2021-2022,2021020412,2021-12-11,NYR,NYR @ BUF,AWAY,W,2,1
2021-2022,2021020421,2021-12-11,OTT,OTT vs. TBL,HOME,W,4,0
2021-2022,2021020418,2021-12-11,PHI,PHI @ VGK,AWAY,W,4,3
2021-2022,2021020414,2021-12-11,PIT,PIT @ WSH,AWAY,W,4,2
2021-2022,2021020421,2021-12-11,TBL,TBL @ OTT,AWAY,L,0,4
2021-2022,2021020417,2021-12-11,VAN,VAN vs. WPG,HOME,W,4,3
2021-2022,2021020418,2021-12-11,VGK,VGK vs. PHI,HOME,L,3,4
2021-2022,2021020417,2021-12-11,WPG,WPG @ VAN,AWAY,L,3,4
2021-2022,2021020414,2021-12-11,WSH,WSH vs. PIT,HOME,L,2,4
2021-2022,2021020423,2021-12-12,ANA,ANA @ PIT,AWAY,L,0,1
2021-2022,2021020427,2021-12-12,ARI,ARI vs. PHI,HOME,L,3,5
2021-2022,2021020425,2021-12-12,BOS,BOS @ CGY,AWAY,W,4,2
2021-2022,2021020419,2021-12-12,BUF,BUF vs. WSH,HOME,L,2,3
2021-2022,2021020426,2021-12-12,CAR,CAR @ EDM,AWAY,W,3,1
2021-2022,2021020430,2021-12-12,CBJ,CBJ @ SEA,AWAY,W,5,4
2021-2022,2021020425,2021-12-12,CGY,CGY vs. BOS,HOME,L,2,4
2021-2022,2021020420,2021-12-12,CHI,CHI @ TOR,AWAY,L,4,5
2021-2022,2021020429,2021-12-12,DAL,DAL @ SJS,AWAY,L,1,2
2021-2022,2021020426,2021-12-12,EDM,EDM vs. CAR,HOME,L,1,3
2021-2022,2021020428,2021-12-12,LAK,LAK vs. MIN,HOME,W,2,1
2021-2022,2021020428,2021-12-12,MIN,MIN @ LAK,AWAY,L,1,2
2021-2022,2021020424,2021-12-12,MTL,MTL @ STL,AWAY,L,1,4
2021-2022,2021020422,2021-12-12,NJD,NJD @ NYI,AWAY,L,2,4
2021-2022,2021020422,2021-12-12,NYI,NYI vs. NJD,HOME,W,4,2
2021-2022,2021020427,2021-12-12,PHI,PHI @ ARI,AWAY,W,5,3
2021-2022,2021020423,2021-12-12,PIT,PIT vs. ANA,HOME,W,1,0
2021-2022,2021020430,2021-12-12,SEA,SEA vs. CBJ,HOME,L,4,5
2021-2022,2021020429,2021-12-12,SJS,SJS vs. DAL,HOME,W,2,1
2021-2022,2021020424,2021-12-12,STL,STL vs. MTL,HOME,W,4,1
2021-2022,2021020420,2021-12-12,TOR,TOR vs. CHI,HOME,W,5,4
2021-2022,2021020419,2021-12-12,WSH,WSH @ BUF,AWAY,W,3,2
2021-2022,2021020432,2021-12-13,ANA,ANA @ STL,AWAY,W,3,2
2021-2022,2021020434,2021-12-13,CAR,CAR @ VAN,AWAY,L,1,2
2021-2022,2021020433,2021-12-13,COL,COL vs. FLA,HOME,W,3,2
2021-2022,2021020433,2021-12-13,FLA,FLA @ COL,AWAY,L,2,3
2021-2022,2021020435,2021-12-13,MIN,MIN @ VGK,AWAY,L,4,6
2021-2022,2021020431,2021-12-13,NSH,NSH @ NYR,AWAY,W,1,0
2021-2022,2021020431,2021-12-13,NYR,NYR vs. NSH,HOME,L,0,1
2021-2022,2021020432,2021-12-13,STL,STL vs. ANA,HOME,L,2,3
2021-2022,2021020434,2021-12-13,VAN,VAN vs. CAR,HOME,W,2,1
2021-2022,2021020435,2021-12-13,VGK,VGK vs. MIN,HOME,W,6,4
2021-2022,2021020437,2021-12-15,BOS,BOS vs. VGK,HOME,L,1,4
2021-2022,2021020446,2021-12-15,BUF,BUF @ WPG,AWAY,W,4,2
2021-2022,2021020449,2021-12-15,CBJ,CBJ @ VAN,AWAY,L,3,4
2021-2022,2021020447,2021-12-15,COL,COL vs. NYR,HOME,W,4,2
2021-2022,2021020444,2021-12-15,DAL,DAL vs. STL,HOME,L,1,4
2021-2022,2021020438,2021-12-15,DET,DET vs. NYI,HOME,W,2,1
2021-2022,2021020448,2021-12-15,EDM,EDM vs. TOR,HOME,L,1,5
2021-2022,2021020440,2021-12-15,FLA,FLA vs. OTT,HOME,L,2,8
2021-2022,2021020439,2021-12-15,LAK,LAK @ TBL,AWAY,L,2,3
2021-2022,2021020442,2021-12-15,MTL,MTL @ PIT,AWAY,L,2,5
2021-2022,2021020441,2021-12-15,NJD,NJD @ PHI,AWAY,L,1,6
2021-2022,2021020438,2021-12-15,NYI,NYI @ DET,AWAY,L,1,2
2021-2022,2021020447,2021-12-15,NYR,NYR @ COL,AWAY,L,2,4
2021-2022,2021020440,2021-12-15,OTT,OTT @ FLA,AWAY,W,8,2
2021-2022,2021020441,2021-12-15,PHI,PHI vs. NJD,HOME,W,6,1
2021-2022,2021020442,2021-12-15,PIT,PIT vs. MTL,HOME,W,5,2
2021-2022,2021020450,2021-12-15,SEA,SEA @ SJS,AWAY,W,3,1
2021-2022,2021020450,2021-12-15,SJS,SJS vs. SEA,HOME,L,1,3
2021-2022,2021020444,2021-12-15,STL,STL @ DAL,AWAY,W,4,1
2021-2022,2021020439,2021-12-15,TBL,TBL vs. LAK,HOME,W,3,2
2021-2022,2021020448,2021-12-15,TOR,TOR @ EDM,AWAY,W,5,1
2021-2022,2021020449,2021-12-15,VAN,VAN vs. CBJ,HOME,W,4,3
2021-2022,2021020437,2021-12-15,VGK,VGK @ BOS,AWAY,W,4,1
2021-2022,2021020446,2021-12-15,WPG,WPG vs. BUF,HOME,L,2,4
2021-2022,2021020453,2021-12-16,ANA,ANA vs. SEA,HOME,W,4,1
2021-2022,2021020452,2021-12-16,ARI,ARI vs. NYR,HOME,L,2,3
2021-2022,2021020451,2021-12-16,CHI,CHI vs. WSH,HOME,W,5,4
2021-2022,2021020452,2021-12-16,NYR,NYR @ ARI,AWAY,W,3,2
2021-2022,2021020453,2021-12-16,SEA,SEA @ ANA,AWAY,L,1,4
2021-2022,2021020451,2021-12-16,WSH,WSH @ CHI,AWAY,L,4,5
2021-2022,2021020458,2021-12-17,BOS,BOS @ NYI,AWAY,L,1,3
2021-2022,2021020461,2021-12-17,BUF,BUF @ MIN,AWAY,W,3,2
2021-2022,2021020459,2021-12-17,CAR,CAR vs. DET,HOME,W,5,3
2021-2022,2021020463,2021-12-17,CBJ,CBJ @ EDM,AWAY,L,2,5
2021-2022,2021020460,2021-12-17,COL,COL @ NSH,AWAY,L,2,5
2021-2022,2021020459,2021-12-17,DET,DET @ CAR,AWAY,L,3,5
2021-2022,2021020463,2021-12-17,EDM,EDM vs. CBJ,HOME,W,5,2
2021-2022,2021020456,2021-12-17,FLA,FLA vs. LAK,HOME,L,1,4
2021-2022,2021020456,2021-12-17,LAK,LAK @ FLA,AWAY,W,4,1
2021-2022,2021020461,2021-12-17,MIN,MIN vs. BUF,HOME,L,2,3
2021-2022,2021020454,2021-12-17,MTL,MTL vs. PHI,HOME,W,3,2
2021-2022,2021020457,2021-12-17,NJD,NJD vs. VGK,HOME,L,3,5
2021-2022,2021020460,2021-12-17,NSH,NSH vs. COL,HOME,W,5,2
2021-2022,2021020458,2021-12-17,NYI,NYI vs. BOS,HOME,W,3,1
2021-2022,2021020455,2021-12-17,OTT,OTT @ TBL,AWAY,L,1,2
2021-2022,2021020454,2021-12-17,PHI,PHI @ MTL,AWAY,L,2,3
2021-2022,2021020464,2021-12-17,SJS,SJS vs. VAN,HOME,L,2,5
2021-2022,2021020455,2021-12-17,TBL,TBL vs. OTT,HOME,W,2,1
2021-2022,2021020464,2021-12-17,VAN,VAN @ SJS,AWAY,W,5,2
2021-2022,2021020457,2021-12-17,VGK,VGK @ NJD,AWAY,W,5,3
2021-2022,2021020470,2021-12-18,ANA,ANA vs. ARI,HOME,L,5,6
2021-2022,2021020470,2021-12-18,ARI,ARI @ ANA,AWAY,W,6,5
2021-2022,2021020466,2021-12-18,BUF,BUF @ PIT,AWAY,L,2,3
2021-2022,2021020467,2021-12-18,CHI,CHI vs. NSH,HOME,L,2,3
2021-2022,2021020468,2021-12-18,DAL,DAL @ STL,AWAY,L,1,4
2021-2022,2021020467,2021-12-18,NSH,NSH @ CHI,AWAY,W,3,2
2021-2022,2021020465,2021-12-18,NYR,NYR vs. VGK,HOME,L,2,3
2021-2022,2021020466,2021-12-18,PIT,PIT vs. BUF,HOME,W,3,2
2021-2022,2021020468,2021-12-18,STL,STL vs. DAL,HOME,W,4,1
2021-2022,2021020465,2021-12-18,VGK,VGK @ NYR,AWAY,W,3,2
2021-2022,2021020469,2021-12-18,WPG,WPG vs. WSH,HOME,L,2,5
2021-2022,2021020469,2021-12-18,WSH,WSH @ WPG,AWAY,W,5,2
2021-2022,2021020474,2021-12-19,CAR,CAR vs. LAK,HOME,W,5,1
2021-2022,2021020475,2021-12-19,CHI,CHI @ DAL,AWAY,L,3,4
2021-2022,2021020475,2021-12-19,DAL,DAL vs. CHI,HOME,W,4,3
2021-2022,2021020472,2021-12-19,DET,DET vs. NJD,HOME,W,5,2
2021-2022,2021020480,2021-12-19,EDM,EDM @ SEA,AWAY,W,5,3
2021-2022,2021020474,2021-12-19,LAK,LAK @ CAR,AWAY,L,1,5
2021-2022,2021020472,2021-12-19,NJD,NJD @ DET,AWAY,L,2,5
2021-2022,2021020483,2021-12-19,NYI,NYI vs. VGK,HOME,L,3,4
2021-2022,2021020473,2021-12-19,OTT,OTT @ PHI,AWAY,L,3,4
2021-2022,2021020473,2021-12-19,PHI,PHI vs. OTT,HOME,W,4,3
2021-2022,2021020480,2021-12-19,SEA,SEA vs. EDM,HOME,L,3,5
2021-2022,2021020486,2021-12-19,STL,STL @ WPG,AWAY,L,2,4
2021-2022,2021020483,2021-12-19,VGK,VGK @ NYI,AWAY,W,4,3
2021-2022,2021020486,2021-12-19,WPG,WPG vs. STL,HOME,W,4,2
2021-2022,2021020484,2021-12-20,LAK,LAK @ WSH,AWAY,W,3,2
2021-2022,2021020482,2021-12-20,NJD,NJD vs. PIT,HOME,L,2,3
2021-2022,2021020482,2021-12-20,PIT,PIT @ NJD,AWAY,W,3,2
2021-2022,2021020484,2021-12-20,WSH,WSH vs. LAK,HOME,L,2,3
2021-2022,2021020492,2021-12-21,DAL,DAL vs. MIN,HOME,W,7,4
2021-2022,2021020492,2021-12-21,MIN,MIN @ DAL,AWAY,L,4,7
2021-2022,2021020501,2021-12-22,TBL,TBL @ VGK,AWAY,W,4,3
2021-2022,2021020501,2021-12-22,VGK,VGK vs. TBL,HOME,L,3,4
2021-2022,2021020540,2021-12-29,ARI,ARI @ SJS,AWAY,L,7,8
2021-2022,2021020539,2021-12-29,LAK,LAK vs. VGK,HOME,L,3,6
2021-2022,2021020537,2021-12-29,MTL,MTL @ TBL,AWAY,L,4,5
2021-2022,2021020540,2021-12-29,SJS,SJS vs. ARI,HOME,W,8,7
2021-2022,2021020537,2021-12-29,TBL,TBL vs. MTL,HOME,W,5,4
2021-2022,2021020539,2021-12-29,VGK,VGK @ LAK,AWAY,W,6,3
2021-2022,2021020550,2021-12-30,ANA,ANA vs. VAN,HOME,L,1,2
2021-2022,2021020541,2021-12-30,BUF,BUF vs. NJD,HOME,L,3,4
2021-2022,2021020547,2021-12-30,EDM,EDM @ STL,AWAY,L,2,4
2021-2022,2021020544,2021-12-30,FLA,FLA vs. NYR,HOME,W,4,3
2021-2022,2021020541,2021-12-30,NJD,NJD @ BUF,AWAY,W,4,3
2021-2022,2021020546,2021-12-30,NSH,NSH @ WSH,AWAY,L,3,5
2021-2022,2021020544,2021-12-30,NYR,NYR @ FLA,AWAY,L,3,4
2021-2022,2021020551,2021-12-30,PHI,PHI @ SEA,AWAY,W,3,2
2021-2022,2021020551,2021-12-30,SEA,SEA vs. PHI,HOME,L,2,3
2021-2022,2021020547,2021-12-30,STL,STL vs. EDM,HOME,W,4,2
2021-2022,2021020550,2021-12-30,VAN,VAN @ ANA,AWAY,W,2,1
2021-2022,2021020546,2021-12-30,WSH,WSH vs. NSH,HOME,W,5,3
2021-2022,2021020565,2021-12-31,ANA,ANA @ VGK,AWAY,L,1,3
2021-2022,2021020553,2021-12-31,BUF,BUF @ NYI,AWAY,L,1,4
2021-2022,2021020554,2021-12-31,CAR,CAR vs. MTL,HOME,W,4,0
2021-2022,2021020555,2021-12-31,CBJ,CBJ vs. NSH,HOME,W,4,3
2021-2022,2021020558,2021-12-31,CGY,CGY @ SEA,AWAY,W,6,4
2021-2022,2021020562,2021-12-31,EDM,EDM @ NJD,AWAY,L,5,6
2021-2022,2021020552,2021-12-31,FLA,FLA vs. TBL,HOME,W,9,3
2021-2022,2021020556,2021-12-31,LAK,LAK vs. VAN,HOME,W,2,1
2021-2022,2021020554,2021-12-31,MTL,MTL @ CAR,AWAY,L,0,4
2021-2022,2021020562,2021-12-31,NJD,NJD vs. EDM,HOME,W,6,5
2021-2022,2021020555,2021-12-31,NSH,NSH @ CBJ,AWAY,L,3,4
2021-2022,2021020553,2021-12-31,NYI,NYI vs. BUF,HOME,W,4,1
2021-2022,2021020557,2021-12-31,PHI,PHI @ SJS,AWAY,L,2,3
2021-2022,2021020558,2021-12-31,SEA,SEA vs. CGY,HOME,L,4,6
2021-2022,2021020557,2021-12-31,SJS,SJS vs. PHI,HOME,W,3,2
2021-2022,2021020552,2021-12-31,TBL,TBL @ FLA,AWAY,L,3,9
2021-2022,2021020556,2021-12-31,VAN,VAN @ LAK,AWAY,L,1,2
2021-2022,2021020565,2021-12-31,VGK,VGK vs. ANA,HOME,W,3,1
2021-2022,2021020566,2022-01-01,BOS,BOS vs. BUF,HOME,W,4,3
2021-2022,2021020566,2022-01-01,BUF,BUF @ BOS,AWAY,L,3,4
2021-2022,2021020570,2022-01-01,CAR,CAR @ CBJ,AWAY,W,7,4
2021-2022,2021020570,2022-01-01,CBJ,CBJ vs. CAR,HOME,L,4,7
2021-2022,2021020571,2022-01-01,CHI,CHI @ NSH,AWAY,L,1,6
2021-2022,2021020560,2022-01-01,DET,DET vs. WSH,HOME,L,1,3
2021-2022,2021020569,2022-01-01,EDM,EDM @ NYI,AWAY,L,2,3
2021-2022,2021020568,2022-01-01,FLA,FLA vs. MTL,HOME,W,5,2
2021-2022,2021020568,2022-01-01,MTL,MTL @ FLA,AWAY,L,2,5
2021-2022,2021020571,2022-01-01,NSH,NSH vs. CHI,HOME,W,6,1
2021-2022,2021020569,2022-01-01,NYI,NYI vs. EDM,HOME,W,3,2
2021-2022,2021020561,2022-01-01,NYR,NYR @ TBL,AWAY,W,4,3
2021-2022,2021020561,2022-01-01,TBL,TBL vs. NYR,HOME,L,3,4
2021-2022,2021020560,2022-01-01,WSH,WSH @ DET,AWAY,W,3,1
2021-2022,2021020580,2022-01-02,ANA,ANA @ COL,AWAY,L,2,4
2021-2022,2021020575,2022-01-02,BOS,BOS @ DET,AWAY,W,5,1
2021-2022,2021020580,2022-01-02,COL,COL vs. ANA,HOME,W,4,2
2021-2022,2021020575,2022-01-02,DET,DET vs. BOS,HOME,L,1,5
2021-2022,2021020573,2022-01-02,LAK,LAK vs. PHI,HOME,W,6,3
2021-2022,2021020572,2022-01-02,MIN,MIN vs. STL,HOME,L,4,6
2021-2022,2021020578,2022-01-02,NJD,NJD @ WSH,AWAY,W,4,3
2021-2022,2021020576,2022-01-02,NYR,NYR vs. TBL,HOME,W,4,0
2021-2022,2021020567,2022-01-02,OTT,OTT @ TOR,AWAY,L,0,6
2021-2022,2021020573,2022-01-02,PHI,PHI @ LAK,AWAY,L,3,6
2021-2022,2021020577,2022-01-02,PIT,PIT vs. SJS,HOME,W,8,5
2021-2022,2021020574,2022-01-02,SEA,SEA vs. VAN,HOME,L,2,5
2021-2022,2021020577,2022-01-02,SJS,SJS @ PIT,AWAY,L,5,8
2021-2022,2021020572,2022-01-02,STL,STL @ MIN,AWAY,W,6,4
2021-2022,2021020576,2022-01-02,TBL,TBL @ NYR,AWAY,L,0,4
2021-2022,2021020567,2022-01-02,TOR,TOR vs. OTT,HOME,W,6,0
2021-2022,2021020574,2022-01-02,VAN,VAN @ SEA,AWAY,W,5,2
2021-2022,2021020582,2022-01-02,VGK,VGK vs. WPG,HOME,L,4,5
2021-2022,2021020582,2022-01-02,WPG,WPG @ VGK,AWAY,W,5,4
2021-2022,2021020578,2022-01-02,WSH,WSH vs. NJD,HOME,L,3,4
2021-2022,2021020579,2022-01-03,CGY,CGY @ CHI,AWAY,W,5,1
2021-2022,2021020579,2022-01-03,CHI,CHI vs. CGY,HOME,L,1,5
2021-2022,2021020585,2022-01-04,EDM,EDM @ NYR,AWAY,L,1,4
2021-2022,2021020585,2022-01-04,NYR,NYR vs. EDM,HOME,W,4,1
2021-2022,2021020594,2022-01-05,ANA,ANA vs. PHI,HOME,W,4,1
2021-2022,2021020592,2022-01-05,ARI,ARI vs. WPG,HOME,L,1,3
2021-2022,2021020586,2022-01-05,BOS,BOS vs. NJD,HOME,W,5,3
2021-2022,2021020590,2022-01-05,CBJ,CBJ vs. TBL,HOME,L,2,7
2021-2022,2021020589,2022-01-05,CGY,CGY @ FLA,AWAY,L,2,6
2021-2022,2021020591,2022-01-05,CHI,CHI vs. COL,HOME,L,3,4
2021-2022,2021020591,2022-01-05,COL,COL @ CHI,AWAY,W,4,3
2021-2022,2021020588,2022-01-05,DET,DET vs. SJS,HOME,W,6,2
2021-2022,2021020589,2022-01-05,FLA,FLA vs. CGY,HOME,W,6,2
2021-2022,2021020586,2022-01-05,NJD,NJD @ BOS,AWAY,L,3,5
2021-2022,2021020593,2022-01-05,NSH,NSH @ VGK,AWAY,W,3,2
2021-2022,2021020594,2022-01-05,PHI,PHI @ ANA,AWAY,L,1,4
2021-2022,2021020588,2022-01-05,SJS,SJS @ DET,AWAY,L,2,6
2021-2022,2021020590,2022-01-05,TBL,TBL @ CBJ,AWAY,W,7,2
2021-2022,2021020593,2022-01-05,VGK,VGK vs. NSH,HOME,L,2,3
2021-2022,2021020592,2022-01-05,WPG,WPG @ ARI,AWAY,W,3,1
2021-2022,2021020596,2022-01-06,EDM,EDM @ TOR,AWAY,L,2,4
2021-2022,2021020597,2022-01-06,PIT,PIT vs. STL,HOME,W,5,3
2021-2022,2021020597,2022-01-06,STL,STL @ PIT,AWAY,L,3,5
2021-2022,2021020596,2022-01-06,TOR,TOR vs. EDM,HOME,W,4,2
2021-2022,2021020607,2022-01-07,ARI,ARI vs. CHI,HOME,W,6,4
2021-2022,2021020599,2022-01-07,BOS,BOS vs. MIN,HOME,L,2,3
2021-2022,2021020600,2022-01-07,BUF,BUF vs. SJS,HOME,L,2,3
2021-2022,2021020603,2022-01-07,CBJ,CBJ @ NJD,AWAY,L,1,3
2021-2022,2021020602,2022-01-07,CGY,CGY @ TBL,AWAY,L,1,4
2021-2022,2021020607,2022-01-07,CHI,CHI @ ARI,AWAY,L,4,6
2021-2022,2021020606,2022-01-07,COL,COL vs. WPG,HOME,W,7,1
2021-2022,2021020605,2022-01-07,DAL,DAL vs. FLA,HOME,W,6,5
2021-2022,2021020605,2022-01-07,FLA,FLA @ DAL,AWAY,L,5,6
2021-2022,2021020610,2022-01-07,LAK,LAK vs. NSH,HOME,L,2,4
2021-2022,2021020599,2022-01-07,MIN,MIN @ BOS,AWAY,W,3,2
2021-2022,2021020603,2022-01-07,NJD,NJD vs. CBJ,HOME,W,3,1
2021-2022,2021020610,2022-01-07,NSH,NSH @ LAK,AWAY,W,4,2
2021-2022,2021020608,2022-01-07,NYR,NYR @ VGK,AWAY,L,1,5
2021-2022,2021020604,2022-01-07,PHI,PHI vs. PIT,HOME,L,2,6
2021-2022,2021020604,2022-01-07,PIT,PIT @ PHI,AWAY,W,6,2
2021-2022,2021020600,2022-01-07,SJS,SJS @ BUF,AWAY,W,3,2
2021-2022,2021020602,2022-01-07,TBL,TBL vs. CGY,HOME,W,4,1
2021-2022,2021020608,2022-01-07,VGK,VGK vs. NYR,HOME,W,5,1
2021-2022,2021020606,2022-01-07,WPG,WPG @ COL,AWAY,L,1,7
2021-2022,2021020612,2022-01-08,CAR,CAR vs. CGY,HOME,W,6,3
2021-2022,2021020612,2022-01-08,CGY,CGY @ CAR,AWAY,L,3,6
2021-2022,2021020619,2022-01-08,DAL,DAL vs. PIT,HOME,W,3,2
2021-2022,2021020619,2022-01-08,PIT,PIT @ DAL,AWAY,L,2,3
2021-2022,2021020613,2022-01-08,STL,STL vs. WSH,HOME,W,5,1
2021-2022,2021020613,2022-01-08,WSH,WSH @ STL,AWAY,L,1,5
2021-2022,2021020627,2022-01-09,ANA,ANA vs. NYR,HOME,L,1,4
2021-2022,2021020624,2022-01-09,ARI,ARI vs. NSH,HOME,L,2,4
2021-2022,2021020615,2022-01-09,BOS,BOS @ TBL,AWAY,W,5,2
2021-2022,2021020617,2022-01-09,CAR,CAR vs. FLA,HOME,L,3,4
2021-2022,2021020618,2022-01-09,CBJ,CBJ vs. NJD,HOME,W,4,3
2021-2022,2021020626,2022-01-09,CHI,CHI @ VGK,AWAY,W,2,1
2021-2022,2021020622,2022-01-09,COL,COL vs. TOR,HOME,W,5,4
2021-2022,2021020629,2022-01-09,DAL,DAL @ STL,AWAY,L,1,2
2021-2022,2021020628,2022-01-09,DET,DET @ LAK,AWAY,L,0,4
2021-2022,2021020617,2022-01-09,FLA,FLA @ CAR,AWAY,W,4,3
2021-2022,2021020628,2022-01-09,LAK,LAK vs. DET,HOME,W,4,0
2021-2022,2021020620,2022-01-09,MIN,MIN vs. WSH,HOME,W,3,2
2021-2022,2021020618,2022-01-09,NJD,NJD @ CBJ,AWAY,L,3,4
2021-2022,2021020624,2022-01-09,NSH,NSH @ ARI,AWAY,W,4,2
2021-2022,2021020627,2022-01-09,NYR,NYR @ ANA,AWAY,W,4,1
2021-2022,2021020616,2022-01-09,PHI,PHI vs. SJS,HOME,L,2,3
2021-2022,2021020616,2022-01-09,SJS,SJS @ PHI,AWAY,W,3,2
2021-2022,2021020629,2022-01-09,STL,STL vs. DAL,HOME,W,2,1
2021-2022,2021020615,2022-01-09,TBL,TBL vs. BOS,HOME,L,2,5
2021-2022,2021020622,2022-01-09,TOR,TOR @ COL,AWAY,L,4,5
2021-2022,2021020626,2022-01-09,VGK,VGK vs. CHI,HOME,L,1,2
2021-2022,2021020620,2022-01-09,WSH,WSH @ MIN,AWAY,L,2,3
2021-2022,2021020609,2022-01-10,ANA,ANA vs. DET,HOME,W,4,3
2021-2022,2021020609,2022-01-10,DET,DET @ ANA,AWAY,L,3,4
2021-2022,2021020632,2022-01-11,BOS,BOS @ WSH,AWAY,W,7,3
2021-2022,2021020634,2022-01-11,COL,COL vs. SEA,HOME,W,4,3
2021-2022,2021020636,2022-01-11,LAK,LAK vs. NYR,HOME,W,3,1
2021-2022,2021020636,2022-01-11,NYR,NYR @ LAK,AWAY,L,1,3
2021-2022,2021020634,2022-01-11,SEA,SEA @ COL,AWAY,L,3,4
2021-2022,2021020632,2022-01-11,WSH,WSH vs. BOS,HOME,L,3,7
2021-2022,2021020644,2022-01-12,ANA,ANA vs. PIT,HOME,L,1,4
2021-2022,2021020637,2022-01-12,BUF,BUF vs. TBL,HOME,L,1,6
2021-2022,2021020640,2022-01-12,CBJ,CBJ vs. CHI,HOME,L,2,4
2021-2022,2021020640,2022-01-12,CHI,CHI @ CBJ,AWAY,W,4,2
2021-2022,2021020641,2022-01-12,COL,COL @ NSH,AWAY,L,4,5
2021-2022,2021020645,2022-01-12,DET,DET @ SJS,AWAY,L,2,3
2021-2022,2021020638,2022-01-12,FLA,FLA vs. VAN,HOME,W,5,2
2021-2022,2021020641,2022-01-12,NSH,NSH vs. COL,HOME,W,5,4
2021-2022,2021020644,2022-01-12,PIT,PIT @ ANA,AWAY,W,4,1
2021-2022,2021020645,2022-01-12,SJS,SJS vs. DET,HOME,W,3,2
2021-2022,2021020637,2022-01-12,TBL,TBL @ BUF,AWAY,W,6,1
2021-2022,2021020643,2022-01-12,TOR,TOR @ VGK,AWAY,W,4,3
2021-2022,2021020638,2022-01-12,VAN,VAN @ FLA,AWAY,L,2,5
2021-2022,2021020643,2022-01-12,VGK,VGK vs. TOR,HOME,L,3,4
2021-2022,2021020649,2022-01-13,ARI,ARI vs. TOR,HOME,W,2,1
2021-2022,2021021000,2022-01-13,BOS,BOS vs. MTL,HOME,W,5,1
2021-2022,2021020647,2022-01-13,DAL,DAL vs. SEA,HOME,W,5,2
2021-2022,2021021000,2022-01-13,MTL,MTL @ BOS,AWAY,L,1,5
2021-2022,2021020647,2022-01-13,SEA,SEA @ DAL,AWAY,L,2,5
2021-2022,2021020649,2022-01-13,TOR,TOR @ ARI,AWAY,L,1,2
2021-2022,2021020650,2022-01-14,BOS,BOS vs. PHI,HOME,W,3,2
2021-2022,2021020657,2022-01-14,BUF,BUF @ NSH,AWAY,W,4,1
2021-2022,2021020654,2022-01-14,CAR,CAR vs. CBJ,HOME,L,0,6
2021-2022,2021020654,2022-01-14,CBJ,CBJ @ CAR,AWAY,W,6,0
2021-2022,2021020658,2022-01-14,CGY,CGY vs. OTT,HOME,L,1,4
2021-2022,2021020655,2022-01-14,CHI,CHI vs. MTL,HOME,W,3,2
2021-2022,2021020651,2022-01-14,DET,DET vs. WPG,HOME,L,0,3
2021-2022,2021020659,2022-01-14,LAK,LAK vs. PIT,HOME,W,6,2
2021-2022,2021020655,2022-01-14,MTL,MTL @ CHI,AWAY,L,2,3
2021-2022,2021020653,2022-01-14,NJD,NJD @ NYI,AWAY,L,2,3
2021-2022,2021020657,2022-01-14,NSH,NSH vs. BUF,HOME,L,1,4
2021-2022,2021020653,2022-01-14,NYI,NYI vs. NJD,HOME,W,3,2
2021-2022,2021020660,2022-01-14,NYR,NYR @ SJS,AWAY,W,3,0
2021-2022,2021020658,2022-01-14,OTT,OTT @ CGY,AWAY,W,4,1
2021-2022,2021020650,2022-01-14,PHI,PHI @ BOS,AWAY,L,2,3
2021-2022,2021020659,2022-01-14,PIT,PIT @ LAK,AWAY,L,2,6
2021-2022,2021020656,2022-01-14,SEA,SEA @ STL,AWAY,L,1,2
2021-2022,2021020660,2022-01-14,SJS,SJS vs. NYR,HOME,L,0,3
2021-2022,2021020656,2022-01-14,STL,STL vs. SEA,HOME,W,2,1
2021-2022,2021020652,2022-01-14,TBL,TBL vs. VAN,HOME,W,4,2
2021-2022,2021020652,2022-01-14,VAN,VAN @ TBL,AWAY,L,2,4
2021-2022,2021020651,2022-01-14,WPG,WPG @ DET,AWAY,W,3,0
2021-2022,2021020662,2022-01-15,ANA,ANA @ MIN,AWAY,L,3,7
2021-2022,2021020663,2022-01-15,ARI,ARI @ COL,AWAY,L,3,4
2021-2022,2021020665,2022-01-15,BOS,BOS vs. NSH,HOME,W,4,3
2021-2022,2021020672,2022-01-15,CAR,CAR vs. VAN,HOME,W,4,1
2021-2022,2021020669,2022-01-15,CBJ,CBJ @ FLA,AWAY,L,2,9
2021-2022,2021020663,2022-01-15,COL,COL vs. ARI,HOME,W,4,3
2021-2022,2021020661,2022-01-15,DAL,DAL @ FLA,AWAY,L,1,7
2021-2022,2021020661,2022-01-15,FLA,FLA vs. DAL,HOME,W,7,1
2021-2022,2021020669,2022-01-15,FLA,FLA vs. CBJ,HOME,W,9,2
2021-2022,2021020662,2022-01-15,MIN,MIN vs. ANA,HOME,W,7,3
2021-2022,2021020665,2022-01-15,NSH,NSH @ BOS,AWAY,L,3,4
2021-2022,2021020670,2022-01-15,NYI,NYI vs. WSH,HOME,L,0,2
2021-2022,2021020672,2022-01-15,VAN,VAN @ CAR,AWAY,L,1,4
2021-2022,2021020670,2022-01-15,WSH,WSH @ NYI,AWAY,W,2,0
2021-2022,2021020673,2022-01-16,ANA,ANA @ CHI,AWAY,L,0,3
2021-2022,2021020677,2022-01-16,ARI,ARI vs. COL,HOME,L,0,5
2021-2022,2021020667,2022-01-16,BUF,BUF @ DET,AWAY,L,0,4
2021-2022,2021020673,2022-01-16,CHI,CHI vs. ANA,HOME,W,3,0
2021-2022,2021020677,2022-01-16,COL,COL @ ARI,AWAY,W,5,0
2021-2022,2021020668,2022-01-16,DAL,DAL @ TBL,AWAY,L,1,3
2021-2022,2021020667,2022-01-16,DET,DET vs. BUF,HOME,W,4,0
2021-2022,2021020635,2022-01-16,EDM,EDM vs. OTT,HOME,L,4,6
2021-2022,2021020679,2022-01-16,LAK,LAK @ SEA,AWAY,W,3,1
2021-2022,2021020671,2022-01-16,NYR,NYR @ PHI,AWAY,W,3,2
2021-2022,2021020635,2022-01-16,OTT,OTT @ EDM,AWAY,W,6,4
2021-2022,2021020671,2022-01-16,PHI,PHI vs. NYR,HOME,L,2,3
2021-2022,2021020678,2022-01-16,PIT,PIT @ SJS,AWAY,W,2,1
2021-2022,2021020679,2022-01-16,SEA,SEA vs. LAK,HOME,L,1,3
2021-2022,2021020678,2022-01-16,SJS,SJS vs. PIT,HOME,L,1,2
2021-2022,2021020674,2022-01-16,STL,STL vs. TOR,HOME,L,5,6
2021-2022,2021020668,2022-01-16,TBL,TBL vs. DAL,HOME,W,3,1
2021-2022,2021020674,2022-01-16,TOR,TOR @ STL,AWAY,W,6,5
2021-2022,2021020680,2022-01-16,VAN,VAN @ WSH,AWAY,W,4,2
2021-2022,2021020680,2022-01-16,WSH,WSH vs. VAN,HOME,L,2,4
2021-2022,2021020687,2022-01-17,ARI,ARI vs. MTL,HOME,W,5,2
2021-2022,2021020682,2022-01-17,BUF,BUF vs. DET,HOME,L,2,3
2021-2022,2021020690,2022-01-17,CHI,CHI @ SEA,AWAY,L,2,3
2021-2022,2021020686,2022-01-17,COL,COL vs. MIN,HOME,W,4,3
2021-2022,2021020682,2022-01-17,DET,DET @ BUF,AWAY,W,3,2
2021-2022,2021020689,2022-01-17,LAK,LAK @ SJS,AWAY,L,2,6
2021-2022,2021020686,2022-01-17,MIN,MIN @ COL,AWAY,L,3,4
2021-2022,2021020687,2022-01-17,MTL,MTL @ ARI,AWAY,L,2,5
2021-2022,2021020690,2022-01-17,SEA,SEA vs. CHI,HOME,W,3,2
2021-2022,2021020689,2022-01-17,SJS,SJS vs. LAK,HOME,W,6,2
2021-2022,2021020685,2022-01-18,NSH,NSH @ STL,AWAY,L,3,5
2021-2022,2021020684,2022-01-18,NYI,NYI vs. PHI,HOME,W,4,1
2021-2022,2021020684,2022-01-18,PHI,PHI @ NYI,AWAY,L,1,4
2021-2022,2021020688,2022-01-18,PIT,PIT @ VGK,AWAY,W,5,3
2021-2022,2021020685,2022-01-18,STL,STL vs. NSH,HOME,W,5,3
2021-2022,2021020688,2022-01-18,VGK,VGK vs. PIT,HOME,L,3,5
2021-2022,2021020691,2022-01-19,BOS,BOS vs. CAR,HOME,L,1,7
2021-2022,2021020692,2022-01-19,BUF,BUF @ OTT,AWAY,W,3,1
2021-2022,2021020691,2022-01-19,CAR,CAR @ BOS,AWAY,W,7,1
2021-2022,2021020698,2022-01-19,CGY,CGY vs. FLA,HOME,W,5,1
2021-2022,2021020697,2022-01-19,DAL,DAL vs. MTL,HOME,L,3,5
2021-2022,2021020698,2022-01-19,FLA,FLA @ CGY,AWAY,L,1,5
2021-2022,2021020700,2022-01-19,LAK,LAK vs. TBL,HOME,L,4,6
2021-2022,2021020697,2022-01-19,MTL,MTL @ DAL,AWAY,W,5,3
2021-2022,2021020696,2022-01-19,NSH,NSH vs. VAN,HOME,L,1,3
2021-2022,2021020340,2022-01-19,NYI,NYI @ PHI,AWAY,W,4,3
2021-2022,2021020692,2022-01-19,OTT,OTT vs. BUF,HOME,L,1,3
2021-2022,2021020340,2022-01-19,PHI,PHI vs. NYI,HOME,L,3,4
2021-2022,2021020700,2022-01-19,TBL,TBL @ LAK,AWAY,W,6,4
2021-2022,2021020696,2022-01-19,VAN,VAN @ NSH,AWAY,W,3,1
2021-2022,2021020695,2022-01-19,WPG,WPG @ WSH,AWAY,L,3,4
2021-2022,2021020695,2022-01-19,WSH,WSH vs. WPG,HOME,W,4,3
2021-2022,2021020703,2022-01-20,ANA,ANA vs. COL,HOME,L,0,2
2021-2022,2021020701,2022-01-20,ARI,ARI @ NJD,AWAY,W,4,1
2021-2022,2021020703,2022-01-20,COL,COL @ ANA,AWAY,W,2,0
2021-2022,2021020701,2022-01-20,NJD,NJD vs. ARI,HOME,L,1,4
2021-2022,2021020702,2022-01-20,NYR,NYR vs. TOR,HOME,W,6,3
2021-2022,2021020702,2022-01-20,TOR,TOR @ NYR,AWAY,L,3,6
2021-2022,2021020704,2022-01-21,BOS,BOS vs. WSH,HOME,W,4,3
2021-2022,2021020705,2022-01-21,BUF,BUF vs. DAL,HOME,L,4,5
2021-2022,2021020706,2022-01-21,CBJ,CBJ @ PHI,AWAY,W,2,1
2021-2022,2021020711,2022-01-21,COL,COL @ LAK,AWAY,W,4,1
2021-2022,2021020705,2022-01-21,DAL,DAL @ BUF,AWAY,W,5,4
2021-2022,2021020709,2022-01-21,EDM,EDM vs. FLA,HOME,L,0,6
2021-2022,2021020709,2022-01-21,FLA,FLA @ EDM,AWAY,W,6,0
2021-2022,2021020711,2022-01-21,LAK,LAK vs. COL,HOME,L,1,4
2021-2022,2021020710,2022-01-21,MTL,MTL @ VGK,AWAY,L,3,4
2021-2022,2021020708,2022-01-21,NSH,NSH vs. WPG,HOME,W,5,2
2021-2022,2021020707,2022-01-21,OTT,OTT @ PIT,AWAY,L,4,6
2021-2022,2021020706,2022-01-21,PHI,PHI vs. CBJ,HOME,L,1,2
2021-2022,2021020707,2022-01-21,PIT,PIT vs. OTT,HOME,W,6,4
2021-2022,2021020712,2022-01-21,SEA,SEA vs. SJS,HOME,W,3,2
2021-2022,2021020712,2022-01-21,SJS,SJS @ SEA,AWAY,L,2,3
2021-2022,2021020710,2022-01-21,VGK,VGK vs. MTL,HOME,W,4,3
2021-2022,2021020708,2022-01-21,WPG,WPG @ NSH,AWAY,L,2,5
2021-2022,2021020704,2022-01-21,WSH,WSH @ BOS,AWAY,L,3,4
2021-2022,2021020719,2022-01-22,ANA,ANA vs. TBL,HOME,W,5,1
2021-2022,2021020714,2022-01-22,ARI,ARI @ NYI,AWAY,L,0,4
2021-2022,2021020721,2022-01-22,BOS,BOS vs. WPG,HOME,W,3,2
2021-2022,2021020722,2022-01-22,BUF,BUF vs. PHI,HOME,W,6,3
2021-2022,2021020715,2022-01-22,CAR,CAR vs. NYR,HOME,W,6,3
2021-2022,2021020716,2022-01-22,CBJ,CBJ vs. PIT,HOME,L,2,5
2021-2022,2021020717,2022-01-22,CHI,CHI vs. MIN,HOME,L,1,5
2021-2022,2021020713,2022-01-22,DAL,DAL @ DET,AWAY,W,5,4
2021-2022,2021020713,2022-01-22,DET,DET vs. DAL,HOME,L,4,5
2021-2022,2021020718,2022-01-22,FLA,FLA @ VAN,AWAY,W,2,1
2021-2022,2021020717,2022-01-22,MIN,MIN @ CHI,AWAY,W,5,1
2021-2022,2021020714,2022-01-22,NYI,NYI vs. ARI,HOME,W,4,0
2021-2022,2021020715,2022-01-22,NYR,NYR @ CAR,AWAY,L,3,6
2021-2022,2021020722,2022-01-22,PHI,PHI @ BUF,AWAY,L,3,6
2021-2022,2021020716,2022-01-22,PIT,PIT @ CBJ,AWAY,W,5,2
2021-2022,2021020720,2022-01-22,SEA,SEA vs. STL,HOME,L,0,5
2021-2022,2021020720,2022-01-22,STL,STL @ SEA,AWAY,W,5,0
2021-2022,2021020719,2022-01-22,TBL,TBL @ ANA,AWAY,L,1,5
2021-2022,2021020718,2022-01-22,VAN,VAN vs. FLA,HOME,L,1,2
2021-2022,2021020721,2022-01-22,WPG,WPG @ BOS,AWAY,L,2,3
2021-2022,2021020725,2022-01-23,ARI,ARI @ NYR,AWAY,L,3,7
2021-2022,2021020724,2022-01-23,CAR,CAR @ NJD,AWAY,L,4,7
2021-2022,2021020734,2022-01-23,CBJ,CBJ vs. OTT,HOME,L,1,2
2021-2022,2021020730,2022-01-23,CGY,CGY @ EDM,AWAY,L,3,5
2021-2022,2021020728,2022-01-23,CHI,CHI @ MIN,AWAY,L,3,4
2021-2022,2021020729,2022-01-23,COL,COL vs. MTL,HOME,W,3,2
2021-2022,2021020727,2022-01-23,DET,DET @ NSH,AWAY,L,1,4
2021-2022,2021020730,2022-01-23,EDM,EDM vs. CGY,HOME,W,5,3
2021-2022,2021020728,2022-01-23,MIN,MIN vs. CHI,HOME,W,4,3
2021-2022,2021020729,2022-01-23,MTL,MTL @ COL,AWAY,L,2,3
2021-2022,2021020724,2022-01-23,NJD,NJD vs. CAR,HOME,W,7,4
2021-2022,2021020727,2022-01-23,NSH,NSH vs. DET,HOME,W,4,1
2021-2022,2021021211,2022-01-23,NYI,NYI vs. TOR,HOME,L,1,3
2021-2022,2021020725,2022-01-23,NYR,NYR vs. ARI,HOME,W,7,3
2021-2022,2021020726,2022-01-23,OTT,OTT @ WSH,AWAY,L,2,3
2021-2022,2021020734,2022-01-23,OTT,OTT @ CBJ,AWAY,W,2,1
2021-2022,2021020733,2022-01-23,PIT,PIT vs. WPG,HOME,W,3,2
2021-2022,2021020731,2022-01-23,SJS,SJS vs. TBL,HOME,L,1,7
2021-2022,2021020731,2022-01-23,TBL,TBL @ SJS,AWAY,W,7,1
2021-2022,2021021211,2022-01-23,TOR,TOR @ NYI,AWAY,W,3,1
2021-2022,2021020733,2022-01-23,WPG,WPG @ PIT,AWAY,L,2,3
2021-2022,2021020726,2022-01-23,WSH,WSH vs. OTT,HOME,W,3,2
2021-2022,2021020736,2022-01-24,FLA,FLA @ SEA,AWAY,L,3,5
2021-2022,2021020732,2022-01-24,LAK,LAK @ NJD,AWAY,W,3,2
2021-2022,2021020732,2022-01-24,NJD,NJD vs. LAK,HOME,L,2,3
2021-2022,2021020736,2022-01-24,SEA,SEA vs. FLA,HOME,W,5,3
2021-2022,2021020735,2022-01-24,STL,STL @ VAN,AWAY,W,3,1
2021-2022,2021020735,2022-01-24,VAN,VAN vs. STL,HOME,L,1,3
2021-2022,2021020737,2022-01-25,ANA,ANA @ BOS,AWAY,W,5,3
2021-2022,2021020737,2022-01-25,BOS,BOS vs. ANA,HOME,L,3,5
2021-2022,2021020743,2022-01-25,CGY,CGY vs. STL,HOME,W,7,1
2021-2022,2021020742,2022-01-25,CHI,CHI @ COL,AWAY,L,0,2
2021-2022,2021020742,2022-01-25,COL,COL vs. CHI,HOME,W,2,0
2021-2022,2021020739,2022-01-25,DAL,DAL @ PHI,AWAY,W,3,1
2021-2022,2021020738,2022-01-25,LAK,LAK @ NYR,AWAY,L,2,3
2021-2022,2021020741,2022-01-25,MIN,MIN vs. MTL,HOME,W,8,2
2021-2022,2021020741,2022-01-25,MTL,MTL @ MIN,AWAY,L,2,8
2021-2022,2021020738,2022-01-25,NYR,NYR vs. LAK,HOME,W,3,2
2021-2022,2021020739,2022-01-25,PHI,PHI vs. DAL,HOME,L,1,3
2021-2022,2021020743,2022-01-25,STL,STL @ CGY,AWAY,L,1,7
2021-2022,2021020740,2022-01-25,VGK,VGK @ WSH,AWAY,W,1,0
2021-2022,2021020740,2022-01-25,WSH,WSH vs. VGK,HOME,L,0,1
2021-2022,2021020747,2022-01-26,ARI,ARI @ PIT,AWAY,L,3,6
2021-2022,2021020744,2022-01-26,BUF,BUF @ OTT,AWAY,L,0,5
2021-2022,2021020748,2022-01-26,CAR,CAR vs. VGK,HOME,W,4,3
2021-2022,2021020745,2022-01-26,DAL,DAL @ NJD,AWAY,W,5,1
2021-2022,2021020750,2022-01-26,EDM,EDM @ VAN,AWAY,W,3,2
2021-2022,2021020749,2022-01-26,FLA,FLA @ WPG,AWAY,W,5,3
2021-2022,2021020745,2022-01-26,NJD,NJD vs. DAL,HOME,L,1,5
2021-2022,2021020751,2022-01-26,NSH,NSH @ SEA,AWAY,W,4,2
2021-2022,2021020746,2022-01-26,NYI,NYI vs. PHI,HOME,W,4,3
2021-2022,2021020744,2022-01-26,OTT,OTT vs. BUF,HOME,W,5,0
2021-2022,2021020746,2022-01-26,PHI,PHI @ NYI,AWAY,L,3,4
2021-2022,2021020747,2022-01-26,PIT,PIT vs. ARI,HOME,W,6,3
2021-2022,2021020751,2022-01-26,SEA,SEA vs. NSH,HOME,L,2,4
2021-2022,2021020750,2022-01-26,VAN,VAN vs. EDM,HOME,L,2,3
2021-2022,2021020748,2022-01-26,VGK,VGK @ CAR,AWAY,L,3,4
2021-2022,2021020749,2022-01-26,WPG,WPG vs. FLA,HOME,L,3,5
2021-2022,2021020752,2022-01-27,ANA,ANA @ TOR,AWAY,L,3,4
2021-2022,2021020756,2022-01-27,BOS,BOS @ COL,AWAY,L,3,4
2021-2022,2021020755,2022-01-27,CBJ,CBJ vs. CGY,HOME,L,0,6
2021-2022,2021020755,2022-01-27,CGY,CGY @ CBJ,AWAY,W,6,0
2021-2022,2021020753,2022-01-27,CHI,CHI @ DET,AWAY,W,8,5
2021-2022,2021020756,2022-01-27,COL,COL vs. BOS,HOME,W,4,3
2021-2022,2021020753,2022-01-27,DET,DET vs. CHI,HOME,L,5,8
2021-2022,2021020754,2022-01-27,SJS,SJS @ WSH,AWAY,W,4,1
2021-2022,2021020752,2022-01-27,TOR,TOR vs. ANA,HOME,W,4,3
2021-2022,2021020754,2022-01-27,WSH,WSH vs. SJS,HOME,L,1,4
2021-2022,2021020757,2022-01-28,ANA,ANA @ MTL,AWAY,W,5,4
2021-2022,2021020758,2022-01-28,CAR,CAR @ OTT,AWAY,W,3,2
2021-2022,2021020763,2022-01-28,CBJ,CBJ vs. NYR,HOME,W,5,3
2021-2022,2021020764,2022-01-28,CGY,CGY @ STL,AWAY,L,1,5
2021-2022,2021020766,2022-01-28,EDM,EDM vs. NSH,HOME,W,3,2
2021-2022,2021020760,2022-01-28,FLA,FLA vs. VGK,HOME,W,4,1
2021-2022,2021020761,2022-01-28,LAK,LAK @ NYI,AWAY,W,3,2
2021-2022,2021020757,2022-01-28,MTL,MTL vs. ANA,HOME,L,4,5
2021-2022,2021020759,2022-01-28,NJD,NJD @ TBL,AWAY,L,2,3
2021-2022,2021020766,2022-01-28,NSH,NSH @ EDM,AWAY,L,2,3
2021-2022,2021020761,2022-01-28,NYI,NYI vs. LAK,HOME,L,2,3
2021-2022,2021020763,2022-01-28,NYR,NYR @ CBJ,AWAY,L,3,5
2021-2022,2021020758,2022-01-28,OTT,OTT vs. CAR,HOME,L,2,3
2021-2022,2021020762,2022-01-28,PIT,PIT vs. SEA,HOME,L,1,2
2021-2022,2021020762,2022-01-28,SEA,SEA @ PIT,AWAY,W,2,1
2021-2022,2021020764,2022-01-28,STL,STL vs. CGY,HOME,W,5,1
2021-2022,2021020759,2022-01-28,TBL,TBL vs. NJD,HOME,W,3,2
2021-2022,2021020765,2022-01-28,VAN,VAN @ WPG,AWAY,W,5,1
2021-2022,2021020760,2022-01-28,VGK,VGK @ FLA,AWAY,L,1,4
2021-2022,2021020765,2022-01-28,WPG,WPG vs. VAN,HOME,L,1,5
2021-2022,2021020773,2022-01-29,ANA,ANA @ OTT,AWAY,W,2,1
2021-2022,2021020771,2022-01-29,ARI,ARI vs. BOS,HOME,L,1,2
2021-2022,2021020771,2022-01-29,BOS,BOS @ ARI,AWAY,W,2,1
2021-2022,2021020769,2022-01-29,CHI,CHI vs. COL,HOME,L,4,6
2021-2022,2021020769,2022-01-29,COL,COL @ CHI,AWAY,W,6,4
2021-2022,2021020770,2022-01-29,DAL,DAL vs. WSH,HOME,L,0,5
2021-2022,2021020768,2022-01-29,DET,DET @ PIT,AWAY,W,3,2
2021-2022,2021020776,2022-01-29,FLA,FLA vs. SJS,HOME,W,5,4
2021-2022,2021020778,2022-01-29,LAK,LAK @ PHI,AWAY,L,3,4
2021-2022,2021020767,2022-01-29,MIN,MIN @ NYR,AWAY,W,3,2
2021-2022,2021020767,2022-01-29,NYR,NYR vs. MIN,HOME,L,2,3
2021-2022,2021020773,2022-01-29,OTT,OTT vs. ANA,HOME,L,1,2
2021-2022,2021020778,2022-01-29,PHI,PHI vs. LAK,HOME,W,4,3
2021-2022,2021020768,2022-01-29,PIT,PIT vs. DET,HOME,L,2,3
2021-2022,2021020776,2022-01-29,SJS,SJS @ FLA,AWAY,L,4,5
2021-2022,2021020780,2022-01-29,STL,STL vs. WPG,HOME,L,1,4
2021-2022,2021020780,2022-01-29,WPG,WPG @ STL,AWAY,W,4,1
2021-2022,2021020770,2022-01-29,WSH,WSH @ DAL,AWAY,W,5,0
2021-2022,2021020782,2022-01-30,ARI,ARI vs. BUF,HOME,L,1,3
2021-2022,2021020782,2022-01-30,BUF,BUF @ ARI,AWAY,W,3,1
2021-2022,2021020779,2022-01-30,CAR,CAR vs. NJD,HOME,W,2,1
2021-2022,2021020787,2022-01-30,CAR,CAR vs. SJS,HOME,W,2,1
2021-2022,2021020781,2022-01-30,CGY,CGY vs. VAN,HOME,W,1,0
2021-2022,2021020774,2022-01-30,DET,DET vs. TOR,HOME,L,4,7
2021-2022,2021020772,2022-01-30,EDM,EDM @ MTL,AWAY,W,7,2
2021-2022,2021020786,2022-01-30,LAK,LAK @ PIT,AWAY,W,4,3
2021-2022,2021020772,2022-01-30,MTL,MTL vs. EDM,HOME,L,2,7
2021-2022,2021020779,2022-01-30,NJD,NJD @ CAR,AWAY,L,1,2
2021-2022,2021020785,2022-01-30,NYR,NYR vs. SEA,HOME,W,3,2
2021-2022,2021020786,2022-01-30,PIT,PIT vs. LAK,HOME,L,3,4
2021-2022,2021020785,2022-01-30,SEA,SEA @ NYR,AWAY,L,2,3
2021-2022,2021020787,2022-01-30,SJS,SJS @ CAR,AWAY,L,1,2
2021-2022,2021020775,2022-01-30,TBL,TBL vs. VGK,HOME,L,2,3
2021-2022,2021020774,2022-01-30,TOR,TOR @ DET,AWAY,W,7,4
2021-2022,2021020781,2022-01-30,VAN,VAN @ CGY,AWAY,L,0,1
2021-2022,2021020775,2022-01-30,VGK,VGK @ TBL,AWAY,W,3,2
2021-2022,2021020789,2022-01-31,BOS,BOS @ DAL,AWAY,L,1,6
2021-2022,2021020790,2022-01-31,BUF,BUF @ COL,AWAY,L,1,4
2021-2022,2021020783,2022-01-31,CBJ,CBJ @ MTL,AWAY,W,6,3
2021-2022,2021020790,2022-01-31,COL,COL vs. BUF,HOME,W,4,1
2021-2022,2021020789,2022-01-31,DAL,DAL vs. BOS,HOME,W,6,1
2021-2022,2021020784,2022-01-31,MIN,MIN @ NYI,AWAY,W,4,3
2021-2022,2021020783,2022-01-31,MTL,MTL vs. CBJ,HOME,L,3,6
2021-2022,2021020784,2022-01-31,NYI,NYI vs. MIN,HOME,L,3,4
2021-2022,2021020792,2022-02-01,ANA,ANA @ DET,AWAY,L,1,2
2021-2022,2021020793,2022-02-01,CBJ,CBJ vs. FLA,HOME,L,4,8
2021-2022,2021020794,2022-02-01,CHI,CHI vs. VAN,HOME,L,1,3
2021-2022,2021020792,2022-02-01,DET,DET vs. ANA,HOME,W,2,1
2021-2022,2021020791,2022-02-01,EDM,EDM @ OTT,AWAY,L,2,3
2021-2022,2021020793,2022-02-01,FLA,FLA @ CBJ,AWAY,W,8,4
2021-2022,2021020683,2022-02-01,NJD,NJD @ TOR,AWAY,L,4,6
2021-2022,2021020791,2022-02-01,OTT,OTT vs. EDM,HOME,W,3,2
2021-2022,2021020683,2022-02-01,TOR,TOR vs. NJD,HOME,W,6,4
2021-2022,2021020794,2022-02-01,VAN,VAN @ CHI,AWAY,W,3,1
2021-2022,2021020805,2022-02-02,ARI,ARI @ COL,AWAY,W,3,2
2021-2022,2021020795,2022-02-02,BOS,BOS vs. SEA,HOME,W,3,2
2021-2022,2021020806,2022-02-02,BUF,BUF @ VGK,AWAY,L,2,5
2021-2022,2021020804,2022-02-02,CGY,CGY @ DAL,AWAY,W,4,3
2021-2022,2021020805,2022-02-02,COL,COL vs. ARI,HOME,L,2,3
2021-2022,2021020804,2022-02-02,DAL,DAL vs. CGY,HOME,L,3,4
2021-2022,2021020800,2022-02-02,FLA,FLA @ NYR,AWAY,L,2,5
2021-2022,2021020798,2022-02-02,NJD,NJD vs. TOR,HOME,L,1,7
2021-2022,2021020803,2022-02-02,NSH,NSH vs. VAN,HOME,W,4,2
2021-2022,2021020799,2022-02-02,NYI,NYI vs. OTT,HOME,W,4,1
2021-2022,2021020800,2022-02-02,NYR,NYR vs. FLA,HOME,W,5,2
2021-2022,2021020799,2022-02-02,OTT,OTT @ NYI,AWAY,L,1,4
2021-2022,2021020801,2022-02-02,PHI,PHI vs. WPG,HOME,W,3,1
2021-2022,2021020802,2022-02-02,PIT,PIT vs. WSH,HOME,L,3,4
2021-2022,2021020795,2022-02-02,SEA,SEA @ BOS,AWAY,L,2,3
2021-2022,2021020797,2022-02-02,SJS,SJS @ TBL,AWAY,L,2,3
2021-2022,2021020797,2022-02-02,TBL,TBL vs. SJS,HOME,W,3,2
2021-2022,2021020798,2022-02-02,TOR,TOR @ NJD,AWAY,W,7,1
2021-2022,2021020803,2022-02-02,VAN,VAN @ NSH,AWAY,L,2,4
2021-2022,2021020806,2022-02-02,VGK,VGK vs. BUF,HOME,W,5,2
2021-2022,2021020801,2022-02-02,WPG,WPG @ PHI,AWAY,L,1,3
2021-2022,2021020802,2022-02-02,WSH,WSH @ PIT,AWAY,W,4,3
2021-2022,2021020810,2022-02-03,ARI,ARI vs. CGY,HOME,L,2,4
2021-2022,2021020810,2022-02-03,CGY,CGY @ ARI,AWAY,W,4,2
2021-2022,2021020809,2022-02-03,CHI,CHI vs. MIN,HOME,L,0,5
2021-2022,2021020807,2022-02-03,DET,DET vs. LAK,HOME,L,3,5
2021-2022,2021020808,2022-02-03,EDM,EDM @ WSH,AWAY,W,5,3
2021-2022,2021020807,2022-02-03,LAK,LAK @ DET,AWAY,W,5,3
2021-2022,2021020809,2022-02-03,MIN,MIN @ CHI,AWAY,W,5,0
2021-2022,2021020777,2022-02-03,NYI,NYI vs. SEA,HOME,L,0,3
2021-2022,2021020777,2022-02-03,SEA,SEA @ NYI,AWAY,W,3,0
2021-2022,2021020808,2022-02-03,WSH,WSH vs. EDM,HOME,L,3,5
2021-2022,2021020583,2022-02-08,CAR,CAR @ TOR,AWAY,L,3,4
2021-2022,2021021128,2022-02-08,NJD,NJD @ OTT,AWAY,L,1,4
2021-2022,2021021128,2022-02-08,OTT,OTT vs. NJD,HOME,W,4,1
2021-2022,2021020583,2022-02-08,TOR,TOR vs. CAR,HOME,W,4,3
2021-2022,2021020487,2022-02-09,ARI,ARI @ VAN,AWAY,L,1,5
2021-2022,2021020523,2022-02-09,BOS,BOS vs. PIT,HOME,L,2,4
2021-2022,2021020510,2022-02-09,CAR,CAR @ OTT,AWAY,L,3,4
2021-2022,2021021293,2022-02-09,CBJ,CBJ @ WSH,AWAY,W,5,4
2021-2022,2021020664,2022-02-09,EDM,EDM vs. VGK,HOME,L,0,4
2021-2022,2021020531,2022-02-09,MIN,MIN @ WPG,AWAY,L,0,2
2021-2022,2021020666,2022-02-09,MTL,MTL vs. NJD,HOME,L,1,7
2021-2022,2021020666,2022-02-09,NJD,NJD @ MTL,AWAY,W,7,1
2021-2022,2021020510,2022-02-09,OTT,OTT vs. CAR,HOME,W,4,3
2021-2022,2021020523,2022-02-09,PIT,PIT @ BOS,AWAY,W,4,2
2021-2022,2021020487,2022-02-09,VAN,VAN vs. ARI,HOME,W,5,1
2021-2022,2021020664,2022-02-09,VGK,VGK @ EDM,AWAY,W,4,0
2021-2022,2021020531,2022-02-09,WPG,WPG vs. MIN,HOME,W,2,0
2021-2022,2021021293,2022-02-09,WSH,WSH vs. CBJ,HOME,L,4,5
2021-2022,2021020503,2022-02-10,ARI,ARI @ SEA,AWAY,W,5,2
2021-2022,2021020676,2022-02-10,CGY,CGY vs. VGK,HOME,W,6,0
2021-2022,2021020699,2022-02-10,CHI,CHI @ EDM,AWAY,W,4,1
2021-2022,2021020530,2022-02-10,DAL,DAL vs. NSH,HOME,W,4,3
2021-2022,2021020694,2022-02-10,DET,DET @ PHI,AWAY,W,6,3
2021-2022,2021020699,2022-02-10,EDM,EDM vs. CHI,HOME,L,1,4
2021-2022,2021020530,2022-02-10,NSH,NSH @ DAL,AWAY,L,3,4
2021-2022,2021020598,2022-02-10,NYI,NYI @ VAN,AWAY,W,6,3
2021-2022,2021020694,2022-02-10,PHI,PHI vs. DET,HOME,L,3,6
2021-2022,2021020503,2022-02-10,SEA,SEA vs. ARI,HOME,L,2,5
2021-2022,2021020598,2022-02-10,VAN,VAN vs. NYI,HOME,L,3,6
2021-2022,2021020676,2022-02-10,VGK,VGK @ CGY,AWAY,L,0,6
2021-2022,2021020494,2022-02-11,BOS,BOS vs. CAR,HOME,L,0,6
2021-2022,2021020489,2022-02-11,BUF,BUF vs. CBJ,HOME,L,3,4
2021-2022,2021020494,2022-02-11,CAR,CAR @ BOS,AWAY,W,6,0
2021-2022,2021020489,2022-02-11,CBJ,CBJ @ BUF,AWAY,W,4,3
2021-2022,2021020462,2022-02-11,CGY,CGY vs. TOR,HOME,W,5,2
2021-2022,2021020477,2022-02-11,COL,COL vs. TBL,HOME,W,3,2
2021-2022,2021020587,2022-02-11,MTL,MTL vs. WSH,HOME,L,2,5
2021-2022,2021020529,2022-02-11,NJD,NJD @ STL,AWAY,W,7,4
2021-2022,2021020559,2022-02-11,OTT,OTT vs. PIT,HOME,L,0,2
2021-2022,2021020559,2022-02-11,PIT,PIT @ OTT,AWAY,W,2,0
2021-2022,2021020529,2022-02-11,STL,STL vs. NJD,HOME,L,4,7
2021-2022,2021020477,2022-02-11,TBL,TBL @ COL,AWAY,L,2,3
2021-2022,2021020462,2022-02-11,TOR,TOR @ CGY,AWAY,L,2,5
2021-2022,2021020587,2022-02-11,WSH,WSH @ MTL,AWAY,W,5,2
2021-2022,2021021033,2022-02-12,ANA,ANA vs. SEA,HOME,L,3,4
2021-2022,2021020519,2022-02-12,ARI,ARI vs. TBL,HOME,L,3,4
2021-2022,2021020543,2022-02-12,BOS,BOS @ OTT,AWAY,W,2,0
2021-2022,2021020630,2022-02-12,CBJ,CBJ @ MTL,AWAY,W,2,1
2021-2022,2021020506,2022-02-12,DAL,DAL vs. WPG,HOME,W,4,3
2021-2022,2021020811,2022-02-12,DET,DET vs. PHI,HOME,W,4,2
2021-2022,2021020623,2022-02-12,EDM,EDM vs. NYI,HOME,W,3,1
2021-2022,2021020630,2022-02-12,MTL,MTL vs. CBJ,HOME,L,1,2
2021-2022,2021020623,2022-02-12,NYI,NYI @ EDM,AWAY,L,1,3
2021-2022,2021020543,2022-02-12,OTT,OTT vs. BOS,HOME,L,0,2
2021-2022,2021020811,2022-02-12,PHI,PHI @ DET,AWAY,L,2,4
2021-2022,2021021033,2022-02-12,SEA,SEA @ ANA,AWAY,W,4,3
2021-2022,2021020519,2022-02-12,TBL,TBL @ ARI,AWAY,W,4,3
2021-2022,2021020506,2022-02-12,WPG,WPG @ DAL,AWAY,L,3,4
2021-2022,2021020614,2022-02-13,BUF,BUF @ MTL,AWAY,W,5,3
2021-2022,2021020445,2022-02-13,CAR,CAR @ MIN,AWAY,L,2,3
2021-2022,2021020642,2022-02-13,CGY,CGY vs. NYI,HOME,W,5,2
2021-2022,2021020788,2022-02-13,CHI,CHI @ STL,AWAY,L,1,5
2021-2022,2021020563,2022-02-13,COL,COL @ DAL,AWAY,W,4,0
2021-2022,2021020563,2022-02-13,DAL,DAL vs. COL,HOME,L,0,4
2021-2022,2021020445,2022-02-13,MIN,MIN vs. CAR,HOME,W,3,2
2021-2022,2021020614,2022-02-13,MTL,MTL vs. BUF,HOME,L,3,5
2021-2022,2021020817,2022-02-13,NJD,NJD vs. PIT,HOME,L,2,4
2021-2022,2021020499,2022-02-13,NSH,NSH vs. WPG,HOME,L,2,5
2021-2022,2021020642,2022-02-13,NYI,NYI @ CGY,AWAY,L,2,5
2021-2022,2021020526,2022-02-13,OTT,OTT @ WSH,AWAY,W,4,1
2021-2022,2021020817,2022-02-13,PIT,PIT @ NJD,AWAY,W,4,2
2021-2022,2021020788,2022-02-13,STL,STL vs. CHI,HOME,W,5,1
2021-2022,2021020479,2022-02-13,TOR,TOR @ VAN,AWAY,L,2,3
2021-2022,2021020479,2022-02-13,VAN,VAN vs. TOR,HOME,W,3,2
2021-2022,2021020499,2022-02-13,WPG,WPG @ NSH,AWAY,W,5,2
2021-2022,2021020526,2022-02-13,WSH,WSH vs. OTT,HOME,L,1,4
2021-2022,2021020548,2022-02-15,CHI,CHI @ WPG,AWAY,W,3,1
2021-2022,2021020517,2022-02-15,DET,DET @ MIN,AWAY,L,4,7
2021-2022,2021020522,2022-02-15,EDM,EDM @ SJS,AWAY,W,3,0
2021-2022,2021020517,2022-02-15,MIN,MIN vs. DET,HOME,W,7,4
2021-2022,2021020488,2022-02-15,SEA,SEA vs. TOR,HOME,L,2,6
2021-2022,2021020522,2022-02-15,SJS,SJS vs. EDM,HOME,L,0,3
2021-2022,2021020488,2022-02-15,TOR,TOR @ SEA,AWAY,W,6,2
2021-2022,2021020548,2022-02-15,WPG,WPG vs. CHI,HOME,L,1,3
2021-2022,2021021263,2022-02-16,BOS,BOS @ NYR,AWAY,L,1,2
2021-2022,2021020524,2022-02-16,BUF,BUF vs. NYI,HOME,W,6,3
2021-2022,2021020478,2022-02-16,CBJ,CBJ @ CGY,AWAY,L,2,6
2021-2022,2021020478,2022-02-16,CGY,CGY vs. CBJ,HOME,W,6,2
2021-2022,2021020549,2022-02-16,COL,COL vs. DAL,HOME,L,1,4
2021-2022,2021020549,2022-02-16,DAL,DAL @ COL,AWAY,W,4,1
2021-2022,2021020507,2022-02-16,EDM,EDM @ LAK,AWAY,W,5,2
2021-2022,2021020507,2022-02-16,LAK,LAK vs. EDM,HOME,L,2,5
2021-2022,2021020631,2022-02-16,NJD,NJD vs. TBL,HOME,L,3,6
2021-2022,2021021095,2022-02-16,NSH,NSH vs. WSH,HOME,L,1,4
2021-2022,2021020524,2022-02-16,NYI,NYI @ BUF,AWAY,L,3,6
2021-2022,2021021263,2022-02-16,NYR,NYR vs. BOS,HOME,W,2,1
2021-2022,2021020495,2022-02-16,OTT,OTT vs. STL,HOME,L,2,5
2021-2022,2021020514,2022-02-16,PHI,PHI @ PIT,AWAY,L,4,5
2021-2022,2021020514,2022-02-16,PIT,PIT vs. PHI,HOME,W,5,4
2021-2022,2021020495,2022-02-16,STL,STL @ OTT,AWAY,W,5,2
2021-2022,2021020631,2022-02-16,TBL,TBL @ NJD,AWAY,W,6,3
2021-2022,2021021095,2022-02-16,WSH,WSH @ NSH,AWAY,W,4,1
2021-2022,2021020500,2022-02-17,ANA,ANA @ CGY,AWAY,L,2,6
2021-2022,2021020527,2022-02-17,CAR,CAR vs. FLA,HOME,L,2,3
2021-2022,2021020500,2022-02-17,CGY,CGY vs. ANA,HOME,W,6,2
2021-2022,2021020535,2022-02-17,COL,COL @ VGK,AWAY,W,2,0
2021-2022,2021020527,2022-02-17,FLA,FLA @ CAR,AWAY,W,3,2
2021-2022,2021020633,2022-02-17,MIN,MIN @ WPG,AWAY,L,3,6
2021-2022,2021020535,2022-02-17,VGK,VGK vs. COL,HOME,L,0,2
2021-2022,2021020633,2022-02-17,WPG,WPG vs. MIN,HOME,W,6,3
2021-2022,2021020493,2022-02-18,ANA,ANA @ EDM,AWAY,L,3,7
2021-2022,2021021006,2022-02-18,BOS,BOS @ NYI,AWAY,L,1,4
2021-2022,2021021228,2022-02-18,BUF,BUF vs. OTT,HOME,L,1,3
2021-2022,2021020538,2022-02-18,CBJ,CBJ @ CHI,AWAY,W,7,4
2021-2022,2021020538,2022-02-18,CHI,CHI vs. CBJ,HOME,L,4,7
2021-2022,2021020525,2022-02-18,DET,DET @ NYR,AWAY,W,3,2
2021-2022,2021020493,2022-02-18,EDM,EDM vs. ANA,HOME,W,7,3
2021-2022,2021020796,2022-02-18,MTL,MTL vs. STL,HOME,W,3,2
2021-2022,2021021006,2022-02-18,NYI,NYI vs. BOS,HOME,W,4,1
2021-2022,2021020525,2022-02-18,NYR,NYR vs. DET,HOME,L,2,3
2021-2022,2021021228,2022-02-18,OTT,OTT @ BUF,AWAY,W,3,1
2021-2022,2021020496,2022-02-18,PHI,PHI vs. WSH,HOME,L,3,5
2021-2022,2021020542,2022-02-18,PIT,PIT @ TOR,AWAY,L,1,4
2021-2022,2021020621,2022-02-18,SEA,SEA @ WPG,AWAY,L,3,5
2021-2022,2021020502,2022-02-18,SJS,SJS vs. VAN,HOME,L,4,5
2021-2022,2021020796,2022-02-18,STL,STL @ MTL,AWAY,L,2,3
2021-2022,2021020542,2022-02-18,TOR,TOR vs. PIT,HOME,W,4,1
2021-2022,2021020502,2022-02-18,VAN,VAN @ SJS,AWAY,W,5,4
2021-2022,2021020621,2022-02-18,WPG,WPG vs. SEA,HOME,W,5,3
2021-2022,2021020496,2022-02-18,WSH,WSH @ PHI,AWAY,W,5,3
2021-2022,2021020504,2022-02-19,BUF,BUF vs. COL,HOME,L,3,5
2021-2022,2021020485,2022-02-19,CAR,CAR vs. NSH,HOME,W,5,3
2021-2022,2021020516,2022-02-19,CHI,CHI vs. DAL,HOME,L,0,1
2021-2022,2021020504,2022-02-19,COL,COL @ BUF,AWAY,W,5,3
2021-2022,2021020516,2022-02-19,DAL,DAL @ CHI,AWAY,W,1,0
2021-2022,2021020681,2022-02-19,EDM,EDM @ WPG,AWAY,W,4,2
2021-2022,2021020476,2022-02-19,FLA,FLA @ MIN,AWAY,W,6,2
2021-2022,2021020521,2022-02-19,LAK,LAK @ VGK,AWAY,W,4,3
2021-2022,2021020476,2022-02-19,MIN,MIN vs. FLA,HOME,L,2,6
2021-2022,2021020485,2022-02-19,NSH,NSH @ CAR,AWAY,L,3,5
2021-2022,2021020521,2022-02-19,VGK,VGK vs. LAK,HOME,L,3,4
2021-2022,2021020681,2022-02-19,WPG,WPG vs. EDM,HOME,L,2,4
2021-2022,2021020520,2022-02-20,ANA,ANA @ VAN,AWAY,W,7,4
2021-2022,2021020533,2022-02-20,ARI,ARI vs. LAK,HOME,L,3,5
2021-2022,2021020481,2022-02-20,BOS,BOS @ OTT,AWAY,W,3,2
2021-2022,2021020515,2022-02-20,BUF,BUF @ CBJ,AWAY,L,3,7
2021-2022,2021021304,2022-02-20,CAR,CAR @ PIT,AWAY,W,4,3
2021-2022,2021020515,2022-02-20,CBJ,CBJ vs. BUF,HOME,W,7,3
2021-2022,2021020518,2022-02-20,CGY,CGY vs. SEA,HOME,W,2,1
2021-2022,2021020498,2022-02-20,CHI,CHI vs. FLA,HOME,L,2,5
2021-2022,2021020498,2022-02-20,FLA,FLA @ CHI,AWAY,W,5,2
2021-2022,2021020533,2022-02-20,LAK,LAK @ ARI,AWAY,W,5,3
2021-2022,2021020491,2022-02-20,MTL,MTL @ NYI,AWAY,W,3,2
2021-2022,2021020491,2022-02-20,NYI,NYI vs. MTL,HOME,L,2,3
2021-2022,2021020263,2022-02-20,NYR,NYR @ OTT,AWAY,W,2,1
2021-2022,2021020481,2022-02-20,OTT,OTT vs. BOS,HOME,L,2,3
2021-2022,2021020263,2022-02-20,OTT,OTT vs. NYR,HOME,L,1,2
2021-2022,2021021304,2022-02-20,PIT,PIT vs. CAR,HOME,L,3,4
2021-2022,2021020518,2022-02-20,SEA,SEA @ CGY,AWAY,L,1,2
2021-2022,2021020509,2022-02-20,STL,STL @ TOR,AWAY,W,6,3
2021-2022,2021020509,2022-02-20,TOR,TOR vs. STL,HOME,L,3,6
2021-2022,2021020520,2022-02-20,VAN,VAN vs. ANA,HOME,L,4,7
2021-2022,2021020581,2022-02-21,ARI,ARI vs. DAL,HOME,W,3,1
2021-2022,2021020508,2022-02-21,BOS,BOS vs. COL,HOME,W,5,1
2021-2022,2021020639,2022-02-21,CAR,CAR @ PHI,AWAY,W,4,3
2021-2022,2021020564,2022-02-21,CGY,CGY vs. WPG,HOME,W,3,1
2021-2022,2021020508,2022-02-21,COL,COL @ BOS,AWAY,L,1,5
2021-2022,2021020581,2022-02-21,DAL,DAL @ ARI,AWAY,L,1,3
2021-2022,2021020648,2022-02-21,EDM,EDM vs. MIN,HOME,L,3,7
2021-2022,2021020648,2022-02-21,MIN,MIN @ EDM,AWAY,W,7,3
2021-2022,2021020639,2022-02-21,PHI,PHI vs. CAR,HOME,L,3,4
2021-2022,2021021161,2022-02-21,SJS,SJS vs. VGK,HOME,L,1,4
2021-2022,2021021161,2022-02-21,VGK,VGK @ SJS,AWAY,W,4,1
2021-2022,2021020564,2022-02-21,WPG,WPG @ CGY,AWAY,L,1,3
2021-2022,2021020601,2022-02-22,MTL,MTL vs. TOR,HOME,W,5,2
2021-2022,2021020534,2022-02-22,SEA,SEA @ VAN,AWAY,L,2,5
2021-2022,2021020601,2022-02-22,TOR,TOR @ MTL,AWAY,L,2,5
2021-2022,2021020534,2022-02-22,VAN,VAN vs. SEA,HOME,W,5,2
2021-2022,2021020536,2022-02-23,ANA,ANA vs. SJS,HOME,W,4,3
2021-2022,2021020528,2022-02-23,CBJ,CBJ vs. TOR,HOME,W,4,3
2021-2022,2021020511,2022-02-23,FLA,FLA vs. NSH,HOME,L,4,6
2021-2022,2021020584,2022-02-23,MIN,MIN @ OTT,AWAY,L,3,4
2021-2022,2021020511,2022-02-23,NSH,NSH @ FLA,AWAY,W,6,4
2021-2022,2021020595,2022-02-23,NYI,NYI @ SEA,AWAY,W,5,2
2021-2022,2021020584,2022-02-23,OTT,OTT vs. MIN,HOME,W,4,3
2021-2022,2021020848,2022-02-23,PHI,PHI vs. STL,HOME,L,1,4
2021-2022,2021020595,2022-02-23,SEA,SEA vs. NYI,HOME,L,2,5
2021-2022,2021020536,2022-02-23,SJS,SJS @ ANA,AWAY,L,3,4
2021-2022,2021020848,2022-02-23,STL,STL @ PHI,AWAY,W,4,1
2021-2022,2021020528,2022-02-23,TOR,TOR @ CBJ,AWAY,L,3,4
2021-2022,2021020814,2022-02-24,ARI,ARI vs. LAK,HOME,L,2,3
2021-2022,2021021273,2022-02-24,BUF,BUF @ MTL,AWAY,L,0,4
2021-2022,2021020490,2022-02-24,COL,COL @ DET,AWAY,W,5,2
2021-2022,2021020813,2022-02-24,DAL,DAL vs. WPG,HOME,W,3,2
2021-2022,2021020490,2022-02-24,DET,DET vs. COL,HOME,L,2,5
2021-2022,2021020812,2022-02-24,EDM,EDM @ TBL,AWAY,L,3,5
2021-2022,2021020814,2022-02-24,LAK,LAK @ ARI,AWAY,W,3,2
2021-2022,2021021273,2022-02-24,MTL,MTL vs. BUF,HOME,W,4,0
2021-2022,2021020812,2022-02-24,TBL,TBL vs. EDM,HOME,W,5,3
2021-2022,2021020813,2022-02-24,WPG,WPG @ DAL,AWAY,L,2,3
2021-2022,2021020822,2022-02-25,BOS,BOS @ SEA,AWAY,W,3,2
2021-2022,2021020816,2022-02-25,CBJ,CBJ @ FLA,AWAY,W,6,3
2021-2022,2021020820,2022-02-25,CGY,CGY @ VAN,AWAY,L,1,7
2021-2022,2021020819,2022-02-25,DAL,DAL @ NSH,AWAY,L,1,2
2021-2022,2021020816,2022-02-25,FLA,FLA vs. CBJ,HOME,L,3,6
2021-2022,2021020815,2022-02-25,MIN,MIN @ TOR,AWAY,L,1,3
2021-2022,2021020497,2022-02-25,NJD,NJD @ PIT,AWAY,W,6,1
2021-2022,2021020819,2022-02-25,NSH,NSH vs. DAL,HOME,W,2,1
2021-2022,2021020821,2022-02-25,NYI,NYI @ SJS,AWAY,L,3,4
2021-2022,2021020818,2022-02-25,NYR,NYR vs. WSH,HOME,W,4,1
2021-2022,2021020497,2022-02-25,PIT,PIT vs. NJD,HOME,L,1,6
2021-2022,2021020822,2022-02-25,SEA,SEA vs. BOS,HOME,L,2,3
2021-2022,2021020821,2022-02-25,SJS,SJS vs. NYI,HOME,W,4,3
2021-2022,2021020815,2022-02-25,TOR,TOR vs. MIN,HOME,W,3,1
2021-2022,2021020820,2022-02-25,VAN,VAN vs. CGY,HOME,W,7,1
2021-2022,2021020818,2022-02-25,WSH,WSH @ NYR,AWAY,L,1,4
2021-2022,2021020828,2022-02-26,ANA,ANA vs. LAK,HOME,L,1,4
2021-2022,2021020827,2022-02-26,ARI,ARI vs. VGK,HOME,W,3,1
2021-2022,2021020825,2022-02-26,BUF,BUF @ STL,AWAY,L,3,5
2021-2022,2021020823,2022-02-26,CAR,CAR vs. CBJ,HOME,W,4,0
2021-2022,2021020823,2022-02-26,CBJ,CBJ @ CAR,AWAY,L,0,4
2021-2022,2021020824,2022-02-26,CHI,CHI vs. NJD,HOME,W,8,5
2021-2022,2021020826,2022-02-26,COL,COL vs. WPG,HOME,W,6,3
2021-2022,2021020831,2022-02-26,EDM,EDM @ FLA,AWAY,W,4,3
2021-2022,2021020831,2022-02-26,FLA,FLA vs. EDM,HOME,L,3,4
2021-2022,2021020828,2022-02-26,LAK,LAK @ ANA,AWAY,W,4,1
2021-2022,2021020824,2022-02-26,NJD,NJD @ CHI,AWAY,L,5,8
2021-2022,2021020833,2022-02-26,NYR,NYR @ PIT,AWAY,L,0,1
2021-2022,2021020832,2022-02-26,PHI,PHI vs. WSH,HOME,W,2,1
2021-2022,2021020833,2022-02-26,PIT,PIT vs. NYR,HOME,W,1,0
2021-2022,2021020825,2022-02-26,STL,STL vs. BUF,HOME,W,5,3
2021-2022,2021020827,2022-02-26,VGK,VGK @ ARI,AWAY,L,1,3
2021-2022,2021020826,2022-02-26,WPG,WPG @ COL,AWAY,L,3,6
2021-2022,2021020832,2022-02-26,WSH,WSH @ PHI,AWAY,L,1,2
2021-2022,2021020844,2022-02-27,ARI,ARI vs. WPG,HOME,L,3,5
2021-2022,2021020838,2022-02-27,BOS,BOS @ SJS,AWAY,W,3,1
2021-2022,2021020843,2022-02-27,BUF,BUF @ DAL,AWAY,L,2,4
2021-2022,2021020840,2022-02-27,CAR,CAR vs. EDM,HOME,W,2,1
2021-2022,2021020841,2022-02-27,CBJ,CBJ vs. PIT,HOME,L,2,3
2021-2022,2021020835,2022-02-27,CGY,CGY vs. MIN,HOME,W,7,3
2021-2022,2021020842,2022-02-27,CHI,CHI vs. STL,HOME,L,0,4
2021-2022,2021020836,2022-02-27,COL,COL @ VGK,AWAY,W,3,2
2021-2022,2021020843,2022-02-27,DAL,DAL vs. BUF,HOME,W,4,2
2021-2022,2021021275,2022-02-27,DET,DET vs. TOR,HOME,L,7,10
2021-2022,2021020840,2022-02-27,EDM,EDM @ CAR,AWAY,L,1,2
2021-2022,2021020837,2022-02-27,LAK,LAK vs. NYI,HOME,W,5,2
2021-2022,2021020835,2022-02-27,MIN,MIN @ CGY,AWAY,L,3,7
2021-2022,2021020830,2022-02-27,MTL,MTL @ OTT,AWAY,W,2,1
2021-2022,2021020834,2022-02-27,NSH,NSH vs. TBL,HOME,L,2,3
2021-2022,2021020837,2022-02-27,NYI,NYI @ LAK,AWAY,L,2,5
2021-2022,2021020830,2022-02-27,OTT,OTT vs. MTL,HOME,L,1,2
2021-2022,2021020841,2022-02-27,PIT,PIT @ CBJ,AWAY,W,3,2
2021-2022,2021020838,2022-02-27,SJS,SJS vs. BOS,HOME,L,1,3
2021-2022,2021020842,2022-02-27,STL,STL @ CHI,AWAY,W,4,0
2021-2022,2021020834,2022-02-27,TBL,TBL @ NSH,AWAY,W,3,2
2021-2022,2021021275,2022-02-27,TOR,TOR @ DET,AWAY,W,10,7
2021-2022,2021020836,2022-02-27,VGK,VGK vs. COL,HOME,L,2,3
2021-2022,2021020844,2022-02-27,WPG,WPG @ ARI,AWAY,W,5,3
2021-2022,2021020845,2022-02-28,ANA,ANA vs. NYI,HOME,L,0,4
2021-2022,2021020845,2022-02-28,NYI,NYI @ ANA,AWAY,W,4,0
2021-2022,2021020839,2022-02-28,NYR,NYR vs. VAN,HOME,L,2,5
2021-2022,2021020846,2022-02-28,SEA,SEA @ SJS,AWAY,L,1,3
2021-2022,2021020846,2022-02-28,SJS,SJS vs. SEA,HOME,W,3,1
2021-2022,2021020839,2022-02-28,VAN,VAN @ NYR,AWAY,W,5,2
2021-2022,2021020850,2022-03-01,BOS,BOS @ LAK,AWAY,W,7,0
2021-2022,2021020850,2022-03-01,LAK,LAK vs. BOS,HOME,L,0,7
2021-2022,2021020847,2022-03-01,NJD,NJD vs. VAN,HOME,W,7,2
2021-2022,2021020849,2022-03-01,TOR,TOR @ WSH,AWAY,W,5,3
2021-2022,2021020847,2022-03-01,VAN,VAN @ NJD,AWAY,L,2,7
2021-2022,2021020849,2022-03-01,WSH,WSH vs. TOR,HOME,L,3,5
2021-2022,2021020859,2022-03-02,ANA,ANA vs. BOS,HOME,W,4,3
2021-2022,2021020859,2022-03-02,BOS,BOS @ ANA,AWAY,L,3,4
2021-2022,2021020851,2022-03-02,CAR,CAR @ DET,AWAY,L,3,4
2021-2022,2021020854,2022-03-02,CBJ,CBJ vs. NJD,HOME,W,4,3
2021-2022,2021020855,2022-03-02,CGY,CGY @ MIN,AWAY,W,5,1
2021-2022,2021020857,2022-03-02,COL,COL vs. NYI,HOME,W,5,3
2021-2022,2021020851,2022-03-02,DET,DET vs. CAR,HOME,W,4,3
2021-2022,2021020853,2022-03-02,EDM,EDM @ PHI,AWAY,W,3,0
2021-2022,2021020855,2022-03-02,MIN,MIN vs. CGY,HOME,L,1,5
2021-2022,2021020856,2022-03-02,MTL,MTL @ WPG,AWAY,L,4,8
2021-2022,2021020854,2022-03-02,NJD,NJD @ CBJ,AWAY,L,3,4
2021-2022,2021020857,2022-03-02,NYI,NYI @ COL,AWAY,L,3,5
2021-2022,2021020852,2022-03-02,OTT,OTT @ TBL,AWAY,L,2,5
2021-2022,2021020853,2022-03-02,PHI,PHI vs. EDM,HOME,L,0,3
2021-2022,2021020858,2022-03-02,SJS,SJS @ VGK,AWAY,L,1,3
2021-2022,2021020852,2022-03-02,TBL,TBL vs. OTT,HOME,W,5,2
2021-2022,2021020858,2022-03-02,VGK,VGK vs. SJS,HOME,W,3,1
2021-2022,2021020856,2022-03-02,WPG,WPG vs. MTL,HOME,W,8,4
2021-2022,2021020860,2022-03-03,BUF,BUF @ TOR,AWAY,W,5,1
2021-2022,2021020862,2022-03-03,DAL,DAL vs. LAK,HOME,W,4,3
2021-2022,2021020862,2022-03-03,LAK,LAK @ DAL,AWAY,L,3,4
2021-2022,2021020863,2022-03-03,NSH,NSH @ SEA,AWAY,L,3,4
2021-2022,2021020861,2022-03-03,NYR,NYR vs. STL,HOME,W,5,3
2021-2022,2021020863,2022-03-03,SEA,SEA vs. NSH,HOME,W,4,3
2021-2022,2021020861,2022-03-03,STL,STL @ NYR,AWAY,L,3,5
2021-2022,2021020860,2022-03-03,TOR,TOR vs. BUF,HOME,L,1,5
2021-2022,2021020871,2022-03-04,ARI,ARI vs. COL,HOME,W,2,1
2021-2022,2021020872,2022-03-04,BOS,BOS @ VGK,AWAY,W,5,2
2021-2022,2021020868,2022-03-04,CAR,CAR @ WSH,AWAY,L,0,4
2021-2022,2021020870,2022-03-04,CGY,CGY vs. MTL,HOME,L,4,5
2021-2022,2021020869,2022-03-04,CHI,CHI vs. EDM,HOME,W,4,3
2021-2022,2021020871,2022-03-04,COL,COL @ ARI,AWAY,L,1,2
2021-2022,2021020869,2022-03-04,EDM,EDM @ CHI,AWAY,L,3,4
2021-2022,2021020865,2022-03-04,FLA,FLA vs. OTT,HOME,W,3,0
2021-2022,2021020867,2022-03-04,MIN,MIN @ PHI,AWAY,W,5,4
2021-2022,2021020870,2022-03-04,MTL,MTL @ CGY,AWAY,W,5,4
2021-2022,2021020866,2022-03-04,NYI,NYI vs. VAN,HOME,L,3,4
2021-2022,2021020865,2022-03-04,OTT,OTT @ FLA,AWAY,L,0,3
2021-2022,2021020867,2022-03-04,PHI,PHI vs. MIN,HOME,L,4,5
2021-2022,2021020864,2022-03-04,PIT,PIT @ TBL,AWAY,W,5,1
2021-2022,2021020864,2022-03-04,TBL,TBL vs. PIT,HOME,L,1,5
2021-2022,2021020866,2022-03-04,VAN,VAN @ NYI,AWAY,W,4,3
2021-2022,2021020872,2022-03-04,VGK,VGK vs. BOS,HOME,L,2,5
2021-2022,2021020868,2022-03-04,WSH,WSH vs. CAR,HOME,W,4,0
2021-2022,2021020879,2022-03-05,ANA,ANA vs. VGK,HOME,L,4,5
2021-2022,2021020888,2022-03-05,ARI,ARI vs. OTT,HOME,W,8,5
2021-2022,2021020873,2022-03-05,BUF,BUF vs. MIN,HOME,W,5,4
2021-2022,2021020876,2022-03-05,CAR,CAR vs. PIT,HOME,W,3,2
2021-2022,2021020877,2022-03-05,CBJ,CBJ vs. LAK,HOME,L,3,4
2021-2022,2021020883,2022-03-05,CHI,CHI @ PHI,AWAY,L,3,4
2021-2022,2021020878,2022-03-05,DAL,DAL @ WPG,AWAY,W,4,3
2021-2022,2021020874,2022-03-05,DET,DET @ TBL,AWAY,L,1,3
2021-2022,2021020881,2022-03-05,DET,DET @ FLA,AWAY,L,2,6
2021-2022,2021020881,2022-03-05,FLA,FLA vs. DET,HOME,W,6,2
2021-2022,2021020877,2022-03-05,LAK,LAK @ CBJ,AWAY,W,4,3
2021-2022,2021020873,2022-03-05,MIN,MIN @ BUF,AWAY,L,4,5
2021-2022,2021020875,2022-03-05,NJD,NJD @ NYR,AWAY,L,1,3
2021-2022,2021020882,2022-03-05,NYI,NYI vs. STL,HOME,W,2,1
2021-2022,2021020875,2022-03-05,NYR,NYR vs. NJD,HOME,W,3,1
2021-2022,2021020888,2022-03-05,OTT,OTT @ ARI,AWAY,L,5,8
2021-2022,2021020883,2022-03-05,PHI,PHI vs. CHI,HOME,W,4,3
2021-2022,2021020876,2022-03-05,PIT,PIT @ CAR,AWAY,L,2,3
2021-2022,2021020882,2022-03-05,STL,STL @ NYI,AWAY,L,1,2
2021-2022,2021020874,2022-03-05,TBL,TBL vs. DET,HOME,W,3,1
2021-2022,2021020879,2022-03-05,VGK,VGK @ ANA,AWAY,W,5,4
2021-2022,2021020878,2022-03-05,WPG,WPG vs. DAL,HOME,L,3,4
2021-2022,2021020885,2022-03-06,BOS,BOS @ CBJ,AWAY,W,5,4
2021-2022,2021020890,2022-03-06,BUF,BUF vs. LAK,HOME,L,0,3
2021-2022,2021020885,2022-03-06,CBJ,CBJ vs. BOS,HOME,L,4,5
2021-2022,2021020886,2022-03-06,CGY,CGY @ COL,AWAY,W,4,3
2021-2022,2021020886,2022-03-06,COL,COL vs. CGY,HOME,L,3,4
2021-2022,2021020894,2022-03-06,DAL,DAL @ MIN,AWAY,W,6,3
2021-2022,2021020887,2022-03-06,EDM,EDM vs. MTL,HOME,L,2,5
2021-2022,2021020890,2022-03-06,LAK,LAK @ BUF,AWAY,W,3,0
2021-2022,2021020894,2022-03-06,MIN,MIN vs. DAL,HOME,L,3,6
2021-2022,2021020887,2022-03-06,MTL,MTL @ EDM,AWAY,W,5,2
2021-2022,2021020891,2022-03-06,NJD,NJD vs. STL,HOME,W,3,2
2021-2022,2021020889,2022-03-06,NSH,NSH @ SJS,AWAY,W,8,0
2021-2022,2021020884,2022-03-06,SEA,SEA @ WSH,AWAY,L,2,5
2021-2022,2021020889,2022-03-06,SJS,SJS vs. NSH,HOME,L,0,8
2021-2022,2021020891,2022-03-06,STL,STL @ NJD,AWAY,L,2,3
2021-2022,2021020880,2022-03-06,TOR,TOR vs. VAN,HOME,L,4,6
2021-2022,2021020880,2022-03-06,VAN,VAN @ TOR,AWAY,W,6,4
2021-2022,2021020884,2022-03-06,WSH,WSH vs. SEA,HOME,W,5,2
2021-2022,2021020897,2022-03-07,ANA,ANA vs. SJS,HOME,W,3,2
2021-2022,2021020892,2022-03-07,CAR,CAR vs. SEA,HOME,W,3,2
2021-2022,2021020893,2022-03-07,CHI,CHI vs. TBL,HOME,L,3,6
2021-2022,2021020895,2022-03-07,NYR,NYR @ WPG,AWAY,W,4,1
2021-2022,2021020896,2022-03-07,OTT,OTT @ VGK,AWAY,L,1,2
2021-2022,2021020892,2022-03-07,SEA,SEA @ CAR,AWAY,L,2,3
2021-2022,2021020897,2022-03-07,SJS,SJS @ ANA,AWAY,L,2,3
2021-2022,2021020893,2022-03-07,TBL,TBL @ CHI,AWAY,W,6,3
2021-2022,2021020896,2022-03-07,VGK,VGK vs. OTT,HOME,W,2,1
2021-2022,2021020895,2022-03-07,WPG,WPG vs. NYR,HOME,L,1,4
2021-2022,2021020898,2022-03-08,BOS,BOS vs. LAK,HOME,L,2,3
2021-2022,2021020899,2022-03-08,BUF,BUF vs. FLA,HOME,L,1,6
2021-2022,2021020901,2022-03-08,CBJ,CBJ vs. TOR,HOME,L,4,5
2021-2022,2021020532,2022-03-08,CGY,CGY vs. EDM,HOME,W,3,1
2021-2022,2021020900,2022-03-08,COL,COL @ NYI,AWAY,W,5,4
2021-2022,2021020532,2022-03-08,EDM,EDM @ CGY,AWAY,L,1,3
2021-2022,2021020899,2022-03-08,FLA,FLA @ BUF,AWAY,W,6,1
2021-2022,2021020898,2022-03-08,LAK,LAK @ BOS,AWAY,W,3,2
2021-2022,2021020900,2022-03-08,NYI,NYI vs. COL,HOME,L,4,5
2021-2022,2021020901,2022-03-08,TOR,TOR @ CBJ,AWAY,W,5,4
2021-2022,2021020907,2022-03-09,ANA,ANA @ CHI,AWAY,L,3,8
2021-2022,2021020903,2022-03-09,ARI,ARI @ DET,AWAY,W,9,2
2021-2022,2021020912,2022-03-09,CGY,CGY vs. WSH,HOME,L,4,5
2021-2022,2021020907,2022-03-09,CHI,CHI vs. ANA,HOME,W,8,3
2021-2022,2021020904,2022-03-09,COL,COL @ NJD,AWAY,L,3,5
2021-2022,2021020909,2022-03-09,DAL,DAL @ NSH,AWAY,L,1,2
2021-2022,2021020903,2022-03-09,DET,DET vs. ARI,HOME,L,2,9
2021-2022,2021020906,2022-03-09,FLA,FLA @ PIT,AWAY,W,4,3
2021-2022,2021020910,2022-03-09,MIN,MIN vs. NYR,HOME,W,5,2
2021-2022,2021020904,2022-03-09,NJD,NJD vs. COL,HOME,W,5,3
2021-2022,2021020909,2022-03-09,NSH,NSH vs. DAL,HOME,W,2,1
2021-2022,2021020910,2022-03-09,NYR,NYR @ MIN,AWAY,L,2,5
2021-2022,2021020908,2022-03-09,OTT,OTT @ STL,AWAY,W,4,1
2021-2022,2021020905,2022-03-09,PHI,PHI vs. VGK,HOME,W,2,1
2021-2022,2021020906,2022-03-09,PIT,PIT vs. FLA,HOME,L,3,4
2021-2022,2021020902,2022-03-09,SEA,SEA @ TOR,AWAY,L,4,6
2021-2022,2021020908,2022-03-09,STL,STL vs. OTT,HOME,L,1,4
2021-2022,2021020911,2022-03-09,TBL,TBL @ WPG,AWAY,L,4,7
2021-2022,2021020902,2022-03-09,TOR,TOR vs. SEA,HOME,W,6,4
2021-2022,2021020905,2022-03-09,VGK,VGK @ PHI,AWAY,L,1,2
2021-2022,2021020911,2022-03-09,WPG,WPG vs. TBL,HOME,W,7,4
2021-2022,2021020912,2022-03-09,WSH,WSH @ CGY,AWAY,W,5,4
2021-2022,2021020913,2022-03-10,EDM,EDM vs. WSH,HOME,W,4,3
2021-2022,2021020914,2022-03-10,MTL,MTL @ VAN,AWAY,L,3,5
2021-2022,2021020914,2022-03-10,VAN,VAN vs. MTL,HOME,W,5,3
2021-2022,2021020913,2022-03-10,WSH,WSH @ EDM,AWAY,L,3,4
2021-2022,2021020925,2022-03-11,ANA,ANA @ NSH,AWAY,L,1,4
2021-2022,2021020917,2022-03-11,ARI,ARI @ TOR,AWAY,W,5,4
2021-2022,2021020915,2022-03-11,BOS,BOS vs. CHI,HOME,W,4,3
2021-2022,2021020916,2022-03-11,BUF,BUF vs. VGK,HOME,W,3,1
2021-2022,2021020923,2022-03-11,CAR,CAR vs. COL,HOME,W,2,0
2021-2022,2021020693,2022-03-11,CBJ,CBJ @ NYI,AWAY,L,0,6
2021-2022,2021020926,2022-03-11,CGY,CGY vs. TBL,HOME,W,4,1
2021-2022,2021020915,2022-03-11,CHI,CHI @ BOS,AWAY,L,3,4
2021-2022,2021020923,2022-03-11,COL,COL @ CAR,AWAY,L,0,2
2021-2022,2021020919,2022-03-11,DET,DET vs. MIN,HOME,L,5,6
2021-2022,2021020920,2022-03-11,FLA,FLA vs. PHI,HOME,W,6,3
2021-2022,2021020927,2022-03-11,LAK,LAK vs. SJS,HOME,L,3,4
2021-2022,2021020919,2022-03-11,MIN,MIN @ DET,AWAY,W,6,5
2021-2022,2021020921,2022-03-11,NJD,NJD vs. WPG,HOME,L,1,2
2021-2022,2021020925,2022-03-11,NSH,NSH vs. ANA,HOME,W,4,1
2021-2022,2021020693,2022-03-11,NYI,NYI vs. CBJ,HOME,W,6,0
2021-2022,2021020924,2022-03-11,NYR,NYR @ STL,AWAY,L,2,6
2021-2022,2021020918,2022-03-11,OTT,OTT vs. SEA,HOME,W,4,3
2021-2022,2021020920,2022-03-11,PHI,PHI @ FLA,AWAY,L,3,6
2021-2022,2021020918,2022-03-11,SEA,SEA @ OTT,AWAY,L,3,4
2021-2022,2021020927,2022-03-11,SJS,SJS @ LAK,AWAY,W,4,3
2021-2022,2021020924,2022-03-11,STL,STL vs. NYR,HOME,W,6,2
2021-2022,2021020926,2022-03-11,TBL,TBL @ CGY,AWAY,L,1,4
2021-2022,2021020917,2022-03-11,TOR,TOR vs. ARI,HOME,L,4,5
2021-2022,2021020916,2022-03-11,VGK,VGK @ BUF,AWAY,L,1,3
2021-2022,2021020921,2022-03-11,WPG,WPG @ NJD,AWAY,W,2,1
2021-2022,2021020936,2022-03-12,CAR,CAR vs. PHI,HOME,W,3,1
2021-2022,2021020930,2022-03-12,CBJ,CBJ vs. MIN,HOME,W,3,2
2021-2022,2021020930,2022-03-12,MIN,MIN @ CBJ,AWAY,L,2,3
2021-2022,2021020937,2022-03-12,NSH,NSH vs. STL,HOME,L,4,7
2021-2022,2021020928,2022-03-12,NYI,NYI vs. WPG,HOME,W,5,2
2021-2022,2021020936,2022-03-12,PHI,PHI @ CAR,AWAY,L,1,3
2021-2022,2021020929,2022-03-12,PIT,PIT vs. VGK,HOME,W,5,2
2021-2022,2021020937,2022-03-12,STL,STL @ NSH,AWAY,W,7,4
2021-2022,2021020931,2022-03-12,VAN,VAN vs. WSH,HOME,L,3,4
2021-2022,2021020929,2022-03-12,VGK,VGK @ PIT,AWAY,L,2,5
2021-2022,2021020928,2022-03-12,WPG,WPG @ NYI,AWAY,L,2,5
2021-2022,2021020931,2022-03-12,WSH,WSH @ VAN,AWAY,W,4,3
2021-2022,2021020935,2022-03-13,ANA,ANA @ NJD,AWAY,L,1,2
2021-2022,2021020943,2022-03-13,ANA,ANA @ NYI,AWAY,L,3,4
2021-2022,2021020932,2022-03-13,ARI,ARI @ BOS,AWAY,L,2,3
2021-2022,2021020932,2022-03-13,BOS,BOS vs. ARI,HOME,W,3,2
2021-2022,2021020942,2022-03-13,BUF,BUF vs. TOR,HOME,W,5,2
2021-2022,2021020945,2022-03-13,CAR,CAR @ PIT,AWAY,L,2,4
2021-2022,2021020946,2022-03-13,CBJ,CBJ vs. VGK,HOME,W,6,4
2021-2022,2021020939,2022-03-13,CGY,CGY vs. DET,HOME,W,3,0
2021-2022,2021020934,2022-03-13,CHI,CHI @ OTT,AWAY,W,6,3
2021-2022,2021020938,2022-03-13,DAL,DAL vs. NYR,HOME,L,4,7
2021-2022,2021020939,2022-03-13,DET,DET @ CGY,AWAY,L,0,3
2021-2022,2021020940,2022-03-13,EDM,EDM vs. TBL,HOME,W,4,1
2021-2022,2021020941,2022-03-13,LAK,LAK @ SJS,AWAY,L,0,5
2021-2022,2021020948,2022-03-13,MIN,MIN vs. NSH,HOME,L,2,6
2021-2022,2021020933,2022-03-13,MTL,MTL vs. SEA,HOME,L,3,4
2021-2022,2021020944,2022-03-13,MTL,MTL @ PHI,AWAY,W,4,3
2021-2022,2021020935,2022-03-13,NJD,NJD vs. ANA,HOME,W,2,1
2021-2022,2021020948,2022-03-13,NSH,NSH @ MIN,AWAY,W,6,2
2021-2022,2021020943,2022-03-13,NYI,NYI vs. ANA,HOME,W,4,3
2021-2022,2021020938,2022-03-13,NYR,NYR @ DAL,AWAY,W,7,4
2021-2022,2021020934,2022-03-13,OTT,OTT vs. CHI,HOME,L,3,6
2021-2022,2021020944,2022-03-13,PHI,PHI vs. MTL,HOME,L,3,4
2021-2022,2021020945,2022-03-13,PIT,PIT vs. CAR,HOME,W,4,2
2021-2022,2021020933,2022-03-13,SEA,SEA @ MTL,AWAY,W,4,3
2021-2022,2021020941,2022-03-13,SJS,SJS vs. LAK,HOME,W,5,0
2021-2022,2021020947,2022-03-13,STL,STL vs. WPG,HOME,L,3,4
2021-2022,2021020940,2022-03-13,TBL,TBL @ EDM,AWAY,L,1,4
2021-2022,2021020942,2022-03-13,TOR,TOR @ BUF,AWAY,L,2,5
2021-2022,2021020946,2022-03-13,VGK,VGK @ CBJ,AWAY,L,4,6
2021-2022,2021020947,2022-03-13,WPG,WPG @ STL,AWAY,W,4,3
2021-2022,2021020952,2022-03-14,ARI,ARI @ OTT,AWAY,W,5,3
2021-2022,2021020949,2022-03-14,CGY,CGY @ COL,AWAY,L,0,3
2021-2022,2021020949,2022-03-14,COL,COL vs. CGY,HOME,W,3,0
2021-2022,2021020951,2022-03-14,FLA,FLA @ LAK,AWAY,L,2,3
2021-2022,2021020951,2022-03-14,LAK,LAK vs. FLA,HOME,W,3,2
2021-2022,2021020952,2022-03-14,OTT,OTT vs. ARI,HOME,L,3,5
2021-2022,2021020950,2022-03-14,TBL,TBL @ VAN,AWAY,W,2,1
2021-2022,2021020950,2022-03-14,VAN,VAN vs. TBL,HOME,L,1,2
2021-2022,2021020955,2022-03-15,ANA,ANA @ NYR,AWAY,L,3,4
2021-2022,2021020954,2022-03-15,ARI,ARI @ MTL,AWAY,W,6,3
2021-2022,2021020953,2022-03-15,DAL,DAL @ TOR,AWAY,L,0,4
2021-2022,2021020954,2022-03-15,MTL,MTL vs. ARI,HOME,L,3,6
2021-2022,2021020956,2022-03-15,NYI,NYI @ WSH,AWAY,L,3,4
2021-2022,2021020955,2022-03-15,NYR,NYR vs. ANA,HOME,W,4,3
2021-2022,2021020953,2022-03-15,TOR,TOR vs. DAL,HOME,W,4,0
2021-2022,2021020956,2022-03-15,WSH,WSH vs. NYI,HOME,W,4,3
2021-2022,2021020957,2022-03-16,BOS,BOS @ CHI,AWAY,W,2,1
2021-2022,2021020965,2022-03-16,BOS,BOS @ MIN,AWAY,L,2,4
2021-2022,2021020964,2022-03-16,CBJ,CBJ @ OTT,AWAY,W,4,1
2021-2022,2021020957,2022-03-16,CHI,CHI vs. BOS,HOME,L,1,2
2021-2022,2021020962,2022-03-16,COL,COL @ LAK,AWAY,W,3,0
2021-2022,2021020960,2022-03-16,DET,DET @ EDM,AWAY,L,5,7
2021-2022,2021020960,2022-03-16,EDM,EDM vs. DET,HOME,W,7,5
2021-2022,2021020963,2022-03-16,FLA,FLA @ SJS,AWAY,W,3,2
2021-2022,2021020962,2022-03-16,LAK,LAK vs. COL,HOME,L,0,3
2021-2022,2021020965,2022-03-16,MIN,MIN vs. BOS,HOME,W,4,2
2021-2022,2021020961,2022-03-16,NJD,NJD @ VAN,AWAY,L,3,6
2021-2022,2021020958,2022-03-16,NSH,NSH vs. PIT,HOME,W,4,1
2021-2022,2021020964,2022-03-16,OTT,OTT vs. CBJ,HOME,L,1,4
2021-2022,2021020958,2022-03-16,PIT,PIT @ NSH,AWAY,L,1,4
2021-2022,2021020963,2022-03-16,SJS,SJS vs. FLA,HOME,L,2,3
2021-2022,2021020961,2022-03-16,VAN,VAN vs. NJD,HOME,W,6,3
2021-2022,2021020959,2022-03-16,VGK,VGK @ WPG,AWAY,L,3,7
2021-2022,2021020959,2022-03-16,WPG,WPG vs. VGK,HOME,W,7,3
2021-2022,2021020968,2022-03-17,CAR,CAR @ TOR,AWAY,L,2,3
2021-2022,2021020971,2022-03-17,CBJ,CBJ vs. WSH,HOME,L,2,7
2021-2022,2021020966,2022-03-17,CGY,CGY vs. NJD,HOME,W,6,3
2021-2022,2021020969,2022-03-17,DAL,DAL @ MTL,AWAY,W,4,3
2021-2022,2021020969,2022-03-17,MTL,MTL vs. DAL,HOME,L,3,4
2021-2022,2021020966,2022-03-17,NJD,NJD @ CGY,AWAY,L,3,6
2021-2022,2021020970,2022-03-17,NSH,NSH @ PHI,AWAY,L,4,5
2021-2022,2021020328,2022-03-17,NYI,NYI @ NYR,AWAY,W,2,1
2021-2022,2021020328,2022-03-17,NYR,NYR vs. NYI,HOME,L,1,2
2021-2022,2021020970,2022-03-17,PHI,PHI vs. NSH,HOME,W,5,4
2021-2022,2021020967,2022-03-17,SEA,SEA vs. TBL,HOME,L,1,4
2021-2022,2021020967,2022-03-17,TBL,TBL @ SEA,AWAY,W,4,1
2021-2022,2021020968,2022-03-17,TOR,TOR vs. CAR,HOME,W,3,2
2021-2022,2021020971,2022-03-17,WSH,WSH @ CBJ,AWAY,W,7,2
2021-2022,2021020973,2022-03-18,BUF,BUF @ EDM,AWAY,L,1,6
2021-2022,2021020978,2022-03-18,CAR,CAR vs. WSH,HOME,L,3,4
2021-2022,2021020974,2022-03-18,DET,DET @ VAN,AWAY,W,1,0
2021-2022,2021020973,2022-03-18,EDM,EDM vs. BUF,HOME,W,6,1
2021-2022,2021020975,2022-03-18,FLA,FLA @ VGK,AWAY,L,3,5
2021-2022,2021020976,2022-03-18,LAK,LAK vs. SJS,HOME,W,3,0
2021-2022,2021020977,2022-03-18,OTT,OTT vs. PHI,HOME,W,3,1
2021-2022,2021020977,2022-03-18,PHI,PHI @ OTT,AWAY,L,1,3
2021-2022,2021020972,2022-03-18,PIT,PIT @ STL,AWAY,W,3,2
2021-2022,2021020976,2022-03-18,SJS,SJS @ LAK,AWAY,L,0,3
2021-2022,2021020972,2022-03-18,STL,STL vs. PIT,HOME,L,2,3
2021-2022,2021020974,2022-03-18,VAN,VAN vs. DET,HOME,L,0,1
2021-2022,2021020975,2022-03-18,VGK,VGK vs. FLA,HOME,W,5,3
2021-2022,2021020978,2022-03-18,WSH,WSH @ CAR,AWAY,W,4,3
2021-2022,2021020981,2022-03-19,ANA,ANA vs. FLA,HOME,L,0,3
2021-2022,2021020991,2022-03-19,ARI,ARI vs. PIT,HOME,L,1,4
2021-2022,2021020979,2022-03-19,BOS,BOS @ WPG,AWAY,W,4,2
2021-2022,2021020980,2022-03-19,BUF,BUF @ CGY,AWAY,W,1,0
2021-2022,2021020986,2022-03-19,CBJ,CBJ vs. STL,HOME,W,5,4
2021-2022,2021020980,2022-03-19,CGY,CGY vs. BUF,HOME,L,0,1
2021-2022,2021020988,2022-03-19,CHI,CHI @ MIN,AWAY,L,1,3
2021-2022,2021020982,2022-03-19,COL,COL @ SJS,AWAY,W,5,3
2021-2022,2021020985,2022-03-19,DAL,DAL @ NYI,AWAY,L,2,4
2021-2022,2021020989,2022-03-19,EDM,EDM vs. NJD,HOME,W,6,3
2021-2022,2021020981,2022-03-19,FLA,FLA @ ANA,AWAY,W,3,0
2021-2022,2021020992,2022-03-19,LAK,LAK @ VGK,AWAY,L,1,5
2021-2022,2021020988,2022-03-19,MIN,MIN vs. CHI,HOME,W,3,1
2021-2022,2021020983,2022-03-19,MTL,MTL vs. OTT,HOME,W,5,1
2021-2022,2021020989,2022-03-19,NJD,NJD @ EDM,AWAY,L,3,6
2021-2022,2021020987,2022-03-19,NSH,NSH vs. TOR,HOME,W,6,3
2021-2022,2021020985,2022-03-19,NYI,NYI vs. DAL,HOME,W,4,2
2021-2022,2021020983,2022-03-19,OTT,OTT @ MTL,AWAY,L,1,5
2021-2022,2021020991,2022-03-19,PIT,PIT @ ARI,AWAY,W,4,1
2021-2022,2021020982,2022-03-19,SJS,SJS vs. COL,HOME,L,3,5
2021-2022,2021020986,2022-03-19,STL,STL @ CBJ,AWAY,L,4,5
2021-2022,2021020987,2022-03-19,TOR,TOR @ NSH,AWAY,L,3,6
2021-2022,2021020992,2022-03-19,VGK,VGK vs. LAK,HOME,W,5,1
2021-2022,2021020979,2022-03-19,WPG,WPG vs. BOS,HOME,L,2,4
2021-2022,2021020999,2022-03-20,ARI,ARI @ SJS,AWAY,L,2,4
2021-2022,2021020996,2022-03-20,CAR,CAR vs. NYR,HOME,L,0,2
2021-2022,2021020990,2022-03-20,CGY,CGY @ VAN,AWAY,W,5,2
2021-2022,2021020997,2022-03-20,CHI,CHI vs. WPG,HOME,L,4,6
2021-2022,2021020995,2022-03-20,DAL,DAL @ WSH,AWAY,W,3,2
2021-2022,2021020993,2022-03-20,DET,DET @ SEA,AWAY,L,2,4
2021-2022,2021020994,2022-03-20,NYI,NYI @ PHI,AWAY,L,1,2
2021-2022,2021020984,2022-03-20,NYR,NYR @ TBL,AWAY,W,2,1
2021-2022,2021020996,2022-03-20,NYR,NYR @ CAR,AWAY,W,2,0
2021-2022,2021020994,2022-03-20,PHI,PHI vs. NYI,HOME,W,2,1
2021-2022,2021020993,2022-03-20,SEA,SEA vs. DET,HOME,W,4,2
2021-2022,2021020999,2022-03-20,SJS,SJS vs. ARI,HOME,W,4,2
2021-2022,2021020984,2022-03-20,TBL,TBL vs. NYR,HOME,L,1,2
2021-2022,2021020990,2022-03-20,VAN,VAN vs. CGY,HOME,L,2,5
2021-2022,2021020997,2022-03-20,WPG,WPG @ CHI,AWAY,W,6,4
2021-2022,2021020995,2022-03-20,WSH,WSH vs. DAL,HOME,L,2,3
2021-2022,2021020646,2022-03-21,BOS,BOS @ MTL,AWAY,W,3,2
2021-2022,2021020998,2022-03-21,BUF,BUF @ VAN,AWAY,W,3,2
2021-2022,2021020646,2022-03-21,MTL,MTL vs. BOS,HOME,L,2,3
2021-2022,2021020998,2022-03-21,VAN,VAN vs. BUF,HOME,L,2,3
2021-2022,2021021003,2022-03-22,ANA,ANA vs. NSH,HOME,L,3,6
2021-2022,2021021009,2022-03-22,CAR,CAR vs. TBL,HOME,W,3,2
2021-2022,2021021007,2022-03-22,CBJ,CBJ @ PIT,AWAY,L,1,5
2021-2022,2021021002,2022-03-22,COL,COL vs. EDM,HOME,W,3,2
2021-2022,2021021004,2022-03-22,DET,DET vs. PHI,HOME,W,6,3
2021-2022,2021021002,2022-03-22,EDM,EDM @ COL,AWAY,L,2,3
2021-2022,2021021001,2022-03-22,MIN,MIN vs. VGK,HOME,W,3,0
2021-2022,2021021005,2022-03-22,NJD,NJD vs. NYR,HOME,W,7,4
2021-2022,2021021003,2022-03-22,NSH,NSH @ ANA,AWAY,W,6,3
2021-2022,2021021021,2022-03-22,NYI,NYI vs. OTT,HOME,W,3,0
2021-2022,2021021005,2022-03-22,NYR,NYR @ NJD,AWAY,L,4,7
2021-2022,2021021021,2022-03-22,OTT,OTT @ NYI,AWAY,L,0,3
2021-2022,2021021004,2022-03-22,PHI,PHI @ DET,AWAY,L,3,6
2021-2022,2021021007,2022-03-22,PIT,PIT vs. CBJ,HOME,W,5,1
2021-2022,2021021008,2022-03-22,STL,STL @ WSH,AWAY,W,5,2
2021-2022,2021021009,2022-03-22,TBL,TBL @ CAR,AWAY,L,2,3
2021-2022,2021021001,2022-03-22,VGK,VGK @ MIN,AWAY,L,0,3
2021-2022,2021021008,2022-03-22,WSH,WSH vs. STL,HOME,L,2,5
2021-2022,2021021017,2022-03-23,ARI,ARI vs. SEA,HOME,L,2,4
2021-2022,2021021014,2022-03-23,BUF,BUF vs. PIT,HOME,W,4,3
2021-2022,2021021012,2022-03-23,CGY,CGY vs. SJS,HOME,L,3,4
2021-2022,2021021010,2022-03-23,DAL,DAL vs. EDM,HOME,W,5,3
2021-2022,2021021010,2022-03-23,EDM,EDM @ DAL,AWAY,L,3,5
2021-2022,2021021013,2022-03-23,LAK,LAK vs. NSH,HOME,W,6,1
2021-2022,2021021015,2022-03-23,NJD,NJD @ TOR,AWAY,L,2,3
2021-2022,2021021013,2022-03-23,NSH,NSH @ LAK,AWAY,L,1,6
2021-2022,2021021014,2022-03-23,PIT,PIT @ BUF,AWAY,L,3,4
2021-2022,2021021017,2022-03-23,SEA,SEA @ ARI,AWAY,W,4,2
2021-2022,2021021012,2022-03-23,SJS,SJS @ CGY,AWAY,W,4,3
2021-2022,2021021015,2022-03-23,TOR,TOR vs. NJD,HOME,W,3,2
2021-2022,2021021011,2022-03-23,VGK,VGK @ WPG,AWAY,L,0,4
2021-2022,2021021011,2022-03-23,WPG,WPG vs. VGK,HOME,W,4,0
2021-2022,2021021018,2022-03-24,ANA,ANA vs. CHI,HOME,L,2,4
2021-2022,2021021019,2022-03-24,BOS,BOS vs. TBL,HOME,W,3,2
2021-2022,2021021022,2022-03-24,CAR,CAR vs. DAL,HOME,L,3,4
2021-2022,2021021018,2022-03-24,CHI,CHI @ ANA,AWAY,W,4,2
2021-2022,2021021016,2022-03-24,COL,COL vs. VAN,HOME,L,1,3
2021-2022,2021021022,2022-03-24,DAL,DAL @ CAR,AWAY,W,4,3
2021-2022,2021020545,2022-03-24,DET,DET @ NYI,AWAY,L,2,5
2021-2022,2021021020,2022-03-24,FLA,FLA @ MTL,AWAY,W,4,3
2021-2022,2021021020,2022-03-24,MTL,MTL vs. FLA,HOME,L,3,4
2021-2022,2021020545,2022-03-24,NYI,NYI vs. DET,HOME,W,5,2
2021-2022,2021021019,2022-03-24,TBL,TBL @ BOS,AWAY,L,2,3
2021-2022,2021021016,2022-03-24,VAN,VAN @ COL,AWAY,W,3,1
2021-2022,2021021028,2022-03-25,BUF,BUF vs. WSH,HOME,L,3,4
2021-2022,2021021027,2022-03-25,CHI,CHI @ LAK,AWAY,W,4,3
2021-2022,2021021025,2022-03-25,EDM,EDM vs. SJS,HOME,W,5,2
2021-2022,2021021027,2022-03-25,LAK,LAK vs. CHI,HOME,L,3,4
2021-2022,2021021024,2022-03-25,MIN,MIN vs. VAN,HOME,W,3,2
2021-2022,2021021026,2022-03-25,NSH,NSH @ VGK,AWAY,L,1,6
2021-2022,2021021029,2022-03-25,NYR,NYR vs. PIT,HOME,W,5,1
2021-2022,2021020675,2022-03-25,OTT,OTT @ WPG,AWAY,W,5,2
2021-2022,2021021023,2022-03-25,PHI,PHI @ STL,AWAY,W,5,2
2021-2022,2021021029,2022-03-25,PIT,PIT @ NYR,AWAY,L,1,5
2021-2022,2021021025,2022-03-25,SJS,SJS @ EDM,AWAY,L,2,5
2021-2022,2021021023,2022-03-25,STL,STL vs. PHI,HOME,L,2,5
2021-2022,2021021024,2022-03-25,VAN,VAN @ MIN,AWAY,L,2,3
2021-2022,2021021026,2022-03-25,VGK,VGK vs. NSH,HOME,W,6,1
2021-2022,2021020675,2022-03-25,WPG,WPG vs. OTT,HOME,L,2,5
2021-2022,2021021028,2022-03-25,WSH,WSH @ BUF,AWAY,W,4,3
2021-2022,2021021032,2022-03-26,ARI,ARI @ CGY,AWAY,L,2,4
2021-2022,2021021034,2022-03-26,BOS,BOS vs. NYI,HOME,W,6,3
2021-2022,2021021030,2022-03-26,CBJ,CBJ @ WPG,AWAY,L,3,4
2021-2022,2021021032,2022-03-26,CGY,CGY vs. ARI,HOME,W,4,2
2021-2022,2021021043,2022-03-26,CHI,CHI @ VGK,AWAY,L,4,5
2021-2022,2021021031,2022-03-26,COL,COL vs. PHI,HOME,W,6,3
2021-2022,2021021040,2022-03-26,DAL,DAL vs. VAN,HOME,L,1,4
2021-2022,2021021037,2022-03-26,DET,DET vs. TBL,HOME,L,1,2
2021-2022,2021021036,2022-03-26,FLA,FLA @ OTT,AWAY,W,4,3
2021-2022,2021021035,2022-03-26,MTL,MTL vs. TOR,HOME,W,4,2
2021-2022,2021021038,2022-03-26,NJD,NJD @ WSH,AWAY,L,3,4
2021-2022,2021021034,2022-03-26,NYI,NYI @ BOS,AWAY,L,3,6
2021-2022,2021021036,2022-03-26,OTT,OTT vs. FLA,HOME,L,3,4
2021-2022,2021021031,2022-03-26,PHI,PHI @ COL,AWAY,L,3,6
2021-2022,2021021037,2022-03-26,TBL,TBL @ DET,AWAY,W,2,1
2021-2022,2021021035,2022-03-26,TOR,TOR @ MTL,AWAY,L,2,4
2021-2022,2021021040,2022-03-26,VAN,VAN @ DAL,AWAY,W,4,1
2021-2022,2021021043,2022-03-26,VGK,VGK vs. CHI,HOME,W,5,4
2021-2022,2021021030,2022-03-26,WPG,WPG vs. CBJ,HOME,W,4,3
2021-2022,2021021038,2022-03-26,WSH,WSH vs. NJD,HOME,W,4,3
2021-2022,2021021045,2022-03-27,ANA,ANA @ SJS,AWAY,L,1,4
2021-2022,2021021053,2022-03-27,ARI,ARI @ WPG,AWAY,L,1,2
2021-2022,2021021049,2022-03-27,BUF,BUF @ NYR,AWAY,L,4,5
2021-2022,2021021039,2022-03-27,CAR,CAR @ STL,AWAY,W,7,2
2021-2022,2021021041,2022-03-27,CBJ,CBJ @ MIN,AWAY,L,2,3
2021-2022,2021021042,2022-03-27,CGY,CGY vs. EDM,HOME,W,9,5
2021-2022,2021021052,2022-03-27,COL,COL @ MIN,AWAY,L,2,3
2021-2022,2021021050,2022-03-27,DET,DET @ PIT,AWAY,L,2,11
2021-2022,2021021042,2022-03-27,EDM,EDM @ CGY,AWAY,L,5,9
2021-2022,2021021046,2022-03-27,FLA,FLA @ TOR,AWAY,L,2,5
2021-2022,2021021044,2022-03-27,LAK,LAK vs. SEA,HOME,W,4,2
2021-2022,2021021041,2022-03-27,MIN,MIN vs. CBJ,HOME,W,3,2
2021-2022,2021021052,2022-03-27,MIN,MIN vs. COL,HOME,W,3,2
2021-2022,2021021047,2022-03-27,MTL,MTL @ NJD,AWAY,L,2,3
2021-2022,2021021047,2022-03-27,NJD,NJD vs. MTL,HOME,W,3,2
2021-2022,2021021051,2022-03-27,NSH,NSH vs. PHI,HOME,W,5,4
2021-2022,2021021048,2022-03-27,NYI,NYI vs. TBL,HOME,L,1,4
2021-2022,2021021049,2022-03-27,NYR,NYR vs. BUF,HOME,W,5,4
2021-2022,2021021051,2022-03-27,PHI,PHI @ NSH,AWAY,L,4,5
2021-2022,2021021050,2022-03-27,PIT,PIT vs. DET,HOME,W,11,2
2021-2022,2021021044,2022-03-27,SEA,SEA @ LAK,AWAY,L,2,4
2021-2022,2021021045,2022-03-27,SJS,SJS vs. ANA,HOME,W,4,1
2021-2022,2021021039,2022-03-27,STL,STL vs. CAR,HOME,L,2,7
2021-2022,2021021048,2022-03-27,TBL,TBL @ NYI,AWAY,W,4,1
2021-2022,2021021046,2022-03-27,TOR,TOR vs. FLA,HOME,W,5,2
2021-2022,2021021053,2022-03-27,WPG,WPG vs. ARI,HOME,W,2,1
2021-2022,2021021054,2022-03-28,CAR,CAR @ WSH,AWAY,W,6,1
2021-2022,2021021056,2022-03-28,STL,STL vs. VAN,HOME,W,4,1
2021-2022,2021021056,2022-03-28,VAN,VAN @ STL,AWAY,L,1,4
2021-2022,2021021054,2022-03-28,WSH,WSH vs. CAR,HOME,L,1,6
2021-2022,2021021057,2022-03-29,ARI,ARI @ EDM,AWAY,L,1,6
2021-2022,2021021059,2022-03-29,BOS,BOS vs. TOR,HOME,L,4,6
2021-2022,2021021055,2022-03-29,BUF,BUF @ CHI,AWAY,W,6,5
2021-2022,2021021060,2022-03-29,CAR,CAR @ TBL,AWAY,L,3,4
2021-2022,2021021063,2022-03-29,CBJ,CBJ vs. NYI,HOME,L,3,4
2021-2022,2021021055,2022-03-29,CHI,CHI vs. BUF,HOME,L,5,6
2021-2022,2021021057,2022-03-29,EDM,EDM vs. ARI,HOME,W,6,1
2021-2022,2021021061,2022-03-29,FLA,FLA vs. MTL,HOME,W,7,4
2021-2022,2021021058,2022-03-29,LAK,LAK vs. SEA,HOME,L,1,6
2021-2022,2021021061,2022-03-29,MTL,MTL @ FLA,AWAY,L,4,7
2021-2022,2021021063,2022-03-29,NYI,NYI @ CBJ,AWAY,W,4,3
2021-2022,2021021062,2022-03-29,NYR,NYR @ PIT,AWAY,W,3,2
2021-2022,2021021062,2022-03-29,PIT,PIT vs. NYR,HOME,L,2,3
2021-2022,2021021058,2022-03-29,SEA,SEA @ LAK,AWAY,W,6,1
2021-2022,2021021060,2022-03-29,TBL,TBL vs. CAR,HOME,W,4,3
2021-2022,2021021059,2022-03-29,TOR,TOR @ BOS,AWAY,W,6,4
2021-2022,2021021067,2022-03-30,ANA,ANA vs. DAL,HOME,L,2,3
2021-2022,2021021068,2022-03-30,BUF,BUF vs. WPG,HOME,L,2,3
2021-2022,2021021066,2022-03-30,CGY,CGY vs. COL,HOME,L,1,2
2021-2022,2021021066,2022-03-30,COL,COL @ CGY,AWAY,W,2,1
2021-2022,2021021067,2022-03-30,DAL,DAL @ ANA,AWAY,W,3,2
2021-2022,2021021069,2022-03-30,DET,DET vs. NYR,HOME,L,4,5
2021-2022,2021021065,2022-03-30,MIN,MIN vs. PHI,HOME,W,4,1
2021-2022,2021021064,2022-03-30,NSH,NSH vs. OTT,HOME,W,4,1
2021-2022,2021021069,2022-03-30,NYR,NYR @ DET,AWAY,W,5,4
2021-2022,2021021064,2022-03-30,OTT,OTT @ NSH,AWAY,L,1,4
2021-2022,2021021065,2022-03-30,PHI,PHI @ MIN,AWAY,L,1,4
2021-2022,2021021068,2022-03-30,WPG,WPG @ BUF,AWAY,W,3,2
2021-2022,2021021072,2022-03-31,ARI,ARI vs. SJS,HOME,W,5,2
2021-2022,2021021074,2022-03-31,BOS,BOS vs. NJD,HOME,W,8,1
2021-2022,2021021078,2022-03-31,CAR,CAR vs. MTL,HOME,W,4,0
2021-2022,2021021077,2022-03-31,CBJ,CBJ @ NYI,AWAY,L,2,5
2021-2022,2021021076,2022-03-31,CHI,CHI @ FLA,AWAY,L,0,4
2021-2022,2021021070,2022-03-31,EDM,EDM vs. LAK,HOME,W,4,3
2021-2022,2021021076,2022-03-31,FLA,FLA vs. CHI,HOME,W,4,0
2021-2022,2021021070,2022-03-31,LAK,LAK @ EDM,AWAY,L,3,4
2021-2022,2021021078,2022-03-31,MTL,MTL @ CAR,AWAY,L,0,4
2021-2022,2021021074,2022-03-31,NJD,NJD @ BOS,AWAY,L,1,8
2021-2022,2021021077,2022-03-31,NYI,NYI vs. CBJ,HOME,W,5,2
2021-2022,2021021073,2022-03-31,SEA,SEA vs. VGK,HOME,L,0,3
2021-2022,2021021072,2022-03-31,SJS,SJS @ ARI,AWAY,L,2,5
2021-2022,2021021071,2022-03-31,STL,STL @ VAN,AWAY,W,4,3
2021-2022,2021021075,2022-03-31,TOR,TOR vs. WPG,HOME,W,7,3
2021-2022,2021021071,2022-03-31,VAN,VAN vs. STL,HOME,L,3,4
2021-2022,2021021073,2022-03-31,VGK,VGK @ SEA,AWAY,W,3,0
2021-2022,2021021075,2022-03-31,WPG,WPG @ TOR,AWAY,L,3,7
2021-2022,2021021082,2022-04-01,ANA,ANA vs. DAL,HOME,L,2,3
2021-2022,2021021083,2022-04-01,BUF,BUF vs. NSH,HOME,W,4,3
2021-2022,2021021081,2022-04-01,CGY,CGY vs. LAK,HOME,L,2,3
2021-2022,2021021085,2022-04-01,CHI,CHI @ TBL,AWAY,L,2,5
2021-2022,2021021080,2022-04-01,COL,COL vs. SJS,HOME,W,4,2
2021-2022,2021021082,2022-04-01,DAL,DAL @ ANA,AWAY,W,3,2
2021-2022,2021021084,2022-04-01,DET,DET vs. OTT,HOME,L,2,5
2021-2022,2021021081,2022-04-01,LAK,LAK @ CGY,AWAY,W,3,2
2021-2022,2021021079,2022-04-01,MIN,MIN vs. PIT,HOME,L,3,4
2021-2022,2021021083,2022-04-01,NSH,NSH @ BUF,AWAY,L,3,4
2021-2022,2021021086,2022-04-01,NYI,NYI @ NYR,AWAY,W,3,0
2021-2022,2021021086,2022-04-01,NYR,NYR vs. NYI,HOME,L,0,3
2021-2022,2021021084,2022-04-01,OTT,OTT @ DET,AWAY,W,5,2
2021-2022,2021021079,2022-04-01,PIT,PIT @ MIN,AWAY,W,4,3
2021-2022,2021021080,2022-04-01,SJS,SJS @ COL,AWAY,L,2,4
2021-2022,2021021085,2022-04-01,TBL,TBL vs. CHI,HOME,W,5,2
2021-2022,2021021088,2022-04-02,ANA,ANA @ ARI,AWAY,W,5,0
2021-2022,2021021088,2022-04-02,ARI,ARI vs. ANA,HOME,L,0,5
2021-2022,2021021090,2022-04-02,BOS,BOS vs. CBJ,HOME,W,5,2
2021-2022,2021021094,2022-04-02,CAR,CAR vs. MIN,HOME,L,1,3
2021-2022,2021021090,2022-04-02,CBJ,CBJ @ BOS,AWAY,L,2,5
2021-2022,2021021097,2022-04-02,COL,COL vs. PIT,HOME,W,3,2
2021-2022,2021021087,2022-04-02,EDM,EDM vs. STL,HOME,W,6,5
2021-2022,2021021092,2022-04-02,FLA,FLA @ NJD,AWAY,W,7,6
2021-2022,2021021096,2022-04-02,LAK,LAK @ WPG,AWAY,W,3,2
2021-2022,2021021094,2022-04-02,MIN,MIN @ CAR,AWAY,W,3,1
2021-2022,2021021091,2022-04-02,MTL,MTL @ TBL,AWAY,W,5,4
2021-2022,2021021092,2022-04-02,NJD,NJD vs. FLA,HOME,L,6,7
2021-2022,2021021093,2022-04-02,PHI,PHI vs. TOR,HOME,L,3,6
2021-2022,2021021097,2022-04-02,PIT,PIT @ COL,AWAY,L,2,3
2021-2022,2021021089,2022-04-02,SEA,SEA vs. VGK,HOME,L,2,5
2021-2022,2021021087,2022-04-02,STL,STL @ EDM,AWAY,L,5,6
2021-2022,2021021091,2022-04-02,TBL,TBL vs. MTL,HOME,L,4,5
2021-2022,2021021093,2022-04-02,TOR,TOR @ PHI,AWAY,W,6,3
2021-2022,2021021089,2022-04-02,VGK,VGK @ SEA,AWAY,W,5,2
2021-2022,2021021096,2022-04-02,WPG,WPG vs. LAK,HOME,L,2,3
2021-2022,2021021105,2022-04-03,ARI,ARI @ CHI,AWAY,W,3,2
2021-2022,2021021100,2022-04-03,BUF,BUF vs. FLA,HOME,L,3,5
2021-2022,2021021098,2022-04-03,CGY,CGY vs. STL,HOME,L,4,6
2021-2022,2021021105,2022-04-03,CHI,CHI vs. ARI,HOME,L,2,3
2021-2022,2021021099,2022-04-03,DAL,DAL @ SJS,AWAY,W,5,4
2021-2022,2021021101,2022-04-03,DET,DET @ OTT,AWAY,L,2,5
2021-2022,2021021100,2022-04-03,FLA,FLA @ BUF,AWAY,W,5,3
2021-2022,2021021104,2022-04-03,MIN,MIN @ WSH,AWAY,W,5,1
2021-2022,2021021102,2022-04-03,NJD,NJD vs. NYI,HOME,L,3,4
2021-2022,2021021102,2022-04-03,NYI,NYI @ NJD,AWAY,W,4,3
2021-2022,2021021103,2022-04-03,NYR,NYR vs. PHI,HOME,L,3,4
2021-2022,2021021101,2022-04-03,OTT,OTT vs. DET,HOME,W,5,2
2021-2022,2021021103,2022-04-03,PHI,PHI @ NYR,AWAY,W,4,3
2021-2022,2021021099,2022-04-03,SJS,SJS vs. DAL,HOME,L,4,5
2021-2022,2021021098,2022-04-03,STL,STL @ CGY,AWAY,W,6,4
2021-2022,2021021106,2022-04-03,VAN,VAN vs. VGK,HOME,L,2,3
2021-2022,2021021106,2022-04-03,VGK,VGK @ VAN,AWAY,W,3,2
2021-2022,2021021104,2022-04-03,WSH,WSH vs. MIN,HOME,L,1,5
2021-2022,2021021107,2022-04-04,ANA,ANA vs. EDM,HOME,L,1,6
2021-2022,2021021110,2022-04-04,BOS,BOS @ CBJ,AWAY,W,3,2
2021-2022,2021021110,2022-04-04,CBJ,CBJ vs. BOS,HOME,L,2,3
2021-2022,2021021108,2022-04-04,DAL,DAL @ SEA,AWAY,L,1,4
2021-2022,2021021107,2022-04-04,EDM,EDM @ ANA,AWAY,W,6,1
2021-2022,2021021108,2022-04-04,SEA,SEA vs. DAL,HOME,W,4,1
2021-2022,2021021109,2022-04-04,TBL,TBL vs. TOR,HOME,L,2,6
2021-2022,2021021109,2022-04-04,TOR,TOR @ TBL,AWAY,W,6,2
2021-2022,2021021111,2022-04-05,ARI,ARI @ STL,AWAY,L,1,5
2021-2022,2021021115,2022-04-05,BOS,BOS @ DET,AWAY,L,3,5
2021-2022,2021021113,2022-04-05,BUF,BUF vs. CAR,HOME,W,4,2
2021-2022,2021021113,2022-04-05,CAR,CAR @ BUF,AWAY,L,2,4
2021-2022,2021021118,2022-04-05,CBJ,CBJ @ PHI,AWAY,W,4,2
2021-2022,2021021112,2022-04-05,CGY,CGY @ LAK,AWAY,W,3,2
2021-2022,2021021119,2022-04-05,COL,COL @ PIT,AWAY,W,6,4
2021-2022,2021021115,2022-04-05,DET,DET vs. BOS,HOME,W,5,3
2021-2022,2021021116,2022-04-05,FLA,FLA vs. TOR,HOME,W,7,6
2021-2022,2021021112,2022-04-05,LAK,LAK vs. CGY,HOME,L,2,3
2021-2022,2021021114,2022-04-05,MTL,MTL vs. OTT,HOME,L,3,6
2021-2022,2021021117,2022-04-05,NJD,NJD vs. NYR,HOME,L,1,3
2021-2022,2021021117,2022-04-05,NYR,NYR @ NJD,AWAY,W,3,1
2021-2022,2021021114,2022-04-05,OTT,OTT @ MTL,AWAY,W,6,3
2021-2022,2021021118,2022-04-05,PHI,PHI vs. CBJ,HOME,L,2,4
2021-2022,2021021119,2022-04-05,PIT,PIT vs. COL,HOME,L,4,6
2021-2022,2021021111,2022-04-05,STL,STL vs. ARI,HOME,W,5,1
2021-2022,2021021116,2022-04-05,TOR,TOR @ FLA,AWAY,L,6,7
2021-2022,2021021121,2022-04-06,DAL,DAL vs. NYI,HOME,W,3,2
2021-2022,2021021125,2022-04-06,DET,DET @ WPG,AWAY,W,3,1
2021-2022,2021021122,2022-04-06,EDM,EDM @ SJS,AWAY,W,2,1
2021-2022,2021021120,2022-04-06,MIN,MIN @ NSH,AWAY,L,2,6
2021-2022,2021021120,2022-04-06,NSH,NSH vs. MIN,HOME,W,6,2
2021-2022,2021021121,2022-04-06,NYI,NYI @ DAL,AWAY,L,2,3
2021-2022,2021021122,2022-04-06,SJS,SJS vs. EDM,HOME,L,1,2
2021-2022,2021021123,2022-04-06,TBL,TBL @ WSH,AWAY,L,3,4
2021-2022,2021021125,2022-04-06,WPG,WPG vs. DET,HOME,L,1,3
2021-2022,2021021123,2022-04-06,WSH,WSH vs. TBL,HOME,W,4,3
2021-2022,2021021127,2022-04-07,ANA,ANA vs. CGY,HOME,L,2,4
2021-2022,2021021130,2022-04-07,BUF,BUF @ CAR,AWAY,L,3,5
2021-2022,2021021130,2022-04-07,CAR,CAR vs. BUF,HOME,W,5,3
2021-2022,2021021131,2022-04-07,CBJ,CBJ vs. PHI,HOME,L,1,4
2021-2022,2021021127,2022-04-07,CGY,CGY @ ANA,AWAY,W,4,2
2021-2022,2021020512,2022-04-07,MTL,MTL @ NJD,AWAY,W,7,4
2021-2022,2021020512,2022-04-07,NJD,NJD vs. MTL,HOME,L,4,7
2021-2022,2021020250,2022-04-07,NSH,NSH @ OTT,AWAY,W,3,2
2021-2022,2021021129,2022-04-07,NYR,NYR vs. PIT,HOME,W,3,0
2021-2022,2021020250,2022-04-07,OTT,OTT vs. NSH,HOME,L,2,3
2021-2022,2021021131,2022-04-07,PHI,PHI @ CBJ,AWAY,W,4,1
2021-2022,2021021129,2022-04-07,PIT,PIT @ NYR,AWAY,L,0,3
2021-2022,2021021124,2022-04-07,SEA,SEA @ STL,AWAY,L,1,4
2021-2022,2021021124,2022-04-07,STL,STL vs. SEA,HOME,W,4,1
2021-2022,2021021126,2022-04-07,VAN,VAN @ VGK,AWAY,W,5,1
2021-2022,2021021126,2022-04-07,VGK,VGK vs. VAN,HOME,L,1,5
2021-2022,2021021134,2022-04-08,ARI,ARI vs. VAN,HOME,L,1,5
2021-2022,2021021137,2022-04-08,BOS,BOS @ TBL,AWAY,W,2,1
2021-2022,2021021138,2022-04-08,BUF,BUF @ FLA,AWAY,L,3,4
2021-2022,2021021139,2022-04-08,CAR,CAR vs. NYI,HOME,L,1,2
2021-2022,2021021136,2022-04-08,CGY,CGY @ SJS,AWAY,W,4,2
2021-2022,2021021132,2022-04-08,CHI,CHI vs. SEA,HOME,L,0,2
2021-2022,2021021133,2022-04-08,DAL,DAL vs. TOR,HOME,L,3,4
2021-2022,2021021135,2022-04-08,EDM,EDM @ LAK,AWAY,W,3,2
2021-2022,2021021138,2022-04-08,FLA,FLA vs. BUF,HOME,W,4,3
2021-2022,2021021135,2022-04-08,LAK,LAK vs. EDM,HOME,L,2,3
2021-2022,2021021139,2022-04-08,NYI,NYI @ CAR,AWAY,W,2,1
2021-2022,2021021132,2022-04-08,SEA,SEA @ CHI,AWAY,W,2,0
2021-2022,2021021136,2022-04-08,SJS,SJS vs. CGY,HOME,L,2,4
2021-2022,2021021137,2022-04-08,TBL,TBL vs. BOS,HOME,L,1,2
2021-2022,2021021133,2022-04-08,TOR,TOR @ DAL,AWAY,W,4,3
2021-2022,2021021134,2022-04-08,VAN,VAN @ ARI,AWAY,W,5,1
2021-2022,2021021145,2022-04-09,ANA,ANA @ PHI,AWAY,W,5,3
2021-2022,2021021143,2022-04-09,CBJ,CBJ @ DET,AWAY,W,5,4
2021-2022,2021021154,2022-04-09,CGY,CGY @ SEA,AWAY,W,4,1
2021-2022,2021021141,2022-04-09,COL,COL @ WPG,AWAY,W,5,4
2021-2022,2021021149,2022-04-09,DAL,DAL vs. NJD,HOME,L,1,3
2021-2022,2021021143,2022-04-09,DET,DET vs. CBJ,HOME,L,4,5
2021-2022,2021021148,2022-04-09,FLA,FLA @ NSH,AWAY,W,4,1
2021-2022,2021021140,2022-04-09,MIN,MIN @ STL,AWAY,L,3,4
2021-2022,2021021142,2022-04-09,MTL,MTL @ TOR,AWAY,L,2,3
2021-2022,2021021149,2022-04-09,NJD,NJD @ DAL,AWAY,W,3,1
2021-2022,2021021148,2022-04-09,NSH,NSH vs. FLA,HOME,L,1,4
2021-2022,2021021144,2022-04-09,NYR,NYR vs. OTT,HOME,W,5,1
2021-2022,2021021144,2022-04-09,OTT,OTT @ NYR,AWAY,L,1,5
2021-2022,2021021145,2022-04-09,PHI,PHI vs. ANA,HOME,L,3,5
2021-2022,2021021146,2022-04-09,PIT,PIT vs. WSH,HOME,L,3,6
2021-2022,2021021154,2022-04-09,SEA,SEA vs. CGY,HOME,L,1,4
2021-2022,2021021140,2022-04-09,STL,STL vs. MIN,HOME,W,4,3
2021-2022,2021021142,2022-04-09,TOR,TOR vs. MTL,HOME,W,3,2
2021-2022,2021021141,2022-04-09,WPG,WPG vs. COL,HOME,L,4,5
2021-2022,2021021146,2022-04-09,WSH,WSH @ PIT,AWAY,W,6,3
2021-2022,2021021159,2022-04-10,ANA,ANA @ CAR,AWAY,L,2,5
2021-2022,2021021153,2022-04-10,ARI,ARI @ VGK,AWAY,L,1,6
2021-2022,2021021158,2022-04-10,BOS,BOS @ WSH,AWAY,L,2,4
2021-2022,2021021156,2022-04-10,BUF,BUF @ TBL,AWAY,L,0,5
2021-2022,2021021159,2022-04-10,CAR,CAR vs. ANA,HOME,W,5,2
2021-2022,2021021160,2022-04-10,CHI,CHI vs. DAL,HOME,L,4,6
2021-2022,2021021151,2022-04-10,COL,COL @ EDM,AWAY,W,2,1
2021-2022,2021021160,2022-04-10,DAL,DAL @ CHI,AWAY,W,6,4
2021-2022,2021021151,2022-04-10,EDM,EDM vs. COL,HOME,L,1,2
2021-2022,2021021150,2022-04-10,LAK,LAK @ MIN,AWAY,L,3,6
2021-2022,2021021150,2022-04-10,MIN,MIN vs. LAK,HOME,W,6,3
2021-2022,2021021157,2022-04-10,NSH,NSH @ PIT,AWAY,L,2,3
2021-2022,2021021147,2022-04-10,NYI,NYI @ STL,AWAY,L,1,6
2021-2022,2021021155,2022-04-10,OTT,OTT vs. WPG,HOME,L,3,4
2021-2022,2021021157,2022-04-10,PIT,PIT vs. NSH,HOME,W,3,2
2021-2022,2021021152,2022-04-10,SJS,SJS @ VAN,AWAY,L,2,4
2021-2022,2021021147,2022-04-10,STL,STL vs. NYI,HOME,W,6,1
2021-2022,2021021156,2022-04-10,TBL,TBL vs. BUF,HOME,W,5,0
2021-2022,2021021152,2022-04-10,VAN,VAN vs. SJS,HOME,W,4,2
2021-2022,2021021153,2022-04-10,VGK,VGK vs. ARI,HOME,W,6,1
2021-2022,2021021155,2022-04-10,WPG,WPG @ OTT,AWAY,W,4,3
2021-2022,2021021158,2022-04-10,WSH,WSH vs. BOS,HOME,W,4,2
2021-2022,2021021162,2022-04-11,MTL,MTL vs. WPG,HOME,L,2,4
2021-2022,2021021162,2022-04-11,WPG,WPG @ MTL,AWAY,W,4,2
2021-2022,2021021167,2022-04-12,ANA,ANA @ FLA,AWAY,L,2,3
2021-2022,2021021164,2022-04-12,BOS,BOS vs. STL,HOME,L,2,4
2021-2022,2021021165,2022-04-12,BUF,BUF @ TOR,AWAY,W,5,2
2021-2022,2021021168,2022-04-12,CAR,CAR @ NYR,AWAY,W,4,2
2021-2022,2021021166,2022-04-12,DET,DET vs. OTT,HOME,L,1,4
2021-2022,2021021167,2022-04-12,FLA,FLA vs. ANA,HOME,W,3,2
2021-2022,2021020922,2022-04-12,NYI,NYI vs. PIT,HOME,W,5,4
2021-2022,2021021168,2022-04-12,NYR,NYR vs. CAR,HOME,L,2,4
2021-2022,2021021166,2022-04-12,OTT,OTT @ DET,AWAY,W,4,1
2021-2022,2021021170,2022-04-12,PHI,PHI @ WSH,AWAY,L,2,9
2021-2022,2021020922,2022-04-12,PIT,PIT @ NYI,AWAY,L,4,5
2021-2022,2021021164,2022-04-12,STL,STL @ BOS,AWAY,W,4,2
2021-2022,2021021165,2022-04-12,TOR,TOR vs. BUF,HOME,L,2,5
2021-2022,2021021170,2022-04-12,WSH,WSH vs. PHI,HOME,W,9,2
2021-2022,2021021176,2022-04-13,ARI,ARI vs. NJD,HOME,L,2,6
2021-2022,2021021178,2022-04-13,CBJ,CBJ vs. MTL,HOME,W,5,1
2021-2022,2021021174,2022-04-13,CGY,CGY vs. SEA,HOME,W,5,3
2021-2022,2021021187,2022-04-13,CHI,CHI vs. LAK,HOME,L,2,5
2021-2022,2021021173,2022-04-13,DAL,DAL vs. TBL,HOME,W,1,0
2021-2022,2021021163,2022-04-13,EDM,EDM @ MIN,AWAY,L,1,5
2021-2022,2021021187,2022-04-13,LAK,LAK @ CHI,AWAY,W,5,2
2021-2022,2021021163,2022-04-13,MIN,MIN vs. EDM,HOME,W,5,1
2021-2022,2021021178,2022-04-13,MTL,MTL @ CBJ,AWAY,L,1,5
2021-2022,2021021176,2022-04-13,NJD,NJD @ ARI,AWAY,W,6,2
2021-2022,2021021188,2022-04-13,NSH,NSH vs. SJS,HOME,W,1,0
2021-2022,2021021177,2022-04-13,NYR,NYR @ PHI,AWAY,W,4,0
2021-2022,2021021177,2022-04-13,PHI,PHI vs. NYR,HOME,L,0,4
2021-2022,2021021174,2022-04-13,SEA,SEA @ CGY,AWAY,L,3,5
2021-2022,2021021188,2022-04-13,SJS,SJS @ NSH,AWAY,L,0,1
2021-2022,2021021173,2022-04-13,TBL,TBL @ DAL,AWAY,L,0,1
2021-2022,2021021175,2022-04-13,VAN,VAN vs. VGK,HOME,W,5,4
2021-2022,2021021175,2022-04-13,VGK,VGK @ VAN,AWAY,L,4,5
2021-2022,2021021184,2022-04-14,ANA,ANA @ TBL,AWAY,L,3,4
2021-2022,2021021181,2022-04-14,BOS,BOS vs. OTT,HOME,L,2,3
2021-2022,2021021182,2022-04-14,BUF,BUF vs. STL,HOME,L,2,6
2021-2022,2021021186,2022-04-14,CAR,CAR vs. DET,HOME,L,0,3
2021-2022,2021021180,2022-04-14,COL,COL vs. LAK,HOME,W,9,3
2021-2022,2021021186,2022-04-14,DET,DET @ CAR,AWAY,W,3,0
2021-2022,2021021180,2022-04-14,LAK,LAK @ COL,AWAY,L,3,9
2021-2022,2021021185,2022-04-14,NYI,NYI @ PIT,AWAY,L,3,6
2021-2022,2021021181,2022-04-14,OTT,OTT @ BOS,AWAY,W,3,2
2021-2022,2021021185,2022-04-14,PIT,PIT vs. NYI,HOME,W,6,3
2021-2022,2021021182,2022-04-14,STL,STL @ BUF,AWAY,W,6,2
2021-2022,2021021184,2022-04-14,TBL,TBL vs. ANA,HOME,W,4,3
2021-2022,2021021183,2022-04-14,TOR,TOR vs. WSH,HOME,W,7,3
2021-2022,2021021183,2022-04-14,WSH,WSH @ TOR,AWAY,L,3,7
2021-2022,2021021192,2022-04-15,ARI,ARI @ VAN,AWAY,L,1,7
2021-2022,2021021191,2022-04-15,CGY,CGY vs. VGK,HOME,L,1,6
2021-2022,2021021171,2022-04-15,CHI,CHI vs. SJS,HOME,W,5,4
2021-2022,2021021190,2022-04-15,COL,COL vs. NJD,HOME,W,3,1
2021-2022,2021021189,2022-04-15,DAL,DAL vs. MIN,HOME,L,2,3
2021-2022,2021021172,2022-04-15,EDM,EDM @ NSH,AWAY,W,4,0
2021-2022,2021021194,2022-04-15,FLA,FLA vs. WPG,HOME,W,6,1
2021-2022,2021021189,2022-04-15,MIN,MIN @ DAL,AWAY,W,3,2
2021-2022,2021021193,2022-04-15,MTL,MTL vs. NYI,HOME,L,0,3
2021-2022,2021021190,2022-04-15,NJD,NJD @ COL,AWAY,L,1,3
2021-2022,2021021172,2022-04-15,NSH,NSH vs. EDM,HOME,L,0,4
2021-2022,2021021193,2022-04-15,NYI,NYI @ MTL,AWAY,W,3,0
2021-2022,2021021171,2022-04-15,SJS,SJS @ CHI,AWAY,L,4,5
2021-2022,2021021192,2022-04-15,VAN,VAN vs. ARI,HOME,W,7,1
2021-2022,2021021191,2022-04-15,VGK,VGK @ CGY,AWAY,W,6,1
2021-2022,2021021194,2022-04-15,WPG,WPG @ FLA,AWAY,L,1,6
2021-2022,2021021196,2022-04-16,BOS,BOS vs. PIT,HOME,W,2,1
2021-2022,2021021197,2022-04-16,BUF,BUF vs. PHI,HOME,W,4,3
2021-2022,2021021203,2022-04-16,CHI,CHI @ NSH,AWAY,L,3,4
2021-2022,2021021201,2022-04-16,DET,DET @ NYR,AWAY,L,0,4
2021-2022,2021021195,2022-04-16,EDM,EDM vs. VGK,HOME,W,4,0
2021-2022,2021021202,2022-04-16,MIN,MIN @ STL,AWAY,L,5,6
2021-2022,2021021198,2022-04-16,MTL,MTL vs. WSH,HOME,L,4,8
2021-2022,2021021203,2022-04-16,NSH,NSH vs. CHI,HOME,W,4,3
2021-2022,2021021201,2022-04-16,NYR,NYR vs. DET,HOME,W,4,0
2021-2022,2021021199,2022-04-16,OTT,OTT vs. TOR,HOME,L,4,5
2021-2022,2021021197,2022-04-16,PHI,PHI @ BUF,AWAY,L,3,4
2021-2022,2021021196,2022-04-16,PIT,PIT @ BOS,AWAY,L,1,2
2021-2022,2021021202,2022-04-16,STL,STL vs. MIN,HOME,W,6,5
2021-2022,2021021200,2022-04-16,TBL,TBL vs. WPG,HOME,W,7,4
2021-2022,2021021199,2022-04-16,TOR,TOR @ OTT,AWAY,W,5,4
2021-2022,2021021195,2022-04-16,VGK,VGK @ EDM,AWAY,L,0,4
2021-2022,2021021200,2022-04-16,WPG,WPG @ TBL,AWAY,L,4,7
2021-2022,2021021198,2022-04-16,WSH,WSH @ MTL,AWAY,W,8,4
2021-2022,2021021206,2022-04-17,ARI,ARI @ CGY,AWAY,L,1,9
2021-2022,2021021212,2022-04-17,BUF,BUF @ PHI,AWAY,W,5,3
2021-2022,2021021205,2022-04-17,CAR,CAR @ COL,AWAY,L,4,7
2021-2022,2021021208,2022-04-17,CBJ,CBJ @ LAK,AWAY,L,1,2
2021-2022,2021021206,2022-04-17,CGY,CGY vs. ARI,HOME,W,9,1
2021-2022,2021021205,2022-04-17,COL,COL vs. CAR,HOME,W,7,4
2021-2022,2021021204,2022-04-17,DAL,DAL vs. SJS,HOME,W,2,1
2021-2022,2021021210,2022-04-17,DET,DET vs. FLA,HOME,L,1,6
2021-2022,2021021210,2022-04-17,FLA,FLA @ DET,AWAY,W,6,1
2021-2022,2021021208,2022-04-17,LAK,LAK vs. CBJ,HOME,W,2,1
2021-2022,2021021214,2022-04-17,MIN,MIN vs. SJS,HOME,W,5,4
2021-2022,2021021209,2022-04-17,NJD,NJD @ SEA,AWAY,L,3,4
2021-2022,2021021213,2022-04-17,NSH,NSH vs. STL,HOME,L,3,8
2021-2022,2021020723,2022-04-17,NYI,NYI @ TOR,AWAY,L,2,4
2021-2022,2021021212,2022-04-17,PHI,PHI vs. BUF,HOME,L,3,5
2021-2022,2021021209,2022-04-17,SEA,SEA vs. NJD,HOME,W,4,3
2021-2022,2021021204,2022-04-17,SJS,SJS @ DAL,AWAY,L,1,2
2021-2022,2021021214,2022-04-17,SJS,SJS @ MIN,AWAY,L,4,5
2021-2022,2021021213,2022-04-17,STL,STL @ NSH,AWAY,W,8,3
2021-2022,2021020723,2022-04-17,TOR,TOR vs. NYI,HOME,W,4,2
2021-2022,2021021215,2022-04-18,ANA,ANA vs. CBJ,HOME,W,6,4
2021-2022,2021021215,2022-04-18,CBJ,CBJ @ ANA,AWAY,L,4,6
2021-2022,2021021218,2022-04-19,ARI,ARI vs. CAR,HOME,L,3,5
2021-2022,2021021218,2022-04-19,CAR,CAR @ ARI,AWAY,W,5,3
2021-2022,2021020436,2022-04-19,CGY,CGY @ CHI,AWAY,W,5,2
2021-2022,2021020436,2022-04-19,CHI,CHI vs. CGY,HOME,L,2,5
2021-2022,2021021216,2022-04-19,COL,COL vs. WSH,HOME,L,2,3
2021-2022,2021021217,2022-04-19,DAL,DAL @ VAN,AWAY,L,2,6
2021-2022,2021021222,2022-04-19,DET,DET @ TBL,AWAY,W,4,3
2021-2022,2021021223,2022-04-19,FLA,FLA @ NYI,AWAY,W,3,2
2021-2022,2021021221,2022-04-19,MIN,MIN @ MTL,AWAY,W,2,0
2021-2022,2021021221,2022-04-19,MTL,MTL vs. MIN,HOME,L,0,2
2021-2022,2021021219,2022-04-19,NJD,NJD @ VGK,AWAY,W,3,2
2021-2022,2021021223,2022-04-19,NYI,NYI vs. FLA,HOME,L,2,3
2021-2022,2021021224,2022-04-19,NYR,NYR vs. WPG,HOME,W,3,0
2021-2022,2021020611,2022-04-19,OTT,OTT @ SEA,AWAY,L,2,4
2021-2022,2021021220,2022-04-19,PHI,PHI @ TOR,AWAY,L,2,5
2021-2022,2021020611,2022-04-19,SEA,SEA vs. OTT,HOME,W,4,2
2021-2022,2021021222,2022-04-19,TBL,TBL vs. DET,HOME,L,3,4
2021-2022,2021021220,2022-04-19,TOR,TOR vs. PHI,HOME,W,5,2
2021-2022,2021021217,2022-04-19,VAN,VAN vs. DAL,HOME,W,6,2
2021-2022,2021021219,2022-04-19,VGK,VGK vs. NJD,HOME,L,2,3
2021-2022,2021021224,2022-04-19,WPG,WPG @ NYR,AWAY,L,0,3
2021-2022,2021021216,2022-04-19,WSH,WSH @ COL,AWAY,W,3,2
2021-2022,2021021226,2022-04-20,ANA,ANA vs. LAK,HOME,L,1,2
2021-2022,2021021225,2022-04-20,BOS,BOS @ STL,AWAY,W,3,2
2021-2022,2021021227,2022-04-20,CBJ,CBJ @ SJS,AWAY,L,2,3
2021-2022,2021020443,2022-04-20,CGY,CGY @ NSH,AWAY,L,2,3
2021-2022,2021021226,2022-04-20,LAK,LAK @ ANA,AWAY,W,2,1
2021-2022,2021020443,2022-04-20,NSH,NSH vs. CGY,HOME,W,3,2
2021-2022,2021020625,2022-04-20,OTT,OTT @ VAN,AWAY,W,4,3
2021-2022,2021021227,2022-04-20,SJS,SJS vs. CBJ,HOME,W,3,2
2021-2022,2021021225,2022-04-20,STL,STL vs. BOS,HOME,L,2,3
2021-2022,2021020625,2022-04-20,VAN,VAN vs. OTT,HOME,L,3,4
2021-2022,2021021230,2022-04-21,ARI,ARI vs. CHI,HOME,L,3,4
2021-2022,2021021238,2022-04-21,BOS,BOS @ PIT,AWAY,L,0,4
2021-2022,2021021236,2022-04-21,BUF,BUF @ NJD,AWAY,W,5,2
2021-2022,2021021239,2022-04-21,CAR,CAR vs. WPG,HOME,W,4,2
2021-2022,2021021230,2022-04-21,CHI,CHI @ ARI,AWAY,W,4,3
2021-2022,2021021232,2022-04-21,COL,COL @ SEA,AWAY,L,2,3
2021-2022,2021021229,2022-04-21,DAL,DAL @ EDM,AWAY,L,2,5
2021-2022,2021021235,2022-04-21,DET,DET @ FLA,AWAY,L,2,5
2021-2022,2021021229,2022-04-21,EDM,EDM vs. DAL,HOME,W,5,2
2021-2022,2021021235,2022-04-21,FLA,FLA vs. DET,HOME,W,5,2
2021-2022,2021021233,2022-04-21,MTL,MTL vs. PHI,HOME,L,3,6
2021-2022,2021021236,2022-04-21,NJD,NJD vs. BUF,HOME,L,2,5
2021-2022,2021021237,2022-04-21,NYI,NYI vs. NYR,HOME,L,3,6
2021-2022,2021021237,2022-04-21,NYR,NYR @ NYI,AWAY,W,6,3
2021-2022,2021021233,2022-04-21,PHI,PHI @ MTL,AWAY,W,6,3
2021-2022,2021021238,2022-04-21,PIT,PIT vs. BOS,HOME,W,4,0
2021-2022,2021021232,2022-04-21,SEA,SEA vs. COL,HOME,W,3,2
2021-2022,2021021231,2022-04-21,VGK,VGK vs. WSH,HOME,W,4,3
2021-2022,2021021239,2022-04-21,WPG,WPG @ CAR,AWAY,L,2,4
2021-2022,2021021231,2022-04-21,WSH,WSH @ VGK,AWAY,L,3,4
2021-2022,2021021244,2022-04-22,CBJ,CBJ vs. OTT,HOME,L,1,2
2021-2022,2021021241,2022-04-22,CGY,CGY vs. DAL,HOME,W,4,2
2021-2022,2021021242,2022-04-22,CHI,CHI @ LAK,AWAY,L,1,4
2021-2022,2021021241,2022-04-22,DAL,DAL @ CGY,AWAY,L,2,4
2021-2022,2021021242,2022-04-22,LAK,LAK vs. CHI,HOME,W,4,1
2021-2022,2021021240,2022-04-22,MIN,MIN vs. VAN,HOME,W,6,3
2021-2022,2021021244,2022-04-22,OTT,OTT @ CBJ,AWAY,W,2,1
2021-2022,2021021243,2022-04-22,SJS,SJS vs. STL,HOME,L,1,3
2021-2022,2021021243,2022-04-22,STL,STL @ SJS,AWAY,W,3,1
2021-2022,2021021234,2022-04-22,TBL,TBL vs. TOR,HOME,W,8,1
2021-2022,2021021234,2022-04-22,TOR,TOR @ TBL,AWAY,L,1,8
2021-2022,2021021240,2022-04-22,VAN,VAN @ MIN,AWAY,L,3,6
2021-2022,2021021247,2022-04-23,ARI,ARI vs. WSH,HOME,L,0,2
2021-2022,2021021248,2022-04-23,BOS,BOS vs. NYR,HOME,W,3,1
2021-2022,2021021249,2022-04-23,BUF,BUF vs. NYI,HOME,W,5,3
2021-2022,2021021254,2022-04-23,CAR,CAR @ NJD,AWAY,W,3,2
2021-2022,2021021246,2022-04-23,COL,COL @ EDM,AWAY,L,3,6
2021-2022,2021021251,2022-04-23,DET,DET vs. PIT,HOME,L,2,7
2021-2022,2021021246,2022-04-23,EDM,EDM vs. COL,HOME,W,6,3
2021-2022,2021021253,2022-04-23,FLA,FLA vs. TOR,HOME,W,3,2
2021-2022,2021021245,2022-04-23,MIN,MIN vs. SEA,HOME,W,6,3
2021-2022,2021021250,2022-04-23,MTL,MTL @ OTT,AWAY,L,4,6
2021-2022,2021021254,2022-04-23,NJD,NJD vs. CAR,HOME,L,2,3
2021-2022,2021021252,2022-04-23,NSH,NSH @ TBL,AWAY,L,2,6
2021-2022,2021021249,2022-04-23,NYI,NYI @ BUF,AWAY,L,3,5
2021-2022,2021021248,2022-04-23,NYR,NYR @ BOS,AWAY,L,1,3
2021-2022,2021021250,2022-04-23,OTT,OTT vs. MTL,HOME,W,6,4
2021-2022,2021021251,2022-04-23,PIT,PIT @ DET,AWAY,W,7,2
2021-2022,2021021245,2022-04-23,SEA,SEA @ MIN,AWAY,L,3,6
2021-2022,2021021252,2022-04-23,TBL,TBL vs. NSH,HOME,W,6,2
2021-2022,2021021253,2022-04-23,TOR,TOR @ FLA,AWAY,L,2,3
2021-2022,2021021247,2022-04-23,WSH,WSH @ ARI,AWAY,W,2,0
2021-2022,2021021258,2022-04-24,ANA,ANA @ LAK,AWAY,L,2,4
2021-2022,2021021257,2022-04-24,ARI,ARI vs. STL,HOME,L,4,5
2021-2022,2021020471,2022-04-24,BOS,BOS @ MTL,AWAY,W,5,3
2021-2022,2021021262,2022-04-24,CAR,CAR @ NYI,AWAY,W,5,2
2021-2022,2021021266,2022-04-24,CBJ,CBJ vs. EDM,HOME,W,5,2
2021-2022,2021021256,2022-04-24,CGY,CGY vs. VAN,HOME,W,6,3
2021-2022,2021021259,2022-04-24,CHI,CHI @ SJS,AWAY,L,1,4
2021-2022,2021021268,2022-04-24,COL,COL @ WPG,AWAY,L,1,4
2021-2022,2021021255,2022-04-24,DAL,DAL vs. SEA,HOME,W,3,2
2021-2022,2021021261,2022-04-24,DET,DET @ NJD,AWAY,W,3,0
2021-2022,2021021266,2022-04-24,EDM,EDM @ CBJ,AWAY,L,2,5
2021-2022,2021021260,2022-04-24,FLA,FLA vs. TBL,HOME,L,4,8
2021-2022,2021021258,2022-04-24,LAK,LAK vs. ANA,HOME,W,4,2
2021-2022,2021020471,2022-04-24,MTL,MTL vs. BOS,HOME,L,3,5
2021-2022,2021021261,2022-04-24,NJD,NJD vs. DET,HOME,L,0,3
2021-2022,2021021262,2022-04-24,NYI,NYI vs. CAR,HOME,L,2,5
2021-2022,2021021264,2022-04-24,PHI,PHI vs. PIT,HOME,W,4,1
2021-2022,2021021264,2022-04-24,PIT,PIT @ PHI,AWAY,L,1,4
2021-2022,2021021255,2022-04-24,SEA,SEA @ DAL,AWAY,L,2,3
2021-2022,2021021259,2022-04-24,SJS,SJS vs. CHI,HOME,W,4,1
2021-2022,2021021257,2022-04-24,STL,STL @ ARI,AWAY,W,5,4
2021-2022,2021021260,2022-04-24,TBL,TBL @ FLA,AWAY,W,8,4
2021-2022,2021021265,2022-04-24,TOR,TOR @ WSH,AWAY,W,4,3
2021-2022,2021021256,2022-04-24,VAN,VAN @ CGY,AWAY,L,3,6
2021-2022,2021021268,2022-04-24,WPG,WPG vs. COL,HOME,W,4,1
2021-2022,2021021265,2022-04-24,WSH,WSH vs. TOR,HOME,L,3,4
2021-2022,2021021270,2022-04-25,ANA,ANA vs. STL,HOME,L,3,6
2021-2022,2021021267,2022-04-25,MIN,MIN @ NSH,AWAY,W,5,4
2021-2022,2021021267,2022-04-25,NSH,NSH vs. MIN,HOME,L,4,5
2021-2022,2021021269,2022-04-25,SJS,SJS @ VGK,AWAY,W,5,4
2021-2022,2021021270,2022-04-25,STL,STL @ ANA,AWAY,W,6,3
2021-2022,2021021269,2022-04-25,VGK,VGK vs. SJS,HOME,L,4,5
2021-2022,2021021272,2022-04-26,BOS,BOS vs. FLA,HOME,W,4,2
2021-2022,2021021277,2022-04-26,CAR,CAR @ NYR,AWAY,W,4,3
2021-2022,2021021276,2022-04-26,CBJ,CBJ @ TBL,AWAY,L,1,4
2021-2022,2021021271,2022-04-26,CHI,CHI vs. PHI,HOME,W,3,1
2021-2022,2021020829,2022-04-26,DET,DET @ TOR,AWAY,L,0,3
2021-2022,2021021278,2022-04-26,EDM,EDM @ PIT,AWAY,W,5,1
2021-2022,2021021272,2022-04-26,FLA,FLA @ BOS,AWAY,L,2,4
2021-2022,2021021274,2022-04-26,NJD,NJD @ OTT,AWAY,L,4,5
2021-2022,2021021279,2022-04-26,NYI,NYI @ WSH,AWAY,W,4,1
2021-2022,2021021277,2022-04-26,NYR,NYR vs. CAR,HOME,L,3,4
2021-2022,2021021274,2022-04-26,OTT,OTT vs. NJD,HOME,W,5,4
2021-2022,2021021271,2022-04-26,PHI,PHI @ CHI,AWAY,L,1,3
2021-2022,2021021278,2022-04-26,PIT,PIT vs. EDM,HOME,L,1,5
2021-2022,2021021276,2022-04-26,TBL,TBL vs. CBJ,HOME,W,4,1
2021-2022,2021020829,2022-04-26,TOR,TOR vs. DET,HOME,W,3,0
2021-2022,2021021279,2022-04-26,WSH,WSH vs. NYI,HOME,L,1,4
2021-2022,2021021285,2022-04-27,ANA,ANA @ SJS,AWAY,W,5,2
2021-2022,2021021282,2022-04-27,ARI,ARI @ MIN,AWAY,W,5,3
2021-2022,2021021280,2022-04-27,CGY,CGY @ NSH,AWAY,W,5,4
2021-2022,2021021283,2022-04-27,COL,COL vs. STL,HOME,W,5,3
2021-2022,2021021281,2022-04-27,DAL,DAL vs. VGK,HOME,W,3,2
2021-2022,2021021282,2022-04-27,MIN,MIN vs. ARI,HOME,L,3,5
2021-2022,2021020505,2022-04-27,MTL,MTL @ NYR,AWAY,W,4,3
2021-2022,2021021280,2022-04-27,NSH,NSH vs. CGY,HOME,L,4,5
2021-2022,2021020505,2022-04-27,NYR,NYR vs. MTL,HOME,L,3,4
2021-2022,2021021288,2022-04-27,PHI,PHI @ WPG,AWAY,L,0,4
2021-2022,2021021284,2022-04-27,SEA,SEA @ VAN,AWAY,L,2,5
2021-2022,2021021285,2022-04-27,SJS,SJS vs. ANA,HOME,L,2,5
2021-2022,2021021283,2022-04-27,STL,STL @ COL,AWAY,L,3,5
2021-2022,2021021284,2022-04-27,VAN,VAN vs. SEA,HOME,W,5,2
2021-2022,2021021281,2022-04-27,VGK,VGK @ DAL,AWAY,L,2,3
2021-2022,2021021288,2022-04-27,WPG,WPG vs. PHI,HOME,W,4,0
2021-2022,2021021287,2022-04-28,ARI,ARI @ DAL,AWAY,W,4,3
2021-2022,2021021290,2022-04-28,BOS,BOS vs. BUF,HOME,W,5,0
2021-2022,2021021290,2022-04-28,BUF,BUF @ BOS,AWAY,L,0,5
2021-2022,2021021294,2022-04-28,CAR,CAR vs. NJD,HOME,W,6,3
2021-2022,2021021305,2022-04-28,CBJ,CBJ vs. TBL,HOME,W,5,2
2021-2022,2021021286,2022-04-28,CHI,CHI vs. VGK,HOME,W,4,3
2021-2022,2021021287,2022-04-28,DAL,DAL vs. ARI,HOME,L,3,4
2021-2022,2021021291,2022-04-28,FLA,FLA @ OTT,AWAY,W,4,0
2021-2022,2021021289,2022-04-28,LAK,LAK @ SEA,AWAY,W,5,3
2021-2022,2021021294,2022-04-28,NJD,NJD @ CAR,AWAY,L,3,6
2021-2022,2021020513,2022-04-28,NYI,NYI vs. WSH,HOME,W,5,1
2021-2022,2021021291,2022-04-28,OTT,OTT vs. FLA,HOME,L,0,4
2021-2022,2021021289,2022-04-28,SEA,SEA vs. LAK,HOME,L,3,5
2021-2022,2021021305,2022-04-28,TBL,TBL @ CBJ,AWAY,L,2,5
2021-2022,2021021286,2022-04-28,VGK,VGK @ CHI,AWAY,L,3,4
2021-2022,2021020513,2022-04-28,WSH,WSH @ NYI,AWAY,L,1,5
2021-2022,2021021299,2022-04-29,BOS,BOS @ TOR,AWAY,L,2,5
2021-2022,2021021298,2022-04-29,BUF,BUF vs. CHI,HOME,W,3,2
2021-2022,2021021169,2022-04-29,CBJ,CBJ @ PIT,AWAY,L,3,5
2021-2022,2021021295,2022-04-29,CGY,CGY @ MIN,AWAY,L,2,3
2021-2022,2021021298,2022-04-29,CHI,CHI @ BUF,AWAY,L,2,3
2021-2022,2021021296,2022-04-29,COL,COL vs. NSH,HOME,L,4,5
2021-2022,2021021301,2022-04-29,DET,DET @ NJD,AWAY,W,5,3
2021-2022,2021021297,2022-04-29,EDM,EDM vs. SJS,HOME,W,5,4
2021-2022,2021021300,2022-04-29,FLA,FLA @ MTL,AWAY,L,2,10
2021-2022,2021021310,2022-04-29,LAK,LAK @ VAN,AWAY,L,2,3
2021-2022,2021021295,2022-04-29,MIN,MIN vs. CGY,HOME,W,3,2
2021-2022,2021021300,2022-04-29,MTL,MTL vs. FLA,HOME,W,10,2
2021-2022,2021021301,2022-04-29,NJD,NJD vs. DET,HOME,L,3,5
2021-2022,2021021296,2022-04-29,NSH,NSH @ COL,AWAY,W,5,4
2021-2022,2021021292,2022-04-29,NYI,NYI vs. TBL,HOME,L,4,6
2021-2022,2021021302,2022-04-29,NYR,NYR vs. WSH,HOME,W,3,2
2021-2022,2021021303,2022-04-29,OTT,OTT @ PHI,AWAY,W,4,2
2021-2022,2021021303,2022-04-29,PHI,PHI vs. OTT,HOME,L,2,4
2021-2022,2021021169,2022-04-29,PIT,PIT vs. CBJ,HOME,W,5,3
2021-2022,2021021297,2022-04-29,SJS,SJS @ EDM,AWAY,L,4,5
2021-2022,2021021292,2022-04-29,TBL,TBL @ NYI,AWAY,W,6,4
2021-2022,2021021299,2022-04-29,TOR,TOR vs. BOS,HOME,W,5,2
2021-2022,2021021310,2022-04-29,VAN,VAN vs. LAK,HOME,W,3,2
2021-2022,2021021302,2022-04-29,WSH,WSH @ NYR,AWAY,L,2,3
2021-2022,2021021307,2022-04-30,ANA,ANA @ DAL,AWAY,L,2,4
2021-2022,2021021311,2022-04-30,ARI,ARI vs. NSH,HOME,W,5,4
2021-2022,2021021309,2022-04-30,CGY,CGY @ WPG,AWAY,L,1,3
2021-2022,2021021308,2022-04-30,COL,COL @ MIN,AWAY,L,1,4
2021-2022,2021021307,2022-04-30,DAL,DAL vs. ANA,HOME,W,4,2
2021-2022,2021021207,2022-04-30,EDM,EDM vs. VAN,HOME,W,3,2
2021-2022,2021021308,2022-04-30,MIN,MIN vs. COL,HOME,W,4,1
2021-2022,2021021311,2022-04-30,NSH,NSH @ ARI,AWAY,L,4,5
2021-2022,2021021312,2022-04-30,SEA,SEA vs. SJS,HOME,W,3,0
2021-2022,2021021312,2022-04-30,SJS,SJS @ SEA,AWAY,L,0,3
2021-2022,2021021306,2022-04-30,STL,STL vs. VGK,HOME,L,4,7
2021-2022,2021021207,2022-04-30,VAN,VAN @ EDM,AWAY,L,2,3
2021-2022,2021021306,2022-04-30,VGK,VGK @ STL,AWAY,W,7,4
2021-2022,2021021309,2022-04-30,WPG,WPG vs. CGY,HOME,W,3,1
2021-2022,2021021179,2022-05-01,SEA,SEA @ WPG,AWAY,L,3,4
2021-2022,2021021179,2022-05-01,WPG,WPG vs. SEA,HOME,W,4,3
