Date,Tm,Home_Away,Opp,W/L,R,RA,D/N,Streak
"Thursday, Mar 28",BOS,@,SEA,W,6.0,4.0,N,1
"Friday, Mar 29",BOS,@,SEA,L,0.0,1.0,N,-1
"Saturday, Mar 30",BOS,@,SEA,L-wo,3.0,4.0,N,-2
"Sunday, Mar 31",BOS,@,SEA,W,5.0,1.0,D,1
"Monday, Apr 1",BOS,@,OAK,W,9.0,0.0,N,2
"Tuesday, Apr 2",BOS,@,OAK,W,5.0,4.0,N,3
"Wednesday, Apr 3",BOS,@,OAK,W,1.0,0.0,D,4
"Friday, Apr 5",BOS,@,LAA,W,8.0,6.0,N,5
"Saturday, Apr 6",BOS,@,LAA,L,1.0,2.0,N,-1
"Sunday, Apr 7",BOS,@,LAA,W,12.0,2.0,D,1
"Tuesday, Apr 9",BOS,Home,BAL,L,1.0,7.0,D,-1
"Wednesday, Apr 10",BOS,Home,BAL,L,5.0,7.0,N,-2
"Thursday, Apr 11",BOS,Home,BAL,L,4.0,9.0,N,-3
"Friday, Apr 12",BOS,Home,LAA,L,0.0,7.0,N,-4
"Saturday, Apr 13",BOS,Home,LAA,W,7.0,2.0,D,1
"Sunday, Apr 14",BOS,Home,LAA,W,5.0,4.0,D,2
"Monday, Apr 15",BOS,Home,CLE,L,0.0,6.0,D,-1
"Tuesday, Apr 16",BOS,Home,CLE,L,7.0,10.0,N,-2
"Wednesday, Apr 17",BOS,Home,CLE,W,2.0,0.0,N,1
"Thursday, Apr 18",BOS,Home,CLE,L,4.0,5.0,D,-1
"Friday, Apr 19",BOS,@,PIT,W,8.0,1.0,N,1
"Saturday, Apr 20",BOS,@,PIT,W,4.0,2.0,D,2
"Sunday, Apr 21",BOS,@,PIT,W,6.0,1.0,D,3
"Tuesday, Apr 23",BOS,@,CLE,L,1.0,4.0,N,-1
"Wednesday, Apr 24",BOS,@,CLE,W,8.0,0.0,N,1
"Thursday, Apr 25",BOS,@,CLE,L,4.0,6.0,D,-1
"Friday, Apr 26",BOS,Home,CHC,L,1.0,7.0,N,-2
"Saturday, Apr 27",BOS,Home,CHC,W,17.0,0.0,D,1
"Sunday, Apr 28",BOS,Home,CHC,W-wo,5.0,4.0,N,2
"Tuesday, Apr 30",BOS,Home,SFG,W,4.0,0.0,N,3
"Wednesday, May 1",BOS,Home,SFG,W,6.0,2.0,N,4
"Thursday, May 2",BOS,Home,SFG,L,1.0,3.0,D,-1
"Friday, May 3",BOS,@,MIN,L,2.0,5.0,N,-2
"Saturday, May 4",BOS,@,MIN,L,1.0,3.0,D,-3
"Sunday, May 5",BOS,@,MIN,W,9.0,2.0,D,1
"Tuesday, May 7",BOS,@,ATL,L,2.0,4.0,N,-1
"Wednesday, May 8",BOS,@,ATL,L,0.0,5.0,N,-2
"Friday, May 10",BOS,Home,WSN,L,1.0,5.0,N,-3
"Saturday, May 11",BOS,Home,WSN,W,4.0,2.0,D,1
"Sunday, May 12",BOS,Home,WSN,W,3.0,2.0,D,2
"Monday, May 13",BOS,Home,TBR,L,3.0,5.0,N,-1
"Tuesday, May 14",BOS,Home,TBR,W-wo,5.0,4.0,N,1
"Wednesday, May 15",BOS,Home,TBR,L,3.0,4.0,N,-1
"Thursday, May 16",BOS,Home,TBR,L,5.0,7.0,N,-2
"Friday, May 17",BOS,@,STL,L,6.0,10.0,N,-3
"Saturday, May 18",BOS,@,STL,L,2.0,7.0,N,-4
"Sunday, May 19",BOS,@,STL,W,11.0,3.0,D,1
"Monday, May 20",BOS,@,TBR,W,5.0,0.0,N,2
"Tuesday, May 21",BOS,@,TBR,W,5.0,2.0,N,3
"Wednesday, May 22",BOS,@,TBR,W,8.0,5.0,N,4
"Friday, May 24",BOS,Home,MIL,L,2.0,7.0,N,-1
"Saturday, May 25",BOS,Home,MIL,L,3.0,6.0,D,-2
"Sunday, May 26",BOS,Home,MIL,W,2.0,1.0,D,1
"Monday, May 27",BOS,@,BAL,L,3.0,11.0,D,-1
"Tuesday, May 28",BOS,@,BAL,W,8.0,3.0,N,1
"Wednesday, May 29",BOS,@,BAL,L,1.0,6.0,N,-1
"Thursday, May 30",BOS,Home,DET,L,0.0,5.0,N,-2
"Friday, May 31",BOS,Home,DET,W,7.0,3.0,N,1
"Saturday, Jun 1",BOS,Home,DET,W,6.0,3.0,D,2
"Sunday, Jun 2",BOS,Home,DET,L,4.0,8.0,D,-1
"Tuesday, Jun 4",BOS,Home,ATL,L,3.0,8.0,N,-2
"Wednesday, Jun 5",BOS,Home,ATL,W,9.0,0.0,D,1
"Thursday, Jun 6",BOS,@,CHW,W,14.0,2.0,N,2
"Friday, Jun 7",BOS,@,CHW,L,2.0,7.0,N,-1
"Saturday, Jun 8",BOS,@,CHW,L,1.0,6.0,D,-2
"Sunday, Jun 9",BOS,@,CHW,W,6.0,4.0,D,1
"Tuesday, Jun 11",BOS,Home,PHI,L,1.0,4.0,N,-1
"Wednesday, Jun 12",BOS,Home,PHI,W,8.0,6.0,N,1
"Thursday, Jun 13",BOS,Home,PHI,W,9.0,3.0,N,2
"Friday, Jun 14",BOS,Home,NYY,L,1.0,8.0,N,-1
"Saturday, Jun 15",BOS,Home,NYY,W,8.0,4.0,N,1
"Sunday, Jun 16",BOS,Home,NYY,W,9.0,3.0,N,2
"Monday, Jun 17",BOS,@,TOR,W,7.0,3.0,N,3
"Tuesday, Jun 18",BOS,@,TOR,W,4.0,3.0,N,4
"Wednesday, Jun 19",BOS,@,TOR,W,7.0,3.0,N,5
"Friday, Jun 21",BOS,@,CIN,L,2.0,5.0,N,-1
"Saturday, Jun 22",BOS,@,CIN,W,4.0,3.0,D,1
"Sunday, Jun 23",BOS,@,CIN,W,7.0,4.0,D,2
"Monday, Jun 24",BOS,Home,TOR,W-wo,7.0,6.0,N,3
"Tuesday, Jun 25",BOS,Home,TOR,L,4.0,9.0,N,-1
"Wednesday, Jun 26",BOS,Home,TOR,L,1.0,4.0,D,-2
"Friday, Jun 28",BOS,Home,SDP,L,2.0,9.0,N,-3
"Saturday, Jun 29",BOS,Home,SDP,L,1.0,11.0,D,-4
"Sunday, Jun 30",BOS,Home,SDP,W,4.0,1.0,D,1
"Tuesday, Jul 2",BOS,@,MIA,W,8.0,3.0,N,2
"Wednesday, Jul 3",BOS,@,MIA,W,7.0,2.0,N,3
"Thursday, Jul 4",BOS,@,MIA,W,6.0,5.0,D,4
"Friday, Jul 5",BOS,@,NYY,W,5.0,3.0,N,5
"Saturday, Jul 6",BOS,@,NYY,L,4.0,14.0,D,-1
"Sunday, Jul 7",BOS,@,NYY,W,3.0,0.0,N,1
"Tuesday, Jul 9",BOS,Home,OAK,W,12.0,9.0,N,2
"Wednesday, Jul 10",BOS,Home,OAK,L,2.0,5.0,N,-1
"Thursday, Jul 11",BOS,Home,OAK,W,7.0,0.0,N,1
"Friday, Jul 12",BOS,Home,KCR,L,1.0,6.0,N,-1
"Saturday, Jul 13",BOS,Home,KCR,W,5.0,0.0,D,1
"Sunday, Jul 14",BOS,Home,KCR,W,5.0,4.0,D,2
"Friday, Jul 19",BOS,@,LAD,L,1.0,4.0,N,-1
"Saturday, Jul 20",BOS,@,LAD,L-wo,6.0,7.0,D,-2
"Sunday, Jul 21",BOS,@,LAD,L,6.0,9.0,D,-3
"Monday, Jul 22",BOS,@,COL,L-wo,8.0,9.0,N,-4
"Tuesday, Jul 23",BOS,@,COL,W,6.0,0.0,N,1
"Wednesday, Jul 24",BOS,@,COL,L,7.0,20.0,D,-1
"Friday, Jul 26",BOS,Home,NYY,W,9.0,7.0,N,1
"Saturday, Jul 27",BOS,Home,NYY,L,8.0,11.0,N,-1
"Sunday, Jul 28",BOS,Home,NYY,L,2.0,8.0,N,-2
"Monday, Jul 29",BOS,Home,SEA,W,14.0,7.0,N,1
"Tuesday, Jul 30",BOS,Home,SEA,L,6.0,10.0,N,-1
"Wednesday, Jul 31",BOS,Home,SEA,W-wo,3.0,2.0,D,1
"Friday, Aug 2",BOS,@,TEX,W,11.0,6.0,N,2
"Saturday, Aug 3",BOS,@,TEX,L,4.0,7.0,N,-1
"Sunday, Aug 4",BOS,@,TEX,W,7.0,2.0,D,1
"Monday, Aug 5",BOS,@,KCR,W,9.0,5.0,N,2
"Tuesday, Aug 6",BOS,@,KCR,W,6.0,5.0,N,3
"Wednesday, Aug 7",BOS,@,KCR,L,4.0,8.0,N,-1
"Friday, Aug 9",BOS,Home,HOU,L,4.0,8.0,N,-2
"Saturday, Aug 10",BOS,Home,HOU,L,4.0,5.0,D,-3
"Sunday, Aug 11",BOS,Home,HOU,L,2.0,10.0,D,-4
"Monday, Aug 12",BOS,Home,TEX,W-wo,5.0,4.0,N,1
"Tuesday, Aug 13",BOS,Home,TEX,W,9.0,4.0,N,2
"Wednesday, Aug 14",BOS,Home,TEX,L,7.0,9.0,N,-1
"Thursday, Aug 15",BOS,@,BAL,L,1.0,5.0,N,-2
"Friday, Aug 16",BOS,@,BAL,W,12.0,10.0,N,1
"Saturday, Aug 17",BOS,@,BAL,W,5.0,1.0,N,2
"Sunday, Aug 18",BOS,@,BAL,L,2.0,4.0,D,-1
"Monday, Aug 19",BOS,@,HOU,L-wo,4.0,5.0,N,-2
"Tuesday, Aug 20",BOS,@,HOU,W,6.0,5.0,N,1
"Wednesday, Aug 21",BOS,@,HOU,W,4.0,1.0,D,2
"Friday, Aug 23",BOS,Home,ARI,L,2.0,12.0,N,-1
"Saturday, Aug 24",BOS,Home,ARI,L,1.0,4.0,D,-2
"Sunday, Aug 25",BOS,Home,ARI,L,5.0,7.0,D,-3
"Monday, Aug 26",BOS,Home,TOR,L,3.0,7.0,N,-4
"Tuesday, Aug 27",BOS,Home,TOR,W,6.0,3.0,N,1
"Wednesday, Aug 28",BOS,Home,TOR,W,3.0,0.0,N,2
"Thursday, Aug 29",BOS,Home,TOR,L,0.0,2.0,N,-1
"Friday, Aug 30",BOS,@,DET,W,7.0,5.0,N,1
"Saturday, Aug 31",BOS,@,DET,L,1.0,2.0,N,-1
"Sunday, Sep 1",BOS,@,DET,L,1.0,4.0,D,-2
"Monday, Sep 2",BOS,@,NYM,L,1.0,4.0,N,-3
"Tuesday, Sep 3",BOS,@,NYM,L,2.0,7.0,N,-4
"Wednesday, Sep 4",BOS,@,NYM,L,3.0,8.0,N,-5
"Friday, Sep 6",BOS,Home,CHW,W,3.0,1.0,N,1
"Saturday, Sep 7",BOS,Home,CHW,W,7.0,5.0,N,2
"Sunday, Sep 8",BOS,Home,CHW,L,2.0,7.0,D,-1
"Monday, Sep 9",BOS,Home,BAL,W,12.0,3.0,N,1
"Tuesday, Sep 10",BOS,Home,BAL,L,3.0,5.0,N,-1
"Wednesday, Sep 11",BOS,Home,BAL,W-wo,5.0,3.0,N,1
"Thursday, Sep 12",BOS,@,NYY,L-wo,1.0,2.0,N,-1
"Friday, Sep 13",BOS,@,NYY,L,4.0,5.0,N,-2
"Saturday, Sep 14",BOS,@,NYY,W,7.0,1.0,D,1
"Sunday, Sep 15",BOS,@,NYY,L,2.0,5.0,D,-1
"Tuesday, Sep 17",BOS,@,TBR,L,3.0,8.0,N,-2
"Wednesday, Sep 18",BOS,@,TBR,W,2.0,1.0,N,1
"Thursday, Sep 19",BOS,@,TBR,L,0.0,2.0,N,-1
"Friday, Sep 20",BOS,Home,MIN,L,2.0,4.0,N,-2
"Sunday, Sep 22 (1)",BOS,Home,MIN,W,8.0,1.0,D,1
"Sunday, Sep 22 (2)",BOS,Home,MIN,W,9.0,3.0,N,2
"Monday, Sep 23",BOS,@,TOR,W,4.0,1.0,N,3
"Tuesday, Sep 24",BOS,@,TOR,W,6.0,5.0,N,4
"Wednesday, Sep 25",BOS,@,TOR,L,1.0,6.0,N,-1
"Friday, Sep 27",BOS,Home,TBR,L,1.0,2.0,N,-2
"Saturday, Sep 28",BOS,Home,TBR,L,2.0,7.0,D,-3
"Sunday, Sep 29",BOS,Home,TBR,W,3.0,1.0,D,1
"Thursday, Mar 28",BAL,Home,LAA,W,11.0,3.0,D,1
"Saturday, Mar 30",BAL,Home,LAA,W,13.0,4.0,D,2
"Sunday, Mar 31",BAL,Home,LAA,L,1.0,4.0,D,-1
"Monday, Apr 1",BAL,Home,KCR,W-wo,6.0,4.0,N,1
"Tuesday, Apr 2",BAL,Home,KCR,L,1.0,4.0,N,-1
"Wednesday, Apr 3",BAL,Home,KCR,W-wo,4.0,3.0,D,1
"Friday, Apr 5",BAL,@,PIT,W,5.0,2.0,D,2
"Saturday, Apr 6",BAL,@,PIT,L-wo,4.0,5.0,D,-1
"Sunday, Apr 7",BAL,@,PIT,L-wo,2.0,3.0,D,-2
"Friday, Apr 12",BAL,Home,MIL,L,1.0,11.0,N,-1
"Saturday, Apr 13",BAL,Home,MIL,L,5.0,11.0,D,-2
"Sunday, Apr 14",BAL,Home,MIL,W,6.0,4.0,D,1
"Monday, Apr 15",BAL,Home,MIN,W,7.0,4.0,N,2
"Tuesday, Apr 16",BAL,Home,MIN,W,11.0,3.0,N,3
"Wednesday, Apr 17",BAL,Home,MIN,W-wo,4.0,2.0,D,4
"Friday, Apr 19",BAL,@,KCR,L,4.0,9.0,N,-1
"Saturday, Apr 20",BAL,@,KCR,W,9.0,7.0,N,1
"Sunday, Apr 21",BAL,@,KCR,W,5.0,0.0,D,2
"Monday, Apr 22",BAL,@,LAA,W,4.0,2.0,N,3
"Tuesday, Apr 23",BAL,@,LAA,L,4.0,7.0,N,-1
"Wednesday, Apr 24",BAL,@,LAA,W,6.0,5.0,D,1
"Friday, Apr 26",BAL,Home,OAK,L,2.0,3.0,N,-1
"Saturday, Apr 27",BAL,Home,OAK,W,7.0,0.0,D,1
"Sunday, Apr 28",BAL,Home,OAK,L,6.0,7.0,D,-1
"Monday, Apr 29",BAL,Home,NYY,W,2.0,0.0,N,1
"Tuesday, Apr 30",BAL,Home,NYY,W,4.0,2.0,N,2
"Wednesday, May 1",BAL,Home,NYY,L,0.0,2.0,N,-1
"Thursday, May 2",BAL,Home,NYY,W,7.0,2.0,D,1
"Friday, May 3",BAL,@,CIN,W,3.0,0.0,N,2
"Saturday, May 4",BAL,@,CIN,W,2.0,1.0,N,3
"Sunday, May 5",BAL,@,CIN,W,11.0,1.0,D,4
"Tuesday, May 7",BAL,@,WSN,L,0.0,3.0,N,-1
"Wednesday, May 8",BAL,@,WSN,W,7.0,6.0,N,1
"Friday, May 10",BAL,Home,ARI,W,4.0,2.0,N,2
"Saturday, May 11",BAL,Home,ARI,W-wo,5.0,4.0,D,3
"Sunday, May 12",BAL,Home,ARI,L,2.0,9.0,D,-1
"Monday, May 13",BAL,Home,TOR,L,2.0,3.0,N,-2
"Wednesday, May 15",BAL,Home,TOR,W-wo,3.0,2.0,D,1
"Friday, May 17",BAL,Home,SEA,W,9.0,2.0,N,2
"Saturday, May 18",BAL,Home,SEA,L,3.0,4.0,D,-1
"Sunday, May 19",BAL,Home,SEA,W,6.0,3.0,D,1
"Monday, May 20",BAL,@,STL,L,3.0,6.0,N,-1
"Tuesday, May 21",BAL,@,STL,L,1.0,3.0,D,-2
"Wednesday, May 22",BAL,@,STL,L,4.0,5.0,D,-3
"Thursday, May 23",BAL,@,CHW,W,8.0,6.0,N,1
"Friday, May 24",BAL,@,CHW,W,6.0,4.0,N,2
"Saturday, May 25",BAL,@,CHW,W,5.0,3.0,D,3
"Sunday, May 26",BAL,@,CHW,W,4.0,1.0,D,4
"Friday, May 31",BAL,Home,TBR,W,3.0,1.0,N,2
"Saturday, Jun 1",BAL,Home,TBR,W,9.0,5.0,D,3
"Sunday, Jun 2",BAL,Home,TBR,L,3.0,4.0,D,-1
"Monday, Jun 3",BAL,@,TOR,W,7.0,2.0,N,1
"Tuesday, Jun 4",BAL,@,TOR,W,10.0,1.0,N,2
"Wednesday, Jun 5",BAL,@,TOR,L-wo,2.0,3.0,N,-1
"Thursday, Jun 6",BAL,@,TOR,L,5.0,6.0,D,-2
"Friday, Jun 7",BAL,@,TBR,W,6.0,3.0,N,1
"Saturday, Jun 8",BAL,@,TBR,W,5.0,0.0,D,2
"Sunday, Jun 9",BAL,@,TBR,W,9.0,2.0,D,3
"Monday, Jun 10",BAL,@,TBR,W,5.0,2.0,N,4
"Tuesday, Jun 11",BAL,Home,ATL,W,4.0,0.0,N,5
"Wednesday, Jun 12",BAL,Home,ATL,W,4.0,2.0,N,6
"Thursday, Jun 13",BAL,Home,ATL,L,3.0,6.0,D,-1
"Friday, Jun 14",BAL,Home,PHI,L,3.0,5.0,N,-2
"Saturday, Jun 15",BAL,Home,PHI,W,6.0,2.0,D,1
"Sunday, Jun 16",BAL,Home,PHI,W,8.0,3.0,D,2
"Tuesday, Jun 18",BAL,@,NYY,L,2.0,4.0,N,-1
"Wednesday, Jun 19",BAL,@,NYY,W,7.0,6.0,N,1
"Thursday, Jun 20",BAL,@,NYY,W,17.0,5.0,D,2
"Friday, Jun 21",BAL,@,HOU,L,11.0,14.0,N,-1
"Saturday, Jun 22",BAL,@,HOU,L,1.0,5.0,D,-2
"Sunday, Jun 23",BAL,@,HOU,L,1.0,8.0,D,-3
"Monday, Jun 24",BAL,Home,CLE,L,2.0,3.0,N,-4
"Tuesday, Jun 25",BAL,Home,CLE,L,8.0,10.0,N,-5
"Wednesday, Jun 26",BAL,Home,CLE,W,4.0,2.0,N,1
"Thursday, Jun 27",BAL,Home,TEX,W,11.0,2.0,N,2
"Friday, Jun 28",BAL,Home,TEX,W,2.0,1.0,N,3
"Saturday, Jun 29",BAL,Home,TEX,W,6.0,5.0,N,4
"Sunday, Jun 30",BAL,Home,TEX,L,2.0,11.0,N,-1
"Tuesday, Jul 2",BAL,@,SEA,W,2.0,0.0,N,1
"Wednesday, Jul 3",BAL,@,SEA,W,4.0,1.0,N,2
"Thursday, Jul 4",BAL,@,SEA,L,3.0,7.0,D,-1
"Friday, Jul 5",BAL,@,OAK,W,3.0,2.0,N,1
"Saturday, Jul 6",BAL,@,OAK,L,8.0,19.0,D,-1
"Sunday, Jul 7",BAL,@,OAK,W,6.0,3.0,D,1
"Tuesday, Jul 9",BAL,Home,CHC,L,2.0,9.0,N,-1
"Wednesday, Jul 10",BAL,Home,CHC,L,0.0,4.0,N,-2
"Thursday, Jul 11",BAL,Home,CHC,L,0.0,8.0,N,-3
"Friday, Jul 12",BAL,Home,NYY,L,1.0,4.0,N,-4
"Saturday, Jul 13",BAL,Home,NYY,L,1.0,6.0,D,-5
"Sunday, Jul 14",BAL,Home,NYY,W-wo,6.0,5.0,D,1
"Friday, Jul 19",BAL,@,TEX,W,9.0,1.0,N,2
"Saturday, Jul 20",BAL,@,TEX,W,8.0,4.0,N,3
"Sunday, Jul 21",BAL,@,TEX,L,2.0,3.0,D,-1
"Tuesday, Jul 23",BAL,@,MIA,L,3.0,6.0,N,-2
"Wednesday, Jul 24",BAL,@,MIA,L,3.0,6.0,N,-3
"Thursday, Jul 25",BAL,@,MIA,W,7.0,6.0,D,1
"Friday, Jul 26",BAL,Home,SDP,L,4.0,6.0,N,-1
"Saturday, Jul 27",BAL,Home,SDP,L,4.0,9.0,D,-2
"Sunday, Jul 28",BAL,Home,SDP,W,8.0,6.0,D,1
"Monday, Jul 29 (1)",BAL,Home,TOR,W,11.0,5.0,D,2
"Monday, Jul 29 (2)",BAL,Home,TOR,L,4.0,8.0,D,-1
"Tuesday, Jul 30",BAL,Home,TOR,W,6.0,2.0,N,1
"Wednesday, Jul 31",BAL,Home,TOR,W,10.0,4.0,D,2
"Thursday, Aug 1",BAL,@,CLE,L,3.0,10.0,N,-1
"Friday, Aug 2",BAL,@,CLE,L,4.0,8.0,N,-2
"Saturday, Aug 3",BAL,@,CLE,W,7.0,4.0,N,1
"Sunday, Aug 4",BAL,@,CLE,W,9.0,5.0,D,2
"Tuesday, Aug 6",BAL,@,TOR,L,2.0,5.0,N,-1
"Wednesday, Aug 7",BAL,@,TOR,W,7.0,3.0,N,1
"Thursday, Aug 8",BAL,@,TOR,L,6.0,7.0,N,-1
"Friday, Aug 9",BAL,@,TBR,W,4.0,1.0,N,1
"Saturday, Aug 10",BAL,@,TBR,W,7.0,5.0,N,2
"Sunday, Aug 11",BAL,@,TBR,L,1.0,2.0,D,-1
"Tuesday, Aug 13",BAL,Home,WSN,L,3.0,9.0,N,-2
"Wednesday, Aug 14",BAL,Home,WSN,W,4.0,1.0,N,1
"Monday, Aug 19",BAL,@,NYM,L-wo,3.0,4.0,N,-1
"Tuesday, Aug 20",BAL,@,NYM,W,9.0,5.0,N,1
"Wednesday, Aug 21",BAL,@,NYM,L-wo,3.0,4.0,D,-1
"Thursday, Aug 22",BAL,Home,HOU,L,0.0,6.0,N,-2
"Friday, Aug 23",BAL,Home,HOU,W,7.0,5.0,N,1
"Saturday, Aug 24",BAL,Home,HOU,W,3.0,2.0,D,2
"Sunday, Aug 25",BAL,Home,HOU,L,3.0,6.0,N,-1
"Tuesday, Aug 27",BAL,@,LAD,W,3.0,2.0,N,1
"Wednesday, Aug 28",BAL,@,LAD,L,4.0,6.0,N,-1
"Thursday, Aug 29",BAL,@,LAD,L,3.0,6.0,N,-2
"Friday, Aug 30",BAL,@,COL,W,5.0,3.0,N,1
"Saturday, Aug 31",BAL,@,COL,L,5.0,7.0,N,-1
"Sunday, Sep 1",BAL,@,COL,W,6.0,1.0,D,1
"Monday, Sep 2",BAL,Home,CHW,W,13.0,3.0,D,2
"Tuesday, Sep 3",BAL,Home,CHW,W,9.0,0.0,N,3
"Wednesday, Sep 4",BAL,Home,CHW,L,1.0,8.0,N,-1
"Friday, Sep 6",BAL,Home,TBR,W,2.0,0.0,N,1
"Saturday, Sep 7",BAL,Home,TBR,L,1.0,7.0,D,-1
"Sunday, Sep 8",BAL,Home,TBR,L,0.0,2.0,D,-2
"Friday, Sep 13",BAL,@,DET,L,0.0,1.0,N,-2
"Saturday, Sep 14",BAL,@,DET,W,4.0,2.0,N,1
"Sunday, Sep 15",BAL,@,DET,L,2.0,4.0,D,-1
"Tuesday, Sep 17",BAL,Home,SFG,L,0.0,10.0,N,-2
"Wednesday, Sep 18",BAL,Home,SFG,L,3.0,5.0,N,-3
"Thursday, Sep 19",BAL,Home,SFG,W-wo,5.0,3.0,D,1
"Friday, Sep 20",BAL,Home,DET,W,7.0,1.0,N,2
"Saturday, Sep 21",BAL,Home,DET,L,4.0,6.0,D,-1
"Sunday, Sep 22",BAL,Home,DET,L,3.0,4.0,D,-2
"Tuesday, Sep 24",BAL,@,NYY,W,5.0,3.0,N,1
"Wednesday, Sep 25",BAL,@,NYY,W,9.0,7.0,N,2
"Thursday, Sep 26",BAL,@,NYY,L,1.0,10.0,N,-1
"Friday, Sep 27",BAL,@,MIN,W,7.0,2.0,N,1
"Saturday, Sep 28",BAL,@,MIN,W,9.0,2.0,N,2
"Sunday, Sep 29",BAL,@,MIN,W,6.0,2.0,D,3
"Thursday, Mar 28",NYY,@,HOU,W,5.0,4.0,D,1
"Friday, Mar 29",NYY,@,HOU,W,7.0,1.0,N,2
"Saturday, Mar 30",NYY,@,HOU,W,5.0,3.0,N,3
"Sunday, Mar 31",NYY,@,HOU,W,4.0,3.0,D,4
"Monday, Apr 1",NYY,@,ARI,W,5.0,2.0,N,5
"Tuesday, Apr 2",NYY,@,ARI,L,0.0,7.0,N,-1
"Wednesday, Apr 3",NYY,@,ARI,W,6.0,5.0,D,1
"Friday, Apr 5",NYY,Home,TOR,L,0.0,3.0,D,-1
"Saturday, Apr 6",NYY,Home,TOR,W,9.0,8.0,N,1
"Sunday, Apr 7",NYY,Home,TOR,W,8.0,3.0,D,2
"Monday, Apr 8",NYY,Home,MIA,W,7.0,0.0,N,3
"Tuesday, Apr 9",NYY,Home,MIA,W,3.0,2.0,N,4
"Wednesday, Apr 10",NYY,Home,MIA,L,2.0,5.0,N,-1
"Saturday, Apr 13 (1)",NYY,@,CLE,W,3.0,2.0,D,1
"Saturday, Apr 13 (2)",NYY,@,CLE,W,8.0,2.0,N,2
"Sunday, Apr 14",NYY,@,CLE,L-wo,7.0,8.0,D,-1
"Monday, Apr 15",NYY,@,TOR,L,1.0,3.0,N,-2
"Tuesday, Apr 16",NYY,@,TOR,L,4.0,5.0,N,-3
"Wednesday, Apr 17",NYY,@,TOR,W,6.0,4.0,D,1
"Friday, Apr 19",NYY,Home,TBR,W,5.0,3.0,N,2
"Saturday, Apr 20",NYY,Home,TBR,L,0.0,2.0,D,-1
"Sunday, Apr 21",NYY,Home,TBR,W,5.0,4.0,D,1
"Monday, Apr 22",NYY,Home,OAK,L,0.0,2.0,D,-1
"Tuesday, Apr 23",NYY,Home,OAK,W,4.0,3.0,N,1
"Wednesday, Apr 24",NYY,Home,OAK,W,7.0,3.0,N,2
"Thursday, Apr 25",NYY,Home,OAK,L,1.0,3.0,N,-1
"Friday, Apr 26",NYY,@,MIL,L-wo,6.0,7.0,N,-2
"Saturday, Apr 27",NYY,@,MIL,W,15.0,3.0,N,1
"Sunday, Apr 28",NYY,@,MIL,W,15.0,5.0,D,2
"Friday, May 3",NYY,Home,DET,W-wo,2.0,1.0,N,1
"Saturday, May 4",NYY,Home,DET,W,5.0,3.0,D,2
"Sunday, May 5",NYY,Home,DET,W,5.0,2.0,D,3
"Tuesday, May 7",NYY,Home,HOU,W,10.0,3.0,N,4
"Wednesday, May 8",NYY,Home,HOU,W,9.0,4.0,N,5
"Thursday, May 9",NYY,Home,HOU,L,3.0,4.0,N,-1
"Friday, May 10",NYY,@,TBR,W,2.0,0.0,N,1
"Saturday, May 11",NYY,@,TBR,L,2.0,7.0,D,-1
"Sunday, May 12",NYY,@,TBR,W,10.0,6.0,D,1
"Tuesday, May 14",NYY,@,MIN,W,5.0,1.0,N,2
"Wednesday, May 15",NYY,@,MIN,W,4.0,0.0,N,3
"Thursday, May 16",NYY,@,MIN,W,5.0,0.0,D,4
"Friday, May 17",NYY,Home,CHW,W,4.0,2.0,N,5
"Saturday, May 18",NYY,Home,CHW,W,6.0,1.0,D,6
"Sunday, May 19",NYY,Home,CHW,W,7.0,2.0,D,7
"Monday, May 20",NYY,Home,SEA,L,4.0,5.0,N,-1
"Tuesday, May 21",NYY,Home,SEA,L,3.0,6.0,N,-2
"Wednesday, May 22",NYY,Home,SEA,W,7.0,3.0,N,1
"Thursday, May 23",NYY,Home,SEA,W,5.0,0.0,D,2
"Friday, May 24",NYY,@,SDP,W,8.0,0.0,N,3
"Saturday, May 25",NYY,@,SDP,W,4.0,1.0,N,4
"Sunday, May 26",NYY,@,SDP,L,2.0,5.0,D,-1
"Tuesday, May 28",NYY,@,LAA,L,3.0,4.0,N,-2
"Wednesday, May 29",NYY,@,LAA,W,2.0,1.0,N,1
"Thursday, May 30",NYY,@,LAA,W,8.0,3.0,N,2
"Friday, May 31",NYY,@,SFG,W,6.0,2.0,N,3
"Saturday, Jun 1",NYY,@,SFG,W,7.0,3.0,N,4
"Sunday, Jun 2",NYY,@,SFG,W,7.0,5.0,D,5
"Tuesday, Jun 4",NYY,Home,MIN,W,5.0,1.0,N,6
"Wednesday, Jun 5",NYY,Home,MIN,W,9.0,5.0,N,7
"Thursday, Jun 6",NYY,Home,MIN,W,8.0,5.0,N,8
"Friday, Jun 7",NYY,Home,LAD,L,1.0,2.0,N,-1
"Saturday, Jun 8",NYY,Home,LAD,L,3.0,11.0,N,-2
"Sunday, Jun 9",NYY,Home,LAD,W,6.0,4.0,N,1
"Monday, Jun 10",NYY,@,KCR,W,4.0,2.0,N,2
"Tuesday, Jun 11",NYY,@,KCR,W,10.0,1.0,N,3
"Wednesday, Jun 12",NYY,@,KCR,W,11.0,5.0,N,4
"Thursday, Jun 13",NYY,@,KCR,L-wo,3.0,4.0,D,-1
"Friday, Jun 21",NYY,Home,ATL,L,1.0,8.0,N,-3
"Saturday, Jun 22",NYY,Home,ATL,W,8.0,3.0,N,1
"Sunday, Jun 23",NYY,Home,ATL,L,1.0,3.0,D,-1
"Tuesday, Jun 25",NYY,@,NYM,L,7.0,9.0,N,-2
"Wednesday, Jun 26",NYY,@,NYM,L,2.0,12.0,N,-3
"Thursday, Jun 27",NYY,@,TOR,L,2.0,9.0,N,-4
"Friday, Jun 28",NYY,@,TOR,W,16.0,5.0,N,1
"Saturday, Jun 29",NYY,@,TOR,L,3.0,9.0,D,-1
"Sunday, Jun 30",NYY,@,TOR,W,8.0,1.0,D,1
"Tuesday, Jul 2",NYY,Home,CIN,L,4.0,5.0,N,-1
"Wednesday, Jul 3",NYY,Home,CIN,L,2.0,3.0,N,-2
"Thursday, Jul 4",NYY,Home,CIN,L,4.0,8.0,D,-3
"Tuesday, Jul 9",NYY,@,TBR,L,3.0,5.0,N,-2
"Wednesday, Jul 10",NYY,@,TBR,W,2.0,1.0,N,1
"Thursday, Jul 11",NYY,@,TBR,L,4.0,5.0,N,-1
"Friday, Jul 19",NYY,Home,TBR,W,6.0,1.0,N,1
"Saturday, Jul 20",NYY,Home,TBR,L,1.0,9.0,D,-1
"Sunday, Jul 21",NYY,Home,TBR,L,4.0,6.0,D,-2
"Monday, Jul 22",NYY,Home,TBR,W,9.0,1.0,D,1
"Tuesday, Jul 23",NYY,Home,NYM,L,2.0,3.0,N,-1
"Wednesday, Jul 24",NYY,Home,NYM,L,3.0,12.0,N,-2
"Monday, Jul 29",NYY,@,PHI,W,14.0,4.0,N,3
"Tuesday, Jul 30",NYY,@,PHI,W,7.0,6.0,N,4
"Wednesday, Jul 31",NYY,@,PHI,W,6.0,5.0,D,5
"Friday, Aug 2",NYY,Home,TOR,L,5.0,8.0,N,-1
"Saturday, Aug 3",NYY,Home,TOR,W,8.0,3.0,D,1
"Sunday, Aug 4",NYY,Home,TOR,W-wo,4.0,3.0,D,2
"Wednesday, Aug 7 (1)",NYY,Home,LAA,W,5.0,2.0,N,3
"Wednesday, Aug 7 (2)",NYY,Home,LAA,L,2.0,8.0,N,-1
"Thursday, Aug 8",NYY,Home,LAA,L,4.0,9.0,N,-2
"Saturday, Aug 10 (1)",NYY,Home,TEX,W,8.0,0.0,D,1
"Saturday, Aug 10 (2)",NYY,Home,TEX,L,4.0,9.0,D,-1
"Sunday, Aug 11",NYY,Home,TEX,W,8.0,7.0,D,1
"Monday, Aug 12",NYY,@,CHW,L,2.0,12.0,N,-1
"Tuesday, Aug 13",NYY,@,CHW,W,4.0,1.0,N,1
"Wednesday, Aug 14",NYY,@,CHW,W,10.0,2.0,N,2
"Friday, Aug 16",NYY,@,DET,W,3.0,0.0,N,3
"Saturday, Aug 17",NYY,@,DET,L,0.0,4.0,D,-1
"Sunday, Aug 18",NYY,@,DET,L-wo,2.0,3.0,N,-2
"Tuesday, Aug 20",NYY,Home,CLE,L,5.0,9.0,N,-3
"Wednesday, Aug 21",NYY,Home,CLE,W,8.0,1.0,N,1
"Thursday, Aug 22",NYY,Home,CLE,W,6.0,0.0,D,2
"Friday, Aug 23",NYY,Home,COL,W,3.0,0.0,N,3
"Saturday, Aug 24",NYY,Home,COL,L,2.0,9.0,D,-1
"Sunday, Aug 25",NYY,Home,COL,W,10.0,3.0,D,1
"Monday, Aug 26",NYY,@,WSN,W,5.0,2.0,N,2
"Tuesday, Aug 27",NYY,@,WSN,L,2.0,4.0,N,-1
"Wednesday, Aug 28",NYY,@,WSN,L,2.0,5.0,N,-2
"Friday, Aug 30",NYY,Home,STL,W,6.0,3.0,N,1
"Saturday, Aug 31",NYY,Home,STL,L,5.0,6.0,D,-1
"Sunday, Sep 1",NYY,Home,STL,L,7.0,14.0,D,-2
"Monday, Sep 2",NYY,@,TEX,W,8.0,4.0,N,1
"Tuesday, Sep 3",NYY,@,TEX,L-wo,4.0,7.0,N,-1
"Wednesday, Sep 4",NYY,@,TEX,L,6.0,10.0,N,-2
"Friday, Sep 6",NYY,@,CHC,W,3.0,0.0,D,1
"Saturday, Sep 7",NYY,@,CHC,W,2.0,0.0,D,2
"Sunday, Sep 8",NYY,@,CHC,L,1.0,2.0,D,-1
"Monday, Sep 9",NYY,Home,KCR,W,10.0,4.0,N,1
"Tuesday, Sep 10",NYY,Home,KCR,L,0.0,5.0,N,-1
"Wednesday, Sep 11",NYY,Home,KCR,W-wo,4.0,3.0,N,1
"Tuesday, Sep 17",NYY,@,SEA,W,11.0,2.0,N,2
"Wednesday, Sep 18",NYY,@,SEA,W,2.0,1.0,N,3
"Thursday, Sep 19",NYY,@,SEA,L,2.0,3.0,D,-1
"Friday, Sep 20",NYY,@,OAK,W,4.0,2.0,N,1
"Saturday, Sep 21",NYY,@,OAK,W,10.0,0.0,N,2
"Sunday, Sep 22",NYY,@,OAK,W,7.0,4.0,D,3
"Friday, Sep 27",NYY,Home,PIT,L,2.0,4.0,N,-1
"Saturday, Sep 28",NYY,Home,PIT,L,4.0,9.0,D,-2
"Sunday, Sep 29",NYY,Home,PIT,W,6.0,4.0,D,1
"Thursday, Mar 28",TBR,Home,TOR,L,2.0,8.0,D,-1
"Friday, Mar 29",TBR,Home,TOR,W,8.0,2.0,N,1
"Saturday, Mar 30",TBR,Home,TOR,W,5.0,1.0,D,2
"Sunday, Mar 31",TBR,Home,TOR,L,2.0,9.0,D,-1
"Monday, Apr 1",TBR,Home,TEX,L,3.0,9.0,N,-2
"Tuesday, Apr 2",TBR,Home,TEX,W,5.0,2.0,N,1
"Wednesday, Apr 3",TBR,Home,TEX,L,1.0,4.0,D,-1
"Friday, Apr 5",TBR,@,COL,L-wo,7.0,10.0,D,-2
"Saturday, Apr 6",TBR,@,COL,W,8.0,6.0,N,1
"Sunday, Apr 7",TBR,@,COL,W,3.0,2.0,D,2
"Monday, Apr 8",TBR,@,LAA,L,1.0,7.0,N,-1
"Tuesday, Apr 9",TBR,@,LAA,W,6.0,4.0,N,1
"Wednesday, Apr 10",TBR,@,LAA,W,4.0,2.0,D,2
"Friday, Apr 12",TBR,Home,SFG,W,2.0,1.0,N,3
"Saturday, Apr 13",TBR,Home,SFG,L,2.0,11.0,D,-1
"Sunday, Apr 14",TBR,Home,SFG,W,9.0,4.0,D,1
"Monday, Apr 15",TBR,Home,LAA,L,3.0,7.0,N,-1
"Tuesday, Apr 16",TBR,Home,LAA,W-wo,7.0,6.0,N,1
"Wednesday, Apr 17",TBR,Home,LAA,L,4.0,5.0,N,-1
"Thursday, Apr 18",TBR,Home,LAA,W,2.0,1.0,D,1
"Monday, Apr 22",TBR,Home,DET,L,1.0,7.0,N,-2
"Tuesday, Apr 23",TBR,Home,DET,L,2.0,4.0,N,-3
"Wednesday, Apr 24",TBR,Home,DET,W,7.0,5.0,N,1
"Friday, Apr 26",TBR,@,CHW,L,4.0,9.0,N,-1
"Saturday, Apr 27",TBR,@,CHW,L-wo,7.0,8.0,N,-2
"Sunday, Apr 28",TBR,@,CHW,L,2.0,4.0,D,-3
"Monday, Apr 29",TBR,@,MIL,W,1.0,0.0,N,1
"Tuesday, Apr 30",TBR,@,MIL,L,2.0,8.0,N,-1
"Wednesday, May 1",TBR,@,MIL,L,1.0,7.0,D,-2
"Friday, May 3",TBR,Home,NYM,W,10.0,8.0,N,1
"Saturday, May 4",TBR,Home,NYM,W,3.0,1.0,N,2
"Sunday, May 5",TBR,Home,NYM,W-wo,7.0,6.0,D,3
"Monday, May 6",TBR,Home,CHW,W,8.0,2.0,N,4
"Tuesday, May 7",TBR,Home,CHW,W,5.0,1.0,N,5
"Wednesday, May 8",TBR,Home,CHW,L,1.0,4.0,N,-1
"Friday, May 17",TBR,@,TOR,W,4.0,3.0,N,3
"Saturday, May 18",TBR,@,TOR,W,5.0,4.0,D,4
"Sunday, May 19",TBR,@,TOR,L,2.0,5.0,D,-1
"Friday, May 24",TBR,Home,KCR,L,1.0,8.0,N,-5
"Saturday, May 25",TBR,Home,KCR,L,4.0,7.0,D,-6
"Sunday, May 26",TBR,Home,KCR,W,4.0,1.0,D,1
"Tuesday, May 28",TBR,Home,OAK,L,0.0,3.0,N,-1
"Wednesday, May 29",TBR,Home,OAK,W-wo,4.0,3.0,N,1
"Thursday, May 30",TBR,Home,OAK,W-wo,6.0,5.0,D,2
"Tuesday, Jun 4",TBR,@,MIA,W,9.0,5.0,N,2
"Wednesday, Jun 5",TBR,@,MIA,W,5.0,3.0,N,3
"Tuesday, Jun 11",TBR,Home,CHC,W-wo,5.0,2.0,N,1
"Wednesday, Jun 12",TBR,Home,CHC,L,3.0,4.0,N,-1
"Thursday, Jun 13",TBR,Home,CHC,W,3.0,2.0,N,1
"Friday, Jun 14",TBR,@,ATL,L,3.0,7.0,N,-1
"Saturday, Jun 15",TBR,@,ATL,L,2.0,9.0,D,-2
"Sunday, Jun 16",TBR,@,ATL,W,8.0,6.0,D,1
"Tuesday, Jun 18",TBR,@,MIN,L-wo,6.0,7.0,N,-1
"Wednesday, Jun 19",TBR,@,MIN,W,3.0,2.0,N,1
"Thursday, Jun 20",TBR,@,MIN,W,7.0,6.0,D,2
"Friday, Jun 21",TBR,@,PIT,W,10.0,3.0,N,3
"Saturday, Jun 22",TBR,@,PIT,L,3.0,4.0,D,-1
"Sunday, Jun 23",TBR,@,PIT,W,3.0,1.0,D,1
"Monday, Jun 24",TBR,Home,SEA,W,4.0,3.0,N,2
"Tuesday, Jun 25",TBR,Home,SEA,W,11.0,3.0,N,3
"Wednesday, Jun 26",TBR,Home,SEA,L,2.0,5.0,D,-1
"Friday, Jun 28",TBR,Home,WSN,W,3.0,1.0,N,1
"Saturday, Jun 29",TBR,Home,WSN,L,1.0,8.0,D,-1
"Sunday, Jun 30",TBR,Home,WSN,W,5.0,0.0,D,1
"Tuesday, Jul 2",TBR,@,KCR,W,5.0,1.0,N,2
"Wednesday, Jul 3",TBR,@,KCR,L,2.0,4.0,N,-1
"Thursday, Jul 4",TBR,@,KCR,W,10.0,8.0,N,1
"Friday, Jul 5",TBR,@,TEX,L,0.0,3.0,N,-1
"Saturday, Jul 6",TBR,@,TEX,L,3.0,4.0,D,-2
"Sunday, Jul 7",TBR,@,TEX,L,2.0,13.0,D,-3
"Friday, Jul 12",TBR,Home,CLE,W,2.0,0.0,N,2
"Saturday, Jul 13",TBR,Home,CLE,L,2.0,4.0,D,-1
"Sunday, Jul 14",TBR,Home,CLE,W,2.0,0.0,D,1
"Tuesday, Jul 23",TBR,@,TOR,W,4.0,2.0,N,1
"Wednesday, Jul 24",TBR,@,TOR,L,3.0,6.0,N,-1
"Thursday, Jul 25",TBR,@,TOR,W,13.0,0.0,D,1
"Friday, Jul 26",TBR,Home,CIN,L,2.0,3.0,N,-1
"Saturday, Jul 27",TBR,Home,CIN,W,4.0,0.0,D,1
"Sunday, Jul 28",TBR,Home,CIN,W,2.0,1.0,D,2
"Tuesday, Jul 30",TBR,Home,MIA,W,9.0,3.0,N,3
"Wednesday, Jul 31",TBR,Home,MIA,L,2.0,6.0,D,-1
"Friday, Aug 2",TBR,@,HOU,L,2.0,3.0,N,-2
"Saturday, Aug 3",TBR,@,HOU,W,6.0,1.0,N,1
"Sunday, Aug 4",TBR,@,HOU,W,1.0,0.0,D,2
"Tuesday, Aug 6",TBR,@,STL,L,3.0,4.0,N,-1
"Wednesday, Aug 7",TBR,@,STL,L,2.0,5.0,N,-2
"Thursday, Aug 8",TBR,@,STL,W,6.0,4.0,N,1
"Monday, Aug 12",TBR,Home,HOU,L,1.0,6.0,N,-1
"Tuesday, Aug 13",TBR,Home,HOU,L,2.0,3.0,N,-2
"Wednesday, Aug 14",TBR,Home,HOU,L,1.0,2.0,N,-3
"Friday, Aug 16",TBR,Home,ARI,W-wo,5.0,4.0,N,1
"Saturday, Aug 17",TBR,Home,ARI,W,6.0,1.0,D,2
"Sunday, Aug 18",TBR,Home,ARI,W-wo,8.0,7.0,D,3
"Monday, Aug 19",TBR,@,OAK,L,0.0,3.0,N,-1
"Tuesday, Aug 20",TBR,@,OAK,W,1.0,0.0,N,1
"Wednesday, Aug 21",TBR,@,OAK,W,4.0,2.0,N,2
"Thursday, Aug 22",TBR,@,OAK,L,1.0,3.0,D,-1
"Friday, Aug 23",TBR,@,LAD,L-wo,3.0,7.0,N,-2
"Saturday, Aug 24",TBR,@,LAD,W,9.0,8.0,N,1
"Sunday, Aug 25",TBR,@,LAD,L,1.0,3.0,D,-1
"Monday, Aug 26",TBR,@,SEA,L,1.0,5.0,N,-2
"Tuesday, Aug 27",TBR,@,SEA,W,3.0,2.0,N,1
"Wednesday, Aug 28",TBR,@,SEA,L,2.0,6.0,D,-1
"Friday, Aug 30",TBR,Home,SDP,L,5.0,13.0,N,-2
"Saturday, Aug 31",TBR,Home,SDP,W,11.0,4.0,D,1
"Sunday, Sep 1",TBR,Home,SDP,L,3.0,4.0,D,-1
"Monday, Sep 2",TBR,Home,MIN,L,4.0,5.0,N,-2
"Tuesday, Sep 3",TBR,Home,MIN,W,2.0,1.0,N,1
"Wednesday, Sep 4",TBR,Home,MIN,W,9.0,4.0,N,2
"Thursday, Sep 5",TBR,Home,MIN,L,3.0,4.0,D,-1
"Monday, Sep 9",TBR,@,PHI,L-wo,1.0,2.0,N,-1
"Tuesday, Sep 10",TBR,@,PHI,L,4.0,9.0,N,-2
"Wednesday, Sep 11",TBR,@,PHI,L,2.0,3.0,N,-3
"Thursday, Sep 12",TBR,@,CLE,W,5.0,2.0,N,1
"Friday, Sep 13",TBR,@,CLE,W,3.0,1.0,N,2
"Saturday, Sep 14",TBR,@,CLE,L,1.0,6.0,N,-1
"Sunday, Sep 15",TBR,@,CLE,L,0.0,2.0,D,-2
"Friday, Sep 20",TBR,Home,TOR,W,1.0,0.0,N,2
"Saturday, Sep 21",TBR,Home,TOR,W,3.0,2.0,D,3
"Sunday, Sep 22",TBR,Home,TOR,W,4.0,3.0,D,4
"Tuesday, Sep 24",TBR,@,DET,L,1.0,2.0,D,-1
"Wednesday, Sep 25",TBR,@,DET,L,1.0,7.0,N,-2
"Thursday, Sep 26",TBR,@,DET,L,3.0,4.0,D,-3
"Monday, Apr 1",TOR,@,HOU,L,0.0,10.0,N,-1
"Tuesday, Apr 2",TOR,@,HOU,W,2.0,1.0,N,1
"Wednesday, Apr 3",TOR,@,HOU,L,0.0,8.0,N,-1
"Monday, Apr 8",TOR,Home,SEA,W,5.0,2.0,N,1
"Tuesday, Apr 9",TOR,Home,SEA,W,5.0,3.0,N,2
"Wednesday, Apr 10",TOR,Home,SEA,L,1.0,6.0,D,-1
"Friday, Apr 12",TOR,Home,COL,L,4.0,12.0,N,-2
"Saturday, Apr 13",TOR,Home,COL,W,5.0,3.0,D,1
"Sunday, Apr 14",TOR,Home,COL,W,5.0,0.0,D,2
"Friday, Apr 19",TOR,@,SDP,W,5.0,1.0,N,1
"Saturday, Apr 20",TOR,@,SDP,W,5.0,2.0,N,2
"Sunday, Apr 21",TOR,@,SDP,L,3.0,6.0,D,-1
"Monday, Apr 22",TOR,@,KCR,W,5.0,3.0,N,1
"Tuesday, Apr 23",TOR,@,KCR,L,2.0,3.0,N,-1
"Wednesday, Apr 24",TOR,@,KCR,L,2.0,3.0,N,-2
"Thursday, Apr 25",TOR,@,KCR,L,1.0,2.0,D,-3
"Friday, Apr 26",TOR,Home,LAD,L,2.0,12.0,N,-4
"Saturday, Apr 27",TOR,Home,LAD,L,2.0,4.0,D,-5
"Sunday, Apr 28",TOR,Home,LAD,W,3.0,1.0,D,1
"Monday, Apr 29",TOR,Home,KCR,W,6.0,5.0,N,2
"Tuesday, Apr 30",TOR,Home,KCR,L,1.0,4.0,N,-1
"Wednesday, May 1",TOR,Home,KCR,L,1.0,6.0,D,-2
"Friday, May 3",TOR,@,WSN,L,3.0,9.0,N,-3
"Saturday, May 4",TOR,@,WSN,W,6.0,3.0,D,1
"Sunday, May 5",TOR,@,WSN,L,8.0,11.0,D,-1
"Tuesday, May 7",TOR,@,PHI,L,1.0,10.0,N,-2
"Wednesday, May 8",TOR,@,PHI,W,5.0,3.0,D,1
"Friday, May 10",TOR,Home,MIN,L,2.0,3.0,N,-1
"Saturday, May 11",TOR,Home,MIN,W,10.0,8.0,D,1
"Sunday, May 12",TOR,Home,MIN,L,1.0,5.0,D,-1
"Monday, May 20",TOR,Home,CHW,W,9.0,3.0,D,2
"Tuesday, May 21",TOR,Home,CHW,L,0.0,5.0,N,-1
"Wednesday, May 22",TOR,Home,CHW,W,9.0,2.0,N,1
"Thursday, May 23",TOR,@,DET,W,9.0,1.0,N,2
"Friday, May 24",TOR,@,DET,L,2.0,6.0,N,-1
"Saturday, May 25",TOR,@,DET,L,1.0,2.0,D,-2
"Sunday, May 26",TOR,@,DET,L-wo,11.0,14.0,D,-3
"Monday, May 27",TOR,@,CHW,W,5.0,1.0,D,1
"Tuesday, May 28",TOR,@,CHW,W,7.0,2.0,N,2
"Wednesday, May 29",TOR,@,CHW,W,3.0,1.0,N,3
"Friday, May 31",TOR,Home,PIT,W-wo,5.0,3.0,N,4
"Saturday, Jun 1",TOR,Home,PIT,L,1.0,8.0,D,-1
"Sunday, Jun 2",TOR,Home,PIT,W,5.0,4.0,D,1
"Friday, Jun 7",TOR,@,OAK,L-wo,1.0,2.0,N,-1
"Saturday, Jun 8",TOR,@,OAK,W,7.0,0.0,D,1
"Sunday, Jun 9",TOR,@,OAK,W,6.0,4.0,D,2
"Monday, Jun 10",TOR,@,MIL,L,1.0,3.0,N,-1
"Tuesday, Jun 11",TOR,@,MIL,W,3.0,0.0,N,1
"Wednesday, Jun 12",TOR,@,MIL,L,4.0,5.0,D,-1
"Friday, Jun 14",TOR,Home,CLE,L,1.0,3.0,N,-2
"Saturday, Jun 15",TOR,Home,CLE,W,5.0,0.0,D,1
"Sunday, Jun 16",TOR,Home,CLE,W,7.0,6.0,D,2
"Friday, Jun 21",TOR,@,CLE,L,1.0,7.0,N,-4
"Saturday, Jun 22",TOR,@,CLE,L,3.0,6.0,D,-5
"Sunday, Jun 23",TOR,@,CLE,L,5.0,6.0,D,-6
"Monday, Jul 1",TOR,Home,HOU,L,1.0,3.0,D,-2
"Tuesday, Jul 2",TOR,Home,HOU,W,7.0,6.0,N,1
"Wednesday, Jul 3",TOR,Home,HOU,L,2.0,9.0,N,-1
"Thursday, Jul 4",TOR,Home,HOU,L,3.0,5.0,D,-2
"Friday, Jul 5",TOR,@,SEA,L,1.0,2.0,N,-3
"Saturday, Jul 6",TOR,@,SEA,W,5.0,4.0,D,1
"Sunday, Jul 7",TOR,@,SEA,W,5.0,4.0,D,2
"Tuesday, Jul 9",TOR,@,SFG,L-wo,3.0,4.0,N,-1
"Wednesday, Jul 10",TOR,@,SFG,W,10.0,6.0,N,1
"Thursday, Jul 11",TOR,@,SFG,W,5.0,3.0,D,2
"Friday, Jul 12",TOR,@,ARI,L-wo,4.0,5.0,N,-1
"Saturday, Jul 13",TOR,@,ARI,L,1.0,12.0,N,-2
"Sunday, Jul 14",TOR,@,ARI,W,8.0,7.0,D,1
"Friday, Jul 19",TOR,Home,DET,L,4.0,5.0,N,-1
"Saturday, Jul 20",TOR,Home,DET,L,3.0,7.0,D,-2
"Sunday, Jul 21",TOR,Home,DET,W,5.0,4.0,D,1
"Friday, Jul 26",TOR,Home,TEX,W-wo,6.0,5.0,N,1
"Saturday, Jul 27",TOR,Home,TEX,W,7.0,3.0,D,2
"Sunday, Jul 28",TOR,Home,TEX,W,7.0,3.0,D,3
"Friday, Aug 9",TOR,Home,OAK,W,3.0,1.0,N,2
"Saturday, Aug 10",TOR,Home,OAK,L,0.0,1.0,D,-1
"Sunday, Aug 11",TOR,Home,OAK,L,4.0,8.0,D,-2
"Monday, Aug 12",TOR,@,LAA,W,4.0,2.0,N,1
"Tuesday, Aug 13",TOR,@,LAA,W,6.0,1.0,N,2
"Wednesday, Aug 14",TOR,@,LAA,W,9.0,2.0,N,3
"Friday, Aug 16",TOR,@,CHC,L-wo,5.0,6.0,D,-1
"Saturday, Aug 17",TOR,@,CHC,L,2.0,3.0,D,-2
"Sunday, Aug 18",TOR,@,CHC,W,1.0,0.0,D,1
"Monday, Aug 19",TOR,Home,CIN,L,3.0,6.0,N,-1
"Tuesday, Aug 20",TOR,Home,CIN,W,10.0,3.0,N,1
"Wednesday, Aug 21",TOR,Home,CIN,L,7.0,11.0,N,-1
"Thursday, Aug 22",TOR,Home,LAA,W,5.0,3.0,N,1
"Friday, Aug 23",TOR,Home,LAA,W-wo,5.0,4.0,N,2
"Saturday, Aug 24",TOR,Home,LAA,W,3.0,1.0,D,3
"Sunday, Aug 25",TOR,Home,LAA,W,8.0,2.0,D,4
"Friday, Aug 30",TOR,@,MIN,L,0.0,2.0,N,-1
"Saturday, Aug 31",TOR,@,MIN,W,15.0,0.0,N,1
"Sunday, Sep 1",TOR,@,MIN,L,3.0,4.0,D,-1
"Tuesday, Sep 3",TOR,Home,PHI,L,9.0,10.0,N,-2
"Wednesday, Sep 4",TOR,Home,PHI,L,2.0,4.0,D,-3
"Friday, Sep 6",TOR,@,ATL,L,1.0,3.0,N,-4
"Saturday, Sep 7",TOR,@,ATL,W,9.0,5.0,N,1
"Sunday, Sep 8",TOR,@,ATL,L-wo,3.0,4.0,D,-1
"Monday, Sep 9",TOR,Home,NYM,L,2.0,3.0,N,-2
"Tuesday, Sep 10",TOR,Home,NYM,W,6.0,2.0,N,1
"Wednesday, Sep 11",TOR,Home,NYM,L,2.0,6.0,D,-1
"Friday, Sep 13",TOR,Home,STL,W-wo,4.0,3.0,N,1
"Saturday, Sep 14",TOR,Home,STL,W,7.0,2.0,D,2
"Sunday, Sep 15",TOR,Home,STL,W,3.0,2.0,D,3
"Tuesday, Sep 17",TOR,@,TEX,L,8.0,13.0,N,-1
"Wednesday, Sep 18",TOR,@,TEX,L,0.0,2.0,N,-2
"Thursday, Sep 19",TOR,@,TEX,W,4.0,0.0,D,1
"Friday, Sep 27",TOR,Home,MIA,L,5.0,15.0,N,-1
"Saturday, Sep 28",TOR,Home,MIA,L,1.0,8.0,D,-2
"Sunday, Sep 29",TOR,Home,MIA,L,1.0,3.0,D,-3
"Thursday, Mar 28",CHW,Home,DET,L,0.0,1.0,D,-1
"Saturday, Mar 30",CHW,Home,DET,L,6.0,7.0,D,-2
"Sunday, Mar 31",CHW,Home,DET,L,2.0,3.0,D,-3
"Monday, Apr 1",CHW,Home,ATL,L,0.0,9.0,D,-4
"Tuesday, Apr 2",CHW,Home,ATL,W,3.0,2.0,N,1
"Thursday, Apr 4",CHW,@,KCR,L,1.0,10.0,N,-1
"Friday, Apr 5",CHW,@,KCR,L,1.0,2.0,N,-2
"Saturday, Apr 6",CHW,@,KCR,L,0.0,3.0,N,-3
"Sunday, Apr 7",CHW,@,KCR,L,3.0,5.0,D,-4
"Monday, Apr 8",CHW,@,CLE,L,0.0,4.0,N,-5
"Tuesday, Apr 9",CHW,@,CLE,W,7.0,5.0,N,1
"Wednesday, Apr 10",CHW,@,CLE,L-wo,6.0,7.0,N,-1
"Friday, Apr 12",CHW,Home,CIN,L,1.0,11.0,N,-2
"Saturday, Apr 13",CHW,Home,CIN,L,0.0,5.0,D,-3
"Sunday, Apr 14",CHW,Home,CIN,L,4.0,11.0,D,-4
"Monday, Apr 15",CHW,Home,KCR,L,0.0,2.0,N,-5
"Wednesday, Apr 17 (1)",CHW,Home,KCR,L,2.0,4.0,D,-6
"Wednesday, Apr 17 (2)",CHW,Home,KCR,W,2.0,1.0,D,1
"Friday, Apr 19",CHW,@,PHI,L,0.0,7.0,N,-1
"Saturday, Apr 20",CHW,@,PHI,L,5.0,9.0,N,-2
"Sunday, Apr 21",CHW,@,PHI,L,2.0,8.0,D,-3
"Monday, Apr 22",CHW,@,MIN,L,0.0,7.0,N,-4
"Tuesday, Apr 23",CHW,@,MIN,L-wo,5.0,6.0,N,-5
"Wednesday, Apr 24",CHW,@,MIN,L,3.0,6.0,N,-6
"Thursday, Apr 25",CHW,@,MIN,L,3.0,6.0,D,-7
"Monday, Apr 29",CHW,Home,MIN,L,2.0,3.0,N,-1
"Tuesday, Apr 30",CHW,Home,MIN,L,5.0,6.0,N,-2
"Wednesday, May 1",CHW,Home,MIN,L,5.0,10.0,D,-3
"Friday, May 3",CHW,@,STL,L,0.0,3.0,N,-4
"Saturday, May 4",CHW,@,STL,W,6.0,5.0,D,1
"Sunday, May 5",CHW,@,STL,W,5.0,1.0,D,2
"Thursday, May 9",CHW,Home,CLE,W,3.0,2.0,N,2
"Friday, May 10",CHW,Home,CLE,W,6.0,3.0,N,3
"Saturday, May 11",CHW,Home,CLE,W,3.0,1.0,N,4
"Sunday, May 12",CHW,Home,CLE,L,0.0,7.0,D,-1
"Tuesday, May 14 (1)",CHW,Home,WSN,L,3.0,6.0,D,-2
"Tuesday, May 14 (2)",CHW,Home,WSN,W,4.0,0.0,D,1
"Wednesday, May 15",CHW,Home,WSN,W,2.0,0.0,D,2
"Friday, May 31",CHW,@,MIL,L,5.0,12.0,N,-9
"Saturday, Jun 1",CHW,@,MIL,L-wo,3.0,4.0,D,-10
"Sunday, Jun 2",CHW,@,MIL,L,3.0,6.0,D,-11
"Tuesday, Jun 4",CHW,@,CHC,L,6.0,7.0,N,-12
"Wednesday, Jun 5",CHW,@,CHC,L-wo,6.0,7.0,N,-13
"Monday, Jun 10",CHW,@,SEA,L-wo,4.0,8.0,N,-2
"Tuesday, Jun 11",CHW,@,SEA,L,3.0,4.0,N,-3
"Wednesday, Jun 12",CHW,@,SEA,L-wo,1.0,2.0,N,-4
"Thursday, Jun 13",CHW,@,SEA,W,3.0,2.0,N,1
"Friday, Jun 14",CHW,@,ARI,L,1.0,7.0,N,-1
"Saturday, Jun 15",CHW,@,ARI,W,9.0,2.0,N,1
"Sunday, Jun 16",CHW,@,ARI,L,5.0,12.0,D,-1
"Tuesday, Jun 18",CHW,Home,HOU,W,2.0,0.0,N,1
"Wednesday, Jun 19",CHW,Home,HOU,L,1.0,4.0,N,-1
"Thursday, Jun 20",CHW,Home,HOU,L,3.0,5.0,D,-2
"Friday, Jun 21",CHW,@,DET,L,1.0,2.0,N,-3
"Saturday, Jun 22",CHW,@,DET,W,5.0,1.0,D,1
"Sunday, Jun 23",CHW,@,DET,L,2.0,11.0,D,-1
"Monday, Jun 24",CHW,Home,LAD,L,0.0,3.0,N,-2
"Tuesday, Jun 25",CHW,Home,LAD,L,3.0,4.0,N,-3
"Wednesday, Jun 26",CHW,Home,LAD,L,0.0,4.0,N,-4
"Thursday, Jun 27",CHW,Home,ATL,W,1.0,0.0,D,1
"Friday, Jun 28",CHW,Home,COL,W,5.0,3.0,N,2
"Saturday, Jun 29",CHW,Home,COL,W,11.0,3.0,D,3
"Sunday, Jun 30",CHW,Home,COL,L,4.0,5.0,D,-1
"Tuesday, Jul 2",CHW,@,CLE,L-wo,6.0,7.0,N,-2
"Wednesday, Jul 3",CHW,@,CLE,W,8.0,2.0,N,1
"Thursday, Jul 4",CHW,@,CLE,L,4.0,8.0,D,-1
"Friday, Jul 5",CHW,@,MIA,W,3.0,2.0,N,1
"Saturday, Jul 6",CHW,@,MIA,L,3.0,4.0,D,-1
"Sunday, Jul 7",CHW,@,MIA,L-wo,4.0,7.0,D,-2
"Monday, Jul 8",CHW,Home,MIN,L,6.0,8.0,N,-3
"Wednesday, Jul 10 (1)",CHW,Home,MIN,W,3.0,1.0,D,1
"Wednesday, Jul 10 (2)",CHW,Home,MIN,L,2.0,3.0,D,-1
"Friday, Jul 12",CHW,Home,PIT,L,1.0,4.0,N,-2
"Saturday, Jul 13",CHW,Home,PIT,L,2.0,6.0,D,-3
"Sunday, Jul 14",CHW,Home,PIT,L,4.0,9.0,D,-4
"Friday, Jul 19",CHW,@,KCR,L,1.0,7.0,N,-5
"Saturday, Jul 20",CHW,@,KCR,L,1.0,6.0,N,-6
"Sunday, Jul 21",CHW,@,KCR,L,1.0,4.0,D,-7
"Monday, Jul 22",CHW,@,TEX,L-wo,3.0,4.0,N,-8
"Tuesday, Jul 23",CHW,@,TEX,L,2.0,3.0,N,-9
"Wednesday, Jul 24",CHW,@,TEX,L,2.0,10.0,N,-10
"Thursday, Jul 25",CHW,@,TEX,L,1.0,2.0,D,-11
"Friday, Jul 26",CHW,Home,SEA,L,0.0,10.0,N,-12
"Saturday, Jul 27",CHW,Home,SEA,L,3.0,6.0,N,-13
"Sunday, Jul 28",CHW,Home,SEA,L,3.0,6.0,D,-14
"Monday, Jul 29",CHW,Home,KCR,L,5.0,8.0,N,-15
"Tuesday, Jul 30",CHW,Home,KCR,L,3.0,4.0,N,-16
"Wednesday, Jul 31",CHW,Home,KCR,L,3.0,10.0,D,-17
"Friday, Aug 2",CHW,@,MIN,L,2.0,10.0,N,-18
"Saturday, Aug 3",CHW,@,MIN,L,2.0,6.0,N,-19
"Sunday, Aug 4",CHW,@,MIN,L,7.0,13.0,D,-20
"Monday, Aug 5",CHW,@,OAK,L,1.0,5.0,N,-21
"Tuesday, Aug 6",CHW,@,OAK,W,5.0,1.0,N,1
"Wednesday, Aug 7",CHW,@,OAK,L,2.0,3.0,D,-1
"Friday, Aug 9",CHW,Home,CHC,L,6.0,7.0,N,-2
"Saturday, Aug 10",CHW,Home,CHC,L,1.0,3.0,N,-3
"Friday, Aug 16",CHW,@,HOU,W,5.0,4.0,N,1
"Saturday, Aug 17",CHW,@,HOU,L,1.0,6.0,N,-1
"Sunday, Aug 18",CHW,@,HOU,L,0.0,2.0,D,-2
"Monday, Aug 19",CHW,@,SFG,L,3.0,5.0,N,-3
"Tuesday, Aug 20",CHW,@,SFG,L,1.0,4.0,N,-4
"Wednesday, Aug 21",CHW,@,SFG,W,6.0,2.0,D,1
"Friday, Aug 23",CHW,Home,DET,L,2.0,5.0,N,-1
"Saturday, Aug 24",CHW,Home,DET,L,4.0,13.0,N,-2
"Sunday, Aug 25",CHW,Home,DET,L,4.0,9.0,D,-3
"Monday, Aug 26",CHW,Home,DET,L,3.0,6.0,N,-4
"Tuesday, Aug 27",CHW,Home,TEX,L,1.0,3.0,D,-5
"Wednesday, Aug 28",CHW,Home,TEX,L,3.0,4.0,N,-6
"Thursday, Aug 29",CHW,Home,TEX,L,1.0,2.0,D,-7
"Friday, Aug 30",CHW,Home,NYM,L,1.0,5.0,N,-8
"Saturday, Aug 31",CHW,Home,NYM,L,3.0,5.0,N,-9
"Sunday, Sep 1",CHW,Home,NYM,L,0.0,2.0,D,-10
"Monday, Sep 9",CHW,Home,CLE,L,3.0,5.0,N,-1
"Tuesday, Sep 10",CHW,Home,CLE,L,0.0,5.0,N,-2
"Wednesday, Sep 11",CHW,Home,CLE,L,4.0,6.0,D,-3
"Friday, Sep 13",CHW,Home,OAK,L,0.0,2.0,N,-4
"Saturday, Sep 14",CHW,Home,OAK,W-wo,7.0,6.0,N,1
"Sunday, Sep 15",CHW,Home,OAK,W,4.0,3.0,D,2
"Monday, Sep 16",CHW,@,LAA,W,8.0,4.0,N,3
"Tuesday, Sep 17",CHW,@,LAA,L,0.0,5.0,N,-1
"Wednesday, Sep 18",CHW,@,LAA,L-wo,3.0,4.0,D,-2
"Friday, Sep 20",CHW,@,SDP,L-wo,2.0,3.0,N,-3
"Saturday, Sep 21",CHW,@,SDP,L,2.0,6.0,N,-4
"Sunday, Sep 22",CHW,@,SDP,L,2.0,4.0,D,-5
"Tuesday, Sep 24",CHW,Home,LAA,W,3.0,2.0,N,1
"Wednesday, Sep 25",CHW,Home,LAA,W-wo,4.0,3.0,N,2
"Thursday, Sep 26",CHW,Home,LAA,W,7.0,0.0,D,3
"Friday, Sep 27",CHW,@,DET,L,1.0,4.0,N,-1
"Saturday, Sep 28",CHW,@,DET,W,4.0,0.0,D,1
"Sunday, Sep 29",CHW,@,DET,W,9.0,5.0,D,2
"Thursday, Mar 28",CLE,@,OAK,W,8.0,0.0,N,1
"Friday, Mar 29",CLE,@,OAK,W,6.0,4.0,N,2
"Saturday, Mar 30",CLE,@,OAK,W,12.0,3.0,D,3
"Sunday, Mar 31",CLE,@,OAK,L-wo,3.0,4.0,D,-1
"Monday, Apr 1",CLE,@,SEA,L,4.0,5.0,N,-2
"Tuesday, Apr 2",CLE,@,SEA,W,5.0,2.0,N,1
"Wednesday, Apr 3",CLE,@,SEA,W,8.0,0.0,D,2
"Thursday, Apr 4",CLE,@,MIN,W,4.0,2.0,D,3
"Saturday, Apr 6",CLE,@,MIN,W,3.0,1.0,D,4
"Friday, Apr 19",CLE,Home,OAK,W,10.0,2.0,N,2
"Saturday, Apr 20",CLE,Home,OAK,W,6.0,3.0,N,3
"Sunday, Apr 21",CLE,Home,OAK,W,6.0,2.0,D,4
"Friday, Apr 26",CLE,@,ATL,L,2.0,6.0,N,-1
"Saturday, Apr 27",CLE,@,ATL,W,4.0,2.0,N,1
"Sunday, Apr 28",CLE,@,ATL,L-wo,3.0,4.0,D,-1
"Tuesday, Apr 30",CLE,@,HOU,L-wo,9.0,10.0,N,-2
"Wednesday, May 1",CLE,@,HOU,W,3.0,2.0,N,1
"Thursday, May 2",CLE,@,HOU,L,2.0,8.0,N,-1
"Friday, May 3",CLE,Home,LAA,L,0.0,6.0,N,-2
"Saturday, May 4",CLE,Home,LAA,W,7.0,1.0,N,1
"Sunday, May 5",CLE,Home,LAA,W,4.0,1.0,D,2
"Monday, May 6",CLE,Home,DET,W,2.0,1.0,N,3
"Tuesday, May 7",CLE,Home,DET,L,7.0,11.0,N,-1
"Wednesday, May 8",CLE,Home,DET,W-wo,5.0,4.0,D,1
"Monday, May 13",CLE,@,TEX,W,7.0,0.0,N,2
"Tuesday, May 14",CLE,@,TEX,W,7.0,4.0,N,3
"Wednesday, May 15",CLE,@,TEX,L,0.0,4.0,N,-1
"Friday, May 17",CLE,Home,MIN,W,3.0,2.0,N,1
"Saturday, May 18",CLE,Home,MIN,W,11.0,4.0,N,2
"Sunday, May 19",CLE,Home,MIN,W-wo,5.0,2.0,D,3
"Monday, May 20",CLE,Home,NYM,W,3.0,1.0,N,4
"Tuesday, May 21",CLE,Home,NYM,W,7.0,6.0,N,5
"Wednesday, May 22",CLE,Home,NYM,W,6.0,3.0,D,6
"Friday, May 24",CLE,@,LAA,W,10.0,4.0,N,7
"Saturday, May 25",CLE,@,LAA,W,4.0,3.0,N,8
"Sunday, May 26",CLE,@,LAA,W,5.0,4.0,D,9
"Monday, May 27",CLE,@,COL,L,6.0,8.0,D,-1
"Tuesday, May 28",CLE,@,COL,W,13.0,7.0,N,1
"Wednesday, May 29",CLE,@,COL,L,4.0,7.0,N,-1
"Friday, May 31",CLE,Home,WSN,W,7.0,1.0,N,1
"Saturday, Jun 1",CLE,Home,WSN,W,3.0,2.0,D,2
"Sunday, Jun 2",CLE,Home,WSN,L,2.0,5.0,D,-1
"Tuesday, Jun 4",CLE,Home,KCR,W,8.0,5.0,N,1
"Thursday, Jun 6",CLE,Home,KCR,L,3.0,4.0,D,-1
"Friday, Jun 7",CLE,@,MIA,L,2.0,3.0,N,-2
"Saturday, Jun 8",CLE,@,MIA,W,8.0,0.0,N,1
"Sunday, Jun 9",CLE,@,MIA,W,6.0,3.0,D,2
"Tuesday, Jun 11",CLE,@,CIN,W,5.0,3.0,N,3
"Wednesday, Jun 12",CLE,@,CIN,L,2.0,4.0,N,-1
"Tuesday, Jun 18",CLE,Home,SEA,L,5.0,8.0,N,-3
"Wednesday, Jun 19",CLE,Home,SEA,W,8.0,0.0,N,1
"Thursday, Jun 20",CLE,Home,SEA,W,6.0,3.0,D,2
"Thursday, Jun 27",CLE,@,KCR,L,1.0,2.0,N,-2
"Friday, Jun 28",CLE,@,KCR,L,3.0,10.0,N,-3
"Saturday, Jun 29",CLE,@,KCR,W,7.0,2.0,D,1
"Sunday, Jun 30",CLE,@,KCR,L,2.0,6.0,D,-1
"Friday, Jul 5",CLE,Home,SFG,L,2.0,4.0,N,-1
"Saturday, Jul 6",CLE,Home,SFG,W,5.0,4.0,D,1
"Sunday, Jul 7",CLE,Home,SFG,W,5.0,4.0,D,2
"Monday, Jul 8",CLE,@,DET,L,0.0,1.0,N,-1
"Tuesday, Jul 9",CLE,@,DET,W,9.0,8.0,N,1
"Wednesday, Jul 10",CLE,@,DET,L,4.0,5.0,N,-1
"Thursday, Jul 11",CLE,@,DET,L,1.0,10.0,D,-2
"Friday, Jul 19",CLE,Home,SDP,W,7.0,0.0,N,1
"Saturday, Jul 20",CLE,Home,SDP,L,0.0,7.0,N,-1
"Sunday, Jul 21",CLE,Home,SDP,L,1.0,2.0,D,-2
"Monday, Jul 22",CLE,Home,DET,L,2.0,8.0,N,-3
"Tuesday, Jul 23",CLE,Home,DET,W,5.0,4.0,N,1
"Wednesday, Jul 24",CLE,Home,DET,W,2.0,1.0,N,2
"Thursday, Jul 25",CLE,Home,DET,L,0.0,3.0,D,-1
"Friday, Jul 26",CLE,@,PHI,W,3.0,1.0,N,1
"Saturday, Jul 27",CLE,@,PHI,L,0.0,8.0,N,-1
"Sunday, Jul 28",CLE,@,PHI,W,4.0,3.0,D,1
"Monday, Jul 29",CLE,@,DET,W,8.0,4.0,N,2
"Tuesday, Jul 30",CLE,@,DET,W,5.0,0.0,D,3
"Monday, Aug 5",CLE,Home,ARI,L,6.0,7.0,N,-3
"Wednesday, Aug 7 (1)",CLE,Home,ARI,L,3.0,7.0,D,-4
"Wednesday, Aug 7 (2)",CLE,Home,ARI,L,3.0,5.0,D,-5
"Friday, Aug 9 (1)",CLE,@,MIN,L,2.0,4.0,D,-6
"Friday, Aug 9 (2)",CLE,@,MIN,L,3.0,6.0,N,-7
"Saturday, Aug 10",CLE,@,MIN,W,2.0,1.0,N,1
"Sunday, Aug 11",CLE,@,MIN,W,5.0,3.0,D,2
"Monday, Aug 12",CLE,Home,CHC,W,9.0,8.0,N,3
"Tuesday, Aug 13",CLE,Home,CHC,W,2.0,1.0,N,4
"Wednesday, Aug 14",CLE,Home,CHC,W,6.0,1.0,N,5
"Friday, Aug 16",CLE,@,MIL,L,3.0,5.0,N,-1
"Saturday, Aug 17",CLE,@,MIL,L,1.0,2.0,N,-2
"Sunday, Aug 18",CLE,@,MIL,L,0.0,2.0,D,-3
"Friday, Aug 23",CLE,Home,TEX,L,3.0,5.0,N,-3
"Saturday, Aug 24",CLE,Home,TEX,W,13.0,5.0,N,1
"Sunday, Aug 25",CLE,Home,TEX,W,4.0,2.0,D,2
"Monday, Aug 26 (1)",CLE,Home,KCR,L,3.0,4.0,D,-1
"Monday, Aug 26 (2)",CLE,Home,KCR,L,4.0,9.0,N,-2
"Tuesday, Aug 27",CLE,Home,KCR,L,1.0,6.0,N,-3
"Wednesday, Aug 28",CLE,Home,KCR,W,7.0,5.0,D,1
"Friday, Aug 30",CLE,Home,PIT,W,10.0,8.0,N,2
"Saturday, Aug 31",CLE,Home,PIT,L,0.0,3.0,N,-1
"Sunday, Sep 1",CLE,Home,PIT,W,6.0,1.0,D,1
"Monday, Sep 2",CLE,@,KCR,W,4.0,2.0,D,2
"Tuesday, Sep 3",CLE,@,KCR,W,7.0,1.0,N,3
"Wednesday, Sep 4",CLE,@,KCR,L,1.0,4.0,N,-1
"Friday, Sep 6",CLE,@,LAD,W,3.0,1.0,N,1
"Saturday, Sep 7",CLE,@,LAD,L,2.0,7.0,N,-1
"Sunday, Sep 8",CLE,@,LAD,L,0.0,4.0,D,-2
"Monday, Sep 16",CLE,Home,MIN,W,4.0,3.0,N,3
"Tuesday, Sep 17",CLE,Home,MIN,L,1.0,4.0,N,-1
"Wednesday, Sep 18",CLE,Home,MIN,W-wo,5.0,4.0,N,1
"Thursday, Sep 19",CLE,Home,MIN,W-wo,3.0,2.0,D,2
"Friday, Sep 20",CLE,@,STL,W,5.0,1.0,N,3
"Saturday, Sep 21",CLE,@,STL,L,5.0,6.0,N,-1
"Sunday, Sep 22",CLE,@,STL,L,1.0,2.0,D,-2
"Tuesday, Sep 24",CLE,Home,CIN,W,6.0,1.0,N,1
"Wednesday, Sep 25",CLE,Home,CIN,W,5.0,2.0,N,2
"Friday, Sep 27",CLE,Home,HOU,L,2.0,5.0,N,-1
"Saturday, Sep 28",CLE,Home,HOU,L,3.0,4.0,N,-2
"Monday, Apr 1",DET,@,NYM,W,5.0,0.0,N,4
"Thursday, Apr 4 (1)",DET,@,NYM,W,6.0,3.0,D,5
"Thursday, Apr 4 (2)",DET,@,NYM,L-wo,1.0,2.0,D,-1
"Friday, Apr 5",DET,Home,OAK,W,5.0,4.0,D,1
"Saturday, Apr 6",DET,Home,OAK,L,0.0,4.0,D,-1
"Sunday, Apr 7",DET,Home,OAK,L,1.0,7.0,D,-2
"Monday, Apr 8",DET,@,PIT,L,4.0,7.0,N,-3
"Tuesday, Apr 9",DET,@,PIT,W,5.0,3.0,D,1
"Friday, Apr 12",DET,Home,MIN,W,8.0,2.0,N,2
"Saturday, Apr 13 (1)",DET,Home,MIN,L,5.0,11.0,D,-1
"Saturday, Apr 13 (2)",DET,Home,MIN,L,1.0,4.0,D,-2
"Sunday, Apr 14",DET,Home,MIN,W,4.0,3.0,D,1
"Monday, Apr 15",DET,Home,TEX,L,0.0,1.0,N,-1
"Tuesday, Apr 16",DET,Home,TEX,W,4.0,2.0,D,1
"Wednesday, Apr 17",DET,Home,TEX,L,4.0,5.0,D,-1
"Thursday, Apr 18",DET,Home,TEX,L,7.0,9.0,D,-2
"Friday, Apr 19",DET,@,MIN,W,5.0,4.0,N,1
"Saturday, Apr 20",DET,@,MIN,L,3.0,4.0,D,-1
"Sunday, Apr 21",DET,@,MIN,W,6.0,1.0,D,1
"Friday, Apr 26",DET,Home,KCR,L,0.0,8.0,D,-2
"Saturday, Apr 27",DET,Home,KCR,W,6.0,5.0,N,1
"Sunday, Apr 28",DET,Home,KCR,W,4.0,1.0,D,2
"Tuesday, Apr 30 (1)",DET,Home,STL,L,1.0,2.0,D,-1
"Tuesday, Apr 30 (2)",DET,Home,STL,W,11.0,6.0,D,1
"Wednesday, May 1",DET,Home,STL,W,4.0,1.0,D,2
"Friday, May 10",DET,Home,HOU,L,2.0,5.0,N,-2
"Saturday, May 11",DET,Home,HOU,W,8.0,2.0,N,1
"Sunday, May 12",DET,Home,HOU,L,3.0,9.0,D,-1
"Monday, May 13",DET,Home,MIA,W,6.0,5.0,N,1
"Tuesday, May 14",DET,Home,MIA,L,0.0,1.0,N,-1
"Wednesday, May 15",DET,Home,MIA,L,0.0,2.0,D,-2
"Friday, May 17",DET,@,ARI,W,13.0,0.0,N,1
"Saturday, May 18",DET,@,ARI,W,8.0,3.0,N,2
"Sunday, May 19",DET,@,ARI,L,4.0,6.0,D,-1
"Monday, May 20",DET,@,KCR,L,3.0,8.0,N,-2
"Tuesday, May 21",DET,@,KCR,L,3.0,10.0,N,-3
"Wednesday, May 22",DET,@,KCR,L,3.0,8.0,D,-4
"Wednesday, May 29 (1)",DET,Home,PIT,W,8.0,0.0,D,4
"Wednesday, May 29 (2)",DET,Home,PIT,L,2.0,10.0,D,-1
"Monday, Jun 3",DET,@,TEX,W,2.0,1.0,N,2
"Tuesday, Jun 4",DET,@,TEX,W,3.0,1.0,N,3
"Wednesday, Jun 5",DET,@,TEX,L,1.0,9.0,N,-1
"Friday, Jun 7",DET,Home,MIL,L,0.0,10.0,N,-2
"Saturday, Jun 8",DET,Home,MIL,L,4.0,5.0,D,-3
"Sunday, Jun 9",DET,Home,MIL,W,10.0,2.0,D,1
"Tuesday, Jun 11",DET,Home,WSN,L,4.0,5.0,N,-1
"Wednesday, Jun 12",DET,Home,WSN,L,5.0,7.0,N,-2
"Thursday, Jun 13",DET,Home,WSN,W,7.0,2.0,D,1
"Friday, Jun 14",DET,@,HOU,L,0.0,4.0,N,-1
"Saturday, Jun 15",DET,@,HOU,W,13.0,5.0,D,1
"Sunday, Jun 16",DET,@,HOU,L,1.0,4.0,D,-1
"Monday, Jun 17",DET,@,ATL,L,1.0,2.0,N,-2
"Tuesday, Jun 18",DET,@,ATL,L,1.0,2.0,N,-3
"Wednesday, Jun 19",DET,@,ATL,L,0.0,7.0,D,-4
"Monday, Jun 24",DET,Home,PHI,L,1.0,8.0,N,-1
"Tuesday, Jun 25",DET,Home,PHI,W,4.0,1.0,N,1
"Wednesday, Jun 26",DET,Home,PHI,L,2.0,6.0,D,-1
"Thursday, Jun 27",DET,@,LAA,L,0.0,5.0,N,-2
"Friday, Jun 28",DET,@,LAA,L,2.0,5.0,N,-3
"Saturday, Jun 29",DET,@,LAA,L-wo,5.0,6.0,N,-4
"Sunday, Jun 30",DET,@,LAA,W,7.0,6.0,D,1
"Tuesday, Jul 2",DET,@,MIN,L,3.0,5.0,N,-1
"Wednesday, Jul 3",DET,@,MIN,W,9.0,2.0,N,1
"Thursday, Jul 4",DET,@,MIN,L,3.0,12.0,D,-1
"Friday, Jul 5",DET,@,CIN,W,5.0,4.0,N,1
"Saturday, Jul 6",DET,@,CIN,W,5.0,3.0,D,2
"Sunday, Jul 7",DET,@,CIN,W,5.0,1.0,D,3
"Friday, Jul 12",DET,Home,LAD,L,3.0,4.0,N,-1
"Saturday, Jul 13",DET,Home,LAD,W-wo,11.0,9.0,D,1
"Sunday, Jul 14",DET,Home,LAD,W-wo,4.0,3.0,D,2
"Friday, Jul 26",DET,Home,MIN,L,3.0,9.0,N,-1
"Saturday, Jul 27",DET,Home,MIN,W,7.0,2.0,N,1
"Sunday, Jul 28",DET,Home,MIN,L,0.0,5.0,D,-1
"Thursday, Aug 1",DET,Home,KCR,L,1.0,7.0,N,-4
"Friday, Aug 2",DET,Home,KCR,L,2.0,9.0,N,-5
"Saturday, Aug 3",DET,Home,KCR,W-wo,6.0,5.0,N,1
"Sunday, Aug 4",DET,Home,KCR,L,2.0,3.0,D,-1
"Tuesday, Aug 6",DET,@,SEA,W,4.0,2.0,N,1
"Wednesday, Aug 7",DET,@,SEA,W,6.0,2.0,N,2
"Thursday, Aug 8",DET,@,SEA,L-wo,3.0,4.0,N,-1
"Friday, Aug 9",DET,@,SFG,L-wo,2.0,3.0,N,-2
"Saturday, Aug 10",DET,@,SFG,L,1.0,3.0,D,-3
"Sunday, Aug 11",DET,@,SFG,W,5.0,4.0,D,1
"Tuesday, Aug 13",DET,Home,SEA,W,15.0,1.0,N,2
"Wednesday, Aug 14",DET,Home,SEA,W-wo,3.0,2.0,N,3
"Thursday, Aug 15",DET,Home,SEA,W,2.0,1.0,D,4
"Tuesday, Aug 20",DET,@,CHC,L,1.0,3.0,N,-1
"Wednesday, Aug 21",DET,@,CHC,W,8.0,2.0,N,1
"Thursday, Aug 22",DET,@,CHC,L,2.0,10.0,D,-1
"Tuesday, Aug 27",DET,Home,LAA,W,6.0,2.0,N,5
"Wednesday, Aug 28",DET,Home,LAA,W,3.0,2.0,N,6
"Thursday, Aug 29",DET,Home,LAA,L,0.0,3.0,D,-1
"Monday, Sep 2",DET,@,SDP,L,0.0,3.0,D,-1
"Wednesday, Sep 4",DET,@,SDP,L-wo,5.0,6.0,N,-2
"Thursday, Sep 5",DET,@,SDP,W,4.0,3.0,N,1
"Friday, Sep 6",DET,@,OAK,L-wo,6.0,7.0,N,-1
"Saturday, Sep 7",DET,@,OAK,W,2.0,1.0,D,1
"Sunday, Sep 8",DET,@,OAK,W,9.0,1.0,D,2
"Tuesday, Sep 10",DET,Home,COL,W,11.0,0.0,N,3
"Wednesday, Sep 11",DET,Home,COL,W,7.0,4.0,N,4
"Thursday, Sep 12",DET,Home,COL,L,2.0,4.0,D,-1
"Monday, Sep 16",DET,@,KCR,W,7.0,6.0,N,2
"Tuesday, Sep 17",DET,@,KCR,W,3.0,1.0,N,3
"Wednesday, Sep 18",DET,@,KCR,W,4.0,2.0,N,4
"Thursday, Mar 28",KCR,Home,MIN,L,1.0,4.0,D,-1
"Saturday, Mar 30",KCR,Home,MIN,L,1.0,5.0,D,-2
"Sunday, Mar 31",KCR,Home,MIN,W,11.0,0.0,D,1
"Tuesday, Apr 9",KCR,Home,HOU,W-wo,4.0,3.0,N,5
"Wednesday, Apr 10",KCR,Home,HOU,W,11.0,2.0,N,6
"Thursday, Apr 11",KCR,Home,HOU,W,13.0,3.0,D,7
"Friday, Apr 12",KCR,@,NYM,L,1.0,6.0,N,-1
"Saturday, Apr 13",KCR,@,NYM,W,11.0,7.0,D,1
"Sunday, Apr 14",KCR,@,NYM,L,1.0,2.0,D,-1
"Friday, May 3",KCR,Home,TEX,W,7.0,1.0,N,3
"Saturday, May 4",KCR,Home,TEX,L,4.0,15.0,N,-1
"Sunday, May 5",KCR,Home,TEX,L,2.0,3.0,D,-2
"Monday, May 6",KCR,Home,MIL,W,3.0,2.0,N,1
"Tuesday, May 7",KCR,Home,MIL,L,5.0,6.0,N,-1
"Wednesday, May 8",KCR,Home,MIL,W,6.0,4.0,D,1
"Thursday, May 9",KCR,@,LAA,W,10.0,4.0,N,2
"Friday, May 10",KCR,@,LAA,W,2.0,1.0,N,3
"Saturday, May 11",KCR,@,LAA,L,3.0,9.0,N,-1
"Sunday, May 12",KCR,@,LAA,W,4.0,2.0,D,1
"Monday, May 13",KCR,@,SEA,L,2.0,6.0,N,-1
"Tuesday, May 14",KCR,@,SEA,W,4.0,2.0,N,1
"Wednesday, May 15",KCR,@,SEA,L,2.0,4.0,D,-1
"Friday, May 17",KCR,Home,OAK,W,6.0,2.0,N,1
"Saturday, May 18",KCR,Home,OAK,W,5.0,3.0,N,2
"Sunday, May 19",KCR,Home,OAK,W,8.0,4.0,D,3
"Monday, May 27",KCR,@,MIN,L,5.0,6.0,D,-2
"Tuesday, May 28",KCR,@,MIN,L,2.0,4.0,N,-3
"Wednesday, May 29",KCR,@,MIN,W,6.0,1.0,N,1
"Thursday, May 30",KCR,@,MIN,L,6.0,7.0,D,-1
"Friday, May 31",KCR,Home,SDP,L,8.0,11.0,N,-2
"Saturday, Jun 1",KCR,Home,SDP,L,3.0,7.0,D,-3
"Sunday, Jun 2",KCR,Home,SDP,W-wo,4.0,3.0,D,1
"Friday, Jun 7",KCR,Home,SEA,W-wo,10.0,9.0,N,2
"Saturday, Jun 8",KCR,Home,SEA,W,8.0,4.0,D,3
"Sunday, Jun 9",KCR,Home,SEA,L,5.0,6.0,D,-1
"Friday, Jun 14",KCR,@,LAD,L,3.0,4.0,N,-1
"Saturday, Jun 15",KCR,@,LAD,W,7.0,2.0,N,1
"Sunday, Jun 16",KCR,@,LAD,L,0.0,3.0,D,-1
"Tuesday, Jun 18",KCR,@,OAK,L,5.0,7.0,N,-2
"Wednesday, Jun 19",KCR,@,OAK,L,1.0,5.0,N,-3
"Thursday, Jun 20",KCR,@,OAK,W,3.0,2.0,D,1
"Friday, Jun 21",KCR,@,TEX,L,2.0,6.0,N,-1
"Saturday, Jun 22",KCR,@,TEX,L,0.0,6.0,D,-2
"Sunday, Jun 23",KCR,@,TEX,L,0.0,4.0,D,-3
"Monday, Jun 24",KCR,Home,MIA,W,4.0,1.0,N,1
"Tuesday, Jun 25",KCR,Home,MIA,L,1.0,2.0,N,-1
"Wednesday, Jun 26",KCR,Home,MIA,W,5.0,1.0,D,1
"Friday, Jul 5",KCR,@,COL,L,2.0,4.0,N,-2
"Saturday, Jul 6",KCR,@,COL,L,1.0,3.0,N,-3
"Sunday, Jul 7",KCR,@,COL,W,10.0,1.0,D,1
"Wednesday, Jul 10 (1)",KCR,@,STL,W,6.0,4.0,D,2
"Wednesday, Jul 10 (2)",KCR,@,STL,W,8.0,5.0,N,3
"Monday, Jul 22",KCR,Home,ARI,W,10.0,4.0,N,4
"Tuesday, Jul 23",KCR,Home,ARI,L,2.0,6.0,N,-1
"Wednesday, Jul 24",KCR,Home,ARI,L,6.0,8.0,N,-2
"Friday, Jul 26",KCR,Home,CHC,W,6.0,0.0,N,1
"Saturday, Jul 27",KCR,Home,CHC,L,4.0,9.0,N,-1
"Sunday, Jul 28",KCR,Home,CHC,L,3.0,7.0,D,-2
"Friday, Aug 9",KCR,Home,STL,L,5.0,8.0,N,-1
"Saturday, Aug 10",KCR,Home,STL,W,8.0,3.0,N,1
"Monday, Aug 12",KCR,@,MIN,L,3.0,8.0,N,-1
"Tuesday, Aug 13",KCR,@,MIN,L,3.0,13.0,N,-2
"Wednesday, Aug 14",KCR,@,MIN,W,4.0,1.0,D,1
"Friday, Aug 16",KCR,@,CIN,W,7.0,1.0,N,2
"Saturday, Aug 17",KCR,@,CIN,W,13.0,1.0,N,3
"Sunday, Aug 18",KCR,@,CIN,W,8.0,1.0,D,4
"Monday, Aug 19",KCR,Home,LAA,W,5.0,3.0,N,5
"Tuesday, Aug 20",KCR,Home,LAA,L,5.0,9.0,N,-1
"Wednesday, Aug 21",KCR,Home,LAA,W,3.0,0.0,N,1
"Friday, Aug 23",KCR,Home,PHI,W,7.0,4.0,N,2
"Saturday, Aug 24",KCR,Home,PHI,L,2.0,11.0,N,-1
"Sunday, Aug 25",KCR,Home,PHI,L,3.0,11.0,D,-2
"Thursday, Aug 29",KCR,@,HOU,L,3.0,6.0,N,-2
"Friday, Aug 30",KCR,@,HOU,L-wo,2.0,3.0,N,-3
"Saturday, Aug 31",KCR,@,HOU,L,2.0,5.0,N,-4
"Sunday, Sep 1",KCR,@,HOU,L,2.0,7.0,D,-5
"Friday, Sep 6",KCR,Home,MIN,W,5.0,0.0,N,2
"Saturday, Sep 7",KCR,Home,MIN,W,4.0,2.0,N,3
"Sunday, Sep 8",KCR,Home,MIN,W,2.0,0.0,D,4
"Friday, Sep 13",KCR,@,PIT,W,8.0,3.0,N,1
"Saturday, Sep 14",KCR,@,PIT,W,5.0,1.0,D,2
"Sunday, Sep 15",KCR,@,PIT,L,3.0,4.0,D,-1
"Friday, Sep 20",KCR,Home,SFG,L,1.0,2.0,N,-5
"Saturday, Sep 21",KCR,Home,SFG,L,0.0,9.0,D,-6
"Sunday, Sep 22",KCR,Home,SFG,L,0.0,2.0,D,-7
"Tuesday, Sep 24",KCR,@,WSN,W,1.0,0.0,N,1
"Wednesday, Sep 25",KCR,@,WSN,W,3.0,0.0,N,2
"Thursday, Sep 26",KCR,@,WSN,W,7.0,4.0,D,3
"Friday, Sep 27",KCR,@,ATL,L,0.0,3.0,N,-1
"Saturday, Sep 28",KCR,@,ATL,L-wo,1.0,2.0,N,-2
"Sunday, Sep 29",KCR,@,ATL,W,4.0,2.0,D,1
"Tuesday, Apr 2",MIN,@,MIL,L,2.0,3.0,D,-2
"Wednesday, Apr 3",MIN,@,MIL,W,7.0,3.0,D,1
"Monday, Apr 8",MIN,Home,LAD,L,2.0,4.0,N,-3
"Tuesday, Apr 9",MIN,Home,LAD,L,3.0,6.0,N,-4
"Wednesday, Apr 10",MIN,Home,LAD,W,3.0,2.0,D,1
"Friday, Apr 26",MIN,@,LAA,W,5.0,3.0,N,5
"Saturday, Apr 27",MIN,@,LAA,W,16.0,5.0,N,6
"Sunday, Apr 28",MIN,@,LAA,W,11.0,5.0,D,7
"Monday, May 6",MIN,Home,SEA,W,3.0,1.0,N,1
"Tuesday, May 7",MIN,Home,SEA,L,6.0,10.0,N,-1
"Wednesday, May 8",MIN,Home,SEA,W,6.0,3.0,N,1
"Thursday, May 9",MIN,Home,SEA,W,11.0,1.0,D,2
"Monday, May 20",MIN,@,WSN,L,3.0,12.0,N,-7
"Tuesday, May 21",MIN,@,WSN,W,10.0,0.0,N,1
"Wednesday, May 22",MIN,@,WSN,W,3.0,2.0,D,2
"Friday, May 24",MIN,Home,TEX,W,3.0,2.0,N,3
"Saturday, May 25",MIN,Home,TEX,W,5.0,3.0,D,4
"Sunday, May 26",MIN,Home,TEX,L,2.0,6.0,D,-1
"Friday, May 31",MIN,@,HOU,W,6.0,1.0,N,2
"Saturday, Jun 1",MIN,@,HOU,L,2.0,5.0,D,-1
"Sunday, Jun 2",MIN,@,HOU,W,4.0,3.0,D,1
"Friday, Jun 7",MIN,@,PIT,L,0.0,3.0,N,-4
"Saturday, Jun 8",MIN,@,PIT,L,0.0,4.0,D,-5
"Sunday, Jun 9",MIN,@,PIT,W,11.0,5.0,D,1
"Monday, Jun 10",MIN,Home,COL,W,5.0,0.0,N,2
"Tuesday, Jun 11",MIN,Home,COL,L,4.0,5.0,N,-1
"Wednesday, Jun 12",MIN,Home,COL,W,17.0,9.0,D,1
"Thursday, Jun 13",MIN,Home,OAK,W,6.0,2.0,N,2
"Friday, Jun 14",MIN,Home,OAK,W-wo,6.0,5.0,N,3
"Sunday, Jun 16 (1)",MIN,Home,OAK,W,6.0,2.0,D,4
"Sunday, Jun 16 (2)",MIN,Home,OAK,W,8.0,7.0,N,5
"Friday, Jun 21",MIN,@,OAK,L,5.0,6.0,N,-3
"Saturday, Jun 22",MIN,@,OAK,W,10.0,2.0,D,1
"Sunday, Jun 23",MIN,@,OAK,W,3.0,0.0,D,2
"Tuesday, Jun 25",MIN,@,ARI,L,4.0,5.0,N,-1
"Wednesday, Jun 26",MIN,@,ARI,W,8.0,3.0,N,1
"Thursday, Jun 27",MIN,@,ARI,W,13.0,6.0,D,2
"Friday, Jun 28",MIN,@,SEA,L-wo,2.0,3.0,N,-1
"Saturday, Jun 29",MIN,@,SEA,W,5.0,1.0,N,1
"Sunday, Jun 30",MIN,@,SEA,W,5.0,3.0,D,2
"Friday, Jul 5",MIN,Home,HOU,L,12.0,13.0,N,-1
"Saturday, Jul 6",MIN,Home,HOU,W,9.0,3.0,D,1
"Sunday, Jul 7",MIN,Home,HOU,W-wo,3.0,2.0,D,2
"Friday, Jul 12",MIN,@,SFG,L,1.0,7.0,N,-1
"Saturday, Jul 13",MIN,@,SFG,W,4.0,2.0,D,1
"Sunday, Jul 14",MIN,@,SFG,L-wo,2.0,3.0,D,-1
"Saturday, Jul 20",MIN,Home,MIL,L,4.0,8.0,N,-2
"Sunday, Jul 21",MIN,Home,MIL,L,7.0,8.0,D,-3
"Monday, Jul 22",MIN,Home,PHI,W,7.0,2.0,N,1
"Tuesday, Jul 23",MIN,Home,PHI,L,0.0,3.0,N,-1
"Wednesday, Jul 24",MIN,Home,PHI,W-wo,5.0,4.0,D,1
"Monday, Jul 29",MIN,@,NYM,L,2.0,15.0,N,-1
"Tuesday, Jul 30",MIN,@,NYM,L,0.0,2.0,N,-2
"Wednesday, Jul 31",MIN,@,NYM,W,8.0,3.0,D,1
"Monday, Aug 5",MIN,@,CHC,W,3.0,0.0,N,5
"Tuesday, Aug 6",MIN,@,CHC,L,3.0,7.0,N,-1
"Wednesday, Aug 7",MIN,@,CHC,L,2.0,8.0,D,-2
"Thursday, Aug 15",MIN,@,TEX,W,3.0,2.0,N,1
"Friday, Aug 16",MIN,@,TEX,W,4.0,3.0,N,2
"Saturday, Aug 17",MIN,@,TEX,W,5.0,2.0,N,3
"Sunday, Aug 18",MIN,@,TEX,L-wo,5.0,6.0,D,-1
"Monday, Aug 19",MIN,@,SDP,L,3.0,5.0,N,-2
"Tuesday, Aug 20",MIN,@,SDP,L,5.0,7.0,N,-3
"Wednesday, Aug 21",MIN,@,SDP,W,11.0,4.0,D,1
"Friday, Aug 23",MIN,Home,STL,L,1.0,6.0,N,-1
"Saturday, Aug 24",MIN,Home,STL,W,6.0,0.0,N,1
"Sunday, Aug 25",MIN,Home,STL,L,2.0,3.0,D,-1
"Monday, Aug 26",MIN,Home,ATL,L,6.0,10.0,N,-2
"Tuesday, Aug 27",MIN,Home,ATL,L,6.0,8.0,N,-3
"Wednesday, Aug 28",MIN,Home,ATL,L,1.0,5.0,N,-4
"Monday, Sep 9",MIN,Home,LAA,L,2.0,6.0,N,-4
"Tuesday, Sep 10",MIN,Home,LAA,W,10.0,5.0,N,1
"Wednesday, Sep 11",MIN,Home,LAA,W,6.0,4.0,N,2
"Friday, Sep 13",MIN,Home,CIN,L,4.0,8.0,N,-1
"Saturday, Sep 14",MIN,Home,CIN,L,1.0,11.0,N,-2
"Sunday, Sep 15",MIN,Home,CIN,W,9.0,2.0,D,1
"Tuesday, Sep 24",MIN,Home,MIA,L,1.0,4.0,N,-3
"Wednesday, Sep 25",MIN,Home,MIA,W,8.0,3.0,N,1
"Thursday, Sep 26",MIN,Home,MIA,L,6.0,8.0,N,-1
"Friday, Apr 5",HOU,@,TEX,L,2.0,10.0,N,-1
"Saturday, Apr 6",HOU,@,TEX,L,2.0,7.0,N,-2
"Sunday, Apr 7",HOU,@,TEX,W,3.0,1.0,N,1
"Monday, Apr 8",HOU,@,TEX,W,10.0,5.0,N,2
"Friday, Apr 12",HOU,Home,TEX,L,8.0,12.0,N,-4
"Saturday, Apr 13",HOU,Home,TEX,W,9.0,2.0,D,1
"Sunday, Apr 14",HOU,Home,TEX,W,8.0,5.0,D,2
"Monday, Apr 15",HOU,Home,ATL,L,1.0,6.0,N,-1
"Tuesday, Apr 16",HOU,Home,ATL,L,2.0,6.0,N,-2
"Wednesday, Apr 17",HOU,Home,ATL,L,4.0,5.0,D,-3
"Friday, Apr 19",HOU,@,WSN,W,5.0,3.0,N,1
"Saturday, Apr 20",HOU,@,WSN,L-wo,4.0,5.0,D,-1
"Sunday, Apr 21",HOU,@,WSN,L,0.0,6.0,D,-2
"Tuesday, Apr 23",HOU,@,CHC,L,2.0,7.0,N,-3
"Wednesday, Apr 24",HOU,@,CHC,L,3.0,4.0,N,-4
"Thursday, Apr 25",HOU,@,CHC,L,1.0,3.0,D,-5
"Saturday, Apr 27",HOU,@,COL,W,12.0,4.0,N,1
"Sunday, Apr 28",HOU,@,COL,W,8.0,2.0,D,2
"Friday, May 3",HOU,Home,SEA,W,5.0,3.0,N,2
"Saturday, May 4",HOU,Home,SEA,L,0.0,5.0,N,-1
"Sunday, May 5",HOU,Home,SEA,L,4.0,5.0,D,-2
"Monday, May 13",HOU,Home,OAK,W,9.0,2.0,N,2
"Tuesday, May 14",HOU,Home,OAK,W-wo,2.0,1.0,N,3
"Wednesday, May 15",HOU,Home,OAK,W,3.0,0.0,N,4
"Thursday, May 16",HOU,Home,OAK,W,8.0,1.0,N,5
"Friday, May 17",HOU,Home,MIL,W,5.0,4.0,N,6
"Saturday, May 18",HOU,Home,MIL,L,2.0,4.0,N,-1
"Sunday, May 19",HOU,Home,MIL,W,9.0,4.0,D,1
"Monday, May 20",HOU,Home,LAA,L,7.0,9.0,N,-1
"Tuesday, May 21",HOU,Home,LAA,W-wo,6.0,5.0,N,1
"Wednesday, May 22",HOU,Home,LAA,L,1.0,2.0,D,-1
"Friday, May 24",HOU,@,OAK,W,6.0,3.0,N,1
"Saturday, May 25",HOU,@,OAK,L,1.0,3.0,D,-1
"Sunday, May 26",HOU,@,OAK,W,5.0,2.0,D,1
"Monday, May 27",HOU,@,SEA,L,2.0,3.0,N,-1
"Tuesday, May 28",HOU,@,SEA,L,2.0,4.0,N,-2
"Wednesday, May 29",HOU,@,SEA,L-wo,1.0,2.0,N,-3
"Thursday, May 30",HOU,@,SEA,W,4.0,0.0,D,1
"Monday, Jun 3",HOU,Home,STL,W,7.0,4.0,N,1
"Tuesday, Jun 4",HOU,Home,STL,W,8.0,5.0,N,2
"Wednesday, Jun 5",HOU,Home,STL,L,2.0,4.0,D,-1
"Friday, Jun 7",HOU,@,LAA,W,7.0,1.0,N,1
"Saturday, Jun 8",HOU,@,LAA,W,6.0,1.0,N,2
"Sunday, Jun 9",HOU,@,LAA,L-wo,7.0,9.0,D,-1
"Monday, Jun 10",HOU,@,SFG,L-wo,3.0,4.0,N,-2
"Tuesday, Jun 11",HOU,@,SFG,W,3.0,1.0,N,1
"Wednesday, Jun 12",HOU,@,SFG,L,3.0,5.0,D,-1
"Tuesday, Jun 25",HOU,Home,COL,W,5.0,2.0,N,6
"Wednesday, Jun 26",HOU,Home,COL,W,7.0,1.0,D,7
"Friday, Jun 28",HOU,@,NYM,L,2.0,7.0,N,-1
"Saturday, Jun 29",HOU,@,NYM,W,9.0,6.0,D,1
"Sunday, Jun 30",HOU,@,NYM,W,10.0,5.0,D,2
"Tuesday, Jul 9",HOU,Home,MIA,W,4.0,3.0,N,1
"Wednesday, Jul 10",HOU,Home,MIA,W,9.0,1.0,N,2
"Thursday, Jul 11",HOU,Home,MIA,W,6.0,3.0,N,3
"Friday, Jul 12",HOU,Home,TEX,W,6.0,3.0,N,4
"Saturday, Jul 13",HOU,Home,TEX,L,1.0,2.0,D,-1
"Sunday, Jul 14",HOU,Home,TEX,L,2.0,4.0,D,-2
"Friday, Jul 19",HOU,@,SEA,W,3.0,0.0,N,1
"Saturday, Jul 20",HOU,@,SEA,W,4.0,2.0,N,2
"Sunday, Jul 21",HOU,@,SEA,L,4.0,6.0,D,-1
"Monday, Jul 22",HOU,@,OAK,L,0.0,4.0,N,-2
"Tuesday, Jul 23",HOU,@,OAK,L,2.0,8.0,N,-3
"Wednesday, Jul 24",HOU,@,OAK,W,8.0,1.0,D,1
"Friday, Jul 26",HOU,Home,LAD,W,5.0,0.0,N,2
"Saturday, Jul 27",HOU,Home,LAD,W-wo,7.0,6.0,N,3
"Sunday, Jul 28",HOU,Home,LAD,L,2.0,6.0,D,-1
"Monday, Jul 29",HOU,Home,PIT,L,3.0,5.0,N,-2
"Tuesday, Jul 30",HOU,Home,PIT,L,2.0,6.0,N,-3
"Wednesday, Jul 31",HOU,Home,PIT,W,5.0,4.0,N,1
"Monday, Aug 5",HOU,@,TEX,L-wo,3.0,4.0,N,-3
"Tuesday, Aug 6",HOU,@,TEX,W,4.0,2.0,N,1
"Wednesday, Aug 7",HOU,@,TEX,W,6.0,4.0,D,2
"Monday, Aug 26",HOU,@,PHI,L-wo,2.0,3.0,N,-1
"Tuesday, Aug 27",HOU,@,PHI,L,0.0,5.0,N,-2
"Wednesday, Aug 28",HOU,@,PHI,W,10.0,0.0,D,1
"Monday, Sep 2",HOU,@,CIN,L,3.0,5.0,D,-1
"Wednesday, Sep 4",HOU,@,CIN,L,5.0,12.0,N,-2
"Thursday, Sep 5",HOU,@,CIN,L,0.0,1.0,D,-3
"Friday, Sep 6",HOU,Home,ARI,W,8.0,0.0,N,1
"Saturday, Sep 7",HOU,Home,ARI,W,11.0,5.0,D,2
"Sunday, Sep 8",HOU,Home,ARI,L,6.0,12.0,N,-1
"Tuesday, Sep 10",HOU,Home,OAK,L,3.0,4.0,N,-2
"Wednesday, Sep 11",HOU,Home,OAK,L,4.0,5.0,N,-3
"Thursday, Sep 12",HOU,Home,OAK,W,6.0,3.0,D,1
"Friday, Sep 13",HOU,@,LAA,W,5.0,3.0,N,2
"Saturday, Sep 14",HOU,@,LAA,W,5.0,3.0,N,3
"Sunday, Sep 15",HOU,@,LAA,W,6.0,4.0,D,4
"Monday, Sep 16",HOU,@,SDP,L,1.0,3.0,N,-1
"Tuesday, Sep 17",HOU,@,SDP,W,4.0,3.0,N,1
"Wednesday, Sep 18",HOU,@,SDP,L,0.0,4.0,D,-1
"Thursday, Sep 19",HOU,Home,LAA,W,3.0,1.0,N,1
"Friday, Sep 20",HOU,Home,LAA,W,9.0,7.0,N,2
"Saturday, Sep 21",HOU,Home,LAA,W,10.0,4.0,N,3
"Sunday, Sep 22",HOU,Home,LAA,L,8.0,9.0,D,-1
"Monday, Sep 23",HOU,Home,SEA,L,1.0,6.0,N,-2
"Tuesday, Sep 24",HOU,Home,SEA,W,4.0,3.0,N,1
"Wednesday, Sep 25",HOU,Home,SEA,L,1.0,8.0,D,-1
"Monday, Apr 1",LAA,@,MIA,W,7.0,4.0,N,2
"Tuesday, Apr 2",LAA,@,MIA,W,3.0,1.0,N,3
"Wednesday, Apr 3",LAA,@,MIA,W,10.0,2.0,D,4
"Friday, Apr 19",LAA,@,CIN,L,1.0,7.0,N,-2
"Saturday, Apr 20",LAA,@,CIN,L,5.0,7.0,N,-3
"Sunday, Apr 21",LAA,@,CIN,L,0.0,3.0,D,-4
"Monday, Apr 29",LAA,Home,PHI,W,6.0,5.0,N,1
"Tuesday, Apr 30",LAA,Home,PHI,L,5.0,7.0,N,-1
"Wednesday, May 1",LAA,Home,PHI,L,1.0,2.0,D,-2
"Monday, May 6",LAA,@,PIT,L,1.0,4.0,N,-3
"Tuesday, May 7",LAA,@,PIT,W,9.0,0.0,N,1
"Wednesday, May 8",LAA,@,PIT,W,5.0,4.0,D,2
"Monday, May 13",LAA,Home,STL,L,5.0,10.0,N,-2
"Tuesday, May 14",LAA,Home,STL,L,6.0,7.0,N,-3
"Wednesday, May 15",LAA,Home,STL,W,7.0,2.0,N,1
"Friday, May 17",LAA,@,TEX,W,9.0,3.0,N,2
"Saturday, May 18",LAA,@,TEX,L-wo,2.0,3.0,N,-1
"Sunday, May 19",LAA,@,TEX,W,4.0,1.0,D,1
"Friday, May 31",LAA,@,SEA,L,4.0,5.0,N,-3
"Saturday, Jun 1",LAA,@,SEA,L,0.0,9.0,D,-4
"Sunday, Jun 2",LAA,@,SEA,L,1.0,5.0,D,-5
"Monday, Jun 3",LAA,Home,SDP,W,2.0,1.0,N,1
"Tuesday, Jun 4",LAA,Home,SDP,W,4.0,2.0,N,2
"Wednesday, Jun 5",LAA,Home,SDP,W,3.0,2.0,N,3
"Tuesday, Jun 11",LAA,@,ARI,L,4.0,9.0,N,-1
"Wednesday, Jun 12",LAA,@,ARI,W,8.0,3.0,N,1
"Thursday, Jun 13",LAA,@,ARI,L,1.0,11.0,N,-1
"Friday, Jun 14",LAA,@,SFG,W,8.0,6.0,N,1
"Saturday, Jun 15",LAA,@,SFG,W,4.0,3.0,D,2
"Sunday, Jun 16",LAA,@,SFG,L,6.0,13.0,D,-1
"Monday, Jun 17",LAA,Home,MIL,W,5.0,3.0,N,1
"Tuesday, Jun 18",LAA,Home,MIL,L,3.0,6.0,N,-1
"Wednesday, Jun 19",LAA,Home,MIL,L,0.0,2.0,N,-2
"Friday, Jun 21",LAA,@,LAD,W,3.0,2.0,N,1
"Saturday, Jun 22",LAA,@,LAD,L,2.0,7.0,N,-1
"Monday, Jun 24",LAA,Home,OAK,W,5.0,1.0,N,1
"Tuesday, Jun 25",LAA,Home,OAK,W,7.0,5.0,N,2
"Wednesday, Jun 26",LAA,Home,OAK,W,5.0,2.0,D,3
"Tuesday, Jul 2",LAA,@,OAK,L,5.0,7.0,N,-2
"Wednesday, Jul 3",LAA,@,OAK,L,0.0,5.0,N,-3
"Thursday, Jul 4",LAA,@,OAK,L,0.0,5.0,D,-4
"Friday, Jul 5",LAA,@,CHC,L,1.0,5.0,D,-5
"Saturday, Jul 6",LAA,@,CHC,W,7.0,0.0,D,1
"Sunday, Jul 7",LAA,@,CHC,L,0.0,5.0,D,-1
"Monday, Jul 8",LAA,Home,TEX,L,4.0,9.0,N,-2
"Tuesday, Jul 9",LAA,Home,TEX,L,4.0,5.0,N,-3
"Wednesday, Jul 10",LAA,Home,TEX,W,7.0,2.0,N,1
"Thursday, Jul 11",LAA,Home,SEA,L,0.0,11.0,N,-1
"Friday, Jul 12",LAA,Home,SEA,W-wo,6.0,5.0,N,1
"Saturday, Jul 13",LAA,Home,SEA,W,2.0,1.0,N,2
"Sunday, Jul 14",LAA,Home,SEA,W,3.0,2.0,D,3
"Friday, Jul 19",LAA,@,OAK,L,3.0,13.0,N,-1
"Saturday, Jul 20",LAA,@,OAK,L,2.0,8.0,D,-2
"Sunday, Jul 21",LAA,@,OAK,W,8.0,5.0,D,1
"Monday, Jul 22",LAA,@,SEA,W,3.0,1.0,N,2
"Tuesday, Jul 23",LAA,@,SEA,W,5.0,1.0,N,3
"Wednesday, Jul 24",LAA,@,SEA,W,2.0,1.0,D,4
"Thursday, Jul 25",LAA,Home,OAK,L,5.0,6.0,N,-1
"Friday, Jul 26",LAA,Home,OAK,L,4.0,5.0,N,-2
"Saturday, Jul 27",LAA,Home,OAK,L,1.0,3.0,N,-3
"Sunday, Jul 28",LAA,Home,OAK,W,8.0,6.0,D,1
"Tuesday, Jul 30",LAA,Home,COL,W,10.0,7.0,N,2
"Wednesday, Jul 31",LAA,Home,COL,L,1.0,2.0,N,-1
"Thursday, Aug 1",LAA,Home,COL,L,4.0,5.0,N,-2
"Friday, Aug 2",LAA,Home,NYM,L,1.0,5.0,N,-3
"Saturday, Aug 3",LAA,Home,NYM,W,5.0,4.0,N,1
"Sunday, Aug 4",LAA,Home,NYM,W,3.0,2.0,D,2
"Friday, Aug 9",LAA,@,WSN,L-wo,2.0,3.0,N,-1
"Saturday, Aug 10",LAA,@,WSN,L-wo,4.0,5.0,N,-2
"Sunday, Aug 11",LAA,@,WSN,W,6.0,4.0,D,1
"Friday, Aug 16",LAA,Home,ATL,W,3.0,2.0,N,1
"Saturday, Aug 17",LAA,Home,ATL,L,3.0,11.0,N,-1
"Sunday, Aug 18",LAA,Home,ATL,L,1.0,3.0,D,-2
"Friday, Aug 30",LAA,Home,SEA,L,5.0,9.0,N,-1
"Saturday, Aug 31",LAA,Home,SEA,W-wo,5.0,4.0,N,1
"Sunday, Sep 1",LAA,Home,SEA,W,3.0,2.0,D,2
"Tuesday, Sep 3",LAA,Home,LAD,L,2.0,6.0,N,-1
"Wednesday, Sep 4",LAA,Home,LAD,W,10.0,1.0,N,1
"Thursday, Sep 5",LAA,@,TEX,L,1.0,3.0,N,-1
"Friday, Sep 6",LAA,@,TEX,W,5.0,1.0,N,1
"Saturday, Sep 7",LAA,@,TEX,L,4.0,6.0,N,-1
"Sunday, Sep 8",LAA,@,TEX,L,4.0,7.0,D,-2
"Friday, Sep 27",LAA,Home,TEX,L,2.0,5.0,N,-4
"Saturday, Sep 28",LAA,Home,TEX,L,8.0,9.0,N,-5
"Sunday, Sep 29",LAA,Home,TEX,L,0.0,8.0,D,-6
"Tuesday, Apr 9",OAK,@,TEX,W,4.0,3.0,N,3
"Wednesday, Apr 10",OAK,@,TEX,L,2.0,6.0,N,-1
"Thursday, Apr 11",OAK,@,TEX,W,1.0,0.0,D,1
"Friday, Apr 12",OAK,Home,WSN,W-wo,2.0,1.0,N,2
"Saturday, Apr 13",OAK,Home,WSN,L,1.0,3.0,D,-1
"Sunday, Apr 14",OAK,Home,WSN,W,7.0,6.0,D,1
"Monday, Apr 15",OAK,Home,STL,L,1.0,3.0,N,-1
"Tuesday, Apr 16",OAK,Home,STL,L,2.0,3.0,N,-2
"Wednesday, Apr 17",OAK,Home,STL,W,6.0,3.0,D,1
"Monday, Apr 29",OAK,Home,PIT,W,5.0,1.0,N,2
"Tuesday, Apr 30",OAK,Home,PIT,W,5.0,2.0,N,3
"Wednesday, May 1",OAK,Home,PIT,W,4.0,0.0,D,4
"Friday, May 3",OAK,Home,MIA,W,3.0,1.0,N,5
"Saturday, May 4",OAK,Home,MIA,W,20.0,4.0,D,6
"Sunday, May 5",OAK,Home,MIA,L,3.0,12.0,D,-1
"Monday, May 6",OAK,Home,TEX,L,2.0,4.0,N,-2
"Tuesday, May 7",OAK,Home,TEX,L,8.0,15.0,D,-3
"Wednesday, May 8 (1)",OAK,Home,TEX,W,9.0,4.0,D,1
"Wednesday, May 8 (2)",OAK,Home,TEX,L,11.0,12.0,D,-1
"Friday, May 10",OAK,@,SEA,L,1.0,8.0,N,-2
"Saturday, May 11",OAK,@,SEA,W,8.0,1.0,N,1
"Sunday, May 12",OAK,@,SEA,L,4.0,8.0,D,-1
"Tuesday, May 21",OAK,Home,COL,W,5.0,4.0,N,1
"Wednesday, May 22",OAK,Home,COL,L,3.0,4.0,N,-1
"Thursday, May 23",OAK,Home,COL,W-wo,10.0,9.0,D,1
"Friday, May 31",OAK,@,ATL,L,2.0,4.0,N,-3
"Saturday, Jun 1",OAK,@,ATL,W,11.0,9.0,D,1
"Sunday, Jun 2",OAK,@,ATL,L,1.0,3.0,D,-1
"Tuesday, Jun 4",OAK,Home,SEA,L,3.0,4.0,N,-2
"Wednesday, Jun 5",OAK,Home,SEA,W,2.0,1.0,N,1
"Thursday, Jun 6",OAK,Home,SEA,L,0.0,3.0,D,-1
"Monday, Jun 10",OAK,@,SDP,L,1.0,6.0,N,-3
"Tuesday, Jun 11",OAK,@,SDP,L-wo,3.0,4.0,N,-4
"Wednesday, Jun 12",OAK,@,SDP,L-wo,4.0,5.0,D,-5
"Friday, Jun 28",OAK,@,ARI,W,9.0,4.0,N,1
"Saturday, Jun 29",OAK,@,ARI,L,0.0,3.0,D,-1
"Sunday, Jun 30",OAK,@,ARI,L,1.0,5.0,D,-2
"Friday, Jul 12",OAK,@,PHI,W,6.0,2.0,N,1
"Saturday, Jul 13",OAK,@,PHI,L,5.0,11.0,D,-1
"Sunday, Jul 14",OAK,@,PHI,W,18.0,3.0,D,1
"Tuesday, Jul 30",OAK,@,SFG,W,5.0,2.0,N,1
"Wednesday, Jul 31",OAK,@,SFG,L,0.0,1.0,N,-1
"Friday, Aug 2",OAK,Home,LAD,W,6.0,5.0,N,1
"Saturday, Aug 3",OAK,Home,LAD,L,0.0,10.0,N,-1
"Sunday, Aug 4",OAK,Home,LAD,L,2.0,3.0,D,-2
"Tuesday, Aug 13",OAK,@,NYM,W,9.0,4.0,N,3
"Wednesday, Aug 14",OAK,@,NYM,L,1.0,9.0,N,-1
"Thursday, Aug 15",OAK,@,NYM,W,7.0,6.0,D,1
"Saturday, Aug 17",OAK,Home,SFG,W,2.0,0.0,D,2
"Sunday, Aug 18",OAK,Home,SFG,L,2.0,4.0,D,-1
"Friday, Aug 23",OAK,Home,MIL,L,3.0,11.0,N,-1
"Saturday, Aug 24",OAK,Home,MIL,L,5.0,9.0,D,-2
"Sunday, Aug 25",OAK,Home,MIL,W,4.0,3.0,D,1
"Tuesday, Aug 27",OAK,@,CIN,W,5.0,4.0,N,2
"Wednesday, Aug 28",OAK,@,CIN,W,9.0,6.0,N,3
"Thursday, Aug 29",OAK,@,CIN,L-wo,9.0,10.0,N,-1
"Friday, Aug 30",OAK,@,TEX,W,9.0,2.0,N,1
"Saturday, Aug 31",OAK,@,TEX,L-wo,2.0,3.0,N,-1
"Sunday, Sep 1",OAK,@,TEX,L-wo,4.0,6.0,D,-2
"Monday, Sep 2",OAK,Home,SEA,W-wo,5.0,4.0,D,1
"Tuesday, Sep 3",OAK,Home,SEA,W-wo,3.0,2.0,N,2
"Wednesday, Sep 4",OAK,Home,SEA,L,3.0,16.0,N,-1
"Thursday, Sep 5",OAK,Home,SEA,L,4.0,6.0,D,-2
"Monday, Sep 16",OAK,@,CHC,L,2.0,9.0,N,-3
"Tuesday, Sep 17",OAK,@,CHC,W,4.0,3.0,N,1
"Wednesday, Sep 18",OAK,@,CHC,W,5.0,3.0,D,2
"Tuesday, Sep 24",OAK,Home,TEX,W-wo,5.0,4.0,N,1
"Wednesday, Sep 25",OAK,Home,TEX,L,1.0,5.0,N,-1
"Thursday, Sep 26",OAK,Home,TEX,W,3.0,2.0,D,1
"Friday, Sep 27",OAK,@,SEA,L,0.0,2.0,N,-1
"Saturday, Sep 28",OAK,@,SEA,L-wo,6.0,7.0,N,-2
"Sunday, Sep 29",OAK,@,SEA,L,4.0,6.0,D,-3
"Friday, Apr 5",SEA,@,MIL,L-wo,5.0,6.0,N,-3
"Saturday, Apr 6",SEA,@,MIL,W,5.0,3.0,N,1
"Sunday, Apr 7",SEA,@,MIL,L,4.0,12.0,D,-1
"Friday, Apr 12",SEA,Home,CHC,W,4.0,2.0,N,2
"Saturday, Apr 13",SEA,Home,CHC,L,1.0,4.0,N,-1
"Sunday, Apr 14",SEA,Home,CHC,L,2.0,3.0,D,-2
"Monday, Apr 15",SEA,Home,CIN,W,9.0,3.0,N,1
"Tuesday, Apr 16",SEA,Home,CIN,W,3.0,1.0,N,2
"Wednesday, Apr 17",SEA,Home,CIN,W,5.0,1.0,D,3
"Saturday, Apr 20",SEA,@,COL,W,7.0,0.0,N,4
"Sunday, Apr 21 (1)",SEA,@,COL,L-wo,1.0,2.0,D,-1
"Sunday, Apr 21 (2)",SEA,@,COL,W,10.0,2.0,N,1
"Tuesday, Apr 23",SEA,@,TEX,W,4.0,0.0,N,2
"Wednesday, Apr 24",SEA,@,TEX,L,1.0,5.0,N,-1
"Thursday, Apr 25",SEA,@,TEX,W,4.0,3.0,D,1
"Friday, Apr 26",SEA,Home,ARI,W,6.0,1.0,N,2
"Saturday, Apr 27",SEA,Home,ARI,W,3.0,1.0,N,3
"Sunday, Apr 28",SEA,Home,ARI,L,2.0,3.0,D,-1
"Monday, Apr 29",SEA,Home,ATL,W-wo,2.0,1.0,N,1
"Tuesday, Apr 30",SEA,Home,ATL,W,3.0,2.0,N,2
"Wednesday, May 1",SEA,Home,ATL,L,2.0,5.0,D,-1
"Friday, May 24",SEA,@,WSN,L,1.0,6.0,N,-3
"Saturday, May 25",SEA,@,WSN,L,1.0,3.0,D,-4
"Sunday, May 26",SEA,@,WSN,W,9.0,5.0,D,1
"Friday, Jun 14",SEA,Home,TEX,W,3.0,2.0,N,1
"Saturday, Jun 15",SEA,Home,TEX,W,7.0,5.0,D,2
"Sunday, Jun 16",SEA,Home,TEX,W,5.0,0.0,D,3
"Friday, Jun 21",SEA,@,MIA,L-wo,2.0,3.0,N,-3
"Saturday, Jun 22",SEA,@,MIA,W,9.0,0.0,D,1
"Sunday, Jun 23",SEA,@,MIA,L,4.0,6.0,D,-1
"Tuesday, Jul 9",SEA,@,SDP,W,8.0,3.0,N,1
"Wednesday, Jul 10",SEA,@,SDP,W,2.0,0.0,D,2
"Friday, Aug 2",SEA,Home,PHI,W,10.0,2.0,N,1
"Saturday, Aug 3",SEA,Home,PHI,W-wo,6.0,5.0,N,2
"Sunday, Aug 4",SEA,Home,PHI,L,0.0,6.0,D,-1
"Friday, Aug 9",SEA,Home,NYM,W,6.0,0.0,N,2
"Saturday, Aug 10",SEA,Home,NYM,W,4.0,0.0,N,3
"Sunday, Aug 11",SEA,Home,NYM,W,12.0,1.0,D,4
"Friday, Aug 16",SEA,@,PIT,L,3.0,5.0,N,-4
"Saturday, Aug 17",SEA,@,PIT,L,2.0,7.0,D,-5
"Sunday, Aug 18",SEA,@,PIT,W,10.0,3.0,D,1
"Monday, Aug 19",SEA,@,LAD,L,0.0,3.0,N,-1
"Tuesday, Aug 20",SEA,@,LAD,L,3.0,6.0,N,-2
"Wednesday, Aug 21",SEA,@,LAD,L,4.0,8.0,N,-3
"Friday, Aug 23",SEA,Home,SFG,W-wo,6.0,5.0,N,1
"Saturday, Aug 24",SEA,Home,SFG,L,3.0,4.0,D,-1
"Sunday, Aug 25",SEA,Home,SFG,W,4.0,3.0,D,1
"Friday, Sep 6",SEA,@,STL,W,6.0,1.0,N,3
"Saturday, Sep 7",SEA,@,STL,L,0.0,2.0,N,-1
"Sunday, Sep 8",SEA,@,STL,W,10.0,4.0,D,1
"Tuesday, Sep 10",SEA,Home,SDP,L,3.0,7.0,N,-1
"Wednesday, Sep 11",SEA,Home,SDP,W,5.0,2.0,N,1
"Thursday, Sep 12",SEA,Home,TEX,L,4.0,5.0,N,-1
"Friday, Sep 13",SEA,Home,TEX,W,5.0,4.0,N,1
"Saturday, Sep 14",SEA,Home,TEX,W-wo,5.0,4.0,N,2
"Sunday, Sep 15",SEA,Home,TEX,W,7.0,0.0,D,3
"Friday, Sep 20",SEA,@,TEX,W,8.0,2.0,N,2
"Saturday, Sep 21",SEA,@,TEX,W,8.0,4.0,N,3
"Sunday, Sep 22",SEA,@,TEX,L-wo,5.0,6.0,D,-1
"Thursday, Mar 28",TEX,Home,CHC,W-wo,4.0,3.0,N,1
"Saturday, Mar 30",TEX,Home,CHC,W,11.0,2.0,N,2
"Sunday, Mar 31",TEX,Home,CHC,L,5.0,9.0,D,-1
"Friday, Apr 19",TEX,@,ATL,L,3.0,8.0,N,-1
"Saturday, Apr 20",TEX,@,ATL,L,2.0,5.0,N,-2
"Sunday, Apr 21",TEX,@,ATL,W,6.0,4.0,N,1
"Friday, Apr 26",TEX,Home,CIN,W,2.0,1.0,N,1
"Saturday, Apr 27",TEX,Home,CIN,L,4.0,8.0,D,-1
"Sunday, Apr 28",TEX,Home,CIN,W,4.0,3.0,D,1
"Tuesday, Apr 30",TEX,Home,WSN,W,7.0,1.0,N,2
"Wednesday, May 1",TEX,Home,WSN,L,0.0,1.0,N,-1
"Thursday, May 2",TEX,Home,WSN,W,6.0,0.0,D,1
"Friday, May 10",TEX,@,COL,L,2.0,4.0,N,-1
"Saturday, May 11",TEX,@,COL,L,3.0,8.0,N,-2
"Sunday, May 12",TEX,@,COL,L,1.0,3.0,D,-3
"Tuesday, May 21",TEX,@,PHI,L,2.0,5.0,N,-2
"Wednesday, May 22",TEX,@,PHI,L,4.0,11.0,N,-3
"Thursday, May 23",TEX,@,PHI,L,2.0,5.0,D,-4
"Tuesday, May 28",TEX,Home,ARI,W,4.0,2.0,N,2
"Wednesday, May 29",TEX,Home,ARI,W,6.0,1.0,D,3
"Friday, May 31",TEX,@,MIA,L,2.0,8.0,N,-1
"Saturday, Jun 1",TEX,@,MIA,W,7.0,0.0,D,1
"Sunday, Jun 2",TEX,@,MIA,W,6.0,0.0,D,2
"Friday, Jun 7",TEX,Home,SFG,L,2.0,5.0,N,-1
"Saturday, Jun 8",TEX,Home,SFG,L,1.0,3.0,D,-2
"Sunday, Jun 9",TEX,Home,SFG,W,7.0,2.0,D,1
"Tuesday, Jun 11",TEX,@,LAD,L,2.0,15.0,N,-1
"Wednesday, Jun 12",TEX,@,LAD,W,3.0,2.0,N,1
"Thursday, Jun 13",TEX,@,LAD,W,3.0,1.0,N,2
"Monday, Jun 17",TEX,Home,NYM,L,2.0,14.0,N,-4
"Tuesday, Jun 18",TEX,Home,NYM,L,6.0,7.0,N,-5
"Wednesday, Jun 19",TEX,Home,NYM,W,5.0,3.0,N,1
"Monday, Jun 24",TEX,@,MIL,L,3.0,6.0,N,-1
"Tuesday, Jun 25",TEX,@,MIL,L,1.0,3.0,N,-2
"Wednesday, Jun 26",TEX,@,MIL,L-wo,5.0,6.0,D,-3
"Tuesday, Jul 2",TEX,Home,SDP,W,7.0,0.0,N,2
"Wednesday, Jul 3",TEX,Home,SDP,L,4.0,6.0,N,-1
"Thursday, Jul 4",TEX,Home,SDP,L,1.0,3.0,D,-2
"Monday, Jul 29",TEX,@,STL,W,6.0,3.0,N,1
"Tuesday, Jul 30",TEX,@,STL,L,1.0,8.0,N,-1
"Wednesday, Jul 31",TEX,@,STL,L,1.0,10.0,D,-2
"Monday, Aug 19",TEX,Home,PIT,W,4.0,3.0,N,2
"Tuesday, Aug 20",TEX,Home,PIT,L,0.0,4.0,N,-1
"Wednesday, Aug 21",TEX,Home,PIT,W-wo,1.0,0.0,D,1
"Tuesday, Sep 10",TEX,@,ARI,L,0.0,6.0,N,-1
"Wednesday, Sep 11",TEX,@,ARI,L,4.0,14.0,D,-2
"Thursday, Mar 28",ARI,Home,COL,W,16.0,1.0,N,1
"Friday, Mar 29",ARI,Home,COL,W,7.0,3.0,N,2
"Saturday, Mar 30",ARI,Home,COL,L,4.0,9.0,N,-1
"Sunday, Mar 31",ARI,Home,COL,W,5.0,1.0,D,1
"Friday, Apr 5",ARI,@,ATL,L-wo,5.0,6.0,N,-2
"Saturday, Apr 6",ARI,@,ATL,L,8.0,9.0,N,-3
"Sunday, Apr 7",ARI,@,ATL,L,2.0,5.0,D,-4
"Monday, Apr 8",ARI,@,COL,L,5.0,7.0,N,-5
"Tuesday, Apr 9",ARI,@,COL,W,3.0,2.0,N,1
"Wednesday, Apr 10",ARI,@,COL,W,5.0,3.0,D,2
"Friday, Apr 12",ARI,Home,STL,L,6.0,9.0,N,-1
"Saturday, Apr 13",ARI,Home,STL,W,4.0,2.0,N,1
"Sunday, Apr 14",ARI,Home,STL,W,5.0,0.0,D,2
"Monday, Apr 15",ARI,Home,CHC,L,2.0,3.0,N,-1
"Tuesday, Apr 16",ARI,Home,CHC,W-wo,12.0,11.0,N,1
"Wednesday, Apr 17",ARI,Home,CHC,L,3.0,5.0,D,-1
"Thursday, Apr 18",ARI,@,SFG,L,0.0,5.0,N,-2
"Friday, Apr 19",ARI,@,SFG,W,17.0,1.0,N,1
"Saturday, Apr 20",ARI,@,SFG,L,3.0,7.0,D,-1
"Sunday, Apr 21",ARI,@,SFG,W,5.0,3.0,D,1
"Monday, Apr 22",ARI,@,STL,L-wo,3.0,5.0,N,-1
"Tuesday, Apr 23",ARI,@,STL,W,14.0,1.0,N,1
"Wednesday, Apr 24",ARI,@,STL,L,1.0,5.0,D,-1
"Monday, Apr 29",ARI,Home,LAD,L,4.0,8.0,N,-1
"Tuesday, Apr 30",ARI,Home,LAD,W-wo,4.0,3.0,N,1
"Wednesday, May 1",ARI,Home,LAD,L,0.0,8.0,N,-1
"Friday, May 3",ARI,Home,SDP,L,1.0,7.0,N,-2
"Saturday, May 4",ARI,Home,SDP,L,1.0,13.0,N,-3
"Sunday, May 5",ARI,Home,SDP,W,11.0,4.0,D,1
"Tuesday, May 7",ARI,@,CIN,W,6.0,2.0,N,2
"Wednesday, May 8",ARI,@,CIN,W,4.0,3.0,N,3
"Thursday, May 9",ARI,@,CIN,W,5.0,4.0,D,4
"Monday, May 13",ARI,Home,CIN,W-wo,6.0,5.0,N,2
"Tuesday, May 14",ARI,Home,CIN,L,2.0,6.0,N,-1
"Wednesday, May 15",ARI,Home,CIN,W,2.0,1.0,D,1
"Monday, May 20",ARI,@,LAD,L,4.0,6.0,N,-1
"Tuesday, May 21",ARI,@,LAD,W,7.0,3.0,N,1
"Wednesday, May 22",ARI,@,LAD,W,6.0,0.0,N,2
"Friday, May 24",ARI,Home,MIA,L,0.0,3.0,N,-1
"Saturday, May 25",ARI,Home,MIA,W,3.0,2.0,N,1
"Sunday, May 26",ARI,Home,MIA,L,1.0,3.0,D,-1
"Thursday, May 30",ARI,@,NYM,L,2.0,3.0,N,-4
"Friday, May 31",ARI,@,NYM,L,9.0,10.0,N,-5
"Saturday, Jun 1",ARI,@,NYM,W,10.0,5.0,D,1
"Sunday, Jun 2",ARI,@,NYM,W,5.0,4.0,D,2
"Monday, Jun 3",ARI,Home,SFG,W-wo,4.0,2.0,N,3
"Tuesday, Jun 4",ARI,Home,SFG,W,8.0,5.0,N,4
"Wednesday, Jun 5",ARI,Home,SFG,L,3.0,9.0,D,-1
"Thursday, Jun 6",ARI,@,SDP,W,4.0,3.0,N,1
"Friday, Jun 7",ARI,@,SDP,L,3.0,10.0,N,-1
"Saturday, Jun 8",ARI,@,SDP,L,1.0,13.0,N,-2
"Sunday, Jun 9",ARI,@,SDP,W,9.0,3.0,D,1
"Tuesday, Jun 18",ARI,@,WSN,W,5.0,0.0,N,2
"Wednesday, Jun 19",ARI,@,WSN,L,1.0,3.0,D,-1
"Thursday, Jun 20",ARI,@,WSN,W,5.0,2.0,D,1
"Friday, Jun 21",ARI,@,PHI,W,5.0,4.0,N,2
"Saturday, Jun 22",ARI,@,PHI,L,1.0,12.0,D,-1
"Sunday, Jun 23",ARI,@,PHI,L,1.0,4.0,D,-2
"Tuesday, Jul 2",ARI,@,LAD,L-wo,5.0,6.0,N,-1
"Wednesday, Jul 3",ARI,@,LAD,W,12.0,4.0,N,1
"Thursday, Jul 4",ARI,@,LAD,W,9.0,3.0,N,2
"Friday, Jul 5",ARI,@,SDP,L-wo,8.0,10.0,N,-1
"Saturday, Jul 6",ARI,@,SDP,W,7.0,5.0,N,1
"Sunday, Jul 7",ARI,@,SDP,W,9.0,1.0,D,2
"Monday, Jul 8",ARI,Home,ATL,L,4.0,5.0,N,-1
"Tuesday, Jul 9",ARI,Home,ATL,L,2.0,6.0,N,-2
"Wednesday, Jul 10",ARI,Home,ATL,W,7.0,5.0,N,1
"Thursday, Jul 11",ARI,Home,ATL,W,1.0,0.0,N,2
"Friday, Jul 19",ARI,@,CHC,W,5.0,2.0,D,1
"Saturday, Jul 20",ARI,@,CHC,W,3.0,0.0,N,2
"Sunday, Jul 21",ARI,@,CHC,L-wo,1.0,2.0,D,-1
"Friday, Jul 26",ARI,Home,PIT,W,4.0,3.0,N,3
"Saturday, Jul 27",ARI,Home,PIT,W,9.0,5.0,N,4
"Sunday, Jul 28",ARI,Home,PIT,L,5.0,6.0,D,-1
"Monday, Jul 29",ARI,Home,WSN,W-wo,9.0,8.0,N,1
"Tuesday, Jul 30",ARI,Home,WSN,W,17.0,0.0,N,2
"Wednesday, Jul 31",ARI,Home,WSN,W,5.0,4.0,D,3
"Friday, Aug 2",ARI,@,PIT,W,9.0,8.0,N,4
"Saturday, Aug 3",ARI,@,PIT,L,2.0,4.0,N,-1
"Sunday, Aug 4",ARI,@,PIT,W,6.0,5.0,D,1
"Thursday, Aug 8",ARI,Home,PHI,L,4.0,6.0,N,-1
"Friday, Aug 9",ARI,Home,PHI,W-wo,3.0,2.0,N,1
"Saturday, Aug 10",ARI,Home,PHI,W,11.0,1.0,N,2
"Sunday, Aug 11",ARI,Home,PHI,W,12.0,5.0,D,3
"Monday, Aug 12",ARI,Home,COL,W,5.0,4.0,N,4
"Tuesday, Aug 13",ARI,Home,COL,W-wo,4.0,3.0,N,5
"Wednesday, Aug 14",ARI,Home,COL,W,11.0,4.0,D,6
"Monday, Aug 19",ARI,@,MIA,W,9.0,6.0,N,1
"Tuesday, Aug 20",ARI,@,MIA,W,3.0,1.0,N,2
"Wednesday, Aug 21",ARI,@,MIA,W,10.0,8.0,N,3
"Tuesday, Aug 27",ARI,Home,NYM,L,3.0,8.0,N,-1
"Wednesday, Aug 28",ARI,Home,NYM,W,8.0,5.0,N,1
"Thursday, Aug 29",ARI,Home,NYM,L,2.0,3.0,D,-1
"Friday, Aug 30",ARI,Home,LAD,L,9.0,10.0,N,-2
"Saturday, Aug 31",ARI,Home,LAD,L,6.0,8.0,N,-3
"Sunday, Sep 1",ARI,Home,LAD,W,14.0,3.0,D,1
"Monday, Sep 2",ARI,Home,LAD,L,6.0,11.0,D,-1
"Tuesday, Sep 3",ARI,@,SFG,W,8.0,7.0,N,1
"Wednesday, Sep 4",ARI,@,SFG,W,6.0,4.0,N,2
"Thursday, Sep 5",ARI,@,SFG,L-wo,2.0,3.0,D,-1
"Friday, Sep 13",ARI,Home,MIL,L,1.0,2.0,N,-1
"Saturday, Sep 14",ARI,Home,MIL,L,8.0,15.0,N,-2
"Sunday, Sep 15",ARI,Home,MIL,W-wo,11.0,10.0,D,1
"Monday, Sep 16",ARI,@,COL,L-wo,2.0,3.0,N,-1
"Tuesday, Sep 17",ARI,@,COL,L,2.0,8.0,N,-2
"Wednesday, Sep 18",ARI,@,COL,W,9.0,4.0,D,1
"Thursday, Sep 19",ARI,@,MIL,W,5.0,1.0,N,2
"Friday, Sep 20",ARI,@,MIL,W,7.0,4.0,N,3
"Saturday, Sep 21",ARI,@,MIL,W,5.0,0.0,N,4
"Sunday, Sep 22",ARI,@,MIL,L,9.0,10.0,D,-1
"Monday, Sep 23",ARI,Home,SFG,L,3.0,6.0,N,-2
"Tuesday, Sep 24",ARI,Home,SFG,L,0.0,11.0,N,-3
"Wednesday, Sep 25",ARI,Home,SFG,W,8.0,2.0,N,1
"Friday, Sep 27",ARI,Home,SDP,L,3.0,5.0,N,-1
"Saturday, Sep 28",ARI,Home,SDP,L,0.0,5.0,N,-2
"Sunday, Sep 29",ARI,Home,SDP,W,11.0,2.0,D,1
"Friday, Mar 29",ATL,@,PHI,W,9.0,3.0,D,1
"Saturday, Mar 30",ATL,@,PHI,W,12.0,4.0,D,2
"Sunday, Mar 31",ATL,@,PHI,L,4.0,5.0,D,-1
"Monday, Apr 8",ATL,Home,NYM,L,7.0,8.0,N,-1
"Tuesday, Apr 9",ATL,Home,NYM,W,6.0,5.0,N,1
"Thursday, Apr 11",ATL,Home,NYM,L,4.0,16.0,D,-1
"Friday, Apr 12",ATL,@,MIA,W,8.0,1.0,N,1
"Saturday, Apr 13",ATL,@,MIA,L,1.0,5.0,D,-1
"Sunday, Apr 14",ATL,@,MIA,W,9.0,7.0,D,1
"Monday, Apr 22",ATL,Home,MIA,W,3.0,0.0,N,1
"Tuesday, Apr 23",ATL,Home,MIA,W,5.0,0.0,N,2
"Wednesday, Apr 24",ATL,Home,MIA,W-wo,4.0,3.0,N,3
"Friday, May 3",ATL,@,LAD,L-wo,3.0,4.0,N,-1
"Saturday, May 4",ATL,@,LAD,L,2.0,11.0,N,-2
"Sunday, May 5",ATL,@,LAD,L,1.0,5.0,D,-3
"Friday, May 10",ATL,@,NYM,W,4.0,2.0,N,3
"Saturday, May 11",ATL,@,NYM,W,4.0,1.0,D,4
"Sunday, May 12",ATL,@,NYM,L-wo,3.0,4.0,N,-1
"Monday, May 13",ATL,Home,CHC,W,2.0,0.0,N,1
"Tuesday, May 14",ATL,Home,CHC,W,7.0,0.0,N,2
"Wednesday, May 15",ATL,Home,CHC,L,1.0,7.0,N,-1
"Friday, May 17",ATL,Home,SDP,L,1.0,3.0,N,-2
"Sunday, May 19",ATL,Home,SDP,L,1.0,9.0,N,-3
"Monday, May 20 (1)",ATL,Home,SDP,L,5.0,6.0,D,-4
"Monday, May 20 (2)",ATL,Home,SDP,W,3.0,0.0,N,1
"Tuesday, May 21",ATL,@,CHC,L-wo,3.0,4.0,N,-1
"Wednesday, May 22",ATL,@,CHC,W,9.0,2.0,N,1
"Thursday, May 23",ATL,@,CHC,W,3.0,0.0,D,2
"Friday, May 24",ATL,@,PIT,L,5.0,11.0,N,-1
"Saturday, May 25",ATL,@,PIT,L,1.0,4.0,D,-2
"Sunday, May 26",ATL,@,PIT,W,8.0,1.0,D,1
"Monday, May 27",ATL,Home,WSN,L,4.0,8.0,D,-1
"Tuesday, May 28",ATL,Home,WSN,W,2.0,0.0,N,1
"Wednesday, May 29",ATL,Home,WSN,L,2.0,7.0,N,-1
"Thursday, May 30",ATL,Home,WSN,L,1.0,3.0,N,-2
"Thursday, Jun 6",ATL,@,WSN,W,5.0,2.0,N,1
"Friday, Jun 7",ATL,@,WSN,L,1.0,2.0,N,-1
"Saturday, Jun 8",ATL,@,WSN,L,3.0,7.0,D,-2
"Sunday, Jun 9",ATL,@,WSN,L,5.0,8.0,D,-3
"Monday, Jun 24",ATL,@,STL,L,3.0,4.0,N,-1
"Wednesday, Jun 26 (1)",ATL,@,STL,W,6.0,2.0,D,1
"Wednesday, Jun 26 (2)",ATL,@,STL,L,1.0,4.0,N,-1
"Friday, Jun 28",ATL,Home,PIT,W,6.0,1.0,N,1
"Saturday, Jun 29",ATL,Home,PIT,W-wo,2.0,1.0,D,2
"Sunday, Jun 30",ATL,Home,PIT,L,2.0,4.0,D,-1
"Tuesday, Jul 2",ATL,Home,SFG,L,3.0,5.0,N,-2
"Wednesday, Jul 3",ATL,Home,SFG,W,3.0,1.0,N,1
"Thursday, Jul 4",ATL,Home,SFG,L,2.0,4.0,N,-1
"Friday, Jul 5",ATL,Home,PHI,L,6.0,8.0,N,-2
"Saturday, Jul 6",ATL,Home,PHI,W,5.0,1.0,N,1
"Sunday, Jul 7",ATL,Home,PHI,W,6.0,0.0,D,2
"Friday, Jul 12",ATL,@,SDP,W,6.0,1.0,N,1
"Saturday, Jul 13",ATL,@,SDP,L,0.0,4.0,D,-1
"Sunday, Jul 14",ATL,@,SDP,W,6.0,3.0,D,1
"Saturday, Jul 20 (1)",ATL,Home,STL,W-wo,3.0,2.0,D,2
"Saturday, Jul 20 (2)",ATL,Home,STL,L,5.0,9.0,N,-1
"Sunday, Jul 21",ATL,Home,STL,L,2.0,6.0,D,-2
"Monday, Jul 22",ATL,Home,CIN,L,1.0,4.0,N,-3
"Wednesday, Jul 24",ATL,Home,CIN,L,4.0,9.0,D,-4
"Thursday, Jul 25",ATL,@,NYM,L-wo,2.0,3.0,N,-5
"Friday, Jul 26",ATL,@,NYM,L,4.0,8.0,N,-6
"Saturday, Jul 27",ATL,@,NYM,W,4.0,0.0,D,1
"Sunday, Jul 28",ATL,@,NYM,W,9.0,2.0,D,2
"Monday, Jul 29",ATL,@,MIL,L,3.0,8.0,N,-1
"Tuesday, Jul 30",ATL,@,MIL,W,5.0,1.0,N,1
"Wednesday, Jul 31",ATL,@,MIL,W,6.0,2.0,D,2
"Thursday, Aug 1",ATL,Home,MIA,W,4.0,2.0,N,3
"Friday, Aug 2",ATL,Home,MIA,W,5.0,3.0,N,4
"Saturday, Aug 3",ATL,Home,MIA,L,3.0,4.0,N,-1
"Sunday, Aug 4",ATL,Home,MIA,L,0.0,7.0,D,-2
"Tuesday, Aug 6",ATL,Home,MIL,L,0.0,10.0,N,-3
"Wednesday, Aug 7",ATL,Home,MIL,L,5.0,8.0,N,-4
"Thursday, Aug 8",ATL,Home,MIL,L,7.0,16.0,D,-5
"Friday, Aug 9",ATL,@,COL,L,5.0,6.0,N,-6
"Saturday, Aug 10",ATL,@,COL,W,11.0,8.0,N,1
"Sunday, Aug 11",ATL,@,COL,L,8.0,9.0,D,-1
"Monday, Aug 12",ATL,@,SFG,W,1.0,0.0,N,1
"Tuesday, Aug 13",ATL,@,SFG,W,4.0,3.0,N,2
"Wednesday, Aug 14",ATL,@,SFG,W,13.0,2.0,N,3
"Thursday, Aug 15",ATL,@,SFG,L,0.0,6.0,D,-1
"Tuesday, Aug 20",ATL,Home,PHI,W,3.0,1.0,N,3
"Wednesday, Aug 21",ATL,Home,PHI,L,2.0,3.0,N,-1
"Thursday, Aug 22",ATL,Home,PHI,W,3.0,2.0,N,1
"Friday, Aug 23",ATL,Home,WSN,W-wo,3.0,2.0,N,2
"Saturday, Aug 24",ATL,Home,WSN,W,4.0,2.0,N,3
"Sunday, Aug 25",ATL,Home,WSN,L,1.0,5.0,D,-1
"Thursday, Aug 29",ATL,@,PHI,L,4.0,5.0,N,-1
"Friday, Aug 30",ATL,@,PHI,W,7.0,2.0,N,1
"Saturday, Aug 31",ATL,@,PHI,L,0.0,3.0,N,-1
"Sunday, Sep 1",ATL,@,PHI,L-wo,2.0,3.0,N,-2
"Tuesday, Sep 3",ATL,Home,COL,W,3.0,0.0,N,1
"Wednesday, Sep 4",ATL,Home,COL,W,5.0,2.0,N,2
"Thursday, Sep 5",ATL,Home,COL,L,1.0,3.0,N,-1
"Monday, Sep 9",ATL,Home,CIN,L,0.0,1.0,N,-1
"Tuesday, Sep 10",ATL,@,WSN,W,12.0,0.0,N,1
"Wednesday, Sep 11",ATL,@,WSN,L,1.0,5.0,N,-1
"Friday, Sep 13",ATL,Home,LAD,W,6.0,2.0,N,1
"Saturday, Sep 14",ATL,Home,LAD,W,10.0,1.0,N,2
"Sunday, Sep 15",ATL,Home,LAD,L,2.0,9.0,N,-1
"Monday, Sep 16",ATL,Home,LAD,L,0.0,9.0,N,-2
"Tuesday, Sep 17",ATL,@,CIN,L,5.0,6.0,N,-3
"Wednesday, Sep 18",ATL,@,CIN,W,7.0,1.0,N,1
"Thursday, Sep 19",ATL,@,CIN,W,15.0,3.0,D,2
"Friday, Sep 20",ATL,@,MIA,L,3.0,4.0,N,-1
"Saturday, Sep 21",ATL,@,MIA,W,6.0,2.0,D,1
"Sunday, Sep 22",ATL,@,MIA,W,5.0,4.0,D,2
"Tuesday, Sep 24",ATL,Home,NYM,W,5.0,1.0,N,3
"Monday, Sep 30 (1)",ATL,Home,NYM,L,7.0,8.0,D,-2
"Monday, Sep 30 (2)",ATL,Home,NYM,W,3.0,0.0,D,1
"Thursday, Mar 28",MIA,Home,PIT,L,5.0,6.0,D,-1
"Friday, Mar 29",MIA,Home,PIT,L,2.0,7.0,N,-2
"Saturday, Mar 30",MIA,Home,PIT,L,3.0,9.0,D,-3
"Sunday, Mar 31",MIA,Home,PIT,L,7.0,9.0,D,-4
"Thursday, Apr 4",MIA,@,STL,L,5.0,8.0,D,-8
"Saturday, Apr 6",MIA,@,STL,L,1.0,3.0,D,-9
"Sunday, Apr 7",MIA,@,STL,W,10.0,3.0,D,1
"Monday, Apr 15",MIA,Home,SFG,L,3.0,4.0,N,-2
"Tuesday, Apr 16",MIA,Home,SFG,W,6.0,3.0,N,1
"Wednesday, Apr 17",MIA,Home,SFG,L,1.0,3.0,D,-1
"Friday, Apr 19",MIA,@,CHC,L,3.0,8.0,D,-2
"Saturday, Apr 20 (1)",MIA,@,CHC,W,3.0,2.0,D,1
"Saturday, Apr 20 (2)",MIA,@,CHC,L,3.0,5.0,N,-1
"Sunday, Apr 21",MIA,@,CHC,W,6.0,3.0,D,1
"Friday, Apr 26",MIA,Home,WSN,L,1.0,3.0,N,-4
"Saturday, Apr 27",MIA,Home,WSN,L,4.0,11.0,D,-5
"Sunday, Apr 28",MIA,Home,WSN,L,9.0,12.0,D,-6
"Monday, Apr 29",MIA,Home,WSN,L,2.0,7.0,N,-7
"Tuesday, Apr 30",MIA,Home,COL,W-wo,7.0,6.0,N,1
"Wednesday, May 1",MIA,Home,COL,W,4.0,1.0,N,2
"Thursday, May 2",MIA,Home,COL,W-wo,5.0,4.0,D,3
"Monday, May 6",MIA,@,LAD,L,3.0,6.0,N,-1
"Tuesday, May 7",MIA,@,LAD,L,2.0,8.0,N,-2
"Wednesday, May 8",MIA,@,LAD,L,1.0,3.0,D,-3
"Friday, May 10",MIA,Home,PHI,L,2.0,8.0,N,-4
"Saturday, May 11",MIA,Home,PHI,L,3.0,8.0,D,-5
"Sunday, May 12",MIA,Home,PHI,W-wo,7.0,6.0,D,1
"Friday, May 17",MIA,Home,NYM,W,8.0,0.0,N,3
"Saturday, May 18",MIA,Home,NYM,W-wo,10.0,9.0,D,4
"Sunday, May 19",MIA,Home,NYM,L,3.0,7.0,D,-1
"Monday, May 20",MIA,Home,MIL,W-wo,3.0,2.0,N,1
"Tuesday, May 21",MIA,Home,MIL,L,5.0,7.0,N,-1
"Wednesday, May 22",MIA,Home,MIL,W,1.0,0.0,N,1
"Monday, May 27",MIA,@,SDP,L,1.0,2.0,D,-1
"Tuesday, May 28",MIA,@,SDP,L,0.0,4.0,N,-2
"Wednesday, May 29",MIA,@,SDP,W,9.0,1.0,D,1
"Tuesday, Jun 11",MIA,@,NYM,W,4.0,2.0,N,1
"Wednesday, Jun 12",MIA,@,NYM,L,4.0,10.0,N,-1
"Thursday, Jun 13",MIA,@,NYM,L-wo,2.0,3.0,N,-2
"Friday, Jun 14",MIA,@,WSN,L,1.0,8.0,N,-3
"Saturday, Jun 15",MIA,@,WSN,L,0.0,4.0,D,-4
"Sunday, Jun 16",MIA,@,WSN,L,1.0,3.0,D,-5
"Monday, Jun 17",MIA,Home,STL,L,6.0,7.0,N,-6
"Tuesday, Jun 18",MIA,Home,STL,W-wo,9.0,8.0,N,1
"Wednesday, Jun 19",MIA,Home,STL,W-wo,4.0,3.0,D,2
"Thursday, Jun 27",MIA,@,PHI,W,7.0,4.0,N,1
"Friday, Jun 28",MIA,@,PHI,L,0.0,2.0,N,-1
"Saturday, Jun 29",MIA,@,PHI,W,3.0,2.0,D,1
"Sunday, Jun 30",MIA,@,PHI,L,6.0,7.0,D,-1
"Friday, Jul 12",MIA,@,CIN,L,4.0,7.0,N,-4
"Saturday, Jul 13",MIA,@,CIN,L,6.0,10.0,D,-5
"Sunday, Jul 14",MIA,@,CIN,W,3.0,2.0,D,1
"Friday, Jul 19",MIA,Home,NYM,W,6.0,4.0,N,2
"Saturday, Jul 20",MIA,Home,NYM,L,0.0,1.0,D,-1
"Sunday, Jul 21",MIA,Home,NYM,W,4.0,2.0,D,1
"Monday, Jul 22",MIA,Home,NYM,L,4.0,6.0,N,-1
"Friday, Jul 26",MIA,@,MIL,W,6.0,2.0,N,1
"Saturday, Jul 27",MIA,@,MIL,W,7.0,3.0,N,2
"Sunday, Jul 28",MIA,@,MIL,L,2.0,6.0,D,-1
"Monday, Aug 5",MIA,Home,CIN,L,3.0,10.0,N,-1
"Tuesday, Aug 6",MIA,Home,CIN,L,2.0,8.0,N,-2
"Wednesday, Aug 7",MIA,Home,CIN,W,6.0,4.0,N,1
"Thursday, Aug 8",MIA,Home,CIN,L,4.0,10.0,N,-1
"Friday, Aug 9",MIA,Home,SDP,L,2.0,6.0,N,-2
"Saturday, Aug 10",MIA,Home,SDP,L,8.0,9.0,D,-3
"Sunday, Aug 11",MIA,Home,SDP,W,7.0,6.0,D,1
"Tuesday, Aug 13",MIA,@,PHI,W,5.0,0.0,N,2
"Wednesday, Aug 14",MIA,@,PHI,L,5.0,9.0,N,-1
"Friday, Aug 16",MIA,@,NYM,L,3.0,7.0,N,-2
"Saturday, Aug 17",MIA,@,NYM,L,0.0,4.0,D,-3
"Sunday, Aug 18",MIA,@,NYM,W,3.0,2.0,D,1
"Friday, Aug 23",MIA,Home,CHC,L,3.0,6.0,N,-4
"Saturday, Aug 24",MIA,Home,CHC,L,2.0,14.0,D,-5
"Sunday, Aug 25",MIA,Home,CHC,W,7.0,2.0,D,1
"Monday, Aug 26",MIA,@,COL,L,2.0,3.0,N,-1
"Tuesday, Aug 27",MIA,@,COL,W,9.0,8.0,N,1
"Wednesday, Aug 28",MIA,@,COL,L,2.0,8.0,N,-1
"Thursday, Aug 29",MIA,@,COL,W,12.0,8.0,D,1
"Friday, Aug 30",MIA,@,SFG,L,1.0,3.0,N,-1
"Saturday, Aug 31",MIA,@,SFG,W,4.0,3.0,N,1
"Sunday, Sep 1",MIA,@,SFG,W,7.0,5.0,D,2
"Tuesday, Sep 3",MIA,Home,WSN,L,2.0,6.0,N,-1
"Wednesday, Sep 4",MIA,Home,WSN,W-wo,4.0,3.0,N,1
"Thursday, Sep 5",MIA,Home,PHI,L,2.0,5.0,N,-1
"Friday, Sep 6",MIA,Home,PHI,L,2.0,16.0,N,-2
"Saturday, Sep 7",MIA,Home,PHI,W,9.0,5.0,D,1
"Sunday, Sep 8",MIA,Home,PHI,W,10.0,1.0,D,2
"Monday, Sep 9",MIA,@,PIT,L,2.0,3.0,N,-1
"Tuesday, Sep 10",MIA,@,PIT,L,4.0,6.0,N,-2
"Wednesday, Sep 11",MIA,@,PIT,L,1.0,3.0,D,-3
"Thursday, Sep 12",MIA,@,WSN,W,6.0,3.0,N,1
"Friday, Sep 13",MIA,@,WSN,L,1.0,4.0,N,-1
"Saturday, Sep 14",MIA,@,WSN,L,1.0,4.0,D,-2
"Sunday, Sep 15",MIA,@,WSN,L,3.0,4.0,D,-3
"Tuesday, Sep 17",MIA,Home,LAD,W,11.0,9.0,N,1
"Wednesday, Sep 18",MIA,Home,LAD,L,4.0,8.0,N,-1
"Thursday, Sep 19",MIA,Home,LAD,L,4.0,20.0,D,-2
"Friday, Mar 29",NYM,Home,MIL,L,1.0,3.0,D,-1
"Saturday, Mar 30",NYM,Home,MIL,L,6.0,7.0,D,-2
"Sunday, Mar 31",NYM,Home,MIL,L,1.0,4.0,D,-3
"Friday, Apr 5",NYM,@,CIN,W,3.0,2.0,N,2
"Saturday, Apr 6",NYM,@,CIN,L,6.0,9.0,D,-1
"Sunday, Apr 7",NYM,@,CIN,W,3.0,1.0,D,1
"Monday, Apr 15",NYM,Home,PIT,W,6.0,3.0,N,2
"Tuesday, Apr 16",NYM,Home,PIT,W,3.0,1.0,N,3
"Wednesday, Apr 17",NYM,Home,PIT,W,9.0,1.0,D,4
"Friday, Apr 19",NYM,@,LAD,W,9.0,4.0,N,5
"Saturday, Apr 20",NYM,@,LAD,W,6.0,4.0,D,6
"Sunday, Apr 21",NYM,@,LAD,L,0.0,10.0,D,-1
"Monday, Apr 22",NYM,@,SFG,L,2.0,5.0,N,-2
"Tuesday, Apr 23",NYM,@,SFG,L,1.0,5.0,N,-3
"Wednesday, Apr 24",NYM,@,SFG,W,8.0,2.0,D,1
"Friday, Apr 26",NYM,Home,STL,L,2.0,4.0,N,-1
"Saturday, Apr 27",NYM,Home,STL,L,4.0,7.0,D,-2
"Sunday, Apr 28",NYM,Home,STL,W-wo,4.0,2.0,D,1
"Monday, Apr 29",NYM,Home,CHC,L,1.0,3.0,N,-1
"Tuesday, Apr 30",NYM,Home,CHC,W,4.0,2.0,N,1
"Wednesday, May 1",NYM,Home,CHC,L,0.0,1.0,N,-1
"Thursday, May 2",NYM,Home,CHC,W-wo,7.0,6.0,D,1
"Monday, May 6",NYM,@,STL,W,4.0,3.0,N,1
"Tuesday, May 7",NYM,@,STL,W,7.0,5.0,N,2
"Monday, May 13",NYM,Home,PHI,L,4.0,5.0,N,-1
"Tuesday, May 14",NYM,Home,PHI,L,0.0,4.0,D,-2
"Wednesday, May 15",NYM,@,PHI,L,5.0,10.0,N,-3
"Thursday, May 16",NYM,@,PHI,W,6.0,5.0,N,1
"Friday, May 24",NYM,Home,SFG,L,7.0,8.0,N,-4
"Saturday, May 25",NYM,Home,SFG,L,2.0,7.0,D,-5
"Sunday, May 26",NYM,Home,SFG,W-wo,4.0,3.0,D,1
"Tuesday, May 28 (1)",NYM,Home,LAD,L,2.0,5.0,N,-1
"Tuesday, May 28 (2)",NYM,Home,LAD,L,0.0,3.0,N,-2
"Wednesday, May 29",NYM,Home,LAD,L,3.0,10.0,D,-3
"Monday, Jun 3",NYM,@,WSN,W,8.0,7.0,N,1
"Tuesday, Jun 4",NYM,@,WSN,W,6.0,3.0,N,2
"Wednesday, Jun 5",NYM,@,WSN,W,9.0,1.0,D,3
"Saturday, Jun 8",NYM,Home,PHI,L,2.0,7.0,N,-1
"Sunday, Jun 9",NYM,@,PHI,W,6.0,5.0,D,1
"Friday, Jun 14",NYM,Home,SDP,W,2.0,1.0,N,3
"Saturday, Jun 15",NYM,Home,SDP,W,5.0,1.0,D,4
"Sunday, Jun 16",NYM,Home,SDP,W,11.0,6.0,D,5
"Friday, Jun 21",NYM,@,CHC,W,11.0,1.0,D,1
"Saturday, Jun 22",NYM,@,CHC,L,1.0,8.0,D,-1
"Sunday, Jun 23",NYM,@,CHC,W,5.0,2.0,N,1
"Monday, Jul 1",NYM,@,WSN,W,9.0,7.0,N,1
"Tuesday, Jul 2",NYM,@,WSN,W,7.0,2.0,N,2
"Wednesday, Jul 3",NYM,@,WSN,L,5.0,7.0,N,-1
"Thursday, Jul 4",NYM,@,WSN,L,0.0,1.0,D,-2
"Friday, Jul 5",NYM,@,PIT,L,2.0,14.0,N,-3
"Saturday, Jul 6",NYM,@,PIT,W,5.0,2.0,D,1
"Sunday, Jul 7",NYM,@,PIT,W,3.0,2.0,D,2
"Monday, Jul 8",NYM,@,PIT,L,2.0,8.0,D,-1
"Tuesday, Jul 9",NYM,Home,WSN,W,7.0,5.0,N,1
"Wednesday, Jul 10",NYM,Home,WSN,W,6.0,2.0,N,2
"Thursday, Jul 11",NYM,Home,WSN,W,7.0,0.0,D,3
"Friday, Jul 12",NYM,Home,COL,W,7.0,6.0,N,4
"Saturday, Jul 13",NYM,Home,COL,W,7.0,3.0,D,5
"Sunday, Jul 14",NYM,Home,COL,L,5.0,8.0,D,-1
"Monday, Aug 5",NYM,@,STL,W,6.0,0.0,D,1
"Tuesday, Aug 6",NYM,@,COL,L,3.0,6.0,N,-1
"Wednesday, Aug 7",NYM,@,COL,W,5.0,3.0,N,1
"Thursday, Aug 8",NYM,@,COL,W,9.0,1.0,D,2
"Thursday, Aug 22",NYM,@,SDP,W,8.0,3.0,N,2
"Friday, Aug 23",NYM,@,SDP,L,0.0,7.0,N,-1
"Saturday, Aug 24",NYM,@,SDP,W,7.0,1.0,N,1
"Sunday, Aug 25",NYM,@,SDP,L-wo,2.0,3.0,D,-1
"Friday, Sep 6",NYM,Home,CIN,W-wo,6.0,4.0,N,8
"Saturday, Sep 7",NYM,Home,CIN,W,4.0,0.0,D,9
"Sunday, Sep 8",NYM,Home,CIN,L,1.0,3.0,D,-1
"Friday, Sep 13",NYM,@,PHI,W,11.0,3.0,N,2
"Saturday, Sep 14",NYM,@,PHI,L,4.0,6.0,D,-1
"Sunday, Sep 15",NYM,@,PHI,L-wo,1.0,2.0,D,-2
"Monday, Sep 16",NYM,Home,WSN,W-wo,2.0,1.0,N,1
"Tuesday, Sep 17",NYM,Home,WSN,W,10.0,1.0,N,2
"Wednesday, Sep 18",NYM,Home,WSN,W,10.0,0.0,N,3
"Thursday, Sep 19",NYM,Home,PHI,W,10.0,6.0,N,4
"Friday, Sep 20",NYM,Home,PHI,L,2.0,12.0,N,-1
"Saturday, Sep 21",NYM,Home,PHI,W,6.0,3.0,D,1
"Sunday, Sep 22",NYM,Home,PHI,W,2.0,1.0,N,2
"Friday, Sep 27",NYM,@,MIL,L,4.0,8.0,N,-2
"Saturday, Sep 28",NYM,@,MIL,L,0.0,6.0,N,-3
"Sunday, Sep 29",NYM,@,MIL,W,5.0,0.0,D,1
"Monday, Apr 1",PHI,Home,CIN,L,3.0,6.0,N,-1
"Tuesday, Apr 2",PHI,Home,CIN,W,9.0,4.0,N,1
"Wednesday, Apr 3",PHI,Home,CIN,L,1.0,4.0,D,-1
"Friday, Apr 5",PHI,@,WSN,W,4.0,0.0,N,1
"Saturday, Apr 6",PHI,@,WSN,W,5.0,2.0,D,2
"Sunday, Apr 7",PHI,@,WSN,L,2.0,3.0,D,-1
"Monday, Apr 8",PHI,@,STL,W,5.0,3.0,N,1
"Tuesday, Apr 9",PHI,@,STL,L,0.0,3.0,N,-1
"Wednesday, Apr 10",PHI,@,STL,W,4.0,3.0,D,1
"Thursday, Apr 11",PHI,Home,PIT,W,5.0,1.0,N,2
"Friday, Apr 12",PHI,Home,PIT,L,2.0,5.0,N,-1
"Saturday, Apr 13",PHI,Home,PIT,W-wo,4.0,3.0,D,1
"Sunday, Apr 14",PHI,Home,PIT,L,2.0,9.0,D,-1
"Monday, Apr 15",PHI,Home,COL,W-wo,2.0,1.0,N,1
"Tuesday, Apr 16",PHI,Home,COL,W,5.0,0.0,N,2
"Wednesday, Apr 17",PHI,Home,COL,W,7.0,6.0,N,3
"Monday, Apr 22",PHI,@,CIN,W,7.0,0.0,N,7
"Tuesday, Apr 23",PHI,@,CIN,L,1.0,8.0,N,-1
"Wednesday, Apr 24",PHI,@,CIN,L,4.0,7.0,N,-2
"Thursday, Apr 25",PHI,@,CIN,W,5.0,0.0,D,1
"Friday, Apr 26",PHI,@,SDP,W,9.0,3.0,N,2
"Saturday, Apr 27",PHI,@,SDP,W,5.0,1.0,N,3
"Sunday, Apr 28",PHI,@,SDP,W,8.0,6.0,D,4
"Friday, May 3",PHI,Home,SFG,W,4.0,3.0,N,3
"Saturday, May 4",PHI,Home,SFG,W,14.0,3.0,N,4
"Sunday, May 5",PHI,Home,SFG,W,5.0,4.0,N,5
"Monday, May 6",PHI,Home,SFG,W,6.0,1.0,D,6
"Friday, May 17",PHI,Home,WSN,W,4.0,2.0,N,1
"Saturday, May 18",PHI,Home,WSN,W-wo,4.0,3.0,N,2
"Sunday, May 19",PHI,Home,WSN,W,11.0,5.0,D,3
"Friday, May 24",PHI,@,COL,L-wo,2.0,3.0,N,-1
"Saturday, May 25",PHI,@,COL,W,8.0,4.0,N,1
"Sunday, May 26",PHI,@,COL,L,2.0,5.0,D,-1
"Monday, May 27",PHI,@,SFG,L,4.0,8.0,D,-2
"Tuesday, May 28",PHI,@,SFG,L-wo,0.0,1.0,N,-3
"Wednesday, May 29",PHI,@,SFG,W,6.0,1.0,D,1
"Friday, May 31",PHI,Home,STL,W,4.0,2.0,N,2
"Saturday, Jun 1",PHI,Home,STL,W,6.0,1.0,N,3
"Sunday, Jun 2",PHI,Home,STL,L,4.0,5.0,N,-1
"Monday, Jun 3",PHI,Home,MIL,W,3.0,1.0,N,1
"Tuesday, Jun 4",PHI,Home,MIL,W-wo,2.0,1.0,N,2
"Wednesday, Jun 5",PHI,Home,MIL,W,2.0,0.0,D,3
"Monday, Jun 17",PHI,Home,SDP,W,9.0,2.0,N,1
"Tuesday, Jun 18",PHI,Home,SDP,W-wo,4.0,3.0,N,2
"Wednesday, Jun 19",PHI,Home,SDP,L,2.0,5.0,D,-1
"Tuesday, Jul 2",PHI,@,CHC,W,6.0,4.0,N,2
"Wednesday, Jul 3",PHI,@,CHC,W,5.0,3.0,N,3
"Thursday, Jul 4",PHI,@,CHC,L,2.0,10.0,D,-1
"Tuesday, Jul 9",PHI,Home,LAD,W,10.0,1.0,N,1
"Wednesday, Jul 10",PHI,Home,LAD,W,4.0,3.0,N,2
"Thursday, Jul 11",PHI,Home,LAD,W,5.0,1.0,N,3
"Friday, Jul 19",PHI,@,PIT,L-wo,7.0,8.0,N,-2
"Saturday, Jul 20",PHI,@,PIT,L,1.0,4.0,N,-3
"Sunday, Jul 21",PHI,@,PIT,W,6.0,0.0,D,1
"Monday, Aug 5",PHI,@,LAD,L,3.0,5.0,N,-1
"Tuesday, Aug 6",PHI,@,LAD,W,6.0,2.0,N,1
"Wednesday, Aug 7",PHI,@,LAD,W,9.0,4.0,N,2
"Thursday, Aug 15",PHI,Home,WSN,W,13.0,3.0,N,2
"Friday, Aug 16",PHI,Home,WSN,W-wo,3.0,2.0,N,3
"Saturday, Aug 17",PHI,Home,WSN,W,5.0,1.0,N,4
"Sunday, Aug 18",PHI,Home,WSN,L,4.0,6.0,D,-1
"Monday, Sep 16",PHI,@,MIL,L,2.0,6.0,N,-1
"Tuesday, Sep 17",PHI,@,MIL,W,5.0,1.0,N,1
"Wednesday, Sep 18",PHI,@,MIL,L-wo,1.0,2.0,N,-1
"Monday, Sep 23",PHI,Home,CHC,W,6.0,2.0,N,1
"Tuesday, Sep 24",PHI,Home,CHC,L,4.0,10.0,N,-1
"Wednesday, Sep 25",PHI,Home,CHC,W,9.0,6.0,N,1
"Friday, Sep 27",PHI,@,WSN,L,1.0,9.0,N,-1
"Saturday, Sep 28",PHI,@,WSN,L,3.0,6.0,D,-2
"Sunday, Sep 29",PHI,@,WSN,W,6.0,3.0,D,1
"Monday, Apr 1",CHC,Home,COL,W,5.0,0.0,D,2
"Tuesday, Apr 2",CHC,Home,COL,W,12.0,2.0,N,3
"Wednesday, Apr 3",CHC,Home,COL,W,9.0,8.0,N,4
"Friday, Apr 5",CHC,Home,LAD,W,9.0,7.0,D,5
"Saturday, Apr 6",CHC,Home,LAD,L,1.0,4.0,D,-1
"Sunday, Apr 7",CHC,Home,LAD,W,8.0,1.0,D,1
"Monday, Apr 8",CHC,@,SDP,L,8.0,9.0,N,-1
"Tuesday, Apr 9",CHC,@,SDP,W,5.0,1.0,N,1
"Wednesday, Apr 10",CHC,@,SDP,L,2.0,10.0,D,-1
"Friday, May 3",CHC,Home,MIL,L,1.0,3.0,D,-2
"Saturday, May 4",CHC,Home,MIL,W,6.0,5.0,D,1
"Sunday, May 5",CHC,Home,MIL,W,5.0,0.0,D,2
"Monday, May 6",CHC,Home,SDP,L,3.0,6.0,N,-1
"Tuesday, May 7",CHC,Home,SDP,W-wo,3.0,2.0,N,1
"Wednesday, May 8",CHC,Home,SDP,L,0.0,3.0,D,-1
"Friday, May 10",CHC,@,PIT,W,7.0,2.0,N,1
"Saturday, May 11",CHC,@,PIT,L,9.0,10.0,D,-1
"Sunday, May 12",CHC,@,PIT,W,5.0,4.0,D,1
"Thursday, May 16",CHC,Home,PIT,L,4.0,5.0,N,-1
"Friday, May 17",CHC,Home,PIT,L,3.0,9.0,D,-2
"Saturday, May 18",CHC,Home,PIT,W-wo,1.0,0.0,D,1
"Sunday, May 19",CHC,Home,PIT,L,2.0,3.0,D,-1
"Saturday, May 25",CHC,@,STL,L,6.0,7.0,N,-3
"Sunday, May 26",CHC,@,STL,L,3.0,4.0,N,-4
"Monday, May 27",CHC,@,MIL,L,1.0,5.0,D,-5
"Tuesday, May 28",CHC,@,MIL,W,6.0,3.0,N,1
"Wednesday, May 29",CHC,@,MIL,L,6.0,10.0,N,-1
"Thursday, May 30",CHC,@,MIL,L,4.0,6.0,D,-2
"Friday, May 31",CHC,Home,CIN,L,4.0,5.0,D,-3
"Saturday, Jun 1",CHC,Home,CIN,W,7.0,5.0,N,1
"Sunday, Jun 2",CHC,Home,CIN,L,2.0,5.0,D,-1
"Thursday, Jun 6",CHC,@,CIN,L,4.0,8.0,N,-1
"Friday, Jun 7",CHC,@,CIN,L,2.0,3.0,N,-2
"Saturday, Jun 8",CHC,@,CIN,L,3.0,4.0,D,-3
"Sunday, Jun 9",CHC,@,CIN,W,4.0,2.0,D,1
"Friday, Jun 14",CHC,Home,STL,L,0.0,3.0,D,-2
"Saturday, Jun 15",CHC,Home,STL,W,5.0,1.0,D,1
"Sunday, Jun 16",CHC,Home,STL,L,1.0,2.0,D,-1
"Monday, Jun 17",CHC,Home,SFG,L,6.0,7.0,N,-2
"Tuesday, Jun 18",CHC,Home,SFG,W,5.0,2.0,N,1
"Wednesday, Jun 19",CHC,Home,SFG,W,6.0,5.0,D,2
"Monday, Jun 24",CHC,@,SFG,L-wo,4.0,5.0,N,-2
"Tuesday, Jun 25",CHC,@,SFG,L,1.0,5.0,N,-3
"Wednesday, Jun 26",CHC,@,SFG,L,3.0,4.0,N,-4
"Thursday, Jun 27",CHC,@,SFG,W,5.0,3.0,D,1
"Friday, Jun 28",CHC,@,MIL,L,2.0,4.0,N,-1
"Saturday, Jun 29",CHC,@,MIL,W,5.0,3.0,D,1
"Sunday, Jun 30",CHC,@,MIL,L,1.0,7.0,D,-1
"Friday, Jul 12",CHC,@,STL,W,5.0,1.0,N,5
"Saturday, Jul 13 (1)",CHC,@,STL,L,3.0,11.0,D,-1
"Saturday, Jul 13 (2)",CHC,@,STL,L,4.0,5.0,N,-2
"Sunday, Jul 14",CHC,@,STL,W,8.0,3.0,D,1
"Monday, Jul 22",CHC,Home,MIL,W,3.0,1.0,N,2
"Tuesday, Jul 23",CHC,Home,MIL,L,0.0,1.0,N,-1
"Wednesday, Jul 24",CHC,Home,MIL,L,2.0,3.0,D,-2
"Monday, Jul 29",CHC,@,CIN,L,1.0,7.0,N,-1
"Tuesday, Jul 30",CHC,@,CIN,L,3.0,6.0,N,-2
"Wednesday, Jul 31",CHC,@,CIN,W,13.0,4.0,N,1
"Thursday, Aug 1",CHC,Home,STL,W-wo,5.0,4.0,N,2
"Friday, Aug 2",CHC,Home,STL,W,6.0,3.0,D,3
"Saturday, Aug 3",CHC,Home,STL,L,4.0,5.0,D,-1
"Sunday, Aug 4",CHC,Home,STL,W,6.0,2.0,N,1
"Monday, Aug 26",CHC,@,PIT,W,18.0,8.0,N,1
"Tuesday, Aug 27",CHC,@,PIT,W,9.0,5.0,N,2
"Wednesday, Aug 28",CHC,@,PIT,W,14.0,10.0,D,3
"Friday, Aug 30",CHC,@,WSN,W,7.0,6.0,N,4
"Saturday, Aug 31",CHC,@,WSN,W,5.0,3.0,D,5
"Sunday, Sep 1",CHC,@,WSN,W,14.0,1.0,D,6
"Monday, Sep 2",CHC,Home,PIT,L,3.0,5.0,N,-1
"Tuesday, Sep 3",CHC,Home,PIT,L,0.0,5.0,N,-2
"Wednesday, Sep 4",CHC,Home,PIT,W,12.0,0.0,N,1
"Monday, Sep 9",CHC,@,LAD,W,10.0,4.0,N,2
"Tuesday, Sep 10",CHC,@,LAD,W,6.0,3.0,N,3
"Wednesday, Sep 11",CHC,@,LAD,L,8.0,10.0,N,-1
"Friday, Sep 13",CHC,@,COL,L,5.0,9.0,N,-2
"Saturday, Sep 14",CHC,@,COL,L-wo,5.0,6.0,N,-3
"Sunday, Sep 15",CHC,@,COL,W,6.0,2.0,D,1
"Thursday, Sep 19",CHC,Home,WSN,W,7.0,6.0,N,1
"Friday, Sep 20",CHC,Home,WSN,W,3.0,1.0,D,2
"Saturday, Sep 21",CHC,Home,WSN,L,1.0,5.0,D,-1
"Sunday, Sep 22",CHC,Home,WSN,W,5.0,0.0,D,1
"Friday, Sep 27",CHC,Home,CIN,W,1.0,0.0,D,1
"Saturday, Sep 28",CHC,Home,CIN,W,3.0,0.0,D,2
"Sunday, Sep 29",CHC,Home,CIN,L,0.0,3.0,D,-1
"Thursday, Mar 28",CIN,Home,WSN,W,8.0,2.0,D,1
"Saturday, Mar 30",CIN,Home,WSN,L,6.0,7.0,D,-1
"Sunday, Mar 31",CIN,Home,WSN,W-wo,6.0,5.0,D,1
"Monday, Apr 8",CIN,Home,MIL,W,10.0,8.0,N,1
"Tuesday, Apr 9",CIN,Home,MIL,L,5.0,9.0,N,-1
"Wednesday, Apr 10",CIN,Home,MIL,L,2.0,7.0,N,-2
"Monday, Apr 29",CIN,@,SDP,W,5.0,2.0,N,1
"Tuesday, Apr 30",CIN,@,SDP,L,4.0,6.0,N,-1
"Wednesday, May 1",CIN,@,SDP,L,2.0,6.0,D,-2
"Friday, May 10",CIN,@,SFG,W,4.0,2.0,N,1
"Saturday, May 11",CIN,@,SFG,L,1.0,5.0,D,-1
"Sunday, May 12",CIN,@,SFG,L-wo,5.0,6.0,D,-2
"Thursday, May 16",CIN,@,LAD,W,7.0,2.0,N,1
"Friday, May 17",CIN,@,LAD,L,3.0,7.0,N,-1
"Saturday, May 18",CIN,@,LAD,L,0.0,4.0,N,-2
"Sunday, May 19",CIN,@,LAD,L-wo,2.0,3.0,D,-3
"Tuesday, May 21",CIN,Home,SDP,W,2.0,0.0,N,1
"Wednesday, May 22",CIN,Home,SDP,L,3.0,7.0,N,-1
"Thursday, May 23",CIN,Home,SDP,L,4.0,6.0,D,-2
"Friday, May 24",CIN,Home,LAD,W,9.0,6.0,N,1
"Saturday, May 25",CIN,Home,LAD,W,3.0,1.0,N,2
"Sunday, May 26",CIN,Home,LAD,W,4.0,1.0,D,3
"Monday, May 27",CIN,Home,STL,W,3.0,1.0,D,4
"Tuesday, May 28",CIN,Home,STL,L,1.0,7.0,N,-1
"Wednesday, May 29",CIN,Home,STL,L,3.0,5.0,D,-2
"Monday, Jun 3",CIN,@,COL,W,13.0,3.0,N,2
"Tuesday, Jun 4",CIN,@,COL,W,4.0,1.0,N,3
"Wednesday, Jun 5",CIN,@,COL,W,12.0,7.0,D,4
"Friday, Jun 14",CIN,@,MIL,W,6.0,5.0,N,2
"Saturday, Jun 15",CIN,@,MIL,L,1.0,3.0,D,-1
"Sunday, Jun 16",CIN,@,MIL,L,4.0,5.0,D,-2
"Monday, Jun 17",CIN,@,PIT,L,1.0,4.0,N,-3
"Tuesday, Jun 18",CIN,@,PIT,W,2.0,1.0,N,1
"Wednesday, Jun 19",CIN,@,PIT,L,0.0,1.0,D,-1
"Monday, Jun 24",CIN,Home,PIT,W,11.0,5.0,N,1
"Tuesday, Jun 25",CIN,Home,PIT,L,5.0,9.0,N,-1
"Wednesday, Jun 26",CIN,Home,PIT,L,1.0,6.0,D,-2
"Thursday, Jun 27",CIN,@,STL,W,11.0,4.0,N,1
"Friday, Jun 28",CIN,@,STL,L,0.0,1.0,N,-1
"Saturday, Jun 29",CIN,@,STL,W,9.0,4.0,D,1
"Sunday, Jun 30",CIN,@,STL,L,0.0,2.0,D,-1
"Monday, Jul 8",CIN,Home,COL,W,6.0,0.0,N,1
"Tuesday, Jul 9",CIN,Home,COL,W,12.0,6.0,N,2
"Wednesday, Jul 10",CIN,Home,COL,L,5.0,6.0,N,-1
"Thursday, Jul 11",CIN,Home,COL,W,8.0,1.0,D,1
"Friday, Jul 19",CIN,@,WSN,L,5.0,8.0,N,-2
"Saturday, Jul 20",CIN,@,WSN,L,4.0,5.0,N,-3
"Sunday, Jul 21",CIN,@,WSN,L,2.0,5.0,D,-4
"Friday, Aug 2",CIN,Home,SFG,L,0.0,3.0,N,-2
"Saturday, Aug 3",CIN,Home,SFG,W,6.0,4.0,N,1
"Sunday, Aug 4",CIN,Home,SFG,L,2.0,8.0,D,-1
"Friday, Aug 9",CIN,@,MIL,L,3.0,8.0,N,-1
"Saturday, Aug 10",CIN,@,MIL,L,0.0,1.0,N,-2
"Sunday, Aug 11",CIN,@,MIL,W,4.0,3.0,D,1
"Monday, Aug 12",CIN,Home,STL,W,6.0,1.0,N,2
"Tuesday, Aug 13",CIN,Home,STL,W,4.0,1.0,N,3
"Wednesday, Aug 14",CIN,Home,STL,W,9.0,2.0,N,4
"Thursday, Aug 22",CIN,@,PIT,L,0.0,7.0,N,-1
"Friday, Aug 23",CIN,@,PIT,L,5.0,6.0,N,-2
"Saturday, Aug 24",CIN,@,PIT,W,10.0,2.0,N,1
"Sunday, Aug 25",CIN,@,PIT,L-wo,3.0,4.0,D,-1
"Friday, Aug 30 (1)",CIN,Home,MIL,L,4.0,5.0,D,-1
"Friday, Aug 30 (2)",CIN,Home,MIL,L,0.0,14.0,N,-2
"Saturday, Aug 31",CIN,Home,MIL,L,4.0,5.0,N,-3
"Sunday, Sep 1",CIN,Home,MIL,W-wo,4.0,3.0,D,1
"Tuesday, Sep 10",CIN,@,STL,W,3.0,0.0,N,3
"Wednesday, Sep 11",CIN,@,STL,L,1.0,2.0,N,-1
"Thursday, Sep 12",CIN,@,STL,L,1.0,6.0,D,-2
"Friday, Sep 20",CIN,Home,PIT,W,8.0,3.0,N,1
"Saturday, Sep 21",CIN,Home,PIT,W,7.0,1.0,D,2
"Sunday, Sep 22",CIN,Home,PIT,L,0.0,2.0,D,-1
"Monday, Apr 22",COL,Home,SDP,L,1.0,3.0,N,-2
"Tuesday, Apr 23",COL,Home,SDP,W,7.0,4.0,N,1
"Wednesday, Apr 24",COL,Home,SDP,L,2.0,5.0,N,-1
"Thursday, Apr 25",COL,Home,SDP,W,10.0,9.0,D,1
"Friday, May 3",COL,@,PIT,W,3.0,2.0,N,1
"Saturday, May 4",COL,@,PIT,L-wo,0.0,1.0,D,-1
"Sunday, May 5",COL,@,PIT,L,3.0,5.0,D,-2
"Tuesday, May 7",COL,Home,SFG,L,0.0,5.0,N,-3
"Wednesday, May 8",COL,Home,SFG,L,6.0,8.0,N,-4
"Thursday, May 9",COL,Home,SFG,W,9.0,1.0,D,1
"Monday, May 13",COL,@,SDP,W,5.0,4.0,N,5
"Tuesday, May 14",COL,@,SDP,W,6.0,3.0,N,6
"Wednesday, May 15",COL,@,SDP,W,8.0,0.0,D,7
"Friday, May 17",COL,@,SFG,L,5.0,10.0,N,-1
"Saturday, May 18",COL,@,SFG,L,4.0,14.0,D,-2
"Sunday, May 19",COL,@,SFG,L,1.0,4.0,D,-3
"Friday, May 31",COL,@,LAD,W,4.0,1.0,N,2
"Saturday, Jun 1",COL,@,LAD,L,1.0,4.0,N,-1
"Sunday, Jun 2",COL,@,LAD,L,0.0,4.0,D,-2
"Thursday, Jun 6",COL,@,STL,W,3.0,2.0,N,1
"Friday, Jun 7",COL,@,STL,L,5.0,8.0,N,-1
"Saturday, Jun 8",COL,@,STL,W,6.0,5.0,D,1
"Sunday, Jun 9",COL,@,STL,L,1.0,5.0,D,-1
"Friday, Jun 14",COL,Home,PIT,L,2.0,5.0,N,-2
"Saturday, Jun 15",COL,Home,PIT,W,16.0,4.0,N,1
"Sunday, Jun 16",COL,Home,PIT,L,2.0,8.0,D,-1
"Monday, Jun 17",COL,Home,LAD,L,5.0,9.0,N,-2
"Tuesday, Jun 18",COL,Home,LAD,L,9.0,11.0,N,-3
"Wednesday, Jun 19",COL,Home,LAD,W-wo,7.0,6.0,N,1
"Thursday, Jun 20",COL,Home,LAD,L,3.0,5.0,D,-1
"Friday, Jun 21",COL,Home,WSN,L,5.0,11.0,N,-2
"Saturday, Jun 22",COL,Home,WSN,W-wo,8.0,7.0,N,1
"Sunday, Jun 23",COL,Home,WSN,L,1.0,2.0,D,-1
"Monday, Jul 1",COL,Home,MIL,W-wo,8.0,7.0,N,2
"Tuesday, Jul 2",COL,Home,MIL,L,3.0,4.0,N,-1
"Wednesday, Jul 3",COL,Home,MIL,L,0.0,3.0,N,-2
"Thursday, Jul 4",COL,Home,MIL,W,4.0,3.0,N,1
"Friday, Jul 19",COL,Home,SFG,W,7.0,3.0,N,2
"Saturday, Jul 20",COL,Home,SFG,W,4.0,3.0,N,3
"Sunday, Jul 21",COL,Home,SFG,L,2.0,3.0,D,-1
"Friday, Jul 26",COL,@,SFG,L,4.0,11.0,N,-1
"Saturday, Jul 27 (1)",COL,@,SFG,L,1.0,4.0,N,-2
"Saturday, Jul 27 (2)",COL,@,SFG,L,0.0,5.0,N,-3
"Sunday, Jul 28",COL,@,SFG,L,4.0,5.0,D,-4
"Friday, Aug 2",COL,@,SDP,W,5.0,2.0,N,3
"Saturday, Aug 3",COL,@,SDP,L,2.0,3.0,N,-1
"Sunday, Aug 4",COL,@,SDP,L,2.0,10.0,D,-2
"Friday, Aug 16",COL,Home,SDP,W,7.0,3.0,N,1
"Saturday, Aug 17",COL,Home,SDP,L,3.0,8.0,N,-1
"Sunday, Aug 18",COL,Home,SDP,W,3.0,2.0,D,1
"Tuesday, Aug 20",COL,@,WSN,W,3.0,1.0,N,2
"Wednesday, Aug 21",COL,@,WSN,L,1.0,6.0,N,-1
"Thursday, Aug 22",COL,@,WSN,L,3.0,8.0,D,-2
"Friday, Sep 6",COL,@,MIL,W,3.0,2.0,N,2
"Saturday, Sep 7",COL,@,MIL,L,2.0,5.0,N,-1
"Sunday, Sep 8",COL,@,MIL,W,4.0,1.0,D,1
"Friday, Sep 20",COL,@,LAD,L,4.0,6.0,N,-2
"Saturday, Sep 21",COL,@,LAD,W,6.0,3.0,N,1
"Sunday, Sep 22",COL,@,LAD,L-wo,5.0,6.0,D,-1
"Tuesday, Sep 24",COL,Home,STL,L,3.0,7.0,N,-2
"Wednesday, Sep 25",COL,Home,STL,L,2.0,5.0,N,-3
"Thursday, Sep 26",COL,Home,STL,W,10.0,8.0,D,1
"Friday, Sep 27",COL,Home,LAD,L,4.0,11.0,N,-1
"Saturday, Sep 28",COL,Home,LAD,L,2.0,13.0,N,-2
"Sunday, Sep 29",COL,Home,LAD,L,1.0,2.0,D,-3
"Wednesday, Mar 20",LAD,@,SDP,W,5.0,2.0,N,1
"Thursday, Mar 21",LAD,Home,SDP,L,11.0,15.0,N,-1
"Thursday, Mar 28",LAD,Home,STL,W,7.0,1.0,D,1
"Friday, Mar 29",LAD,Home,STL,W,6.0,3.0,N,2
"Saturday, Mar 30",LAD,Home,STL,L,5.0,6.0,N,-1
"Sunday, Mar 31",LAD,Home,STL,W,5.0,4.0,D,1
"Monday, Apr 1",LAD,Home,SFG,W,8.0,3.0,N,2
"Tuesday, Apr 2",LAD,Home,SFG,W,5.0,4.0,N,3
"Wednesday, Apr 3",LAD,Home,SFG,W,5.0,4.0,N,4
"Friday, Apr 12",LAD,Home,SDP,L,7.0,8.0,N,-2
"Saturday, Apr 13",LAD,Home,SDP,W,5.0,2.0,N,1
"Sunday, Apr 14",LAD,Home,SDP,L,3.0,6.0,D,-1
"Monday, Apr 15",LAD,Home,WSN,L,4.0,6.0,N,-2
"Tuesday, Apr 16",LAD,Home,WSN,W,6.0,2.0,N,1
"Wednesday, Apr 17",LAD,Home,WSN,L,0.0,2.0,D,-1
"Tuesday, Apr 23",LAD,@,WSN,W,4.0,1.0,N,2
"Wednesday, Apr 24",LAD,@,WSN,W,11.0,2.0,N,3
"Thursday, Apr 25",LAD,@,WSN,W,2.0,1.0,D,4
"Friday, May 10",LAD,@,SDP,L-wo,1.0,2.0,N,-1
"Saturday, May 11",LAD,@,SDP,W,5.0,0.0,N,1
"Sunday, May 12",LAD,@,SDP,L,0.0,4.0,D,-1
"Monday, May 13",LAD,@,SFG,W,6.0,4.0,N,1
"Tuesday, May 14",LAD,@,SFG,W,10.0,2.0,N,2
"Wednesday, May 15",LAD,@,SFG,L,1.0,4.0,N,-1
"Tuesday, Jun 4",LAD,@,PIT,L,0.0,1.0,N,-1
"Wednesday, Jun 5",LAD,@,PIT,L,6.0,10.0,N,-2
"Thursday, Jun 6",LAD,@,PIT,W,11.0,7.0,N,1
"Friday, Jun 28",LAD,@,SFG,L-wo,3.0,5.0,N,-1
"Saturday, Jun 29",LAD,@,SFG,W,14.0,7.0,D,1
"Sunday, Jun 30",LAD,@,SFG,L,4.0,10.0,D,-1
"Friday, Jul 5",LAD,Home,MIL,W,8.0,5.0,N,1
"Saturday, Jul 6",LAD,Home,MIL,W,5.0,3.0,D,2
"Sunday, Jul 7",LAD,Home,MIL,L,2.0,9.0,D,-1
"Monday, Jul 22",LAD,Home,SFG,W,3.0,2.0,N,4
"Tuesday, Jul 23",LAD,Home,SFG,W,5.0,2.0,N,5
"Wednesday, Jul 24",LAD,Home,SFG,L,3.0,8.0,N,-1
"Thursday, Jul 25",LAD,Home,SFG,W,6.0,4.0,D,1
"Tuesday, Jul 30",LAD,@,SDP,L-wo,5.0,6.0,N,-1
"Wednesday, Jul 31",LAD,@,SDP,L,1.0,8.0,N,-2
"Friday, Aug 9",LAD,Home,PIT,W,9.0,5.0,N,1
"Saturday, Aug 10",LAD,Home,PIT,W,4.0,1.0,N,2
"Sunday, Aug 11",LAD,Home,PIT,W-wo,6.0,5.0,D,3
"Monday, Aug 12",LAD,@,MIL,W,5.0,2.0,N,4
"Tuesday, Aug 13",LAD,@,MIL,W,7.0,2.0,N,5
"Wednesday, Aug 14",LAD,@,MIL,L,4.0,5.0,N,-1
"Thursday, Aug 15",LAD,@,MIL,L,4.0,6.0,D,-2
"Friday, Aug 16",LAD,@,STL,W,7.0,6.0,N,1
"Saturday, Aug 17",LAD,@,STL,L,2.0,5.0,N,-1
"Sunday, Aug 18",LAD,@,STL,W,2.0,1.0,D,1
"Tuesday, Sep 24",LAD,Home,SDP,L,2.0,4.0,N,-1
"Wednesday, Sep 25",LAD,Home,SDP,W,4.0,3.0,N,1
"Thursday, Sep 26",LAD,Home,SDP,W,7.0,2.0,N,2
"Monday, Apr 15",MIL,Home,SDP,L,3.0,7.0,N,-2
"Tuesday, Apr 16",MIL,Home,SDP,L,3.0,6.0,N,-3
"Wednesday, Apr 17",MIL,Home,SDP,W,1.0,0.0,D,1
"Friday, Apr 19",MIL,@,STL,W,2.0,1.0,N,2
"Saturday, Apr 20",MIL,@,STL,W,12.0,5.0,D,3
"Sunday, Apr 21",MIL,@,STL,W,2.0,0.0,D,4
"Monday, Apr 22",MIL,@,PIT,L,2.0,4.0,N,-1
"Tuesday, Apr 23",MIL,@,PIT,L,1.0,2.0,N,-2
"Wednesday, Apr 24",MIL,@,PIT,W,3.0,2.0,N,1
"Thursday, Apr 25",MIL,@,PIT,W,7.0,5.0,D,2
"Thursday, May 9",MIL,Home,STL,W,7.0,1.0,N,1
"Friday, May 10",MIL,Home,STL,W,11.0,2.0,N,2
"Saturday, May 11",MIL,Home,STL,W,5.0,3.0,N,3
"Sunday, May 12",MIL,Home,STL,L,3.0,4.0,D,-1
"Monday, May 13",MIL,Home,PIT,L,6.0,8.0,N,-2
"Tuesday, May 14",MIL,Home,PIT,W,4.0,3.0,N,1
"Wednesday, May 15",MIL,Home,PIT,W,10.0,2.0,D,2
"Thursday, Jun 20",MIL,@,SDP,L-wo,6.0,7.0,N,-1
"Friday, Jun 21",MIL,@,SDP,L,5.0,9.0,N,-2
"Saturday, Jun 22",MIL,@,SDP,L,4.0,6.0,D,-3
"Sunday, Jun 23",MIL,@,SDP,W,6.0,2.0,D,1
"Tuesday, Jul 9",MIL,Home,PIT,L,2.0,12.0,N,-1
"Wednesday, Jul 10",MIL,Home,PIT,W,9.0,0.0,N,1
"Thursday, Jul 11",MIL,Home,PIT,L,0.0,1.0,D,-1
"Friday, Jul 12",MIL,Home,WSN,L,2.0,5.0,N,-2
"Saturday, Jul 13",MIL,Home,WSN,L,5.0,6.0,D,-3
"Sunday, Jul 14",MIL,Home,WSN,W,9.0,3.0,D,1
"Friday, Aug 2",MIL,@,WSN,W,8.0,3.0,N,1
"Saturday, Aug 3",MIL,@,WSN,L,4.0,6.0,D,-1
"Sunday, Aug 4",MIL,@,WSN,L,3.0,4.0,D,-2
"Tuesday, Aug 20",MIL,@,STL,W,3.0,2.0,N,6
"Wednesday, Aug 21",MIL,@,STL,L-wo,6.0,10.0,N,-1
"Thursday, Aug 22",MIL,@,STL,L,0.0,3.0,D,-2
"Tuesday, Aug 27",MIL,Home,SFG,L,4.0,5.0,N,-2
"Wednesday, Aug 28",MIL,Home,SFG,W,5.0,3.0,N,1
"Thursday, Aug 29",MIL,Home,SFG,W,6.0,0.0,D,2
"Monday, Sep 2",MIL,Home,STL,W,9.0,3.0,D,1
"Tuesday, Sep 3",MIL,Home,STL,L,4.0,7.0,N,-1
"Wednesday, Sep 4",MIL,Home,STL,L,2.0,3.0,N,-2
"Tuesday, Sep 10",MIL,@,SFG,W,3.0,2.0,N,1
"Wednesday, Sep 11",MIL,@,SFG,L,2.0,13.0,N,-1
"Thursday, Sep 12",MIL,@,SFG,W,3.0,0.0,N,1
"Tuesday, Sep 24",MIL,@,PIT,W,7.0,2.0,N,2
"Wednesday, Sep 25",MIL,@,PIT,L,1.0,2.0,N,-1
"Thursday, Sep 26",MIL,@,PIT,W,5.0,2.0,D,1
"Monday, Apr 1",STL,@,SDP,W,6.0,2.0,N,1
"Tuesday, Apr 2",STL,@,SDP,W,5.0,2.0,N,2
"Wednesday, Apr 3",STL,@,SDP,L,2.0,3.0,D,-1
"Tuesday, Jun 11",STL,Home,PIT,L,1.0,2.0,N,-1
"Wednesday, Jun 12",STL,Home,PIT,W,4.0,2.0,N,1
"Thursday, Jun 13",STL,Home,PIT,W,4.0,3.0,D,2
"Thursday, Jun 20",STL,Home,SFG,W,6.0,5.0,N,1
"Saturday, Jun 22",STL,Home,SFG,W,9.0,4.0,D,2
"Sunday, Jun 23",STL,Home,SFG,W,5.0,3.0,D,3
"Tuesday, Jul 2",STL,@,PIT,W,7.0,4.0,N,2
"Wednesday, Jul 3",STL,@,PIT,L-wo,4.0,5.0,N,-1
"Thursday, Jul 4",STL,@,PIT,W,3.0,2.0,D,1
"Friday, Jul 5",STL,@,WSN,W,7.0,6.0,N,2
"Saturday, Jul 6",STL,@,WSN,L,6.0,14.0,D,-1
"Sunday, Jul 7",STL,@,WSN,W,8.0,3.0,D,1
"Monday, Jul 8",STL,@,WSN,W,6.0,0.0,D,2
"Monday, Jul 22",STL,@,PIT,L,1.0,2.0,N,-1
"Tuesday, Jul 23",STL,@,PIT,W,2.0,1.0,N,1
"Wednesday, Jul 24",STL,@,PIT,L,0.0,5.0,D,-1
"Friday, Jul 26",STL,Home,WSN,L,8.0,10.0,N,-2
"Saturday, Jul 27",STL,Home,WSN,L,3.0,14.0,N,-3
"Sunday, Jul 28",STL,Home,WSN,W-wo,4.0,3.0,D,1
"Monday, Aug 26",STL,Home,SDP,L,4.0,7.0,N,-1
"Tuesday, Aug 27",STL,Home,SDP,L,5.0,7.0,N,-2
"Wednesday, Aug 28",STL,Home,SDP,W-wo,4.0,3.0,N,1
"Thursday, Aug 29",STL,Home,SDP,W,4.0,1.0,D,2
"Monday, Sep 16",STL,Home,PIT,W,4.0,0.0,N,1
"Tuesday, Sep 17",STL,Home,PIT,W,3.0,1.0,N,2
"Wednesday, Sep 18",STL,Home,PIT,W,10.0,5.0,N,3
"Thursday, Sep 19",STL,Home,PIT,L,2.0,3.0,N,-1
"Friday, Sep 27",STL,@,SFG,W,6.0,3.0,N,1
"Saturday, Sep 28",STL,@,SFG,L,5.0,6.0,D,-1
"Sunday, Sep 29",STL,@,SFG,W,6.0,1.0,D,1
"Monday, Apr 1",PIT,@,WSN,W,8.0,4.0,D,5
"Wednesday, Apr 3",PIT,@,WSN,L,3.0,5.0,N,-1
"Thursday, Apr 4",PIT,@,WSN,W,7.0,4.0,D,1
"Friday, Apr 26",PIT,@,SFG,L-wo,0.0,3.0,N,-3
"Saturday, Apr 27",PIT,@,SFG,W,4.0,3.0,N,1
"Sunday, Apr 28",PIT,@,SFG,L,2.0,3.0,D,-1
"Tuesday, May 21",PIT,Home,SFG,W-wo,7.0,6.0,N,2
"Wednesday, May 22",PIT,Home,SFG,L,5.0,9.0,N,-1
"Thursday, May 23",PIT,Home,SFG,L,6.0,7.0,D,-2
"Tuesday, Aug 6",PIT,Home,SDP,L,0.0,6.0,N,-2
"Wednesday, Aug 7",PIT,Home,SDP,L,8.0,9.0,N,-3
"Thursday, Aug 8",PIT,Home,SDP,L,6.0,7.0,D,-4
"Monday, Aug 12",PIT,@,SDP,L,1.0,2.0,N,-8
"Tuesday, Aug 13",PIT,@,SDP,L,0.0,3.0,N,-9
"Wednesday, Aug 14",PIT,@,SDP,L,2.0,8.0,D,-10
"Thursday, Sep 5",PIT,Home,WSN,W,9.0,4.0,N,1
"Saturday, Sep 7 (1)",PIT,Home,WSN,L,3.0,5.0,D,-1
"Saturday, Sep 7 (2)",PIT,Home,WSN,L,6.0,8.0,N,-2
"Sunday, Sep 8",PIT,Home,WSN,W,7.0,3.0,D,1
"Thursday, Mar 28",SDP,Home,SFG,W,6.0,4.0,D,2
"Friday, Mar 29",SDP,Home,SFG,L,3.0,8.0,N,-1
"Saturday, Mar 30",SDP,Home,SFG,L,6.0,9.0,D,-2
"Sunday, Mar 31",SDP,Home,SFG,W,13.0,4.0,D,1
"Friday, Apr 5",SDP,@,SFG,L-wo,2.0,3.0,D,-1
"Saturday, Apr 6",SDP,@,SFG,W,4.0,0.0,N,1
"Sunday, Apr 7",SDP,@,SFG,L,2.0,3.0,D,-1
"Monday, Jun 24",SDP,Home,WSN,W-wo,7.0,6.0,N,1
"Tuesday, Jun 25",SDP,Home,WSN,W,9.0,7.0,N,2
"Wednesday, Jun 26",SDP,Home,WSN,W,8.0,5.0,D,3
"Tuesday, Jul 23",SDP,@,WSN,W,4.0,0.0,N,3
"Wednesday, Jul 24",SDP,@,WSN,W,12.0,3.0,N,4
"Thursday, Jul 25",SDP,@,WSN,W,3.0,0.0,D,5
"Friday, Sep 6",SDP,Home,SFG,W,5.0,1.0,N,1
"Saturday, Sep 7",SDP,Home,SFG,L,3.0,6.0,N,-1
"Sunday, Sep 8",SDP,Home,SFG,L,6.0,7.0,D,-2
"Friday, Sep 13",SDP,@,SFG,W,5.0,0.0,N,1
"Saturday, Sep 14",SDP,@,SFG,W,8.0,0.0,N,2
"Sunday, Sep 15",SDP,@,SFG,W,4.0,3.0,D,3
"Monday, Apr 8",SFG,Home,WSN,L,1.0,8.0,N,-1
"Tuesday, Apr 9",SFG,Home,WSN,L,3.0,5.0,N,-2
"Wednesday, Apr 10",SFG,Home,WSN,W,7.0,1.0,D,1
"Monday, Aug 5",SFG,@,WSN,W,4.0,1.0,N,2
"Tuesday, Aug 6",SFG,@,WSN,L,5.0,11.0,N,-1
"Wednesday, Aug 7",SFG,@,WSN,W,7.0,4.0,N,1
"Thursday, Aug 8",SFG,@,WSN,W,9.0,5.0,D,2
