game_id,date,season,home_team,away_team,home_score,away_score,total_score,goal_diff,home_won,home_rest_days,away_rest_days,rest_days_diff,is_back_to_back_home,is_back_to_back_away,home_streak,away_streak,streak_diff,home_wins_l10,away_wins_l10,home_goals_l10,away_goals_l10,goals_diff_l10,home_goals_against_l10,away_goals_against_l10,goals_against_diff_l10,home_total_goals_l10,away_total_goals_l10,home_shots_l10,away_shots_l10,home_shots_against_l10,away_shots_against_l10,home_shooting_pct_l10,away_shooting_pct_l10,home_save_pct_l10,away_save_pct_l10,home_pp_goals_l10,away_pp_goals_l10,home_pp_goals_against_l10,away_pp_goals_against_l10,home_hits_l10,away_hits_l10,home_pim_l10,away_pim_l10,home_blocked_shots_l10,away_blocked_shots_l10,home_takeaways_l10,away_takeaways_l10,home_giveaways_l10,away_giveaways_l10,home_home_wins_l10,away_away_wins_l10,home_home_games_l10,away_home_games_l10,home_goals_std_l10,away_goals_std_l10,home_goals_against_std_l10,away_goals_against_std_l10,home_goals_trend_l10,away_goals_trend_l10,home_goals_against_trend_l10,away_goals_against_trend_l10,home_top3_avg_goals,away_top3_avg_goals,home_top6_avg_goals,away_top6_avg_goals,home_top3_avg_assists,away_top3_avg_assists,home_top6_avg_assists,away_top6_avg_assists,home_top3_avg_points,away_top3_avg_points,home_top6_avg_points,away_top6_avg_points,home_top6_total_plusminus,away_top6_total_plusminus
2022020150,2022-11-01,2022-2023,WSH,VGK,2,3,5,-1,0,0.0,0.0,0.0,1,1,-1.0,4.0,-5.0,5.0,8.0,3.0,3.2,-0.20000000000000018,2.5,1.7,0.8,5.5,4.9,28.0,34.0,32.5,29.0,0.11042891017028947,0.10241822160821208,0.921515716006885,0.9423304311396878,0.7,0.6,0.6,0.5,31.2,22.3,8.4,4.9,15.0,20.6,7.0,7.1,8.2,6.4,3.0,3.0,4.0,6.0,1.8856180831641267,1.398411797560202,1.2692955176439846,1.1595018087284057,-1.3333333333333333,0.1333333333333333,-1.1666666666666667,-0.7,0.3,0.03333333333333333,0.21666666666666665,0.10000000000000002,0.3,0.3,0.3666666666666667,0.3833333333333333,0.6,0.3333333333333333,0.5833333333333334,0.4833333333333332,0.6,2.8
2022020161,2022-11-03,2022-2023,NYR,BOS,2,5,7,-3,0,1.0,0.0,1.0,0,1,3.0,6.0,-3.0,5.0,9.0,2.9,4.4,-1.5000000000000004,2.8,2.6,0.19999999999999973,5.7,7.0,36.2,35.7,28.4,31.7,0.08535410516712706,0.12403693727010859,0.8954921132507339,0.9177191013404442,0.8,0.9,0.5,0.2,29.9,26.3,6.9,9.9,14.6,14.9,5.2,5.8,10.0,7.6,2.0,3.0,5.0,6.0,2.5144029554194813,1.5055453054181622,1.3165611772087666,2.118699810942761,0.43333333333333357,0.5999999999999996,-1.133333333333333,-0.6000000000000001,0.24242424242424243,0.6333333333333333,0.24242424242424243,0.5166666666666666,0.2727272727272727,0.3666666666666667,0.3181818181818182,0.2833333333333333,0.5151515151515151,1.0,0.5606060606060607,0.7999999999999999,-0.39999999999999997,1.0
2022020174,2022-11-04,2022-2023,CAR,BUF,5,3,8,2,1,0.0,1.0,-1.0,1,0,3.0,3.0,0.0,7.0,7.0,3.1,4.3,-1.1999999999999997,2.6,2.8,-0.19999999999999973,5.7,7.1,38.1,33.1,26.0,31.7,0.08223164142092786,0.13131386327038497,0.9017516946355737,0.8997869619894244,0.7,0.9,0.9,0.7,20.8,10.9,8.7,7.2,9.8,11.9,11.1,8.1,6.2,6.1,2.0,3.0,3.0,6.0,1.1005049346146119,2.0575065816014617,1.505545305418162,1.2292725943057181,-0.10000000000000009,1.7000000000000002,0.06666666666666643,0.20000000000000018,0.10000000000000002,0.16666666666666666,0.09999999999999999,0.3541666666666667,0.39999999999999997,0.5333333333333333,0.23333333333333336,0.4166666666666667,0.5000000000000001,0.7000000000000001,0.3333333333333334,0.7708333333333334,-0.20000000000000004,2.675
2022020168,2022-11-04,2022-2023,CHI,LAK,2,1,3,1,1,1.0,1.0,0.0,0,0,-4.0,-1.0,-3.0,4.0,6.0,3.2,3.8,-0.5999999999999996,3.2,3.8,-0.5999999999999996,6.4,7.6,25.7,33.9,34.1,30.5,0.12376941254223198,0.11500890561996036,0.906888879674883,0.8722218084203378,0.9,1.0,1.1,1.0,28.4,19.1,13.0,9.2,16.7,15.2,9.5,5.9,10.4,7.4,3.0,4.0,6.0,3.0,1.751190071541826,1.6865480854231356,1.5491933384829668,1.7511900715418263,-0.8666666666666667,-0.1333333333333333,-0.20000000000000018,-1.1333333333333333,0.26666666666666666,0.08333333333333333,0.1708333333333333,0.2222222222222222,0.4000000000000001,0.3611111111111111,0.23333333333333336,0.40277777777777773,0.6666666666666666,0.4444444444444445,0.40416666666666673,0.625,0.09999999999999998,-0.6388888888888888
2022020170,2022-11-04,2022-2023,EDM,NJD,3,4,7,-1,0,1.0,1.0,0.0,0,0,5.0,4.0,1.0,7.0,7.0,4.1,3.6,0.49999999999999956,3.0,2.4,0.6000000000000001,7.1,6.0,33.4,39.1,33.6,21.7,0.12242040973737692,0.08816769551401349,0.9070923686026662,0.8903570598199755,1.3,0.6,1.2,0.4,26.3,17.6,9.5,10.0,12.2,13.5,10.6,6.4,12.6,7.2,4.0,3.0,7.0,6.0,2.2335820757001272,1.9550504398153572,1.3333333333333333,1.9550504398153574,1.2333333333333334,0.733333333333333,0.6666666666666665,-1.4,0.39999999999999997,0.03333333333333333,0.3,0.10000000000000002,0.5333333333333333,0.19999999999999998,0.4351851851851852,0.2166666666666667,0.9333333333333332,0.2333333333333333,0.735185185185185,0.31666666666666665,1.9222222222222225,0.7
2022020167,2022-11-04,2022-2023,MIN,SEA,0,4,4,-4,0,1.0,1.0,0.0,0,0,2.0,2.0,0.0,5.0,5.0,3.4,3.4,0.0,3.5,3.2,0.2999999999999998,6.9,6.6,34.2,30.1,31.7,27.3,0.09946830027475187,0.11799633530048122,0.8920616042490659,0.8806169892199304,1.0,0.8,0.8,0.9,20.1,20.1,13.2,10.4,14.2,12.8,6.7,8.1,7.4,7.7,2.0,3.0,5.0,6.0,1.2649110640673518,1.264911064067352,2.2236106773543893,1.7511900715418263,-0.7333333333333334,0.6000000000000001,-1.5,-0.20000000000000018,0.19999999999999998,0.21212121212121213,0.09999999999999999,0.18333333333333335,0.3666666666666667,0.48484848484848486,0.21666666666666667,0.3212121212121212,0.5666666666666667,0.6969696969696969,0.31666666666666665,0.5045454545454545,-1.55,-1.1636363636363636
2022020173,2022-11-04,2022-2023,SJS,FLA,3,4,7,-1,0,1.0,1.0,0.0,0,0,-2.0,-1.0,-1.0,3.0,5.0,2.6,3.0,-0.3999999999999999,3.1,2.8,0.30000000000000027,5.7,5.8,28.0,39.5,32.0,27.3,0.0895844745708922,0.0775575884541244,0.8994941401126535,0.893573162948163,0.5,0.4,0.2,1.1,21.4,17.6,7.2,11.0,13.8,10.8,8.8,6.0,8.1,7.2,1.0,2.0,6.0,4.0,1.2649110640673518,1.1547005383792515,1.5951314818673865,0.9189365834726815,1.4,0.0,0.8999999999999999,0.20000000000000018,0.1111111111111111,0.03333333333333333,0.2083333333333333,0.08333333333333333,0.1111111111111111,0.0,0.27777777777777773,0.09999999999999999,0.22222222222222224,0.03333333333333333,0.4861111111111111,0.18333333333333335,-2.111111111111111,-1.1095238095238094
2022020171,2022-11-04,2022-2023,VAN,ANA,8,5,13,3,1,1.0,1.0,0.0,0,0,-1.0,2.0,-3.0,2.0,3.0,3.0,2.5,0.5,3.7,4.2,-0.5,6.7,6.7,27.4,28.9,32.7,37.8,0.11652937773449883,0.08844812841306526,0.8825676028901835,0.8886122401807544,1.0,0.2,1.1,1.3,24.3,18.3,11.7,11.8,14.2,12.7,8.6,5.9,4.9,8.0,1.0,1.0,4.0,3.0,1.3333333333333333,1.8408935028645432,1.2516655570345725,1.6865480854231358,1.0,0.5,-0.7000000000000002,-0.20000000000000018,0.0,0.10000000000000002,0.2333333333333333,0.12222222222222222,0.3952380952380952,0.19999999999999998,0.3642857142857143,0.1685185185185185,0.3952380952380952,0.3,0.5976190476190476,0.29074074074074074,-1.5,-1.1222222222222222
2022020178,2022-11-05,2022-2023,WSH,ARI,2,3,5,-1,0,1.0,0.0,1.0,0,1,-3.0,-1.0,-2.0,5.0,3.0,2.9,2.8,0.10000000000000009,2.3,4.1,-1.7999999999999998,5.2,6.9,27.4,23.1,31.3,36.9,0.10948730275809382,0.1292489430647325,0.9253237077926298,0.8864602047450129,0.8,1.1,0.6,0.7,27.7,27.9,8.6,10.5,16.1,14.7,6.6,5.5,6.4,11.5,3.0,2.0,4.0,4.0,1.9692073983655907,1.3165611772087666,1.1595018087284057,1.9692073983655907,-1.2333333333333332,-0.46666666666666634,0.03333333333333366,-0.4333333333333331,0.3055555555555555,0.06666666666666667,0.20833333333333334,0.11666666666666668,0.27777777777777773,0.3666666666666667,0.3194444444444445,0.2833333333333334,0.5833333333333334,0.43333333333333335,0.5277777777777778,0.4000000000000001,0.3333333333333333,-2.4
2022020176,2022-11-05,2022-2023,WPG,CHI,4,0,4,4,1,0.0,0.0,0.0,1,1,1.0,1.0,0.0,6.0,5.0,2.9,3.2,-0.30000000000000027,2.5,2.8,-0.2999999999999998,5.4,6.0,30.3,25.9,32.1,33.9,0.10237178528378221,0.12253102244935273,0.9187903317807141,0.9181442909302941,0.5,0.7,0.5,0.7,29.4,27.6,6.7,12.2,14.5,17.5,7.2,10.0,8.5,11.4,3.0,1.0,4.0,7.0,1.66332999331662,1.751190071541826,1.35400640077266,1.5491933384829668,-0.5666666666666664,-1.2000000000000002,-0.5,-0.7999999999999998,0.19999999999999998,0.2727272727272727,0.2333333333333333,0.17003367003367,0.26666666666666666,0.3636363636363636,0.23333333333333336,0.21212121212121213,0.46666666666666673,0.6363636363636364,0.4666666666666666,0.38215488215488214,0.49999999999999994,0.07070707070707072
2022020180,2022-11-05,2022-2023,TBL,BUF,5,3,8,2,1,1.0,0.0,1.0,0,1,-1.0,-1.0,0.0,6.0,6.0,3.4,4.2,-0.8000000000000003,3.0,3.1,-0.10000000000000009,6.4,7.3,31.2,32.0,32.0,31.3,0.11226611164033762,0.13220275215927385,0.896948241816663,0.8900647397672022,1.0,1.0,0.6,0.8,23.3,11.7,9.1,7.4,16.4,11.7,8.0,8.4,7.7,5.5,2.0,3.0,4.0,5.0,1.1737877907772674,2.097617696340303,0.9428090415820632,1.1005049346146119,0.2666666666666666,1.4666666666666668,0.0,0.2333333333333334,0.15151515151515152,0.15151515151515152,0.20033670033670034,0.3367003367003367,0.22348484848484848,0.48484848484848486,0.33228114478114473,0.3771043771043771,0.375,0.6363636363636364,0.532617845117845,0.7138047138047138,-0.7411616161616161,2.2323232323232323
2022020183,2022-11-05,2022-2023,PIT,SEA,2,3,5,-1,0,2.0,0.0,2.0,0,1,-6.0,3.0,-9.0,3.0,5.0,3.4,3.4,0.0,3.5,3.1,0.3999999999999999,6.9,6.5,34.1,30.2,35.8,26.8,0.09844065119606912,0.1172058214664891,0.9019145763779133,0.8843206929236341,0.7,0.8,0.9,0.8,26.2,17.7,6.6,8.9,14.3,12.7,7.3,8.7,8.1,7.5,2.0,3.0,3.0,6.0,2.1705094128132947,1.264911064067352,1.649915822768611,1.911950719959998,-0.3999999999999999,0.6000000000000001,0.5,-1.4333333333333333,0.30303030303030304,0.19444444444444445,0.20370370370370372,0.1818181818181818,0.5909090909090909,0.47222222222222227,0.49747474747474746,0.32323232323232326,0.8939393939393939,0.6666666666666666,0.7011784511784512,0.5050505050505051,-1.0323232323232325,-0.7272727272727273
2022020179,2022-11-05,2022-2023,TOR,BOS,2,1,3,1,1,2.0,1.0,1.0,0,0,1.0,7.0,-6.0,5.0,9.0,2.9,4.4,-1.5000000000000004,2.7,2.6,0.10000000000000009,5.6,7.0,32.6,36.4,28.8,30.2,0.08866027623370897,0.12088378411695544,0.9040858563016517,0.91343338705473,1.1,0.8,1.0,0.2,24.9,25.2,10.8,11.5,13.2,14.0,9.3,6.1,10.3,8.6,4.0,3.0,5.0,6.0,1.1005049346146119,1.5055453054181622,1.0593499054713802,2.118699810942761,0.43333333333333357,0.5999999999999996,0.6333333333333333,-0.2666666666666666,0.0,0.537878787878788,0.15151515151515152,0.4659090909090909,0.23232323232323235,0.5429292929292929,0.23737373737373738,0.42297979797979796,0.23232323232323235,1.0808080808080807,0.38888888888888884,0.8888888888888888,-0.18181818181818185,2.109848484848485
2022020184,2022-11-05,2022-2023,MTL,VGK,4,6,10,-2,0,0.0,1.0,-1.0,1,0,-2.0,6.0,-8.0,4.0,8.0,2.6,3.5,-0.8999999999999999,2.7,2.0,0.7000000000000002,5.3,5.5,29.7,31.5,32.3,30.0,0.09059540024245903,0.11717480100544615,0.9130288844717157,0.9341109694419651,0.4,0.7,0.7,0.6,17.4,23.1,11.5,4.9,15.4,21.8,7.5,6.7,10.3,6.3,2.0,4.0,4.0,5.0,2.2705848487901865,1.2692955176439846,1.1595018087284057,1.1547005383792515,0.7333333333333334,-0.16666666666666652,0.6333333333333333,0.3333333333333335,0.037037037037037035,0.027777777777777776,0.04882154882154882,0.1111111111111111,0.2885521885521885,0.3611111111111111,0.15942760942760942,0.38888888888888884,0.3255892255892256,0.38888888888888884,0.20824915824915824,0.5,-0.8606060606060606,1.75
2022020177,2022-11-05,2022-2023,EDM,DAL,2,6,8,-4,0,0.0,0.0,0.0,1,1,-1.0,2.0,-3.0,6.0,6.0,3.9,3.6,0.2999999999999998,3.1,2.3,0.8000000000000003,7.0,5.9,34.6,30.7,34.3,30.8,0.11052851784548504,0.11845008028267201,0.9061233763546042,0.9250258235076977,1.1,0.8,1.1,0.7,25.2,18.9,8.7,9.5,12.5,14.4,11.2,7.1,12.8,11.4,3.0,2.0,7.0,5.0,2.2335820757001272,1.8973665961010278,1.3703203194062976,1.70293863659264,0.4333333333333331,1.4,0.2333333333333334,1.0333333333333337,0.3636363636363636,0.1818181818181818,0.2727272727272727,0.16666666666666666,0.5757575757575757,0.42424242424242425,0.44090909090909086,0.3181818181818182,0.9393939393939394,0.6060606060606061,0.7136363636363635,0.4848484848484848,1.6545454545454545,1.6363636363636367
2022020181,2022-11-05,2022-2023,DET,NYI,3,0,3,3,1,1.0,0.0,1.0,0,1,1.0,5.0,-4.0,5.0,7.0,3.1,4.0,-0.8999999999999999,3.3,2.3,1.0,6.4,6.3,28.4,33.0,35.1,32.0,0.11400220567209629,0.11765274676130197,0.9108155507413214,0.9258077863848324,0.7,0.4,0.6,0.3,27.3,29.2,8.4,8.6,15.5,16.4,5.6,7.4,8.3,8.9,4.0,3.0,6.0,5.0,1.286683937707919,1.8856180831641267,2.6687491868330793,1.4944341180973264,-0.43333333333333357,0.33333333333333304,0.03333333333333366,0.03333333333333366,0.26666666666666666,0.2545454545454546,0.25000000000000006,0.20606060606060606,0.23333333333333336,0.06363636363636364,0.3833333333333333,0.12575757575757576,0.5,0.3181818181818182,0.6333333333333334,0.33181818181818185,0.5,2.009090909090909
2022020185,2022-11-05,2022-2023,CBJ,COL,1,5,6,-4,0,0.0,0.0,0.0,1,1,-4.0,1.0,-5.0,3.0,5.0,2.8,3.4,-0.6000000000000001,4.4,2.9,1.5000000000000004,7.2,6.3,30.4,31.7,33.6,33.5,0.0938984765234765,0.1051890290837659,0.8617595645714939,0.9084394456170996,0.1,1.3,0.8,1.1,21.4,24.0,7.9,10.2,15.7,13.8,7.9,6.9,5.9,4.6,2.0,3.0,6.0,4.0,1.6193277068654826,1.8973665961010275,1.7126976771553504,1.1972189997378648,-1.4666666666666666,-0.06666666666666643,0.9333333333333327,-0.2333333333333334,0.21212121212121213,0.06666666666666667,0.16666666666666666,0.08333333333333333,0.2727272727272727,0.19999999999999998,0.2878787878787879,0.18333333333333335,0.48484848484848486,0.26666666666666666,0.4545454545454546,0.26666666666666666,-2.090909090909091,5.551115123125783e-17
2022020182,2022-11-05,2022-2023,OTT,PHI,1,2,3,-1,0,1.0,2.0,-1.0,0,0,-4.0,-3.0,-1.0,4.0,5.0,3.7,2.6,1.1,3.2,2.6,0.6000000000000001,6.9,5.2,31.9,26.3,33.9,36.6,0.12224558188207409,0.09979497421377287,0.9040613519441043,0.9295452427166824,0.7,0.7,0.9,0.7,32.1,26.7,14.3,13.6,13.0,19.3,7.7,5.6,9.0,7.7,4.0,2.0,6.0,5.0,1.888562063228706,1.5776212754932308,1.2292725943057186,1.3498971154211057,-0.3666666666666667,-0.9333333333333333,1.1333333333333329,0.7333333333333334,0.2916666666666667,0.06666666666666667,0.17916666666666667,0.10000000000000002,0.17500000000000002,0.3666666666666667,0.2041666666666667,0.25370370370370376,0.4666666666666666,0.43333333333333335,0.3833333333333333,0.3537037037037037,2.275,-0.06666666666666665
2022020186,2022-11-06,2022-2023,VAN,NSH,3,4,7,-1,0,1.0,1.0,0.0,0,0,1.0,1.0,0.0,3.0,3.0,3.5,2.6,0.8999999999999999,3.8,3.1,0.6999999999999997,7.3,5.7,28.5,30.1,33.4,31.9,0.1252173209969102,0.09134048017200189,0.8831052372987858,0.8991745066556328,1.1,0.6,1.1,0.7,23.2,33.5,12.2,10.6,13.8,16.7,8.2,7.6,5.3,8.1,2.0,2.0,5.0,5.0,2.068278940998476,1.837873166945363,1.3165611772087666,1.4491376746189437,1.5,0.06666666666666643,-0.46666666666666634,-0.10000000000000009,0.0,0.15151515151515152,0.25757575757575757,0.16666666666666666,0.3977272727272727,0.5151515151515151,0.36553030303030304,0.4696969696969697,0.3977272727272727,0.6666666666666666,0.6231060606060606,0.6363636363636364,-0.8749999999999999,-1.3636363636363638
2022020190,2022-11-06,2022-2023,NYR,DET,2,3,5,-1,0,2.0,0.0,2.0,0,1,-1.0,2.0,-3.0,4.0,5.0,2.4,3.1,-0.7000000000000002,2.9,3.3,-0.3999999999999999,5.3,6.4,34.7,27.0,28.4,34.6,0.07535410516712707,0.11804066721055784,0.8927143354729562,0.9108155507413214,0.7,0.8,0.4,0.6,31.1,25.5,6.8,8.4,14.9,16.3,6.2,5.6,11.1,7.8,2.0,1.0,6.0,6.0,2.0655911179772892,1.286683937707919,1.3703203194062976,2.6687491868330793,-0.3999999999999999,-0.10000000000000009,-0.8999999999999999,-0.2999999999999998,0.38888888888888884,0.24242424242424243,0.23737373737373735,0.24242424242424243,0.5,0.21212121212121213,0.3345959595959596,0.393939393939394,0.888888888888889,0.45454545454545453,0.571969696969697,0.6363636363636364,-0.6742424242424243,0.9090909090909091
2022020188,2022-11-06,2022-2023,SJS,ANA,4,5,9,-1,0,1.0,1.0,0.0,0,0,-3.0,-1.0,-2.0,3.0,2.0,2.8,2.5,0.2999999999999998,3.2,4.5,-1.2999999999999998,6.0,7.0,30.0,29.3,32.9,37.6,0.09201362436846304,0.08605864215261126,0.8983902440087574,0.8817281822097398,0.6,0.2,0.3,1.2,21.9,18.1,7.6,11.2,13.6,11.7,9.1,5.8,8.0,7.8,1.0,1.0,6.0,2.0,1.1352924243950933,1.8408935028645432,1.5491933384829668,1.9002923751652303,0.8666666666666667,2.166666666666667,0.7999999999999998,0.5,0.10256410256410257,0.1606060606060606,0.20512820512820515,0.09545454545454546,0.16153846153846155,0.18484848484848485,0.31153846153846154,0.21363636363636362,0.2641025641025641,0.34545454545454546,0.5166666666666667,0.3090909090909091,-1.9923076923076923,-2.0272727272727273
2022020191,2022-11-06,2022-2023,CAR,TOR,1,3,4,-2,0,1.0,0.0,1.0,0,1,4.0,2.0,2.0,7.0,5.0,3.2,2.8,0.40000000000000036,2.8,2.6,0.19999999999999973,6.0,5.4,37.1,31.5,25.3,28.3,0.08808083099104766,0.08811082568425842,0.8928766946355736,0.9070162592320546,0.8,1.1,1.0,1.1,20.6,23.3,9.5,10.4,10.0,13.0,10.3,9.4,6.2,10.0,2.0,1.0,3.0,5.0,1.2292725943057181,1.1352924243950933,1.3984117975602022,1.1737877907772674,0.1333333333333333,0.5333333333333337,-0.1333333333333333,-0.2666666666666666,0.0909090909090909,0.19444444444444445,0.08838383838383838,0.1388888888888889,0.3636363636363636,0.3055555555555556,0.21212121212121207,0.2916666666666667,0.45454545454545453,0.5,0.3005050505050505,0.4305555555555555,0.10606060606060608,-0.3333333333333333
2022020189,2022-11-06,2022-2023,LAK,FLA,5,4,9,1,1,1.0,1.0,0.0,0,0,-2.0,1.0,-3.0,5.0,5.0,3.2,3.0,0.20000000000000018,3.4,3.0,0.3999999999999999,6.6,6.0,33.8,41.0,28.9,27.9,0.09745097335614575,0.07403094268609933,0.8788383497737213,0.8889111582861583,0.8,0.5,0.7,1.1,20.7,18.4,8.5,10.8,14.1,11.1,6.4,6.5,7.8,7.6,2.0,2.0,3.0,4.0,1.4757295747452435,1.1547005383792515,1.646545204697129,0.666666666666667,-0.5333333333333337,0.0,-0.7333333333333334,-0.3333333333333335,0.07692307692307693,0.030303030303030304,0.20512820512820515,0.12121212121212122,0.3333333333333333,0.0909090909090909,0.3717948717948718,0.21212121212121213,0.4102564102564103,0.12121212121212122,0.576923076923077,0.3333333333333333,-0.7384615384615385,-0.5681818181818181
2022020192,2022-11-07,2022-2023,ANA,FLA,3,5,8,-2,0,0.0,0.0,0.0,1,1,1.0,-1.0,2.0,3.0,4.0,2.8,3.0,-0.20000000000000018,4.2,3.2,1.0,7.0,6.2,29.5,41.1,39.0,29.1,0.09771081606565475,0.07374644766476221,0.892456927149011,0.8872017565767566,0.2,0.3,1.3,1.2,18.2,19.5,11.9,11.6,12.2,11.6,7.0,6.5,7.7,8.1,1.0,1.0,2.0,4.0,1.8135294011647256,1.1547005383792515,1.6865480854231356,0.9189365834726819,1.8666666666666671,-0.3333333333333335,1.1333333333333329,0.1333333333333333,0.17424242424242423,0.027777777777777776,0.10101010101010101,0.1388888888888889,0.1691919191919192,0.08333333333333333,0.22348484848484848,0.22685185185185186,0.3434343434343434,0.1111111111111111,0.32449494949494945,0.36574074074074076,-1.522727272727273,-0.4333333333333333
2022020193,2022-11-08,2022-2023,NYI,CGY,4,3,7,1,1,2.0,1.0,1.0,0,0,-1.0,-4.0,3.0,6.0,5.0,3.3,3.2,0.09999999999999964,2.5,3.1,-0.6000000000000001,5.8,6.3,31.6,36.2,32.3,28.4,0.09923169412972303,0.09110042143472374,0.9186171509333274,0.8896893986415677,0.4,0.7,0.4,0.8,30.8,29.1,8.4,9.7,15.4,12.8,6.9,9.4,7.6,10.0,3.0,1.0,4.0,9.0,1.946506842754191,1.1352924243950935,1.4337208778404378,1.286683937707919,-0.6333333333333333,-0.5333333333333337,-0.5,0.8999999999999999,0.2323232323232323,0.16666666666666666,0.18813131313131312,0.26666666666666666,0.05808080808080809,0.19999999999999998,0.11489898989898989,0.3,0.2904040404040404,0.3666666666666667,0.30303030303030304,0.5666666666666667,1.7500000000000002,-2.7755575615628914e-17
2022020195,2022-11-08,2022-2023,WSH,EDM,5,4,9,1,1,2.0,2.0,0.0,0,0,-4.0,-2.0,-2.0,4.0,6.0,2.8,3.8,-1.0,2.5,3.3,-0.7999999999999998,5.3,7.1,28.1,34.7,31.7,33.7,0.10469803072744248,0.10685035692594477,0.9183307007996231,0.8989805192117469,0.8,1.1,0.6,1.2,27.5,24.5,7.7,8.5,15.8,12.4,6.4,11.9,6.5,11.4,2.0,3.0,4.0,7.0,1.9888578520235063,2.2997584414213788,1.0801234497346432,1.636391694484477,-1.133333333333333,0.20000000000000018,0.16666666666666652,1.3666666666666671,0.3076923076923077,0.3333333333333333,0.20512820512820515,0.25,0.25641025641025644,0.5555555555555557,0.23076923076923075,0.44047619047619047,0.5641025641025642,0.888888888888889,0.4358974358974359,0.6904761904761904,-0.6538461538461537,0.34523809523809523
2022020205,2022-11-09,2022-2023,SEA,NSH,5,1,6,4,1,3.0,2.0,1.0,0,0,4.0,2.0,2.0,6.0,3.0,3.5,2.6,0.8999999999999999,2.8,3.2,-0.40000000000000036,6.3,5.8,29.7,31.3,27.5,33.1,0.12185950112016875,0.08467381350533522,0.8955819541848953,0.8985684460495722,0.7,0.7,0.6,0.7,18.6,33.6,8.7,11.6,13.6,15.8,9.6,7.0,7.5,7.5,2.0,2.0,5.0,5.0,1.1785113019775795,1.837873166945363,1.8135294011647256,1.398411797560202,0.5,1.0666666666666664,-0.7999999999999998,0.1333333333333333,0.17948717948717952,0.13888888888888887,0.18162393162393164,0.15277777777777776,0.4358974358974359,0.47222222222222215,0.32585470085470086,0.4583333333333333,0.6153846153846154,0.6111111111111112,0.5074786324786326,0.6111111111111112,-0.5769230769230769,-1.1666666666666665
2022020204,2022-11-09,2022-2023,WPG,DAL,5,1,6,4,1,3.0,3.0,0.0,0,0,2.0,3.0,-1.0,6.0,6.0,2.9,3.7,-0.8000000000000003,2.4,2.4,0.0,5.3,6.1,30.6,32.1,31.0,30.8,0.10141789021224008,0.11238947422206594,0.9212293561709579,0.9216924901743642,0.7,1.0,0.5,0.7,29.0,20.1,6.9,9.7,14.2,14.3,6.9,7.2,8.2,10.8,3.0,3.0,4.0,4.0,1.66332999331662,2.002775851439974,1.505545305418162,1.646545204697129,-0.2333333333333334,2.3,-1.0666666666666667,-0.3999999999999999,0.1818181818181818,0.27777777777777773,0.22727272727272727,0.2222222222222222,0.2727272727272727,0.4444444444444445,0.2575757575757576,0.3472222222222223,0.45454545454545453,0.7222222222222222,0.48484848484848486,0.5694444444444444,0.7272727272727273,2.0
2022020201,2022-11-09,2022-2023,TOR,VGK,3,4,7,-1,0,2.0,3.0,-1.0,0,0,3.0,7.0,-4.0,5.0,8.0,2.8,3.6,-0.8000000000000003,2.5,2.2,0.2999999999999998,5.3,5.8,30.4,32.7,28.5,29.8,0.0930215399699727,0.11479384862449375,0.9108257830415785,0.9272683496961196,1.0,0.7,1.1,0.6,21.3,23.7,10.4,5.1,13.0,21.6,8.5,6.4,9.2,6.9,3.0,4.0,4.0,5.0,1.1352924243950933,1.429840705968481,1.2692955176439848,1.3165611772087666,0.5333333333333337,1.0666666666666669,-1.1666666666666667,1.1333333333333333,0.20512820512820515,0.025641025641025644,0.15384615384615385,0.12820512820512822,0.28205128205128205,0.38461538461538464,0.28205128205128205,0.38461538461538464,0.48717948717948717,0.4102564102564103,0.43589743589743585,0.5128205128205129,0.30769230769230776,1.1538461538461537
2022020202,2022-11-09,2022-2023,TBL,EDM,2,3,5,-1,0,3.0,0.0,3.0,0,1,1.0,-3.0,4.0,6.0,6.0,3.4,4.0,-0.6000000000000001,3.1,3.5,-0.3999999999999999,6.5,7.5,30.3,32.8,31.6,34.5,0.11611226548649145,0.116476793707554,0.89159109895952,0.895894965214552,1.0,1.1,0.7,1.5,25.9,23.8,8.9,8.5,17.7,13.2,9.1,11.6,8.1,10.3,3.0,3.0,5.0,6.0,1.1737877907772674,2.211083193570267,0.875595035770913,1.7159383568311668,0.6000000000000001,-1.0,-0.10000000000000009,1.5,0.13888888888888887,0.3076923076923077,0.18333333333333335,0.25641025641025644,0.20370370370370372,0.6153846153846153,0.33240740740740743,0.4567307692307692,0.3425925925925926,0.923076923076923,0.5157407407407407,0.7131410256410257,-0.8444444444444446,1.2403846153846154
2022020199,2022-11-09,2022-2023,PHI,STL,5,1,6,4,1,3.0,0.0,3.0,0,1,1.0,-7.0,8.0,5.0,3.0,2.3,2.2,0.09999999999999964,2.5,3.3,-0.7999999999999998,4.8,5.5,26.6,29.2,36.3,31.3,0.08693783135663,0.07821330658791957,0.9320094716514996,0.8931153067040368,0.7,0.6,0.6,0.7,26.9,25.6,13.8,6.1,19.3,15.0,5.9,8.6,7.2,7.7,2.0,2.0,4.0,5.0,1.3374935098492584,1.6193277068654826,1.4337208778404378,1.766981104093143,-0.9666666666666666,-0.8666666666666669,-0.16666666666666652,0.7000000000000002,0.0909090909090909,0.13333333333333333,0.10606060606060606,0.18333333333333335,0.3333333333333333,0.2333333333333333,0.23030303030303026,0.3499999999999999,0.42424242424242425,0.3666666666666667,0.33636363636363636,0.5333333333333333,0.036363636363636376,-2.988888888888889
2022020200,2022-11-09,2022-2023,OTT,VAN,4,6,10,-2,0,3.0,2.0,1.0,0,0,-5.0,-1.0,-4.0,4.0,3.0,3.7,3.6,0.10000000000000009,3.2,3.8,-0.5999999999999996,6.9,7.4,31.7,30.0,33.3,33.3,0.12240898057488456,0.1252173209969102,0.9028008477424236,0.8827826566536243,0.7,1.2,1.0,1.1,33.6,23.4,14.1,13.7,13.9,14.6,7.6,8.1,9.6,5.9,4.0,1.0,7.0,6.0,1.888562063228706,2.0110804171997807,1.2292725943057186,1.3165611772087666,-1.0333333333333337,0.733333333333333,0.46666666666666634,0.20000000000000018,0.24848484848484845,0.0,0.18484848484848485,0.25,0.15151515151515152,0.3888888888888889,0.21212121212121213,0.375,0.39999999999999997,0.3888888888888889,0.396969696969697,0.625,1.4,-0.9166666666666667
2022020198,2022-11-09,2022-2023,NYR,NYI,3,4,7,-1,0,2.0,0.0,2.0,0,1,-2.0,1.0,-3.0,4.0,6.0,2.5,3.2,-0.7000000000000002,2.9,2.6,0.2999999999999998,5.4,5.8,33.5,30.2,28.7,34.1,0.0798116325010211,0.10086212891233173,0.8934719112305318,0.9192382689457498,0.8,0.5,0.4,0.4,31.7,31.3,7.0,7.8,14.6,15.7,6.4,6.6,9.9,8.1,2.0,3.0,7.0,4.0,2.0138409955990957,1.873795909674026,1.3703203194062976,1.429840705968481,-0.8333333333333333,-0.20000000000000018,-0.5666666666666664,0.06666666666666643,0.3846153846153846,0.24145299145299146,0.2318376068376068,0.2617521367521367,0.4871794871794872,0.13675213675213674,0.3344017094017094,0.19658119658119658,0.8717948717948718,0.3782051282051282,0.5662393162393162,0.4583333333333333,-0.6217948717948719,1.1089743589743588
2022020197,2022-11-09,2022-2023,NJD,CGY,3,2,5,1,1,2.0,0.0,2.0,0,1,6.0,-5.0,11.0,9.0,4.0,4.0,3.0,1.0,2.1,3.2,-1.1,6.1,6.2,39.3,38.1,23.8,29.1,0.09836498199036972,0.07910364204664001,0.9116428911058068,0.8891893986415675,0.6,0.5,0.4,0.8,17.7,29.3,9.2,9.1,14.0,13.7,7.3,9.1,8.2,10.1,4.0,1.0,5.0,8.0,1.7638342073763937,0.9428090415820635,1.6633299933166203,1.3165611772087666,0.33333333333333304,-0.6666666666666665,0.5666666666666664,0.46666666666666634,0.027777777777777776,0.21212121212121213,0.125,0.2727272727272727,0.25,0.1818181818181818,0.2638888888888889,0.2878787878787879,0.27777777777777773,0.39393939393939387,0.3888888888888889,0.5606060606060607,0.75,0.09090909090909088
2022020206,2022-11-09,2022-2023,LAK,MIN,1,0,1,1,1,2.0,4.0,-2.0,0,0,1.0,-1.0,2.0,5.0,5.0,3.2,3.1,0.10000000000000009,3.4,3.2,0.19999999999999973,6.6,6.3,34.1,32.8,29.4,30.5,0.09638259728776968,0.09113496694141855,0.8804332461054598,0.8946702999012398,0.9,0.9,0.6,0.8,21.9,20.7,8.1,11.7,14.7,13.7,5.9,6.2,7.7,7.6,3.0,3.0,4.0,5.0,1.4757295747452435,1.66332999331662,1.646545204697129,1.8737959096740266,-0.5333333333333337,-0.7666666666666666,0.2666666666666666,-0.5333333333333337,0.07142857142857142,0.1818181818181818,0.19047619047619047,0.0909090909090909,0.3874458874458875,0.3333333333333333,0.408008658008658,0.2272727272727273,0.4588744588744589,0.5151515151515151,0.5984848484848485,0.3181818181818182,-0.8051948051948052,-0.9610389610389611
2022020203,2022-11-09,2022-2023,DET,MTL,2,3,5,-1,0,2.0,3.0,-1.0,0,0,3.0,-3.0,6.0,5.0,4.0,2.9,3.0,-0.10000000000000009,3.3,3.2,0.09999999999999964,6.2,6.2,28.4,29.9,33.6,32.7,0.10364672781661843,0.10349862604891065,0.9090472041453885,0.9013747491333699,0.9,0.5,0.7,0.9,25.5,15.9,7.8,13.0,16.5,16.5,5.7,8.3,7.2,11.1,4.0,2.0,6.0,5.0,1.1005049346146119,2.1081851067789197,2.6687491868330793,1.3984117975602022,0.10000000000000009,-0.6666666666666665,-2.3,0.7999999999999998,0.2222222222222222,0.03333333333333333,0.23611111111111108,0.044444444444444446,0.25,0.17222222222222225,0.3888888888888889,0.18333333333333335,0.47222222222222215,0.20555555555555557,0.625,0.22777777777777777,0.9166666666666666,-1.4583333333333333
2022020196,2022-11-09,2022-2023,BUF,ARI,1,4,5,-3,0,3.0,3.0,0.0,0,0,-2.0,1.0,-3.0,6.0,4.0,4.2,2.9,1.3000000000000003,3.1,3.7,-0.6000000000000001,7.3,6.6,31.7,22.9,30.5,35.2,0.13359164104816273,0.13364454746033688,0.8870824471297369,0.8922254039064385,1.1,0.9,0.7,0.6,14.9,26.4,6.2,9.9,11.4,15.6,8.3,5.8,6.1,11.7,3.0,3.0,4.0,4.0,2.097617696340303,1.286683937707919,1.1005049346146119,1.9465068427541912,-0.20000000000000018,-0.2333333333333334,0.5666666666666664,-0.3666666666666667,0.19444444444444442,0.06060606060606061,0.3361111111111111,0.12121212121212122,0.47222222222222227,0.35353535353535354,0.37222222222222223,0.29797979797979796,0.6666666666666666,0.41414141414141414,0.7083333333333334,0.4191919191919191,1.7,-1.9848484848484849
2022020210,2022-11-10,2022-2023,ANA,MIN,1,4,5,-3,0,2.0,0.0,2.0,0,1,-1.0,-2.0,1.0,3.0,5.0,2.7,2.5,0.20000000000000018,4.0,2.6,1.4,6.7,5.1,30.8,31.4,39.4,30.1,0.08810042645526514,0.07399210979856141,0.8978997772232317,0.9119252018620241,0.2,0.6,1.1,0.6,18.4,21.8,12.3,12.4,14.1,15.2,7.0,5.9,7.9,7.3,1.0,3.0,3.0,4.0,1.7669811040931427,1.5811388300841893,1.5634719199411433,1.4298407059684821,1.2999999999999998,-1.1666666666666667,1.0,-0.6000000000000001,0.10897435897435898,0.16666666666666666,0.10576923076923077,0.08333333333333333,0.23290598290598288,0.3055555555555556,0.29594017094017094,0.20833333333333337,0.34188034188034183,0.47222222222222227,0.40170940170940167,0.2916666666666667,-1.9487179487179485,-1.0416666666666667
2022020207,2022-11-10,2022-2023,FLA,CAR,3,0,3,3,1,2.0,3.0,-1.0,0,0,1.0,-1.0,2.0,5.0,6.0,3.2,3.1,0.10000000000000009,3.1,3.0,0.10000000000000009,6.3,6.1,41.8,36.6,29.3,25.5,0.07684604116069717,0.08569987861009529,0.8907515401265401,0.8838541382445962,0.5,0.9,1.2,1.0,18.7,22.0,11.2,8.4,10.9,10.0,7.1,9.9,8.6,6.3,3.0,4.0,4.0,4.0,1.3165611772087666,1.3703203194062976,0.8755950357709135,1.2472191289246473,0.7999999999999998,-0.10000000000000009,0.5666666666666664,0.0,0.025641025641025644,0.08333333333333333,0.14102564102564102,0.11363636363636363,0.10256410256410257,0.2777777777777778,0.23461538461538464,0.2689393939393939,0.12820512820512822,0.3611111111111111,0.37564102564102564,0.38257575757575757,-0.5923076923076922,0.3939393939393939
2022020209,2022-11-10,2022-2023,MTL,VAN,5,2,7,3,1,0.0,0.0,0.0,1,1,1.0,1.0,0.0,5.0,4.0,3.1,3.8,-0.6999999999999997,3.1,3.6,-0.5,6.2,7.4,31.0,29.8,34.1,34.4,0.10501377756406216,0.1333125590921483,0.907068413928879,0.8930265590926487,0.5,1.1,0.8,1.1,15.1,22.4,15.2,14.8,16.2,14.7,7.8,7.7,10.6,6.1,2.0,2.0,5.0,6.0,2.024845673131659,2.14993539954628,1.449137674618944,1.0749676997731399,-0.43333333333333357,1.8666666666666671,0.5666666666666664,0.3999999999999999,0.0909090909090909,0.025641025641025644,0.07109557109557109,0.2692307692307692,0.1585081585081585,0.38974358974358975,0.17327117327117325,0.37435897435897436,0.24941724941724944,0.4153846153846154,0.24436674436674435,0.6435897435897436,-1.8048174048174048,-0.18461538461538446
2022020208,2022-11-10,2022-2023,WSH,PIT,1,4,5,-3,0,1.0,4.0,-3.0,0,0,1.0,-7.0,8.0,4.0,2.0,2.7,3.0,-0.2999999999999998,2.5,3.6,-1.1,5.2,6.6,28.2,33.3,31.6,35.0,0.10082706298550699,0.0905127232681412,0.9178709306846804,0.8967558462191831,1.0,0.5,0.5,0.8,25.3,25.5,7.7,6.6,15.7,13.8,5.9,6.9,6.6,7.6,2.0,1.0,4.0,3.0,1.8287822299126935,2.000000000000001,1.0801234497346432,1.577621275493231,-0.03333333333333366,0.3333333333333335,0.5,0.733333333333333,0.3095238095238095,0.3796296296296296,0.20238095238095236,0.2037037037037037,0.2619047619047619,0.5648148148148148,0.22619047619047616,0.4718013468013467,0.5714285714285715,0.9444444444444443,0.4285714285714286,0.6755050505050505,-0.7,-1.3585858585858583
2022020218,2022-11-11,2022-2023,STL,SJS,5,3,8,2,1,1.0,4.0,-3.0,0,0,-8.0,-4.0,-4.0,2.0,3.0,1.8,3.0,-1.2,3.6,3.1,0.5,5.4,6.1,29.5,32.6,32.3,32.9,0.06178473515934814,0.09201362436846305,0.8868295924183224,0.9023902440087573,0.5,0.7,0.7,0.3,26.2,22.8,6.9,7.9,14.6,14.3,7.6,9.8,8.5,8.4,0.0,2.0,4.0,6.0,1.3165611772087669,1.1547005383792515,1.776388345929897,1.4491376746189437,-0.4666666666666668,1.0,0.3999999999999999,0.8999999999999999,0.15151515151515152,0.09523809523809523,0.1818181818181818,0.20238095238095236,0.30303030303030304,0.14935064935064934,0.3666666666666667,0.3246753246753247,0.45454545454545453,0.24458874458874458,0.5484848484848485,0.527056277056277,-3.381818181818182,-2.12987012987013
2022020216,2022-11-11,2022-2023,NYI,ARI,0,2,2,-2,0,1.0,1.0,0.0,0,0,2.0,2.0,0.0,7.0,5.0,3.5,3.0,0.5,2.6,3.3,-0.6999999999999997,6.1,6.3,31.1,22.9,33.9,34.3,0.11036439135577063,0.13781121412700353,0.918881126088607,0.9010998627808974,0.7,0.9,0.6,0.6,29.2,25.0,7.8,9.8,15.5,14.7,6.9,5.8,7.8,11.7,3.0,4.0,3.0,4.0,1.7159383568311666,1.3333333333333333,1.429840705968481,2.0575065816014617,-0.8333333333333335,0.0,0.3999999999999999,0.03333333333333366,0.19993894993894992,0.05555555555555555,0.18513431013431014,0.125,0.12271062271062272,0.3452380952380952,0.14652014652014653,0.2976190476190476,0.32264957264957267,0.40079365079365087,0.33165445665445664,0.42261904761904767,1.3553113553113552,-1.25
2022020213,2022-11-11,2022-2023,NJD,OTT,4,3,7,1,1,1.0,1.0,0.0,0,0,7.0,-6.0,13.0,9.0,4.0,3.9,3.9,0.0,2.1,3.4,-1.2999999999999998,6.0,7.3,37.2,33.0,25.3,32.8,0.10360888442939412,0.12502222099300303,0.915928605391521,0.8936573292239052,0.7,0.8,0.6,0.9,17.2,30.8,9.0,15.0,14.2,13.0,6.7,7.8,8.3,9.6,4.0,0.0,5.0,8.0,1.7919573407620815,1.7919573407620817,1.6633299933166203,1.3498971154211061,-0.2333333333333334,-0.8999999999999999,0.5666666666666664,0.6000000000000001,0.025641025641025644,0.28703703703703703,0.12820512820512822,0.1851851851851852,0.28205128205128205,0.14814814814814814,0.28205128205128205,0.1712962962962963,0.3076923076923077,0.4351851851851851,0.4102564102564103,0.35648148148148145,0.9230769230769231,1.2222222222222223
2022020217,2022-11-11,2022-2023,DET,NYR,2,8,10,-6,0,1.0,1.0,0.0,0,0,-1.0,-3.0,2.0,5.0,3.0,2.7,2.2,0.5,3.0,2.9,0.10000000000000009,5.7,5.1,29.4,33.2,33.3,29.1,0.09617667848610399,0.07335814412892808,0.9168754869736713,0.8962691140277347,0.8,0.7,0.7,0.6,24.8,32.1,7.4,7.4,16.2,15.0,5.8,6.8,7.3,10.3,4.0,2.0,6.0,7.0,1.0593499054713802,1.6193277068654828,2.6246692913372702,1.3703203194062976,-0.03333333333333366,0.1333333333333333,-1.6666666666666667,0.7666666666666666,0.20512820512820515,0.4047619047619048,0.22008547008547008,0.23901098901098902,0.23076923076923075,0.5,0.43162393162393164,0.3342490842490842,0.43589743589743596,0.9047619047619048,0.6517094017094017,0.5732600732600732,0.35897435897435903,-0.7912087912087913
2022020220,2022-11-11,2022-2023,LAK,CHI,2,1,3,1,1,1.0,5.0,-4.0,0,0,2.0,-1.0,3.0,5.0,5.0,3.0,3.2,-0.20000000000000018,3.1,3.1,0.0,6.1,6.3,33.6,26.2,28.3,33.9,0.09114450204967443,0.12253102244935273,0.8898082461054597,0.910036182822186,0.8,0.7,0.6,1.0,22.4,26.2,7.1,12.2,14.7,16.6,5.7,9.8,8.7,12.2,4.0,1.0,5.0,7.0,1.6329931618554518,1.751190071541826,1.9692073983655904,1.4491376746189437,-0.6666666666666665,-2.2,-1.1,-0.7666666666666666,0.06666666666666667,0.25,0.1777777777777778,0.1388888888888889,0.4055555555555556,0.3333333333333333,0.40277777777777785,0.23148148148148148,0.47222222222222227,0.5833333333333334,0.5805555555555556,0.3703703703703704,-0.55,-0.22222222222222215
2022020214,2022-11-11,2022-2023,CBJ,PHI,5,2,7,3,1,5.0,1.0,4.0,0,0,-5.0,2.0,-7.0,3.0,5.0,2.7,2.5,0.20000000000000018,4.4,2.4,2.0000000000000004,7.1,4.9,30.8,27.0,34.2,36.1,0.08988061938061936,0.09154612628750558,0.8634689662808956,0.9351047097467375,0.2,0.6,0.7,0.6,20.5,28.5,8.2,13.5,16.4,19.6,7.7,6.5,5.6,8.0,2.0,3.0,6.0,4.0,1.7029386365926402,1.5811388300841895,1.7126976771553504,1.5055453054181622,-1.0333333333333334,0.5,1.2666666666666666,-0.06666666666666643,0.19444444444444445,0.08333333333333333,0.1388888888888889,0.11237373737373739,0.25,0.3333333333333333,0.25,0.25252525252525254,0.4444444444444444,0.4166666666666667,0.38888888888888884,0.3648989898989899,-2.0833333333333335,0.6287878787878787
2022020212,2022-11-11,2022-2023,CAR,EDM,7,2,9,5,1,0.0,1.0,-1.0,1,0,-2.0,1.0,-3.0,5.0,6.0,2.6,3.7,-1.1,3.1,3.3,-0.19999999999999973,5.7,7.0,37.2,32.4,26.8,34.2,0.07099399625715412,0.1086398031119427,0.8826464087759971,0.9004895598091466,0.7,1.1,1.0,1.3,22.6,24.7,8.2,8.3,9.8,13.1,10.3,10.8,6.7,9.3,2.0,4.0,4.0,5.0,1.505545305418162,2.110818693198342,1.100504934614612,1.7669811040931427,-0.6000000000000001,-0.7000000000000002,-0.43333333333333357,1.0333333333333332,0.07692307692307693,0.3333333333333333,0.10286935286935288,0.17857142857142858,0.34188034188034183,0.6428571428571428,0.23931623931623927,0.3776455026455026,0.4188034188034188,0.9761904761904762,0.34218559218559214,0.5562169312169313,-0.8498168498168497,0.7619047619047619
2022020215,2022-11-11,2022-2023,BUF,VGK,4,7,11,-3,0,1.0,1.0,0.0,0,0,-3.0,8.0,-11.0,5.0,9.0,3.9,3.8,0.10000000000000009,3.2,2.2,1.0,7.1,6.0,32.6,32.6,28.0,28.9,0.11995527741179912,0.12527003910068424,0.8782056355355342,0.9250909303412811,1.1,0.7,0.8,0.4,14.5,26.6,6.2,4.1,10.7,20.5,7.7,6.8,5.6,7.8,3.0,5.0,5.0,5.0,2.3309511649396115,1.3165611772087666,1.0327955589886444,1.3165611772087666,-1.5666666666666664,1.2000000000000002,0.46666666666666634,1.4666666666666663,0.17948717948717952,0.023809523809523808,0.2948717948717949,0.14285714285714285,0.43589743589743585,0.35714285714285715,0.420940170940171,0.38095238095238093,0.6153846153846154,0.38095238095238093,0.7158119658119659,0.5238095238095238,0.858974358974359,1.2857142857142856
2022020211,2022-11-11,2022-2023,BOS,CGY,3,1,4,2,1,2.0,1.0,1.0,0,0,1.0,-6.0,7.0,8.0,3.0,3.7,2.8,0.9000000000000004,2.3,3.2,-0.9000000000000004,6.0,6.0,34.5,37.4,29.2,28.2,0.1050944262619341,0.0752941182371162,0.9224038993789009,0.8845342262277744,1.0,0.6,0.2,0.8,27.4,28.4,10.4,9.4,12.6,14.1,5.6,8.6,8.5,10.0,5.0,0.0,5.0,8.0,1.7029386365926402,0.9189365834726816,2.1628170930011117,1.3165611772087666,-0.7000000000000002,-0.1333333333333333,-0.6333333333333331,0.46666666666666634,0.4615384615384615,0.19444444444444445,0.3541666666666667,0.2777777777777778,0.5871794871794872,0.16666666666666666,0.4121794871794871,0.2638888888888889,1.0487179487179488,0.3611111111111111,0.7663461538461537,0.5416666666666666,1.557692307692308,-0.3333333333333333
2022020219,2022-11-11,2022-2023,COL,NSH,5,3,8,2,1,5.0,1.0,4.0,0,0,2.0,-1.0,3.0,5.0,3.0,3.4,2.6,0.7999999999999998,2.8,3.2,-0.40000000000000036,6.2,5.8,32.7,30.6,35.0,32.1,0.10201442590916274,0.08554881350533522,0.9170791514994525,0.8913089179189007,0.9,0.7,1.0,0.5,21.8,31.2,9.8,10.7,13.9,16.6,6.8,6.9,4.1,7.8,1.0,2.0,3.0,4.0,1.8973665961010275,1.837873166945363,1.3165611772087666,1.398411797560202,1.6,0.06666666666666643,-0.1333333333333333,-0.5333333333333337,0.06060606060606061,0.12820512820512822,0.0909090909090909,0.14102564102564105,0.1818181818181818,0.4358974358974359,0.16666666666666666,0.4230769230769231,0.24242424242424243,0.5641025641025641,0.25757575757575757,0.5641025641025641,0.6515151515151516,-2.0
2022020222,2022-11-12,2022-2023,WSH,TBL,5,1,6,4,1,1.0,2.0,-1.0,0,0,-1.0,-1.0,0.0,4.0,6.0,2.6,3.4,-0.7999999999999998,2.5,2.9,-0.3999999999999999,5.1,6.3,28.3,30.4,30.1,30.1,0.09649372965217365,0.1159621153363413,0.9139026767164264,0.8926099077369495,0.8,0.9,0.3,0.7,26.5,26.3,7.3,9.1,15.3,17.6,6.5,9.5,6.7,8.3,2.0,3.0,5.0,6.0,1.8973665961010273,1.1737877907772674,1.0801234497346432,0.5676462121975466,0.06666666666666643,-0.06666666666666643,0.8333333333333335,0.10000000000000009,0.2962962962962963,0.15384615384615385,0.23703703703703702,0.1818181818181818,0.3259259259259259,0.18717948717948718,0.2962962962962963,0.30454545454545456,0.6222222222222222,0.3410256410256411,0.5333333333333333,0.4863636363636364,-0.9555555555555555,-0.7013986013986014
2022020221,2022-11-12,2022-2023,TOR,PIT,2,4,6,-2,0,2.0,1.0,1.0,0,0,-1.0,1.0,-2.0,5.0,3.0,2.9,3.2,-0.30000000000000027,2.6,3.4,-0.7999999999999998,5.5,6.6,30.7,33.3,28.7,33.6,0.09555610218195427,0.09765558041099834,0.907492449708245,0.9004481539114908,0.9,0.5,0.9,0.7,22.2,27.0,9.8,7.3,13.3,14.0,9.3,8.3,9.4,6.8,3.0,2.0,4.0,3.0,1.1005049346146119,1.988857852023507,1.349897115421106,1.776388345929897,-0.2333333333333334,-0.20000000000000018,-0.6000000000000001,-0.7333333333333334,0.19047619047619047,0.34871794871794876,0.14285714285714285,0.20000000000000004,0.2619047619047619,0.6025641025641025,0.2738095238095238,0.48931623931623935,0.4523809523809524,0.9512820512820511,0.4166666666666667,0.6893162393162392,0.1428571428571428,-0.7000000000000001
2022020224,2022-11-12,2022-2023,SEA,MIN,0,1,1,-1,0,2.0,1.0,1.0,0,0,5.0,1.0,4.0,7.0,6.0,3.9,2.6,1.2999999999999998,2.4,2.2,0.19999999999999973,6.3,4.8,29.4,31.4,26.6,29.6,0.14251167503321222,0.07655621236266397,0.9062878365378365,0.9223137153755377,0.6,0.6,0.4,0.5,18.4,21.4,8.1,16.9,14.3,15.3,10.0,5.9,7.2,7.6,3.0,4.0,5.0,3.0,0.8755950357709138,1.646545204697129,1.7126976771553502,1.2292725943057197,0.10000000000000009,-1.2666666666666668,-1.4,-0.20000000000000018,0.21428571428571427,0.1955128205128205,0.16849816849816848,0.1810897435897436,0.4047619047619048,0.391025641025641,0.3269230769230769,0.22115384615384617,0.6190476190476191,0.5865384615384616,0.49542124542124544,0.4022435897435897,0.5384615384615385,-0.6549145299145299
2022020226,2022-11-12,2022-2023,FLA,EDM,2,4,6,-2,0,1.0,0.0,1.0,0,1,2.0,-1.0,3.0,5.0,6.0,3.1,3.9,-0.7999999999999998,2.8,3.9,-1.1,5.9,7.8,41.9,32.3,30.0,35.3,0.07384303815769414,0.11773071220285178,0.8998424492174493,0.8833764645710513,0.6,1.2,1.1,1.3,20.1,23.9,10.6,8.9,11.6,14.0,7.6,10.5,8.4,8.3,3.0,4.0,4.0,4.0,1.286683937707919,1.791957340762082,1.3165611772087666,1.9119507199599983,0.8999999999999999,-0.8999999999999999,-0.1333333333333333,0.766666666666667,0.030303030303030304,0.3333333333333333,0.13744588744588745,0.17777777777777778,0.023809523809523808,0.6222222222222222,0.1341991341991342,0.3794871794871795,0.05411255411255411,0.9555555555555554,0.27164502164502163,0.5572649572649573,-0.8116883116883117,0.6102564102564103
2022020223,2022-11-12,2022-2023,DAL,SJS,4,5,9,-1,0,2.0,0.0,2.0,0,1,-1.0,-5.0,4.0,5.0,3.0,3.4,3.1,0.2999999999999998,2.7,3.1,-0.3999999999999999,6.1,6.2,31.4,32.8,31.5,31.6,0.10314182531924462,0.09487076722560592,0.9131924901743641,0.8987791328976463,0.9,0.7,0.7,0.4,21.3,22.5,9.6,7.7,13.6,13.2,7.4,10.0,9.7,7.8,2.0,2.0,3.0,6.0,2.1705094128132942,1.1005049346146119,1.6363916944844767,1.4491376746189437,1.266666666666667,0.2333333333333334,-0.03333333333333366,0.5666666666666664,0.25641025641025644,0.1111111111111111,0.2051282051282051,0.2111111111111111,0.4102564102564103,0.13888888888888887,0.3205128205128205,0.32499999999999996,0.6666666666666666,0.25,0.5256410256410257,0.5361111111111111,1.4615384615384615,-2.1333333333333333
2022020225,2022-11-12,2022-2023,PHI,OTT,1,4,5,-3,0,0.0,0.0,0.0,1,1,-1.0,-7.0,6.0,4.0,3.0,2.4,3.5,-1.1,2.5,3.3,-0.7999999999999998,4.9,6.8,28.0,32.7,35.0,33.5,0.08492847922868205,0.11315586154599841,0.9292567565303633,0.8986071140158707,0.5,0.9,0.4,0.9,27.3,28.9,13.0,14.1,19.2,14.2,6.5,7.4,8.2,8.9,2.0,0.0,4.0,7.0,1.5776212754932308,1.4337208778404378,1.509230856356236,1.2516655570345727,0.6000000000000001,-0.8333333333333335,-0.8333333333333333,0.3666666666666667,0.07692307692307693,0.26043956043956046,0.10363247863247864,0.18150183150183152,0.3076923076923077,0.16153846153846155,0.23290598290598288,0.18333333333333335,0.38461538461538464,0.421978021978022,0.3365384615384616,0.3648351648351648,0.1923076923076923,0.8472527472527474
2022020227,2022-11-13,2022-2023,NJD,ARI,4,2,6,2,1,1.0,1.0,0.0,0,0,8.0,3.0,5.0,9.0,5.0,3.9,2.8,1.1,2.3,3.1,-0.8000000000000003,6.2,5.9,37.0,23.8,26.4,33.9,0.10406265640897439,0.12390143969091331,0.9110966726184117,0.9082427199237545,0.8,0.8,0.7,0.5,15.7,25.4,9.2,9.7,13.2,14.7,7.0,6.2,8.2,11.6,5.0,4.0,6.0,4.0,1.7919573407620815,1.3165611772087666,1.6363916944844774,2.2827858224351907,-0.2333333333333334,0.20000000000000018,0.3666666666666667,-2.1,0.047619047619047616,0.07692307692307693,0.14285714285714282,0.12820512820512822,0.2619047619047619,0.3141025641025641,0.2738095238095238,0.2724358974358974,0.30952380952380953,0.391025641025641,0.4166666666666667,0.4006410256410257,1.1428571428571428,-1.0288461538461537
2022020235,2022-11-13,2022-2023,VGK,STL,2,3,5,-1,0,1.0,1.0,0.0,0,0,9.0,1.0,8.0,9.0,2.0,4.0,1.9,2.1,2.4,3.6,-1.2000000000000002,6.4,5.5,33.0,30.0,29.6,31.8,0.12908948354512867,0.062650536025149,0.9208052160555666,0.8854010209897509,0.8,0.6,0.6,0.7,25.8,26.5,4.7,6.3,21.9,14.4,7.9,8.0,7.6,9.1,3.0,1.0,4.0,5.0,1.632993161855452,1.523883926754995,1.429840705968481,1.776388345929897,1.666666666666667,0.43333333333333357,1.2666666666666666,0.06666666666666643,0.06666666666666667,0.13888888888888887,0.15555555555555556,0.16666666666666666,0.4000000000000001,0.3055555555555555,0.39999999999999997,0.375,0.4666666666666666,0.4444444444444444,0.5555555555555555,0.5416666666666666,2.0,-3.0
2022020238,2022-11-13,2022-2023,PHI,DAL,1,5,6,-4,0,0.0,0.0,0.0,1,1,-2.0,-2.0,0.0,4.0,5.0,2.2,3.6,-1.4,2.4,2.9,-0.5,4.6,6.5,28.5,31.5,34.0,29.0,0.07846914908514138,0.10979207162466334,0.9288294061030129,0.8923914565826332,0.4,0.8,0.6,0.7,31.4,18.9,14.0,9.1,19.2,12.7,6.6,6.6,8.1,9.1,2.0,3.0,5.0,4.0,1.6193277068654823,2.118699810942761,1.429840705968481,1.7919573407620815,0.46666666666666634,0.06666666666666643,-0.06666666666666643,0.7666666666666666,0.09523809523809523,0.30952380952380953,0.10805860805860806,0.22619047619047616,0.28571428571428575,0.4047619047619048,0.2161172161172161,0.30952380952380953,0.38095238095238093,0.7142857142857143,0.3241758241758242,0.5357142857142857,0.03296703296703296,1.4285714285714284
2022020231,2022-11-13,2022-2023,NYI,CBJ,4,3,7,1,1,1.0,1.0,0.0,0,0,-1.0,1.0,-2.0,7.0,4.0,3.2,3.0,0.20000000000000018,2.2,4.1,-1.8999999999999995,5.4,7.1,30.0,31.2,34.0,35.1,0.10179296278434206,0.09912199869096419,0.9344081916156725,0.8775866133397191,0.7,0.2,0.7,0.6,28.0,20.3,8.3,8.3,16.4,16.9,7.3,7.5,8.9,5.1,3.0,1.0,4.0,7.0,2.0439612955674518,1.8257418583505538,1.2292725943057181,1.8529256146249726,-0.5333333333333337,0.0,0.1333333333333333,-0.09999999999999964,0.18595848595848596,0.3076923076923077,0.17234432234432231,0.1794871794871795,0.11428571428571428,0.3076923076923077,0.1365079365079365,0.3974358974358975,0.3002442002442003,0.6153846153846154,0.30885225885225887,0.576923076923077,1.1934065934065934,-0.15384615384615397
2022020232,2022-11-13,2022-2023,NSH,NYR,2,1,3,1,1,1.0,1.0,0.0,0,0,-2.0,1.0,-3.0,3.0,4.0,2.8,2.8,0.0,3.3,2.8,0.5,6.1,5.6,31.1,34.2,33.5,28.4,0.09078690874343046,0.08890491619743927,0.8960708226808054,0.897380225138846,0.7,0.8,0.7,0.5,32.7,31.3,9.7,7.2,16.0,14.3,6.3,6.6,7.1,10.2,1.0,3.0,4.0,6.0,1.7511900715418263,2.4404006956964173,1.4944341180973262,1.398411797560202,-0.46666666666666634,1.5333333333333332,0.7000000000000002,0.20000000000000018,0.14285714285714285,0.24444444444444446,0.15476190476190477,0.2555555555555556,0.42857142857142855,0.2888888888888889,0.4166666666666666,0.3333333333333333,0.5714285714285715,0.5333333333333333,0.5714285714285715,0.5888888888888889,-2.142857142857143,-0.7212121212121212
2022020229,2022-11-13,2022-2023,MTL,PIT,5,4,9,1,1,2.0,0.0,2.0,0,1,2.0,2.0,0.0,5.0,3.0,3.3,3.0,0.2999999999999998,3.1,3.5,-0.3999999999999999,6.4,6.5,30.0,32.2,34.6,32.6,0.11456284918209932,0.09739982593529499,0.9081506650111301,0.8962814872448241,0.5,0.4,0.8,0.7,14.1,27.6,15.2,6.5,16.1,13.9,7.0,7.6,11.0,7.4,2.0,3.0,5.0,2.0,2.110818693198342,1.7638342073763944,1.449137674618944,1.6499158227686108,0.3666666666666667,0.3333333333333335,0.2333333333333334,-1.5,0.1111111111111111,0.3463203463203463,0.07936507936507936,0.19696969696969693,0.14682539682539683,0.6038961038961039,0.15079365079365079,0.475940725940726,0.25793650793650796,0.9502164502164502,0.23015873015873015,0.6729104229104229,-1.3523809523809522,-0.3381618381618382
2022020230,2022-11-13,2022-2023,TOR,VAN,3,2,5,1,1,0.0,2.0,-2.0,1,0,-2.0,-2.0,0.0,4.0,4.0,2.8,3.6,-0.8000000000000003,2.7,3.7,-1.0,5.5,7.3,29.4,30.1,28.1,33.5,0.09524602466257441,0.12571488794609004,0.9009989432147385,0.886217202714327,0.9,1.3,0.8,1.3,20.5,23.1,9.2,15.4,12.5,14.2,8.4,6.6,9.6,7.4,2.0,2.0,4.0,6.0,1.1352924243950933,2.270584848790187,1.3374935098492586,1.1595018087284057,-0.1333333333333333,-0.2666666666666666,-0.03333333333333366,0.6333333333333329,0.17777777777777778,0.044444444444444446,0.13333333333333333,0.27960927960927956,0.19999999999999998,0.3333333333333333,0.24444444444444444,0.29377289377289373,0.37777777777777777,0.37777777777777777,0.37777777777777777,0.5733821733821733,-0.33333333333333337,-0.04999999999999993
2022020237,2022-11-13,2022-2023,LAK,DET,4,3,7,1,1,1.0,1.0,0.0,0,0,3.0,-2.0,5.0,6.0,5.0,3.1,2.6,0.5,2.6,3.4,-0.7999999999999998,5.7,6.0,33.1,28.6,28.1,33.7,0.09435878776396014,0.09546239277181828,0.9043303049289891,0.9064261661795229,0.7,0.7,0.6,0.8,21.6,26.6,7.1,7.0,14.3,16.3,5.3,5.4,8.4,7.3,5.0,1.0,6.0,7.0,1.5238839267549946,1.0749676997731399,1.7763883459298966,3.0623157540948935,-0.43333333333333357,-0.2666666666666666,-0.9333333333333333,0.6000000000000001,0.0625,0.19047619047619047,0.1875,0.20238095238095236,0.3798076923076923,0.23809523809523805,0.3878205128205128,0.4047619047619047,0.4423076923076923,0.42857142857142855,0.5753205128205128,0.6071428571428571,-0.3269230769230769,-0.9285714285714286
2022020233,2022-11-13,2022-2023,COL,CAR,4,1,5,3,1,1.0,1.0,0.0,0,0,3.0,1.0,2.0,6.0,6.0,3.6,2.9,0.7000000000000002,2.6,2.8,-0.19999999999999973,6.2,5.7,33.7,36.4,35.8,25.8,0.10430014019487702,0.08286899625715412,0.9270262414465422,0.8891804996850882,1.0,0.6,0.9,0.9,22.4,22.0,8.8,7.6,14.5,9.2,6.8,10.2,3.9,6.4,2.0,3.0,4.0,5.0,1.9550504398153572,2.0248456731316584,1.0749676997731399,0.9189365834726815,1.733333333333333,-0.2333333333333334,-0.2666666666666666,-0.46666666666666634,0.05555555555555555,0.11904761904761903,0.041666666666666664,0.10416666666666667,0.16666666666666666,0.31684981684981683,0.1488095238095238,0.21588827838827837,0.2222222222222222,0.43589743589743585,0.19047619047619047,0.32005494505494503,0.44047619047619047,0.01785714285714285
2022020236,2022-11-13,2022-2023,CGY,WPG,3,2,5,1,1,1.0,3.0,-2.0,0,0,-7.0,3.0,-10.0,2.0,7.0,2.6,3.3,-0.6999999999999997,3.2,2.1,1.1,5.8,5.4,36.6,31.4,28.8,30.3,0.07091911823711619,0.11256940536375523,0.8866506283441767,0.9304770050737794,0.4,0.7,0.8,0.4,28.8,30.0,10.1,7.0,14.0,14.6,7.8,7.2,9.1,8.4,2.0,3.0,7.0,5.0,1.07496769977314,1.636391694484477,1.3165611772087666,1.4491376746189437,-0.6000000000000001,0.7000000000000002,-0.20000000000000018,-1.1,0.17948717948717952,0.16666666666666666,0.2435897435897436,0.23611111111111108,0.17948717948717952,0.2777777777777778,0.2387820512820513,0.2638888888888889,0.35897435897435903,0.4444444444444444,0.4823717948717949,0.5,-0.7884615384615385,1.4166666666666667
2022020228,2022-11-13,2022-2023,BUF,BOS,1,3,4,-2,0,1.0,1.0,0.0,0,0,-4.0,2.0,-6.0,4.0,9.0,3.7,3.5,0.20000000000000018,3.5,1.7,1.8,7.2,5.2,32.9,33.9,27.2,29.3,0.11263384884037053,0.10110282962327866,0.8680395225787235,0.941859544540191,1.2,0.9,0.9,0.2,14.2,27.6,6.4,10.8,11.0,12.5,7.4,5.9,5.4,8.2,3.0,3.0,6.0,6.0,2.213594362117865,1.6499158227686108,1.35400640077266,1.418136492412177,-1.0333333333333337,-1.1666666666666665,0.833333333333333,-0.3666666666666667,0.14285714285714285,0.41269841269841273,0.2896825396825397,0.3201058201058201,0.5476190476190476,0.5515873015873016,0.38888888888888884,0.3842592592592593,0.6904761904761904,0.9642857142857144,0.6785714285714285,0.7043650793650794,0.6309523809523809,1.9007936507936507
2022020241,2022-11-13,2022-2023,BOS,VAN,5,2,7,3,1,-1.0,-1.0,0.0,0,0,3.0,-1.0,4.0,9.0,4.0,3.7,3.7,0.0,1.7,3.7,-2.0,5.4,7.4,33.3,29.6,29.3,34.0,0.10832505184550087,0.13080173658132577,0.9418595445401913,0.8879063919035162,1.0,1.1,0.2,1.2,26.7,22.7,10.8,14.7,12.7,14.1,5.5,7.1,8.0,6.8,5.0,2.0,5.0,6.0,1.4181364924121764,2.2135943621178655,1.418136492412177,1.1595018087284057,-0.7000000000000002,-0.03333333333333366,-0.7,0.2999999999999998,0.4383838383838383,0.047619047619047616,0.36760461760461755,0.2724206349206349,0.5898989898989898,0.3593073593073593,0.4092352092352092,0.2955266955266955,1.0282828282828282,0.4069264069264069,0.776839826839827,0.5679473304473305,1.6744588744588744,-0.14599567099567096
2022020240,2022-11-13,2022-2023,MIN,SJS,2,3,5,-1,0,0.0,0.0,0.0,1,1,2.0,1.0,1.0,6.0,3.0,2.3,3.3,-1.0,1.9,3.3,-1.4,4.2,6.6,29.8,31.9,29.8,32.2,0.07050730631375791,0.1115374338922726,0.9338521769139991,0.8936816816232833,0.5,0.7,0.5,0.4,21.3,22.9,16.6,7.6,16.0,14.5,5.6,9.9,7.2,7.4,1.0,2.0,2.0,6.0,1.6363916944844765,1.2516655570345725,1.3703203194062992,1.4181364924121764,-0.6333333333333331,0.7000000000000002,-1.2333333333333334,0.7000000000000002,0.2037037037037037,0.125,0.1574074074074074,0.21875,0.35978835978835977,0.15064102564102563,0.22037037037037036,0.32532051282051283,0.5634920634920635,0.2756410256410256,0.37777777777777777,0.5440705128205128,-0.5365079365079365,-2.1009615384615383
2022020234,2022-11-13,2022-2023,ANA,CHI,2,3,5,-1,0,2.0,1.0,1.0,0,0,-2.0,-2.0,0.0,3.0,4.0,2.6,2.8,-0.19999999999999973,4.0,3.1,0.8999999999999999,6.6,5.9,32.0,26.9,39.2,34.8,0.08122542645526515,0.10565602244935271,0.8973994645277971,0.912014204800208,0.2,0.8,1.3,1.0,18.0,27.6,15.7,11.4,14.1,17.1,6.9,8.9,7.9,12.7,1.0,0.0,4.0,7.0,1.837873166945363,1.751190071541826,1.5634719199411433,1.4491376746189437,0.06666666666666643,-1.7999999999999998,0.0,-0.7666666666666666,0.20329670329670332,0.23076923076923075,0.14926739926739926,0.1282051282051282,0.14652014652014653,0.3333333333333333,0.23992673992673993,0.22564102564102562,0.34981684981684985,0.5641025641025642,0.3891941391941392,0.3538461538461539,-1.879120879120879,-0.4307692307692308
2022020242,2022-11-14,2022-2023,TBL,WSH,6,3,9,3,1,1.0,1.0,0.0,0,0,-2.0,1.0,-3.0,6.0,4.0,3.3,2.7,0.5999999999999996,3.1,2.3,0.8000000000000003,6.4,5.0,29.5,27.4,30.1,30.4,0.11414723330367342,0.10573286008695626,0.8842765744036161,0.9219928623928189,0.7,0.8,0.6,0.3,25.7,24.6,11.8,11.9,18.5,15.8,8.8,6.9,8.3,6.4,3.0,2.0,5.0,5.0,1.3374935098492586,2.0027758514399734,0.875595035770913,1.1595018087284057,-0.6333333333333333,0.9666666666666663,0.5666666666666664,0.3666666666666667,0.14285714285714285,0.27499999999999997,0.16865079365079363,0.22083333333333333,0.20346320346320346,0.375,0.29617604617604615,0.3229166666666667,0.3463203463203463,0.65,0.4648268398268398,0.5437500000000001,-1.1341991341991342,-0.475
2022020243,2022-11-14,2022-2023,SEA,WPG,2,3,5,-1,0,1.0,0.0,1.0,0,1,-1.0,-1.0,0.0,7.0,6.0,3.6,3.1,0.5,2.1,2.1,0.0,5.7,5.2,28.7,30.9,25.9,30.5,0.13394024646178368,0.10697934325195399,0.915811646061646,0.9309964855932596,0.6,0.6,0.4,0.3,19.6,28.9,7.7,7.4,14.2,13.6,10.7,7.0,6.9,8.4,3.0,2.0,5.0,5.0,1.5055453054181622,1.66332999331662,1.6633299933166192,1.4491376746189437,-0.9333333333333336,0.5666666666666664,-0.7666666666666668,-0.7666666666666668,0.19999999999999998,0.15384615384615385,0.15714285714285714,0.21794871794871795,0.37777777777777777,0.25641025641025644,0.30476190476190473,0.2435897435897436,0.5777777777777778,0.4102564102564103,0.4619047619047619,0.4615384615384615,0.30000000000000004,1.0
2022020244,2022-11-14,2022-2023,OTT,NYI,2,4,6,-2,0,1.0,0.0,1.0,0,1,1.0,1.0,0.0,3.0,8.0,3.4,3.4,0.0,3.2,2.2,1.0,6.6,5.6,31.0,32.0,34.9,33.7,0.11660703999717688,0.10279630726594742,0.9043088684018358,0.9334383640294656,0.9,0.5,0.7,0.8,29.9,26.6,14.4,7.9,14.4,16.1,7.2,7.1,8.2,9.1,2.0,4.0,6.0,5.0,1.3498971154211057,2.0110804171997803,1.3984117975602022,1.2292725943057181,0.2666666666666666,-0.7333333333333334,0.1333333333333333,0.1333333333333333,0.23863636363636365,0.1724206349206349,0.16693722943722944,0.22162698412698412,0.2624458874458874,0.10694444444444444,0.22646103896103897,0.17847222222222223,0.5010822510822511,0.2793650793650793,0.3933982683982684,0.4000992063492063,0.7694805194805195,0.9732142857142857
2022020239,2022-11-14,2022-2023,NYR,ARI,4,1,5,3,1,0.0,0.0,0.0,1,1,-1.0,-1.0,0.0,4.0,5.0,2.8,2.8,0.0,2.5,3.0,-0.5,5.3,5.8,34.6,22.9,28.1,33.6,0.08853625260296923,0.12760514339461704,0.9100786378372586,0.910099483849484,0.7,1.0,0.5,0.6,31.9,24.6,8.8,10.6,14.6,14.3,6.5,6.0,9.5,9.9,1.0,4.0,5.0,4.0,2.4404006956964173,1.3165611772087666,1.178511301977579,2.2110831935702664,1.2000000000000002,-0.1333333333333333,0.16666666666666652,-1.3333333333333333,0.4166666666666667,0.07142857142857142,0.26180555555555557,0.11904761904761903,0.4583333333333333,0.31216931216931215,0.3347222222222222,0.2632275132275132,0.875,0.38359788359788355,0.5965277777777778,0.3822751322751323,-0.3041666666666667,-1.246031746031746
2022020246,2022-11-15,2022-2023,CGY,LAK,6,5,11,1,1,1.0,1.0,0.0,0,0,1.0,4.0,-3.0,3.0,7.0,2.6,3.2,-0.6000000000000001,2.9,2.5,0.3999999999999999,5.5,5.7,35.8,32.6,28.0,27.0,0.07251380262249826,0.10186794527311767,0.894084008428328,0.9025445906432749,0.4,0.9,0.7,0.8,28.6,22.3,10.1,7.3,14.7,14.6,8.5,4.8,10.1,8.6,3.0,1.0,7.0,7.0,1.07496769977314,1.5491933384829668,1.1972189997378646,1.7159383568311661,-0.6000000000000001,-0.8666666666666667,-0.5666666666666664,-1.1666666666666667,0.19047619047619047,0.0588235294117647,0.2380952380952381,0.18627450980392157,0.19047619047619047,0.40056022408963593,0.23280423280423282,0.41596638655462187,0.38095238095238093,0.45938375350140054,0.47089947089947093,0.6022408963585434,-0.5793650793650793,-0.3067226890756303
2022020245,2022-11-15,2022-2023,CHI,CAR,0,3,3,-3,0,1.0,1.0,0.0,0,0,1.0,-1.0,2.0,4.0,6.0,2.7,2.8,-0.09999999999999964,3.0,2.8,0.20000000000000018,5.7,5.6,26.2,36.2,36.1,25.3,0.10549928263744049,0.07946158884974672,0.9178504417340058,0.8874443885739771,0.8,0.6,0.9,0.9,27.9,21.2,11.0,7.6,16.9,9.1,8.3,9.8,11.7,6.5,3.0,3.0,6.0,5.0,1.70293863659264,2.097617696340303,1.4907119849998598,0.9189365834726815,-1.366666666666667,-0.1333333333333333,-0.3333333333333335,-0.46666666666666634,0.21428571428571427,0.13333333333333333,0.14285714285714282,0.1126984126984127,0.35714285714285715,0.29523809523809524,0.2326839826839827,0.24047619047619043,0.5714285714285715,0.42857142857142855,0.37554112554112556,0.3531746031746031,-0.2532467532467531,-0.2285714285714286
2022020247,2022-11-15,2022-2023,COL,STL,2,3,5,-1,0,1.0,1.0,0.0,0,0,4.0,2.0,2.0,6.0,2.0,3.4,2.0,1.4,2.4,3.8,-1.4,5.8,5.8,32.7,30.6,34.4,33.1,0.10279638079638076,0.06427391264852562,0.93071854913885,0.8798454654341954,1.0,0.5,0.7,0.7,21.4,26.5,8.4,6.1,14.5,14.2,7.1,7.9,3.9,8.9,3.0,1.0,5.0,5.0,1.7763883459298968,1.5634719199411433,1.1737877907772671,1.398411797560202,1.266666666666667,1.0,-0.7333333333333332,-0.46666666666666634,0.05128205128205129,0.15384615384615385,0.07692307692307693,0.16666666666666666,0.15384615384615385,0.3333333333333333,0.1923076923076923,0.36996336996337,0.20512820512820515,0.4871794871794872,0.2692307692307692,0.5366300366300366,0.9038461538461537,-2.9230769230769234
2022020256,2022-11-16,2022-2023,VGK,SJS,2,5,7,-3,0,2.0,2.0,0.0,0,0,-1.0,2.0,-3.0,9.0,4.0,4.0,3.4,0.6000000000000001,2.4,3.3,-0.8999999999999999,6.4,6.7,33.1,33.4,29.9,31.6,0.12893075338639853,0.11239738475222345,0.922090930341281,0.8925705705121724,0.7,0.7,0.4,0.3,24.9,20.6,5.1,7.4,21.2,14.6,8.5,10.1,7.8,7.4,3.0,3.0,4.0,6.0,1.632993161855452,1.0749676997731399,1.429840705968481,1.4181364924121764,0.33333333333333304,-0.06666666666666643,0.9333333333333336,0.03333333333333366,0.08333333333333333,0.11764705882352942,0.16666666666666666,0.2058823529411765,0.375,0.18067226890756305,0.375,0.33543417366946776,0.4583333333333333,0.29831932773109243,0.5416666666666666,0.5413165266106442,2.0625,-2.134453781512605
2022020248,2022-11-16,2022-2023,TBL,DAL,5,4,9,1,1,1.0,2.0,-1.0,0,0,1.0,1.0,0.0,6.0,5.0,3.6,3.6,0.0,3.2,2.8,0.40000000000000036,6.8,6.4,29.8,31.6,28.5,29.4,0.12191509044653057,0.1092544372160612,0.8759033686619894,0.8956422305764411,0.7,0.8,0.6,0.7,26.7,20.0,12.6,9.5,18.0,13.3,10.4,5.8,8.9,8.3,4.0,3.0,6.0,4.0,1.577621275493231,2.118699810942761,0.7888106377466153,1.873795909674026,-0.6000000000000001,-0.2666666666666666,0.46666666666666634,0.5333333333333337,0.13333333333333333,0.3111111111111111,0.15726495726495726,0.2222222222222222,0.2333333333333333,0.4444444444444445,0.33034188034188033,0.3333333333333333,0.3666666666666667,0.7555555555555555,0.48760683760683765,0.5555555555555556,-0.6371794871794872,1.4666666666666668
2022020251,2022-11-16,2022-2023,PIT,TOR,2,5,7,-3,0,2.0,2.0,0.0,0,0,-1.0,1.0,-2.0,2.0,4.0,2.8,2.7,0.09999999999999964,3.7,2.8,0.9000000000000004,6.5,5.5,30.7,30.0,33.6,27.9,0.09868187721734628,0.08978383978862484,0.8937517253400623,0.8973281979422136,0.5,0.8,0.8,0.9,28.4,21.8,7.3,8.5,14.3,13.2,6.9,8.7,8.4,10.7,0.0,1.0,2.0,5.0,1.4757295747452448,1.0593499054713802,1.7029386365926402,1.2292725943057181,1.2000000000000002,-0.03333333333333366,-1.0333333333333337,0.20000000000000018,0.3444444444444444,0.5,0.20555555555555552,0.2916666666666667,0.5888888888888889,0.22916666666666666,0.4785714285714285,0.2708333333333333,0.9333333333333332,0.7291666666666666,0.684126984126984,0.5625,-0.4452380952380952,0.6875
2022020254,2022-11-16,2022-2023,NSH,MIN,2,1,3,1,1,2.0,2.0,0.0,0,0,1.0,-1.0,2.0,4.0,6.0,2.7,2.2,0.5,3.1,1.7,1.4000000000000001,5.8,3.9,29.7,30.1,33.5,29.2,0.09252301985454156,0.06606286186931346,0.9017851083950909,0.9377490970899892,0.7,0.4,0.6,0.4,32.1,21.4,10.1,16.2,16.5,15.4,5.9,5.7,6.7,7.0,2.0,5.0,4.0,3.0,1.7669811040931427,1.6193277068654823,1.6633299933166197,1.1595018087284075,-0.7000000000000002,0.1333333333333333,0.2333333333333334,-0.7,0.13333333333333333,0.18888888888888888,0.14444444444444446,0.10555555555555556,0.4222222222222222,0.35555555555555557,0.41111111111111104,0.23737373737373735,0.5555555555555555,0.5444444444444444,0.5555555555555555,0.3429292929292929,-1.8666666666666667,-1.1484848484848484
2022020252,2022-11-16,2022-2023,BUF,VAN,4,5,9,-1,0,2.0,2.0,0.0,0,0,-5.0,-3.0,-2.0,3.0,4.0,3.3,3.7,-0.40000000000000036,3.7,3.6,0.10000000000000009,7.0,7.3,33.3,30.0,27.2,34.3,0.09734113677346493,0.12927810633689463,0.8613728559120568,0.8927782886871775,1.1,1.3,0.9,1.3,13.4,22.9,6.2,15.6,10.5,14.1,7.2,6.2,5.1,7.9,3.0,2.0,7.0,5.0,2.311805451253293,2.1628170930011117,1.0593499054713802,1.1737877907772674,-1.2999999999999998,-1.7000000000000002,0.2999999999999998,0.3999999999999999,0.13333333333333333,0.041666666666666664,0.24444444444444446,0.26851851851851855,0.24444444444444444,0.3317307692307692,0.30277777777777776,0.27003205128205127,0.37777777777777777,0.3733974358974359,0.5472222222222222,0.5385505698005698,0.13333333333333333,-0.6800213675213675
2022020253,2022-11-16,2022-2023,FLA,WSH,5,2,7,3,1,3.0,1.0,2.0,0,0,-1.0,-1.0,0.0,5.0,3.0,3.1,2.4,0.7000000000000002,2.8,2.5,0.2999999999999998,5.9,4.9,42.3,27.4,29.9,29.7,0.07334178502486208,0.09209649645059262,0.8995400298626105,0.9146040532106096,0.7,0.7,1.0,0.5,19.9,26.0,9.8,13.1,11.1,16.1,7.1,8.3,9.2,6.9,3.0,1.0,4.0,5.0,1.286683937707919,1.646545204697129,1.3165611772087666,1.4337208778404378,0.2333333333333334,0.6000000000000001,-0.7999999999999998,0.5,0.027777777777777776,0.27629233511586454,0.12777777777777777,0.21657754010695188,0.049999999999999996,0.34759358288770054,0.15,0.31105169340463457,0.07777777777777778,0.6238859180035651,0.27777777777777773,0.5276292335115864,-0.9916666666666667,-0.8342245989304811
2022020250,2022-11-16,2022-2023,CBJ,PHI,5,4,9,1,1,2.0,2.0,0.0,0,0,-1.0,-3.0,2.0,3.0,3.0,2.9,2.0,0.8999999999999999,4.2,2.8,1.4000000000000004,7.1,4.8,30.8,29.8,36.2,33.9,0.09734561415595896,0.0691007280325098,0.8774623897372347,0.9158253738449483,0.3,0.4,0.6,0.7,20.5,33.0,7.6,13.0,17.3,18.0,7.3,6.7,4.8,8.6,2.0,1.0,6.0,6.0,1.7919573407620815,1.6329931618554518,1.8135294011647256,1.5491933384829664,0.10000000000000009,-0.6666666666666667,-0.5333333333333337,0.8666666666666667,0.19047619047619047,0.08888888888888889,0.1706349206349206,0.10079365079365081,0.315018315018315,0.28888888888888886,0.3162393162393162,0.2126984126984127,0.5054945054945055,0.37777777777777777,0.48687423687423687,0.31349206349206343,-1.8424908424908426,-0.17142857142857137
2022020255,2022-11-16,2022-2023,ANA,DET,3,2,5,1,1,2.0,2.0,0.0,0,0,-3.0,-3.0,0.0,3.0,4.0,2.7,2.4,0.30000000000000027,4.2,3.7,0.5,6.9,6.1,33.0,26.6,37.8,32.5,0.08287766878414005,0.09755298510631305,0.8865408786692113,0.8904088501622069,0.2,0.6,1.3,1.0,18.0,27.4,15.3,6.4,13.3,16.7,6.7,5.0,8.3,7.1,1.0,1.0,5.0,6.0,1.7669811040931427,0.6992058987801009,1.2292725943057186,2.94580681270476,-0.7000000000000002,-0.06666666666666643,-0.5333333333333337,0.9666666666666668,0.2126984126984127,0.17777777777777778,0.10634920634920635,0.1986111111111111,0.1365079365079365,0.26666666666666666,0.15714285714285714,0.4263888888888889,0.34920634920634913,0.4444444444444445,0.26349206349206344,0.625,-1.619047619047619,-0.95
2022020249,2022-11-16,2022-2023,MTL,NJD,1,5,6,-4,0,2.0,2.0,0.0,0,0,3.0,9.0,-6.0,5.0,9.0,3.2,4.1,-0.8999999999999995,3.3,2.4,0.8999999999999999,6.5,6.5,31.2,36.0,34.3,26.0,0.1064676110868612,0.11389171623803421,0.8988914057518709,0.9045310160527551,0.6,0.8,0.9,0.9,14.3,14.4,14.9,10.0,15.4,12.1,6.8,7.4,11.8,7.5,2.0,4.0,5.0,6.0,1.9888578520235067,1.66332999331662,1.4181364924121764,1.577621275493231,0.7999999999999998,-0.4333333333333331,-0.6333333333333333,-0.06666666666666643,0.12820512820512822,0.06666666666666667,0.13760683760683762,0.15555555555555556,0.13675213675213674,0.2888888888888889,0.1606837606837607,0.28888888888888886,0.26495726495726496,0.35555555555555557,0.2982905982905983,0.4444444444444445,-0.7995337995337994,1.4666666666666668
2022020258,2022-11-17,2022-2023,CHI,STL,2,5,7,-3,0,1.0,1.0,0.0,0,0,-1.0,3.0,-4.0,3.0,3.0,2.2,2.3,-0.09999999999999964,2.9,3.7,-0.8000000000000003,5.1,6.0,26.2,32.0,35.9,33.6,0.08698076411892197,0.0719662203408333,0.9202401476163589,0.8827330034281164,0.6,0.6,0.9,0.8,25.0,26.2,10.8,5.9,16.6,14.1,7.1,7.8,10.2,8.6,2.0,2.0,6.0,5.0,1.6865480854231354,1.4181364924121767,1.4491376746189437,1.4944341180973262,-0.8666666666666669,1.3666666666666667,-0.5666666666666664,-1.3666666666666667,0.19999999999999998,0.14285714285714285,0.13333333333333333,0.15476190476190474,0.3333333333333333,0.3333333333333333,0.21666666666666667,0.36607142857142855,0.5333333333333333,0.4761904761904761,0.35000000000000003,0.5208333333333333,-0.5666666666666667,-2.571428571428571
2022020259,2022-11-17,2022-2023,EDM,LAK,1,3,4,-2,0,4.0,1.0,3.0,0,0,1.0,-1.0,2.0,6.0,6.0,3.7,3.3,0.40000000000000036,3.8,2.9,0.8999999999999999,7.5,6.2,30.8,32.2,36.0,27.5,0.11746475475604327,0.10698811246225037,0.887185988380575,0.8905445906432747,1.2,0.9,1.3,0.9,22.7,21.9,8.5,7.1,14.2,14.1,9.3,5.1,7.4,8.8,1.0,1.0,3.0,6.0,1.6363916944844774,1.636391694484477,1.9888578520235067,2.024845673131658,-0.7000000000000002,0.3666666666666667,-0.1333333333333333,0.43333333333333357,0.375,0.07407407407407407,0.19791666666666666,0.2037037037037037,0.5833333333333334,0.43703703703703706,0.34107142857142864,0.4314814814814815,0.9583333333333334,0.5111111111111112,0.5389880952380953,0.6351851851851852,0.1714285714285714,-0.17777777777777778
2022020257,2022-11-17,2022-2023,OTT,BUF,4,1,5,3,1,2.0,0.0,2.0,0,1,-1.0,-6.0,5.0,2.0,3.0,3.0,3.6,-0.6000000000000001,3.3,3.7,-0.40000000000000036,6.3,7.3,31.6,34.9,36.1,28.0,0.1031201978919137,0.10359113677346492,0.90457624808098,0.8665811892453903,0.9,1.1,0.8,0.9,28.6,12.7,13.6,6.2,14.3,11.2,7.2,7.3,8.2,4.8,1.0,0.0,6.0,8.0,1.0540925533894596,2.170509412813294,1.3374935098492586,1.0593499054713802,0.0,-0.6000000000000001,-0.6333333333333333,0.9666666666666668,0.24259259259259258,0.16666666666666666,0.16574074074074072,0.2604166666666667,0.2648148148148148,0.45138888888888884,0.2212962962962963,0.2986111111111111,0.5074074074074074,0.6180555555555555,0.38703703703703707,0.5590277777777778,0.4888888888888889,0.25
2022020272,2022-11-18,2022-2023,SJS,DET,4,7,11,-3,0,1.0,1.0,0.0,0,0,3.0,-4.0,7.0,4.0,4.0,3.6,2.4,1.2000000000000002,3.5,3.4,0.10000000000000009,7.1,5.8,33.8,27.7,31.2,31.4,0.11763876406256826,0.09452268207601003,0.8848782628198645,0.8950429965036705,0.8,0.7,0.3,1.0,21.4,26.4,7.6,7.2,14.3,18.0,10.5,5.1,7.9,6.5,1.0,1.0,6.0,5.0,1.1737877907772674,0.6992058987801009,0.9718253158075499,2.836272984824353,0.3999999999999999,-0.06666666666666643,-0.8333333333333335,1.6,0.12962962962962962,0.16666666666666666,0.21296296296296294,0.1851851851851852,0.2074074074074074,0.2708333333333333,0.362962962962963,0.4236111111111111,0.337037037037037,0.4375,0.5759259259259258,0.6087962962962963,-1.6222222222222222,-0.8680555555555556
2022020266,2022-11-18,2022-2023,WPG,ANA,3,2,5,1,1,3.0,1.0,2.0,0,0,1.0,1.0,0.0,7.0,4.0,3.2,2.9,0.30000000000000027,1.9,3.9,-2.0,5.1,6.8,31.1,32.7,29.5,37.0,0.10983648610909684,0.08984736575383702,0.9343759018759018,0.8926753945598247,0.8,0.3,0.4,1.1,27.0,17.8,7.8,15.3,13.8,14.0,7.1,6.5,8.9,8.1,4.0,2.0,5.0,6.0,1.6193277068654823,1.6633299933166195,1.286683937707919,1.3703203194062978,0.1333333333333333,-0.8999999999999999,0.10000000000000009,-0.8999999999999999,0.16666666666666666,0.1986111111111111,0.2380952380952381,0.10972222222222222,0.2619047619047619,0.15,0.21428571428571427,0.17916666666666667,0.42857142857142855,0.34861111111111115,0.45238095238095233,0.2888888888888889,-0.2857142857142857,-1.3916666666666666
2022020264,2022-11-18,2022-2023,TOR,NJD,2,3,5,-1,0,1.0,1.0,0.0,0,0,2.0,10.0,-8.0,5.0,10.0,3.1,4.3,-1.1999999999999997,2.7,1.9,0.8000000000000003,5.8,6.2,31.0,35.8,28.3,26.4,0.10058752885318348,0.11939515588781532,0.9010137016277172,0.9279575894793286,0.8,0.9,0.8,0.8,21.4,14.1,8.9,9.8,14.1,13.1,8.5,7.7,10.7,8.4,3.0,5.0,5.0,5.0,1.1005049346146119,1.636391694484477,1.2516655570345725,0.9944289260117537,0.2333333333333334,0.033333333333333215,-0.3666666666666667,0.10000000000000009,0.34313725490196073,0.0625,0.2107843137254902,0.15625,0.40196078431372556,0.2708333333333333,0.36764705882352944,0.28125,0.7450980392156863,0.3333333333333333,0.5784313725490197,0.4375,1.6176470588235294,1.6875
2022020260,2022-11-18,2022-2023,TBL,CGY,4,1,5,3,1,1.0,2.0,-1.0,0,0,2.0,2.0,0.0,6.0,3.0,3.6,2.9,0.7000000000000002,3.3,3.2,0.09999999999999964,6.9,6.1,31.0,35.6,28.2,28.2,0.11584221595260343,0.08313880262249826,0.871974797233418,0.8842500365253908,0.8,0.4,0.8,0.8,27.4,28.2,12.6,10.1,17.0,14.4,10.3,8.4,9.1,10.9,4.0,0.0,6.0,7.0,1.577621275493231,1.5238839267549946,0.8232726023485645,1.3165611772087666,0.3999999999999999,0.43333333333333357,0.7000000000000002,-0.20000000000000018,0.17147435897435895,0.17777777777777778,0.18097527472527472,0.2333333333333333,0.3060897435897436,0.20000000000000004,0.36286630036630035,0.2722222222222223,0.4775641025641026,0.37777777777777777,0.543841575091575,0.5055555555555555,0.07692307692307693,-0.33333333333333337
2022020269,2022-11-18,2022-2023,STL,WSH,5,4,9,1,1,0.0,1.0,-1.0,1,0,4.0,-2.0,6.0,4.0,3.0,2.7,2.6,0.10000000000000009,3.7,2.7,1.0,6.4,5.3,31.7,29.0,33.6,31.2,0.08362035567917918,0.09674765924129028,0.8827330034281164,0.9124876510942073,0.5,0.7,0.9,0.6,25.1,26.3,6.1,12.7,13.8,16.2,7.2,7.7,8.2,7.5,1.0,1.0,4.0,5.0,1.5670212364724212,1.4298407059684806,1.4944341180973262,1.494434118097326,0.9666666666666663,0.7333333333333334,-1.7000000000000002,0.6333333333333333,0.15555555555555556,0.28703703703703703,0.17407407407407405,0.2175925925925926,0.35555555555555557,0.35185185185185186,0.362962962962963,0.3055555555555555,0.5111111111111111,0.638888888888889,0.5370370370370371,0.5231481481481481,-1.8888888888888886,-1.0555555555555556
2022020271,2022-11-18,2022-2023,SEA,NYR,3,2,5,1,1,3.0,3.0,0.0,0,0,-2.0,1.0,-3.0,6.0,5.0,3.5,3.0,0.5,2.2,2.4,-0.19999999999999973,5.7,5.4,27.0,32.7,26.9,26.9,0.13556931914348794,0.09900324133082752,0.915811646061646,0.9114990923827131,0.6,0.8,0.6,0.5,19.9,31.1,8.2,9.6,14.9,14.7,11.3,7.6,7.3,9.9,3.0,3.0,6.0,5.0,1.58113883008419,2.4494897427831783,1.6865480854231354,1.2649110640673515,-1.1666666666666665,1.333333333333333,-0.5333333333333334,-0.7333333333333332,0.20833333333333334,0.411764705882353,0.15763888888888888,0.2659313725490196,0.3541666666666667,0.45098039215686275,0.2965277777777778,0.335171568627451,0.5625,0.8627450980392157,0.45416666666666666,0.6011029411764707,0.3458333333333333,0.01470588235294118
2022020270,2022-11-18,2022-2023,VGK,ARI,4,1,5,3,1,1.0,3.0,-2.0,0,0,-2.0,-2.0,0.0,8.0,5.0,3.9,2.7,1.1999999999999997,2.6,2.8,-0.19999999999999973,6.5,5.5,32.4,23.9,30.3,33.1,0.12753215198779713,0.12163923430370796,0.9153276453171264,0.9140346690346691,0.6,1.0,0.5,0.6,24.2,24.1,5.1,9.9,20.6,14.2,7.8,6.4,7.8,9.8,2.0,4.0,4.0,4.0,1.728840330651992,1.4181364924121764,1.3498971154211057,1.988857852023506,-0.2333333333333334,-1.0333333333333334,0.7333333333333334,-0.1333333333333333,0.0784313725490196,0.06666666666666667,0.1568627450980392,0.1111111111111111,0.37254901960784315,0.3111111111111111,0.36274509803921573,0.2555555555555556,0.45098039215686275,0.37777777777777777,0.5196078431372549,0.36666666666666664,1.7647058823529411,-1.5666666666666664
2022020268,2022-11-18,2022-2023,MIN,PIT,4,6,10,-2,0,1.0,1.0,0.0,0,0,-2.0,-2.0,0.0,5.0,2.0,2.0,2.7,-0.7000000000000002,1.8,3.5,-1.7,3.8,6.2,30.3,30.9,29.0,32.1,0.059415745544777784,0.0955158540513231,0.933452800793693,0.8940176827868708,0.4,0.4,0.5,0.7,21.7,30.2,17.2,7.3,14.3,15.0,6.0,6.8,5.6,8.4,1.0,2.0,3.0,3.0,1.6329931618554518,1.4944341180973275,1.135292424395095,1.509230856356236,-0.6666666666666667,0.6333333333333333,-0.4666666666666668,0.16666666666666652,0.17613636363636365,0.3429487179487179,0.0984848484848485,0.20272435897435895,0.3522727272727273,0.5705128205128206,0.2316919191919192,0.45747863247863246,0.5284090909090909,0.9134615384615384,0.3301767676767677,0.6602029914529914,-1.149621212121212,-0.8685897435897436
2022020262,2022-11-18,2022-2023,FLA,DAL,4,6,10,-2,0,1.0,1.0,0.0,0,0,1.0,-1.0,2.0,5.0,5.0,3.3,3.8,-0.5,2.8,2.9,-0.10000000000000009,6.1,6.7,43.4,31.7,31.6,30.0,0.07559469200160625,0.11530282431283541,0.9025811747642205,0.894984335839599,0.8,1.0,0.8,0.7,21.3,22.3,9.8,9.7,11.9,12.8,7.3,6.0,9.5,8.5,3.0,3.0,4.0,4.0,1.4181364924121764,2.0439612955674527,1.3165611772087666,1.9692073983655904,0.03333333333333366,0.5333333333333332,-1.133333333333333,0.7666666666666666,0.025641025641025644,0.3125,0.1530448717948718,0.22916666666666666,0.046474358974358976,0.4583333333333333,0.14022435897435898,0.3229166666666667,0.07211538461538462,0.7708333333333334,0.2932692307692308,0.5520833333333334,-1.030982905982906,0.875
2022020263,2022-11-18,2022-2023,CBJ,MTL,6,4,10,2,1,1.0,1.0,0.0,0,0,1.0,-1.0,2.0,3.0,5.0,2.9,3.1,-0.20000000000000018,4.3,3.2,1.0999999999999996,7.2,6.3,29.9,30.4,37.3,35.1,0.1005923674027122,0.10443141199183859,0.8781900404648855,0.9050317566290639,0.4,0.6,0.7,0.8,21.1,14.2,7.2,14.7,17.8,16.2,7.2,6.3,5.2,11.9,2.0,3.0,6.0,5.0,1.7919573407620815,2.0789954839350235,1.7669811040931427,1.3165611772087666,1.4333333333333331,0.5666666666666664,-0.9666666666666663,0.1333333333333333,0.17777777777777778,0.14682539682539683,0.20592185592185588,0.14186507936507936,0.31587301587301586,0.1488095238095238,0.2875457875457876,0.1572420634920635,0.4936507936507937,0.29563492063492064,0.49346764346764344,0.29910714285714285,-2.0424908424908423,-0.6904761904761905
2022020261,2022-11-18,2022-2023,CAR,COL,2,3,5,-1,0,2.0,2.0,0.0,0,0,1.0,-1.0,2.0,6.0,6.0,2.8,3.3,-0.5,2.6,2.3,0.30000000000000027,5.4,5.6,35.5,34.1,26.4,35.5,0.08114428115743903,0.09796079085440784,0.8999443885739771,0.9373119557322568,0.5,1.0,0.8,0.7,20.8,20.5,8.0,8.0,8.4,13.9,10.0,7.3,7.2,3.6,3.0,3.0,5.0,5.0,2.097617696340303,1.8287822299126935,1.2649110640673515,1.0593499054713802,0.8666666666666667,0.3666666666666667,-0.9333333333333333,0.03333333333333366,0.14583333333333334,0.047619047619047616,0.11226851851851853,0.03571428571428571,0.33888888888888885,0.14285714285714282,0.24074074074074073,0.10714285714285714,0.4847222222222222,0.19047619047619047,0.35300925925925924,0.14285714285714285,0.33611111111111114,0.657142857142857
2022020265,2022-11-18,2022-2023,BOS,PHI,4,1,5,3,1,4.0,1.0,3.0,0,0,4.0,-4.0,8.0,9.0,3.0,3.8,2.4,1.4,1.6,3.1,-1.5,5.4,5.5,32.3,30.5,29.7,34.8,0.11417424141562069,0.07991153884332061,0.9465190427480765,0.9090071920267666,1.1,0.5,0.3,0.8,25.8,32.5,13.0,13.2,12.9,18.2,5.9,6.7,8.0,7.3,5.0,1.0,5.0,5.0,1.4757295747452437,1.577621275493231,1.3498971154211064,1.663329993316619,-0.1333333333333333,-0.3999999999999999,-0.26666666666666683,1.233333333333333,0.21794871794871795,0.10416666666666667,0.296474358974359,0.11527777777777777,0.32532051282051283,0.2916666666666667,0.3605769230769231,0.22013888888888888,0.5432692307692307,0.3958333333333333,0.657051282051282,0.3354166666666667,0.5048076923076923,-0.16250000000000003
2022020267,2022-11-18,2022-2023,NSH,NYI,5,4,9,1,1,1.0,3.0,-2.0,0,0,2.0,2.0,0.0,5.0,8.0,2.6,3.5,-0.8999999999999999,2.8,2.4,0.3999999999999999,5.4,5.9,29.6,32.6,32.7,33.4,0.08898455831608004,0.10388005110831196,0.9085109029257635,0.9281752061347287,0.8,0.7,0.6,0.9,34.9,25.7,11.7,9.0,16.5,16.5,6.1,6.8,7.0,9.0,3.0,5.0,5.0,4.0,1.7763883459298968,2.013840995599095,1.751190071541826,0.9660917830792958,-0.2666666666666666,-0.8333333333333335,-0.46666666666666634,-0.3999999999999999,0.14583333333333334,0.1619281045751634,0.14583333333333334,0.20841503267973857,0.4375,0.1227124183006536,0.4270833333333333,0.19861111111111115,0.5833333333333334,0.284640522875817,0.5729166666666666,0.4070261437908497,-1.6875,1.0392156862745099
2022020275,2022-11-19,2022-2023,FLA,CGY,4,5,9,-1,0,0.0,0.0,0.0,1,1,-1.0,-1.0,0.0,5.0,2.0,3.5,2.6,0.8999999999999999,3.0,3.4,-0.3999999999999999,6.5,6.0,44.7,36.0,32.3,27.2,0.07823398818928953,0.07452769151138715,0.8990097461927918,0.8742368612948243,1.0,0.4,0.7,0.8,22.6,31.0,10.5,9.7,12.9,14.3,7.2,9.1,10.0,11.3,3.0,0.0,5.0,6.0,1.35400640077266,1.577621275493231,1.49071198499986,1.07496769977314,0.16666666666666652,0.7333333333333334,0.3333333333333335,-0.06666666666666643,0.023809523809523808,0.16666666666666666,0.15336134453781514,0.22916666666666666,0.0434173669467787,0.1875,0.14145658263305322,0.25473484848484845,0.06722689075630252,0.3541666666666667,0.29481792717086835,0.48390151515151514,-1.4831932773109242,-0.8068181818181819
2022020274,2022-11-19,2022-2023,OTT,NJD,1,5,6,-4,0,1.0,0.0,1.0,0,1,1.0,11.0,-10.0,2.0,10.0,3.0,4.0,-1.0,3.2,1.9,1.3000000000000003,6.2,5.9,32.4,35.0,36.0,26.9,0.1006201978919137,0.113851918637261,0.9076945276508726,0.9296410911628301,0.9,0.8,0.9,0.9,28.0,15.5,14.8,10.2,14.6,13.5,6.8,8.3,8.9,8.6,1.0,5.0,6.0,5.0,1.0540925533894596,1.5634719199411429,1.4757295747452437,0.9944289260117537,0.3333333333333335,0.0,-1.5333333333333334,-0.23333333333333317,0.22564102564102564,0.05882352941176471,0.16490384615384615,0.14705882352941177,0.2721153846153846,0.29411764705882354,0.2298076923076923,0.28431372549019607,0.49775641025641026,0.35294117647058826,0.3947115384615385,0.4313725490196078,0.8769230769230769,1.823529411764706
2022020273,2022-11-19,2022-2023,VAN,LAK,4,1,5,3,1,2.0,1.0,1.0,0,0,1.0,1.0,0.0,5.0,7.0,4.0,3.2,0.7999999999999998,3.7,2.5,1.2000000000000002,7.7,5.7,31.6,31.0,33.6,28.0,0.13240310633689462,0.10727220337134127,0.8879705963794852,0.9139745423340961,1.4,0.8,1.2,0.8,21.3,22.3,15.6,6.7,14.6,16.2,6.9,5.3,7.8,9.3,2.0,2.0,4.0,5.0,2.10818510677892,1.6193277068654823,1.1595018087284057,1.957890020745121,-1.0,0.7999999999999998,-0.03333333333333366,0.8333333333333335,0.0392156862745098,0.07017543859649122,0.2787114845938375,0.1929824561403509,0.33053221288515405,0.4133771929824561,0.2829131652661065,0.4172149122807018,0.3697478991596639,0.48355263157894735,0.561624649859944,0.6101973684210525,0.2647058823529412,-0.009868421052631582
2022020278,2022-11-20,2022-2023,WSH,COL,0,4,4,-4,0,1.0,1.0,0.0,0,0,-3.0,1.0,-4.0,2.0,7.0,2.7,3.4,-0.6999999999999997,3.1,2.2,0.8999999999999999,5.8,5.6,30.6,33.6,30.2,36.5,0.09601936792476366,0.10796079085440784,0.8958209844275407,0.9410400259076953,0.8,1.1,0.7,0.6,25.2,19.6,12.7,7.5,15.8,14.6,7.5,6.8,7.1,3.2,2.0,4.0,5.0,4.0,1.494434118097326,1.7763883459298968,1.197218999737864,1.0327955589886444,0.2999999999999998,-0.3999999999999999,1.233333333333333,-0.20000000000000018,0.33873144399460187,0.044444444444444446,0.23954116059379216,0.03333333333333333,0.36437246963562747,0.17777777777777778,0.3225371120107962,0.13333333333333333,0.7031039136302294,0.22222222222222224,0.5620782726045884,0.16666666666666666,-0.8097165991902835,0.7000000000000001
2022020276,2022-11-20,2022-2023,TOR,BUF,5,2,7,3,1,1.0,2.0,-1.0,0,0,-1.0,-7.0,6.0,5.0,3.0,3.0,3.5,-0.5,2.6,3.7,-1.1,5.6,7.2,31.2,33.4,28.5,28.5,0.09599493626059087,0.10248002566235384,0.9048260183432598,0.8677124109648473,0.8,1.1,0.6,1.0,22.6,13.1,8.5,7.0,14.3,10.7,8.5,7.1,12.1,5.5,3.0,0.0,6.0,7.0,1.1547005383792517,2.273030282830976,1.1737877907772671,1.0593499054713802,0.3333333333333335,-1.5,-0.2666666666666666,-0.03333333333333366,0.27777777777777773,0.09803921568627451,0.1759259259259259,0.2379084967320261,0.3333333333333333,0.3764705882352941,0.3333333333333333,0.31111111111111106,0.611111111111111,0.47450980392156855,0.5092592592592593,0.5490196078431372,0.5555555555555556,0.1411764705882353
2022020282,2022-11-20,2022-2023,STL,ANA,6,2,8,4,1,1.0,1.0,0.0,0,0,5.0,-1.0,6.0,5.0,4.0,2.9,2.9,0.0,3.6,3.9,-0.2999999999999998,6.5,6.8,30.6,33.7,34.6,37.3,0.09457273663156013,0.0867751691332533,0.8870849881244339,0.8936452221460316,0.5,0.3,0.9,1.1,24.0,17.2,6.5,15.8,13.5,13.7,7.4,6.6,7.7,8.4,2.0,2.0,5.0,5.0,1.5951314818673865,1.6633299933166195,1.429840705968481,1.3703203194062978,1.1,-0.5666666666666664,-0.9333333333333336,-1.2333333333333334,0.1875,0.18627450980392157,0.14166666666666666,0.10294117647058824,0.3541666666666667,0.16176470588235295,0.37083333333333335,0.28186274509803916,0.5416666666666666,0.34803921568627455,0.5125000000000001,0.38480392156862747,-1.275,-0.7463235294117647
2022020288,2022-11-20,2022-2023,SJS,NYR,1,2,3,-1,0,1.0,1.0,0.0,0,0,-1.0,-1.0,0.0,4.0,5.0,3.8,3.2,0.5999999999999996,3.7,2.4,1.3000000000000003,7.5,5.6,33.2,31.6,30.1,27.2,0.12718715115934248,0.10566990799749418,0.8677814886263162,0.91246891996892,0.8,1.0,0.3,0.5,20.6,29.2,8.0,9.6,13.7,14.2,10.1,7.8,9.0,8.5,1.0,3.0,6.0,5.0,1.0327955589886446,2.250925735484551,1.2516655570345723,1.2649110640673515,-0.1333333333333333,-0.8666666666666667,-0.3666666666666667,-0.3999999999999999,0.14035087719298245,0.4259259259259259,0.2280701754385965,0.2696078431372549,0.1962719298245614,0.46296296296296297,0.37883771929824556,0.34422657952069713,0.3366228070175438,0.888888888888889,0.606907894736842,0.6138344226579521,-1.7006578947368418,0.013071895424836583
2022020286,2022-11-20,2022-2023,SEA,LAK,3,2,5,1,1,1.0,0.0,1.0,0,1,1.0,-1.0,2.0,7.0,6.0,3.4,2.9,0.5,1.9,2.7,-0.8000000000000003,5.3,5.6,26.8,31.9,27.2,27.7,0.13317961326113498,0.09611067887043384,0.9276634979134979,0.9051173994769532,0.6,0.6,0.6,0.8,21.3,21.9,8.4,6.5,15.3,16.9,10.5,4.9,7.8,8.6,4.0,2.0,7.0,4.0,1.577621275493231,1.728840330651992,1.370320319406297,2.002775851439973,-1.7333333333333332,0.10000000000000009,0.10000000000000009,0.9666666666666663,0.2352941176470588,0.06666666666666667,0.16789215686274508,0.18333333333333335,0.39215686274509803,0.411764705882353,0.3082107843137255,0.4058823529411765,0.6274509803921569,0.47843137254901963,0.47610294117647056,0.5892156862745098,0.6176470588235294,-0.22647058823529415
2022020285,2022-11-20,2022-2023,NSH,TBL,2,3,5,-1,0,1.0,1.0,0.0,0,0,3.0,3.0,0.0,6.0,7.0,3.0,3.8,-0.7999999999999998,2.9,3.0,-0.10000000000000009,5.9,6.8,29.5,30.9,33.5,28.9,0.10198859057414456,0.12450888261927011,0.9083896908045516,0.88159600935463,0.8,0.9,0.7,0.8,32.9,29.2,11.1,12.4,17.5,16.9,6.5,12.6,7.9,10.2,4.0,2.0,5.0,7.0,1.8257418583505538,1.4757295747452437,1.7919573407620815,1.0540925533894596,0.0,1.2000000000000002,-0.8999999999999999,-0.3333333333333335,0.1372549019607843,0.1610644257703081,0.1372549019607843,0.1687675070028011,0.5098039215686274,0.31092436974789917,0.46078431372549017,0.27310924369747897,0.6470588235294118,0.4719887955182073,0.5980392156862745,0.44187675070028015,-1.2352941176470589,0.319327731092437
2022020281,2022-11-20,2022-2023,WPG,PIT,0,3,3,-3,0,1.0,1.0,0.0,0,0,2.0,1.0,1.0,8.0,3.0,3.4,3.2,0.19999999999999973,1.8,3.5,-1.7,5.2,6.7,31.2,30.8,29.9,30.8,0.11598567965748394,0.11123555102102008,0.9390354000837873,0.8877374895501557,0.9,0.5,0.2,0.6,25.8,30.9,8.2,7.3,13.1,14.3,6.8,6.5,8.9,8.4,5.0,3.0,5.0,3.0,1.429840705968481,1.6865480854231363,1.2292725943057183,1.509230856356236,-0.7333333333333334,0.7999999999999998,0.5333333333333334,0.833333333333333,0.15555555555555556,0.3613445378151261,0.22222222222222224,0.22050070028011207,0.26666666666666666,0.6176470588235294,0.2333333333333333,0.4705882352941177,0.4222222222222222,0.9789915966386555,0.45555555555555555,0.6910889355742297,0.30000000000000004,-0.8639705882352942
2022020283,2022-11-20,2022-2023,MIN,CAR,2,1,3,1,1,1.0,1.0,0.0,0,0,-3.0,-1.0,-2.0,4.0,6.0,2.0,2.8,-0.7999999999999998,2.1,2.4,-0.2999999999999998,4.1,5.2,28.6,36.8,29.2,24.8,0.06680704989260386,0.07959666210981997,0.9242203202597663,0.8960734208320416,0.3,0.5,0.6,0.9,22.1,20.4,16.0,8.6,13.5,8.2,5.9,10.3,5.6,7.4,1.0,3.0,4.0,5.0,1.6329931618554518,2.097617696340303,1.523883926754996,0.9660917830792953,0.3333333333333335,-0.7999999999999998,0.8999999999999999,-0.3999999999999999,0.04738562091503268,0.1372549019607843,0.08251633986928104,0.10490196078431373,0.16176470588235295,0.3186274509803922,0.2309577677224736,0.22561274509803927,0.20915032679738563,0.45588235294117646,0.31347410759175465,0.33051470588235293,-1.8817496229260937,0.44338235294117645
2022020287,2022-11-20,2022-2023,EDM,VGK,4,3,7,1,1,2.0,1.0,1.0,0,0,-1.0,1.0,-2.0,5.0,8.0,3.5,3.9,-0.3999999999999999,3.9,2.5,1.4,7.4,6.4,30.3,33.2,35.3,29.8,0.11109829512871408,0.12488533643775576,0.8833659544247178,0.9179331043741984,1.2,0.7,1.2,0.5,25.8,25.3,8.9,6.0,14.1,19.6,9.0,7.6,7.8,7.7,1.0,5.0,4.0,5.0,1.8408935028645437,1.728840330651992,1.852925614624973,1.4337208778404378,-1.1666666666666665,-1.2333333333333334,-0.2333333333333334,-0.16666666666666652,0.37254901960784315,0.0925925925925926,0.19607843137254902,0.17592592592592593,0.5490196078431372,0.3888888888888889,0.33553178847296494,0.36111111111111116,0.9215686274509803,0.48148148148148145,0.5316102198455139,0.5370370370370371,0.05597147950089128,1.8888888888888888
2022020284,2022-11-20,2022-2023,DAL,NYI,5,2,7,3,1,1.0,1.0,0.0,0,0,1.0,-1.0,2.0,6.0,7.0,4.3,3.3,1.0,3.1,2.7,0.3999999999999999,7.4,6.0,31.5,32.7,31.6,33.0,0.1327666730336363,0.09725126322952407,0.8930362838915469,0.9177604595909499,1.0,0.8,0.8,1.0,20.5,26.5,9.9,9.2,13.9,14.5,5.5,6.8,8.9,8.9,2.0,4.0,4.0,4.0,1.8885620632287061,1.8287822299126932,1.9692073983655904,1.2516655570345725,0.7000000000000002,0.7000000000000002,0.2333333333333334,0.6333333333333333,0.3137254901960784,0.20092592592592595,0.2261029411764706,0.17562636165577342,0.45098039215686275,0.12083333333333333,0.3339460784313726,0.14538398692810456,0.7647058823529411,0.32175925925925924,0.560049019607843,0.321010348583878,1.4375,1.1301470588235294
2022020289,2022-11-20,2022-2023,CBJ,FLA,5,3,8,2,1,-1.0,0.0,-1.0,0,1,-1.0,-2.0,1.0,3.0,5.0,2.8,3.6,-0.8000000000000003,4.6,3.0,1.5999999999999996,7.4,6.6,30.3,43.1,38.2,33.6,0.09166892733703078,0.08378020667668448,0.871060436561088,0.9057629929460387,0.4,1.0,0.9,0.7,20.5,21.6,7.9,11.0,17.4,13.4,6.5,7.3,5.3,10.8,3.0,2.0,7.0,6.0,2.043961295567452,1.3498971154211057,1.349897115421106,1.49071198499986,1.2000000000000002,0.733333333333333,0.06666666666666732,0.6666666666666665,0.18382352941176472,0.022222222222222223,0.21609477124183005,0.14444444444444446,0.349264705882353,0.04074074074074074,0.3223447712418301,0.13333333333333333,0.5330882352941176,0.06296296296296296,0.5384395424836601,0.2777777777777778,-1.0024509803921569,-1.3878787878787877
2022020279,2022-11-20,2022-2023,CBJ,DET,1,6,7,-5,0,1.0,1.0,0.0,0,0,2.0,1.0,1.0,4.0,5.0,3.2,3.0,0.20000000000000018,4.1,3.3,0.7999999999999998,7.3,6.3,29.6,26.9,37.6,30.6,0.111907022575126,0.12440773954727438,0.8840508463256913,0.8941945116551855,0.4,0.7,0.8,0.7,19.8,25.4,7.7,6.0,18.1,19.0,7.2,5.0,5.3,7.0,3.0,2.0,6.0,5.0,2.043961295567452,1.4907119849998598,1.6633299933166195,2.79085809185793,1.4666666666666668,1.0,-0.09999999999999964,0.3666666666666667,0.1997549019607843,0.17647058823529413,0.23231792717086833,0.1931372549019608,0.3905228758169934,0.3137254901960784,0.3247257236227824,0.44313725490196076,0.5902777777777778,0.4901960784313726,0.5570436507936508,0.6362745098039216,-0.9043417366946779,-0.45882352941176474
2022020277,2022-11-20,2022-2023,BOS,CHI,6,1,7,5,1,1.0,2.0,-1.0,0,0,5.0,-2.0,7.0,9.0,2.0,3.9,2.0,1.9,1.6,3.2,-1.6,5.5,5.2,32.6,26.7,28.9,36.3,0.1163294138294138,0.0762063533445112,0.9453970231127327,0.9124060462338704,1.2,0.6,0.4,0.9,25.2,23.1,12.5,9.8,12.7,15.5,6.0,7.2,8.3,10.1,5.0,1.0,5.0,6.0,1.449137674618944,1.5634719199411429,1.3498971154211064,1.5491933384829666,0.10000000000000009,-0.33333333333333326,-0.26666666666666683,0.1333333333333333,0.25210084033613445,0.1875,0.29707438530967945,0.125,0.30392156862745096,0.3333333333333333,0.3513071895424837,0.21314102564102563,0.5560224089635853,0.5208333333333334,0.6483815748521631,0.3381410256410256,0.730812324929972,-0.7307692307692308
2022020280,2022-11-20,2022-2023,MTL,PHI,5,4,9,1,1,1.0,1.0,0.0,0,0,-2.0,-5.0,3.0,5.0,2.0,3.4,2.1,1.2999999999999998,3.5,3.2,0.2999999999999998,6.9,5.3,31.9,30.6,34.9,32.9,0.1102515178119444,0.06607754674845895,0.8938412804385877,0.9023895449679431,0.7,0.5,0.8,0.9,14.0,31.7,14.6,12.6,15.8,17.0,5.9,6.2,10.2,7.5,2.0,1.0,4.0,4.0,1.9550504398153574,1.5238839267549944,1.3540064007726602,1.6865480854231347,-0.06666666666666643,-0.10000000000000009,0.833333333333333,1.4666666666666668,0.13675213675213674,0.09803921568627451,0.09778783308195073,0.10845588235294118,0.16209150326797386,0.29411764705882354,0.14407096171802056,0.21691176470588236,0.29884364002011066,0.39215686274509803,0.2418587947999713,0.32536764705882354,-0.871837965955613,-0.33455882352941174
2022020290,2022-11-21,2022-2023,CHI,PIT,3,5,8,-2,0,0.0,0.0,0.0,1,1,-3.0,2.0,-5.0,2.0,4.0,1.6,3.4,-1.7999999999999998,3.2,3.1,0.10000000000000009,4.8,6.5,24.9,30.5,36.8,31.2,0.06787302001117786,0.11775340816387722,0.9142420315459878,0.9020232038358701,0.5,0.4,0.8,0.4,22.5,30.9,8.6,6.7,15.8,14.1,7.8,6.9,9.8,8.7,1.0,4.0,5.0,3.0,1.1737877907772667,1.5055453054181624,1.5491933384829666,1.8529256146249726,-0.6000000000000001,0.2666666666666666,1.4666666666666668,-0.43333333333333357,0.19607843137254902,0.34074074074074073,0.12745098039215688,0.2079520697167756,0.3137254901960784,0.637037037037037,0.2002801120448179,0.48028322440087146,0.5098039215686274,0.9777777777777777,0.3277310924369748,0.688235294117647,-1.0966386554621848,-0.4248366013071896
2022020294,2022-11-22,2022-2023,WPG,CAR,4,3,7,1,1,1.0,1.0,0.0,0,0,-1.0,-2.0,1.0,7.0,5.0,3.0,2.5,0.5,2.0,2.3,-0.2999999999999998,5.0,4.8,30.1,35.1,30.5,24.0,0.10668335407608862,0.07383225108225107,0.9325837871805615,0.8968944388944389,0.9,0.5,0.2,0.8,24.5,19.7,8.0,7.6,12.6,8.5,7.4,9.8,8.6,7.0,4.0,2.0,5.0,5.0,1.7638342073763937,2.1213203435596424,1.0540925533894598,0.9486832980505131,-1.0,-0.5,0.0,-0.6333333333333331,0.14583333333333334,0.12962962962962962,0.22916666666666666,0.09848484848484847,0.25,0.3006535947712418,0.21875,0.21231927114280058,0.3958333333333333,0.4302832244008714,0.4479166666666667,0.31080411962764903,0.4375,0.4613784907902555
2022020300,2022-11-22,2022-2023,VAN,VGK,4,5,9,-1,0,2.0,1.0,1.0,0,0,2.0,-1.0,3.0,5.0,7.0,3.9,3.8,0.10000000000000009,3.4,2.9,0.5,7.3,6.7,32.2,34.4,33.8,29.2,0.12208731686321043,0.11552704766770228,0.8964501285432279,0.9005418000263722,1.3,0.6,1.1,0.6,22.2,25.3,13.7,5.7,14.1,19.1,5.9,7.9,8.3,8.0,3.0,5.0,5.0,4.0,2.078995483935024,1.751190071541826,1.429840705968481,1.1972189997378648,-0.2333333333333334,-0.7999999999999998,-0.7333333333333334,-0.2333333333333334,0.037037037037037035,0.08771929824561403,0.2615740740740741,0.18421052631578946,0.3111111111111111,0.3684210526315789,0.2759259259259259,0.3421052631578947,0.34814814814814815,0.456140350877193,0.5375,0.5263157894736842,0.3416666666666667,1.6842105263157894
2022020295,2022-11-22,2022-2023,TOR,NYI,2,3,5,-1,0,1.0,1.0,0.0,0,0,1.0,-2.0,3.0,6.0,6.0,3.3,3.0,0.2999999999999998,2.4,2.7,-0.30000000000000027,5.7,5.7,30.7,31.2,29.0,32.7,0.11059120955251633,0.09278417859002563,0.9127367688503591,0.9168065645194078,0.9,0.9,0.6,0.9,23.6,25.6,8.5,10.2,14.9,14.4,9.6,6.8,13.0,8.5,4.0,4.0,7.0,3.0,1.2516655570345727,1.763834207376393,1.07496769977314,1.2516655570345725,0.7000000000000002,0.3333333333333335,-0.06666666666666643,0.9666666666666663,0.27631578947368424,0.18943498452012383,0.1820175438596491,0.16586758972594887,0.32894736842105265,0.11390608875128999,0.33114035087719296,0.1373624011007912,0.6052631578947368,0.30334107327141385,0.5131578947368421,0.30322999082674007,0.7105263157894737,0.626375988992088
2022020291,2022-11-22,2022-2023,TBL,BOS,3,5,8,-2,0,1.0,1.0,0.0,0,0,4.0,6.0,-2.0,7.0,9.0,3.7,4.0,-0.2999999999999998,3.0,1.6,1.4,6.7,5.6,31.8,33.6,30.0,27.8,0.11886785697824447,0.11513138704999168,0.8848698188784396,0.9432897434192462,1.0,1.1,0.9,0.5,29.7,24.2,13.2,12.1,16.0,12.8,12.4,6.6,10.9,8.7,5.0,4.0,7.0,5.0,1.4944341180973262,1.5634719199411433,1.0540925533894596,1.3498971154211064,0.2999999999999998,1.0,-0.6666666666666665,-0.26666666666666683,0.17037037037037037,0.27777777777777773,0.17777777777777778,0.2962962962962963,0.3148148148148148,0.3037037037037037,0.26851851851851855,0.39444444444444443,0.4851851851851852,0.5814814814814815,0.44629629629629636,0.6907407407407408,0.24444444444444444,1.3222222222222224
2022020296,2022-11-22,2022-2023,STL,ANA,3,1,4,2,1,1.0,1.0,0.0,0,0,6.0,-2.0,8.0,6.0,4.0,3.1,3.1,0.0,3.2,4.1,-0.8999999999999995,6.3,7.2,31.0,34.0,35.4,38.5,0.09888646212175621,0.09302516913325329,0.905834988124434,0.8941799815043204,0.5,0.5,0.9,1.1,23.1,16.0,7.2,16.0,15.0,13.5,7.2,7.5,7.9,7.9,3.0,2.0,5.0,5.0,1.8529256146249728,1.370320319406297,1.2292725943057183,1.5238839267549948,1.9,-0.7666666666666666,-0.5333333333333337,-0.4333333333333331,0.19607843137254902,0.17647058823529413,0.14260249554367202,0.10675381263616558,0.35294117647058826,0.21708683473389356,0.3637353931471578,0.2566915655150949,0.5490196078431373,0.39355742296918766,0.50633788869083,0.36344537815126055,-0.797979797979798,-1.0625583566760037
2022020292,2022-11-22,2022-2023,PHI,CGY,2,5,7,-3,0,1.0,2.0,-1.0,0,0,-6.0,1.0,-7.0,2.0,3.0,2.2,2.8,-0.5999999999999996,3.2,3.5,-0.2999999999999998,5.4,6.3,30.6,35.3,32.3,28.1,0.06952582261052793,0.08119435817805382,0.9004158607574169,0.8743467514047143,0.4,0.5,1.0,0.8,32.1,31.2,12.7,10.2,17.1,14.6,6.0,9.1,7.4,10.7,1.0,1.0,3.0,5.0,1.6193277068654823,1.6193277068654823,1.6865480854231347,1.0801234497346435,0.7999999999999998,0.8666666666666667,1.1333333333333329,0.5,0.11111111111111112,0.1568627450980392,0.08387799564270153,0.21568627450980393,0.27777777777777773,0.196078431372549,0.18627450980392157,0.24918300653594772,0.3888888888888889,0.35294117647058826,0.2701525054466231,0.4648692810457516,0.11229946524064177,-0.9558823529411764
2022020297,2022-11-22,2022-2023,NSH,ARI,4,3,7,1,1,1.0,3.0,-2.0,0,0,-1.0,-3.0,2.0,5.0,4.0,2.6,2.2,0.3999999999999999,3.0,2.9,0.10000000000000009,5.6,5.1,28.5,24.6,33.9,33.7,0.09395287628843027,0.09390644078144074,0.9064116688265296,0.9128691678691678,0.8,0.8,0.8,0.7,32.9,25.8,11.7,10.2,18.8,13.8,6.9,6.0,7.9,10.3,3.0,3.0,5.0,4.0,1.5055453054181618,0.9189365834726816,1.7638342073763935,2.0248456731316584,0.3999999999999999,-0.8666666666666669,-0.3333333333333335,1.1,0.12962962962962962,0.0625,0.12962962962962962,0.10416666666666667,0.5,0.2897727272727273,0.45370370370370366,0.23863636363636365,0.6296296296296297,0.3522727272727273,0.5833333333333334,0.3428030303030303,-1.222222222222222,-1.7784090909090908
2022020293,2022-11-22,2022-2023,NJD,EDM,5,2,7,3,1,2.0,1.0,1.0,0,0,12.0,1.0,11.0,10.0,5.0,4.4,3.3,1.1000000000000005,2.0,3.7,-1.7000000000000002,6.4,7.0,36.3,28.8,27.1,35.1,0.12339298143919337,0.11270012579232964,0.9257949373166763,0.888431313901842,0.8,1.0,0.9,1.0,16.7,27.5,9.4,7.7,12.9,15.0,7.4,9.6,9.2,9.9,4.0,3.0,4.0,5.0,1.1737877907772674,1.636391694484477,0.8164965809277266,1.828782229912694,-0.06666666666666732,-0.2999999999999998,-0.6666666666666667,-1.3666666666666667,0.07407407407407407,0.3703703703703704,0.14814814814814814,0.19444444444444445,0.27777777777777773,0.5740740740740741,0.28703703703703703,0.375,0.35185185185185186,0.9444444444444445,0.4351851851851853,0.5694444444444444,1.8888888888888888,0.16666666666666666
2022020298,2022-11-22,2022-2023,DAL,COL,2,3,5,-1,0,1.0,1.0,0.0,0,0,2.0,2.0,0.0,6.0,7.0,4.6,3.5,1.0999999999999996,3.3,2.0,1.2999999999999998,7.9,5.5,32.3,34.0,31.8,36.2,0.1396449799119432,0.10975389430268372,0.8861397321674092,0.9467543116219812,1.0,1.0,0.9,0.5,21.1,18.0,9.9,7.1,14.0,14.8,5.3,6.5,8.8,3.4,2.0,4.0,4.0,4.0,1.7126976771553508,1.7795130420052183,1.7029386365926398,1.247219128924647,0.40000000000000036,-0.5,0.3666666666666667,-0.33333333333333326,0.3148148148148148,0.0625,0.23202614379084965,0.041666666666666664,0.5,0.1875,0.380718954248366,0.14583333333333334,0.8148148148148149,0.25,0.6127450980392157,0.1875,1.977124183006536,0.9821428571428572
2022020299,2022-11-22,2022-2023,SJS,OTT,5,1,6,4,1,1.0,2.0,-1.0,0,0,-2.0,-1.0,-1.0,3.0,2.0,3.5,2.9,0.6000000000000001,3.5,3.3,0.20000000000000018,7.0,6.2,32.4,32.1,31.8,35.6,0.11863175143984739,0.0975698000139296,0.8774005362453637,0.9039582639146089,0.6,0.8,0.2,0.9,20.0,28.0,7.8,13.6,14.3,14.8,9.6,6.8,8.7,9.8,0.0,1.0,6.0,6.0,1.35400640077266,1.1972189997378646,1.509230856356236,1.4944341180973264,-0.16666666666666652,-0.5666666666666664,-0.5,-0.6333333333333333,0.15,0.2412783295136236,0.22499999999999998,0.16965877259994908,0.18627450980392157,0.27400050929462694,0.36813725490196075,0.22523554876496055,0.33627450980392154,0.5152788388082505,0.5931372549019608,0.3948943213649096,-1.5617647058823527,0.5542398777692896
2022020302,2022-11-23,2022-2023,LAK,NYR,3,5,8,-2,0,2.0,2.0,0.0,0,0,-2.0,1.0,-3.0,5.0,5.0,2.6,2.8,-0.19999999999999973,2.9,2.2,0.6999999999999997,5.5,5.0,31.8,33.2,27.8,26.2,0.0863405639279051,0.08809884856596963,0.8983440004621748,0.9172120029728725,0.5,0.8,0.9,0.5,23.0,30.6,6.3,8.6,16.5,13.4,4.4,8.2,8.5,8.5,4.0,3.0,4.0,5.0,1.5776212754932306,2.0439612955674527,1.9119507199599977,1.3165611772087664,-0.6000000000000001,-0.1333333333333333,-0.2333333333333334,-0.5333333333333334,0.06349206349206349,0.4035087719298245,0.18253968253968253,0.2553606237816764,0.41005291005291006,0.456140350877193,0.4034391534391535,0.35282651072124754,0.4735449735449735,0.8596491228070177,0.5859788359788359,0.608187134502924,-0.10317460317460317,0.11988304093567254
2022020301,2022-11-23,2022-2023,MTL,BUF,2,7,9,-5,0,2.0,2.0,0.0,0,0,1.0,-8.0,9.0,5.0,2.0,3.5,3.3,0.20000000000000018,3.7,3.9,-0.19999999999999973,7.2,7.2,31.7,32.3,33.3,28.2,0.1139279884001797,0.09947348971464141,0.8844926214347563,0.8618595681554826,0.8,1.1,0.7,1.1,15.0,15.2,15.1,7.2,16.2,10.6,5.7,7.2,12.5,6.3,3.0,0.0,5.0,6.0,1.957890020745122,2.311805451253293,1.2516655570345727,1.1005049346146119,-0.5,-0.9666666666666663,0.6333333333333329,0.4333333333333331,0.023809523809523808,0.1514161220043573,0.03968253968253968,0.2632080610021787,0.202020202020202,0.3877005347593583,0.16813973063973062,0.31885026737967914,0.2258297258297258,0.5391166567637156,0.2078222703222703,0.5820583283818578,-1.4384920634920635,-0.19507575757575757
2022020309,2022-11-24,2022-2023,MIN,WPG,6,1,7,5,1,3.0,1.0,2.0,0,0,1.0,1.0,0.0,5.0,7.0,2.1,2.8,-0.6999999999999997,2.0,1.9,0.10000000000000009,4.1,4.7,27.6,30.5,28.8,28.8,0.0731050529648005,0.09249571105549363,0.9274584154978616,0.9305635851603593,0.3,0.7,0.5,0.1,21.9,23.6,15.8,7.8,14.1,12.4,5.8,7.9,5.4,9.1,2.0,2.0,5.0,6.0,1.5951314818673863,1.4757295747452437,1.5634719199411444,0.8755950357709134,0.2333333333333334,-0.46666666666666634,0.6666666666666665,0.43333333333333357,0.09971509971509972,0.1372549019607843,0.12393162393162394,0.21568627450980393,0.16951566951566951,0.27450980392156865,0.21703296703296704,0.22549019607843138,0.2692307692307692,0.411764705882353,0.3409645909645909,0.4411764705882353,-1.4877899877899878,0.23529411764705882
2022020312,2022-11-24,2022-2023,WSH,PHI,3,2,5,1,1,3.0,1.0,2.0,0,0,-4.0,-7.0,3.0,2.0,2.0,2.5,2.4,0.10000000000000009,3.3,3.4,-0.10000000000000009,5.8,5.8,31.8,31.2,29.6,31.5,0.08601936792476367,0.07752582261052793,0.8877421666935505,0.8924793528209088,0.7,0.4,0.7,1.0,24.3,33.8,11.9,12.8,15.5,17.1,8.7,6.2,7.1,7.2,2.0,1.0,6.0,4.0,1.7159383568311664,1.429840705968481,1.1595018087284048,1.505545305418161,-0.5,-0.06666666666666643,0.7000000000000002,0.2666666666666666,0.2740740740740741,0.10526315789473684,0.23822751322751323,0.07943469785575048,0.3111111111111111,0.2807017543859649,0.3353174603174603,0.1851851851851852,0.5851851851851851,0.3859649122807018,0.5735449735449735,0.2646198830409357,-1.0571428571428574,0.1885964912280702
2022020315,2022-11-24,2022-2023,VGK,OTT,4,1,5,3,1,1.0,1.0,0.0,0,0,1.0,-2.0,3.0,7.0,2.0,4.1,2.7,1.3999999999999995,3.2,3.3,-0.09999999999999964,7.3,6.0,33.4,33.3,29.7,32.9,0.1245182757378777,0.08866291742283651,0.8909153632447631,0.8976424744409247,0.6,0.7,0.6,0.9,24.6,27.2,5.7,13.1,18.6,15.0,7.8,6.6,7.5,9.5,1.0,1.0,3.0,6.0,1.66332999331662,1.3374935098492586,1.0327955589886448,1.4944341180973264,-0.09999999999999964,-0.7000000000000002,-0.20000000000000018,-0.2999999999999998,0.09999999999999999,0.2259259259259259,0.20000000000000004,0.15925925925925924,0.4166666666666667,0.2574074074074074,0.3666666666666667,0.21203703703703702,0.5166666666666667,0.48333333333333334,0.5666666666666667,0.3712962962962963,1.95,0.08888888888888888
2022020316,2022-11-24,2022-2023,SEA,SJS,8,5,13,3,1,3.0,1.0,2.0,0,0,2.0,1.0,1.0,7.0,4.0,3.2,3.7,-0.5,2.0,3.2,-1.2000000000000002,5.2,6.9,27.3,32.8,28.5,33.0,0.12269110751400855,0.12364967258680078,0.92701694618936,0.8901535726826107,0.5,0.6,0.6,0.2,22.2,20.2,7.8,8.3,15.9,15.1,10.7,10.1,7.5,8.0,4.0,3.0,7.0,6.0,1.4757295747452437,1.4181364924121764,1.3333333333333328,1.6865480854231358,-0.5333333333333337,-0.3666666666666667,0.3333333333333335,-0.5333333333333337,0.24074074074074073,0.15873015873015872,0.19421101774042948,0.2380952380952381,0.4259259259259259,0.1931216931216931,0.3146591970121382,0.36640211640211634,0.6666666666666666,0.35185185185185186,0.5088702147525677,0.6044973544973545,0.37208216619981327,-1.1904761904761902
2022020305,2022-11-24,2022-2023,PIT,CGY,2,1,3,1,1,2.0,1.0,1.0,0,0,3.0,2.0,1.0,5.0,4.0,3.8,2.9,0.8999999999999999,3.2,3.2,0.0,7.0,6.1,29.7,34.3,31.5,28.0,0.1347231051335742,0.08786102484472047,0.899544755560008,0.8855775206354837,0.4,0.5,0.4,0.7,30.3,31.2,8.1,10.2,14.0,15.1,7.4,8.9,8.6,10.0,0.0,2.0,3.0,4.0,1.316561177208767,1.7288403306519917,1.8135294011647258,1.0327955589886446,0.8666666666666671,0.43333333333333357,-0.8666666666666667,-0.20000000000000018,0.37828947368421045,0.16666666666666666,0.2247197855750487,0.21296296296296294,0.6546052631578947,0.20370370370370372,0.49884259259259256,0.2571225071225071,1.0328947368421053,0.3703703703703704,0.7235623781676414,0.47008547008547014,-0.12463450292397665,-0.5427350427350428
2022020308,2022-11-24,2022-2023,NJD,TOR,1,2,3,-1,0,1.0,1.0,0.0,0,0,13.0,-1.0,14.0,10.0,6.0,4.2,3.2,1.0,2.1,2.3,-0.19999999999999973,6.3,5.5,33.8,30.3,28.0,27.5,0.12804257712652492,0.10850787621918301,0.9238901754119144,0.9104931791067694,0.8,0.9,1.0,0.6,17.4,24.8,9.6,9.0,12.8,14.6,6.9,9.8,9.6,14.0,4.0,2.0,4.0,8.0,0.7888106377466153,1.3165611772087666,0.7378647873726224,0.9486832980505139,0.13333333333333286,-0.20000000000000018,-0.43333333333333335,0.3666666666666667,0.08771929824561403,0.26666666666666666,0.15789473684210525,0.18333333333333335,0.2631578947368421,0.3,0.2719298245614035,0.21666666666666667,0.3508771929824561,0.5666666666666668,0.4298245614035087,0.39999999999999997,1.9473684210526316,0.25
2022020304,2022-11-24,2022-2023,FLA,BOS,5,2,7,3,1,3.0,1.0,2.0,0,0,-3.0,7.0,-10.0,4.0,9.0,3.4,4.1,-0.6999999999999997,3.2,1.9,1.3000000000000003,6.6,6.0,42.3,33.0,33.3,28.3,0.08115951702151207,0.12094419493176507,0.8955623240497177,0.9347183148478176,0.9,1.3,0.8,0.6,20.2,24.6,10.2,12.1,12.5,11.5,6.6,7.4,10.1,8.9,2.0,4.0,5.0,5.0,1.2649110640673515,1.5951314818673865,1.6193277068654828,1.2866839377079193,0.2666666666666666,0.9000000000000004,1.4666666666666668,-0.23333333333333317,0.020833333333333332,0.464712918660287,0.13651315789473684,0.33674242424242423,0.03837719298245614,0.5972886762360446,0.1469298245614035,0.4196969696969697,0.05921052631578947,1.0620015948963317,0.28344298245614036,0.756439393939394,-1.3377192982456139,2.0657296650717702
2022020310,2022-11-24,2022-2023,NYI,EDM,3,0,3,3,1,1.0,1.0,0.0,0,0,1.0,-1.0,2.0,6.0,4.0,3.0,3.2,-0.20000000000000018,2.8,4.0,-1.2000000000000002,5.8,7.2,30.3,29.2,33.7,33.7,0.09619326949911655,0.10782833092053476,0.9151020190648623,0.8753360758066039,0.8,1.0,0.9,1.1,28.7,26.4,9.2,7.7,14.3,14.7,7.0,8.3,9.2,8.9,2.0,2.0,3.0,5.0,1.763834207376393,1.6865480854231356,1.1352924243950933,1.7638342073763942,0.0,-0.8666666666666667,0.8666666666666667,-0.6666666666666665,0.19880174291938998,0.21052631578947367,0.18361139777548444,0.19298245614035084,0.10773420479302831,0.3333333333333333,0.1885162252035317,0.32456140350877194,0.3065359477124183,0.543859649122807,0.3721276229790162,0.5175438596491229,0.6931372549019608,-0.3421052631578948
2022020313,2022-11-24,2022-2023,DAL,CHI,6,4,10,2,1,1.0,2.0,-1.0,0,0,-1.0,-4.0,3.0,6.0,2.0,4.5,1.6,2.9,2.9,3.2,-0.30000000000000027,7.4,4.8,31.4,25.5,32.6,34.7,0.1388874041543674,0.06570955847271633,0.9026476686753456,0.90646425376821,1.0,0.4,0.8,0.6,21.5,23.7,11.2,9.4,14.0,15.1,5.8,7.4,9.5,10.1,2.0,1.0,4.0,6.0,1.8408935028645437,1.1737877907772667,1.4491376746189437,1.5491933384829666,-0.16666666666666696,0.3999999999999999,-0.2333333333333334,1.7999999999999998,0.2982456140350877,0.2037037037037037,0.21978557504873295,0.12962962962962962,0.47368421052631576,0.3148148148148148,0.36988304093567254,0.2074074074074074,0.7719298245614036,0.5185185185185185,0.5896686159844055,0.337037037037037,2.1403508771929824,-1.2
2022020314,2022-11-24,2022-2023,ANA,NYR,3,2,5,1,1,1.0,0.0,1.0,0,1,-3.0,2.0,-5.0,3.0,5.0,2.8,3.0,-0.20000000000000018,4.0,2.3,1.7000000000000002,6.8,5.3,32.9,31.8,37.5,28.0,0.08634018744827161,0.10040654087366194,0.894821007145346,0.9193172661307673,0.5,0.7,1.1,0.5,15.5,31.3,16.0,8.8,14.1,13.7,7.7,7.9,7.8,8.5,1.0,3.0,4.0,5.0,1.4757295747452432,2.160246899469287,1.632993161855452,1.3374935098492584,-1.133333333333333,0.0,-0.3333333333333335,0.03333333333333366,0.16666666666666666,0.43333333333333335,0.10964912280701754,0.2675438596491228,0.20370370370370372,0.45,0.23123781676413255,0.35219298245614034,0.3703703703703704,0.8833333333333333,0.34088693957115007,0.6197368421052631,-0.9061403508771928,0.5184210526315789
2022020307,2022-11-24,2022-2023,BUF,STL,6,2,8,4,1,0.0,1.0,-1.0,1,0,1.0,7.0,-6.0,2.0,7.0,3.2,3.3,-0.09999999999999964,3.8,2.8,1.0,7.0,6.1,31.5,30.9,29.5,35.2,0.10050323799839427,0.10642614466143877,0.8720746219189236,0.9189302262196721,1.1,0.6,1.1,0.8,15.6,22.1,8.9,7.0,11.1,15.3,7.4,7.6,7.3,8.0,1.0,3.0,5.0,5.0,2.0976176963403024,1.70293863659264,1.2292725943057183,1.2292725943057183,0.1333333333333333,1.0333333333333332,-0.46666666666666634,-0.46666666666666634,0.1783625730994152,0.1851851851851852,0.25584795321637427,0.1851851851851852,0.4420077972709551,0.35185185185185186,0.3559566651671915,0.37615740740740744,0.6203703703703703,0.5370370370370371,0.6118046183835658,0.5613425925925927,-0.3690958164642375,-0.9444444444444444
2022020303,2022-11-24,2022-2023,CAR,ARI,0,4,4,-4,0,1.0,1.0,0.0,0,0,-3.0,-4.0,1.0,4.0,4.0,2.6,2.3,0.30000000000000027,2.5,2.9,-0.3999999999999999,5.1,5.2,34.3,25.2,24.3,34.7,0.07922907647907645,0.09549374236874233,0.8895031345466127,0.9147739297739298,0.4,0.8,0.7,0.9,19.4,25.9,7.0,11.3,8.7,13.8,9.4,6.1,6.7,9.3,2.0,3.0,4.0,3.0,2.1186998109427604,0.9486832980505139,1.0801234497346428,2.0248456731316584,-0.6000000000000001,-0.6333333333333331,0.5,0.7666666666666666,0.12280701754385964,0.10049019607843139,0.09283625730994151,0.11887254901960786,0.30214424951267055,0.13398692810457516,0.20930799220272903,0.2238562091503268,0.42495126705653025,0.2344771241830065,0.30214424951267055,0.3427287581699346,0.40935672514619886,-1.8602941176470589
2022020311,2022-11-24,2022-2023,DET,NSH,3,0,3,3,1,3.0,1.0,2.0,0,0,2.0,1.0,1.0,5.0,6.0,3.4,2.9,0.5,3.3,3.1,0.19999999999999973,6.7,6.0,28.1,29.6,30.3,33.2,0.1326239557634906,0.10061954295509694,0.8938488895353698,0.901182910656595,0.8,1.0,0.7,0.8,23.0,31.7,6.4,12.4,18.4,18.3,5.1,7.1,6.0,8.4,2.0,2.0,4.0,5.0,1.7126976771553504,1.1972189997378646,2.79085809185793,1.728840330651992,1.6,0.43333333333333357,-0.6333333333333333,0.2333333333333334,0.1851851851851852,0.15789473684210525,0.20033670033670037,0.14912280701754385,0.3148148148148148,0.49122807017543857,0.44276094276094274,0.4561403508771929,0.5,0.6491228070175439,0.6430976430976431,0.6052631578947368,0.02525252525252525,-1.3157894736842106
2022020317,2022-11-24,2022-2023,COL,VAN,3,4,7,-1,0,1.0,1.0,0.0,0,0,3.0,-1.0,4.0,7.0,4.0,3.5,3.8,-0.2999999999999998,2.0,3.8,-1.7999999999999998,5.5,7.6,33.1,32.2,34.0,34.1,0.11092272547151487,0.11863904100114145,0.9427688043756042,0.8861493766635287,1.0,1.1,0.5,1.0,17.2,22.4,7.0,12.9,15.6,13.4,6.3,5.9,4.4,8.3,3.0,2.0,4.0,5.0,1.7795130420052183,2.0439612955674527,1.247219128924647,1.2292725943057186,-0.5,0.5333333333333332,-0.6666666666666667,-0.46666666666666634,0.0588235294117647,0.05263157894736842,0.09803921568627451,0.26228070175438595,0.17647058823529413,0.293859649122807,0.2156862745098039,0.2697368421052631,0.2352941176470588,0.34649122807017546,0.3137254901960784,0.5320175438596492,1.0514705882352942,-0.9111842105263158
2022020306,2022-11-24,2022-2023,CBJ,MTL,1,3,4,-2,0,3.0,0.0,3.0,0,1,1.0,-1.0,2.0,4.0,4.0,3.0,3.0,0.0,4.4,4.0,0.40000000000000036,7.4,7.0,29.3,32.3,41.4,34.1,0.10431714868090428,0.0923796013034055,0.8928382143388658,0.8794049021365107,0.6,0.6,0.7,0.8,21.4,15.4,6.9,16.2,19.5,17.2,5.9,4.7,5.0,12.9,4.0,1.0,7.0,6.0,2.1602468994692865,1.5634719199411433,1.429840705968481,1.6329931618554523,1.0,0.3333333333333335,-0.06666666666666732,1.333333333333333,0.1851851851851852,0.07485380116959063,0.24027777777777778,0.12076023391812866,0.39433551198257083,0.2327485380116959,0.33952886710239655,0.13489278752436648,0.579520697167756,0.30760233918128654,0.5798066448801743,0.25565302144249513,-1.4408496732026141,-3.285380116959064
2022020323,2022-11-25,2022-2023,ANA,OTT,1,5,6,-4,0,0.0,0.0,0.0,1,1,1.0,-3.0,4.0,3.0,2.0,2.6,2.5,0.10000000000000009,3.7,3.2,0.5,6.3,5.7,30.7,35.8,37.4,33.0,0.08861291472099889,0.0711629174228365,0.8992607534455574,0.900835751751849,0.5,0.8,1.0,0.9,15.4,28.9,14.5,10.5,15.2,14.3,7.4,6.7,7.3,9.5,2.0,1.0,5.0,6.0,1.2649110640673513,1.4337208778404378,1.70293863659264,1.4757295747452437,-0.6000000000000001,-1.5,-0.3666666666666667,0.46666666666666634,0.15789473684210525,0.22672064777327935,0.11228070175438597,0.1753903990746096,0.20942982456140347,0.23616734143049933,0.23804824561403504,0.2152014652014652,0.3673245614035088,0.46288798920377866,0.350328947368421,0.3905918642760748,-0.5934210526315788,-0.13186813186813184
2022020318,2022-11-25,2022-2023,BOS,CAR,3,2,5,1,1,0.0,0.0,0.0,1,1,-1.0,-4.0,3.0,8.0,3.0,3.7,2.3,1.4000000000000004,1.8,2.5,-0.7,5.5,4.8,32.9,32.4,27.5,24.3,0.11107240005997021,0.073774531024531,0.9345428762513265,0.8895031345466128,1.4,0.3,0.9,0.5,22.9,17.7,12.7,6.9,10.5,8.7,7.1,8.4,9.1,7.5,5.0,1.0,5.0,5.0,1.567021236472421,2.263232692902394,1.0327955589886453,1.0801234497346428,0.6333333333333329,-0.9666666666666666,0.8666666666666665,0.5,0.2676470588235294,0.11666666666666665,0.2656417112299465,0.08782051282051283,0.3264705882352941,0.2868421052631579,0.3907605466428996,0.1983468286099865,0.5941176470588235,0.40350877192982454,0.656402257872846,0.2861673414304993,0.836847466259231,0.04352226720647774
2022020321,2022-11-25,2022-2023,CHI,MTL,2,3,5,-1,0,0.0,0.0,0.0,1,1,-5.0,1.0,-6.0,2.0,5.0,1.7,3.2,-1.5000000000000002,3.4,3.8,-0.3999999999999999,5.1,7.0,26.0,31.7,35.0,34.2,0.0670743227407064,0.09986728603246954,0.9018777876027965,0.8861790956848976,0.4,0.5,0.7,0.7,22.2,15.1,7.6,13.0,16.7,17.8,6.7,4.8,9.7,12.7,1.0,2.0,5.0,6.0,1.3374935098492582,1.3984117975602024,1.646545204697129,1.8737959096740262,0.9666666666666666,-0.20000000000000018,1.6,0.20000000000000018,0.1929824561403509,0.08750000000000001,0.13157894736842105,0.09930555555555555,0.3508771929824561,0.22083333333333333,0.24177631578947367,0.12708333333333333,0.543859649122807,0.30833333333333335,0.3733552631578947,0.2263888888888889,-1.082236842105263,-2.248611111111111
2022020322,2022-11-25,2022-2023,MIN,TOR,3,4,7,-1,0,0.0,0.0,0.0,1,1,2.0,1.0,1.0,5.0,6.0,2.4,2.9,-0.5,1.8,2.2,-0.40000000000000013,4.2,5.1,28.0,27.9,29.1,28.5,0.07991823977798729,0.10714423985554664,0.9355486011742542,0.9156360362496265,0.5,0.7,0.5,0.5,23.1,22.6,16.0,6.5,14.8,15.9,5.5,9.2,5.2,13.0,3.0,3.0,6.0,7.0,2.0110804171997807,1.1972189997378648,1.549193338482968,1.0327955589886446,1.6,0.10000000000000009,0.5333333333333334,-0.20000000000000018,0.06516290726817042,0.20634920634920637,0.12092731829573934,0.1507936507936508,0.08771929824561403,0.3055555555555556,0.20705931495405175,0.22420634920634921,0.15288220551378445,0.511904761904762,0.3279866332497911,0.37500000000000006,-0.9833333333333333,0.38095238095238093
2022020324,2022-11-25,2022-2023,PHI,PIT,1,4,5,-3,0,0.0,0.0,0.0,1,1,-8.0,4.0,-12.0,2.0,6.0,2.4,3.4,-1.0,3.2,2.7,0.5,5.6,6.1,31.0,29.8,30.3,30.9,0.07822147478444096,0.12412931296083467,0.8944679891845452,0.9116035790894198,0.3,0.4,0.9,0.3,32.8,29.4,9.5,8.1,17.2,14.1,5.8,7.1,7.2,8.3,1.0,5.0,4.0,3.0,1.429840705968481,1.5055453054181624,1.3984117975602008,1.6363916944844765,0.2666666666666666,-0.3999999999999999,0.1333333333333333,-1.366666666666667,0.09999999999999999,0.35882352941176476,0.07543859649122807,0.21318369453044375,0.2833333333333333,0.6401960784313725,0.18421052631578946,0.4828173374613003,0.3833333333333333,0.9990196078431373,0.2596491228070175,0.6960010319917441,0.23360323886639678,-0.006037151702786334
2022020319,2022-11-25,2022-2023,WSH,CGY,3,0,3,3,1,0.0,0.0,0.0,1,1,1.0,-1.0,2.0,3.0,4.0,2.6,2.9,-0.2999999999999998,3.2,3.0,0.20000000000000018,5.8,5.9,32.9,34.7,28.8,28.8,0.08587055840095414,0.08746886798197537,0.8887239338744761,0.8926908374262197,0.7,0.5,0.6,0.6,24.6,31.3,12.1,10.0,14.5,15.9,8.9,9.1,7.7,8.9,3.0,2.0,6.0,3.0,1.7126976771553502,1.7288403306519917,1.2292725943057174,1.2472191289246473,-0.2666666666666666,0.43333333333333357,0.1333333333333333,-0.6666666666666665,0.273015873015873,0.15789473684210525,0.2396825396825397,0.20175438596491224,0.373015873015873,0.1929824561403509,0.35634920634920636,0.2550125313283208,0.6460317460317461,0.3508771929824561,0.596031746031746,0.4567669172932331,-1.0952380952380953,-0.38721804511278196
2022020332,2022-11-26,2022-2023,NYR,EDM,3,4,7,-1,0,1.0,1.0,0.0,0,0,-1.0,-2.0,1.0,4.0,3.0,3.1,2.5,0.6000000000000001,2.6,3.9,-1.2999999999999998,5.7,6.4,32.5,30.4,28.3,34.5,0.10227992588658183,0.08890941200161587,0.9056809024944037,0.8830499607995913,0.7,0.8,0.5,1.0,30.7,25.4,8.4,7.2,13.3,14.6,7.9,7.5,7.7,9.2,1.0,2.0,4.0,4.0,2.078995483935024,1.3540064007726595,1.0749676997731397,1.7919573407620821,-0.10000000000000009,-0.5,-0.2666666666666666,-0.2333333333333334,0.41269841269841273,0.19999999999999998,0.2626984126984127,0.18333333333333335,0.4444444444444444,0.31666666666666665,0.3432539682539682,0.3083333333333333,0.8571428571428572,0.5166666666666666,0.605952380952381,0.49166666666666664,0.20238095238095238,-0.43333333333333335
2022020329,2022-11-26,2022-2023,VGK,SEA,2,4,6,-2,0,1.0,1.0,0.0,0,0,2.0,3.0,-1.0,7.0,8.0,4.2,3.6,0.6000000000000001,3.1,2.1,1.0,7.3,5.7,33.9,26.4,31.6,29.3,0.1259519674941501,0.14120962603252707,0.8979391727685726,0.930008399180813,0.6,0.5,0.6,0.5,23.8,22.6,5.5,6.3,18.7,16.6,8.0,10.8,7.9,7.1,2.0,3.0,4.0,7.0,1.6193277068654826,2.118699810942761,1.1972189997378648,1.5238839267549944,-0.20000000000000018,1.0666666666666669,-0.10000000000000009,0.8999999999999999,0.09523809523809523,0.2631578947368421,0.1984126984126984,0.21208576998050685,0.41269841269841273,0.42105263157894735,0.36507936507936506,0.31559454191033137,0.5079365079365079,0.6842105263157895,0.5634920634920635,0.5276803118908382,2.095238095238095,0.652046783625731
2022020328,2022-11-26,2022-2023,TBL,STL,5,2,7,3,1,3.0,1.0,2.0,0,0,-1.0,1.0,-2.0,6.0,8.0,3.6,3.7,-0.10000000000000009,3.2,3.1,0.10000000000000009,6.8,6.8,32.7,32.1,30.2,35.5,0.11205467016505766,0.11590915708562763,0.878739550679206,0.9112706269652453,1.1,0.6,1.0,0.7,31.9,21.0,13.4,7.4,15.7,14.5,13.3,7.0,12.0,7.6,5.0,4.0,8.0,4.0,1.5055453054181618,1.567021236472421,1.2292725943057181,1.5951314818673865,-0.2666666666666666,-0.3666666666666667,-0.5333333333333337,0.5666666666666664,0.1611842105263158,0.18771929824561404,0.1683114035087719,0.14176788124156545,0.31469298245614036,0.2359649122807018,0.2889254385964912,0.2601889338731444,0.4758771929824561,0.42368421052631583,0.4572368421052631,0.4019568151147099,0.3881578947368421,-1.0903018034596983
2022020331,2022-11-26,2022-2023,SJS,LAK,2,5,7,-3,0,1.0,2.0,-1.0,0,0,-1.0,-3.0,2.0,4.0,5.0,3.7,2.7,1.0,3.4,2.8,0.6000000000000001,7.1,5.5,31.0,32.4,31.2,26.2,0.13151680545393366,0.08798530077001036,0.8745941321231703,0.8941773337955082,0.6,0.5,0.3,0.6,20.5,23.4,7.4,5.7,15.2,16.2,9.4,5.0,7.3,8.5,1.0,1.0,5.0,5.0,1.4181364924121764,1.567021236472421,2.011080417199781,1.8135294011647252,-0.03333333333333366,-0.7000000000000002,-0.3999999999999999,0.8666666666666667,0.16666666666666666,0.06060606060606061,0.23484848484848486,0.1818181818181818,0.21451355661881977,0.43620414673046254,0.39513556618819773,0.4302232854864434,0.38118022328548645,0.4968102073365231,0.6299840510366826,0.6120414673046252,-1.2392344497607655,-0.23444976076555024
2022020334,2022-11-26,2022-2023,FLA,STL,4,5,9,-1,0,1.0,-1.0,2.0,0,0,1.0,-1.0,2.0,5.0,7.0,3.8,3.3,0.5,3.2,3.0,0.20000000000000018,7.0,6.3,41.2,31.1,35.2,35.5,0.09490759689862421,0.10609934727581782,0.9004341189215126,0.9139733296679481,1.2,0.6,0.8,0.9,21.4,22.2,10.2,6.9,13.5,15.7,7.6,7.0,10.2,7.8,3.0,3.0,6.0,4.0,1.0327955589886444,1.70293863659264,1.6193277068654828,1.5634719199411433,0.20000000000000018,0.3666666666666667,0.46666666666666634,0.0,0.0196078431372549,0.18859649122807018,0.12941176470588237,0.16466861598440546,0.03627450980392157,0.24298245614035088,0.14901960784313725,0.33201754385964916,0.05588235294117647,0.43157894736842106,0.2784313725490196,0.49668615984405456,-1.087556561085973,-1.6707602339181287
2022020326,2022-11-26,2022-2023,CBJ,NYI,2,3,5,-1,0,1.0,1.0,0.0,0,0,-1.0,2.0,-3.0,4.0,6.0,3.1,2.8,0.30000000000000027,4.2,2.6,1.6,7.3,5.4,29.4,30.4,40.7,35.2,0.10754295513251717,0.0892040221872886,0.8971239286245801,0.9209843720060388,0.6,0.8,0.7,0.8,21.1,28.7,7.6,9.1,19.2,14.8,5.4,5.9,4.8,10.8,4.0,3.0,7.0,4.0,2.0248456731316584,1.6193277068654819,1.6193277068654823,1.429840705968481,-0.7666666666666666,-0.1333333333333333,-0.5333333333333337,-0.6000000000000001,0.17543859649122806,0.18852687273739907,0.22713493292053663,0.1744221665274297,0.3732943469785575,0.11807296017822333,0.3207738504758629,0.20308409913673073,0.5487329434697855,0.3065998329156224,0.5479087833963995,0.3775062656641604,-1.6227425180598556,0.7055137844611529
2022020330,2022-11-26,2022-2023,DAL,WPG,4,5,9,-1,0,1.0,1.0,0.0,0,0,1.0,-1.0,2.0,6.0,6.0,4.6,2.6,1.9999999999999996,3.1,2.3,0.8000000000000003,7.7,4.9,31.3,29.9,32.5,30.6,0.14177201953898277,0.08737255834613403,0.8959944428688941,0.9247027792995535,0.8,0.7,0.7,0.3,21.9,23.2,11.5,8.9,13.9,12.5,6.4,7.8,9.0,8.9,2.0,1.0,4.0,6.0,1.8973665961010278,1.5776212754932308,1.4491376746189435,1.5670212364724212,-0.2666666666666666,-0.9333333333333333,-0.43333333333333357,1.3666666666666667,0.3,0.12962962962962962,0.21710526315789472,0.1851851851851852,0.5,0.25925925925925924,0.41008771929824556,0.23677248677248675,0.8000000000000002,0.3888888888888889,0.6271929824561403,0.4219576719576719,2.336842105263158,-0.07936507936507942
2022020333,2022-11-26,2022-2023,CAR,CGY,3,2,5,1,1,0.0,0.0,0.0,1,1,-5.0,-2.0,-3.0,2.0,4.0,2.0,2.6,-0.6000000000000001,2.5,2.9,-0.3999999999999999,4.5,5.5,32.7,34.9,25.9,27.8,0.0641785714285714,0.07746886798197536,0.8941860613758811,0.8921194088547912,0.4,0.5,0.5,0.6,18.4,30.1,6.7,9.0,9.0,16.2,8.5,8.7,6.9,8.4,1.0,2.0,4.0,2.0,2.0548046676563256,1.9550504398153572,1.0801234497346428,1.1972189997378648,-0.33333333333333326,-0.6000000000000001,0.8333333333333335,-0.8999999999999999,0.1111111111111111,0.15,0.08333333333333333,0.17500000000000002,0.273015873015873,0.18333333333333335,0.1884920634920635,0.23333333333333336,0.3841269841269841,0.3333333333333333,0.2718253968253968,0.4083333333333334,-0.05,-0.09999999999999998
2022020327,2022-11-26,2022-2023,BUF,NJD,1,3,4,-2,0,1.0,1.0,0.0,0,0,2.0,-1.0,3.0,2.0,9.0,3.2,3.8,-0.5999999999999996,3.7,2.1,1.6,6.9,5.9,31.4,33.6,31.0,27.7,0.10107141981657608,0.11738620647015426,0.8808047806490823,0.9225858275858275,1.2,0.7,1.1,0.8,16.3,17.5,8.9,7.7,10.9,12.2,7.6,6.4,6.9,9.6,1.0,5.0,5.0,5.0,2.0976176963403024,1.2292725943057181,1.3374935098492586,0.7378647873726224,1.7999999999999998,-0.1333333333333333,-0.7000000000000002,-0.43333333333333335,0.22644110275689222,0.08333333333333333,0.2798872180451128,0.15833333333333333,0.425563909774436,0.25,0.42367939078465394,0.2583333333333333,0.6520050125313284,0.3333333333333333,0.7035666088297666,0.4166666666666667,0.07044534412955467,1.7000000000000002
2022020325,2022-11-26,2022-2023,DET,ARI,4,3,7,1,1,1.0,1.0,0.0,0,0,3.0,1.0,2.0,6.0,5.0,3.4,2.5,0.8999999999999999,2.5,2.6,-0.10000000000000009,5.9,5.1,29.2,25.9,28.3,34.4,0.12630211668303082,0.10030855718355713,0.9112401938831958,0.9224662374662375,0.9,0.7,0.5,0.8,23.9,26.1,6.0,12.0,19.5,16.1,5.1,6.3,7.3,8.6,3.0,4.0,5.0,2.0,1.7126976771553504,1.0801234497346435,2.4152294576982394,2.2211108331943574,1.9333333333333331,0.16666666666666652,-0.8333333333333333,-0.2666666666666666,0.17543859649122806,0.1111111111111111,0.18932748538011693,0.12037037037037036,0.31578947368421045,0.12535612535612536,0.425438596491228,0.22934472934472935,0.49122807017543857,0.23646723646723644,0.6147660818713451,0.3497150997150997,0.24561403508771928,-1.2222222222222223
2022020340,2022-11-27,2022-2023,VGK,VAN,1,5,6,-4,0,0.0,2.0,-2.0,1,0,-1.0,1.0,-2.0,6.0,5.0,3.9,4.0,-0.10000000000000009,3.1,3.7,-0.6000000000000001,7.0,7.7,32.9,32.4,29.8,34.1,0.1194178765850592,0.12594338882722841,0.8923491106567714,0.8889271544413064,0.6,0.9,0.6,1.1,24.0,21.4,5.5,11.4,19.0,14.0,8.9,5.5,8.1,8.1,2.0,3.0,5.0,4.0,1.728840330651992,1.9436506316151005,1.1972189997378648,1.2516655570345727,-0.2333333333333334,0.0,-0.10000000000000009,-0.7000000000000002,0.10606060606060606,0.05000000000000001,0.196969696969697,0.25681818181818183,0.393939393939394,0.31176470588235294,0.34848484848484845,0.28088235294117647,0.5,0.36176470588235293,0.5454545454545455,0.5377005347593583,1.8636363636363635,-0.5957219251336898
2022020335,2022-11-27,2022-2023,PIT,TOR,1,4,5,-3,0,1.0,1.0,0.0,0,0,5.0,2.0,3.0,7.0,6.0,3.5,3.1,0.3999999999999999,2.4,2.4,0.0,5.9,5.5,30.6,27.9,30.8,29.2,0.12363670212339624,0.11428709699840378,0.9211734715625381,0.9096836552972457,0.3,0.6,0.2,0.5,31.0,21.7,8.4,6.3,13.9,16.6,7.1,8.5,8.7,12.4,1.0,4.0,3.0,6.0,1.5092308563562367,1.1972189997378648,1.646545204697129,0.9660917830792959,-0.16666666666666652,-0.43333333333333357,-0.7333333333333332,-0.06666666666666643,0.35714285714285715,0.2727272727272727,0.21071428571428572,0.23484848484848483,0.6084656084656085,0.2878787878787879,0.4752645502645502,0.2803030303030303,0.9656084656084656,0.5606060606060607,0.6859788359788359,0.5151515151515151,0.18968253968253967,0.45454545454545453
2022020337,2022-11-27,2022-2023,NYI,PHI,5,2,7,3,1,0.0,1.0,-1.0,1,0,3.0,-9.0,12.0,7.0,1.0,3.1,2.3,0.8000000000000003,2.5,3.5,-1.0,5.6,5.8,30.4,31.2,35.2,29.8,0.1017040221872886,0.07441195097491715,0.9248305258521927,0.8836160622068576,0.9,0.2,0.9,0.9,27.5,34.0,9.8,10.0,15.2,16.6,6.5,6.2,10.5,7.5,3.0,0.0,4.0,5.0,1.2866839377079182,1.4944341180973262,1.4337208778404378,1.1785113019775775,-0.10000000000000009,-0.6333333333333331,-1.1666666666666667,-0.16666666666666652,0.17926634768740032,0.1111111111111111,0.16611225032277663,0.07976190476190476,0.11236044657097288,0.2857142857142857,0.1936261107313739,0.18333333333333332,0.2916267942583732,0.3968253968253968,0.3597383610541505,0.2630952380952381,0.6715311004784689,0.004761904761904773
2022020339,2022-11-27,2022-2023,COL,DAL,4,1,5,3,1,2.0,0.0,2.0,0,1,-1.0,-1.0,0.0,7.0,5.0,3.8,4.3,-0.5,2.3,3.4,-1.1,6.1,7.7,34.3,31.8,34.2,32.3,0.11925605880484821,0.13208367265551396,0.9311166304625607,0.8848039666784178,1.2,0.8,0.4,0.7,16.7,23.0,7.4,11.9,14.8,14.1,6.1,6.9,4.9,8.8,3.0,3.0,5.0,5.0,1.3165611772087664,1.7029386365926404,1.3374935098492586,1.5055453054181613,-0.7999999999999998,-0.2999999999999998,-0.2999999999999998,0.2666666666666666,0.05555555555555555,0.30158730158730157,0.037037037037037035,0.21468253968253967,0.16666666666666666,0.5079365079365079,0.14814814814814814,0.4222222222222222,0.2222222222222222,0.8095238095238096,0.1851851851851852,0.636904761904762,0.5555555555555556,2.2714285714285714
2022020341,2022-11-27,2022-2023,MIN,ARI,4,3,7,1,1,1.0,0.0,1.0,0,1,-1.0,-1.0,0.0,4.0,4.0,2.3,2.5,-0.20000000000000018,2.1,2.8,-0.6999999999999997,4.4,5.3,27.7,26.2,28.4,33.8,0.0777292996858214,0.09852284289784285,0.9241200297456826,0.9165138565138564,0.5,0.5,0.4,1.0,23.8,25.4,14.5,12.5,15.1,15.0,5.7,5.9,4.5,7.8,2.0,4.0,6.0,1.0,1.946506842754191,1.0801234497346435,1.663329993316621,2.1499353995462798,1.3666666666666667,0.8333333333333335,-0.10000000000000009,-0.7999999999999998,0.05833333333333333,0.10350877192982455,0.12083333333333333,0.11315789473684208,0.16666666666666666,0.11779448621553884,0.24583333333333335,0.22556390977443605,0.225,0.22130325814536342,0.3666666666666667,0.33872180451127815,-1.240705128205128,-1.0789473684210527
2022020336,2022-11-27,2022-2023,NJD,WSH,5,1,6,4,1,0.0,1.0,-1.0,1,0,1.0,2.0,-1.0,9.0,4.0,3.7,2.8,0.9000000000000004,1.9,3.0,-1.1,5.6,5.8,33.7,32.0,27.4,29.5,0.11490206270694073,0.09492938193036592,0.9277527592233474,0.8967239338744761,0.7,0.8,0.7,0.5,16.6,26.3,7.5,11.7,12.7,15.5,6.0,10.0,8.0,7.8,4.0,0.0,5.0,7.0,1.2516655570345723,1.619327706865482,0.7378647873726225,1.5634719199411427,-0.7000000000000002,-0.7999999999999998,-0.23333333333333317,-1.0,0.09523809523809523,0.30303030303030304,0.15873015873015872,0.2490530303030303,0.25396825396825395,0.393939393939394,0.25396825396825395,0.35795454545454547,0.34920634920634924,0.6969696969696971,0.41269841269841273,0.6070075757575758,1.761904761904762,-0.7670454545454545
2022020343,2022-11-28,2022-2023,ANA,SEA,4,5,9,-1,0,2.0,1.0,1.0,0,0,-1.0,4.0,-5.0,3.0,8.0,2.2,3.7,-1.5,3.5,2.2,1.2999999999999998,5.7,5.9,30.8,26.2,36.1,28.2,0.07560888246293437,0.14549534031824135,0.89932662959839,0.9239477931202069,0.3,0.5,1.1,0.6,15.6,23.0,15.5,6.1,16.3,16.7,7.3,11.8,7.3,7.1,2.0,4.0,6.0,6.0,1.0327955589886442,2.110818693198342,1.3540064007726598,1.4757295747452432,-0.5333333333333334,1.2999999999999998,-0.5,0.7999999999999998,0.13030303030303028,0.26666666666666666,0.1218975468975469,0.20921052631578943,0.21167557932263817,0.4333333333333333,0.20940921823274763,0.3518640350877193,0.3419786096256685,0.6999999999999998,0.33130676513029456,0.5610745614035088,-1.2150369238604533,1.0960526315789474
2022020342,2022-11-28,2022-2023,CHI,WPG,2,7,9,-5,0,2.0,1.0,1.0,0,0,-6.0,1.0,-7.0,2.0,7.0,1.8,3.0,-1.2,3.4,2.5,0.8999999999999999,5.2,5.5,27.0,30.3,34.1,29.9,0.06877886819525188,0.10106303453661022,0.8994321354288835,0.9191133484052447,0.4,0.7,0.7,0.4,22.0,21.3,7.0,10.3,16.2,12.4,7.5,7.3,9.9,8.5,1.0,2.0,5.0,6.0,1.3165611772087662,1.632993161855452,1.646545204697129,1.6499158227686108,1.2,0.3333333333333335,0.2666666666666666,1.833333333333333,0.18333333333333335,0.07017543859649122,0.12794117647058825,0.15789473684210525,0.35000000000000003,0.312280701754386,0.23235294117647062,0.25263157894736843,0.5333333333333333,0.3824561403508772,0.3602941176470588,0.4105263157894737,-0.9676470588235294,-0.3333333333333333
2022020345,2022-11-28,2022-2023,LAK,OTT,2,3,5,-1,0,1.0,2.0,-1.0,0,0,1.0,1.0,0.0,6.0,3.0,3.1,2.6,0.5,2.8,2.8,0.0,5.9,5.4,32.0,34.5,27.4,33.0,0.10219637705005216,0.07761878040043861,0.8982520366817562,0.913335751751849,0.6,1.1,0.6,0.8,23.6,28.0,5.6,11.2,17.6,15.3,5.3,6.6,8.5,9.6,4.0,2.0,5.0,5.0,1.5951314818673865,1.577621275493231,1.8135294011647252,1.4757295747452435,0.2333333333333334,-0.2666666666666666,0.20000000000000018,-0.1333333333333333,0.07246376811594203,0.2255952380952381,0.1884057971014493,0.15446428571428572,0.43115942028985504,0.27976190476190477,0.4329710144927536,0.2148809523809524,0.503623188405797,0.5053571428571428,0.6213768115942028,0.36934523809523806,-0.08695652173913043,0.01428571428571429
2022020344,2022-11-28,2022-2023,SJS,VAN,3,4,7,-1,0,1.0,0.0,1.0,0,1,-2.0,2.0,-4.0,4.0,5.0,3.6,3.7,-0.10000000000000009,3.5,3.3,0.20000000000000018,7.1,7.0,30.2,31.3,29.6,33.7,0.13027611066485176,0.12281100112037262,0.8671265996556377,0.9013524829956674,0.5,1.0,0.3,0.9,21.7,22.6,6.3,12.9,14.8,14.3,9.9,6.0,7.8,7.2,1.0,4.0,5.0,3.0,1.505545305418162,1.418136492412177,2.0138409955990957,1.4181364924121764,0.3999999999999999,0.6333333333333329,0.5,-0.2999999999999998,0.15942028985507248,0.047619047619047616,0.22463768115942032,0.25992063492063494,0.20507246376811594,0.31216931216931215,0.3851449275362319,0.283068783068783,0.3644927536231884,0.35978835978835977,0.6097826086956523,0.542989417989418,-1.356521739130435,-0.3611111111111111
2022020350,2022-11-29,2022-2023,STL,DAL,1,4,5,-3,0,2.0,1.0,1.0,0,0,-1.0,-2.0,1.0,8.0,4.0,3.8,3.8,0.0,3.0,3.6,-0.6000000000000001,6.8,7.4,32.0,32.4,34.6,32.9,0.11974513592160645,0.11779795836979967,0.9101717258663442,0.8803595222339734,0.7,0.7,0.8,0.7,20.5,23.8,7.3,13.8,14.6,13.8,8.0,6.2,7.1,9.2,4.0,2.0,4.0,5.0,1.3984117975602017,1.8737959096740266,1.4907119849998596,1.4298407059684803,-0.7999999999999998,-0.1333333333333333,1.666666666666667,0.733333333333333,0.19047619047619047,0.30303030303030304,0.170843776106934,0.21248196248196247,0.2380952380952381,0.48484848484848486,0.3337510442773601,0.4029581529581529,0.42857142857142855,0.7878787878787877,0.5045948203842942,0.6154401154401153,-1.6948621553884713,1.8463203463203464
2022020346,2022-11-29,2022-2023,NYR,NJD,3,5,8,-2,0,2.0,1.0,1.0,0,0,-2.0,2.0,-4.0,4.0,9.0,3.2,3.8,-0.5999999999999996,2.6,1.7,0.9000000000000001,5.8,5.5,32.8,33.1,27.9,28.2,0.10532340414745138,0.12071487058871413,0.9042920136055148,0.935121180275979,0.7,0.7,0.6,0.8,28.9,16.3,7.4,7.7,12.9,13.8,7.5,6.2,8.0,7.5,1.0,4.0,4.0,6.0,2.0439612955674527,1.3165611772087664,1.0749676997731397,0.6749485577105537,0.1333333333333333,-0.7999999999999998,0.7333333333333334,-0.3666666666666667,0.4090909090909091,0.0909090909090909,0.2582972582972583,0.15151515151515152,0.4242424242424243,0.25757575757575757,0.3275613275613276,0.2575757575757576,0.8333333333333334,0.34848484848484845,0.5858585858585859,0.4090909090909091,-0.13203463203463203,2.0
2022020351,2022-11-29,2022-2023,EDM,FLA,4,3,7,1,1,2.0,2.0,0.0,0,0,1.0,-1.0,2.0,4.0,4.0,2.6,3.9,-1.2999999999999998,3.8,3.4,0.3999999999999999,6.4,7.3,29.9,40.5,32.5,35.0,0.09330130389350776,0.09890022589125322,0.8793088081201169,0.8946129131003067,0.8,1.1,1.0,0.7,24.4,20.8,7.2,11.1,13.6,13.3,6.2,9.0,8.1,10.1,1.0,1.0,3.0,7.0,1.4298407059684806,0.9944289260117531,1.813529401164726,1.7126976771553508,-0.6000000000000001,0.10000000000000009,-0.1333333333333333,0.6000000000000001,0.19047619047619047,0.018518518518518517,0.17460317460317462,0.13888888888888887,0.30158730158730157,0.03439153439153439,0.2881944444444444,0.1415343915343915,0.4920634920634921,0.05291005291005291,0.46279761904761907,0.2804232804232804,-0.48511904761904767,-1.150793650793651
2022020349,2022-11-29,2022-2023,CBJ,VGK,2,3,5,-1,0,2.0,1.0,1.0,0,0,-2.0,-2.0,0.0,4.0,5.0,3.2,3.4,-0.19999999999999973,3.8,3.2,0.5999999999999996,7.0,6.6,29.9,31.4,37.8,30.3,0.11047335806292011,0.10883586600304862,0.8978314757943915,0.891363447574334,0.8,0.4,0.7,0.8,21.1,26.3,8.5,6.9,19.2,18.9,5.5,9.4,4.9,7.6,4.0,3.0,8.0,6.0,1.9321835661585915,1.7763883459298968,1.3165611772087658,1.3165611772087669,-0.5333333333333337,-1.0666666666666664,-1.1333333333333333,0.1333333333333333,0.16666666666666666,0.057971014492753624,0.21535947712418302,0.2028985507246377,0.38771929824561396,0.2028985507246377,0.32065703474372204,0.2826086956521739,0.5543859649122808,0.2608695652173913,0.5360165118679051,0.48550724637681153,-1.7415892672858617,1.6521739130434783
2022020347,2022-11-29,2022-2023,BUF,TBL,5,6,11,-1,0,2.0,2.0,0.0,0,0,-1.0,1.0,-2.0,2.0,6.0,3.0,3.7,-0.7000000000000002,3.6,3.1,0.5,6.6,6.8,32.3,32.0,32.2,31.4,0.09201259628716432,0.11880848280122322,0.8864865988309004,0.8913321432717984,1.1,1.1,1.0,1.1,16.9,32.3,8.1,13.4,11.8,15.2,7.9,14.6,7.4,12.0,1.0,1.0,6.0,8.0,2.211083193570266,1.567021236472421,1.3498971154211057,1.286683937707919,1.666666666666667,-0.03333333333333366,-1.2666666666666666,-0.10000000000000009,0.21507936507936506,0.16960784313725488,0.2938141923436041,0.16813725490196077,0.40158730158730166,0.31470588235294117,0.34318394024276383,0.29901960784313725,0.6166666666666667,0.48431372549019613,0.636998132586368,0.467156862745098,0.15168067226890758,0.8009803921568628
2022020348,2022-11-29,2022-2023,DET,TOR,2,4,6,-2,0,2.0,1.0,1.0,0,0,4.0,3.0,1.0,6.0,6.0,3.4,3.2,0.19999999999999973,2.7,2.4,0.30000000000000027,6.1,5.6,30.2,29.9,27.3,28.8,0.12309698847790265,0.10975748027366512,0.901681370353784,0.9091708347844252,1.0,0.6,0.5,0.4,23.1,22.3,6.5,6.3,18.4,16.4,5.0,9.4,6.9,12.5,3.0,4.0,5.0,6.0,1.7126976771553504,1.2292725943057186,2.3593784492248515,0.9660917830792959,0.6000000000000001,0.1333333333333333,-1.366666666666667,-0.7333333333333332,0.16666666666666666,0.2608695652173913,0.18782051282051282,0.2318840579710145,0.3,0.2898550724637681,0.401923076923077,0.2826086956521739,0.4666666666666666,0.5507246376811594,0.5897435897435898,0.5144927536231885,-0.08461538461538462,0.5652173913043478
2022020357,2022-11-30,2022-2023,WPG,COL,5,0,5,5,1,1.0,2.0,-1.0,0,0,2.0,1.0,1.0,7.0,8.0,3.4,3.8,-0.3999999999999999,2.5,2.0,0.5,5.9,5.8,31.1,34.2,30.2,34.1,0.1086387921123678,0.1195563591051485,0.9202042574961536,0.9380380036630036,0.8,1.2,0.5,0.5,19.5,18.2,10.7,8.1,12.7,15.1,6.6,5.8,8.1,4.9,4.0,4.0,5.0,6.0,2.0655911179772892,1.3165611772087664,1.6499158227686108,1.247219128924647,0.9333333333333331,-0.7999999999999998,1.5,0.3333333333333335,0.06666666666666667,0.08771929824561403,0.17500000000000002,0.043859649122807015,0.35000000000000003,0.17543859649122806,0.2833333333333334,0.08771929824561403,0.4166666666666667,0.2631578947368421,0.4583333333333333,0.13157894736842105,0.42500000000000004,0.8947368421052632
2022020352,2022-11-30,2022-2023,PIT,CAR,2,3,5,-1,0,2.0,3.0,-1.0,0,0,-1.0,1.0,-2.0,7.0,3.0,3.4,2.2,1.1999999999999997,2.5,2.4,0.10000000000000009,5.9,4.6,29.5,33.0,32.1,25.8,0.1220774505641447,0.06993614718614717,0.9221316597158481,0.8984717756615955,0.3,0.5,0.2,0.6,33.3,18.0,8.4,7.3,14.4,9.1,7.1,8.2,9.1,6.9,1.0,1.0,3.0,4.0,1.6465452046971298,2.043961295567452,1.7159383568311664,1.0749676997731394,-1.4,-0.5333333333333334,-0.5,0.2666666666666666,0.34051036682615626,0.10606060606060606,0.23464912280701755,0.07929292929292929,0.594896331738437,0.2914862914862915,0.4565390749601275,0.1950937950937951,0.9354066985645932,0.3975468975468975,0.6911881977671451,0.27438672438672435,0.48708133971291867,-0.11125541125541126
2022020359,2022-11-30,2022-2023,VAN,WSH,1,5,6,-4,0,1.0,2.0,-1.0,0,0,3.0,-1.0,4.0,6.0,4.0,3.8,2.7,1.0999999999999996,3.3,3.2,0.09999999999999964,7.1,5.9,28.8,32.2,34.2,29.8,0.13614433445370594,0.0920054053221788,0.9027810544242388,0.891021016102593,0.9,0.8,0.9,0.6,23.2,25.0,10.1,12.1,14.2,14.7,6.4,9.8,7.2,7.3,1.0,0.0,2.0,6.0,1.3984117975602026,1.7029386365926398,1.4181364924121764,1.686548085423135,0.5333333333333332,-0.3666666666666667,-0.9666666666666663,-0.8666666666666667,0.04545454545454545,0.286231884057971,0.26048951048951047,0.24541773231031547,0.31259968102073366,0.3695652173913044,0.30023923444976075,0.34505541346973573,0.35805422647527907,0.6557971014492754,0.5607287449392712,0.5904731457800513,-0.01343393448656606,-1.2169650468883206
2022020353,2022-11-30,2022-2023,PHI,NYI,3,1,4,2,1,2.0,2.0,0.0,0,0,-10.0,4.0,-14.0,0.0,7.0,2.0,3.2,-1.2000000000000002,3.9,2.4,1.5,5.9,5.6,30.5,29.5,29.3,33.4,0.06726909383206,0.11094315262207119,0.8654483603435036,0.9242094078397705,0.2,1.0,1.1,0.9,32.6,26.8,11.3,12.1,16.0,14.5,5.6,6.6,7.0,9.6,0.0,4.0,4.0,4.0,1.1547005383792512,1.3984117975602015,0.8755950357709104,1.429840705968481,-0.33333333333333326,0.46666666666666634,0.10000000000000009,-1.0666666666666667,0.10606060606060606,0.1634983374113809,0.11183261183261183,0.21943032812598032,0.30303030303030304,0.11929857582031494,0.2350889850889851,0.2480550850116067,0.4090909090909091,0.28279691323169587,0.3469215969215969,0.467485413137587,-0.5988455988455988,0.8323922454357237
2022020355,2022-11-30,2022-2023,BOS,TBL,3,1,4,2,1,4.0,0.0,4.0,0,1,1.0,2.0,-1.0,8.0,7.0,3.5,4.0,-0.5,1.8,3.3,-1.4999999999999998,5.3,7.3,33.3,31.9,29.1,29.6,0.1048759597171884,0.1312700212627617,0.938987320695771,0.8832731752128303,1.5,1.2,1.1,1.0,23.3,31.6,11.5,12.8,9.7,14.0,6.9,13.6,8.6,11.5,6.0,2.0,6.0,7.0,1.5092308563562358,1.699673171197595,1.0327955589886453,1.4181364924121764,-0.16666666666666652,0.666666666666667,1.2,0.7000000000000002,0.4448514448514449,0.17724867724867724,0.31845746845746853,0.18386243386243387,0.6074481074481074,0.3148148148148148,0.4243589743589744,0.30026455026455023,1.0522995522995524,0.49206349206349204,0.7428164428164429,0.48412698412698413,1.948962148962149,0.5436507936507936
2022020354,2022-11-30,2022-2023,MTL,SJS,0,4,4,-4,0,4.0,1.0,3.0,0,0,2.0,-3.0,5.0,6.0,4.0,3.2,3.5,-0.2999999999999998,3.7,3.5,0.20000000000000018,6.9,7.0,31.8,28.5,33.8,29.1,0.09947202911547348,0.13115523154397263,0.888262429018231,0.8631265996556378,0.6,0.5,0.7,0.3,14.1,21.8,13.2,5.8,17.8,16.5,5.5,9.5,12.8,7.6,3.0,3.0,6.0,5.0,1.3984117975602024,1.509230856356236,1.9465068427541912,2.0138409955990957,-0.8666666666666667,-0.16666666666666652,-0.3666666666666667,1.5,0.08309990662931839,0.16666666666666666,0.09836813513284103,0.2222222222222222,0.21008403361344538,0.22817460317460317,0.1618601986249045,0.3988095238095238,0.2931839402427638,0.3948412698412698,0.2602283337577455,0.621031746031746,-1.9632289279348103,-1.4940476190476188
2022020360,2022-11-30,2022-2023,LAK,SEA,8,9,17,-1,0,1.0,1.0,0.0,0,0,-1.0,5.0,-6.0,5.0,8.0,2.8,3.7,-0.9000000000000004,2.7,2.2,0.5,5.5,5.9,30.8,26.1,27.5,27.1,0.09678327163694675,0.14626457108747212,0.9010860447789222,0.9201546896719309,0.7,0.5,0.7,0.9,24.3,23.3,5.6,5.8,18.1,16.2,5.4,11.0,8.4,7.2,3.0,4.0,5.0,6.0,1.4757295747452435,2.110818693198342,1.7669811040931422,1.4757295747452432,0.5333333333333337,1.9666666666666668,0.2999999999999998,1.4666666666666663,0.06944444444444443,0.25396825396825395,0.18055555555555558,0.19873949579831932,0.4126984126984126,0.4444444444444444,0.42857142857142855,0.3667133520074697,0.48214285714285715,0.6984126984126985,0.6091269841269841,0.565452847805789,-0.25595238095238093,1.3971988795518206
2022020358,2022-11-30,2022-2023,CGY,FLA,6,2,8,4,1,3.0,0.0,3.0,0,1,-3.0,-2.0,-1.0,4.0,4.0,2.5,3.8,-1.2999999999999998,2.8,3.3,-0.5,5.3,7.1,32.3,39.5,27.9,35.1,0.0809471288515406,0.09908819581606523,0.895528499763882,0.8974334259208195,0.6,1.2,0.7,0.7,30.4,21.2,9.4,9.9,15.6,13.4,8.7,9.7,8.1,10.1,2.0,1.0,2.0,7.0,1.9578900207451218,1.0327955589886444,1.1352924243950935,1.636391694484477,-1.5,0.20000000000000018,-0.46666666666666634,0.3666666666666667,0.14285714285714285,0.017543859649122806,0.16522366522366522,0.13237639553429026,0.19047619047619047,0.03269537480063796,0.2426497113997114,0.14354066985645933,0.3333333333333333,0.05023923444976077,0.40787337662337664,0.2759170653907496,-0.20914502164502163,-0.9885167464114832
2022020356,2022-11-30,2022-2023,NSH,ANA,2,1,3,1,1,5.0,1.0,4.0,0,0,-1.0,-2.0,1.0,6.0,2.0,2.5,2.2,0.2999999999999998,2.7,3.6,-0.8999999999999999,5.2,5.8,29.9,31.2,32.4,33.4,0.08322823860727084,0.07340198591121024,0.9107067201804042,0.8870189372906978,0.8,0.6,0.7,1.1,27.5,15.9,11.1,14.2,16.8,15.3,6.3,6.6,8.1,7.6,4.0,0.0,5.0,7.0,1.4337208778404376,1.0327955589886442,1.4181364924121764,1.429840705968481,-0.8333333333333333,0.46666666666666634,-0.03333333333333366,0.3999999999999999,0.15,0.16666666666666666,0.14166666666666666,0.13744588744588745,0.4666666666666666,0.19973544973544974,0.43333333333333335,0.21386483886483887,0.6166666666666667,0.36640211640211645,0.5750000000000001,0.3513107263107263,-1.55,-1.3528138528138527
2022020364,2022-12-01,2022-2023,CHI,EDM,4,5,9,-1,0,2.0,1.0,1.0,0,0,-7.0,2.0,-9.0,1.0,5.0,1.8,2.8,-0.9999999999999998,4.0,3.5,0.5,5.8,6.3,27.6,30.9,35.2,31.7,0.06625255240577818,0.0966346372268411,0.8865533475500957,0.885261189072498,0.5,0.8,0.9,0.9,22.0,22.9,7.3,7.2,15.5,13.3,7.2,6.0,9.9,8.7,0.0,3.0,5.0,3.0,1.3165611772087662,1.4757295747452435,1.7638342073763933,1.6499158227686108,0.8666666666666665,-0.1333333333333333,0.666666666666667,-0.5,0.17460317460317457,0.196969696969697,0.13095238095238093,0.17424242424242423,0.3333333333333333,0.3333333333333333,0.22089947089947093,0.3052584670231729,0.5079365079365079,0.5303030303030303,0.35185185185185186,0.4795008912655971,-1.26984126984127,-0.3411764705882353
2022020361,2022-12-01,2022-2023,DET,BUF,4,5,9,-1,0,1.0,1.0,0.0,0,0,-1.0,-2.0,1.0,5.0,2.0,3.3,3.2,0.09999999999999964,3.1,3.8,-0.6999999999999997,6.4,7.0,32.0,33.6,27.4,31.8,0.11610398148489565,0.09302610980067783,0.885681370353784,0.8762797022791764,0.9,1.0,0.6,1.2,23.6,13.3,6.3,8.5,16.5,11.7,4.6,7.7,6.8,6.8,2.0,1.0,5.0,7.0,1.7669811040931427,2.2997584414213783,2.183269719175042,1.5491933384829668,-0.6333333333333333,0.7999999999999998,-0.7666666666666666,-0.1333333333333333,0.15873015873015872,0.21996753246753245,0.17857142857142852,0.2690746753246753,0.30158730158730157,0.4169372294372294,0.3968253968253968,0.40976731601731603,0.46031746031746024,0.6369047619047619,0.5753968253968254,0.6788419913419913,-0.047619047619047616,0.2635281385281385
2022020362,2022-12-01,2022-2023,OTT,NYR,1,3,4,-2,0,2.0,1.0,1.0,0,0,2.0,-3.0,5.0,4.0,4.0,2.8,3.3,-0.5,2.8,2.7,0.09999999999999964,5.6,6.0,35.0,33.7,32.9,28.0,0.08236991162215808,0.10632158926541872,0.9130712014872987,0.9018145361280373,1.2,0.7,0.9,0.5,28.4,28.2,11.0,7.2,15.1,12.5,6.6,7.9,9.2,8.4,1.0,3.0,4.0,4.0,1.4757295747452435,2.002775851439974,1.4757295747452435,1.1595018087284057,0.20000000000000018,-0.6333333333333333,-0.7999999999999998,0.9666666666666663,0.22913165266106442,0.4202898550724637,0.15424836601307187,0.261528326745718,0.28048552754435113,0.4202898550724637,0.211671335200747,0.32773386034255597,0.5096171802054156,0.8405797101449274,0.3659197012138189,0.589262187088274,0.10756302521008404,-0.3438735177865613
2022020363,2022-12-01,2022-2023,TOR,SJS,3,1,4,2,1,1.0,0.0,1.0,0,1,4.0,1.0,3.0,7.0,5.0,3.3,3.6,-0.30000000000000027,2.2,3.1,-0.8999999999999999,5.5,6.7,29.3,27.9,31.2,28.7,0.11608006091882642,0.1378218982106393,0.9246253802389705,0.8756265996556378,0.7,0.5,0.4,0.2,20.7,21.3,6.3,6.6,17.7,18.3,7.8,9.1,11.6,8.3,2.0,4.0,5.0,5.0,1.2516655570345727,1.505545305418162,0.7888106377466155,2.2827858224351916,0.7000000000000002,-0.6000000000000001,-0.20000000000000018,-0.43333333333333357,0.25,0.17333333333333334,0.22916666666666666,0.24,0.3194444444444445,0.24545454545454545,0.2986111111111111,0.396060606060606,0.5694444444444444,0.41878787878787876,0.5277777777777778,0.636060606060606,0.5416666666666667,-1.0727272727272728
2022020373,2022-12-02,2022-2023,VAN,FLA,1,5,6,-4,0,1.0,1.0,0.0,0,0,-1.0,-3.0,2.0,5.0,3.0,3.3,3.5,-0.20000000000000018,3.3,3.6,-0.30000000000000027,6.6,7.1,29.2,38.0,32.8,33.9,0.11784076302513453,0.09473213521000463,0.8977223371703996,0.8799178979705088,0.9,1.0,0.7,0.8,22.6,21.1,8.6,10.5,13.7,13.5,6.3,9.4,6.6,10.1,1.0,0.0,3.0,7.0,1.418136492412177,1.0801234497346432,1.4181364924121764,1.837873166945363,0.03333333333333366,-0.5,-0.6333333333333333,1.4,0.043478260869565216,0.016666666666666666,0.2374581939799331,0.13478260869565217,0.2985507246376811,0.04565217391304347,0.30702341137123745,0.14420289855072463,0.3420289855072463,0.06231884057971015,0.5444816053511705,0.2789855072463768,0.21387959866220732,-0.9663043478260869
2022020369,2022-12-02,2022-2023,STL,CAR,4,6,10,-2,0,2.0,1.0,1.0,0,0,-2.0,2.0,-4.0,7.0,4.0,3.4,2.5,0.8999999999999999,3.0,2.4,0.6000000000000001,6.4,4.9,31.1,32.9,33.9,25.4,0.10876028743675799,0.07762845487845485,0.9071282476054746,0.8977773312171511,0.6,0.5,0.8,0.5,20.9,17.9,8.0,6.9,15.4,9.8,8.0,8.9,6.8,7.8,3.0,2.0,4.0,4.0,1.577621275493231,1.9002923751652296,1.4907119849998596,1.0749676997731394,-0.7333333333333334,0.16666666666666652,0.6666666666666665,-0.06666666666666643,0.1818181818181818,0.10144927536231885,0.16287878787878787,0.0756340579710145,0.2272727272727273,0.27865612648221344,0.3181818181818182,0.1863059947299078,0.4090909090909091,0.3801054018445323,0.481060606060606,0.2619400527009223,-1.8905594405594404,-0.2349308300395257
2022020374,2022-12-02,2022-2023,SEA,WSH,3,2,5,1,1,1.0,1.0,0.0,0,0,6.0,1.0,5.0,8.0,4.0,4.2,2.7,1.5,3.0,2.9,0.10000000000000009,7.2,5.6,26.8,31.9,28.4,30.1,0.15887326673964602,0.09373351592125713,0.8972975468147881,0.901689119550869,0.7,0.4,1.1,0.6,24.5,24.8,6.2,12.3,15.9,14.6,10.6,9.9,7.1,6.6,4.0,1.0,6.0,5.0,2.699794230842212,1.7029386365926398,2.160246899469287,1.7919573407620812,1.7999999999999998,0.2999999999999998,1.666666666666667,-0.8999999999999999,0.24242424242424243,0.29914529914529914,0.18927368927368926,0.25605413105413105,0.5303030303030303,0.36217948717948717,0.4101731601731602,0.34081196581196577,0.7727272727272728,0.6613247863247863,0.5994468494468496,0.5968660968660968,1.1998556998557,-0.8952991452991453
2022020368,2022-12-02,2022-2023,PIT,VGK,4,3,7,1,1,1.0,2.0,-1.0,0,0,-2.0,1.0,-3.0,6.0,5.0,3.2,3.2,0.0,2.7,3.1,-0.3999999999999999,5.9,6.3,29.9,33.0,33.5,30.0,0.11404173627843042,0.09439142155860418,0.9184393520235405,0.8938980097863155,0.3,0.4,0.2,0.8,35.0,23.7,7.5,7.1,13.8,19.2,6.6,9.1,9.2,6.1,1.0,3.0,4.0,6.0,1.6865480854231363,1.8135294011647254,1.6363916944844767,1.370320319406298,-0.8666666666666667,-1.5333333333333334,-0.03333333333333366,0.5666666666666664,0.3398550724637681,0.05555555555555555,0.23134920634920633,0.20138888888888892,0.582608695652174,0.20833333333333334,0.45037957211870255,0.2777777777777778,0.922463768115942,0.2638888888888889,0.6817287784679089,0.4791666666666667,0.45786749482401656,1.5416666666666667
2022020366,2022-12-02,2022-2023,NJD,NSH,3,4,7,-1,0,2.0,1.0,1.0,0,0,3.0,1.0,2.0,9.0,6.0,4.0,2.3,1.7000000000000002,1.8,2.7,-0.9000000000000001,5.8,5.0,34.9,30.8,28.5,32.9,0.11887276532555624,0.07560628738775865,0.9329407291481596,0.9111829106565947,0.6,0.7,0.7,0.7,15.4,27.1,7.0,10.5,14.4,16.1,7.1,7.2,7.7,8.1,4.0,1.0,5.0,6.0,1.333333333333333,1.3374935098492582,0.7888106377466161,1.4181364924121764,0.33333333333333304,-0.6333333333333331,-0.1333333333333333,-0.7000000000000002,0.10144927536231885,0.15873015873015872,0.13043478260869565,0.14285714285714285,0.2608695652173913,0.4761904761904761,0.2608695652173913,0.43650793650793646,0.36231884057971014,0.634920634920635,0.3913043478260869,0.5793650793650794,2.608695652173913,-1.2857142857142856
2022020367,2022-12-02,2022-2023,PHI,TBL,1,4,5,-3,0,1.0,1.0,0.0,0,0,1.0,-1.0,2.0,1.0,6.0,2.1,3.6,-1.5,3.7,3.2,0.5,5.8,6.8,30.4,31.7,29.0,29.7,0.07047764998179262,0.11817478316752358,0.8723928047879479,0.8877731752128304,0.2,1.2,1.2,1.0,34.9,28.8,12.2,12.4,16.7,13.6,5.4,12.9,7.1,11.9,1.0,2.0,5.0,6.0,1.1972189997378644,1.8973665961010275,1.2516655570345707,1.4757295747452435,-0.10000000000000009,0.3999999999999999,-0.3666666666666667,-0.20000000000000018,0.16073781291172595,0.16905901116427433,0.12117744955273561,0.18301435406698566,0.3656126482213438,0.2998405103668262,0.23963317384370011,0.2862838915470494,0.5263504611330698,0.4688995215311005,0.3608106233964357,0.4692982456140351,-0.21011025587684629,0.05263157894736842
2022020375,2022-12-02,2022-2023,LAK,ARI,5,3,8,2,1,1.0,4.0,-3.0,0,0,-2.0,-2.0,0.0,4.0,4.0,3.5,2.6,0.8999999999999999,3.6,2.5,1.1,7.1,5.1,31.3,25.5,28.4,33.1,0.11630708116075628,0.10489965449204575,0.8710860447789222,0.9221651975100251,0.9,0.5,1.0,1.0,26.1,23.1,6.0,13.0,17.8,15.0,5.3,6.4,7.5,6.8,2.0,4.0,5.0,0.0,2.0682789409984763,1.07496769977314,2.412928142780514,1.6499158227686102,1.5,0.7333333333333334,1.0666666666666669,-0.16666666666666652,0.08,0.09696969696969697,0.18666666666666668,0.10681818181818181,0.44909090909090915,0.12777777777777777,0.4712121212121212,0.23055555555555554,0.5290909090909092,0.22474747474747478,0.657878787878788,0.3373737373737374,0.15454545454545454,-1.0545454545454547
2022020371,2022-12-02,2022-2023,DAL,ANA,5,0,5,5,1,2.0,1.0,1.0,0,0,1.0,-3.0,4.0,5.0,2.0,4.1,2.0,2.0999999999999996,3.3,3.4,-0.10000000000000009,7.4,5.4,32.6,31.2,32.1,32.8,0.12991917049101182,0.06768770019692451,0.8886928555673068,0.8906515268080823,0.7,0.6,0.7,1.0,22.9,15.5,13.6,13.4,13.6,14.2,6.9,7.2,8.7,7.1,2.0,0.0,5.0,6.0,1.595131481867387,1.0540925533894596,1.6363916944844763,1.5055453054181616,-1.0999999999999996,0.0,0.03333333333333366,0.6000000000000001,0.2898550724637681,0.15734265734265734,0.20322793148880103,0.13038410864497818,0.49275362318840576,0.20666175929333827,0.39986824769433466,0.21960228939633974,0.7826086956521738,0.36400441663599553,0.6030961791831356,0.349986398041318,2.069169960474308,-1.3154454241410765
2022020372,2022-12-02,2022-2023,CGY,MTL,1,2,3,-1,0,1.0,1.0,0.0,0,0,1.0,-1.0,2.0,5.0,6.0,2.9,2.8,0.10000000000000009,2.7,3.4,-0.6999999999999997,5.6,6.2,31.1,31.5,29.2,31.9,0.10131979965899403,0.08656880330902188,0.904467893703276,0.8895046650430757,0.5,0.5,0.6,0.5,29.0,14.3,9.1,11.9,14.9,16.0,9.1,5.2,8.9,12.4,3.0,3.0,3.0,6.0,2.2335820757001272,1.6865480854231358,1.159501808728406,1.776388345929897,-0.2333333333333334,-1.133333333333333,-0.03333333333333366,-1.4,0.13636363636363635,0.03367003367003367,0.15656565656565655,0.06405723905723905,0.196969696969697,0.23569023569023564,0.23648247177658943,0.16506734006734006,0.3333333333333333,0.26936026936026936,0.39304812834224595,0.22912457912457915,-0.08912655971479501,-2.209090909090909
2022020365,2022-12-02,2022-2023,BUF,COL,4,6,10,-2,0,0.0,1.0,-1.0,1,0,1.0,-1.0,2.0,3.0,7.0,3.5,3.2,0.2999999999999998,3.9,2.2,1.6999999999999997,7.4,5.4,33.7,34.6,34.0,32.5,0.10176051265272774,0.10288969243848185,0.880434291651157,0.9239911809205287,1.0,1.0,1.1,0.5,13.1,19.6,9.1,7.5,12.1,14.2,7.4,6.1,6.8,5.1,1.0,4.0,6.0,5.0,2.1730674684008826,1.5491933384829666,1.5238839267549946,1.5491933384829668,-0.16666666666666652,-0.8666666666666667,0.4333333333333331,1.1333333333333333,0.22448267844687284,0.08333333333333333,0.2742191738355421,0.041666666666666664,0.3958381771681004,0.16666666666666666,0.3287801286522514,0.08333333333333333,0.6203208556149733,0.25,0.6029993024877935,0.125,-0.21994884910485935,-1.4666666666666666
2022020370,2022-12-02,2022-2023,MIN,EDM,5,3,8,2,1,4.0,0.0,4.0,0,1,1.0,3.0,-2.0,5.0,6.0,2.7,2.9,-0.19999999999999973,2.0,3.4,-1.4,4.7,6.3,28.4,32.1,28.4,31.1,0.09152240313409725,0.09503665572978474,0.9284678558326391,0.8853902213305626,0.6,0.8,0.3,0.7,23.4,22.2,16.0,7.2,15.2,13.0,6.0,5.9,4.0,8.6,3.0,4.0,6.0,3.0,1.8287822299126937,1.5951314818673863,1.5634719199411444,1.577621275493231,1.6333333333333329,1.4333333333333331,0.6666666666666665,-0.06666666666666643,0.06878306878306878,0.1884057971014493,0.12119708994708994,0.17391304347826086,0.15343915343915343,0.3333333333333333,0.2307520230314348,0.30636070853462155,0.2222222222222222,0.5217391304347826,0.35194911297852466,0.48027375201288236,-1.1860994397759104,-0.016908212560386465
2022020379,2022-12-03,2022-2023,MIN,ANA,5,4,9,1,1,0.0,0.0,0.0,1,1,2.0,-4.0,6.0,6.0,2.0,3.2,1.9,1.3000000000000003,2.2,3.5,-1.2999999999999998,5.4,5.4,29.3,31.1,27.5,33.0,0.1081890698007639,0.0645627001969245,0.9175154748802583,0.888712815113273,0.8,0.6,0.4,1.0,22.0,16.2,14.5,8.8,14.6,15.1,6.0,7.5,4.4,6.7,4.0,0.0,7.0,5.0,1.686548085423136,1.1972189997378646,1.549193338482968,1.5811388300841893,0.7999999999999998,-0.23333333333333317,1.1333333333333333,0.5,0.06363636363636364,0.14906832298136646,0.12183600713012478,0.12405106970324363,0.14242424242424243,0.19627329192546583,0.2437215290156467,0.2095496894409938,0.20606060606060606,0.34534161490683224,0.36555753614577147,0.33360075914423737,-0.9956625074272134,-1.3698757763975156
2022020377,2022-12-03,2022-2023,NYI,NSH,1,4,5,-3,0,2.0,0.0,2.0,0,1,-1.0,2.0,-3.0,6.0,6.0,2.9,2.4,0.5,2.3,2.7,-0.40000000000000036,5.2,5.1,29.3,30.2,32.6,31.2,0.09972520390412248,0.08227295405442532,0.9254594078397703,0.907135291608976,0.9,0.6,0.7,0.8,28.0,26.2,12.9,9.5,14.4,16.0,6.9,7.2,9.9,8.3,3.0,1.0,4.0,6.0,1.5238839267549942,1.4298407059684808,1.4181364924121764,1.4181364924121764,0.10000000000000009,-0.3999999999999999,-0.2999999999999998,-0.7000000000000002,0.1928743961352657,0.15151515151515152,0.22838164251207727,0.1590909090909091,0.14903381642512079,0.48484848484848486,0.26201690821256035,0.44696969696969696,0.3419082125603865,0.6363636363636364,0.4903985507246377,0.6060606060606061,0.5981884057971014,-0.7272727272727273
2022020376,2022-12-03,2022-2023,NYR,OTT,2,3,5,-1,0,1.0,1.0,0.0,0,0,1.0,-1.0,2.0,5.0,4.0,3.3,2.5,0.7999999999999998,2.4,2.6,-0.20000000000000018,5.7,5.1,33.3,34.4,28.9,33.8,0.10715492259875206,0.07547095691832531,0.9143420086555099,0.9232563866724839,0.5,1.0,0.3,0.9,28.1,29.0,7.4,10.3,12.7,15.7,7.3,5.9,8.4,10.1,1.0,3.0,3.0,4.0,2.002775851439974,1.509230856356236,1.1737877907772671,1.2649110640673513,-0.2999999999999998,0.5,0.6000000000000001,-0.6000000000000001,0.4166666666666667,0.1818181818181818,0.2717391304347826,0.15134538663950428,0.4166666666666667,0.2272727272727273,0.3209541062801932,0.2500212206094559,0.8333333333333334,0.409090909090909,0.5926932367149759,0.40136660724896017,-0.11775362318840576,0.059460147695441806
2022020378,2022-12-03,2022-2023,WPG,CBJ,1,4,5,-3,0,2.0,3.0,-1.0,0,0,3.0,-3.0,6.0,7.0,4.0,3.5,3.1,0.3999999999999999,2.5,3.5,-1.0,6.0,6.6,29.7,28.8,31.2,37.9,0.11956711173633958,0.10992390751346956,0.9202042574961536,0.9065616345245502,0.6,0.7,0.5,0.5,18.9,20.7,10.9,8.3,13.0,19.3,6.9,5.6,7.4,5.4,4.0,0.0,5.0,9.0,2.121320343559643,1.9692073983655904,1.6499158227686108,1.3540064007726589,2.166666666666667,-1.4333333333333333,-0.5,-1.1666666666666665,0.16374269005847952,0.17460317460317457,0.20885547201336674,0.22062099693678638,0.34001670843776105,0.4166666666666667,0.3301390731731289,0.32856446672236145,0.5037593984962406,0.5912698412698413,0.5389945451864956,0.5491854636591479,0.7064720625092142,-1.5263993316624893
2022020383,2022-12-04,2022-2023,OTT,SJS,5,2,7,3,1,0.0,2.0,-2.0,1,0,1.0,-1.0,2.0,5.0,4.0,2.5,3.2,-0.7000000000000002,2.4,2.9,-0.5,4.9,6.1,35.3,28.5,32.4,28.9,0.07286477931214771,0.11421078709952819,0.925605076826052,0.8829680902006878,1.0,0.4,0.8,0.2,30.2,23.9,11.1,6.3,15.3,18.3,6.4,9.3,10.7,8.7,1.0,3.0,4.0,5.0,1.509230856356236,1.6193277068654823,1.173787790777267,2.2827858224351916,-0.16666666666666652,-0.5333333333333337,-0.06666666666666643,-0.8999999999999999,0.17793880837359097,0.16666666666666666,0.13848631239935585,0.2371794871794872,0.2439613526570048,0.24860646599777034,0.2467793880837359,0.38712374581939796,0.42190016103059574,0.415273132664437,0.3852657004830918,0.6243032329988852,-0.2777777777777778,-1.2993311036789297
2022020388,2022-12-04,2022-2023,VAN,ARI,3,2,5,1,1,1.0,1.0,0.0,0,0,-2.0,-3.0,1.0,5.0,3.0,3.2,2.6,0.6000000000000001,3.3,2.7,0.5999999999999996,6.5,5.3,29.2,25.0,33.1,32.6,0.1148104599948315,0.10764690723929851,0.8993387164807445,0.914817527259129,0.9,0.5,0.6,1.1,23.3,24.3,8.7,13.4,14.0,14.7,6.1,5.4,6.9,6.6,1.0,3.0,4.0,0.0,1.5491933384829673,1.07496769977314,1.4181364924121764,1.7029386365926398,-1.2000000000000002,0.3999999999999999,0.7000000000000002,0.9666666666666663,0.041666666666666664,0.1111111111111111,0.22718253968253965,0.11375661375661376,0.28571428571428575,0.24801587301587302,0.29365079365079366,0.22850529100529104,0.32738095238095233,0.35912698412698413,0.5208333333333333,0.3422619047619047,-0.1726190476190476,-0.6061507936507937
2022020385,2022-12-04,2022-2023,TBL,TOR,4,3,7,1,1,1.0,2.0,-1.0,0,0,1.0,5.0,-4.0,7.0,8.0,3.8,3.4,0.3999999999999999,3.0,2.0,1.0,6.8,5.4,30.7,29.5,29.0,31.4,0.12758419257693301,0.11878839425215974,0.8935725482535828,0.9340950772086675,1.3,0.6,0.8,0.4,28.1,21.1,12.2,6.1,13.4,18.1,12.8,8.5,11.0,11.0,4.0,5.0,5.0,5.0,1.8135294011647258,1.1737877907772674,1.6329931618554518,0.8164965809277263,-0.1333333333333333,0.2666666666666666,-0.3333333333333335,-0.6666666666666667,0.1782608695652174,0.17333333333333334,0.18333333333333335,0.18666666666666668,0.3463768115942029,0.32,0.3108695652173913,0.30666666666666664,0.5246376811594202,0.49333333333333335,0.4942028985507246,0.49333333333333335,0.15724637681159423,0.7200000000000001
2022020389,2022-12-04,2022-2023,SEA,FLA,1,5,6,-4,0,1.0,1.0,0.0,0,0,7.0,1.0,6.0,8.0,3.0,4.2,3.7,0.5,3.0,3.7,-0.7000000000000002,7.2,7.4,26.5,37.5,27.0,33.2,0.16015898102536033,0.10224902710189654,0.8940073000462805,0.8768875949402059,0.8,0.9,1.2,0.8,23.6,19.5,6.9,11.0,15.0,13.1,10.4,9.2,7.2,9.8,5.0,1.0,7.0,6.0,2.699794230842212,1.1595018087284057,2.160246899469287,1.6363916944844774,1.4666666666666668,-0.3666666666666667,1.666666666666667,-0.03333333333333366,0.24637681159420288,0.015873015873015872,0.19549615144580815,0.12896825396825395,0.5072463768115942,0.07913165266106442,0.3919284376950281,0.1625816993464052,0.7536231884057972,0.0950046685340803,0.5874245891408363,0.2915499533146592,1.146557104223008,-0.5500700280112045
2022020384,2022-12-04,2022-2023,PIT,STL,6,2,8,4,1,1.0,1.0,0.0,0,0,1.0,-3.0,4.0,6.0,6.0,3.2,3.5,-0.2999999999999998,2.8,3.2,-0.40000000000000036,6.0,6.7,32.3,30.9,34.2,33.7,0.10516107022847665,0.11343061710708766,0.9169979105820991,0.9009190972786772,0.4,0.8,0.3,0.9,35.0,20.6,7.9,8.2,12.9,13.9,7.0,8.4,8.7,6.8,2.0,3.0,5.0,5.0,1.6865480854231363,1.5811388300841895,1.6193277068654823,1.4757295747452437,-0.8666666666666667,-1.1666666666666665,0.5333333333333337,0.46666666666666634,0.3253968253968254,0.1884057971014493,0.22141053391053392,0.17477570738440304,0.6011904761904762,0.30434782608695654,0.4666305916305917,0.3390269151138717,0.9265873015873015,0.4927536231884058,0.6880411255411256,0.5138026224982747,0.527056277056277,-1.9306418219461698
2022020382,2022-12-04,2022-2023,PHI,NJD,2,3,5,-1,0,1.0,1.0,0.0,0,0,-1.0,-1.0,0.0,1.0,8.0,2.1,3.9,-1.7999999999999998,3.8,1.9,1.9,5.9,5.8,28.8,33.6,29.1,28.1,0.07239152557987874,0.11983095347886633,0.8691164515115947,0.9269883481957784,0.2,0.7,1.1,0.6,31.9,15.9,11.2,6.4,16.9,15.0,4.7,6.9,7.0,8.5,1.0,5.0,5.0,5.0,1.1972189997378644,1.3703203194062976,1.2292725943057163,0.9944289260117537,-0.10000000000000009,0.4333333333333331,-0.46666666666666634,0.7666666666666666,0.125,0.09722222222222222,0.11588164251207729,0.1476449275362319,0.27777777777777773,0.2777777777777778,0.22928743961352657,0.27234299516908217,0.40277777777777773,0.375,0.3451690821256039,0.419987922705314,-0.4901844532279315,1.9746376811594202
2022020392,2022-12-04,2022-2023,WPG,ANA,5,2,7,3,1,0.0,0.0,0.0,1,1,-1.0,-5.0,4.0,6.0,2.0,3.1,2.1,1.0,2.8,3.6,-0.8000000000000003,5.9,5.7,30.2,30.3,31.6,35.7,0.10704717553219287,0.07180586353764883,0.9093650966569928,0.8941859134435143,0.7,0.8,0.5,1.1,17.8,16.3,10.6,8.6,13.4,16.2,6.1,7.7,7.2,5.8,3.0,0.0,5.0,4.0,2.1832697191750423,1.3703203194062976,1.6193277068654826,1.5776212754932308,1.233333333333333,-0.43333333333333335,-0.7999999999999998,0.06666666666666643,0.15606060606060604,0.1388888888888889,0.19924242424242422,0.10277777777777779,0.3393939393939394,0.19246031746031744,0.3220538720538721,0.21956349206349204,0.49545454545454554,0.33134920634920634,0.5212962962962964,0.3223412698412698,0.33939393939393936,-0.8626190476190476
2022020391,2022-12-04,2022-2023,LAK,CAR,2,4,6,-2,0,1.0,1.0,0.0,0,0,1.0,3.0,-2.0,4.0,4.0,3.8,2.4,1.4,3.8,2.6,1.1999999999999997,7.6,5.0,31.0,33.3,27.3,25.8,0.12621779544647055,0.07242012154512152,0.8599253304932079,0.8914836249234446,1.1,0.5,0.9,0.6,26.7,17.9,6.0,7.1,17.5,9.7,5.1,8.9,7.3,7.7,2.0,3.0,5.0,3.0,2.0439612955674527,1.646545204697129,2.250925735484551,1.173787790777267,1.2000000000000002,1.6,1.2000000000000002,0.06666666666666643,0.1923076923076923,0.125,0.23344017094017092,0.10793194089229896,0.5128205128205129,0.28079710144927533,0.5331196581196582,0.22870488775220232,0.7051282051282052,0.40579710144927533,0.7665598290598291,0.33663682864450123,0.14423076923076927,-0.062340153452685426
2022020381,2022-12-04,2022-2023,EDM,MTL,5,3,8,2,1,1.0,1.0,0.0,0,0,-1.0,1.0,-2.0,5.0,6.0,2.9,2.8,0.10000000000000009,3.7,3.3,0.40000000000000036,6.6,6.1,31.3,30.1,30.4,32.2,0.09897754242929213,0.0910345130378895,0.8741289600693012,0.8919819147902952,0.7,0.6,0.9,0.5,20.8,13.9,7.0,9.0,12.5,16.6,5.6,5.9,8.9,12.6,2.0,3.0,3.0,6.0,1.5951314818673863,1.6865480854231358,1.5670212364724214,1.888562063228706,1.1,-1.4666666666666666,0.2999999999999998,-1.2999999999999998,0.18055555555555555,0.057677638913336854,0.16666666666666666,0.09629913691698588,0.3333333333333333,0.1446341606524673,0.30921052631578944,0.11596787397702729,0.5138888888888888,0.20231179956580414,0.47587719298245607,0.21226701089401315,-0.07330827067669166,-2.2442288832449018
2022020386,2022-12-04,2022-2023,DET,VGK,1,4,5,-3,0,2.0,1.0,1.0,0,0,1.0,-1.0,2.0,5.0,4.0,3.6,2.8,0.8000000000000003,3.3,3.1,0.19999999999999973,6.9,5.9,32.1,33.1,28.0,31.2,0.12343694567832493,0.08305508522226783,0.8809914693149988,0.8968159429170148,1.0,0.5,0.7,0.7,22.9,25.2,6.7,7.5,15.4,19.7,4.7,8.5,7.5,6.1,2.0,2.0,5.0,6.0,1.7126976771553504,1.2292725943057174,2.1628170930011112,1.370320319406298,-0.2666666666666666,-0.7999999999999998,0.03333333333333366,0.5666666666666664,0.16205533596837948,0.05333333333333334,0.2019762845849802,0.19999999999999998,0.3102766798418972,0.21333333333333335,0.39934123847167324,0.2866666666666667,0.4723320158102766,0.26666666666666666,0.6013175230566534,0.48666666666666675,-0.010803689064558655,1.24
2022020393,2022-12-04,2022-2023,DAL,MIN,5,6,11,-1,0,1.0,0.0,1.0,0,1,2.0,3.0,-1.0,6.0,6.0,4.2,3.2,1.0,2.8,2.5,0.2999999999999998,7.0,5.7,33.8,30.3,33.4,27.6,0.12832118899395545,0.1060959248504761,0.9164706333450846,0.9085192627590463,0.9,0.7,0.6,0.6,22.7,22.5,14.6,9.8,14.5,14.3,7.5,6.3,8.5,4.3,3.0,1.0,5.0,8.0,1.619327706865483,1.686548085423136,1.8135294011647256,1.5811388300841909,-0.8666666666666667,1.1333333333333329,-1.133333333333333,0.8333333333333335,0.2777777777777778,0.05928853754940711,0.1947463768115942,0.11539306104523495,0.4861111111111111,0.16839591567852438,0.41123188405797095,0.2650183663484579,0.763888888888889,0.2276844532279315,0.6059782608695652,0.38041142739369277,2.1902173913043477,-0.7719442710861475
2022020390,2022-12-04,2022-2023,CGY,WSH,5,2,7,3,1,1.0,1.0,0.0,0,0,-1.0,-1.0,0.0,5.0,4.0,2.9,2.8,0.10000000000000009,2.7,2.9,-0.19999999999999973,5.6,5.7,32.5,31.7,28.4,29.9,0.10036871270247227,0.09842916809517017,0.9013489853212098,0.9008002306619799,0.5,0.5,0.7,0.7,28.2,23.3,8.2,11.9,14.8,15.4,9.7,9.7,9.5,6.4,3.0,1.0,4.0,4.0,2.2335820757001272,1.619327706865482,1.159501808728406,1.7919573407620812,0.10000000000000009,-0.1333333333333333,-0.3666666666666667,0.10000000000000009,0.13043478260869565,0.28476190476190477,0.14882943143812707,0.24378446115288221,0.18840579710144925,0.36952380952380953,0.22398736529171315,0.3440601503759399,0.31884057971014496,0.6542857142857142,0.3728167967298402,0.5878446115288221,-0.08361204013377926,-1.0336842105263158
2022020394,2022-12-04,2022-2023,CBJ,DET,2,4,6,-2,0,0.0,-1.0,1.0,1,0,1.0,-2.0,3.0,5.0,4.0,3.4,3.4,0.0,3.1,3.3,-0.19999999999999973,6.5,6.7,28.2,32.9,37.2,27.9,0.12218352289808494,0.1166595370404512,0.9150411666882927,0.8808132161955692,0.6,0.8,0.6,0.6,21.3,23.8,8.6,6.5,20.0,15.5,6.1,4.6,6.5,7.6,4.0,2.0,8.0,6.0,1.8378731669453627,1.7763883459298968,1.4491376746189424,2.1628170930011112,-0.7333333333333334,-0.3999999999999999,-1.1,0.3666666666666667,0.1976911976911977,0.16403162055335968,0.22579934685197844,0.20635704874835312,0.443001443001443,0.2819499341238471,0.3521626034783929,0.3816699604743083,0.6406926406926408,0.44598155467720685,0.5779619503303715,0.5880270092226614,-0.9811574390521759,-0.12821146245059284
2022020380,2022-12-04,2022-2023,BOS,COL,5,1,6,4,1,3.0,1.0,2.0,0,0,2.0,1.0,1.0,9.0,7.0,3.7,3.3,0.40000000000000036,1.7,2.5,-0.8,5.4,5.8,33.8,33.5,29.1,32.1,0.11165251649374515,0.10942564015090014,0.9425587492671994,0.9128304666348145,1.5,1.3,1.1,0.6,21.2,19.6,11.3,8.4,10.5,14.8,7.3,6.3,8.9,5.4,7.0,4.0,7.0,5.0,1.251665557034572,1.70293863659264,1.059349905471381,1.5811388300841898,-1.0333333333333337,0.03333333333333366,0.6333333333333335,0.8333333333333335,0.4433811802232855,0.047619047619047616,0.31259968102073366,0.047619047619047616,0.5888585099111414,0.1111111111111111,0.41564137616769187,0.12698412698412698,1.0322396901344268,0.15873015873015872,0.7282410571884256,0.17460317460317457,2.144224196855776,-0.7023809523809523
2022020387,2022-12-04,2022-2023,NYR,CHI,2,5,7,-3,0,0.0,2.0,-2.0,1,0,-1.0,-8.0,7.0,4.0,1.0,2.7,2.2,0.5,2.5,4.1,-1.5999999999999996,5.2,6.3,32.7,27.1,30.6,35.6,0.0903199057637352,0.0822525524057782,0.9162339005474017,0.8851690364096869,0.4,0.7,0.4,0.6,27.9,21.4,8.8,7.5,12.6,15.6,7.9,7.2,9.4,9.6,1.0,1.0,4.0,6.0,1.159501808728407,1.3165611772087662,1.178511301977579,1.7919573407620815,-0.03333333333333366,0.46666666666666634,0.16666666666666652,0.5666666666666673,0.41333333333333333,0.16666666666666666,0.2675,0.12480063795853269,0.4133333333333334,0.34848484848484845,0.31472222222222224,0.2256778309409888,0.8266666666666667,0.5151515151515151,0.5822222222222223,0.3504784688995215,-0.11166666666666666,-1.7392344497607657
2022020395,2022-12-05,2022-2023,BUF,SJS,6,3,9,3,1,2.0,0.0,2.0,0,1,-1.0,-2.0,1.0,3.0,3.0,3.5,3.2,0.2999999999999998,3.8,3.2,0.5999999999999996,7.3,6.4,33.0,28.5,33.8,29.8,0.10461765550987061,0.11421078709952817,0.8824256336424989,0.8768142440468416,1.0,0.5,1.3,0.5,13.6,25.1,10.1,7.6,11.2,19.2,7.3,9.3,7.1,9.6,1.0,2.0,6.0,5.0,2.1730674684008826,1.6193277068654823,1.3984117975602017,2.3475755815545347,0.833333333333333,-0.8666666666666667,1.2000000000000002,-0.8666666666666667,0.2147745571658615,0.16049382716049382,0.26942431561996777,0.24074074074074073,0.40458937198067635,0.2391975308641975,0.3272946859903382,0.378858024691358,0.6193639291465379,0.3996913580246913,0.596719001610306,0.6195987654320988,-0.20833333333333331,-1.3611111111111112
2022020396,2022-12-05,2022-2023,NYI,CHI,3,0,3,3,1,1.0,0.0,1.0,0,1,-2.0,1.0,-3.0,6.0,2.0,3.0,2.6,0.3999999999999999,2.4,4.1,-1.6999999999999997,5.4,6.7,31.8,26.0,32.0,34.9,0.10176602023065309,0.10293707621530199,0.9196393020196643,0.8837404649811156,1.0,0.9,0.8,0.7,27.2,20.9,12.9,10.0,13.6,15.4,7.1,7.4,9.7,9.2,3.0,2.0,4.0,6.0,1.3333333333333328,1.5055453054181618,1.3498971154211057,1.7919573407620815,-0.6666666666666665,1.0666666666666664,-0.3999999999999999,0.5666666666666673,0.18460317460317463,0.17391304347826086,0.21896825396825395,0.12644927536231884,0.14261904761904762,0.3768115942028985,0.25797619047619047,0.23731884057971012,0.32722222222222225,0.5507246376811594,0.4769444444444444,0.36376811594202896,0.4135714285714285,-1.6108695652173914
2022020402,2022-12-06,2022-2023,VAN,MTL,7,6,13,1,1,1.0,1.0,0.0,0,0,1.0,-1.0,2.0,6.0,5.0,3.3,2.6,0.6999999999999997,3.1,3.6,-0.5,6.4,6.2,29.3,30.5,32.2,31.1,0.1177338470916057,0.08288404281845377,0.9031430643068313,0.8753152481236285,0.9,0.7,0.5,0.8,24.2,16.2,7.3,10.7,13.2,16.3,6.1,6.6,6.8,12.2,2.0,3.0,5.0,5.0,1.494434118097327,1.5055453054181622,1.4491376746189437,1.8973665961010275,-1.633333333333333,-0.9333333333333333,0.5666666666666664,-0.6000000000000001,0.04,0.05714285714285714,0.23111111111111113,0.12498196248196249,0.2739393939393939,0.06611721611721612,0.2880808080808081,0.1722180597180597,0.31393939393939396,0.12326007326007325,0.5191919191919192,0.2972000222000222,-0.16000000000000003,-2.15999000999001
2022020397,2022-12-06,2022-2023,PHI,COL,5,3,8,2,1,1.0,1.0,0.0,0,0,-2.0,-1.0,-1.0,1.0,6.0,2.2,2.9,-0.6999999999999997,3.6,2.7,0.8999999999999999,5.8,5.6,28.3,32.5,27.8,32.6,0.0758205526931164,0.09913992586518587,0.8685788171029925,0.9089018952062432,0.3,1.1,0.9,0.6,31.4,20.0,11.2,9.5,17.2,14.0,5.4,5.9,6.6,5.8,1.0,4.0,5.0,4.0,1.1352924243950933,1.7288403306519917,1.1737877907772654,1.766981104093143,-0.20000000000000018,-0.5666666666666664,-0.9333333333333336,1.9666666666666668,0.12,0.06060606060606061,0.11797619047619046,0.030303030303030304,0.28,0.10606060606060606,0.22646825396825399,0.05303030303030303,0.39999999999999997,0.16666666666666666,0.3444444444444444,0.08333333333333333,-0.5471946169772256,-0.7814685314685315
2022020398,2022-12-06,2022-2023,NYR,STL,6,4,10,2,1,1.0,1.0,0.0,0,0,-2.0,-4.0,2.0,4.0,5.0,2.8,3.4,-0.6000000000000001,2.7,3.5,-0.7999999999999998,5.5,6.9,32.0,29.8,30.8,32.7,0.0946056200494495,0.11288116655763711,0.9073450116585127,0.8916609029141,0.5,0.7,0.7,1.0,27.8,22.6,9.5,8.0,12.5,14.0,7.9,8.4,10.0,6.6,1.0,2.0,5.0,5.0,1.0327955589886457,1.6465452046971292,1.2516655570345723,1.509230856356236,-0.46666666666666634,-1.0666666666666664,-0.03333333333333366,0.5,0.4230769230769231,0.18055555555555558,0.27,0.12916666666666668,0.4102564102564103,0.20833333333333334,0.308974358974359,0.24027777777777778,0.8333333333333334,0.3888888888888889,0.5789743589743589,0.36944444444444446,-0.22307692307692306,-1.6964285714285714
2022020399,2022-12-06,2022-2023,BOS,VGK,3,4,7,-1,0,1.0,1.0,0.0,0,0,3.0,1.0,2.0,9.0,5.0,3.9,3.0,0.8999999999999999,1.7,2.9,-1.2,5.6,5.9,34.1,32.0,28.9,30.9,0.11604440838563708,0.0934995296667123,0.9422624529709033,0.9035302286313003,1.4,0.6,1.1,0.8,21.5,24.0,11.8,7.3,10.7,20.0,8.1,7.9,8.5,5.9,7.0,3.0,7.0,5.0,1.2866839377079184,1.2472191289246466,1.059349905471381,1.523883926754995,-0.2333333333333334,0.0,-0.3666666666666667,-0.5666666666666664,0.41932367149758454,0.06410256410256411,0.2960144927536232,0.20512820512820515,0.6094202898550726,0.2435897435897436,0.4405797101449276,0.3012820512820513,1.028743961352657,0.30769230769230765,0.7365942028985506,0.5064102564102564,2.431159420289855,1.4615384615384615
2022020401,2022-12-06,2022-2023,CGY,ARI,3,2,5,1,1,1.0,1.0,0.0,0,0,1.0,-4.0,5.0,5.0,2.0,3.1,2.4,0.7000000000000002,2.7,2.9,-0.19999999999999973,5.8,5.3,32.6,24.9,29.0,32.5,0.10568617301993259,0.0996758927465449,0.903148085770985,0.9084728302894322,0.5,0.5,0.8,1.2,27.7,24.1,8.2,13.6,13.9,15.8,9.1,5.0,9.1,6.4,3.0,2.0,4.0,0.0,2.3309511649396115,0.9660917830792959,1.159501808728406,1.5951314818673863,0.8999999999999999,0.2666666666666666,-0.7000000000000002,0.7666666666666666,0.125,0.10606060606060606,0.14186507936507933,0.1084529505582137,0.22222222222222224,0.23618538324420676,0.2493734335839599,0.23292522750727082,0.34722222222222215,0.3422459893048128,0.3912385129490392,0.34137817806548454,0.212406015037594,-0.5857022234731213
2022020400,2022-12-06,2022-2023,EDM,WSH,2,3,5,-1,0,1.0,1.0,0.0,0,0,1.0,-2.0,3.0,6.0,3.0,3.2,2.5,0.7000000000000002,3.3,3.2,0.09999999999999964,6.5,5.7,31.3,32.3,30.5,30.5,0.11261390606565577,0.0835865893845255,0.8869130509783922,0.8928199350954775,0.9,0.6,1.0,0.7,21.8,24.4,6.8,7.7,12.1,15.2,6.2,9.4,10.1,6.2,3.0,1.0,4.0,3.0,1.6865480854231356,1.4337208778404373,1.05934990547138,1.686548085423135,1.1333333333333329,0.5,0.7000000000000002,-0.5333333333333337,0.19999999999999998,0.2717948717948718,0.10666666666666667,0.24102564102564106,0.3466666666666667,0.36410256410256414,0.25000000000000006,0.3346153846153846,0.5466666666666667,0.6358974358974359,0.3566666666666667,0.5756410256410256,0.005000000000000018,-1.4423076923076923
2022020411,2022-12-07,2022-2023,SEA,MTL,2,4,6,-2,0,2.0,0.0,2.0,0,1,-1.0,-2.0,1.0,7.0,4.0,3.8,2.7,1.0999999999999996,3.4,3.9,-0.5,7.2,6.6,28.1,28.9,27.3,31.9,0.1379367588031381,0.09405620399061494,0.8801501571891377,0.8701069147902952,0.8,0.6,1.5,0.8,24.5,16.7,7.3,10.8,14.1,16.8,10.4,6.7,7.9,10.5,4.0,3.0,7.0,4.0,2.8596814119369625,1.7029386365926402,2.118699810942761,2.183269719175042,0.5333333333333332,0.9666666666666663,1.6,0.4333333333333331,0.23611111111111108,0.053968253968253964,0.18701690821256037,0.09129572118702552,0.5,0.15653235653235653,0.3821859903381642,0.1999017890322238,0.736111111111111,0.2105006105006105,0.5692028985507246,0.29119751021924933,1.01268115942029,-1.6909858257684345
2022020408,2022-12-07,2022-2023,WPG,FLA,5,2,7,3,1,2.0,2.0,0.0,0,0,1.0,2.0,-1.0,7.0,4.0,3.4,4.0,-0.6000000000000001,2.7,3.5,-0.7999999999999998,6.1,7.5,31.9,36.1,31.1,33.7,0.11085152335827982,0.11534426519713463,0.9112698585617547,0.8837872365172668,0.8,1.1,0.5,0.7,18.0,19.9,10.2,10.6,13.6,13.5,6.3,9.0,7.9,8.8,4.0,2.0,6.0,5.0,2.221110833194358,1.0540925533894596,1.636391694484477,1.8408935028645437,0.2666666666666666,0.0,-0.7000000000000002,-0.8333333333333335,0.14906832298136646,0.0,0.1977225672877847,0.11606060606060607,0.33885438233264314,0.07703703703703703,0.32922886927463585,0.12973063973063972,0.4879227053140096,0.07703703703703703,0.5269514365624205,0.2457912457912458,0.41048272856053175,-0.3713131313131313
2022020405,2022-12-07,2022-2023,TBL,DET,2,4,6,-2,0,2.0,2.0,0.0,0,0,2.0,-1.0,3.0,8.0,5.0,4.1,3.5,0.5999999999999996,2.8,2.8,0.0,6.9,6.3,31.1,32.6,30.5,27.1,0.13625712883607616,0.11743694567832494,0.9067135738946085,0.892733893557423,1.5,1.1,0.9,0.7,28.6,21.7,9.5,6.3,12.0,15.5,13.3,4.4,11.3,8.3,5.0,3.0,6.0,5.0,1.5238839267549946,1.8408935028645432,1.4757295747452432,1.3984117975602015,-1.0999999999999996,-0.5,-0.7999999999999998,0.20000000000000018,0.18452380952380953,0.15277777777777776,0.18253968253968256,0.2058823529411765,0.3591269841269842,0.3194444444444444,0.318452380952381,0.40196078431372556,0.5436507936507936,0.47222222222222215,0.5009920634920635,0.6078431372549019,0.16666666666666669,-0.15931372549019607
2022020404,2022-12-07,2022-2023,PIT,CBJ,4,1,5,3,1,2.0,2.0,0.0,0,0,2.0,-1.0,3.0,7.0,4.0,3.4,3.1,0.2999999999999998,2.5,3.3,-0.7999999999999998,5.9,6.4,33.7,28.7,32.8,37.3,0.10428387724602053,0.1108244965289166,0.9217598153440039,0.9094949482008978,0.5,0.7,0.2,0.8,35.6,21.4,7.3,8.9,12.0,19.4,7.6,5.7,8.2,7.0,3.0,1.0,6.0,8.0,1.897366596101028,1.7919573407620815,1.4337208778404373,1.4181364924121753,0.6000000000000001,-0.43333333333333357,0.16666666666666652,-0.9666666666666663,0.32545454545454544,0.18906455862977603,0.22620553359683793,0.21570205157161682,0.6315151515151515,0.43807641633728595,0.4893807641633729,0.36639845661584797,0.956969696969697,0.6271409749670619,0.7155862977602109,0.5821005081874646,0.7172332015810277,-0.9412572934312065
2022020409,2022-12-07,2022-2023,DAL,TOR,0,4,4,-4,0,2.0,2.0,0.0,0,0,-1.0,-1.0,0.0,5.0,7.0,4.2,3.4,0.8000000000000003,3.2,2.2,1.0,7.4,5.6,34.2,30.0,32.7,31.8,0.1264778710216052,0.11765717253270273,0.9029731800343883,0.9288704168115933,0.7,0.6,0.7,0.5,21.3,21.2,14.7,6.9,13.7,17.2,7.6,8.4,8.4,9.4,3.0,5.0,6.0,4.0,1.619327706865483,1.1737877907772674,1.8135294011647252,1.0327955589886446,0.4666666666666668,-0.06666666666666643,-1.2000000000000002,0.1333333333333333,0.26666666666666666,0.1794871794871795,0.18694444444444447,0.21153846153846154,0.5066666666666667,0.2564102564102564,0.4216666666666667,0.3397435897435898,0.7733333333333334,0.4358974358974359,0.6086111111111111,0.5512820512820513,2.1833333333333336,1.1923076923076923
2022020407,2022-12-07,2022-2023,NYI,STL,4,7,11,-3,0,1.0,0.0,1.0,0,1,1.0,-5.0,6.0,6.0,4.0,2.9,3.3,-0.3999999999999999,2.1,3.9,-1.7999999999999998,5.0,7.2,31.2,29.2,31.2,32.4,0.10057036805674005,0.11238855572019868,0.9299841296058713,0.8740683103215072,1.0,0.8,0.7,1.0,27.6,23.7,13.2,7.8,13.4,13.4,7.2,8.0,9.5,6.9,3.0,1.0,4.0,5.0,1.2866839377079182,1.5670212364724212,1.5238839267549946,1.5951314818673865,-1.2333333333333332,0.03333333333333366,-0.7666666666666668,1.1,0.20317016317016315,0.18666666666666668,0.2297902097902098,0.13041666666666668,0.13673659673659674,0.21333333333333335,0.2606759906759907,0.2504166666666667,0.33990675990675995,0.39999999999999997,0.49046620046620054,0.38083333333333336,0.5909090909090909,-1.9733333333333332
2022020403,2022-12-07,2022-2023,NJD,CHI,3,0,3,3,1,2.0,1.0,1.0,0,0,1.0,-1.0,2.0,8.0,1.0,3.8,2.3,1.5,1.9,4.2,-2.3000000000000003,5.7,6.5,32.8,25.9,29.6,34.8,0.12111300476091762,0.08930071257893837,0.9320388532462835,0.8811185137616032,0.6,0.9,0.5,0.7,17.9,19.8,5.8,10.1,16.0,15.9,6.6,7.5,8.8,8.6,2.0,1.0,4.0,6.0,1.3984117975602017,1.7029386365926398,0.9944289260117537,1.6865480854231354,-0.1333333333333333,0.7000000000000002,1.1,-0.8666666666666667,0.09333333333333332,0.05555555555555555,0.14166666666666666,0.07341269841269842,0.27999999999999997,0.32539682539682535,0.28194444444444444,0.24107142857142858,0.37333333333333335,0.38095238095238093,0.4236111111111111,0.314484126984127,2.1366666666666667,-1.0595238095238095
2022020410,2022-12-07,2022-2023,ANA,CAR,4,3,7,1,1,2.0,2.0,0.0,0,0,-6.0,4.0,-10.0,1.0,5.0,2.0,2.7,-0.7000000000000002,3.9,2.5,1.4,5.9,5.2,30.3,33.9,36.4,26.4,0.06847253020431548,0.08132334735157314,0.8877465195041203,0.8965341299739495,0.7,0.6,1.1,0.6,15.8,18.7,8.6,7.1,15.9,10.8,7.6,8.8,5.9,7.6,1.0,4.0,3.0,3.0,1.3333333333333333,1.6363916944844765,1.5238839267549948,1.1785113019775788,0.0,1.6333333333333329,0.766666666666667,0.16666666666666652,0.1466666666666667,0.12,0.10538461538461541,0.10342592592592592,0.19939393939393937,0.29611111111111116,0.2174125874125874,0.2462037037037037,0.346060606060606,0.4161111111111111,0.32279720279720275,0.3496296296296297,-0.853006993006993,0.023333333333333345
2022020406,2022-12-07,2022-2023,OTT,LAK,2,5,7,-3,0,2.0,2.0,0.0,0,0,2.0,-1.0,3.0,5.0,3.0,2.6,3.6,-1.0,2.5,3.9,-1.4,5.1,7.5,36.5,32.2,32.3,28.3,0.07087047731784571,0.11323078245945759,0.922831250368015,0.8613078189724706,1.1,1.0,0.9,0.8,28.9,26.8,10.8,5.8,15.0,16.1,6.7,5.2,11.2,6.5,2.0,2.0,5.0,5.0,1.6465452046971292,2.118699810942761,1.080123449734643,2.2335820757001272,0.3999999999999999,1.4,-0.16666666666666652,1.4333333333333331,0.23282163742690054,0.09876543209876543,0.1511330409356725,0.19135802469135801,0.2817982456140351,0.4304884594739667,0.210343567251462,0.46215780998389694,0.5146198830409358,0.5292538915727322,0.36147660818713456,0.6535158346752549,0.1655701754385965,-0.012882447665056362
2022020412,2022-12-08,2022-2023,CBJ,BUF,4,9,13,-5,0,0.0,2.0,-2.0,1,0,-2.0,1.0,-3.0,4.0,4.0,2.9,4.0,-1.1,3.3,3.8,-0.5,6.2,7.8,29.7,33.7,36.1,33.7,0.10304377150681225,0.11718132274246822,0.9064258944924578,0.8820808060562921,0.6,1.2,0.9,1.3,22.2,13.6,9.3,9.9,18.3,10.9,5.7,6.6,6.7,6.9,3.0,2.0,8.0,6.0,1.9119507199599979,2.1081851067789192,1.4181364924121753,1.3984117975602017,-0.5666666666666664,0.666666666666667,-0.2999999999999998,0.20000000000000018,0.19504830917874397,0.21921052631578944,0.21341520798042538,0.27171052631578946,0.4196859903381642,0.39956140350877195,0.3506258234519104,0.32609649122807016,0.6147342995169082,0.6187719298245614,0.5640410314323357,0.5978070175438597,-1.071475625823452,-0.17052631578947364
2022020414,2022-12-08,2022-2023,CGY,MIN,5,3,8,2,1,1.0,3.0,-2.0,0,0,2.0,4.0,-2.0,5.0,6.0,2.8,3.6,-0.8000000000000003,2.4,3.0,-0.6000000000000001,5.2,6.6,32.3,31.3,28.1,28.3,0.0967972841310437,0.11746305234663586,0.9103894650813297,0.8942335484733318,0.6,0.8,0.7,0.6,27.9,23.3,7.8,10.1,13.6,14.2,9.0,5.9,9.1,4.6,3.0,1.0,4.0,8.0,2.097617696340303,1.5776212754932317,0.8432740427115679,1.4907119849998611,0.20000000000000018,1.0666666666666669,-0.3999999999999999,1.0,0.12,0.05555555555555555,0.14222222222222222,0.10964912280701755,0.21333333333333335,0.22549019607843138,0.2594444444444444,0.30104919160646715,0.3333333333333333,0.281045751633987,0.40166666666666667,0.41069831441348476,0.19333333333333333,-0.8431888544891641
2022020415,2022-12-08,2022-2023,COL,BOS,0,4,4,-4,0,1.0,1.0,0.0,0,0,-2.0,-1.0,-1.0,5.0,8.0,2.8,3.9,-1.1,3.0,1.9,1.1,5.8,5.8,32.9,35.6,33.4,28.1,0.09422921157947159,0.11230686685739785,0.900780683085031,0.9328874529709033,1.1,1.5,0.8,1.1,21.6,22.5,9.1,10.7,13.3,10.8,5.9,8.7,5.9,8.8,1.0,2.0,3.0,7.0,1.6865480854231354,1.2866839377079184,1.6996731711975952,1.1005049346146125,0.5333333333333337,-0.2333333333333334,1.333333333333333,-0.23333333333333317,0.057971014492753624,0.41865079365079366,0.05866114561766736,0.2926587301587302,0.11594202898550725,0.6121031746031745,0.2693236714975845,0.4241071428571428,0.17391304347826086,1.0307539682539681,0.3279848171152519,0.716765873015873,0.5890269151138717,1.8541666666666667
2022020416,2022-12-08,2022-2023,EDM,ARI,8,2,10,6,1,1.0,1.0,0.0,0,0,-1.0,-5.0,4.0,5.0,1.0,3.0,2.4,0.6000000000000001,3.4,3.2,0.19999999999999973,6.4,5.6,31.1,24.1,31.3,32.8,0.10678057273232242,0.10253303560368776,0.8856749557402969,0.8973617191783209,0.8,0.4,1.0,1.4,22.2,22.7,6.8,13.1,12.1,15.6,6.1,4.9,11.3,6.9,3.0,1.0,5.0,0.0,1.6996731711975948,0.9660917830792959,0.9660917830792958,1.2292725943057186,0.3333333333333335,-0.06666666666666643,0.2666666666666666,0.1333333333333333,0.31230769230769234,0.10024154589371981,0.16897435897435897,0.10809178743961352,0.5728205128205128,0.10950080515297907,0.35997557997558,0.22141706924315618,0.8851282051282051,0.20974235104669883,0.5289499389499389,0.3295088566827697,0.5213919413919414,-0.8671497584541064
2022020413,2022-12-08,2022-2023,PHI,WSH,1,4,5,-3,0,1.0,1.0,0.0,0,0,1.0,1.0,0.0,2.0,4.0,2.3,2.5,-0.20000000000000018,3.4,2.9,0.5,5.7,5.4,28.0,35.1,27.7,30.1,0.07971562423524675,0.07595022574816188,0.8743553322545077,0.900859150781752,0.4,0.7,0.9,0.5,32.4,22.6,11.8,5.9,18.5,15.2,5.7,8.4,7.7,6.1,2.0,2.0,6.0,3.0,1.3374935098492586,1.4337208778404373,1.0749676997731379,1.595131481867386,0.3666666666666667,-0.16666666666666652,-0.06666666666666643,0.10000000000000009,0.12393162393162394,0.29320987654320985,0.14606837606837608,0.24713403880070542,0.21794871794871795,0.34722222222222215,0.2833333333333333,0.32616843033509696,0.34188034188034194,0.6404320987654321,0.42940170940170946,0.5733024691358025,0.8410256410256411,-1.513558201058201
2022020418,2022-12-08,2022-2023,SJS,VAN,5,6,11,-1,0,2.0,1.0,1.0,0,0,-3.0,2.0,-5.0,2.0,7.0,3.0,3.8,-0.7999999999999998,3.5,3.4,0.10000000000000009,6.5,7.2,28.5,29.6,30.9,31.4,0.10731423537539024,0.1327122953674678,0.8709930382256358,0.888889670641673,0.5,0.9,0.7,0.4,23.5,22.1,7.8,8.0,19.3,13.0,9.0,6.0,9.2,6.5,1.0,4.0,5.0,6.0,1.4907119849998596,1.8135294011647265,2.3687784005919825,1.7126976771553504,-1.0,-0.1333333333333333,0.5,0.9333333333333331,0.1680952380952381,0.038461538461538464,0.2030952380952381,0.2283653846153846,0.2542857142857143,0.2630992196209588,0.44261904761904763,0.28299191750278707,0.42238095238095236,0.3015607580824972,0.6457142857142857,0.5113573021181717,-0.7085714285714285,-0.20631270903010032
2022020417,2022-12-08,2022-2023,VGK,NYR,1,5,6,-4,0,1.0,1.0,0.0,0,0,2.0,1.0,1.0,6.0,4.0,3.1,3.0,0.10000000000000009,2.9,3.0,-0.10000000000000009,6.0,6.0,31.8,31.7,32.5,30.5,0.0983072219744046,0.10479080523463469,0.907664595556365,0.8966769082102368,0.6,0.5,0.8,0.7,24.1,27.2,7.7,9.1,19.0,12.1,8.9,7.3,6.6,9.5,2.0,3.0,4.0,5.0,1.1972189997378642,1.4142135623730958,1.523883926754995,1.1547005383792515,0.2333333333333334,0.3333333333333335,-0.2333333333333334,0.6666666666666665,0.06172839506172839,0.43209876543209874,0.19753086419753085,0.27231718898385565,0.23456790123456792,0.419753086419753,0.3024691358024691,0.31600189933523265,0.2962962962962963,0.8518518518518517,0.49999999999999994,0.5883190883190883,1.4814814814814814,-0.21794871794871792
2022020421,2022-12-09,2022-2023,TBL,NSH,5,2,7,3,1,1.0,5.0,-4.0,0,0,-1.0,3.0,-4.0,7.0,7.0,3.7,2.7,1.0,2.7,2.4,0.30000000000000027,6.4,5.1,32.2,30.0,30.7,34.2,0.12346209778017554,0.09566425840225139,0.9120166041976387,0.9261471068613926,1.3,0.8,0.9,0.9,27.1,26.9,7.7,10.6,12.0,16.2,12.7,7.1,11.8,8.2,4.0,2.0,6.0,6.0,1.494434118097326,1.4181364924121764,1.494434118097326,1.4298407059684808,-0.3666666666666667,0.6333333333333333,-0.7000000000000002,-0.7333333333333332,0.17696969696969697,0.18840579710144925,0.189064558629776,0.23913043478260868,0.3709090909090909,0.5217391304347826,0.3912516469038208,0.42753623188405804,0.5478787878787879,0.7101449275362318,0.5803162055335968,0.6666666666666666,0.09636363636363637,-1.0
2022020422,2022-12-09,2022-2023,STL,WPG,2,5,7,-3,0,1.0,1.0,0.0,0,0,1.0,2.0,-1.0,4.0,7.0,3.6,3.6,0.0,3.9,2.7,1.1999999999999997,7.5,6.3,29.6,32.0,31.3,33.1,0.12072188905353202,0.11698055561634431,0.8719114475764093,0.9159156193050764,0.7,0.8,1.0,0.5,24.1,18.1,7.4,10.5,13.5,13.7,7.4,6.6,8.2,7.7,2.0,2.0,4.0,7.0,1.955050439815357,2.2705848487901874,1.5951314818673865,1.636391694484477,0.733333333333333,0.06666666666666643,1.1,-0.03333333333333366,0.1923076923076923,0.09722222222222222,0.13159879336349925,0.20833333333333334,0.21794871794871795,0.36111111111111116,0.26621417797888386,0.31250000000000006,0.4102564102564103,0.4583333333333333,0.3978129713423832,0.5208333333333334,-1.5096153846153846,0.7666666666666666
2022020420,2022-12-09,2022-2023,TOR,LAK,5,0,5,5,1,1.0,1.0,0.0,0,0,1.0,1.0,0.0,7.0,4.0,3.3,3.6,-0.30000000000000027,2.0,3.5,-1.5,5.3,7.1,29.6,32.1,32.5,28.6,0.11629876082946344,0.11384654600625559,0.9342758222169987,0.8752472129118644,0.6,1.1,0.5,0.9,20.9,26.0,7.3,5.8,17.2,16.5,8.5,5.2,9.3,6.7,2.0,3.0,4.0,5.0,1.0593499054713804,2.118699810942761,1.2472191289246473,2.1730674684008826,0.03333333333333366,0.3999999999999999,-0.33333333333333326,-0.5,0.1728395061728395,0.09523809523809523,0.19135802469135801,0.19047619047619047,0.291358024691358,0.46230158730158727,0.28148148148148144,0.47519841269841273,0.4641975308641975,0.5575396825396824,0.4728395061728395,0.6656746031746031,1.037037037037037,0.16666666666666663
2022020423,2022-12-09,2022-2023,DAL,OTT,4,3,7,1,1,1.0,1.0,0.0,0,0,-2.0,-1.0,-1.0,5.0,5.0,3.8,2.6,1.1999999999999997,3.0,2.7,0.2999999999999998,6.8,5.3,35.4,36.0,31.7,31.7,0.11397787102160521,0.07166792548371492,0.9054167890569447,0.913797636922637,0.5,1.2,0.6,0.9,19.1,30.5,14.1,10.3,13.1,15.7,7.4,6.8,8.5,10.5,3.0,3.0,7.0,5.0,2.0976176963403033,1.6465452046971292,1.6996731711975945,1.3374935098492582,-0.46666666666666634,0.7333333333333334,-0.3333333333333335,0.2999999999999998,0.25641025641025644,0.22215686274509805,0.17974358974358975,0.14441176470588235,0.4871794871794872,0.26882352941176474,0.4053846153846153,0.20107843137254902,0.7435897435897436,0.49098039215686273,0.5851282051282052,0.34549019607843134,1.8276923076923077,-0.003529411764705892
2022020419,2022-12-09,2022-2023,FLA,DET,5,1,6,4,1,1.0,1.0,0.0,0,0,-1.0,1.0,-2.0,3.0,6.0,3.7,3.6,0.10000000000000009,3.7,2.6,1.1,7.4,6.2,35.9,33.1,32.4,29.6,0.10859440700087823,0.11853584677722603,0.8751050659746312,0.9074336865180854,1.1,0.9,0.9,0.5,19.1,21.3,10.7,6.3,12.8,14.4,8.7,5.5,8.2,8.0,1.0,4.0,4.0,5.0,1.1595018087284057,1.8378731669453627,1.7669811040931431,1.349897115421105,0.2999999999999998,-0.6000000000000001,-1.7000000000000002,-0.2666666666666666,0.3333333333333333,0.2074074074074074,0.2845596432552954,0.21703703703703703,0.07354925775978408,0.34296296296296297,0.290955230886581,0.4048148148148149,0.40688259109311736,0.5503703703703704,0.5755148741418764,0.6218518518518519,0.5495511353634923,-0.33555555555555555
2022020433,2022-12-10,2022-2023,ANA,SJS,1,6,7,-5,0,2.0,1.0,1.0,0,0,1.0,-4.0,5.0,2.0,2.0,2.2,3.1,-0.8999999999999999,3.9,3.5,0.3999999999999999,6.1,6.6,30.2,29.9,36.9,31.6,0.07535425063442303,0.10413474819590304,0.8890134113960123,0.8787708160034138,0.7,0.6,1.0,0.9,17.1,24.0,7.9,8.3,16.2,19.7,7.4,9.3,6.1,9.0,2.0,1.0,4.0,5.0,1.4757295747452435,1.5951314818673863,1.5238839267549948,2.3687784005919825,1.1333333333333333,0.2333333333333334,0.10000000000000009,1.833333333333333,0.15384615384615385,0.18656056587091072,0.10778727445394114,0.20822281167108755,0.21850613154960982,0.2568523430592396,0.24196911515752095,0.425361037430003,0.37235228539576365,0.44341290893015034,0.349756389611462,0.6335838491010904,-0.9323361823361823,-0.7939876215738284
2022020427,2022-12-10,2022-2023,WSH,SEA,4,1,5,3,1,1.0,2.0,-1.0,0,0,2.0,-2.0,4.0,5.0,7.0,2.7,4.0,-1.2999999999999998,2.6,3.7,-1.1,5.3,7.7,33.5,28.6,28.9,26.8,0.08611387777227901,0.14399736486374415,0.9070496269722282,0.8599120619510424,0.8,0.8,0.5,1.5,22.2,23.3,6.1,7.5,14.5,15.3,8.9,10.4,5.9,8.0,2.0,3.0,3.0,7.0,1.4944341180973257,2.6246692913372702,1.646545204697129,1.9465068427541912,0.2999999999999998,-2.0,-0.2666666666666666,-0.03333333333333366,0.32422969187675066,0.14666666666666667,0.25843519225872164,0.13257936507936507,0.3319327731092437,0.45333333333333337,0.3277629233511587,0.35353174603174603,0.6561624649859944,0.6,0.5861981156098803,0.48611111111111116,-1.2032085561497328,1.3945238095238095
2022020432,2022-12-10,2022-2023,VGK,PHI,2,1,3,1,1,1.0,1.0,0.0,0,0,-1.0,-1.0,0.0,5.0,2.0,2.8,2.3,0.5,3.3,3.2,0.09999999999999964,6.1,5.5,30.5,28.7,33.6,27.0,0.0918969655641482,0.07870113148162357,0.8979972358890054,0.8788553322545077,0.6,0.4,1.0,0.8,23.8,33.1,9.1,13.0,18.6,18.7,9.0,5.8,6.5,7.4,1.0,0.0,4.0,7.0,1.3165611772087658,1.3374935098492586,1.4944341180973266,1.1352924243950917,-0.1333333333333333,0.3666666666666667,-0.2999999999999998,-0.5333333333333337,0.05952380952380953,0.10758377425044091,0.19047619047619047,0.14092389092389093,0.2261904761904762,0.1922398589065256,0.2916666666666667,0.2639736806403473,0.28571428571428575,0.29982363315696653,0.48214285714285715,0.4048975715642382,1.1428571428571428,0.32315832315832316
2022020436,2022-12-10,2022-2023,TBL,FLA,4,1,5,3,1,0.0,0.0,0.0,1,1,1.0,1.0,0.0,7.0,4.0,3.7,3.8,-0.09999999999999964,2.5,3.3,-0.7999999999999998,6.2,7.1,31.7,35.6,31.1,31.6,0.1254557181948486,0.11169861986118867,0.9189610486420833,0.887962208831774,1.3,0.9,0.7,1.0,27.0,17.4,8.0,10.2,12.6,12.2,12.2,8.9,11.6,7.8,4.0,2.0,6.0,4.0,1.494434118097326,1.2292725943057181,1.4337208778404373,1.888562063228706,-0.03333333333333366,0.20000000000000018,-0.16666666666666652,-1.2999999999999998,0.18283166109253068,0.16666666666666666,0.18810386473429952,0.2800925925925926,0.37068004459308806,0.09938271604938272,0.402754552211074,0.23024691358024693,0.5535117056856187,0.2660493827160494,0.5908584169453734,0.5103395061728395,0.22240802675585283,1.346296296296296
2022020434,2022-12-10,2022-2023,NSH,OTT,2,3,5,-1,0,0.0,0.0,0.0,1,1,-1.0,-2.0,1.0,7.0,4.0,2.6,2.5,0.10000000000000009,2.4,3.0,-0.6000000000000001,5.0,5.5,30.1,35.1,34.0,31.9,0.09264838538637837,0.07134534483855363,0.9252813059955918,0.9046309702559704,0.7,1.1,0.8,0.8,28.2,30.2,10.7,8.9,16.6,15.7,7.9,6.6,8.2,9.6,5.0,3.0,6.0,4.0,1.4298407059684808,1.5811388300841898,1.4298407059684808,1.2472191289246466,0.7333333333333334,0.8333333333333335,0.6000000000000001,0.6666666666666665,0.18055555555555555,0.23097273097273097,0.22916666666666666,0.15394790394790395,0.5000000000000001,0.257020757020757,0.41666666666666674,0.1926129426129426,0.6805555555555557,0.48799348799348796,0.6458333333333334,0.3465608465608465,-1.2083333333333333,-0.13003663003663005
2022020435,2022-12-10,2022-2023,DAL,DET,3,2,5,1,1,0.0,0.0,0.0,1,1,1.0,-1.0,2.0,5.0,6.0,3.6,3.5,0.10000000000000009,2.9,2.8,0.10000000000000009,6.5,6.3,35.7,31.8,30.4,30.7,0.10578821584919143,0.11747524071662,0.9048302787930153,0.9052385645668661,0.5,0.9,0.4,0.4,19.8,21.4,13.0,6.9,13.9,13.6,7.8,5.5,7.7,7.7,4.0,4.0,8.0,5.0,1.9550504398153574,1.9578900207451215,1.6633299933166192,1.5491933384829664,-0.6000000000000001,-1.5,0.7666666666666666,0.5333333333333337,0.24691358024691357,0.19838056680161942,0.1792497625830959,0.2081646423751687,0.48148148148148145,0.3279352226720648,0.3964862298195631,0.3947368421052631,0.7283950617283951,0.5263157894736842,0.5757359924026589,0.6029014844804318,1.7962962962962963,-0.5141700404858299
2022020425,2022-12-10,2022-2023,NJD,NYI,4,6,10,-2,0,2.0,2.0,0.0,0,0,2.0,-1.0,3.0,8.0,5.0,3.6,2.9,0.7000000000000002,1.8,2.4,-0.5999999999999999,5.4,5.3,31.8,31.7,29.4,30.0,0.11863731952661168,0.09914179662816862,0.9358850070924374,0.9160165182698389,0.6,0.9,0.5,0.6,17.6,27.1,6.0,11.9,15.0,12.4,6.5,7.2,8.3,10.5,3.0,2.0,5.0,5.0,1.3498971154211057,1.2866839377079182,1.135292424395094,1.7763883459298968,-0.6000000000000001,-0.2333333333333334,0.19999999999999996,-0.06666666666666643,0.08974358974358976,0.199385155906895,0.14256410256410257,0.16830606323359945,0.2692307692307692,0.13485092470599716,0.2838461538461538,0.1980047595989625,0.358974358974359,0.3342360806128922,0.42641025641025637,0.36631082283256194,2.246153846153846,0.20703692442822874
2022020428,2022-12-10,2022-2023,CHI,WPG,1,3,4,-2,0,2.0,0.0,2.0,0,1,-2.0,3.0,-5.0,1.0,7.0,2.3,3.8,-1.5,4.2,2.7,1.5,6.5,6.5,25.6,30.8,34.5,33.1,0.08930071257893837,0.1326055556163443,0.8801486861753964,0.9159156193050764,0.9,0.8,0.8,0.5,20.0,18.6,9.9,9.0,16.9,14.4,7.4,7.1,8.6,7.4,0.0,3.0,5.0,6.0,1.7029386365926398,2.299758441421379,1.6865480854231354,1.636391694484477,-0.6333333333333331,1.2000000000000002,-1.5333333333333337,-0.7000000000000002,0.16444444444444442,0.15212121212121213,0.11222222222222221,0.20939393939393938,0.35000000000000003,0.3406060606060606,0.2293939393939394,0.3379220779220779,0.5144444444444445,0.4927272727272727,0.34161616161616165,0.5473160173160173,-1.6739393939393938,0.45194805194805193
2022020424,2022-12-10,2022-2023,CBJ,CGY,3,1,4,2,1,1.0,1.0,0.0,0,0,-3.0,3.0,-6.0,3.0,6.0,2.8,3.2,-0.40000000000000036,3.8,2.4,1.4,6.6,5.6,28.8,31.0,35.4,28.6,0.10455892302196376,0.11281580264956222,0.8872367053032688,0.9127186576279136,0.5,0.7,1.1,0.6,21.3,24.6,10.9,8.0,17.2,13.6,5.6,8.0,6.5,9.5,2.0,2.0,8.0,5.0,1.8135294011647256,2.0976176963403024,2.299758441421378,0.8432740427115679,-0.46666666666666634,1.1333333333333329,1.8666666666666671,-0.06666666666666643,0.21388888888888888,0.11538461538461538,0.21799846288976724,0.14262820512820515,0.41611111111111115,0.21794871794871795,0.3570674132630655,0.25442612942612947,0.63,0.3333333333333333,0.5750658761528328,0.39705433455433453,-1.1887417654808958,-0.01007326007326012
2022020426,2022-12-10,2022-2023,BUF,PIT,3,4,7,-1,0,1.0,2.0,-1.0,0,0,2.0,3.0,-1.0,5.0,8.0,4.5,3.6,0.8999999999999999,3.7,2.2,1.5,8.2,5.8,33.5,33.4,32.9,33.5,0.13468132274246822,0.11064317772296806,0.8810391393896255,0.9316957127799013,1.5,0.6,1.1,0.2,13.9,33.5,9.9,7.9,10.5,13.0,6.3,7.8,6.9,8.0,2.0,4.0,5.0,6.0,2.635231383473649,1.837873166945363,1.3374935098492584,1.3984117975602013,1.833333333333333,1.0666666666666669,0.2999999999999998,-0.20000000000000018,0.21051282051282053,0.3383500557413601,0.26743589743589746,0.23007246376811596,0.43358974358974356,0.6192865105908584,0.35717948717948717,0.4827201783723523,0.6441025641025641,0.9576365663322185,0.6246153846153847,0.7127926421404682,0.019230769230769162,0.7650501672240803
2022020431,2022-12-10,2022-2023,ARI,BOS,4,3,7,1,1,1.0,1.0,0.0,0,0,-6.0,1.0,-7.0,1.0,8.0,2.4,4.0,-1.6,3.6,1.8,1.8,6.0,5.8,24.1,36.3,33.7,27.3,0.10253303560368773,0.11311767766820868,0.8898891917057934,0.9361132594225161,0.2,1.4,1.5,1.1,23.8,22.6,14.2,11.2,16.2,10.5,4.9,8.8,7.5,8.5,0.0,2.0,0.0,7.0,0.9660917830792959,1.2472191289246468,1.9550504398153579,1.229272594305719,-0.3999999999999999,0.0,1.0666666666666669,-0.4666666666666668,0.09722222222222222,0.3980748663101605,0.11388888888888889,0.2785246126422597,0.21564327485380116,0.5967201426024955,0.22032163742690059,0.4240010969422734,0.3128654970760234,0.9947950089126559,0.3342105263157895,0.7025257095845331,-0.680701754385965,1.8941423282599752
2022020430,2022-12-10,2022-2023,COL,NYR,1,2,3,-1,0,1.0,1.0,0.0,0,0,-3.0,2.0,-5.0,5.0,5.0,2.6,3.3,-0.6999999999999997,3.1,2.8,0.30000000000000027,5.7,6.1,30.5,32.4,33.2,29.9,0.08997389243053543,0.11163765208148153,0.8976621799665278,0.902205754364083,1.0,0.5,0.7,0.8,22.2,28.0,9.8,9.8,14.0,13.8,6.0,7.3,6.2,10.3,1.0,4.0,3.0,5.0,1.8973665961010273,1.4944341180973268,1.7288403306519922,1.3165611772087666,-1.2666666666666668,1.0333333333333332,1.233333333333333,0.20000000000000018,0.05555555555555555,0.4404761904761905,0.21527777777777776,0.2744708994708995,0.11111111111111112,0.42857142857142855,0.24404761904761907,0.3284832451499118,0.16666666666666666,0.8690476190476191,0.45932539682539675,0.6029541446208112,-0.3988095238095238,-0.06746031746031747
2022020429,2022-12-10,2022-2023,EDM,MIN,5,2,7,3,1,1.0,1.0,0.0,0,0,1.0,-1.0,2.0,6.0,6.0,3.7,3.7,0.0,3.4,3.2,0.19999999999999973,7.1,6.9,32.3,31.1,30.0,27.2,0.12528988950250877,0.1215106713942549,0.8810154575324116,0.8842543384941217,1.0,0.8,1.0,0.8,19.7,22.5,6.9,10.7,12.1,14.0,6.9,6.1,11.5,5.3,4.0,1.0,5.0,7.0,2.162817093001112,1.4944341180973273,0.9660917830792958,1.475729574745245,1.2999999999999998,0.2999999999999998,-0.7333333333333334,1.1333333333333329,0.32526115859449195,0.05230769230769231,0.18114909781576446,0.11242368742368743,0.6011396011396011,0.2135042735042735,0.37127687127687126,0.3014346764346765,0.9264007597340931,0.2658119658119658,0.5524259690926357,0.4138583638583639,0.8003108003108003,-0.5754334554334555
2022020437,2022-12-11,2022-2023,PIT,BUF,3,1,4,2,1,0.0,0.0,0.0,1,1,4.0,-1.0,5.0,8.0,5.0,3.4,4.7,-1.3000000000000003,2.1,3.8,-1.6999999999999997,5.5,8.5,33.5,33.6,34.3,32.3,0.10401438984418018,0.1410254087639736,0.9394095977728887,0.8766102349607211,0.6,1.5,0.3,1.2,32.9,14.2,8.3,11.0,12.9,10.9,8.5,6.4,8.1,6.0,4.0,3.0,6.0,6.0,1.6465452046971296,2.4060109910158114,1.2866839377079178,1.3165611772087664,1.266666666666667,1.2999999999999998,-0.10000000000000009,-0.1333333333333333,0.3395061728395062,0.23070139736806403,0.19620811287477957,0.2079432912766246,0.6203703703703703,0.3665038665038665,0.4900793650793651,0.26261701261701265,0.9598765432098766,0.5972052638719305,0.6862874779541447,0.47056030389363723,0.16203703703703703,-0.3677248677248677
2022020441,2022-12-11,2022-2023,VAN,MIN,0,3,3,-3,0,2.0,0.0,2.0,0,1,3.0,-2.0,5.0,7.0,6.0,3.9,3.8,0.10000000000000009,3.5,3.4,0.10000000000000009,7.4,7.2,29.1,32.2,32.1,28.4,0.13930951758969,0.1230258229094064,0.8885691578211601,0.8814435276833109,0.9,0.9,0.5,0.9,22.5,22.7,8.3,9.3,13.9,14.3,6.2,5.7,7.1,5.4,3.0,1.0,6.0,7.0,1.9119507199599988,1.3165611772087678,1.7795130420052185,1.4298407059684823,1.4333333333333331,-0.46666666666666634,0.833333333333333,0.9333333333333331,0.037037037037037035,0.07326007326007326,0.21968046477850398,0.10189810189810189,0.2916666666666667,0.24738127369706317,0.3037854030501089,0.3038771170350118,0.3287037037037037,0.3206413469571364,0.5234658678286129,0.40577521893311363,-0.22086056644880175,-0.7208151497625181
2022020438,2022-12-11,2022-2023,TOR,CGY,5,4,9,1,1,1.0,0.0,1.0,0,1,2.0,-1.0,3.0,8.0,5.0,3.6,2.9,0.7000000000000002,1.7,2.2,-0.5000000000000002,5.3,5.1,31.0,30.7,32.1,27.7,0.12108647537327555,0.10451223122099078,0.9433667313079077,0.9164549213641774,0.6,0.6,0.5,0.5,20.9,22.5,9.1,8.1,17.5,12.5,8.2,7.6,8.1,9.1,3.0,1.0,4.0,5.0,1.07496769977314,2.1832697191750414,1.3374935098492586,0.632455532033676,0.3999999999999999,0.10000000000000009,-0.3666666666666667,0.1333333333333333,0.011904761904761904,0.1699346405228758,0.10119047619047618,0.2084241103848947,0.18948412698412698,0.23892519970951343,0.24950396825396826,0.2807981778570014,0.20138888888888887,0.40885984023238925,0.3506944444444444,0.4892222882418961,1.0178571428571428,0.22004357298474947
2022020442,2022-12-11,2022-2023,STL,COL,2,3,5,-1,0,1.0,0.0,1.0,0,1,-1.0,-4.0,3.0,3.0,4.0,3.2,2.4,0.8000000000000003,4.1,3.0,1.0999999999999996,7.3,5.4,29.3,33.2,30.0,31.3,0.10952644313322839,0.0723548448114878,0.8571088159974618,0.8983805707711253,0.6,0.9,0.9,0.7,24.2,21.7,6.1,9.0,12.9,13.9,7.7,6.2,7.7,6.9,1.0,3.0,4.0,4.0,1.813529401164726,1.955050439815357,1.4491376746189437,1.8257418583505538,1.1333333333333329,-1.0666666666666667,0.5666666666666673,0.0,0.1851851851851852,0.05333333333333334,0.12654320987654322,0.09969696969696969,0.23456790123456792,0.10666666666666667,0.26851851851851855,0.20333333333333334,0.419753086419753,0.16,0.3950617283950617,0.30303030303030304,-1.7069716775599129,-1.1357575757575757
2022020440,2022-12-11,2022-2023,NYI,CAR,0,3,3,-3,0,0.0,3.0,-3.0,1,0,1.0,-1.0,2.0,6.0,4.0,3.1,2.7,0.3999999999999999,2.3,2.9,-0.6000000000000001,5.4,5.6,31.6,34.4,29.8,26.7,0.1057705845069565,0.08005645545968124,0.9183524470796277,0.8832007966406165,0.9,0.6,0.6,0.6,25.5,19.2,12.2,6.9,14.1,12.0,6.9,8.8,9.9,7.5,3.0,3.0,5.0,3.0,1.595131481867386,1.6363916944844765,1.6363916944844767,0.8755950357709132,1.233333333333333,1.6333333333333329,0.7000000000000002,0.43333333333333357,0.2061766735679779,0.12820512820512822,0.181130664826317,0.0928744939271255,0.15795376121463078,0.31076923076923074,0.2110315543286558,0.22473625535410433,0.3641304347826087,0.43897435897435894,0.39216221915497274,0.31761074928122984,0.4311881757533932,-0.09214222848090121
2022020444,2022-12-11,2022-2023,FLA,SEA,2,5,7,-3,0,0.0,0.0,0.0,1,1,-1.0,-3.0,2.0,4.0,7.0,3.5,3.9,-0.3999999999999999,3.3,3.6,-0.30000000000000027,6.8,7.5,34.6,29.1,31.9,27.4,0.10427004843261725,0.1383197091860885,0.8888644644708718,0.8643565063954869,0.8,0.7,0.9,1.4,18.7,24.2,9.5,8.0,12.1,14.1,9.0,10.4,7.3,7.2,2.0,3.0,3.0,6.0,1.509230856356236,2.7264140062238043,1.888562063228706,2.011080417199781,-0.8333333333333335,-2.5666666666666664,-0.2999999999999998,0.06666666666666643,0.2222222222222222,0.22205128205128202,0.27595238095238095,0.15666666666666665,0.1111111111111111,0.46512820512820513,0.20468253968253966,0.36358974358974355,0.3333333333333333,0.6871794871794873,0.4806349206349206,0.5202564102564103,0.4847619047619047,0.6876923076923077
2022020443,2022-12-11,2022-2023,CBJ,LAK,6,5,11,1,1,0.0,-1.0,1.0,1,0,1.0,-1.0,2.0,3.0,3.0,2.5,3.3,-0.7999999999999998,3.5,3.9,-0.3999999999999999,6.0,7.2,28.6,31.8,34.4,30.4,0.09498037896066108,0.10447154600625559,0.8936355148270783,0.8673999170476014,0.5,1.1,1.0,1.0,20.9,27.2,11.0,6.3,17.2,14.7,5.4,5.1,6.5,6.8,2.0,2.0,8.0,5.0,1.4337208778404376,2.406010991015812,2.460803843372233,2.0248456731316584,0.16666666666666652,-0.9666666666666663,1.166666666666667,-0.2333333333333334,0.20564102564102563,0.18216917182434425,0.21637030843552585,0.2360186003864165,0.39999999999999997,0.3909224874742116,0.35656354515050165,0.4470150964403838,0.6056410256410256,0.5730916592985559,0.5729338535860274,0.6830336968268003,-1.0166220735785954,-0.2735140976520287
2022020439,2022-12-11,2022-2023,MTL,LAK,2,4,6,-2,0,3.0,1.0,2.0,0,0,1.0,-2.0,3.0,5.0,3.0,3.0,3.7,-0.7000000000000002,3.7,4.1,-0.39999999999999947,6.7,7.8,27.9,31.8,31.4,30.5,0.11521005014446109,0.11499786179572928,0.8745726245191628,0.8603229939706785,0.6,1.1,0.7,1.1,16.7,27.3,11.0,6.3,16.5,15.0,6.9,5.3,9.2,6.7,1.0,2.0,3.0,5.0,1.6329931618554523,2.311805451253294,2.263232692902394,2.1317702607092643,1.333333333333333,-0.3666666666666667,0.9666666666666668,0.2333333333333334,0.134469696969697,0.09195402298850575,0.12626262626262627,0.18084291187739465,0.18804112554112554,0.4459770114942529,0.15096500721500722,0.45785440613026823,0.3225108225108225,0.5379310344827587,0.2772276334776335,0.6386973180076629,-0.8287337662337663,-0.1577011494252874
2022020445,2022-12-12,2022-2023,ARI,PHI,5,4,9,1,1,1.0,1.0,0.0,0,0,1.0,-2.0,3.0,2.0,2.0,2.7,2.0,0.7000000000000002,3.5,3.0,0.5,6.2,5.0,22.5,28.6,35.6,27.2,0.12440803560368777,0.06847945660477625,0.8981822673901736,0.8854729793133312,0.1,0.4,1.6,0.7,25.8,34.0,14.2,12.3,16.3,19.1,4.5,5.9,7.7,7.2,1.0,0.0,1.0,7.0,0.9486832980505139,1.2472191289246468,1.9578900207451224,1.15470053837925,-0.03333333333333366,0.3333333333333335,1.166666666666667,-0.6666666666666665,0.09333333333333334,0.09523809523809523,0.11714285714285715,0.13161375661375663,0.2066666666666667,0.1726190476190476,0.22460317460317467,0.24812610229276896,0.3,0.26785714285714285,0.34174603174603174,0.3797398589065255,-0.4028571428571429,0.2758954008954009
2022020447,2022-12-12,2022-2023,VGK,BOS,1,3,4,-2,0,1.0,1.0,0.0,0,0,1.0,-1.0,2.0,6.0,7.0,2.7,3.8,-1.0999999999999996,3.0,2.0,1.0,5.7,5.8,30.5,37.6,34.1,25.8,0.08895578909355997,0.10448790164712829,0.9118171116654029,0.9175648723257419,0.6,1.4,0.9,0.9,24.1,23.8,8.5,8.8,18.7,10.0,9.0,8.4,6.0,9.0,2.0,2.0,5.0,6.0,1.3374935098492577,1.229272594305718,1.6329931618554523,1.4142135623730956,-0.7000000000000002,-0.46666666666666634,0.0,0.3333333333333335,0.0574712643678161,0.3276353276353276,0.1839080459770115,0.2317053317053317,0.21839080459770113,0.50997150997151,0.28160919540229884,0.3505901505901506,0.2758620689655172,0.8376068376068376,0.4655172413793103,0.5822954822954823,1.1379310344827587,2.0355311355311354
2022020446,2022-12-12,2022-2023,WPG,WSH,2,5,7,-3,0,1.0,1.0,0.0,0,0,4.0,3.0,1.0,8.0,6.0,4.1,2.7,1.3999999999999995,2.6,2.3,0.30000000000000027,6.7,5.0,30.8,32.2,32.3,29.1,0.14198055561634432,0.08879705630685072,0.9180194061213458,0.919870139792741,0.9,0.8,0.5,0.4,17.3,22.4,9.6,5.7,15.0,15.5,6.5,8.8,7.4,6.2,4.0,3.0,5.0,4.0,1.9119507199599992,1.4944341180973257,1.7126976771553504,1.636391694484477,0.2333333333333334,0.9666666666666663,-0.9333333333333333,-0.9666666666666666,0.1588628762541806,0.3339719029374202,0.2140468227424749,0.25943972458215336,0.3272017837235229,0.3295019157088122,0.32444005270092224,0.33430079831878934,0.4860646599777035,0.6634738186462324,0.5384868754433972,0.5937405229009427,0.5564001216175128,-0.9810415305167928
2022020453,2022-12-13,2022-2023,STL,NSH,1,0,1,1,1,1.0,2.0,-1.0,0,0,-2.0,-2.0,0.0,2.0,6.0,3.1,2.6,0.5,4.3,2.6,1.6999999999999997,7.4,5.2,29.8,31.2,30.3,33.8,0.1046653320221173,0.08843382599940519,0.8510028252140517,0.9190475397618256,0.6,0.7,0.9,1.0,24.5,29.0,6.3,10.0,12.9,16.1,7.9,8.2,7.1,8.5,0.0,2.0,4.0,6.0,1.852925614624973,1.4298407059684808,1.0593499054713802,1.3498971154211055,0.5666666666666664,0.06666666666666643,-0.6333333333333333,0.3999999999999999,0.17857142857142858,0.17333333333333334,0.1218671679197995,0.22666666666666668,0.2380952380952381,0.49333333333333335,0.26472431077694236,0.4133333333333334,0.4166666666666667,0.6666666666666666,0.3865914786967419,0.64,-1.7867585630743525,-1.12
2022020449,2022-12-13,2022-2023,PIT,DAL,2,1,3,1,1,1.0,2.0,-1.0,0,0,5.0,2.0,3.0,8.0,5.0,3.4,3.4,0.0,2.2,2.9,-0.6999999999999997,5.6,6.3,33.4,35.5,34.9,30.1,0.1043168091990189,0.10059341065438623,0.9367780188255204,0.9040345228248455,0.7,0.6,0.3,0.3,35.0,19.5,8.5,12.6,13.9,13.3,8.7,7.9,7.8,8.1,5.0,1.0,7.0,8.0,1.6465452046971296,1.8973665961010278,1.1352924243950924,1.6633299933166192,0.2666666666666666,-1.0666666666666664,-0.5333333333333334,-0.2333333333333334,0.35095238095238096,0.25,0.22151348651348654,0.17879188712522046,0.6214285714285714,0.46428571428571425,0.5126373626373627,0.38822751322751325,0.9723809523809525,0.7142857142857143,0.7341508491508492,0.5670194003527337,0.2755544455544455,1.732804232804233
2022020451,2022-12-13,2022-2023,OTT,ANA,3,0,3,3,1,2.0,2.0,0.0,0,0,1.0,-1.0,2.0,5.0,2.0,2.7,2.1,0.6000000000000001,2.8,3.8,-1.0,5.5,5.9,35.8,29.4,31.3,36.2,0.0765901000833089,0.07327091730108967,0.9091629899604039,0.888141951701023,1.3,0.5,0.7,1.0,29.1,17.0,9.4,8.1,16.1,16.1,7.1,6.5,8.6,6.3,1.0,0.0,3.0,5.0,1.494434118097326,1.5238839267549946,1.229272594305718,1.3984117975602022,-0.03333333333333366,0.2333333333333334,0.8666666666666667,0.5333333333333332,0.2334751018961545,0.14814814814814814,0.15377458798511429,0.10383597883597882,0.26377813219918483,0.20987654320987656,0.1936174611613208,0.24367453534120198,0.49725323409533934,0.35802469135802467,0.34739204914643507,0.3475105141771808,-0.20910863016126174,-1.166005291005291
2022020450,2022-12-13,2022-2023,NYR,NJD,4,3,7,1,1,2.0,2.0,0.0,0,0,3.0,-1.0,4.0,5.0,7.0,3.2,3.7,-0.5,2.8,2.2,0.5999999999999996,6.0,5.9,31.0,31.4,31.8,29.9,0.11043476515285285,0.12333951388397843,0.9041726280700872,0.9245424144998449,0.5,0.7,0.8,0.5,27.2,15.7,9.8,7.3,14.6,14.8,6.4,6.0,10.0,7.5,1.0,4.0,5.0,6.0,1.6193277068654832,1.3374935098492586,1.3165611772087666,1.7511900715418263,0.7999999999999998,-0.3666666666666667,-0.7999999999999998,0.46666666666666634,0.4252873563218391,0.09876543209876543,0.2649835796387521,0.14339981006647673,0.4137931034482758,0.25925925925925924,0.3228653530377668,0.2856125356125356,0.8390804597701149,0.35802469135802467,0.5878489326765189,0.4290123456790123,-0.06527093596059118,2.125356125356125
2022020452,2022-12-13,2022-2023,MIN,EDM,2,1,3,1,1,1.0,2.0,-1.0,0,0,1.0,2.0,-1.0,7.0,6.0,3.7,3.8,-0.09999999999999964,2.9,3.3,-0.3999999999999999,6.6,7.1,33.2,33.8,28.8,31.0,0.11472542765248943,0.12105647989152479,0.8975725599413756,0.8852935323987218,1.0,1.1,0.7,1.1,21.1,18.8,9.2,7.3,14.9,12.0,5.5,6.9,5.1,10.3,5.0,2.0,6.0,5.0,1.3374935098492597,2.2010098692292246,1.6633299933166212,1.05934990547138,-1.0333333333333337,1.2000000000000002,-0.2333333333333334,-0.9666666666666663,0.07014590347923681,0.3253968253968254,0.09787488410676815,0.18055555555555555,0.23686868686868687,0.6274250440917107,0.3036962098556301,0.3949754620044476,0.30701459034792367,0.9528218694885361,0.40157109396239826,0.575531017560003,-0.6029456051195181,0.9584771106510237
2022020448,2022-12-13,2022-2023,MTL,CGY,2,1,3,1,1,1.0,1.0,0.0,0,0,-1.0,-2.0,1.0,5.0,4.0,2.8,2.8,0.0,3.5,2.5,1.0,6.3,5.3,25.9,30.3,32.0,28.6,0.11477714971156068,0.1032301799389395,0.8836062379645409,0.9097490390112363,0.5,0.7,0.7,0.8,18.3,23.5,10.9,8.2,16.1,11.8,6.7,7.5,10.3,8.9,1.0,0.0,4.0,5.0,1.6193277068654828,2.097617696340303,2.223610677354389,1.0801234497346435,1.2000000000000002,0.5333333333333337,0.5,0.8333333333333335,0.14663256606990624,0.17460317460317462,0.12978687127024724,0.21230158730158732,0.1911906791702188,0.24074074074074073,0.14936984938903097,0.2756498734759604,0.337823245240125,0.41534391534391535,0.2791567206592782,0.48795146077754775,-1.0507651321398126,0.2541407867494824
2022020461,2022-12-14,2022-2023,NSH,EDM,3,6,9,-3,0,0.0,0.0,0.0,1,1,-3.0,-1.0,-2.0,5.0,6.0,2.4,3.7,-1.3000000000000003,2.6,3.0,-0.3999999999999999,5.0,6.7,31.2,32.9,32.9,31.2,0.0804338259994052,0.11915171798676287,0.9179111761254619,0.8964840085891981,0.6,1.1,1.0,1.1,27.7,18.1,8.4,7.3,15.9,11.4,8.5,7.2,8.0,10.3,3.0,2.0,5.0,5.0,1.646545204697129,2.311805451253294,1.3498971154211055,0.9428090415820627,-1.0666666666666667,0.9666666666666668,0.3999999999999999,-1.0,0.16666666666666666,0.16502463054187191,0.21794871794871795,0.16871921182266011,0.4743589743589743,0.3986042692939245,0.3974358974358974,0.3523193760262726,0.6410256410256411,0.5636288998357964,0.6153846153846154,0.5210385878489326,-1.1153846153846154,0.41728243021346473
2022020462,2022-12-14,2022-2023,WPG,VGK,5,6,11,-1,0,1.0,1.0,0.0,0,0,-1.0,-1.0,0.0,7.0,5.0,3.9,2.3,1.6,2.7,2.9,-0.19999999999999973,6.6,5.2,31.6,29.8,33.1,33.9,0.13104086417174404,0.07902370080833077,0.9177019458038854,0.9144991040025676,0.9,0.7,0.6,0.9,17.2,25.3,10.6,8.7,14.3,19.3,6.5,9.1,7.3,6.1,3.0,3.0,5.0,6.0,2.0248456731316593,1.1595018087284046,1.766981104093143,1.595131481867387,-0.5666666666666664,-0.9666666666666666,-0.3666666666666667,0.10000000000000009,0.15277777777777776,0.05555555555555555,0.21219135802469136,0.18333333333333332,0.3148148148148148,0.2111111111111111,0.31199677938808373,0.2722222222222222,0.46759259259259256,0.26666666666666666,0.524188137412775,0.45555555555555555,0.45169082125603865,0.8666666666666666
2022020454,2022-12-14,2022-2023,TOR,ANA,7,0,7,7,1,2.0,0.0,2.0,0,1,3.0,-2.0,5.0,8.0,2.0,3.6,2.0,1.6,1.9,3.9,-2.0,5.5,5.9,32.1,29.8,31.3,37.4,0.11405322729143412,0.06969948872966111,0.933864468864469,0.8879395225512254,0.7,0.5,0.4,1.1,20.6,18.5,8.7,8.5,16.7,16.2,7.9,6.1,8.0,6.4,3.0,0.0,4.0,5.0,1.07496769977314,1.6329931618554518,1.5238839267549946,1.286683937707919,1.0666666666666669,-0.33333333333333326,-0.5666666666666667,-0.2333333333333334,0.16091954022988506,0.14285714285714285,0.19540229885057472,0.10016420361247946,0.3002028397565923,0.2019047619047619,0.3110209601081812,0.23395730706075532,0.46112237998647737,0.34476190476190477,0.506423258958756,0.33412151067323476,1.127789046653144,-1.1939408866995074
2022020459,2022-12-14,2022-2023,TBL,SEA,6,2,8,4,1,3.0,2.0,1.0,0,0,2.0,1.0,1.0,7.0,7.0,3.7,4.1,-0.39999999999999947,2.5,3.6,-1.1,6.2,7.7,33.1,29.1,29.6,26.9,0.11931536731765562,0.1445697091860885,0.917461048642083,0.8630231730621535,1.2,0.8,0.6,1.2,26.0,24.2,8.2,8.0,12.6,13.7,11.2,9.9,11.4,6.7,4.0,4.0,6.0,5.0,1.494434118097326,2.7264140062238043,1.4337208778404373,2.011080417199781,-0.03333333333333366,-1.4333333333333331,-0.8333333333333333,-0.9333333333333336,0.17592592592592593,0.2260208926875594,0.19339506172839507,0.1633428300094967,0.36882716049382713,0.3613485280151947,0.3935493827160494,0.3501899335232668,0.5447530864197531,0.587369420702754,0.5869444444444444,0.5135327635327636,0.4444444444444444,0.8504273504273505
2022020465,2022-12-14,2022-2023,SJS,ARI,3,2,5,1,1,3.0,1.0,2.0,0,0,1.0,2.0,-1.0,3.0,3.0,3.6,3.1,0.5,3.5,3.5,0.0,7.1,6.6,30.4,22.8,29.8,35.8,0.12121549353751795,0.13780326106787874,0.8769851017176993,0.8986825800856082,0.7,0.2,0.9,1.5,23.7,25.5,9.0,13.8,19.5,17.0,8.0,4.2,8.5,7.6,1.0,1.0,4.0,2.0,1.6465452046971292,0.9944289260117535,2.3687784005919825,1.9578900207451224,1.0666666666666669,0.5666666666666664,0.5,1.5,0.19259259259259257,0.08974358974358976,0.25462962962962965,0.11247086247086246,0.25925925925925924,0.21123321123321123,0.4212962962962963,0.22857697857697853,0.4518518518518519,0.30097680097680096,0.6759259259259259,0.341047841047841,-0.3851851851851851,-0.41874791874791883
2022020456,2022-12-14,2022-2023,NJD,DAL,1,4,5,-3,0,0.0,0.0,0.0,1,1,-2.0,-1.0,-1.0,6.0,5.0,3.5,3.3,0.20000000000000018,2.5,2.9,-0.3999999999999999,6.0,6.2,30.7,35.8,29.6,29.1,0.11979545258129645,0.09596378102475661,0.9109972639981727,0.9017488085391312,0.6,0.6,0.6,0.3,15.3,21.1,7.5,10.5,14.7,13.5,5.8,7.7,7.4,7.1,3.0,1.0,6.0,7.0,1.2692955176439844,2.002775851439974,1.7795130420052185,1.6633299933166192,-0.16666666666666652,-0.6333333333333333,0.8333333333333335,-0.5666666666666664,0.17857142857142858,0.2413793103448276,0.13822751322751323,0.17261904761904764,0.4166666666666667,0.4482758620689655,0.275352733686067,0.37479474548440067,0.5952380952380952,0.6896551724137931,0.41358024691358025,0.5474137931034483,2.1203703703703702,1.603448275862069
2022020457,2022-12-14,2022-2023,BUF,LAK,6,0,6,6,1,2.0,2.0,0.0,0,0,-2.0,1.0,-3.0,5.0,4.0,4.6,3.9,0.6999999999999997,3.6,4.0,-0.3999999999999999,8.2,7.9,34.0,32.4,33.1,29.8,0.13777463477016555,0.11952988150016278,0.8843241199537084,0.8615769124659763,1.3,1.1,1.1,1.0,15.2,26.0,11.0,6.3,10.5,16.3,5.9,4.5,5.2,8.2,2.0,3.0,6.0,5.0,2.547329756605706,2.2335820757001277,1.2649110640673515,2.211083193570267,-0.2666666666666666,-0.8999999999999999,0.06666666666666643,0.33333333333333304,0.2221019721019721,0.1939068100358423,0.20002341712868024,0.22060931899641578,0.3643177809844477,0.5003584229390681,0.25593708598094567,0.4598566308243727,0.5864197530864198,0.6942652329749103,0.45596050310962594,0.6804659498207885,-0.28182830814409765,0.13118279569892474
2022020460,2022-12-14,2022-2023,DET,CAR,0,1,1,-1,0,3.0,2.0,1.0,0,0,-2.0,1.0,-3.0,5.0,5.0,3.0,2.8,0.20000000000000018,2.7,2.6,0.10000000000000009,5.7,5.4,32.3,32.5,31.5,26.8,0.09183421507559433,0.08623461637922146,0.9121476554759569,0.9032007966406164,0.9,0.6,0.5,0.5,21.7,19.3,7.5,6.7,13.1,12.9,5.1,7.0,7.1,6.7,2.0,4.0,5.0,2.0,1.5634719199411429,1.619327706865482,1.494434118097326,1.2649110640673515,-0.6666666666666665,0.5333333333333337,0.6333333333333333,-0.6000000000000001,0.20246913580246914,0.1486229819563153,0.20617283950617282,0.10187559354226021,0.3265432098765432,0.31149097815764487,0.3854938271604938,0.22871557454890787,0.5290123456790123,0.4601139601139601,0.5916666666666667,0.3305911680911681,-0.4944444444444444,0.10178062678062677
2022020458,2022-12-14,2022-2023,BOS,NYI,4,3,7,1,1,1.0,2.0,-1.0,0,0,1.0,-1.0,2.0,7.0,6.0,3.7,2.9,0.8000000000000003,2.0,2.2,-0.20000000000000018,5.7,5.1,37.1,30.3,26.6,29.3,0.1030990127582394,0.09887403278281857,0.9186868919610855,0.9197723253757737,1.2,0.8,0.9,0.6,26.1,26.4,9.0,11.2,11.0,15.8,8.8,6.7,8.5,10.6,4.0,3.0,5.0,6.0,1.251665557034572,1.8529256146249724,1.4142135623730956,1.5491933384829666,-0.3666666666666667,0.43333333333333357,-0.33333333333333326,1.7999999999999998,0.3255360623781676,0.19844827586206895,0.2336785250162443,0.17455254515599342,0.4873294346978558,0.15191570881226055,0.3445906432748538,0.2034209085933224,0.8128654970760234,0.35036398467432955,0.5782691682910982,0.3779734537493158,2.168884015594542,0.19229885057471258
2022020455,2022-12-14,2022-2023,FLA,CBJ,4,0,4,4,1,2.0,2.0,0.0,0,0,-2.0,2.0,-4.0,4.0,4.0,3.4,3.0,0.3999999999999999,3.2,3.4,-0.19999999999999973,6.6,6.4,32.1,28.4,32.7,34.5,0.10627004843261725,0.11448587346615557,0.8977003690992028,0.8966938363064525,0.8,0.7,0.8,0.8,19.7,21.3,11.6,10.6,13.0,17.4,9.6,6.2,8.6,6.4,2.0,1.0,4.0,8.0,1.5776212754932308,1.6996731711975948,1.8135294011647258,2.366431913239846,-0.7333333333333334,1.333333333333333,-0.20000000000000018,1.6,0.1818181818181818,0.21035137701804366,0.23135198135198135,0.23440408357075024,0.18991640543364682,0.4226020892687559,0.287557270315891,0.3755911680911681,0.3717345872518287,0.6329534662867996,0.5189092516678724,0.6099952516619184,0.4515312273932963,-1.197136752136752
2022020464,2022-12-14,2022-2023,COL,PHI,3,2,5,1,1,2.0,1.0,1.0,0,0,1.0,-3.0,4.0,4.0,2.0,2.3,2.2,0.09999999999999964,3.2,3.2,0.0,5.5,5.4,33.4,30.2,31.3,27.3,0.06823916071805065,0.07023555416575188,0.8921305707711256,0.8789458857172721,0.8,0.4,0.8,0.8,21.6,33.4,9.4,12.1,13.2,18.9,6.4,5.5,6.7,6.8,1.0,0.0,4.0,6.0,1.8885620632287055,1.3984117975602017,1.5491933384829673,1.316561177208765,-0.9666666666666666,-0.20000000000000018,-0.8666666666666667,-0.20000000000000018,0.05128205128205129,0.12260536398467432,0.0955964325529543,0.1423782156540777,0.2692307692307692,0.2681992337164751,0.2848383500557414,0.2902983032293377,0.32051282051282054,0.39080459770114945,0.3804347826086956,0.43267651888341546,0.29849498327759194,0.6792556102900931
2022020463,2022-12-14,2022-2023,CHI,WSH,3,7,10,-4,0,3.0,1.0,2.0,0,0,-3.0,4.0,-7.0,1.0,7.0,2.2,3.2,-1.0,4.0,2.1,1.9,6.2,5.3,25.2,32.6,34.2,29.3,0.08624113125848748,0.10268594519573962,0.8850594004611108,0.9272116303377912,0.8,0.9,0.9,0.3,21.1,21.3,10.7,5.7,17.6,15.7,7.6,7.4,8.7,6.4,0.0,4.0,5.0,3.0,1.7511900715418258,1.3165611772087655,1.6996731711975945,1.523883926754995,-1.866666666666667,1.1333333333333329,-1.0,-0.7666666666666668,0.15794871794871795,0.38771929824561396,0.1504029304029304,0.23830409356725146,0.33641025641025646,0.38859649122807016,0.3248648935605457,0.37207602339181284,0.4943589743589744,0.7763157894736842,0.47526782396347617,0.6103801169590644,-1.5894409937888196,-0.5295739348370927
2022020468,2022-12-15,2022-2023,CGY,VAN,3,4,7,-1,0,1.0,3.0,-2.0,0,0,-3.0,-1.0,-2.0,4.0,6.0,2.8,3.5,-0.7000000000000002,2.5,3.7,-1.2000000000000002,5.3,7.2,30.4,30.1,28.5,31.6,0.10314614632549413,0.12330951758969,0.9096815626279703,0.8821098276776194,0.8,0.8,0.8,0.6,21.9,21.9,9.7,8.6,11.9,14.1,6.9,6.1,9.2,6.9,4.0,4.0,5.0,6.0,2.097617696340303,2.2730302828309763,1.0801234497346435,1.5670212364724214,-0.7999999999999998,0.833333333333333,0.16666666666666652,0.9666666666666668,0.16757410768300063,0.03571428571428571,0.2332123411978222,0.2261904761904762,0.2425892316999395,0.2809523809523809,0.28221415607985484,0.2833333333333333,0.4101633393829401,0.31666666666666665,0.5154264972776769,0.5095238095238095,0.19419237749546278,-0.7685714285714286
2022020467,2022-12-15,2022-2023,MIN,DET,4,1,5,3,1,1.0,0.0,1.0,0,1,2.0,-3.0,5.0,7.0,4.0,3.7,2.4,1.3000000000000003,2.9,2.7,0.19999999999999973,6.6,5.1,34.1,31.3,28.8,31.4,0.11186828479534656,0.07561799885937813,0.8975725599413755,0.9120153803436818,1.1,0.7,0.8,0.6,20.3,22.2,9.6,7.3,14.3,13.3,5.7,4.7,4.7,8.1,5.0,2.0,6.0,6.0,1.3374935098492597,1.4298407059684803,1.6633299933166212,1.494434118097326,-1.3666666666666667,-1.4,-1.2333333333333332,0.2999999999999998,0.06728778467908902,0.19444444444444445,0.09415976535541754,0.1984126984126984,0.22722567287784678,0.3134920634920635,0.29768570801179495,0.37103174603174605,0.2945134575569358,0.5079365079365079,0.3918454733672125,0.5694444444444444,-0.5404432523997742,-0.47619047619047616
2022020466,2022-12-15,2022-2023,OTT,MTL,3,2,5,1,1,1.0,1.0,0.0,0,0,2.0,1.0,1.0,6.0,5.0,2.9,2.5,0.3999999999999999,2.4,3.2,-0.8000000000000003,5.3,5.7,35.8,26.5,31.5,32.6,0.08185325797804573,0.10490872865892908,0.9224963232937371,0.894542198555674,1.5,0.4,0.6,0.8,28.3,19.2,9.1,11.5,16.5,16.3,6.9,7.1,8.6,9.3,2.0,4.0,4.0,4.0,1.3703203194062972,1.6499158227686108,1.4298407059684808,2.3475755815545343,0.10000000000000009,-0.16666666666666652,-0.3999999999999999,-1.2000000000000002,0.22401656314699792,0.13888888888888887,0.13581780538302277,0.129985754985755,0.2768115942028985,0.18055555555555555,0.16221532091097307,0.141224652254064,0.5008281573498965,0.3194444444444445,0.29803312629399586,0.271210407239819,0.7618012422360249,-0.960910005027652
2022020476,2022-12-16,2022-2023,NYR,TOR,3,1,4,2,1,2.0,1.0,1.0,0,0,4.0,4.0,0.0,5.0,9.0,3.1,4.1,-0.9999999999999996,2.8,1.6,1.1999999999999997,5.9,5.7,30.8,33.1,30.9,31.7,0.1078260695006789,0.12446989395810078,0.9017225373259856,0.946364468864469,0.6,0.6,0.7,0.4,26.3,20.0,10.0,8.0,14.5,16.0,7.2,8.0,11.0,6.8,2.0,5.0,6.0,4.0,1.5238839267549955,1.3703203194062978,1.3165611772087666,1.577621275493231,0.2333333333333334,1.5666666666666673,-1.133333333333333,-0.26666666666666683,0.43333333333333335,0.1851851851851852,0.2672413793103448,0.2148148148148148,0.4222222222222222,0.3111111111111111,0.32892720306513407,0.3111111111111111,0.8555555555555556,0.4962962962962963,0.5961685823754789,0.525925925925926,-0.06206896551724139,1.5333333333333334
2022020471,2022-12-16,2022-2023,WSH,DAL,1,2,3,-1,0,1.0,1.0,0.0,0,0,5.0,1.0,4.0,7.0,5.0,3.6,3.1,0.5,2.2,2.6,-0.3999999999999999,5.8,5.7,32.4,35.1,29.9,29.6,0.11664427852907296,0.09307916564014122,0.9255624549254973,0.911874256567805,0.9,0.5,0.4,0.3,19.9,20.7,5.5,10.0,15.5,14.5,7.3,7.3,6.0,6.9,2.0,2.0,2.0,6.0,1.7763883459298964,1.791957340762082,1.5491933384829668,1.7126976771553502,1.733333333333333,-0.43333333333333357,-0.20000000000000018,-0.9333333333333333,0.3650537634408602,0.2333333333333333,0.2846057347670251,0.16685823754789272,0.3172043010752688,0.4444444444444444,0.347347670250896,0.3733716475095785,0.682258064516129,0.6777777777777777,0.6319534050179211,0.5402298850574713,-0.47817204301075267,1.7160919540229886
2022020477,2022-12-16,2022-2023,WPG,NSH,2,1,3,1,1,1.0,1.0,0.0,0,0,-2.0,-4.0,2.0,7.0,4.0,4.3,2.2,2.0999999999999996,2.6,2.7,-0.10000000000000009,6.9,4.9,32.1,31.3,32.4,33.2,0.14229847066261625,0.07367979374134068,0.9174615611885008,0.916143499357785,1.0,0.5,0.6,1.1,19.1,29.0,9.5,8.0,14.8,14.8,7.6,8.4,7.4,7.4,3.0,2.0,6.0,5.0,1.7669811040931438,1.3984117975602017,1.577621275493231,1.494434118097326,-0.9666666666666663,-0.5333333333333334,0.7333333333333334,0.2999999999999998,0.16047619047619047,0.16049382716049382,0.22904761904761906,0.21604938271604937,0.33904761904761904,0.48148148148148145,0.3242857142857143,0.3950617283950617,0.49952380952380954,0.6419753086419754,0.5533333333333333,0.611111111111111,0.40380952380952384,-1.1851851851851851
2022020470,2022-12-16,2022-2023,TBL,CBJ,4,1,5,3,1,1.0,1.0,0.0,0,0,3.0,-1.0,4.0,7.0,3.0,4.0,2.5,1.5,2.5,3.4,-0.8999999999999999,6.5,5.9,32.2,28.3,30.2,32.0,0.13162305962534793,0.09274674303137298,0.9184478907473463,0.8906938363064523,1.1,0.5,0.5,0.8,26.7,20.3,8.9,10.6,13.2,15.8,12.4,6.3,11.9,6.9,5.0,1.0,7.0,7.0,1.6329931618554518,1.7795130420052183,1.4337208778404373,2.366431913239846,1.0,0.5,-0.8333333333333333,-0.3999999999999999,0.19476190476190477,0.20282186948853612,0.19857142857142854,0.22580653913987248,0.3552380952380953,0.40740740740740744,0.30857142857142855,0.36174399674399677,0.5499999999999999,0.6102292768959435,0.5071428571428571,0.5875505358838692,0.2528571428571429,-1.625099715099715
2022020473,2022-12-16,2022-2023,NJD,PHI,1,2,3,-1,0,1.0,1.0,0.0,0,0,-3.0,-4.0,1.0,5.0,2.0,3.1,2.2,0.8999999999999999,2.5,3.2,-0.7000000000000002,5.6,5.4,31.5,30.7,29.6,26.6,0.10471608750193137,0.06868275913469599,0.9109972639981727,0.8763208857172721,0.5,0.4,0.5,0.7,14.2,32.8,6.9,12.1,15.1,18.9,5.7,5.6,7.7,6.0,2.0,0.0,6.0,6.0,1.3703203194062974,1.3984117975602017,1.7795130420052185,1.316561177208765,-0.43333333333333357,0.1333333333333333,1.5,0.1333333333333333,0.09195402298850575,0.14444444444444446,0.13936781609195403,0.15057471264367817,0.24178981937602625,0.24444444444444444,0.2717569786535304,0.27873563218390807,0.33374384236453203,0.3888888888888889,0.4111247947454844,0.4293103448275862,1.874384236453202,0.43555008210180624
2022020469,2022-12-16,2022-2023,MTL,ANA,2,5,7,-3,0,0.0,1.0,-1.0,1,0,-1.0,-3.0,2.0,5.0,1.0,2.5,1.7,0.8,2.8,4.4,-1.6000000000000005,5.3,6.1,25.9,30.4,31.9,37.3,0.10645711575570327,0.05606312509329747,0.9032858318324142,0.8759240186752566,0.4,0.5,0.8,1.1,20.2,20.2,11.2,8.3,15.3,15.6,6.5,5.9,8.4,6.6,1.0,0.0,3.0,4.0,1.6499158227686108,1.70293863659264,1.9321835661585918,1.4298407059684817,-0.8333333333333333,-1.3666666666666667,-0.46666666666666634,0.5999999999999996,0.1319298245614035,0.13793103448275862,0.12411955815464587,0.09674329501915709,0.18439628482972137,0.1945181255526083,0.1406061995948477,0.2250368405540819,0.3163261093911249,0.33244916003536695,0.26472575774949353,0.32178013557323903,-0.7705790620341705,-1.763129973474801
2022020480,2022-12-16,2022-2023,EDM,STL,3,4,7,-1,0,1.0,2.0,-1.0,0,0,1.0,1.0,0.0,7.0,3.0,4.3,3.0,1.2999999999999998,3.0,3.7,-0.7000000000000002,7.3,6.7,31.7,28.6,31.3,29.6,0.13536793420297907,0.1032764431332284,0.8967864279440366,0.8697528252140516,1.3,0.5,1.0,0.7,18.7,25.1,7.9,6.3,12.0,13.5,7.8,8.3,9.1,7.3,4.0,2.0,5.0,5.0,2.0027758514399747,1.9436506316151005,0.9428090415820627,1.5670212364724205,-0.2999999999999998,-1.3333333333333333,-0.6666666666666665,-1.3666666666666667,0.3494252873563218,0.1839080459770115,0.19137931034482758,0.12327586206896553,0.6409961685823755,0.2298850574712644,0.4016091954022989,0.25545977011494253,0.9904214559386973,0.41379310344827586,0.5929885057471265,0.3787356321839081,0.8947126436781608,-1.654355716878403
2022020479,2022-12-16,2022-2023,COL,BUF,2,4,6,-2,0,1.0,1.0,0.0,0,0,2.0,1.0,1.0,4.0,5.0,2.4,4.5,-2.1,3.2,3.4,-0.19999999999999973,5.6,7.9,32.4,33.3,31.7,34.0,0.07452487500376494,0.138708420848264,0.8933210469616018,0.8907757328569342,0.7,1.4,0.8,1.1,22.0,14.9,9.1,9.5,12.2,10.2,7.3,5.6,6.0,4.3,2.0,2.0,5.0,7.0,1.897366596101027,2.4608038433722332,1.5491933384829673,1.646545204697129,-0.06666666666666643,-1.1666666666666665,-1.5333333333333334,-1.0666666666666664,0.04938271604938271,0.19663382594417078,0.10493827160493825,0.18969622331691297,0.2222222222222222,0.4093048713738369,0.26851851851851855,0.29615945995256343,0.2716049382716049,0.6059386973180078,0.37345679012345684,0.4858556832694764,0.5592592592592592,-0.01543513957307062
2022020478,2022-12-16,2022-2023,CHI,VGK,1,4,5,-3,0,1.0,1.0,0.0,0,0,-4.0,1.0,-5.0,1.0,5.0,2.4,2.5,-0.10000000000000009,4.1,3.3,0.7999999999999998,6.5,5.8,26.3,29.5,32.9,33.3,0.09103040328913882,0.08609440787903783,0.8756795554998705,0.9022932216496263,0.8,0.8,0.8,0.9,21.3,25.3,10.3,8.7,18.7,18.3,7.5,8.8,8.7,6.0,0.0,4.0,6.0,5.0,1.7126976771553502,1.5811388300841889,1.8529256146249726,1.5670212364724216,-1.0666666666666667,0.5,0.2333333333333334,-0.2999999999999998,0.1647673314339981,0.053763440860215055,0.1689637522970856,0.19354838709677416,0.33618233618233617,0.21505376344086022,0.3068898693898694,0.2849462365591398,0.5009496676163342,0.26881720430107525,0.47585362168695494,0.47849462365591394,-1.990837865837866,0.8709677419354838
2022020475,2022-12-16,2022-2023,CAR,SEA,3,2,5,1,1,1.0,1.0,0.0,0,0,2.0,-1.0,3.0,6.0,6.0,2.8,4.0,-1.2000000000000002,2.4,4.0,-1.6,5.2,8.0,33.1,30.0,27.4,27.0,0.0851764153210204,0.13948803949461844,0.9127246061644259,0.8499197247862915,0.7,0.7,0.5,1.3,18.5,25.7,6.9,10.7,12.7,12.4,7.1,10.7,6.8,6.5,1.0,4.0,2.0,4.0,1.619327706865482,2.788866755113585,1.5055453054181616,2.054804667656326,-0.46666666666666634,-1.3333333333333335,-1.0666666666666667,-0.6666666666666665,0.14329805996472664,0.21781305114638447,0.09240605073938407,0.15740740740740738,0.30026455026455023,0.3602292768959435,0.2031969881969882,0.34964726631393295,0.4435626102292769,0.578042328042328,0.2956030389363723,0.5070546737213403,0.2526332926332927,0.638888888888889
2022020472,2022-12-16,2022-2023,BOS,LAK,2,3,5,-1,0,1.0,1.0,0.0,0,0,2.0,-1.0,3.0,7.0,4.0,3.4,3.6,-0.20000000000000018,2.2,4.2,-2.0,5.6,7.8,36.1,32.6,27.4,30.5,0.09823643347705548,0.1116351446580575,0.9127039859781796,0.8588887404229654,1.1,1.0,0.8,1.3,27.6,25.2,9.5,7.3,12.2,16.6,8.1,4.5,9.5,8.4,4.0,3.0,5.0,4.0,0.9660917830792954,2.547329756605707,1.3984117975602022,2.2997584414213788,-0.3999999999999999,-0.6000000000000001,0.46666666666666634,0.4666666666666668,0.3683229813664597,0.12726503385105536,0.28115028620143717,0.19904918359219437,0.5479296066252588,0.4108547391477499,0.4024662038728535,0.4345940362405416,0.9162525879917185,0.5381197729988053,0.6836164900742906,0.633643219832736,1.9134453781512604,-0.05339008363201911
2022020474,2022-12-16,2022-2023,FLA,PIT,2,4,6,-2,0,1.0,2.0,-1.0,0,0,1.0,6.0,-5.0,4.0,8.0,3.3,3.1,0.19999999999999973,3.0,2.0,1.0,6.3,5.1,31.6,33.4,31.0,34.4,0.10552563155916812,0.09231680919901888,0.9028285742274079,0.9424493151218165,0.5,0.8,0.6,0.3,18.4,36.6,11.0,7.1,12.7,14.6,8.7,9.1,8.5,8.0,2.0,2.0,4.0,8.0,1.494434118097326,1.5951314818673874,2.054804667656325,1.1547005383792504,-0.9666666666666663,-0.10000000000000009,-0.3333333333333335,-0.33333333333333326,0.14782608695652175,0.3501326259946949,0.22211671941806876,0.22254257486641293,0.16908212560386474,0.5994694960212201,0.28817072945008976,0.4828931688002152,0.3169082125603864,0.9496021220159151,0.5102874488681585,0.7054357436666282,0.24973624298961633,-0.15845923192250033
2022020481,2022-12-17,2022-2023,MIN,CHI,4,1,5,3,1,1.0,0.0,1.0,0,1,3.0,-5.0,8.0,7.0,1.0,3.5,2.2,1.2999999999999998,2.9,4.0,-1.1,6.4,6.2,32.4,25.6,27.6,32.9,0.11466548759254935,0.08565540328913882,0.8951384828622679,0.8798462221665371,1.0,0.8,0.8,0.9,20.1,21.3,9.4,9.1,14.2,18.1,5.6,7.2,4.8,9.7,5.0,1.0,6.0,6.0,1.0801234497346446,1.7511900715418258,1.6633299933166212,1.8856180831641265,-0.5,-0.5333333333333334,-2.2333333333333334,0.33333333333333304,0.06465517241379311,0.15873015873015872,0.09646551724137932,0.10576259489302968,0.24373040752351097,0.3364197530864197,0.29912657307709783,0.2159013879303734,0.3083855799373041,0.49514991181657847,0.39559209031847714,0.32166398282340314,-0.30891985825269186,-2.1048792270531402
2022020483,2022-12-17,2022-2023,ARI,NYI,5,4,9,1,1,2.0,2.0,0.0,0,0,-1.0,-2.0,1.0,3.0,5.0,3.0,2.9,0.10000000000000009,3.5,2.3,1.2000000000000002,6.5,5.2,22.3,30.5,34.6,29.4,0.1357830590476767,0.0979124943212801,0.8962583376613658,0.9169314162848646,0.3,0.8,1.3,0.6,23.9,24.4,12.1,11.0,16.7,15.9,4.4,6.8,7.6,10.5,2.0,2.0,2.0,6.0,1.05409255338946,1.8529256146249724,1.9578900207451224,1.567021236472421,0.6666666666666665,0.10000000000000009,-0.16666666666666652,1.0333333333333337,0.09876543209876543,0.2041025641025641,0.11433172302737521,0.18040377247273798,0.21829405162738494,0.15914529914529915,0.23367735324257063,0.16108605953433539,0.3170594837261504,0.3632478632478633,0.34800907626994576,0.3414898320070734,-0.556067925633143,0.19846153846153844
2022020484,2022-12-17,2022-2023,BOS,CBJ,4,2,6,2,1,0.0,0.0,0.0,1,1,-1.0,-2.0,1.0,6.0,3.0,3.1,2.5,0.6000000000000001,2.1,3.5,-1.4,5.2,6.0,36.7,27.7,26.9,32.0,0.08670933988099636,0.09352093657976007,0.9146087478829414,0.8871224077350238,1.0,0.5,0.8,0.8,27.1,22.5,10.3,10.1,13.2,16.2,8.0,7.1,9.8,7.2,4.0,1.0,6.0,6.0,0.8755950357709126,1.7795130420052183,1.370320319406298,2.3213980461973525,-0.43333333333333357,-0.16666666666666652,-0.10000000000000009,0.16666666666666652,0.36891078270388616,0.19581280788177344,0.2695847016967707,0.21781831408268193,0.5248357963875205,0.4051724137931035,0.37520525451559933,0.3548359367324885,0.8937465790914066,0.6009852216748768,0.64478995621237,0.5726542508151703,1.4789614121510672,-1.9172666414045723
2022020482,2022-12-17,2022-2023,CGY,STL,2,5,7,-3,0,1.0,0.0,1.0,0,1,-4.0,2.0,-6.0,4.0,3.0,3.1,2.8,0.30000000000000027,2.5,3.6,-1.1,5.6,6.4,31.0,28.1,28.7,28.6,0.11104088316759939,0.09913792961971489,0.9105704515168591,0.8694525249137512,0.9,0.5,0.7,0.9,20.2,25.6,10.1,5.6,11.8,13.8,6.8,9.3,10.1,7.6,4.0,2.0,6.0,5.0,1.8529256146249724,1.8135294011647265,1.0801234497346435,1.5776212754932304,-0.43333333333333357,-0.7999999999999998,0.5,-1.6,0.13333333333333333,0.17777777777777778,0.20833333333333334,0.16468253968253968,0.22839506172839508,0.2333333333333333,0.2697530864197531,0.32182539682539685,0.3617283950617283,0.41111111111111115,0.47808641975308647,0.4865079365079365,-0.20925925925925923,-1.8428571428571427
2022020485,2022-12-17,2022-2023,DET,OTT,3,6,9,-3,0,1.0,1.0,0.0,0,0,-4.0,3.0,-7.0,3.0,7.0,2.2,3.1,-0.8999999999999999,3.0,2.3,0.7000000000000002,5.2,5.4,30.1,34.9,30.9,30.5,0.0711555242143477,0.08903067733288444,0.8977296660579673,0.9230677518651657,0.6,1.6,0.7,0.5,22.0,26.7,8.0,8.9,12.2,16.5,4.4,5.6,6.7,9.3,1.0,4.0,5.0,5.0,1.4757295747452428,1.197218999737864,1.154700538379251,1.4181364924121764,-1.2000000000000002,-0.10000000000000009,-0.6666666666666665,-0.9666666666666666,0.15310344827586206,0.21531198686371097,0.18156739811912226,0.1425492610837438,0.30206896551724144,0.26607827038861526,0.3707314524555904,0.19174192665571976,0.45517241379310347,0.48139025725232626,0.5522988505747127,0.3342911877394636,-0.23711598746081503,-0.3520114942528736
2022020486,2022-12-17,2022-2023,EDM,ANA,3,4,7,-1,0,0.0,0.0,0.0,1,1,-1.0,1.0,-2.0,6.0,2.0,4.2,2.1,2.1,3.0,4.1,-1.0999999999999996,7.2,6.2,31.2,30.4,32.2,36.5,0.1339790453140902,0.06856312509329747,0.9004549062049062,0.8830755338267716,1.4,0.6,1.0,0.9,18.4,20.2,8.1,7.4,12.5,15.5,9.4,5.9,10.1,6.7,4.0,1.0,6.0,3.0,2.043961295567453,1.9692073983655904,0.9428090415820627,1.595131481867387,-0.8666666666666667,-0.43333333333333335,-0.3333333333333335,-0.09999999999999964,0.34910394265232975,0.14444444444444446,0.19068100358422937,0.09910394265232975,0.6630824372759857,0.20987654320987656,0.4099117728149986,0.2279221425726802,1.0121863799283155,0.35432098765432096,0.6005927763992279,0.3270260852250099,0.7597187758478082,-1.4269563918757466
2022020494,2022-12-18,2022-2023,VGK,NYI,2,5,7,-3,0,1.0,0.0,1.0,0,1,2.0,-3.0,5.0,6.0,4.0,2.7,3.0,-0.2999999999999998,3.0,2.8,0.20000000000000018,5.7,5.8,29.8,30.8,33.0,27.4,0.09300349878812875,0.09999978084879434,0.9125789359353409,0.8996900369745198,0.8,0.7,0.9,0.6,24.5,24.7,8.7,11.2,17.5,16.2,8.2,6.5,5.8,8.8,1.0,2.0,4.0,5.0,1.6363916944844763,1.8856180831641263,1.6996731711975954,1.5491933384829664,0.9666666666666663,-0.6666666666666665,0.0,0.8666666666666667,0.10597826086956523,0.1918359219434488,0.1884057971014493,0.23032656312226205,0.3650362318840579,0.19573874950219036,0.3439764492753623,0.2860414177618478,0.4710144927536232,0.3875746714456392,0.5323822463768116,0.5163679808841098,1.0801630434782608,0.2221027479091995
2022020495,2022-12-18,2022-2023,VAN,WPG,1,5,6,-4,0,2.0,1.0,1.0,0,0,1.0,1.0,0.0,7.0,7.0,3.4,4.0,-0.6000000000000001,3.5,2.3,1.2000000000000002,6.9,6.3,29.9,33.4,31.6,30.9,0.12062752525252525,0.1293193765859612,0.8873729855723562,0.9233715049033225,0.8,1.0,0.7,0.5,22.0,18.6,9.6,9.0,14.2,14.3,6.7,7.6,6.8,7.6,2.0,3.0,5.0,7.0,2.270584848790187,1.8856180831641276,1.5092308563562362,1.5670212364724208,-0.3999999999999999,-1.0,0.16666666666666652,1.0333333333333337,0.034482758620689655,0.06461538461538462,0.2099213551119177,0.20472148541114063,0.2953138815207781,0.21174182139699382,0.30010703150449064,0.38173297966401415,0.32979664014146776,0.27635720601237845,0.5100283866164085,0.5864544650751548,-0.2091302526874215,0.8377188328912466
2022020489,2022-12-18,2022-2023,PHI,NYR,3,6,9,-3,0,1.0,1.0,0.0,0,0,1.0,5.0,-4.0,3.0,6.0,2.3,3.2,-0.9000000000000004,2.9,2.6,0.2999999999999998,5.2,5.8,30.1,28.5,28.6,31.0,0.07368275913469598,0.11817490670998124,0.8880731728390174,0.9110110748753927,0.5,0.7,0.8,0.7,30.5,26.1,12.2,10.0,18.9,14.9,4.7,7.7,5.4,11.1,2.0,3.0,5.0,7.0,1.3374935098492584,1.4757295747452441,1.4491376746189426,1.429840705968481,0.3666666666666667,-0.5333333333333337,0.10000000000000009,-0.9333333333333333,0.13196480938416422,0.41935483870967744,0.10759929039498932,0.26971326164874554,0.22482893450635386,0.4301075268817205,0.16558053654827848,0.3344086021505377,0.35679374389051804,0.8494623655913979,0.2731798269432678,0.6041218637992832,-0.05444039954607249,0.135483870967742
2022020491,2022-12-18,2022-2023,WSH,TOR,5,2,7,3,1,1.0,1.0,0.0,0,0,-1.0,-1.0,0.0,6.0,8.0,3.4,4.0,-0.6000000000000001,2.4,1.7,0.7,5.8,5.7,34.5,33.4,29.3,30.1,0.1068181915725512,0.11881772004505728,0.9178701472331895,0.9386952959321381,0.8,0.6,0.5,0.5,18.6,19.9,5.5,7.6,15.0,15.0,6.8,8.5,5.8,9.3,1.0,4.0,2.0,4.0,1.9550504398153568,1.5634719199411433,1.3498971154211057,1.5670212364724212,0.9333333333333331,0.33333333333333304,-0.06666666666666643,0.30000000000000004,0.3522145417306708,0.17883418222976796,0.27426432214738666,0.2076966610073571,0.3160042242703533,0.29994340690435767,0.33788993264799716,0.300509337860781,0.668218766001024,0.47877758913412566,0.6121542547953839,0.5082059988681381,-0.5737881070542361,1.3837011884550083
2022020490,2022-12-18,2022-2023,MTL,TBL,1,5,6,-4,0,1.0,1.0,0.0,0,0,-2.0,4.0,-6.0,4.0,8.0,2.4,4.1,-1.6999999999999997,3.0,2.1,0.8999999999999999,5.4,6.2,25.5,31.6,31.8,29.8,0.10411228816949639,0.13684473450219523,0.8965116382840271,0.9316892700576911,0.5,1.0,0.9,0.3,20.2,24.7,10.7,8.3,13.9,13.9,7.2,12.4,9.3,11.0,1.0,2.0,4.0,7.0,1.6465452046971292,1.5951314818673863,1.8257418583505538,1.1972189997378642,-0.7333333333333332,0.5666666666666673,-0.6666666666666665,-0.7666666666666668,0.11666666666666665,0.18788682581786031,0.12447089947089947,0.19781740184039032,0.11842105263157894,0.35543766578249336,0.22323169033695348,0.39674820709303465,0.2350877192982456,0.5433244916003537,0.34770258980785296,0.5945656089334249,-1.5342940685045947,0.6746733470871402
2022020488,2022-12-18,2022-2023,NJD,FLA,2,4,6,-2,0,1.0,1.0,0.0,0,0,-4.0,-1.0,-3.0,5.0,4.0,3.1,3.1,0.0,2.5,2.8,-0.2999999999999998,5.6,5.9,32.9,31.3,30.0,31.1,0.10389976097131912,0.10059717368953378,0.9126639306648393,0.9084473508988161,0.6,0.5,0.6,0.8,13.8,17.9,8.3,10.1,15.8,11.7,6.3,7.1,8.1,8.0,2.0,2.0,6.0,4.0,1.3703203194062974,1.5238839267549946,1.7795130420052185,1.9321835661585915,-1.4333333333333333,-0.43333333333333357,0.16666666666666652,-0.46666666666666634,0.08888888888888889,0.125,0.14022988505747128,0.20535714285714288,0.23371647509578541,0.16801075268817203,0.2793103448275862,0.2853942652329749,0.3226053639846743,0.29301075268817206,0.41954022988505746,0.4907514080901178,2.2770114942528736,0.20821812596006142
2022020496,2022-12-18,2022-2023,LAK,SJS,3,2,5,1,1,1.0,3.0,-2.0,0,0,1.0,2.0,-1.0,4.0,3.0,3.3,3.4,-0.10000000000000009,4.2,3.6,0.6000000000000001,7.5,7.0,32.7,30.6,30.9,28.2,0.10106043201437934,0.11417737037036255,0.8596260676119055,0.8705257715741588,1.0,0.6,1.4,1.0,24.2,23.2,8.1,9.1,16.3,19.2,4.2,7.8,9.1,9.0,1.0,2.0,4.0,4.0,2.5407785333546005,1.5776212754932308,2.2997584414213788,2.270584848790187,-1.2999999999999998,1.266666666666667,-0.8666666666666667,-0.6000000000000001,0.12333152958152958,0.19815668202764977,0.2030799062049062,0.25069124423963135,0.4184253246753247,0.26267281105990786,0.44153589466089455,0.47864823348694313,0.5417568542568543,0.4608294930875576,0.6446158008658008,0.7293394777265746,0.04531926406926408,0.01543778801843318
2022020497,2022-12-18,2022-2023,MIN,OTT,4,2,6,2,1,0.0,0.0,0.0,1,1,4.0,4.0,0.0,8.0,7.0,3.6,3.2,0.3999999999999999,2.6,2.5,0.10000000000000009,6.2,5.7,31.8,34.4,27.8,30.5,0.12213302006008184,0.09530773360994071,0.906090863814649,0.9168177518651657,1.0,1.6,0.9,0.6,19.9,27.4,9.8,8.6,14.4,16.5,5.2,5.4,4.9,9.1,6.0,4.0,6.0,5.0,1.0749676997731414,1.3984117975602013,1.7126976771553517,1.3540064007726598,-0.2666666666666666,0.7999999999999998,-1.6,-0.8333333333333333,0.062222222222222213,0.21838383838383843,0.10974358974358973,0.1542110762800418,0.2457004830917874,0.2672727272727273,0.2993459680416202,0.19034134447927553,0.30792270531400967,0.4856565656565656,0.4090895577852099,0.3445524207593173,-0.04081939799331105,-0.23897596656217346
2022020493,2022-12-18,2022-2023,COL,NSH,3,1,4,2,1,1.0,1.0,0.0,0,0,-1.0,-5.0,4.0,4.0,4.0,2.3,2.1,0.19999999999999973,3.1,2.6,0.5,5.4,4.7,32.9,30.7,31.2,33.4,0.0710695904509194,0.07127594758749453,0.8943210469616018,0.9189577582696049,0.5,0.4,0.9,0.9,23.2,28.0,8.3,8.5,11.7,14.2,7.6,7.9,6.0,7.2,2.0,2.0,5.0,4.0,1.8885620632287055,1.4491376746189435,1.523883926754995,1.5055453054181616,0.3666666666666667,-0.7666666666666668,-0.7666666666666666,0.06666666666666643,0.047619047619047616,0.15476190476190474,0.10095238095238095,0.20833333333333334,0.19047619047619047,0.4761904761904761,0.25333333333333335,0.3928571428571428,0.2380952380952381,0.6309523809523809,0.35428571428571426,0.6011904761904763,0.7747619047619048,-1.2142857142857142
2022020498,2022-12-18,2022-2023,CAR,PIT,3,2,5,1,1,-1.0,1.0,-2.0,0,0,4.0,7.0,-3.0,8.0,8.0,3.3,3.4,-0.10000000000000009,2.3,2.1,0.19999999999999973,5.6,5.5,34.5,33.4,27.2,34.4,0.09491550663905908,0.10000911689132659,0.9165563328350272,0.9395081386512283,0.9,1.0,0.7,0.3,18.3,33.9,7.0,7.1,13.5,14.2,7.9,8.9,6.4,8.5,3.0,3.0,3.0,7.0,1.4181364924121758,1.4298407059684817,1.494434118097326,1.1005049346146107,-0.2999999999999998,-0.3999999999999999,-0.2999999999999998,-0.7666666666666668,0.13793103448275865,0.3493827160493827,0.09529721023973899,0.2274691358024691,0.28735632183908044,0.6123456790123457,0.20227696951834884,0.49506172839506174,0.4252873563218391,0.9617283950617285,0.2975741797580878,0.7225308641975309,0.21357250667595495,-0.11296296296296299
2022020487,2022-12-18,2022-2023,CAR,DAL,5,4,9,1,1,1.0,1.0,0.0,0,0,3.0,2.0,1.0,7.0,6.0,2.8,2.9,-0.10000000000000009,2.2,2.2,0.0,5.0,5.1,34.3,33.6,26.8,31.4,0.08175761190221698,0.09101537577147331,0.9183512046298989,0.9275574863814697,0.7,0.5,0.5,0.3,18.4,19.8,6.7,9.8,13.0,14.5,7.8,6.9,7.1,6.9,2.0,3.0,3.0,5.0,1.619327706865482,1.7919573407620821,1.3984117975602015,1.5491933384829666,-0.46666666666666634,-0.5666666666666664,-1.5333333333333337,-0.8666666666666669,0.14523809523809525,0.23655913978494625,0.1041158653477494,0.17240143369175628,0.29365079365079366,0.45161290322580644,0.21533049612759758,0.3720430107526882,0.4388888888888889,0.6881720430107526,0.31944636147534694,0.5444444444444444,0.38173452956061654,1.7258064516129032
2022020492,2022-12-18,2022-2023,ARI,BUF,2,5,7,-3,0,0.0,1.0,-1.0,1,0,1.0,2.0,-1.0,3.0,5.0,3.1,4.3,-1.1999999999999997,3.9,3.4,0.5,7.0,7.7,22.5,32.2,34.4,34.5,0.13820962354320673,0.13900603989588306,0.8844936317790127,0.891453239632002,0.3,1.3,1.3,1.0,24.5,14.4,12.0,9.1,15.4,11.3,4.1,5.5,8.1,4.5,3.0,3.0,3.0,6.0,1.1972189997378648,2.4060109910158114,1.523883926754996,1.646545204697129,0.8999999999999999,-0.6333333333333333,-0.2333333333333334,-1.7333333333333332,0.11904761904761905,0.2239620930275603,0.1686904761904762,0.26753660206933566,0.2101449275362319,0.41097969533751644,0.24158040027605243,0.35548984766875824,0.32919254658385094,0.6349417883650766,0.41027087646652866,0.623026449738094,-0.7603312629399586,0.4869565217391304
2022020499,2022-12-19,2022-2023,CHI,NYR,1,7,8,-6,0,1.0,0.0,1.0,0,1,-6.0,6.0,-12.0,1.0,7.0,1.9,3.5,-1.6,3.8,2.5,1.2999999999999998,5.7,6.0,25.5,29.6,31.2,31.0,0.07608551081602054,0.1227784872726411,0.8787184026176649,0.9141360748753927,0.9,0.7,0.9,0.6,21.3,26.0,9.0,10.2,16.9,15.5,7.1,7.7,9.6,10.1,0.0,4.0,6.0,6.0,1.6633299933166192,1.715938356831167,1.873795909674026,1.35400640077266,-0.23333333333333317,0.833333333333333,0.5333333333333332,-0.16666666666666652,0.16502463054187191,0.40625,0.10789545703338808,0.2770497311827957,0.33620689655172414,0.4479166666666667,0.21391467727674626,0.344758064516129,0.501231527093596,0.8541666666666666,0.3218101343101343,0.6218077956989247,-2.3223916887709994,0.35181451612903225
2022020500,2022-12-19,2022-2023,SEA,WPG,3,2,5,1,1,2.0,0.0,2.0,0,1,-2.0,2.0,-4.0,5.0,7.0,3.4,3.8,-0.3999999999999999,3.8,2.2,1.5999999999999996,7.2,6.0,29.0,31.7,28.3,30.7,0.12162311574734175,0.13192880419538883,0.861458186324753,0.9270236788163659,0.6,0.9,1.2,0.5,26.8,18.0,10.5,8.8,12.5,15.0,10.7,7.6,6.6,7.2,1.0,3.0,3.0,7.0,2.4585451886114362,1.6193277068654834,2.0439612955674527,1.619327706865482,-0.3999999999999999,0.20000000000000018,-0.1333333333333333,0.1333333333333333,0.21273490239007478,0.07454890788224121,0.17772138461793632,0.20394112060778727,0.4392294593444019,0.2275403608736942,0.3601580943534966,0.3859924026590693,0.6519643617344766,0.3020892687559354,0.537879478971433,0.5899335232668566,0.5444759582690617,1.021937321937322
2022020501,2022-12-19,2022-2023,SJS,CGY,2,5,7,-3,0,0.0,1.0,-1.0,1,0,-1.0,-5.0,4.0,3.0,4.0,3.1,3.1,0.0,3.1,2.7,0.3999999999999999,6.2,5.8,30.5,33.3,29.7,27.8,0.10294660113959331,0.10569204595829704,0.8925707997167478,0.8988280272744349,0.6,0.8,1.0,0.6,24.9,18.5,9.3,9.7,19.4,11.3,7.6,7.4,9.0,11.0,1.0,0.0,4.0,7.0,1.5238839267549944,1.8529256146249724,1.969207398365591,1.3374935098492586,0.5666666666666664,-1.1,-1.4333333333333333,0.2999999999999998,0.19181034482758622,0.12903225806451613,0.2218972359058566,0.2012288786482335,0.2647270114942529,0.2208141321044547,0.38608374384236455,0.26043266769073226,0.4565373563218391,0.3498463901689708,0.6079809797482211,0.46166154633896567,-0.3787458949096879,-0.19201228878648233
2022020507,2022-12-20,2022-2023,VGK,BUF,2,3,5,-1,0,1.0,1.0,0.0,0,0,-1.0,3.0,-4.0,6.0,6.0,2.8,4.7,-1.9000000000000004,2.8,3.3,-0.5,5.6,8.0,30.9,33.1,31.8,33.2,0.09456295297916187,0.14769277040203901,0.9139678248242298,0.891819808546958,1.0,1.5,0.6,1.1,21.8,13.8,7.1,9.9,17.1,10.8,8.4,5.5,6.5,4.2,1.0,4.0,4.0,5.0,1.5491933384829664,2.1108186931983415,1.549193338482967,1.7029386365926398,1.2000000000000002,0.2999999999999998,0.20000000000000018,-1.9666666666666666,0.10227272727272728,0.25357142857142856,0.19255050505050506,0.27732334869431646,0.3648989898989899,0.4075396825396826,0.33901515151515155,0.3631051296373877,0.4671717171717171,0.6611111111111111,0.5315656565656566,0.6404284783317041,0.5757575757575759,0.7319333891914537
2022020509,2022-12-20,2022-2023,VAN,STL,1,5,6,-4,0,1.0,2.0,-1.0,0,0,-1.0,3.0,-4.0,6.0,4.0,3.1,3.1,0.0,3.7,3.4,0.30000000000000027,6.8,6.5,29.7,27.8,30.7,30.3,0.10897535133948177,0.11256385554564083,0.8771878003871711,0.8801859775076691,0.9,0.5,0.6,0.8,24.6,23.8,8.8,5.1,13.0,14.3,6.5,8.8,7.1,8.2,2.0,3.0,6.0,5.0,2.3781411975649296,1.9119507199599985,1.5670212364724214,1.6465452046971285,-1.7666666666666668,-0.10000000000000009,-0.03333333333333366,-1.7333333333333332,0.03333333333333333,0.17204301075268816,0.2222222222222222,0.1592510196514646,0.2851851851851852,0.24731182795698925,0.2814814814814815,0.3220244716351502,0.3185185185185185,0.41935483870967744,0.5037037037037037,0.4812754912866148,-0.9555555555555555,-1.6696329254727473
2022020505,2022-12-20,2022-2023,NSH,EDM,4,3,7,1,1,1.0,2.0,-1.0,0,0,-6.0,-2.0,-4.0,3.0,5.0,1.9,4.1,-2.1999999999999997,2.5,3.1,-0.6000000000000001,4.4,7.2,28.8,32.1,33.6,31.1,0.06845543476698171,0.13010149429368204,0.9231723176565781,0.887639780154486,0.2,1.5,1.0,1.0,28.3,19.1,8.0,8.3,15.1,12.5,7.7,9.4,6.5,10.1,1.0,2.0,3.0,6.0,1.4491376746189435,2.0789954839350244,1.5092308563562358,0.9944289260117527,-0.23333333333333317,-0.09999999999999964,0.5,0.2333333333333334,0.16091954022988506,0.3484543010752688,0.20689655172413793,0.1898521505376344,0.4597701149425287,0.6525537634408601,0.38505747126436773,0.4020870669056153,0.6206896551724138,1.001008064516129,0.5919540229885057,0.5919392174432497,-1.2413793103448276,0.6093563321385902
2022020503,2022-12-20,2022-2023,WSH,DET,4,3,7,1,1,1.0,2.0,-1.0,0,0,1.0,-5.0,6.0,7.0,2.0,3.8,2.2,1.5999999999999996,2.1,3.2,-1.1,5.9,5.4,33.5,29.7,30.0,31.2,0.12204375548232564,0.07219719088101438,0.9295559709879788,0.8917111475394488,0.7,0.5,0.4,1.0,21.2,21.7,5.1,7.5,16.4,12.8,6.7,4.5,6.1,6.9,2.0,2.0,3.0,5.0,1.813529401164725,1.4757295747452428,0.9944289260117535,1.3165611772087664,0.5333333333333332,-0.8666666666666669,0.2333333333333334,-0.20000000000000018,0.3632856341189674,0.14786324786324787,0.23185077903215157,0.175139353400223,0.3621632996632997,0.30256410256410254,0.345668696771638,0.36867335562987735,0.725448933782267,0.4504273504273504,0.5775194758037895,0.5438127090301004,0.18027703505644688,-0.40234113712374575
2022020502,2022-12-20,2022-2023,CBJ,DAL,1,2,3,-1,0,2.0,1.0,1.0,0,0,-3.0,-1.0,-2.0,3.0,6.0,2.5,3.2,-0.7000000000000002,3.6,2.3,1.3000000000000003,6.1,5.5,28.4,32.4,33.5,31.6,0.09188923494805845,0.10196775672385425,0.8893659974786136,0.9255107027557387,0.5,0.6,0.9,0.4,22.4,17.9,9.4,7.7,16.3,15.2,7.2,7.2,7.8,6.7,2.0,3.0,5.0,5.0,1.7795130420052183,1.6865480854231358,2.319003617456811,1.70293863659264,-1.5,0.1333333333333333,-0.2666666666666666,0.03333333333333366,0.189272030651341,0.25,0.16593231162196678,0.18783602150537634,0.41379310344827586,0.4375,0.3315438180380709,0.3657594086021505,0.6030651340996168,0.6875,0.4974761296600377,0.5535954301075269,-1.6586754241926658,1.7348790322580645
2022020504,2022-12-20,2022-2023,BOS,FLA,7,3,10,4,1,2.0,1.0,1.0,0,0,1.0,1.0,0.0,7.0,5.0,3.3,3.2,0.09999999999999964,1.9,2.6,-0.7000000000000002,5.2,5.8,36.7,31.4,27.2,30.3,0.0918375450092015,0.10367599142352393,0.9218814751556688,0.912197350898816,1.0,0.5,0.7,0.7,26.9,18.2,10.1,9.9,13.3,12.1,8.6,6.5,9.9,7.5,5.0,3.0,7.0,4.0,0.8232726023485639,1.5491933384829666,1.1972189997378653,1.897366596101027,-0.2999999999999998,0.1333333333333333,0.43333333333333357,-0.9333333333333333,0.3674747474747475,0.10857142857142855,0.2657635175282234,0.18929463071843491,0.5321212121212121,0.2035714285714286,0.3843612596553773,0.27514411956848,0.8995959595959596,0.3121428571428571,0.6501247771836007,0.4644387502869149,1.590374331550802,-0.4349853673393718
2022020508,2022-12-20,2022-2023,ARI,MTL,2,3,5,-1,0,1.0,1.0,0.0,0,0,-1.0,-3.0,2.0,3.0,3.0,3.0,2.3,0.7000000000000002,3.9,3.3,0.6000000000000001,6.9,5.6,23.2,25.5,34.9,31.3,0.13216123644643255,0.09976446208253988,0.8855098919416144,0.8842431197655086,0.4,0.4,1.3,1.0,24.9,20.5,11.5,11.6,15.7,13.6,4.4,6.5,9.1,9.6,3.0,2.0,4.0,5.0,1.2472191289246473,1.70293863659264,1.523883926754996,1.888562063228706,0.0,-0.6333333333333331,-0.5666666666666664,0.3666666666666667,0.10610079575596816,0.12087912087912088,0.13626878868258177,0.11435307987032124,0.09913793103448276,0.17297517297517295,0.20083333333333334,0.13052152190083224,0.20523872679045094,0.29385429385429385,0.33710212201591516,0.2448746017711535,-1.2564765694076039,-0.9094711801608354
2022020506,2022-12-20,2022-2023,COL,NYI,1,0,1,1,1,1.0,1.0,0.0,0,0,1.0,1.0,0.0,4.0,4.0,2.2,3.2,-1.0,3.1,2.8,0.30000000000000027,5.3,6.0,32.3,31.0,29.6,28.6,0.0699584793398083,0.10673055007956356,0.8928558454964002,0.9021191867720905,0.5,0.6,0.8,0.6,21.3,25.0,7.4,10.3,12.2,16.6,8.2,6.4,6.3,8.9,2.0,2.0,5.0,5.0,1.8135294011647254,1.9888578520235058,1.523883926754995,1.5491933384829664,0.46666666666666634,0.7999999999999998,-1.1,0.5333333333333337,0.04597701149425287,0.19594854070660525,0.09725906277630415,0.23859927035330264,0.17011494252873563,0.2103494623655914,0.2581896551724138,0.2926747311827957,0.2160919540229885,0.4062980030721966,0.35544871794871796,0.5312740015360983,0.8150530503978779,0.49755184331797236
2022020514,2022-12-21,2022-2023,WPG,OTT,5,1,6,4,1,1.0,2.0,-1.0,0,0,-1.0,-1.0,0.0,6.0,6.0,3.5,3.1,0.3999999999999999,2.5,2.6,-0.10000000000000009,6.0,5.7,31.1,33.3,30.1,30.0,0.12195437964295915,0.09475828306049015,0.9182001494046013,0.9105887956362094,1.0,1.5,0.5,0.4,17.6,26.4,8.6,8.4,15.3,16.4,6.7,5.2,7.2,9.0,3.0,3.0,6.0,5.0,1.6499158227686115,1.4491376746189433,1.4337208778404378,1.3498971154211055,-0.5,0.5666666666666664,-0.8333333333333333,0.06666666666666643,0.0718694885361552,0.22132916172186856,0.2026014109347443,0.15421296795770847,0.2196193889742277,0.2577228755349373,0.3840032428742106,0.18907649153090947,0.29148887751038294,0.47905203725680573,0.5866046538089549,0.34328945948861794,0.7205581157194061,-0.30700543028733773
2022020513,2022-12-21,2022-2023,TOR,TBL,4,1,5,3,1,2.0,2.0,0.0,0,0,-2.0,5.0,-7.0,7.0,8.0,3.8,4.1,-0.2999999999999998,1.9,2.0,-0.10000000000000009,5.7,6.1,34.2,31.6,30.1,29.4,0.11008756131489857,0.1368447345021952,0.9315524387892807,0.9347488513781419,0.6,1.1,0.4,0.2,20.4,22.8,7.6,8.3,13.8,13.6,8.6,11.2,9.8,11.1,4.0,3.0,4.0,6.0,1.6865480854231356,1.5951314818673863,1.852925614624973,1.2472191289246466,-0.46666666666666634,0.9000000000000004,0.43333333333333357,-0.6666666666666667,0.1729166666666667,0.1814814814814815,0.14583333333333334,0.1851851851851852,0.30624999999999997,0.36666666666666664,0.24749999999999997,0.31666666666666665,0.4791666666666667,0.5481481481481482,0.3933333333333333,0.5018518518518519,0.8387499999999999,0.27777777777777785
2022020515,2022-12-21,2022-2023,SEA,STL,5,2,7,3,1,1.0,0.0,1.0,0,1,1.0,4.0,-3.0,5.0,5.0,3.3,3.5,-0.20000000000000018,3.8,3.2,0.5999999999999996,7.1,6.7,29.6,28.1,27.8,31.4,0.11616093087339216,0.12691570739749267,0.8587843895333093,0.8902882792979504,0.6,0.7,1.3,0.8,26.1,23.7,11.1,5.4,12.2,12.8,10.0,7.6,6.5,7.7,2.0,4.0,4.0,4.0,2.4517567397911053,1.8408935028645432,2.0439612955674527,1.813529401164725,-0.9666666666666663,0.833333333333333,-0.1333333333333333,-1.2000000000000002,0.21655719759168035,0.16666666666666666,0.17691927845601008,0.15416666666666667,0.4360153256704981,0.23958333333333334,0.3648425787106447,0.33888888888888885,0.6525725232621785,0.40625,0.5417618571666548,0.4930555555555556,0.7388912686513887,-1.4875
2022020517,2022-12-21,2022-2023,SJS,CGY,3,7,10,-4,0,1.0,1.0,0.0,0,0,-2.0,1.0,-3.0,3.0,4.0,3.1,3.0,0.10000000000000009,3.2,2.7,0.5,6.3,5.7,30.0,33.5,29.4,27.1,0.10418729592867519,0.09960508943655792,0.8868565140024621,0.8971963256427333,0.8,0.8,1.0,0.8,24.3,19.5,10.2,10.8,19.2,10.8,6.9,7.5,9.0,10.2,1.0,1.0,4.0,6.0,1.5238839267549944,1.6996731711975945,2.0439612955674527,1.3374935098492586,-0.7666666666666666,0.3333333333333335,-0.20000000000000018,0.6333333333333333,0.18585858585858586,0.13649425287356323,0.211827635965567,0.148266065830721,0.26666666666666666,0.22413793103448276,0.37996218341045923,0.2448025513758272,0.4525252525252525,0.36063218390804597,0.5917898193760261,0.3930686172065483,-0.8363188535602328,-0.16372779519331246
2022020510,2022-12-21,2022-2023,PHI,CBJ,5,3,8,2,1,2.0,0.0,2.0,0,1,-1.0,-4.0,3.0,3.0,3.0,2.4,2.4,0.0,2.8,3.5,-0.7000000000000002,5.2,5.9,30.5,28.4,29.6,33.2,0.07591490199183884,0.08831780637662988,0.8976910911525879,0.8918912500038662,0.5,0.5,0.6,0.9,30.2,24.3,9.7,8.6,18.9,17.5,4.9,7.3,6.1,8.1,2.0,1.0,6.0,5.0,1.3498971154211057,1.8378731669453627,1.316561177208765,2.415229457698239,-0.06666666666666643,-1.0666666666666667,-0.1333333333333333,-0.8333333333333335,0.14930555555555555,0.18315412186379929,0.15875416026625705,0.16041677701855675,0.20833333333333334,0.41111111111111115,0.24740783410138245,0.33185991489662237,0.35763888888888884,0.5942652329749104,0.4061619943676395,0.4922766919151791,-1.004358678955453,-1.6675591927538538
2022020516,2022-12-21,2022-2023,LAK,ANA,4,1,5,3,1,2.0,3.0,-1.0,0,0,2.0,2.0,0.0,5.0,3.0,3.3,2.1,1.1999999999999997,4.1,3.9,0.19999999999999973,7.4,6.0,34.1,29.2,29.5,38.9,0.09853107338745974,0.07829943340972749,0.8593183753042132,0.8969530848471801,0.9,0.4,1.4,1.0,23.6,20.2,8.3,8.6,15.8,15.9,4.1,6.3,9.0,7.5,2.0,2.0,4.0,2.0,2.5407785333546005,1.9692073983655904,2.378141197564929,1.5951314818673867,-1.9666666666666666,0.8999999999999999,-0.7666666666666662,0.10000000000000009,0.11963447866084782,0.13978494623655915,0.20197410207552194,0.11094639468690703,0.415760034421292,0.21351766513056836,0.4333702132890774,0.2253250090358724,0.5353945130821399,0.35330261136712743,0.6353443153645993,0.3362714037227794,0.045393078861638694,-1.188347113038764
2022020512,2022-12-21,2022-2023,CAR,NJD,4,1,5,3,1,2.0,2.0,0.0,0,0,5.0,-5.0,10.0,9.0,4.0,3.4,3.0,0.3999999999999999,2.2,2.7,-0.5,5.6,5.7,33.8,31.7,25.6,29.4,0.09970477866971042,0.10333157915313732,0.915873406005759,0.9048908214211417,0.7,0.6,0.7,0.7,17.4,13.5,7.0,8.7,13.1,15.9,8.8,5.9,7.0,9.2,4.0,2.0,4.0,7.0,1.3498971154211048,1.4142135623730947,1.475729574745243,1.7029386365926402,0.2666666666666666,-1.6666666666666667,0.46666666666666634,-0.3666666666666667,0.14014336917562722,0.09677419354838708,0.10041514381058318,0.13602150537634408,0.30322580645161296,0.23691756272401432,0.22458088352137298,0.27096774193548384,0.44336917562724015,0.3336917562724014,0.32499602733195615,0.40698924731182795,0.30809762169606436,1.589247311827957
2022020511,2022-12-21,2022-2023,PIT,NYR,3,2,5,1,1,2.0,1.0,1.0,0,0,-1.0,7.0,-8.0,7.0,8.0,3.2,3.9,-0.6999999999999997,2.3,2.2,0.09999999999999964,5.5,6.1,33.0,28.4,34.3,30.3,0.09421601344305072,0.14180682735361275,0.9324966443983547,0.9216135523528702,1.1,0.7,0.3,0.6,34.1,25.1,6.6,9.8,14.4,15.9,9.9,7.5,8.8,9.5,5.0,5.0,7.0,5.0,1.4757295747452444,2.024845673131659,1.0593499054713793,1.3165611772087666,-0.5333333333333337,1.4333333333333331,-0.2999999999999998,-0.5333333333333334,0.3379416282642089,0.40404040404040403,0.21934118450247486,0.27872474747474746,0.6029185867895546,0.4646464646464647,0.5121801217500143,0.3494318181818182,0.9408602150537634,0.8686868686868686,0.731521306252489,0.6281565656565656,0.20374295954941113,0.43181818181818177
2022020525,2022-12-22,2022-2023,TOR,PHI,4,3,7,1,1,0.0,0.0,0.0,1,1,1.0,1.0,0.0,7.0,3.0,3.8,2.6,1.1999999999999997,1.9,3.0,-1.1,5.7,5.6,34.1,31.1,29.4,30.5,0.11033146375392296,0.07964450572144258,0.9301354347406978,0.8927668487283453,0.7,0.5,0.4,0.5,20.1,29.2,7.8,7.9,14.0,18.2,8.3,5.1,10.0,6.4,5.0,1.0,5.0,6.0,1.6865480854231356,1.577621275493231,1.852925614624973,1.15470053837925,-1.4666666666666663,0.7333333333333334,0.7666666666666666,-0.3333333333333335,0.08152958152958152,0.13830613830613833,0.14857364857364855,0.15051082777375882,0.19985569985569984,0.21989121989121987,0.22288822288822285,0.2543421616697479,0.28138528138528135,0.35819735819735826,0.37146187146187143,0.4048529894435067,0.7147852147852147,-1.1389516582786883
2022020524,2022-12-22,2022-2023,ANA,MIN,1,4,5,-3,0,0.0,3.0,-3.0,1,0,-1.0,5.0,-6.0,3.0,8.0,2.1,3.6,-1.5,4.1,2.5,1.5999999999999996,6.2,6.1,28.2,31.2,38.9,28.3,0.07944229055258464,0.12573122095963205,0.892075036066692,0.9119914849326614,0.5,0.9,1.1,0.9,21.0,19.3,9.2,8.5,15.6,15.4,5.7,5.1,7.1,5.2,1.0,2.0,2.0,6.0,1.9692073983655904,1.0749676997731414,1.4491376746189442,1.715938356831168,1.2333333333333334,0.3999999999999999,-1.0999999999999996,-1.1666666666666667,0.13541666666666666,0.0707196029776675,0.1072706228956229,0.11680145819930765,0.22844827586206895,0.24968982630272954,0.22870225240914896,0.3006553472413687,0.36386494252873564,0.320409429280397,0.3359728753047719,0.4174568054406764,-1.2074625566004875,0.1036058266703428
2022020521,2022-12-22,2022-2023,CHI,NSH,2,4,6,-2,0,2.0,1.0,1.0,0,0,-7.0,1.0,-8.0,1.0,4.0,1.8,2.3,-0.4999999999999998,4.3,2.6,1.6999999999999997,6.1,4.9,25.3,29.7,31.5,34.1,0.07316884414935387,0.07988400619555312,0.860490977868501,0.9212242657085262,0.8,0.3,0.9,1.1,21.4,28.5,9.0,8.2,16.4,15.7,6.4,8.5,9.4,6.5,0.0,2.0,6.0,4.0,1.6865480854231352,1.4181364924121762,2.0027758514399734,1.5055453054181616,-0.8,-0.2999999999999998,0.033333333333333215,-0.2666666666666666,0.15938697318007664,0.15555555555555556,0.17182311621966795,0.15555555555555556,0.32490421455938695,0.4536231884057971,0.2698595146871009,0.40458937198067635,0.48429118773946356,0.6091787439613526,0.4416826309067688,0.5601449275362318,-2.25705619412516,-0.6492753623188406
2022020520,2022-12-22,2022-2023,COL,MTL,2,1,3,1,1,1.0,1.0,0.0,0,0,2.0,1.0,1.0,5.0,4.0,2.2,2.6,-0.3999999999999999,2.6,3.2,-0.6000000000000001,4.8,5.8,32.9,25.3,29.9,32.9,0.0699584793398083,0.1113029236210014,0.9145949759311828,0.8921583928981731,0.5,0.4,0.7,1.0,21.9,21.3,7.0,11.2,12.7,14.0,8.7,6.2,6.7,9.4,3.0,3.0,6.0,4.0,1.8135294011647254,1.505545305418162,1.6465452046971292,1.9321835661585918,-0.5333333333333334,-0.6000000000000001,-1.2666666666666668,0.1333333333333333,0.0,0.1307519640852974,0.16134852801519467,0.11739618406285073,0.15925925925925927,0.17735837911276509,0.3419278252611586,0.1439461448233378,0.15925925925925927,0.30811034319806246,0.5032763532763532,0.2613423288861885,0.8011396011396013,-0.722133616870459
2022020522,2022-12-22,2022-2023,DAL,EDM,3,6,9,-3,0,1.0,1.0,0.0,0,0,1.0,-3.0,4.0,6.0,4.0,3.0,3.9,-0.8999999999999999,2.3,3.1,-0.8000000000000003,5.3,7.0,33.4,31.3,32.0,32.1,0.09118344299836408,0.1269972814333716,0.9261059408509766,0.8922112087259146,0.6,1.7,0.4,0.9,17.3,19.9,7.2,7.5,15.6,11.8,6.3,9.7,6.6,10.0,3.0,1.0,5.0,6.0,1.6996731711975954,2.0789954839350244,1.70293863659264,0.9944289260117527,-0.3333333333333335,-0.8999999999999999,0.03333333333333366,0.5666666666666664,0.24242424242424243,0.3579545454545454,0.18213383838383837,0.20290071770334925,0.4444444444444445,0.6426767676767676,0.3647411616161616,0.3944377990430621,0.6868686868686869,1.0006313131313131,0.546875,0.5973385167464115,1.7736742424242422,0.3744517543859649
2022020519,2022-12-22,2022-2023,DET,TBL,7,4,11,3,1,1.0,0.0,1.0,0,1,-6.0,-1.0,-5.0,2.0,7.0,2.3,3.6,-1.3000000000000003,3.2,1.7,1.5000000000000002,5.5,5.3,27.2,31.0,32.9,29.5,0.08344121001977037,0.11810789239693206,0.8981873380156393,0.9429992069969186,0.6,0.8,0.9,0.3,21.6,23.6,7.7,8.5,13.7,13.1,5.4,10.7,7.0,11.2,0.0,2.0,4.0,6.0,1.4944341180973255,1.7126976771553502,1.3165611772087664,0.6749485577105515,0.03333333333333366,-0.2666666666666666,0.7999999999999998,-0.3666666666666667,0.15372361608920748,0.17549923195084483,0.18147650338510554,0.1848945918745696,0.30465949820788535,0.3544546850998464,0.3676075268817205,0.4035899676889665,0.45838311429709283,0.5299539170506913,0.549084030266826,0.5884845595635363,-0.4967144563918757,0.6332432861910059
2022020518,2022-12-22,2022-2023,FLA,NJD,2,4,6,-2,0,1.0,0.0,1.0,0,1,-1.0,-6.0,5.0,5.0,3.0,3.3,2.6,0.6999999999999997,2.7,3.0,-0.2999999999999998,6.0,5.6,32.0,32.6,30.6,27.6,0.10530769305522555,0.08872177879016091,0.9113612304974785,0.8875224003685103,0.5,0.5,0.8,0.6,18.3,14.8,9.7,8.5,12.1,14.3,7.2,5.3,7.7,8.5,2.0,2.0,4.0,6.0,1.494434118097326,1.3498971154211052,2.1108186931983415,1.632993161855452,-0.2999999999999998,-1.2666666666666668,1.2999999999999998,0.0,0.10897435897435898,0.09375,0.18999854312354314,0.09408602150537633,0.18783993783993783,0.240255376344086,0.26585810023310025,0.23017473118279566,0.29681429681429683,0.334005376344086,0.45585664335664333,0.32426075268817206,-0.7633595571095572,1.1875
2022020523,2022-12-22,2022-2023,VGK,ARI,5,2,7,3,1,1.0,1.0,0.0,0,0,-2.0,-2.0,0.0,5.0,3.0,2.8,2.9,-0.10000000000000009,2.9,3.8,-0.8999999999999999,5.7,6.7,31.6,24.8,30.8,34.6,0.09365856021430399,0.1242459633137681,0.9044440153004201,0.8877645338514288,1.0,0.4,0.6,1.2,21.5,25.5,6.9,10.6,16.5,15.0,8.9,4.4,6.9,9.4,1.0,0.0,5.0,5.0,1.5491933384829664,1.286683937707919,1.5238839267549953,1.549193338482968,-0.1333333333333333,0.10000000000000009,-0.5666666666666664,-0.46666666666666634,0.09882352941176471,0.1015873015873016,0.19156862745098038,0.13113553113553114,0.37450980392156863,0.09555555555555555,0.33921568627450976,0.19393162393162391,0.47333333333333333,0.19714285714285715,0.5307843137254902,0.32506715506715506,0.54,-1.2418315018315018
2022020532,2022-12-23,2022-2023,SJS,MIN,5,2,7,3,1,1.0,0.0,1.0,0,1,-3.0,6.0,-9.0,3.0,8.0,3.1,3.5,-0.3999999999999999,3.4,2.3,1.1,6.5,5.8,29.2,32.4,31.2,28.4,0.10672697846835774,0.11858836381677493,0.8910670403182515,0.9217317446729212,0.7,0.8,1.0,0.8,23.8,19.1,10.7,8.5,18.5,14.6,6.6,5.4,9.1,5.3,1.0,3.0,4.0,5.0,1.5238839267549944,0.9718253158075516,2.2211108331943574,1.7669811040931442,-0.7666666666666666,0.5,0.9333333333333331,-0.9666666666666666,0.18026565464895636,0.05505952380952381,0.20312302340290955,0.10639880952380952,0.258697027197976,0.21553571428571427,0.3930740037950664,0.27775412087912094,0.4389626818469323,0.2705952380952381,0.596197027197976,0.38415293040293036,-1.1586495888678052,0.24795329670329674
2022020530,2022-12-23,2022-2023,VAN,SEA,6,5,11,1,1,2.0,1.0,1.0,0,0,-2.0,2.0,-4.0,5.0,5.0,2.7,3.3,-0.5999999999999996,4.1,3.6,0.49999999999999956,6.8,6.9,29.5,30.4,30.7,27.3,0.09802763892118112,0.11131244602490731,0.8623729855723564,0.8642441596482516,0.6,0.5,0.8,1.1,24.0,25.7,6.8,10.9,12.3,12.8,5.8,10.3,7.4,6.0,2.0,2.0,7.0,5.0,2.3593784492248524,2.4517567397911053,1.2866839377079193,2.118699810942761,-1.0333333333333334,0.03333333333333366,0.2333333333333334,-1.2666666666666666,0.03225806451612903,0.2093931528859226,0.21438172043010753,0.1708256087010258,0.27572964669738864,0.4326041280435051,0.27227342549923195,0.36347948337659125,0.30798771121351765,0.6419972809294276,0.4866551459293395,0.534305092077617,-1.0648041474654377,0.8759084167593623
2022020528,2022-12-23,2022-2023,OTT,WSH,2,3,5,-1,0,1.0,2.0,-1.0,0,0,-2.0,2.0,-4.0,6.0,7.0,3.1,3.7,-0.6000000000000001,2.8,2.3,0.5,5.9,6.0,33.4,34.9,28.8,28.7,0.09467891798112507,0.1137104221489923,0.8980887956362095,0.9168914973037682,1.6,0.7,0.4,0.5,26.4,21.6,8.0,5.3,15.7,16.9,5.3,7.1,8.4,6.8,3.0,4.0,4.0,4.0,1.4491376746189433,1.7669811040931418,1.5491933384829664,0.9486832980505138,-0.10000000000000009,-0.3666666666666667,0.8666666666666667,0.03333333333333366,0.189429012345679,0.35192258721670483,0.12126020509757068,0.2336954984013807,0.22453703703703706,0.3704269586622528,0.15494324970131423,0.35296947061652945,0.41396604938271603,0.7223495458789576,0.2762034547988849,0.5866649690179101,-0.5374850657108722,0.2976190476190476
2022020526,2022-12-23,2022-2023,PIT,CAR,3,4,7,-1,0,1.0,1.0,0.0,0,0,1.0,6.0,-5.0,8.0,9.0,3.4,3.5,-0.10000000000000009,2.1,2.1,0.0,5.5,5.6,32.8,32.5,33.0,27.4,0.10286985959689687,0.11061386957880133,0.9351098848164732,0.9232418270583906,1.3,0.5,0.3,0.6,31.6,17.3,6.6,7.0,15.2,13.4,9.6,8.8,9.3,6.7,6.0,5.0,7.0,4.0,1.2649110640673522,1.354006400772659,0.8755950357709117,1.5238839267549942,-0.3999999999999999,0.5,0.2333333333333334,0.2333333333333334,0.34806034482758624,0.14616935483870966,0.22256497094859162,0.10235670807069584,0.5941091954022989,0.29368279569892475,0.5061319786535304,0.2294467618341367,0.9421695402298851,0.43985215053763443,0.7286969496021221,0.3318034699048325,0.16380494505494506,0.5340063032999629
2022020531,2022-12-23,2022-2023,LAK,CGY,4,3,7,1,1,1.0,1.0,0.0,0,0,3.0,2.0,1.0,6.0,5.0,2.9,3.6,-0.7000000000000002,3.3,2.8,0.5,6.2,6.4,34.7,32.8,29.0,27.9,0.08543002809129249,0.11537989434179763,0.8853183753042133,0.8966115303210959,0.8,0.8,1.2,0.7,21.2,19.4,8.9,11.3,16.9,11.7,4.1,7.2,9.0,9.7,3.0,2.0,4.0,5.0,1.96920739836559,1.9550504398153568,1.8287822299126928,1.3165611772087666,-0.2333333333333334,1.0666666666666669,-1.633333333333333,0.5333333333333337,0.12595704948646125,0.15353535353535355,0.2058356676003735,0.16416337285902502,0.41297852474323066,0.22828282828282828,0.43982259570494864,0.24211682037768992,0.5389355742296918,0.38181818181818183,0.6456582633053222,0.406280193236715,0.18823529411764706,0.06769433465085635
2022020529,2022-12-23,2022-2023,BOS,WPG,3,2,5,1,1,2.0,1.0,1.0,0,0,2.0,1.0,1.0,7.0,7.0,3.7,3.9,-0.19999999999999973,2.0,2.2,-0.20000000000000018,5.7,6.1,35.2,29.7,27.5,31.1,0.11144354876154672,0.14015613402892407,0.9197447230189166,0.9308069870114389,1.1,0.9,0.5,0.6,25.3,18.7,9.7,8.4,14.5,15.0,8.6,7.3,9.2,7.5,5.0,3.0,7.0,6.0,1.4181364924121762,1.449137674618945,1.2472191289246477,1.3984117975602015,0.6333333333333329,0.10000000000000009,0.3333333333333335,-0.5333333333333334,0.38767216887834,0.08087027914614121,0.27836416090273036,0.20710180623973728,0.5764016254899845,0.24645935960591134,0.40200009589911406,0.394063013136289,0.9640737943683245,0.32732963875205257,0.6803642568018445,0.6011648193760263,1.5857098332554154,1.0657327586206897
2022020527,2022-12-23,2022-2023,NYR,NYI,5,3,8,2,1,1.0,2.0,-1.0,0,0,-1.0,-1.0,0.0,7.0,3.0,3.8,2.7,1.0999999999999996,2.4,2.6,-0.20000000000000018,6.2,5.3,27.6,31.3,29.2,30.4,0.14061635116313656,0.08499141964478098,0.9119706952100131,0.9092620439149478,0.7,0.4,0.8,0.6,24.7,24.8,9.6,8.4,15.2,18.1,8.0,6.8,9.1,8.2,3.0,2.0,5.0,4.0,2.0976176963403033,2.110818693198341,1.2649110640673518,1.7763883459298968,1.2000000000000002,0.2999999999999998,-0.06666666666666643,-0.2666666666666666,0.411764705882353,0.18973136537791713,0.28030303030303033,0.23122931905259492,0.4705882352941176,0.20356583072100312,0.3489304812834224,0.28360109717868337,0.8823529411764705,0.3932971960989202,0.6292335115864528,0.5148304162312783,0.4777183600713012,0.48256269592476486
2022020533,2022-12-24,2022-2023,NJD,BOS,3,4,7,-1,0,1.0,0.0,1.0,0,1,1.0,3.0,-2.0,3.0,7.0,2.5,3.7,-1.2000000000000002,2.9,2.1,0.7999999999999998,5.4,5.8,32.1,36.5,27.4,27.4,0.08768509617453094,0.10759739491539286,0.8898615816550599,0.9159087441829378,0.6,1.1,0.6,0.4,15.2,24.7,9.6,9.7,15.5,13.8,5.0,8.0,8.5,9.6,1.0,2.0,6.0,7.0,1.1785113019775786,1.4181364924121762,1.66332999331662,1.1972189997378653,-0.16666666666666652,0.9666666666666668,0.10000000000000009,0.2333333333333334,0.10101010101010101,0.37345679012345673,0.13273358585858586,0.28072641093474426,0.23295454545454544,0.5547839506172839,0.26972853535353536,0.4108245149911817,0.33396464646464646,0.9282407407407408,0.40246212121212127,0.6915509259259259,1.3996212121212122,1.773974867724868
2022020544,2022-12-24,2022-2023,ANA,CGY,2,3,5,-1,0,1.0,0.0,1.0,0,1,-2.0,-1.0,-1.0,3.0,4.0,2.2,3.4,-1.1999999999999997,3.9,3.0,0.8999999999999999,6.1,6.4,27.3,32.2,38.9,28.2,0.08398774509803919,0.11149100545290873,0.8969530848471798,0.8910080820452337,0.5,0.9,1.0,0.6,20.1,20.3,10.5,11.1,15.2,12.0,5.1,6.8,7.7,9.1,1.0,2.0,3.0,4.0,1.873795909674026,1.8973665961010269,1.449137674618944,1.3333333333333333,-0.20000000000000018,1.6,-0.5666666666666664,0.0,0.1313131313131313,0.14895635673624288,0.10384026018700943,0.1590370018975332,0.22121212121212122,0.2321315623023403,0.22128717515714422,0.2396203311763084,0.3525252525252525,0.3810879190385832,0.3251274353441536,0.39865733307384166,-1.2825874847546674,-0.13657373619422958
2022020543,2022-12-24,2022-2023,ARI,LAK,2,1,3,1,1,1.0,0.0,1.0,0,1,-3.0,4.0,-7.0,3.0,6.0,2.8,2.8,0.0,3.9,3.3,0.6000000000000001,6.7,6.1,25.0,34.7,34.9,29.9,0.11865590120196685,0.0823050280912925,0.8859618773049391,0.8896040895899275,0.4,0.6,1.2,1.3,25.2,20.8,10.2,8.7,15.8,18.0,5.5,4.1,9.4,9.1,3.0,3.0,5.0,4.0,1.3165611772087666,1.8737959096740253,1.5951314818673876,1.8287822299126928,-0.7999999999999998,0.5333333333333337,-0.2333333333333334,-1.2999999999999998,0.0974910394265233,0.194973544973545,0.1264038231780167,0.203968253968254,0.09222497932175351,0.4769841269841269,0.19286677082376005,0.4338624338624338,0.18971601874827682,0.671957671957672,0.31927059400177676,0.6378306878306879,-1.2045400238948625,0.09126984126984125
2022020535,2022-12-24,2022-2023,CAR,PHI,6,5,11,1,1,0.0,1.0,-1.0,1,0,7.0,-1.0,8.0,9.0,3.0,3.6,2.8,0.8000000000000003,2.2,3.0,-0.7999999999999998,5.8,5.8,32.2,30.8,26.9,31.2,0.11403267299760475,0.09088852486019855,0.9183807159472794,0.8958169576608073,0.5,0.6,0.7,0.5,17.1,29.6,7.4,8.5,12.6,17.9,8.1,5.3,5.6,6.8,4.0,1.0,4.0,5.0,1.3498971154211048,1.4757295747452437,1.5491933384829664,1.15470053837925,0.06666666666666643,0.8666666666666667,-0.20000000000000018,0.6666666666666665,0.1518308080808081,0.2197606315253374,0.10418945973381459,0.1536303157626687,0.2948232323232323,0.44181308887191245,0.23896110609820287,0.2754204333248451,0.44665404040404044,0.6615737203972497,0.3431505658320175,0.4290507490875138,0.6260019550342131,-1.0716604065868771
2022020540,2022-12-24,2022-2023,CHI,CBJ,5,2,7,3,1,1.0,2.0,-1.0,0,0,-8.0,-5.0,-3.0,1.0,2.0,1.8,2.3,-0.4999999999999998,4.0,3.8,0.20000000000000018,5.8,6.1,26.7,29.1,30.8,33.2,0.07029704927755899,0.08202410008292357,0.865589257966781,0.8839965131617609,0.7,0.5,0.8,0.8,21.6,24.6,8.0,7.8,16.5,16.4,6.5,7.5,9.0,7.4,0.0,0.0,6.0,5.0,1.6865480854231352,1.7669811040931427,1.7638342073763933,2.25092573548455,-0.4666666666666668,-0.2999999999999998,0.666666666666667,-0.7999999999999998,0.15412186379928314,0.17741935483870966,0.16660266257040449,0.15525661228525522,0.314336917562724,0.41901881720430106,0.25985236388462196,0.3373470522803115,0.46845878136200714,0.5964381720430108,0.4264550264550264,0.49260366456556665,-2.207731694828469,-1.8355186318131258
2022020541,2022-12-24,2022-2023,DAL,MTL,4,2,6,2,1,1.0,1.0,0.0,0,0,-1.0,-1.0,0.0,5.0,3.0,2.8,2.5,0.2999999999999998,2.8,3.3,-0.5,5.6,5.8,32.0,25.4,32.2,31.9,0.09009943215825567,0.10577660783152772,0.9109544256994615,0.8887767503860957,0.5,0.3,0.5,1.1,18.0,22.8,5.7,11.0,15.6,14.0,6.4,6.0,6.9,8.6,2.0,2.0,5.0,4.0,1.5491933384829673,1.5811388300841898,1.6865480854231354,1.8287822299126937,0.20000000000000018,-0.8333333333333333,0.8666666666666667,-0.2999999999999998,0.2352941176470588,0.11594202898550725,0.18166963755199048,0.10098176718092566,0.45098039215686275,0.1536231884057971,0.36378490790255497,0.16468750703137305,0.6862745098039215,0.26956521739130435,0.5454545454545454,0.26566927421229874,1.4839572192513368,-0.7584751483150955
2022020542,2022-12-24,2022-2023,EDM,VAN,2,5,7,-3,0,1.0,0.0,1.0,0,1,1.0,1.0,0.0,5.0,5.0,4.2,2.8,1.4000000000000004,2.9,4.3,-1.4,7.1,7.1,32.6,31.2,31.8,30.8,0.13035862597118675,0.09154115243469463,0.8977667642814702,0.857055525254896,1.7,0.7,0.8,0.7,20.8,23.8,7.9,7.3,11.6,12.9,9.7,5.5,10.3,7.5,3.0,2.0,6.0,8.0,2.1499353995462807,2.4404006956964173,0.7378647873726208,1.251665557034573,-0.20000000000000018,-0.46666666666666634,0.7666666666666666,0.7000000000000002,0.3672014260249554,0.03125,0.22330659536541886,0.19507575757575757,0.6530005941770648,0.27729885057471265,0.4103238265002971,0.28164184952978055,1.02020202020202,0.30854885057471265,0.6336304218657159,0.4767176071055381,0.4947415329768271,-0.6579153605015674
2022020539,2022-12-24,2022-2023,NSH,COL,2,3,5,-1,0,1.0,1.0,0.0,0,0,2.0,3.0,-1.0,4.0,5.0,2.5,1.8,0.7,2.7,2.3,0.40000000000000036,5.2,4.1,29.3,33.1,34.5,29.1,0.08581676822587612,0.05786697607183444,0.918953203437464,0.9238806902168971,0.4,0.3,1.1,0.5,28.4,23.5,9.0,5.6,15.3,12.3,8.0,9.2,6.1,6.9,1.0,1.0,3.0,7.0,1.5092308563562358,1.2292725943057181,1.4181364924121762,1.6363916944844765,0.5,-0.1333333333333333,-0.3666666666666667,-1.6333333333333333,0.17204301075268816,0.0,0.16129032258064516,0.15841013824884795,0.4628136200716846,0.145468509984639,0.408826164874552,0.3217741935483871,0.6348566308243727,0.145468509984639,0.570116487455197,0.48018433179723496,-0.49193548387096775,0.7940092165898617
2022020538,2022-12-24,2022-2023,NYI,FLA,5,1,6,4,1,0.0,1.0,-1.0,1,0,-2.0,-2.0,0.0,3.0,4.0,2.9,3.0,-0.10000000000000009,2.8,2.9,-0.10000000000000009,5.7,5.9,30.7,32.4,30.5,30.5,0.09749141964478096,0.0952382486107811,0.9033908317937355,0.9050165335277814,0.3,0.6,0.7,0.9,24.4,19.1,8.0,12.7,17.9,12.0,6.3,7.1,7.8,8.1,1.0,2.0,4.0,5.0,2.024845673131658,1.414213562373095,1.8135294011647254,2.0248456731316584,-0.2333333333333334,0.0,-0.7999999999999998,1.1,0.18389780154486038,0.1111111111111111,0.2537136066547831,0.18652868091858274,0.2083184789067142,0.17501815541031226,0.31004159239453355,0.25853915406482575,0.3922162804515746,0.2861292665214234,0.5637551990493167,0.4450678349834085,0.26648841354723707,-0.9868414363918036
2022020545,2022-12-24,2022-2023,VGK,STL,5,4,9,1,1,1.0,2.0,-1.0,0,0,1.0,-1.0,2.0,6.0,5.0,3.0,3.3,-0.2999999999999998,2.7,3.2,-0.5,5.7,6.5,31.3,27.9,28.4,31.2,0.10025633445913706,0.11986442534621063,0.9042590014243794,0.8895529851803033,1.0,0.6,0.5,0.7,20.2,22.9,6.3,5.8,15.0,13.0,9.7,7.3,7.3,7.4,2.0,4.0,6.0,3.0,1.6996731711975948,1.888562063228706,1.4944341180973268,1.813529401164725,0.0,0.7000000000000002,-0.03333333333333366,-0.8666666666666667,0.0956043956043956,0.16161616161616163,0.1954212454212454,0.10894660894660896,0.3835164835164835,0.24242424242424243,0.3489010989010988,0.2554112554112554,0.47912087912087914,0.40404040404040403,0.5443223443223443,0.3643578643578644,0.6483516483516483,-1.4415584415584415
2022020537,2022-12-24,2022-2023,WSH,WPG,4,1,5,3,1,0.0,0.0,0.0,1,1,3.0,-1.0,4.0,8.0,6.0,3.8,3.6,0.19999999999999973,2.2,2.3,-0.09999999999999964,6.0,5.9,36.6,28.4,28.7,32.0,0.11251476997507925,0.13506354143633145,0.9208914973037683,0.9297813459857981,0.7,0.8,0.5,0.7,20.9,19.7,5.8,8.6,16.9,14.2,6.5,7.7,7.5,6.8,3.0,3.0,4.0,5.0,1.6865480854231347,1.5055453054181627,0.9189365834726815,1.4181364924121762,0.20000000000000018,-0.6000000000000001,0.1333333333333333,0.03333333333333366,0.341253742876461,0.0781609195402299,0.23102787394449611,0.20574712643678164,0.3894813097652854,0.23841866945315218,0.36491609347913395,0.39193660745384884,0.7307350526417463,0.31657958899338207,0.5959439674236301,0.5976837338906305,0.38601015723893906,1.1273772204806687
2022020553,2022-12-28,2022-2023,STL,TOR,4,5,9,-1,0,3.0,5.0,-2.0,0,0,-2.0,2.0,-4.0,5.0,7.0,3.5,3.8,-0.2999999999999998,3.1,2.0,1.1,6.6,5.8,28.0,35.0,30.7,26.9,0.12651467165162936,0.10609616963627588,0.8905664986938169,0.918891415601942,0.7,0.7,0.6,0.5,21.6,20.6,5.4,8.6,12.7,13.3,8.1,9.3,7.4,10.5,1.0,1.0,3.0,6.0,1.8408935028645432,1.6865480854231356,1.728840330651991,1.885618083164127,0.16666666666666652,-0.46666666666666634,-0.10000000000000009,1.0,0.1568627450980392,0.07257448433919021,0.15502450980392157,0.14685369097133802,0.2450980392156863,0.19646040234275527,0.3388480392156863,0.22713361438851631,0.40196078431372545,0.2690348866819455,0.4938725490196078,0.37398730535985436,-1.7555147058823528,0.838044308632544
2022020557,2022-12-28,2022-2023,LAK,VGK,4,2,6,2,1,3.0,3.0,0.0,0,0,-1.0,2.0,-3.0,6.0,6.0,2.7,3.0,-0.2999999999999998,3.0,3.0,0.0,5.7,6.0,34.0,32.0,29.2,28.8,0.08009057587684029,0.09675633445913707,0.8983406487297124,0.8944658979761035,0.6,1.0,1.3,0.5,20.6,20.5,9.7,6.3,19.1,14.4,4.5,11.5,9.8,7.5,3.0,3.0,3.0,7.0,1.94650684275419,1.6996731711975948,1.9436506316150992,1.4142135623730956,0.2999999999999998,0.6666666666666665,-1.3333333333333333,0.0,0.11936129678065162,0.10493827160493825,0.20382479253446997,0.2006172839506173,0.3916012786980529,0.38271604938271603,0.4210258645742517,0.3487654320987654,0.5109625754787045,0.48765432098765427,0.6248506571087217,0.5493827160493827,0.1539523394362104,0.6481481481481481
2022020552,2022-12-28,2022-2023,WPG,MIN,1,4,5,-3,0,3.0,4.0,-1.0,0,0,-2.0,-1.0,-1.0,5.0,7.0,3.2,3.3,-0.09999999999999964,2.4,2.3,0.10000000000000009,5.6,5.6,27.9,30.1,30.5,27.5,0.12278066302442078,0.11811740620296016,0.9231209332278242,0.9171862901274667,0.6,0.7,0.6,0.7,20.7,18.5,8.1,10.7,14.6,15.7,7.7,5.4,6.8,5.5,2.0,3.0,4.0,4.0,1.6193277068654832,1.0593499054713817,1.429840705968481,1.7669811040931442,-0.5333333333333337,0.03333333333333366,-0.06666666666666643,0.03333333333333366,0.07562724014336918,0.05252525252525253,0.19957832595403754,0.10776732845698361,0.230887623866751,0.20683760683760685,0.3801496942863167,0.2737040311752955,0.30651486401012024,0.25936285936285935,0.5797280202403542,0.38147135963227913,0.9459835547122074,0.14252784252784254
2022020546,2022-12-28,2022-2023,OTT,BOS,3,2,5,1,1,4.0,3.0,1.0,0,0,-3.0,4.0,-7.0,5.0,7.0,3.0,3.6,-0.6000000000000001,2.9,2.3,0.6000000000000001,5.9,5.9,32.2,34.8,30.1,28.9,0.09457080987301698,0.11248869926321896,0.8979962030436169,0.9124087441829378,1.6,1.0,0.5,0.5,26.8,23.6,7.2,8.8,15.4,15.4,5.4,7.5,8.8,10.2,3.0,3.0,5.0,6.0,1.4907119849998591,1.3498971154211055,1.5238839267549942,1.159501808728406,-1.3333333333333333,1.0666666666666669,0.7666666666666666,0.3666666666666667,0.20887445887445888,0.3703607503607504,0.12968975468975472,0.26970988076251234,0.2546897546897547,0.5718903318903319,0.15259740259740262,0.4031700463279411,0.46356421356421357,0.9422510822510822,0.2822871572871573,0.6728799270904533,-0.6022727272727273,1.655055821371611
2022020556,2022-12-28,2022-2023,VAN,SJS,6,2,8,4,1,3.0,4.0,-1.0,0,0,2.0,1.0,1.0,6.0,3.0,3.2,3.2,0.0,4.1,3.6,0.49999999999999956,7.3,6.8,31.0,29.3,31.4,31.0,0.10508281910136127,0.1100603118016911,0.8658097340091047,0.883374732625944,0.8,0.9,0.7,1.0,24.4,24.0,7.7,10.8,13.8,17.1,6.0,7.3,8.2,8.3,3.0,1.0,7.0,5.0,2.4404006956964173,1.6193277068654823,1.449137674618944,1.9550504398153572,0.46666666666666634,0.1333333333333333,-0.09999999999999964,0.733333333333333,0.030303030303030304,0.17500000000000002,0.20926657883179622,0.20018134493940945,0.301010101010101,0.26160714285714287,0.2991655687307861,0.3942785671616316,0.3313131313131313,0.4366071428571428,0.5084321475625823,0.5944599121010411,-0.3919631093544137,-1.152374551971326
2022020549,2022-12-28,2022-2023,NYR,WSH,0,4,4,-4,0,4.0,3.0,1.0,0,0,1.0,4.0,-3.0,8.0,9.0,4.1,4.0,0.09999999999999964,2.4,1.9,0.5,6.5,5.9,28.3,36.4,27.3,27.8,0.14791482610867032,0.12043303306575615,0.9034121366514544,0.9284739148861858,0.8,0.6,0.7,0.5,24.1,20.3,8.0,5.6,15.5,16.5,8.0,6.6,8.3,7.8,4.0,5.0,5.0,5.0,2.0248456731316584,1.563471919941142,1.2649110640673518,0.7378647873726224,0.5666666666666673,-0.3333333333333335,-0.06666666666666643,0.10000000000000009,0.40952380952380957,0.3349206349206349,0.2817927170868348,0.22685185185185186,0.4666666666666666,0.3166666666666667,0.3532212885154061,0.3137566137566138,0.8761904761904762,0.6515873015873016,0.635014005602241,0.5406084656084656,0.5201680672268907,0.7674603174603174
2022020548,2022-12-28,2022-2023,CAR,CHI,3,0,3,3,1,3.0,3.0,0.0,0,0,8.0,1.0,7.0,9.0,2.0,3.6,1.9,1.7000000000000002,2.3,3.7,-1.4000000000000004,5.9,5.6,32.3,28.0,27.4,29.6,0.11358222254715429,0.06745494401440108,0.9176362990738303,0.8708878281938628,0.6,0.6,0.5,0.9,17.0,21.4,7.2,9.1,13.2,16.6,8.3,6.2,5.9,8.5,5.0,1.0,5.0,6.0,1.3498971154211048,1.8529256146249724,1.7029386365926398,1.828782229912693,1.0666666666666669,0.7666666666666666,0.7000000000000002,0.6333333333333329,0.1473559120617944,0.17036290322580647,0.11143681704244639,0.1565535780496848,0.3256090314913844,0.34677419354838707,0.2512964014485994,0.3131141082684464,0.47296494355317886,0.5171370967741935,0.36273321849104584,0.46966768631813127,0.7007234345351043,-1.6024054505005563
2022020551,2022-12-28,2022-2023,NSH,DAL,2,3,5,-1,0,3.0,3.0,0.0,0,0,-1.0,1.0,-2.0,3.0,6.0,2.3,2.7,-0.40000000000000036,2.7,2.5,0.20000000000000018,5.0,5.2,30.8,32.1,36.3,31.5,0.07427830668741459,0.0869248289836525,0.9231457500213148,0.9187501246241927,0.5,0.8,0.9,0.5,28.6,18.3,9.0,4.8,16.1,15.4,8.6,6.7,6.4,6.7,1.0,3.0,4.0,5.0,1.4181364924121762,1.4181364924121769,1.4181364924121762,1.5092308563562358,1.0333333333333337,0.2999999999999998,-0.03333333333333366,0.16666666666666652,0.09375,0.22857142857142856,0.171875,0.17647058823529413,0.3745833333333333,0.4666666666666666,0.34875000000000006,0.36764705882352944,0.4683333333333333,0.6952380952380953,0.520625,0.5441176470588235,-0.635,1.4689075630252102
2022020555,2022-12-28,2022-2023,CGY,EDM,1,2,3,-1,0,3.0,3.0,0.0,0,0,1.0,-1.0,2.0,4.0,4.0,3.4,3.9,-0.5,3.0,3.0,0.0,6.4,6.9,34.0,33.7,28.5,31.4,0.10704656100846428,0.11369195930452007,0.8923124298713206,0.8930645699241033,0.7,1.4,0.8,0.7,19.2,20.5,12.2,7.7,12.6,11.9,6.6,9.5,8.5,10.4,1.0,2.0,3.0,6.0,1.8973665961010269,2.2335820757001277,1.3333333333333333,0.8164965809277254,0.9333333333333331,-0.2333333333333334,0.0,0.6666666666666665,0.14464285714285716,0.3565826330532213,0.16089285714285714,0.21638655462184872,0.2348214285714286,0.6439775910364145,0.2368463403880071,0.40294117647058814,0.37946428571428575,1.0005602240896359,0.3977391975308642,0.619327731092437,-0.007539682539682513,0.2120448179271709
2022020554,2022-12-28,2022-2023,ARI,COL,6,3,9,3,1,3.0,3.0,0.0,0,0,1.0,4.0,-3.0,4.0,6.0,2.7,2.0,0.7000000000000002,3.7,2.0,1.7000000000000002,6.4,4.0,25.1,35.2,34.4,29.0,0.11412691569472048,0.06038871520226922,0.8916331736012355,0.931252485088692,0.4,0.3,1.1,0.5,27.8,23.4,9.8,4.7,14.8,12.1,6.2,9.9,10.1,6.6,4.0,2.0,6.0,7.0,1.4181364924121764,1.2472191289246466,1.8287822299126946,1.3333333333333326,-1.0333333333333334,-0.33333333333333326,-0.7000000000000002,-1.0,0.09375,0.044444444444444446,0.12202380952380952,0.048263888888888884,0.08912037037037036,0.13749999999999998,0.19188161375661375,0.14640151515151514,0.18287037037037038,0.18194444444444446,0.3139054232804233,0.19466540404040403,-1.1473214285714286,0.2921266233766233
2022020550,2022-12-28,2022-2023,NYI,PIT,5,1,6,4,1,3.0,4.0,-1.0,0,0,1.0,-1.0,2.0,4.0,8.0,3.3,3.5,-0.20000000000000018,2.7,2.2,0.5,6.0,5.7,30.1,32.3,30.7,32.7,0.10707851029499453,0.107730970708008,0.9085668152305887,0.9316910813976698,0.2,1.4,0.5,0.3,23.2,30.5,9.2,7.4,18.5,16.5,5.8,9.7,6.7,9.4,2.0,2.0,4.0,7.0,2.002775851439973,1.1785113019775797,1.8885620632287055,1.0327955589886435,-0.6333333333333333,-0.8333333333333335,-1.0333333333333334,0.7999999999999998,0.18793711032800217,0.3474747474747475,0.22758200054215236,0.22056581137040907,0.20198789193096592,0.5757575757575758,0.2874085117918135,0.5009094779209721,0.38992500225896815,0.9232323232323232,0.5149905123339659,0.7214752892913813,0.573109243697479,0.02575177057935682
2022020562,2022-12-29,2022-2023,ANA,VGK,3,2,5,1,1,4.0,0.0,4.0,0,1,-3.0,-1.0,-2.0,3.0,5.0,2.0,2.9,-0.8999999999999999,3.8,3.0,0.7999999999999998,5.8,5.9,26.3,32.1,38.5,26.9,0.08056218515074011,0.09225633445913707,0.8984496834866356,0.88894264216215,0.5,1.1,0.9,0.4,19.3,19.8,11.4,5.9,15.0,14.7,4.8,10.0,9.2,6.5,1.0,2.0,4.0,7.0,1.7638342073763935,1.7288403306519917,1.4757295747452437,1.4142135623730956,-0.6666666666666667,0.7666666666666666,-0.46666666666666634,0.0,0.1372549019607843,0.11068211068211069,0.10553221288515408,0.23101673101673104,0.21442125237191653,0.4269626769626769,0.21911538809072018,0.41167953667953666,0.3516761543327008,0.5376447876447877,0.3246476009758742,0.6426962676962678,-1.3505557061534292,0.39671814671814676
2022020558,2022-12-29,2022-2023,NJD,BOS,1,3,4,-2,0,4.0,0.0,4.0,0,1,-1.0,-1.0,0.0,3.0,7.0,2.5,3.5,-1.0,2.9,2.2,0.6999999999999997,5.4,5.7,33.3,35.6,27.3,29.7,0.08447081046024521,0.10943352370462342,0.8891369439739005,0.9186587441829378,0.5,0.9,0.6,0.6,15.4,22.4,9.6,8.6,15.3,15.5,5.6,6.3,8.8,10.0,1.0,3.0,6.0,5.0,1.1785113019775786,1.4337208778404376,1.66332999331662,1.1352924243950937,0.16666666666666652,-0.5,0.43333333333333357,0.1333333333333333,0.10784313725490197,0.35777812451240437,0.13368983957219252,0.2607518073542414,0.24598930481283424,0.561736100275654,0.28149138443256094,0.39900530503978776,0.3538324420677362,0.9195142247880584,0.41518122400475344,0.6597571123940292,1.2388591800356505,1.631447963800905
2022020560,2022-12-29,2022-2023,PIT,DET,4,5,9,-1,0,0.0,6.0,-6.0,1,0,-2.0,1.0,-3.0,7.0,3.0,3.2,2.6,0.6000000000000001,2.4,3.2,-0.8000000000000003,5.6,5.8,29.7,25.8,33.2,33.3,0.1039822371720404,0.0971329662921718,0.9278944276010159,0.8994257281085186,1.3,0.6,0.1,0.8,28.1,20.9,7.0,8.5,17.4,14.3,9.2,5.6,10.0,6.4,5.0,2.0,6.0,4.0,1.398411797560203,2.0655911179772883,1.349897115421105,1.3165611772087664,-0.8666666666666667,1.733333333333333,1.2666666666666666,1.1333333333333329,0.3371283997469956,0.17113095238095236,0.21380229511159302,0.18660714285714286,0.5585072738772929,0.32589285714285715,0.4851359898798229,0.37773809523809526,0.8956356736242883,0.49702380952380953,0.6989382849914159,0.5643452380952381,-0.3562980030721966,-0.44625000000000004
2022020561,2022-12-29,2022-2023,SEA,CGY,2,3,5,-1,0,5.0,0.0,5.0,0,1,-1.0,-1.0,0.0,4.0,3.0,2.9,3.0,-0.10000000000000009,3.3,2.9,0.3999999999999999,6.2,5.9,31.0,36.0,27.5,27.9,0.0952013349137962,0.09065570206441384,0.873587788991881,0.8939358064946973,0.2,0.5,1.0,0.9,23.7,19.9,11.2,11.8,13.6,11.9,10.6,7.5,6.1,8.5,3.0,3.0,5.0,3.0,1.5951314818673863,1.9436506316150999,1.5670212364724214,1.3703203194062978,1.4333333333333331,-0.6666666666666665,-0.2999999999999998,-0.2333333333333334,0.20268817204301073,0.14983164983164984,0.16514112903225805,0.16074203574203574,0.429413082437276,0.22811447811447808,0.36222670250896055,0.22964535464535463,0.6321012544802868,0.37794612794612786,0.5273678315412187,0.3903873903873903,0.8148924731182796,-0.07428682428682429
2022020559,2022-12-29,2022-2023,TBL,MTL,4,1,5,3,1,6.0,4.0,2.0,0,0,-2.0,-2.0,0.0,7.0,3.0,3.9,2.4,1.5,2.0,3.1,-1.1,5.9,5.5,32.0,24.5,29.9,33.2,0.12506277961497717,0.10501903207395195,0.9337578276865738,0.9029325945419397,0.7,0.2,0.2,1.1,23.8,22.3,9.3,10.7,13.2,14.9,10.4,5.4,10.2,7.9,5.0,2.0,6.0,4.0,1.4491376746189435,1.577621275493231,1.2472191289246466,1.7288403306519922,-0.5666666666666664,-0.3999999999999999,0.6666666666666665,-0.7666666666666666,0.18031609195402298,0.11111111111111112,0.17869971264367815,0.1315359477124183,0.34303160919540227,0.12681159420289856,0.3069324712643678,0.15964081888794165,0.5233477011494253,0.2379227053140097,0.48563218390804597,0.29117676660035996,-0.07349137931034483,-1.118304205740267
2022020568,2022-12-30,2022-2023,STL,CHI,3,1,4,2,1,1.0,1.0,0.0,0,0,-3.0,-1.0,-2.0,5.0,1.0,3.5,1.4,2.1,3.0,3.8,-0.7999999999999998,6.5,5.2,28.5,28.3,32.0,31.7,0.12448627408570642,0.043645420204877286,0.9020529851803033,0.871908236357128,0.7,0.3,0.5,0.8,23.1,21.4,5.4,6.4,12.4,16.0,8.5,6.3,7.6,8.6,1.0,0.0,4.0,6.0,1.8408935028645432,1.5776212754932304,1.563471919941142,1.7511900715418258,-0.16666666666666652,0.9333333333333336,1.333333333333333,-0.7999999999999998,0.1619047619047619,0.16508838383838384,0.12285714285714285,0.1431502525252525,0.24761904761904763,0.33617424242424243,0.28952380952380957,0.2724642255892256,0.40952380952380957,0.5012626262626263,0.41238095238095235,0.41561447811447816,-1.3885714285714286,-2.250841750841751
2022020565,2022-12-30,2022-2023,TBL,NYR,2,1,3,1,1,0.0,1.0,-1.0,1,0,1.0,-1.0,2.0,7.0,8.0,3.9,3.9,0.0,2.0,2.3,-0.2999999999999998,5.9,6.2,33.1,28.7,30.3,28.2,0.12077428058963605,0.1407719689658132,0.9344571283858745,0.9130673090652477,0.7,0.7,0.2,0.5,24.6,22.8,10.2,5.9,13.4,14.5,11.2,8.7,10.1,8.8,6.0,4.0,7.0,5.0,1.4491376746189435,2.330951164939612,1.2472191289246466,1.1595018087284057,-0.8999999999999999,-1.5666666666666664,0.6666666666666665,0.7000000000000002,0.18484848484848485,0.39814814814814814,0.1782828282828283,0.27394179894179893,0.33232323232323235,0.4537037037037037,0.3126262626262626,0.34338624338624335,0.5171717171717173,0.8518518518518517,0.49090909090909096,0.6173280423280423,0.25151515151515147,0.3666666666666667
2022020564,2022-12-30,2022-2023,FLA,MTL,7,2,9,5,1,5.0,0.0,5.0,0,1,-3.0,-3.0,0.0,3.0,3.0,2.6,1.9,0.7000000000000002,3.2,2.8,0.40000000000000036,5.8,4.7,31.9,24.5,31.1,33.8,0.08172893184059478,0.08578826284318274,0.8982705017817496,0.9142812787524661,0.3,0.2,0.9,1.1,18.7,22.8,14.8,10.7,12.8,14.9,6.6,6.0,8.2,8.4,2.0,2.0,5.0,4.0,1.3498971154211057,0.9944289260117527,1.9321835661585918,1.135292424395094,-0.6000000000000001,-0.5666666666666667,1.4666666666666668,0.20000000000000018,0.06238095238095238,0.1625974025974026,0.1701488095238095,0.12836940836940838,0.15095238095238095,0.1752813852813853,0.27773109243697475,0.1502922077922078,0.2133333333333333,0.3378787878787879,0.44787990196078425,0.27866161616161617,-0.1352836134453781,-1.0841991341991342
2022020566,2022-12-30,2022-2023,WSH,OTT,3,4,7,-1,0,1.0,1.0,0.0,0,0,5.0,1.0,4.0,9.0,5.0,4.1,2.7,1.3999999999999995,1.7,2.9,-1.2,5.8,5.6,34.4,31.5,28.0,31.5,0.12776636639908948,0.08800029705250416,0.9351405815528524,0.8994800398215712,0.6,1.4,0.5,0.4,19.5,28.5,6.4,6.5,16.6,16.7,6.6,5.5,7.5,8.4,4.0,2.0,5.0,5.0,1.5238839267549933,1.3374935098492586,0.9486832980505145,1.5238839267549942,-0.4333333333333331,-1.0333333333333334,-0.7,0.43333333333333357,0.34409409409409414,0.20208248816768085,0.22946160446160446,0.12555104800540906,0.308058058058058,0.2578634212305612,0.30385742885742884,0.15344151453684923,0.6521521521521522,0.45994590939824204,0.5333190333190333,0.2789925625422583,0.916130416130416,-1.1425557809330629
2022020570,2022-12-30,2022-2023,WPG,VAN,4,2,6,2,1,1.0,1.0,0.0,0,0,-3.0,3.0,-6.0,4.0,7.0,2.8,3.7,-0.9000000000000004,2.5,3.8,-1.2999999999999998,5.3,7.5,29.1,30.2,30.1,30.8,0.10090566302442079,0.12605251607105825,0.9184614350199389,0.873742426316797,0.5,0.8,0.7,0.8,21.8,25.0,8.1,7.2,13.7,14.7,7.5,6.7,6.3,7.3,2.0,3.0,5.0,7.0,1.619327706865483,2.451756739791106,1.4337208778404378,1.5491933384829668,-1.4666666666666666,1.6333333333333329,0.5,-0.7999999999999998,0.07325268817204302,0.02941176470588235,0.19376920122887864,0.21282679738562094,0.22381912442396312,0.312460468058191,0.3738143241167435,0.31023350200295174,0.2970718125960061,0.34187223276407336,0.5675835253456222,0.5230602993885726,0.8294930875576036,-0.19821315623023403
2022020573,2022-12-30,2022-2023,SJS,PHI,3,4,7,-1,0,1.0,5.0,-4.0,0,0,-1.0,-2.0,1.0,3.0,3.0,3.3,3.1,0.19999999999999973,4.0,3.3,0.7000000000000002,7.3,6.4,29.5,30.6,30.4,33.1,0.11358595282733212,0.10095695105765698,0.8658263455291697,0.8962674081112578,1.0,0.5,1.0,0.7,20.9,28.3,10.4,8.7,16.2,18.2,6.9,5.5,8.0,6.3,2.0,1.0,5.0,4.0,1.4944341180973262,1.595131481867387,1.9999999999999996,1.4944341180973248,0.03333333333333366,1.233333333333333,0.666666666666667,1.0333333333333332,0.17003367003367006,0.2088702147525677,0.1931186868686869,0.15722103112994953,0.26346801346801346,0.42175536881419234,0.3916877104377104,0.27499233319916433,0.43350168350168355,0.63062558356676,0.5848063973063974,0.4322133643291138,-1.3400883838383837,-1.0986589943895446
2022020563,2022-12-30,2022-2023,BUF,DET,6,3,9,3,1,9.0,0.0,9.0,0,1,4.0,2.0,2.0,7.0,3.0,4.5,2.7,1.7999999999999998,2.9,3.4,-0.5,7.4,6.1,31.2,26.9,35.0,33.0,0.15084592355519216,0.09657396008099169,0.9111686457562603,0.8924048552432435,1.5,0.6,0.8,0.9,14.6,22.6,9.7,8.3,11.4,14.6,6.1,5.9,4.9,6.1,2.0,2.0,4.0,4.0,2.1730674684008826,2.162817093001111,1.4491376746189435,1.2649110640673515,-0.5,2.3,-0.8999999999999999,0.6000000000000001,0.25616611049314053,0.17589690003483108,0.2739163885799036,0.18565629772526324,0.4062291434927697,0.3256704980842912,0.3611006828574959,0.3757334619403585,0.6623952539859103,0.5015673981191222,0.6350170714373996,0.5613897596656218,0.7974425287356322,-0.37701953219194595
2022020569,2022-12-30,2022-2023,MIN,DAL,1,4,5,-3,0,1.0,1.0,0.0,0,0,1.0,2.0,-1.0,7.0,7.0,3.2,3.0,0.20000000000000018,1.9,2.4,-0.5,5.1,5.4,29.8,31.0,27.2,31.5,0.11627408823060995,0.09601573807456158,0.9283470044131811,0.9223215531956214,0.7,0.9,0.7,0.5,17.9,17.9,10.2,5.0,14.7,16.0,5.4,6.7,5.5,6.6,4.0,4.0,4.0,4.0,0.9189365834726831,1.0540925533894603,1.5238839267549964,1.5055453054181618,0.1333333333333333,0.3333333333333335,0.10000000000000009,0.6000000000000001,0.19607843137254902,0.23148148148148148,0.11830065359477125,0.1761904761904762,0.39251997095134356,0.47222222222222215,0.28281460732441127,0.3666666666666667,0.5885984023238925,0.7037037037037036,0.4011152609191824,0.5428571428571428,0.3591970121381886,1.454761904761905
2022020571,2022-12-30,2022-2023,COL,LAK,4,5,9,-1,0,1.0,1.0,0.0,0,0,-1.0,1.0,-2.0,6.0,6.0,2.0,2.6,-0.6000000000000001,2.1,3.0,-0.8999999999999999,4.1,5.6,35.1,33.7,28.9,28.4,0.06069113455710793,0.07823343301969743,0.927748697209904,0.8964012547903184,0.3,0.4,0.4,1.2,23.2,21.2,4.7,9.5,12.0,18.8,9.7,4.4,6.9,9.1,4.0,2.0,7.0,4.0,1.2472191289246466,1.8378731669453618,1.5238839267549942,1.9436506316150992,0.6666666666666665,0.3999999999999999,0.5666666666666664,-1.0,0.04301075268817204,0.11615398293029872,0.04675790159661127,0.2028138335704125,0.14000217226023678,0.3809121621621621,0.154597045726078,0.4185262565196775,0.18301292494840882,0.49706614509246094,0.2013549473226893,0.6213400900900901,0.08862821766047574,0.3193456614509246
2022020567,2022-12-30,2022-2023,NYI,CBJ,2,1,3,1,1,1.0,5.0,-4.0,0,0,2.0,-6.0,8.0,4.0,2.0,3.5,2.3,1.2000000000000002,2.8,3.9,-1.1,6.3,6.2,30.3,28.6,30.7,33.5,0.11148327219975644,0.08303829886588505,0.9038049104686838,0.8822671898534902,0.2,0.5,0.5,0.7,23.3,25.0,8.7,8.9,18.5,16.4,6.0,7.2,7.3,6.9,2.0,0.0,4.0,4.0,2.0682789409984754,1.7669811040931427,1.7511900715418258,2.2827858224351902,0.833333333333333,-0.2999999999999998,-0.7999999999999998,-0.5666666666666664,0.19292328042328044,0.1720328282828283,0.2356150793650794,0.15041849951124145,0.20644841269841266,0.4163510101010101,0.29370039682539684,0.3429914059954382,0.3993716931216931,0.5883838383838383,0.5293154761904763,0.4934099055066798,0.7350198412698412,-1.9021810850439882
2022020572,2022-12-30,2022-2023,ARI,TOR,6,3,9,3,1,1.0,1.0,0.0,0,0,2.0,3.0,-1.0,5.0,7.0,3.1,4.0,-0.8999999999999999,3.7,2.3,1.4000000000000004,6.8,6.3,26.4,35.5,34.8,27.9,0.12230873387653865,0.11023468314978939,0.8930668653575079,0.9112933763862557,0.5,0.7,1.0,0.6,28.7,19.9,9.4,9.4,14.9,13.1,6.4,8.7,9.5,9.8,5.0,2.0,7.0,5.0,1.728840330651992,1.6996731711975948,1.8287822299126946,1.9465068427541912,-0.10000000000000009,0.33333333333333304,-0.7000000000000002,0.3666666666666667,0.0903149138443256,0.16687370600414078,0.12300489683856823,0.13462732919254658,0.09632034632034632,0.3151138716356108,0.19096755734686768,0.3468426501035197,0.1866352601646719,0.48198757763975153,0.3139724541854359,0.48146997929606633,-0.9484295285512324,0.7024844720496894
2022020574,2022-12-30,2022-2023,ANA,NSH,1,6,7,-5,0,0.0,1.0,-1.0,1,0,1.0,-2.0,3.0,4.0,2.0,2.0,2.1,-0.10000000000000009,3.5,2.9,0.6000000000000001,5.5,5.0,26.0,31.3,39.6,34.7,0.08130292589148086,0.06402985948244565,0.9070281148591846,0.9160956572569365,0.5,0.3,0.8,0.9,19.9,29.4,11.6,8.9,15.7,16.5,5.0,8.6,9.2,6.8,2.0,1.0,5.0,5.0,1.7638342073763935,1.2866839377079184,1.509230856356236,1.2866839377079184,-0.33333333333333326,0.5666666666666664,-0.8333333333333335,-0.2333333333333334,0.15238095238095237,0.17487373737373738,0.11190476190476191,0.16319444444444445,0.2080357142857143,0.4483294483294484,0.21248346560846562,0.39588189588189593,0.3604166666666666,0.6232031857031857,0.3243882275132275,0.5590763403263402,-1.2535714285714286,-0.5608974358974359
2022020579,2022-12-31,2022-2023,VGK,NSH,5,4,9,1,1,1.0,0.0,1.0,0,1,-2.0,1.0,-3.0,5.0,3.0,3.0,2.5,0.5,2.7,2.5,0.20000000000000018,5.7,5.0,34.6,32.0,25.9,34.1,0.09233174924043422,0.07242779229898313,0.8950487482682561,0.9275434687047477,1.0,0.4,0.2,0.8,19.5,27.2,4.2,8.4,15.3,15.8,9.7,7.9,6.6,7.0,3.0,2.0,6.0,5.0,1.6329931618554518,1.7795130420052183,1.251665557034573,1.1785113019775786,-0.3333333333333335,0.8333333333333335,0.2999999999999998,-0.16666666666666652,0.10738052026618268,0.17944147355912063,0.2291288566243194,0.1632501485442662,0.4222625529340593,0.434310424506503,0.4041137326073805,0.38872383970423185,0.529643073200242,0.6137518980656235,0.6332425892317,0.5519739882484981,0.33393829401088926,-0.28698752228163993
2022020582,2022-12-31,2022-2023,TBL,ARI,5,3,8,2,1,0.0,0.0,0.0,1,1,2.0,3.0,-1.0,7.0,6.0,3.6,3.5,0.10000000000000009,1.8,3.2,-1.4000000000000001,5.4,6.7,33.8,26.9,31.0,34.5,0.11115306846842392,0.1372845792871667,0.9399755230347038,0.9065490082146507,0.5,0.7,0.1,1.0,26.6,29.6,9.4,7.8,14.0,15.1,10.8,6.1,10.4,9.7,6.0,0.0,7.0,8.0,1.7126976771553502,1.90029237516523,1.2292725943057177,1.0327955589886457,-0.6000000000000001,0.833333333333333,0.5333333333333334,-0.8666666666666667,0.1793168880455408,0.09694989106753811,0.17299177735610374,0.12396514161220042,0.32226438962681847,0.1031102096010818,0.3073740248787687,0.1950191570881226,0.5015812776723593,0.20006010066861993,0.48036580223487246,0.318984298700323,0.26944971537001894,-0.720419202163624
2022020589,2022-12-31,2022-2023,STL,MIN,2,5,7,-3,0,0.0,0.0,0.0,1,1,1.0,-1.0,2.0,5.0,7.0,3.1,3.0,0.10000000000000009,2.7,1.8,0.9000000000000001,5.8,4.8,28.6,29.4,30.2,28.8,0.10983110167191332,0.1097264691829909,0.907507530634849,0.9365887626549391,0.7,0.7,0.5,0.7,23.5,18.6,5.4,10.8,12.0,15.3,9.2,5.5,6.4,5.1,2.0,3.0,5.0,5.0,1.370320319406298,1.154700538379253,1.6363916944844754,1.398411797560204,0.5666666666666664,-0.6666666666666665,0.6333333333333333,0.8666666666666665,0.1574074074074074,0.07513227513227512,0.15698653198653198,0.11913295784263526,0.24074074074074073,0.24832451499118166,0.3367003367003367,0.29430898136867734,0.39814814814814814,0.3234567901234568,0.49368686868686873,0.4134419392113125,-1.6528749028749028,0.22237053516252628
2022020577,2022-12-31,2022-2023,SEA,EDM,2,7,9,-5,0,1.0,2.0,-1.0,0,0,-2.0,1.0,-3.0,3.0,5.0,2.8,3.9,-1.1,3.4,2.8,0.6000000000000001,6.2,6.7,31.6,32.9,29.6,31.1,0.089652947817022,0.11611620172876251,0.8754652593476123,0.8969369103496353,0.1,1.5,1.0,0.6,23.6,19.9,10.5,7.3,13.6,13.0,10.7,10.0,6.4,9.5,2.0,3.0,5.0,5.0,1.619327706865482,2.2335820757001277,1.5055453054181622,1.0327955589886437,1.2000000000000002,-0.5666666666666664,-0.06666666666666643,-0.1333333333333333,0.19639947865754318,0.3558201058201058,0.16623586986490213,0.21452621452621448,0.43620682632779406,0.6354497354497354,0.3659642328997168,0.3960076960076959,0.6326063049853373,0.9912698412698413,0.5322001027646189,0.6105339105339106,0.8265001127904353,0.16147186147186146
2022020580,2022-12-31,2022-2023,WSH,MTL,9,2,11,7,1,0.0,0.0,0.0,1,1,-1.0,-4.0,3.0,8.0,2.0,4.0,1.7,2.3,2.0,3.3,-1.2999999999999998,6.0,5.0,34.0,25.6,29.5,34.6,0.1259950298451442,0.06819567025059012,0.9295850259972969,0.9032687140813648,0.5,0.4,0.4,1.4,21.1,22.9,6.2,14.0,16.9,14.5,6.7,5.5,8.0,8.1,4.0,1.0,6.0,4.0,1.563471919941142,0.6749485577105521,1.154700538379252,1.7029386365926404,-0.3333333333333335,-0.033333333333333215,-0.33333333333333326,1.3666666666666671,0.343764817449028,0.13322185061315495,0.22745592482434587,0.1171388287756574,0.299905168326221,0.1872378828900568,0.3033751454804087,0.15396584943899522,0.6436699857752489,0.3204597335032118,0.5308310703047545,0.2711046782146527,0.8365446786499418,-0.6417734183974593
2022020581,2022-12-31,2022-2023,LAK,PHI,2,4,6,-2,0,0.0,0.0,0.0,1,1,2.0,1.0,1.0,7.0,3.0,3.0,3.0,0.0,2.9,3.3,-0.3999999999999999,5.9,6.3,33.5,29.8,27.0,32.7,0.09304824783451224,0.10163568408933121,0.8937815619267233,0.8949281223969721,0.6,0.3,1.2,0.7,19.7,27.4,9.6,8.3,19.9,15.9,4.4,6.2,8.4,5.8,4.0,2.0,4.0,3.0,1.6329931618554514,1.49071198499986,1.8529256146249717,1.4944341180973248,0.0,1.0,-0.5666666666666664,1.0333333333333332,0.11311495522021836,0.19914021164021165,0.20185662290925446,0.15073432150638033,0.3707929497403182,0.4245370370370371,0.4118922013658856,0.28449848809255507,0.4839079049605366,0.6236772486772487,0.6137488242751401,0.43523280959893534,0.10060115323273217,-0.9759614765446409
2022020583,2022-12-31,2022-2023,CBJ,CHI,4,1,5,3,1,0.0,0.0,0.0,1,1,-7.0,-2.0,-5.0,2.0,1.0,2.3,1.5,0.7999999999999998,3.7,3.7,0.0,6.0,5.2,26.8,28.4,33.7,30.5,0.08523610106368724,0.048190874750331826,0.8884763401802875,0.8722653792142708,0.5,0.4,0.7,0.8,23.9,21.2,8.9,6.1,16.8,15.0,7.3,7.0,7.5,8.8,2.0,0.0,4.0,6.0,1.7669811040931427,1.5092308563562356,2.359378449224851,1.828782229912693,-0.2999999999999998,0.5,-0.03333333333333366,-1.3666666666666667,0.16696375519904935,0.1699346405228758,0.14587316475954998,0.14133986928104575,0.41384432560903156,0.32620320855614976,0.33750604958503444,0.26020711314828965,0.5808080808080808,0.49613784907902553,0.4833792143445843,0.40154698242933534,-1.8474534241849232,-2.4155207537560477
2022020575,2022-12-31,2022-2023,CAR,FLA,4,0,4,4,1,2.0,0.0,2.0,0,1,9.0,1.0,8.0,9.0,4.0,3.5,3.1,0.3999999999999999,2.1,3.0,-0.8999999999999999,5.6,6.1,34.1,31.9,26.5,30.8,0.10680144572029453,0.0939240537918143,0.9236969051344364,0.9041964277076756,0.5,0.5,0.4,0.9,16.5,19.6,7.0,16.2,13.0,13.0,8.5,6.5,6.3,8.3,6.0,1.0,6.0,6.0,1.354006400772659,1.9119507199599979,1.8529256146249724,1.9436506316150999,0.833333333333333,0.2333333333333334,0.5666666666666664,0.0,0.14313725490196078,0.060123784261715295,0.11319020032255327,0.1886200006889662,0.3450980392156863,0.1457903526869044,0.25818213649096006,0.28582668927496513,0.48823529411764705,0.2059141369486197,0.3713723368135133,0.4744466899639314,0.8557104660045837,0.096786355407045
2022020578,2022-12-31,2022-2023,BOS,BUF,3,4,7,-1,0,1.0,0.0,1.0,0,1,1.0,5.0,-4.0,7.0,7.0,3.4,4.7,-1.3000000000000003,2.3,2.8,-0.5,5.7,7.5,34.6,31.3,30.5,33.6,0.10973382400492371,0.15622407481569636,0.9154329377313248,0.9103801152903104,0.9,1.5,0.6,0.9,22.7,14.5,8.2,8.7,16.6,11.1,6.1,6.6,11.4,4.7,4.0,4.0,5.0,5.0,1.4298407059684808,2.213594362117865,0.948683298050514,1.3984117975602015,-0.3999999999999999,-0.033333333333333215,-0.2999999999999998,-0.46666666666666634,0.35555555555555557,0.2970619658119658,0.2571428571428572,0.2899451243201243,0.5552028218694885,0.41292735042735046,0.3966490299823633,0.35836732711732716,0.9107583774250442,0.7099893162393163,0.6537918871252205,0.6483124514374514,1.6275132275132276,0.9349796037296038
2022020576,2022-12-31,2022-2023,PIT,NJD,2,4,6,-2,0,1.0,1.0,0.0,0,0,-3.0,-2.0,-1.0,6.0,2.0,3.0,2.3,0.7000000000000002,2.7,2.9,-0.19999999999999973,5.7,5.2,29.0,34.6,35.0,26.6,0.1010959892942815,0.07102995024519146,0.9241677195264817,0.8875052423421987,1.3,0.5,0.3,0.5,28.1,13.7,7.2,10.1,18.2,14.5,9.5,6.8,10.3,9.9,4.0,1.0,6.0,7.0,1.0540925533894614,1.2516655570345718,1.5670212364724208,1.66332999331662,-0.3333333333333335,0.3666666666666667,1.9666666666666668,-0.2333333333333334,0.33779761904761907,0.10476190476190476,0.2547667050691244,0.12983193277310923,0.5526785714285715,0.2484593837535014,0.4617463517665131,0.2781512605042017,0.8904761904761905,0.3532212885154062,0.7165130568356376,0.40798319327731086,-0.30388824884792626,1.057142857142857
2022020590,2023-01-01,2022-2023,NJD,CAR,4,5,9,-1,0,0.0,0.0,0.0,1,1,1.0,10.0,-9.0,2.0,10.0,2.4,3.6,-1.2000000000000002,3.1,1.7,1.4000000000000001,5.5,5.3,34.5,33.8,26.9,25.4,0.07497083694469885,0.11045804349453936,0.8800978349347914,0.9370302384677697,0.5,0.8,0.5,0.4,15.5,16.3,10.9,8.0,15.2,12.4,6.8,8.7,8.9,6.6,0.0,3.0,6.0,7.0,1.349897115421105,1.3498971154211048,1.3703203194062978,1.8287822299126928,0.2666666666666666,0.733333333333333,-0.43333333333333357,-0.033333333333333215,0.10185185185185186,0.13915343915343917,0.13082010582010584,0.10993466003607992,0.26031746031746034,0.353968253968254,0.28439153439153436,0.2599384163278686,0.3621693121693122,0.4931216931216931,0.4152116402116402,0.36987307636394856,1.0857142857142856,0.8597275273745861
2022020591,2023-01-01,2022-2023,FLA,NYR,3,5,8,-2,0,0.0,1.0,-1.0,1,0,-1.0,-2.0,1.0,3.0,7.0,2.6,3.4,-0.7999999999999998,3.3,2.0,1.2999999999999998,5.9,5.4,29.7,30.9,32.2,29.3,0.08172893184059478,0.11794588200929146,0.8974317218253225,0.9243604125135235,0.5,0.6,1.1,0.4,20.9,24.3,16.4,5.1,13.0,15.4,6.6,8.1,8.6,8.4,2.0,4.0,5.0,4.0,2.0110804171997807,2.366431913239847,1.8287822299126937,1.05409255338946,0.06666666666666643,-1.4,0.03333333333333366,0.3333333333333335,0.10000000000000002,0.3963963963963964,0.1603848946986202,0.27102102102102105,0.15825825825825826,0.44144144144144143,0.19859172898388586,0.33408408408408413,0.25825825825825827,0.8378378378378378,0.35897662368250605,0.6051051051051052,-0.5641965494906671,0.3836336336336337
2022020584,2023-01-01,2022-2023,DET,OTT,4,2,6,2,1,1.0,1.0,0.0,0,0,-1.0,2.0,-3.0,3.0,6.0,2.9,2.9,0.0,3.6,2.7,0.8999999999999999,6.5,5.6,27.5,32.7,34.0,31.0,0.10225137943583038,0.09082857988078699,0.8901989728903021,0.9042937044178446,0.6,1.2,0.9,0.2,22.2,29.0,9.1,6.3,14.6,16.4,6.3,6.1,5.3,7.9,1.0,3.0,3.0,4.0,2.078995483935023,1.3703203194062974,1.3498971154211057,1.3374935098492582,2.1,-0.2333333333333334,0.733333333333333,-0.03333333333333366,0.17058823529411768,0.19572649572649573,0.18968772694262892,0.16056166056166057,0.3156862745098039,0.26874236874236873,0.37516339869281046,0.22484737484737485,0.4862745098039216,0.46446886446886443,0.5648511256354395,0.38540903540903537,-0.4583877995642702,-0.7615384615384615
2022020588,2023-01-01,2022-2023,EDM,WPG,1,2,3,-1,0,0.0,1.0,-1.0,1,0,2.0,1.0,1.0,5.0,4.0,3.8,2.9,0.8999999999999999,2.8,2.6,0.19999999999999973,6.6,5.5,32.6,29.8,33.1,30.0,0.11513405887161965,0.10178707328083103,0.9027848635660096,0.9137183520159862,1.5,0.6,0.6,0.7,19.8,22.3,7.5,7.7,14.2,13.5,10.1,7.3,8.9,7.0,1.0,1.0,4.0,6.0,2.043961295567453,1.6633299933166203,1.0327955589886437,1.3498971154211057,-0.1333333333333333,-0.8999999999999999,-0.46666666666666634,0.06666666666666643,0.3646146146146146,0.07102272727272728,0.19582082082082083,0.2021780303030303,0.6634134134134134,0.21717171717171715,0.4036179036179037,0.3771043771043771,1.028028028028028,0.2881944444444444,0.5994387244387245,0.5792824074074074,0.5624195624195624,0.7509469696969697
2022020585,2023-01-01,2022-2023,COL,TOR,2,6,8,-4,0,1.0,1.0,0.0,0,0,-2.0,-1.0,-1.0,6.0,7.0,2.4,4.0,-1.6,2.1,2.3,-0.19999999999999973,4.5,6.3,35.5,34.8,27.9,26.7,0.07550594937192275,0.11191737545748173,0.9237446932059001,0.9043669694598486,0.4,0.8,0.6,0.6,23.4,19.5,4.6,9.1,11.5,13.1,10.5,8.3,6.8,10.4,4.0,2.0,7.0,5.0,1.1737877907772662,1.6996731711975948,1.5238839267549942,1.9465068427541912,0.9333333333333336,0.0,1.5666666666666664,1.3666666666666667,0.052083333333333336,0.16203703703703706,0.10384052814674256,0.13625478927203066,0.1332107843137255,0.3148148148148148,0.22332217316206882,0.35107644590403214,0.18529411764705883,0.4768518518518518,0.32716270130881137,0.48733123517606264,0.3919099401547219,0.4828954570333881
2022020587,2023-01-01,2022-2023,CGY,VAN,3,2,5,1,1,2.0,1.0,1.0,0,0,1.0,-1.0,2.0,4.0,6.0,3.2,3.6,-0.3999999999999999,2.9,3.9,-1.0,6.1,7.5,37.2,29.2,28.4,32.3,0.09434888388259566,0.12576842516196735,0.8951765012837791,0.8745433416486048,0.6,0.6,0.9,0.9,20.8,24.5,10.6,7.4,12.8,15.7,7.9,6.5,8.7,7.3,0.0,3.0,3.0,6.0,1.8135294011647252,2.5033311140691454,1.3703203194062978,1.449137674618944,-0.8666666666666667,0.733333333333333,-0.8999999999999999,-1.5666666666666664,0.14573396926338103,0.02857142857142857,0.16062140571944494,0.2066666666666667,0.2217806041335453,0.3032738095238095,0.22738035533843512,0.3011607142857143,0.3675145733969263,0.3318452380952381,0.38800176105788003,0.5078273809523809,-0.10726040442064785,-0.19
2022020586,2023-01-01,2022-2023,DAL,SJS,5,2,7,3,1,1.0,1.0,0.0,0,0,3.0,-2.0,5.0,7.0,3.0,3.0,3.4,-0.3999999999999999,2.2,3.9,-1.6999999999999997,5.2,7.3,32.1,28.6,30.8,29.1,0.09281806365595693,0.11889483313621241,0.9278323058837934,0.863262242965067,1.1,1.0,0.5,0.7,16.9,21.2,5.2,8.9,15.3,15.7,6.2,8.0,5.9,7.2,2.0,1.0,3.0,6.0,1.0540925533894603,1.429840705968481,1.5491933384829666,1.9692073983655904,0.6666666666666665,-0.06666666666666643,-0.5333333333333334,0.10000000000000009,0.23423423423423426,0.16534181240063595,0.18493493493493496,0.23343725696666875,0.4684684684684685,0.2652358240593535,0.36123623623623624,0.4343495137612785,0.7027027027027027,0.4305776364599894,0.5461711711711712,0.6677867707279472,1.4962462462462465,-1.6369045898457664
2022020595,2023-01-02,2022-2023,BOS,PIT,2,1,3,1,1,1.0,1.0,0.0,0,0,-1.0,-4.0,3.0,7.0,5.0,3.4,2.8,0.6000000000000001,2.3,2.9,-0.6000000000000001,5.7,5.7,34.0,28.3,31.4,33.8,0.11071208487448896,0.09673869081933596,0.9244329377313247,0.9156207109794732,0.8,1.2,0.6,0.4,23.0,28.6,8.5,7.2,17.0,16.9,6.6,9.6,11.1,10.2,4.0,2.0,6.0,6.0,1.4298407059684808,1.0327955589886466,0.948683298050514,1.4491376746189437,-0.7333333333333334,-0.46666666666666634,0.03333333333333366,1.4333333333333331,0.3654633896569381,0.3476430976430976,0.25975189684867106,0.25715488215488214,0.5597798259088581,0.5370370370370371,0.3952097782742943,0.4484953703703704,0.9252432155657963,0.8846801346801346,0.6549616751229653,0.7056502525252526,1.4516012661173952,-0.40435606060606055
2022020593,2023-01-02,2022-2023,CHI,SJS,2,5,7,-3,0,1.0,0.0,1.0,0,1,-3.0,-3.0,0.0,1.0,3.0,1.6,3.3,-1.6999999999999997,3.7,3.8,-0.09999999999999964,5.3,7.1,28.7,28.8,31.3,28.4,0.05189457845403552,0.11500161845323134,0.8745020986923697,0.8634424231452472,0.4,0.9,0.8,0.7,21.8,22.0,6.3,8.5,14.5,16.0,7.3,7.9,8.5,7.0,1.0,1.0,6.0,6.0,1.4298407059684803,1.4944341180973262,1.828782229912693,1.9321835661585915,-0.9333333333333335,-0.9666666666666663,-1.0333333333333337,0.8666666666666671,0.1649859943977591,0.16090225563909774,0.13524024994613232,0.1820319515365955,0.3168067226890756,0.2669172932330827,0.24927111428125626,0.390143138595151,0.4817927170868348,0.4278195488721804,0.3845113642273886,0.5721750901317465,-2.573140449813878,-1.4696393389891842
2022020592,2023-01-02,2022-2023,OTT,BUF,3,1,4,2,1,0.0,1.0,-1.0,1,0,-1.0,6.0,-7.0,6.0,8.0,2.8,4.7,-1.9000000000000004,2.7,2.6,0.10000000000000009,5.5,7.3,31.9,31.0,30.3,34.3,0.0898468126998613,0.15793836052998209,0.9007937044178446,0.9180316304418257,1.2,1.3,0.2,0.7,29.7,15.9,6.5,9.0,16.2,12.2,6.2,6.6,7.7,5.5,3.0,5.0,4.0,4.0,1.398411797560202,2.213594362117865,1.3374935098492582,1.1737877907772667,-0.1333333333333333,-0.36666666666666714,0.2999999999999998,0.06666666666666643,0.19902429311031464,0.28717280330183553,0.16492433293508565,0.29064522518032954,0.26055356431700516,0.40986930234242064,0.2179410593389088,0.3610971161572047,0.45957785742731977,0.6970421056442562,0.3828653922739944,0.6517423413375342,-0.8637992831541218,1.122373550267288
2022020594,2023-01-02,2022-2023,SEA,NYI,4,1,5,3,1,1.0,2.0,-1.0,0,0,-3.0,3.0,-6.0,3.0,5.0,2.9,3.3,-0.3999999999999999,3.6,2.4,1.2000000000000002,6.5,5.7,31.8,29.9,30.0,30.2,0.09213832793398107,0.10703882775531197,0.871447402204755,0.9182737749375484,0.1,0.2,0.9,0.5,24.0,22.5,10.8,8.7,14.1,19.1,11.1,6.0,6.1,6.5,2.0,2.0,5.0,4.0,1.5238839267549944,2.110818693198341,1.8378731669453632,1.646545204697129,0.10000000000000009,0.7000000000000002,1.4,-1.4,0.19048945335710044,0.1874829374829375,0.16101682676437581,0.22912685412685416,0.4230169340463458,0.20952770952770952,0.35970612992671813,0.2945786695786696,0.6135063874034462,0.397010647010647,0.5207229566910939,0.5237055237055237,0.44802188552188554,0.65997815997816
2022020596,2023-01-03,2022-2023,COL,VGK,2,3,5,-1,0,1.0,2.0,-1.0,0,0,-3.0,1.0,-4.0,6.0,5.0,2.5,3.3,-0.7999999999999998,2.5,3.0,-0.5,5.0,6.3,34.1,34.4,28.1,26.8,0.0802678541338275,0.10207439629925774,0.9110639368099047,0.887809366028874,0.4,1.0,0.7,0.3,23.5,20.1,5.0,6.6,11.1,15.6,10.4,10.2,6.3,6.6,4.0,2.0,7.0,6.0,1.0801234497346421,1.7029386365926402,1.7159383568311666,1.1547005383792524,0.5,-0.2999999999999998,2.166666666666667,0.0,0.050505050505050504,0.10427350427350428,0.058585858585858595,0.19743589743589743,0.09696969696969697,0.41794871794871796,0.14696969696969697,0.3329059829059829,0.14747474747474748,0.5222222222222223,0.20555555555555557,0.5303418803418803,0.19264069264069264,0.4102564102564103
2022020597,2023-01-03,2022-2023,ANA,PHI,1,4,5,-3,0,3.0,2.0,1.0,0,0,-1.0,2.0,-3.0,3.0,4.0,1.7,3.3,-1.5999999999999999,3.8,3.3,0.5,5.5,6.6,25.7,29.1,40.2,33.1,0.07167329626185122,0.11569365510382397,0.9011827345951996,0.8960315706728341,0.5,0.3,0.9,0.7,19.1,27.9,11.4,7.5,15.5,15.9,5.2,6.1,9.6,5.7,1.0,3.0,5.0,2.0,1.6363916944844767,1.3374935098492593,1.6865480854231358,1.4944341180973248,-0.033333333333333215,1.0333333333333332,-0.1333333333333333,0.3666666666666667,0.14814814814814817,0.10704822469528352,0.11625261625261628,0.13559481941834883,0.202020202020202,0.23211446740858507,0.20625170625170622,0.2748956175426764,0.3501683501683502,0.33916269210386857,0.32250432250432254,0.4104904369610252,-1.4294294294294294,-0.8816294904530197
2022020602,2023-01-04,2022-2023,TOR,STL,5,6,11,-1,0,2.0,3.0,-1.0,0,0,1.0,-1.0,2.0,7.0,5.0,4.2,3.1,1.1,2.5,2.7,-0.20000000000000018,6.7,5.8,35.1,28.6,25.1,31.4,0.11687427200920586,0.10983110167191332,0.8972241123169915,0.9156569364073445,0.9,0.7,0.6,0.4,18.5,23.5,8.5,6.8,12.9,12.2,8.6,8.5,10.6,6.2,5.0,3.0,5.0,5.0,1.8135294011647258,1.370320319406298,1.7795130420052188,1.6363916944844754,0.4666666666666668,-0.10000000000000009,0.8333333333333335,0.6333333333333333,0.17081081081081081,0.07540874207540875,0.13885885885885887,0.0908256741590075,0.3236036036036036,0.2792792792792793,0.3530521430521431,0.25799284132617467,0.4944144144144144,0.3546880213546881,0.49191100191100184,0.34881851548518217,0.6320556920556921,-0.617026117026117
2022020601,2023-01-04,2022-2023,OTT,CBJ,4,0,4,4,1,1.0,3.0,-2.0,0,0,1.0,1.0,0.0,6.0,3.0,2.8,2.3,0.5,2.6,2.9,-0.2999999999999998,5.4,5.2,31.9,28.2,30.8,33.5,0.0898468126998613,0.07909575018649427,0.9047490796713943,0.9149049116088591,1.1,0.6,0.2,0.4,30.4,23.4,5.8,7.7,16.4,15.9,5.7,7.1,7.2,7.4,4.0,0.0,5.0,4.0,1.398411797560202,1.7669811040931427,1.4298407059684806,1.5951314818673854,0.20000000000000018,0.03333333333333366,0.06666666666666643,-0.2333333333333334,0.19317084942084942,0.18123249299719887,0.1600707850707851,0.15111859137594433,0.28277831402831405,0.42100840336134454,0.23162001287001285,0.34737288854935916,0.4759491634491635,0.6022408963585434,0.391690797940798,0.49849147992530346,-0.7221283783783784,-1.5887382225617521
2022020603,2023-01-04,2022-2023,WPG,CGY,3,2,5,1,1,2.0,2.0,0.0,0,0,2.0,2.0,0.0,5.0,5.0,2.9,3.1,-0.20000000000000018,2.3,2.6,-0.30000000000000027,5.2,5.7,28.4,37.6,29.7,27.4,0.10710016625995818,0.08896426849798028,0.9220219234445576,0.9015490503033871,0.7,0.5,0.6,0.6,23.1,18.9,7.3,10.0,14.2,12.5,7.1,8.2,7.5,9.8,3.0,4.0,5.0,4.0,1.6633299933166203,1.7919573407620812,1.3374935098492582,1.1737877907772674,-0.5666666666666664,-0.7666666666666666,-0.2999999999999998,-0.6000000000000001,0.06892453951277482,0.14185463659147868,0.19662443191854959,0.156140350877193,0.21090876973229913,0.21578947368421053,0.3667156461274108,0.23082706766917294,0.27983330924507394,0.35764411027568926,0.5633400780459604,0.3869674185463659,0.7274172568290216,0.007518796992481175
2022020607,2023-01-04,2022-2023,VAN,NYI,2,6,8,-4,0,2.0,1.0,1.0,0,0,-2.0,-1.0,-1.0,5.0,4.0,3.1,2.8,0.30000000000000027,3.6,2.3,1.3000000000000003,6.7,5.1,28.4,28.6,32.7,30.7,0.11222675849530069,0.09355198565004882,0.887620264725528,0.9232433489740595,0.5,0.1,0.9,0.5,24.7,23.1,6.7,8.0,15.4,18.1,6.7,6.4,7.1,6.7,2.0,1.0,5.0,4.0,2.233582075700128,1.9888578520235054,1.2649110640673515,1.567021236472421,0.2333333333333334,-0.1333333333333333,-0.9333333333333336,-0.6333333333333331,0.027777777777777776,0.1823417845089672,0.20085470085470084,0.22298691880735225,0.2946127946127946,0.21349677851225837,0.2972351722351722,0.2960561180375422,0.3223905723905724,0.39583856302122555,0.4980898730898731,0.5190430368448945,-0.36732711732711737,0.5633419797506485
2022020599,2023-01-04,2022-2023,WSH,BUF,4,5,9,-1,0,3.0,1.0,2.0,0,0,1.0,-1.0,2.0,8.0,7.0,4.5,4.2,0.2999999999999998,2.1,2.5,-0.3999999999999999,6.6,6.7,34.2,30.6,30.2,34.6,0.13796871405567054,0.14509006331635982,0.9273705737828447,0.9221264580280325,0.6,1.1,0.5,0.7,21.6,16.8,6.6,8.8,16.4,11.9,6.8,6.5,8.3,5.9,4.0,5.0,6.0,3.0,2.223610677354388,2.4404006956964164,1.100504934614612,1.1785113019775786,0.833333333333333,-0.5333333333333337,-0.10000000000000009,0.16666666666666652,0.3593833067517278,0.2877275910364146,0.2411929540075993,0.2867209383753501,0.32347769189874453,0.3966211484593838,0.3265474672797327,0.3491042250233427,0.6828609986504723,0.6843487394957983,0.567740421287332,0.6358251633986928,0.4717719351586629,1.0248949579831934
2022020604,2023-01-04,2022-2023,NSH,MTL,6,3,9,3,1,3.0,3.0,0.0,0,0,-1.0,-5.0,4.0,3.0,2.0,2.7,1.7,1.0000000000000002,2.7,3.9,-1.1999999999999997,5.4,5.6,32.8,26.7,34.0,35.2,0.076342051385656,0.0651653672202871,0.921009377795657,0.8895922434931297,0.5,0.5,0.6,1.6,26.5,22.7,9.0,14.4,16.3,14.8,7.6,6.4,6.7,7.5,1.0,1.0,4.0,3.0,1.8287822299126935,0.6749485577105521,1.4181364924121762,2.4698178070456938,1.2999999999999998,-0.033333333333333215,0.2999999999999998,2.766666666666667,0.17422969187675072,0.10030864197530864,0.1585434173669468,0.12001763668430336,0.4523809523809524,0.20721099887766556,0.3976190476190476,0.17730479397146062,0.6266106442577031,0.3075196408529742,0.5561624649859944,0.29732243065576397,-0.4550420168067227,-0.9603775853775853
2022020608,2023-01-04,2022-2023,LAK,DAL,3,2,5,1,1,3.0,2.0,1.0,0,0,-1.0,4.0,-5.0,7.0,7.0,2.7,3.2,-0.5,2.6,2.2,0.3999999999999999,5.3,5.4,32.6,31.9,26.6,31.3,0.08678690482180808,0.09985618682311234,0.9032221213672826,0.9290730006728751,0.7,1.2,1.1,0.5,20.2,18.8,9.6,5.6,19.0,15.9,4.4,6.1,8.9,5.3,4.0,5.0,5.0,3.0,1.4944341180973248,1.2292725943057188,1.5055453054181602,1.5491933384829666,0.6333333333333333,0.7999999999999998,0.3999999999999999,-0.5333333333333334,0.11023127199597788,0.23684210526315788,0.20511563599798896,0.1844476055002371,0.369746103569633,0.4824561403508772,0.40987305178481653,0.36486486486486486,0.4799773755656109,0.7192982456140351,0.6149886877828055,0.5493124703651019,0.023793363499245837,1.5362731152204838
2022020598,2023-01-04,2022-2023,FLA,ARI,5,3,8,2,1,2.0,3.0,-1.0,0,0,-2.0,-1.0,-1.0,3.0,5.0,2.8,3.4,-0.6000000000000001,3.4,3.4,0.0,6.2,6.8,30.7,28.4,31.2,33.4,0.08630036041202335,0.12196199864200538,0.8901008947576535,0.8987850330593712,0.6,0.7,1.3,1.0,20.2,28.1,16.6,7.7,13.2,14.7,6.2,6.5,8.6,8.5,2.0,0.0,6.0,7.0,1.9321835661585915,1.8973665961010275,1.8973665961010278,1.1737877907772685,0.5333333333333337,1.6,0.2666666666666666,0.2666666666666666,0.06682027649769585,0.1238095238095238,0.18711026694897662,0.12089093701996928,0.1472228959495513,0.19523809523809524,0.27740810177142944,0.18932411674347158,0.21404317244724713,0.3190476190476191,0.464518368720406,0.3102150537634409,0.005149097678809056,-0.6814132104454685
2022020606,2023-01-04,2022-2023,EDM,SEA,2,5,7,-3,0,2.0,1.0,1.0,0,0,-1.0,1.0,-2.0,4.0,4.0,3.4,3.1,0.2999999999999998,2.8,3.3,-0.5,6.2,6.4,32.0,32.0,30.4,30.3,0.10510116413477755,0.09750629330194642,0.8955656122291111,0.8911842443100182,1.3,0.2,0.6,0.9,21.2,24.7,7.1,10.4,13.4,13.6,10.4,11.1,9.2,5.8,0.0,1.0,4.0,5.0,2.1705094128132942,1.5238839267549946,1.0327955589886437,2.002775851439974,-0.06666666666666643,-0.43333333333333357,-1.133333333333333,0.3666666666666667,0.35490753911806544,0.1849248790425261,0.21144499762920818,0.16087980646804179,0.6458036984352774,0.4106018164841694,0.4102556503872294,0.36482471776589415,1.000711237553343,0.5955266955266955,0.6217006480164374,0.525704524233936,0.4246088193456614,0.5215304303539599
2022020605,2023-01-04,2022-2023,CHI,TBL,1,4,5,-3,0,1.0,3.0,-2.0,0,0,-4.0,3.0,-7.0,1.0,8.0,1.7,3.9,-2.2,3.9,1.9,2.0,5.6,5.8,28.6,32.7,30.9,31.7,0.0566376614579881,0.12109095666718168,0.8660199558352268,0.9386314370131986,0.4,0.7,0.7,0.1,21.9,26.7,5.5,9.7,14.5,13.7,7.6,9.6,8.8,9.4,1.0,1.0,6.0,7.0,1.418136492412176,1.6633299933166197,1.8529256146249724,1.2866839377079182,-0.3666666666666667,-0.5666666666666664,-0.5666666666666664,-0.23333333333333317,0.16957671957671958,0.18363095238095237,0.10372775372775372,0.17752976190476188,0.30793650793650795,0.31279761904761905,0.22029822029822033,0.30255265567765566,0.4775132275132275,0.49642857142857144,0.32402597402597405,0.48008241758241765,-2.1792207792207794,0.09539835164835167
2022020600,2023-01-04,2022-2023,NYR,CAR,5,3,8,2,1,2.0,2.0,0.0,0,0,1.0,11.0,-10.0,7.0,10.0,3.4,3.7,-0.30000000000000027,2.2,2.1,0.10000000000000009,5.6,5.8,30.0,35.6,30.2,26.6,0.12228951135292077,0.10862385420620482,0.9196351377882488,0.9227445241820552,0.6,0.9,0.4,0.4,22.7,15.4,4.6,8.2,14.2,11.5,8.1,8.8,8.0,7.6,3.0,3.0,4.0,7.0,2.366431913239847,1.3374935098492577,1.0327955589886446,1.8529256146249724,-1.4,-0.03333333333333366,0.1333333333333333,-0.7666666666666668,0.42105263157894735,0.1353853853853854,0.28141299193930774,0.11666561519502698,0.4473684210526316,0.3533533533533533,0.33404457088667616,0.2626710744357803,0.8684210526315789,0.48873873873873874,0.6154575628259839,0.3793366896308073,0.42532005689900426,0.87230928407399
2022020611,2023-01-05,2022-2023,ANA,DAL,2,0,2,2,1,1.0,0.0,1.0,0,1,-2.0,-1.0,-1.0,3.0,7.0,1.7,3.3,-1.5999999999999999,3.7,2.3,1.4000000000000004,5.4,5.6,26.2,32.2,40.8,32.3,0.07095490545725353,0.10281914978607531,0.9075800409925062,0.9285015721014466,0.5,1.2,0.8,0.5,19.8,19.4,10.5,5.6,15.6,15.5,4.9,5.6,10.3,5.5,1.0,5.0,5.0,3.0,1.6363916944844767,1.0593499054713809,1.6363916944844772,1.567021236472421,-0.3666666666666667,0.3666666666666667,0.2999999999999998,-0.2999999999999998,0.14414414414414414,0.23076923076923075,0.1128806151689447,0.17948717948717952,0.19634340222575516,0.47863247863247854,0.20038375298168,0.3376068376068376,0.3404875463698993,0.7094017094017094,0.3132643681506247,0.5170940170940171,-1.5455410316764469,0.9487179487179488
2022020609,2023-01-05,2022-2023,DET,NJD,1,5,6,-4,0,3.0,3.0,0.0,0,0,1.0,-1.0,2.0,3.0,2.0,2.9,2.4,0.5,3.6,2.9,0.7000000000000002,6.5,5.3,27.4,34.4,31.7,28.4,0.102866764051215,0.07546344778213727,0.8858511468033459,0.8903371966369191,0.6,0.4,0.9,0.5,22.2,15.6,9.3,9.6,15.6,16.3,5.4,7.3,5.7,11.1,2.0,2.0,4.0,6.0,2.078995483935023,1.349897115421105,1.3498971154211057,0.9944289260117535,1.1,0.6000000000000001,0.06666666666666643,-0.2333333333333334,0.1655913978494624,0.0990990990990991,0.1839861751152074,0.12725225225225226,0.3170506912442396,0.2802802802802803,0.36923963133640547,0.2946696696696697,0.482642089093702,0.3793793793793794,0.5532258064516129,0.4219219219219219,-0.3884792626728111,1.1366366366366367
2022020610,2023-01-05,2022-2023,MIN,TBL,5,1,6,4,1,4.0,0.0,4.0,0,1,1.0,4.0,-3.0,8.0,8.0,3.3,3.8,-0.5,1.6,1.8,-0.19999999999999996,4.9,5.6,28.2,32.3,28.2,30.7,0.12080601463753635,0.1197325449639424,0.9409479605625242,0.9403408387226003,0.6,0.7,0.5,0.2,18.1,24.3,12.2,10.0,15.8,14.1,6.6,9.8,4.9,8.3,4.0,2.0,5.0,6.0,1.2516655570345738,1.6193277068654823,1.1737877907772698,1.316561177208766,0.03333333333333366,-0.46666666666666634,0.3999999999999999,-0.1333333333333333,0.08201058201058202,0.18771043771043772,0.12028769841269842,0.1867201426024955,0.26158547710271846,0.30387205387205385,0.30058440521802593,0.4038423450188156,0.3435960591133005,0.4915824915824916,0.42087210363072436,0.5905624876213112,0.40204912424740014,0.5163398692810457
2022020620,2023-01-06,2022-2023,VGK,PIT,5,2,7,3,1,2.0,3.0,-1.0,0,0,2.0,-5.0,7.0,6.0,4.0,3.5,2.5,1.0,2.9,2.8,0.10000000000000009,6.4,5.3,34.1,27.7,27.0,33.6,0.10956287556193053,0.08832118240182754,0.8920239254158471,0.918401578610174,0.9,1.0,0.3,0.3,19.9,28.6,7.9,6.8,14.6,17.5,10.1,9.6,6.6,10.4,3.0,1.0,5.0,6.0,1.5092308563562362,1.080123449734646,1.1972189997378653,1.4757295747452435,-0.16666666666666652,-0.16666666666666652,-0.2333333333333334,0.5333333333333337,0.1013440860215054,0.33810280869104403,0.22150537634408607,0.24999598529010295,0.4163978494623655,0.5320614732379438,0.41236559139784945,0.44088741147564675,0.5177419354838709,0.8701642819289878,0.6338709677419354,0.6908833967657498,0.5,-0.5322060027942381
2022020619,2023-01-06,2022-2023,VAN,COL,4,2,6,2,1,1.0,2.0,-1.0,0,0,-3.0,-4.0,1.0,4.0,5.0,2.7,2.4,0.30000000000000027,3.6,2.6,1.0,6.3,5.0,28.3,33.9,31.6,27.7,0.09769684396538614,0.07748698650312671,0.8825836346888979,0.9065996510956189,0.4,0.4,0.9,0.6,25.4,24.3,6.2,5.1,12.9,10.7,6.2,10.0,7.6,6.8,2.0,1.0,6.0,8.0,2.0027758514399747,1.0749676997731388,1.2649110640673515,1.7126976771553506,-0.7000000000000002,0.2666666666666666,0.06666666666666643,1.4,0.02702702702702703,0.049019607843137254,0.20437103770437104,0.056917211328976036,0.2954425013248543,0.09422657952069717,0.2980382343127442,0.14155773420479303,0.3224695283518813,0.14324618736383443,0.5024092720171152,0.1984749455337691,-0.5316198551492669,0.04934640522875822
2022020615,2023-01-06,2022-2023,TOR,SEA,1,5,6,-4,0,1.0,1.0,0.0,0,0,-1.0,2.0,-3.0,6.0,5.0,4.2,3.5,0.7000000000000002,3.0,3.3,-0.2999999999999998,7.2,6.8,33.5,31.8,25.4,29.9,0.12467915005798633,0.11449347278912592,0.8815991123169915,0.8904897998655738,0.9,0.3,0.8,0.9,18.1,25.6,6.7,9.1,13.0,14.4,8.9,10.5,10.4,6.0,4.0,2.0,5.0,5.0,1.8135294011647258,1.4337208778404382,1.6996731711975952,2.002775851439974,0.4666666666666668,0.16666666666666652,0.6666666666666665,0.03333333333333366,0.1659919028340081,0.18920012449424214,0.13477863392973752,0.16566373675907145,0.3272604588394062,0.4375505757858699,0.34737324755409943,0.37827173014799786,0.49325236167341435,0.626750700280112,0.48215188148383686,0.5439354669070693,0.6124801971483893,0.7111690653272803
2022020616,2023-01-06,2022-2023,NJD,STL,3,5,8,-2,0,0.0,1.0,-1.0,1,0,1.0,1.0,0.0,3.0,6.0,2.6,3.4,-0.7999999999999998,2.6,2.9,-0.2999999999999998,5.2,6.3,34.2,28.6,29.4,30.8,0.08363713871444889,0.11920610167191333,0.9046981979544423,0.9053343557621834,0.6,0.8,0.5,0.5,15.4,26.1,9.4,6.8,16.6,12.7,7.2,7.9,10.6,6.7,0.0,4.0,6.0,4.0,1.5776212754932306,1.429840705968481,1.0749676997731403,1.7919573407620804,1.733333333333333,-0.06666666666666643,-0.2666666666666666,0.43333333333333357,0.09649122807017545,0.08208020050125313,0.1800616405879564,0.09841179034542878,0.2904220009483167,0.28070175438596495,0.2729966808914177,0.2550533943554539,0.3869132290184922,0.36278195488721804,0.45305832147937414,0.3534651847008827,1.0445708866761498,-0.6017489375612946
2022020612,2023-01-06,2022-2023,PHI,ARI,6,2,8,4,1,2.0,1.0,1.0,0,0,3.0,-2.0,5.0,5.0,4.0,3.6,3.2,0.3999999999999999,3.2,3.5,-0.2999999999999998,6.8,6.7,29.6,29.1,32.6,33.0,0.1242434386536075,0.11305395266499389,0.8984656477519415,0.8950276171068332,0.3,0.7,0.7,1.1,26.0,27.5,8.1,7.0,14.9,13.9,5.9,6.8,6.1,9.2,1.0,0.0,2.0,6.0,1.0749676997731412,1.8135294011647258,1.6193277068654814,1.269295517643986,0.3999999999999999,0.7999999999999998,-1.2000000000000002,0.833333333333333,0.18244560349823505,0.11013645224171541,0.14962616309365537,0.13087841130604289,0.427480111690638,0.09707287933094384,0.29732187567002305,0.1839531063321386,0.6099257151888731,0.20720933157265922,0.4469480387636784,0.31483151763818146,-0.6294756242024793,-0.7266966138464441
2022020621,2023-01-06,2022-2023,LAK,BOS,2,5,7,-3,0,1.0,3.0,-2.0,0,0,1.0,1.0,0.0,7.0,7.0,2.6,3.3,-0.6999999999999997,2.6,2.3,0.30000000000000027,5.2,5.6,32.6,34.2,27.4,31.0,0.08392976196466521,0.10649752548751576,0.9056463637915251,0.9239550404792342,0.8,0.8,1.1,0.5,21.6,21.6,9.6,8.3,18.6,16.7,4.3,5.9,7.7,11.0,5.0,2.0,6.0,7.0,1.4298407059684797,1.494434118097326,1.5055453054181602,0.948683298050514,0.3999999999999999,-0.6333333333333333,0.3999999999999999,-0.2999999999999998,0.11562137049941928,0.35424433053743404,0.20821718931475028,0.25193610964787877,0.3687572590011614,0.5640144454799628,0.412020905923345,0.39383644326485406,0.48437862950058075,0.9182587760173968,0.6202380952380953,0.6457725529127328,0.06785714285714285,1.4761804064184125
2022020618,2023-01-06,2022-2023,EDM,NYI,4,2,6,2,1,1.0,1.0,0.0,0,0,-2.0,1.0,-3.0,4.0,5.0,3.5,3.4,0.10000000000000009,3.0,2.2,0.7999999999999998,6.5,5.6,33.1,29.9,29.7,30.4,0.10658925937287281,0.11424164082246262,0.8848409745479519,0.9258958688679588,1.3,0.2,0.6,0.6,23.2,23.5,7.1,8.2,13.6,16.8,10.9,6.2,9.9,5.9,0.0,2.0,5.0,3.0,2.0682789409984763,1.9550504398153565,1.0540925533894592,1.5491933384829668,-0.16666666666666652,-0.3999999999999999,-0.3333333333333335,-0.20000000000000018,0.354251012145749,0.18962148962148961,0.20994601889338735,0.18095559411348885,0.637876743139901,0.1807081807081807,0.4144939271255061,0.21586016322858428,0.99212775528565,0.37032967032967035,0.6244399460188933,0.39681575734207314,0.2197840755735492,0.6311548101021784
2022020617,2023-01-06,2022-2023,CBJ,WSH,2,6,8,-4,0,1.0,1.0,0.0,0,0,-1.0,-1.0,0.0,2.0,7.0,2.0,4.4,-2.4000000000000004,3.1,2.4,0.7000000000000002,5.1,6.8,27.7,33.8,33.6,30.0,0.06798463907538316,0.13657982516678166,0.9089390025179499,0.9165808073757257,0.6,0.5,0.6,0.6,25.2,24.3,7.7,6.6,15.6,16.0,6.9,7.0,7.9,8.7,2.0,3.0,3.0,7.0,1.8856180831641265,2.2211108331943565,1.4491376746189426,1.4298407059684812,-0.33333333333333326,0.9333333333333327,-1.1,1.2666666666666666,0.1761904761904762,0.36562616127833514,0.1468197379962086,0.24253530286138977,0.40925925925925927,0.3136659234485321,0.3374529609823728,0.3207218506131549,0.5854497354497354,0.6792920847268674,0.48427269897858133,0.5632571534745447,-1.6871360665478312,0.39041248606465995
2022020614,2023-01-06,2022-2023,CAR,NSH,3,5,8,-2,0,1.0,1.0,0.0,0,0,-1.0,1.0,-2.0,9.0,4.0,3.9,3.3,0.6000000000000001,2.5,2.9,-0.3999999999999999,6.4,6.2,35.2,33.7,26.9,34.3,0.11796362876337066,0.0939891102091854,0.9094111908487219,0.9140649333512124,0.8,0.7,0.6,0.6,15.5,26.5,8.8,9.4,11.6,15.9,8.7,7.9,8.1,7.8,7.0,2.0,7.0,5.0,0.9944289260117521,1.828782229912694,1.7795130420052183,1.2866839377079187,-0.2333333333333334,2.033333333333333,0.16666666666666652,0.10000000000000009,0.14058795637743005,0.1880952380952381,0.09471794132235557,0.16812169312169312,0.3620199146514936,0.4483032293377121,0.22279183136568537,0.4047071702244116,0.5026078710289236,0.6363984674329503,0.3175097726880409,0.5728288633461047,0.6650733197422501,-0.4166392993979201
2022020613,2023-01-06,2022-2023,MTL,NYR,1,4,5,-3,0,1.0,1.0,0.0,0,0,-6.0,2.0,-8.0,1.0,7.0,1.9,3.8,-1.9,4.4,2.4,2.0000000000000004,6.3,6.2,25.6,30.2,35.1,28.3,0.0736448993840298,0.13497026774891635,0.874802327526743,0.9089726119083317,0.5,0.9,1.7,0.4,22.0,22.0,13.5,5.2,14.7,13.9,6.0,8.4,6.7,9.2,0.0,3.0,2.0,5.0,0.7378647873726212,2.250925735484551,2.3190036174568114,0.9660917830792958,0.43333333333333357,-0.1333333333333333,2.9333333333333327,-0.06666666666666643,0.03632183908045977,0.4188034188034188,0.07040959678890714,0.2827260458839406,0.22026986506746626,0.4444444444444445,0.16706411446291505,0.33400809716599195,0.25659170414792604,0.8632478632478633,0.23747371125182223,0.6167341430499326,-1.3046718582100891,0.33603238866396756
2022020622,2023-01-07,2022-2023,WSH,NSH,2,3,5,-1,0,0.0,0.0,0.0,1,1,1.0,2.0,-1.0,7.0,5.0,4.3,3.5,0.7999999999999998,2.3,2.7,-0.40000000000000036,6.6,6.2,34.5,33.0,29.8,37.4,0.12946270804966453,0.1046141102091854,0.9195182275545252,0.9234762102998028,0.6,0.8,0.5,0.5,24.3,25.2,6.4,10.0,15.8,16.9,6.6,7.9,8.6,7.3,4.0,3.0,7.0,4.0,2.110818693198341,1.9002923751652303,1.4181364924121767,1.0593499054713797,2.033333333333333,1.5,0.7000000000000002,0.9666666666666663,0.3913279132791328,0.18293293293293292,0.2537127371273713,0.16804304304304304,0.30447154471544713,0.45375375375375376,0.32199186991869916,0.41156156156156154,0.69579945799458,0.6366866866866867,0.5757046070460704,0.5796046046046047,0.46117886178861794,-0.24429429429429433
2022020624,2023-01-07,2022-2023,WPG,TBL,4,2,6,2,1,2.0,1.0,1.0,0,0,3.0,-1.0,4.0,6.0,7.0,2.7,3.5,-0.7999999999999998,2.0,2.1,-0.10000000000000009,4.7,5.6,27.5,32.0,30.0,31.4,0.10439428390701702,0.11206337203161157,0.9319326377302719,0.9318408387226004,0.6,0.8,0.4,0.3,21.5,23.7,7.3,9.8,14.1,13.4,6.6,8.5,7.9,7.5,4.0,2.0,5.0,5.0,1.4944341180973268,1.840893502864543,0.9428090415820624,1.4491376746189433,0.2999999999999998,-0.16666666666666652,-0.33333333333333326,0.5666666666666664,0.17888687235329703,0.1825649178590355,0.22592434432938333,0.2354266030736619,0.32196871489067497,0.2954425013248543,0.30597919748661717,0.46303656597774245,0.5008555872439721,0.47800741918388984,0.5319035418160004,0.6984631690514044,0.40219615977062334,0.21542130365659778
2022020628,2023-01-07,2022-2023,NJD,NYR,4,3,7,1,1,0.0,0.0,0.0,1,1,-1.0,3.0,-4.0,3.0,7.0,2.8,3.8,-1.0,2.8,2.2,0.5999999999999996,5.6,6.0,34.5,31.0,28.2,27.2,0.08855166862897881,0.13048218920754187,0.8891426423988866,0.9137618839389828,0.7,0.9,0.6,0.4,15.3,20.5,9.6,4.8,16.0,14.3,7.9,7.9,11.0,8.3,0.0,4.0,6.0,4.0,1.4757295747452432,2.250925735484551,1.1352924243950937,1.0327955589886446,1.2000000000000002,0.8666666666666671,0.20000000000000018,0.1333333333333333,0.09401709401709402,0.4166666666666667,0.1656705867232183,0.27980769230769226,0.30004498425551057,0.4333333333333333,0.28317588843904634,0.3299145299145299,0.3940620782726046,0.85,0.44884647516226456,0.6097222222222223,1.1295546558704455,0.4282051282051281
2022020623,2023-01-07,2022-2023,DET,FLA,2,3,5,-1,0,1.0,2.0,-1.0,0,0,-1.0,1.0,-2.0,3.0,4.0,2.9,3.1,-0.20000000000000018,3.6,3.3,0.30000000000000027,6.5,6.4,28.7,31.9,30.3,31.7,0.10089706708151805,0.09181387392553686,0.8795277502360468,0.8946707872307718,0.6,0.7,1.1,1.3,22.0,20.5,8.3,14.7,15.2,13.2,5.0,6.0,5.0,8.9,2.0,1.0,5.0,6.0,2.078995483935023,2.024845673131658,1.3498971154211057,1.8885620632287061,-0.2333333333333334,-0.43333333333333357,0.3999999999999999,0.7000000000000002,0.16087962962962962,0.08548850574712645,0.17861989144316728,0.19193427774416885,0.3078703703703704,0.14266504568228705,0.35843710089399744,0.2745825060366803,0.46875,0.2281535514294135,0.5370569923371648,0.4665167837808491,-0.5059865900383143,0.13310540664215798
2022020625,2023-01-07,2022-2023,CHI,ARI,2,0,2,2,1,2.0,0.0,2.0,0,1,-5.0,-3.0,-2.0,1.0,4.0,1.5,3.2,-1.7000000000000002,3.5,3.8,-0.2999999999999998,5.0,7.0,28.3,29.2,30.7,33.1,0.05013898771793505,0.11265869574799785,0.8786390034542745,0.886471467374213,0.4,0.6,0.7,1.3,21.2,28.3,6.1,7.0,13.8,14.6,8.5,6.1,8.9,8.9,1.0,0.0,6.0,6.0,1.3540064007726595,1.8135294011647258,1.509230856356235,1.475729574745245,-0.16666666666666674,-0.5333333333333337,0.16666666666666652,1.5333333333333332,0.17328042328042328,0.10675675675675676,0.10505568593803888,0.1270884520884521,0.23841698841698844,0.09431306306306307,0.18356222175007755,0.17887916325416323,0.4116974116974117,0.20106981981981983,0.2886179076881164,0.30596761534261535,-1.9363477736343013,-0.8322583947583947
2022020629,2023-01-07,2022-2023,CBJ,CAR,4,3,7,1,1,0.0,0.0,0.0,1,1,-2.0,-2.0,0.0,1.0,8.0,1.6,3.9,-2.3,3.2,2.7,0.5,4.8,6.6,27.8,38.0,33.5,27.6,0.052315123405867484,0.11474893301136146,0.9058806810385759,0.9045092300644084,0.4,0.9,0.8,0.7,24.0,15.6,7.9,9.2,15.8,11.9,6.0,8.8,7.9,8.4,1.0,2.0,3.0,7.0,1.2649110640673513,0.9944289260117521,1.6193277068654814,1.8287822299126937,0.3999999999999999,-0.5666666666666664,0.1333333333333333,1.2999999999999998,0.18043043043043042,0.15429599640125954,0.14726343991049873,0.11818903924167083,0.39814814814814814,0.352676563202879,0.32808459720224425,0.2306425859057438,0.5785785785785785,0.5069725596041386,0.47534803711274304,0.3488316251474146,-1.7506876624523684,-0.38638436006857063
2022020627,2023-01-07,2022-2023,ANA,SJS,5,4,9,1,1,1.0,4.0,-3.0,0,0,1.0,1.0,0.0,4.0,4.0,1.9,3.3,-1.4,3.4,3.4,0.0,5.3,6.7,25.7,27.7,40.5,27.9,0.07836231286466092,0.12003824848986137,0.9154747778346113,0.8765737362765604,0.6,0.8,0.6,0.5,19.3,21.6,10.3,8.0,16.7,15.8,4.9,7.0,10.0,6.0,2.0,2.0,6.0,5.0,1.5238839267549946,1.4944341180973264,2.0110804171997807,1.8378731669453632,-0.5666666666666667,0.03333333333333366,-0.06666666666666643,-0.06666666666666643,0.16621682411156094,0.16524216524216526,0.13492465137201978,0.18063695563695562,0.16509221772379667,0.28632478632478636,0.1927223909131804,0.41211843711843704,0.33130904183535764,0.4515669515669516,0.3276470422852002,0.5927553927553928,-1.989962887989204,-1.3335164835164834
2022020626,2023-01-07,2022-2023,CGY,NYI,4,1,5,3,1,2.0,0.0,2.0,0,1,-1.0,-1.0,0.0,5.0,5.0,3.2,3.3,-0.09999999999999964,2.8,2.3,0.5,6.0,5.6,37.6,29.5,26.1,30.9,0.09182141135512314,0.11179408837491016,0.8921806292507555,0.9244604621693939,0.4,0.2,0.6,0.6,18.4,24.8,8.9,8.1,12.0,17.5,8.5,6.7,10.0,5.6,1.0,2.0,4.0,3.0,1.6865480854231352,2.0027758514399725,1.0327955589886446,1.6363916944844767,-0.5333333333333337,-0.2999999999999998,-0.46666666666666634,0.7000000000000002,0.1467236467236467,0.19660493827160494,0.15617938893800964,0.18227682811016144,0.2101139601139601,0.18487654320987654,0.22440611442279965,0.21904083570750235,0.35683760683760685,0.3814814814814815,0.3805855033608092,0.4013176638176638,-0.05093028341081732,0.6257834757834759
2022020635,2023-01-08,2022-2023,VGK,LAK,1,5,6,-4,0,1.0,1.0,0.0,0,0,3.0,-1.0,4.0,6.0,7.0,3.4,2.8,0.6000000000000001,2.6,2.4,0.20000000000000018,6.0,5.2,33.9,31.5,27.6,26.4,0.10751008963817688,0.09082631368880315,0.9017298077687883,0.9059535834535835,0.8,0.8,0.2,0.9,20.4,22.1,8.1,9.1,15.5,17.9,10.7,4.3,6.2,7.5,4.0,2.0,6.0,7.0,1.3498971154211057,1.135292424395092,0.9660917830792964,1.0749676997731372,0.9333333333333331,-0.46666666666666634,0.06666666666666643,0.6000000000000001,0.09857723577235773,0.11282100916247258,0.19563008130081302,0.2072041553748871,0.36821577675236217,0.3676280810427152,0.3629696769940673,0.4060362627435798,0.4667930125247199,0.4804490902051877,0.5585997582948803,0.613240418118467,0.7231377719182597,-0.10820751064653503
2022020639,2023-01-08,2022-2023,WSH,CBJ,1,0,1,1,1,0.0,0.0,0.0,1,1,-1.0,1.0,-2.0,7.0,2.0,4.4,1.9,2.5000000000000004,2.4,3.2,-0.8000000000000003,6.8,5.1,33.1,27.4,29.3,35.2,0.1335387950061863,0.06898179007253415,0.9129248209611186,0.9107378238957187,0.6,0.6,0.4,1.0,25.2,24.4,6.4,8.7,16.3,15.7,6.6,5.5,8.9,6.8,4.0,0.0,7.0,4.0,1.955050439815356,1.1972189997378644,1.4298407059684812,1.6193277068654814,-0.40000000000000036,-0.23333333333333317,0.9333333333333336,0.7999999999999998,0.3234920634920635,0.17567567567567566,0.24270436880192978,0.14330288935552093,0.23079365079365077,0.38762446657183497,0.2517022543851812,0.3192229823808771,0.5542857142857143,0.5633001422475107,0.494406623187111,0.46252587173639803,0.3292146877512731,-1.7559473006841428
2022020638,2023-01-08,2022-2023,WPG,VAN,7,4,11,3,1,0.0,1.0,-1.0,1,0,4.0,1.0,3.0,6.0,5.0,2.9,3.1,-0.20000000000000018,2.1,3.5,-1.4,5.0,6.6,25.4,29.1,30.2,31.5,0.11951623512652923,0.10699916954678149,0.9286359344335686,0.8854245437798068,0.8,0.5,0.4,0.9,22.8,25.9,7.5,6.5,14.8,14.0,6.8,6.3,7.7,7.9,4.0,2.0,5.0,6.0,1.5238839267549953,1.7919573407620826,0.8755950357709122,1.3540064007726598,0.10000000000000009,-0.43333333333333357,-0.43333333333333335,-0.16666666666666652,0.17336182336182338,0.02631578947368421,0.21964794464794468,0.20332080200501254,0.3121082621082621,0.3050125313283208,0.31002238502238505,0.3031954887218045,0.48547008547008547,0.33132832080200497,0.5296703296703297,0.506516290726817,0.3348595848595849,-0.3259398496240602
2022020630,2023-01-08,2022-2023,TOR,DET,4,1,5,3,1,1.0,0.0,1.0,0,1,-2.0,-2.0,0.0,5.0,3.0,3.8,2.9,0.8999999999999999,3.1,3.6,-0.5,6.9,6.5,32.8,29.2,25.4,29.0,0.11367697140874886,0.09965637229243615,0.8777529584708377,0.8736186593269559,0.7,0.6,0.8,1.2,17.9,21.3,6.3,7.9,13.2,14.5,9.3,4.8,10.3,5.3,3.0,1.0,5.0,6.0,2.043961295567452,2.078995483935023,1.7919573407620817,1.3498971154211057,0.20000000000000018,-0.5666666666666664,0.8999999999999999,-0.2666666666666666,0.16999050332383667,0.15642915642915645,0.13520892687559355,0.17355992355992356,0.3181386514719848,0.30821730821730825,0.3358855650522317,0.3572618072618073,0.4881291547958215,0.4646464646464647,0.47109449192782527,0.5308217308217308,0.42592592592592593,-0.4443079443079443
2022020636,2023-01-08,2022-2023,SJS,BOS,2,4,6,-2,0,0.0,1.0,-1.0,1,0,-1.0,2.0,-3.0,3.0,7.0,3.1,3.5,-0.3999999999999999,3.8,2.2,1.5999999999999996,6.9,5.7,29.0,33.1,28.4,31.3,0.10836577462226556,0.12013388912387939,0.8634990236328823,0.9285969502935577,0.7,0.8,0.5,0.5,22.1,21.5,7.8,7.9,16.1,16.6,7.3,6.1,6.2,9.4,2.0,3.0,5.0,6.0,1.1972189997378646,1.5811388300841893,1.6865480854231354,0.9189365834726818,0.5666666666666664,-0.16666666666666652,-0.1333333333333333,0.1333333333333333,0.16103603603603603,0.3548112706007443,0.17991260491260488,0.25013955342902716,0.2873873873873874,0.5578415736310472,0.4064073689073689,0.3962453482190324,0.44842342342342345,0.9126528442317916,0.5863199738199739,0.6463849016480595,-1.4562774312774314,1.5848086124401912
2022020633,2023-01-08,2022-2023,MTL,STL,5,4,9,1,1,1.0,1.0,0.0,0,0,-7.0,2.0,-9.0,1.0,6.0,1.8,3.8,-1.9999999999999998,4.4,3.2,1.2000000000000002,6.2,7.0,24.9,28.1,35.0,32.2,0.07120045493958534,0.14135522447893087,0.8744797468815818,0.8976420480698757,0.5,0.9,1.5,0.6,21.1,25.0,12.5,6.8,15.3,13.0,6.8,8.1,7.3,6.6,0.0,5.0,3.0,3.0,0.7888106377466149,1.229272594305718,2.3190036174568114,1.4757295747452428,0.19999999999999996,0.20000000000000018,1.5999999999999996,0.7999999999999998,0.03504273504273504,0.0937592101385205,0.07448637850936701,0.15280080312407898,0.21196581196581196,0.2019230769230769,0.16100344376206446,0.23040082522841143,0.24700854700854702,0.29568228706159744,0.23548982227143145,0.38320162835249044,-1.3537935150004117,-0.5671971706454466
2022020634,2023-01-08,2022-2023,EDM,COL,2,3,5,-1,0,1.0,1.0,0.0,0,0,1.0,-5.0,6.0,4.0,4.0,3.3,2.3,1.0,2.9,2.7,0.19999999999999973,6.2,5.0,33.2,34.6,28.7,29.1,0.10089935894613027,0.07173698650312672,0.8851250654570426,0.9065996510956189,1.2,0.5,0.6,0.7,23.4,24.7,6.7,6.9,13.4,10.3,10.8,9.0,10.6,7.0,1.0,1.0,6.0,7.0,1.888562063228706,1.059349905471379,1.1005049346146112,1.7029386365926402,-0.9666666666666663,-0.2999999999999998,-0.2333333333333334,0.9666666666666663,0.35384615384615387,0.047619047619047616,0.20865384615384616,0.055341055341055344,0.6384615384615384,0.09163449163449162,0.4118589743589743,0.13662199287199286,0.9923076923076923,0.13925353925353925,0.6205128205128205,0.19196304821304824,0.16282051282051282,-0.9996547371547372
2022020637,2023-01-08,2022-2023,DAL,FLA,5,1,6,4,1,2.0,0.0,2.0,0,1,-2.0,2.0,-4.0,6.0,4.0,2.9,3.0,-0.10000000000000009,2.4,3.5,-1.1,5.3,6.5,32.5,31.3,31.4,32.6,0.09031914978607532,0.09142925854092147,0.9238719424718171,0.8882191743275459,1.2,0.9,0.6,1.3,19.8,21.0,5.4,15.1,14.7,13.3,5.6,5.7,5.7,8.3,2.0,2.0,3.0,5.0,1.4491376746189444,1.9999999999999996,1.5055453054181618,1.5811388300841902,-0.5666666666666664,0.6666666666666665,-0.06666666666666643,-0.16666666666666652,0.225,0.08282828282828282,0.17543859649122806,0.18635523635523635,0.4666666666666666,0.14848484848484847,0.35153508771929826,0.2825006825006825,0.6916666666666668,0.23131313131313128,0.5269736842105264,0.4688559188559189,1.3671052631578946,0.07413847413847416
2022020631,2023-01-08,2022-2023,BUF,MIN,6,5,11,1,1,3.0,2.0,1.0,0,0,1.0,2.0,-1.0,7.0,8.0,3.8,3.5,0.2999999999999998,2.5,1.7,0.8,6.3,5.2,30.5,28.2,35.4,28.2,0.13233144262670463,0.12686662069814242,0.9262931246946993,0.9380908177053812,0.9,0.6,0.7,0.6,18.1,18.9,8.4,12.5,11.9,15.1,6.7,7.0,6.3,5.3,2.0,3.0,3.0,6.0,1.813529401164725,1.3540064007726613,1.1785113019775786,1.0593499054713829,-0.46666666666666634,0.16666666666666652,0.5,0.30000000000000004,0.2787779270537891,0.0795278036657347,0.2829074820454131,0.06283242490139042,0.3943076081007116,0.2740188464326396,0.3522463966429484,0.22089536194096823,0.6730855351545006,0.3535466500983742,0.6351538786883615,0.2837277868423586,0.8916417873314425,0.569818498850757
2022020632,2023-01-08,2022-2023,OTT,SEA,4,8,12,-4,0,3.0,1.0,2.0,0,0,2.0,3.0,-1.0,6.0,5.0,2.9,3.5,-0.6000000000000001,2.6,3.2,-0.6000000000000001,5.5,6.7,31.5,31.2,29.8,30.1,0.09371678174010899,0.11809924201989515,0.9047490796713943,0.8947860961618701,1.1,0.3,0.2,1.0,30.2,26.6,5.6,9.3,16.0,14.6,6.4,11.4,7.6,6.2,4.0,2.0,5.0,5.0,1.4491376746189435,1.4337208778404382,1.4298407059684806,2.0976176963403033,0.10000000000000009,1.166666666666667,-0.9333333333333333,-1.866666666666667,0.19915122183724723,0.18397683397683398,0.1656309006581239,0.16093236093236093,0.29218684118865607,0.4436722436722436,0.23806577572457788,0.3814457314457314,0.4913380630259034,0.6276490776490777,0.40369667638270185,0.5423780923780924,-0.5925039872408293,0.8573788073788075
2022020643,2023-01-09,2022-2023,PHI,TOR,2,6,8,-4,0,2.0,0.0,2.0,0,1,4.0,1.0,3.0,6.0,5.0,3.8,3.5,0.2999999999999998,2.9,3.2,-0.30000000000000027,6.7,6.7,28.9,31.5,32.0,24.9,0.13213439991616133,0.11080340819035808,0.9070113748883732,0.8734051323838813,0.5,0.8,0.6,0.8,25.6,18.5,7.4,6.7,15.1,13.9,6.5,9.0,6.1,11.4,2.0,2.0,3.0,5.0,1.316561177208768,1.7159383568311666,1.5238839267549933,1.6193277068654828,0.8666666666666671,-0.16666666666666652,-1.2333333333333332,0.46666666666666634,0.2015294646873594,0.15833333333333335,0.15751076408971146,0.12790404040404044,0.42892487629329734,0.3059523809523809,0.30040820534241586,0.345930735930736,0.6304543409806568,0.46428571428571425,0.4579189694321273,0.4738347763347763,-0.5895917678812416,0.3806060606060606
2022020644,2023-01-09,2022-2023,ANA,BOS,1,7,8,-6,0,1.0,0.0,1.0,0,1,2.0,3.0,-1.0,5.0,8.0,2.4,3.7,-1.3000000000000003,3.1,2.2,0.8999999999999999,5.5,5.9,25.8,32.5,40.4,31.3,0.09560369217500575,0.12821270685786954,0.9223853469403025,0.9285969502935576,0.6,0.8,0.6,0.4,17.6,20.9,10.6,7.3,16.2,17.0,5.1,6.0,10.1,9.6,3.0,4.0,7.0,5.0,1.6465452046971292,1.494434118097326,1.5951314818673863,0.9189365834726818,0.2666666666666666,-0.03333333333333366,-0.43333333333333357,-0.5333333333333334,0.1452991452991453,0.3552766019559188,0.11098290598290599,0.25507419841385687,0.2053724053724054,0.5798342496634716,0.203519536019536,0.4124812273958384,0.3506715506715506,0.9351108516193906,0.314502442002442,0.6675554258096953,-1.4366849816849816,1.6868768549603463
2022020641,2023-01-09,2022-2023,ARI,PIT,1,4,5,-3,0,1.0,2.0,-1.0,0,0,-4.0,-6.0,2.0,3.0,3.0,2.7,2.4,0.30000000000000027,3.5,3.2,0.2999999999999998,6.2,5.6,28.5,28.6,32.8,32.9,0.095417316437653,0.08364376304698884,0.8950103668049529,0.9049041252994778,0.6,0.9,1.3,0.4,26.7,27.7,6.2,6.4,14.2,17.0,6.5,10.2,8.5,10.1,3.0,1.0,5.0,5.0,1.9465068427541912,1.0749676997731428,1.7159383568311677,1.4757295747452437,-1.0333333333333334,-0.7333333333333332,0.5,0.1333333333333333,0.1035923141186299,0.33784461152882206,0.12351958327190525,0.24761167624944716,0.09170653907496013,0.5265664160401003,0.17407824373768646,0.4333038478549314,0.19529885319359006,0.8644110275689223,0.29759782700959175,0.6809155241043787,-0.8552128985565518,-0.5795223352498895
2022020640,2023-01-09,2022-2023,CHI,CGY,4,3,7,1,1,1.0,1.0,0.0,0,0,1.0,1.0,0.0,2.0,6.0,1.6,3.3,-1.6999999999999997,3.2,2.6,0.6000000000000001,4.8,5.9,29.0,35.9,30.5,25.9,0.05238898771793506,0.10297429356063692,0.8911390034542744,0.8992917403618665,0.4,0.3,0.6,0.6,21.0,19.2,6.1,8.3,14.0,11.2,9.3,8.5,7.7,9.7,2.0,4.0,6.0,4.0,1.3498971154211052,1.7029386365926393,1.873795909674025,1.1737877907772674,0.06666666666666665,-0.2999999999999998,-0.5333333333333337,-0.6000000000000001,0.187987987987988,0.15202702702702703,0.11667569825464563,0.16073573573573574,0.2362889204994468,0.22139639639639638,0.1806366281695229,0.2266704204204204,0.42427690848743477,0.37342342342342344,0.29731232642416855,0.38740615615615615,-1.718203447808711,0.14177927927927925
2022020642,2023-01-09,2022-2023,MIN,STL,0,3,3,-3,0,0.0,0.0,0.0,1,1,-1.0,-1.0,0.0,7.0,5.0,3.8,3.9,-0.10000000000000009,2.2,3.4,-1.1999999999999997,6.0,7.3,29.6,27.1,29.8,32.2,0.13156359039511212,0.15016204266074906,0.92663650625107,0.8902346406624682,0.7,1.0,0.7,0.5,19.5,23.6,12.3,7.2,15.4,13.0,7.0,7.0,5.1,6.9,4.0,4.0,5.0,3.0,1.3165611772087678,1.1972189997378642,1.686548085423137,1.5776212754932302,1.2000000000000002,0.766666666666667,0.7999999999999998,0.9333333333333331,0.06469298245614034,0.13,0.05947067423460612,0.20450754273334917,0.20748443689869833,0.365,0.20888927727287857,0.3552739469674953,0.2721774193548387,0.49500000000000005,0.26835995150748476,0.5597814897008445,0.5558665401644529,-1.0418485641066286
2022020990,2023-01-10,2022-2023,BUF,PHI,0,4,4,-4,0,1.0,0.0,1.0,0,1,2.0,-1.0,3.0,8.0,6.0,4.1,3.8,0.2999999999999998,2.6,3.2,-0.6000000000000001,6.7,7.0,31.1,29.7,36.5,33.0,0.13887023948808214,0.13054709832885975,0.9270507004522749,0.9018685177455164,1.0,0.5,0.7,0.7,17.5,26.8,6.7,7.4,11.0,14.4,6.4,6.6,6.0,6.7,3.0,4.0,3.0,4.0,1.9119507199599977,1.316561177208768,1.349897115421105,1.8135294011647247,-0.09999999999999964,0.20000000000000018,1.0666666666666664,-0.20000000000000018,0.27037037037037037,0.2021367521367521,0.28383383383383387,0.15624855624855624,0.3823529411764706,0.4136752136752137,0.34591944886062537,0.2903870653870654,0.6527233115468408,0.6158119658119658,0.6297532826944591,0.4466356216356216,0.886018371312489,-0.7577826077826078
2022020647,2023-01-10,2022-2023,LAK,EDM,6,3,9,3,1,1.0,1.0,0.0,0,0,1.0,-1.0,2.0,7.0,4.0,3.1,3.2,-0.10000000000000009,2.3,2.9,-0.6000000000000001,5.4,6.1,30.8,33.5,24.9,30.1,0.10589877745691909,0.09645491450168582,0.9066678691678692,0.8879783263266079,0.7,1.2,0.8,0.6,23.1,24.4,8.3,6.9,17.2,13.6,3.9,9.5,6.6,9.7,5.0,3.0,7.0,6.0,1.2866839377079182,1.9321835661585915,1.159501808728403,1.1005049346146112,0.2333333333333334,-0.5333333333333337,0.03333333333333366,0.10000000000000009,0.11015334271148225,0.3617886178861789,0.21399140003791164,0.21160794941282748,0.36656590144962237,0.6308943089430894,0.40421318328295075,0.40532971996386635,0.4767192441611046,0.9926829268292683,0.6182045833208624,0.6169376693766938,0.01848193708658824,0.06205962059620598
2022020646,2023-01-10,2022-2023,MTL,SEA,0,4,4,-4,0,1.0,1.0,0.0,0,0,1.0,4.0,-3.0,2.0,6.0,2.1,4.1,-1.9999999999999996,4.5,3.0,1.5,6.6,7.1,25.1,29.8,34.2,29.4,0.08171897345810385,0.14616941745849163,0.8662979286997636,0.8973947918140439,0.5,0.3,1.5,1.0,21.9,25.9,12.5,7.0,15.9,15.5,6.1,10.1,7.5,7.1,1.0,3.0,3.0,5.0,1.2866839377079184,1.9119507199599992,2.273030282830976,1.8856180831641267,0.8999999999999999,1.9000000000000004,-0.16666666666666696,-0.6666666666666665,0.10483870967741936,0.19706548653917078,0.08200489275758092,0.16548084587133824,0.19887864823348697,0.46750698066487545,0.18272856573931842,0.3987338357032755,0.3037173579109063,0.6645724672040462,0.2647334584968994,0.5642146815746136,-0.9925089605734767,1.1385154254424203
2022020645,2023-01-10,2022-2023,OTT,NSH,0,3,3,-3,0,1.0,2.0,-1.0,0,0,-1.0,3.0,-4.0,5.0,6.0,3.0,3.7,-0.7000000000000002,3.2,2.7,0.5,6.2,6.4,30.7,32.5,29.7,36.5,0.10143066673309635,0.11505367064874586,0.8794157463380609,0.9221042590802906,1.0,0.8,0.2,0.5,31.5,25.5,5.2,8.9,15.9,17.4,6.9,7.6,7.8,6.7,3.0,4.0,5.0,4.0,1.4907119849998594,1.7029386365926404,2.201009869229223,1.0593499054713797,0.6666666666666665,0.9666666666666668,-0.20000000000000018,-0.03333333333333366,0.19356460532931122,0.18879915569219474,0.1610105580693816,0.16896098135486928,0.2840623428858723,0.4501751326878661,0.24120160884866768,0.4092980926597225,0.47762694821518353,0.6389742883800609,0.40221216691804923,0.5782590740145918,-0.8440422322775265,-0.2269536089570045
2022020655,2023-01-11,2022-2023,STL,CGY,4,3,7,1,1,1.0,1.0,0.0,0,0,1.0,-1.0,2.0,5.0,6.0,3.7,3.4,0.30000000000000027,3.2,2.5,0.7000000000000002,6.9,5.9,27.1,36.3,31.4,26.0,0.1418287093274157,0.10470610949334351,0.8948858034531659,0.9041250736952,1.0,0.5,0.5,0.5,24.4,19.9,7.2,8.8,14.0,11.8,6.6,7.8,5.8,8.5,1.0,4.0,3.0,3.0,1.1595018087284055,1.6465452046971285,1.8737959096740253,0.9718253158075503,0.2999999999999998,-0.3999999999999999,-0.5333333333333337,0.16666666666666652,0.14290181363352095,0.14826700898587933,0.21165666017073362,0.16067953124352977,0.35553470919324576,0.22464698331193836,0.3642837374655599,0.2251075080591831,0.4984365228267668,0.37291399229781774,0.5759403976362936,0.3857870393027128,-0.8289778634866606,0.028436462015492214
2022020650,2023-01-11,2022-2023,CAR,NJD,3,5,8,-2,0,3.0,3.0,0.0,0,0,-3.0,1.0,-4.0,7.0,4.0,3.7,3.1,0.6000000000000001,2.6,2.9,-0.2999999999999998,6.3,6.0,38.4,33.9,26.4,29.2,0.1087338954173765,0.09581317788384354,0.9011758967310751,0.8886524463204551,0.9,0.7,0.7,0.5,14.8,16.3,9.0,8.0,10.8,15.5,8.5,7.4,8.0,10.7,5.0,3.0,6.0,6.0,0.9486832980505125,1.3703203194062976,1.7763883459298968,1.100504934614612,-0.7000000000000002,0.8999999999999999,1.0666666666666664,-0.2333333333333334,0.15042735042735042,0.09166666666666667,0.29984620247778143,0.15865384615384615,0.3523504273504274,0.29252136752136754,0.27408891685207476,0.27606837606837603,0.5027777777777778,0.38418803418803416,0.5739351193298562,0.43472222222222223,0.5199866870919503,1.1012820512820511
2022020652,2023-01-11,2022-2023,PIT,VAN,5,4,9,1,1,1.0,2.0,-1.0,0,0,1.0,-1.0,2.0,3.0,4.0,2.6,3.2,-0.6000000000000001,3.2,3.9,-0.6999999999999997,5.8,7.1,28.9,30.2,32.6,30.4,0.08992947733270311,0.10641437422514403,0.904441162336515,0.8673933546959862,0.8,0.6,0.4,0.8,26.2,26.6,6.4,5.3,16.1,14.0,9.5,5.9,10.0,7.4,1.0,1.0,4.0,6.0,1.1737877907772694,1.8135294011647265,1.4757295747452437,1.7288403306519922,-0.2666666666666666,0.1333333333333333,-0.5333333333333337,0.766666666666667,0.3383190883190883,0.025641025641025644,0.25047822547822546,0.2066018272914825,0.5384615384615384,0.3055555555555556,0.43894993894993894,0.308097553787209,0.8767806267806267,0.3311965811965812,0.6894281644281645,0.5146993810786914,-0.40573870573870574,-0.5286619510757442
2022020648,2023-01-11,2022-2023,TBL,CBJ,6,3,9,3,1,3.0,2.0,1.0,0,0,-2.0,-1.0,-1.0,6.0,2.0,3.1,1.8,1.3,2.2,3.0,-0.7999999999999998,5.3,4.8,31.8,28.7,29.5,34.3,0.0992062291744687,0.06498179007253416,0.9213145229331265,0.9161889517152677,0.7,0.6,0.5,1.0,22.1,23.9,10.0,9.0,13.2,15.4,7.7,4.8,6.5,6.1,4.0,0.0,4.0,4.0,1.6633299933166195,1.3165611772087662,1.4757295747452432,1.7638342073763926,-0.7666666666666666,-0.1333333333333333,0.46666666666666634,0.3333333333333335,0.17769423558897243,0.1711650922177238,0.17218045112781954,0.1935029665292823,0.29699248120300753,0.3776428250112461,0.29197994987468673,0.32952461570882624,0.47468671679197993,0.5488079172289698,0.4641604010025063,0.5230275822381085,0.2300751879699248,-1.9828345552029765
2022020649,2023-01-11,2022-2023,NYR,MIN,4,3,7,1,1,3.0,1.0,2.0,0,0,-1.0,-2.0,1.0,6.0,6.0,3.8,3.4,0.3999999999999999,2.5,2.3,0.20000000000000018,6.3,5.7,32.4,30.9,29.2,30.4,0.12430571861930655,0.11338177221329393,0.9088073844445439,0.9238232070183333,0.8,0.6,0.5,0.8,20.5,19.3,5.0,12.0,15.9,14.6,6.6,7.1,7.7,5.5,2.0,3.0,3.0,5.0,2.250925735484551,1.776388345929898,1.080123449734643,1.6363916944844783,0.20000000000000018,-0.06666666666666643,0.16666666666666652,0.7000000000000002,0.4146341463414634,0.08574579542321477,0.2811991869918699,0.11970687454558422,0.4308943089430894,0.25809897987317343,0.3340447154471544,0.2906929515800483,0.8455284552845529,0.34384477529638824,0.6152439024390244,0.4103998261256326,0.44268292682926824,0.42902035301228847
2022020657,2023-01-11,2022-2023,ARI,SJS,2,4,6,-2,0,1.0,2.0,-1.0,0,0,-5.0,-2.0,-3.0,3.0,2.0,2.6,3.0,-0.3999999999999999,3.5,4.0,-0.5,6.1,7.0,27.8,28.7,31.4,29.1,0.09313237020109387,0.10594153219802312,0.8912163288645736,0.8587968292755155,0.5,0.7,1.1,0.5,27.0,23.5,6.4,7.4,14.5,16.3,6.3,7.2,8.0,6.3,3.0,1.0,5.0,5.0,2.011080417199781,1.247219128924647,1.7159383568311677,1.5634719199411427,-1.6,0.6666666666666665,-0.16666666666666652,-0.3333333333333335,0.10062160062160062,0.16516902011125376,0.12015207015207018,0.1788663319472049,0.08924082453494218,0.28840393667094566,0.16952883717589598,0.4019239760574806,0.1898624251565428,0.4535729567821994,0.2896809073279661,0.5807903080046853,-0.9328259975318798,-1.5071594609463672
2022020654,2023-01-11,2022-2023,DET,WPG,7,5,12,2,1,2.0,2.0,0.0,0,0,-3.0,5.0,-8.0,3.0,6.0,3.0,3.1,-0.10000000000000009,3.8,2.4,1.4,6.8,5.5,28.8,25.4,29.1,31.7,0.10400419837939268,0.12692364253393662,0.866608077316374,0.9224574447310516,0.6,0.7,1.2,0.4,23.5,24.0,8.5,7.5,14.3,14.0,5.0,7.0,4.6,8.8,2.0,1.0,5.0,6.0,1.9436506316150999,1.9119507199599985,1.0327955589886446,0.9660917830792957,-1.6666666666666667,1.5666666666666669,-0.1333333333333333,0.2666666666666666,0.152218782249742,0.1681705899447835,0.16878058523918904,0.218344554231651,0.30959752321981426,0.3285164196454519,0.3523086654016445,0.3184248764893926,0.46181630546955627,0.49668700959023543,0.5210892506408337,0.5367694307210437,-0.5960251672825326,0.4515015015015015
2022020656,2023-01-11,2022-2023,COL,FLA,4,5,9,-1,0,2.0,2.0,0.0,0,0,1.0,-1.0,2.0,5.0,4.0,2.4,2.9,-0.5,2.6,3.6,-1.0,5.0,6.5,35.1,30.7,30.1,32.1,0.0733806768530737,0.08911833417117357,0.9149329844289522,0.883992699048439,0.5,0.9,0.8,1.2,24.4,21.8,7.7,14.9,11.2,13.8,8.5,5.2,7.3,7.8,3.0,2.0,6.0,4.0,1.0749676997731388,2.078995483935023,1.7126976771553506,1.5776212754932317,-0.06666666666666643,0.10000000000000009,0.06666666666666643,-0.6000000000000001,0.0462962962962963,0.08032890575585074,0.06575466443887497,0.18526207596790836,0.0891812865497076,0.14415852887181624,0.1320888004324537,0.274236876207272,0.1354775828460039,0.22448743462766693,0.19784346487132864,0.4594989521751804,-0.5180967123691582,-0.05018561236246544
2022020651,2023-01-11,2022-2023,BUF,SEA,3,4,7,-1,0,0.0,0.0,0.0,1,1,-1.0,5.0,-6.0,8.0,7.0,4.0,4.3,-0.2999999999999998,2.7,2.7,0.0,6.7,7.0,30.1,32.2,37.2,27.6,0.1362386605407137,0.14416080913711432,0.9262018040176399,0.9050870995063518,1.0,0.4,0.6,1.0,14.5,24.6,6.9,7.5,11.7,15.9,6.6,9.3,6.1,7.2,3.0,4.0,4.0,5.0,2.108185106778919,1.7669811040931442,1.4181364924121758,2.1108186931983415,-0.3333333333333335,1.3666666666666671,1.6333333333333329,-1.0333333333333334,0.262456926973056,0.1919064813801656,0.27596530559179117,0.16101874901217006,0.3711047452982936,0.463769437453648,0.40046465335090126,0.4012012391946602,0.6335616722713496,0.6556759188338136,0.6764299589426924,0.5622199882068303,0.5169081979141402,1.3238832202647992
2022020653,2023-01-11,2022-2023,NYI,DAL,1,2,3,-1,0,3.0,2.0,1.0,0,0,-2.0,1.0,-3.0,5.0,6.0,3.0,3.2,-0.20000000000000018,2.2,2.4,-0.19999999999999973,5.2,5.6,28.6,33.3,30.1,29.6,0.10402938249255725,0.09733272444670879,0.9226542224321198,0.9224744269438668,0.2,1.2,0.6,0.6,25.6,20.1,7.3,5.8,17.7,15.0,7.5,6.1,6.7,6.4,3.0,3.0,3.0,4.0,2.1081851067789183,1.5491933384829673,1.4757295747452435,1.5055453054181618,0.0,-0.8666666666666667,1.1333333333333333,-0.3999999999999999,0.19923407728285777,0.2195121951219512,0.18152760774711993,0.17114863456326868,0.17981919201431396,0.4878048780487805,0.2133852057632545,0.363456326870961,0.37905326929717176,0.7073170731707318,0.3949128135103745,0.5346049614342298,0.4729164704774461,1.5297060662914321
2022020658,2023-01-12,2022-2023,TOR,NSH,2,1,3,1,1,2.0,1.0,1.0,0,0,2.0,4.0,-2.0,6.0,7.0,4.0,3.9,0.10000000000000009,3.2,2.5,0.7000000000000002,7.2,6.4,32.7,33.5,26.6,37.4,0.12359843924625871,0.11954085013592533,0.8783758926177994,0.9290008108044286,0.9,0.8,0.7,0.4,19.4,25.1,7.5,10.0,14.5,17.8,8.3,6.9,9.1,7.0,3.0,5.0,5.0,4.0,1.6329931618554518,1.4491376746189444,1.6193277068654828,1.3540064007726595,-0.3333333333333335,-0.2333333333333334,-0.5333333333333337,-0.8333333333333333,0.25083692013390724,0.19237798020692756,0.15793878527020566,0.16883856275303644,0.37613582018173125,0.4484508547008547,0.3830335135930545,0.40371260683760685,0.6269727403156384,0.6408288349077823,0.5409722988632601,0.5725511695906432,0.8403046021410441,-0.10926956815114705
2022020660,2023-01-12,2022-2023,ANA,EDM,2,6,8,-4,0,2.0,1.0,1.0,0,0,-1.0,-2.0,1.0,4.0,4.0,2.0,3.2,-1.2000000000000002,3.6,3.0,0.6000000000000001,5.6,6.2,25.5,31.7,42.1,32.1,0.08342696803707471,0.1000098848769327,0.9137186802736359,0.8979942245778002,0.5,1.0,0.6,0.9,18.2,24.2,10.2,10.0,15.5,13.6,5.4,9.3,10.2,9.3,3.0,3.0,8.0,5.0,1.414213562373095,1.9321835661585915,1.9550504398153574,1.2472191289246466,0.6666666666666665,-0.20000000000000018,0.06666666666666643,0.3333333333333335,0.14166666666666666,0.3530778164924506,0.10804409005628517,0.20630081300813008,0.19999999999999998,0.6157568718544327,0.19818636647904941,0.3951800232288037,0.3416666666666666,0.9688346883468834,0.3062304565353346,0.6014808362369338,-1.529961434229727,-0.033391405342624844
2022020661,2023-01-12,2022-2023,LAK,SJS,4,3,7,1,1,1.0,0.0,1.0,0,1,2.0,1.0,1.0,7.0,3.0,3.5,3.2,0.2999999999999998,2.4,4.0,-1.6,5.9,7.2,30.5,29.5,25.5,27.9,0.11681020236064181,0.11006274431923524,0.9049904498130305,0.8567783263318655,1.0,0.6,0.7,0.4,23.1,22.4,10.6,7.9,17.7,16.1,3.9,8.3,6.9,7.1,5.0,2.0,7.0,5.0,1.509230856356236,1.2292725943057183,1.1737877907772647,1.5634719199411427,0.833333333333333,0.1333333333333333,0.2666666666666666,-0.3333333333333335,0.10760913912688697,0.16117216117216118,0.2242591150179889,0.17837221258273891,0.3810689514483884,0.2979242979242979,0.42159508178480026,0.4018861255703361,0.48867809057527545,0.4590964590964591,0.6458541968027892,0.580258338153075,-0.05357738956270169,-1.3209176788124157
2022020659,2023-01-12,2022-2023,PHI,WSH,5,3,8,2,1,1.0,3.0,-2.0,0,0,1.0,1.0,0.0,6.0,7.0,4.0,4.0,0.0,3.1,2.2,0.8999999999999999,7.1,6.2,31.1,32.2,30.9,29.5,0.13274008078500005,0.12094481004378026,0.9039093340720468,0.9184803765166741,0.4,0.6,0.6,0.4,26.5,24.4,6.2,6.9,13.0,17.1,7.0,6.8,6.6,8.9,2.0,3.0,4.0,7.0,1.1547005383792532,2.211083193570266,1.9692073983655896,1.6193277068654826,0.0,-1.0,-0.43333333333333357,-0.5333333333333334,0.19483159117305457,0.31454979129397737,0.15111423086390993,0.23615804235959273,0.4160472319008905,0.22420989862850327,0.28930691163002575,0.2443390660444924,0.610878823073945,0.5387596899224806,0.44042114249393566,0.48049710840408516,-0.5498400991038611,0.34251450530520294
2022020663,2023-01-13,2022-2023,NYR,DAL,2,1,3,1,1,1.0,1.0,0.0,0,0,1.0,2.0,-1.0,6.0,7.0,3.5,2.9,0.6000000000000001,2.5,2.0,0.5,6.0,4.9,33.3,32.9,29.2,28.6,0.11363540398182367,0.0878455449595293,0.9088073844445439,0.9320608931092803,0.8,1.0,0.5,0.5,20.4,20.2,4.6,5.4,14.7,15.5,6.4,5.9,8.2,6.9,3.0,4.0,4.0,4.0,2.121320343559643,1.6633299933166203,1.080123449734643,1.2472191289246468,-0.16666666666666652,-0.8999999999999999,0.16666666666666652,-0.6666666666666667,0.31746031746031744,0.21428571428571427,0.21297909407665502,0.16706349206349205,0.42063492063492064,0.4841269841269842,0.30037746806039484,0.36269841269841274,0.7380952380952381,0.6984126984126983,0.5133565621370499,0.5297619047619047,0.4213124274099884,1.564285714285714
2022020669,2023-01-13,2022-2023,NYI,MIN,1,3,4,-2,0,1.0,1.0,0.0,0,0,-3.0,-3.0,0.0,4.0,5.0,2.6,3.3,-0.6999999999999997,2.1,2.5,-0.3999999999999999,4.7,5.8,28.8,31.9,28.9,31.7,0.08837004183321658,0.10457495403147574,0.924071226480703,0.9201797961656201,0.3,0.5,0.4,0.7,25.7,19.9,6.9,11.6,17.6,16.3,7.9,6.8,7.6,5.5,3.0,3.0,4.0,4.0,2.065591117977288,1.7669811040931438,1.5238839267549946,1.581138830084191,-1.2666666666666668,-0.6333333333333333,0.8999999999999999,1.1666666666666665,0.19384668567971652,0.08333333333333333,0.18083739626610681,0.12548732943469787,0.17503528937285742,0.2713383838383838,0.20801706396633582,0.2978495611429048,0.368881975052574,0.35467171717171714,0.38885446023244263,0.42333689057760265,0.43599326322534676,0.4798822200331488
2022020667,2023-01-13,2022-2023,TBL,VAN,5,4,9,1,1,1.0,1.0,0.0,0,0,1.0,-2.0,3.0,6.0,4.0,3.3,3.5,-0.20000000000000018,2.4,3.9,-1.5,5.7,7.4,33.5,30.3,29.4,31.3,0.0984566039870624,0.11873321480485419,0.9128145229331265,0.872022984325616,1.0,0.5,0.5,0.9,22.3,24.8,10.2,6.1,13.1,15.2,6.8,6.3,6.3,7.3,4.0,1.0,4.0,5.0,1.8885620632287055,1.6499158227686115,1.4298407059684806,1.7288403306519922,-0.2999999999999998,0.5,0.9333333333333336,0.766666666666667,0.1730769230769231,0.14166666666666666,0.16773504273504272,0.22424924924924924,0.28917378917378916,0.33941441441441444,0.29672364672364676,0.25544294294294295,0.46225071225071224,0.48108108108108105,0.4644586894586895,0.4796921921921922,0.29957264957264956,-0.41216216216216217
2022020673,2023-01-13,2022-2023,VGK,FLA,4,2,6,2,1,4.0,1.0,3.0,0,0,-1.0,1.0,-2.0,5.0,4.0,3.1,3.0,0.10000000000000009,2.9,3.8,-0.8999999999999999,6.0,6.8,33.4,31.5,27.3,32.0,0.09651008963817688,0.08883874423641122,0.8875479895869702,0.8773394732419874,0.7,1.0,0.2,1.2,22.8,21.8,7.9,15.8,14.9,13.4,11.7,5.5,6.2,8.1,4.0,2.0,7.0,4.0,1.5238839267549946,2.1602468994692865,0.875595035770914,1.4757295747452446,-0.10000000000000009,0.0,-0.2333333333333334,-0.46666666666666634,0.09595959595959595,0.07797619047619048,0.1908369408369408,0.18540121802316925,0.36564897091212883,0.14007936507936508,0.357427660059239,0.27572161916674115,0.46160856687172475,0.21805555555555556,0.5482646008961798,0.4611228371899104,0.45443153337890185,-0.06650641025641024
2022020664,2023-01-13,2022-2023,MTL,NSH,4,3,7,1,1,2.0,0.0,2.0,0,1,-1.0,-1.0,0.0,2.0,6.0,2.0,3.6,-1.6,4.3,2.4,1.9,6.3,6.0,24.9,33.3,35.5,37.6,0.07737114737114734,0.11114258173765697,0.8773164472182822,0.932377434181052,0.5,0.7,1.4,0.3,22.8,26.7,13.5,10.4,16.4,17.6,5.6,6.5,8.7,6.9,1.0,5.0,3.0,3.0,1.4142135623730947,1.7126976771553508,2.3118054512532935,1.349897115421105,0.0,-1.2666666666666666,-0.9666666666666663,-1.0666666666666667,0.03273809523809524,0.18745143745143744,0.08599531802396095,0.16455905205905205,0.21794871794871795,0.4451825951825952,0.16054162744930264,0.3975912975912976,0.2506868131868132,0.6326340326340326,0.24653694547326363,0.5621503496503496,-1.4034339895366035,-0.107983682983683
2022020670,2023-01-13,2022-2023,STL,CGY,1,4,5,-3,0,1.0,1.0,0.0,0,0,2.0,-2.0,4.0,5.0,5.0,3.6,3.2,0.3999999999999999,3.4,2.7,0.6999999999999997,7.0,5.9,27.1,36.9,31.1,26.1,0.13812500562371205,0.09438352884818221,0.8881495605689154,0.8970025665726927,0.9,0.4,0.5,0.4,24.5,20.1,6.6,7.1,14.5,11.6,7.0,7.3,6.6,8.3,2.0,3.0,4.0,3.0,1.0749676997731397,1.5491933384829661,1.71269767715535,1.0593499054713804,0.06666666666666643,0.1333333333333333,-0.7333333333333334,0.2999999999999998,0.13932980599647266,0.16117216117216115,0.162338895672229,0.1649114774114774,0.34656084656084657,0.21916971916971917,0.2872608872608873,0.22332202111613875,0.4858906525573192,0.3803418803418803,0.44959978293311625,0.3882334985276161,-0.9153439153439153,0.035034205990088337
2022020671,2023-01-13,2022-2023,CHI,COL,3,2,5,1,1,3.0,1.0,2.0,0,0,2.0,-1.0,3.0,3.0,4.0,1.9,2.5,-0.6000000000000001,3.2,3.0,0.20000000000000018,5.1,5.5,28.5,35.2,33.1,31.2,0.06505565438460173,0.07628390265952531,0.8990417390165844,0.9079683274642953,0.3,0.4,0.7,1.0,21.9,24.9,6.8,8.6,14.5,10.7,9.7,7.8,8.4,7.7,3.0,2.0,7.0,6.0,1.5238839267549942,1.1785113019775781,1.873795909674025,1.7638342073763942,0.43333333333333357,0.5,-1.2000000000000002,0.3333333333333335,0.17982456140350878,0.05405405405405406,0.1170425578320315,0.07232617232617232,0.2260739991003149,0.08685608685608685,0.17840218991534784,0.16180411180411178,0.40589856050382367,0.1409101409101409,0.29544474774737933,0.23413028413028414,-1.637858851674641,-0.3350542850542851
2022020662,2023-01-13,2022-2023,CBJ,CAR,2,6,8,-4,0,1.0,1.0,0.0,0,0,-2.0,-4.0,2.0,2.0,6.0,1.9,3.7,-1.8000000000000003,3.2,2.8,0.40000000000000036,5.1,6.5,27.8,38.3,35.0,26.1,0.07142118401192808,0.10910335354545533,0.9134018837108082,0.8909940785492569,0.4,0.9,1.1,0.6,25.4,15.2,9.0,8.8,14.5,10.8,4.6,7.9,5.3,7.4,2.0,2.0,4.0,6.0,1.3703203194062974,0.9486832980505125,1.9888578520235054,1.8135294011647258,0.10000000000000009,-0.7000000000000002,0.1333333333333333,0.8666666666666667,0.16688034188034187,0.1467479674796748,0.1362024473866579,0.26661650510735874,0.3681623931623932,0.34369918699186996,0.3081161627214259,0.2458346362309777,0.535042735042735,0.49044715447154474,0.4443186101080838,0.5124511413383365,-1.7231325455009667,0.23823483427141964
2022020668,2023-01-13,2022-2023,BUF,WPG,2,4,6,-2,0,1.0,1.0,0.0,0,0,-2.0,-1.0,-1.0,7.0,6.0,3.7,3.4,0.30000000000000027,3.1,2.7,0.3999999999999999,6.8,6.1,30.5,27.4,35.4,30.5,0.12545525040246486,0.12867245016509718,0.9080199858358217,0.904008246870089,0.8,0.6,0.7,0.5,14.9,24.6,6.7,7.5,11.4,13.5,6.3,7.7,6.1,8.5,2.0,1.0,4.0,6.0,2.002775851439973,1.9550504398153579,1.100504934614611,1.4944341180973264,-0.7000000000000002,1.9333333333333331,1.233333333333333,1.2999999999999998,0.254995126705653,0.17205551989730425,0.27707021292547607,0.22105302912026273,0.37902046783625726,0.32956247325631155,0.39614673467227646,0.3191429153800784,0.6340155945419103,0.5016179931536158,0.6732169475977526,0.5401959445003411,0.46273418274192263,0.33695312771050895
2022020665,2023-01-13,2022-2023,BOS,SEA,0,3,3,-3,0,3.0,1.0,2.0,0,0,4.0,6.0,-2.0,8.0,7.0,4.0,4.4,-0.40000000000000036,2.1,2.8,-0.6999999999999997,6.1,7.2,32.8,31.0,30.9,29.4,0.13462296326812595,0.1535190979071678,0.9312092804920947,0.9082803768172761,0.7,0.5,0.2,0.9,20.8,24.5,6.7,7.7,18.0,16.0,6.3,9.1,9.6,6.4,3.0,5.0,4.0,4.0,1.8257418583505536,1.712697677155352,0.9944289260117536,2.097617696340303,1.333333333333333,0.9333333333333327,-0.43333333333333335,-0.46666666666666634,0.3651785714285714,0.20411605937921729,0.26207646520146516,0.16961824724982622,0.5904761904761905,0.46900584795321637,0.41863553113553115,0.39939220136588555,0.9556547619047618,0.6731219073324336,0.6807119963369964,0.5690104486157117,1.8124313186813188,1.346899153478101
2022020672,2023-01-13,2022-2023,ARI,OTT,3,5,8,-2,0,1.0,2.0,-1.0,0,0,-6.0,-2.0,-4.0,3.0,4.0,2.6,2.4,0.20000000000000018,3.6,3.2,0.3999999999999999,6.2,5.6,26.8,31.7,32.1,30.1,0.09490071679702669,0.08000209530452493,0.890633578281823,0.8804574130047275,0.5,0.7,1.1,0.1,28.1,31.8,6.9,5.7,15.1,14.9,6.4,7.5,8.4,8.6,3.0,1.0,5.0,6.0,2.011080417199781,1.3498971154211064,1.7126976771553515,2.201009869229223,-1.6,0.2666666666666666,-0.9333333333333336,0.46666666666666634,0.09782608695652173,0.18828725038402458,0.11696859903381641,0.15664362519201228,0.08690476190476189,0.27638248847926267,0.17354497354497353,0.23461981566820275,0.18473084886128363,0.4646697388632873,0.29051357257878996,0.3912634408602151,-1.0282608695652173,-0.932258064516129
2022020666,2023-01-13,2022-2023,DET,TOR,4,1,5,3,1,1.0,0.0,1.0,0,1,1.0,3.0,-2.0,4.0,7.0,3.6,4.0,-0.3999999999999999,4.0,2.8,1.2000000000000002,7.6,6.8,29.4,32.6,30.7,27.1,0.12855662804691184,0.12375716940498885,0.8673802780885748,0.8932027324446391,0.7,1.0,1.2,0.7,23.1,20.2,7.8,7.5,15.4,14.9,5.2,9.1,5.2,9.1,3.0,3.0,6.0,6.0,2.170509412813294,1.6329931618554518,1.05409255338946,1.6193277068654828,-0.2666666666666666,0.0,-0.3333333333333335,-1.4666666666666666,0.14822954822954823,0.0496031746031746,0.17374084249084246,0.15496031746031746,0.3013431013431013,0.17857142857142858,0.3566010378510378,0.2488095238095238,0.4495726495726496,0.22817460317460317,0.5303418803418803,0.4037698412698412,-0.6258470695970696,1.0654761904761902
2022020676,2023-01-14,2022-2023,SJS,EDM,1,7,8,-6,0,1.0,1.0,0.0,0,0,-1.0,1.0,-2.0,3.0,5.0,3.3,3.5,-0.20000000000000018,3.9,2.8,1.1,7.2,6.3,29.9,33.7,29.1,30.9,0.11237043662692756,0.10223973050300475,0.8659675155210547,0.9007271438324587,0.5,0.9,0.3,0.8,23.2,23.5,7.0,10.2,16.0,13.5,7.5,9.4,6.5,9.3,1.0,4.0,4.0,5.0,1.1595018087284057,2.121320343559643,1.5238839267549944,1.2292725943057177,-0.2999999999999998,0.16666666666666652,-0.5666666666666664,0.5333333333333337,0.16569767441860464,0.35252860834256183,0.22433503740225239,0.20513359045836996,0.2986434108527132,0.6168327796234773,0.4475289182677158,0.3990338717684347,0.46434108527131784,0.9693613879660393,0.6718639556699681,0.6041674622268047,-1.3768558110446936,0.17703440638484746
2022020674,2023-01-14,2022-2023,PIT,WPG,1,4,5,-3,0,2.0,0.0,2.0,0,1,2.0,1.0,1.0,3.0,6.0,2.7,3.3,-0.5999999999999996,3.4,2.8,0.6000000000000001,6.1,6.1,28.6,27.7,31.6,31.0,0.09356195596518176,0.12265393164657867,0.8936568486110247,0.9019079758673788,0.8,0.6,0.4,0.4,27.5,24.2,6.6,8.1,16.1,14.2,9.8,7.5,9.9,7.8,2.0,2.0,5.0,5.0,1.3374935098492604,1.8885620632287063,1.4298407059684815,1.3984117975602024,0.9666666666666663,2.033333333333333,-0.06666666666666643,1.2000000000000002,0.35472972972972966,0.1672216672216672,0.2611611611611611,0.21539863645126803,0.5414414414414415,0.3283383283383283,0.4531281281281281,0.3191399244030823,0.8961711711711712,0.4955599955599956,0.7142892892892894,0.5345385608543504,-0.26794294294294296,0.3092696776907303
2022020675,2023-01-14,2022-2023,ANA,NJD,2,6,8,-4,0,1.0,2.0,-1.0,0,0,-2.0,2.0,-4.0,3.0,5.0,1.8,3.4,-1.5999999999999999,3.9,2.9,1.0,5.7,6.3,26.1,32.9,42.5,29.2,0.06859320844628188,0.11229045061111624,0.9085203745362465,0.8886524463204554,0.4,0.7,0.5,0.4,18.7,17.6,9.0,8.0,15.8,16.7,4.9,7.8,8.9,9.9,3.0,4.0,9.0,5.0,1.2292725943057181,1.4298407059684815,2.078995483935024,1.100504934614612,0.8666666666666665,0.6000000000000001,1.766666666666667,0.43333333333333357,0.13821138211382114,0.08943089430894309,0.11143373338495288,0.14935636856368562,0.1949022192924632,0.30162601626016255,0.1931301219919106,0.2856707317073171,0.3331136014062843,0.3910569105691057,0.3045638553768635,0.43502710027100266,-1.6208403525476696,0.9015582655826557
2022020677,2023-01-14,2022-2023,DAL,CGY,5,6,11,-1,0,0.0,0.0,0.0,1,1,-1.0,1.0,-2.0,6.0,5.0,2.8,2.9,-0.10000000000000009,2.1,2.5,-0.3999999999999999,4.9,5.4,32.0,37.0,28.9,26.0,0.08596319201835283,0.08643481089946427,0.9291807087774832,0.90426752383765,1.1,0.4,0.5,0.4,20.9,21.2,5.8,6.6,16.5,10.9,5.9,7.3,7.5,7.9,3.0,3.0,4.0,3.0,1.7511900715418267,0.8755950357709128,1.1972189997378644,1.1785113019775795,-0.46666666666666634,0.43333333333333357,-0.7666666666666668,0.5,0.20930232558139536,0.15736434108527134,0.16704480998298354,0.16089969462062487,0.4728682170542636,0.22170542635658916,0.3542257515598412,0.22551763481996043,0.6821705426356589,0.37906976744186044,0.5212705615428247,0.3864173294405852,1.4577424844015885,0.137503775294473
2022020686,2023-01-15,2022-2023,NSH,BUF,3,5,8,-2,0,1.0,1.0,0.0,0,0,-2.0,-3.0,1.0,5.0,6.0,3.5,3.5,0.0,2.6,3.2,-0.6000000000000001,6.1,6.7,33.8,32.5,37.2,33.9,0.10747462806970329,0.11128568013533362,0.9260770678806857,0.901359573077848,0.6,0.7,0.5,0.7,27.6,14.8,10.9,6.9,18.0,10.0,5.9,5.9,6.9,6.0,1.0,4.0,3.0,5.0,1.7159383568311668,2.0682789409984754,1.4298407059684806,1.0327955589886435,-1.1666666666666665,-1.8333333333333333,-0.6000000000000001,0.46666666666666634,0.1827714012434242,0.21375921375921378,0.16049139167862267,0.2713723605027953,0.4502271640363462,0.46537446537446536,0.3999103299856528,0.4053321602234645,0.6329985652797705,0.6791336791336792,0.5604017216642755,0.6767045207262599,-0.08669296987087521,0.3758463008463009
2022020681,2023-01-15,2022-2023,WSH,PHI,1,3,4,-2,0,2.0,2.0,0.0,0,0,-1.0,2.0,-3.0,6.0,7.0,3.9,4.2,-0.30000000000000027,2.3,3.0,-0.7000000000000002,6.2,7.2,30.9,31.5,31.1,30.5,0.12176582810617764,0.13725396967388895,0.9228412787723134,0.9056857186070519,0.6,0.6,0.4,0.6,25.5,27.2,7.3,6.2,16.1,13.5,6.1,6.9,9.0,5.6,3.0,4.0,6.0,4.0,2.233582075700127,1.1352924243950955,1.7029386365926402,1.9436506316150992,-1.9,-0.5333333333333337,0.03333333333333366,0.0,0.3184624017957351,0.18808291979023686,0.23993441241503255,0.15072162183843826,0.3846801346801347,0.4177313201703446,0.32075041668064924,0.2967745348361523,0.7031425364758698,0.6058142399605814,0.5606848290956818,0.44749615667459053,0.35589001868071635,-0.5543007698335042
2022020689,2023-01-15,2022-2023,VGK,EDM,3,4,7,-1,0,1.0,0.0,1.0,0,1,1.0,2.0,-1.0,6.0,5.0,3.3,3.6,-0.30000000000000027,2.8,2.6,0.19999999999999973,6.1,6.2,32.9,34.4,28.8,30.8,0.10336814386465216,0.10166584241118264,0.8974838870228676,0.9079921010974159,0.6,1.0,0.3,0.7,25.0,21.8,9.0,10.0,16.1,13.6,12.1,10.4,5.6,8.9,5.0,4.0,7.0,5.0,1.4944341180973262,2.270584848790187,0.9189365834726823,1.349897115421105,0.03333333333333366,1.733333333333333,-0.1333333333333333,0.06666666666666643,0.09347925216598267,0.3520084566596194,0.12038303693570451,0.20403453136011274,0.35554854022706284,0.6331923890063426,0.26692155693523684,0.41028306319004,0.44902779239304547,0.985200845665962,0.38730459387094135,0.6143175945501528,-0.7592865410922867,0.38953488372093026
2022020688,2023-01-15,2022-2023,STL,TBL,2,4,6,-2,0,1.0,1.0,0.0,0,0,-1.0,2.0,-3.0,5.0,6.0,3.5,3.3,0.20000000000000018,3.3,2.7,0.5999999999999996,6.8,6.0,27.3,34.3,31.8,31.1,0.13363782613653252,0.09422379975425817,0.8929572528766077,0.9071623490200832,0.8,1.0,0.5,0.6,25.2,23.1,6.2,11.0,14.9,13.1,7.7,6.7,7.1,5.9,2.0,1.0,5.0,5.0,1.2692955176439846,1.8885620632287055,1.7029386365926393,1.4181364924121762,-0.8333333333333335,1.0333333333333332,-1.2999999999999998,0.6333333333333333,0.08942414174972314,0.18536036036036033,0.14965844635762116,0.1760135135135135,0.30802595337479055,0.29009009009009007,0.2768110373136629,0.2971283783783784,0.3974500951245137,0.4754504504504504,0.4264694836712841,0.47314189189189193,-0.828684506291408,0.2702702702702703
2022020691,2023-01-15,2022-2023,NYR,MTL,1,2,3,-1,0,1.0,-1.0,2.0,0,0,2.0,-1.0,3.0,6.0,2.0,3.0,2.1,0.8999999999999999,2.5,4.4,-1.9000000000000004,5.5,6.5,33.8,26.1,28.7,36.0,0.09316393996197254,0.07660908334821373,0.9081407177778773,0.8755941928644487,0.7,0.7,0.6,1.3,20.3,22.6,4.6,14.6,14.9,17.9,6.5,5.4,9.4,10.0,4.0,0.0,5.0,4.0,1.7638342073763944,1.5238839267549946,1.080123449734643,2.2211108331943574,-0.3333333333333335,-0.43333333333333335,0.16666666666666652,-1.7333333333333338,0.31007751937984496,0.11117872436330854,0.20726495726495728,0.12260223282355719,0.42635658914728686,0.2247915258057246,0.3003804980549167,0.16627732041345206,0.7364341085271318,0.33597025016903315,0.5076454553198739,0.28887955323700926,0.467757049152398,-1.6694861491972661
2022020679,2023-01-15,2022-2023,NYI,MTL,2,1,3,1,1,1.0,1.0,0.0,0,0,-4.0,1.0,-5.0,4.0,2.0,2.7,2.1,0.6000000000000001,2.3,4.4,-2.1000000000000005,5.0,6.5,28.2,25.8,27.8,35.8,0.09337004183321658,0.07726125726125722,0.9183569407664173,0.8753017952036302,0.3,0.7,0.4,1.4,25.2,23.2,7.7,14.6,16.7,17.7,7.4,5.6,9.7,9.3,3.0,0.0,5.0,4.0,1.9465068427541898,1.5238839267549946,1.3374935098492584,2.2211108331943574,-1.7000000000000002,0.8999999999999999,0.03333333333333366,-1.0666666666666669,0.18874975154044923,0.03169627307558342,0.17632393446346936,0.08243858369226326,0.1705028821307891,0.22214481984596926,0.20688303944117895,0.16597586520753746,0.35925263367123833,0.2538410929215527,0.38320697390464836,0.24841444889980077,0.34431382570917457,-1.3425593544075463
2022020685,2023-01-15,2022-2023,MIN,ARI,2,1,3,1,1,1.0,1.0,0.0,0,0,1.0,-7.0,8.0,5.0,3.0,3.2,2.7,0.5,2.4,3.5,-1.1,5.6,6.2,33.2,27.4,30.9,33.3,0.095516983016983,0.09654989220932052,0.9223226533084773,0.896643808460851,0.5,0.6,0.7,1.0,20.2,29.0,11.8,9.2,16.2,14.1,6.7,5.5,5.5,9.2,1.0,0.0,3.0,6.0,1.7511900715418272,2.002775851439974,1.6465452046971305,1.649915822768612,-1.2000000000000002,-0.7000000000000002,-0.3999999999999999,0.16666666666666652,0.08105444690810544,0.09518970189701897,0.12218580511263438,0.11395389291730755,0.26385084706462036,0.09281842818428183,0.3028820944889811,0.17330440196293853,0.3449052939727258,0.1880081300813008,0.4250678996016155,0.28725829488024607,0.5455388007755296,-1.064793451988574
2022020684,2023-01-15,2022-2023,FLA,VAN,4,3,7,1,1,1.0,1.0,0.0,0,0,-1.0,1.0,-2.0,4.0,4.0,2.9,3.6,-0.7000000000000002,3.4,3.7,-0.30000000000000027,6.3,7.3,31.5,30.4,32.6,31.7,0.08627464167230867,0.12165352482075245,0.8948875501650644,0.880769677447309,1.1,0.5,1.0,0.9,23.7,26.3,15.7,6.5,13.3,15.5,5.0,7.5,7.8,6.7,2.0,2.0,4.0,3.0,2.1832697191750414,1.3498971154211064,0.966091783079297,1.7029386365926402,-0.2333333333333334,0.06666666666666643,0.2666666666666666,0.6333333333333329,0.07575757575757576,0.024593495934959353,0.1846139971139971,0.20021277459318373,0.13622660715683974,0.32650834403080875,0.2731638086289249,0.32339242086333064,0.21198418291441548,0.3511018399657681,0.45777780574292204,0.5236051954565143,-0.15234319943622268,-0.4363517960913298
2022020678,2023-01-15,2022-2023,DET,CBJ,3,4,7,-1,0,1.0,1.0,0.0,0,0,2.0,-3.0,5.0,5.0,2.0,3.7,2.0,1.7000000000000002,3.6,3.7,-0.10000000000000009,7.3,5.7,28.5,27.3,31.3,35.8,0.13657293239473794,0.07654540761441256,0.8828684935767901,0.9017980403996477,0.8,0.4,0.9,1.1,23.2,24.1,7.4,10.0,15.0,13.9,5.5,4.5,5.1,5.2,4.0,0.0,6.0,4.0,2.1628170930011112,1.333333333333333,1.3498971154211057,2.0027758514399725,0.2999999999999998,-0.33333333333333326,-0.6000000000000001,0.6333333333333329,0.15277777777777776,0.1709349593495935,0.17335858585858585,0.19392451971078417,0.2935185185185185,0.3591463414634146,0.3514309764309764,0.33233970244560745,0.44629629629629636,0.5300813008130082,0.5247895622895623,0.5262642221563916,-0.5598484848484849,-2.1043193114117376
2022020680,2023-01-15,2022-2023,COL,OTT,7,0,7,7,1,1.0,1.0,0.0,0,0,-2.0,1.0,-3.0,3.0,5.0,2.7,2.7,0.0,3.3,3.2,0.09999999999999964,6.0,5.9,33.9,33.6,31.6,30.8,0.08234450872013135,0.08349753603400822,0.8979683274642953,0.8837489490548844,0.4,0.8,1.0,0.2,24.2,33.0,9.0,6.1,10.3,15.5,7.2,7.6,7.4,8.9,1.0,2.0,5.0,6.0,0.8232726023485626,1.5670212364724212,1.4181364924121773,2.201009869229223,0.2999999999999998,0.2999999999999998,0.03333333333333366,1.4666666666666668,0.07346491228070175,0.1937104787714544,0.11060633001422475,0.1577179313459801,0.1263157894736842,0.2946307588075881,0.23271692745376957,0.24115006775067752,0.19978070175438598,0.4883412375790424,0.3433232574679943,0.39886799909665765,0.3100284495021337,-0.8001355013550135
2022020687,2023-01-15,2022-2023,CHI,SEA,5,8,13,-3,0,1.0,1.0,0.0,0,0,3.0,7.0,-4.0,4.0,7.0,2.1,4.2,-2.1,2.7,2.6,0.10000000000000009,4.8,6.8,28.5,30.8,33.8,29.7,0.07172232105126838,0.14804500211049135,0.9199042098790553,0.9166137101506096,0.3,0.5,0.6,0.8,22.6,25.4,7.6,7.3,15.6,15.9,9.7,9.2,7.9,6.8,4.0,6.0,7.0,3.0,1.5238839267549942,1.7511900715418276,1.3374935098492564,2.2705848487901865,0.8999999999999999,-0.5333333333333337,-1.0333333333333334,-1.6,0.15708015708015707,0.15655618094642484,0.13515772559890207,0.13591797569559408,0.3075306075306075,0.4627892432770482,0.24053000964765672,0.36779466946253175,0.4646107646107646,0.6193454242234729,0.3756877352465588,0.5037126451581257,-2.2320573967632793,2.0092750984070924
2022020692,2023-01-15,2022-2023,CAR,VAN,3,4,7,-1,0,-1.0,-1.0,0.0,0,0,2.0,-3.0,5.0,6.0,4.0,3.7,3.8,-0.09999999999999964,2.7,3.9,-1.1999999999999997,6.4,7.7,40.4,30.9,25.4,32.1,0.09818194433136318,0.12579203833426594,0.8931839735766804,0.8762557885584201,0.9,0.6,0.6,0.9,14.7,25.8,9.2,6.8,11.1,15.9,7.2,7.1,7.7,6.9,4.0,1.0,6.0,4.0,1.3374935098492577,1.3984117975602026,1.8287822299126935,1.7288403306519922,-0.03333333333333366,0.20000000000000018,-0.3666666666666667,1.766666666666667,0.09785950980684838,0.03255010572083742,0.10763879653929509,0.2188097252659663,0.2852693276014768,0.31850263557580627,0.2718198079249069,0.3137228625033503,0.3831288374083251,0.3510527412966437,0.37945860446420193,0.5325325877693167,0.533404800610819,-0.9776304518054878
2022020682,2023-01-15,2022-2023,CAR,PIT,2,1,3,1,1,1.0,0.0,1.0,0,1,1.0,-1.0,2.0,6.0,3.0,3.9,2.6,1.2999999999999998,2.9,3.5,-0.6000000000000001,6.8,6.1,40.4,28.4,24.6,32.7,0.10373749988691876,0.08990978205213826,0.8849300053227122,0.8940016761972316,0.9,0.7,0.6,0.5,14.4,28.3,8.8,6.9,10.3,16.4,7.2,8.8,7.2,9.2,3.0,1.0,5.0,6.0,1.1972189997378637,1.429840705968483,1.728840330651992,1.433720877840438,0.10000000000000009,0.7333333333333334,0.10000000000000009,-0.5,0.15873015873015872,0.3459563543003851,0.12311839150074444,0.25460858804889613,0.3333333333333333,0.5280273855370132,0.25582273449920506,0.44177682175114774,0.49206349206349204,0.8739837398373984,0.3789411259999495,0.6963854098000439,0.4162237868120221,-0.3637199458765569
2022020683,2023-01-15,2022-2023,BOS,TOR,4,3,7,1,1,1.0,1.0,0.0,0,0,-1.0,-1.0,0.0,7.0,6.0,3.3,3.7,-0.40000000000000036,2.0,3.0,-1.0,5.3,6.7,32.9,31.9,30.0,27.4,0.10769988634504904,0.11678747243529189,0.9322349215177358,0.8848295267030123,0.5,0.9,0.2,0.9,22.9,20.0,6.5,7.9,17.6,14.5,6.4,8.3,10.0,8.6,2.0,3.0,4.0,5.0,1.8885620632287057,1.8885620632287057,0.9428090415820639,1.49071198499986,0.3666666666666667,-0.7000000000000002,-0.33333333333333326,-1.0,0.3551162026771783,0.1627906976744186,0.25494443075743883,0.13081395348837208,0.5739508910240617,0.30835486649440136,0.40711998029071195,0.33757844222960504,0.9290670937012401,0.47114556416882,0.662064411048151,0.46839239571797703,1.6304303194547098,0.5909929863418235
2022020690,2023-01-15,2022-2023,LAK,NJD,2,5,7,-3,0,2.0,0.0,2.0,0,1,3.0,3.0,0.0,7.0,6.0,3.5,3.9,-0.3999999999999999,2.6,2.7,-0.10000000000000009,6.1,6.6,30.1,33.0,26.0,30.5,0.117864915610477,0.12504348704836324,0.8989904498130304,0.9025918402598492,0.9,0.8,0.7,0.5,24.0,17.4,9.8,8.7,18.2,17.0,3.9,7.9,6.9,10.4,5.0,5.0,7.0,5.0,1.509230856356236,1.3703203194062983,1.0749676997731372,1.0593499054713806,1.5,1.1,-0.2666666666666666,-0.03333333333333366,0.11275576275576275,0.08730158730158728,0.22674825174825175,0.14552845528455285,0.3797720797720798,0.30236159504452187,0.4195156695156695,0.2989740611691831,0.49252784252784254,0.3896631823461092,0.6462639212639213,0.44450251645373595,0.014491064491064479,1.0684088269454124
2022020695,2023-01-16,2022-2023,BOS,PHI,6,0,6,6,1,0.0,0.0,0.0,1,1,1.0,3.0,-2.0,7.0,7.0,3.4,4.0,-0.6000000000000001,2.1,2.8,-0.6999999999999997,5.5,6.8,32.4,30.1,29.4,31.2,0.11177228453509429,0.13643345685337613,0.9253566146394288,0.9122766276979611,0.4,0.7,0.3,0.6,23.5,27.5,8.2,7.0,19.0,14.8,6.5,6.7,9.2,5.1,2.0,5.0,4.0,3.0,1.8973665961010273,1.1547005383792532,0.9944289260117536,2.0439612955674513,0.2666666666666666,0.0,-0.10000000000000009,-1.4666666666666666,0.353534206475383,0.19631823069639043,0.25216392863451687,0.1576676623567422,0.5681353622530093,0.4124656940632674,0.4050994271582507,0.29615449945328615,0.9216695687283923,0.6087839247596578,0.6572633557927676,0.45382216181002827,1.6963244757362403,-0.472349291535338
2022020694,2023-01-16,2022-2023,BUF,FLA,1,4,5,-3,0,0.0,0.0,0.0,1,1,1.0,1.0,0.0,6.0,5.0,3.5,3.1,0.3999999999999999,3.3,3.4,-0.10000000000000009,6.8,6.5,31.5,31.4,34.9,33.2,0.11480928831010459,0.09214765754532453,0.900494112810342,0.8963678133229591,0.6,1.2,0.7,1.0,14.5,23.7,6.5,12.8,10.5,13.3,6.1,5.1,6.0,8.1,2.0,2.0,5.0,4.0,2.0682789409984754,2.1832697191750414,0.9486832980505128,0.966091783079297,-0.16666666666666652,0.5666666666666664,0.03333333333333366,-0.06666666666666643,0.26071022201053157,0.08267090620031797,0.2946505039591953,0.18922563583235566,0.35984758275779943,0.13258177964060316,0.3476067182081681,0.26988491960464867,0.6205578047683311,0.21525268584092117,0.6422572221673635,0.45911055543700435,0.47854502717449177,-0.17871344019120203
2022020696,2023-01-16,2022-2023,COL,DET,6,3,9,3,1,0.0,0.0,0.0,1,1,1.0,-1.0,2.0,3.0,5.0,3.2,3.7,-0.5,3.2,3.6,-0.3999999999999999,6.4,7.3,33.6,29.4,32.5,29.6,0.09800107437669703,0.13149774442481313,0.9029683274642952,0.8763923031005998,0.4,0.7,1.0,0.9,23.6,23.1,10.1,7.0,10.4,14.4,7.4,5.0,7.5,5.3,1.0,1.0,5.0,7.0,1.549193338482965,2.1628170930011112,1.6193277068654832,1.3498971154211057,1.1333333333333329,0.9666666666666668,-0.5333333333333337,-0.2666666666666666,0.0904977375565611,0.15798725554823115,0.07776919398153258,0.165401799548141,0.13031428956823507,0.2942210503186113,0.1551977951906216,0.33577010406278696,0.2208120271247961,0.45220830586684246,0.23296698917215417,0.501171903610928,0.34766152865148564,-0.6026908709835539
2022020698,2023-01-16,2022-2023,SEA,TBL,1,4,5,-3,0,0.0,0.0,0.0,1,1,8.0,3.0,5.0,8.0,7.0,4.5,3.6,0.8999999999999999,2.6,2.7,-0.10000000000000009,7.1,6.3,30.2,35.4,28.7,29.8,0.16082277988826912,0.10229397519285466,0.9116087051456043,0.9044255069148199,0.5,1.1,0.9,0.5,25.9,21.3,6.4,11.0,14.5,13.8,9.4,8.2,6.8,5.6,1.0,2.0,3.0,5.0,2.121320343559644,1.7126976771553502,2.2705848487901865,1.4181364924121762,0.5,1.4,0.06666666666666643,0.2999999999999998,0.15277777777777776,0.18891741548994437,0.13252516453735966,0.17575952075310228,0.4674603174603175,0.28284124946512623,0.37960704607046075,0.29350096906541817,0.6202380952380951,0.47175866495507063,0.5121322106078203,0.4692604898185204,2.1164343786295,0.23446349014573736
2022020697,2023-01-16,2022-2023,SJS,NJD,3,4,7,-1,0,1.0,0.0,1.0,0,1,-2.0,4.0,-6.0,3.0,6.0,3.1,4.0,-0.8999999999999999,4.0,2.7,1.2999999999999998,7.1,6.7,29.8,32.5,29.4,30.6,0.10510547936197027,0.13077941778429394,0.8646838184735579,0.9027419904099994,0.5,0.8,0.5,0.6,24.0,19.0,6.9,7.8,15.1,15.6,7.4,7.4,6.6,10.1,1.0,5.0,4.0,5.0,1.3703203194062976,1.4142135623730956,1.6996731711975945,1.0593499054713806,-0.43333333333333357,1.333333333333333,0.33333333333333304,-0.3666666666666667,0.16186252771618626,0.10077519379844961,0.21906257698940623,0.14650659418101278,0.2917590539541759,0.29531192321889993,0.4371313307288917,0.3071411792342025,0.45362158167036215,0.3960871170173496,0.656193907718298,0.4536477734152153,-1.4885598141695704,1.2591362126245849
2022020699,2023-01-16,2022-2023,VGK,DAL,0,4,4,-4,0,0.0,1.0,-1.0,1,0,-1.0,-2.0,1.0,6.0,6.0,3.4,3.0,0.3999999999999999,2.9,2.2,0.6999999999999997,6.3,5.2,31.6,32.6,30.7,29.2,0.10871698107395449,0.09000359605875688,0.9033397428787234,0.9276655572623314,0.6,1.0,0.3,0.6,27.3,21.6,9.0,6.0,16.4,16.7,12.7,5.3,5.5,8.0,5.0,3.0,7.0,4.0,1.429840705968481,1.8856180831641272,0.994428926011754,1.4757295747452432,-0.7333333333333334,-0.6666666666666665,0.43333333333333357,0.7999999999999998,0.09112554112554112,0.2272727272727273,0.11753246753246753,0.18235930735930736,0.36190476190476195,0.47727272727272724,0.35519480519480523,0.3575036075036075,0.45303030303030306,0.7045454545454546,0.4727272727272727,0.5398629148629148,-0.2707792207792208,1.5844155844155845
2022020693,2023-01-16,2022-2023,WPG,ARI,2,1,3,1,1,1.0,0.0,1.0,0,1,2.0,-8.0,10.0,7.0,2.0,3.5,2.7,0.7999999999999998,2.6,3.6,-1.0,6.1,6.3,29.0,27.8,29.4,33.3,0.1252465242391713,0.09595465411408244,0.9052524574727302,0.8929401047571476,0.7,0.5,0.3,1.0,24.7,26.8,7.8,8.8,14.4,13.8,7.2,4.9,7.5,8.7,4.0,0.0,5.0,5.0,1.8408935028645441,2.002775851439974,1.5055453054181622,1.505545305418163,0.833333333333333,-0.7000000000000002,0.3999999999999999,-0.2666666666666666,0.12288517076478772,0.09269841269841268,0.2089574052638348,0.11109440267335004,0.38186186818197765,0.09051909051909052,0.3190659090111895,0.16911084016347175,0.5047470389467653,0.1832175032175032,0.5280233142750242,0.28020524283682174,0.7745273422428005,-0.9946961999593578
2022020700,2023-01-17,2022-2023,PIT,ANA,4,3,7,1,1,1.0,2.0,-1.0,0,0,-2.0,-3.0,1.0,2.0,3.0,2.4,1.9,0.5,3.5,4.1,-0.5999999999999996,5.9,6.0,29.5,26.9,33.5,42.3,0.08026692490928113,0.07065381450688793,0.8955889777845332,0.9028918567126066,0.6,0.4,0.5,0.5,28.4,18.5,6.5,9.1,15.2,14.8,8.8,5.1,9.0,9.8,1.0,0.0,5.0,10.0,1.505545305418164,1.1972189997378646,1.433720877840438,2.1832697191750423,-0.06666666666666643,-0.23333333333333317,-0.16666666666666652,2.2333333333333334,0.3376068376068376,0.14285714285714288,0.2483773536405115,0.11254152823920266,0.5152625152625153,0.1979949874686717,0.430981299402352,0.1961735734685551,0.8528693528693528,0.3408521303258145,0.6793586530428636,0.30871510170775773,-0.4290534027376133,-1.700326397388821
2022020702,2023-01-17,2022-2023,NYI,WSH,3,4,7,-1,0,1.0,1.0,0.0,0,0,1.0,-2.0,3.0,5.0,5.0,2.6,3.7,-1.1,2.0,2.4,-0.3999999999999999,4.6,6.1,30.2,30.9,26.8,31.1,0.08196653306128676,0.11676582810617764,0.9261303268006728,0.9188412787723133,0.3,0.5,0.3,0.4,25.1,27.3,6.9,7.1,16.7,14.9,7.7,6.4,10.4,8.8,4.0,2.0,6.0,7.0,1.955050439815356,2.4060109910158114,1.247219128924647,1.7126976771553504,-1.2666666666666668,-2.033333333333333,-0.6666666666666667,-0.06666666666666643,0.18391984359726296,0.31746031746031744,0.17590988656254972,0.21466885604816635,0.17695503421309874,0.3232804232804232,0.20731120280070017,0.3228151797117314,0.36087487781036165,0.6407407407407407,0.3832210893632499,0.5374840357598978,0.3912944145127191,0.37498631636562674
2022020704,2023-01-17,2022-2023,STL,OTT,2,1,3,1,1,1.0,1.0,0.0,0,0,-2.0,-1.0,-1.0,5.0,5.0,3.3,2.6,0.6999999999999997,3.3,3.4,-0.10000000000000009,6.6,6.0,26.9,32.9,31.6,31.7,0.1278447226882567,0.08071975825623046,0.8921239195432744,0.8833701611760965,0.7,0.7,0.5,0.3,24.9,31.5,6.2,7.0,15.5,15.9,7.8,7.5,7.3,8.2,2.0,2.0,6.0,6.0,1.3374935098492586,1.7126976771553508,1.7029386365926393,2.458545188611436,-0.9666666666666663,-0.9333333333333333,0.03333333333333366,0.9333333333333331,0.0987460815047022,0.18866268866268868,0.15149220537151573,0.15364065364065363,0.30039184952978054,0.2870987870987871,0.26978284122680674,0.23492648492648494,0.39913793103448275,0.4757614757614758,0.42127504659832243,0.3885671385671386,-0.9333612217232907,-1.070902070902071
2022020701,2023-01-17,2022-2023,CBJ,NYR,1,3,4,-2,0,1.0,1.0,0.0,0,0,1.0,-1.0,2.0,3.0,6.0,2.1,2.9,-0.7999999999999998,3.6,2.4,1.2000000000000002,5.7,5.3,26.5,34.9,34.8,29.4,0.08345449852350348,0.08858518538321797,0.9016100704748359,0.9141891048746515,0.4,0.7,1.1,0.5,24.6,20.1,10.2,4.4,14.0,14.5,4.1,6.6,5.4,10.1,2.0,2.0,4.0,6.0,1.4491376746189435,1.8529256146249735,2.01108041719978,1.0749676997731399,0.8999999999999999,-0.8999999999999999,1.4,-0.3999999999999999,0.16686024003097175,0.30303030303030304,0.18872375111556858,0.20191533272928622,0.36643437862950057,0.4166666666666667,0.34022022212423475,0.29291251384274636,0.5332946186604723,0.7196969696969697,0.5289439732398034,0.49482784657203266,-2.02526571906981,0.4225309574146783
2022020703,2023-01-17,2022-2023,NSH,CGY,2,1,3,1,1,1.0,2.0,-1.0,0,0,-3.0,2.0,-5.0,5.0,6.0,3.6,3.2,0.3999999999999999,2.8,2.6,0.19999999999999973,6.4,5.8,34.0,37.6,35.9,26.1,0.10966349611222988,0.09310147756613094,0.9174472918596054,0.9046463117164378,0.6,0.5,0.6,0.4,28.5,20.3,10.9,6.4,16.9,10.8,5.3,7.6,7.0,8.2,1.0,4.0,3.0,3.0,1.6465452046971294,1.316561177208766,1.6193277068654823,1.349897115421106,-1.2666666666666666,1.1333333333333329,0.8666666666666667,0.7333333333333334,0.18625629113433995,0.16130820399113086,0.1645567169957414,0.16928551415638934,0.43898567557104146,0.22413155949741315,0.3980642663569493,0.2371648092595008,0.6252419667053813,0.385439763488544,0.5626209833526906,0.4064503234158901,-0.2868757259001161,0.2187187513586366
2022020710,2023-01-18,2022-2023,ARI,DET,4,3,7,1,1,1.0,1.0,0.0,0,0,-9.0,-2.0,-7.0,1.0,4.0,2.2,3.3,-1.0999999999999996,3.5,3.8,-0.2999999999999998,5.7,7.1,26.6,29.2,32.6,28.5,0.08253474069416902,0.1192619268497297,0.8942841907786528,0.8646963966678511,0.4,0.7,1.0,1.1,26.2,23.6,9.0,6.2,13.1,15.0,4.7,5.0,8.8,5.0,1.0,1.0,4.0,6.0,1.6865480854231363,1.8287822299126935,1.5811388300841906,1.5491933384829668,-0.5333333333333334,0.03333333333333366,-0.8333333333333335,-0.1333333333333333,0.09033989266547406,0.17000835421888053,0.10837805605247468,0.18187625927564008,0.08833129334965321,0.29490392648287383,0.16511575599702896,0.347265221878225,0.17867118601512724,0.46491228070175444,0.2734938120495036,0.5291414811538652,-0.9881524024730879,-0.6376234704408079
2022020709,2023-01-18,2022-2023,CHI,BUF,4,3,7,1,1,2.0,1.0,1.0,0,0,-1.0,-1.0,0.0,4.0,5.0,2.4,3.3,-0.8999999999999999,3.1,3.4,-0.2999999999999998,5.5,6.7,27.3,32.6,33.1,33.9,0.08511263444158179,0.1015908975055069,0.9040483540231994,0.8960543665101307,0.5,0.6,0.5,0.7,22.5,14.2,7.8,6.7,14.9,10.4,10.5,5.9,7.9,6.0,4.0,3.0,7.0,6.0,1.7763883459298966,2.2135943621178646,2.1317702607092635,0.8432740427115666,1.6,-0.6333333333333333,1.233333333333333,-0.3999999999999999,0.17017543859649123,0.2538461538461539,0.13908178304840693,0.2962352462352462,0.3079589216944801,0.3503663003663004,0.23671271675122765,0.33523606023606023,0.4781343602909713,0.6042124542124542,0.3757944997996346,0.6314713064713066,-2.4998904782280906,0.2053113553113554
2022020711,2023-01-18,2022-2023,EDM,SEA,5,2,7,3,1,2.0,1.0,1.0,0,0,3.0,-1.0,4.0,6.0,8.0,3.8,4.4,-0.6000000000000005,2.5,2.5,0.0,6.3,6.9,34.8,29.4,30.9,27.2,0.10641604716138739,0.15871899307199983,0.9117852045456918,0.9115303352396482,1.0,0.5,0.6,0.8,22.0,25.0,10.0,6.2,13.3,15.0,10.7,10.0,8.1,6.7,1.0,7.0,4.0,3.0,2.201009869229224,2.2705848487901883,1.2692955176439837,2.273030282830976,1.8666666666666671,-0.40000000000000036,-0.5,-0.16666666666666652,0.3075998075998076,0.14917753828701077,0.24268879268879265,0.12929837908567346,0.595021645021645,0.46417092077897526,0.46788119288119284,0.37438889339059506,0.9026214526214525,0.613348459065986,0.7105699855699856,0.5036872724762685,0.7331890331890332,1.9435531066274119
2022020708,2023-01-18,2022-2023,MTL,WPG,4,1,5,3,1,2.0,1.0,1.0,0,0,1.0,3.0,-2.0,3.0,8.0,2.1,3.6,-1.5,4.2,2.4,1.8000000000000003,6.3,6.0,26.8,28.8,36.4,28.9,0.07472736291810621,0.12973370372635076,0.881601518871775,0.912029014249287,0.7,0.8,1.0,0.3,21.3,23.1,13.0,7.6,18.2,13.7,5.8,6.9,10.1,7.7,2.0,3.0,4.0,6.0,1.5238839267549946,1.712697677155351,2.4404006956964173,1.5776212754932308,0.2333333333333334,-0.2666666666666666,-2.2,-1.0666666666666667,0.10757808499743986,0.12900432900432898,0.11900846360049396,0.20854978354978357,0.21776753712237581,0.37186147186147184,0.22863166772085178,0.31482683982683984,0.32534562211981566,0.5008658008658009,0.34764013132134575,0.5233766233766234,-1.7943887232312281,0.7805194805194805
2022020338,2023-01-18,2022-2023,NSH,CBJ,2,1,3,1,1,0.0,0.0,0.0,1,1,1.0,-1.0,2.0,6.0,3.0,3.6,2.0,1.6,2.6,3.4,-0.7999999999999998,6.2,5.4,34.1,26.1,36.5,34.3,0.10941719069351066,0.08055794679936554,0.9239740983864119,0.9056770561207689,0.6,0.3,0.5,1.1,27.9,25.0,10.5,9.1,16.2,14.9,5.7,4.6,6.7,5.4,2.0,1.0,3.0,5.0,1.6465452046971294,1.4907119849998594,1.7126976771553502,1.9550504398153563,-0.9333333333333336,0.3333333333333335,0.7333333333333334,0.6000000000000001,0.18958410237480006,0.16297526762643041,0.16455949304786513,0.1837996256831339,0.445490340839178,0.3656330749354005,0.3971637750707518,0.3397017000693263,0.635074443213978,0.528608342561831,0.561723268118617,0.5235013257524602,-0.281469176818014,-2.0291067377035894
2022020705,2023-01-18,2022-2023,PHI,ANA,5,2,7,3,1,1.0,0.0,1.0,0,1,-1.0,-4.0,3.0,7.0,3.0,3.7,2.1,1.6,3.0,4.2,-1.2000000000000002,6.7,6.3,31.1,27.6,30.7,42.7,0.12064398316916562,0.07645318754764027,0.9033516784079003,0.9013200409944495,0.6,0.6,0.6,0.4,26.3,19.4,7.8,7.5,15.0,15.1,6.8,5.3,5.3,9.2,2.0,0.0,3.0,9.0,1.7029386365926409,1.1972189997378646,2.260776661041755,2.14993539954628,-1.0333333333333337,0.2333333333333334,0.3333333333333335,1.1333333333333329,0.18989311721869861,0.14728682170542637,0.15297501389390214,0.11361206289033073,0.399958891237961,0.1932021466905188,0.2876469912133554,0.19142865955215593,0.5898520084566595,0.3404889683959451,0.4406220051072575,0.3050407224424867,-0.6579093389785391,-1.8754208234962046
2022020706,2023-01-18,2022-2023,TOR,FLA,5,4,9,1,1,2.0,1.0,1.0,0,0,-2.0,2.0,-4.0,5.0,6.0,3.6,3.4,0.20000000000000018,3.1,3.1,0.0,6.7,6.5,30.6,32.5,28.9,31.9,0.11930848083865322,0.09956453734072095,0.88885429450487,0.9024433469846997,0.9,1.2,0.8,1.0,21.2,24.9,8.8,10.9,14.5,12.9,8.6,5.2,8.2,7.7,2.0,3.0,4.0,4.0,1.8973665961010273,2.065591117977289,1.523883926754995,1.1972189997378653,-1.6,-0.06666666666666643,-0.43333333333333357,-0.7666666666666666,0.19612794612794612,0.08045112781954887,0.1461802711802712,0.1882053618895724,0.30976430976430974,0.12912837649679754,0.3325665006699489,0.27138237006658056,0.505892255892256,0.20957950431634642,0.47874677185022013,0.459587731956153,0.4398410950135089,-0.08453330295435556
2022020707,2023-01-18,2022-2023,WSH,MIN,2,4,6,-2,0,0.0,2.0,-2.0,1,0,1.0,2.0,-1.0,5.0,5.0,3.7,3.0,0.7000000000000002,2.6,2.4,0.20000000000000018,6.3,5.4,31.7,31.7,31.5,31.5,0.11337958471993426,0.09340058090058087,0.9126874326184671,0.9232966792825031,0.5,0.5,0.4,0.7,29.2,21.2,7.1,11.4,14.6,17.0,6.0,7.0,10.0,5.4,2.0,3.0,6.0,4.0,2.4060109910158114,1.7638342073763946,1.6465452046971292,1.6465452046971305,-1.0333333333333337,-0.3333333333333335,0.7333333333333334,-0.7333333333333332,0.32083958020989506,0.07889822595704948,0.24345668075053384,0.12322104280308614,0.39205397301349326,0.2567693744164332,0.3272962003846562,0.2949538879879437,0.7128935532233882,0.3356676003734827,0.57075288113519,0.41817493079102985,0.655451819544773,0.5298405327043098
2022020715,2023-01-19,2022-2023,VAN,TBL,2,5,7,-3,0,3.0,2.0,1.0,0,0,-1.0,4.0,-5.0,3.0,8.0,3.4,3.6,-0.20000000000000018,3.9,2.3,1.6,7.3,5.9,31.2,34.7,31.9,29.2,0.11288159499619103,0.10467088520983259,0.8754017120793437,0.9173190601382084,0.5,1.1,1.1,0.5,25.7,21.4,6.7,10.6,14.6,13.7,7.2,8.4,6.4,5.9,2.0,3.0,3.0,5.0,1.2649110640673527,1.7126976771553502,1.595131481867387,1.251665557034572,-0.06666666666666643,0.733333333333333,0.10000000000000009,0.03333333333333366,0.031773717238833515,0.18437118437118438,0.21657591977359422,0.17155067155067158,0.31088039867109635,0.30036630036630035,0.3066029900332226,0.3022995522995523,0.3426541159099299,0.4847374847374848,0.5231789098068168,0.47385022385022385,-0.9880214101144336,0.3235653235653236
2022020716,2023-01-19,2022-2023,SJS,DAL,5,3,8,2,1,2.0,2.0,0.0,0,0,-3.0,1.0,-4.0,2.0,6.0,2.9,3.0,-0.10000000000000009,4.1,2.0,2.0999999999999996,7.0,5.0,30.5,32.6,30.9,29.5,0.09448047936197028,0.09000359605875688,0.8650590529951337,0.9359988905956648,0.4,0.7,0.5,0.5,25.3,23.3,6.0,6.0,16.0,17.3,8.6,5.3,6.6,7.6,0.0,4.0,4.0,3.0,1.1972189997378644,1.8856180831641272,1.5951314818673858,1.6329931618554518,-0.5666666666666664,0.3333333333333335,0.5666666666666673,0.6666666666666665,0.16613756613756614,0.23703703703703702,0.1778576267905536,0.1894056847545219,0.28518518518518515,0.4740740740740741,0.3860941734417344,0.35322997416020674,0.45132275132275135,0.7111111111111111,0.5639518002322881,0.5426356589147286,-1.5301103368176538,1.7054263565891472
2022020714,2023-01-19,2022-2023,CGY,COL,1,4,5,-3,0,1.0,2.0,-1.0,0,0,-1.0,2.0,-3.0,5.0,3.0,3.0,3.5,-0.5,2.6,3.3,-0.6999999999999997,5.6,6.8,37.0,31.7,26.7,31.5,0.08899891346356682,0.11370155746848447,0.9064454121662131,0.8977517050062934,0.5,0.6,0.2,0.9,21.8,23.0,5.5,10.1,11.5,10.3,7.5,7.2,8.0,7.3,2.0,1.0,3.0,6.0,1.4907119849998596,1.7795130420052168,1.349897115421106,1.5670212364724216,0.6666666666666665,1.5,0.06666666666666643,-1.2999999999999998,0.15767195767195769,0.08703703703703702,0.16535106535106536,0.07923280423280422,0.22645502645502646,0.1259259259259259,0.23523523523523526,0.15423280423280422,0.3841269841269841,0.21296296296296294,0.40058630058630057,0.23346560846560846,0.16833976833976835,0.1698412698412698
2022020713,2023-01-19,2022-2023,NYI,BOS,1,4,5,-3,0,1.0,2.0,-1.0,0,0,-1.0,2.0,-3.0,4.0,7.0,2.4,3.6,-1.2000000000000002,2.3,1.8,0.4999999999999998,4.7,5.4,28.9,33.0,28.0,28.3,0.08033862608454259,0.11507063535968198,0.9190495814590578,0.9328566146394287,0.3,0.5,0.3,0.2,27.3,23.4,5.0,10.6,16.9,17.6,7.7,5.8,11.4,9.8,3.0,4.0,6.0,5.0,1.7763883459298955,2.065591117977289,1.3374935098492584,1.135292424395094,-0.3999999999999999,-0.2666666666666666,0.03333333333333366,-0.1333333333333333,0.1793360433604336,0.35385556915544675,0.17552660753880267,0.25043754132725554,0.1910794941282746,0.5966602552893863,0.21170136322575347,0.41634670075348756,0.3704155374887082,0.950515824444833,0.3872279707645561,0.6667842420807432,0.43346113574772116,1.8457597482077286
2022020712,2023-01-19,2022-2023,OTT,PIT,5,4,9,1,1,1.0,1.0,0.0,0,0,-2.0,1.0,-3.0,5.0,3.0,2.5,2.5,0.0,3.3,3.4,-0.10000000000000009,5.8,5.9,33.7,31.3,29.7,32.8,0.07575006128653347,0.0780447026870589,0.8808701611760965,0.8963552613094373,0.6,0.5,0.2,0.7,31.0,27.8,7.3,6.1,16.2,13.9,7.6,8.4,7.1,9.2,3.0,1.0,5.0,5.0,1.7795130420052188,1.5811388300841913,2.4966644414765335,1.4298407059684815,-0.5,-0.5,0.7000000000000002,-0.3999999999999999,0.18387452900376797,0.3374031007751938,0.14977080183358532,0.2544697873186245,0.27994576043391656,0.5186046511627908,0.22901816785465715,0.43272709202941756,0.46382028943768444,0.8560077519379844,0.3787889696882425,0.6871968793480421,-1.0906472748218015,-0.2306350626118068
2022020719,2023-01-20,2022-2023,PHI,CHI,1,4,5,-3,0,1.0,1.0,0.0,0,0,1.0,1.0,0.0,8.0,4.0,3.7,2.3,1.4000000000000004,2.6,3.2,-0.6000000000000001,6.3,5.5,31.9,26.1,29.7,33.5,0.11733546373161394,0.08733935508935506,0.9121604872167092,0.9018539966564282,0.7,0.4,0.5,0.4,27.1,23.4,8.1,6.3,14.4,14.6,6.6,11.3,6.1,8.1,3.0,0.0,4.0,7.0,1.7029386365926409,1.6363916944844763,2.01108041719978,2.097617696340302,-1.0333333333333337,1.7000000000000002,0.3999999999999999,1.1333333333333329,0.20663299663299664,0.16593704398582446,0.16432267228801248,0.13855888679380335,0.40158249158249165,0.30837725959677176,0.2988310607758618,0.25081909484990356,0.6082154882154882,0.47431430358259624,0.46315373306387425,0.38937798164370685,-0.4293465000268595,-2.2777444706199517
2022020723,2023-01-20,2022-2023,TOR,WPG,4,1,5,3,1,1.0,1.0,0.0,0,0,1.0,-1.0,2.0,5.0,8.0,3.6,3.6,0.0,3.1,2.5,0.6000000000000001,6.7,6.1,30.6,28.2,27.4,29.0,0.11930848083865322,0.13045485757250458,0.8795663688082754,0.9088544110746838,1.1,0.9,0.8,0.2,21.7,21.8,9.2,8.3,14.5,13.8,8.3,6.6,9.8,8.5,3.0,3.0,5.0,5.0,1.8973665961010273,1.712697677155351,1.523883926754995,1.6499158227686108,-0.6000000000000001,-1.2666666666666666,0.5666666666666664,-0.5,0.18888888888888888,0.17592592592592593,0.14132553606237816,0.2183152664859982,0.3148148148148148,0.3148148148148148,0.3396686159844054,0.3135953026196929,0.5037037037037037,0.49074074074074076,0.4809941520467836,0.5319105691056911,0.2304093567251462,0.2945121951219512
2022020724,2023-01-20,2022-2023,STL,NSH,5,2,7,3,1,2.0,1.0,1.0,0,0,1.0,2.0,-1.0,6.0,6.0,3.1,3.2,-0.10000000000000009,2.9,2.6,0.2999999999999998,6.0,5.8,25.5,32.6,31.2,37.8,0.12608001680590372,0.10260655946427477,0.902607130026485,0.9251778020901156,0.6,0.5,0.5,0.5,23.6,27.6,6.5,10.9,15.5,16.6,8.4,6.8,7.5,7.2,3.0,3.0,6.0,4.0,1.370320319406298,1.4757295747452437,1.728840330651991,1.7126976771553502,-1.4333333333333333,-0.8666666666666667,-0.2333333333333334,-0.2666666666666666,0.09629629629629628,0.18518941774755726,0.1475899344320397,0.16077652705559684,0.2931345980126468,0.4502028455516827,0.26816042323102657,0.39555596823038686,0.38943089430894307,0.63539226329924,0.4157503576630663,0.5563324952859837,-0.8972186563970903,-0.22595851665619102
2022020728,2023-01-20,2022-2023,SEA,NJD,4,3,7,1,1,1.0,3.0,-2.0,0,0,-2.0,5.0,-7.0,8.0,7.0,4.4,4.0,0.40000000000000036,2.3,2.6,-0.30000000000000027,6.7,6.6,28.7,32.6,27.3,31.5,0.1599074480804888,0.13059649095502562,0.9212841231184361,0.9107582947578254,0.6,0.7,0.6,0.7,26.4,20.1,5.7,8.0,14.5,15.4,10.1,7.2,7.0,9.3,1.0,6.0,2.0,4.0,2.2705848487901883,1.4142135623730956,1.8885620632287055,0.9660917830792964,-0.7333333333333338,0.666666666666667,1.7000000000000002,-0.2666666666666666,0.1511056511056511,0.09848484848484847,0.132899548597223,0.14041578576462296,0.36466011466011466,0.28858350951374206,0.35102279869721725,0.3168898285177355,0.5157657657657658,0.3870683579985906,0.4839223472944403,0.45730561428235855,1.7259013770641678,1.4198379140239605
2022020727,2023-01-20,2022-2023,VGK,DET,2,3,5,-1,0,3.0,1.0,2.0,0,0,-2.0,-3.0,1.0,5.0,3.0,2.9,3.1,-0.20000000000000018,3.0,3.7,-0.7000000000000002,5.9,6.8,30.9,28.6,31.9,27.7,0.09401109872101332,0.11589236163233838,0.903463966481208,0.8645561442134332,0.4,0.6,0.3,0.9,29.5,23.3,9.0,6.2,16.8,15.7,12.3,4.7,5.3,4.8,4.0,0.0,7.0,6.0,1.6633299933166197,1.7288403306519913,0.9428090415820642,1.567021236472421,-0.5666666666666664,-0.10000000000000009,0.0,0.6333333333333329,0.08888888888888889,0.17372291790896444,0.11481481481481481,0.18132436039412783,0.35248419150858173,0.28781554362949713,0.32068654019873527,0.34268961013147053,0.44137308039747064,0.4615384615384615,0.4355013550135502,0.5240139705255985,-0.32588075880758804,-0.604293381037567
2022020718,2023-01-20,2022-2023,NYR,BOS,1,3,4,-2,0,2.0,0.0,2.0,0,1,1.0,3.0,-2.0,6.0,8.0,2.7,3.8,-1.0999999999999996,2.2,1.7,0.5000000000000002,4.9,5.5,34.8,30.3,30.1,27.7,0.0829702121211859,0.12781573339889768,0.9268557715413183,0.9352604607932749,0.7,0.6,0.5,0.1,19.7,23.5,5.0,11.6,14.6,18.7,6.3,6.0,9.5,9.9,3.0,5.0,5.0,5.0,1.702938636592641,1.9888578520235063,1.1352924243950935,1.1595018087284064,-0.7000000000000002,0.8666666666666671,-0.8666666666666669,-0.3666666666666667,0.3952380952380952,0.3541181041181041,0.2685786435786436,0.2487762237762238,0.4132275132275132,0.5898083398083398,0.3221019721019721,0.4231869981869982,0.8084656084656084,0.9439264439264439,0.5906806156806157,0.6719632219632219,0.464935064935065,1.8792929292929292
2022020717,2023-01-20,2022-2023,CBJ,ANA,3,5,8,-2,0,1.0,1.0,0.0,0,0,-2.0,-5.0,3.0,3.0,3.0,2.0,2.1,-0.10000000000000009,3.4,4.3,-0.8999999999999999,5.4,6.4,28.0,28.0,33.5,42.0,0.07829604203746078,0.07516494278113464,0.9040897545334673,0.8974603918716426,0.3,0.5,1.0,0.5,26.3,20.0,8.9,7.5,14.8,14.7,4.7,5.2,5.2,8.2,2.0,0.0,5.0,8.0,1.4907119849998594,1.1972189997378646,1.9550504398153563,2.1108186931983424,0.0,0.2333333333333334,-0.7333333333333334,0.36666666666666714,0.16684284707540523,0.15151515151515152,0.18291813279050942,0.11464646464646465,0.3572938689217759,0.196969696969697,0.335441359547996,0.19107744107744107,0.524136715997181,0.34848484848484845,0.5183594923385053,0.30572390572390573,-2.0265406270794815,-1.9517676767676768
2022020729,2023-01-20,2022-2023,LAK,DAL,0,4,4,-4,0,4.0,0.0,4.0,0,1,-1.0,-1.0,0.0,6.0,5.0,3.3,3.0,0.2999999999999998,2.7,2.2,0.5,6.0,5.2,30.6,32.9,25.7,29.4,0.1107703210158824,0.08924602030118112,0.8941756349982155,0.9283269329237072,1.1,0.6,0.7,0.6,23.9,23.4,9.8,6.0,18.0,16.7,4.0,5.4,6.8,7.7,4.0,3.0,7.0,3.0,1.567021236472421,1.8856180831641272,1.1595018087284035,1.751190071541826,0.7000000000000002,1.0,0.6333333333333333,1.1333333333333333,0.11751207729468599,0.2318840579710145,0.22904589371980677,0.18527667984189722,0.38611111111111107,0.4710144927536232,0.4213164251207729,0.352931488801054,0.5036231884057971,0.7028985507246377,0.6503623188405797,0.5382081686429512,-0.12258454106280192,1.6047430830039526
2022020725,2023-01-20,2022-2023,EDM,TBL,5,3,8,2,1,1.0,0.0,1.0,0,1,4.0,5.0,-1.0,6.0,8.0,4.1,3.7,0.39999999999999947,2.6,2.4,0.20000000000000018,6.7,6.1,35.9,33.4,29.3,30.5,0.11247665322199345,0.11414456942035892,0.907461251216934,0.9160370088561571,0.9,1.0,0.7,0.7,24.3,19.9,10.6,9.9,12.2,14.5,10.6,7.4,8.3,5.9,2.0,4.0,5.0,4.0,2.1317702607092652,1.7669811040931427,1.1737877907772662,1.1737877907772667,1.2333333333333334,0.6333333333333329,-0.6000000000000001,-0.7333333333333332,0.30289855072463767,0.18003875968992247,0.23840579710144927,0.17916666666666667,0.5882447665056362,0.30872093023255814,0.4607890499194847,0.30266727866177073,0.8911433172302737,0.4887596899224806,0.699194847020934,0.4818339453284373,0.7265700483091787,0.529406364749082
2022020721,2023-01-20,2022-2023,CAR,MIN,5,2,7,3,1,4.0,1.0,3.0,0,0,-1.0,3.0,-4.0,5.0,6.0,3.4,3.2,0.19999999999999973,2.5,2.2,0.2999999999999998,5.9,5.4,39.9,31.3,25.5,32.7,0.09134072811514697,0.10389009139009135,0.899938005834745,0.9344077903936142,0.7,0.5,0.6,0.6,15.2,23.0,9.0,9.2,11.2,16.5,7.0,6.9,8.8,5.1,3.0,4.0,6.0,4.0,1.0749676997731388,1.7511900715418272,1.6499158227686106,1.5491933384829684,0.2666666666666666,-0.20000000000000018,-0.5,-0.8666666666666669,0.1539816772374912,0.07387140902872778,0.2265940132219202,0.13770106381630856,0.3215292459478506,0.2032983736130111,0.23774874995805229,0.28914732552415645,0.4755109231853418,0.27716978264173886,0.46434276317997253,0.42684838934046504,0.3443219571126548,0.37717187053712364
2022020722,2023-01-20,2022-2023,BUF,NYI,3,2,5,1,1,1.0,0.0,1.0,0,1,-2.0,-2.0,0.0,4.0,3.0,3.0,2.0,1.0,3.5,2.6,0.8999999999999999,6.5,4.6,32.4,27.3,33.4,28.3,0.09353894945355884,0.0722800180259345,0.8903471704803542,0.9071448195542959,0.5,0.3,0.6,0.4,14.6,27.4,7.1,5.6,11.2,16.4,6.2,7.7,6.1,11.1,1.0,1.0,5.0,6.0,1.9999999999999987,1.5634719199411415,0.8498365855987963,1.3498971154211055,0.0,0.0,-0.16666666666666652,0.3999999999999999,0.24733514001806686,0.18222598657381264,0.29284837872472586,0.1750904490034925,0.34970641373080397,0.18636677332329507,0.33942475515788056,0.20679047200786335,0.5970415537488708,0.3685927598971077,0.6322731338826063,0.3818809210113558,0.12563637091430624,0.3748415835372358
2022020726,2023-01-20,2022-2023,ARI,WSH,0,4,4,-4,0,1.0,1.0,0.0,0,0,1.0,-1.0,2.0,1.0,4.0,1.9,3.5,-1.6,3.5,2.9,0.6000000000000001,5.4,6.4,26.6,32.3,33.4,30.4,0.06949126243329945,0.10560180694215648,0.8961591907786529,0.8984017183327528,0.2,0.4,0.9,0.4,25.5,30.4,8.5,6.7,13.0,14.8,4.8,6.4,9.1,9.9,1.0,2.0,4.0,7.0,1.1005049346146134,2.4608038433722332,1.5811388300841906,1.3703203194062978,-0.23333333333333317,-1.1666666666666665,-1.1666666666666665,0.10000000000000009,0.09567901234567901,0.3127659574468085,0.11336980920314253,0.23744502910597623,0.09382284382284382,0.3671394799054373,0.1650932400932401,0.31134624672716643,0.1895018561685228,0.6799054373522458,0.2784630492963826,0.5487912758331427,-0.8521561771561772,-0.03890795393883939
2022020720,2023-01-20,2022-2023,MTL,FLA,2,6,8,-4,0,1.0,1.0,0.0,0,0,2.0,-1.0,3.0,4.0,5.0,2.4,3.1,-0.7000000000000002,3.9,3.4,0.5,6.3,6.5,27.0,30.3,35.2,32.9,0.08516692335766665,0.103543998187961,0.8882816808150947,0.8963372408785937,0.7,1.0,1.0,1.0,21.3,25.3,13.0,10.0,18.7,13.1,5.7,5.3,11.3,8.0,3.0,3.0,5.0,3.0,1.5776212754932308,1.6633299933166192,2.6436506745197805,1.2649110640673527,-0.06666666666666643,0.8999999999999999,-2.5666666666666664,-0.3999999999999999,0.13347520908004779,0.07834757834757834,0.13316265236042055,0.19188696746836278,0.2215875149342891,0.13511086337173292,0.23714027916250344,0.2737354489123953,0.3550627240143369,0.21345844171931128,0.37030293152292404,0.46562241638075813,-1.256273402766276,-0.10854484802917563
2022020732,2023-01-21,2022-2023,BUF,ANA,6,3,9,3,1,0.0,0.0,0.0,1,1,1.0,1.0,0.0,4.0,3.0,2.9,2.4,0.5,3.4,4.4,-1.0000000000000004,6.3,6.8,34.4,28.6,32.0,40.2,0.08420561612022551,0.08290905052524238,0.8901548627880465,0.8922910514081843,0.5,0.5,0.5,0.5,12.8,19.7,5.6,7.2,10.5,14.0,6.5,5.0,5.6,7.6,2.0,1.0,6.0,7.0,1.9692073983655893,1.5055453054181622,0.9660917830792948,2.0110804171997816,-0.5666666666666664,0.9333333333333336,-0.3999999999999999,-0.7333333333333338,0.24115055822372897,0.15555555555555556,0.2934221690640176,0.119269128876422,0.3490912515302759,0.19981933152664863,0.33961739610006614,0.19399568726870065,0.5902418097540049,0.35537488708220416,0.6330395651640838,0.31326481614512264,0.17159824412712735,-1.8685712873959035
2022020733,2023-01-21,2022-2023,CGY,TBL,6,3,9,3,1,1.0,0.0,1.0,0,1,-2.0,-1.0,-1.0,5.0,7.0,3.0,3.9,-0.8999999999999999,2.7,2.7,0.0,5.7,6.6,35.8,32.5,27.5,29.2,0.08972839674624158,0.12132198877519762,0.9055363212571222,0.9060897097784233,0.6,1.0,0.2,0.8,21.7,18.6,6.7,11.7,11.7,14.7,6.7,7.2,7.5,6.2,2.0,4.0,3.0,3.0,1.4907119849998596,1.5238839267549944,1.3374935098492589,1.1595018087284052,-0.3333333333333335,0.10000000000000009,0.6333333333333333,-0.3666666666666667,0.15419615773508596,0.17590539541759054,0.16159676519689292,0.17886178861788618,0.22143579373104147,0.3091278640059128,0.2297851907039816,0.2992609016999261,0.3756319514661273,0.4850332594235034,0.39138195590087443,0.47812269031781235,0.02260981912144705,0.46541019955654095
2022020734,2023-01-21,2022-2023,FLA,MIN,5,3,8,2,1,0.0,0.0,0.0,1,1,1.0,-1.0,2.0,6.0,5.0,3.7,3.0,0.7000000000000002,3.2,2.6,0.6000000000000001,6.9,5.6,32.4,31.6,32.0,32.4,0.11854399818796099,0.09605599000760288,0.9001019467609466,0.9202914110832694,1.4,0.5,0.7,0.8,24.1,22.2,12.7,10.8,14.1,17.2,5.5,7.4,7.6,4.9,2.0,3.0,3.0,4.0,1.4944341180973253,1.7638342073763946,1.316561177208767,1.7126976771553517,0.9666666666666668,-0.3333333333333335,-0.5333333333333337,0.06666666666666643,0.0558968058968059,0.07154882154882154,0.2247560801908628,0.11992228044859622,0.15818042413787095,0.19715169715169714,0.29201618151664405,0.26536782852572327,0.21407723003467685,0.2687005187005187,0.5167722617075069,0.3852901089743195,0.3866872970018206,0.590085471664419
2022020730,2023-01-21,2022-2023,PIT,OTT,4,1,5,3,1,1.0,1.0,0.0,0,0,-1.0,1.0,-2.0,3.0,5.0,2.8,2.8,0.0,3.4,3.5,-0.10000000000000009,6.2,6.3,31.1,34.5,32.6,26.5,0.09433542950410148,0.08200006128653348,0.8957600232141992,0.8637390982246,0.7,0.9,1.1,0.4,29.5,29.1,7.3,7.5,12.9,14.6,8.1,7.9,8.8,7.8,2.0,2.0,5.0,5.0,1.549193338482968,1.9321835661585918,1.4298407059684815,2.460803843372233,0.20000000000000018,-0.7999999999999998,-0.06666666666666643,0.833333333333333,0.33721359940872137,0.17932622932622932,0.23646394256150358,0.1460927960927961,0.5445306725794531,0.2807192807192807,0.4307610072853975,0.24000999000999,0.8817442719881745,0.4600455100455101,0.6672249498469011,0.38610278610278614,0.21514095660437121,-1.1095904095904097
2022020731,2023-01-21,2022-2023,VAN,COL,1,4,5,-3,0,1.0,1.0,0.0,0,0,-2.0,3.0,-5.0,2.0,4.0,3.0,3.6,-0.6000000000000001,4.1,2.9,1.1999999999999997,7.1,6.5,32.6,31.6,31.7,31.8,0.09400980012439616,0.1173574714469791,0.8664273531049848,0.9105195621491505,0.7,0.6,1.0,0.9,25.0,21.5,6.5,9.9,13.1,10.7,6.8,8.1,6.7,7.2,1.0,2.0,3.0,6.0,0.9428090415820647,1.7763883459298953,1.4491376746189444,1.595131481867387,-0.3333333333333335,2.066666666666667,-0.4333333333333331,-1.5666666666666667,0.031033534436824287,0.08386820710312366,0.19844903103302888,0.0768178244817944,0.3036147063373382,0.12187161039297052,0.31580022304389194,0.15730648877647116,0.33464824077416244,0.20573981749609419,0.5142492540769208,0.23412431325826555,-0.7087116030344485,0.2658039933019782
2022020738,2023-01-22,2022-2023,OTT,WPG,1,5,6,-4,0,0.0,1.0,-1.0,1,0,-1.0,-2.0,1.0,4.0,7.0,2.5,3.3,-0.7999999999999998,3.6,2.6,1.0,6.1,5.9,34.5,28.1,28.6,29.4,0.07533339461986681,0.12283002626346277,0.8676916673945605,0.9064068586271313,0.9,0.8,0.5,0.2,28.3,22.6,9.7,7.9,14.6,13.0,6.7,6.9,8.4,8.1,3.0,3.0,5.0,4.0,1.9578900207451222,1.8885620632287063,2.458545188611436,1.6465452046971294,-0.16666666666666652,-1.9666666666666666,-0.2666666666666666,0.06666666666666643,0.14166666666666666,0.12221849178370918,0.12763532763532762,0.19869248130117698,0.2574074074074074,0.35336578814839675,0.25598290598290596,0.30339656426612943,0.39907407407407414,0.475584279932106,0.38361823361823366,0.5020890455673065,-1.004059829059829,0.46281685412120194
2022020745,2023-01-22,2022-2023,VGK,WSH,6,2,8,4,1,1.0,1.0,0.0,0,0,-3.0,1.0,-4.0,4.0,5.0,2.7,3.6,-0.8999999999999999,2.9,2.5,0.3999999999999999,5.6,6.1,31.2,33.3,31.5,28.5,0.08722538443529902,0.10467954080249901,0.9052570699294836,0.9072906072216418,0.3,0.5,0.3,0.4,30.0,28.9,8.6,6.9,16.3,14.4,10.7,6.0,4.8,9.3,3.0,3.0,7.0,6.0,1.6363916944844765,2.4585451886114362,0.875595035770914,1.5811388300841898,-1.0333333333333334,-0.2666666666666666,0.43333333333333357,-0.5,0.09576968272620447,0.14749883122954652,0.11672542107324717,0.13104108228143993,0.3435454087628001,0.29990649836372135,0.3076422695987913,0.3253004714040829,0.4393150914890045,0.4474053295932679,0.42436769067203844,0.4563415536855228,-0.19351183481618267,0.4038248013090229
2022020744,2023-01-22,2022-2023,VAN,EDM,2,4,6,-2,0,0.0,1.0,-1.0,1,0,-3.0,5.0,-8.0,2.0,6.0,2.9,3.9,-1.0,4.2,2.7,1.5,7.1,6.6,33.3,36.1,30.8,28.6,0.08836716689555604,0.10530753557493462,0.860528986498814,0.9030469897568321,0.7,0.8,1.0,0.7,25.4,25.3,6.3,11.3,12.5,11.2,6.9,10.2,7.0,8.2,1.0,3.0,4.0,6.0,1.100504934614613,1.911950719959999,1.3984117975602026,1.1595018087284048,-0.8999999999999999,0.766666666666667,-0.20000000000000018,-0.03333333333333366,0.03032708032708033,0.3062943262411348,0.19399951899951898,0.2382535460992908,0.29668109668109666,0.5683009559050262,0.30865800865800863,0.4543632439099599,0.327008177008177,0.8745952821461609,0.5026575276575276,0.6926167900092507,-0.7582972582972582,0.6855342275670675
2022020743,2023-01-22,2022-2023,SEA,COL,1,2,3,-1,0,1.0,0.0,1.0,0,1,1.0,4.0,-3.0,8.0,5.0,4.4,3.6,0.8000000000000003,2.5,2.6,-0.10000000000000009,6.9,6.2,29.2,31.8,28.4,32.0,0.1584788766519174,0.11633576008044015,0.9165472810131732,0.9218861011018964,0.5,0.7,0.6,0.7,26.1,20.0,5.9,9.7,14.8,10.5,10.1,6.7,7.2,6.7,1.0,3.0,2.0,5.0,2.2705848487901883,1.7763883459298953,1.840893502864543,1.6465452046971292,-2.066666666666667,1.0666666666666669,0.8333333333333335,-0.9333333333333333,0.1475633528265107,0.10555555555555556,0.10391635654793548,0.08686868686868687,0.35633528265107217,0.1181096681096681,0.2912989544568492,0.15655154024719242,0.5038986354775828,0.22366522366522368,0.3952153110047847,0.2434202271158793,1.513343965975545,0.33766233766233766
2022020739,2023-01-22,2022-2023,NYI,CAR,2,5,7,-3,0,1.0,1.0,0.0,0,0,-3.0,1.0,-4.0,2.0,5.0,2.0,3.6,-1.6,2.8,2.7,0.09999999999999964,4.8,6.3,26.3,37.9,30.7,26.2,0.07441677016268666,0.10245965844589996,0.9052400576495341,0.8934863929315192,0.2,0.9,0.4,0.7,28.5,14.7,5.8,10.5,17.6,11.2,7.6,6.7,10.4,9.4,1.0,2.0,5.0,6.0,1.5634719199411415,1.1737877907772662,1.229272594305718,1.4181364924121764,0.0,-0.2666666666666666,0.8666666666666667,-0.7000000000000002,0.17494209352523146,0.15791245791245792,0.21189287839998852,0.12005972064111599,0.2083915983621252,0.3143097643097643,0.27510236717366204,0.24462092601627486,0.38333369188735666,0.47222222222222227,0.48699524557365054,0.36468064665739086,0.2006647591592625,0.5379655228492437
2022020741,2023-01-22,2022-2023,STL,CHI,3,5,8,-2,0,1.0,1.0,0.0,0,0,2.0,2.0,0.0,6.0,5.0,3.3,2.7,0.5999999999999996,3.0,3.0,0.0,6.3,5.7,25.9,26.6,31.6,32.4,0.130886704371212,0.10113245853763093,0.8994602768796316,0.9053448666886517,0.7,0.4,0.4,0.4,23.4,22.8,7.4,6.1,15.2,15.5,8.7,11.4,7.3,8.3,3.0,1.0,6.0,7.0,1.4944341180973262,1.494434118097326,1.632993161855451,2.2110831935702655,-0.2999999999999998,1.6333333333333329,-0.6666666666666665,1.0,0.10121552127162226,0.16984126984126982,0.15178379403690848,0.14659568206079832,0.307731694828469,0.3171188630490956,0.2803167622283207,0.2555005586982331,0.40894721610009127,0.4869601328903655,0.43210055626522914,0.40209624075903144,-0.773833926709102,-2.000558199395409
2022020746,2023-01-22,2022-2023,NJD,PIT,2,1,3,1,1,1.0,0.0,1.0,0,1,-1.0,1.0,-2.0,7.0,4.0,4.2,2.8,1.4000000000000004,2.8,3.0,-0.20000000000000018,7.0,5.8,32.5,32.4,32.9,32.5,0.13737068450341275,0.09052311278855897,0.9084506024501332,0.9044073662093683,0.7,0.6,0.7,0.9,20.4,29.8,7.5,8.5,16.5,12.7,6.6,7.7,8.7,8.8,1.0,1.0,3.0,5.0,1.0327955589886455,1.549193338482968,1.0327955589886448,1.4907119849998596,-0.5333333333333337,1.2000000000000002,0.20000000000000018,0.0,0.1037037037037037,0.32962962962962966,0.1425019425019425,0.2349017225804442,0.2897306397306397,0.5396825396825397,0.3249093499093499,0.42975155859932984,0.3934343434343434,0.8693121693121694,0.4674112924112925,0.6646532811797741,1.5339549339549339,0.28743508617352187
2022020737,2023-01-22,2022-2023,MTL,TOR,3,2,5,1,1,1.0,1.0,0.0,0,0,-1.0,2.0,-3.0,4.0,6.0,2.4,3.7,-1.3000000000000003,3.8,2.8,1.0,6.2,6.5,26.8,30.1,35.1,29.1,0.08575951595025924,0.12474829565346804,0.890354851546802,0.8959824089085261,0.5,0.9,1.1,0.7,21.2,21.4,13.8,8.5,18.6,15.1,5.6,9.3,12.6,9.4,3.0,2.0,6.0,6.0,1.5776212754932308,1.8885620632287057,2.529822128134704,1.6193277068654828,0.2666666666666666,0.2999999999999998,-1.1333333333333333,0.20000000000000018,0.12947037947037945,0.15942028985507248,0.08325370825370824,0.1254180602006689,0.22548116298116297,0.30869565217391304,0.21922206297206295,0.3366490452044449,0.3549515424515424,0.46811594202898554,0.30247577122577124,0.4620671054051138,-1.0125409500409501,0.4545078577336642
2022020735,2023-01-22,2022-2023,DET,PHI,1,2,3,-1,0,1.0,1.0,0.0,0,0,1.0,-1.0,2.0,4.0,7.0,3.1,3.4,-0.2999999999999998,3.4,2.6,0.7999999999999998,6.5,6.0,28.0,33.1,27.8,29.7,0.1182149422774997,0.10458242729436695,0.8735477408520886,0.9121604872167091,0.6,0.7,0.8,0.4,24.9,26.5,5.2,7.5,15.6,15.2,5.0,5.9,5.0,6.4,3.0,4.0,6.0,5.0,1.7288403306519913,1.8973665961010278,1.5776212754932306,2.01108041719978,-0.10000000000000009,-1.4,0.2666666666666666,1.0666666666666664,0.16969696969696968,0.20053263966307444,0.18080808080808078,0.15981852473257935,0.28106060606060607,0.3900780379041249,0.3391835016835017,0.29888091349163143,0.45075757575757575,0.5906106775671992,0.5199915824915825,0.45869943822421066,-0.5848484848484848,-0.5045686927385613
2022020742,2023-01-22,2022-2023,NSH,LAK,5,3,8,2,1,1.0,1.0,0.0,0,0,-1.0,-2.0,1.0,6.0,6.0,3.0,3.2,-0.20000000000000018,2.6,3.0,-0.3999999999999999,5.6,6.2,31.5,31.4,37.9,25.7,0.09948805634577165,0.10692416716972857,0.9256512869386004,0.8816756349982157,0.4,1.0,0.6,0.6,28.0,24.4,10.3,9.0,15.4,17.7,7.1,3.8,7.4,6.5,3.0,2.0,4.0,8.0,1.4907119849998596,1.7511900715418258,1.7126976771553502,1.0540925533894576,-1.0,-1.2000000000000002,-0.2666666666666666,0.6666666666666665,0.18099415204678362,0.11497559471431902,0.1608674463937622,0.22415446402382622,0.43973950026581604,0.3776840173582124,0.3865364167995747,0.4122462639982551,0.6207336523125997,0.4926596120725315,0.5474038631933369,0.6364007280220814,-0.35956937799043065,-0.2912389160894384
2022020740,2023-01-22,2022-2023,DAL,ARI,4,0,4,4,1,1.0,1.0,0.0,0,0,1.0,-1.0,2.0,5.0,1.0,3.0,1.6,1.4,2.1,3.4,-1.2999999999999998,5.1,5.0,31.0,26.1,30.4,33.2,0.09661036138645243,0.059813843078460736,0.932493599590374,0.8983236929431552,0.4,0.2,0.6,0.8,25.2,25.0,6.2,8.4,17.1,13.7,5.2,4.6,8.0,10.3,2.0,0.0,3.0,5.0,1.8856180831641272,1.1737877907772687,1.8529256146249726,1.505545305418163,0.6666666666666665,-0.26666666666666683,-0.7666666666666668,-0.3999999999999999,0.22695035460992907,0.09338624338624339,0.1884160756501182,0.11074009549619306,0.4751773049645389,0.09166666666666667,0.3560283687943262,0.16137082204155376,0.7021276595744682,0.18505291005291005,0.5444444444444444,0.2721109175377468,1.8052009456264775,-0.9193283004258614
2022020736,2023-01-22,2022-2023,CBJ,SJS,5,3,8,2,1,1.0,2.0,-1.0,0,0,-3.0,1.0,-4.0,2.0,3.0,1.9,3.2,-1.3000000000000003,3.8,3.8,0.0,5.7,7.0,27.5,30.7,34.0,32.0,0.07686063533889619,0.10464531452680545,0.8925096679533807,0.8807257196618006,0.2,0.4,1.0,0.5,26.3,25.8,9.0,6.4,15.4,15.4,4.8,9.5,5.0,6.8,1.0,2.0,5.0,5.0,1.3703203194062972,1.3165611772087666,1.8135294011647247,1.4757295747452432,-0.23333333333333317,-0.20000000000000018,-0.46666666666666634,0.5333333333333332,0.16313131313131313,0.1774519716885743,0.18236799300410791,0.18462376524590288,0.35673400673400674,0.2866531850353893,0.3311257812967799,0.3904138332110734,0.5198653198653199,0.4641051567239636,0.5134937743008879,0.5750375984569763,-2.1032154651853694,-1.3931637366776843
2022020747,2023-01-23,2022-2023,CHI,LAK,1,2,3,-1,0,0.0,0.0,0.0,1,1,3.0,-3.0,6.0,6.0,5.0,3.1,3.1,0.0,3.1,3.3,-0.19999999999999973,6.2,6.4,26.2,32.3,32.8,26.0,0.12436478176995416,0.09974769658149327,0.903112723831509,0.8718184921410728,0.3,1.1,0.5,0.6,24.4,24.9,7.0,9.3,16.0,17.4,11.7,4.0,7.8,6.8,4.0,2.0,7.0,7.0,1.5238839267549944,1.7288403306519913,2.183269719175041,1.1595018087284044,1.233333333333333,-1.4333333333333333,-0.7666666666666666,1.0333333333333332,0.16581584420495368,0.19488770685579193,0.14212794184881236,0.26548325911265047,0.31769195070386225,0.4967494089834516,0.2641660938299443,0.4790756088844907,0.48350779490881585,0.6916371158392436,0.4062940356787566,0.7445588679971412,-1.7909127547378731,-0.3028925449447468
2022020749,2023-01-23,2022-2023,PHI,WPG,3,5,8,-2,0,0.0,0.0,0.0,1,1,1.0,1.0,0.0,7.0,7.0,3.2,3.6,-0.3999999999999999,2.5,2.6,-0.10000000000000009,5.7,6.2,33.3,29.4,29.9,28.8,0.09519112294654089,0.1277319870477765,0.9158312324892341,0.9056857047809774,0.6,0.9,0.3,0.2,25.4,21.7,7.3,8.4,16.1,12.7,6.0,6.8,6.8,7.0,3.0,3.0,5.0,4.0,1.9321835661585915,1.8973665961010282,2.0682789409984754,1.6465452046971294,-0.5333333333333337,-1.2666666666666666,-0.5,0.06666666666666643,0.19480704880026498,0.12785923244528938,0.15944545533741225,0.20558695104907243,0.38650769178058725,0.3623401651084664,0.294663289160202,0.3130289851298211,0.5813147405808522,0.49019939755375574,0.45410874449761424,0.5186159361788936,-0.4375260232353148,0.6253157634313393
2022020750,2023-01-23,2022-2023,ARI,VGK,4,1,5,3,1,0.0,0.0,0.0,1,1,-2.0,1.0,-3.0,1.0,5.0,1.3,3.1,-1.8,3.3,2.8,0.5,4.6,5.9,25.8,31.4,33.4,31.3,0.05148050974512741,0.10144760665752126,0.9015807962002583,0.9086661608385747,0.1,0.2,0.8,0.3,25.2,30.7,8.8,9.0,13.4,16.4,4.7,12.0,9.7,5.0,1.0,1.0,5.0,8.0,1.1595018087284075,1.911950719959998,1.4181364924121775,0.9189365834726823,-0.30000000000000004,-0.43333333333333357,0.3666666666666667,-0.1333333333333333,0.09120439780109946,0.10125697717822513,0.10823159848647106,0.15133770844726857,0.08960763520678684,0.36034792572723245,0.15781278930801731,0.3057058777572333,0.18081203300788629,0.4616049029054576,0.26604438779448836,0.45704358620450186,-1.055420025179048,0.26085314721737546
2022020748,2023-01-23,2022-2023,BOS,SJS,4,0,4,4,1,2.0,0.0,2.0,0,1,4.0,-1.0,5.0,8.0,3.0,3.8,3.2,0.5999999999999996,1.7,3.8,-2.0999999999999996,5.5,7.0,30.3,30.4,27.8,32.2,0.12781573339889768,0.10593102881251973,0.9353612672448879,0.8818246207607014,0.6,0.3,0.1,0.6,23.8,24.6,11.3,7.1,19.2,15.1,6.0,8.7,8.7,6.2,3.0,2.0,5.0,4.0,1.9888578520235063,1.3165611772087666,1.1595018087284064,1.4757295747452432,0.5333333333333332,0.46666666666666634,-1.0333333333333332,-0.46666666666666634,0.3527277277277277,0.18117343649258544,0.2463758112951661,0.1840452188052386,0.6096596596596596,0.2804642166344294,0.43541525396364106,0.3803268542259141,0.9623873873873873,0.4616376531270148,0.6817910652588072,0.5643720730311528,1.9704470599631891,-1.478924574792957
2022020754,2023-01-24,2022-2023,CGY,CBJ,4,3,7,1,1,2.0,1.0,1.0,0,0,1.0,1.0,0.0,5.0,3.0,3.3,2.4,0.8999999999999999,2.8,3.8,-1.0,6.1,6.2,35.5,28.2,26.8,33.2,0.09754436126952319,0.09410201464924102,0.8994879341603481,0.8936005770442899,0.6,0.3,0.2,0.8,21.8,25.5,8.6,8.5,11.8,14.3,7.2,5.1,8.1,4.3,3.0,1.0,4.0,6.0,1.7669811040931425,1.5055453054181616,1.3165611772087669,1.8135294011647247,-0.6333333333333333,0.6000000000000001,-0.1333333333333333,-0.46666666666666634,0.15087040618955513,0.17407407407407405,0.1615565126203424,0.19377467923979552,0.23839458413926504,0.3634460547504026,0.23546413174072753,0.3345268127371262,0.3892649903288201,0.5375201288244766,0.39702064436106993,0.5283014919769217,0.014220588688673805,-1.8857548473321983
2022020753,2023-01-24,2022-2023,DAL,BUF,2,3,5,-1,0,1.0,2.0,-1.0,0,0,2.0,2.0,0.0,5.0,5.0,2.9,3.4,-0.5,1.9,3.5,-1.6,4.8,6.9,31.8,34.9,30.6,32.5,0.09073773938479816,0.09664905503425265,0.9389452124935997,0.8882967546799383,0.3,0.6,0.6,0.4,24.1,12.3,6.0,6.1,16.3,10.9,5.9,7.2,8.2,5.6,2.0,2.0,3.0,7.0,1.7919573407620821,2.0655911179772883,1.9692073983655904,0.8498365855987963,0.7666666666666666,0.6000000000000001,-0.5666666666666667,-0.5,0.22916666666666666,0.24320491150356513,0.18795289855072464,0.29795573210505893,0.46527777777777785,0.34935206232635857,0.35567632850241554,0.3476105040976522,0.6944444444444443,0.5925569738299236,0.5436292270531401,0.6455662362027111,1.8514492753623188,0.2905607788104729
2022020751,2023-01-24,2022-2023,NYR,FLA,6,2,8,4,1,3.0,2.0,1.0,0,0,-1.0,2.0,-3.0,6.0,7.0,2.8,3.9,-1.1,2.2,3.0,-0.7999999999999998,5.0,6.9,34.8,31.6,29.9,32.4,0.0860952121211859,0.12849108813505092,0.9260894880164139,0.9085840896180895,0.7,1.4,0.4,0.7,20.1,24.5,5.4,13.8,15.2,14.0,6.7,5.3,9.2,7.6,3.0,4.0,5.0,3.0,1.5491933384829675,1.5238839267549937,1.1352924243950935,1.154700538379252,-1.133333333333333,1.1,-0.20000000000000018,0.3333333333333335,0.38641725648803504,0.05458089668615984,0.2626128150395087,0.213491767243167,0.40411189753960225,0.16883528265107214,0.3150189117327641,0.29174002529965576,0.7905291540276375,0.22341617933723198,0.5776317267722728,0.5052317925428228,0.3426356589147287,0.6380987930819957
2022020752,2023-01-24,2022-2023,TOR,NYI,5,2,7,3,1,1.0,1.0,0.0,0,0,-1.0,-4.0,3.0,5.0,2.0,3.3,2.1,1.1999999999999997,2.9,2.9,0.0,6.2,5.0,30.7,27.5,29.4,29.8,0.1112614535482049,0.07560522517117561,0.8934478466965444,0.8980635870612987,0.8,0.2,0.7,0.3,21.6,28.2,8.9,6.4,14.0,18.1,8.6,7.5,9.2,11.9,4.0,1.0,6.0,6.0,1.7669811040931427,1.5238839267549933,1.595131481867387,1.2866839377079182,0.3666666666666667,-0.43333333333333335,-0.2333333333333334,0.7666666666666666,0.24645390070921983,0.17119331614012465,0.1551418439716312,0.19948343618556383,0.3695035460992908,0.20383354824844188,0.36150265957446814,0.21319674710632155,0.6159574468085106,0.3750268643885665,0.5166445035460993,0.41268018329188544,0.6195478723404255,0.053698074974670704
2022020756,2023-01-25,2022-2023,PIT,FLA,7,6,13,1,1,2.0,0.0,2.0,0,1,-1.0,-1.0,0.0,4.0,6.0,2.7,3.6,-0.8999999999999999,2.9,3.2,-0.30000000000000027,5.6,6.8,32.3,31.4,32.3,31.3,0.0869618592273054,0.12069186033582316,0.9075184773204794,0.8969174229514227,0.6,1.4,0.9,0.7,28.0,23.2,7.7,13.4,13.4,14.0,7.1,5.3,8.3,7.4,3.0,4.0,4.0,2.0,1.6363916944844783,1.5776212754932302,1.5238839267549946,1.316561177208767,0.2999999999999998,0.733333333333333,-0.2333333333333334,0.1333333333333333,0.3296258847320526,0.053325901151988105,0.1929738619062562,0.20969866486170832,0.5278058645096056,0.1650058016517644,0.43808250913303043,0.2815260998490812,0.8574317492416584,0.2183317028037525,0.6310563710392867,0.4912247647107895,-0.21834315400439314,0.3479298910199531
2022020765,2023-01-25,2022-2023,VAN,CHI,5,2,7,3,1,2.0,1.0,1.0,0,0,-4.0,-1.0,-3.0,2.0,6.0,2.9,3.1,-0.20000000000000018,4.2,3.0,1.2000000000000002,7.1,6.1,33.8,25.4,30.6,31.8,0.08693038528636064,0.12592423596098729,0.8598147007845285,0.9038134245322096,0.7,0.3,1.1,0.4,25.7,25.2,6.1,6.6,12.4,15.0,6.4,12.6,7.0,8.7,1.0,2.0,5.0,8.0,1.100504934614613,1.5238839267549944,1.3984117975602026,2.2110831935702655,-1.2333333333333332,0.2333333333333334,-0.5333333333333337,-1.0,0.02965209901509194,0.16197691197691197,0.20628295263492966,0.10801328301328302,0.29005729693292887,0.3102934102934103,0.29720256150994273,0.23184593184593186,0.31970939594802084,0.47227032227032223,0.5034855141448724,0.33985921485921483,-1.3481134585705923,-1.6556443556443556
2022020758,2023-01-25,2022-2023,TBL,MIN,4,2,6,2,1,3.0,3.0,0.0,0,0,-2.0,-2.0,0.0,6.0,5.0,3.7,3.2,0.5,2.8,2.7,0.09999999999999964,6.5,5.9,31.4,32.4,30.0,30.8,0.11953627448948334,0.10126432334093623,0.9055107188768515,0.9120496528415114,0.8,0.7,0.9,0.7,18.1,22.5,13.7,9.9,15.8,17.0,7.3,7.0,7.1,5.6,2.0,3.0,2.0,3.0,1.494434118097326,1.6193277068654834,1.229272594305718,1.766981104093144,-0.03333333333333366,-0.20000000000000018,0.5333333333333337,0.9666666666666663,0.17195767195767195,0.09629629629629628,0.17857142857142852,0.13031917558293055,0.30211640211640206,0.2489278752436647,0.29603174603174603,0.28727645125680773,0.47407407407407404,0.34522417153996104,0.4746031746031745,0.4175956268397382,0.45079365079365075,0.4843075244141012
2022020761,2023-01-25,2022-2023,STL,BUF,3,5,8,-2,0,2.0,0.0,2.0,0,1,-1.0,3.0,-4.0,6.0,5.0,3.4,3.2,0.19999999999999973,3.1,3.3,-0.19999999999999973,6.5,6.5,26.0,34.5,30.3,32.4,0.1338100914679862,0.09140767572390782,0.8845857249083056,0.8943451417767125,0.8,0.5,0.4,0.5,23.1,11.5,6.9,6.1,14.7,11.1,9.6,7.6,8.0,6.1,3.0,2.0,6.0,7.0,1.429840705968481,1.9888578520235054,1.728840330651991,0.9486832980505128,-0.06666666666666643,0.7999999999999998,-0.43333333333333357,-0.9666666666666663,0.10659945571499257,0.2374189118375165,0.18192926477864776,0.29479641244049737,0.3075674171202375,0.3487739650530348,0.3357507506961221,0.3470319100627493,0.41416687283523007,0.5861928768905512,0.5176800154747698,0.6418283225032466,-1.2170851282125912,0.3487768719315737
2022020757,2023-01-25,2022-2023,PHI,LAK,3,4,7,-1,0,1.0,1.0,0.0,0,0,-1.0,1.0,-2.0,6.0,5.0,3.1,2.9,0.20000000000000018,2.8,3.0,-0.20000000000000018,5.9,5.9,33.1,32.3,29.9,25.2,0.09274733018016748,0.09234028917408585,0.9054864049030273,0.8813701490611507,0.8,0.9,0.3,0.5,26.1,24.1,7.3,8.7,16.3,16.5,6.2,3.8,7.0,6.6,3.0,2.0,6.0,7.0,1.9119507199599979,1.728840330651991,2.0439612955674513,1.3333333333333317,-1.1,-1.2333333333333332,-0.1333333333333333,0.3333333333333335,0.20360520094562648,0.11040249433106575,0.1624332976888763,0.21846655328798184,0.37616092536305307,0.3903061224489796,0.2871689081114354,0.41964285714285715,0.5797661263086795,0.5007086167800453,0.4496022058003117,0.638109410430839,-0.626911087672634,-0.2814625850340136
2022020760,2023-01-25,2022-2023,DET,SJS,3,2,5,1,1,2.0,1.0,1.0,0,0,-1.0,-2.0,1.0,3.0,3.0,2.8,3.0,-0.20000000000000018,3.4,3.8,-0.3999999999999999,6.2,6.8,28.6,29.1,28.0,31.4,0.1054407487291126,0.09947941590929393,0.8742433930260016,0.8769761359122168,0.6,0.3,0.8,0.5,23.7,25.3,5.0,8.2,14.8,14.6,4.8,9.3,5.2,6.9,2.0,2.0,6.0,4.0,1.813529401164725,1.6329931618554518,1.5776212754932306,1.4757295747452432,-0.46666666666666634,-0.3333333333333335,-1.0666666666666664,-0.1333333333333333,0.16585365853658537,0.17731481481481481,0.17662052296198638,0.22176840872493045,0.2746160794941283,0.274537037037037,0.33500573744476186,0.4284273898404333,0.44046973803071365,0.4518518518518519,0.5116262604067482,0.6501957985653638,-0.5957664982055226,-1.4895915678524374
2022020759,2023-01-25,2022-2023,NJD,VGK,3,2,5,1,1,2.0,1.0,1.0,0,0,1.0,-1.0,2.0,7.0,5.0,4.0,3.0,1.0,2.7,2.9,-0.19999999999999973,6.7,5.9,32.2,29.9,32.8,30.8,0.13108497021769847,0.10030381580784804,0.9120118560113868,0.9024372046096184,0.7,0.3,0.7,0.3,18.7,31.3,6.5,8.2,16.0,15.6,6.0,11.8,9.0,4.4,2.0,1.0,4.0,8.0,1.247219128924648,2.0,1.1595018087284061,0.875595035770914,-1.3333333333333335,0.0,-0.03333333333333366,-0.2333333333333334,0.10144927536231885,0.10586635586635586,0.14110881067402808,0.14668317793317792,0.2834138486312399,0.35164141414141414,0.3195307108350587,0.2938762626262626,0.38486312399355876,0.45750777000776993,0.46063952150908677,0.4405594405594406,1.5064872325741892,0.09746503496503496
2022020755,2023-01-25,2022-2023,MTL,BOS,2,4,6,-2,0,2.0,1.0,1.0,0,0,1.0,5.0,-4.0,5.0,9.0,2.5,3.9,-1.4,3.1,1.3,1.8,5.6,5.2,26.6,28.5,34.9,27.1,0.0893763292444919,0.13849755158071583,0.9075916936520653,0.9513612672448879,0.4,0.6,0.9,0.1,22.1,23.3,13.2,11.1,19.5,18.8,5.2,6.3,14.0,8.3,4.0,5.0,7.0,5.0,1.5811388300841895,1.9692073983655907,1.7919573407620824,0.9486832980505149,0.5,-0.2333333333333334,-0.10000000000000009,-0.6333333333333334,0.12569972167495388,0.3441982474744656,0.08017487816249426,0.2441099933024502,0.23892172498983646,0.610695614965303,0.38557312860718435,0.43804708284497035,0.3646214466647903,0.9548938624397686,0.4657480067696786,0.6821570761474205,-0.8971726820024033,2.049211293743372
2022020764,2023-01-25,2022-2023,COL,WSH,3,2,5,1,1,2.0,2.0,0.0,0,0,5.0,-1.0,6.0,6.0,4.0,3.5,2.9,0.6000000000000001,2.2,2.9,-0.6999999999999997,5.7,5.8,31.7,31.5,31.6,27.9,0.11289660664128671,0.09127044989340811,0.9343114296562574,0.8911289910600256,0.7,0.3,0.6,0.3,20.0,30.5,9.5,6.5,10.8,13.8,7.1,6.3,6.3,9.4,2.0,3.0,4.0,5.0,1.9002923751652283,1.5951314818673865,1.4757295747452435,1.9119507199599983,-0.5,-0.2333333333333334,-1.2000000000000002,0.10000000000000009,0.10188261351052048,0.3396113764654798,0.08427464008859357,0.18835856392847272,0.1146056355358681,0.29114801949148456,0.15221022517534144,0.2856603473110714,0.21648824904638855,0.6307593959569644,0.236484865263935,0.47401891123954415,0.3522723400630377,0.6126083895840735
2022020763,2023-01-25,2022-2023,ARI,ANA,2,5,7,-3,0,1.0,3.0,-2.0,0,0,1.0,-1.0,2.0,2.0,3.0,1.5,2.6,-1.1,2.8,4.4,-1.6000000000000005,4.3,7.0,25.8,29.6,33.6,39.8,0.06017616191904045,0.08731345492964679,0.91645007724601,0.8908599243956621,0.1,0.5,0.7,0.5,25.7,20.1,9.2,7.9,13.5,13.2,5.4,5.4,10.9,6.7,2.0,1.0,6.0,6.0,1.433720877840439,1.4298407059684812,1.2292725943057197,2.0110804171997816,-0.16666666666666674,0.7333333333333334,0.20000000000000018,-0.06666666666666732,0.08912529550827424,0.15217391304347824,0.10583594480180329,0.11653465155720012,0.09473150962512665,0.20255348516218083,0.1615006715204637,0.19325369293570036,0.18385680513340086,0.35472739820565913,0.26733661632226696,0.30978834449290044,-0.9169482340189911,-1.9244168759085503
2022020762,2023-01-25,2022-2023,NSH,WPG,2,1,3,1,1,2.0,1.0,1.0,0,0,1.0,2.0,-1.0,6.0,7.0,2.9,3.8,-0.8999999999999999,2.6,2.7,-0.10000000000000009,5.5,6.5,30.9,29.9,38.6,28.4,0.0996981403793851,0.13239865371444315,0.9279388686379468,0.9017225711404245,0.3,0.9,0.7,0.4,29.3,22.8,10.8,8.6,15.7,12.6,6.3,6.1,6.9,6.7,3.0,4.0,4.0,3.0,1.2866839377079187,1.9321835661585924,1.7126976771553502,1.6363916944844774,0.10000000000000009,-0.1333333333333333,0.3999999999999999,-0.3666666666666667,0.1917998265824353,0.12466006216006216,0.17198686981295677,0.20442404817404816,0.4514926297534993,0.38374125874125875,0.3960361699492134,0.32515054390054393,0.6432924563359347,0.5084013209013208,0.5680230397621703,0.529574592074592,-0.23530286138981787,0.7368881118881119
2022020768,2023-01-26,2022-2023,DAL,CAR,2,3,5,-1,0,1.0,3.0,-2.0,0,0,-1.0,2.0,-3.0,5.0,5.0,2.9,3.7,-0.8000000000000003,1.9,2.9,-1.0,4.8,6.6,31.9,37.1,29.6,27.4,0.0905226856213573,0.10992572179431628,0.9355166410650282,0.8870347800282934,0.4,0.6,0.5,0.7,22.8,15.3,6.0,9.9,16.3,11.4,6.4,6.8,8.8,9.5,2.0,3.0,4.0,5.0,1.7919573407620821,1.2516655570345716,1.9692073983655904,1.1005049346146116,0.43333333333333357,0.6333333333333329,-0.8999999999999999,-0.5666666666666664,0.23129251700680273,0.16183574879227053,0.18750904617166017,0.12481631829457916,0.46938775510204084,0.32206119162640906,0.355188884064264,0.24635000613261485,0.7006802721088435,0.48389694041867953,0.5426979302359242,0.37116632442719394,1.772470690403821,0.6304113401939488
2022020769,2023-01-26,2022-2023,EDM,CBJ,2,3,5,-1,0,3.0,1.0,2.0,0,0,6.0,-1.0,7.0,7.0,3.0,4.2,2.5,1.7000000000000002,2.7,3.6,-0.8999999999999999,6.9,6.1,35.8,28.0,29.8,34.4,0.11597563902321048,0.09869460724183363,0.9079151439150472,0.9016535279543835,0.9,0.5,0.6,0.6,23.3,25.2,11.3,8.8,11.7,14.6,9.4,5.3,7.2,5.0,3.0,1.0,5.0,5.0,1.619327706865484,1.5092308563562358,1.1595018087284048,1.6465452046971278,0.4666666666666668,1.1666666666666665,-0.3666666666666667,0.3999999999999999,0.3577127659574468,0.17036694418748075,0.2101063829787234,0.19385350576377403,0.6575059101654847,0.3771199506629664,0.42771128841607564,0.33763404940555725,1.0152186761229314,0.5474868948504471,0.6378176713947991,0.5314875551693312,0.7770390070921986,-1.9729515319709585
2022020766,2023-01-26,2022-2023,OTT,NYI,2,1,3,1,1,3.0,1.0,2.0,0,0,-2.0,-5.0,3.0,4.0,1.0,2.4,1.7,0.7,3.7,3.2,0.5,6.1,4.9,34.8,27.9,29.1,31.1,0.07048389629210762,0.06097617605936789,0.8670250007278939,0.8929353819330934,0.9,0.1,0.7,0.3,28.0,30.1,14.4,6.4,14.2,17.6,6.7,8.4,9.0,12.4,3.0,0.0,6.0,6.0,2.0110804171997816,0.6749485577105494,2.496664441476533,1.3984117975602015,-0.06666666666666643,0.30000000000000004,0.6333333333333329,0.7999999999999998,0.1723812890302816,0.16760204081632654,0.14000824790856606,0.20096758400329828,0.2762362043910294,0.19947089947089947,0.23302796433761438,0.215710248745963,0.448617493421311,0.367072940287226,0.3730362122461804,0.4166778327492613,-1.1764463296806882,-0.008964646464646474
2022020770,2023-01-26,2022-2023,SEA,VAN,6,1,7,5,1,3.0,0.0,3.0,0,1,-1.0,1.0,-2.0,7.0,3.0,4.0,3.2,0.7999999999999998,2.4,3.9,-1.5,6.4,7.1,29.5,36.0,27.9,29.2,0.14134924702228774,0.0896547442607196,0.9190935773094694,0.8633861293559569,0.4,0.6,0.5,1.0,24.9,25.8,5.7,7.3,15.0,12.9,10.8,6.2,7.3,6.2,1.0,1.0,3.0,5.0,2.494438257849295,1.2292725943057192,1.897366596101027,1.5238839267549948,-1.6666666666666665,-0.5333333333333337,0.6000000000000001,-0.8999999999999999,0.14418431809736157,0.029006531550472347,0.12692307692307692,0.0949997196759454,0.3483835005574136,0.2979073809323578,0.33916759568933474,0.23406007344490232,0.4925678186547751,0.32691391248283014,0.46609067261241166,0.3290597931208477,1.6102935711631365,-1.1639559330586158
2022020767,2023-01-26,2022-2023,TOR,NYR,3,2,5,1,1,1.0,1.0,0.0,0,0,1.0,1.0,0.0,6.0,7.0,3.3,3.3,0.0,2.6,2.3,0.30000000000000027,5.9,5.6,32.1,32.8,29.5,29.4,0.10408196636871772,0.1069982221546307,0.9030122406359384,0.9228752023021283,0.8,0.8,0.5,0.5,22.7,18.3,9.1,5.4,14.9,15.1,8.4,7.3,9.5,10.1,5.0,3.0,6.0,6.0,1.7669811040931427,1.7029386365926407,1.4298407059684815,1.0593499054713802,0.3666666666666667,0.03333333333333366,-0.6000000000000001,-0.2999999999999998,0.196969696969697,0.3921663442940038,0.15014474008376447,0.2676218708827404,0.30808080808080807,0.4095744680851064,0.33318705346144367,0.3188791242676534,0.5050505050505051,0.8017408123791103,0.48333179354520817,0.5865009951503938,0.7088414634146342,0.48728029602220174
2022020771,2023-01-27,2022-2023,TBL,BOS,3,2,5,1,1,1.0,1.0,0.0,0,0,1.0,6.0,-5.0,6.0,9.0,3.7,4.1,-0.39999999999999947,2.9,1.4,1.5,6.6,5.5,32.4,28.5,30.9,26.6,0.11599958129761774,0.14539410330485378,0.9036425870087197,0.9459740618576825,0.8,0.7,0.9,0.2,19.6,21.7,14.8,11.3,15.2,18.3,8.2,6.6,7.1,8.3,3.0,6.0,3.0,4.0,1.494434118097326,1.8529256146249728,1.1005049346146114,0.966091783079297,-0.3666666666666667,-0.4333333333333331,0.43333333333333357,-0.3999999999999999,0.18267610380856084,0.35110279791130855,0.18554095045500504,0.24593609699992677,0.30266262217728346,0.6125399423271763,0.29296503967889204,0.43586378160846245,0.4853387259858442,0.9636427402384848,0.47850599013389705,0.6817998786083891,0.458911664675062,2.072321295725551
2022020773,2023-01-27,2022-2023,WSH,PIT,3,2,5,1,1,1.0,1.0,0.0,0,0,-2.0,1.0,-3.0,4.0,5.0,2.7,3.3,-0.5999999999999996,2.7,3.3,-0.5999999999999996,5.4,6.6,32.2,34.5,27.6,33.3,0.08389865502161323,0.09754386980931598,0.8968319088319088,0.899030413660002,0.3,0.9,0.2,1.0,28.8,28.8,5.9,7.7,13.8,13.1,6.1,6.9,8.6,9.2,1.0,1.0,4.0,5.0,1.5670212364724214,2.002775851439974,1.766981104093143,1.766981104093143,-0.03333333333333366,0.7000000000000002,0.2999999999999998,-0.2999999999999998,0.3150510204081633,0.33671824629271435,0.23653694811257833,0.2067103776266439,0.36543367346938777,0.5448098001289491,0.3142201047085501,0.4612709108934229,0.680484693877551,0.8815280464216636,0.5507570528211284,0.6679812885200668,-0.13679921968787512,-0.36332750982716666
2022020774,2023-01-27,2022-2023,WPG,BUF,2,3,5,-1,0,1.0,1.0,0.0,0,0,-1.0,4.0,-5.0,6.0,5.0,3.5,3.1,0.3999999999999999,2.7,3.1,-0.3999999999999999,6.2,6.2,31.2,33.9,29.7,30.8,0.11542895674474618,0.09132049176575611,0.9039873795027938,0.8949944924260631,0.7,0.3,0.4,0.3,21.6,12.1,8.0,5.9,12.0,11.2,6.0,8.0,7.4,6.5,2.0,3.0,2.0,6.0,2.1213203435596433,1.8529256146249717,1.6363916944844774,0.7378647873726205,0.16666666666666652,1.5666666666666669,-0.7000000000000002,-0.43333333333333357,0.1216175359032502,0.23947811447811448,0.19992441421012852,0.2793135253241636,0.38227513227513227,0.35656565656565653,0.32157974300831443,0.32348626240003614,0.5038926681783825,0.596043771043771,0.521504157218443,0.6027997877241998,0.6992630385487528,0.3761842953612271
2022020775,2023-01-27,2022-2023,NSH,NJD,6,4,10,2,1,1.0,1.0,0.0,0,0,2.0,2.0,0.0,6.0,8.0,2.6,3.9,-1.2999999999999998,2.4,2.5,-0.10000000000000009,5.0,6.4,32.5,33.0,35.2,31.1,0.08457618915987289,0.1251325892653175,0.9293861775479423,0.9138558276425922,0.2,0.8,0.6,0.6,30.4,19.2,11.1,6.6,15.0,15.2,6.5,6.8,7.7,7.5,4.0,5.0,5.0,4.0,1.0749676997731392,1.2866839377079196,1.7763883459298964,1.080123449734644,0.3999999999999999,-1.2333333333333334,0.6000000000000001,-0.16666666666666652,0.18764261486278136,0.09929078014184396,0.16828939253777367,0.15468187891869667,0.44858156028368795,0.27736663583102067,0.39095744680851063,0.3110854147394388,0.6362241751464693,0.3766574159728647,0.5592468393462844,0.4657672936581356,-0.18889916743755786,1.5271353684859696
2022020778,2023-01-27,2022-2023,MIN,PHI,3,2,5,1,1,1.0,1.0,0.0,0,0,-3.0,-2.0,-1.0,4.0,5.0,2.9,2.8,0.10000000000000009,2.8,3.0,-0.20000000000000018,5.7,5.8,32.7,32.8,31.5,31.4,0.09135360905522193,0.08477769071147678,0.9106065289026318,0.9036557412874666,0.8,0.6,0.8,0.4,23.2,27.0,9.4,9.5,16.8,16.4,7.2,5.7,5.7,7.0,2.0,3.0,3.0,6.0,1.5238839267549957,1.6193277068654819,1.7511900715418274,2.0548046676563247,-0.5666666666666664,-0.1333333333333333,1.2000000000000002,0.0,0.09400705052878966,0.20972613183204314,0.12728851804938762,0.16811358351436526,0.24282141673446023,0.38482778168738757,0.2804294673859891,0.2892852964107515,0.33682846726324983,0.5945539135194308,0.40771798543537674,0.4573988799251168,0.37155337807511724,-0.510717982845312
2022020776,2023-01-27,2022-2023,COL,ANA,3,5,8,-2,0,1.0,1.0,0.0,0,0,6.0,1.0,5.0,7.0,4.0,3.6,3.0,0.6000000000000001,2.1,4.2,-2.1,5.7,7.2,31.4,31.0,32.7,40.4,0.11753851645561028,0.09549308604432201,0.9398975102423378,0.8978529313886691,0.7,0.6,0.6,0.6,18.9,19.8,9.0,9.3,11.7,14.1,7.4,5.5,5.6,6.3,3.0,2.0,4.0,5.0,1.8378731669453612,1.49071198499986,1.4491376746189435,2.14993539954628,-0.9333333333333336,1.333333333333333,-0.7666666666666668,-0.5333333333333337,0.11986531986531986,0.1699172576832151,0.11526862831210656,0.14941569954867828,0.1328795198360416,0.17627068557919623,0.18072170985214464,0.19476413066838602,0.2527448397013614,0.3461879432624113,0.2959903381642512,0.3441798302170643,-0.02299956082564774,-2.082664410058027
2022020777,2023-01-27,2022-2023,CGY,CHI,1,5,6,-4,0,2.0,1.0,1.0,0,0,2.0,-2.0,4.0,5.0,6.0,3.4,3.1,0.2999999999999998,2.9,2.9,0.0,6.3,6.0,37.4,24.6,26.9,33.7,0.09570762657564563,0.13111904115579248,0.8958212674936812,0.9131599290914801,0.6,0.3,0.4,0.4,22.0,25.1,9.3,9.2,12.0,15.1,7.6,11.7,7.5,7.6,3.0,2.0,4.0,7.0,1.7763883459298964,1.5238839267549944,1.286683937707919,2.131770260709263,0.2666666666666666,-0.43333333333333357,0.10000000000000009,0.10000000000000009,0.14768518518518517,0.07810077519379845,0.2163864522417154,0.09833211624162079,0.24027777777777778,0.24952814290529154,0.28442982456140353,0.19704059468973523,0.3879629629629629,0.32762891809908995,0.5008162768031189,0.29537271093135603,0.2565058479532164,-1.5557774407369962
2022020779,2023-01-27,2022-2023,ARI,STL,5,0,5,5,1,1.0,1.0,0.0,0,0,-1.0,-2.0,1.0,2.0,5.0,1.7,3.2,-1.5000000000000002,3.1,3.0,0.10000000000000009,4.8,6.2,27.5,25.6,34.7,30.8,0.06530436704724557,0.1288993771822719,0.9101520741738135,0.8912523915749724,0.2,0.6,0.8,0.3,25.6,19.7,11.5,6.9,13.3,13.7,5.2,10.0,10.9,7.5,2.0,2.0,7.0,7.0,1.3374935098492597,1.3165611772087666,1.1005049346146132,1.6329931618554507,0.30000000000000004,0.46666666666666634,-0.10000000000000009,0.6666666666666665,0.0871415770609319,0.1111111111111111,0.10192516563484305,0.14305555555555557,0.09270025839793282,0.30808080808080807,0.12568514603398323,0.352056277056277,0.1798418354588647,0.41919191919191917,0.2276103116688263,0.49511183261183267,-1.1423622003985845,-1.0799242424242426
2022020772,2023-01-27,2022-2023,MTL,DET,3,4,7,-1,0,1.0,1.0,0.0,0,0,-1.0,1.0,-2.0,5.0,4.0,2.4,3.0,-0.6000000000000001,2.8,3.1,-0.30000000000000027,5.2,6.1,26.1,28.8,34.3,28.3,0.08735612722428988,0.11098187427023812,0.9145244667613088,0.8860952448778535,0.5,0.5,0.8,0.6,21.7,23.8,13.0,4.8,19.4,15.8,5.1,5.1,15.6,6.0,4.0,1.0,8.0,6.0,1.5776212754932308,1.6996731711975943,1.475729574745245,1.5238839267549937,-0.06666666666666643,-0.6666666666666665,0.8666666666666667,-1.1,0.1126194067370538,0.1621808143547274,0.06545757304271237,0.17624677636119282,0.20297349709114418,0.26846100759144237,0.33770228739268987,0.32740365406269295,0.31559290382819793,0.4306418219461698,0.40315986043540225,0.5036504304238858,-0.20411152315177084,-0.519614253023864
2022020780,2023-01-28,2022-2023,NYI,DET,2,0,2,2,1,1.0,0.0,1.0,0,1,-6.0,2.0,-8.0,1.0,5.0,1.6,3.2,-1.6,3.0,3.1,-0.10000000000000009,4.6,6.3,29.3,29.9,31.1,28.6,0.054663044746236567,0.11405407089082183,0.8981985398278305,0.888051766616984,0.1,0.6,0.3,0.4,28.1,24.3,6.7,5.3,17.5,17.0,7.9,5.7,12.7,6.2,1.0,2.0,6.0,5.0,0.6992058987800976,1.686548085423135,1.4142135623730945,1.5238839267549937,0.06666666666666665,-0.5333333333333337,0.6666666666666665,-0.7666666666666666,0.16415853297840877,0.1586673264060696,0.195829636202307,0.1705190735373813,0.1952913339248743,0.2625762823684645,0.21782312925170066,0.3084242438522498,0.35944986690328307,0.4212436087745341,0.4136527654540077,0.47894331738963114,0.05682342502218277,-0.4952168893287151
2022020783,2023-01-28,2022-2023,CAR,SJS,5,4,9,1,1,1.0,2.0,-1.0,0,0,3.0,-3.0,6.0,5.0,2.0,3.6,2.7,0.8999999999999999,2.7,3.9,-1.1999999999999997,6.3,6.6,34.8,29.3,26.7,32.7,0.11391508349644393,0.08828893971881775,0.8917966847901981,0.8774956164316972,0.5,0.3,0.7,0.5,16.1,25.2,10.0,8.2,11.4,14.0,7.1,9.5,9.1,6.9,2.0,1.0,5.0,4.0,1.2649110640673509,1.494434118097326,1.0593499054713797,1.370320319406297,0.733333333333333,-1.0333333333333334,-0.7000000000000002,-0.2333333333333334,0.1654332408263953,0.2756580893226856,0.1255849701493266,0.19979246384760632,0.32238667900092505,0.5273587695947944,0.24446961963168487,0.47775179987765104,0.48781991982732037,0.8030168589174801,0.37005458978101147,0.6775442637252573,0.5901239640469826,-1.243297221512881
2022020788,2023-01-28,2022-2023,COL,STL,4,2,6,2,1,0.0,0.0,0.0,1,1,-1.0,-3.0,2.0,7.0,4.0,3.7,2.7,1.0,2.2,3.2,-1.0,5.9,5.9,32.6,27.0,31.6,29.4,0.1181066982737921,0.10258358770858769,0.9341371415787434,0.88294469926728,0.7,0.5,0.5,0.3,17.9,19.6,7.2,7.0,12.3,12.6,7.8,9.6,5.9,7.8,3.0,1.0,5.0,7.0,1.7669811040931407,1.4944341180973266,1.5491933384829666,1.7511900715418254,-1.3666666666666667,-0.7000000000000002,0.1333333333333333,1.4666666666666668,0.11723027375201289,0.100151171579743,0.11226916092781032,0.12658396692010138,0.12999965738171104,0.2521541950113379,0.1760555937706724,0.30657707527455424,0.2472299311337239,0.3523053665910809,0.2883247546984827,0.4331610421946556,-0.17022225384852582,-1.1656929438442043
2022020785,2023-01-28,2022-2023,DAL,NJD,2,3,5,-1,0,1.0,0.0,1.0,0,1,-2.0,-1.0,-1.0,5.0,7.0,3.1,3.8,-0.6999999999999997,2.0,2.9,-0.8999999999999999,5.1,6.7,30.5,34.2,29.3,31.8,0.10004649514516681,0.11687048100320925,0.9304240484724355,0.9043861306728953,0.4,0.6,0.4,0.6,23.6,19.4,6.7,6.4,16.6,15.4,6.4,7.1,9.6,8.1,2.0,4.0,5.0,4.0,1.5238839267549955,1.2292725943057188,1.9999999999999998,1.197218999737865,-0.43333333333333357,-0.7999999999999998,0.0,-0.2333333333333334,0.22666666666666668,0.09722222222222222,0.18375,0.14960106382978725,0.45999999999999996,0.2715721040189125,0.34805555555555556,0.32402482269503546,0.6866666666666666,0.3687943262411348,0.5318055555555556,0.4736258865248228,1.7166666666666668,1.43927304964539
2022020781,2023-01-28,2022-2023,FLA,LAK,3,4,7,-1,0,2.0,2.0,0.0,0,0,1.0,2.0,-1.0,6.0,6.0,4.2,3.1,1.1,3.6,3.0,0.6000000000000001,7.8,6.1,34.2,33.2,33.8,26.1,0.12831585795982076,0.09597005323942161,0.8962045336901465,0.8853290933426756,1.3,0.9,0.9,0.4,24.3,23.4,14.0,8.9,15.9,16.3,6.9,3.9,8.0,6.0,3.0,3.0,3.0,6.0,1.3984117975602006,1.7288403306519913,1.712697677155351,1.3333333333333317,-0.20000000000000018,-0.10000000000000009,1.4,0.0,0.07317073170731708,0.20040816326530617,0.19181586230755923,0.2646485260770975,0.14715447154471548,0.4903401360544217,0.2944637605950528,0.4796145124716554,0.22032520325203253,0.6907482993197279,0.486279622902612,0.7442630385487529,-0.02328489880643486,-0.23210884353741496
2022020789,2023-01-28,2022-2023,FLA,BOS,4,3,7,1,1,-1.0,0.0,-1.0,0,1,-2.0,-1.0,-1.0,5.0,8.0,3.9,3.8,0.10000000000000009,3.7,1.5,2.2,7.6,5.3,33.3,30.2,33.1,27.2,0.12107647572043852,0.12779503570578615,0.8890833215689342,0.9442991850103919,1.3,0.6,1.0,0.3,23.9,21.3,13.4,12.1,15.2,17.3,6.3,6.9,7.5,8.1,2.0,5.0,2.0,4.0,1.728840330651991,1.9321835661585915,1.7029386365926409,1.0801234497346444,0.4333333333333331,-0.46666666666666634,1.2999999999999998,0.16666666666666674,0.075,0.3513565891472868,0.18156179138321993,0.2445099939200486,0.1410130718954248,0.6059431524547804,0.19090052687741763,0.42960556315549475,0.21601307189542482,0.9572997416020671,0.37246231826063764,0.6741155570755434,-0.2776160464185674,2.020839033287734
2022020784,2023-01-28,2022-2023,NYR,VGK,4,1,5,3,1,1.0,2.0,-1.0,0,0,-1.0,-2.0,1.0,6.0,4.0,3.0,2.7,0.2999999999999998,2.3,2.8,-0.5,5.3,5.5,32.9,29.7,29.4,30.7,0.09603763102162578,0.0913454824745147,0.9228752023021283,0.9049146820870959,0.6,0.3,0.4,0.3,20.2,30.5,5.2,6.5,15.3,16.0,7.5,10.8,10.4,4.8,4.0,1.0,6.0,7.0,1.6329931618554527,1.8885620632287057,1.0593499054713802,0.7888106377466163,0.0,0.2999999999999998,0.3666666666666667,-0.1333333333333333,0.38379629629629625,0.10349584278155706,0.26193360914105596,0.15378873771730917,0.4009259259259259,0.34334845049130763,0.31216509062253744,0.33834089191232053,0.7847222222222222,0.4468442932728647,0.5740986997635934,0.4921296296296296,0.3919917257683214,0.04977324263038547
2022020786,2023-01-28,2022-2023,SEA,CGY,2,5,7,-3,0,1.0,0.0,1.0,0,1,1.0,-1.0,2.0,7.0,5.0,4.1,3.3,0.7999999999999998,2.4,3.0,-0.6000000000000001,6.5,6.3,30.4,37.4,27.2,27.2,0.13926133493437565,0.09285048371850277,0.9177972810131731,0.8935355532079671,0.5,0.6,0.4,0.4,22.5,21.2,6.4,8.5,15.3,10.9,10.8,7.5,7.2,7.5,2.0,2.0,4.0,5.0,2.558211180579987,1.8885620632287055,1.897366596101027,1.3333333333333335,-0.4333333333333331,0.3666666666666667,-0.7333333333333332,0.3333333333333335,0.14095744680851063,0.14463176574977818,0.0993100524205982,0.2118588795607429,0.36914893617021277,0.23528541851523221,0.30005396238051185,0.28186737348228036,0.5101063829787233,0.37991718426501037,0.39936401480111,0.49372625304302326,1.5338575393154485,0.05243100584715493
2022020782,2023-01-28,2022-2023,TOR,OTT,2,6,8,-4,0,1.0,1.0,0.0,0,0,2.0,1.0,1.0,7.0,4.0,3.5,2.3,1.2000000000000002,2.3,3.7,-1.4000000000000004,5.8,6.0,32.9,35.3,29.8,29.3,0.10894969123644258,0.06665614509593537,0.9153464581425699,0.8671883994207044,0.7,0.9,0.4,0.7,21.4,26.4,8.9,14.9,14.6,13.5,8.1,7.4,9.1,9.3,6.0,1.0,6.0,6.0,1.5811388300841895,2.0027758514399743,1.159501808728406,2.496664441476533,-0.16666666666666652,-0.9666666666666666,0.03333333333333366,-0.3666666666666667,0.2505668934240363,0.17546573929552653,0.15589569160997732,0.14033334246100201,0.37414965986394555,0.27706125578466007,0.3648459383753501,0.2312357950655823,0.6247165532879818,0.4525269950801866,0.5207416299853275,0.3715691375265844,0.8865546218487395,-1.1440483036227718
2022020787,2023-01-28,2022-2023,VAN,CBJ,5,2,7,3,1,1.0,1.0,0.0,0,0,-1.0,1.0,-2.0,2.0,3.0,2.9,2.5,0.3999999999999999,4.3,3.5,0.7999999999999998,7.2,6.0,33.7,28.9,29.5,33.8,0.08535241867932428,0.09313905168627808,0.8524932722130998,0.903240829541685,0.5,0.3,1.1,0.5,24.9,25.7,7.6,7.6,12.3,15.8,7.1,6.2,5.6,5.9,1.0,2.0,4.0,4.0,1.3703203194062985,1.5092308563562358,1.494434118097327,1.7159383568311657,-0.2333333333333334,1.1666666666666665,-0.6333333333333333,-0.5,0.02838849487785658,0.16258736766368587,0.18871910124009791,0.16980985958206127,0.291548463356974,0.32892640559153047,0.3038517170586039,0.3203169288622573,0.3199369582348306,0.49151377325521634,0.49257081829870186,0.4901267884443184,-0.7913898220729128,-1.7151160295355485
2022020790,2023-01-29,2022-2023,TBL,LAK,5,2,7,3,1,1.0,0.0,1.0,0,1,2.0,3.0,-1.0,7.0,6.0,3.9,3.2,0.6999999999999997,2.7,3.1,-0.3999999999999999,6.6,6.3,32.4,33.0,31.6,27.9,0.12171386701190345,0.09951983678920516,0.9110143818805145,0.8857457600093422,0.8,0.8,0.8,0.4,20.8,22.2,15.3,9.8,14.9,16.5,9.4,4.6,7.6,6.3,4.0,4.0,4.0,5.0,1.1972189997378644,1.7511900715418258,1.0593499054713795,1.2866839377079173,-0.5666666666666664,0.1333333333333333,-0.03333333333333366,-0.7666666666666666,0.17875564152159895,0.12579115367077062,0.18157640232108316,0.2262942696458428,0.29609929078014185,0.3821583827329382,0.29004779525131047,0.41983736130110955,0.4748549323017408,0.5079495364037088,0.47162419757239366,0.6461316309469524,0.48919350769489534,-0.13510259917920658
2022020797,2023-01-29,2022-2023,EDM,CHI,7,3,10,4,1,2.0,1.0,1.0,0,0,-1.0,1.0,-2.0,7.0,7.0,4.2,3.5,0.7000000000000002,2.6,2.7,-0.10000000000000009,6.8,6.2,36.2,24.9,30.2,34.4,0.11528119457876604,0.14451426661998348,0.9141953371517622,0.9210170719486228,0.9,0.2,0.5,0.3,22.1,25.0,11.1,9.0,12.8,15.5,9.4,10.9,8.8,8.2,3.0,3.0,5.0,6.0,1.619327706865484,1.4337208778404376,1.0749676997731388,2.213594362117864,-0.5333333333333337,-0.8333333333333335,0.06666666666666643,-0.3666666666666667,0.3056639322395625,0.16447811447811447,0.23786597972522347,0.11161035191912204,0.5627584367080165,0.30631492227236906,0.4548486061091103,0.2341594897251358,0.868422368947579,0.47079303675048356,0.6927145858343337,0.34576984164425784,0.5973639455782312,-1.639655244714923
2022020792,2023-01-29,2022-2023,WPG,PHI,0,4,4,-4,0,1.0,1.0,0.0,0,0,-2.0,-3.0,1.0,5.0,5.0,3.0,2.8,0.20000000000000018,2.6,2.7,-0.10000000000000009,5.6,5.5,30.6,32.2,29.5,30.2,0.09902684034262979,0.08588880182258789,0.9061803619589341,0.9077551201694541,0.8,0.6,0.4,0.4,21.2,24.8,7.8,11.7,12.4,17.2,6.4,5.5,7.5,6.9,1.0,3.0,2.0,5.0,1.7638342073763942,1.6193277068654819,1.577621275493231,1.7669811040931418,-0.3333333333333335,-0.1333333333333333,0.06666666666666643,0.9666666666666663,0.16926829268292684,0.10222222222222221,0.22495934959349592,0.15624807801628204,0.33723577235772356,0.17777777777777778,0.30300813008130084,0.270177315452854,0.5065040650406504,0.27999999999999997,0.5279674796747967,0.426425393469136,0.4170731707317073,-0.3453655053813637
2022020798,2023-01-29,2022-2023,SEA,CBJ,3,1,4,2,1,0.0,0.0,0.0,1,1,-1.0,-1.0,0.0,6.0,3.0,3.5,2.7,0.7999999999999998,2.4,3.9,-1.5,5.9,6.6,31.0,27.7,28.6,35.3,0.11259466826770899,0.10083135937858576,0.9243777745501884,0.8937981050834807,0.5,0.5,0.3,0.7,21.1,24.7,6.2,7.5,14.9,15.3,10.5,5.7,6.7,6.0,2.0,2.0,5.0,4.0,2.2236106773543893,1.251665557034572,1.897366596101027,1.5238839267549935,-0.5,-0.03333333333333366,-0.3999999999999999,-0.2333333333333334,0.13787262872628728,0.15920960582814686,0.18049068788560227,0.16591773197585832,0.36822493224932246,0.32896403242147926,0.2971443810182783,0.3211292956411998,0.5060975609756098,0.48817363824962606,0.47763506890388047,0.48704702761705815,1.8754865075246498,-1.8084165332718607
2022020800,2023-01-29,2022-2023,TOR,WSH,5,1,6,4,1,0.0,1.0,-1.0,1,0,-1.0,1.0,-2.0,6.0,4.0,3.3,2.3,1.0,2.8,2.7,0.09999999999999964,6.1,5.0,33.3,33.0,30.9,28.6,0.10121719384877277,0.07212688324984147,0.9020472254059969,0.8988339108339108,0.7,0.2,0.5,0.2,21.5,29.1,9.3,6.1,14.4,14.4,8.0,6.5,9.3,9.2,5.0,2.0,6.0,5.0,1.636391694484477,1.0593499054713813,1.549193338482967,1.766981104093143,0.03333333333333366,-0.2999999999999998,0.5333333333333337,0.9666666666666663,0.043809523809523805,0.31434343434343437,0.14120708748615726,0.2377506153976742,0.19506493506493508,0.384040404040404,0.2640440954394443,0.32511343931512,0.23887445887445888,0.6983838383838384,0.4052511829256016,0.5628640547127942,0.8754817275747508,-0.015819782458438014
2022020793,2023-01-29,2022-2023,PIT,SJS,4,6,10,-2,0,1.0,0.0,1.0,0,1,-1.0,-4.0,3.0,5.0,2.0,3.3,2.7,0.5999999999999996,3.0,3.9,-0.8999999999999999,6.3,6.6,34.2,28.2,34.7,33.4,0.09794927521472138,0.09186617549117546,0.9107150014736222,0.8808481068531531,0.9,0.3,1.0,0.6,27.7,25.3,8.5,7.5,13.9,13.9,6.2,9.9,9.2,7.0,4.0,1.0,5.0,4.0,2.002775851439974,1.494434118097326,1.6996731711975948,1.370320319406297,0.03333333333333366,-0.7000000000000002,0.3333333333333335,0.10000000000000009,0.32962962962962966,0.18396584165581129,0.20194519115890083,0.194066254161239,0.5402777777777777,0.2649008539586047,0.45685483870967736,0.4624504269793024,0.8699074074074074,0.448866695614416,0.6588000298685782,0.6565166811405413,-0.29025537634408605,-1.2262979447097988
2022020799,2023-01-29,2022-2023,CAR,BOS,4,1,5,3,1,0.0,0.0,0.0,1,1,4.0,-2.0,6.0,6.0,7.0,3.8,3.7,0.09999999999999964,2.6,1.7,0.9000000000000001,6.4,5.4,36.1,31.3,26.6,27.9,0.11476049412446325,0.12150193225751034,0.8947851905373245,0.9401550408662478,0.6,0.5,0.5,0.3,16.1,21.0,9.2,11.7,11.4,17.3,8.0,6.5,9.2,8.2,3.0,4.0,6.0,4.0,1.316561177208766,1.946506842754191,0.9660917830792954,1.3374935098492593,0.5333333333333332,-0.7000000000000002,-0.2666666666666666,1.3,0.1619385342789598,0.3434393713139358,0.12712842199428695,0.24722988973860052,0.32254728132387706,0.5996538304900675,0.24260293938254163,0.4236364390545575,0.4844858156028369,0.9430932018040031,0.36973136137682855,0.6708663287931581,0.4627693459793367,1.9454183447214806
2022020794,2023-01-29,2022-2023,NYI,VGK,2,1,3,1,1,0.0,0.0,0.0,1,1,1.0,-3.0,4.0,2.0,3.0,1.7,2.5,-0.8,2.6,2.9,-0.2999999999999998,4.3,5.4,29.7,30.3,31.3,31.7,0.05755959647037451,0.08357237323081722,0.9172461588754495,0.9041189261189262,0.1,0.3,0.3,0.3,27.7,31.2,7.3,5.7,16.6,15.7,7.1,10.4,12.2,4.6,2.0,0.0,7.0,7.0,0.6749485577105494,1.9578900207451215,1.646545204697129,0.737864787372623,-0.033333333333333215,-1.1666666666666667,-0.2666666666666666,0.10000000000000009,0.16085384508413292,0.10789678331565923,0.19425045195383117,0.15394839165782961,0.19128354888054513,0.335440084835631,0.22654046725073007,0.33438670908448215,0.3521373939646781,0.4433368681512902,0.4207909192045613,0.4883351007423118,0.17921360033375053,-0.02190880169671262
2022020795,2023-01-29,2022-2023,MIN,BUF,3,2,5,1,1,1.0,1.0,0.0,0,0,1.0,5.0,-4.0,4.0,6.0,2.7,3.4,-0.6999999999999997,2.9,2.9,0.0,5.6,6.3,31.7,34.7,31.0,29.1,0.08924557216457633,0.09965382509908945,0.906797005093108,0.8959969986917272,0.8,0.4,0.7,0.4,23.0,12.3,11.0,5.7,16.9,11.3,7.7,8.3,5.9,6.6,2.0,4.0,3.0,5.0,1.3374935098492597,1.505545305418161,1.663329993316621,0.7378647873726207,-0.03333333333333366,0.2666666666666666,0.10000000000000009,-0.5666666666666664,0.0918253079507279,0.23404422450021603,0.12810000298063692,0.29007766780566363,0.2528742067935797,0.36326145870154347,0.28553880294091705,0.35010295157299404,0.34469951474430754,0.5973056832017596,0.41363880592155405,0.6401806193786576,0.3583249207384649,0.49067691763874155
2022020796,2023-01-29,2022-2023,ANA,ARI,2,1,3,1,1,1.0,1.0,0.0,0,0,2.0,1.0,1.0,4.0,3.0,3.3,2.1,1.1999999999999997,4.5,2.8,1.7000000000000002,7.8,4.9,31.5,27.6,41.3,35.3,0.1037106786369146,0.08113770038057891,0.8910347495704872,0.9212631852849246,0.5,0.3,0.7,0.8,19.0,25.2,8.7,11.4,12.9,13.3,5.5,5.5,6.6,10.4,1.0,0.0,4.0,7.0,1.5670212364724214,1.6633299933166206,1.649915822768612,1.4757295747452448,1.0333333333333332,1.5666666666666664,-0.8333333333333335,-1.133333333333333,0.17332766439909297,0.08524659863945579,0.14956948226445052,0.10312808094252195,0.18636621315192745,0.09075448361162647,0.20419824433838574,0.13027651552496275,0.3596938775510204,0.17600108225108224,0.35376772660283623,0.23340459646748465,-1.8475926956148312,-1.0296144116408092
2022020791,2023-01-29,2022-2023,OTT,MTL,5,0,5,5,1,0.0,1.0,-1.0,1,0,2.0,-2.0,4.0,4.0,5.0,2.5,2.6,-0.10000000000000009,3.9,2.9,1.0,6.4,5.5,35.3,26.6,30.4,35.5,0.07253849803711185,0.0948440499296039,0.8611277933600983,0.9150006572374993,0.8,0.5,0.8,0.9,26.5,22.4,14.9,13.5,13.3,20.3,6.4,4.9,9.6,15.6,2.0,1.0,5.0,8.0,2.2730302828309763,1.5055453054181618,2.2335820757001263,1.5238839267549957,0.5,0.06666666666666643,-1.2333333333333334,0.10000000000000009,0.1872110023119815,0.11878306878306878,0.1506549197606419,0.1201480355735675,0.27787127702978376,0.253042328042328,0.2573141914864681,0.42604835078239334,0.46508227934176527,0.37182539682539684,0.40796911124711005,0.5461963863559608,-0.7046996124031008,0.35246538331644717
2022020801,2023-01-31,2022-2023,WPG,STL,4,2,6,2,1,1.0,2.0,-1.0,0,0,-3.0,-4.0,1.0,5.0,4.0,2.5,2.5,0.0,2.4,3.0,-0.6000000000000001,4.9,5.5,30.9,27.6,30.6,29.7,0.08551332682911628,0.09154462666962665,0.9213318771104493,0.8914632177857985,0.7,0.5,0.3,0.2,21.7,20.8,7.8,7.2,12.8,13.0,6.1,9.8,8.0,6.3,1.0,1.0,3.0,7.0,1.840893502864544,1.4337208778404384,1.1737877907772671,1.6329931618554507,-1.5,-0.8333333333333333,0.6000000000000001,1.0,0.16526610644257703,0.11296066252587993,0.22012138188608776,0.13954339432600302,0.3295985060690943,0.294575569358178,0.2964519140989729,0.33557607296737735,0.49486461251167135,0.4075362318840579,0.5165732959850607,0.4751194672933803,0.3053221288515406,-1.4010206479771696
2022020802,2023-02-01,2022-2023,CAR,LAK,5,4,9,1,1,2.0,2.0,0.0,0,0,5.0,-1.0,6.0,7.0,6.0,3.9,3.2,0.6999999999999997,2.3,3.2,-0.9000000000000004,6.2,6.4,33.0,32.9,26.7,28.3,0.12139399329527586,0.09976614220792437,0.9074518572039914,0.8847933790569614,0.6,0.8,0.4,0.3,15.8,22.8,9.8,10.5,10.6,16.7,8.5,4.6,9.2,6.1,4.0,4.0,6.0,4.0,1.2866839377079182,1.7511900715418258,0.9486832980505132,1.3984117975602008,0.10000000000000009,0.1333333333333333,-0.2999999999999998,0.46666666666666634,0.17247732426303855,0.12333744686685862,0.1313524671785257,0.22513026189496776,0.3227040816326531,0.3811417340829106,0.24082383695685103,0.41813496960555785,0.4951814058956916,0.5044791809497692,0.3721763041353767,0.6432652315005256,0.4985920790879439,-0.19642122583299054
2022020804,2023-02-01,2022-2023,CBJ,WSH,3,4,7,-1,0,2.0,2.0,0.0,0,0,-2.0,-1.0,-1.0,3.0,4.0,2.5,2.2,0.2999999999999998,3.6,2.9,0.7000000000000002,6.1,5.1,27.8,32.2,33.8,29.2,0.09233135937858576,0.07004354991650813,0.8971641639895116,0.8946011066011066,0.5,0.3,0.4,0.3,21.8,29.9,7.1,6.3,15.5,13.5,5.6,6.1,6.0,9.3,1.0,2.0,4.0,4.0,1.3540064007726595,1.1352924243950946,1.3498971154211044,1.9119507199599983,-0.5,-0.5333333333333334,-0.2666666666666666,0.43333333333333357,0.15596938775510205,0.3442265795206972,0.1622022325023845,0.25100217864923746,0.32233560090702945,0.3605664488017429,0.31781965923303307,0.3134313725490196,0.4783049886621315,0.7047930283224401,0.4800218917354175,0.5644335511982571,-1.8107899117093644,-0.3500201106083458
2022020803,2023-02-01,2022-2023,MTL,OTT,4,5,9,-1,0,2.0,2.0,0.0,0,0,-3.0,3.0,-6.0,4.0,5.0,2.1,2.6,-0.5,2.9,3.1,-0.20000000000000018,5.0,5.7,26.7,36.6,36.8,30.8,0.07632553141108538,0.06903608257817465,0.9217539039907461,0.8944611266934317,0.4,0.8,0.9,0.8,24.5,24.4,13.5,15.3,20.3,14.2,4.9,6.3,14.6,9.0,3.0,2.0,7.0,5.0,1.4491376746189435,2.366431913239847,1.5238839267549957,2.024845673131658,-0.43333333333333335,1.733333333333333,0.7666666666666666,-2.1,0.1065943992773261,0.20520352663209804,0.06821837080983421,0.15826039040324755,0.193221817275644,0.2938172938172938,0.3753271248540382,0.2624002981145838,0.29981621655297014,0.49902082044939183,0.44354549566387247,0.4206606885178314,0.1287892707678242,-0.5351196422624993
2022020805,2023-02-02,2022-2023,BUF,CAR,1,5,6,-4,0,3.0,0.0,3.0,0,1,-1.0,6.0,-7.0,6.0,8.0,3.3,4.1,-0.7999999999999998,2.7,2.4,0.30000000000000027,6.0,6.5,34.3,31.8,30.4,27.0,0.09753400943088668,0.13091780281908538,0.9084645311592597,0.9050709048230388,0.3,0.6,0.4,0.3,11.2,16.7,6.1,9.0,12.0,10.8,8.5,9.7,6.6,10.7,2.0,3.0,4.0,7.0,1.5670212364724199,1.2866839377079182,0.6749485577105517,1.0749676997731394,0.03333333333333366,0.5666666666666673,-0.3666666666666667,0.2666666666666666,0.23594408469524106,0.18925170068027208,0.2899385033506264,0.13874078012579755,0.36311909901179096,0.3228571428571429,0.35004554855667863,0.2463863812339422,0.599063183707032,0.5121088435374149,0.6399840519073049,0.38512716135973973,0.3883431306390852,0.5342560749355174
2022020806,2023-02-02,2022-2023,TOR,BOS,2,5,7,-3,0,3.0,3.0,0.0,0,0,1.0,-3.0,4.0,6.0,6.0,3.2,3.1,0.10000000000000009,2.7,1.9,0.8000000000000003,5.9,5.0,32.5,29.6,29.7,28.5,0.10259285522443413,0.10883526559084364,0.9034361142948857,0.9350318881568882,0.7,0.4,0.6,0.4,22.6,20.8,9.3,12.1,14.1,15.9,8.7,5.8,9.8,8.0,6.0,3.0,7.0,4.0,1.4757295747452437,1.7288403306519917,1.6363916944844774,1.3703203194062983,0.1333333333333333,-1.1,0.2999999999999998,1.4333333333333336,0.04259634888438133,0.3358730158730159,0.1381282398016678,0.2418253968253968,0.20627676357899483,0.5862433862433862,0.2765638125678693,0.4142328042328041,0.24887311246337615,0.9221164021164022,0.4146920523695372,0.6560582010582011,1.087697461429713,1.8374603174603172
2022020807,2023-02-07,2022-2023,PHI,NYI,1,2,3,-1,0,8.0,8.0,0.0,0,0,1.0,2.0,-1.0,5.0,3.0,2.8,1.8,0.9999999999999998,2.7,2.6,0.10000000000000009,5.5,4.4,31.7,30.7,31.4,33.3,0.08748369815432633,0.05925132579368277,0.9077551201694541,0.9189183996781252,0.6,0.0,0.4,0.3,24.3,27.4,11.9,7.5,18.1,16.5,5.8,6.8,7.3,11.6,2.0,0.0,5.0,7.0,1.6193277068654819,0.6324555320336721,1.7669811040931418,1.646545204697129,0.20000000000000018,-0.1333333333333333,-0.3666666666666667,-1.6,0.19909340080118065,0.1576797385620915,0.16009231613237626,0.19280920060331827,0.37246468479865064,0.18743715434891906,0.2938645151910726,0.22774572649572652,0.5715580855998313,0.3451168929110106,0.45395683132344894,0.42055492709904474,-0.2541707712597736,0.21452111613876318
2022020810,2023-02-07,2022-2023,NJD,VAN,5,4,9,1,1,9.0,9.0,0.0,0,0,1.0,1.0,0.0,8.0,3.0,3.8,3.0,0.7999999999999998,2.7,3.8,-1.0999999999999996,6.5,6.8,33.2,33.3,33.5,29.4,0.11952300089710846,0.08953198524279175,0.9208940671808318,0.8707268904467181,0.5,0.6,0.6,1.3,20.0,24.4,6.8,8.4,16.9,12.0,7.0,6.7,7.3,5.6,3.0,1.0,3.0,5.0,1.2292725943057188,1.4907119849998607,1.1595018087284061,1.3165611772087666,-0.46666666666666634,0.6666666666666665,0.2999999999999998,-0.46666666666666634,0.09523809523809523,0.027796263432909394,0.14494130985727624,0.07939612578587735,0.2660147392290249,0.28545548654244307,0.32266239829265037,0.23971012596788996,0.36125283446712014,0.31325174997535243,0.46760370814992663,0.3191062517537672,1.4382503001200482,-1.7330187928014014
2022020809,2023-02-07,2022-2023,NYR,CGY,5,4,9,1,1,9.0,9.0,0.0,0,0,1.0,1.0,0.0,6.0,5.0,2.9,3.4,-0.5,2.1,3.1,-1.0,5.0,6.5,33.8,39.1,30.5,27.7,0.08990859876356126,0.08696075940772582,0.9329775040924095,0.8908688865413004,0.3,0.6,0.4,0.4,21.4,21.2,5.3,9.5,14.9,11.6,8.0,7.8,9.5,6.9,4.0,3.0,6.0,4.0,1.5238839267549955,1.9550504398153568,1.100504934614612,1.1972189997378648,1.1,-0.06666666666666643,-0.10000000000000009,-0.10000000000000009,0.38982549541555755,0.14170212765957446,0.266979074238391,0.1550177304964539,0.3994380360839988,0.24382978723404256,0.3125308094252194,0.2352482269503546,0.7892635314995564,0.385531914893617,0.5795098836636103,0.39026595744680853,0.5291518781425614,-0.10021276595744681
2022020811,2023-02-07,2022-2023,DAL,ANA,3,2,5,1,1,9.0,8.0,1.0,0,0,-3.0,3.0,-6.0,4.0,4.0,2.8,3.0,-0.20000000000000018,2.2,4.2,-2.0,5.0,7.2,30.6,33.1,29.4,40.6,0.09105489850651136,0.09091374377101422,0.9236506494576572,0.8978496706608746,0.4,0.5,0.4,0.7,22.9,18.0,6.5,9.8,16.1,13.2,6.6,5.5,9.3,6.5,1.0,3.0,5.0,4.0,1.3984117975602028,1.49071198499986,1.988857852023506,1.988857852023507,-0.7999999999999998,1.0,0.7999999999999998,-2.2,0.22222222222222224,0.1564625850340136,0.18013872215552892,0.1225170068027211,0.4640522875816993,0.21452301850972946,0.34773909563825534,0.20678531877867426,0.6862745098039215,0.3709856035437431,0.5278778177937841,0.3293023255813953,1.6238495398159263,-1.4541813004271475
2022020812,2023-02-07,2022-2023,ARI,MIN,3,2,5,1,1,8.0,8.0,0.0,0,0,-1.0,2.0,-3.0,3.0,5.0,2.0,2.4,-0.3999999999999999,2.6,2.5,0.10000000000000009,4.6,4.9,28.1,30.8,36.5,30.4,0.07718232512702922,0.0835962215152257,0.9289399529616922,0.9165616084060983,0.3,0.7,0.8,0.5,23.2,23.3,11.3,10.6,13.6,16.8,5.1,8.2,10.1,6.5,3.0,2.0,6.0,4.0,1.6996731711975956,1.0749676997731412,1.4298407059684823,1.2692955176439864,0.6666666666666665,-0.06666666666666643,-0.6000000000000001,-0.16666666666666652,0.08343434343434343,0.09668803418803418,0.07258673693456302,0.12872860834817354,0.08888888888888889,0.24696424848863874,0.08835748792270531,0.28266714212498945,0.17232323232323232,0.34365228267667297,0.16094422485726834,0.4113957504731629,-0.7689855072463767,0.303828395888311
2022020808,2023-02-07,2022-2023,FLA,TBL,7,1,8,6,1,9.0,8.0,1.0,0,0,-1.0,3.0,-4.0,5.0,8.0,4.0,4.2,-0.20000000000000018,3.5,2.6,0.8999999999999999,7.5,6.8,35.3,32.1,33.9,32.5,0.12105234444630726,0.1345710098690463,0.899732759496598,0.919660998421868,1.1,0.8,0.9,0.6,22.8,22.3,13.3,14.6,15.6,14.5,6.1,9.9,8.1,7.2,3.0,3.0,4.0,5.0,1.414213562373094,1.0327955589886444,1.7159383568311672,1.0749676997731394,0.33333333333333304,-0.20000000000000018,0.833333333333333,-0.6000000000000001,0.07142857142857142,0.18194444444444446,0.1747254457338491,0.18125,0.1510989010989011,0.2898148148148148,0.19384121169835455,0.29074074074074074,0.22252747252747251,0.47175925925925927,0.3685666574322037,0.4719907407407407,-0.2144216661023384,0.5583333333333333
2022020818,2023-02-08,2022-2023,CHI,ANA,2,3,5,-1,0,9.0,0.0,9.0,0,1,-1.0,-1.0,0.0,6.0,4.0,3.6,3.1,0.5,3.4,3.7,-0.30000000000000027,7.0,6.8,24.6,33.6,36.5,40.5,0.14860909420619034,0.09334782085012173,0.904738002181181,0.9096382885470534,0.3,0.6,0.5,0.6,25.6,17.0,9.9,11.2,16.0,14.7,10.5,5.6,9.2,6.9,3.0,3.0,5.0,3.0,1.3498971154211057,1.370320319406298,2.366431913239846,1.828782229912694,-0.2666666666666666,-0.10000000000000009,0.6000000000000001,-1.7000000000000002,0.14242424242424243,0.1711111111111111,0.09994889369889369,0.1349673202614379,0.3493265993265993,0.19313131313131313,0.25382996632996635,0.20813428401663694,0.49175084175084177,0.36424242424242426,0.35377886002886,0.34310160427807485,-1.3020021645021642,-1.4801960784313726
2022020815,2023-02-08,2022-2023,DET,EDM,2,5,7,-3,0,10.0,9.0,1.0,0,0,-1.0,1.0,-2.0,5.0,7.0,3.1,4.5,-1.4,3.0,2.7,0.2999999999999998,6.1,7.2,29.9,36.7,28.7,30.9,0.1097062448038653,0.12103394855673419,0.8918695006071318,0.9129414186564644,0.6,1.0,0.3,0.6,22.6,21.7,5.3,11.4,16.9,13.2,5.5,9.4,6.1,8.7,3.0,4.0,5.0,5.0,1.8529256146249724,1.8408935028645452,1.5634719199411422,1.059349905471379,-0.7666666666666666,-0.16666666666666696,-0.6666666666666665,-0.03333333333333366,0.1553030303030303,0.3346485260770975,0.1735382672882673,0.25065759637188206,0.2569444444444444,0.559440665154951,0.3178418803418804,0.4563869992441422,0.4122474747474747,0.8940891912320484,0.4913801476301476,0.7070445956160242,-0.5469114219114218,0.706530612244898
2022020817,2023-02-08,2022-2023,NSH,VGK,1,5,6,-4,0,11.0,9.0,2.0,0,0,3.0,-4.0,7.0,6.0,2.0,2.9,2.1,0.7999999999999998,2.6,2.9,-0.2999999999999998,5.5,5.0,34.5,31.8,35.9,31.5,0.08492462121562201,0.06961725401623098,0.925379767291532,0.9038557682241892,0.3,0.2,0.6,0.3,30.5,31.1,10.9,5.3,14.6,15.6,6.9,9.6,8.6,4.9,5.0,0.0,6.0,6.0,1.5238839267549944,1.7919573407620815,1.8378731669453625,0.737864787372623,1.4333333333333331,-0.7666666666666668,0.06666666666666643,-0.2333333333333334,0.19075419477599032,0.10559826767586467,0.17176598627688403,0.15083834952420686,0.45290246785446575,0.33442596896914795,0.39311790059389956,0.3306116772950315,0.6436566626304562,0.44002423664501267,0.5648838868707836,0.4814500268192383,-0.04992648330738625,-0.0648131593062757
2022020816,2023-02-08,2022-2023,NYI,SEA,4,0,4,4,1,0.0,9.0,-9.0,1,0,3.0,1.0,2.0,4.0,6.0,1.9,3.4,-1.5,2.5,2.5,0.0,4.4,5.9,31.7,30.0,32.4,29.0,0.060917992460349436,0.11251599006157206,0.920786531546257,0.9203777745501883,0.1,0.4,0.3,0.3,28.2,21.1,6.7,5.9,16.7,14.3,6.8,11.6,9.8,6.2,3.0,3.0,6.0,6.0,0.5676462121975424,2.221110833194358,1.7159383568311666,1.7795130420052183,0.10000000000000009,0.2666666666666666,-1.8333333333333335,-0.5,0.15462861487120247,0.17857142857142858,0.19475504280086486,0.13343253968253968,0.19054530375285092,0.4280612244897959,0.22571532241343562,0.36631235827664393,0.3451739186240534,0.6066326530612245,0.4204703652143005,0.49974489795918364,0.18967891946328602,1.0386904761904763
2022020813,2023-02-08,2022-2023,PIT,COL,2,1,3,1,1,9.0,10.0,-1.0,0,0,-2.0,1.0,-3.0,4.0,7.0,3.3,3.8,-0.5,3.4,2.2,1.1999999999999997,6.7,6.0,35.5,31.1,35.4,31.4,0.09341965848998271,0.12448818494980893,0.8987526358822242,0.9336609511025531,1.1,0.7,1.0,0.4,29.2,17.1,9.0,7.2,14.5,12.5,7.2,8.1,9.3,5.4,4.0,3.0,6.0,6.0,2.002775851439974,1.751190071541824,1.6465452046971294,1.5491933384829666,1.0333333333333332,-0.46666666666666634,0.9333333333333331,0.46666666666666634,0.34324164448388056,0.12180080172679618,0.20760567072678873,0.11645595641895364,0.5427388346643006,0.1272420084284099,0.4611756428526615,0.1785901400166741,0.885980479148181,0.2490428101552061,0.6687813135794501,0.29504609643562774,-0.4553420182302169,-0.12651822729297288
2022020814,2023-02-08,2022-2023,TBL,SJS,3,4,7,-1,0,0.0,9.0,-9.0,1,0,-1.0,1.0,-2.0,7.0,3.0,3.7,3.1,0.6000000000000001,3.0,3.9,-0.8999999999999999,6.7,7.0,30.8,28.4,35.0,34.6,0.12455783463847978,0.10394950882450879,0.9178752841361538,0.8848851127404533,0.5,0.3,0.7,0.7,21.1,26.6,15.8,8.2,14.6,14.8,9.2,10.2,6.6,6.3,4.0,2.0,4.0,3.0,1.251665557034572,1.7919573407620815,1.7638342073763935,1.370320319406297,-0.7000000000000002,0.8999999999999999,0.6666666666666665,0.10000000000000009,0.17820171546879618,0.1933496732026144,0.17753623188405795,0.20491479925303455,0.2837917775805974,0.29254901960784313,0.28461697722567286,0.44997932506335864,0.4619934930493937,0.48589869281045756,0.46215320910973084,0.6548941243163932,0.3556521739130435,-1.0403891556622649
2022020820,2023-02-09,2022-2023,DAL,MIN,4,1,5,3,1,1.0,1.0,0.0,0,0,1.0,-1.0,2.0,4.0,5.0,2.9,2.6,0.2999999999999998,2.3,2.6,-0.30000000000000027,5.2,5.2,32.1,30.8,30.0,31.7,0.09208679344084533,0.08931050722951141,0.9213397250879092,0.916923927246678,0.4,0.7,0.4,0.5,22.7,23.6,6.7,11.0,14.9,17.6,6.9,7.9,9.6,6.4,2.0,2.0,6.0,3.0,1.2866839377079196,0.6992058987801031,1.9465068427541907,1.2649110640673535,-0.8999999999999999,-0.2666666666666666,0.3666666666666667,-0.2666666666666666,0.21794871794871792,0.07876834944504117,0.17666666666666664,0.13083413532141736,0.4551282051282051,0.18474758324382382,0.3410256410256411,0.27421973330827915,0.673076923076923,0.26351593268886503,0.5176923076923076,0.40505386862969656,1.5923076923076924,0.13883461185892798
2022020819,2023-02-09,2022-2023,NYR,VAN,4,3,7,1,1,1.0,1.0,0.0,0,0,2.0,-1.0,3.0,6.0,3.0,3.0,3.0,0.0,2.4,3.8,-1.4,5.4,6.8,34.0,33.9,31.9,29.2,0.0921568881086248,0.08619865190945844,0.9260330596479653,0.8699098969826657,0.3,0.6,0.5,1.2,22.2,25.7,7.0,8.0,14.9,11.7,8.8,6.1,10.1,5.8,5.0,1.0,7.0,5.0,1.6329931618554527,1.4907119849998607,1.1737877907772671,1.3165611772087666,0.6666666666666665,0.3333333333333335,0.2666666666666666,0.5333333333333332,0.395177304964539,0.03389491966999566,0.2682008973802287,0.1686141265016645,0.4051063829787234,0.29988420900275004,0.3164987697206542,0.24827543783470837,0.8002836879432623,0.3337791286727457,0.584699667100883,0.41688956433637286,0.43689969604863216,-0.6937299174989146
2022020821,2023-02-10,2022-2023,TBL,COL,5,0,5,5,1,1.0,1.0,0.0,0,0,-2.0,-1.0,-1.0,6.0,7.0,3.5,3.5,0.0,3.0,1.9,1.1,6.5,5.4,31.0,32.2,33.2,31.5,0.11838022846087362,0.11396591152430971,0.9096934659543356,0.9392086040186267,0.4,0.7,0.8,0.2,20.6,17.0,14.8,6.1,14.0,13.6,10.3,8.1,7.1,4.6,3.0,3.0,4.0,5.0,1.1785113019775786,1.9578900207451202,1.7638342073763935,1.1972189997378642,-0.5,-0.8333333333333335,1.333333333333333,0.7666666666666666,0.1746099290780142,0.11923758865248228,0.17397163120567374,0.113632399768418,0.27801418439716313,0.12459895305639986,0.28516093835242773,0.17413621122207748,0.45262411347517734,0.24383654170888214,0.4591325695581015,0.2877686109904955,0.3253355155482815,-0.1461021855550731
2022020826,2023-02-10,2022-2023,NYI,VAN,5,6,11,-1,0,1.0,0.0,1.0,0,1,4.0,-2.0,6.0,4.0,3.0,2.1,2.9,-0.7999999999999998,2.4,3.7,-1.3000000000000003,4.5,6.6,30.7,32.4,33.3,27.8,0.06994054885132688,0.08819865190945843,0.9251343576332136,0.865147992220761,0.1,0.5,0.3,1.0,28.2,24.2,6.3,7.3,17.0,11.5,6.6,6.1,9.9,6.5,3.0,1.0,6.0,5.0,0.8755950357709104,1.4491376746189448,1.8378731669453627,1.2516655570345723,0.5666666666666664,1.1,-1.7333333333333334,-0.03333333333333366,0.1578662939669229,0.13125816993464054,0.19336361518751455,0.1451877376967047,0.18685767528534825,0.3788398692810458,0.2204961565338924,0.19755001594133592,0.34472396925227117,0.5100980392156863,0.4138597717214069,0.34273775363804054,0.29734451432564635,-2.139556261529002
2022020824,2023-02-10,2022-2023,NJD,SEA,3,1,4,2,1,2.0,1.0,1.0,0,0,2.0,-1.0,3.0,8.0,5.0,3.9,3.0,0.8999999999999999,2.8,2.6,0.19999999999999973,6.7,5.6,32.3,31.0,33.1,28.3,0.12492655766865428,0.09433417187975392,0.9163842632592634,0.9146634888359026,0.5,0.3,0.6,0.2,19.4,22.1,6.6,5.1,17.4,14.3,7.4,11.2,8.0,6.7,3.0,2.0,3.0,6.0,1.2866839377079196,2.449489742783178,1.2292725943057186,1.8378731669453627,0.10000000000000009,-1.3333333333333333,0.8666666666666667,0.3999999999999999,0.20444444444444443,0.1876500193573364,0.1863718820861678,0.14694635123854796,0.30074074074074075,0.4431513743708866,0.3417989417989418,0.39660020862192485,0.5051851851851852,0.630801393728223,0.5281708238851096,0.5435465598604728,1.3230385487528344,0.955398304528845
2022020822,2023-02-10,2022-2023,PHI,EDM,2,1,3,1,1,2.0,1.0,1.0,0,0,-1.0,2.0,-3.0,4.0,8.0,2.4,4.8,-2.4,2.6,2.6,0.0,5.0,7.4,30.7,36.4,31.5,29.5,0.0774409631115913,0.13288580040858605,0.9114332810889945,0.9132131577868992,0.4,0.9,0.5,0.6,24.6,21.3,12.3,12.2,18.2,12.8,5.9,8.9,8.0,8.4,1.0,5.0,5.0,4.0,1.505545305418161,1.619327706865485,1.776388345929896,1.0749676997731388,-0.06666666666666643,-0.13333333333333286,-0.9333333333333333,0.06666666666666643,0.2006033182503771,0.3418919848641211,0.15957981483191566,0.25591331269349843,0.3635463800904977,0.5675679394564844,0.29053641755847637,0.4635225318197455,0.5641496983408748,0.9094599243206054,0.45011623239039206,0.7194358445132439,-0.27116808261766245,0.751764705882353
2022020823,2023-02-10,2022-2023,FLA,SJS,4,1,5,3,1,2.0,1.0,1.0,0,0,1.0,2.0,-1.0,6.0,3.0,4.5,3.1,1.4,3.3,4.0,-0.7000000000000002,7.8,7.1,36.3,27.3,34.0,35.4,0.1302098536038164,0.11001011488511485,0.906077456466295,0.8836735563564831,1.1,0.5,0.9,0.8,21.4,27.6,14.0,8.6,15.8,15.7,6.0,11.3,7.8,5.5,4.0,2.0,5.0,3.0,1.5092308563562347,1.7919573407620815,1.8885620632287061,1.2472191289246461,0.16666666666666696,1.5666666666666669,-0.9666666666666663,0.0,0.07751937984496124,0.18955530930320844,0.17850327966607038,0.20386800874195832,0.147725610647945,0.29323524281507474,0.19476024122140836,0.46423666902658495,0.22524499049290625,0.4827905521182832,0.3732635208874788,0.6681046777685434,0.03716069801194857,-0.9475383999753747
2022020825,2023-02-10,2022-2023,DET,CGY,2,1,3,1,1,1.0,2.0,-1.0,0,0,-2.0,-1.0,-1.0,4.0,5.0,2.6,3.5,-0.8999999999999999,2.9,3.2,-0.30000000000000027,5.5,6.7,30.8,37.6,27.6,28.5,0.08552146219516968,0.09307778068432157,0.8899983987360299,0.8917173713897851,0.5,0.5,0.3,0.5,21.9,21.6,6.1,11.7,15.5,11.5,4.8,7.5,5.9,7.7,2.0,3.0,5.0,4.0,1.2649110640673504,1.957890020745121,1.4491376746189426,1.3165611772087666,-0.6000000000000001,-0.16666666666666652,0.10000000000000009,0.46666666666666634,0.15207860922146635,0.13888888888888887,0.12221277399848827,0.15592619161485732,0.25154950869236586,0.2520424836601307,0.2686776847491133,0.23689323290291722,0.4036281179138322,0.3909313725490196,0.3908904587476016,0.3928194245177747,-1.0882871097156812,-0.09827833572453372
2022020827,2023-02-10,2022-2023,MIN,VGK,1,5,6,-4,0,0.0,1.0,-1.0,1,0,-2.0,1.0,-3.0,5.0,3.0,2.4,2.5,-0.10000000000000009,2.6,2.6,0.0,5.0,5.1,31.5,32.8,31.0,31.0,0.08249960979361397,0.08128392068289762,0.9155673380993912,0.916155233464831,0.8,0.2,0.5,0.3,23.4,28.1,10.6,5.7,16.3,16.2,8.1,9.3,6.9,4.7,3.0,1.0,3.0,5.0,0.8432740427115695,1.9578900207451215,1.2649110640673535,0.8432740427115683,-0.7333333333333332,-0.16666666666666652,0.06666666666666643,-0.6000000000000001,0.07666666666666666,0.1175586364539853,0.12781209496877577,0.1549331643808388,0.17984496124031005,0.3334948320413436,0.2712623239098923,0.33341408268733846,0.25651162790697674,0.45105346849532896,0.39907441887866807,0.4883472470681773,-0.04648384259373428,0.1786299940369708
2022020836,2023-02-11,2022-2023,PHI,NSH,1,2,3,-1,0,0.0,2.0,-2.0,1,0,1.0,-1.0,2.0,4.0,5.0,2.2,2.7,-0.5,2.6,3.0,-0.3999999999999999,4.8,5.7,31.8,32.6,31.0,35.0,0.06821874088936905,0.08247364082346516,0.9110761382318516,0.911586663843256,0.3,0.3,0.5,0.6,23.8,30.6,11.3,9.8,16.8,14.0,6.4,7.1,8.4,9.6,2.0,0.0,6.0,7.0,1.5491933384829653,1.6363916944844765,1.776388345929896,1.6329931618554518,-0.20000000000000018,0.2999999999999998,-1.6,0.0,0.0996760053363827,0.1937358276643991,0.1519363804808549,0.17169784580498867,0.16275967219363444,0.4501133786848073,0.2620915053799151,0.38832199546485263,0.2624356775300171,0.6438492063492064,0.41402788586076994,0.5600198412698413,-0.19758177185638734,-0.1998299319727891
2022020834,2023-02-11,2022-2023,OTT,EDM,3,6,9,-3,0,9.0,0.0,9.0,0,1,4.0,-1.0,5.0,6.0,8.0,3.1,4.6,-1.4999999999999996,3.2,2.2,1.0,6.3,6.8,35.7,36.8,30.4,29.4,0.08627746188851948,0.12606552391089018,0.890294460026765,0.923948893522635,1.0,0.9,1.0,0.2,24.6,20.4,14.6,8.9,15.0,13.6,6.2,8.7,8.7,8.4,3.0,5.0,4.0,4.0,2.282785822435191,1.9550504398153592,2.0439612955674513,0.7888106377466138,2.233333333333333,-0.2666666666666666,-1.2000000000000002,-0.20000000000000018,0.20740740740740746,0.34813976872800395,0.15803921568627452,0.2574032176973353,0.2875925925925926,0.5517094017094016,0.26765250544662306,0.45213675213675214,0.49499999999999994,0.8998491704374058,0.4256917211328976,0.7095399698340876,-0.4800980392156862,0.748340874811463
2022020828,2023-02-11,2022-2023,NYR,SEA,6,3,9,3,1,1.0,0.0,1.0,0,1,3.0,-2.0,5.0,7.0,4.0,3.1,2.8,0.30000000000000027,2.3,2.8,-0.5,5.4,5.6,32.7,31.3,30.1,28.2,0.10238097774447914,0.08759792899550342,0.9233353852293605,0.906971181143595,0.3,0.3,0.4,0.4,22.8,21.0,6.4,5.7,13.0,13.5,9.6,10.3,11.7,6.5,6.0,1.0,8.0,6.0,1.6633299933166206,2.5298221281347026,1.0593499054713802,1.6193277068654823,1.233333333333333,-1.4666666666666666,0.3666666666666667,-0.46666666666666634,0.32505589955280356,0.183484246411743,0.28344298245614036,0.14702138642631118,0.38725490196078427,0.4334679608277419,0.37336601307189543,0.3882194230757842,0.7123108015135878,0.616952207239485,0.6568089955280357,0.5352408095020954,-0.08642930856553145,0.9135608577469041
2022020835,2023-02-11,2022-2023,MTL,NYI,4,3,7,1,1,9.0,0.0,9.0,0,1,-4.0,-1.0,-3.0,4.0,4.0,2.5,2.3,0.20000000000000018,3.1,2.6,0.5,5.6,4.9,27.8,30.6,35.7,33.2,0.08882553141108537,0.07718192816167169,0.9120125246804014,0.9189158702382555,0.6,0.3,1.0,0.5,23.4,27.0,11.4,6.7,20.1,16.1,5.3,6.7,14.3,10.9,3.0,1.0,7.0,6.0,1.3540064007726598,1.2516655570345707,1.6633299933166208,2.1186998109427604,-0.16666666666666652,1.3666666666666667,1.233333333333333,-0.2666666666666666,0.12159904265167425,0.15492836865385884,0.11822249051351219,0.19500466853408027,0.2577728104043893,0.18984617415989966,0.3478539922370086,0.22183506399192673,0.37937185305606363,0.3447745428137585,0.46607648275052077,0.4168397325260071,-0.5890225791596866,0.25436012788953966
2022020839,2023-02-11,2022-2023,FLA,COL,3,5,8,-2,0,0.0,0.0,0.0,1,1,2.0,-2.0,4.0,6.0,7.0,4.5,3.3,1.2000000000000002,3.1,2.1,1.0,7.6,5.4,37.0,31.9,33.6,31.7,0.12830509169905452,0.10790530546370365,0.9110310168378118,0.9335836040186267,0.9,0.7,0.8,0.4,22.4,18.6,13.9,7.9,15.9,14.3,6.8,8.0,7.4,4.3,4.0,3.0,5.0,5.0,1.5092308563562347,2.213594362117864,2.0248456731316584,1.5238839267549944,0.16666666666666696,-1.633333333333333,-1.4333333333333333,0.8999999999999999,0.0909090909090909,0.11678004535147392,0.1801477595040303,0.11095412523983954,0.15067340067340065,0.12206349206349205,0.1927203032918904,0.16991768767630835,0.2415824915824916,0.238843537414966,0.3728680627959207,0.2808718129161479,0.08202165943564389,-0.20322294700373517
2022020832,2023-02-11,2022-2023,DET,VAN,5,2,7,3,1,0.0,0.0,0.0,1,1,1.0,1.0,0.0,4.0,3.0,2.4,3.2,-0.8000000000000003,2.9,3.9,-1.0,5.3,7.1,30.2,32.6,27.9,27.5,0.07989486372969654,0.09647071073298782,0.8902509239885552,0.8572816129104162,0.4,0.7,0.3,1.2,22.4,23.4,6.1,7.5,16.1,11.3,5.0,5.4,5.7,6.4,2.0,1.0,5.0,5.0,1.1737877907772658,1.751190071541827,1.4491376746189426,1.2866839377079191,-1.0666666666666667,1.1333333333333329,-0.5666666666666664,0.766666666666667,0.14898550724637682,0.03948245965052687,0.16723375246174824,0.12703671212074574,0.25304347826086954,0.28998265973055887,0.31332943781966655,0.287543222417172,0.40202898550724636,0.3294651193810858,0.48056319028141475,0.41457993453791775,-0.6004072975956024,-0.9775910364145659
2022020830,2023-02-11,2022-2023,CHI,ARI,4,3,7,1,1,2.0,3.0,-1.0,0,0,-2.0,1.0,-3.0,5.0,4.0,3.4,2.0,1.4,3.4,2.4,1.0,6.8,4.4,25.0,28.8,34.4,35.4,0.1395056459303283,0.07517083087415564,0.8995825193661238,0.9319213194213194,0.3,0.3,0.3,0.7,25.5,21.5,9.0,9.2,14.6,13.8,11.2,5.1,8.7,9.0,2.0,0.0,5.0,6.0,1.429840705968481,1.6996731711975956,2.366431913239846,1.349897115421107,-0.06666666666666643,1.0,0.2666666666666666,-1.0666666666666667,0.13768115942028986,0.08169934640522876,0.09696972823507562,0.07704819516459066,0.3605442176870748,0.09434498437055983,0.25768487374727445,0.11402192699466464,0.49822537710736475,0.17604433077578854,0.35465460198235005,0.1910701221592553,-1.1424238047089412,-0.7801871905098765
2022020829,2023-02-11,2022-2023,CBJ,TOR,0,3,3,-3,0,9.0,8.0,1.0,0,0,-3.0,-1.0,-2.0,3.0,5.0,2.6,3.2,-0.6000000000000001,3.4,3.1,0.2999999999999998,6.0,6.3,28.9,32.5,33.1,29.3,0.09245923661643743,0.10259285522443413,0.9000336044486221,0.8892250380148441,0.5,0.7,0.4,0.6,23.5,22.7,6.9,9.8,15.3,13.7,6.3,8.6,6.0,10.7,1.0,0.0,4.0,7.0,1.3498971154211052,1.4757295747452437,1.0749676997731379,1.6633299933166201,-0.6000000000000001,-0.20000000000000018,0.6000000000000001,0.8999999999999999,0.15939442443644125,0.17606837606837608,0.16191943444044285,0.1433933933933934,0.315969054288382,0.37264957264957266,0.31117897158863544,0.3624181874181874,0.4753634787248233,0.5487179487179487,0.4730984060290784,0.5058115808115808,-1.7039635854341735,0.9880341880341881
2022020833,2023-02-11,2022-2023,BUF,CGY,2,7,9,-5,0,8.0,0.0,8.0,0,1,-2.0,-2.0,0.0,6.0,5.0,3.2,3.3,-0.09999999999999964,2.8,3.0,-0.20000000000000018,6.0,6.3,33.2,38.1,31.1,27.5,0.09598929398373221,0.08617813910726065,0.9078817805765093,0.8947674803222471,0.3,0.5,0.5,0.5,11.1,20.3,5.9,12.3,12.7,12.2,8.9,7.7,6.9,7.5,2.0,3.0,4.0,4.0,1.6865480854231343,2.1108186931983415,0.7888106377466144,1.3333333333333335,-1.2000000000000002,0.03333333333333366,-0.1333333333333333,0.0,0.23082975974490075,0.13618524332810047,0.2872330616906322,0.15279958137100993,0.35520781791192474,0.25353218210361067,0.34260390895596243,0.23528257456828885,0.5860375776568255,0.3897174254317111,0.6298369706465946,0.3880821559392988,0.2761211071626707,-0.11682365253793828
2022020838,2023-02-11,2022-2023,BOS,WSH,1,2,3,-1,0,8.0,9.0,-1.0,0,0,1.0,1.0,0.0,7.0,4.0,3.6,2.5,1.1,1.9,3.2,-1.3000000000000003,5.5,5.7,29.8,33.7,29.0,28.8,0.12607664490118847,0.07654509790412423,0.9359842691092691,0.8857775771893419,0.4,0.3,0.5,0.3,20.9,28.5,12.6,6.2,17.0,13.1,5.9,5.9,7.9,9.1,3.0,3.0,3.0,3.0,1.4298407059684808,1.17851130197758,1.3703203194062983,1.6193277068654828,-0.6000000000000001,-0.16666666666666652,1.1,0.1333333333333333,0.32863458831459785,0.3336996336996337,0.2366543370825772,0.2441196505014485,0.5806683981310758,0.341025641025641,0.4154004417788395,0.3070128055144703,0.9093029864456735,0.6747252747252747,0.6520547788614165,0.5511324560159189,1.8400926353106213,-0.3683422515830952
2022020837,2023-02-11,2022-2023,DAL,TBL,1,3,4,-2,0,1.0,0.0,1.0,0,1,2.0,1.0,1.0,5.0,6.0,3.2,3.6,-0.3999999999999999,2.2,2.8,-0.5999999999999996,5.4,6.4,33.3,31.2,30.8,33.7,0.09889760425165614,0.12067189512754029,0.9252272354270324,0.9176934659543357,0.3,0.5,0.5,0.8,22.5,22.1,6.7,15.6,14.5,14.5,7.2,9.7,9.6,7.2,3.0,2.0,7.0,5.0,1.1352924243950944,1.2649110640673513,1.988857852023506,1.9888578520235063,-0.5333333333333337,-0.6000000000000001,-0.20000000000000018,0.8666666666666667,0.22012578616352205,0.17769607843137256,0.17961524232334444,0.1738153594771242,0.4465408805031446,0.2920751633986928,0.337711185102972,0.2891022149600581,0.6666666666666666,0.4697712418300654,0.5173264274263164,0.4629175744371823,1.7129115797262302,0.3748638344226579
2022020831,2023-02-11,2022-2023,ANA,PIT,3,6,9,-3,0,2.0,2.0,0.0,0,0,1.0,1.0,0.0,5.0,4.0,3.2,3.0,0.20000000000000018,3.3,3.1,0.19999999999999973,6.5,6.1,33.9,35.7,38.1,37.2,0.09619063021467023,0.08479392749583067,0.9140624915398966,0.9130383501679384,0.6,0.9,0.5,1.0,16.2,30.5,11.4,9.0,14.8,15.1,5.6,7.4,6.8,9.6,1.0,0.0,2.0,6.0,1.316561177208767,1.943650631615101,1.70293863659264,1.7919573407620815,-0.8666666666666667,-0.3333333333333335,-1.633333333333333,-0.43333333333333357,0.16584967320261437,0.3363120567375886,0.13137883358471594,0.2299633599970978,0.18815359477124183,0.5517730496453901,0.20349107591754648,0.4448294063231213,0.35400326797385623,0.8880851063829788,0.3348699095022624,0.6747927663202192,-1.4072712418300655,-0.07185177123578385
2022020847,2023-02-12,2022-2023,WSH,SJS,1,4,5,-3,0,0.0,1.0,-1.0,1,0,2.0,-1.0,3.0,5.0,3.0,2.4,2.9,-0.5,2.9,3.8,-0.8999999999999999,5.3,6.7,33.1,27.7,28.1,35.7,0.07489592249183039,0.10295129135570309,0.8936347200464848,0.8894843671672941,0.4,0.4,0.2,0.8,29.4,25.9,6.2,8.9,13.8,16.0,6.7,12.1,10.2,5.9,1.0,2.0,3.0,3.0,1.173787790777268,1.911950719959998,1.7288403306519922,1.3984117975602015,-0.06666666666666643,0.7666666666666666,0.10000000000000009,-0.7999999999999998,0.35445651483387336,0.18590711175616836,0.2529455063797997,0.19974006693762517,0.32439171590114985,0.2876100628930818,0.3031277817772356,0.4572334331102366,0.6788482307350231,0.47351717464925014,0.5560732881570353,0.6569735000478619,-0.4153991214567182,-1.2103610337128652
2022020840,2023-02-12,2022-2023,TOR,CBJ,3,4,7,-1,0,0.0,0.0,0.0,1,1,1.0,-4.0,5.0,6.0,2.0,3.4,2.2,1.1999999999999997,2.8,3.4,-0.6000000000000001,6.2,5.6,33.3,29.4,30.1,34.4,0.10687962536486281,0.07645923661643741,0.9028614016512078,0.9034308169921761,0.8,0.5,0.4,0.5,21.5,22.4,9.4,8.3,14.1,15.4,9.4,6.5,10.6,5.6,5.0,1.0,7.0,5.0,1.2649110640673515,1.4757295747452432,1.932183566158592,1.0749676997731379,-0.06666666666666643,-0.8666666666666669,-0.7999999999999998,-0.06666666666666643,0.1850273889227024,0.15627953745600803,0.14666722841929775,0.15845970157919329,0.36457699330493004,0.30984917043740573,0.3585690257027363,0.3048121825340518,0.5496043822276323,0.46612870789341376,0.505236254122034,0.46327188411324505,1.0424977471862462,-1.7475006738154923
2022020844,2023-02-12,2022-2023,WPG,CHI,4,1,5,3,1,11.0,0.0,11.0,0,1,1.0,1.0,0.0,5.0,5.0,2.5,3.5,-1.0,2.4,3.5,-1.1,4.9,7.0,32.1,26.4,29.1,33.7,0.0809549222707117,0.13859655502123738,0.9185176181986294,0.8941046638882684,0.7,0.3,0.4,0.3,22.0,25.1,7.2,8.4,11.7,14.0,6.2,11.7,8.3,8.5,2.0,3.0,4.0,5.0,1.840893502864544,1.4337208778404378,1.1737877907772671,2.3213980461973525,-0.5,-0.5,0.6000000000000001,0.833333333333333,0.14430530709600475,0.13327423167848698,0.20940999138673558,0.10421287341500107,0.39251639833035185,0.34995271867612293,0.2893145829192341,0.23149151085321304,0.5368217054263567,0.4832269503546099,0.49872457430596967,0.3357043842682141,0.4706320810971974,-1.443581560283688
2022020849,2023-02-12,2022-2023,VGK,ANA,7,2,9,5,1,1.0,0.0,1.0,0,1,2.0,-1.0,3.0,3.0,5.0,2.6,3.3,-0.6999999999999997,2.5,3.3,-0.7999999999999998,5.1,6.6,32.6,33.7,29.9,40.1,0.08529174081975002,0.09980744350890287,0.9151479074575049,0.9192776153990885,0.1,0.6,0.3,0.5,25.7,15.2,5.0,11.3,15.4,15.7,8.7,5.3,4.2,6.2,1.0,4.0,4.0,2.0,2.065591117977289,1.251665557034573,0.9718253158075503,1.70293863659264,1.0666666666666664,-0.6333333333333333,-1.1666666666666667,0.03333333333333366,0.1227261058797447,0.16101055806938158,0.15884732966943207,0.12803793505791286,0.3263497508780528,0.19630795461997508,0.3266968880176427,0.21190579153349987,0.44907585675779743,0.3573185126893567,0.4855442176870748,0.3399437265914127,0.29918262330661255,-1.4821612181188497
2022020842,2023-02-12,2022-2023,STL,ARI,6,5,11,1,1,11.0,0.0,11.0,0,1,-5.0,-1.0,-4.0,3.0,4.0,2.4,2.2,0.19999999999999973,3.3,2.6,0.6999999999999997,5.7,4.8,27.8,28.6,30.0,37.1,0.08673693436193435,0.08313786384118861,0.8835684809436932,0.9302378177378177,0.5,0.3,0.2,0.6,21.0,22.3,7.8,9.2,12.4,14.1,9.7,5.5,6.9,9.3,3.0,0.0,7.0,6.0,1.4298407059684817,1.6865480854231363,1.2516655570345714,1.4298407059684823,-1.0666666666666667,0.1333333333333333,0.3666666666666667,0.06666666666666643,0.1821496089330883,0.08644688644688646,0.17297220989336135,0.1034831240188383,0.29602318213081663,0.09247135842880523,0.26303436785289097,0.12925286044586956,0.47817279106390503,0.17891824487569166,0.43600657774625234,0.23273598446470786,-2.051553914820498,-1.0567407896055312
2022020846,2023-02-12,2022-2023,MTL,EDM,6,2,8,4,1,0.0,0.0,0.0,1,1,1.0,1.0,0.0,4.0,8.0,2.5,4.6,-2.0999999999999996,3.1,2.3,0.8000000000000003,5.6,6.9,27.4,35.5,34.5,30.0,0.09030018578896556,0.12974476919390904,0.9091553818232585,0.9222997181103411,0.4,0.9,1.1,0.3,23.2,21.4,10.3,9.6,19.7,14.1,5.3,8.3,14.5,8.8,3.0,5.0,7.0,4.0,1.3540064007726598,1.9550504398153592,1.6633299933166208,0.823272602348563,0.16666666666666652,-0.5999999999999996,0.8999999999999999,-0.2999999999999998,0.11850212890604568,0.3440862072937545,0.09339458297154135,0.2569487640242357,0.28534664030380064,0.5591897620199507,0.3486918386704188,0.45884016402884326,0.4038487692098463,0.9032759693137051,0.4420864216419602,0.715788928053079,-0.4134795190869243,0.8088672333955353
2022020843,2023-02-12,2022-2023,MIN,NJD,3,2,5,1,1,1.0,1.0,0.0,0,0,-3.0,3.0,-6.0,4.0,8.0,2.2,3.7,-1.5,3.0,2.6,0.3999999999999999,5.2,6.3,30.7,32.8,32.1,33.7,0.07773770503170921,0.11331039605249268,0.9044383058413267,0.9241573725029607,0.9,0.7,0.5,0.6,25.2,19.1,10.4,6.6,15.8,17.3,8.4,7.7,7.0,9.0,3.0,4.0,4.0,4.0,0.9189365834726829,1.251665557034573,1.3333333333333346,1.3498971154211061,-0.8666666666666669,-0.03333333333333366,0.6666666666666665,-0.2666666666666666,0.21982126183806858,0.19676642586859305,0.13836020966196141,0.18740282077743378,0.39622515672935843,0.34055727554179566,0.2769480709981502,0.35792569659442725,0.6160464185674269,0.5373237014103888,0.4153082806601116,0.545328517371861,0.06401076016750097,1.3419814241486068
2022020845,2023-02-12,2022-2023,LAK,PIT,6,0,6,6,1,10.0,0.0,10.0,0,1,-2.0,2.0,-4.0,5.0,5.0,3.1,3.5,-0.3999999999999999,3.6,3.0,0.6000000000000001,6.7,6.5,32.7,39.3,29.3,36.3,0.09707463082076082,0.09061559293429788,0.8731267123902947,0.9133609308131,0.9,1.0,0.5,1.0,22.1,27.7,10.3,8.7,16.8,14.2,4.8,7.5,5.9,10.3,2.0,1.0,4.0,5.0,1.6633299933166192,2.0138409955990957,1.264911064067351,1.7638342073763935,0.2333333333333334,0.5,0.733333333333333,0.0,0.1272671074557867,0.33660130718954245,0.2334448744826103,0.20783889313301077,0.39915605009944627,0.5604575163398693,0.42284846530129544,0.46215728715728716,0.5264231575552331,0.8970588235294118,0.6562933397839058,0.669996180290298,-0.15446702144815355,-0.3120639164756812
2022020841,2023-02-12,2022-2023,CAR,NYR,2,6,8,-4,0,9.0,0.0,9.0,0,1,7.0,4.0,3.0,9.0,7.0,4.3,3.4,0.8999999999999999,2.1,2.3,-0.19999999999999973,6.4,5.7,32.4,31.2,27.8,29.8,0.13490939945774086,0.11683280498700406,0.9199193896715236,0.9223655576431538,0.7,0.5,0.3,0.5,15.7,23.9,9.0,7.0,10.9,14.6,9.1,10.3,10.5,11.6,5.0,1.0,6.0,8.0,1.251665557034572,1.897366596101028,0.9944289260117524,1.0593499054713802,0.36666666666666714,1.6,-0.10000000000000009,1.0333333333333337,0.1920261437908497,0.333028083028083,0.14287626161575745,0.29151404151404153,0.32313725490196077,0.39865689865689863,0.24467520341469925,0.3756105006105006,0.5151633986928105,0.7316849816849818,0.38755146503045657,0.6671245421245421,0.6244657863145258,0.07940868655154372
2022020848,2023-02-12,2022-2023,PHI,SEA,3,4,7,-1,0,0.0,0.0,0.0,1,1,-1.0,-3.0,2.0,4.0,3.0,2.3,2.3,0.0,2.2,2.8,-0.5999999999999996,4.5,5.1,31.3,31.2,30.6,28.2,0.0723854075560357,0.07127608991504367,0.9237657934042653,0.906971181143595,0.3,0.4,0.4,0.4,25.7,21.6,10.5,6.1,18.3,14.0,6.4,10.1,7.7,6.6,2.0,0.0,7.0,6.0,1.4181364924121753,1.766981104093141,1.3165611772087649,1.6193277068654823,-1.2999999999999998,-0.9666666666666666,-0.5333333333333334,0.8666666666666667,0.20386813006124882,0.1795007318263132,0.15883018518081213,0.14390236859457106,0.34699442320603985,0.42420176722502295,0.28119572363194495,0.3801878619936075,0.5508625532672887,0.6037024990513363,0.44002590881275716,0.5240902305881786,-0.2633608747482222,0.8544813068068882
2022020854,2023-02-14,2022-2023,LAK,BUF,5,2,7,3,1,1.0,2.0,-1.0,0,0,1.0,-3.0,4.0,5.0,5.0,3.1,2.9,0.20000000000000018,3.3,3.2,0.09999999999999964,6.4,6.1,32.0,32.2,28.7,31.0,0.10063999584622771,0.0895334310061301,0.8828041317451335,0.8976988537472408,0.7,0.3,0.5,0.5,21.4,10.5,9.4,6.3,16.8,12.0,4.8,8.5,5.5,6.7,2.0,3.0,4.0,5.0,1.6633299933166192,1.595131481867385,1.702938636592639,1.549193338482966,0.8999999999999999,-1.2333333333333332,0.03333333333333366,1.1333333333333329,0.1248797334386615,0.22593279736136881,0.24145221239834305,0.27938168274302727,0.42992130768997056,0.347634508348794,0.4402692958202939,0.3364617991718832,0.554801041128632,0.5735673057101629,0.681721508218637,0.6158434819149106,-0.017926047458451055,0.2758110237101834
2022020852,2023-02-14,2022-2023,MIN,FLA,1,2,3,-1,0,1.0,2.0,-1.0,0,0,1.0,-1.0,2.0,4.0,5.0,2.2,4.4,-2.2,3.1,3.4,-0.2999999999999998,5.3,7.8,30.4,38.1,32.2,35.6,0.07866363095763514,0.12320705248336823,0.9011131826886174,0.9063160273937585,0.9,0.9,0.5,0.9,25.9,21.4,12.3,14.0,15.4,15.5,8.9,7.4,6.4,7.6,3.0,1.0,4.0,6.0,0.9189365834726829,1.5776212754932297,1.197218999737866,1.8973665961010275,-0.8666666666666669,0.2666666666666666,0.2333333333333334,-1.4,0.08870005963029219,0.08888888888888889,0.12220356516868143,0.20370802037468702,0.22687970943784896,0.15488215488215487,0.27439945067852045,0.3027497194163861,0.31557976906814117,0.24377104377104378,0.39660301584720187,0.5064577397910731,0.029445302759256248,0.13813778813778813
2022020851,2023-02-14,2022-2023,NSH,ARI,2,4,6,-2,0,2.0,1.0,1.0,0,0,1.0,-2.0,3.0,6.0,4.0,2.8,2.6,0.19999999999999973,2.9,3.0,-0.10000000000000009,5.7,5.6,31.8,29.3,33.9,38.4,0.08744333779316213,0.0962331019364267,0.9131342828908753,0.9223549348549348,0.3,0.5,0.5,0.5,31.3,22.1,9.8,9.8,14.0,14.5,7.4,6.5,9.7,9.0,5.0,0.0,7.0,6.0,1.5491933384829664,1.8378731669453632,1.7288403306519917,1.7638342073763946,0.20000000000000018,1.0666666666666664,0.10000000000000009,1.0,0.1965954753994621,0.09102026554856744,0.17163107103306438,0.10458213893523867,0.45425407372251225,0.09067085953878407,0.39046037019458946,0.12672934582638087,0.6508495491219743,0.1816911250873515,0.5620914412276539,0.23131148476161953,-0.11604176554342671,-1.2472983784708853
2022020850,2023-02-14,2022-2023,OTT,CGY,4,3,7,1,1,2.0,2.0,0.0,0,0,-1.0,1.0,-2.0,5.0,5.0,2.9,3.6,-0.7000000000000002,3.5,3.1,0.3999999999999999,6.4,6.7,33.9,38.1,31.5,27.2,0.08598399160238594,0.09367813910726064,0.885639287612972,0.8899179819944878,1.0,0.6,1.0,0.6,24.1,20.1,15.3,12.5,14.6,13.6,6.7,7.5,8.7,7.6,3.0,3.0,5.0,4.0,2.1832697191750423,2.4129281427805136,2.223610677354388,1.1972189997378648,1.4333333333333331,0.3999999999999999,-0.16666666666666652,-0.10000000000000009,0.2095419291788826,0.139874213836478,0.14274948933267192,0.15608600263273367,0.2888743337561253,0.24867924528301888,0.19629290917498143,0.2414962702939886,0.4984162629350079,0.38855345911949685,0.33904239850765333,0.3975822729267222,-0.47344111557666546,-0.011505046072838948
2022020853,2023-02-14,2022-2023,VAN,DET,1,6,7,-5,0,2.0,2.0,0.0,0,0,-1.0,2.0,-3.0,3.0,5.0,3.1,2.6,0.5,4.0,2.7,1.2999999999999998,7.1,5.3,32.2,29.9,26.5,28.8,0.09445832683205904,0.08918057801541082,0.8487101843389876,0.9003685710473788,0.7,0.6,1.2,0.4,23.5,21.8,7.9,6.5,11.2,17.5,5.4,4.6,6.1,5.8,2.0,2.0,5.0,5.0,1.7919573407620824,1.4298407059684801,1.3333333333333337,1.418136492412175,0.5666666666666664,0.3999999999999999,0.666666666666667,-0.3666666666666667,0.03871794871794872,0.14601585314977056,0.11704801926170948,0.16379224030037548,0.28435897435897434,0.2746488666388541,0.2776043811388261,0.32023759858553347,0.3230769230769231,0.4206647197886247,0.3946524004005356,0.484029838885909,-0.9711992439328989,-0.5076667262649741
2022020860,2023-02-15,2022-2023,WPG,SEA,3,2,5,1,1,2.0,2.0,0.0,0,0,2.0,1.0,1.0,5.0,4.0,2.5,2.6,-0.10000000000000009,2.4,2.9,-0.5,4.9,5.5,30.9,31.0,30.0,27.1,0.085240636556426,0.08597588287570619,0.9197404442855859,0.8972010662010662,0.7,0.4,0.4,0.5,20.1,22.9,7.8,6.1,12.7,14.1,6.3,9.7,8.9,6.3,3.0,1.0,5.0,5.0,1.840893502864544,1.7763883459298957,1.1737877907772671,1.5951314818673865,0.16666666666666652,0.06666666666666643,-0.06666666666666643,0.43333333333333357,0.1268426678598951,0.19712851788323485,0.20500223730330372,0.15163424064162376,0.38646928679742465,0.42161552633250743,0.32288015511969576,0.3756286546073256,0.5133119546573197,0.6187440442157425,0.5278823924229995,0.5272628952489494,0.6536281601909165,0.9811634997032863
2022020859,2023-02-15,2022-2023,STL,FLA,6,2,8,4,1,2.0,0.0,2.0,0,1,1.0,1.0,0.0,3.0,6.0,2.6,4.1,-1.4999999999999996,3.5,3.0,0.5,6.1,7.1,28.8,39.6,29.7,34.7,0.08813833576333574,0.10509559737500909,0.875388757441389,0.9162581123358434,0.4,0.8,0.4,0.7,21.0,20.0,8.2,13.4,12.6,15.5,10.2,7.2,6.2,7.3,3.0,2.0,7.0,6.0,1.7763883459298975,1.9119507199599974,1.3540064007726593,1.9436506316150999,0.7333333333333334,-1.4333333333333331,0.16666666666666652,-1.0,0.18676900584795322,0.08695652173913043,0.1771798367193104,0.19960557171385718,0.30957602339181284,0.15165631469979296,0.2718435287514234,0.2996512943805807,0.49634502923976614,0.2386128364389234,0.4490233654707339,0.49925686609443787,-1.9130817558449138,0.11369146758810414
2022020863,2023-02-15,2022-2023,SJS,PIT,1,3,4,-2,0,2.0,2.0,0.0,0,0,1.0,-1.0,2.0,4.0,5.0,3.2,3.4,-0.19999999999999973,3.2,3.4,-0.19999999999999973,6.4,6.8,28.4,38.3,33.7,35.8,0.11122634963076136,0.08775845007715502,0.9017956331370967,0.8995616476589781,0.5,0.9,0.6,1.2,25.1,26.4,8.7,11.5,16.7,14.4,12.4,7.1,5.9,9.1,1.0,1.0,2.0,5.0,1.8135294011647258,2.1705094128132942,1.1352924243950941,1.9550504398153572,-0.20000000000000018,-0.7333333333333334,-1.2000000000000002,-0.06666666666666643,0.1823967882051493,0.33006279434850866,0.2020772495466475,0.20343008998471182,0.2949055233553939,0.5495813710099425,0.46324821153111784,0.45186878170071454,0.4773023115605432,0.8796441653584511,0.6653254610777654,0.6552988716854263,-1.0874849957511734,-0.41820061357876487
2022020858,2023-02-15,2022-2023,NYI,OTT,2,3,5,-1,0,3.0,0.0,3.0,0,1,-2.0,1.0,-3.0,4.0,6.0,2.5,3.3,-0.7999999999999998,2.6,3.1,-0.5,5.1,6.4,31.0,33.5,33.9,31.9,0.08333577431551786,0.10198399160238594,0.9226793110984705,0.8987433007169849,0.4,1.0,0.4,1.0,26.4,26.2,6.3,15.2,16.4,16.1,6.6,6.8,10.9,10.1,3.0,2.0,5.0,6.0,1.1785113019775773,1.946506842754191,2.1186998109427604,1.8529256146249717,1.5,0.7000000000000002,0.7333333333333334,1.233333333333333,0.15815850815850815,0.18105703819989535,0.19372509674233815,0.14793771746659287,0.18630536130536127,0.23155416012558871,0.21699765751489888,0.2685279934520056,0.3444638694638695,0.41261119832548404,0.410722754257237,0.41646571091859846,0.22804867546246857,-0.5394437544893471
2022020855,2023-02-15,2022-2023,WSH,CAR,2,3,5,-1,0,2.0,2.0,0.0,0,0,-1.0,-1.0,0.0,5.0,8.0,2.4,3.9,-1.5,2.9,2.4,0.5,5.3,6.3,31.2,31.2,28.8,27.3,0.07715782725373513,0.12717180484041535,0.8962597200464849,0.9008372640676591,0.4,0.7,0.2,0.4,28.6,17.4,6.0,8.4,15.0,10.9,6.8,9.1,10.2,12.0,1.0,3.0,3.0,7.0,1.173787790777268,1.286683937707918,1.7288403306519922,1.3498971154211055,-0.06666666666666643,0.10000000000000009,-0.5666666666666664,0.9333333333333336,0.18967080287835003,0.1882855706385118,0.15008015668393024,0.14001066533273754,0.2307779477590798,0.31686777275012573,0.28555214404271007,0.24364453686377197,0.42044875063742987,0.5051533433886375,0.43563230072664033,0.38365520219650945,-0.42665455401304453,0.6349361681360729
2022020861,2023-02-15,2022-2023,DAL,BOS,2,3,5,-1,0,3.0,3.0,0.0,0,0,-1.0,-1.0,0.0,5.0,6.0,2.8,3.3,-0.5,1.8,1.8,0.0,4.6,5.1,32.9,29.2,30.2,29.2,0.08719436496220995,0.11788336759026412,0.9352272354270326,0.9415743312210705,0.3,0.4,0.3,0.5,21.0,20.4,6.3,11.7,14.4,16.3,7.6,5.9,9.9,9.5,3.0,4.0,7.0,3.0,1.1352924243950944,1.6363916944844765,1.4757295747452432,1.3165611772087673,-0.46666666666666634,-0.9666666666666663,-0.1333333333333333,0.5333333333333334,0.22222222222222224,0.32170311957546,0.17936847103513773,0.234906890422008,0.4382716049382716,0.568243812924664,0.33143399810066476,0.4065915420898624,0.6604938271604938,0.8899469325001239,0.5108024691358025,0.6414984325118703,1.5883190883190883,1.8406095584147095
2022020862,2023-02-15,2022-2023,COL,TBL,3,4,7,-1,0,3.0,3.0,0.0,0,0,1.0,2.0,-1.0,7.0,6.0,3.1,3.5,-0.3999999999999999,2.4,2.8,-0.3999999999999999,5.5,6.3,33.6,31.2,33.3,34.3,0.09669318425158244,0.11744608867592739,0.9269169373519601,0.9185930161792231,0.7,0.5,0.4,0.8,17.3,21.8,7.9,16.0,14.3,14.7,7.2,9.4,4.1,7.9,3.0,2.0,4.0,5.0,1.9119507199599972,1.2692955176439842,1.3498971154211057,1.9888578520235063,-1.1,0.16666666666666652,0.9333333333333336,-1.133333333333333,0.1581254724111867,0.17425431711145997,0.16382580810101818,0.17046049188906331,0.11771730914588058,0.2991889063317635,0.21894852385398603,0.2897043432757718,0.27584278155706726,0.47344322344322337,0.38277433195500427,0.46016483516483525,-0.2658891334311503,0.423861852433281
2022020857,2023-02-15,2022-2023,CBJ,NJD,2,3,5,-1,0,2.0,2.0,0.0,0,0,1.0,-1.0,2.0,3.0,7.0,2.5,3.3,-0.7999999999999998,3.4,2.6,0.7999999999999998,5.9,5.9,30.9,31.8,34.0,32.8,0.08245923661643742,0.10482233239201524,0.9021768984968783,0.9218846452302334,0.5,0.6,0.5,0.6,24.3,18.9,7.7,6.4,15.1,18.2,6.4,7.7,5.9,8.6,1.0,3.0,4.0,4.0,1.5092308563562358,1.0593499054713804,1.0749676997731379,1.3498971154211061,-0.16666666666666652,0.03333333333333366,-0.06666666666666643,-0.2666666666666666,0.1598200479998482,0.2025641025641026,0.21417067562899675,0.18857466063348416,0.31025119288160347,0.34743589743589737,0.3612743015368753,0.3642031171442936,0.47007124088145175,0.5499999999999999,0.5754449771658721,0.5527777777777778,-1.704696818456968,1.3969079939668174
2022020856,2023-02-15,2022-2023,MTL,CHI,4,0,4,4,1,2.0,2.0,0.0,0,0,2.0,-1.0,3.0,5.0,5.0,3.0,3.1,-0.10000000000000009,3.1,3.0,0.10000000000000009,6.1,6.1,28.1,26.9,33.8,33.4,0.10595235970200904,0.12320303650271887,0.9079669268147695,0.9096602194438239,0.6,0.1,1.2,0.4,22.3,24.9,12.0,9.1,19.6,14.8,5.1,10.6,14.8,8.3,4.0,3.0,8.0,4.0,1.632993161855452,1.5238839267549946,1.6633299933166208,1.6996731711975936,1.666666666666667,-0.7666666666666666,0.2333333333333334,0.0,0.10722610722610722,0.1425,0.09674075924075924,0.10781778950896596,0.2379176379176379,0.34003267973856205,0.28944943944943946,0.22497695659460362,0.34514374514374513,0.4825326797385621,0.3861901986901987,0.3327947461035696,-0.26405261405261404,-1.5909162895927602
2022020868,2023-02-16,2022-2023,ANA,BUF,3,7,10,-4,0,3.0,1.0,2.0,0,0,-2.0,-4.0,2.0,5.0,5.0,3.2,3.0,0.20000000000000018,3.6,3.4,0.20000000000000018,6.8,6.4,33.3,32.2,39.5,30.5,0.09746261592269598,0.09298170686819908,0.9102177863392592,0.8889326199810071,0.4,0.4,0.5,0.7,14.3,10.9,10.9,6.1,14.9,11.6,4.9,8.1,6.1,6.0,1.0,3.0,2.0,4.0,1.316561177208767,1.4907119849998582,2.0655911179772892,1.6465452046971285,-0.5333333333333337,-1.3333333333333333,1.4,1.9333333333333331,0.15653389238294899,0.22123960695389266,0.12491264849755414,0.261260829117972,0.2101937344811692,0.34037792894935753,0.21673208736637076,0.31354560783132207,0.36672762686411825,0.5616175359032501,0.34164473586392496,0.5748064369492941,-1.5712565234845444,0.1261955504812648
2022020865,2023-02-16,2022-2023,ARI,TBL,1,0,1,1,1,1.0,0.0,1.0,0,1,1.0,3.0,-2.0,4.0,6.0,2.7,3.3,-0.5999999999999996,2.9,2.9,0.0,5.6,6.2,28.9,32.2,37.5,35.0,0.1042422552545045,0.10601751724735593,0.923403321951709,0.9171994821769933,0.6,0.5,0.5,0.6,21.9,23.8,10.0,16.1,14.0,13.7,6.5,9.6,8.4,8.4,3.0,2.0,5.0,5.0,1.8885620632287061,1.1595018087284048,1.7919573407620826,1.9692073983655907,1.2999999999999998,0.3666666666666667,1.1,-1.5666666666666667,0.08925592258925592,0.17094339622641508,0.0788936062499281,0.1672327044025157,0.08893927941546988,0.299748427672956,0.11116184915856508,0.2902992843201041,0.17819520200472583,0.4706918238993711,0.19005545540849322,0.45753198872261985,-0.981057088052162,0.4635003253090436
2022020867,2023-02-16,2022-2023,EDM,DET,4,5,9,-1,0,3.0,1.0,2.0,0,0,-1.0,3.0,-4.0,7.0,6.0,4.1,2.9,1.1999999999999997,2.8,2.2,0.5999999999999996,6.9,5.1,34.5,29.3,30.4,29.1,0.11912321136542754,0.10492270695094305,0.906145871956495,0.9192574599362675,0.8,0.7,0.5,0.2,21.2,21.1,10.3,6.7,14.2,16.4,7.3,4.6,9.4,6.7,3.0,3.0,4.0,5.0,1.9119507199599992,1.791957340762081,1.3165611772087658,0.9189365834726781,-1.0999999999999996,1.4333333333333331,0.5333333333333337,-0.8666666666666669,0.3493848336615632,0.14316239316239315,0.25802575016411494,0.16049025453950214,0.5507697520276137,0.2692307692307692,0.4513108019397328,0.3208752791516129,0.9001545856891768,0.4123931623931624,0.7093365521038478,0.48136553369111507,0.6348707197763801,-0.3764885650145568
2022020866,2023-02-16,2022-2023,MIN,COL,2,3,5,-1,0,1.0,0.0,1.0,0,1,-1.0,-1.0,0.0,3.0,6.0,1.9,2.8,-0.8999999999999999,3.0,2.4,0.6000000000000001,4.9,5.2,31.0,35.5,32.0,33.9,0.06405324134724552,0.080992701159795,0.9037275617735847,0.9286903363667385,0.9,0.5,0.5,0.4,23.6,18.4,13.3,8.6,16.1,15.2,9.0,6.6,6.5,4.0,3.0,4.0,5.0,4.0,0.7378647873726236,1.6193277068654817,1.3333333333333346,1.3498971154211057,-0.5666666666666667,-0.1333333333333333,-0.3333333333333335,1.2666666666666666,0.07247678945792153,0.15043884220354808,0.1125400264927774,0.12512784601019894,0.17053009883198564,0.14257703081232492,0.24624499695056223,0.18116385512021185,0.24300688828990716,0.293015873015873,0.3587850234433396,0.30629170113041077,0.023001905164581532,-0.2976016014346185
2022020864,2023-02-16,2022-2023,TOR,CHI,5,2,7,3,1,3.0,0.0,3.0,0,1,-1.0,-2.0,1.0,6.0,4.0,3.4,2.7,0.6999999999999997,2.8,3.1,-0.30000000000000027,6.2,5.8,34.1,26.5,30.7,33.2,0.10293873866535541,0.1078184211181035,0.9046261075335605,0.9058479027282814,0.8,0.1,0.4,0.5,20.1,24.0,8.3,10.1,14.4,15.5,9.4,10.1,11.6,8.8,5.0,3.0,8.0,3.0,1.2649110640673515,1.766981104093143,1.932183566158592,1.728840330651991,-0.7333333333333334,-1.0333333333333334,0.20000000000000018,0.2333333333333334,0.18132716049382716,0.1381475667189953,0.1633687185548888,0.09914852228516825,0.3568672839506173,0.3307169021454736,0.37883876613929807,0.24795520214774877,0.5381944444444445,0.4688644688644689,0.5422074846941869,0.347103724432917,0.8165878644602048,-1.3697358542079037
2022020869,2023-02-16,2022-2023,VAN,NYR,4,6,10,-2,0,1.0,3.0,-2.0,0,0,-2.0,5.0,-7.0,3.0,7.0,3.0,3.8,-0.7999999999999998,4.2,2.4,1.8000000000000003,7.2,6.2,31.3,30.0,26.4,30.2,0.09266345503718726,0.14196013945219932,0.8392898944839151,0.9194690059190158,0.5,0.6,1.3,0.4,23.5,24.8,7.9,7.2,11.8,14.4,5.0,10.3,6.5,11.8,2.0,2.0,5.0,7.0,1.8856180831641274,1.9888578520235067,1.4757295747452446,0.9660917830792958,0.0,1.5333333333333332,1.1333333333333329,0.2666666666666666,0.03798248859292144,0.3260062893081761,0.1099003352055516,0.28878930817610066,0.27894931557528674,0.40927672955974836,0.2674207857337713,0.38073899371069175,0.31693180416820815,0.7352830188679245,0.37732112093932296,0.6695283018867925,-1.2439601340822208,0.15575471698113208
2022020870,2023-02-17,2022-2023,WSH,FLA,3,6,9,-3,0,1.0,1.0,0.0,0,0,-2.0,-1.0,-1.0,4.0,5.0,2.2,3.7,-1.5,2.9,3.3,-0.3999999999999999,5.1,7.0,31.3,39.2,28.8,34.9,0.07128481138071927,0.09565115293056466,0.8962597200464849,0.9057395938173249,0.4,0.4,0.3,0.8,26.5,19.9,5.8,10.1,15.2,14.4,7.2,7.5,9.7,6.9,1.0,1.0,4.0,6.0,1.0327955589886457,1.8885620632287052,1.7288403306519922,2.0027758514399734,-0.5333333333333334,-1.7000000000000002,-0.5666666666666664,0.03333333333333366,0.1909831558954366,0.0851063829787234,0.14965824461438498,0.1986426401512741,0.21952316689158793,0.14856289660321015,0.2805949167791273,0.2965803517599288,0.41050632278702454,0.2336692795819335,0.4302531613935123,0.49522299191120295,-0.3329964869438553,0.03733077425808329
2022020877,2023-02-17,2022-2023,VGK,SJS,2,1,3,1,1,4.0,1.0,3.0,0,0,3.0,-1.0,4.0,4.0,4.0,3.0,3.0,0.0,2.3,3.1,-0.8000000000000003,5.3,6.1,33.5,29.1,28.7,32.3,0.09324045876846797,0.10441545219486392,0.9179587182683158,0.901705298900421,0.1,0.4,0.3,0.6,24.1,24.0,5.4,8.9,15.4,15.7,7.7,11.3,4.5,6.6,2.0,3.0,4.0,2.0,2.494438257849294,1.9436506316151,0.8232726023485645,1.1972189997378657,2.666666666666667,-1.0,-0.9666666666666666,-1.4333333333333333,0.12641975308641976,0.1790166623499957,0.15888888888888889,0.1943682511292574,0.33234567901234563,0.28945437278770614,0.33901234567901234,0.47491586563913607,0.45876543209876547,0.4684710351377018,0.49790123456790125,0.6692841167683935,0.5022222222222222,-1.0775788851260548
2022020874,2023-02-17,2022-2023,STL,NJD,4,2,6,2,1,1.0,1.0,0.0,0,0,2.0,1.0,1.0,4.0,7.0,3.1,3.1,0.0,3.4,2.6,0.7999999999999998,6.5,5.7,29.0,32.2,29.4,32.4,0.1057207533457533,0.09634018953487238,0.8775255095781411,0.9212294445750328,0.5,0.5,0.4,0.5,20.0,17.0,8.4,6.2,13.4,18.0,10.1,8.4,6.0,8.2,4.0,3.0,7.0,4.0,1.9692073983655907,0.8755950357709134,1.4298407059684803,1.3498971154211061,1.5666666666666669,-0.43333333333333357,-0.06666666666666643,-0.9333333333333333,0.21050916738248274,0.1958670260557053,0.15541696056662715,0.18356486281014583,0.30323943801032754,0.35968852949985025,0.3174051668164309,0.36670928652060725,0.5137486053928103,0.5555555555555555,0.4728221273830581,0.5502741493307531,-2.3119102540297036,1.476017692998825
2022020876,2023-02-17,2022-2023,SEA,PHI,6,2,8,4,1,1.0,4.0,-3.0,0,0,-1.0,-2.0,1.0,4.0,3.0,2.6,2.1,0.5,2.6,2.4,0.20000000000000018,5.2,4.5,30.8,29.2,27.8,30.0,0.08642082169661831,0.07623156140218955,0.9043222783222783,0.9121255817640538,0.4,0.3,0.5,0.3,20.4,26.8,6.1,9.6,14.0,19.7,8.9,5.5,5.9,7.8,3.0,2.0,5.0,7.0,1.7763883459298957,1.1005049346146096,1.4298407059684808,1.4298407059684797,0.3999999999999999,-0.43333333333333335,0.7333333333333334,-0.06666666666666643,0.19302200751476115,0.20883437550104214,0.14854152350501526,0.16019270308485994,0.41298980139559854,0.3392977392977394,0.3717205773312104,0.285426270352741,0.6060118089103596,0.5481321147987814,0.5202621008362256,0.4456189734376008,0.903774489935103,-0.35132073808544395
2022020871,2023-02-17,2022-2023,CAR,MTL,6,2,8,4,1,1.0,1.0,0.0,0,0,1.0,3.0,-2.0,8.0,5.0,4.0,3.2,0.7999999999999998,2.5,3.0,-0.5,6.5,6.2,30.6,28.1,27.4,32.1,0.13161624928485982,0.11240397260523487,0.8981388513692463,0.9105310293788721,0.8,0.6,0.3,1.2,16.9,22.2,7.8,14.2,10.8,18.6,9.5,4.9,12.1,15.0,4.0,0.0,6.0,9.0,1.1547005383792508,1.6193277068654826,1.2692955176439844,1.8257418583505547,-0.6666666666666665,1.4666666666666668,0.16666666666666652,-1.3333333333333333,0.1973875181422351,0.10462962962962963,0.14360785623803074,0.10088607258621606,0.31724721819061447,0.2393070489844683,0.2458364761892757,0.30201244366966123,0.5146347363328495,0.343936678614098,0.3894443324273064,0.4028985162558773,0.7014833270884466,-0.045872093920180185
2022020875,2023-02-17,2022-2023,CGY,DET,2,5,7,-3,0,2.0,0.0,2.0,0,1,-1.0,4.0,-5.0,4.0,7.0,3.3,3.0,0.2999999999999998,3.0,2.3,0.7000000000000002,6.3,5.3,38.2,27.6,26.4,31.3,0.08511958054870208,0.11481401129876914,0.8860391941157,0.9234120493082483,0.5,0.8,0.6,0.3,20.2,21.2,13.1,6.9,13.5,16.2,7.0,4.4,7.2,7.2,2.0,4.0,4.0,5.0,2.2632326929023936,1.8257418583505531,1.05409255338946,1.0593499054713775,0.3666666666666667,2.0,-0.3333333333333335,0.03333333333333366,0.1372549019607843,0.14722115261198818,0.15308311876939326,0.16072079313319207,0.24400871459694992,0.27660120652034403,0.24055093417838516,0.3239726356303176,0.38126361655773416,0.4238223591323322,0.3936340529477784,0.4846934287635096,-0.034214695979401875,-0.38799744729663865
2022020872,2023-02-17,2022-2023,CBJ,WPG,3,1,4,2,1,1.0,1.0,0.0,0,0,-1.0,3.0,-4.0,3.0,5.0,2.6,2.5,0.10000000000000009,3.5,2.5,1.0,6.1,5.0,30.2,32.5,34.4,30.8,0.08601984267704348,0.08190730322309267,0.8999447556397355,0.9176057973233528,0.6,0.6,0.5,0.5,23.8,20.0,7.5,8.0,16.1,13.4,6.2,6.5,5.7,8.6,1.0,2.0,5.0,5.0,1.4298407059684808,1.840893502864544,0.9718253158075478,1.0801234497346435,-0.6000000000000001,0.8333333333333335,-0.5,-0.8333333333333333,0.1629844648712573,0.17929945449325294,0.21253272257324604,0.21711229619855713,0.3044670214481535,0.3255239735859891,0.3618515260876462,0.31734564846885477,0.4674514863194108,0.504823428079242,0.5743842486608921,0.5344579446674119,-1.7746141330337186,0.34764784576758845
2022020873,2023-02-17,2022-2023,NSH,BOS,0,5,5,-5,0,2.0,1.0,1.0,0,0,-1.0,1.0,-2.0,6.0,6.0,2.7,3.0,-0.2999999999999998,2.8,2.0,0.7999999999999998,5.5,5.0,30.7,30.0,32.2,29.4,0.08675209355353079,0.10530182052595842,0.9078961876527799,0.9351227183178447,0.4,0.3,0.4,0.5,31.8,21.3,8.7,9.7,13.1,16.9,7.8,6.0,10.0,8.9,5.0,5.0,8.0,2.0,1.5670212364724205,1.3333333333333328,1.6865480854231354,1.1547005383792524,-1.0333333333333334,0.0,-0.1333333333333333,0.0,0.19920974450386217,0.3150593990216632,0.1715002970885324,0.23009864000430036,0.45170528817587635,0.5632861635220126,0.3892513368983957,0.4016237300435414,0.6509150326797385,0.8783455625436757,0.5607516339869281,0.6317223700478417,-0.19434937611408193,1.7832264957264958
2022020879,2023-02-18,2022-2023,NYI,PIT,5,4,9,1,1,2.0,2.0,0.0,0,0,-4.0,-1.0,-3.0,4.0,5.0,2.5,3.1,-0.6000000000000001,2.7,3.1,-0.3999999999999999,5.2,6.2,32.9,37.8,33.0,37.0,0.08050137752950817,0.0749828282268303,0.9172414026017384,0.9103185631572728,0.5,0.8,0.6,0.7,27.2,24.7,5.9,9.9,14.4,14.5,6.1,7.3,9.9,9.2,3.0,2.0,5.0,5.0,1.1785113019775775,2.1832697191750428,2.3593784492248515,2.0248456731316584,-0.16666666666666652,-1.4333333333333333,1.2999999999999998,0.5666666666666664,0.15390990488583203,0.33390635918937805,0.19184451227129676,0.20392059814105493,0.1881409362704093,0.5539110179361751,0.21559107304012545,0.4559724958798114,0.3420508411562413,0.8878173771255532,0.4074355853114222,0.6598930940208664,0.18320183552254826,-0.30545315069644763
2022020883,2023-02-18,2022-2023,STL,COL,1,4,5,-3,0,0.0,1.0,-1.0,1,0,3.0,1.0,2.0,5.0,6.0,3.3,2.7,0.5999999999999996,3.2,2.5,0.7000000000000002,6.5,5.2,30.0,34.4,30.0,34.7,0.10914932477432474,0.0834488415106722,0.885303287355919,0.9268963164331836,0.6,0.4,0.3,0.4,19.7,19.4,8.4,9.1,13.5,16.1,9.9,5.6,6.1,3.6,5.0,4.0,7.0,4.0,1.9465068427541912,1.5670212364724203,1.4757295747452428,1.2692955176439846,2.033333333333333,0.9666666666666663,-0.20000000000000018,0.16666666666666652,0.12285145360414175,0.12292609351432882,0.10603511351672074,0.21767149239957231,0.25333333333333335,0.11921820010055305,0.25350977157994703,0.3700613312572247,0.3761847869374751,0.24214429361488188,0.35954488509666777,0.587732823656797,-0.8647146401985112,0.1055535821004745
2022020886,2023-02-18,2022-2023,PIT,NJD,2,5,7,-3,0,-1.0,0.0,-1.0,0,1,1.0,-1.0,2.0,5.0,6.0,3.3,3.0,0.2999999999999998,3.2,2.7,0.5,6.5,5.7,36.6,31.7,36.8,32.7,0.08958384690255186,0.09457867191969624,0.9073423726810825,0.9191758731464613,0.9,0.5,1.0,0.5,25.2,16.1,11.1,6.6,14.4,18.3,6.8,8.7,8.7,8.0,3.0,2.0,4.0,4.0,2.1628170930011117,0.9428090415820634,2.097617696340303,1.4181364924121769,-0.2999999999999998,-0.6666666666666665,0.1333333333333333,-0.03333333333333366,0.32610542469957937,0.10493827160493825,0.19971437401145134,0.15679859390551212,0.5578164179718009,0.26240866717057193,0.45841082480927103,0.3500330822882485,0.8839218426713802,0.36734693877551017,0.6581251988207223,0.5068316761937606,-0.3549051271026854,1.4102823900667567
2022020884,2023-02-18,2022-2023,NSH,FLA,7,3,10,4,1,0.0,0.0,0.0,1,1,-2.0,1.0,-3.0,6.0,5.0,2.4,3.8,-1.4,2.8,3.3,-0.5,5.2,7.1,29.4,40.1,31.9,34.9,0.07943502038279909,0.0937993010787128,0.9063810361376283,0.9057395938173249,0.3,0.3,0.4,0.8,31.8,18.7,9.7,9.2,13.6,15.3,8.2,8.1,10.2,7.2,5.0,2.0,8.0,5.0,1.7763883459298966,1.9888578520235056,1.6865480854231354,2.0027758514399734,-1.0666666666666667,-0.7999999999999998,0.20000000000000018,-0.2999999999999998,0.19531590413943353,0.08908045977011496,0.1681707725825373,0.17226484445177728,0.44272666331489857,0.14559386973180077,0.38161974191385956,0.19343755155914866,0.6380425674543321,0.2346743295019157,0.5497905144963968,0.36570239601092597,-0.3653343388637506,0.020351427157234786
2022020878,2023-02-18,2022-2023,OTT,CHI,3,4,7,-1,0,2.0,1.0,1.0,0,0,2.0,-3.0,5.0,7.0,3.0,3.4,2.5,0.8999999999999999,3.1,3.5,-0.3999999999999999,6.5,6.0,33.6,26.5,34.7,33.6,0.10483604151325938,0.10092186939396557,0.9045766340503182,0.8965747197708878,1.1,0.1,1.1,0.5,26.2,25.8,15.3,10.3,16.3,14.3,6.3,10.7,11.0,8.4,4.0,2.0,6.0,3.0,1.8378731669453625,1.7159383568311668,1.8529256146249717,1.6499158227686102,-0.3999999999999999,-1.5,0.5666666666666664,0.5,0.21443545971847858,0.13407407407407407,0.16321490350347176,0.09651917272551556,0.25980832584606167,0.32194735616119263,0.28233968668208403,0.24523033538020825,0.4742437855645403,0.4560214302352667,0.44555459018555577,0.3417495081057238,-0.3155949274151272,-1.4961532628573977
2022020881,2023-02-18,2022-2023,EDM,NYR,4,5,9,-1,0,1.0,1.0,0.0,0,0,-2.0,6.0,-8.0,6.0,8.0,4.1,4.3,-0.20000000000000018,2.9,2.6,0.2999999999999998,7.0,6.9,35.3,28.9,29.7,30.0,0.11720128944350561,0.16082460831666817,0.8987545676086688,0.9121275153739656,0.9,0.6,0.7,0.4,20.6,24.8,10.3,7.2,13.3,15.3,7.6,9.9,9.7,10.9,3.0,3.0,5.0,6.0,1.9119507199599992,1.8287822299126937,1.370320319406297,1.0749676997731399,-0.09999999999999964,1.7000000000000002,1.4333333333333331,0.3999999999999999,0.3395256916996048,0.3258143365747383,0.2576416337285902,0.2925367979169988,0.5490801737178549,0.4149618293568557,0.4502976626165032,0.38340684060435376,0.8886058654174596,0.7407761659315938,0.7079392963450934,0.6759436385213525,0.5800907626994584,0.33567139592964557
2022020882,2023-02-18,2022-2023,ANA,LAK,3,6,9,-3,0,1.0,3.0,-2.0,0,0,-3.0,2.0,-5.0,5.0,5.0,3.3,3.2,0.09999999999999964,3.9,3.2,0.6999999999999997,7.2,6.4,32.8,31.1,40.1,28.6,0.10369157215165221,0.10768632789255976,0.904835011219642,0.8859075800209956,0.3,0.9,0.5,0.5,13.6,19.8,12.0,10.2,14.8,16.2,5.6,5.4,6.4,6.0,1.0,3.0,3.0,4.0,1.251665557034573,1.7511900715418258,2.3309511649396124,1.7511900715418254,-0.6333333333333333,1.7999999999999998,2.766666666666667,-0.8666666666666667,0.159316114359974,0.12258041406977575,0.13150990903183887,0.24007808582276666,0.24687296946068873,0.42190223750507433,0.236062747356607,0.4442844520858705,0.40618908382066277,0.5444826515748501,0.36757265638844583,0.6843625379086372,-1.4599791777423357,0.08021348234114191
2022020885,2023-02-18,2022-2023,BOS,NYI,6,2,8,4,1,0.0,-1.0,1.0,1,0,2.0,-3.0,5.0,6.0,4.0,3.1,2.5,0.6000000000000001,1.9,2.5,-0.6000000000000001,5.0,5.0,30.6,33.2,29.6,32.8,0.10530182052595842,0.07981013328987682,0.9389688721639985,0.9234636248239607,0.3,0.5,0.5,0.5,20.9,26.1,8.9,6.3,15.6,15.4,6.4,6.6,8.8,11.1,1.0,1.0,2.0,6.0,1.4491376746189435,1.1785113019775775,1.2866839377079196,2.1213203435596424,-0.10000000000000009,0.8333333333333335,-0.5666666666666667,1.5,0.3221050094756099,0.20584795321637425,0.23636114671311362,0.23450292397660819,0.5579052877189523,0.18245614035087718,0.4027180759582416,0.2549707602339181,0.8800102971945623,0.3883040935672515,0.6390792226713552,0.4894736842105263,1.9590563278451478,0.15438596491228068
2022020880,2023-02-18,2022-2023,MIN,DAL,2,1,3,1,1,1.0,2.0,-1.0,0,0,-2.0,-3.0,1.0,3.0,4.0,1.9,2.4,-0.5,2.8,2.0,0.7999999999999998,4.7,4.4,32.2,31.7,31.0,32.1,0.0622527912347174,0.07764980928306027,0.905179467399719,0.9336006088004059,0.9,0.3,0.3,0.2,24.1,19.9,11.8,6.1,16.1,15.6,8.7,7.5,6.6,11.2,3.0,1.0,6.0,9.0,0.7378647873726236,1.1737877907772682,1.135292424395095,1.2472191289246466,-0.23333333333333317,-1.0666666666666667,-0.7999999999999998,0.6666666666666665,0.0707070707070707,0.2143939393939394,0.11016401472923211,0.1731785510087397,0.1663738837651881,0.43582251082251083,0.2510186029751247,0.3267387486727109,0.23708095447225883,0.6502164502164502,0.36118261770435683,0.49991729968145066,-0.017996801909845428,1.3919321244792944
2022020887,2023-02-18,2022-2023,DAL,CBJ,1,4,5,-3,0,-1.0,0.0,-1.0,0,1,-2.0,1.0,-3.0,4.0,4.0,2.6,2.6,0.0,2.1,3.1,-1.0,4.7,5.7,32.4,29.3,31.2,34.9,0.08253486675432464,0.0894289335861344,0.9271191273189245,0.912464691843882,0.3,0.7,0.3,0.6,20.5,23.7,6.5,7.8,14.9,16.9,7.5,6.0,10.8,5.9,3.0,2.0,8.0,5.0,1.074967699773141,1.4298407059684808,1.3703203194062972,1.1005049346146099,-0.2666666666666666,0.3999999999999999,-0.10000000000000009,-0.7666666666666666,0.21807359307359309,0.19027804247930036,0.17587181337181337,0.18561104921167818,0.4411255411255411,0.18677339432056414,0.33021484688151354,0.28298459925818414,0.6591991341991341,0.37705143679986447,0.5060866602533268,0.4685956484698623,1.5362794612794612,-1.0521253903329377
2022020889,2023-02-19,2022-2023,CAR,WSH,4,1,5,3,1,1.0,1.0,0.0,0,0,2.0,-3.0,5.0,9.0,4.0,4.3,2.3,2.0,2.4,3.0,-0.6000000000000001,6.7,5.3,31.5,30.9,26.4,30.1,0.13687539562632323,0.07510425582516372,0.8984229422783372,0.898780728449846,0.8,0.6,0.4,0.3,16.5,26.0,8.2,5.8,10.2,14.3,9.7,6.3,12.1,10.1,5.0,3.0,6.0,4.0,1.251665557034572,1.0593499054713813,1.2649110640673513,1.763834207376394,-0.6333333333333333,-0.2999999999999998,0.6000000000000001,0.3333333333333335,0.1999767062660144,0.20786990786990786,0.14398764088229496,0.15706574840079332,0.32366643372932685,0.22670662670662667,0.2576309376623842,0.2807331450463671,0.5236431399953413,0.4345765345765346,0.40161857854467914,0.43779889344716044,0.8031735472773208,-0.7179141782479395
2022020890,2023-02-19,2022-2023,CGY,NYR,3,2,5,1,1,1.0,0.0,1.0,0,1,-2.0,7.0,-9.0,4.0,8.0,3.4,4.4,-1.0000000000000004,3.3,2.9,0.3999999999999999,6.7,7.3,37.8,29.4,25.9,30.4,0.08826976369888523,0.16226001501523274,0.8721024125065047,0.90233441192569,0.5,0.7,0.8,0.6,20.1,26.4,13.3,7.2,12.2,15.6,7.5,10.2,7.9,11.3,2.0,3.0,5.0,6.0,2.170509412813294,1.776388345929897,1.159501808728406,0.9944289260117531,0.6000000000000001,0.9333333333333327,0.3666666666666667,0.43333333333333357,0.13473193473193473,0.33205683205683206,0.1501942501942502,0.2963314463314463,0.24557109557109555,0.4063991563991564,0.23894716394716395,0.3789571539571539,0.3803030303030303,0.7384559884559886,0.3891414141414142,0.6752886002886003,-0.055905205905205896,0.3505494505494506
2022020899,2023-02-19,2022-2023,CHI,TOR,5,3,8,2,1,0.0,-1.0,1.0,1,0,1.0,1.0,0.0,3.0,6.0,2.4,3.4,-1.0,3.5,2.6,0.8999999999999999,5.9,6.0,27.9,34.6,33.5,31.7,0.08564409161618779,0.10132998705660382,0.8962723004160491,0.9187821873883699,0.1,0.6,0.4,0.3,25.5,21.0,9.2,7.7,14.3,14.2,10.1,9.9,9.0,10.5,1.0,1.0,3.0,8.0,1.577621275493231,1.2649110640673515,1.6499158227686102,1.8973665961010278,-0.3999999999999999,0.2666666666666666,0.5,-0.6000000000000001,0.14332399626517275,0.13502596160415384,0.10057448905488121,0.18711718612056796,0.3255783794999481,0.24466249914599988,0.25190956012034443,0.2945637789483864,0.4689023757651209,0.37968846075015367,0.3524840491752257,0.4816809650689544,-1.3915538437597261,0.2994589853679831
2022020898,2023-02-19,2022-2023,COL,EDM,6,5,11,1,1,0.0,0.0,0.0,1,1,2.0,-3.0,5.0,6.0,5.0,2.7,4.0,-1.2999999999999998,2.5,3.1,-0.6000000000000001,5.2,7.1,34.8,34.9,33.8,30.4,0.08177695018360845,0.11584287774026633,0.9253445922952526,0.894679864722421,0.4,1.1,0.4,0.8,19.4,19.0,8.9,10.3,16.4,13.1,6.8,7.6,4.1,9.6,2.0,3.0,4.0,5.0,1.5670212364724203,1.8856180831641276,1.2692955176439846,1.370320319406297,0.6333333333333333,-0.6666666666666665,-0.5,1.5666666666666669,0.1508884197563443,0.371969696969697,0.15859598910838274,0.19491341991341993,0.15183401504156221,0.653030303030303,0.23882055277726755,0.39732795939692495,0.3027224347979065,1.0250000000000001,0.39741654188565034,0.5922413793103448,-0.13843657267630627,0.6813031795790416
2022020892,2023-02-19,2022-2023,LAK,ARI,6,5,11,1,1,0.0,2.0,-2.0,1,0,3.0,2.0,1.0,6.0,5.0,3.6,2.7,0.8999999999999999,3.1,2.5,0.6000000000000001,6.7,5.2,31.5,28.9,28.6,38.9,0.11691506882861777,0.1042422552545045,0.8896112837246992,0.9355245340729212,1.0,0.6,0.5,0.4,18.8,22.5,10.2,10.2,15.3,13.8,5.6,7.3,6.0,7.9,2.0,1.0,3.0,5.0,1.8973665961010278,1.8885620632287061,1.7288403306519908,1.9578900207451226,2.066666666666667,0.2999999999999998,-1.4333333333333333,0.16666666666666652,0.2027056277056277,0.08755980861244018,0.24123376623376624,0.07732119961222128,0.5453463203463204,0.08727272727272728,0.45261821511821515,0.1087581699346405,0.748051948051948,0.17483253588516745,0.6938519813519813,0.1860793695468618,-0.03239260739260741,-0.9594314663664508
2022020896,2023-02-19,2022-2023,MIN,NSH,4,3,7,1,1,0.0,0.0,0.0,1,1,1.0,1.0,0.0,4.0,6.0,1.7,2.9,-1.2,2.5,3.0,-0.5,4.2,5.9,32.2,29.1,31.4,31.3,0.056002791234717395,0.09946154558173807,0.917230749451001,0.8998542296108217,0.8,0.5,0.2,0.5,23.1,31.5,12.1,9.5,16.7,13.0,9.0,8.0,6.2,10.1,4.0,1.0,7.0,8.0,0.6749485577105547,2.2827858224351907,1.1785113019775812,1.5634719199411429,-0.3666666666666667,0.10000000000000009,-0.8333333333333333,0.6666666666666665,0.06903820816864295,0.20427105025136197,0.11104033213930635,0.17446256915083821,0.1769405432680178,0.46841673502871206,0.2530457498916842,0.39773038009297235,0.2459787514366608,0.672687785280074,0.3640860820309906,0.5721929492438106,-0.09739554063231837,-0.10213289581624285
2022020897,2023-02-19,2022-2023,OTT,STL,7,2,9,5,1,0.0,0.0,0.0,1,1,-1.0,-1.0,0.0,6.0,4.0,3.2,3.2,0.0,3.1,3.5,-0.3999999999999999,6.3,6.7,32.7,30.0,36.0,30.0,0.10201346086809811,0.10414932477432474,0.9131292656292656,0.8762123782650099,0.7,0.6,0.9,0.5,27.7,19.6,14.9,8.5,16.2,13.7,6.5,9.8,10.6,5.8,3.0,0.0,6.0,7.0,1.751190071541826,2.043961295567452,1.8529256146249717,1.2692955176439842,-0.20000000000000018,0.46666666666666634,-0.10000000000000009,-0.8333333333333335,0.21633649153028997,0.12670825906120023,0.1629981777379341,0.1098760286840782,0.2625610106230261,0.29860368389780156,0.26039615157001644,0.33575135734578465,0.4788975021533161,0.42531194295900177,0.4233943293079505,0.4456273860298628,-0.5898166605143349,-1.9599543902949477
2022020894,2023-02-19,2022-2023,SEA,DET,4,2,6,2,1,1.0,1.0,0.0,0,0,1.0,5.0,-4.0,4.0,7.0,2.8,3.2,-0.40000000000000036,2.5,2.3,0.20000000000000018,5.3,5.5,29.8,27.5,26.7,31.3,0.09642082169661832,0.12364734463210247,0.9037959625328046,0.9234120493082484,0.6,0.9,0.5,0.3,19.4,19.7,6.6,7.3,14.4,17.0,8.4,4.7,5.9,7.2,3.0,4.0,5.0,5.0,2.0439612955674513,1.9321835661585915,1.4337208778404373,1.0593499054713775,1.2000000000000002,1.7999999999999998,-0.16666666666666652,0.03333333333333366,0.1961763798951588,0.14444444444444446,0.15529217423489702,0.16389471232238528,0.4311720348723124,0.28370370370370374,0.3842728861230249,0.32388073608199397,0.6273484147674712,0.42814814814814817,0.539565060357922,0.48777544840437925,0.9479791361035579,-0.3194828791055206
2022020893,2023-02-19,2022-2023,SJS,BUF,2,4,6,-2,0,1.0,2.0,-1.0,0,0,-2.0,1.0,-3.0,3.0,6.0,2.6,3.4,-0.7999999999999998,3.0,3.3,-0.2999999999999998,5.6,6.7,28.9,33.3,32.5,30.1,0.09040446318387492,0.09979988868638089,0.9047754743390174,0.8906808717292588,0.3,0.5,0.6,0.7,24.0,10.3,10.7,6.9,17.0,11.1,11.1,7.4,6.8,6.0,0.0,4.0,1.0,4.0,1.8973665961010275,1.9550504398153565,1.2472191289246481,1.6363916944844763,-0.6000000000000001,0.2666666666666666,-1.3333333333333333,1.7000000000000002,0.1757596177407498,0.2232736572890026,0.19469197818254422,0.26258022487091637,0.29621416319529525,0.3473316283034953,0.4522296565535559,0.32433576219659316,0.4719737809360451,0.5706052855924979,0.6469216347361001,0.5869159870675096,-1.1786363182589599,0.12418054014058452
2022020888,2023-02-19,2022-2023,TOR,MTL,5,1,6,4,1,2.0,1.0,1.0,0,0,-1.0,-1.0,0.0,5.0,4.0,3.3,3.0,0.2999999999999998,2.9,3.5,-0.6000000000000001,6.2,6.5,35.4,27.5,30.6,33.6,0.09508660081321756,0.10720916741042967,0.9065989515209237,0.8997430368835625,0.7,0.7,0.2,1.1,20.6,21.2,7.7,13.9,13.3,18.1,9.5,4.7,10.3,14.4,4.0,0.0,7.0,8.0,1.2516655570345725,1.632993161855452,1.852925614624973,1.9002923751652303,0.3666666666666667,1.0,0.43333333333333357,-0.8333333333333335,0.1383838383838384,0.11802925482670977,0.1914361872695206,0.11245378085250833,0.23611111111111108,0.29513205069938897,0.28670634920634924,0.3449205227041918,0.3744949494949495,0.41316130552609875,0.4781425364758698,0.4573743035567001,0.19951298701298703,-0.5657459307512329
2022020891,2023-02-19,2022-2023,VAN,PHI,6,2,8,4,1,2.0,1.0,1.0,0,0,-3.0,-3.0,0.0,3.0,3.0,3.3,2.2,1.0999999999999996,4.3,2.7,1.5999999999999996,7.6,4.9,31.3,27.3,26.2,30.2,0.10300828262339416,0.08412629824429481,0.8345644794136724,0.9028398674783394,0.6,0.3,1.1,0.5,24.2,26.4,7.5,10.7,11.6,20.0,5.8,5.9,6.7,7.4,2.0,2.0,5.0,6.0,1.7669811040931436,1.0327955589886424,1.4944341180973273,1.8287822299126926,-0.9666666666666663,-0.20000000000000018,1.0333333333333332,1.2999999999999998,0.14008029008029008,0.10119047619047618,0.1549516873984959,0.15000589033607903,0.3321030821030821,0.15013227513227514,0.29774431636133764,0.24888524298901657,0.4721833721833722,0.25132275132275134,0.45269600375983354,0.39889113332509557,-1.6904210053146222,-0.40504081872006403
2022020895,2023-02-19,2022-2023,VGK,TBL,5,4,9,1,1,1.0,2.0,-1.0,0,0,4.0,-1.0,5.0,5.0,6.0,3.2,3.0,0.20000000000000018,2.1,2.5,-0.3999999999999999,5.3,5.5,34.6,33.8,27.8,34.3,0.09850361666320481,0.09634009789251723,0.9226839929935904,0.9293206942982055,0.1,0.5,0.3,0.5,22.6,23.1,5.2,14.1,15.3,13.2,7.7,9.4,4.3,7.9,3.0,2.0,4.0,5.0,2.2997584414213783,1.5634719199411422,0.8755950357709126,2.1213203435596424,1.4666666666666668,-1.0,-0.7666666666666668,-1.1666666666666667,0.1239272520602444,0.16775599128540306,0.15590301996951614,0.16412490922294842,0.3255418636492805,0.29411764705882354,0.33246790152160993,0.28471314451706603,0.4494691157095249,0.46187363834422657,0.4883709214911261,0.44883805374001456,0.4549019607843138,0.4516339869281046
2022020905,2023-02-20,2022-2023,SJS,SEA,4,0,4,4,1,0.0,0.0,0.0,1,1,-3.0,2.0,-5.0,3.0,5.0,2.5,3.1,-0.6000000000000001,2.9,2.6,0.2999999999999998,5.4,5.7,29.9,29.7,32.7,26.3,0.08411874889816064,0.10810173337753,0.9090611886247316,0.8988040140625954,0.3,0.6,0.5,0.5,24.4,17.9,10.2,7.8,17.6,13.7,11.3,8.1,7.7,6.2,0.0,1.0,2.0,5.0,1.90029237516523,1.9692073983655904,1.1972189997378662,1.3498971154211052,-1.1666666666666667,0.8999999999999999,-0.5666666666666664,-0.6000000000000001,0.1726190476190476,0.20415400202634246,0.14863807245386193,0.16160854090185398,0.29678362573099415,0.42865585950692336,0.41274056353003724,0.37990461497300404,0.46940267335004177,0.6328098615332659,0.5613786359838991,0.5415131558748579,-1.1477608161818689,1.0309543546625615
2022020900,2023-02-20,2022-2023,NJD,WPG,4,2,6,2,1,1.0,2.0,-1.0,0,0,1.0,-1.0,2.0,7.0,5.0,3.2,2.5,0.7000000000000002,2.5,2.3,0.20000000000000018,5.7,4.8,33.0,33.7,31.8,30.3,0.09620657889644041,0.08069272832430724,0.9227242602432355,0.9231958594351539,0.6,0.6,0.6,0.6,16.4,19.3,7.0,7.9,18.4,13.5,8.6,6.2,7.6,7.8,4.0,2.0,4.0,5.0,1.1352924243950935,1.840893502864544,1.3540064007726604,0.9486832980505135,0.1333333333333333,-0.16666666666666652,0.16666666666666652,-0.6333333333333331,0.10303030303030303,0.128645147123408,0.1558239398819109,0.20062033377250768,0.2636363636363636,0.37772288098375056,0.3451202849753574,0.31363087395696093,0.36666666666666664,0.5063680281071584,0.5009442248572683,0.5142512077294686,1.3880076123554383,0.5291172595520421
2022020902,2023-02-20,2022-2023,FLA,ANA,4,3,7,1,1,1.0,1.0,0.0,0,0,-1.0,-4.0,3.0,5.0,4.0,3.9,3.1,0.7999999999999998,3.4,4.1,-0.6999999999999997,7.3,7.2,39.9,32.2,34.9,40.8,0.09717592445533618,0.09965116811124816,0.9017395938173248,0.9014259203105512,0.3,0.4,0.9,0.8,19.2,13.7,9.8,12.7,15.6,15.1,8.5,5.7,6.2,6.6,3.0,3.0,5.0,4.0,1.9119507199599974,1.1005049346146123,2.1186998109427604,2.3309511649396124,-0.2333333333333334,-0.43333333333333357,1.266666666666667,2.2333333333333334,0.08728237057534878,0.16209029066171923,0.20038721703370613,0.13196505875077305,0.14274184249971175,0.23995052566481134,0.29431153427667583,0.2395098948670377,0.23002421307506052,0.4020408163265306,0.494698751310382,0.37147495361781074,0.10721715629559832,-1.4472634508348794
2022020904,2023-02-20,2022-2023,CGY,PHI,3,4,7,-1,0,0.0,0.0,0.0,1,1,1.0,-4.0,5.0,5.0,2.0,3.6,2.2,1.4,3.2,3.0,0.20000000000000018,6.8,5.2,37.5,28.5,24.9,29.2,0.09478762084174239,0.08153170364970021,0.8721024125065047,0.8870180548823333,0.5,0.4,0.8,0.6,20.3,26.1,13.1,10.3,12.7,17.9,8.3,5.9,7.9,7.5,3.0,1.0,5.0,6.0,2.0110804171997803,1.0327955589886424,1.2292725943057186,1.7638342073763928,-0.9333333333333336,0.1333333333333333,0.46666666666666634,1.666666666666667,0.13825247079964062,0.09862494073020389,0.20072561428180788,0.15004747086425338,0.2470799640610961,0.15561614245824773,0.29667662799328104,0.24844715145939902,0.38533243486073676,0.2542410831884516,0.49740224227508895,0.39849462232365246,0.06233153638814018,-0.4418666432072589
2022020903,2023-02-20,2022-2023,BOS,OTT,3,1,4,2,1,1.0,0.0,1.0,0,1,3.0,1.0,2.0,6.0,7.0,3.4,3.8,-0.3999999999999999,2.0,2.9,-0.8999999999999999,5.4,6.7,30.6,31.6,29.2,34.8,0.11641293163706953,0.12037947393999353,0.9349510150211413,0.9159701747201746,0.4,0.8,0.5,0.8,20.9,26.7,8.7,14.2,14.3,16.4,7.1,6.7,9.9,10.9,2.0,3.0,3.0,7.0,1.7126976771553502,1.9321835661585913,1.247219128924648,1.8529256146249717,1.266666666666667,0.20000000000000018,-0.6666666666666667,-0.2333333333333334,0.32177949709864606,0.1776589423648247,0.23775597175700966,0.12938502673796792,0.5537975499677628,0.2373143196672608,0.40431932191662345,0.24162012279659337,0.8755770470664087,0.41497326203208557,0.642075293673633,0.37100514953456126,1.9672708402132377,-0.4700297088532383
2022020901,2023-02-20,2022-2023,ARI,CBJ,3,2,5,1,1,0.0,1.0,-1.0,1,0,-1.0,2.0,-3.0,5.0,4.0,3.2,2.5,0.7000000000000002,2.6,2.9,-0.2999999999999998,5.8,5.4,28.8,30.0,38.7,35.3,0.1198672552545045,0.08329866538690067,0.9322674308158181,0.9170164159818132,0.7,0.6,0.4,0.6,23.2,23.8,10.2,7.3,15.3,18.3,7.2,5.5,7.8,6.3,4.0,3.0,5.0,4.0,1.7511900715418263,1.2692955176439844,2.0655911179772897,1.2866839377079171,-0.20000000000000018,0.5,-0.2666666666666666,-1.2333333333333332,0.11904761904761905,0.186307519640853,0.10897066643034385,0.1805968748176142,0.1630485527544351,0.19528619528619529,0.18746582586715413,0.2844176540679072,0.28209617180205415,0.38159371492704824,0.29643649229749797,0.46501452888552136,-0.77906162464986,-1.038739287335698
2022020907,2023-02-21,2022-2023,NYR,WPG,1,4,5,-3,0,1.0,0.0,1.0,0,1,-1.0,-2.0,1.0,8.0,5.0,4.5,2.6,1.9,2.9,2.3,0.6000000000000001,7.4,4.9,28.2,32.4,30.9,30.5,0.16913501501523276,0.08606114937693883,0.904070523036801,0.9240200352593299,0.8,0.5,0.7,0.6,26.8,17.7,7.0,8.1,15.8,14.2,9.2,6.4,12.1,7.6,5.0,2.0,5.0,5.0,1.5811388300841895,1.7763883459298975,0.9944289260117531,0.9486832980505135,-0.5,-0.9333333333333333,0.7666666666666666,0.03333333333333366,0.33325236632608285,0.1729414202818458,0.29460237363923186,0.20934485980078685,0.4100926680457176,0.32622962144238743,0.37766538164190644,0.3178767154830984,0.7433450343718006,0.49917104172423316,0.6722677552811382,0.5272215752838852,0.3091816586222027,0.15039178147080884
2022020906,2023-02-21,2022-2023,PIT,NYI,2,4,6,-2,0,2.0,2.0,0.0,0,0,-2.0,1.0,-3.0,4.0,5.0,3.1,2.8,0.30000000000000027,3.5,2.6,0.8999999999999999,6.6,5.4,37.8,32.4,35.3,33.5,0.07498282822683029,0.09229791432604495,0.8946836425223523,0.9209710063313423,0.7,0.6,0.8,0.5,23.7,25.2,8.5,5.5,14.1,14.8,7.4,5.3,9.5,9.9,2.0,1.0,4.0,6.0,2.1832697191750428,1.3984117975602004,1.9578900207451215,2.2705848487901865,-0.10000000000000009,0.20000000000000018,-0.16666666666666652,1.4,0.3300699300699301,0.21872564776933567,0.20037800037800035,0.24797572082602767,0.5435897435897435,0.18502216052990453,0.45334215334215333,0.25961608708357686,0.8736596736596737,0.40374780829924023,0.6537201537201537,0.5075918079096046,-0.516969066969067,0.19221215663354763
2022020912,2023-02-22,2022-2023,BUF,TOR,3,6,9,-3,0,2.0,2.0,0.0,0,0,2.0,1.0,1.0,6.0,6.0,3.5,3.6,-0.10000000000000009,3.3,2.7,0.5999999999999996,6.8,6.3,31.9,35.7,31.0,30.5,0.10603644782616584,0.10201856486970025,0.8926588937072808,0.9129430375424292,0.5,0.8,0.7,0.2,10.6,22.0,7.1,6.9,11.0,13.3,7.9,10.3,6.2,10.6,1.0,1.0,3.0,8.0,1.957890020745121,1.2649110640673515,1.6363916944844763,1.9465068427541912,0.833333333333333,0.733333333333333,0.03333333333333366,-0.3666666666666667,0.22536183049324476,0.13182957393483707,0.28127659425896806,0.18496658312447786,0.34690264540076804,0.23909774436090225,0.3482198412189026,0.2899540517961571,0.5722644758940129,0.37092731829573933,0.6294964354778706,0.4749206349206349,0.05382351158321125,0.17531328320802003
2022020911,2023-02-22,2022-2023,CAR,STL,4,1,5,3,1,2.0,2.0,0.0,0,0,3.0,-2.0,5.0,9.0,3.0,4.2,2.9,1.3000000000000003,2.3,4.0,-1.7000000000000002,6.5,6.9,32.1,29.9,25.8,30.8,0.13106258774454982,0.09524780962280958,0.9008745551815631,0.8633164506632,0.7,0.5,0.3,0.6,16.8,19.9,7.0,9.5,9.3,13.2,10.6,8.6,11.7,5.9,5.0,0.0,6.0,6.0,1.229272594305718,1.9692073983655907,1.3374935098492582,1.5634719199411433,0.13333333333333286,-0.5666666666666664,-0.6333333333333331,0.33333333333333304,0.20246913580246914,0.1056547619047619,0.14435567196221907,0.08928990217099973,0.3237934904601571,0.16071428571428573,0.25575922869762474,0.20891405342624858,0.5262626262626263,0.2663690476190476,0.40011490065984384,0.29820395559724827,0.8326998760492256,-0.944745041543822
2022020915,2023-02-22,2022-2023,CHI,VGK,3,2,5,1,1,2.0,2.0,0.0,0,0,2.0,5.0,-3.0,4.0,6.0,2.8,3.5,-0.7000000000000002,3.6,2.2,1.4,6.4,5.7,28.8,33.7,34.3,27.7,0.0982380765785938,0.11202010017968833,0.895108279252028,0.9180173263269239,0.1,0.1,0.5,0.3,25.5,22.1,9.4,5.8,15.7,16.0,9.3,8.7,8.8,4.4,2.0,2.0,3.0,4.0,1.6865480854231356,2.321398046197353,1.5776212754932302,1.0327955589886442,0.8666666666666667,1.166666666666667,0.06666666666666643,0.1333333333333333,0.15870910698496907,0.12153183695736887,0.10771904614269147,0.1530278232405892,0.3237561289285427,0.3261047463175123,0.25229597988218677,0.33864761125399423,0.48246523591351176,0.44763658327488115,0.3600150260248782,0.49167543449458345,-1.1646425003567857,0.5775952770633622
2022020916,2023-02-22,2022-2023,EDM,PHI,4,2,6,2,1,2.0,1.0,1.0,0,0,-4.0,1.0,-5.0,4.0,3.0,4.0,2.3,1.7000000000000002,3.4,2.9,0.5,7.4,5.2,35.5,27.6,31.5,29.8,0.11363699538732516,0.09003610247667967,0.8900715697915456,0.8922397297591805,1.0,0.2,0.8,0.6,19.4,24.8,9.1,10.6,13.6,19.5,7.2,5.2,9.5,7.2,1.0,2.0,4.0,5.0,1.8856180831641276,1.1595018087284041,1.6465452046971285,1.728840330651991,0.33333333333333304,0.3666666666666667,1.266666666666667,1.4333333333333331,0.3712406015037594,0.20135107884654166,0.1943922305764411,0.15642585301672166,0.6532999164578112,0.32698124621899577,0.40735171261487046,0.28219729769852536,1.0245405179615705,0.5283323250655374,0.6017439431913115,0.4386231507152471,0.6303884711779448,-0.42590798918331746
2022020913,2023-02-22,2022-2023,MIN,LAK,2,1,3,1,1,2.0,2.0,0.0,0,0,2.0,4.0,-2.0,5.0,7.0,1.9,4.1,-2.1999999999999997,2.5,3.2,-0.7000000000000002,4.4,7.3,32.2,31.8,30.2,29.4,0.0617170769490031,0.13042858234213128,0.9135870247546448,0.8906529503913658,0.8,1.1,0.1,0.6,22.4,18.0,11.0,10.2,16.8,14.7,8.1,5.6,6.3,5.8,5.0,4.0,8.0,3.0,0.9944289260117545,1.4491376746189448,1.1785113019775812,1.8135294011647247,0.43333333333333357,1.2333333333333334,-0.16666666666666652,0.1333333333333333,0.06746031746031746,0.13006474519632413,0.10881325464658798,0.24924289891395154,0.17857142857142858,0.43118212197159567,0.25728785103785107,0.45535714285714285,0.24603174603174605,0.5612468671679198,0.366101105684439,0.7046000417710944,-0.097018722018722,0.11387844611528822
2022020910,2023-02-22,2022-2023,NJD,MTL,2,5,7,-3,0,1.0,2.0,-1.0,0,0,2.0,-2.0,4.0,7.0,4.0,3.4,2.9,0.5,2.6,3.4,-0.7999999999999998,6.0,6.3,33.4,28.0,31.7,33.7,0.10199968234471626,0.102542500743763,0.9185704140893893,0.9025479149323429,0.5,0.7,0.6,0.8,16.9,21.4,7.2,9.8,18.9,18.1,9.8,6.0,8.6,13.5,4.0,0.0,4.0,7.0,1.07496769977314,1.728840330651992,1.2649110640673522,1.7763883459298975,0.2666666666666666,-0.5666666666666664,0.06666666666666643,0.2666666666666666,0.10119047619047618,0.1153012417238048,0.1520021645021645,0.10798732119860276,0.2707749766573296,0.2883964405488404,0.3464625244037009,0.3356965367727367,0.3719654528478058,0.40369768227264524,0.4984646889058654,0.4436838579713394,1.4715367965367965,-0.6356952932163225
2022020914,2023-02-22,2022-2023,NSH,VAN,5,4,9,1,1,2.0,2.0,0.0,0,0,-1.0,1.0,-2.0,5.0,4.0,3.0,3.7,-0.7000000000000002,3.3,4.2,-0.9000000000000004,6.3,7.9,28.9,30.7,30.8,27.1,0.10385714997734245,0.12219868742099535,0.8909256581822504,0.8398733597225527,0.5,0.7,0.6,1.1,32.0,25.1,9.9,7.7,13.5,13.3,6.8,6.0,9.4,6.7,4.0,1.0,7.0,5.0,2.260776661041756,1.8885620632287066,1.4181364924121767,1.6193277068654832,0.3333333333333335,-0.03333333333333366,0.7000000000000002,0.13333333333333286,0.20660303016786355,0.20271787960467205,0.17428916940491943,0.1763899098804759,0.4655971373487766,0.2887466307277628,0.39637881558796856,0.25351901766996104,0.6722001675166401,0.4914645103324349,0.570667984992888,0.4299089275504369,-0.12494610226444827,-2.1798323531814097
2022020908,2023-02-22,2022-2023,TBL,ANA,6,1,7,5,1,2.0,1.0,1.0,0,0,-2.0,-5.0,3.0,6.0,4.0,3.1,3.1,0.0,2.5,3.9,-1.4,5.6,7.0,33.8,31.7,32.9,42.4,0.1005067645591839,0.10091806000314008,0.9235771045546158,0.9095378084224393,0.6,0.5,0.4,0.7,23.6,12.9,11.8,12.6,12.9,16.6,9.5,4.9,7.2,7.1,4.0,3.0,5.0,4.0,1.5951314818673858,1.1005049346146123,2.1213203435596424,2.2335820757001277,-0.7666666666666666,-0.10000000000000009,-0.16666666666666652,1.4333333333333331,0.17074592074592074,0.15817460317460316,0.16719114219114217,0.13203216374269008,0.2947552447552448,0.24015873015873015,0.28237273479208963,0.2404323308270677,0.46550116550116544,0.39833333333333326,0.44956387698323175,0.37246449456975766,0.38480712835551545,-1.5234711779448622
2022020909,2023-02-22,2022-2023,WSH,DET,1,3,4,-2,0,2.0,2.0,0.0,0,0,-4.0,-1.0,-3.0,3.0,7.0,2.0,3.3,-1.2999999999999998,3.4,2.5,0.8999999999999999,5.4,5.8,30.1,26.7,31.0,31.4,0.0669830437039516,0.1291171903544026,0.8873521570212747,0.916027433923633,0.5,0.9,0.4,0.3,26.4,18.8,6.5,8.3,15.7,17.2,6.3,5.0,10.6,6.5,1.0,4.0,4.0,4.0,0.9428090415820648,1.8287822299126935,1.4298407059684815,1.178511301977577,0.0,0.3666666666666667,0.2666666666666666,0.8333333333333335,0.20000000000000004,0.1417706476530006,0.1521346469622332,0.16078187386797788,0.21746031746031746,0.27843137254901956,0.2727969348659004,0.3177425003085702,0.4174603174603175,0.4202020202020202,0.4249315818281336,0.478524374176548,-0.7940065681444992,-0.3841595839038294
2022020918,2023-02-23,2022-2023,DAL,CHI,3,4,7,-1,0,4.0,0.0,4.0,0,1,-4.0,3.0,-7.0,3.0,5.0,2.1,2.8,-0.6999999999999997,2.1,3.4,-1.2999999999999998,4.2,6.2,32.3,31.3,31.9,33.2,0.06431647594972695,0.08908056742108464,0.9304756088004058,0.8980633619943447,0.3,0.2,0.3,0.5,18.3,25.7,6.1,7.6,14.8,15.7,8.1,9.7,11.1,9.6,3.0,2.0,9.0,4.0,1.1005049346146127,1.6865480854231356,1.1005049346146114,1.6465452046971283,-0.7666666666666668,0.8666666666666667,0.2333333333333334,-0.7333333333333334,0.21637426900584797,0.1658280922431866,0.1728335991493886,0.11075097334531298,0.4269005847953216,0.33324348607367477,0.31977671451355666,0.255318957771788,0.6432748538011696,0.49907157831686133,0.4926103136629452,0.36606993111710096,1.3636363636363635,-1.1616442048517521
2022020917,2023-02-23,2022-2023,NYI,WPG,2,1,3,1,1,1.0,1.0,0.0,0,0,2.0,1.0,1.0,6.0,5.0,3.1,2.5,0.6000000000000001,2.6,2.3,0.30000000000000027,5.7,4.8,32.0,31.5,34.3,33.0,0.10202013654826718,0.0884421017578912,0.9218863381391227,0.9259054047917582,0.6,0.4,0.5,0.6,25.7,18.2,7.6,7.9,14.4,13.6,5.0,6.5,9.3,8.1,4.0,2.0,6.0,5.0,1.2866839377079171,1.6499158227686113,2.2705848487901865,0.9486832980505135,0.5666666666666664,-0.16666666666666652,1.4,-0.2999999999999998,0.2137904468412943,0.16927387914230022,0.25152799178222907,0.21118664717348926,0.19740626605033385,0.31966374269005843,0.2630157507276151,0.3117616959064327,0.4111967128916281,0.48893762183235867,0.5145437425098441,0.5229483430799221,0.3315356959424756,0.20271929824561405
2022020919,2023-02-23,2022-2023,ARI,CGY,3,6,9,-3,0,2.0,2.0,0.0,0,0,1.0,-1.0,2.0,5.0,4.0,3.1,3.3,-0.19999999999999973,2.7,3.3,-0.5999999999999996,5.8,6.6,29.0,36.9,38.7,24.7,0.11447595090667842,0.08872490307170754,0.9294896530380401,0.8664205943246863,0.7,0.4,0.4,0.8,23.0,19.6,11.0,11.9,15.0,11.9,7.2,7.5,7.4,8.0,4.0,2.0,5.0,5.0,1.7288403306519922,1.8287822299126932,2.0027758514399743,1.2516655570345727,-0.43333333333333357,-0.6333333333333333,-0.3666666666666667,0.3666666666666667,0.12280701754385964,0.14165042235217673,0.1098027033554236,0.20302628122710242,0.1601439496176338,0.24853801169590642,0.18357481462398828,0.29423292273236284,0.2829509671614934,0.3901884340480832,0.29337751797941186,0.4972592039594652,-0.7437152387499955,0.04661772634896935
2022020925,2023-02-24,2022-2023,DET,NYR,4,1,5,3,1,1.0,2.0,-1.0,0,0,1.0,-2.0,3.0,7.0,7.0,3.3,4.0,-0.7000000000000002,2.4,3.1,-0.7000000000000002,5.7,7.1,25.7,30.7,31.1,29.5,0.13254576178297403,0.1480188762520352,0.9189903968865959,0.8907371897034675,0.9,0.7,0.4,0.7,19.2,26.6,9.8,7.5,17.7,14.6,5.4,9.1,6.7,12.6,2.0,3.0,3.0,5.0,1.8287822299126935,1.825741858350554,1.2649110640673498,0.9944289260117531,0.03333333333333366,-1.6666666666666665,-0.06666666666666643,0.5666666666666664,0.13919413919413917,0.3326244905192273,0.15778556549833145,0.29204323941166044,0.27976190476190477,0.409578238525607,0.3150386847195357,0.37437976253765726,0.41895604395604397,0.7422027290448344,0.4728242502178672,0.6664230019493177,-0.29760239760239754,0.31047315257841573
2022020924,2023-02-24,2022-2023,CBJ,MIN,0,2,2,-2,0,3.0,1.0,2.0,0,0,-1.0,3.0,-4.0,4.0,5.0,2.4,1.8,0.5999999999999999,2.8,2.4,0.3999999999999999,5.2,4.2,31.1,31.9,32.9,30.6,0.07685422094245623,0.058673598688133544,0.9131796812879356,0.9173125149507232,0.5,0.7,0.6,0.1,26.3,22.3,7.6,8.4,18.1,17.4,6.1,7.4,5.4,6.3,1.0,0.0,4.0,8.0,1.2649110640673513,0.9189365834726828,1.2292725943057166,1.2649110640673538,0.6000000000000001,0.5333333333333334,-1.133333333333333,-0.7333333333333332,0.15746753246753245,0.06596491228070175,0.16549416096517544,0.12086124401913877,0.31417748917748917,0.17438357799260054,0.31732450989697364,0.2652220920266033,0.4716450216450216,0.2403484902733023,0.4828186708621491,0.3860833360457421,-1.129227857488727,-0.29338996842756243
2022020923,2023-02-24,2022-2023,NJD,LAK,4,3,7,1,1,1.0,1.0,0.0,0,0,-1.0,-1.0,0.0,6.0,7.0,3.3,3.9,-0.6000000000000001,2.8,2.9,-0.10000000000000009,6.1,6.8,33.8,31.8,30.4,28.6,0.09866634901138294,0.12454622940095479,0.9017076689913501,0.8985100932485087,0.5,1.0,0.6,0.5,16.8,16.8,6.5,9.9,18.0,14.5,8.9,5.5,8.9,4.9,3.0,4.0,4.0,3.0,1.159501808728406,1.7288403306519924,1.3165611772087669,1.7288403306519904,0.3666666666666667,0.10000000000000009,-0.1333333333333333,0.43333333333333357,0.17941520467836258,0.2071990320629159,0.17518170426065163,0.2947185791414124,0.34058479532163743,0.5321637426900584,0.3528320802005012,0.5022020188184623,0.52,0.7393627747529744,0.5280137844611529,0.7969205979598746,1.2350877192982457,0.07765754659909371
2022020922,2023-02-24,2022-2023,PIT,EDM,2,7,9,-5,0,2.0,1.0,1.0,0,0,-3.0,1.0,-4.0,4.0,4.0,3.2,4.0,-0.7999999999999998,3.6,3.4,0.20000000000000018,6.8,7.4,39.8,35.3,35.9,31.2,0.07548450046763297,0.11465870675386411,0.8930062231675135,0.8892758138233756,0.8,1.1,0.7,0.8,25.1,20.6,11.3,9.1,14.5,13.7,7.4,7.9,10.1,10.9,2.0,2.0,5.0,5.0,2.0976176963403037,1.8856180831641276,1.8973665961010275,1.6465452046971285,-0.5333333333333337,0.33333333333333304,0.3999999999999999,0.6000000000000001,0.3241239892183288,0.3705384150030248,0.1964918191705679,0.1938898971566848,0.5397574123989218,0.6477112321032467,0.4512070270014659,0.4028322567635254,0.8638814016172507,1.0182496471062714,0.6476988461720339,0.5967221539202102,-0.5583451553411831,0.6004039576137228
2022020927,2023-02-24,2022-2023,SEA,BOS,5,6,11,-1,0,3.0,3.0,0.0,0,0,-1.0,4.0,-5.0,4.0,6.0,2.5,3.3,-0.7999999999999998,2.9,2.1,0.7999999999999998,5.4,5.4,28.8,31.6,26.6,30.5,0.09095887623467284,0.10760611345525135,0.8907605358017257,0.9317252085695283,0.4,0.3,0.5,0.5,19.5,21.4,6.5,8.6,12.9,14.9,8.2,6.5,5.9,10.2,3.0,4.0,4.0,3.0,1.9002923751652288,1.70293863659264,1.2866839377079187,1.1005049346146125,0.8333333333333335,1.3666666666666671,-0.2333333333333334,-1.1,0.20017305167681107,0.3155345471521942,0.15851593268886502,0.23580960161842515,0.42041114691490633,0.5563725490196078,0.3727849385368182,0.4015989729225023,0.6205841985917173,0.871907096171802,0.5313008712256831,0.6374085745409275,0.8252005012531327,2.203968253968254
2022020929,2023-02-24,2022-2023,SJS,NSH,2,6,8,-4,0,3.0,1.0,2.0,0,0,1.0,1.0,0.0,4.0,6.0,2.9,3.2,-0.30000000000000027,2.5,3.2,-0.7000000000000002,5.4,6.4,30.4,28.9,33.1,31.4,0.10151005324598672,0.11154945766965016,0.92724300680655,0.8958207630773554,0.3,0.6,0.4,0.6,23.2,31.5,9.1,9.2,17.9,14.9,11.4,6.7,7.5,10.1,1.0,1.0,3.0,8.0,1.728840330651992,2.250925735484551,1.43372087784044,1.3165611772087666,-0.5666666666666664,1.4666666666666668,-0.8333333333333333,0.46666666666666634,0.17533593649746101,0.20279180695847362,0.19125690804456683,0.1862443883277217,0.29733633980457935,0.4628928170594837,0.4507660720001918,0.37387065095398425,0.4726722763020404,0.6656846240179574,0.6420229800447587,0.5601150392817059,-1.0953324956954722,-0.05079966329966329
2022020926,2023-02-24,2022-2023,STL,VAN,2,3,5,-1,0,1.0,1.0,0.0,0,0,-3.0,-1.0,-2.0,3.0,3.0,2.7,3.6,-0.8999999999999999,3.9,4.4,-0.5000000000000004,6.6,8.0,30.3,29.8,32.6,28.3,0.08865058740058736,0.12203843101073894,0.8799831173298666,0.8387744586236516,0.4,0.8,0.6,1.2,20.9,25.6,8.4,6.7,13.9,14.0,8.4,6.4,5.4,6.6,3.0,1.0,5.0,4.0,2.057506581601462,1.8378731669453636,1.523883926754995,1.4298407059684823,-1.366666666666667,1.0666666666666669,1.1,-0.7333333333333338,0.1036682615629984,0.14626945786366077,0.09049603711967165,0.14320332876233496,0.15789473684210525,0.24853801169590642,0.20504090414716036,0.27250304693913713,0.26156299840510366,0.39480746955956714,0.295536941266832,0.41570637570147206,-0.9776972448273342,-1.6586217410016035
2022020921,2023-02-24,2022-2023,TBL,BUF,5,6,11,-1,0,1.0,1.0,0.0,0,0,1.0,-1.0,2.0,6.0,5.0,3.3,3.2,0.09999999999999964,2.4,3.5,-1.1,5.7,6.7,34.3,31.2,31.9,30.1,0.10388671793913726,0.10002683244155046,0.9252913902689016,0.8829098589582461,0.7,0.4,0.3,0.8,23.5,11.0,12.3,7.0,12.2,10.6,8.3,7.5,7.3,6.4,4.0,5.0,5.0,3.0,1.828782229912693,1.7511900715418252,2.1705094128132942,1.7159383568311661,0.03333333333333366,1.4666666666666668,-0.7333333333333332,-0.16666666666666652,0.17362982929020665,0.2273726011933559,0.17975067385444743,0.2822082548329179,0.30132524707996405,0.34008627640703115,0.38258086253369267,0.34456385558137576,0.47495507637017065,0.567458877600387,0.5623315363881402,0.6267721104142937,0.5242587601078168,-0.08358475531656123
2022020928,2023-02-24,2022-2023,VGK,CGY,4,3,7,1,1,1.0,0.0,1.0,0,1,-1.0,1.0,-2.0,5.0,4.0,3.1,3.5,-0.3999999999999999,2.2,3.3,-1.0999999999999996,5.3,6.8,34.6,37.1,29.4,23.6,0.09535343351302165,0.09232634364793804,0.9219800302896278,0.8641348800389721,0.1,0.7,0.4,0.7,21.1,20.4,5.6,10.8,15.8,11.8,8.2,6.8,5.0,7.6,3.0,3.0,3.0,4.0,2.183269719175042,2.013840995599095,1.0327955589886442,1.2516655570345727,-0.10000000000000009,0.5,0.1333333333333333,-0.2999999999999998,0.11922790466732869,0.1509926854754441,0.14190300830693084,0.2082789097875305,0.3196858104380448,0.24994775339602926,0.27721968049053447,0.30109935562521767,0.43891371510537347,0.4009404388714734,0.4191226887974653,0.5093782654127482,0.4839043363124793,0.10216823406478578
2022020920,2023-02-24,2022-2023,WSH,ANA,2,4,6,-2,0,1.0,1.0,0.0,0,0,-5.0,-6.0,1.0,3.0,3.0,1.9,2.7,-0.8000000000000003,3.1,4.3,-1.1999999999999997,5.0,7.0,30.6,29.9,30.8,42.9,0.0615958383167462,0.0932901530263959,0.897574379243497,0.9010296499142807,0.6,0.4,0.4,0.8,25.0,14.3,6.7,13.8,16.1,16.0,5.9,5.2,11.0,6.7,1.0,2.0,5.0,4.0,0.9944289260117546,1.0593499054713806,1.100504934614612,2.2135943621178664,-0.23333333333333317,-0.3666666666666667,0.5666666666666664,0.7000000000000002,0.34946175850647393,0.07846264502611251,0.23474673810941696,0.08590920308496541,0.31313986750978623,0.20474090752728524,0.28175577972575244,0.20532812127135217,0.6626016260162602,0.28320355255339774,0.5165025178351694,0.2912373243563176,-0.9958713486555025,-1.8526211004319153
2022020937,2023-02-25,2022-2023,WSH,NYR,6,3,9,3,1,0.0,0.0,0.0,1,1,-6.0,-3.0,-3.0,3.0,7.0,1.9,3.9,-2.0,3.1,3.2,-0.10000000000000009,5.0,7.1,31.0,30.9,30.2,28.3,0.06111879597923876,0.14434813097951016,0.8941128407819585,0.8819173139270701,0.7,0.7,0.4,0.8,24.9,24.3,8.3,8.2,16.6,13.9,6.4,8.8,12.1,13.1,1.0,3.0,6.0,5.0,0.9944289260117546,1.969207398365591,1.100504934614612,1.0327955589886444,-0.5666666666666667,-2.5666666666666664,0.2333333333333334,0.46666666666666634,0.34800101858925386,0.33204458376872165,0.215544023251934,0.28958551027516544,0.3224089635854342,0.4016370602577499,0.26643163012331367,0.36748519679554165,0.6704099821746881,0.7336816440264716,0.4819756533752477,0.657070707070707,-0.9724072073970657,0.19707419017763844
2022020931,2023-02-25,2022-2023,TOR,MIN,2,1,3,1,1,2.0,0.0,2.0,0,1,2.0,4.0,-2.0,6.0,5.0,3.7,1.8,1.9000000000000001,2.8,2.2,0.5999999999999996,6.5,4.0,34.7,30.9,30.4,30.5,0.10988770722160121,0.060959312973847844,0.9096286436030352,0.923764127853949,0.8,0.6,0.2,0.1,20.6,21.8,6.7,8.4,12.6,18.4,10.8,7.1,9.6,6.1,4.0,1.0,7.0,7.0,1.4181364924121764,0.9189365834726828,1.9321835661585918,1.4757295747452457,0.9666666666666668,0.8666666666666665,-0.1333333333333333,-0.8666666666666669,0.1520389675963052,0.0645446507515473,0.1957957669671976,0.1185157116191599,0.24154266535982652,0.17041556145004422,0.29673185603020924,0.2598770928943343,0.39358163295613174,0.2349602122015915,0.49252762299740677,0.37839280451349416,0.34713411947876827,-0.19071491726664136
2022020943,2023-02-25,2022-2023,STL,PIT,2,3,5,-1,0,0.0,0.0,0.0,1,1,-4.0,-4.0,0.0,3.0,3.0,2.6,2.7,-0.10000000000000009,3.8,3.7,0.09999999999999964,6.4,6.4,29.7,37.3,33.7,36.4,0.08702721077721073,0.06953211951525204,0.8859993774924682,0.892481747643038,0.4,0.6,0.6,0.8,21.8,26.0,8.9,11.3,15.0,14.2,8.4,7.4,6.1,9.9,3.0,2.0,5.0,5.0,2.0655911179772892,1.6363916944844783,1.5491933384829668,2.0575065816014617,-0.9333333333333333,-0.03333333333333366,0.8666666666666671,1.2999999999999998,0.1017579445571332,0.31838856400259913,0.08879466129021925,0.201303933867049,0.1649763353617309,0.5477582846003899,0.20621226601068418,0.4509305889280215,0.2667342799188641,0.866146848602989,0.29500692730090344,0.6522345227950704,-1.4485938365366637,-0.7042797216096317
2022020932,2023-02-25,2022-2023,PHI,MTL,2,5,7,-3,0,2.0,2.0,0.0,0,0,-1.0,1.0,-2.0,3.0,4.0,2.2,3.1,-0.8999999999999999,2.8,3.4,-0.6000000000000001,5.0,6.5,27.1,26.7,28.6,33.9,0.08805099081414866,0.12064285916670207,0.8912275840101926,0.9028110728270798,0.2,0.7,0.7,0.9,23.8,19.8,9.0,9.8,19.6,18.6,5.7,6.1,7.7,12.5,1.0,1.0,4.0,6.0,1.1352924243950915,1.8529256146249728,1.6865480854231345,1.7763883459298975,0.46666666666666634,-0.43333333333333357,0.5333333333333337,0.9333333333333331,0.0995219469795741,0.11269673478975806,0.14693405902494153,0.11888003862220244,0.16256543375187443,0.29665844491425886,0.25483287361574913,0.31661745596275426,0.26208738073144855,0.4093551797040169,0.40176693264069074,0.4354974945849566,-0.3807655359525611,-0.2991459374801133
2022020935,2023-02-25,2022-2023,WPG,COL,1,5,6,-4,0,1.0,5.0,-4.0,0,0,-1.0,3.0,-4.0,4.0,6.0,2.1,3.2,-1.1,2.2,2.9,-0.6999999999999997,4.3,6.1,31.1,36.3,32.1,35.1,0.07562158893737839,0.09235896076561903,0.9264919150556878,0.9165482959989564,0.5,0.4,0.4,0.4,16.7,18.6,8.1,8.7,13.1,17.3,6.9,6.4,8.7,4.4,3.0,3.0,5.0,5.0,1.4491376746189442,1.751190071541825,0.918936583472681,1.370320319406298,0.2333333333333334,1.1333333333333329,-0.20000000000000018,-0.2333333333333334,0.12085983818814883,0.14731767589301087,0.1952528137691858,0.1242335505901836,0.36138363391333544,0.16161293916284347,0.3045482560840428,0.19947387384720328,0.48224347210148427,0.30893061505585434,0.49980106985322864,0.32370742443738687,0.3906942087179699,-0.004857952866412579
2022020930,2023-02-25,2022-2023,FLA,BUF,1,3,4,-2,0,4.0,0.0,4.0,0,1,1.0,1.0,0.0,6.0,5.0,3.7,3.5,0.20000000000000018,3.0,3.8,-0.7999999999999998,6.7,7.3,41.5,31.0,33.2,31.1,0.08906403634344807,0.11411378896328958,0.9066503081030393,0.8771663499102523,0.2,0.5,0.7,0.8,18.8,13.9,9.6,7.2,13.8,10.3,7.9,7.1,7.0,5.4,4.0,5.0,6.0,3.0,1.766981104093142,1.957890020745121,1.6996731711975948,1.6865480854231354,0.6333333333333329,0.833333333333333,1.0,0.20000000000000018,0.14505050505050507,0.22919370403647135,0.09673577884104201,0.26340637582775944,0.15393939393939396,0.34611161026255366,0.14749601275917065,0.3218653289408006,0.298989898989899,0.575305314299025,0.24423179160021266,0.58527170476856,-0.406969696969697,0.053664128125044605
2022020936,2023-02-25,2022-2023,CBJ,EDM,6,5,11,1,1,0.0,0.0,0.0,1,1,-2.0,2.0,-4.0,3.0,5.0,2.1,4.5,-2.4,2.8,3.3,-0.5,4.9,7.8,31.4,36.1,31.8,30.9,0.06574310983134511,0.1250122421073995,0.9107352368434911,0.8920535916011533,0.5,1.2,0.5,0.9,24.2,20.5,7.6,9.5,17.0,12.8,5.6,7.8,4.9,8.7,1.0,3.0,5.0,4.0,1.4491376746189433,1.9578900207451235,1.2292725943057166,1.7029386365926393,-0.10000000000000009,0.833333333333333,-0.7999999999999998,0.03333333333333366,0.15465747702589808,0.3698616793298266,0.21174914245339257,0.19861374926943307,0.30858395989974935,0.659360997467368,0.35991475895216873,0.40983586596532234,0.4632414369256474,1.0292226767971948,0.5716639014055613,0.6084496152347555,-1.5689483368355215,0.7562098188194039
2022020933,2023-02-25,2022-2023,CAR,OTT,4,0,4,4,1,2.0,4.0,-2.0,0,0,4.0,-1.0,5.0,9.0,7.0,4.1,3.8,0.2999999999999998,2.2,2.7,-0.5,6.3,6.5,33.1,32.1,26.3,35.0,0.12294292962489169,0.11975912654545258,0.9045483903070111,0.9232618413868414,0.7,0.8,0.3,0.6,16.2,27.3,6.6,9.9,8.3,16.9,11.0,7.5,11.6,10.5,6.0,3.0,7.0,6.0,1.1972189997378642,1.9321835661585913,1.3984117975602015,1.702938636592639,0.5666666666666673,-0.1333333333333333,-0.8666666666666669,0.2999999999999998,0.1988095238095238,0.2046030210923828,0.14168214567150736,0.15019438564494886,0.3298701298701298,0.2954315188357741,0.25693926771940956,0.2501227478542873,0.5286796536796537,0.5000345399281569,0.39862141339091695,0.40031713349923614,0.8590410692538352,-0.6779155346114045
2022020934,2023-02-25,2022-2023,NYI,LAK,2,3,5,-1,0,1.0,0.0,1.0,0,1,3.0,-2.0,5.0,6.0,6.0,3.1,4.0,-0.8999999999999999,2.7,3.2,-0.5,5.8,7.2,31.3,31.3,34.6,29.9,0.10421449391503834,0.13077518562991103,0.9180401842929686,0.8912732511432455,0.6,1.0,0.6,0.5,25.3,16.8,7.6,10.1,15.1,15.1,5.8,6.0,9.7,5.3,4.0,3.0,6.0,3.0,1.2866839377079171,1.6329931618554527,2.162817093001111,1.6193277068654814,0.5666666666666664,-1.0,-0.3666666666666667,0.46666666666666634,0.20909139612129005,0.13703845068126608,0.2468043501553627,0.2464853270355483,0.1985267330976106,0.4226593033472887,0.2636076288438873,0.454267504780989,0.4076181292189007,0.5596977540285547,0.5104119789992501,0.7007528318165371,0.38621022179363546,0.13987523706151078
2022020949,2023-02-26,2022-2023,WPG,NYI,0,4,4,-4,0,0.0,0.0,0.0,1,1,-2.0,-1.0,-1.0,4.0,5.0,2.1,3.1,-1.0,2.5,2.9,-0.3999999999999999,4.6,6.0,30.5,29.3,31.6,32.8,0.07629498961077905,0.11006244713141262,0.9174810749472867,0.9130712401935897,0.6,0.7,0.4,0.6,17.0,24.8,7.6,7.6,13.2,14.6,6.9,5.5,8.3,9.3,3.0,2.0,6.0,6.0,1.4491376746189442,1.2866839377079171,1.2692955176439848,2.078995483935023,-0.10000000000000009,-0.43333333333333357,0.16666666666666652,-0.8999999999999999,0.1636207320068779,0.1559335644475782,0.20403983145324336,0.19089267177580238,0.3148906902480963,0.20655345985858942,0.30401205525008035,0.22448747758107881,0.4785114222549742,0.3624870243061677,0.5080518867033236,0.4153801493568812,-0.005243466923643782,0.2621266427718041
2022020945,2023-02-26,2022-2023,VGK,DAL,2,3,5,-1,0,1.0,2.0,-1.0,0,0,1.0,-5.0,6.0,6.0,2.0,3.4,2.0,1.4,2.2,2.5,-0.2999999999999998,5.6,4.5,33.9,31.6,30.0,30.9,0.10636875918351973,0.0634350656933167,0.9249021082117057,0.9130843044525798,0.1,0.3,0.5,0.4,22.6,17.5,6.2,5.9,16.8,15.0,8.3,7.4,5.5,11.0,4.0,0.0,4.0,9.0,2.065591117977289,0.9428090415820647,1.0327955589886442,0.9718253158075495,0.2666666666666666,-0.33333333333333326,0.7999999999999998,0.16666666666666652,0.12381299901825353,0.21839080459770113,0.14021109721027616,0.1755952380952381,0.31968879505825315,0.4252873563218391,0.2755053170693565,0.31711822660098526,0.4435017940765067,0.6436781609195402,0.41571641427963263,0.4927134646962234,0.5312117184038366,1.3048029556650247
2022020939,2023-02-26,2022-2023,VAN,BOS,1,3,4,-2,0,1.0,1.0,0.0,0,0,1.0,5.0,-4.0,4.0,6.0,3.8,3.5,0.2999999999999998,4.0,2.4,1.6,7.8,5.9,31.9,32.0,27.0,32.4,0.12435550418147065,0.11199482818879367,0.8468264066755997,0.928620995709218,0.8,0.2,1.0,0.5,24.6,21.7,6.3,9.0,13.4,14.9,5.8,6.6,6.4,9.9,2.0,4.0,4.0,3.0,1.6193277068654834,1.90029237516523,1.4907119849998602,1.4298407059684817,0.5333333333333332,1.5,-1.3333333333333335,0.2666666666666666,0.14878091257401602,0.3285893304690297,0.1430773249738767,0.23440210437500172,0.24994775339602926,0.5646832282170627,0.2738964356205736,0.44669629927105015,0.39872866597004525,0.8932725586860926,0.4169737605944501,0.6810984036460518,-1.5747823058167887,2.002404106355846
2022020946,2023-02-26,2022-2023,SJS,CHI,3,4,7,-1,0,1.0,2.0,-1.0,0,0,-1.0,4.0,-5.0,4.0,5.0,2.9,2.7,0.19999999999999973,2.8,3.6,-0.8000000000000003,5.7,6.3,29.8,30.7,32.7,32.9,0.10317671991265338,0.08923049245856589,0.9164595966683009,0.8915455048514875,0.3,0.3,0.6,0.6,23.6,25.7,9.3,7.6,18.5,16.1,11.7,9.3,7.8,8.6,1.0,2.0,4.0,4.0,1.728840330651992,1.5670212364724212,1.813529401164727,1.4298407059684803,-0.2333333333333334,0.9666666666666663,0.20000000000000018,-0.9333333333333336,0.17231290529069607,0.08834071262913767,0.18781960692149666,0.10067736457596306,0.2922232890818513,0.19817570491694134,0.4452047752018529,0.18706241850321215,0.4645361943725474,0.286516417546079,0.6330243821233495,0.2877397830791752,-1.0897313987612058,-0.9801833013907317
2022020951,2023-02-26,2022-2023,PIT,TBL,7,3,10,4,1,0.0,-1.0,1.0,1,0,1.0,1.0,0.0,4.0,5.0,2.8,3.3,-0.5,3.7,2.6,1.1,6.5,5.9,38.4,34.2,34.6,32.0,0.07037671410984662,0.10417707798559488,0.8895187846800751,0.9114754960182246,0.6,0.7,0.7,0.4,26.3,23.0,10.9,10.8,13.6,14.5,7.3,6.9,9.7,7.8,1.0,3.0,5.0,4.0,1.6193277068654837,1.828782229912693,2.0575065816014617,2.590581230363393,-0.46666666666666634,1.3666666666666671,0.2999999999999998,-0.2666666666666666,0.3185997910135841,0.1693553807891376,0.2003713240782206,0.17034579384284465,0.5439916405433647,0.2947614886513858,0.44893889635268946,0.28423419260155497,0.8625914315569488,0.4641168694405234,0.6493102204309101,0.4545799864443996,-0.6665024630541874,0.44686008603885186
2022020950,2023-02-26,2022-2023,NYR,LAK,5,2,7,3,1,0.0,0.0,0.0,1,1,-4.0,1.0,-5.0,6.0,6.0,3.8,3.9,-0.10000000000000009,3.7,3.1,0.6000000000000001,7.5,7.0,29.5,30.3,27.6,28.6,0.14588659251797167,0.13096315555472307,0.862636268175436,0.8898395593869732,0.8,0.9,0.9,0.6,23.9,16.6,8.4,9.9,14.4,15.6,8.5,6.5,13.1,5.4,3.0,3.0,4.0,3.0,1.988857852023507,1.6633299933166203,1.05934990547138,1.6633299933166186,-2.133333333333333,-1.5666666666666664,0.9666666666666668,-0.43333333333333357,0.33181124328876727,0.13472693032015068,0.2901994069551181,0.24514124293785314,0.39995438116292936,0.42209039548022603,0.3694687160051935,0.44993408662900186,0.7317656244516967,0.5568173258003766,0.6596681229603116,0.6950753295668549,0.06299347299715759,0.1947457627118644
2022020941,2023-02-26,2022-2023,NJD,PHI,7,0,7,7,1,1.0,0.0,1.0,0,1,1.0,-2.0,3.0,7.0,3.0,3.3,2.2,1.0999999999999996,2.6,3.0,-0.3999999999999999,5.9,5.2,33.1,26.7,28.6,29.4,0.1009099387549727,0.08907663183978969,0.9005713053549865,0.8881420300129979,0.5,0.2,0.5,0.7,17.0,25.1,6.5,8.1,17.3,19.3,9.5,5.7,8.6,7.8,4.0,2.0,5.0,5.0,1.159501808728406,1.1352924243950915,1.0749676997731403,1.825741858350553,0.03333333333333366,0.46666666666666634,0.3999999999999999,0.6666666666666665,0.1803713527851459,0.11826741996233521,0.17417438379325856,0.11288542417230583,0.33819628647214856,0.2172465060957479,0.35421611056819774,0.223037630185687,0.5185676392572943,0.33551392605808306,0.5283904943614562,0.3359230543579928,1.2994322676718322,-0.48893482106289066
2022020948,2023-02-26,2022-2023,MIN,CBJ,3,2,5,1,1,0.0,0.0,0.0,1,1,-1.0,1.0,-2.0,5.0,4.0,1.7,2.5,-0.8,2.1,2.8,-0.6999999999999997,3.8,5.3,29.9,31.4,29.3,33.1,0.05924502725956212,0.0811277252159605,0.923764127853949,0.9148028213240919,0.6,0.4,0.0,0.4,23.4,23.4,7.6,8.8,18.5,17.6,7.6,6.6,6.7,5.1,4.0,2.0,7.0,6.0,0.9486832980505152,1.9002923751652296,1.449137674618946,1.2292725943057166,-0.033333333333333215,0.16666666666666652,-1.1,0.5333333333333337,0.06319313663946433,0.15194595684613832,0.11085816228276389,0.2207240606741514,0.16664820353753554,0.31488203266787657,0.25359956483167523,0.37587535976828174,0.22984134017699986,0.4668279895140149,0.36445772711443913,0.5965994204424332,-0.2847778881260837,-1.5470553342604156
2022020942,2023-02-26,2022-2023,DET,TBL,0,3,3,-3,0,1.0,1.0,0.0,0,0,2.0,-1.0,3.0,7.0,5.0,3.3,3.5,-0.20000000000000018,2.2,2.8,-0.5999999999999996,5.5,6.3,23.8,34.9,31.9,30.3,0.1404132566069906,0.1075104113189282,0.9288080686958524,0.9043326388753675,0.9,0.7,0.4,0.4,18.9,24.7,10.0,11.4,18.0,12.6,5.6,7.8,6.9,7.6,3.0,2.0,4.0,5.0,1.8287822299126935,1.9002923751652294,1.3165611772087644,2.440400695696417,-0.2999999999999998,1.5,-0.20000000000000018,0.8666666666666667,0.13670969877523997,0.16881702689325195,0.15782331221134596,0.1713303635263708,0.28643936886240756,0.29807512511686735,0.32395798852477103,0.2928440484701827,0.42314906763764754,0.4668921520101193,0.48178130073611697,0.46417441199655346,-0.20477490897053957,0.3820326678765881
2022020944,2023-02-26,2022-2023,COL,CGY,4,1,5,3,1,0.0,1.0,-1.0,1,0,4.0,-1.0,5.0,6.0,4.0,3.4,3.7,-0.30000000000000027,2.8,3.3,-0.5,6.2,7.0,37.3,36.4,33.9,23.7,0.09470938811604639,0.10018348650508088,0.9179727974234577,0.8646274908764106,0.4,0.8,0.5,0.8,18.6,24.2,9.3,11.0,16.9,13.1,6.3,6.9,4.3,7.3,2.0,3.0,4.0,3.0,1.8378731669453614,1.8287822299126928,1.4757295747452441,1.2516655570345727,1.6,0.2999999999999998,-0.46666666666666634,0.3666666666666667,0.15,0.15405569007263922,0.1273809523809524,0.20754784964833392,0.1627946127946128,0.2513115415657789,0.20044492544492543,0.3014888158653292,0.3127946127946128,0.4053672316384181,0.32782587782587785,0.509036665513663,0.196921596921597,0.10299204427533722
2022020938,2023-02-26,2022-2023,CAR,ANA,2,3,5,-1,0,0.0,1.0,-1.0,1,0,5.0,1.0,4.0,9.0,3.0,4.2,2.6,1.6,2.0,4.2,-2.2,6.2,6.8,33.7,28.8,27.4,42.8,0.12377626295822504,0.09671277207401494,0.9140721998308206,0.9031966689417649,0.7,0.4,0.3,0.8,16.0,13.4,6.7,15.2,8.6,16.4,12.5,5.1,11.7,7.2,7.0,2.0,8.0,4.0,1.1352924243950928,0.8432740427115681,1.5634719199411427,2.299758441421379,-0.20000000000000018,0.06666666666666643,-1.3333333333333335,-0.20000000000000018,0.20112781954887216,0.0965286587475493,0.14203004168174446,0.09406739636328232,0.3240392648287385,0.20584899857763425,0.2522379924856705,0.21255592247956237,0.5251670843776107,0.30237765732518357,0.394268034167415,0.30662331884284466,0.9166542693632478,-1.619433996914748
2022020947,2023-02-26,2022-2023,BUF,WSH,7,4,11,3,1,0.0,0.0,0.0,1,1,2.0,1.0,1.0,5.0,3.0,3.3,2.3,1.0,3.6,3.2,0.3999999999999999,6.9,5.5,31.2,29.2,33.3,29.1,0.10707566579613417,0.07889657375701656,0.8858806356245381,0.8879797846489023,0.6,0.7,0.8,0.5,15.0,24.6,7.6,9.4,11.1,16.5,6.6,6.0,5.4,12.6,0.0,2.0,3.0,6.0,1.888562063228705,1.6363916944844776,1.897366596101027,1.0327955589886448,0.7000000000000002,0.7000000000000002,0.06666666666666643,-0.20000000000000018,0.23723905723905725,0.35455887781469175,0.18587099060783271,0.21802180705009008,0.33957351290684623,0.33148763381321517,0.28627798452359854,0.2690681684168247,0.5768125701459035,0.686046511627907,0.4721489751314312,0.48708997546691485,-0.2274747474747475,-0.8693040502514388
2022020940,2023-02-26,2022-2023,MTL,OTT,2,5,7,-3,0,0.0,0.0,0.0,1,1,2.0,-2.0,4.0,5.0,6.0,3.4,3.6,-0.20000000000000018,3.3,2.9,0.3999999999999999,6.7,6.5,27.6,31.5,33.7,34.3,0.1276809823338575,0.11449596865071573,0.905833050849058,0.9156947915784123,0.7,0.7,0.8,0.6,20.1,28.9,9.5,9.2,18.4,17.0,6.4,7.1,11.3,10.2,3.0,3.0,5.0,5.0,1.8973665961010275,2.2211108331943574,1.8287822299126943,1.5951314818673854,0.2666666666666666,-0.9333333333333336,-0.2999999999999998,-0.2333333333333334,0.1176149247577819,0.2007066276803119,0.1292439703153989,0.14734488565794426,0.3053391053391053,0.28979044834307993,0.31735209235209233,0.24537031732289924,0.42295403009688726,0.49049707602339176,0.4465960626674912,0.39271520298084345,-0.1042980828695115,-0.736854412276458
2022020952,2023-02-27,2022-2023,ARI,NSH,2,6,8,-4,0,3.0,2.0,1.0,0,0,-1.0,2.0,-3.0,5.0,6.0,3.2,3.3,-0.09999999999999964,2.9,3.1,-0.20000000000000018,6.1,6.4,26.5,29.2,39.6,30.4,0.13077631720704472,0.11304715352218472,0.9272487566794967,0.8963109591557867,0.7,0.7,0.6,0.5,24.3,29.0,9.1,8.9,16.2,15.3,7.4,7.0,7.9,9.7,4.0,2.0,5.0,7.0,1.6865480854231358,2.359378449224852,2.2335820757001277,1.3703203194062976,0.46666666666666634,1.0333333333333332,1.4333333333333331,0.2333333333333334,0.08325965222516947,0.19911873840445268,0.09966883691021622,0.141226035868893,0.0826284970722186,0.47847866419294993,0.1705897622943817,0.36515508301222593,0.16588814929738807,0.6775974025974025,0.27025859920459794,0.5063811188811189,-0.8241726306657992,-0.21847438276009706
2022020953,2023-02-27,2022-2023,SEA,TOR,1,5,6,-4,0,2.0,1.0,1.0,0,0,-2.0,3.0,-5.0,4.0,6.0,2.8,3.6,-0.8000000000000003,3.1,2.7,0.3999999999999999,5.9,6.3,29.9,33.6,26.2,30.0,0.0964873315192257,0.10964961198350598,0.8833895284307184,0.912525195327173,0.5,0.8,0.5,0.2,19.4,21.9,6.7,6.7,12.5,14.2,9.6,10.9,5.5,10.2,3.0,2.0,4.0,7.0,2.0439612955674513,1.505545305418162,1.5951314818673865,2.002775851439974,0.20000000000000018,0.733333333333333,0.8999999999999999,-1.0333333333333334,0.2031480178278208,0.14860353419675454,0.1651334314730127,0.1919567596803132,0.41822660098522163,0.24194880550812758,0.37207013476897105,0.29383215575500793,0.6213746188130425,0.39055233970488207,0.5372035662419838,0.48578891543532104,0.7062468399337956,0.32287067427336275
2022020534,2023-02-28,2022-2023,OTT,DET,6,2,8,4,1,1.0,1.0,0.0,0,0,1.0,-1.0,2.0,6.0,7.0,3.5,3.3,0.20000000000000018,2.9,2.2,0.6999999999999997,6.4,5.5,30.3,26.0,34.2,30.7,0.11957618255445905,0.1404132566069906,0.9155053976390184,0.9239399145376375,0.6,0.9,0.5,0.4,28.5,17.7,9.7,9.4,16.9,17.8,6.9,5.5,10.8,7.2,3.0,4.0,5.0,5.0,2.121320343559642,1.8287822299126935,1.5951314818673854,1.3165611772087644,-1.5,-0.9666666666666663,-0.2333333333333334,-0.8666666666666669,0.2042040204387602,0.13431247339293317,0.15131203134438712,0.15499076554732938,0.31096186600577264,0.28139633886760324,0.2569693222813428,0.3181584457403315,0.5151658864445329,0.4157088122605364,0.4082813536257299,0.4731492112876608,-0.5877395341605285,-0.29389154330818834
2022020954,2023-02-28,2022-2023,EDM,BOS,2,3,5,-1,0,2.0,1.0,1.0,0,0,-1.0,6.0,-7.0,4.0,7.0,4.3,3.5,0.7999999999999998,3.6,2.2,1.4,7.9,5.7,36.5,31.5,30.6,31.6,0.11937147021229803,0.11274897600176503,0.8793214961104372,0.9334887205769427,1.1,0.3,0.9,0.4,20.1,20.6,9.6,8.1,11.9,14.5,7.4,6.3,8.1,9.9,1.0,5.0,3.0,3.0,1.7669811040931445,1.90029237516523,1.8973665961010269,1.4757295747452441,1.0333333333333332,0.16666666666666652,-0.2666666666666666,0.1333333333333333,0.36930320150659135,0.3291173281283886,0.21192432802602293,0.23339356479564677,0.6594161958568739,0.5660203860333984,0.43905153227187127,0.444190966266438,1.0287193973634652,0.895137714161787,0.6509758602978941,0.6775845310620846,0.6554699537750384,1.9802809487194653
2022020955,2023-02-28,2022-2023,DAL,VAN,4,5,9,-1,0,1.0,1.0,0.0,0,0,1.0,-1.0,2.0,3.0,3.0,2.0,3.4,-1.4,2.4,4.0,-1.6,4.4,7.4,32.8,31.2,32.7,27.8,0.06163461558078857,0.11335332553223318,0.9204331416618823,0.8486363614267309,0.2,0.6,0.4,0.9,18.2,24.0,5.7,5.9,15.3,13.7,7.3,6.3,10.3,6.7,2.0,2.0,8.0,4.0,0.9428090415820647,1.7763883459298977,0.9660917830792952,1.4907119849998602,0.0,-0.7333333333333334,-0.06666666666666643,-1.3333333333333335,0.21468926553672318,0.08023809523809523,0.17717514124293787,0.11278992387915619,0.42937853107344637,0.08928571428571429,0.3348022598870057,0.1752510326164364,0.6440677966101696,0.16952380952380952,0.5119774011299435,0.2880409564955926,0.7830508474576272,-2.0138517779993355
2022020957,2023-02-28,2022-2023,ANA,CHI,4,2,6,2,1,1.0,1.0,0.0,0,0,2.0,5.0,-3.0,3.0,6.0,2.7,2.7,0.0,4.3,3.2,1.0999999999999996,7.0,5.9,25.9,31.3,44.7,33.4,0.11101832762957049,0.08745709344378758,0.9023642605066927,0.9015745746189294,0.4,0.2,0.8,0.4,13.1,24.7,14.0,7.2,17.2,16.3,5.1,9.5,7.7,7.5,0.0,3.0,3.0,4.0,0.823272602348565,1.5670212364724212,2.162817093001112,0.7888106377466134,-0.03333333333333366,0.2999999999999998,-0.9666666666666663,-0.5333333333333337,0.09944302313186226,0.11042853751187083,0.11026572925300594,0.12191118345647989,0.20074263582418364,0.2133190883190883,0.2541695038531349,0.15878698920894926,0.30018565895604593,0.3237476258309591,0.3644352331061409,0.2806981726654291,-1.7000689082796534,-1.0526005553228783
2022020956,2023-02-28,2022-2023,COL,VGK,3,0,3,3,1,1.0,1.0,0.0,0,0,5.0,-1.0,6.0,7.0,6.0,3.5,3.4,0.10000000000000009,2.5,2.1,0.3999999999999999,6.0,5.5,35.1,35.2,33.7,30.7,0.10607302447968277,0.10435325530755075,0.9274277473678403,0.9285842787543415,0.4,0.1,0.6,0.4,19.0,24.3,10.6,6.3,18.1,16.4,6.7,9.0,4.2,5.0,3.0,2.0,4.0,5.0,1.840893502864542,2.065591117977289,1.5092308563562364,0.9944289260117527,1.5,-0.7333333333333334,-0.16666666666666652,0.2333333333333334,0.08121212121212122,0.12154083204930662,0.12456090740046598,0.14834103749357985,0.15874608150470218,0.31364149974319466,0.1982067513729887,0.3291371340523883,0.23995820271682342,0.43518233179250126,0.3227676587734547,0.47747817154596817,-0.05304916021472428,0.5681972265023112
2022020966,2023-03-01,2022-2023,ARI,CHI,4,1,5,3,1,1.0,0.0,1.0,0,1,-2.0,-1.0,-1.0,4.0,6.0,2.9,2.7,0.19999999999999973,3.5,3.3,0.20000000000000018,6.4,6.0,26.7,31.0,39.7,34.1,0.1181837246144521,0.08825284941195734,0.9096016978559673,0.9009918240361788,0.6,0.4,0.8,0.5,24.2,23.8,9.6,7.8,15.8,16.9,7.2,8.6,8.6,7.3,3.0,3.0,5.0,3.0,1.595131481867387,1.5670212364724212,2.1730674684008835,0.8232726023485627,-0.2333333333333334,0.2999999999999998,1.166666666666667,0.03333333333333366,0.05353107344632768,0.13286619218822607,0.06434723606956906,0.1446985088422844,0.09813768570830717,0.18962628708391419,0.1389381238999052,0.17386225534968958,0.15166875915463485,0.3224924792721403,0.20328535996947428,0.31856076419197404,-1.3863548244156418,-1.2528839366361284
2022020958,2023-03-01,2022-2023,BUF,CBJ,3,5,8,-2,0,2.0,2.0,0.0,0,0,3.0,-1.0,4.0,5.0,4.0,3.7,2.6,1.1,3.8,2.8,1.0,7.5,5.4,31.3,31.3,34.2,34.4,0.11766125138171976,0.08546105854929383,0.8820711118150143,0.9176620588607488,0.5,0.4,0.8,0.5,14.5,23.8,8.1,8.8,10.5,17.7,7.0,6.7,5.2,5.1,1.0,2.0,4.0,6.0,2.213594362117865,1.8378731669453627,1.8135294011647254,1.2292725943057166,1.6333333333333329,0.06666666666666643,-0.46666666666666634,0.5333333333333337,0.24488583312112722,0.14932787843366455,0.19686820391688545,0.21639525162483642,0.3398141074611663,0.31511786479641535,0.28999989192686965,0.3716298239127082,0.5846999405822936,0.46444574323007987,0.48686809584375507,0.5880250755375446,-0.0032649737010791713,-1.5560820729288363
2022020965,2023-03-01,2022-2023,CGY,BOS,3,4,7,-1,0,2.0,0.0,2.0,0,1,-2.0,7.0,-9.0,3.0,8.0,3.3,3.5,-0.20000000000000018,3.5,2.0,1.5,6.8,5.5,35.5,30.3,22.9,30.3,0.09047386763030776,0.11596326171605073,0.8531123393612591,0.9359661980544203,0.9,0.3,0.9,0.4,24.7,21.6,11.3,8.1,12.6,14.0,6.5,6.7,6.7,10.7,1.0,6.0,3.0,3.0,1.9465068427541905,1.90029237516523,1.1785113019775795,1.3333333333333341,0.03333333333333366,0.16666666666666652,0.16666666666666652,0.6666666666666665,0.15146198830409355,0.3230739879128048,0.2068421052631579,0.2319701389658186,0.24707602339181287,0.5555063205445392,0.29909356725146197,0.44611474219317354,0.39853801169590647,0.878580308457344,0.5059356725146199,0.6780848811589922,0.051228070175438595,1.9633063771648018
2022020962,2023-03-01,2022-2023,MIN,NYI,2,1,3,1,1,2.0,2.0,0.0,0,0,1.0,1.0,0.0,6.0,5.0,1.9,3.3,-1.4,2.0,2.8,-0.7999999999999998,3.9,6.1,30.4,28.7,28.1,32.5,0.06349910651364138,0.1200624471314126,0.923764127853949,0.9169173940397435,0.6,0.6,0.0,0.6,24.1,24.3,7.8,8.3,18.6,15.1,8.1,5.5,7.0,9.6,5.0,2.0,8.0,6.0,0.9944289260117545,1.2516655570345707,1.4142135623730971,2.2010098692292233,0.10000000000000009,-0.6333333333333333,-0.6666666666666667,-1.4666666666666666,0.06190476190476191,0.15336312433086627,0.10878088198949047,0.18730197520520098,0.1686202686202686,0.20833527285140185,0.254330423613867,0.22562607643252805,0.2305250305250305,0.3616983971822681,0.36311130560335747,0.412928051637729,-0.31611620085574593,0.3635386119257087
2022020963,2023-03-01,2022-2023,NSH,PIT,1,3,4,-2,0,1.0,2.0,-1.0,0,0,3.0,2.0,1.0,6.0,5.0,3.7,3.1,0.6000000000000001,3.2,3.5,-0.2999999999999998,6.9,6.6,28.5,37.9,29.8,34.4,0.12581616356522635,0.08006506099331545,0.8919338547786824,0.8953029893519326,0.9,0.5,0.5,0.8,28.2,26.0,8.6,10.6,15.5,13.3,6.8,7.6,9.0,9.5,3.0,3.0,6.0,5.0,2.4517567397911053,2.078995483935024,1.2292725943057183,2.0138409955990952,1.6333333333333329,0.8999999999999999,-0.5333333333333337,0.5,0.2132247284878864,0.330407586763519,0.18488496883233727,0.20811184366841132,0.48756474519632415,0.546004842615012,0.37997220615641664,0.46466980901015714,0.7007894736842105,0.8764124293785311,0.5648571749887539,0.6727816526785686,0.5120165799113168,-0.5189720018293713
2022020959,2023-03-01,2022-2023,OTT,DET,6,1,7,5,1,0.0,0.0,0.0,1,1,2.0,-2.0,4.0,6.0,7.0,3.6,3.3,0.30000000000000027,3.1,2.4,0.7000000000000002,6.7,5.7,30.9,25.2,33.8,32.3,0.11997300795128445,0.14249658994032394,0.907172064305685,0.9250388156365386,0.7,1.0,0.6,0.5,29.4,19.2,9.9,9.2,16.5,18.5,6.6,6.1,11.1,6.7,3.0,4.0,5.0,4.0,2.221110833194357,1.8287822299126935,1.2866839377079178,1.712697677155349,0.06666666666666643,-1.2999999999999998,-0.7666666666666666,0.6000000000000001,0.20608967423969227,0.13764766307139187,0.1544487063203255,0.15508332890565502,0.32925351604760184,0.27652799178222903,0.2704467279680647,0.31589695907054177,0.5353431902872942,0.414175654853621,0.42489543428839016,0.47098028797619684,-0.4892398683311052,-0.4093480686467244
2022020967,2023-03-01,2022-2023,SJS,MTL,1,3,4,-2,0,2.0,2.0,0.0,0,0,-2.0,-1.0,-1.0,4.0,5.0,2.8,3.3,-0.5,2.6,3.4,-0.7999999999999998,5.4,6.7,31.6,28.5,32.6,31.7,0.09609338657932005,0.12088750407298794,0.9217770569857613,0.8926295876455945,0.3,0.7,0.5,0.7,24.6,18.5,10.2,9.3,18.0,17.4,12.2,6.3,7.7,11.1,1.0,2.0,5.0,5.0,1.6865480854231356,1.946506842754191,1.646545204697131,1.8973665961010282,0.20000000000000018,0.7000000000000002,0.3999999999999999,-0.3999999999999999,0.1752403607889781,0.11404682274247492,0.18713117051346462,0.16673101371041876,0.30413817028446827,0.3336801684627772,0.4671426886913368,0.27549505499162247,0.47937853107344636,0.4477269912052521,0.6542738592048015,0.44222606870204123,-1.0085919796569154,-0.40146961606915843
2022020964,2023-03-01,2022-2023,STL,SEA,3,5,8,-2,0,3.0,1.0,2.0,0,0,-5.0,-3.0,-2.0,3.0,3.0,2.8,2.6,0.19999999999999973,3.6,3.5,0.10000000000000009,6.4,6.1,29.1,29.5,36.0,27.0,0.09443461818461814,0.09051361586809069,0.8957493774924682,0.8722380132792033,0.4,0.5,0.5,0.5,23.7,20.1,8.4,6.5,15.3,12.1,8.6,9.6,6.3,5.5,3.0,1.0,6.0,4.0,1.8737959096740262,2.1186998109427595,1.5055453054181618,1.5092308563562364,-1.133333333333333,-0.6000000000000001,-0.2666666666666666,1.5,0.10251669234720083,0.19932868062479228,0.13730418592706728,0.16208660049912155,0.2313302516692347,0.4161426830619253,0.22484484677281283,0.36817601865784905,0.33384694401643555,0.6154713636867176,0.3621490326998802,0.5302626191569706,-1.8961414997431945,0.570150891269604
2022020960,2023-03-01,2022-2023,TBL,FLA,1,4,5,-3,0,2.0,3.0,-1.0,0,0,-1.0,-1.0,0.0,5.0,5.0,3.5,3.4,0.10000000000000009,2.6,3.0,-0.3999999999999999,6.1,6.4,33.8,42.8,30.7,32.5,0.11149160254149873,0.08025322553263727,0.9063167658594944,0.9025593990121301,0.8,0.2,0.4,0.8,24.5,18.6,9.6,9.6,14.3,13.0,7.3,7.9,8.8,7.5,2.0,2.0,4.0,6.0,1.6499158227686102,1.9550504398153565,2.590581230363393,1.6996731711975948,0.16666666666666652,-0.7333333333333334,1.733333333333333,1.0,0.1703995157384988,0.13837994214079075,0.16919776385130322,0.0929672980931585,0.2974172719935432,0.1471659702132219,0.2877083036604472,0.3094968908988129,0.467816787732042,0.28554591235401267,0.45690606751175045,0.4024641889919714,0.3952428428998718,0.6242365798778527
2022020961,2023-03-01,2022-2023,WPG,LAK,5,6,11,-1,0,2.0,2.0,0.0,0,0,-3.0,-1.0,-2.0,4.0,5.0,1.9,3.7,-1.8000000000000003,2.5,3.3,-0.7999999999999998,4.4,7.0,30.7,29.8,30.3,25.9,0.06677118008696953,0.12598480057636807,0.9127709300197505,0.8722800355774494,0.5,1.0,0.3,0.7,17.0,15.8,7.9,9.2,12.9,14.8,6.4,5.9,8.1,5.0,3.0,2.0,6.0,3.0,1.595131481867387,1.7669811040931431,1.2692955176439848,1.7669811040931418,-1.2333333333333334,-1.0333333333333337,0.8333333333333335,0.3666666666666667,0.16033235989431233,0.13249223186542375,0.15947136113912982,0.24110950391085395,0.30889306077040746,0.41496839172827604,0.2782335923798129,0.44792135433408337,0.46922542066471973,0.5474606235936997,0.4377049535189426,0.6890308582449373,-0.23304251046062752,0.11644165863066538
2022020972,2023-03-02,2022-2023,VGK,CAR,3,2,5,1,1,1.0,3.0,-2.0,0,0,-2.0,-1.0,-1.0,6.0,8.0,3.3,3.9,-0.6000000000000001,2.0,2.0,0.0,5.3,5.9,34.9,35.4,30.1,26.1,0.10141207883696253,0.1136609589749965,0.930215980386043,0.9056670274170274,0.1,0.6,0.4,0.3,23.3,15.7,6.0,6.9,17.5,8.0,9.4,12.4,5.0,11.1,4.0,2.0,5.0,8.0,2.2135943621178655,1.2866839377079182,0.9428090415820627,1.5634719199411427,-1.2999999999999998,-0.5666666666666664,0.3333333333333335,-0.6666666666666667,0.11935107376283845,0.19762048800161325,0.14578664799253035,0.14247193944821637,0.3078197945845005,0.32425892316999394,0.3233543417366947,0.25063024651435334,0.4271708683473389,0.5218794111716071,0.46914098972922497,0.39310218596256963,0.4362745098039216,0.8793375300699646
2022020969,2023-03-02,2022-2023,EDM,TOR,5,2,7,3,1,1.0,2.0,-1.0,0,0,-2.0,4.0,-6.0,3.0,7.0,4.0,3.9,0.10000000000000009,3.7,2.2,1.5,7.7,6.1,36.2,33.6,30.2,29.3,0.10918628502711285,0.11874052107441506,0.8748572103961514,0.9264685504469987,1.0,0.7,0.9,0.1,20.3,20.7,8.8,5.9,12.7,15.3,8.3,11.4,9.2,9.3,1.0,3.0,4.0,6.0,1.8856180831641276,1.4491376746189435,1.828782229912693,1.6865480854231358,0.666666666666667,0.4333333333333331,-0.03333333333333366,-0.5333333333333334,0.3378007861183012,0.15087719298245614,0.18214761942113109,0.19382416306195613,0.5442383280605886,0.23684210526315788,0.35789495472411775,0.2911087547244617,0.8820391141788898,0.38771929824561396,0.5400425741452489,0.48493291778641784,0.701291604570293,0.4803036933555507
2022020968,2023-03-02,2022-2023,PHI,NYR,2,3,5,-1,0,3.0,3.0,0.0,0,0,-3.0,1.0,-4.0,2.0,6.0,1.8,3.8,-1.9999999999999998,3.7,3.5,0.20000000000000018,5.5,7.3,25.7,28.3,29.0,27.2,0.07695541971857757,0.15454460117598035,0.8686975855685534,0.8679934110325789,0.2,0.8,0.7,0.9,25.7,23.3,8.2,8.6,18.7,14.4,5.4,8.1,8.1,12.1,1.0,3.0,5.0,4.0,1.1352924243950906,1.988857852023507,1.8885620632287055,1.178511301977579,-0.4666666666666668,-0.7999999999999998,1.2999999999999998,0.5,0.09685792349726775,0.33686076894363565,0.14228356953246127,0.29343038447181785,0.15800056045957686,0.4039069304466841,0.24662984264156498,0.37139790966778646,0.2548584839568446,0.7407676993903197,0.3889134121740263,0.6648282941396043,-0.6322856757059845,0.14772303098170958
2022020971,2023-03-02,2022-2023,COL,NJD,5,7,12,-2,0,1.0,3.0,-2.0,0,0,6.0,2.0,4.0,7.0,7.0,3.4,3.7,-0.30000000000000027,2.3,2.4,-0.10000000000000009,5.7,6.1,35.4,33.8,34.0,27.4,0.10199332808499584,0.11000955561321024,0.9345706045106976,0.9062855910692724,0.4,0.5,0.5,0.4,19.3,16.6,10.2,6.6,17.8,16.3,7.0,9.2,4.3,9.3,3.0,2.0,4.0,6.0,1.8378731669453614,1.6363916944844774,1.7029386365926402,1.3498971154211061,0.6000000000000001,0.6333333333333329,-1.6333333333333333,-0.06666666666666643,0.09246031746031746,0.17576898932831134,0.10683941424073003,0.17326341537329262,0.11426553672316382,0.33605356769198574,0.1380973994906867,0.35286021458824884,0.2067258541834813,0.5118225570202971,0.24493681373141674,0.5261236299615416,-0.048333594743050545,1.4434378855769856
2022020973,2023-03-02,2022-2023,ANA,WSH,2,3,5,-1,0,1.0,3.0,-2.0,0,0,3.0,-1.0,4.0,4.0,3.0,2.9,2.6,0.2999999999999998,4.3,3.4,0.8999999999999999,7.2,6.0,25.8,29.8,43.2,30.1,0.11725718680960615,0.08806324042368321,0.8995500015948729,0.8875793842485018,0.4,0.7,1.0,0.4,13.1,22.3,12.8,10.1,15.8,16.7,4.8,5.4,6.9,12.0,1.0,2.0,4.0,6.0,0.8755950357709138,1.6465452046971298,2.162817093001112,1.5055453054181622,0.7666666666666666,1.4,-2.3,0.9333333333333331,0.10234567901234566,0.35925039872408293,0.09334329136972419,0.23487528082180031,0.19592592592592595,0.3289473684210526,0.20973519759070655,0.2810629641062578,0.29827160493827165,0.6881977671451356,0.30307848896043077,0.5159382449280582,-1.550354697053134,-0.8202558265164377
2022020970,2023-03-02,2022-2023,DAL,ARI,4,2,6,2,1,1.0,0.0,1.0,0,1,-1.0,1.0,-2.0,3.0,5.0,2.2,3.2,-1.0,2.6,3.4,-0.7999999999999998,4.8,6.6,34.5,26.6,32.4,37.6,0.06263712184645272,0.127363760265076,0.9091236178523584,0.9098794756337449,0.3,0.6,0.5,0.8,16.6,25.8,5.4,9.7,14.4,15.4,7.8,7.4,10.3,8.2,2.0,1.0,8.0,6.0,1.1352924243950944,1.4757295747452437,1.264911064067351,2.2705848487901874,0.7999999999999998,-0.20000000000000018,1.0666666666666664,0.9333333333333331,0.21666666666666667,0.05813008130081301,0.18022875816993464,0.060142734885995475,0.4388888888888889,0.09646464646464648,0.3401960784313726,0.10712956634009267,0.6555555555555556,0.15459472776545946,0.5204248366013071,0.16727230122608813,0.7705882352941176,-1.372518046779921
2022020981,2023-03-03,2022-2023,VAN,MIN,1,2,3,-1,0,2.0,1.0,1.0,0,0,1.0,2.0,-1.0,4.0,7.0,3.5,1.9,1.6,3.9,1.6,2.3,7.4,3.5,30.3,30.7,28.2,29.0,0.12382951600842365,0.0631534843938257,0.8528159279901985,0.9373931601120136,0.7,0.5,0.9,0.0,23.1,23.0,6.1,7.7,14.4,18.6,6.5,7.9,6.7,6.8,1.0,1.0,4.0,8.0,1.8408935028645441,0.9944289260117545,1.4491376746189444,0.9660917830793,-0.5,-0.23333333333333317,-1.2333333333333334,0.06666666666666665,0.1444833291398858,0.0669638889185163,0.13088988769185023,0.13215083677221826,0.24472197442759444,0.1651147825406814,0.22644330840138158,0.25298625619073106,0.3892053035674801,0.23207867145919772,0.3573331960932318,0.38513709296294935,-1.6476246025755392,-0.2282237835332538
2022020977,2023-03-03,2022-2023,TBL,PIT,4,5,9,-1,0,1.0,1.0,0.0,0,0,-2.0,3.0,-5.0,5.0,5.0,3.3,3.2,0.09999999999999964,2.5,3.5,-1.0,5.8,6.7,33.0,37.5,32.5,32.7,0.10683177029545961,0.08362543251034332,0.9169985840413126,0.893683941732885,0.8,0.5,0.2,0.8,25.4,24.8,8.9,10.2,15.1,13.8,5.8,7.2,8.6,9.2,2.0,4.0,4.0,4.0,1.828782229912693,2.0439612955674527,2.5495097567963927,2.0138409955990952,-0.9666666666666663,1.1333333333333329,0.8333333333333335,-1.5,0.1675438596491228,0.3304093567251462,0.17616959064327486,0.20712387028176502,0.2923976608187135,0.5368421052631579,0.37353801169590645,0.4586447178552442,0.45994152046783626,0.867251461988304,0.5497076023391813,0.6657685881370091,0.30087719298245613,-0.4115971747550694
2022020983,2023-03-03,2022-2023,SJS,STL,3,6,9,-3,0,1.0,1.0,0.0,0,0,-3.0,-6.0,3.0,3.0,3.0,2.3,2.9,-0.6000000000000001,2.4,3.7,-1.3000000000000003,4.7,6.6,32.3,28.8,31.6,35.5,0.0799074891434226,0.09929176104176099,0.9250815416435112,0.8897493774924682,0.3,0.3,0.3,0.5,22.4,23.4,9.7,7.8,16.7,15.7,11.5,8.3,8.2,7.1,1.0,0.0,6.0,7.0,1.3374935098492586,1.8529256146249728,1.577621275493233,1.4944341180973262,-0.2999999999999998,-0.5666666666666664,1.2666666666666666,-0.3666666666666667,0.17231643740971045,0.09841269841269841,0.18399909404379036,0.0884920634920635,0.29908297217511465,0.15952380952380954,0.45933619279088805,0.20753968253968255,0.47139940958482507,0.25793650793650796,0.6433352868346783,0.29603174603174603,-1.057761734581445,-1.7126984126984128
2022020976,2023-03-03,2022-2023,NYR,OTT,3,5,8,-2,0,0.0,1.0,-1.0,1,0,2.0,3.0,-1.0,6.0,6.0,3.7,3.7,0.0,3.4,2.8,0.6000000000000001,7.1,6.5,28.7,30.7,27.5,32.3,0.1474969821283613,0.12495385086316182,0.8728505538897219,0.9137897113645085,0.9,0.7,1.0,0.4,23.8,29.3,9.0,11.4,14.0,16.4,7.4,7.1,11.2,10.6,2.0,2.0,3.0,6.0,2.0027758514399743,2.311805451253293,1.2649110640673518,1.3984117975602008,-0.03333333333333366,1.9666666666666668,-0.06666666666666643,-1.133333333333333,0.33846849723286504,0.20792483660130723,0.33590091528309923,0.16040181224004757,0.4364357173265219,0.33578431372549017,0.4258681318873046,0.27485463882522704,0.774904214559387,0.5437091503267973,0.7617690471704041,0.4352564510652746,-0.17107384377028245,-0.3695187165775401
2022020982,2023-03-03,2022-2023,LAK,MTL,3,2,5,1,1,1.0,1.0,0.0,0,0,1.0,1.0,0.0,6.0,6.0,4.0,3.6,0.3999999999999999,3.3,3.1,0.19999999999999973,7.3,6.7,30.7,28.9,26.5,32.1,0.13235545694702444,0.13026250407298795,0.8761510033193849,0.9014940565100634,1.1,0.7,0.7,0.6,15.3,16.1,8.6,9.3,15.4,17.9,5.6,6.8,5.3,11.9,3.0,3.0,3.0,5.0,1.6996731711975956,1.577621275493231,1.7669811040931418,2.0248456731316593,-0.6666666666666665,-0.2666666666666666,0.7000000000000002,-0.43333333333333357,0.2260708619777895,0.1103035108585525,0.2973874400437901,0.13391686005644984,0.5246783007227217,0.3200960310118497,0.49356910697332085,0.27845355632525876,0.7507491627005113,0.43039954187040214,0.790956547017111,0.41237041638170857,0.021997086847207914,-0.7453458213610054
2022020978,2023-03-03,2022-2023,DET,SEA,4,5,9,-1,0,1.0,1.0,0.0,0,0,-3.0,1.0,-4.0,6.0,4.0,3.2,3.1,0.10000000000000009,2.9,3.4,-0.5,6.1,6.5,25.2,28.9,31.4,26.7,0.1366142369991475,0.10974438509885993,0.9055943711920941,0.8745237275649174,0.9,0.5,0.7,0.5,20.6,18.6,11.9,7.1,18.1,12.4,5.8,10.4,7.4,5.3,2.0,2.0,3.0,4.0,1.9321835661585915,2.024845673131658,1.9692073983655896,1.5055453054181622,-2.2,0.5666666666666664,1.766666666666667,1.266666666666667,0.1353174603174603,0.1956510809451986,0.15522381268891738,0.16229539087945002,0.2777777777777778,0.41500754147812974,0.3134070012185665,0.37045725828481335,0.4130952380952381,0.6106586224233284,0.4686308139074839,0.5327526491642635,-0.4563215116555096,0.5433034954160257
2022020979,2023-03-03,2022-2023,CHI,DAL,2,5,7,-3,0,1.0,0.0,1.0,0,1,-2.0,1.0,-3.0,5.0,4.0,2.4,2.4,0.0,3.4,2.5,0.8999999999999999,5.8,4.9,29.0,35.1,34.8,31.5,0.08332860698771491,0.06667893369314262,0.9004090734534282,0.9094684454385653,0.4,0.3,0.5,0.6,23.2,17.5,8.1,5.8,17.0,14.4,7.6,7.2,7.3,10.6,2.0,1.0,2.0,8.0,1.577621275493231,1.2649110640673527,0.843274042711566,1.2692955176439842,-0.3999999999999999,0.9333333333333336,0.2666666666666666,0.5,0.1291976560739238,0.21311475409836067,0.1440854067034203,0.1826923076923077,0.18415596123506872,0.43169398907103823,0.16949635912257224,0.34042664985287935,0.3133536173089926,0.6448087431693988,0.31358176582599256,0.523118957545187,-1.3220530975535705,0.8076923076923077
2022020980,2023-03-03,2022-2023,CGY,TOR,1,2,3,-1,0,1.0,0.0,1.0,0,1,-3.0,-1.0,-2.0,3.0,6.0,3.2,3.6,-0.3999999999999999,3.4,2.6,0.7999999999999998,6.6,6.2,38.0,33.7,21.6,30.1,0.0832370255250446,0.10736485969875371,0.8482638545127742,0.9150102171136654,0.8,0.7,0.9,0.1,24.6,20.1,9.5,6.2,12.7,15.2,6.7,10.8,6.5,8.9,1.0,3.0,4.0,5.0,1.9321835661585913,1.505545305418162,1.0749676997731403,1.837873166945363,-0.8666666666666667,-0.6000000000000001,0.6000000000000001,-0.2666666666666666,0.14895421141888074,0.05713375877310304,0.2034281396749391,0.19372223431382377,0.24298096853212736,0.27582763320468234,0.30278267327281394,0.3097149834141994,0.3919351799510081,0.3329613919777854,0.506210812947753,0.5034372177280232,0.04949622585043062,0.30673834494219376
2022020974,2023-03-03,2022-2023,BOS,BUF,7,1,8,6,1,1.0,1.0,0.0,0,0,8.0,-1.0,9.0,9.0,5.0,3.8,3.8,0.0,2.0,4.0,-2.0,5.8,7.8,29.8,32.3,32.5,34.2,0.13196326171605074,0.11852671164922565,0.9392744687311121,0.8763568261007284,0.4,0.6,0.3,0.8,21.1,15.0,8.4,7.5,15.5,10.4,6.9,6.9,11.1,5.9,2.0,4.0,3.0,5.0,1.6865480854231356,2.1499353995462793,1.3333333333333341,1.6996731711975945,-0.7999999999999998,0.5333333333333332,0.0,-1.0,0.3172494172494172,0.24046494441231284,0.22674065065369411,0.2088640019953453,0.562898212898213,0.33957489878542507,0.4975119083814737,0.31380956095559803,0.8801476301476301,0.5800398431977379,0.7242525590351677,0.5226735629509432,2.3399260160129725,-0.27593658354392536
2022020975,2023-03-03,2022-2023,FLA,NSH,1,2,3,-1,0,1.0,1.0,0.0,0,0,1.0,-1.0,2.0,6.0,5.0,3.5,3.2,0.2999999999999998,2.8,3.0,-0.20000000000000018,6.3,6.2,42.1,26.9,32.2,29.2,0.08375932309361286,0.11518201722376294,0.908486123150061,0.8961296589744865,0.2,0.8,0.9,0.5,19.9,28.7,9.6,8.8,13.9,16.2,8.5,7.3,7.2,8.6,3.0,3.0,5.0,6.0,1.957890020745121,2.440400695696417,1.8135294011647256,1.2472191289246466,-0.5,1.1333333333333329,-0.46666666666666634,-1.0,0.13895781637717122,0.2095002550324425,0.17617165047454822,0.18879879838418737,0.15301902398676592,0.4788975481299598,0.2306816110807363,0.38548754884880837,0.2919768403639372,0.6883978031624022,0.4068532615552845,0.5742863472329958,1.2607456785969635,0.6395001856755449
2022020985,2023-03-04,2022-2023,EDM,WPG,6,3,9,3,1,1.0,2.0,-1.0,0,0,1.0,-4.0,5.0,4.0,4.0,4.4,2.4,2.0000000000000004,3.8,2.6,1.1999999999999997,8.2,5.0,35.9,29.8,29.4,30.7,0.12195414216997,0.08290021234503404,0.870492131031072,0.9113786286274491,1.1,0.5,1.0,0.4,21.5,17.8,9.3,8.3,12.4,13.4,9.0,7.0,9.6,8.0,2.0,1.0,5.0,6.0,1.5776212754932333,1.712697677155351,1.6865480854231352,1.4298407059684815,-0.40000000000000036,-0.3999999999999999,-0.1333333333333333,1.733333333333333,0.33774321194770146,0.20688148492289993,0.1818380828871967,0.22163543989112008,0.5519034507072217,0.3263441811759327,0.3627638695661346,0.3191121836865294,0.8896466626549232,0.5332256660988326,0.5446019524533313,0.5407476235776495,0.7721099088990984,-0.1477191999193725
2022020993,2023-03-04,2022-2023,SJS,WSH,3,8,11,-5,0,0.0,1.0,-1.0,1,0,-4.0,1.0,-5.0,2.0,3.0,2.2,2.5,-0.2999999999999998,2.6,3.3,-0.6999999999999997,4.8,5.8,32.6,30.3,30.1,29.0,0.07372567096160443,0.08399084223363797,0.9104623770243465,0.8877072614863536,0.1,0.7,0.4,0.4,20.6,22.2,8.6,10.2,14.9,15.4,10.4,5.8,9.0,12.0,1.0,2.0,7.0,6.0,1.2292725943057181,1.5811388300841904,1.7763883459298986,1.5670212364724214,0.1333333333333333,1.833333333333333,0.7333333333333334,0.7000000000000002,0.22051824431517716,0.3507662835249042,0.15540978129129857,0.22421156201944378,0.5605499735589635,0.34348659003831417,0.47349532576253256,0.23522549949515037,0.7810682178741407,0.6942528735632184,0.6289051070538312,0.45943706151459424,-1.188319336016277,-0.8806928168568777
2022020988,2023-03-04,2022-2023,VGK,NJD,4,3,7,1,1,1.0,1.0,0.0,0,0,1.0,3.0,-2.0,7.0,7.0,3.5,3.9,-0.3999999999999999,2.0,2.5,-0.5,5.5,6.4,32.3,33.3,28.9,27.5,0.11423816579348427,0.11944160429475184,0.9277868305884722,0.9034898921445411,0.1,0.5,0.4,0.4,23.9,16.4,5.8,6.4,17.3,16.2,10.2,9.5,5.3,8.6,5.0,3.0,6.0,5.0,2.068278940998476,1.9119507199599985,0.9428090415820627,1.5092308563562364,-1.8333333333333333,2.1,0.0,0.16666666666666652,0.1172392941159119,0.18888888888888888,0.146051341047027,0.1839924670433145,0.3076757151390456,0.3452380952380952,0.32323676467334794,0.36000134517083665,0.42491500925495745,0.5341269841269841,0.4692881057203749,0.5439938122141512,0.4112353708988739,1.4990314769975785
2022020992,2023-03-04,2022-2023,FLA,PIT,4,1,5,3,1,0.0,0.0,0.0,1,1,-1.0,4.0,-5.0,5.0,5.0,2.9,3.1,-0.20000000000000018,2.9,3.6,-0.7000000000000002,5.8,6.7,40.3,34.8,31.2,32.7,0.07269941525951149,0.08908094098491959,0.9028207740064511,0.8904581352812722,0.1,0.4,1.0,0.9,19.8,26.6,8.2,10.6,13.5,14.1,8.4,7.6,7.7,9.1,2.0,4.0,5.0,4.0,1.663329993316619,1.9119507199599988,1.7288403306519917,2.0110804171997807,-0.8999999999999999,1.9,-0.8999999999999999,-0.9333333333333336,0.09863232504741938,0.3249481816468815,0.20487171807926527,0.23637297985831718,0.15653389238294899,0.5449406444318824,0.23740673113771105,0.4496597702370802,0.2551662174303684,0.8698888260787639,0.4422784492169763,0.6860327500953973,1.2340487300621201,-0.39307269186345456
2022020997,2023-03-04,2022-2023,DAL,COL,7,3,10,4,1,0.0,1.0,-1.0,1,0,2.0,-1.0,3.0,4.0,7.0,2.7,3.8,-1.0999999999999996,2.5,2.7,-0.20000000000000018,5.2,6.5,34.6,34.3,30.2,33.0,0.07568977380154371,0.115741407962108,0.9058269888559323,0.918405190976863,0.5,0.4,0.5,0.6,17.9,19.5,5.4,10.2,15.0,17.0,7.2,7.4,9.6,4.9,2.0,4.0,7.0,5.0,1.4944341180973273,1.6865480854231334,1.2692955176439842,2.057506581601462,1.6333333333333329,0.20000000000000018,0.5,-0.3666666666666667,0.21505376344086022,0.090882945067587,0.1823899371069182,0.1289253469294154,0.43548387096774194,0.11233822260569455,0.343325218096977,0.17335647293790032,0.6505376344086021,0.20322116767328158,0.5257151552038953,0.3022818198673158,0.8435788192331102,-0.394135117949759
2022020989,2023-03-04,2022-2023,NYI,DET,4,1,5,3,1,2.0,0.0,2.0,0,1,-1.0,-4.0,3.0,4.0,5.0,3.0,3.1,-0.10000000000000009,2.9,3.2,-0.30000000000000027,5.9,6.3,29.9,25.6,32.4,31.7,0.10827673284569835,0.1304073404474233,0.9136915875881307,0.897963210619757,0.6,0.7,0.6,0.7,24.5,22.7,9.0,12.8,15.0,17.7,5.2,6.2,8.7,7.1,2.0,4.0,5.0,3.0,1.4142135623730934,1.8529256146249724,2.078995483935023,2.0439612955674513,-0.6666666666666665,-0.7666666666666666,-1.5666666666666667,2.466666666666667,0.1568287037037037,0.1092896174863388,0.18682856964106964,0.1328803566292781,0.20486111111111108,0.1912568306010929,0.22150945588445584,0.26593567251461986,0.3616898148148148,0.3005464480874317,0.40833802552552556,0.398816029143898,0.3414642320892321,-0.4603249928098936
2022020536,2023-03-04,2022-2023,BUF,TBL,5,3,8,2,1,0.0,0.0,0.0,1,1,-2.0,-3.0,1.0,5.0,4.0,3.8,3.2,0.5999999999999996,4.1,3.0,1.0999999999999996,7.9,6.2,32.0,32.9,34.9,32.7,0.11889708201959603,0.10410999610191118,0.8759780382219405,0.9013735840413126,0.6,0.8,0.8,0.2,16.4,25.5,7.7,8.3,9.6,14.6,6.9,5.3,6.8,8.6,1.0,3.0,4.0,4.0,2.1499353995462793,1.7511900715418256,1.7288403306519917,2.4944382578492945,-0.1333333333333333,-0.5333333333333337,0.2333333333333334,2.0,0.236200999136314,0.1647823629169022,0.20499724479823556,0.16638805889795147,0.33350074383529854,0.29300923308837384,0.3062284863957638,0.28647339093919083,0.5697017429716126,0.457791596005276,0.5112257311939993,0.4528614498371423,-0.44668493770127166,0.12106920778486632
2022020987,2023-03-04,2022-2023,ANA,MTL,3,2,5,1,1,1.0,0.0,1.0,0,1,-1.0,-1.0,0.0,3.0,6.0,2.8,3.4,-0.6000000000000001,4.4,2.9,1.5000000000000004,7.2,6.3,25.5,27.8,44.2,32.5,0.11441437744505767,0.12728631359679748,0.898754245626703,0.9096445267294992,0.4,0.6,1.0,0.4,13.2,16.6,13.1,9.5,15.0,17.6,4.6,6.9,7.1,10.8,1.0,3.0,5.0,4.0,0.918936583472682,1.6465452046971292,2.0655911179772897,1.9119507199599992,0.20000000000000018,-1.0666666666666664,-2.066666666666667,0.10000000000000009,0.09976307845160304,0.1068853427895981,0.09118585041331627,0.11355069608615709,0.19743207612060068,0.3148640661938534,0.21066702737502715,0.2689289466771736,0.29719515457220375,0.42174940898345153,0.3018528777883434,0.38247964276333074,-1.5330625874062116,-0.6966607565011821
2022020984,2023-03-04,2022-2023,CBJ,SEA,2,4,6,-2,0,2.0,0.0,2.0,0,1,1.0,2.0,-1.0,5.0,5.0,2.8,3.5,-0.7000000000000002,2.7,3.6,-0.8999999999999999,5.5,7.1,31.5,29.2,35.1,27.0,0.090526418026418,0.12031672214178521,0.9221096915723701,0.8684229318089492,0.5,0.6,0.6,0.3,22.6,19.1,8.4,7.4,17.3,12.0,6.4,10.5,5.6,5.7,2.0,3.0,5.0,4.0,1.9888578520235065,1.957890020745122,1.159501808728404,1.4298407059684815,1.5333333333333332,0.16666666666666652,0.9666666666666663,0.3999999999999999,0.21696798493408664,0.1985176901663137,0.1992243365807008,0.16261140529364057,0.38922787193973635,0.43123993750346984,0.3785933748218708,0.37582033305045986,0.6061958568738229,0.6297576276697836,0.5778177114025715,0.5384317383441005,-1.0093040646746847,0.5370232899153407
2022020991,2023-03-04,2022-2023,BOS,NYR,4,2,6,2,1,0.0,0.0,0.0,1,1,9.0,-1.0,10.0,9.0,5.0,4.0,3.4,0.6000000000000001,1.9,3.5,-1.6,5.9,6.9,31.1,29.1,31.7,27.9,0.13138854907237257,0.13544341069978988,0.9412850507416939,0.8710741693547167,0.5,0.7,0.2,0.9,20.7,22.8,8.1,8.6,14.6,12.7,7.0,7.2,11.3,12.1,3.0,4.0,4.0,3.0,1.9436506316151,1.837873166945364,1.3703203194062985,1.2692955176439846,0.666666666666667,0.2666666666666666,0.10000000000000009,-0.8333333333333335,0.317096386961837,0.3447501650891482,0.22688623675543096,0.33635357716823,0.5647342141310592,0.4282653585317024,0.4407540055989227,0.4264982706637006,0.8818306010928962,0.7730155236208504,0.6676402423543536,0.7628518478319304,2.082295124945622,-0.18566874038247932
2022020986,2023-03-04,2022-2023,ARI,CAR,1,6,7,-5,0,1.0,1.0,0.0,0,0,-1.0,-2.0,1.0,4.0,7.0,3.1,3.7,-0.6000000000000001,3.6,2.2,1.4,6.7,5.9,25.0,34.4,38.2,25.6,0.1290304269317427,0.11024215555619307,0.9058376637870553,0.8946670274170273,0.6,0.5,0.9,0.3,25.7,16.6,9.7,5.7,15.2,8.9,7.7,11.7,9.1,10.5,3.0,2.0,5.0,7.0,1.523883926754995,1.4181364924121758,2.221110833194358,1.5491933384829664,-0.43333333333333357,-1.0333333333333337,0.06666666666666643,-0.20000000000000018,0.057116835805360394,0.19998051821546856,0.033188047532309826,0.16594327056720057,0.09484777517564402,0.32437171244886026,0.07057203573597016,0.26629538318648943,0.15196461098100442,0.5243522306643288,0.10376008326828,0.4322386537536899,-2.0746422066094197,0.7898868982774194
2022021001,2023-03-05,2022-2023,CAR,TBL,6,0,6,6,1,0.0,0.0,0.0,1,1,1.0,-4.0,5.0,7.0,3.0,3.8,3.2,0.5999999999999996,1.9,3.4,-1.5,5.7,6.6,35.6,33.4,25.3,33.2,0.1078612031752407,0.10276591008040581,0.908159090909091,0.8901159775504406,0.6,0.9,0.2,0.4,16.5,26.8,5.9,9.0,9.2,14.3,10.4,5.7,9.1,8.7,4.0,2.0,6.0,4.0,1.549193338482966,1.7511900715418256,1.4491376746189433,2.4585451886114367,-0.46666666666666634,-0.5333333333333337,0.43333333333333357,0.9333333333333331,0.2022598870056497,0.17286313103699655,0.16591675087886393,0.18059099285179112,0.3411487758945386,0.28822671769637326,0.2728575543562676,0.3618477006257214,0.5434086629001883,0.4610898487333697,0.43877430523513156,0.5424386934775124,0.8625882519142847,0.30411275135167976
2022020999,2023-03-05,2022-2023,CGY,MIN,0,3,3,-3,0,1.0,1.0,0.0,0,0,-4.0,3.0,-7.0,3.0,7.0,3.2,1.9,1.3000000000000003,3.4,1.5,1.9,6.6,3.4,37.0,31.9,23.3,28.3,0.08430540159342068,0.06037570661604792,0.8541462074539506,0.9397442572906968,0.8,0.4,0.8,0.1,25.4,21.8,8.7,6.7,12.4,19.2,6.7,6.9,7.6,6.8,1.0,2.0,5.0,7.0,1.9321835661585913,0.9944289260117545,1.0749676997731403,0.9718253158075545,-1.5333333333333334,0.10000000000000009,-0.06666666666666643,-0.16666666666666674,0.14652815746309458,0.0656710473914775,0.20012512091517012,0.1377990938232433,0.23901950063787133,0.1733174034249303,0.2977562350170333,0.2713923082698422,0.38554765810096586,0.23898845081640782,0.49788135593220334,0.4091914020930855,0.018694536737183007,-0.06539896586168403
2022020998,2023-03-05,2022-2023,CHI,NSH,1,3,4,-2,0,1.0,1.0,0.0,0,0,-3.0,1.0,-4.0,5.0,6.0,2.5,3.3,-0.7999999999999998,3.4,2.7,0.6999999999999997,5.9,6.0,27.9,27.5,35.5,29.4,0.08972741651152441,0.1179953164564995,0.9026966551527746,0.9066969559711495,0.4,0.9,0.6,0.5,23.4,29.6,7.6,8.2,17.0,17.4,8.3,7.7,8.2,8.1,2.0,4.0,3.0,5.0,1.509230856356236,2.359378449224852,0.843274042711566,1.3374935098492577,-0.8333333333333333,-0.2999999999999998,0.2666666666666666,-1.0333333333333334,0.1257351027842831,0.21165085644921997,0.14077325314652753,0.18789278223018158,0.1996357012750455,0.48183323592441063,0.17567676876617774,0.3842066020805109,0.3253708040593286,0.6934840923736306,0.31645002191270527,0.5720993843106924,-1.3560499609679937,0.5904732416204674
2022020994,2023-03-05,2022-2023,OTT,CBJ,5,2,7,3,1,1.0,0.0,1.0,0,1,4.0,-1.0,5.0,7.0,5.0,3.9,3.0,0.8999999999999999,2.5,2.7,-0.20000000000000018,6.4,5.7,31.2,30.8,31.5,34.4,0.12931490562989612,0.09922207020033105,0.9194147113645086,0.920603235331337,0.6,0.6,0.3,0.7,27.7,23.0,12.0,7.4,16.3,17.4,7.4,6.6,10.8,6.1,4.0,3.0,5.0,5.0,2.330951164939611,1.763834207376394,0.8498365855987953,1.159501808728404,1.766666666666667,0.0,-0.5,0.2999999999999998,0.23329987732798033,0.212980820743598,0.1758082511117763,0.19838046125932554,0.31939333110293294,0.39344262295081966,0.28657636479958676,0.37959986258331546,0.5526932084309134,0.6064234436944177,0.46238461591136315,0.577980323842641,-0.12450769781596849,-1.0370984013428846
2022021002,2023-03-05,2022-2023,PHI,DET,3,1,4,2,1,2.0,0.0,2.0,0,1,-4.0,-5.0,1.0,2.0,4.0,1.9,2.6,-0.7000000000000002,3.8,3.5,0.2999999999999998,5.7,6.1,25.9,25.6,28.5,32.3,0.08025212301528087,0.10866821001264071,0.8633642522352201,0.8901854328419793,0.3,0.7,0.7,0.8,26.0,22.9,7.8,12.4,18.2,17.5,5.5,5.8,7.7,6.9,1.0,3.0,5.0,3.0,1.1005049346146092,1.6465452046971285,1.8135294011647256,1.9002923751652294,-0.5666666666666667,-0.6000000000000001,1.2000000000000002,1.5,0.0946761080514031,0.10752688172043011,0.14249060278605324,0.13070837664192758,0.15441253606084449,0.18817204301075266,0.24475680090513519,0.261585428861455,0.2490886441122476,0.2956989247311828,0.38724740369118843,0.39229380550338266,-0.6215836511872505,-1.5185087255420413
2022020996,2023-03-05,2022-2023,VAN,TOR,4,1,5,3,1,1.0,1.0,0.0,0,0,-1.0,1.0,-2.0,4.0,7.0,3.3,3.6,-0.30000000000000027,3.7,2.2,1.5,7.0,5.8,30.0,33.6,29.7,29.8,0.11637497055387817,0.10753292692564445,0.8663079914822619,0.9284054425778564,0.8,0.6,0.9,0.1,23.9,19.3,7.0,5.7,14.5,16.0,5.7,10.3,6.4,7.9,1.0,4.0,5.0,4.0,2.0027758514399743,1.505545305418162,1.5670212364724212,1.6865480854231358,-0.9666666666666663,-0.6000000000000001,-1.0333333333333337,0.1333333333333333,0.19093231162196678,0.05602918586789555,0.16853618962705927,0.19318066685087962,0.2776500638569604,0.2705837173579109,0.24097207161618353,0.3040591472128878,0.46858237547892717,0.32661290322580644,0.4095082612432428,0.4972398140637673,-2.346222800549411,0.33129183788071925
2022021003,2023-03-05,2022-2023,VGK,MTL,4,3,7,1,1,0.0,0.0,0.0,1,1,2.0,-2.0,4.0,7.0,5.0,3.3,3.2,0.09999999999999964,2.2,2.9,-0.6999999999999997,5.5,6.1,32.0,27.5,32.2,32.8,0.10868261023792872,0.12152594493320298,0.9276691835296488,0.91055361763859,0.1,0.6,0.5,0.5,26.2,15.6,5.6,9.7,18.6,17.3,10.4,6.9,6.0,9.6,6.0,3.0,7.0,3.0,2.0027758514399734,1.6865480854231356,0.918936583472681,1.9119507199599992,-1.2999999999999998,-0.8666666666666667,0.1333333333333333,-0.5666666666666664,0.1152013767918232,0.10374149659863946,0.14362219377225569,0.10915707746513241,0.30218061997607404,0.30371315192743764,0.3204451486977144,0.2653190341177121,0.41738199676789717,0.4074546485260771,0.4640673424699701,0.37447611158284455,0.43929313492979616,-0.5690428610468578
2022020995,2023-03-05,2022-2023,WPG,EDM,7,5,12,2,1,0.0,0.0,0.0,1,1,-5.0,2.0,-7.0,3.0,4.0,2.3,4.4,-2.1000000000000005,3.0,3.8,-0.7999999999999998,5.3,8.2,28.7,35.2,31.4,29.3,0.0833580878029095,0.1251359603517882,0.9008891181379386,0.8701226729029934,0.6,1.2,0.5,1.0,18.1,20.1,9.9,8.8,13.4,12.0,7.5,9.5,8.0,10.4,2.0,1.0,5.0,6.0,1.6363916944844774,1.5776212754932333,1.7638342073763942,1.6865480854231352,0.3666666666666667,-0.06666666666666732,1.666666666666667,-1.1333333333333333,0.20854058667562145,0.2576088937488609,0.2232341252048684,0.21557693364691718,0.3262534892018385,0.3613996719518863,0.3164503027631871,0.350541105817213,0.53479407587746,0.6190085657007472,0.5396844279680555,0.5661180394641302,-0.23488266932765012,0.797450250375346
2022021000,2023-03-05,2022-2023,LAK,STL,4,2,6,2,1,1.0,1.0,0.0,0,0,2.0,1.0,1.0,7.0,4.0,3.9,3.3,0.6000000000000001,3.0,3.7,-0.7000000000000002,6.9,7.0,31.9,28.5,25.6,34.2,0.1223987469903145,0.11768640987119243,0.883293860462242,0.8856441143345734,1.0,0.4,0.6,0.5,15.7,24.3,8.8,6.8,15.5,15.4,4.9,9.2,5.1,7.1,4.0,1.0,4.0,7.0,1.7288403306519924,2.0575065816014617,1.6996731711975934,1.4944341180973262,-0.5666666666666664,0.3666666666666667,1.0,-0.3666666666666667,0.15481442094345318,0.10459208129613651,0.2467193797838959,0.10451973364154028,0.41943361298200016,0.23487680951011405,0.4451665419407355,0.24566985889527806,0.5742480339254533,0.33946889080625064,0.6918859217246314,0.3501895925368184,0.09585844263263615,-1.9657563366720436
2022021004,2023-03-06,2022-2023,ARI,NJD,4,5,9,-1,0,1.0,1.0,0.0,0,0,-2.0,-1.0,-1.0,4.0,6.0,2.9,3.9,-1.0,3.8,2.7,1.0999999999999996,6.7,6.6,24.2,35.6,38.0,26.8,0.12304752094883668,0.11433049318364072,0.9006428585922499,0.8953199575040183,0.6,0.4,1.2,0.4,26.1,15.9,10.1,6.0,15.8,15.0,7.6,9.0,9.5,7.8,3.0,3.0,6.0,4.0,1.6633299933166201,1.9119507199599985,2.3475755815545347,1.4181364924121769,-0.5666666666666664,1.766666666666667,-0.1333333333333333,-0.03333333333333366,0.05613903475868968,0.1842849067269644,0.04491970089619502,0.18298944789900132,0.09328428598377665,0.337855662332768,0.0784239247736701,0.3559496890898813,0.1494233207424663,0.5221405690597325,0.12334362566986513,0.5389391369888826,-1.3169326391974159,1.4874976446203128
2022021005,2023-03-06,2022-2023,COL,SEA,2,3,5,-1,0,1.0,1.0,0.0,0,0,-2.0,3.0,-5.0,7.0,6.0,4.1,3.6,0.49999999999999956,2.8,3.3,-0.5,6.9,6.9,34.8,29.8,32.6,26.6,0.12431283653353656,0.12140046598414973,0.9126016195482917,0.8782457981535549,0.5,0.7,0.4,0.2,18.0,17.9,8.8,7.4,17.0,12.0,7.2,10.2,5.1,5.5,3.0,4.0,5.0,4.0,1.1005049346146079,1.9550504398153576,2.2010098692292237,1.4181364924121767,-0.4333333333333331,1.0666666666666669,1.2000000000000002,-0.2999999999999998,0.09510567296996664,0.2003561687067469,0.12944327627671923,0.16245153274527768,0.11047490532893257,0.4299797870501867,0.17027290187239805,0.37252879389847277,0.2055805782988992,0.6303359557569336,0.2997161781491173,0.5349803266437505,-0.5310045046755828,0.5792488071465951
2022021007,2023-03-07,2022-2023,WPG,SJS,2,3,5,-1,0,1.0,2.0,-1.0,0,0,1.0,-5.0,6.0,3.0,2.0,2.6,2.4,0.20000000000000018,3.4,3.2,0.19999999999999973,6.0,5.6,29.8,33.3,31.7,29.1,0.08702109146591316,0.0781015676617479,0.8897284038522244,0.8887957103576797,0.6,0.2,0.7,0.5,19.6,21.2,9.7,8.5,13.2,15.5,7.5,10.2,8.3,9.3,2.0,1.0,5.0,8.0,2.1705094128132942,1.1737877907772671,1.7126976771553513,2.4404006956964173,2.4,-0.06666666666666643,1.9333333333333331,1.7999999999999998,0.2048695184288405,0.21701655572623313,0.22776544704510807,0.15568496274471946,0.3376378800107614,0.5675029868578255,0.3252342839207246,0.49946187594257396,0.5425073984396018,0.7845195425840586,0.5529997309658327,0.6551468386872934,-0.1337772397094431,-1.0865574609889785
2022021010,2023-03-07,2022-2023,VAN,NSH,4,3,7,1,1,1.0,1.0,0.0,0,0,1.0,2.0,-1.0,4.0,6.0,3.1,3.4,-0.2999999999999998,3.3,2.7,0.5999999999999996,6.4,6.1,29.0,27.5,30.5,29.8,0.11539457839701543,0.1219953164564995,0.8808466680899041,0.9072921940663876,0.7,1.0,0.8,0.5,23.9,27.8,7.7,8.0,14.6,17.1,5.8,7.5,5.8,7.8,2.0,4.0,6.0,5.0,1.7919573407620824,2.3190036174568114,1.7029386365926398,1.3374935098492577,0.2333333333333334,-1.4,-0.9666666666666663,-1.366666666666667,0.18707048254144673,0.20807838538890663,0.16507591026901947,0.18965313175666823,0.31442067240900246,0.4798582240699287,0.26366566158638033,0.3805831897580076,0.5014911549504492,0.6879366094588352,0.4287415718553998,0.5702363215146757,-2.021298170714675,0.6318339185745425
2022021011,2023-03-07,2022-2023,LAK,WSH,4,2,6,2,1,1.0,2.0,-1.0,0,0,3.0,2.0,1.0,7.0,3.0,3.7,3.1,0.6000000000000001,3.2,3.5,-0.2999999999999998,6.9,6.6,32.6,31.0,25.7,30.3,0.11357022407011075,0.10196185672639158,0.8756015527699343,0.8839616168870504,0.9,0.7,0.6,0.5,15.4,21.3,7.4,9.8,14.8,16.0,4.9,6.0,5.6,10.6,4.0,2.0,4.0,6.0,1.5670212364724216,2.330951164939612,1.3984117975602006,1.3540064007726604,0.2999999999999998,1.9,-0.20000000000000018,0.5,0.15237065738244984,0.3613011895989051,0.24806032869122494,0.2392691578583486,0.4232476664670061,0.33931057070334886,0.44599883323350303,0.235153281034684,0.575618323849456,0.700611760302254,0.694059161924728,0.47442243889303265,0.10727856394129978,-0.6789422552131281
2022021009,2023-03-07,2022-2023,CHI,OTT,5,0,5,5,1,1.0,1.0,0.0,0,0,-4.0,5.0,-9.0,5.0,7.0,2.6,4.0,-1.4,3.2,2.4,0.8000000000000003,5.8,6.4,28.5,32.6,34.8,29.9,0.09329884508295298,0.12613541845040893,0.9072665476258928,0.9179990099488071,0.4,0.6,0.6,0.3,24.2,26.7,7.2,11.6,16.2,15.1,8.5,7.9,7.9,9.3,2.0,3.0,4.0,5.0,1.3498971154211057,2.3570226039551576,0.9189365834726797,0.8432740427115656,-1.2666666666666668,1.333333333333333,-0.20000000000000018,-0.3999999999999999,0.12246117084826762,0.24000000000000002,0.13762197244299398,0.17805863897916405,0.19414575866188769,0.31397849462365596,0.1741708802559657,0.2891473624606999,0.31660692951015534,0.5539784946236559,0.3117928526989597,0.46720600143986396,-1.3688382300364648,-0.058320868783439034
2022021006,2023-03-07,2022-2023,BUF,EDM,2,3,5,-1,0,2.0,1.0,1.0,0,0,1.0,-1.0,2.0,6.0,4.0,4.1,4.7,-0.6000000000000005,3.7,3.8,-0.09999999999999964,7.8,8.5,33.1,35.6,34.5,30.1,0.12490731219862417,0.13297006173427667,0.8851447048886074,0.8743331992187828,0.7,1.3,0.8,0.9,17.3,20.5,8.4,8.4,9.8,12.1,7.1,9.5,7.5,9.9,2.0,1.0,4.0,6.0,2.078995483935023,1.3374935098492622,1.418136492412176,1.6865480854231352,-1.0999999999999996,0.6333333333333329,0.2999999999999998,-0.1333333333333333,0.23783290401252608,0.25899470899470894,0.20365814309150365,0.21485615079365075,0.3333874494014763,0.3608465608465609,0.2750197984580307,0.35461309523809526,0.5712203534140023,0.6198412698412699,0.47867794154953436,0.569469246031746,-0.29239257837044247,0.7804067460317461
2022021008,2023-03-07,2022-2023,DAL,CGY,4,5,9,-1,0,2.0,1.0,1.0,0,0,3.0,-5.0,8.0,4.0,2.0,3.0,2.5,0.5,2.7,3.5,-0.7999999999999998,5.7,6.0,33.8,36.1,29.8,24.3,0.08901689402521566,0.06680540159342067,0.8998196628486064,0.8537509505369545,0.5,0.7,0.5,0.7,18.8,25.2,5.6,8.3,15.2,11.7,7.2,7.0,9.7,8.3,2.0,1.0,7.0,6.0,2.0000000000000004,1.6499158227686106,1.159501808728405,0.9718253158075505,2.333333333333333,-1.1666666666666667,-0.3666666666666667,-0.5,0.2169312169312169,0.14417989417989416,0.1820987654320987,0.19692772287111907,0.4444444444444444,0.23518518518518516,0.3483245149911816,0.2928945792153339,0.6613756613756614,0.37936507936507935,0.5304232804232804,0.4898223020864531,0.9788359788359788,-0.05115303983228514
2022021014,2023-03-08,2022-2023,TBL,PHI,5,2,7,3,1,2.0,2.0,0.0,0,0,-5.0,1.0,-6.0,2.0,2.0,2.9,2.1,0.7999999999999998,3.7,3.8,-0.09999999999999964,6.6,5.9,31.3,26.0,32.4,27.6,0.09419448150897725,0.0855824533456112,0.8808482429966646,0.8623752412462089,0.9,0.3,0.8,0.7,25.5,26.3,10.1,8.4,14.4,18.7,5.8,5.5,9.4,7.3,1.0,1.0,4.0,5.0,2.024845673131658,1.1005049346146096,2.5841396591085743,1.8135294011647256,-0.5666666666666664,-0.43333333333333335,1.6333333333333329,-0.1333333333333333,0.1701058201058201,0.09788359788359786,0.16636233007200749,0.14534693836224727,0.28359788359788357,0.15098722415795587,0.2800351042286526,0.2430593735758493,0.4537037037037037,0.24887082204155378,0.4463974343006602,0.38840631193809666,0.02317017478307802,-0.5448034283123429
2022021021,2023-03-08,2022-2023,SEA,ANA,5,2,7,3,1,1.0,3.0,-2.0,0,0,4.0,1.0,3.0,6.0,4.0,3.5,2.8,0.7000000000000002,3.2,4.0,-0.7999999999999998,6.7,6.8,31.2,25.7,27.1,41.1,0.11092427550795925,0.11382786718112803,0.8862168126463084,0.9017808800092697,0.7,0.5,0.1,0.9,17.4,13.5,7.4,12.7,11.4,14.4,9.7,4.9,5.7,7.2,2.0,2.0,4.0,5.0,1.957890020745122,0.918936583472682,1.475729574745244,2.10818510677892,0.5,0.20000000000000018,-0.5333333333333337,-1.6666666666666665,0.19685746352413017,0.102705239802014,0.16234748922920963,0.10981822836661546,0.43492063492063493,0.22365164703874377,0.37242490186038574,0.2642067759003242,0.6317780984447651,0.3263568868407578,0.5347723910895953,0.37402500426693974,0.6090435848500365,-1.4596432838368323
2022021017,2023-03-08,2022-2023,NYI,BUF,3,2,5,1,1,3.0,0.0,3.0,0,1,1.0,-1.0,2.0,5.0,6.0,2.9,4.1,-1.1999999999999997,2.4,3.5,-1.1,5.3,7.6,30.6,34.1,31.3,35.4,0.10214646464646462,0.12313896560269133,0.9269908203247038,0.8948937396376421,0.5,0.7,0.5,0.6,24.1,17.4,8.8,8.0,15.5,9.9,4.9,7.3,7.3,8.0,3.0,4.0,5.0,5.0,1.286683937707917,2.078995483935023,1.837873166945363,1.3540064007726595,0.10000000000000009,-1.4333333333333331,-1.7333333333333334,0.16666666666666652,0.15944528789923526,0.23941105975004282,0.19553742127755283,0.2026687525647518,0.2073493027440396,0.3276322547508988,0.22746218511021143,0.2686256177915317,0.36679459064327485,0.5670433145009417,0.42299960638776435,0.4712943703562836,0.43948211875843457,-0.3094355432999738
2022021015,2023-03-08,2022-2023,NJD,TOR,3,4,7,-1,0,1.0,2.0,-1.0,0,0,1.0,-1.0,2.0,7.0,6.0,4.2,3.4,0.8000000000000003,2.9,2.6,0.2999999999999998,7.1,6.0,36.7,33.2,27.3,29.2,0.11993394145950279,0.10291855645761547,0.8898601873890758,0.9117387759111896,0.5,0.6,0.3,0.2,16.1,20.3,5.1,7.2,14.3,16.2,9.3,9.7,8.6,8.3,3.0,3.0,4.0,4.0,1.8135294011647263,1.7126976771553504,1.4491376746189442,1.577621275493231,0.7999999999999998,-1.7333333333333332,1.1,0.7333333333333334,0.17992831541218637,0.11480513614659955,0.18206710147482227,0.07547048304054733,0.3526881720430108,0.2495644599303136,0.36843821611140487,0.3102429270359762,0.5326164874551971,0.3643695960769131,0.5505053175862272,0.38571341007652354,1.574969152124097,0.8410518559142369
2022021013,2023-03-08,2022-2023,PIT,CBJ,5,4,9,1,1,3.0,2.0,1.0,0,0,-1.0,-2.0,1.0,5.0,4.0,3.2,2.8,0.40000000000000036,3.4,2.9,0.5,6.6,5.7,35.5,28.9,33.8,35.4,0.09220594098491959,0.09874587972414058,0.90028916446714,0.9181275500970312,0.5,0.7,0.8,0.6,26.0,21.4,10.8,7.6,14.3,17.0,7.9,6.6,9.9,6.7,1.0,2.0,4.0,5.0,1.7511900715418267,1.7511900715418263,1.8378731669453625,1.3703203194062963,-0.20000000000000018,0.20000000000000018,-0.3999999999999999,0.7666666666666666,0.3196646619281939,0.20913842899564739,0.23602908107389056,0.20040254783115705,0.5414616365955895,0.3866933788932731,0.4441168525533943,0.3718189116688588,0.8611262985237835,0.5958318078889205,0.6801459336272848,0.5722214595000158,-0.5007168218664166,-1.187828479030224
2022021018,2023-03-08,2022-2023,MIN,CGY,0,1,1,-1,0,2.0,0.0,2.0,0,1,4.0,1.0,3.0,8.0,3.0,2.1,2.7,-0.6000000000000001,1.4,3.5,-2.1,3.5,6.2,32.4,36.1,28.0,25.1,0.06589518713552844,0.07221080699882607,0.942685433761285,0.8576297384157424,0.4,0.6,0.1,0.8,22.6,26.2,5.5,8.1,19.0,11.9,6.5,7.9,6.9,9.2,5.0,2.0,6.0,6.0,0.9944289260117545,1.8287822299126935,1.074967699773144,0.9718253158075505,-0.10000000000000009,-0.7000000000000002,-0.7333333333333333,-0.5,0.06443234185169669,0.14190573770491802,0.13881401894924594,0.19643512193887877,0.16992040217846668,0.23147199453551912,0.2692110563758218,0.2933980343047966,0.23435274403016337,0.3733777322404372,0.40802507532506777,0.48983315624367535,-0.023719337581995282,0.03070924408014572
2022021016,2023-03-08,2022-2023,FLA,VGK,2,1,3,1,1,3.0,2.0,1.0,0,0,1.0,3.0,-2.0,5.0,7.0,2.9,3.2,-0.30000000000000027,2.9,2.4,0.5,5.8,5.6,40.3,31.7,31.0,32.2,0.07269941525951149,0.10683929226557849,0.9026369504770393,0.9205263263867917,0.2,0.1,1.1,0.4,19.3,28.1,10.3,5.7,13.5,18.7,7.8,10.9,7.8,7.0,2.0,0.0,5.0,8.0,1.663329993316619,1.9321835661585915,1.7288403306519917,0.8432740427115678,0.10000000000000009,0.1333333333333333,-1.5666666666666667,0.2666666666666666,0.09683641975308642,0.11323349176456521,0.19113440382224534,0.1439183331838699,0.1537422839506173,0.29687920365886467,0.22310021648307168,0.31775177114160164,0.2505787037037037,0.41011269542342993,0.41423462030531705,0.46167010432547156,1.293179156908665,0.46372522643709085
2022021019,2023-03-08,2022-2023,COL,SJS,6,0,6,6,1,1.0,0.0,1.0,0,1,-3.0,1.0,-4.0,6.0,2.0,3.8,2.3,1.5,2.8,3.3,-0.5,6.6,5.6,32.1,32.4,31.6,30.8,0.12300848870744958,0.07848035554053578,0.9106968576435296,0.8882944572248478,0.4,0.1,0.4,0.5,19.0,21.2,8.5,9.3,17.1,15.5,8.0,9.5,5.4,8.9,3.0,1.0,6.0,8.0,1.2292725943057152,1.0593499054713802,2.2010098692292237,2.359378449224852,-0.46666666666666634,0.7000000000000002,2.2,1.7000000000000002,0.09353421217827997,0.21883267195767195,0.11284178732775564,0.1585525954535407,0.1086724465620037,0.574239417989418,0.17153415892156043,0.4337352563241643,0.20220665874028368,0.7930720899470899,0.2843759462493161,0.592287851777705,-0.6230123731530933,-0.9900696595401779
2022021020,2023-03-08,2022-2023,ARI,STL,6,2,8,4,1,1.0,2.0,-1.0,0,0,-3.0,-1.0,-2.0,4.0,3.0,2.8,2.9,-0.10000000000000009,3.7,3.5,0.20000000000000018,6.5,6.4,24.3,27.4,38.3,35.1,0.11898348153996971,0.10916250134728392,0.9043590748084661,0.8953931490836082,0.4,0.4,1.3,0.4,28.0,24.7,9.1,6.6,16.4,15.6,6.8,8.6,9.6,7.3,3.0,1.0,7.0,6.0,1.5491933384829668,1.8529256146249728,2.2632326929023945,1.4337208778404373,-0.46666666666666634,0.7666666666666666,1.2999999999999998,-0.16666666666666652,0.06277056277056277,0.10289210233592881,0.043506493506493514,0.13942340637451742,0.0917715745301952,0.23099740452354467,0.054976696356006695,0.22743521788838442,0.15454213730075797,0.33388950685947344,0.0984831898625002,0.3668586242629019,-1.920697118972981,-2.036664991417247
2022021012,2023-03-08,2022-2023,MTL,CAR,3,4,7,-1,0,2.0,2.0,0.0,0,0,-3.0,2.0,-5.0,4.0,7.0,2.9,3.9,-1.0,3.1,1.8,1.3,6.0,5.7,27.3,36.0,32.5,23.7,0.1122402306474887,0.10894479450651007,0.9027195162561016,0.9114924242424243,0.4,0.9,0.4,0.2,17.7,16.5,8.3,6.7,17.8,9.1,7.3,10.9,9.4,10.0,1.0,2.0,2.0,7.0,1.3703203194062976,1.663329993316619,1.911950719959999,1.5491933384829661,-0.5666666666666664,0.766666666666667,0.2333333333333334,-0.4666666666666668,0.08122448979591837,0.19890710382513657,0.0929239741873761,0.16311471054742652,0.2371768707482993,0.3409836065573771,0.2718773371417533,0.27101161271141444,0.3184013605442177,0.5398907103825137,0.36480131132912935,0.434126323258841,-0.4852393371141559,0.8479405489101668
2022021022,2023-03-09,2022-2023,DET,CHI,4,3,7,1,1,3.0,1.0,2.0,0,0,-6.0,1.0,-7.0,3.0,6.0,2.3,2.9,-0.6000000000000001,3.3,2.7,0.5999999999999996,5.6,5.6,25.9,27.7,31.4,34.1,0.09512305951096847,0.11021181716833886,0.8935187661753126,0.9191713095306548,0.5,0.4,0.7,0.6,22.3,22.0,12.6,8.1,17.6,16.9,6.0,8.1,6.8,8.8,1.0,3.0,3.0,5.0,1.636391694484476,1.5238839267549946,1.9465068427541903,1.1595018087284041,-0.2999999999999998,-0.2333333333333334,0.3666666666666667,-1.0333333333333334,0.1111111111111111,0.11936043186043187,0.13125178994506495,0.13744423569886696,0.1851851851851852,0.19937348062348062,0.2600207995232599,0.18351053773666984,0.2962962962962963,0.31873391248391253,0.3912725894683248,0.3209547734355368,-1.5591918560753992,-1.1927084365977363
2022021024,2023-03-09,2022-2023,VAN,ANA,3,2,5,1,1,1.0,0.0,1.0,0,1,2.0,-1.0,3.0,5.0,4.0,3.2,2.8,0.40000000000000036,3.1,3.7,-0.6000000000000001,6.3,6.5,28.5,25.4,31.2,40.2,0.11985705304204586,0.11491877627203713,0.8914716680899041,0.9063962646246544,0.6,0.5,0.6,1.0,26.2,12.8,7.2,12.9,15.5,14.1,6.0,5.7,6.2,7.5,3.0,2.0,7.0,5.0,1.751190071541827,0.918936583472682,1.5951314818673858,1.8287822299126937,-0.5333333333333337,-0.46666666666666634,-1.1,-0.7000000000000002,0.17906484196806774,0.10032024505708716,0.16239031022123346,0.0900850777256762,0.3043336591723689,0.2237538290169869,0.2624594105684206,0.2298353971847181,0.48339850114043664,0.32407407407407407,0.42484972078965405,0.31992047491039427,-1.9085128256985877,-1.5937262511116501
2022021023,2023-03-09,2022-2023,WPG,MIN,2,4,6,-2,0,1.0,0.0,1.0,0,1,-1.0,-1.0,0.0,2.0,8.0,2.6,1.9,0.7000000000000002,3.5,1.1,2.4,6.1,3.0,29.6,32.1,31.2,28.7,0.08728424936065002,0.06124402434483077,0.8841249555763623,0.9584749074454957,0.6,0.3,0.6,0.1,20.2,22.5,9.5,5.6,13.4,19.5,8.1,6.4,8.6,7.4,1.0,3.0,5.0,6.0,2.1705094128132942,1.197218999737866,1.6499158227686117,0.9944289260117583,1.4,-0.23333333333333317,1.166666666666667,-0.7666666666666668,0.2068813131313131,0.06324404761904762,0.2267959197235513,0.1364436657279399,0.3378787878787879,0.16666666666666666,0.3228136629452419,0.26447857996245094,0.544760101010101,0.22991071428571427,0.5496095826687931,0.40092224569039087,-0.1637011562998405,-0.019634856630824385
2022021035,2023-03-10,2022-2023,SEA,OTT,4,5,9,-1,0,1.0,2.0,-1.0,0,0,5.0,-1.0,6.0,7.0,6.0,3.8,3.8,0.0,3.2,2.7,0.5,7.0,6.5,31.4,32.7,25.3,27.2,0.12015675604188585,0.12025306550923245,0.8821259035553993,0.89835615280595,0.7,0.5,0.1,0.2,16.7,27.4,7.6,15.3,11.5,13.3,9.8,8.4,5.8,9.2,3.0,2.0,5.0,5.0,1.9321835661585924,2.616188916046477,1.475729574745244,1.1595018087284044,0.20000000000000018,-0.46666666666666634,-1.2000000000000002,0.6333333333333333,0.1995400432900433,0.2158718188129953,0.16556167090706567,0.14868937191794204,0.4387040043290043,0.3316394934041993,0.37442936571226043,0.21465883298698804,0.6382440476190476,0.5475113122171945,0.5399910366193261,0.3633482049049301,0.7314023695602643,-0.29132310878931483
2022021031,2023-03-10,2022-2023,TBL,VGK,3,4,7,-1,0,1.0,1.0,0.0,0,0,1.0,-1.0,2.0,3.0,6.0,3.4,2.6,0.7999999999999998,3.9,2.4,1.5,7.3,5.0,30.5,30.1,33.3,33.1,0.10701499432949006,0.09323840040381706,0.875133957282379,0.922643973445615,1.2,0.2,0.8,0.4,26.1,27.2,10.3,5.7,14.7,20.4,6.4,10.2,9.2,7.0,2.0,0.0,5.0,7.0,1.8378731669453623,1.5055453054181622,2.330951164939612,0.8432740427115678,-0.7333333333333334,0.06666666666666643,0.4333333333333331,0.2666666666666666,0.17785177595628418,0.1113320707070707,0.16891535818142808,0.14160353535353534,0.2843237704918033,0.2917613636363636,0.27808763712560086,0.3151515151515151,0.46217554644808745,0.4030934343434343,0.4470029953070289,0.45675505050505044,-0.019321485065121824,0.42234848484848486
2022021032,2023-03-10,2022-2023,STL,SJS,4,2,6,2,1,1.0,1.0,0.0,0,0,-2.0,-1.0,-1.0,2.0,2.0,2.5,2.2,0.2999999999999998,3.9,3.7,0.19999999999999973,6.4,5.9,28.8,29.8,34.2,32.4,0.09249583468061726,0.07591625297643322,0.8787264824169416,0.881748376260162,0.3,0.1,0.5,0.6,25.6,23.6,6.6,11.5,14.5,15.8,7.6,9.0,7.3,8.2,1.0,1.0,5.0,7.0,1.509230856356236,1.2292725943057181,1.523883926754995,2.4517567397911058,0.8333333333333335,-0.20000000000000018,0.10000000000000009,1.6333333333333329,0.10124652497533854,0.21546474358974357,0.13857321090273397,0.15607679917155723,0.22724419334588827,0.5653846153846155,0.24803634736626456,0.42695754066721814,0.32849071832122684,0.7808493589743589,0.38660955826899857,0.5830343398387753,-1.8874504705210264,-2.11442135373587
2022021029,2023-03-10,2022-2023,WSH,NJD,2,3,5,-1,0,2.0,1.0,1.0,0,0,-1.0,-1.0,0.0,3.0,6.0,3.2,4.2,-1.0,3.5,3.1,0.3999999999999999,6.7,7.3,31.1,36.8,31.1,26.5,0.10629086105539591,0.11964985055041188,0.8858366168870505,0.8799207934496817,0.8,0.6,0.4,0.3,20.9,16.8,10.0,4.9,14.6,14.0,5.8,9.0,10.7,9.3,1.0,3.0,5.0,5.0,2.250925735484551,1.8135294011647263,1.3540064007726604,1.449137674618944,1.1333333333333329,-0.5333333333333337,-0.8333333333333335,0.5666666666666664,0.35892972275951,0.1111111111111111,0.23689341790874954,0.15962621607782898,0.34520739307973347,0.286019536019536,0.2367724491472927,0.3589169194007904,0.7041371158392434,0.3971306471306471,0.47366586705604224,0.5185431354786194,-0.8079896271854969,1.5619559651817716
2022021027,2023-03-10,2022-2023,PIT,NYI,3,4,7,-1,0,1.0,1.0,0.0,0,0,1.0,2.0,-1.0,5.0,6.0,3.4,2.9,0.5,3.7,2.2,1.5,7.1,5.1,37.4,31.5,32.6,30.6,0.0921299531429743,0.09983877233877231,0.8880384522164277,0.931560712797822,0.6,0.4,0.9,0.5,29.1,24.9,10.8,8.8,14.0,17.4,8.8,5.3,9.5,7.0,2.0,2.0,5.0,6.0,1.8378731669453632,1.286683937707917,1.6363916944844765,1.7511900715418267,0.2666666666666666,-0.2333333333333334,0.2999999999999998,-0.8666666666666669,0.3198412698412698,0.16268252819976958,0.23460316537574996,0.19750288026150095,0.5592592592592592,0.20974466146879941,0.44937345786665633,0.22888165474372368,0.879100529100529,0.37242718966856897,0.6839766232424062,0.42638453500522466,-0.4307145902192989,0.4824853307611929
2022021025,2023-03-10,2022-2023,BUF,DAL,4,10,14,-6,0,1.0,2.0,-1.0,0,0,-2.0,-1.0,-1.0,5.0,4.0,3.6,3.3,0.30000000000000027,3.5,3.0,0.5,7.1,6.3,32.1,34.2,37.1,30.5,0.11556320802693376,0.09768983028435882,0.9008377955816979,0.895675518704462,0.6,0.6,0.6,0.5,17.6,19.8,6.6,5.6,9.7,14.5,7.0,7.4,8.2,10.3,2.0,2.0,5.0,7.0,1.8973665961010269,1.8885620632287066,1.3540064007726595,1.3333333333333326,-0.6000000000000001,2.033333333333333,-0.5,0.3333333333333335,0.24133489461358315,0.21875,0.2064633495920556,0.1818181818181818,0.32207259953161593,0.4479166666666667,0.24721917717208963,0.3531723484848485,0.5634074941451991,0.6666666666666666,0.4536825267641453,0.5349905303030303,-0.4631313634627203,0.9482954545454545
2022021033,2023-03-10,2022-2023,COL,LAK,2,5,7,-3,0,1.0,2.0,-1.0,0,0,1.0,4.0,-3.0,7.0,7.0,4.1,3.6,0.49999999999999956,2.5,3.2,-0.7000000000000002,6.6,6.8,31.8,33.9,29.4,25.0,0.13044023794910783,0.1054691787739435,0.9192682862149582,0.8734071954031633,0.5,0.7,0.4,0.6,18.4,16.8,7.8,7.2,16.8,13.8,8.7,4.4,5.4,5.0,4.0,3.0,6.0,4.0,1.3703203194062945,1.5055453054181622,2.3687784005919825,1.3984117975602006,-0.4333333333333331,0.06666666666666643,0.5,-1.2000000000000002,0.09201388888888888,0.22588141025641026,0.1252935400980417,0.2962740384615385,0.10692791005291007,0.5107371794871794,0.16756458205674893,0.491693376068376,0.19894179894179895,0.7366185897435896,0.29285812215479057,0.7879674145299145,-0.4975645392124768,0.23934294871794873
2022021030,2023-03-10,2022-2023,CAR,PHI,1,0,1,1,1,1.0,1.0,0.0,0,0,3.0,-1.0,4.0,8.0,2.0,4.0,2.2,1.7999999999999998,1.6,4.1,-2.4999999999999996,5.6,6.3,37.0,27.1,24.3,29.0,0.10974055047467983,0.08713007239323024,0.926770202020202,0.8575547284256961,0.9,0.3,0.1,1.0,14.7,25.0,7.5,9.5,9.2,18.0,11.4,6.0,9.0,7.3,5.0,1.0,6.0,4.0,1.5634719199411424,1.0327955589886424,1.1737877907772662,1.728840330651992,1.0,0.1333333333333333,-0.26666666666666683,-1.0999999999999996,0.19566367001586463,0.0958091085271318,0.1416016762777736,0.14274148721525295,0.34091309712674067,0.1477136397194537,0.2575597231665449,0.23870416134641256,0.5365767671426053,0.24352274824658546,0.39916139944431855,0.3814456485616655,0.9073785600966986,-0.535889116575592
2022021026,2023-03-10,2022-2023,BOS,EDM,2,3,5,-1,0,5.0,2.0,3.0,0,0,10.0,1.0,9.0,10.0,5.0,4.3,4.6,-0.2999999999999998,1.9,3.6,-1.7000000000000002,6.2,8.2,30.7,34.8,32.0,31.7,0.14448378716761068,0.13218928095349589,0.9422883952232993,0.8865962984384037,0.5,1.2,0.2,0.8,21.1,20.5,8.0,8.4,13.8,12.4,7.1,8.8,10.0,9.4,4.0,2.0,4.0,5.0,1.636391694484477,1.4298407059684841,1.3703203194062985,1.7763883459298964,0.7000000000000002,0.06666666666666732,0.10000000000000009,0.06666666666666643,0.31696325640864403,0.22882513661202186,0.22823969272045108,0.2694205811265238,0.566832253872435,0.2755009107468124,0.444966306147687,0.4010116733221241,0.8837955102810789,0.5043260473588342,0.6732059988681381,0.670432254448648,2.1738640508080236,0.6363519335855401
2022021034,2023-03-10,2022-2023,ARI,NSH,4,1,5,3,1,1.0,2.0,-1.0,0,0,1.0,-1.0,2.0,4.0,6.0,3.0,3.5,-0.5,3.7,2.7,1.0,6.7,6.2,25.1,27.6,39.4,30.9,0.12015307218324456,0.1249187035532737,0.9060487829497873,0.9136140331468473,0.4,0.9,1.2,0.4,27.5,26.3,9.5,8.7,16.9,17.2,6.7,7.7,10.4,7.3,4.0,4.0,8.0,4.0,1.8257418583505538,2.273030282830976,2.2632326929023945,1.3374935098492577,0.6666666666666665,-0.8333333333333335,0.6333333333333329,-1.0333333333333334,0.07210648148148148,0.20462456992511635,0.08175573226366568,0.17142942977130135,0.0903072033898305,0.4717567294070027,0.09020188416579834,0.3703558237198948,0.162413684871312,0.6763812993321191,0.17195761642946406,0.5417852534911961,-1.0355629930384285,0.3295594262295082
2022021028,2023-03-10,2022-2023,MTL,NYR,3,4,7,-1,0,1.0,5.0,-4.0,0,0,-4.0,-2.0,-2.0,3.0,4.0,2.8,3.0,-0.20000000000000018,3.4,3.7,-0.30000000000000027,6.2,6.7,26.6,29.8,34.2,27.4,0.11183700484103709,0.11155677102367649,0.8950272085637939,0.8613040544121878,0.3,0.7,0.4,0.9,18.1,22.9,6.3,9.3,18.8,12.8,7.0,7.7,10.5,11.3,0.0,3.0,2.0,3.0,1.3165611772087666,1.6329931618554536,1.5776212754932317,1.1595018087284055,-0.1333333333333333,-0.3333333333333335,-0.06666666666666643,-0.3666666666666667,0.08627450980392158,0.3385714285714286,0.1025687794497644,0.33066137566137566,0.23203802733214496,0.4270634920634921,0.27260816095289414,0.422526455026455,0.31831253713606655,0.7656349206349207,0.3751769404026586,0.7531878306878307,-0.402418715195733,-0.3165873015873017
2022021039,2023-03-11,2022-2023,PIT,PHI,5,1,6,4,1,0.0,0.0,0.0,1,1,-1.0,-2.0,1.0,5.0,2.0,3.5,1.9,1.6,3.7,3.8,-0.09999999999999964,7.2,5.7,37.9,27.2,31.2,29.8,0.09401167357308182,0.0704634057265636,0.883276547454523,0.8731540716112463,0.5,0.2,0.9,1.1,30.2,23.5,11.0,10.1,15.6,17.8,8.8,6.3,8.6,7.0,2.0,1.0,5.0,3.0,1.7795130420052185,1.1972189997378622,1.6363916944844765,1.9888578520235063,-0.5,-0.23333333333333317,0.2999999999999998,-1.4666666666666663,0.31480532786885246,0.09382284382284382,0.21168579022842207,0.14023037793116455,0.5608777322404371,0.14458177481433296,0.4611885210546561,0.2345066462649137,0.8756830601092895,0.2384046186371768,0.6728743112830782,0.3747370241960783,-0.49625695787937407,-0.5272646818703415
2022021041,2023-03-11,2022-2023,COL,ARI,3,2,5,1,1,0.0,0.0,0.0,1,1,-1.0,2.0,-3.0,6.0,4.0,4.0,3.4,0.6000000000000001,2.7,3.8,-1.0999999999999996,6.7,7.2,32.9,26.8,28.1,38.7,0.12131743093156397,0.1294553977646399,0.9105861156723225,0.9035487829497872,0.6,0.5,0.3,1.2,18.1,27.4,7.7,10.2,15.2,17.4,9.6,6.0,6.3,10.3,4.0,0.0,7.0,8.0,1.490711984999857,1.5055453054181618,2.406010991015812,2.0976176963403033,-0.6666666666666665,1.266666666666667,-0.3666666666666667,-1.1333333333333333,0.0905422446406053,0.07090301003344482,0.1231214380738442,0.08475424905630856,0.10523854560739808,0.09957264957264957,0.16473311475625066,0.09372308977572134,0.19578079024800335,0.17047565960609443,0.28785455283009487,0.1784773388320299,-0.5377517346482179,-1.0013327633464932
2022021036,2023-03-11,2022-2023,FLA,CHI,4,3,7,1,1,2.0,1.0,1.0,0,0,2.0,-1.0,3.0,6.0,5.0,2.8,2.8,0.0,2.6,2.8,-0.19999999999999973,5.4,5.6,39.2,26.5,28.4,35.1,0.07191510153402131,0.11271181716833885,0.9064523896962052,0.9190926313245178,0.2,0.5,1.1,0.7,20.2,20.8,10.2,8.3,13.5,16.5,7.7,7.3,8.8,8.3,3.0,2.0,5.0,5.0,1.6865480854231347,1.4757295747452437,1.7763883459298968,1.2292725943057168,-0.46666666666666634,0.20000000000000018,-1.2666666666666668,-0.7999999999999998,0.0951048951048951,0.11894888736993998,0.20257036869940095,0.15237567825287124,0.15104895104895105,0.21140730614414827,0.2987662924125211,0.24115338852180956,0.24615384615384617,0.33035619351408824,0.501336661111922,0.39352906677468075,0.45580547299000806,-1.540419229892914
2022021040,2023-03-11,2022-2023,BUF,NYR,1,2,3,-1,0,0.0,0.0,0.0,1,1,-3.0,1.0,-4.0,4.0,4.0,3.6,2.7,0.8999999999999999,4.3,3.6,0.6999999999999997,7.9,6.3,31.9,30.3,38.5,27.1,0.116453085668758,0.09921910868601416,0.8861439180306776,0.8635586963220021,0.6,0.9,0.7,0.8,19.0,22.4,6.6,9.5,9.6,13.5,6.4,8.3,8.2,12.7,2.0,3.0,6.0,3.0,1.8973665961010269,1.2516655570345747,2.3593784492248515,1.1737877907772671,-0.9333333333333336,-0.03333333333333366,1.0333333333333332,0.06666666666666643,0.24864779611641477,0.33845945625877616,0.21478442437399684,0.32808389479605476,0.3221631551114698,0.4251975164526553,0.24573983778965303,0.4183279248929943,0.5708109512278846,0.7636569727114315,0.4605242621636499,0.7464118196890491,-0.49381795810255413,-0.30957901926948517
2022021038,2023-03-11,2022-2023,BOS,DET,3,2,5,1,1,0.0,1.0,-1.0,1,0,-1.0,1.0,-2.0,9.0,3.0,4.2,2.2,2.0,2.0,3.4,-1.4,6.2,5.6,29.8,27.6,31.1,29.9,0.14351853620235971,0.08404582373861076,0.9351036444901615,0.8842330518895984,0.5,0.4,0.2,0.8,22.3,21.8,7.4,12.8,12.7,16.5,7.1,5.2,9.5,6.8,4.0,1.0,5.0,4.0,1.7511900715418263,1.4757295747452428,1.4142135623730958,1.8973665961010269,0.13333333333333286,-0.20000000000000018,0.0,-0.3999999999999999,0.3176178865834038,0.109375,0.2294816568215583,0.1318204365079365,0.5627871489940456,0.4149305555555555,0.5070171572634626,0.3748263888888889,0.8804050355774494,0.5243055555555555,0.7364988140850209,0.5066468253968254,2.406142352447771,-0.8847718253968253
2022021037,2023-03-11,2022-2023,CGY,ANA,1,3,4,-2,0,2.0,1.0,1.0,0,0,2.0,-2.0,4.0,4.0,4.0,2.5,2.7,-0.20000000000000018,3.0,3.3,-0.2999999999999998,5.5,6.0,35.2,25.4,26.7,39.2,0.06649652128454038,0.11037332172658258,0.8784630717490758,0.9134818261219804,0.6,0.5,0.6,0.9,25.8,13.0,8.5,10.5,12.0,14.2,7.2,5.0,8.1,6.9,1.0,2.0,5.0,4.0,2.0138409955990952,0.9486832980505142,1.3333333333333337,1.4181364924121758,-0.8333333333333333,-0.3666666666666667,-0.6666666666666665,-0.2999999999999998,0.13970223325062034,0.0980603448275862,0.19339424016843373,0.10552055702917773,0.22787427626137302,0.21875,0.28876231295586136,0.2689102564102564,0.3675765095119934,0.31681034482758624,0.48215655312429506,0.37443081343943413,0.030227836679449588,-1.5613229442970824
2022021049,2023-03-12,2022-2023,SEA,DAL,3,4,7,-1,0,1.0,1.0,0.0,0,0,-1.0,1.0,-2.0,6.0,5.0,3.6,4.1,-0.49999999999999956,3.5,3.1,0.3999999999999999,7.1,7.2,31.7,36.0,26.5,29.7,0.11227796816309796,0.11164638064643914,0.8765231870868085,0.8899905233642944,0.5,0.7,0.1,0.5,18.1,20.0,7.3,5.4,11.5,13.2,10.1,7.3,5.7,9.4,2.0,3.0,5.0,6.0,1.7763883459298975,2.766867462592951,1.5092308563562364,1.370320319406297,0.3999999999999999,2.9000000000000004,-0.5,0.8999999999999999,0.20212068633121263,0.23076923076923075,0.16578459161830306,0.15412678719130332,0.431389370863055,0.4615384615384615,0.3735279082431986,0.3341353538934184,0.6335100571942678,0.6923076923076924,0.5393124998615016,0.4882621410847217,0.7101584780917811,1.3886299184686282
2022021050,2023-03-12,2022-2023,VAN,OTT,5,2,7,3,1,2.0,1.0,1.0,0,0,3.0,1.0,2.0,6.0,7.0,3.4,4.0,-0.6000000000000001,2.7,2.7,0.0,6.1,6.7,28.9,32.7,31.1,27.3,0.1253472491204772,0.12670467841245828,0.9084677155207341,0.8987349406847379,0.6,0.5,0.5,0.2,26.1,24.7,7.4,15.3,15.9,13.4,6.3,8.1,5.3,8.2,4.0,3.0,7.0,4.0,1.577621275493232,2.6246692913372693,1.2516655570345707,1.1595018087284044,-0.06666666666666643,-0.6666666666666665,-0.7000000000000002,0.9666666666666663,0.18271315812299418,0.21742712868892114,0.16277213982132016,0.15254247848587474,0.2953855494839101,0.34378023705853894,0.25595129672998523,0.21982256802421896,0.4780987076069043,0.56120736574746,0.41872343655130545,0.3723650465100936,-1.9422001040853498,-0.2646780303030303
2022021043,2023-03-12,2022-2023,TOR,EDM,7,4,11,3,1,3.0,1.0,2.0,0,0,1.0,2.0,-1.0,7.0,6.0,3.5,4.5,-1.0,2.5,3.4,-0.8999999999999999,6.0,7.9,32.8,34.1,28.5,30.7,0.10857372887140856,0.13203254114158364,0.9126478668202808,0.8899797570850202,0.6,1.0,0.3,0.6,19.6,21.6,7.0,8.0,15.8,12.5,9.0,8.7,6.7,9.5,3.0,3.0,3.0,4.0,1.7159383568311666,1.5092308563562389,1.5092308563562364,1.8378731669453623,-1.1666666666666665,-0.8333333333333335,0.16666666666666652,-0.06666666666666643,0.18485449735449735,0.2221505376344086,0.14545664757130924,0.26371707145900697,0.33713624338624343,0.267741935483871,0.3462146188884911,0.39564252951349727,0.5219907407407408,0.4898924731182796,0.49167126645980036,0.6593596009725042,0.7413828469984486,0.5889751109105947
2022021057,2023-03-12,2022-2023,TBL,WPG,2,3,5,-1,0,-1.0,-1.0,0.0,0,0,1.0,1.0,0.0,3.0,3.0,3.0,3.0,0.0,3.9,3.7,0.19999999999999973,6.9,6.7,31.1,30.8,32.7,33.1,0.09292818024267599,0.09933785559846675,0.8717385121478035,0.8815651964948641,1.0,0.7,0.9,0.8,27.7,22.6,14.9,9.5,14.4,13.5,6.7,8.2,9.7,9.5,2.0,2.0,6.0,6.0,1.5634719199411422,2.211083193570267,2.330951164939612,1.567021236472422,0.6666666666666665,0.0,-1.5666666666666664,-0.3666666666666667,0.17269468882372108,0.20883174202846333,0.17640416259367875,0.2255462731791166,0.2816878462039753,0.33214886206689487,0.3627662715868361,0.3167509575720429,0.45438253502769627,0.5409806040953583,0.5391704341805149,0.5422972307511595,0.08266129032258067,-0.23852506547531985
2022021042,2023-03-12,2022-2023,TBL,CHI,3,1,4,2,1,1.0,0.0,1.0,0,1,-1.0,-2.0,1.0,3.0,4.0,3.3,2.6,0.6999999999999997,3.9,2.9,1.0,7.2,5.5,31.8,26.1,32.9,35.9,0.09845643577093151,0.10735467431119601,0.87208633823476,0.918361734314551,1.2,0.5,0.9,0.7,27.2,19.9,17.0,8.7,14.2,16.3,6.2,7.6,9.2,7.9,2.0,2.0,6.0,4.0,1.828782229912693,1.2649110640673518,2.330951164939612,1.2866839377079173,-0.6333333333333333,1.0666666666666664,0.10000000000000009,-0.2333333333333334,0.17484737484737486,0.11576168929110105,0.16605616605616608,0.14923237221634042,0.2788766788766789,0.232780291603821,0.27533577533577536,0.2522601159956512,0.4537240537240537,0.3485419808949221,0.4413919413919414,0.4014924882119916,-0.036141636141636166,-1.501466514038838
2022021056,2023-03-12,2022-2023,STL,VGK,3,5,8,-2,0,-1.0,-1.0,0.0,0,0,2.0,2.0,0.0,3.0,6.0,2.9,2.7,0.19999999999999973,3.7,2.2,1.5,6.6,4.9,28.7,28.2,34.6,35.1,0.1102339299187125,0.10445875899259668,0.8853926920243277,0.9350486858503274,0.3,0.3,0.4,0.4,24.9,28.2,6.8,12.4,14.5,20.5,7.1,9.5,7.2,7.1,1.0,2.0,4.0,5.0,1.5951314818673865,1.4181364924121767,1.6363916944844767,0.918936583472681,0.7666666666666666,0.2999999999999998,-0.3666666666666667,-0.5333333333333334,0.09829059829059829,0.11392729134664618,0.1360161443494777,0.1453863340960115,0.2316239316239316,0.290811339198436,0.23161206077872742,0.31518033937388773,0.3299145299145299,0.40473863054508213,0.3676282051282051,0.4605666734698992,-1.7747150997150998,0.5354989096924581
2022021051,2023-03-12,2022-2023,SJS,MIN,2,5,7,-3,0,1.0,2.0,-1.0,0,0,-2.0,1.0,-3.0,2.0,8.0,2.3,2.2,0.09999999999999964,3.9,1.2,2.7,6.2,3.4,30.6,31.2,31.6,30.5,0.07795245207145586,0.07551032869265685,0.8736782008215658,0.9576415741121623,0.1,0.2,0.7,0.1,22.5,22.7,9.9,5.0,14.6,19.8,10.0,6.3,7.9,7.5,1.0,4.0,7.0,5.0,1.1595018087284057,1.3165611772087675,2.378141197564929,1.032795558988649,-0.6333333333333331,0.1333333333333333,0.10000000000000009,-0.5333333333333333,0.21724941724941726,0.06210280947123053,0.1588479229104229,0.13742346744958975,0.5567987567987568,0.1635463951253425,0.4203884657009657,0.2658301536784509,0.774048174048174,0.225649204596573,0.5792363886113886,0.40325362112804064,-1.1286917943167942,0.03377867617418706
2022021054,2023-03-12,2022-2023,PIT,NYR,3,2,5,1,1,0.0,0.0,0.0,1,1,1.0,2.0,-1.0,6.0,4.0,3.6,2.5,1.1,3.3,3.3,0.0,6.9,5.8,36.7,29.1,31.6,27.5,0.10054576448217274,0.0963851005888482,0.8980086903116659,0.874321496739975,0.6,0.8,0.8,0.6,31.7,21.9,11.2,9.1,15.4,14.0,9.3,7.9,8.5,12.6,3.0,3.0,6.0,3.0,1.837873166945363,1.178511301977582,1.7669811040931425,1.4181364924121764,0.733333333333333,-0.16666666666666652,-0.2999999999999998,-0.6333333333333333,0.3150537634408603,0.33835315592823934,0.21071497876775971,0.32558683437437613,0.5626964433416046,0.4176577964119677,0.4646451441632035,0.41395710333418895,0.8777502067824647,0.7560109523402071,0.6753601229309631,0.739543937708565,-0.39848103442052607,-0.28562077522033025
2022021055,2023-03-12,2022-2023,NJD,CAR,3,0,3,3,1,-1.0,-1.0,0.0,0,0,1.0,-1.0,2.0,7.0,7.0,4.2,3.2,1.0,2.9,1.5,1.4,7.1,4.7,37.2,36.1,25.2,22.7,0.11909429499485633,0.08855467999528538,0.8822584557873441,0.9283731884057971,0.7,0.9,0.2,0.0,16.5,13.7,4.5,6.9,13.9,8.8,8.4,11.3,9.2,9.4,3.0,2.0,5.0,7.0,1.8135294011647263,1.9888578520235058,1.4491376746189442,1.354006400772659,-0.8666666666666667,-1.866666666666667,0.43333333333333357,0.5,0.19727564102564102,0.19252432155657961,0.1869130291005291,0.1389233678757298,0.3677884615384615,0.340757808499744,0.37533577533577533,0.2553129344550497,0.5650641025641026,0.5332821300563236,0.5622488044363044,0.39423630233077955,1.5223557692307694,0.8573774727774528
2022021044,2023-03-12,2022-2023,MTL,NJD,1,3,4,-2,0,1.0,1.0,0.0,0,0,-5.0,2.0,-7.0,3.0,7.0,2.9,4.0,-1.1,3.1,2.7,0.3999999999999999,6.0,6.7,27.0,35.2,33.4,25.3,0.11428455728858952,0.1205098662789817,0.9005704458143482,0.8887100686905699,0.2,0.6,0.6,0.1,18.5,15.8,6.3,4.1,18.9,13.6,7.0,8.6,11.6,9.9,0.0,3.0,3.0,6.0,1.286683937707919,1.825741858350554,1.28668393770792,1.7029386365926404,0.10000000000000009,-1.3333333333333335,0.2333333333333334,-0.7000000000000002,0.08459024635495223,0.11346153846153846,0.10805244169370803,0.15723732286232286,0.23692810457516342,0.28473179729075954,0.26909172116652397,0.35487416584114695,0.32151835093011566,0.398193335752298,0.37714416286023195,0.5121114887034698,-0.27203254650073794,1.4838231213231212
2022021052,2023-03-12,2022-2023,LAK,NSH,1,2,3,-1,0,1.0,1.0,0.0,0,0,5.0,-2.0,7.0,7.0,6.0,3.5,3.6,-0.10000000000000009,3.1,2.5,0.6000000000000001,6.6,6.1,32.9,28.8,25.3,32.1,0.10696406469054462,0.12741870355327373,0.8778516398476075,0.923137842670657,0.4,0.9,0.6,0.4,18.1,25.2,7.2,8.2,14.2,16.9,4.7,6.9,4.9,7.1,4.0,4.0,4.0,3.0,1.3540064007726604,2.1186998109427604,1.4491376746189424,1.0801234497346417,0.833333333333333,-1.2666666666666666,-1.1,-0.16666666666666652,0.14782008115341447,0.2012835921349935,0.24935299470818598,0.18619459452352102,0.4260726927393594,0.4693892921814656,0.4027614664226686,0.3734870364960264,0.5738927738927738,0.6706728843164592,0.6521144611308545,0.5596816310195475,0.262556205179156,0.4757387157175628
2022021047,2023-03-12,2022-2023,FLA,WPG,4,5,9,-1,0,0.0,2.0,-2.0,1,0,3.0,-2.0,5.0,6.0,2.0,3.1,2.7,0.3999999999999999,2.8,3.6,-0.8000000000000003,5.9,6.3,40.1,30.6,28.0,31.1,0.0782762506448284,0.08881933707994824,0.8975238182676339,0.8791842441139117,0.3,0.5,1.1,0.5,21.3,20.5,11.0,8.7,12.9,12.8,8.1,8.3,9.5,9.4,4.0,1.0,6.0,6.0,1.5951314818673854,2.110818693198342,1.6865480854231354,1.577621275493232,0.2333333333333334,0.9666666666666663,-1.133333333333333,0.06666666666666643,0.09343434343434343,0.21072353415307576,0.17797480297480298,0.2252582547696357,0.1534992784992785,0.3375092178148205,0.2499283124283124,0.3210507120509711,0.24693362193362192,0.5482327519678963,0.42790311540311543,0.5463089668206068,1.3176268176268175,-0.2866865966661656
2022021053,2023-03-12,2022-2023,DET,BOS,5,3,8,2,1,0.0,0.0,0.0,1,1,-1.0,1.0,-2.0,3.0,9.0,2.2,4.0,-1.7999999999999998,3.3,2.2,1.0999999999999996,5.5,6.2,28.4,30.6,31.1,31.4,0.08180178446792351,0.13474660637779828,0.8917229304321085,0.9286520315869357,0.5,0.5,0.9,0.3,23.5,23.4,12.0,7.2,17.4,12.5,5.8,7.0,7.7,9.7,2.0,4.0,4.0,6.0,1.4757295747452428,1.7638342073763937,1.8885620632287052,1.229272594305719,0.1333333333333333,-1.0,-0.6333333333333333,0.1333333333333333,0.191025641025641,0.3174939467312348,0.17399774064733078,0.2263368426466632,0.36153846153846153,0.5532309322033898,0.3455029686843211,0.43865794976182565,0.5525641025641025,0.8707248789346247,0.5195007093316519,0.6649947924084888,-1.0428830390920556,2.0737799696149644
2022021045,2023-03-12,2022-2023,CBJ,STL,2,5,7,-3,0,3.0,1.0,2.0,0,0,-3.0,1.0,-4.0,4.0,2.0,3.0,2.5,0.5,3.1,3.9,-0.7999999999999998,6.1,6.4,28.3,28.3,36.9,34.0,0.10750008847834933,0.09440059658537917,0.9168642522246907,0.8783996850313207,0.7,0.3,0.7,0.5,23.3,25.6,7.6,7.0,17.6,14.2,7.4,7.5,7.4,7.5,2.0,1.0,4.0,5.0,1.763834207376394,1.509230856356236,1.5238839267549933,1.523883926754995,-0.3333333333333335,0.16666666666666652,1.233333333333333,-0.2333333333333334,0.2054330219272398,0.09780092592592593,0.20947724804533785,0.09034979232212838,0.38017306063562906,0.19212962962962962,0.3671606386496718,0.24108701426836673,0.5856060825628688,0.2899305555555555,0.5766378866950096,0.33143680659049507,-1.1579552062020273,-1.2541578696804105
2022021046,2023-03-12,2022-2023,CAR,VGK,0,4,4,-4,0,1.0,1.0,0.0,0,0,4.0,1.0,3.0,8.0,6.0,3.8,2.8,1.0,1.4,2.6,-1.2000000000000002,5.2,5.4,36.9,28.4,22.6,34.2,0.10318882633674878,0.10702286155669927,0.9323257575757575,0.9183820191836609,0.9,0.3,0.1,0.5,13.6,28.1,7.3,13.0,8.4,20.5,11.2,10.3,10.4,7.0,6.0,1.0,7.0,6.0,1.813529401164725,1.5491933384829668,1.2649110640673507,0.6992058987801015,-0.46666666666666634,0.20000000000000018,-0.3999999999999999,0.06666666666666643,0.18948412698412698,0.11997079710625873,0.15033264777117236,0.1471260356937665,0.33540013227513227,0.2956940480667832,0.28445080174076076,0.31649504268141027,0.5248842592592592,0.41566484517304186,0.4347834495119331,0.4636210783751767,0.8376590679357073,0.49503671479512723
2022021048,2023-03-12,2022-2023,NYI,WSH,1,5,6,-4,0,1.0,1.0,0.0,0,0,3.0,-2.0,5.0,7.0,3.0,3.1,3.2,-0.10000000000000009,2.3,3.4,-1.1,5.4,6.6,29.5,29.7,30.8,32.1,0.10995781995781992,0.10982621459074945,0.9291097324056651,0.8908366168870504,0.4,0.8,0.4,0.4,26.3,21.1,9.0,10.4,16.6,14.6,5.3,5.8,7.2,10.5,4.0,2.0,5.0,5.0,1.286683937707917,2.250925735484551,1.766981104093143,1.4298407059684815,0.5666666666666664,0.7999999999999998,-0.2999999999999998,-0.7333333333333334,0.1640154164372554,0.3513106834560861,0.15397740518832467,0.23383096240366374,0.18501212779571732,0.3428318286212085,0.2014707103625051,0.285706716101406,0.3490275442329727,0.6941425120772946,0.3554481155508298,0.5195376785050697,0.5173973443757376,-0.6265664475304531
2022021060,2023-03-13,2022-2023,ANA,NSH,4,5,9,-1,0,1.0,0.0,1.0,0,1,1.0,1.0,0.0,5.0,6.0,2.7,3.0,-0.2999999999999998,2.9,2.3,0.6000000000000001,5.6,5.3,24.5,29.2,38.9,31.5,0.11592887728213812,0.10382895996353012,0.9232791234192778,0.9285250480578624,0.4,0.8,0.7,0.3,12.5,25.8,9.5,8.4,14.9,18.2,5.7,6.4,7.2,6.6,2.0,5.0,3.0,2.0,0.9486832980505142,1.8856180831641267,1.4491376746189426,1.1595018087284037,-0.3666666666666667,-1.3333333333333333,-0.2333333333333334,0.03333333333333366,0.10702593075474431,0.19805000853387952,0.1090685209329277,0.18278503157535417,0.23023323192814718,0.46172555043522784,0.2742075250549827,0.3672419277257987,0.3372591626828915,0.6597755589691073,0.3832760459879105,0.5500269593011529,-1.3862391845442694,0.4334299213331471
2022021058,2023-03-13,2022-2023,ARI,MIN,5,4,9,1,1,1.0,0.0,1.0,0,1,-1.0,2.0,-3.0,4.0,8.0,3.1,2.3,0.8000000000000003,3.6,1.1,2.5,6.7,3.4,25.6,30.6,39.4,31.6,0.12383039776463992,0.08132313657443026,0.910244114645119,0.9637746302452184,0.4,0.3,1.2,0.3,26.0,23.0,10.0,5.4,17.3,20.0,5.8,6.5,9.9,7.8,4.0,5.0,8.0,4.0,1.4491376746189437,1.4944341180973273,2.0655911179772892,0.8755950357709189,0.8999999999999999,0.7000000000000002,-1.6,0.23333333333333317,0.06973995271867613,0.06605609851045957,0.08293830330697537,0.1428437543834349,0.0980294750786554,0.16560124572294957,0.09189468645375938,0.2722236997845517,0.16776942779733153,0.2316573442334091,0.17483298976073472,0.4150674541679866,-1.01367198742534,0.1621929034454389
2022021059,2023-03-13,2022-2023,CGY,OTT,5,1,6,4,1,1.0,0.0,1.0,0,1,-1.0,-1.0,0.0,3.0,6.0,2.3,3.5,-1.2000000000000002,3.0,2.9,0.10000000000000009,5.3,6.4,35.7,31.3,26.4,27.0,0.059824223987243075,0.11611644311834061,0.8766983658667229,0.8911918372364621,0.6,0.4,0.5,0.2,25.3,26.0,7.1,15.5,11.6,13.0,6.5,8.8,7.8,8.2,0.0,3.0,5.0,3.0,2.0575065816014617,2.460803843372233,1.3333333333333337,1.1972189997378635,-0.2999999999999998,-1.1666666666666665,-1.0,1.4333333333333331,0.1426166426166426,0.2074821353509878,0.1929713804713805,0.16391618844844077,0.22438672438672438,0.25195460277427495,0.28679653679653677,0.26559082795718575,0.367003367003367,0.4594367381252627,0.4797679172679173,0.4295070164056265,-0.04599567099567098,-0.35849964362081255
2022021062,2023-03-13,2022-2023,MTL,COL,4,8,12,-4,0,0.0,1.0,-1.0,1,0,-6.0,1.0,-7.0,3.0,6.0,2.9,3.9,-1.0,2.8,2.8,0.0,5.7,6.7,26.4,34.0,32.9,28.1,0.11511789062192283,0.11601440062853367,0.9072100122100123,0.9055861156723226,0.2,0.5,0.5,0.3,19.2,18.2,5.7,7.3,20.1,14.6,5.9,9.1,12.3,6.2,0.0,1.0,4.0,8.0,1.286683937707919,1.5238839267549922,1.135292424395095,2.3475755815545347,-0.5666666666666664,-0.2333333333333334,-0.1333333333333333,-0.7999999999999998,0.082970488630866,0.0891169762137504,0.10456394801913671,0.12102669738758448,0.23194415647245836,0.10360177456951651,0.26111096712511805,0.16650375980013077,0.3149146451033243,0.19271875078326692,0.3656749151442547,0.28753045718771525,-0.38994531411984246,-0.48709498507885607
2022021061,2023-03-13,2022-2023,TOR,BUF,3,4,7,-1,0,0.0,1.0,-1.0,1,0,2.0,-4.0,6.0,7.0,4.0,3.7,3.4,0.30000000000000027,2.7,4.0,-1.2999999999999998,6.4,7.4,32.4,32.0,28.2,38.3,0.1150900195982256,0.11010838869906103,0.9041598031598032,0.8963087531955128,0.8,0.6,0.4,0.7,19.3,19.2,8.0,6.4,15.5,10.3,8.7,6.5,7.5,8.3,3.0,2.0,3.0,6.0,2.0027758514399734,2.0655911179772883,1.5670212364724214,2.449489742783178,0.2999999999999998,-1.0666666666666664,0.9666666666666663,1.0,0.19226669648181274,0.24996615875370046,0.14823823329837765,0.23429988534908788,0.336614862850328,0.31687765948055163,0.34266087970102604,0.3179642854155889,0.5288815593321408,0.566843818234252,0.49089911299940375,0.5522641707646768,0.8268687927950159,0.0635615602914272
2022021064,2023-03-14,2022-2023,PIT,MTL,4,6,10,-2,0,1.0,0.0,1.0,0,1,2.0,-7.0,9.0,7.0,2.0,3.7,2.8,0.9000000000000004,3.2,3.4,-0.19999999999999973,6.9,6.2,35.6,26.5,31.4,32.2,0.10476936696664478,0.10839274442309244,0.9007895579423668,0.8879675879675879,0.7,0.3,0.8,0.7,33.2,20.0,8.8,7.6,15.2,19.5,9.7,5.5,9.7,12.2,4.0,2.0,6.0,5.0,1.7669811040931427,1.1352924243950933,1.8135294011647252,1.9550504398153579,-0.03333333333333366,-0.1333333333333333,-0.8666666666666667,0.9333333333333331,0.31024531024531027,0.14490366377158828,0.20556457431457434,0.12910532332189426,0.5743145743145743,0.2981597950151409,0.47647546897546905,0.2718291289524541,0.8845598845598847,0.4430634587867292,0.6820400432900433,0.4009344522743484,-0.28861832611832605,-0.623078513562517
2022021063,2023-03-14,2022-2023,SEA,DAL,2,5,7,-3,0,1.0,1.0,0.0,0,0,-2.0,2.0,-4.0,5.0,6.0,3.5,4.4,-0.9000000000000004,3.7,3.1,0.6000000000000001,7.2,7.5,32.2,35.6,26.7,29.2,0.10657077213332129,0.12419810478437017,0.8692188392607216,0.8886464373427889,0.6,0.7,0.1,0.6,19.7,20.1,5.9,6.0,12.1,12.8,10.7,7.4,5.5,8.8,1.0,4.0,5.0,5.0,1.7795130420052188,2.547329756605707,1.418136492412177,1.370320319406297,0.5,1.5999999999999996,-0.03333333333333366,0.8999999999999999,0.2038075858402537,0.23232323232323235,0.16559481000097445,0.15426824637350955,0.42431575280940076,0.4595959595959596,0.3675349851716396,0.33690286321865265,0.6281233386496544,0.6919191919191919,0.533129795172614,0.4911711095921622,0.6150172650772485,1.429103060682008
2022021066,2023-03-14,2022-2023,PHI,VGK,3,5,8,-2,0,2.0,1.0,1.0,0,0,-3.0,3.0,-6.0,2.0,7.0,1.8,3.0,-1.2,3.6,2.3,1.3000000000000003,5.4,5.3,28.5,27.7,29.9,34.5,0.06306208993708991,0.11503223569510564,0.8802508458047947,0.9310859818876235,0.2,0.3,1.0,0.4,24.7,27.4,9.8,12.0,17.7,20.6,6.1,9.6,6.6,6.6,1.0,3.0,3.0,5.0,1.2292725943057157,1.5634719199411433,1.8378731669453625,0.9486832980505137,-0.8,1.333333333333333,-0.2666666666666666,-0.2999999999999998,0.17909867909867913,0.11703251667224905,0.1434581456451331,0.14806849714209466,0.29810929810929815,0.3056978381219246,0.2605685882066418,0.3269782722947931,0.47720797720797714,0.42273035479417365,0.40402673385177484,0.47504676943688784,-0.6346703900558466,0.7012270339599213
2022021065,2023-03-14,2022-2023,NJD,TBL,1,4,5,-3,0,1.0,1.0,0.0,0,0,3.0,-1.0,4.0,7.0,3.0,3.9,2.7,1.1999999999999997,2.6,3.6,-1.0,6.5,6.3,36.0,30.5,25.2,32.6,0.11482487093881395,0.08644734400574218,0.8925434020239033,0.8841891050331789,0.6,0.9,0.1,0.9,16.2,26.8,3.5,14.7,13.8,13.9,8.1,6.8,10.1,9.8,3.0,1.0,5.0,6.0,1.8529256146249733,1.4181364924121753,1.7763883459298975,2.2211108331943574,-1.2333333333333334,-0.03333333333333366,-1.6,-0.9333333333333336,0.11616161616161617,0.17482898009950246,0.15557155263037614,0.1732706442737437,0.2783389450056117,0.27643034825870644,0.35288125092046657,0.43204660349279994,0.3945005611672278,0.4512593283582089,0.5084528035508428,0.6053172477665436,1.5573502749973338,0.15556359514743
2022021068,2023-03-14,2022-2023,CAR,WPG,5,3,8,2,1,1.0,1.0,0.0,0,0,-2.0,2.0,-4.0,6.0,3.0,2.8,2.9,-0.10000000000000009,1.7,3.8,-2.0999999999999996,4.5,6.7,35.8,30.9,22.5,31.5,0.07712610856671395,0.09392660018721136,0.9193297101449275,0.8778116950943037,0.8,0.7,0.0,0.8,13.7,24.9,6.6,8.8,9.6,13.6,10.3,8.2,9.4,9.2,4.0,2.0,6.0,6.0,2.2010098692292233,2.1832697191750423,1.4181364924121758,1.3984117975602033,-2.4666666666666663,0.43333333333333357,0.30000000000000004,-0.7999999999999998,0.17360742705570295,0.20726825641905414,0.16609945512198016,0.22639532223937783,0.29644396551724134,0.3487624820615041,0.2700204445268405,0.32359351300421807,0.4700513925729443,0.5560307384805583,0.4361198996488207,0.5499888352435959,0.8742206185546008,-0.23217328791183653
2022021067,2023-03-14,2022-2023,NYR,WSH,5,3,8,2,1,1.0,1.0,0.0,0,0,-1.0,1.0,-2.0,4.0,4.0,2.5,3.4,-0.8999999999999999,3.3,3.1,0.19999999999999973,5.8,6.5,30.0,29.2,27.8,30.5,0.09328165231298612,0.11896973310926798,0.8751250681685464,0.9026013227694033,0.7,0.6,0.7,0.4,23.7,20.9,9.5,10.8,14.3,15.6,7.9,5.9,12.3,10.5,1.0,3.0,3.0,4.0,1.178511301977582,2.319003617456812,1.4181364924121764,1.5951314818673867,-0.16666666666666652,-0.3999999999999999,-0.9666666666666663,-1.1,0.3378933778677942,0.21201814058956917,0.3255123454995537,0.14914193193000472,0.4103820115972338,0.24036281179138322,0.4097364603440714,0.21873093419757839,0.7482753894650281,0.4523809523809524,0.7352488058436252,0.36787286612758313,-0.25036444208174297,-0.4879245283018868
2022021072,2023-03-15,2022-2023,ARI,CGY,4,3,7,1,1,1.0,1.0,0.0,0,0,1.0,1.0,0.0,4.0,4.0,3.3,2.5,0.7999999999999998,3.8,2.7,1.0999999999999996,7.1,5.2,25.4,36.1,39.2,27.3,0.13356952819942253,0.06407330823632731,0.9040349643183216,0.8916543775969281,0.5,0.7,1.1,0.5,26.5,26.1,11.2,7.0,18.2,12.0,5.6,7.3,10.0,7.7,4.0,3.0,8.0,5.0,1.567021236472421,2.2236106773543884,1.9888578520235067,1.4181364924121769,0.3666666666666667,-0.5,-1.1333333333333333,-1.7000000000000002,0.14068732912016493,0.14544465174129353,0.08570814023873757,0.19256172536440605,0.11066290170767783,0.2361629353233831,0.08819627102746437,0.2974477939251113,0.2513502308278428,0.3816075870646766,0.17390441126620196,0.4900095192895173,-1.2836470441427004,0.06771651610369207
2022021070,2023-03-15,2022-2023,CHI,BOS,6,3,9,3,1,2.0,2.0,0.0,0,0,-3.0,-1.0,-2.0,3.0,8.0,2.5,3.7,-1.2000000000000002,2.9,2.4,0.5,5.4,6.1,24.5,31.2,35.9,31.1,0.1065742952699474,0.12161529324648516,0.9183617343145511,0.9197948887297928,0.4,0.4,0.7,0.5,21.2,22.7,8.2,8.0,16.0,12.0,7.9,6.6,7.5,9.0,1.0,4.0,3.0,5.0,1.35400640077266,1.636391694484477,1.2866839377079173,1.3498971154211064,-0.16666666666666652,-1.0333333333333337,0.43333333333333357,0.6000000000000001,0.11175595238095239,0.3122582096266307,0.10528892560142561,0.22253181974544203,0.20699404761904763,0.5439946018893388,0.16129328160578163,0.4311350586118388,0.31875000000000003,0.8562528115159694,0.2665822072072072,0.6536668783572809,-1.8901497995247996,1.9505199650710483
2022021071,2023-03-15,2022-2023,EDM,OTT,6,3,9,3,1,2.0,1.0,1.0,0,0,-1.0,-2.0,1.0,6.0,6.0,4.4,3.5,0.9000000000000004,3.4,3.1,0.2999999999999998,7.8,6.6,32.7,31.3,30.2,27.7,0.13491715652619904,0.11611644311834061,0.8880492551545185,0.8877463244159491,1.1,0.4,0.8,0.3,21.2,25.4,9.2,15.1,12.2,13.9,8.6,8.5,10.7,8.8,3.0,3.0,4.0,3.0,1.5055453054181644,2.460803843372233,1.8378731669453625,1.3703203194062967,-1.0666666666666669,-0.8333333333333335,-0.06666666666666643,1.233333333333333,0.234025234025234,0.222942210363594,0.1984005491468178,0.154025683220246,0.2657712657712658,0.33505918726044515,0.31951658071061056,0.2141517289620353,0.4997964997964998,0.5580013976240391,0.5179171298574284,0.36817741218228134,0.5004373735717019,-0.32122298251330506
2022021075,2023-03-15,2022-2023,LAK,NYI,5,2,7,3,1,2.0,2.0,0.0,0,0,-1.0,-1.0,0.0,6.0,7.0,3.1,3.0,0.10000000000000009,2.7,2.2,0.5,5.8,5.2,31.9,28.5,25.1,30.8,0.09715425488073481,0.10837051837051834,0.8901433065142742,0.9328134361093688,0.3,0.4,0.6,0.3,18.5,24.7,7.0,9.2,14.8,16.7,4.4,5.7,5.1,7.7,3.0,3.0,4.0,6.0,1.4491376746189437,1.4142135623730934,1.4181364924121742,1.549193338482967,0.2333333333333334,-0.3333333333333335,-1.0333333333333334,1.1333333333333333,0.14559023066485755,0.16097105508870213,0.2455603215593586,0.15098668031707282,0.41950851801598077,0.18155929038281982,0.39656215501184205,0.1976841470722496,0.5650987486808382,0.3425303454715219,0.6421224765712008,0.3486708273893224,0.27423439984826603,0.4420996574822139
2022021069,2023-03-15,2022-2023,NSH,DET,2,1,3,1,1,1.0,2.0,-1.0,0,0,2.0,1.0,1.0,7.0,3.0,3.2,2.4,0.8000000000000003,2.3,3.5,-1.2000000000000002,5.5,5.9,30.2,28.5,31.7,31.7,0.10617938731395746,0.08903255369869274,0.9291428086756228,0.8863357250449031,0.9,0.7,0.2,0.8,24.7,22.4,8.1,11.3,17.3,17.3,6.4,6.0,6.9,7.9,1.0,0.0,2.0,5.0,1.9888578520235065,1.71269767715535,1.1595018087284037,1.715938356831166,-0.8666666666666667,1.2666666666666666,0.3666666666666667,-0.5,0.2437971353549712,0.2393939393939394,0.1765860676774856,0.19949369626788985,0.5520080648345574,0.3252525252525253,0.3425962943220406,0.3248138957816377,0.7958052001895286,0.5646464646464647,0.5191823619995263,0.5243075920495276,-0.22120424662402272,-0.9810211294082262
2022021074,2023-03-15,2022-2023,SJS,CBJ,5,6,11,-1,0,2.0,2.0,0.0,0,0,-3.0,-4.0,1.0,2.0,3.0,2.3,2.9,-0.6000000000000001,4.0,3.4,0.6000000000000001,6.3,6.3,30.8,29.8,31.4,35.4,0.07764357176257554,0.10012829360655444,0.8693924865358513,0.902104526824233,0.3,0.7,0.9,0.6,21.8,23.2,10.3,6.6,13.9,17.2,10.2,7.4,7.9,7.4,1.0,2.0,7.0,4.0,1.1595018087284057,1.7919573407620817,2.357022603955158,1.3498971154211044,-0.9666666666666666,-0.2333333333333334,0.666666666666667,1.266666666666667,0.2189808533092115,0.20803020282186946,0.161533695885375,0.2113508242305285,0.5584200211065883,0.38445216049382713,0.42159783106611465,0.3653682546794106,0.7774008744157999,0.5924823633156966,0.5831315269514897,0.5767190789099391,-1.5357853433879554,-1.3780823306024919
2022021077,2023-03-15,2022-2023,TOR,COL,1,2,3,-1,0,1.0,1.0,0.0,0,0,-1.0,2.0,-3.0,7.0,6.0,3.7,4.1,-0.39999999999999947,2.7,2.7,0.0,6.4,6.8,31.7,33.1,28.4,26.0,0.11723287674108276,0.1259711105852436,0.905181514526342,0.897033484093375,0.7,0.8,0.5,0.4,20.3,17.2,8.0,8.4,16.3,13.6,8.7,8.8,8.3,6.5,3.0,2.0,4.0,7.0,2.0027758514399734,1.9119507199599959,1.5670212364724214,2.2632326929023945,0.9666666666666668,0.2333333333333334,0.9666666666666663,0.6333333333333333,0.1891996891996892,0.08773592355681907,0.14863687879640022,0.08827585651525165,0.33100233100233095,0.10699030102015177,0.33668249331260297,0.09187234349253202,0.5202020202020202,0.19472622457697084,0.4853193721090032,0.18014820000778364,0.8360346698831247,-1.318357287242303
2022021073,2023-03-15,2022-2023,VAN,DAL,5,2,7,3,1,2.0,0.0,2.0,0,1,4.0,3.0,1.0,7.0,7.0,3.5,4.8,-1.2999999999999998,2.4,3.2,-0.8000000000000003,5.9,8.0,29.0,35.8,30.4,28.8,0.12822081233886803,0.13648977145103686,0.9169862340392527,0.8846285801999318,0.6,1.0,0.5,0.5,25.2,19.3,8.5,5.6,16.4,12.7,5.9,8.0,4.8,8.8,5.0,5.0,7.0,5.0,1.649915822768612,2.250925735484551,0.9660917830792929,1.2292725943057174,0.16666666666666652,1.5333333333333332,-0.06666666666666643,-0.20000000000000018,0.1816583953680728,0.23880597014925373,0.1608631535414218,0.15976823854863612,0.2979218362282879,0.47263681592039797,0.26356193678986545,0.34455416881111683,0.47958023159636065,0.7114427860696516,0.4244250903312872,0.5043224073597529,-1.7451848254320668,1.4107292202779207
2022021076,2023-03-15,2022-2023,WSH,BUF,5,4,9,1,1,0.0,1.0,-1.0,1,0,-1.0,1.0,-2.0,4.0,4.0,3.6,3.2,0.3999999999999999,3.1,3.8,-0.6999999999999997,6.7,7.0,29.8,32.6,30.5,37.0,0.12464715246410667,0.09781453562559778,0.9026013227694033,0.8977895894324466,0.6,0.6,0.4,0.6,20.0,17.4,10.1,6.2,14.8,10.4,5.8,7.8,10.0,8.8,1.0,2.0,4.0,6.0,2.1705094128132942,1.873795909674025,1.5951314818673867,2.4404006956964164,-0.2666666666666666,-0.20000000000000018,-0.7666666666666666,1.2000000000000002,0.3602150537634408,0.24595327773293874,0.2422727690469626,0.2361326879605664,0.3397849462365592,0.31705396377006545,0.28025334681248665,0.31526767933291894,0.7000000000000001,0.5630072415030042,0.5225261158594492,0.5514003672934854,-0.5440106607848543,0.010876564340912637
2022021080,2023-03-16,2022-2023,OTT,COL,4,5,9,-1,0,0.0,0.0,0.0,1,1,-3.0,3.0,-6.0,6.0,6.0,3.8,3.7,0.09999999999999964,3.3,2.7,0.5999999999999996,7.1,6.4,31.3,32.4,28.0,25.1,0.12549144311834062,0.11553049755842368,0.8824661520021561,0.8951816322415234,0.5,0.9,0.4,0.3,24.0,17.6,15.3,8.0,14.3,13.6,8.5,8.5,9.1,7.0,3.0,2.0,3.0,7.0,2.149935399546279,2.11081869319834,1.4944341180973255,2.2632326929023945,-1.7999999999999998,0.2999999999999998,1.3666666666666671,-0.3666666666666667,0.23208033904551317,0.0863970588235294,0.17001841719309263,0.0867882730015083,0.30053436521098215,0.1053784386889084,0.25106781013455765,0.0902960569512918,0.5326147042564953,0.1917754975124378,0.4210862273276503,0.1770843299528001,-0.5619811879745285,-1.1600996713266247
2022021078,2023-03-16,2022-2023,STL,MIN,5,8,13,-3,0,3.0,2.0,1.0,0,0,-1.0,-1.0,0.0,3.0,7.0,3.0,2.5,0.5,3.4,1.5,1.9,6.4,4.0,28.8,32.0,34.2,30.5,0.11307483900962159,0.0830878424567832,0.8926475939851117,0.944976676281024,0.4,0.3,0.3,0.4,25.1,24.5,4.9,7.6,15.0,18.8,7.7,6.3,7.0,7.7,1.0,5.0,5.0,3.0,1.5634719199411433,1.5811388300841904,1.1737877907772665,1.5092308563562389,1.0,1.833333333333333,-0.7333333333333334,1.5,0.09661127403062886,0.07057448833315264,0.1370296114535746,0.132515516804685,0.26516780710329096,0.17327165624661198,0.24642641025129508,0.25398714711396925,0.3617790811339199,0.2438461445797646,0.38345602170486964,0.38650266391865434,-1.371987152632314,0.08145534122609015
2022021082,2023-03-16,2022-2023,NYR,PIT,4,2,6,2,1,1.0,1.0,0.0,0,0,1.0,-1.0,2.0,5.0,7.0,2.9,3.9,-1.0,3.2,3.0,0.20000000000000018,6.1,6.9,28.5,37.5,28.8,29.1,0.10520975688814951,0.1057383592147068,0.8844952678613268,0.8928891250419337,0.8,0.8,0.6,0.6,24.7,32.1,9.8,8.8,15.4,15.5,7.8,10.3,11.1,9.2,2.0,3.0,3.0,6.0,1.2866839377079207,1.6633299933166195,1.3984117975602022,1.4142135623730945,0.10000000000000009,0.10000000000000009,-0.8666666666666667,-0.3333333333333335,0.33780864197530863,0.31055659203980096,0.3281083010871568,0.20811933293217788,0.41508487654320986,0.5756374378109452,0.4140100999631473,0.4803673801610196,0.7528935185185186,0.8861940298507461,0.7421184010503041,0.6884867130931974,-0.19464828634604753,-0.4738678120501932
2022021083,2023-03-16,2022-2023,NJD,TBL,3,4,7,-1,0,1.0,1.0,0.0,0,0,-1.0,1.0,-2.0,7.0,3.0,3.8,2.8,1.0,2.6,3.7,-1.1,6.4,6.5,34.3,31.7,26.5,30.4,0.11417269702577046,0.08311401067240884,0.9027394804552757,0.8798412789462224,0.5,0.9,0.1,0.9,15.9,27.1,3.5,14.3,14.6,12.9,8.2,7.3,9.4,10.2,3.0,1.0,5.0,6.0,1.9888578520235067,1.4757295747452426,1.7763883459298975,2.0575065816014617,-1.4666666666666663,0.20000000000000018,-0.9333333333333333,-2.033333333333333,0.1906183368869936,0.17714932126696836,0.17086180299799703,0.17658697998908712,0.3485429992892679,0.2774509803921568,0.37072884360664204,0.3560120731543032,0.5391613361762615,0.4546003016591252,0.5415906466046392,0.5325990531433903,1.876609646572333,0.15440294755483513
2022021081,2023-03-16,2022-2023,FLA,MTL,9,5,14,4,1,3.0,1.0,2.0,0,0,-1.0,1.0,-2.0,6.0,2.0,3.3,2.9,0.3999999999999999,2.8,3.6,-0.8000000000000003,6.1,6.5,41.3,25.6,28.0,33.9,0.0810540284226062,0.1195364394377552,0.8975238182676339,0.8863575700785005,0.6,0.2,1.2,0.9,23.7,21.5,11.4,8.1,13.3,20.2,8.0,5.5,10.1,11.8,4.0,2.0,7.0,5.0,1.56702123647242,1.3703203194062976,1.6865480854231354,1.897366596101028,0.03333333333333366,0.7666666666666666,0.20000000000000018,1.0666666666666669,0.09679671816356812,0.14668911335578003,0.17260921766764267,0.13158765040011525,0.156760059352361,0.3048260381593715,0.2413377316963825,0.27975063312622944,0.2535567775159291,0.4515151515151515,0.41394694936402515,0.41133828352634466,0.979082607298436,-0.31004177561286994
2022021079,2023-03-16,2022-2023,ANA,NYI,3,6,9,-3,0,2.0,0.0,2.0,0,1,-1.0,-2.0,1.0,5.0,6.0,2.8,2.7,0.09999999999999964,3.0,2.2,0.7999999999999998,5.8,4.9,25.0,28.5,37.0,30.0,0.11736468809294894,0.09765623265623263,0.9166629618031161,0.9307932340891668,0.3,0.3,0.8,0.5,12.7,24.8,9.2,9.6,13.6,16.3,6.0,5.8,7.0,7.2,2.0,3.0,4.0,5.0,1.0327955589886448,1.2516655570345707,1.5634719199411422,1.549193338482967,0.20000000000000018,-0.3666666666666667,0.0,1.7999999999999998,0.10462691430433364,0.14864544851757125,0.10696666171757507,0.18906209826925938,0.2303193222548061,0.14416974519276313,0.2788266204484449,0.19590759008917577,0.3349462365591398,0.2928151937103344,0.38579328216602,0.3849696883584351,-1.2973062924123562,0.31732838062761337
2022021088,2023-03-17,2022-2023,ARI,VAN,3,2,5,1,1,1.0,1.0,0.0,0,0,2.0,5.0,-3.0,5.0,7.0,3.4,3.4,0.0,3.5,2.4,1.1,6.9,5.8,26.5,28.6,38.6,29.4,0.12814095677085108,0.1284496452908131,0.9091330035340078,0.9149842320372507,0.4,0.6,0.8,0.5,27.3,24.4,10.8,8.9,17.5,15.4,5.7,5.5,10.2,5.1,5.0,2.0,8.0,7.0,1.5776212754932306,1.505545305418163,1.840893502864544,0.9660917830792929,0.2666666666666666,0.9333333333333331,-0.16666666666666652,-0.3999999999999999,0.07242897158863545,0.20492470492470494,0.07527045906081731,0.17117130155923257,0.1004111321948134,0.29556369556369555,0.09155894955605332,0.2689817884860988,0.17284010378344886,0.5004884004884005,0.16682940861687065,0.44015309004533143,-1.127652589049202,-1.4470788072081175
2022021086,2023-03-17,2022-2023,EDM,DAL,4,1,5,3,1,1.0,1.0,0.0,0,0,1.0,-1.0,2.0,6.0,7.0,4.6,4.7,-0.10000000000000053,3.5,3.3,0.20000000000000018,8.1,8.0,33.3,35.3,30.8,28.4,0.1382841598932024,0.13452217885844425,0.886366562846826,0.8757040950740735,1.0,1.0,0.9,0.5,20.7,20.6,9.6,6.0,11.6,12.6,8.6,7.9,9.7,8.7,3.0,5.0,4.0,4.0,1.5776212754932337,2.359378449224852,1.779513042005218,1.3374935098492577,-0.2666666666666666,-1.0333333333333337,0.16666666666666652,0.03333333333333366,0.23283179012345678,0.24019607843137256,0.19901393427741465,0.15981926016821332,0.27642746913580246,0.4705882352941176,0.3284098129992738,0.3417944883298822,0.5092592592592592,0.7107843137254902,0.5274237472766885,0.5016137484980955,0.5813521241830066,1.2833346115499655
2022021089,2023-03-17,2022-2023,LAK,CBJ,4,1,5,3,1,1.0,1.0,0.0,0,0,1.0,1.0,0.0,7.0,3.0,3.5,3.1,0.3999999999999999,2.7,3.8,-1.0999999999999996,6.2,6.9,32.2,31.0,25.9,35.7,0.10772659192366008,0.10151718249544332,0.893000449371417,0.8899278026863019,0.5,0.8,0.6,0.7,18.4,22.5,7.2,7.0,15.4,17.2,4.4,7.7,5.7,7.9,4.0,2.0,5.0,4.0,1.3540064007726604,2.024845673131659,1.4181364924121742,1.1352924243950915,0.16666666666666652,0.8999999999999999,-1.0333333333333334,0.8666666666666671,0.1484018980726619,0.22700320512820515,0.24436901626322172,0.21819143171213606,0.4180463230068147,0.39381555944055946,0.400549772147665,0.37287056249420797,0.5664482210794766,0.6208187645687646,0.6449187884108868,0.591061994206344,0.28627520660005296,-1.2520447302955042
2022021085,2023-03-17,2022-2023,NSH,CHI,1,2,3,-1,0,1.0,1.0,0.0,0,0,3.0,1.0,2.0,7.0,3.0,3.0,2.7,0.2999999999999998,2.0,2.9,-0.8999999999999999,5.0,5.6,29.2,25.1,30.7,36.9,0.10329477192934208,0.10987264609453513,0.9359509430699642,0.920593877171694,0.8,0.4,0.2,0.6,23.9,23.1,8.1,8.0,16.7,14.8,5.9,8.0,7.4,8.7,1.0,1.0,2.0,4.0,2.0,1.70293863659264,1.054092553389457,1.2866839377079173,-0.3333333333333335,0.6333333333333333,0.0,0.10000000000000009,0.24005938914027147,0.10920019456604822,0.1734873480277892,0.10311152737340157,0.5435897435897435,0.21014870405114308,0.3390831390831391,0.17046510162684747,0.783649132730015,0.3193488986171913,0.5125704871109283,0.27357662900024904,-0.1000604175236528,-1.3739442414667062
2022021091,2023-03-17,2022-2023,PHI,BUF,5,2,7,3,1,2.0,1.0,1.0,0,0,-4.0,-1.0,-3.0,2.0,3.0,1.9,3.3,-1.4,3.6,4.1,-0.49999999999999956,5.5,7.4,27.8,32.0,31.0,35.9,0.06765668453168452,0.10353844134950349,0.8867984648524138,0.8895331791760362,0.1,0.5,1.1,0.8,24.2,16.0,10.0,5.8,17.5,11.1,6.2,8.0,6.5,8.9,1.0,1.0,4.0,6.0,1.2866839377079164,1.888562063228705,1.8378731669453625,2.233582075700127,-0.5666666666666667,-0.2999999999999998,-0.6000000000000001,-1.0999999999999996,0.17595159905348093,0.24719551282051286,0.14363056143150238,0.2832153139939157,0.3001625600587314,0.31201923076923077,0.2598035022515879,0.3351317362016515,0.4761141591122124,0.5592147435897435,0.40343406368309037,0.6183470501955671,-0.5861456381512352,-0.06469306823120385
2022021090,2023-03-17,2022-2023,SJS,SEA,1,2,3,-1,0,1.0,2.0,-1.0,0,0,-4.0,-3.0,-1.0,1.0,5.0,2.4,3.7,-1.3000000000000003,4.6,3.8,0.7999999999999998,7.0,7.5,31.7,32.4,33.6,27.6,0.07587726741474946,0.11371362927617842,0.8568924865358513,0.8666373175215911,0.4,0.6,1.0,0.4,21.5,19.1,10.5,6.3,14.1,12.7,9.7,10.1,8.1,6.1,0.0,4.0,7.0,6.0,1.3498971154211057,1.4181364924121773,1.9550504398153563,1.4757295747452441,0.6000000000000001,-0.7000000000000002,0.06666666666666732,0.8666666666666671,0.22066139888791336,0.2004791937448933,0.16157390068715793,0.16545518559549807,0.5648961076968101,0.4174713806769775,0.5136446350449863,0.3617320720662138,0.7855575065847233,0.6179505744218708,0.6752185357321441,0.5271872576617117,-0.9645084941397497,0.6345225416406624
2022021092,2023-03-17,2022-2023,TOR,CAR,5,2,7,3,1,1.0,2.0,-1.0,0,0,-2.0,1.0,-3.0,6.0,6.0,3.3,2.9,0.3999999999999999,2.7,1.9,0.8000000000000003,6.0,4.8,29.4,34.7,28.3,21.3,0.11059331034541878,0.08601499745560284,0.9050665719976063,0.9096074879227054,0.6,0.8,0.6,0.0,19.6,14.6,8.6,6.9,17.1,10.1,8.2,10.7,8.4,9.1,2.0,2.0,4.0,6.0,2.110818693198342,2.2827858224351902,1.5670212364724214,1.449137674618943,0.3666666666666667,-1.2333333333333332,0.2999999999999998,1.1,0.05225917197637544,0.17090593022796416,0.15316921302781475,0.16607465823567522,0.25407465595996626,0.29188495120698515,0.35601945696211207,0.2710454975815146,0.3063338279363417,0.46279088143494923,0.5091886699899268,0.4371201558171897,0.7957851217474154,0.8618622197012027
2022021087,2023-03-17,2022-2023,VGK,CGY,2,7,9,-5,0,2.0,1.0,1.0,0,0,4.0,-1.0,5.0,7.0,3.0,3.1,2.2,0.8999999999999999,2.3,2.8,-0.5,5.4,5.0,28.1,35.5,34.7,28.4,0.11639064739834495,0.05897526902064103,0.9318002676019093,0.8899400918826423,0.4,0.4,0.3,0.4,24.3,27.5,11.6,6.8,20.3,11.9,9.6,7.1,6.7,8.1,3.0,2.0,4.0,5.0,1.66332999331662,1.873795909674026,0.9486832980505137,1.475729574745244,1.5666666666666669,0.7999999999999998,-0.2999999999999998,-0.46666666666666634,0.1151856929212363,0.14819004524886878,0.1458281405782652,0.19216466427419773,0.305655948820206,0.2377828054298642,0.3268475822532403,0.2955310240807198,0.4208416417414423,0.385972850678733,0.47267572283150544,0.4876956883549175,0.7243425972083748,0.08449056014978935
2022021084,2023-03-17,2022-2023,WPG,BOS,0,3,3,-3,0,2.0,1.0,1.0,0,0,-1.0,-2.0,1.0,3.0,7.0,3.1,3.7,-0.6000000000000001,4.0,2.8,1.2000000000000002,7.1,6.5,30.7,32.2,31.7,30.8,0.1025804463410575,0.1193831503893423,0.8702359375185462,0.9051635523242629,0.6,0.4,0.8,0.6,25.7,21.7,8.7,7.8,13.9,11.5,8.1,6.2,8.6,9.0,1.0,4.0,6.0,4.0,2.078995483935024,1.636391694484477,1.2472191289246488,1.4757295747452441,0.5666666666666664,-0.7000000000000002,-0.6666666666666665,0.8666666666666667,0.2091330176138252,0.3071929013138736,0.22824056859476216,0.21885352063098792,0.35368374044533063,0.5462739320851249,0.32623113412494753,0.4326786821880522,0.5628167580591559,0.8534668333989984,0.5544717027197097,0.65153220281904,-0.33432566031413957,1.8703156162785843
2022021093,2023-03-17,2022-2023,WSH,STL,2,5,7,-3,0,1.0,0.0,1.0,0,1,1.0,-2.0,3.0,5.0,3.0,3.9,3.4,0.5,3.2,3.8,-0.5999999999999996,7.1,7.2,31.0,28.8,30.7,34.1,0.13119985901681322,0.1241859501207327,0.8997865079545886,0.8809015622390802,0.7,0.7,0.4,0.5,20.4,24.5,9.9,6.5,14.8,14.0,6.0,7.3,10.6,7.2,2.0,2.0,4.0,6.0,1.9692073983655909,1.5055453054181622,1.6193277068654828,1.8737959096740262,0.10000000000000009,0.9333333333333331,-0.20000000000000018,0.8666666666666671,0.3646963058727765,0.09358612343686971,0.24472988884753596,0.08679937933669278,0.35628097392803276,0.19851601941154182,0.24069704804998923,0.24171240439897157,0.7209772798008092,0.2921021428484115,0.4854269368975251,0.3285117837356643,-0.6624532330414681,-0.9745866432433596
2022021098,2023-03-18,2022-2023,SEA,EDM,4,6,10,-2,0,0.0,0.0,0.0,1,1,1.0,2.0,-1.0,6.0,6.0,3.4,4.3,-0.8999999999999999,3.3,3.4,-0.10000000000000009,6.7,7.7,31.5,31.9,27.5,31.0,0.10776850732495893,0.1357084023174448,0.8816941357034093,0.8908537423340055,0.5,0.9,0.4,0.8,19.1,21.6,6.3,9.2,13.4,11.9,8.8,9.2,6.9,10.4,1.0,2.0,5.0,5.0,1.429840705968481,1.3374935098492613,1.4944341180973266,1.897366596101027,-1.0666666666666664,0.36666666666666714,0.03333333333333366,-0.06666666666666643,0.1972582253240279,0.22673992673992674,0.16283736263682647,0.2638969725926248,0.4108452420516229,0.2694139194139194,0.3610487814483852,0.4002976492106927,0.6081034673756508,0.49615384615384617,0.5238861440852117,0.6641946218033175,0.6698858810567726,0.610198497155019
2022021102,2023-03-18,2022-2023,OTT,TOR,4,5,9,-1,0,1.0,0.0,1.0,0,1,-4.0,1.0,-5.0,5.0,6.0,3.7,3.2,0.5,3.6,2.6,1.0,7.3,5.8,32.7,28.9,27.8,28.5,0.113875281502179,0.11073698850633831,0.8720494853354894,0.9085592190564299,0.7,0.6,0.5,0.6,25.0,20.6,15.0,8.8,14.4,17.5,8.6,7.5,8.5,9.7,3.0,3.0,4.0,5.0,2.110818693198341,1.9888578520235067,1.5055453054181613,1.577621275493231,-1.0333333333333337,-0.20000000000000018,1.4,-0.2666666666666666,0.23333333333333336,0.03173413293353323,0.16972767959277055,0.1365280437462905,0.2959001782531195,0.19430669280744242,0.24701566336586425,0.2686765055706289,0.5292335115864528,0.2260408257409757,0.41674334295863474,0.40520454931691935,-0.5858361831504924,0.7288941222384338
2022021101,2023-03-18,2022-2023,TBL,MTL,5,3,8,2,1,1.0,1.0,0.0,0,0,2.0,-1.0,3.0,4.0,2.0,2.8,3.2,-0.40000000000000036,3.3,4.0,-0.7000000000000002,6.1,7.2,31.2,25.4,30.3,35.9,0.08526918308620195,0.12995310610442184,0.8907142948192384,0.8876562713772016,0.9,0.3,0.9,1.0,25.9,22.9,14.7,10.5,13.3,20.2,7.4,5.2,9.8,11.4,2.0,2.0,6.0,4.0,1.4757295747452426,1.4757295747452437,1.70293863659264,2.5385910352879693,0.20000000000000018,1.7999999999999998,-0.9666666666666663,3.0,0.17457180500658762,0.08452380952380951,0.1781560005425095,0.11152518978605935,0.27338603425559943,0.23585858585858585,0.34358639948074093,0.27986856139030053,0.4479578392621871,0.3203823953823954,0.5217424000232505,0.3913937511763599,0.2358642369991475,-0.3534318338666165
2022021097,2023-03-18,2022-2023,NSH,WPG,2,3,5,-1,0,0.0,0.0,0.0,1,1,-1.0,-2.0,1.0,6.0,3.0,2.5,3.0,-0.5,2.0,3.7,-1.7000000000000002,4.5,6.7,29.7,31.6,30.4,30.4,0.08671771099744244,0.0988767426373538,0.934760466879488,0.8754291742335221,0.6,0.5,0.2,0.8,25.3,25.9,7.1,8.7,16.2,14.3,5.4,7.7,7.6,8.6,1.0,2.0,3.0,6.0,1.7795130420052188,2.211083193570267,1.054092553389457,1.33749350984926,0.16666666666666652,-1.0,0.3333333333333335,-1.0333333333333337,0.24148508496334586,0.20581568190263844,0.17303012418101935,0.22477164023447335,0.5354244789027397,0.3480676328502415,0.3332388288750181,0.3211820165186224,0.7769095638660856,0.55388331475288,0.5062689530560375,0.5459536567530957,-0.09882697226047607,-0.42022692127881467
2022021099,2023-03-18,2022-2023,PHI,CAR,4,5,9,-1,0,0.0,0.0,0.0,1,1,1.0,-1.0,2.0,2.0,5.0,2.0,2.7,-0.7000000000000002,3.5,2.4,1.1,5.5,5.1,27.8,35.1,31.3,20.5,0.07220213907713904,0.07856401706344598,0.8901067355291055,0.8887741545893719,0.2,0.8,1.3,0.1,25.4,15.0,10.9,6.1,16.2,9.9,6.9,9.2,6.5,8.9,2.0,2.0,5.0,5.0,1.4907119849998578,2.2632326929023936,1.9002923751652294,1.5776212754932304,1.0,-0.3666666666666667,-0.16666666666666652,1.2666666666666666,0.18000890416503215,0.16828735112317203,0.14478784321324328,0.16605169809460854,0.304948972285008,0.2874641941806121,0.2656299611319954,0.26690857339178237,0.4849578764500402,0.45575154530378414,0.41041780434523867,0.43296027148639094,-0.4474487668994828,0.8314119959642347
2022021100,2023-03-18,2022-2023,FLA,NJD,4,2,6,2,1,1.0,1.0,0.0,0,0,1.0,-2.0,3.0,6.0,6.0,3.6,3.7,-0.10000000000000009,3.0,2.6,0.3999999999999999,6.6,6.3,41.9,34.6,27.8,26.7,0.08581593318451095,0.11024412559719905,0.8902321516009672,0.9038758440916395,0.7,0.6,1.1,0.2,24.6,16.0,10.6,3.9,11.5,15.6,7.6,8.1,9.6,9.8,5.0,4.0,8.0,5.0,2.270584848790186,2.002775851439974,1.8257418583505536,1.7763883459298975,2.066666666666667,-1.3666666666666667,1.333333333333333,0.06666666666666643,0.09516565246788371,0.1176470588235294,0.17135407985594173,0.1549035866419536,0.16565246788370522,0.27049910873440286,0.23878818244111452,0.3461842599243829,0.2608181203515889,0.3881461675579323,0.4101422622970563,0.5010878465663364,0.7804808237083978,1.4384463600003548
2022021096,2023-03-18,2022-2023,MIN,BOS,2,5,7,-3,0,1.0,0.0,1.0,0,1,1.0,1.0,0.0,7.0,7.0,3.1,3.4,-0.2999999999999998,2.0,2.3,-0.2999999999999998,5.1,5.7,33.0,31.3,31.1,30.3,0.09794498531392606,0.11370133220752414,0.9310877873921353,0.9173586742754825,0.5,0.4,0.7,0.5,24.1,21.9,8.6,7.6,17.3,12.4,6.4,5.9,7.4,9.4,2.0,4.0,3.0,4.0,2.3309511649396124,1.429840705968481,1.7638342073763953,1.4944341180973268,2.566666666666667,-0.3999999999999999,2.0,0.7000000000000002,0.08420479302832244,0.3022898084753923,0.13786016680250443,0.22259084776192747,0.18507625272331155,0.5374453593160496,0.2623549756440804,0.4979119249694892,0.269281045751634,0.8397351677914419,0.4002151424465848,0.7205027727314167,0.19304234963415343,2.3046667853354115
2022021095,2023-03-18,2022-2023,DET,COL,1,5,6,-4,0,2.0,1.0,1.0,0,0,-1.0,4.0,-5.0,2.0,6.0,2.1,3.8,-1.6999999999999997,3.6,3.0,0.6000000000000001,5.7,6.8,29.1,33.2,30.2,25.8,0.07508952521293562,0.11401534604327217,0.8770615314965159,0.8875187969924813,0.7,0.9,0.8,0.4,22.2,17.3,11.0,7.7,16.3,13.0,6.1,8.2,7.9,6.6,2.0,3.0,4.0,6.0,1.663329993316619,2.149935399546278,1.5776212754932304,2.211083193570267,0.5666666666666664,0.8666666666666671,-0.9333333333333336,0.0,0.27272368317144435,0.08992939427722037,0.22838355121937207,0.08776772744164048,0.3095632946379215,0.10381445777865217,0.3066179204985175,0.08877591575801295,0.5822869778093659,0.19374385205587252,0.5350014717178896,0.17654364319965343,-0.6575421593332041,-1.3711258264327317
2022021094,2023-03-18,2022-2023,ANA,CBJ,7,4,11,3,1,1.0,0.0,1.0,0,1,-2.0,-1.0,-1.0,5.0,3.0,3.0,3.0,0.0,3.0,3.9,-0.8999999999999999,6.0,6.9,24.8,30.4,35.9,36.8,0.1264081663538185,0.09929496027322111,0.9121175072576616,0.8908166915751909,0.4,0.7,0.6,0.7,11.0,22.2,6.4,6.2,14.3,17.1,6.0,7.2,7.6,7.9,2.0,2.0,5.0,4.0,0.8164965809277268,2.1081851067789197,1.5634719199411422,1.1005049346146099,0.3333333333333335,0.0,1.0,0.4333333333333331,0.11327583394502895,0.2231823731823732,0.09432821048122231,0.21379471223221222,0.22551433406736807,0.38751526251526247,0.23421923011978804,0.3660733363858364,0.33879016801239703,0.6106976356976357,0.3285474406010104,0.5798680486180486,-1.4157589056356366,-1.3828869047619048
2022021110,2023-03-19,2022-2023,VGK,CBJ,7,2,9,5,1,1.0,0.0,1.0,0,1,-1.0,-2.0,1.0,7.0,3.0,3.1,3.4,-0.2999999999999998,2.7,4.2,-1.5,5.8,7.6,25.7,31.6,33.3,37.9,0.12226580039712094,0.10881876979703062,0.9157617752201931,0.884927802686302,0.4,0.9,0.4,0.7,22.8,22.7,11.7,6.4,20.2,17.0,8.9,7.0,6.7,8.6,3.0,2.0,4.0,3.0,1.66332999331662,1.8378731669453634,1.4944341180973268,0.9189365834726788,0.8999999999999999,0.2666666666666666,1.2999999999999998,0.4666666666666668,0.11339650687476772,0.2253366342133035,0.14607023411371237,0.2156724408654925,0.30635451505016725,0.3864648051607989,0.32950575994054254,0.3652253991016978,0.41975102192493496,0.6118014393741024,0.475575994054255,0.5808978399671904,0.6386845039018951,-1.5093405169484553
2022021112,2023-03-19,2022-2023,TBL,NJD,2,5,7,-3,0,0.0,0.0,0.0,1,1,3.0,-3.0,6.0,5.0,5.0,3.2,3.2,0.0,3.3,2.9,0.3999999999999999,6.5,6.1,32.4,34.5,28.4,28.4,0.09401602917535251,0.09651396686704031,0.8839285805335241,0.8963758440916394,0.9,0.6,1.0,0.3,25.0,17.0,14.7,3.6,12.5,15.8,9.1,7.9,10.3,9.5,3.0,4.0,6.0,4.0,1.4757295747452428,1.6865480854231358,1.70293863659264,1.523883926754995,0.7999999999999998,-1.2000000000000002,-0.9666666666666663,0.43333333333333357,0.12472929470295581,0.18801410105757932,0.1568421740665444,0.16734270890281122,0.2611752163551988,0.33581407494450977,0.338337923138943,0.3684417968305436,0.38590451105815465,0.523828176002089,0.49518009720548745,0.5357845057333549,0.5405476224528769,1.7323783909461659
2022021113,2023-03-19,2022-2023,STL,WPG,3,0,3,3,1,1.0,0.0,1.0,0,1,1.0,1.0,0.0,4.0,4.0,3.7,3.3,0.40000000000000036,3.7,3.6,0.10000000000000009,7.4,6.9,28.8,32.7,33.4,30.1,0.13782231375709636,0.1077002720491185,0.8823362824686354,0.8784726524943917,0.7,0.5,0.6,0.8,23.4,27.6,6.2,8.7,14.5,14.8,7.2,7.8,6.6,8.9,1.0,3.0,5.0,5.0,1.4944341180973264,1.9465068427541918,1.946506842754191,1.4298407059684821,0.6333333333333329,-1.2999999999999998,0.9666666666666668,-0.9333333333333336,0.09700722394220847,0.20260213374967473,0.08781254206488087,0.22378783936160984,0.19831441348469211,0.34262768197194426,0.24440443606885928,0.3186683383404695,0.2953216374269006,0.545229815721619,0.3322169781337401,0.5424561777020793,-0.790849906896397,-0.42828755943510044
2022021111,2023-03-19,2022-2023,NYR,NSH,7,0,7,7,1,-1.0,0.0,-1.0,0,1,2.0,-2.0,4.0,6.0,5.0,3.2,2.1,1.1,3.0,2.1,0.8999999999999999,6.2,4.2,28.9,28.3,29.7,31.1,0.11341252186510804,0.07907065217391304,0.8956365722091529,0.9333443448751307,0.8,0.4,0.5,0.2,25.5,25.4,8.5,8.4,16.1,16.4,9.0,5.4,12.2,8.1,3.0,4.0,4.0,4.0,1.1352924243950953,1.2866839377079191,1.4142135623730954,1.1005049346146094,0.46666666666666634,-0.43333333333333335,-0.3333333333333335,-0.10000000000000009,0.34967650746339274,0.14834054834054836,0.3349334512309859,0.1332794899959079,0.4159717786766967,0.3478906714200832,0.42178952673533615,0.23596855295713945,0.7656482861400894,0.49623121976063156,0.7567229779663219,0.36924804295304736,0.009536228798523838,-0.36451242640882675
2022021103,2023-03-19,2022-2023,NYR,PIT,6,0,6,6,1,2.0,2.0,0.0,0,0,3.0,-2.0,5.0,7.0,6.0,3.6,3.8,-0.19999999999999973,2.4,3.1,-0.7000000000000002,6.0,6.9,29.7,35.9,29.2,29.8,0.12246229562076416,0.1057383592147068,0.9178587944313751,0.8914730030375765,0.8,0.8,0.4,0.6,24.1,31.6,7.8,8.6,16.6,15.7,9.5,10.7,11.9,10.3,4.0,2.0,5.0,6.0,1.6465452046971303,1.751190071541826,1.2649110640673527,1.3703203194062972,1.733333333333333,-0.7999999999999998,-0.7333333333333332,0.2333333333333334,0.3408451763290474,0.30595776772247363,0.32906140601050266,0.251263197586727,0.41142191142191137,0.576923076923077,0.4200829363872842,0.45700320512820514,0.7522670877509586,0.8828808446455506,0.7491443423977868,0.7082664027149322,-0.04721040310513119,-0.5525509049773756
2022021107,2023-03-19,2022-2023,SJS,NYI,1,4,5,-3,0,1.0,2.0,-1.0,0,0,-5.0,1.0,-6.0,1.0,6.0,2.3,2.9,-0.6000000000000001,4.2,2.3,1.9000000000000004,6.5,5.2,32.5,28.6,33.7,27.7,0.07066893408141613,0.10333805083805081,0.8699973252455286,0.9220975819152537,0.4,0.3,0.8,0.5,21.7,23.4,10.5,6.8,14.1,15.8,10.0,5.6,8.2,7.5,0.0,3.0,7.0,5.0,1.4181364924121764,1.595131481867385,2.0439612955674518,1.5670212364724214,0.3666666666666667,0.10000000000000009,-0.20000000000000018,1.7000000000000002,0.2174623472577437,0.15080484210918996,0.15919853379772456,0.1920201365600759,0.556692242114237,0.14638800290974205,0.49064824679208,0.2064775811489664,0.7741545893719807,0.297192845018932,0.6498467805898046,0.3984977177090423,-1.2262056377031374,0.3616049387535738
2022021105,2023-03-19,2022-2023,LAK,VAN,2,3,5,-1,0,1.0,1.0,0.0,0,0,2.0,-1.0,3.0,8.0,7.0,3.6,3.2,0.3999999999999999,2.4,2.3,0.10000000000000009,6.0,5.5,33.6,27.8,25.7,29.5,0.10520133939840756,0.12464484793762867,0.9021671160380837,0.9192577363107549,0.5,0.5,0.6,0.6,18.0,23.5,6.8,8.9,14.9,15.4,4.4,5.1,5.7,5.1,5.0,2.0,6.0,7.0,1.3498971154211061,1.5491933384829675,1.4298407059684783,0.8232726023485607,-0.2666666666666666,0.7999999999999998,-1.0666666666666667,0.03333333333333366,0.1559616218722424,0.21313131313131314,0.24823292446269127,0.17477102686779364,0.4118020968875727,0.2414141414141414,0.3969864953036897,0.27461581548722297,0.5677637187598151,0.45454545454545453,0.6452194197663809,0.44938684235501664,0.37407737694620186,-1.1247949744311203
2022021104,2023-03-19,2022-2023,CGY,DAL,5,6,11,-1,0,1.0,1.0,0.0,0,0,1.0,-2.0,3.0,4.0,6.0,2.6,4.6,-1.9999999999999996,2.6,3.4,-0.7999999999999998,5.2,8.0,35.7,33.6,27.4,27.0,0.07159431663968865,0.13371716991390042,0.8932068795414446,0.8700104302785645,0.4,1.0,0.3,0.6,26.2,20.0,7.7,6.4,11.9,11.9,6.9,8.7,7.6,9.4,1.0,4.0,5.0,4.0,2.412928142780514,2.503331114069145,1.4298407059684815,1.2649110640673509,2.4,-1.9333333333333331,-0.2666666666666666,-0.06666666666666643,0.22705314009661837,0.23671497584541065,0.22263162204208628,0.15745498462889768,0.3140096618357488,0.46859903381642515,0.3068451649881274,0.33911945542380323,0.5410628019323672,0.7053140096618358,0.5294767870302137,0.49657444005270085,0.48587570621468923,1.187878787878788
2022021108,2023-03-19,2022-2023,BUF,BOS,0,7,7,-7,0,1.0,0.0,1.0,0,1,-2.0,2.0,-4.0,2.0,7.0,2.8,3.7,-0.9000000000000004,4.2,2.4,1.8000000000000003,7.0,6.1,32.1,31.7,35.1,30.7,0.08988268032532142,0.12097687400318975,0.8801392397820968,0.9146107650759603,0.7,0.4,0.8,0.6,17.8,23.3,5.3,8.2,11.4,12.9,7.5,5.7,8.5,9.8,1.0,4.0,5.0,4.0,1.3984117975602002,1.4181364924121764,2.2509257354845507,1.4298407059684817,0.5333333333333337,-0.03333333333333366,-0.20000000000000018,-0.06666666666666643,0.24335282204134664,0.29248366013071897,0.2802816946259569,0.1922030907594078,0.31219254334008434,0.4715686274509803,0.2892936298674003,0.40718105211789535,0.555545365381431,0.7640522875816993,0.5695753244933572,0.5993841428773032,-0.2590507852802935,2.7422448769145076
2022021106,2023-03-19,2022-2023,ARI,CHI,4,2,6,2,1,1.0,1.0,0.0,0,0,3.0,2.0,1.0,6.0,3.0,3.5,2.6,0.8999999999999999,3.1,2.7,0.3999999999999999,6.6,5.3,26.5,23.7,38.3,35.7,0.13184466047455481,0.11082502704691607,0.9203284494543114,0.9240660993939164,0.6,0.4,0.6,0.6,27.2,24.2,11.2,7.7,17.4,14.5,5.7,8.2,9.9,9.2,6.0,1.0,8.0,4.0,1.5092308563562358,1.7126976771553506,1.6633299933166206,1.4181364924121753,0.5,0.3999999999999999,-0.10000000000000009,-0.7000000000000002,0.08096618357487924,0.10676260676260675,0.07854709496772186,0.10102768684858236,0.09891879457096849,0.20521820521820525,0.09368519732523777,0.16913544525484828,0.1798849781458477,0.31198081198081196,0.17223229229295964,0.2701631321034306,-1.1142256642357755,-1.1295446519327115
2022021109,2023-03-19,2022-2023,MIN,WSH,5,3,8,2,1,0.0,1.0,-1.0,1,0,-1.0,-1.0,0.0,7.0,5.0,3.2,3.9,-0.6999999999999997,2.2,3.3,-1.0999999999999996,5.4,7.2,33.6,30.1,32.4,30.8,0.10039659821715186,0.13243104916729204,0.9286103099146578,0.8957388889069696,0.6,0.7,0.8,0.4,21.5,20.3,9.2,8.5,16.4,13.5,6.1,6.7,6.9,10.8,2.0,3.0,4.0,4.0,2.2509257354845515,1.9692073983655909,1.8737959096740275,1.6363916944844774,1.4666666666666668,-0.8999999999999999,2.466666666666667,0.7000000000000002,0.0827206393849302,0.3698213437796771,0.15916718320770626,0.24614503501099413,0.1818347213928112,0.3530982905982906,0.29503159345418534,0.2379519720321607,0.2645553607777414,0.7229196343779677,0.45419877666189157,0.4840970070431549,-0.2799421727026262,-0.758068255120142
2022021114,2023-03-20,2022-2023,ANA,VAN,1,2,3,-1,0,1.0,0.0,1.0,0,1,1.0,1.0,0.0,5.0,7.0,3.3,3.1,0.19999999999999973,3.2,2.3,0.9000000000000004,6.5,5.4,26.5,25.4,35.8,31.3,0.1257815999377784,0.12909248064924989,0.9072448605245498,0.9233486454016638,0.4,0.6,0.7,0.6,11.4,25.7,5.6,8.4,14.5,16.1,5.7,5.2,7.1,5.4,3.0,2.0,6.0,7.0,1.4944341180973268,1.5951314818673872,1.549193338482966,0.8232726023485607,1.3666666666666671,-0.10000000000000009,1.7999999999999998,0.03333333333333366,0.11092902459126368,0.19208644278606965,0.10173082949164376,0.16503517714969645,0.2310294596822111,0.292988184079602,0.23472448075760952,0.2635755400036019,0.3419584842734748,0.48507462686567165,0.3364553102492533,0.4286107171532984,-1.162607575242496,-1.3508819027036763
2022021116,2023-03-20,2022-2023,DET,FLA,2,5,7,-3,0,1.0,1.0,0.0,0,0,-2.0,2.0,-4.0,2.0,7.0,2.2,3.7,-1.5,3.9,2.6,1.2999999999999998,6.1,6.3,28.0,42.7,30.8,28.8,0.07803070168352386,0.08648112165457747,0.8670871069440864,0.9085178658866816,0.7,0.7,0.9,0.9,23.0,26.4,11.4,10.2,16.3,10.5,6.3,7.1,7.5,9.2,2.0,1.0,4.0,9.0,1.5491933384829657,2.263232692902393,1.5238839267549944,1.5055453054181618,0.1333333333333333,1.9666666666666668,-0.5666666666666664,1.4,0.2473301820728291,0.09358879882092852,0.21419284442632777,0.16611258122864608,0.29070378151260506,0.17342176369442397,0.29481291894867406,0.2400085645566594,0.5380339635854342,0.2670105625153525,0.5090057633750017,0.4061211457853055,-0.757710920188971,0.6282433989204981
2022021115,2023-03-20,2022-2023,PIT,OTT,1,2,3,-1,0,0.0,1.0,-1.0,1,0,-3.0,-5.0,2.0,5.0,4.0,3.1,3.5,-0.3999999999999999,3.4,3.8,-0.3999999999999999,6.5,7.3,35.6,33.7,29.3,28.3,0.08629391477026235,0.10728187490877242,0.8768178306237833,0.8665897152205468,0.7,0.6,0.6,0.5,29.9,25.0,9.0,14.6,15.3,14.4,9.8,9.0,10.3,8.6,3.0,2.0,5.0,4.0,1.7288403306519928,1.9578900207451209,1.6465452046971287,1.3984117975602015,-1.1,0.16666666666666652,1.266666666666667,0.8666666666666671,0.3014931927975406,0.22972739820565904,0.24738025543652142,0.16703860752773794,0.5685111989459816,0.3059006211180124,0.44990362010822377,0.2529859230946187,0.8700043917435222,0.5356280193236714,0.6972838755447451,0.4200245306223567,-0.6863907618383321,-0.5581627913149652
2022021127,2023-03-21,2022-2023,NYI,TOR,7,2,9,5,1,1.0,2.0,-1.0,0,0,2.0,2.0,0.0,6.0,6.0,3.1,3.4,-0.2999999999999998,2.3,2.9,-0.6000000000000001,5.4,6.3,29.7,29.4,28.1,31.2,0.10636835386835383,0.11619675862128084,0.9226104024280742,0.9048669113641223,0.4,0.7,0.4,0.7,22.6,20.4,6.4,9.2,16.0,16.9,5.2,6.6,6.6,9.8,2.0,4.0,4.0,4.0,1.595131481867385,1.9550504398153574,1.5670212364724214,1.523883926754995,0.8999999999999999,-0.06666666666666643,0.3666666666666667,-0.5666666666666664,0.15292809488510006,0.25806451612903225,0.19485621865162264,0.15416556145497126,0.14387376892936568,0.3761859582542694,0.20524887763583097,0.36358415749455686,0.29680186381446577,0.6342504743833017,0.40010509628745355,0.5177497189495281,0.390727137947301,0.841895653636729
2022021121,2023-03-21,2022-2023,WSH,CBJ,6,7,13,-1,0,1.0,1.0,0.0,0,0,-2.0,-3.0,1.0,4.0,2.0,3.6,3.0,0.6000000000000001,3.5,4.4,-0.9000000000000004,7.1,7.4,31.0,32.7,32.2,37.3,0.11854216027840311,0.09114725212551297,0.894777350445431,0.878492929826935,0.8,0.8,0.3,0.8,21.5,24.8,10.8,4.8,12.7,16.8,6.6,6.5,9.9,8.8,1.0,2.0,3.0,2.0,1.8378731669453632,1.6329931618554523,1.7159383568311668,1.2649110640673498,-0.6000000000000001,-0.6666666666666665,0.833333333333333,0.9333333333333327,0.37273135669362084,0.22166298325815145,0.24537182722386297,0.2115610090252598,0.3502004285023153,0.3853804002300869,0.28168743702507354,0.3674937915853016,0.7229317851959361,0.6070433834882384,0.5270592642489366,0.5790548006105614,-0.7637552450859303,-1.5767530185652554
2022021122,2023-03-21,2022-2023,PHI,FLA,6,3,9,3,1,2.0,0.0,2.0,0,1,-1.0,3.0,-4.0,2.0,7.0,2.2,3.8,-1.5999999999999996,3.7,2.5,1.2000000000000002,5.9,6.3,28.5,39.7,32.1,27.8,0.07663104350604348,0.0992083943818502,0.8869393147146258,0.9088019567957725,0.3,0.8,1.2,0.8,26.3,26.0,10.3,9.8,16.6,10.3,6.4,6.8,7.0,8.3,2.0,2.0,6.0,8.0,1.6193277068654812,2.299758441421378,1.9465068427541907,1.5092308563562358,1.7999999999999998,2.2,-0.03333333333333366,0.5,0.17693236714975846,0.09761904761904762,0.1424050762234493,0.20426284725441116,0.29981884057971014,0.1706349206349206,0.26130501394351324,0.32328716150098374,0.4767512077294686,0.26825396825396824,0.4037100901669625,0.5275500087553948,-0.4548822320736767,0.5418404870059639
2022021120,2023-03-21,2022-2023,NYR,CAR,2,3,5,-1,0,1.0,2.0,-1.0,0,0,4.0,1.0,3.0,7.0,6.0,3.7,3.0,0.7000000000000002,2.2,2.5,-0.2999999999999998,5.9,5.5,30.0,33.2,29.7,22.2,0.12365277181124035,0.08949631451072679,0.9250016515742322,0.8954029424681599,0.8,0.9,0.3,0.2,23.3,15.7,6.7,6.3,16.6,9.8,10.2,8.5,12.8,8.9,4.0,3.0,5.0,4.0,1.7669811040931438,2.357022603955158,1.4757295747452448,1.6499158227686104,1.9666666666666668,1.0,-1.5333333333333337,1.5,0.34745237887421704,0.16574792383310064,0.33324999896091806,0.16603044059541708,0.41707502587314055,0.2880774526595566,0.42996608436514167,0.2703987676151927,0.7645274047473576,0.4538253764926572,0.7632160833260597,0.43642920821060976,0.18291125824511534,0.8657245413423539
2022021123,2023-03-21,2022-2023,NJD,MIN,1,2,3,-1,0,1.0,1.0,0.0,0,0,1.0,1.0,0.0,5.0,7.0,3.0,3.4,-0.3999999999999999,2.6,2.3,0.30000000000000027,5.6,5.7,35.5,33.2,27.7,33.6,0.08519654865307036,0.10607841639897005,0.9041715430163707,0.9286103099146578,0.5,0.5,0.3,1.0,17.0,19.7,4.4,11.0,15.7,15.8,8.3,5.5,9.9,6.6,1.0,5.0,4.0,4.0,1.2472191289246475,2.3190036174568123,1.3498971154211061,1.888562063228707,0.3333333333333335,1.6,0.06666666666666643,1.7000000000000002,0.18446115288220552,0.11151300410915084,0.16450584605576238,0.13383700050133357,0.32982456140350874,0.184924091434758,0.3697236276935037,0.25499676610448563,0.5142857142857142,0.29643709554390885,0.5342294737492661,0.3888337666058192,1.719678983311621,-0.30335869956553385
2022021125,2023-03-21,2022-2023,BOS,OTT,2,1,3,1,1,1.0,0.0,1.0,0,1,3.0,1.0,2.0,7.0,4.0,4.1,3.1,0.9999999999999996,2.2,3.8,-1.5999999999999996,6.3,6.9,31.4,33.1,30.9,31.5,0.13826258828890406,0.09458346221035972,0.9229440984092936,0.8704312518351927,0.5,0.5,0.6,0.5,22.7,26.4,9.3,12.5,12.5,15.8,5.9,8.2,8.5,8.4,3.0,3.0,4.0,3.0,1.728840330651992,1.7919573407620806,1.6193277068654832,1.3984117975602015,0.9000000000000004,0.2333333333333334,-1.5333333333333337,-0.46666666666666634,0.30896755629471234,0.2262322472848789,0.2289130667710182,0.16703863961852683,0.5656586226792927,0.30609857978279026,0.5134424905888016,0.25142462487387296,0.8746261789740051,0.5323308270676691,0.74235555735982,0.4184632644923998,2.5206460900666596,-0.5489896616541353
2022021119,2023-03-21,2022-2023,LAK,CGY,8,2,10,6,1,1.0,1.0,0.0,0,0,-1.0,-1.0,0.0,7.0,4.0,3.5,3.0,0.5,2.4,2.8,-0.3999999999999999,5.9,5.8,34.8,36.6,25.6,27.8,0.09948705368412185,0.08130393551446179,0.901513521266842,0.8883117746463398,0.5,0.3,0.6,0.2,18.6,26.3,6.4,6.8,14.6,12.2,3.9,7.2,5.9,7.9,5.0,3.0,7.0,6.0,1.433720877840438,2.4494897427831774,1.4298407059684783,1.7511900715418265,0.16666666666666652,2.0,-0.7333333333333332,1.2000000000000002,0.15945836605506772,0.22380952380952382,0.2474947507931016,0.22182539682539684,0.40574236691178217,0.30952380952380953,0.3911495717342794,0.3047619047619048,0.5652007329668499,0.5333333333333333,0.638644322527381,0.5265873015873016,0.3432020253609459,0.419047619047619
2022021118,2023-03-21,2022-2023,EDM,SJS,5,4,9,1,1,2.0,1.0,1.0,0,0,3.0,-6.0,9.0,7.0,1.0,4.4,2.1,2.3000000000000003,3.2,4.3,-1.0999999999999996,7.6,6.4,29.5,30.7,32.1,33.5,0.15115706096684353,0.06775226741474946,0.9031198546001178,0.8664475416957451,0.9,0.4,0.7,0.9,21.5,20.8,9.3,10.4,12.2,14.4,10.1,9.1,10.3,8.4,4.0,1.0,5.0,7.0,1.429840705968484,1.4491376746189437,1.6865480854231352,2.002775851439973,0.9333333333333327,0.2333333333333334,-0.5333333333333337,-0.2999999999999998,0.2554858934169279,0.21435472739820569,0.27856028857058196,0.15444104529114264,0.2779519331243469,0.5534851621808143,0.4055715600234386,0.42185037545193294,0.5334378265412748,0.76783988957902,0.6841318485940205,0.5762914207430755,0.6876087542582654,-1.0321034578659498
2022021117,2023-03-21,2022-2023,COL,CHI,5,0,5,5,1,2.0,1.0,1.0,0,0,5.0,-1.0,6.0,6.0,3.0,4.0,2.6,1.4,3.1,2.6,0.5,7.1,5.2,32.1,24.5,26.1,34.4,0.12693094706629007,0.10901507229578486,0.8845776205218929,0.9211873115151284,1.0,0.3,0.4,0.5,16.7,25.4,7.9,7.3,13.2,13.8,7.3,8.0,6.6,9.1,2.0,1.0,5.0,4.0,2.1602468994692847,1.7126976771553506,2.078995483935024,1.3498971154211044,-0.3333333333333335,0.7333333333333334,-1.1,-0.2666666666666666,0.09336219336219335,0.10443498541563906,0.08872696490097289,0.10319788486468229,0.10712717234456365,0.20929014657434977,0.08972424628634566,0.16984115171854744,0.20048936570675702,0.31372513198998886,0.17845121118731855,0.2730390365832297,-1.2012025712426149,-1.0907191667839793
2022021124,2023-03-21,2022-2023,BUF,NSH,3,7,10,-4,0,1.0,1.0,0.0,0,0,-3.0,-3.0,0.0,2.0,5.0,2.5,2.0,0.5,4.5,2.6,1.9,7.0,4.6,30.6,28.0,34.1,31.2,0.08256560715458972,0.07507065217391304,0.8635678112106684,0.9188167156416192,0.6,0.4,0.8,0.3,18.5,24.0,6.4,8.4,10.8,15.2,7.6,4.7,8.8,7.6,1.0,4.0,5.0,3.0,1.649915822768609,1.4142135623730954,2.4152294576982394,1.8973665961010269,-0.5,-1.0,0.833333333333333,1.4,0.23962786264182512,0.1520185088887168,0.26645776135108956,0.1846767454647906,0.3073902238562807,0.4053945739550333,0.2856460131596875,0.3323784387174919,0.5470180864981058,0.5574130828437501,0.5521037745107771,0.5170551841822825,-0.42735691763766626,0.2007807876994625
2022021126,2023-03-21,2022-2023,MTL,TBL,3,2,5,1,1,2.0,1.0,1.0,0,0,-2.0,-1.0,-1.0,1.0,5.0,3.2,3.0,0.20000000000000018,4.3,3.2,1.0999999999999996,7.5,6.2,24.3,31.7,36.0,29.0,0.13486382039013614,0.08944613670223424,0.8802203739413041,0.8890272647440502,0.4,0.7,1.1,1.0,24.8,24.1,10.3,14.1,20.4,13.0,5.6,9.4,11.2,11.1,0.0,2.0,4.0,6.0,1.4757295747452437,1.4907119849998587,2.3118054512532935,1.6193277068654823,1.4666666666666668,0.3333333333333335,1.3666666666666671,0.1333333333333333,0.08897243107769422,0.17513512447232413,0.10573338107172693,0.18150381921589728,0.24296382849014428,0.27110308912297315,0.2375816874877025,0.34834406604966023,0.3319362595678385,0.4462382135952973,0.34331506855942945,0.5298478852655576,-0.7761715098557203,0.010733360872044656
2022021131,2023-03-22,2022-2023,ANA,CGY,1,5,6,-4,0,1.0,0.0,1.0,0,1,-1.0,-2.0,1.0,4.0,4.0,3.1,2.9,0.20000000000000018,3.2,3.2,0.0,6.3,6.1,26.7,32.7,34.5,29.7,0.11258715549333394,0.08715188873083607,0.9060184454302102,0.8877989541335192,0.4,0.4,0.8,0.3,12.0,26.9,5.6,7.5,13.6,12.0,5.4,6.9,6.9,7.0,3.0,3.0,7.0,5.0,1.6633299933166203,2.4698178070456933,1.549193338482966,2.3944379994757297,0.5666666666666664,1.766666666666667,0.7999999999999998,2.133333333333333,0.10868888618249233,0.14731825295205578,0.12023890898571206,0.23093612178119216,0.22634947698886318,0.23395931142410017,0.2756586509783441,0.30007824726134585,0.33503836317135544,0.3812775643761559,0.3958975599640561,0.531014369042538,-1.0946012874401623,0.04460093896713618
2022021130,2023-03-22,2022-2023,DAL,SEA,4,5,9,-1,0,2.0,3.0,-1.0,0,0,1.0,-1.0,2.0,7.0,6.0,4.8,3.7,1.0999999999999996,3.4,3.4,0.0,8.2,7.1,32.4,32.5,28.7,26.5,0.1462677772013498,0.11487561443206602,0.8806620593512461,0.8707586943331853,0.9,0.5,0.5,0.5,20.9,19.3,6.0,7.2,12.4,13.2,8.3,8.7,8.3,6.8,2.0,5.0,3.0,5.0,2.5298221281347035,1.1595018087284066,1.2649110640673509,1.6465452046971294,-1.7999999999999998,-1.0333333333333337,0.9333333333333331,0.6000000000000001,0.2380952380952381,0.20452601568068426,0.15992170296060682,0.1654946352271547,0.48095238095238096,0.4044270214619466,0.34615563866848426,0.3657703313086667,0.719047619047619,0.6089530371426308,0.506077341629091,0.5312649665358214,1.1803663182914468,0.6308388818935479
2022021129,2023-03-22,2022-2023,STL,DET,2,3,5,-1,0,2.0,1.0,1.0,0,0,2.0,-3.0,5.0,5.0,2.0,3.8,2.2,1.5999999999999996,3.4,3.8,-0.3999999999999999,7.2,6.0,27.8,27.8,32.0,29.1,0.14806196517321835,0.07878827744109962,0.8885862824686355,0.8613728212298006,0.7,0.6,0.6,0.8,21.3,22.0,9.3,10.6,14.8,15.8,7.4,6.1,6.5,8.1,2.0,0.0,5.0,5.0,1.3984117975602022,1.5491933384829657,2.2705848487901865,1.3984117975602017,0.5333333333333332,-0.8666666666666669,-0.06666666666666643,0.20000000000000018,0.09550353028613899,0.22793571163136384,0.12105421648150283,0.1831563008088716,0.19360832404310666,0.28073206986250465,0.24009405553633437,0.2872888970296149,0.28911185432924563,0.5086677814938685,0.3611482720178372,0.47044519783848654,-0.8026602083573597,-0.7399523089134167
2022021132,2023-03-22,2022-2023,VAN,VGK,3,4,7,-1,0,1.0,2.0,-1.0,0,0,2.0,1.0,1.0,8.0,8.0,3.2,3.8,-0.5999999999999996,2.2,2.7,-0.5,5.4,6.5,26.7,26.7,29.7,33.7,0.1303887769455462,0.13933897112882826,0.923675442787285,0.916416975875394,0.7,0.6,0.5,0.4,24.8,22.4,8.6,11.3,15.9,20.1,4.9,8.9,5.4,7.6,5.0,4.0,6.0,5.0,1.4757295747452444,1.6865480854231354,0.9189365834726776,1.4944341180973268,-1.2000000000000002,0.8666666666666671,-0.20000000000000018,0.9666666666666663,0.19140271493212668,0.11642419511271969,0.16347156540020572,0.14630733565159795,0.29170437405731525,0.33322924798334635,0.2609800464188121,0.3451860525631017,0.48310708898944194,0.4496534430960661,0.42445161181901775,0.4914933882146997,-1.3332859522348435,0.6463558299623874
2022021128,2023-03-22,2022-2023,WPG,ARI,2,1,3,1,1,2.0,2.0,0.0,0,0,-1.0,4.0,-5.0,4.0,6.0,2.8,3.5,-0.7000000000000002,3.4,3.2,0.19999999999999973,6.2,6.7,33.0,25.3,28.1,39.3,0.091571239791054,0.13877106740096173,0.8743391071843757,0.9186127631798018,0.5,0.6,0.7,0.7,25.7,27.5,9.4,11.3,13.6,17.6,8.0,5.5,8.7,10.5,1.0,0.0,4.0,8.0,2.0976176963403037,1.5092308563562358,1.3498971154211068,1.5491933384829673,-1.7999999999999998,0.16666666666666652,-1.0666666666666664,-0.8666666666666667,0.1994875689702329,0.13333333333333333,0.2204890896494357,0.1390819964349376,0.3373557021796967,0.13556547619047618,0.3138876515593319,0.17926520987182748,0.5368432711499296,0.26889880952380957,0.5343767412087677,0.31834720630676516,-0.5116759173238759,-0.6133650050929463
2022021139,2023-03-23,2022-2023,OTT,TBL,7,2,9,5,1,1.0,1.0,0.0,0,0,-1.0,-2.0,1.0,3.0,5.0,2.7,2.9,-0.19999999999999973,3.7,3.0,0.7000000000000002,6.4,5.9,33.8,31.4,31.8,27.6,0.08231660424766245,0.08717340942950697,0.874091966120907,0.8887331470969915,0.5,0.7,0.6,0.8,27.3,22.9,11.4,13.0,16.1,12.6,7.7,9.7,8.8,10.6,1.0,2.0,3.0,6.0,1.7669811040931418,1.5238839267549937,1.4944341180973257,1.4907119849998596,-0.3666666666666667,0.10000000000000009,-1.3666666666666667,0.3333333333333335,0.22284280395013759,0.17268263364405434,0.16447536293947754,0.16787496314440586,0.30160271976687714,0.27198294436506315,0.2475713560564198,0.27188460877989357,0.5244455237170147,0.4446655780091175,0.41204671899589734,0.43975957192429943,-0.5228775017578451,-0.16351733589945475
2022021136,2023-03-23,2022-2023,PHI,MIN,5,4,9,1,1,1.0,1.0,0.0,0,0,1.0,2.0,-1.0,3.0,7.0,2.6,3.5,-0.8999999999999999,3.5,2.3,1.2000000000000002,6.1,5.8,28.3,33.0,33.4,34.4,0.0939387358137358,0.10974916167149507,0.8962501651545086,0.9290269765813243,0.3,0.5,1.2,1.0,25.3,18.9,10.7,11.1,17.0,16.7,7.0,5.2,7.3,6.9,3.0,6.0,6.0,3.0,2.0110804171997803,2.2236106773543898,1.9002923751652294,1.888562063228707,2.4,-0.5,-0.16666666666666652,0.3666666666666667,0.17005331226152584,0.08587708587708587,0.14762991438619508,0.15031144378970465,0.3110681434589843,0.17704517704517705,0.2718211662774563,0.2776798617378327,0.4811214557205101,0.2629222629222629,0.41945108066365133,0.42799130552753734,-0.3327090850498656,0.1378988161596857
2022021135,2023-03-23,2022-2023,WSH,CHI,6,1,7,5,1,1.0,1.0,0.0,0,0,-3.0,-2.0,-1.0,4.0,3.0,3.8,2.5,1.2999999999999998,3.5,2.7,0.7999999999999998,7.3,5.2,31.7,24.8,32.4,34.3,0.121425043161286,0.1048484056291182,0.895747551415632,0.9176835236363405,0.7,0.3,0.4,0.6,20.7,25.5,9.9,6.8,13.4,14.1,7.2,8.4,11.1,9.3,1.0,1.0,4.0,4.0,1.9888578520235067,1.8408935028645437,1.7159383568311668,1.4944341180973248,-0.1333333333333333,-1.1666666666666667,1.833333333333333,0.2999999999999998,0.3767754170053021,0.10220988162164633,0.2613009202218329,0.10118152853322214,0.3601726072990441,0.20457973399149867,0.3255534125494668,0.16621115838257625,0.7369480243043461,0.30678961561314505,0.5868543327712996,0.26739268691579837,-0.8880877742946709,-1.2867423824382218
2022021140,2023-03-23,2022-2023,FLA,TOR,2,6,8,-4,0,1.0,1.0,0.0,0,0,-1.0,-1.0,0.0,7.0,5.0,4.0,3.1,0.8999999999999999,2.7,3.4,-0.6999999999999997,6.7,6.5,39.1,28.8,26.8,31.3,0.104026576200032,0.10845265087717308,0.8961537354518988,0.8871420436392545,0.9,0.7,0.7,0.7,25.9,20.9,9.7,9.7,10.2,16.0,6.8,5.7,7.2,10.8,5.0,3.0,7.0,4.0,2.108185106778919,1.9119507199599985,1.7029386365926398,1.6465452046971296,0.0,0.5666666666666664,0.2999999999999998,0.6000000000000001,0.0960517201570076,0.050457221203077995,0.1669645466642492,0.14756788447533972,0.16793658123605018,0.2524812242274103,0.25030815989907085,0.29992530338151663,0.2639883013930578,0.30293844543048826,0.4172727065633201,0.4474931878568564,0.4420693775855605,0.9271472764356739
2022021138,2023-03-23,2022-2023,CAR,NYR,1,2,3,-1,0,1.0,1.0,0.0,0,0,2.0,-1.0,3.0,7.0,6.0,3.1,3.6,-0.5,2.4,2.3,0.10000000000000009,5.5,5.9,34.5,30.6,23.3,30.8,0.08949631451072677,0.11810438471446616,0.9039513295649341,0.9244522010247817,0.9,0.7,0.2,0.2,14.2,22.0,6.7,6.3,9.0,17.3,8.1,11.1,9.0,13.7,3.0,2.0,4.0,6.0,2.330951164939611,1.8378731669453638,1.6465452046971287,1.4944341180973273,0.2333333333333334,1.4,1.2666666666666666,-1.2999999999999998,0.16328410747188074,0.3420279749830967,0.1660850349085089,0.32829098279671265,0.29895314834676273,0.41038074712643674,0.2764364716556669,0.4258476505585236,0.46223725581864356,0.7524087221095335,0.4425215065641759,0.7541386333552361,0.8975375166080332,0.10559228851812703
2022021141,2023-03-23,2022-2023,DET,STL,3,4,7,-1,0,0.0,0.0,0.0,1,1,1.0,-1.0,2.0,3.0,5.0,2.3,3.7,-1.4000000000000004,3.4,3.2,0.19999999999999973,5.7,6.9,29.1,27.5,28.6,32.5,0.0795725911665898,0.14515287426412743,0.8745041343611138,0.8979196158019688,0.7,0.7,0.6,0.7,19.9,21.2,7.9,9.5,15.8,14.5,7.2,7.9,8.0,6.8,2.0,3.0,5.0,5.0,1.494434118097325,1.4944341180973264,1.2649110640673509,2.299758441421378,-0.6333333333333331,-0.3666666666666667,0.6000000000000001,-1.866666666666667,0.24959114959114959,0.1261904761904762,0.19287701026831464,0.10386002886002886,0.2733525733525734,0.19404761904761902,0.2834671769454378,0.22423881673881674,0.5229437229437229,0.32023809523809527,0.4763441872137524,0.3280988455988456,-0.6885689190037015,-0.5354545454545455
2022021133,2023-03-23,2022-2023,COL,PIT,2,5,7,-3,0,1.0,2.0,-1.0,0,0,6.0,-4.0,10.0,7.0,4.0,4.0,2.9,1.1,2.5,3.5,-1.0,6.5,6.4,32.2,37.1,26.0,28.9,0.12642691480822557,0.07951120168502826,0.9060061919504644,0.8712940210999738,1.1,0.7,0.3,0.7,15.9,30.2,8.1,9.0,13.0,15.0,7.3,9.2,6.2,11.1,3.0,1.0,5.0,6.0,2.1602468994692847,1.852925614624974,2.0138409955990952,1.5092308563562356,1.0,-1.9,-0.8333333333333333,0.16666666666666652,0.04975124378109452,0.29715707178393747,0.08731890906457179,0.24361683093026376,0.05863539445628998,0.5651030561478323,0.09469196900258246,0.44540534092772904,0.10838663823738452,0.8622601279317698,0.18201087806715424,0.6890221718579927,-1.2132494115998302,-0.6559291454813843
2022021137,2023-03-23,2022-2023,BOS,MTL,4,2,6,2,1,1.0,1.0,0.0,0,0,4.0,1.0,3.0,7.0,2.0,3.9,3.3,0.6000000000000001,2.0,4.2,-2.2,5.9,7.5,32.9,24.2,29.3,36.0,0.12397687400318975,0.14034001086632658,0.9257682319137865,0.8832506769716073,0.5,0.3,0.6,1.2,24.1,24.9,8.4,10.1,11.6,21.2,6.3,5.8,9.0,12.4,4.0,1.0,5.0,5.0,1.8529256146249728,1.4181364924121767,1.6329931618554525,2.394437999475729,0.766666666666667,0.3666666666666667,-1.0,0.7999999999999998,0.3094614055299539,0.08741681790683604,0.22801949127115675,0.10268276792777702,0.5670266897081414,0.24400080661423673,0.5153440745108874,0.2340516853584004,0.8764880952380952,0.3314176245210728,0.7433635657820439,0.3367344532861774,2.5089922845971233,-0.7447801200614268
2022021134,2023-03-23,2022-2023,EDM,ARI,4,3,7,1,1,1.0,0.0,1.0,0,1,4.0,-1.0,5.0,8.0,6.0,4.7,3.4,1.3000000000000003,3.3,3.0,0.2999999999999998,8.0,6.4,32.3,26.3,32.5,37.7,0.1524391122488948,0.13210440073429502,0.9013341403144036,0.9203688607407772,0.9,0.5,0.7,0.6,21.6,27.3,8.7,12.0,11.3,17.7,9.7,5.2,10.4,10.3,5.0,0.0,5.0,8.0,1.15950180872841,1.646545204697129,1.7029386365926396,1.563471919941144,0.2999999999999998,-0.7333333333333334,-0.2999999999999998,-1.0,0.2638474295190713,0.07313510693792384,0.28057049741626033,0.10387524577665423,0.2714759535655058,0.15261024838489626,0.40320552718319475,0.16284358573090968,0.5353233830845772,0.2257453553228201,0.683776024599455,0.2667188315075639,0.6080708718215055,-1.1580594679186227
2022021145,2023-03-24,2022-2023,VAN,SJS,7,2,9,5,1,1.0,2.0,-1.0,0,0,-1.0,-7.0,6.0,7.0,1.0,3.0,2.4,0.6000000000000001,2.2,4.6,-2.3999999999999995,5.2,7.0,28.0,30.0,28.6,35.6,0.1154027825477871,0.0776881648506469,0.9193869437619437,0.8632837699835865,0.7,0.4,0.4,0.9,25.9,22.1,8.6,10.2,15.2,14.8,4.9,9.8,5.4,9.7,5.0,1.0,7.0,6.0,1.333333333333334,1.505545305418162,0.9189365834726776,1.8378731669453616,-0.6666666666666665,-0.3999999999999999,0.1333333333333333,-0.9333333333333331,0.2143902796076709,0.22072434607645874,0.17378869532372707,0.15693080048920977,0.2906602254428341,0.5551307847082495,0.25856991728283935,0.5825373811496429,0.5050505050505051,0.7758551307847082,0.4323586126065664,0.7394681816388528,-1.3859470867854615,0.011261687773701068
2022021142,2023-03-24,2022-2023,NSH,SEA,2,1,3,1,1,2.0,1.0,1.0,0,0,1.0,1.0,0.0,5.0,6.0,2.5,3.7,-1.2000000000000002,2.8,3.5,-0.7000000000000002,5.3,7.2,28.4,32.6,31.2,26.9,0.0923009259259259,0.11416336371981531,0.9123651027383932,0.8689655908849094,0.3,0.5,0.4,0.6,22.3,18.9,9.7,7.2,13.2,13.3,5.3,8.8,7.3,6.9,1.0,5.0,3.0,5.0,2.121320343559643,1.1595018087284066,1.8135294011647254,1.6499158227686113,0.5,-0.03333333333333366,1.5333333333333332,0.16666666666666652,0.1653613552700774,0.2013447155699932,0.19317675723866978,0.16533764418941344,0.41463826910074375,0.40296895066858046,0.3384273594801071,0.3676680502135173,0.5799996243708211,0.6043136662385736,0.5316041167187768,0.5330056944029308,0.32811547779508843,0.607509035389384
2022021144,2023-03-24,2022-2023,CGY,VGK,2,3,5,-1,0,1.0,1.0,0.0,0,0,1.0,2.0,-1.0,5.0,8.0,3.3,3.9,-0.6000000000000001,3.1,2.8,0.30000000000000027,6.4,6.7,34.4,27.4,28.3,34.5,0.0949336418614264,0.13915378594364308,0.8886813070746957,0.9152857541559367,0.6,0.6,0.4,0.5,26.2,21.2,7.9,11.7,12.1,19.3,6.7,8.0,6.5,6.6,1.0,5.0,4.0,4.0,2.451756739791105,1.6633299933166192,2.4698178070456938,1.4757295747452441,0.7000000000000002,0.4333333333333331,1.9,0.8666666666666667,0.14524599226091764,0.11937020938017773,0.22771558872305142,0.14888698262436115,0.23991155334438916,0.33346330591476964,0.3097705914870094,0.347482826666305,0.38515754560530685,0.45283351529494736,0.5374861802100609,0.49636980929066615,0.09970978441127695,0.752324248814989
2022021143,2023-03-24,2022-2023,DAL,PIT,3,2,5,1,1,1.0,0.0,1.0,0,1,-1.0,1.0,-2.0,6.0,4.0,4.8,2.9,1.9,3.7,3.3,0.40000000000000036,8.5,6.2,31.2,38.4,29.4,28.8,0.15030478308865008,0.07499731279613939,0.8721435408327276,0.8775305802397588,0.9,0.9,0.4,0.6,20.9,28.6,5.4,8.8,12.2,15.8,8.7,9.5,10.0,11.4,1.0,1.0,3.0,6.0,2.5298221281347035,1.852925614624974,1.2516655570345714,1.5670212364724205,-1.1333333333333333,-0.8999999999999999,0.6333333333333329,0.03333333333333366,0.24413145539906103,0.30744269538801433,0.1985571826326029,0.2472167989521993,0.49295774647887325,0.561792322562828,0.38547163876559604,0.4458850621134219,0.7370892018779344,0.8692350179508423,0.584028821398199,0.6931018610656213,0.9452906021738371,-0.5696018508386613
2022021148,2023-03-24,2022-2023,BUF,NJD,5,4,9,1,1,2.0,2.0,0.0,0,0,-4.0,-1.0,-3.0,2.0,5.0,2.7,2.8,-0.09999999999999964,4.6,2.5,2.0999999999999996,7.3,5.3,31.0,35.3,32.7,27.9,0.08853932280572473,0.08127988198640371,0.8529908881337454,0.9083861024033439,0.7,0.4,0.7,0.3,18.2,16.4,6.7,4.4,10.9,15.8,7.4,8.4,7.9,10.6,1.0,4.0,6.0,5.0,1.5670212364724194,1.3984117975602022,2.4585451886114362,1.3540064007726604,-1.0333333333333334,-0.1333333333333333,1.4000000000000004,-0.16666666666666652,0.24099042602115472,0.1810521247140965,0.26486586449697835,0.1617711801224643,0.3027335312234346,0.3240640423739015,0.28609162329672677,0.3639237637994887,0.5437239572445894,0.5051161670879981,0.5509574877937052,0.525694943921953,-0.6669396534091088,1.6540543411297346
2022021146,2023-03-24,2022-2023,ANA,WPG,2,3,5,-1,0,1.0,1.0,0.0,0,0,-2.0,1.0,-3.0,3.0,5.0,2.8,2.7,0.09999999999999964,3.5,2.9,0.6000000000000001,6.3,5.6,25.4,32.7,36.2,27.8,0.10546594337212183,0.08885695407676829,0.9020828461457736,0.8891875920328605,0.4,0.4,0.8,0.5,11.8,25.6,5.6,8.5,13.3,13.6,5.1,7.8,7.3,8.0,2.0,3.0,7.0,5.0,1.7511900715418267,2.1108186931983424,1.5811388300841893,1.1972189997378653,0.20000000000000018,-1.0333333333333334,0.16666666666666652,-0.8999999999999999,0.10654761904761904,0.1964674758792406,0.11807489674891453,0.2196012593071417,0.22663690476190476,0.332244008714597,0.27312818798757454,0.3092487849840791,0.33318452380952385,0.5287114845938375,0.39120308473648907,0.5288500442912207,-1.2001386609128455,-0.5031207354736766
2022021147,2023-03-24,2022-2023,CBJ,NYI,5,4,9,1,1,2.0,2.0,0.0,0,0,1.0,3.0,-2.0,3.0,7.0,3.5,3.6,-0.10000000000000009,4.7,2.2,2.5,8.2,5.8,34.2,30.8,36.6,28.0,0.10076263674089758,0.11939517379172548,0.8690948954289007,0.922345852163524,0.9,0.3,0.7,0.4,24.6,24.4,4.8,6.7,17.0,16.8,6.5,5.1,9.1,7.1,0.0,4.0,2.0,4.0,2.013840995599096,1.955050439815356,1.2516655570345703,1.549193338482967,0.833333333333333,2.066666666666667,1.2999999999999998,-0.20000000000000018,0.14466142634897242,0.17210886401027248,0.17700813666865867,0.2047359656514586,0.3328131547386825,0.14999899682998274,0.3083076101567674,0.20832631114321254,0.477474581087655,0.32210786084025517,0.4853157468254261,0.41306227679467117,-1.5888407673367526,0.5386029854339713
2022021150,2023-03-25,2022-2023,PHI,DET,3,0,3,3,1,1.0,1.0,0.0,0,0,2.0,-1.0,3.0,4.0,3.0,3.0,2.2,0.7999999999999998,3.2,3.3,-0.09999999999999964,6.2,5.5,29.4,29.0,32.2,27.1,0.10570344169608874,0.07649377343259965,0.899027942932286,0.869835829692809,0.4,0.7,1.2,0.5,25.9,17.5,10.6,7.7,17.0,15.1,7.2,7.1,6.8,7.5,4.0,1.0,7.0,5.0,1.8257418583505536,1.3984117975602008,1.4757295747452428,1.1595018087284048,1.666666666666667,0.1333333333333333,0.7999999999999998,0.3666666666666667,0.1672268907563025,0.2666596594492327,0.15038116925874828,0.2206073409457896,0.3126890756302521,0.2677738070212319,0.273273286926711,0.2847123691248139,0.47991596638655465,0.5344334664704645,0.4236544561854592,0.5053197100706034,-0.37302803210836566,-0.7165807705013086
2022021157,2023-03-25,2022-2023,NYI,BUF,0,2,2,-2,0,0.0,0.0,0.0,1,1,-1.0,1.0,-2.0,6.0,2.0,3.6,2.7,0.8999999999999999,2.7,4.7,-2.0,6.3,7.4,32.2,30.2,28.4,32.2,0.11325482291453251,0.09306420968355279,0.9038273336450056,0.8484209956606271,0.4,0.6,0.6,0.7,24.9,17.0,6.4,5.6,15.9,11.4,5.5,7.1,6.4,7.9,3.0,1.0,4.0,6.0,1.955050439815356,1.5670212364724194,1.567021236472421,2.4060109910158114,1.4,-0.03333333333333366,-0.03333333333333366,0.9666666666666668,0.18504004790777753,0.23741208439897699,0.16739925100702888,0.2849812635237981,0.18479115203233776,0.3031178957090082,0.20692858728831057,0.31368967204693937,0.3698311999401153,0.5405299801079851,0.37432783829533944,0.5986709355707376,0.6040653535422572,-0.5187448723060987
2022021152,2023-03-25,2022-2023,NSH,SEA,2,7,9,-5,0,0.0,0.0,0.0,1,1,2.0,-1.0,3.0,5.0,5.0,2.3,3.3,-1.0,2.8,3.2,-0.40000000000000036,5.1,6.5,28.3,31.7,31.2,26.4,0.08446759259259257,0.10422127877773038,0.9123651027383932,0.8785920276665186,0.2,0.4,0.4,0.6,22.9,19.8,9.3,6.5,13.5,14.3,5.4,9.0,7.7,6.6,2.0,4.0,4.0,5.0,2.1628170930011117,1.3374935098492582,1.8135294011647254,1.8135294011647258,0.3666666666666667,0.03333333333333366,0.8666666666666667,0.46666666666666634,0.16297702089285054,0.19826125210041612,0.18943787102736478,0.16284310928293777,0.41311582425643456,0.3968710711100534,0.3390076261568787,0.362214039914517,0.5760928451492852,0.5951323232104695,0.5284454971842435,0.5250571491974547,0.31856078256727727,0.5831926820781318
2022021159,2023-03-25,2022-2023,NJD,OTT,5,3,8,2,1,0.0,1.0,-1.0,1,0,-2.0,1.0,-3.0,4.0,3.0,2.7,2.9,-0.19999999999999973,2.6,3.7,-1.1,5.3,6.6,34.4,33.4,27.6,32.6,0.0816831077928553,0.08949609142714962,0.9029484366208503,0.8767192239205785,0.4,0.7,0.4,0.6,16.0,26.5,4.8,11.8,14.7,16.7,8.1,8.1,10.0,9.9,1.0,2.0,5.0,3.0,1.2516655570345727,2.1317702607092635,1.5055453054181622,1.4944341180973257,0.6333333333333333,0.43333333333333357,0.3999999999999999,-2.033333333333333,0.1111111111111111,0.2095474519203333,0.14464006259780907,0.1480743795549379,0.25661375661375657,0.3297294983735662,0.3415567478947761,0.22273511955715342,0.36772486772486773,0.5392769502938994,0.4861968104925851,0.3708094991120914,1.3025542141739328,-0.27799983886723667
2022021158,2023-03-25,2022-2023,MTL,CBJ,8,2,10,6,1,1.0,0.0,1.0,0,1,-1.0,2.0,-3.0,2.0,3.0,3.3,3.5,-0.20000000000000018,4.3,4.8,-0.5,7.6,8.3,24.5,33.3,34.8,36.3,0.1396487666266953,0.1053922663705272,0.8732939670148973,0.8658856528101587,0.5,1.0,1.0,0.7,26.6,24.3,10.9,4.6,20.3,17.3,6.6,6.0,12.8,8.2,1.0,2.0,5.0,3.0,1.4181364924121767,2.013840995599096,2.3593784492248515,1.1352924243950908,-0.6333333333333333,1.166666666666667,-0.9666666666666663,0.8666666666666671,0.13529738583313491,0.28140096618357485,0.134913385568257,0.18872549019607843,0.2498250247130044,0.3756038647342996,0.2768997579969986,0.2966929525433362,0.3851224105461393,0.6570048309178743,0.41181314356525567,0.48541844273941465,-0.8600596084559801,-1.6335890878090367
2022021155,2023-03-25,2022-2023,MIN,CHI,3,1,4,2,1,1.0,1.0,0.0,0,0,-1.0,-3.0,2.0,6.0,3.0,3.7,2.4,1.3000000000000003,2.6,3.0,-0.3999999999999999,6.3,5.4,31.8,25.5,35.6,33.7,0.12086027278260618,0.09889602467673725,0.921807725244426,0.9050784816195337,0.5,0.3,1.0,0.6,19.9,24.9,10.2,6.8,16.7,13.6,5.1,7.8,7.7,8.6,1.0,1.0,3.0,3.0,2.162817093001112,1.897366596101028,1.8973665961010282,1.8257418583505525,-0.03333333333333366,-1.4,0.06666666666666643,1.666666666666667,0.08444835680751174,0.10008051529790661,0.15102851960246325,0.09924660685530251,0.17410504694835682,0.20748792270531402,0.2780896553563807,0.1664423740510697,0.25855340375586855,0.3075684380032206,0.42911817495884397,0.2656889809063722,0.13447217395280778,-1.3653036576949618
2022021161,2023-03-25,2022-2023,DAL,VAN,1,3,4,-2,0,0.0,0.0,0.0,1,1,1.0,1.0,0.0,6.0,8.0,4.6,3.6,0.9999999999999996,3.7,2.2,1.5,8.3,5.8,30.9,27.9,31.5,26.9,0.14550680329067026,0.14419066133566588,0.8769054455946323,0.9144161835280256,0.8,0.6,0.4,0.4,20.7,25.6,5.4,7.3,12.7,14.3,8.8,5.4,11.3,5.4,2.0,2.0,4.0,7.0,2.590581230363393,1.64654520469713,1.2516655570345714,0.9189365834726776,-0.2666666666666666,0.3999999999999999,0.2999999999999998,0.1333333333333333,0.25,0.2307896607189616,0.20033670033670034,0.18330517768159282,0.4861111111111111,0.3173081958627913,0.38257575757575757,0.27251901326689926,0.7361111111111112,0.5480978565817528,0.5829124579124579,0.4558241909484921,0.946969696969697,-1.0665759384580142
2022021156,2023-03-25,2022-2023,FLA,NYR,3,4,7,-1,0,1.0,1.0,0.0,0,0,-2.0,1.0,-3.0,6.0,7.0,3.8,3.5,0.2999999999999998,3.1,2.0,1.1,6.9,5.5,38.5,29.0,26.5,30.5,0.09998476435334211,0.12122938471446616,0.8803712420831987,0.9332400798126604,1.0,0.7,0.7,0.2,25.8,21.8,9.5,6.3,9.8,18.2,6.6,10.5,7.1,12.5,5.0,3.0,8.0,5.0,2.201009869229223,1.9002923751652308,1.7288403306519915,1.4142135623730965,-0.46666666666666634,-0.16666666666666652,0.8999999999999999,-0.6666666666666667,0.09453405017921146,0.3367710321284381,0.16534894657017998,0.32347810865681165,0.16532258064516128,0.4095484634909838,0.2442146685630379,0.4269964539677142,0.25985663082437277,0.746319495619422,0.4095636151332179,0.7504745626245258,0.35641945799779196,0.13600073062121698
2022021149,2023-03-25,2022-2023,COL,ARI,3,1,4,2,1,1.0,1.0,0.0,0,0,-1.0,-2.0,1.0,7.0,6.0,3.9,3.6,0.2999999999999998,2.3,2.8,-0.5,6.2,6.4,31.7,26.2,27.6,36.6,0.12452215290346365,0.14419590400226892,0.9183438542881268,0.92175134922004,1.1,0.6,0.5,0.5,16.0,27.1,8.1,12.0,12.9,17.4,7.5,5.5,7.4,10.4,3.0,0.0,6.0,7.0,2.2335820757001255,1.4298407059684808,1.70293863659264,1.2292725943057194,0.10000000000000009,-0.9333333333333336,-0.6333333333333331,-0.1333333333333333,0.049019607843137254,0.12985546522131888,0.07432864450127878,0.16077913305598934,0.05778790389395194,0.13184692452985136,0.09665704752337079,0.21343313061134547,0.1068075117370892,0.2617023897511703,0.17098569202464955,0.37421226366733484,-1.0654360233581082,-0.4376698610241698
2022021153,2023-03-25,2022-2023,CGY,SJS,5,3,8,2,1,0.0,0.0,0.0,1,1,-1.0,-8.0,7.0,5.0,1.0,3.5,2.3,1.2000000000000002,3.1,4.8,-1.6999999999999997,6.6,7.1,35.7,29.4,28.2,35.5,0.09947909640688093,0.07621448064012057,0.8883972161656046,0.8526777093775257,0.7,0.4,0.4,0.7,26.4,23.8,7.7,10.6,12.1,15.7,6.4,9.2,6.4,9.0,1.0,1.0,4.0,5.0,2.223610677354388,1.4944341180973264,2.4698178070456938,1.9888578520235052,-0.5,0.03333333333333366,0.8999999999999999,0.5333333333333332,0.14813322589309696,0.21765779864371412,0.2293177544990599,0.2428868703363498,0.236569970453935,0.5520344287949922,0.3054995970991136,0.5042780839627136,0.384703196347032,0.7696922274387065,0.5348173515981736,0.7471649542990634,0.05741337630942783,-1.2915986255698442
2022021160,2023-03-25,2022-2023,CAR,TOR,5,3,8,2,1,1.0,1.0,0.0,0,0,-1.0,1.0,-2.0,6.0,6.0,2.6,3.5,-0.8999999999999999,2.5,3.1,-0.6000000000000001,5.1,6.6,33.3,28.7,23.1,31.6,0.07854393355834582,0.1235320159565382,0.8970068851204896,0.8970527579249689,0.6,0.7,0.2,0.7,14.4,20.5,6.7,9.0,8.7,15.9,8.4,5.7,9.7,10.5,3.0,4.0,5.0,4.0,2.1705094128132933,2.068278940998476,1.581138830084189,1.5951314818673867,0.3999999999999999,0.5,0.16666666666666652,0.8999999999999999,0.16089256958822176,0.0496031746031746,0.16364919606893877,0.1453319099378882,0.29461697722567287,0.2577380952380952,0.2723996780195963,0.3095604727398205,0.4555095468138946,0.3073412698412698,0.4360488740885351,0.45489238267770876,0.8555138992650921,1.075692287784679
2022021151,2023-03-25,2022-2023,BOS,TBL,2,1,3,1,1,1.0,1.0,0.0,0,0,5.0,-3.0,8.0,7.0,5.0,3.6,3.1,0.5,2.1,3.0,-0.8999999999999999,5.7,6.1,30.8,32.9,29.7,27.2,0.12635782638414214,0.0940699611536449,0.9230203227142646,0.8868755619576726,0.4,0.8,0.8,0.6,24.0,23.8,10.1,12.8,11.3,12.3,6.0,9.7,9.0,10.2,4.0,2.0,5.0,6.0,1.505545305418162,1.1972189997378637,1.595131481867387,1.4907119849998596,0.733333333333333,-1.1,-1.1,1.333333333333333,0.30993711557091835,0.17029789084583602,0.2271516563770085,0.1787925061335873,0.5630672926447574,0.2682086685511343,0.5121422982338475,0.3477692212006032,0.8730044082156758,0.43850655939697036,0.739293954610856,0.5265617273341905,2.5446555400780753,-0.08874741420138701
2022021154,2023-03-25,2022-2023,LAK,WPG,4,1,5,3,1,3.0,0.0,3.0,0,1,1.0,2.0,-1.0,8.0,5.0,4.1,2.3,1.7999999999999998,2.1,2.6,-0.5,6.2,4.9,35.9,32.1,25.3,26.3,0.11285701705408521,0.07999914521895943,0.9142119339652547,0.8934733063185748,0.6,0.3,0.6,0.4,20.0,23.5,6.2,8.0,15.0,12.7,4.4,7.8,6.0,7.7,6.0,4.0,8.0,4.0,1.9119507199599988,1.4944341180973268,1.1005049346146079,0.966091783079296,0.5666666666666673,-0.6333333333333331,-0.43333333333333335,-0.6000000000000001,0.16193659129920768,0.19353761332803918,0.25353907385418484,0.2187419628837511,0.41966033489070015,0.33668250777579245,0.40260296585195127,0.3142524203470079,0.5815969261899078,0.5302201211038317,0.6561420397061362,0.5329943832307591,0.47595268581184075,-0.4534295644052196
2022021162,2023-03-26,2022-2023,PIT,WSH,4,3,7,1,1,1.0,2.0,-1.0,0,0,-1.0,1.0,-2.0,4.0,4.0,3.0,4.1,-1.0999999999999996,3.2,3.4,-0.19999999999999973,6.2,7.5,39.4,30.6,27.9,32.9,0.07663421755804414,0.13516130689754974,0.8779634806726591,0.9008717750181165,0.8,0.9,0.6,0.4,29.3,20.6,6.2,9.8,16.1,13.9,9.8,6.9,11.6,11.8,3.0,2.0,6.0,5.0,1.7638342073763946,2.078995483935024,1.5491933384829664,1.837873166945363,-0.3333333333333335,0.9000000000000004,-0.8666666666666667,0.9333333333333331,0.3077697262479871,0.38579828132066935,0.24588740488143726,0.26927197718497387,0.5539452495974234,0.3684456505352028,0.4392819929904328,0.3315950292811716,0.8617149758454105,0.7542439318558722,0.6851693978718701,0.6008670064661455,-0.5851567680212181,-0.8529624604251469
2022021164,2023-03-26,2022-2023,ANA,STL,3,6,9,-3,0,1.0,2.0,-1.0,0,0,-3.0,1.0,-4.0,3.0,5.0,2.8,3.5,-0.7000000000000002,3.5,3.2,0.2999999999999998,6.3,6.7,25.1,27.4,35.6,32.8,0.1067702911982088,0.1372477359242065,0.9006842447471722,0.899205330087683,0.5,0.5,0.8,0.7,11.3,20.2,5.1,10.0,13.9,14.7,5.3,7.2,7.3,6.8,2.0,3.0,7.0,5.0,1.7511900715418267,1.2692955176439848,1.5811388300841893,2.299758441421378,-1.4666666666666666,-0.5,-0.16666666666666652,-1.5333333333333334,0.10449821435736928,0.12768426275812053,0.11831036073993821,0.10393646776122016,0.2366738894907909,0.20623687927020115,0.2755662894747402,0.23166309553263578,0.34117210384816016,0.3339211420283217,0.3938766502146784,0.335599563293856,-1.198215360539304,-0.6066273800034121
2022021165,2023-03-26,2022-2023,ARI,COL,3,4,7,-1,0,0.0,0.0,0.0,1,1,-3.0,1.0,-4.0,6.0,8.0,3.3,4.0,-0.7000000000000002,2.6,2.1,0.5,5.9,6.1,25.1,32.4,35.6,25.9,0.1359583561095486,0.1258265007295506,0.92425134922004,0.9213597273039997,0.6,1.3,0.6,0.5,26.2,16.3,12.6,7.3,17.4,11.7,5.7,7.2,10.1,7.4,6.0,4.0,6.0,6.0,1.6363916944844765,2.160246899469285,0.9660917830792979,1.7288403306519915,-1.633333333333333,-0.6666666666666665,0.3999999999999999,-0.43333333333333335,0.1274190041313329,0.04830917874396135,0.15789201241539286,0.0732739631488887,0.1296810143671726,0.0569645732689211,0.21277222673652252,0.09517780572723993,0.2571000184985055,0.10527375201288246,0.37066423915191543,0.16845176887612864,-0.3986598005914031,-0.965129325045942
2022021166,2023-03-26,2022-2023,CAR,BOS,3,4,7,-1,0,0.0,0.0,0.0,1,1,1.0,6.0,-5.0,6.0,7.0,2.5,3.4,-0.8999999999999999,2.8,2.0,0.7999999999999998,5.3,5.4,32.3,31.8,26.1,29.8,0.08061160273127815,0.11557351265865194,0.8901887033023078,0.9270089267028684,0.3,0.5,0.2,0.7,14.6,24.0,5.7,10.7,9.3,11.3,8.0,6.1,9.5,9.3,3.0,3.0,5.0,5.0,2.013840995599095,1.577621275493231,1.3165611772087662,1.6329931618554525,0.5,-0.7333333333333334,-0.46666666666666634,-0.6666666666666667,0.18365191146881288,0.17608098529151162,0.15358222527120666,0.1310521307660896,0.32165492957746483,0.4727981570086833,0.26408389417207995,0.3880514720045612,0.5053068410462777,0.6488791423001949,0.41766611944328663,0.5191036027706508,0.7595219762736694,1.7676958370894298
2022021168,2023-03-26,2022-2023,CHI,VAN,2,4,6,-2,0,0.0,0.0,0.0,1,1,-4.0,2.0,-6.0,3.0,8.0,2.4,3.5,-1.1,3.0,2.2,0.7999999999999998,5.4,5.7,25.0,27.9,33.7,25.8,0.0996724221922652,0.14002399466899923,0.9050784816195339,0.9132727323845744,0.3,0.5,0.5,0.3,24.9,24.9,6.2,6.8,13.8,14.8,7.2,5.7,7.7,5.7,2.0,3.0,2.0,6.0,1.897366596101028,1.6499158227686115,1.8257418583505525,0.9189365834726776,-1.7333333333333334,0.833333333333333,1.333333333333333,0.1333333333333333,0.09804070090390345,0.2243855288594311,0.11944689971561395,0.18399307589678904,0.2030247942230975,0.3156034244683789,0.20225226724892567,0.26986430758125274,0.3010654951270009,0.53998895332781,0.32169916696453965,0.4538573834780418,-1.469757619283921,-0.9244024970029266
2022021163,2023-03-26,2022-2023,EDM,VGK,3,4,7,-1,0,2.0,1.0,1.0,0,0,5.0,3.0,2.0,8.0,8.0,4.6,3.9,0.6999999999999997,3.4,2.7,0.6999999999999997,8.0,6.6,32.2,27.9,31.4,33.9,0.14971733805534643,0.13741767483253195,0.8908299386337312,0.9167402996104821,1.0,0.6,0.7,0.5,21.6,18.7,8.0,11.7,10.7,19.6,9.6,7.1,10.8,6.4,5.0,6.0,5.0,3.0,1.1737877907772711,1.6633299933166192,1.6465452046971285,1.4944341180973268,0.40000000000000036,0.766666666666667,0.2666666666666666,-0.3666666666666667,0.2574320050600885,0.11243386243386243,0.27988347434968996,0.17448292448292446,0.26533839342188487,0.35846560846560843,0.39877225629226287,0.42334054834054835,0.5227703984819734,0.47089947089947093,0.6786557306419528,0.5978234728234729,0.5555280550742971,0.4597763347763347
2022021167,2023-03-26,2022-2023,NSH,TOR,2,3,5,-1,0,0.0,0.0,0.0,1,1,-1.0,-1.0,0.0,5.0,5.0,2.2,3.6,-1.4,3.2,3.4,-0.19999999999999973,5.4,7.0,26.7,29.7,32.2,31.7,0.08759259259259258,0.12446784483354352,0.9047612123758823,0.8860840969563079,0.2,0.7,0.5,0.8,24.1,20.3,9.2,9.0,13.6,15.1,5.5,5.8,8.2,10.7,2.0,3.0,5.0,4.0,2.14993539954628,2.0110804171997807,2.250925735484551,1.4298407059684815,1.1333333333333333,0.06666666666666643,0.46666666666666634,0.6000000000000001,0.16992706992706993,0.03517278534595552,0.19048598590852114,0.1409654951265269,0.41640926640926645,0.21606689316225222,0.3377504981378221,0.2833910869287061,0.5863363363363364,0.25123967850820766,0.5282364840463432,0.424356582055233,0.17631276222825515,0.7898735232508363
2022021172,2023-03-27,2022-2023,NYI,NJD,5,1,6,4,1,1.0,1.0,0.0,0,0,-2.0,1.0,-3.0,6.0,5.0,3.5,2.9,0.6000000000000001,2.7,2.5,0.20000000000000018,6.2,5.4,30.8,34.6,28.7,27.9,0.1107548229145325,0.0868779129876605,0.9041119636260302,0.9082341509065646,0.4,0.4,0.6,0.3,24.8,15.3,6.3,6.5,16.0,15.7,5.6,8.2,7.2,9.9,3.0,3.0,5.0,5.0,2.1213203435596415,1.449137674618944,1.567021236472421,1.433720877840438,0.16666666666666652,0.43333333333333357,-0.03333333333333366,0.8333333333333335,0.17083404821460282,0.1141552511415525,0.20374265081240936,0.14686583509670711,0.1449944766015598,0.25298405831931425,0.20494949527941406,0.34038540382399735,0.3158285248161626,0.3671393094608668,0.40869214609182336,0.4872512389207045,0.4768200749035463,1.3100782918427598
2022021170,2023-03-27,2022-2023,OTT,FLA,5,2,7,3,1,1.0,1.0,0.0,0,0,-1.0,-3.0,2.0,3.0,6.0,3.2,4.0,-0.7999999999999998,3.6,3.3,0.30000000000000027,6.8,7.3,32.7,38.8,33.9,28.4,0.10021037714143533,0.10558248731349391,0.8887640418477494,0.8795430847333021,0.7,1.0,0.7,0.6,26.5,25.7,8.0,10.1,18.3,9.9,7.9,7.2,9.4,7.6,1.0,1.0,3.0,8.0,1.8737959096740249,1.9999999999999991,1.4298407059684803,1.7029386365926398,0.46666666666666634,-1.3333333333333335,-0.9333333333333336,1.3666666666666671,0.20642530984996735,0.09306370950206566,0.14585034117493914,0.16168336990254797,0.3247173298543162,0.16735522214974266,0.2215889505570863,0.2565852589825192,0.5311426397042834,0.26041893165180835,0.3674392917320255,0.4182686288850672,-0.2904867169756985,0.39058095633438095
2022021171,2023-03-27,2022-2023,BUF,MTL,3,4,7,-1,0,1.0,1.0,0.0,0,0,2.0,1.0,1.0,3.0,3.0,2.7,3.8,-1.0999999999999996,4.4,4.1,0.3000000000000007,7.1,7.9,29.8,24.9,31.1,34.3,0.09365029026963337,0.15393448091240955,0.8565291037687353,0.8788840291266984,0.5,0.6,0.7,1.0,16.2,24.9,5.8,11.0,11.7,18.8,7.2,6.4,8.0,13.1,1.0,1.0,5.0,6.0,1.5670212364724194,2.0439612955674527,2.7968235951204035,2.4698178070456938,0.6333333333333333,0.5333333333333332,-1.0666666666666669,-1.4333333333333331,0.24389764824547433,0.14963680387409203,0.28570543787935093,0.14628089006620082,0.2986622073578595,0.2676620930858219,0.3089541195519456,0.297530001908533,0.5425598556033339,0.4172988969599139,0.5946595574312966,0.4438108919747337,-0.4669906633221851,-0.5912422480219091
2022021169,2023-03-27,2022-2023,LAK,STL,7,6,13,1,1,1.0,0.0,1.0,0,1,2.0,2.0,0.0,8.0,6.0,4.0,3.9,0.10000000000000009,1.7,3.2,-1.5000000000000002,5.7,7.1,35.1,28.4,24.8,31.6,0.11313660698884757,0.14622209489856547,0.9264948123771655,0.8953134381957911,0.6,0.5,0.7,0.7,19.9,18.7,7.9,10.4,14.5,14.6,4.6,7.1,6.3,7.2,7.0,4.0,9.0,5.0,1.8856180831641272,1.370320319406298,0.48304589153963673,2.299758441421378,0.666666666666667,0.10000000000000009,-0.033333333333333215,-0.5333333333333337,0.23656755346896188,0.12785947712418302,0.3072694041529442,0.14492198553794503,0.5211267605633803,0.27110566448801743,0.4973026636627646,0.2579052445554374,0.7576943140323422,0.3989651416122004,0.8045720678157088,0.40282723009338245,0.5970470417863732,-0.7891008126663863
2022021174,2023-03-28,2022-2023,ANA,COL,1,5,6,-4,0,1.0,1.0,0.0,0,0,-4.0,2.0,-6.0,2.0,8.0,2.8,3.7,-0.9000000000000004,3.9,2.4,1.5,6.7,6.1,24.3,31.3,36.4,27.6,0.1096793821072997,0.12124801235745757,0.8911604352233627,0.9113597273039998,0.4,1.3,0.8,0.5,10.5,14.9,5.3,7.3,13.5,12.0,5.0,6.5,7.5,7.7,1.0,5.0,7.0,5.0,1.7511900715418267,2.057506581601461,1.6633299933166201,1.5776212754932308,-0.7999999999999998,-1.0333333333333337,0.766666666666667,0.2666666666666666,0.10253435253435254,0.047619047619047616,0.11856169681512146,0.07224880816430113,0.24185549185549185,0.06092628832354859,0.2756651888501203,0.09612500586402929,0.3443898443898444,0.1085453359425962,0.3942268856652418,0.16837381402833043,-1.2740414137674412,-0.744298000741872
2022021175,2023-03-28,2022-2023,ARI,EDM,4,5,9,-1,0,1.0,1.0,0.0,0,0,-4.0,-1.0,-3.0,5.0,7.0,3.0,4.3,-1.2999999999999998,2.7,3.5,-0.7999999999999998,5.7,7.8,25.4,31.9,34.6,32.0,0.12373613388732638,0.14153551987352825,0.9196382539819448,0.889779518465664,0.5,0.9,0.7,0.7,26.6,24.1,12.0,7.8,17.3,11.3,5.9,9.6,9.2,10.5,5.0,3.0,6.0,5.0,1.3333333333333328,1.159501808728409,0.9486832980505157,1.6499158227686102,-0.6666666666666665,-0.2999999999999998,0.6333333333333333,0.16666666666666652,0.12507856693903205,0.2513586956521739,0.140758980439213,0.2771144424118665,0.1275896279316252,0.25951086956521735,0.19037309679409545,0.3944325385008083,0.2526681948706573,0.5108695652173912,0.3311320772333084,0.6715469809126747,-0.4900611701740292,0.477205642530985
2022021178,2023-03-28,2022-2023,BOS,NSH,1,2,3,-1,0,1.0,1.0,0.0,0,0,7.0,-2.0,9.0,8.0,5.0,3.5,2.3,1.2000000000000002,2.0,3.2,-1.2000000000000002,5.5,5.5,32.8,25.2,31.3,31.4,0.11632539235790007,0.09309259259259257,0.932537182231124,0.9030805401069747,0.6,0.3,0.7,0.6,22.7,23.8,11.1,8.9,11.9,13.9,6.5,6.0,9.0,8.4,4.0,3.0,4.0,6.0,1.509230856356236,2.110818693198342,1.6329931618554525,2.250925735484551,-0.5,-0.6333333333333331,0.0,0.46666666666666634,0.3087686567164179,0.06870673952641167,0.2247802513691133,0.0882254236352597,0.5568770729684909,0.27381906496660596,0.5086274165763236,0.1940223270960976,0.8656457296849087,0.34252580449301756,0.733407667945437,0.28224775073135727,2.4764490581002256,-0.7078539493293592
2022021179,2023-03-28,2022-2023,CAR,TBL,0,4,4,-4,0,1.0,2.0,-1.0,0,0,-1.0,-4.0,3.0,5.0,4.0,2.5,2.7,-0.20000000000000018,2.8,3.0,-0.20000000000000018,5.3,5.7,32.1,31.7,27.5,27.1,0.08102740314707857,0.08495315203683577,0.8947939664602025,0.8867074947307818,0.3,0.5,0.3,0.7,14.9,24.7,5.1,14.3,9.4,12.4,7.9,9.3,9.4,10.1,3.0,2.0,6.0,5.0,2.013840995599095,1.1595018087284041,1.3165611772087662,1.4907119849998596,0.5,-1.0333333333333334,-0.1333333333333333,0.6666666666666665,0.1810230327835962,0.1677825085359332,0.15136515550630678,0.23477113951354575,0.31708097588379275,0.2496760459089226,0.2602950136094655,0.4813332913020227,0.49810400866738896,0.41745855444485586,0.41166016911577225,0.7161044308155683,0.7333839716111609,-0.2138056758366466
2022021180,2023-03-28,2022-2023,DET,PIT,7,4,11,3,1,2.0,1.0,1.0,0,0,-2.0,1.0,-3.0,3.0,4.0,2.1,2.9,-0.7999999999999998,3.1,3.1,0.0,5.2,6.0,29.6,38.7,25.6,28.6,0.07214594734564313,0.07599591968570371,0.8714231312801107,0.8839547660757093,0.6,0.8,0.4,0.6,18.4,27.0,7.9,6.9,14.8,16.7,8.0,10.2,6.9,12.7,2.0,1.0,5.0,6.0,1.5238839267549937,1.663329993316621,1.1972189997378635,1.5238839267549944,-0.43333333333333335,0.7666666666666666,-0.43333333333333357,-0.43333333333333357,0.18309092024916382,0.30808871493803,0.14042954468083627,0.2026561338205174,0.3062383012672988,0.5463144161774299,0.2685541611158297,0.4542880635346389,0.48932922151646263,0.85440313111546,0.40898370579666593,0.6569441973551563,-0.7254675621245044,-0.5469140448592504
2022021173,2023-03-28,2022-2023,MIN,SEA,5,1,6,4,1,2.0,2.0,0.0,0,0,1.0,1.0,0.0,6.0,5.0,3.7,3.6,0.10000000000000009,2.7,3.2,-0.5,6.4,6.8,31.0,32.1,34.8,25.7,0.12376936369169708,0.1107414252978769,0.9174598991574696,0.8747876798404317,0.5,0.3,1.0,0.5,20.6,20.9,10.4,6.7,15.4,14.5,5.3,9.2,7.3,6.9,2.0,4.0,4.0,5.0,2.162817093001112,1.7763883459298975,1.7669811040931434,1.8135294011647258,-0.7000000000000002,0.733333333333333,-0.7000000000000002,-0.8666666666666667,0.08819748453894795,0.19527116402116404,0.15129749031329243,0.16273780503534027,0.1758963935793204,0.39558531746031744,0.2761561482018369,0.3615822337873394,0.2640938781182684,0.5908564814814815,0.42745363851512946,0.5243200388226797,0.15090346120919812,0.6423586390135686
2022021176,2023-03-28,2022-2023,NYR,CBJ,6,2,8,4,1,2.0,2.0,0.0,0,0,2.0,-1.0,3.0,8.0,3.0,3.7,3.5,0.20000000000000018,1.9,5.3,-3.4,5.6,8.8,30.6,33.3,31.5,36.1,0.12306088654596799,0.10539226637052719,0.9410832170675624,0.8497091822219234,0.6,0.9,0.2,0.6,21.4,24.1,5.4,4.4,18.9,17.1,9.8,5.5,11.6,8.3,4.0,2.0,5.0,2.0,1.8287822299126943,2.013840995599096,1.2866839377079204,1.3374935098492562,-1.0333333333333337,1.166666666666667,0.43333333333333357,0.7000000000000002,0.3367243867243867,0.2769711163153786,0.3213302298918737,0.19212945049723382,0.40317460317460324,0.3699453551912568,0.4207653837790824,0.29655307787168084,0.73989898989899,0.6469164715066354,0.7420956136709562,0.4886825283689146,0.10319634703196345,-1.840177171367478
2022021177,2023-03-28,2022-2023,PHI,MTL,3,2,5,1,1,2.0,0.0,2.0,0,1,3.0,2.0,1.0,5.0,4.0,3.1,3.8,-0.6999999999999997,2.9,4.1,-1.1999999999999997,6.0,7.9,28.8,26.6,32.6,33.7,0.11219694818959522,0.14875155408314128,0.9110279429322862,0.8774854277280971,0.3,0.6,1.1,1.1,24.6,24.8,11.6,11.2,17.8,17.7,7.4,7.0,6.8,11.9,5.0,2.0,7.0,5.0,1.7919573407620815,2.0439612955674527,1.791957340762081,2.4698178070456938,1.233333333333333,0.5333333333333332,-0.5666666666666664,-1.0999999999999996,0.08916900093370682,0.15758118208655236,0.13827008656085418,0.15412751826699586,0.14829810712163652,0.2674172476603228,0.23207293958797867,0.2971295582416618,0.23746710805534332,0.4249984297468752,0.3703430261488328,0.4512570765086577,-0.35770036790533166,-0.5902155115275202
2022021184,2023-03-29,2022-2023,VGK,EDM,4,7,11,-3,0,2.0,0.0,2.0,0,1,4.0,1.0,3.0,8.0,8.0,3.9,4.3,-0.3999999999999999,2.7,3.3,-0.5999999999999996,6.6,7.6,28.5,31.3,34.1,31.5,0.13489666642917061,0.1444911848981588,0.9174545853247679,0.8934477800286624,0.7,0.9,0.6,0.7,18.1,25.0,11.4,7.3,20.2,10.8,6.2,9.3,6.2,10.3,1.0,4.0,2.0,5.0,1.6633299933166192,1.159501808728409,1.4944341180973268,1.4181364924121758,-0.2333333333333334,-0.2999999999999998,-0.03333333333333366,0.3666666666666667,0.11603965216223476,0.2455988455988456,0.1496847889380655,0.2767456225202704,0.33859622616169754,0.2587301587301587,0.3553882105387647,0.39265653983963844,0.4546358783239323,0.5043290043290044,0.5050729994768302,0.6694021623599089,0.65348174768783,0.41502083755604885
2022021186,2023-03-29,2022-2023,TOR,FLA,2,3,5,-1,0,2.0,1.0,1.0,0,0,1.0,-4.0,5.0,6.0,5.0,3.8,3.8,0.0,3.2,3.6,-0.3999999999999999,7.0,7.4,29.4,38.0,31.8,27.8,0.1305886715426055,0.10194103073086085,0.8947507636229746,0.8672834693486868,0.8,0.9,0.8,0.8,20.8,26.4,7.7,7.7,14.6,9.5,6.1,6.7,10.8,7.3,2.0,1.0,4.0,7.0,1.8135294011647256,2.0976176963403024,1.475729574745244,1.5055453054181613,0.20000000000000018,-1.4666666666666663,-0.5333333333333337,0.733333333333333,0.03464755077658303,0.09163851351351353,0.14351906158357772,0.15833185135019257,0.21158900836320194,0.17004504504504503,0.28078608667318344,0.25132474988977016,0.24623655913978493,0.26168355855855857,0.4243051482567612,0.4096566012399627,0.790951449983708,0.4443064579628828
2022021181,2023-03-29,2022-2023,STL,VAN,6,5,11,1,1,1.0,2.0,-1.0,0,0,-1.0,3.0,-4.0,6.0,8.0,4.3,3.6,0.6999999999999997,3.3,2.1,1.1999999999999997,7.6,5.7,26.4,28.1,32.0,25.7,0.16873291740938795,0.14258239288924396,0.894955015256723,0.9161961194813486,0.7,0.6,1.0,0.3,18.4,22.8,11.8,6.7,14.0,14.0,7.4,5.6,7.0,5.3,2.0,4.0,5.0,5.0,1.337493509849259,1.64654520469713,2.4517567397911053,0.8755950357709088,1.0333333333333332,1.0666666666666669,1.0333333333333332,-0.43333333333333335,0.1313712699691749,0.23432827237175066,0.10678776850471461,0.19036315938489853,0.2078009285906143,0.31412468368990104,0.24344456749140445,0.26994390472651336,0.33917219855978925,0.5484529560616517,0.3502323359961191,0.4603070641114119,-0.482786945337655,-0.7327347772999948
2022021187,2023-03-29,2022-2023,WSH,NYI,1,2,3,-1,0,2.0,1.0,1.0,0,0,-1.0,1.0,-2.0,3.0,6.0,3.6,3.6,0.0,3.5,2.7,0.7999999999999998,7.1,6.3,31.0,30.8,32.8,29.5,0.11731816964264778,0.11353260069231028,0.8981888481888483,0.9052339832613738,0.9,0.3,0.4,0.5,20.9,25.0,10.3,6.1,13.3,16.5,6.8,5.6,12.2,7.7,2.0,3.0,5.0,5.0,1.5776212754932313,2.170509412813293,1.8408935028645437,1.567021236472421,1.4,-0.6000000000000001,0.5,-0.3666666666666667,0.3834937200686726,0.17248391248391248,0.26614083864027144,0.20958655083655084,0.3605764886599801,0.1426254826254826,0.3294104838054904,0.20954096954096954,0.7440702087286528,0.3151093951093951,0.5955513224457619,0.4191275203775204,-0.8960338167525076,0.5359009009009009
2022021182,2023-03-29,2022-2023,CHI,DAL,1,4,5,-3,0,2.0,3.0,-1.0,0,0,-5.0,-1.0,-4.0,2.0,5.0,2.1,4.0,-1.9,3.3,3.7,-0.40000000000000036,5.4,7.7,26.0,30.6,33.2,30.4,0.08231451128596719,0.12521502610234134,0.895078481619534,0.8729768741660611,0.3,0.8,0.6,0.3,25.3,19.7,5.3,5.2,13.9,11.4,7.2,8.8,8.0,11.6,1.0,4.0,2.0,4.0,1.6633299933166206,2.666666666666667,1.4944341180973248,1.2516655570345714,-0.7666666666666668,-1.3333333333333335,0.3666666666666667,-0.3666666666666667,0.14972141755180413,0.2511415525114155,0.12305486566571112,0.19978713027329106,0.2159485676866558,0.4794520547945205,0.29057147731008653,0.3796380895181626,0.36566998523845995,0.730593607305936,0.41362634297579776,0.5794252197914537,-1.0858198838420596,0.8930784859946841
2022021183,2023-03-29,2022-2023,CGY,LAK,2,1,3,1,1,3.0,1.0,2.0,0,0,1.0,3.0,-2.0,5.0,8.0,3.5,4.4,-0.9000000000000004,3.0,2.1,0.8999999999999999,6.5,6.5,35.0,34.9,28.0,24.9,0.10263224956003411,0.12662634305922882,0.8908410089319782,0.9087458946282476,0.7,1.0,0.3,0.8,24.5,19.2,7.5,7.7,12.4,14.9,6.9,4.8,6.4,6.9,2.0,1.0,5.0,9.0,2.223610677354388,2.0655911179772897,2.4494897427831783,1.4491376746189408,0.5,1.9333333333333327,-0.6666666666666665,0.8999999999999999,0.14610262436349394,0.16686960933536277,0.2329612220916569,0.26144884405976204,0.24265569917743832,0.4178335870116692,0.3060125342734038,0.45845676488183135,0.38875832354093226,0.5847031963470318,0.5389737563650606,0.7199056089415933,0.1398354876615746,0.6601978691019786
2022021185,2023-03-29,2022-2023,SJS,WPG,3,0,3,3,1,3.0,3.0,0.0,0,0,-9.0,-1.0,-8.0,1.0,5.0,2.3,2.2,0.09999999999999964,4.4,2.6,1.8000000000000003,6.7,4.8,28.4,30.9,35.4,26.7,0.07857482682422759,0.07858214117037642,0.8655512725959167,0.8952590206042892,0.3,0.4,0.6,0.5,23.0,25.2,10.2,8.0,15.0,12.1,8.7,6.9,9.3,7.0,0.0,4.0,4.0,3.0,1.4944341180973264,1.5491933384829673,1.6465452046971283,0.966091783079296,0.7000000000000002,-0.20000000000000018,0.9333333333333327,-0.6000000000000001,0.21924150177574833,0.1906939906939907,0.2151763064434297,0.2156576044635746,0.5535895484525621,0.3317394317394317,0.530763028194535,0.3097449343718,0.7728310502283104,0.5224334224334224,0.7459393346379647,0.5254025388353747,-1.6628180039138942,-0.5490165743897086
2022021194,2023-03-30,2022-2023,TBL,WSH,5,1,6,4,1,1.0,0.0,1.0,0,1,1.0,-2.0,3.0,5.0,3.0,2.8,3.5,-0.7000000000000002,2.6,3.3,-0.6999999999999997,5.4,6.8,30.1,31.4,28.1,31.7,0.09589266297634672,0.11207341439789253,0.9057551137784008,0.9022405723267791,0.4,0.8,0.6,0.4,23.9,21.6,7.8,9.7,12.1,14.8,9.4,7.5,10.0,11.9,2.0,1.0,4.0,6.0,1.2292725943057168,1.715938356831167,1.7126976771553502,2.0027758514399734,-0.46666666666666634,-0.16666666666666652,0.06666666666666643,-1.2999999999999998,0.1703607833185298,0.3765096618357488,0.1808971455951969,0.26077704554535214,0.2662580890749905,0.35307812102720565,0.34537583144181633,0.3222214483012538,0.43661887239352026,0.7295877828629544,0.5262729770370133,0.582998493846606,0.025830043819625143,-0.9019365360040417
2022021193,2023-03-30,2022-2023,OTT,PHI,5,4,9,1,1,2.0,1.0,1.0,0,0,1.0,4.0,-3.0,3.0,5.0,3.2,3.1,0.10000000000000009,3.4,3.0,0.3999999999999999,6.6,6.1,32.3,27.8,34.0,32.9,0.10259986340188934,0.11519995119259822,0.8950029010277852,0.9079775450543022,1.0,0.3,0.7,1.1,27.7,24.2,8.4,11.0,19.2,18.0,7.7,6.9,10.2,6.5,2.0,0.0,4.0,7.0,1.8737959096740249,1.7919573407620815,1.5055453054181611,1.6996731711975943,1.7999999999999998,0.2333333333333334,-0.7333333333333334,-1.0,0.2088602839249949,0.16628044621002366,0.14642523678778097,0.14371805107414415,0.32436189424972856,0.29277015368564663,0.222739214286905,0.25872273918048566,0.5332221781747234,0.45905059989567026,0.36916445107468593,0.4024407902546298,-0.23507326889715743,-0.3552852196452931
2022021191,2023-03-30,2022-2023,NJD,NYR,2,1,3,1,1,2.0,1.0,1.0,0,0,-1.0,3.0,-4.0,4.0,8.0,2.8,4.0,-1.2000000000000002,2.6,1.8,0.8,5.4,5.8,33.7,30.9,29.1,31.9,0.08510371943927339,0.13063664412172554,0.9085015305857091,0.9459550119393573,0.3,0.5,0.3,0.3,15.4,21.1,6.3,5.6,15.7,17.5,8.1,9.9,10.0,12.0,2.0,3.0,5.0,6.0,1.549193338482967,1.9436506316151005,1.4298407059684815,1.2292725943057201,0.5333333333333337,0.0,1.0666666666666664,0.19999999999999996,0.1806091806091806,0.3421440477134072,0.1737567975480949,0.32647742926210904,0.315958815958816,0.4016916112120074,0.35271392896292175,0.42156652632672437,0.4965679965679966,0.7438356589254145,0.5264707265110166,0.7480439555888334,1.1860709852248932,0.20364234355005506
2022021192,2023-03-30,2022-2023,PIT,NSH,2,0,2,2,1,1.0,1.0,0.0,0,0,-1.0,1.0,-2.0,4.0,5.0,3.0,2.4,0.6000000000000001,3.3,3.2,0.09999999999999964,6.3,5.6,39.0,24.5,28.2,32.3,0.07791899660878064,0.09845491143317228,0.8732404803614235,0.9040064660329005,1.0,0.2,0.7,0.6,23.6,22.5,6.7,9.1,15.8,13.6,9.6,6.4,12.7,8.8,3.0,3.0,5.0,6.0,1.6996731711975959,2.0655911179772892,1.7669811040931427,2.250925735484551,0.3333333333333335,-0.3999999999999999,0.7000000000000002,0.46666666666666634,0.30859028042126635,0.06777023203169213,0.20203256766504177,0.08657085133061433,0.5479000126887451,0.27461799660441427,0.458077698726782,0.19328017743031764,0.8564902931100115,0.3423882286361064,0.6601102663918237,0.279851028760932,-0.5970165716378844,-0.6629085764966561
2022021195,2023-03-30,2022-2023,DET,CAR,3,2,5,1,1,1.0,1.0,0.0,0,0,1.0,-2.0,3.0,4.0,4.0,2.7,2.4,0.30000000000000027,3.3,3.1,0.19999999999999973,6.0,5.5,29.5,32.3,25.9,27.6,0.09629979349948929,0.07757912728500961,0.866722276579256,0.8797939664602026,0.8,0.2,0.6,0.3,18.0,15.5,8.1,5.1,14.2,10.6,8.3,8.5,6.9,8.1,3.0,2.0,6.0,6.0,2.110818693198341,2.1186998109427595,1.1595018087284048,0.8755950357709129,0.6333333333333333,0.2666666666666666,0.03333333333333366,-0.10000000000000009,0.26314876427327866,0.1784684747013514,0.20818110350959063,0.1492112712713716,0.25313655880002234,0.31263548729302154,0.2844017009692874,0.2566134573225061,0.516285323073301,0.49110396199437295,0.49258280447887803,0.4058247285938778,-0.896016941839793,0.626127256134009
2022021188,2023-03-30,2022-2023,COL,MIN,2,4,6,-2,0,1.0,1.0,0.0,0,0,3.0,2.0,1.0,9.0,7.0,4.0,4.2,-0.20000000000000018,2.1,2.8,-0.6999999999999997,6.1,7.0,32.7,29.0,27.6,35.8,0.1259449820544273,0.14876936369169708,0.9213597273039997,0.9146821213796917,1.3,0.6,0.5,1.0,13.7,21.4,7.1,11.4,12.4,14.7,6.1,5.5,7.4,6.8,3.0,4.0,4.0,4.0,1.9999999999999982,1.7511900715418274,1.5238839267549944,1.619327706865483,-0.3333333333333335,-0.20000000000000018,-0.43333333333333335,-0.7999999999999998,0.05145286131201624,0.13002826701456838,0.0735042084337859,0.14145840074102511,0.06008120796853191,0.24635790389215048,0.09701591262624125,0.2834549576168177,0.11153406928054815,0.37638617090671883,0.17052012106002715,0.42491335835784283,-0.5137161809697022,0.2147550538862723
2022021189,2023-03-30,2022-2023,BOS,CBJ,2,1,3,1,1,1.0,1.0,0.0,0,0,-1.0,-2.0,1.0,7.0,3.0,3.3,3.5,-0.20000000000000018,1.9,5.3,-3.4,5.2,8.8,32.6,34.2,30.4,35.7,0.11120843329357259,0.10253512351338434,0.9344433405888953,0.8482439807567219,0.5,0.9,0.6,0.7,22.0,23.2,11.7,4.2,12.1,16.8,7.4,5.6,8.7,7.5,3.0,2.0,4.0,2.0,1.70293863659264,2.013840995599096,1.6633299933166203,1.3374935098492562,-1.2999999999999998,-0.5,-0.23333333333333317,0.36666666666666714,0.3042831463459989,0.27737392094502494,0.22151815314279974,0.19108339033373103,0.5486755924709188,0.3745267302741178,0.5011249647599161,0.2991500699815102,0.8529587388169176,0.6519006512191429,0.7226431179027157,0.49023346031524134,2.4268454376063056,-1.9135557763454174
2022021190,2023-03-30,2022-2023,MTL,FLA,2,5,7,-3,0,1.0,0.0,1.0,0,1,-1.0,1.0,-2.0,4.0,5.0,3.7,3.9,-0.19999999999999973,4.0,3.7,0.2999999999999998,7.7,7.6,26.9,37.5,33.0,29.5,0.14410964426881767,0.10640350537589127,0.8788840291266984,0.8666312954356433,0.6,1.0,0.9,0.7,24.5,26.1,11.0,7.9,17.9,9.5,7.3,6.3,10.5,7.0,2.0,2.0,4.0,6.0,2.110818693198342,2.024845673131658,2.5385910352879697,1.337493509849258,0.6333333333333329,-1.2333333333333334,-1.6666666666666665,-0.3666666666666667,0.148816029143898,0.09025641025641025,0.1475839379020635,0.15523350273350275,0.2217738545607398,0.1675213675213675,0.27000757021093713,0.2442769692769693,0.3705898837046378,0.25777777777777783,0.41759150811300066,0.399510472010472,-0.3792056691421083,0.3180838530838531
2022021200,2023-03-31,2022-2023,BUF,NYR,3,2,5,1,1,3.0,0.0,3.0,0,1,-1.0,-1.0,0.0,3.0,7.0,2.8,3.9,-1.1,4.4,1.9,2.5000000000000004,7.2,5.8,30.7,30.8,31.3,31.7,0.09440786602720914,0.12694433642941785,0.8569043382903111,0.9425337020664346,0.6,0.5,0.7,0.4,16.3,20.6,6.0,5.6,12.4,17.2,8.2,10.1,8.1,12.3,1.0,2.0,6.0,6.0,1.5491933384829653,2.078995483935024,2.7968235951204035,1.1972189997378666,0.5333333333333337,-0.2333333333333334,-2.066666666666667,0.43333333333333357,0.24037761925085865,0.34174045962471006,0.27270691779062756,0.3242035631456884,0.2943357112371197,0.3956356736242885,0.2859319350151133,0.4178178368121443,0.5347133304879784,0.7373761332489984,0.5586388528057409,0.7420213999578326,-0.45649418346734316,0.20176048914189332
2022021196,2023-03-31,2022-2023,CHI,STL,3,5,8,-2,0,1.0,1.0,0.0,0,0,-6.0,1.0,-7.0,2.0,6.0,1.9,4.5,-2.6,3.3,3.6,-0.30000000000000027,5.2,8.1,25.8,26.5,32.4,32.3,0.07287006684152274,0.17475442278573206,0.8927133670592973,0.887323854684386,0.2,0.7,0.6,1.2,25.8,19.1,5.6,12.1,14.0,14.0,7.9,7.4,8.9,7.0,1.0,4.0,3.0,5.0,1.6633299933166206,1.433720877840438,1.4944341180973248,2.4585451886114362,-0.5666666666666667,1.5,-0.2999999999999998,1.4,0.12058080808080807,0.12263692263692265,0.13972411245527683,0.11345747976953652,0.20875420875420878,0.27566137566137566,0.23648938422054858,0.27360121012603283,0.3293350168350168,0.3982982982982983,0.37621349667582543,0.3870586898955693,-1.6726966336555378,-0.5567692312373164
2022021197,2023-03-31,2022-2023,EDM,LAK,2,0,2,2,1,1.0,1.0,0.0,0,0,2.0,-1.0,3.0,8.0,7.0,4.7,4.1,0.6000000000000005,3.5,2.1,1.4,8.2,6.2,31.5,34.4,29.8,25.5,0.15433179473876865,0.11913033030005818,0.8803941669750494,0.9101882023205553,1.2,0.9,0.6,0.9,25.4,19.7,7.5,7.7,10.9,15.3,9.1,5.4,10.0,7.0,4.0,1.0,5.0,8.0,1.3374935098492622,2.3309511649396124,1.354006400772659,1.4491376746189408,0.2999999999999998,-0.09999999999999964,0.5,0.8999999999999999,0.24993095829881248,0.1645757592310478,0.28135436803829517,0.2618805157298992,0.25338304335818834,0.41200890987551664,0.39530263279020533,0.4044311424948807,0.5033140016570008,0.5765846691065645,0.6766570008285004,0.6663116582247798,0.401067384700359,0.6077620205077026
2022021198,2023-03-31,2022-2023,SEA,ANA,4,1,5,3,1,2.0,2.0,0.0,0,0,-1.0,-5.0,4.0,4.0,2.0,3.4,2.7,0.6999999999999997,3.5,4.0,-0.5,6.9,6.7,32.2,25.1,25.4,37.8,0.1049477745042261,0.10392180634972395,0.8584833320143448,0.8931301321930597,0.3,0.4,0.6,0.8,20.1,10.7,8.1,5.3,14.3,14.4,8.8,4.5,6.4,7.6,1.0,1.0,5.0,8.0,1.9550504398153572,1.828782229912694,1.8408935028645437,1.6996731711975954,-0.3999999999999999,-0.7000000000000002,-0.8333333333333335,0.666666666666667,0.19757859149982437,0.10942224709186583,0.16296126659996524,0.0998454346863416,0.3897809097295399,0.24196788229006372,0.35637689460463434,0.23070799446664614,0.5873595012293643,0.35139012938192954,0.5193381612045996,0.33055342915298774,0.5636039996913285,-1.3884945532141797
2022021199,2023-03-31,2022-2023,SJS,VGK,4,3,7,1,1,1.0,1.0,0.0,0,0,1.0,-1.0,2.0,1.0,8.0,2.3,4.2,-1.9000000000000004,4.2,3.2,1.0,6.5,7.4,29.0,28.4,35.7,34.6,0.07607482682422759,0.14873065852403228,0.8708144304906534,0.9053882203172264,0.4,0.6,0.6,0.9,22.4,18.9,9.4,11.2,14.8,19.1,9.5,7.1,9.9,6.2,1.0,7.0,5.0,3.0,1.4944341180973264,1.3165611772087658,2.0439612955674518,1.9888578520235072,0.3666666666666667,-0.5333333333333337,-0.5333333333333337,0.7999999999999998,0.21627792175737381,0.11437424046119699,0.20051555842693938,0.1546963942104607,0.5505985437492287,0.3483583918366527,0.42700114980888665,0.35767151176358336,0.7668764655066025,0.4627326322978497,0.6275167082358261,0.5123679059740441,-1.5446757533145725,0.6877979592813354
2022021205,2023-04-01,2022-2023,PIT,BOS,3,4,7,-1,0,1.0,1.0,0.0,0,0,1.0,1.0,0.0,4.0,8.0,2.7,3.2,-0.5,3.2,1.6,1.6,5.9,4.8,40.3,32.4,27.8,30.5,0.06673844105322509,0.1085691371058893,0.8763654803614236,0.9465971867427415,1.0,0.6,0.7,0.4,24.3,23.9,6.7,12.8,16.1,13.0,9.8,7.7,12.5,9.4,3.0,4.0,5.0,5.0,1.5670212364724228,1.751190071541826,1.9321835661585915,1.5055453054181624,0.6333333333333333,-1.2000000000000002,-0.20000000000000018,0.06666666666666665,0.30444444444444446,0.2116381203337725,0.19911630929174787,0.16734292085271307,0.545,0.5500219587176108,0.45864684860298893,0.48002799072956376,0.8494444444444444,0.7616600790513833,0.6577631578947368,0.6473709115822769,-0.5614522417153996,2.590699136549958
2022021201,2023-04-01,2022-2023,WPG,DET,6,2,8,4,1,2.0,1.0,1.0,0,0,-2.0,2.0,-4.0,5.0,4.0,2.0,2.6,-0.6000000000000001,2.6,3.2,-0.6000000000000001,4.6,5.8,30.2,27.6,27.5,27.2,0.07441547450370976,0.1001800595748773,0.8988953842406527,0.8756616705186501,0.4,0.8,0.6,0.5,25.1,19.2,8.4,8.1,13.1,15.6,6.9,8.8,7.0,7.2,1.0,1.0,2.0,6.0,1.6996731711975954,2.0655911179772883,0.966091783079296,1.2292725943057172,-0.6666666666666667,0.7333333333333334,0.06666666666666643,-0.5333333333333337,0.18793284962299048,0.2489842783960431,0.21265923526901162,0.20232927182967472,0.32693982074263767,0.28219395866454694,0.30536533520792014,0.299013800262793,0.5148726703656281,0.53117823706059,0.5180245704769317,0.5013430720924678,-0.6112369762245486,-0.8576695320853258
2022021202,2023-04-01,2022-2023,VAN,CGY,4,5,9,-1,0,2.0,2.0,0.0,0,0,-1.0,2.0,-3.0,7.0,5.0,3.8,3.7,0.09999999999999964,2.5,3.1,-0.6000000000000001,6.3,6.8,28.4,35.6,26.6,27.3,0.14727237699099277,0.10888224956003412,0.9059321898625804,0.8878107059016751,0.8,0.8,0.4,0.3,22.2,25.1,7.0,6.7,13.4,12.7,6.7,7.2,5.7,7.1,3.0,2.0,4.0,6.0,1.6865480854231365,1.9465068427541896,1.5092308563562342,2.330951164939612,0.20000000000000018,-0.7000000000000002,0.5,-0.7666666666666666,0.22809108699519656,0.14412698412698413,0.18860451347910348,0.22984126984126982,0.32216687422166873,0.24825396825396825,0.2796333730903478,0.3063492063492063,0.5502579612168653,0.39238095238095233,0.46823788656945126,0.5361904761904762,-0.7696041337272285,0.13809523809523813
2022021206,2023-04-01,2022-2023,PHI,BUF,3,6,9,-3,0,1.0,0.0,1.0,0,1,-1.0,1.0,-2.0,5.0,4.0,3.3,2.7,0.5999999999999996,3.0,3.6,-0.6000000000000001,6.3,6.3,25.4,31.2,33.6,29.7,0.1458493018419489,0.08943829199069797,0.9099284926574237,0.8712518954950111,0.5,0.6,0.9,0.6,25.0,15.1,11.8,5.8,17.0,12.8,6.3,8.0,6.7,8.1,5.0,2.0,7.0,6.0,1.766981104093143,1.4944341180973244,1.6996731711975943,2.065591117977289,0.03333333333333366,-0.03333333333333366,-0.6666666666666665,-1.9333333333333333,0.08604122990915446,0.24165265223179877,0.13408021456135027,0.27416527112151107,0.14322152341020264,0.290132864628345,0.22969120785230415,0.2817106522917258,0.22926275331935708,0.5317855168601437,0.3637714224136544,0.5558759234132368,-0.4223264271883852,-0.449323661957675
2022021209,2023-04-01,2022-2023,TBL,NYI,5,0,5,5,1,1.0,2.0,-1.0,0,0,2.0,2.0,0.0,5.0,6.0,3.0,3.4,-0.3999999999999999,2.6,2.6,0.0,5.6,6.0,29.8,29.8,28.9,29.7,0.10249043722117979,0.10928856886207154,0.9068771334137444,0.9097211627485532,0.5,0.3,0.6,0.5,24.6,25.1,7.7,5.9,12.3,14.8,9.3,5.3,9.7,7.4,2.0,4.0,4.0,4.0,1.414213562373094,2.3190036174568105,1.7126976771553502,1.646545204697129,0.3333333333333335,-1.4,-1.6,-1.6,0.17248538011695905,0.1697280021759826,0.1873944051538566,0.2062060466781572,0.26708576998050687,0.14033863729090168,0.34511205979886483,0.20617003472135487,0.43957115009746595,0.3100666394668843,0.5325064649527215,0.4123760813995121,0.16107320070255576,0.5256442601520412
2022021204,2023-04-01,2022-2023,NSH,STL,6,1,7,5,1,1.0,0.0,1.0,0,1,-1.0,2.0,-3.0,4.0,6.0,1.9,4.5,-2.6,3.0,3.7,-0.7000000000000002,4.9,8.2,23.7,27.0,33.1,31.7,0.08456602254428339,0.17116246876274355,0.9103728323992669,0.8833611507216821,0.1,0.7,0.7,1.3,24.7,20.0,9.2,11.9,14.6,14.5,6.5,7.1,8.7,7.9,2.0,4.0,6.0,5.0,1.9692073983655907,1.433720877840438,2.260776661041756,2.406010991015812,-0.5666666666666667,1.166666666666667,-1.0,1.2999999999999998,0.06685906685906685,0.1202668643439585,0.08499002249002248,0.11139605843460552,0.27015392015392015,0.27563462647228404,0.1899622024622025,0.2823122627310915,0.337012987012987,0.39590149081624243,0.27495222495222493,0.39370832116569693,-0.6922731172731174,-0.33924568142507355
2022021207,2023-04-01,2022-2023,MTL,CAR,0,3,3,-3,0,1.0,1.0,0.0,0,0,-2.0,-3.0,1.0,4.0,4.0,3.8,2.6,1.1999999999999997,4.2,3.1,1.1,8.0,5.7,26.5,32.3,32.3,27.5,0.149942977602151,0.08363973334561567,0.8706464812339781,0.8792010810847085,0.7,0.2,1.0,0.4,22.9,14.9,11.4,5.5,16.7,10.3,7.4,7.7,11.2,7.8,2.0,2.0,4.0,5.0,1.9888578520235067,1.9550504398153565,2.440400695696417,0.8755950357709129,-1.4666666666666663,-0.9333333333333333,-1.2000000000000002,-0.10000000000000009,0.14516129032258066,0.1804896288641944,0.12999260257324774,0.1493701579803964,0.22204301075268815,0.31287932790692957,0.2142702086250473,0.257632642721596,0.3672043010752688,0.49336895677112397,0.34426281119829505,0.40700280070199235,-0.7686857678793164,0.6856442650863129
2022021210,2023-04-01,2022-2023,OTT,TOR,0,3,3,-3,0,1.0,2.0,-1.0,0,0,2.0,-1.0,3.0,4.0,5.0,3.5,3.6,-0.10000000000000009,3.4,3.2,0.19999999999999973,6.9,6.8,34.9,30.9,32.2,31.4,0.10346942861928063,0.11958867154260551,0.8724323681124246,0.8934968451276767,1.1,0.7,0.9,0.8,27.0,20.7,10.4,7.9,18.9,14.3,7.1,6.3,10.7,12.0,3.0,3.0,5.0,5.0,1.9002923751652288,1.8973665961010275,1.5055453054181611,1.475729574745244,0.833333333333333,-0.9333333333333336,-0.06666666666666643,-0.20000000000000018,0.18263666288921265,0.047209751480500876,0.1663372278920742,0.14606998550345876,0.280960552587556,0.25192177327552023,0.2931056227286482,0.30363274424470255,0.4635972154767687,0.2991315247560211,0.45944285062072243,0.44970272974816133,-0.3913660690653683,1.0214254310734039
2022021208,2023-04-01,2022-2023,CBJ,FLA,0,7,7,-7,0,1.0,1.0,0.0,0,0,-3.0,2.0,-5.0,3.0,5.0,3.2,4.0,-0.7999999999999998,5.0,3.6,1.4,8.2,7.6,34.1,36.2,34.1,29.1,0.09156646254472336,0.1137678464611626,0.8524306657258366,0.8691312954356432,0.8,1.0,0.7,0.8,21.0,25.6,6.3,6.3,15.4,10.7,5.7,6.0,6.8,6.8,1.0,3.0,2.0,5.0,2.14993539954628,2.0548046676563247,1.6996731711975932,1.4298407059684803,-1.5333333333333334,-0.6666666666666665,0.0,-0.9333333333333336,0.27314814814814814,0.08891547049441788,0.17717668187732513,0.1523442323117882,0.36904761904761907,0.16507177033492823,0.286817778406101,0.23791748986413727,0.6421957671957672,0.25398724082934604,0.4639944602834262,0.3902617221759255,-2.143168359212397,0.32002281544458905
2022021203,2023-04-01,2022-2023,ARI,DAL,2,5,7,-3,0,3.0,2.0,1.0,0,0,-5.0,1.0,-6.0,4.0,6.0,3.0,4.0,-1.0,3.1,3.3,-0.19999999999999973,6.1,7.3,24.4,30.6,33.5,28.5,0.12655502042714317,0.12521502610234134,0.9048968746716,0.8782321294213162,0.5,0.8,0.9,0.3,27.5,18.1,11.1,5.5,17.2,11.3,5.6,8.0,8.7,10.1,4.0,5.0,6.0,3.0,1.3333333333333328,2.666666666666667,0.9944289260117544,1.4181364924121758,-0.3333333333333335,-1.3333333333333335,0.5666666666666664,-1.2999999999999998,0.12282828282828284,0.2522522522522523,0.13824446370699298,0.20170600464718114,0.1255687307861221,0.4774774774774775,0.19300489622834602,0.3813970078675961,0.24839701361440492,0.7297297297297298,0.33124935993533894,0.5831030125147773,-0.5063248049171072,0.9075272104683869
2022021215,2023-04-02,2022-2023,VGK,MIN,4,1,5,3,1,1.0,2.0,-1.0,0,0,-2.0,3.0,-5.0,7.0,7.0,4.1,4.2,-0.10000000000000053,3.3,2.8,0.5,7.4,7.0,28.9,29.6,33.4,35.4,0.14122150101487477,0.14517116279214687,0.8974963284253346,0.9143033335009039,0.6,0.6,0.8,1.0,17.4,22.2,4.3,11.8,18.6,14.3,6.9,5.1,7.0,6.0,1.0,4.0,3.0,4.0,1.370320319406297,1.7511900715418274,2.0027758514399743,1.619327706865483,-0.4333333333333331,-0.20000000000000018,1.3666666666666671,-1.4666666666666666,0.11275613275613276,0.08580144626656255,0.15251333207854947,0.14928001220033604,0.34329004329004326,0.18006590099613354,0.35261120521990086,0.27961684237293644,0.45604617604617603,0.26586734726269606,0.5051245372984503,0.42889685457327253,0.6056465273856578,0.22861203486484988
2022021222,2023-04-02,2022-2023,TOR,DET,2,5,7,-3,0,0.0,0.0,0.0,1,1,1.0,-1.0,2.0,5.0,4.0,3.2,2.6,0.6000000000000001,2.8,3.5,-0.7000000000000002,6.0,6.1,29.1,27.0,31.9,26.3,0.11616761891102659,0.10172844667165151,0.908881460512292,0.8628667521883415,0.5,0.8,0.7,0.4,21.5,17.9,6.7,7.9,15.5,15.4,5.7,8.5,10.9,7.2,1.0,1.0,4.0,6.0,1.475729574745244,2.0655911179772883,1.7511900715418263,1.5092308563562356,-0.5333333333333337,1.4,-1.133333333333333,0.5,0.02844551282051282,0.24124860646599777,0.1349786855868141,0.1974064374799219,0.2059294871794872,0.27305834262356,0.2781758128378797,0.29230593398995114,0.234375,0.5143069490895578,0.4131544984246938,0.489712371469873,0.7916008776705794,-1.0406642876330567
2022021218,2023-04-02,2022-2023,STL,BOS,3,4,7,-1,0,0.0,0.0,0.0,1,1,-1.0,2.0,-3.0,6.0,9.0,4.3,3.3,1.0,3.9,1.4,2.5,8.2,4.7,25.9,31.7,32.2,30.1,0.166617014217289,0.11285485139160356,0.8795516269121582,0.9519543295998844,0.6,0.8,1.5,0.3,19.5,24.8,12.5,13.2,14.8,13.6,6.7,7.8,8.0,9.2,2.0,5.0,4.0,5.0,1.7669811040931431,1.7669811040931427,2.5144029554194818,1.0749676997731406,-0.2999999999999998,-0.9666666666666663,0.766666666666667,0.26666666666666683,0.13112642717905879,0.1893069166677398,0.14981642904575235,0.13825334171933998,0.3082010582010582,0.48427834940912345,0.30793979760145174,0.4218990417783061,0.43932748538011696,0.6735852660768634,0.4577562266472041,0.5601523834976461,-0.6689544373754901,2.495555483319151
2022021214,2023-04-02,2022-2023,SEA,LAK,1,3,4,-2,0,1.0,1.0,0.0,0,0,1.0,-2.0,3.0,4.0,6.0,3.3,3.7,-0.40000000000000036,3.4,2.1,1.2999999999999998,6.7,5.8,33.0,34.6,25.1,27.0,0.09907515250257184,0.10937423273908256,0.862311083210517,0.9138737060060589,0.3,0.9,0.6,0.8,20.5,18.9,7.9,7.1,14.2,15.4,8.8,6.2,6.2,7.5,1.0,1.0,5.0,7.0,1.8885620632287057,2.6687491868330797,1.9550504398153574,1.4491376746189408,0.7000000000000002,-1.0333333333333337,-0.7333333333333334,1.2333333333333334,0.1998109998109998,0.1623442797636346,0.16317348062389977,0.25509370850926827,0.38927318927318927,0.4063450547321515,0.35637142290178475,0.4474862528562719,0.589084189084189,0.5686893344957861,0.5195449035256846,0.7025799613655401,0.6149671765292293,0.6023423423423424
2022021221,2023-04-02,2022-2023,PIT,PHI,4,2,6,2,1,0.0,0.0,0.0,1,1,-1.0,-2.0,1.0,3.0,5.0,2.7,3.6,-0.8999999999999999,3.4,3.5,-0.10000000000000009,6.1,7.1,39.2,27.7,28.4,33.6,0.0706670124817965,0.15299215898480603,0.8718334606569901,0.8926871133470788,0.8,0.5,0.9,0.8,23.6,24.9,6.7,12.6,15.8,15.5,10.0,6.7,12.0,6.8,2.0,0.0,5.0,8.0,1.5670212364724228,1.3498971154211064,1.8973665961010275,1.779513042005218,0.2999999999999998,-0.2666666666666666,-0.06666666666666643,0.833333333333333,0.30040855563566454,0.08455944529003889,0.19628440760939578,0.13208079131932757,0.5421773612112473,0.14065544599592641,0.45632764007325816,0.22623274774101612,0.8425859168469119,0.22521489128596536,0.652612047682654,0.35831353906034374,-0.46511561679997643,-0.4911212078623935
2022021211,2023-04-02,2022-2023,CHI,NJD,3,6,9,-3,0,1.0,2.0,-1.0,0,0,-7.0,1.0,-8.0,2.0,4.0,1.9,2.7,-0.8000000000000003,3.3,2.7,0.5999999999999996,5.2,5.4,26.7,34.5,30.9,28.4,0.06946097593243182,0.07851185408162964,0.8877299783549782,0.9045015305857091,0.4,0.4,0.5,0.4,25.6,15.9,5.2,6.1,13.5,14.9,7.7,7.8,9.0,9.9,1.0,2.0,4.0,5.0,1.6633299933166206,1.5670212364724214,1.4944341180973248,1.2516655570345727,0.10000000000000009,-0.03333333333333366,0.3666666666666667,-0.3666666666666667,0.19687374652064518,0.17961190855927697,0.16816223242230147,0.17155198602567023,0.2535320262709015,0.3072833599149389,0.2301806954233725,0.34681628313207263,0.45040577279154664,0.4868952684742158,0.3983429278456739,0.5183682691577428,-1.786214574626883,1.112036910457963
2022021212,2023-04-02,2022-2023,COL,DAL,5,2,7,3,1,2.0,0.0,2.0,0,1,-1.0,2.0,-3.0,8.0,6.0,3.9,3.5,0.3999999999999999,2.2,3.1,-0.8999999999999999,6.1,6.6,32.7,28.8,28.4,27.4,0.12367225478170003,0.12093589509509972,0.9206454415897142,0.8809141217584809,1.2,0.8,0.5,0.4,15.3,16.8,7.5,5.5,13.2,12.0,5.7,7.7,7.3,10.0,2.0,5.0,4.0,3.0,2.078995483935022,1.7159383568311672,1.5491933384829664,1.449137674618943,-0.5666666666666664,-0.16666666666666652,0.1333333333333333,-1.1,0.050740740740740746,0.2577777777777778,0.07469745520574649,0.20337725076855515,0.0637037037037037,0.47111111111111104,0.09782484785368707,0.37613526570048306,0.11444444444444445,0.7288888888888888,0.17252230305943353,0.5795125164690382,-0.456867011863407,0.9477733860342556
2022021223,2023-04-02,2022-2023,WPG,NJD,6,1,7,5,1,0.0,-1.0,1.0,1,0,1.0,2.0,-1.0,5.0,4.0,2.1,3.0,-0.8999999999999999,2.4,2.9,-0.5,4.5,5.9,30.4,34.8,25.2,27.7,0.07658661115760505,0.08540374597352154,0.8992287175739861,0.8910211384288462,0.2,0.4,0.4,0.4,22.8,15.6,7.4,6.3,12.6,13.6,6.7,7.3,7.1,9.5,2.0,2.0,3.0,5.0,1.9119507199599985,1.885618083164127,0.8432740427115676,1.1005049346146123,0.2333333333333334,0.0,0.2666666666666666,-0.5666666666666664,0.19485540135579413,0.18581667346661226,0.21915411817090494,0.17685154767880543,0.3316385906723691,0.31372501019991844,0.31259020812540395,0.3519073783484938,0.5264939920281633,0.4995416836665307,0.531744326296309,0.5287589260272991,-0.42279022507599306,1.2295041665048585
2022021220,2023-04-02,2022-2023,CBJ,OTT,4,3,7,1,1,0.0,0.0,0.0,1,1,-4.0,-1.0,-3.0,3.0,4.0,3.0,3.4,-0.3999999999999999,5.3,3.2,2.0999999999999996,8.3,6.6,32.3,34.9,36.7,30.3,0.08643825741651825,0.10024362216766773,0.8555362557879483,0.8702528809329374,0.7,1.1,0.8,0.8,22.0,28.0,6.5,10.0,15.7,17.4,6.0,6.3,6.9,10.4,1.0,1.0,2.0,6.0,2.357022603955159,2.065591117977288,1.766981104093141,1.398411797560201,-2.0,-0.06666666666666643,-0.6333333333333329,-0.20000000000000018,0.26904965753424653,0.18015908415105564,0.17434944479036943,0.16399501256994567,0.3637271689497717,0.27695179568506956,0.2820521136017711,0.2886353874757086,0.6327768264840182,0.45711087983612514,0.4564015583921405,0.4526304000456543,-2.3239284973017846,-0.4666934735400391
2022021219,2023-04-02,2022-2023,CAR,NYI,2,1,3,1,1,0.0,0.0,0.0,1,1,1.0,-1.0,2.0,5.0,5.0,2.9,3.0,-0.10000000000000009,2.8,2.8,0.0,5.7,5.8,34.1,30.8,26.6,29.3,0.08963973334561567,0.09500285457635728,0.892244559345578,0.9024294960818866,0.3,0.2,0.4,0.6,14.6,25.2,5.5,6.7,9.5,14.8,8.0,6.3,8.1,6.9,2.0,3.0,5.0,4.0,1.728840330651991,2.5385910352879684,1.3165611772087662,1.8135294011647254,-1.2333333333333332,-1.0,-0.7999999999999998,-0.46666666666666634,0.18291644585762235,0.17937438905180839,0.14975574285002166,0.1660029839995884,0.3179597244303127,0.1768956849602011,0.26107793127535267,0.20099170212922338,0.5008761702879351,0.3562700740120095,0.4108336741253744,0.36699468612881175,0.7483281428084007,0.5669768262297974
2022021216,2023-04-02,2022-2023,ARI,SJS,2,7,9,-5,0,0.0,1.0,-1.0,1,0,-6.0,2.0,-8.0,4.0,2.0,3.0,2.7,0.2999999999999998,3.2,3.9,-0.6999999999999997,6.2,6.6,24.2,30.2,32.1,34.0,0.12766613153825426,0.09207482682422759,0.8983817231564484,0.8732294573242848,0.6,0.4,0.9,0.6,28.1,20.5,11.5,7.2,16.2,14.7,6.3,10.0,9.2,9.8,4.0,0.0,7.0,6.0,1.3333333333333328,1.3374935098492589,1.0327955589886455,1.9692073983655904,0.0,0.6333333333333333,0.7999999999999998,-1.5666666666666664,0.12066276803118908,0.21783783783783783,0.07441740552097088,0.20912820354601178,0.13238652186020608,0.5432432432432432,0.09759111039246864,0.418875065792874,0.25304928989139513,0.761081081081081,0.1720085159134395,0.6280032693388858,-0.9683210714959442,-1.4571481122850987
2022021213,2023-04-02,2022-2023,EDM,ANA,6,0,6,6,1,1.0,1.0,0.0,0,0,3.0,-6.0,9.0,8.0,2.0,4.6,2.6,1.9999999999999996,3.3,4.0,-0.7000000000000002,7.9,6.6,33.0,24.8,31.3,38.2,0.14610083650781042,0.1000940551535517,0.8875370241179065,0.8940589247627193,1.2,0.4,0.6,0.9,25.7,10.3,7.7,5.9,11.1,14.9,9.2,4.5,9.9,8.1,5.0,1.0,6.0,8.0,1.505545305418165,1.8973665961010278,1.7029386365926393,1.6996731711975954,0.06666666666666732,-0.9333333333333333,-0.6333333333333333,0.666666666666667,0.25396825396825395,0.10738793091734268,0.28127396115860426,0.11893206069676658,0.24828042328042324,0.25067941244411834,0.38916063942199486,0.2753397062220592,0.5022486772486773,0.358067343361461,0.6704346005805992,0.39427176691882576,0.44156252503404625,-1.3528298304768893
2022021217,2023-04-02,2022-2023,WSH,NYR,2,5,7,-3,0,2.0,1.0,1.0,0,0,-3.0,-2.0,-1.0,3.0,7.0,3.4,3.9,-0.5,3.5,1.9,1.6,6.9,5.8,32.3,31.2,31.0,31.6,0.10620831175859632,0.126108390765886,0.8951193602055671,0.9422816012260984,0.8,0.5,0.4,0.2,23.4,19.2,9.5,5.0,14.9,17.1,7.6,10.1,11.1,10.8,2.0,2.0,5.0,6.0,1.8378731669453632,2.078995483935024,1.957890020745122,1.1972189997378666,-1.7333333333333332,-0.8999999999999999,-0.5,0.43333333333333357,0.34884135472370764,0.3367902915252528,0.23887152781123155,0.3197109352363106,0.4010270774976657,0.3897602188251384,0.3016561750635696,0.41417835502660433,0.7498684322213734,0.7265505103503912,0.5405277028748012,0.7338892902629149,-0.6019888550020069,0.12872811371291043
2022021225,2023-04-03,2022-2023,VAN,LAK,1,4,5,-3,0,1.0,0.0,1.0,0,1,-2.0,1.0,-3.0,6.0,6.0,3.7,3.5,0.20000000000000018,2.8,2.0,0.7999999999999998,6.5,5.5,27.4,33.4,28.7,26.6,0.1506057103243261,0.10903467416522857,0.9037370679113609,0.9166942188265719,0.8,0.9,0.5,0.8,23.3,17.7,6.9,6.9,14.5,15.5,6.5,6.1,5.9,7.0,2.0,1.0,4.0,7.0,1.6363916944844779,2.63523138347365,1.6865480854231343,1.4907119849998567,0.6333333333333329,-2.166666666666667,1.5333333333333332,-0.33333333333333326,0.22228198805051225,0.16017265385686438,0.18453503331390772,0.25484540772902525,0.32110800328804007,0.4008354218880535,0.27731942924854486,0.3934928283149188,0.5433899913385523,0.561008075744918,0.46185446256245255,0.6483382360439439,-0.8236255676350377,0.5239634297010131
2022021224,2023-04-03,2022-2023,CGY,ANA,5,4,9,1,1,1.0,0.0,1.0,0,1,3.0,-7.0,10.0,6.0,1.0,4.1,2.3,1.7999999999999998,3.3,4.5,-1.2000000000000002,7.4,6.8,36.0,26.6,27.6,39.0,0.11837466880855092,0.08342738848688502,0.879575411784028,0.8834282941320885,0.8,0.4,0.4,0.9,26.5,11.2,6.9,6.3,13.0,13.7,6.4,4.1,6.4,8.4,3.0,0.0,5.0,8.0,1.7288403306519902,2.057506581601462,2.3118054512532935,1.433720877840439,-0.09999999999999964,-1.6333333333333333,-0.6333333333333333,0.16666666666666696,0.14220410180380527,0.10543478260869565,0.21202501047474778,0.09647920447514857,0.25370644922164565,0.24623188405797103,0.2875130262889311,0.22941886711578893,0.395910551025451,0.3516666666666666,0.49953803676367897,0.3258980715909374,0.03328552551003966,-1.4405572413628323
2022021230,2023-04-04,2022-2023,TOR,CBJ,4,2,6,2,1,1.0,1.0,0.0,0,0,-1.0,1.0,-2.0,5.0,3.0,3.1,2.8,0.30000000000000027,2.8,5.1,-2.3,5.9,7.9,30.8,29.7,31.3,36.2,0.10989777764118532,0.09212007559833643,0.905283259612742,0.8600501446768373,0.7,0.7,0.6,0.7,21.5,22.9,7.5,6.3,15.0,15.1,5.5,5.8,10.6,5.8,1.0,1.0,4.0,3.0,1.523883926754995,2.14993539954628,1.7511900715418263,1.9119507199599965,-0.7666666666666666,-1.133333333333333,-0.46666666666666634,-1.0999999999999996,0.17726330103688595,0.2702009702009702,0.1501409859408219,0.17724333217290966,0.35038359113830814,0.3675675675675676,0.35245384022250303,0.31550282677043245,0.5276468921751941,0.6377685377685377,0.502594826163325,0.492746158943342,0.7131954267639257,-2.201073337693056
2022021232,2023-04-04,2022-2023,CAR,OTT,3,2,5,1,1,1.0,1.0,0.0,0,0,2.0,-2.0,4.0,5.0,4.0,2.6,3.4,-0.7999999999999998,2.6,3.1,-0.5,5.2,6.5,35.1,34.4,26.4,29.3,0.07535401905990137,0.10197973327877885,0.9001991048001233,0.8676960627511192,0.3,1.0,0.4,0.8,13.8,28.1,5.2,9.8,9.8,16.9,7.0,5.8,8.0,9.8,2.0,1.0,5.0,6.0,1.5776212754932297,2.065591117977288,1.4298407059684806,1.2866839377079176,-0.2666666666666666,-0.7333333333333334,-1.2666666666666668,0.5666666666666664,0.18043732519705058,0.17774812706319554,0.14771123557650626,0.16388361280585292,0.3136791253496059,0.2730573840162881,0.25981806231798393,0.28430371110669256,0.4941164505466565,0.4508055110794837,0.4075292978944902,0.44818732391254557,0.7517843378628306,-0.39748335199584195
2022021227,2023-04-04,2022-2023,DAL,NSH,5,1,6,4,1,1.0,2.0,-1.0,0,0,-1.0,1.0,-2.0,5.0,4.0,3.3,2.3,1.0,3.1,3.0,0.10000000000000009,6.4,5.3,29.1,25.6,27.3,32.4,0.11207875223795687,0.08920887968714053,0.8805915411133197,0.9092756537158815,1.0,0.3,0.4,0.6,18.7,24.7,5.1,9.4,12.0,14.5,7.9,7.4,9.8,7.2,1.0,2.0,3.0,6.0,1.7669811040931436,2.359378449224852,1.449137674618943,2.260776661041756,0.3666666666666667,0.3666666666666667,-1.1,-1.6666666666666667,0.2587719298245614,0.06597222222222222,0.2051948902106011,0.08569928940568476,0.46491228070175444,0.27014652014652013,0.37350465716530135,0.1889233892722265,0.7236842105263158,0.3361187423687424,0.5786995473759023,0.27462267867791124,0.7711592413870496,-0.6117735752619473
2022021229,2023-04-04,2022-2023,FLA,BUF,2,1,3,1,1,2.0,2.0,0.0,0,0,3.0,2.0,1.0,6.0,5.0,4.3,3.2,1.0999999999999996,3.1,3.7,-0.6000000000000001,7.4,6.9,36.3,30.8,28.5,31.3,0.11972022741354356,0.10709764413280873,0.8876498139541618,0.8718013460444617,0.8,0.6,0.6,0.5,23.7,14.7,6.3,6.8,10.5,12.7,5.1,7.8,6.2,7.8,2.0,3.0,4.0,5.0,2.263232692902393,1.6865480854231345,1.7288403306519917,2.002775851439973,0.7000000000000002,0.7999999999999998,-1.7666666666666668,-1.0333333333333337,0.09258900303676422,0.24779523681618768,0.1631429288931253,0.24379057785329206,0.1676681527427796,0.2906780672695258,0.2679418683739187,0.2954596427105958,0.26025715577954384,0.5384733040857134,0.43108479726704396,0.5392502205638879,0.7376448290038236,-0.07436752214314846
2022021226,2023-04-04,2022-2023,MIN,VGK,3,4,7,-1,0,1.0,1.0,0.0,0,0,-1.0,1.0,-2.0,6.0,7.0,3.8,4.1,-0.2999999999999998,2.9,3.4,-0.5,6.7,7.5,29.7,30.8,35.9,33.1,0.1312631168151354,0.13385715992960345,0.9125658817634521,0.8941629950920011,0.4,0.6,0.8,0.8,23.0,18.2,11.6,4.7,13.8,18.8,4.9,7.3,5.4,7.0,3.0,5.0,4.0,4.0,1.9888578520235072,1.370320319406297,1.5951314818673867,1.837873166945364,-0.46666666666666634,-0.4333333333333331,-0.8999999999999999,0.6000000000000001,0.1404311774461028,0.11118333462413654,0.14451427395014543,0.14404195970972908,0.25366500829187394,0.3433425902363645,0.28279057453608425,0.34601340038134015,0.3940961857379768,0.4545259248605011,0.4273048484862297,0.49005536009106926,0.30165443966607647,0.77730110259181
2022021231,2023-04-04,2022-2023,MTL,DET,0,5,5,-5,0,2.0,1.0,1.0,0,0,-3.0,1.0,-4.0,4.0,4.0,3.4,2.6,0.7999999999999998,3.7,3.4,0.30000000000000027,7.1,6.0,26.0,26.8,34.0,27.5,0.12889034602320365,0.10333101077421562,0.8888889054764025,0.8675132168348061,0.6,0.6,0.8,0.6,22.2,19.0,9.3,7.5,16.4,14.4,7.5,8.3,11.9,6.5,2.0,2.0,4.0,5.0,2.3190036174568114,2.0655911179772883,2.0575065816014626,1.5776212754932302,-2.0666666666666664,0.7333333333333334,-0.7000000000000002,-0.06666666666666643,0.14169973544973544,0.23057644110275688,0.12535386026435597,0.19335839598997495,0.21710059362498388,0.2696741854636591,0.2513090833136285,0.29306808688387637,0.3588003290747193,0.5002506265664161,0.37666294357798447,0.4864264828738514,-0.8173461755163102,-0.8016332497911445
2022021233,2023-04-04,2022-2023,NJD,PIT,5,1,6,4,1,1.0,1.0,0.0,0,0,-1.0,1.0,-2.0,4.0,4.0,3.0,2.7,0.2999999999999998,3.1,3.1,0.0,6.1,5.8,35.7,38.0,27.4,29.6,0.08418091988656502,0.07426791270685278,0.8821322495399574,0.8895823784059079,0.5,0.7,0.5,0.9,15.2,24.0,6.5,9.5,12.6,16.5,7.1,9.8,9.3,11.7,2.0,1.0,4.0,5.0,1.885618083164127,1.5670212364724228,1.4491376746189442,1.8529256146249728,0.0,0.2999999999999998,0.2333333333333334,-1.1,0.18047138047138048,0.2964782964782965,0.1725052245067071,0.1935331903552242,0.31707551707551707,0.5524160524160524,0.35207537979962006,0.46572578246307056,0.4975468975468975,0.8488943488943489,0.524580604306327,0.6592589728182948,1.073346244398876,-0.4039024992414823
2022021228,2023-04-04,2022-2023,SEA,ARI,8,1,9,7,1,1.0,1.0,0.0,0,0,-1.0,-7.0,6.0,4.0,3.0,3.0,2.7,0.2999999999999998,3.1,3.5,-0.3999999999999999,6.1,6.2,32.3,25.0,23.8,31.8,0.09080009422751356,0.11237861400669746,0.8673290043574703,0.8875657838775111,0.4,0.6,0.6,1.2,20.4,27.8,7.3,10.1,13.2,14.4,8.9,6.2,6.1,9.1,1.0,0.0,5.0,7.0,1.9999999999999993,1.1595018087284052,1.911950719959998,1.58113883008419,-1.0,-0.03333333333333366,-0.43333333333333357,1.833333333333333,0.1969214533393638,0.11857707509881422,0.160849880529424,0.07313852198762684,0.38372078998944675,0.1376281403838048,0.35138079775042025,0.09962639512187439,0.5806422433288105,0.25620521548261904,0.5122306782798443,0.17276491710950123,0.5205037322420992,-0.9908115150901795
2022021238,2023-04-05,2022-2023,VAN,SEA,2,5,7,-3,0,1.0,0.0,1.0,0,1,-3.0,1.0,-4.0,5.0,5.0,3.3,3.5,-0.20000000000000018,2.9,2.8,0.10000000000000009,6.2,6.3,28.0,32.4,28.4,23.4,0.1282899208506419,0.10612267487267486,0.8986444753187683,0.8785670995955656,0.7,0.5,0.5,0.6,23.7,19.9,6.5,10.2,14.7,12.9,6.5,8.6,5.4,6.0,1.0,3.0,4.0,5.0,1.7669811040931436,2.5495097567963927,1.6633299933166186,1.9888578520235063,0.03333333333333366,0.833333333333333,1.766666666666667,-1.4666666666666666,0.21685185185185185,0.1985005313987339,0.18314325578024207,0.16078471777157644,0.3338888888888889,0.38812901437087016,0.28197904275865593,0.3558455903280742,0.5507407407407408,0.586629545769604,0.465122298538898,0.5166303080996507,-0.8143205044574907,0.5989614988725775
2022021234,2023-04-05,2022-2023,STL,PHI,4,2,6,2,1,2.0,2.0,0.0,0,0,-2.0,-3.0,1.0,6.0,5.0,4.1,3.7,0.39999999999999947,3.4,3.4,0.0,7.5,7.1,26.1,27.8,31.8,33.5,0.1606228621705054,0.1559277650454121,0.8927313504144625,0.8955903391535305,0.3,0.5,1.4,0.8,19.1,24.9,11.7,13.0,15.1,14.4,8.0,7.0,7.7,7.2,2.0,0.0,4.0,8.0,1.791957340762082,1.1595018087284068,2.065591117977289,1.7763883459298964,-1.0999999999999996,-0.7000000000000002,0.6000000000000001,1.266666666666667,0.12928127708228646,0.1631886431886432,0.1475987914992962,0.13974634952878304,0.31687874730412585,0.2900573300573301,0.3149617401744294,0.25558205685723817,0.44616002438641233,0.4532459732459732,0.46256053167372563,0.3953284063860212,-0.5903972259415663,-0.5168555219199861
2022021239,2023-04-05,2022-2023,SJS,COL,3,4,7,-1,0,2.0,2.0,0.0,0,0,3.0,1.0,2.0,3.0,8.0,3.2,3.6,-0.3999999999999999,3.7,2.0,1.7000000000000002,6.9,5.6,29.9,32.6,34.1,29.3,0.10877311904434143,0.11505483053927579,0.8801111777543925,0.9345552160258043,0.7,1.0,0.6,0.6,21.8,17.6,6.8,7.2,15.6,13.2,9.1,6.3,10.3,7.0,2.0,5.0,6.0,5.0,1.8737959096740262,1.5776212754932297,2.0575065816014617,1.4142135623730945,1.4666666666666668,0.3999999999999999,-2.033333333333333,0.0,0.21935672514619883,0.0500480653689017,0.1927992687212099,0.0779695856300038,0.5580116959064327,0.10907834655130977,0.46496684710155883,0.11580073453721614,0.7773684210526316,0.15912641192021149,0.6577661158227687,0.19377032016721996,-1.3872869191729433,-0.23506780815720976
2022021237,2023-04-05,2022-2023,LAK,EDM,1,3,4,-2,0,1.0,2.0,-1.0,0,0,2.0,4.0,-2.0,7.0,9.0,3.8,4.8,-1.0,2.0,2.7,-0.7000000000000002,5.8,7.5,33.2,34.9,26.1,31.2,0.12133097046152486,0.14404955445652837,0.9160275521599053,0.9037532403341226,1.0,1.2,0.7,0.4,18.4,25.0,7.1,6.5,15.4,10.8,6.2,9.7,6.5,10.2,5.0,3.0,6.0,7.0,2.4855135843076335,1.5491933384829701,1.4907119849998567,1.7029386365926393,-1.4666666666666663,0.20000000000000018,-0.6666666666666667,-1.366666666666667,0.22556390977443608,0.24847792998477933,0.2562098371210704,0.27873761949104414,0.5087719298245613,0.2617960426179604,0.4034647054089316,0.3968392872502462,0.7343358395989975,0.5102739726027398,0.659674542530002,0.6755769067412903,0.5451049888402599,0.6018252285375574
2022021235,2023-04-05,2022-2023,NSH,VGK,3,2,5,1,1,0.0,0.0,0.0,1,1,-1.0,2.0,-3.0,4.0,7.0,2.3,3.9,-1.6,3.3,3.4,-0.10000000000000009,5.6,7.3,24.7,30.3,32.9,33.1,0.09013480561306646,0.12926658921000048,0.8995686940089218,0.8941629950920014,0.3,0.6,0.8,0.8,23.2,18.6,10.2,5.3,14.2,19.1,8.1,6.6,7.4,6.9,2.0,5.0,5.0,4.0,2.359378449224852,1.370320319406297,2.311805451253294,1.837873166945364,0.03333333333333366,-0.5666666666666664,-0.6333333333333333,-0.7333333333333334,0.06510873093151574,0.10965396259513908,0.08421980528909244,0.1420890343130472,0.2659791685108141,0.3384864046628753,0.18585119632754543,0.34788875768932176,0.3310878994423298,0.44814036725801437,0.27007100161663783,0.48997779200236896,-0.6393648989251921,0.8193024407770582
2022021236,2023-04-05,2022-2023,CGY,CHI,3,4,7,-1,0,1.0,2.0,-1.0,0,0,4.0,-8.0,12.0,6.0,2.0,4.1,2.1,1.9999999999999996,3.6,3.6,0.0,7.7,5.7,36.2,26.1,26.7,31.2,0.1177492779392576,0.08276020866900471,0.8646194000538229,0.880465021090021,0.8,0.4,0.4,0.5,25.9,24.7,6.3,4.7,12.7,14.4,5.9,6.9,6.5,9.7,3.0,1.0,5.0,5.0,1.7288403306519902,1.6633299933166206,2.1705094128132942,1.5055453054181605,-0.09999999999999964,0.2333333333333334,-0.6000000000000001,0.733333333333333,0.14401808237424676,0.18849712934819318,0.19590933444225533,0.15781038736635408,0.2533182190716437,0.2806686930091185,0.3082678234026002,0.21391444834553067,0.39733630144589044,0.4691658223573117,0.5041771578448556,0.37172483571188475,0.13188196396327195,-1.8002714489300984
2022021240,2023-04-05,2022-2023,WPG,CGY,1,3,4,-2,0,2.0,-1.0,3.0,0,0,2.0,-1.0,3.0,5.0,6.0,2.4,4.1,-1.6999999999999997,2.3,3.6,-1.3000000000000003,4.7,7.7,30.9,35.3,24.9,26.5,0.08517246974346364,0.11941594460592428,0.9018180032882718,0.8632280957059967,0.2,0.8,0.5,0.4,20.3,23.7,7.4,6.1,13.5,12.6,7.0,6.4,7.4,6.7,3.0,3.0,4.0,6.0,2.2705848487901874,1.7288403306519902,0.9486832980505133,2.1705094128132942,1.6,0.2333333333333334,-0.2999999999999998,0.3999999999999999,0.19667842230291868,0.1482915232915233,0.21846908128132947,0.1986728738777919,0.33678153702327757,0.24841824841824844,0.3177414178622881,0.3044319068909233,0.5334599593261963,0.3967097717097718,0.5362104991436176,0.5031047807687151,-0.3077472084724301,0.055327186474727424
2022021241,2023-04-05,2022-2023,NYR,TBL,6,3,9,3,1,2.0,3.0,-1.0,0,0,1.0,3.0,-2.0,7.0,6.0,3.9,3.3,0.6000000000000001,1.8,2.3,-0.4999999999999998,5.7,5.6,31.0,29.5,31.3,30.5,0.12692538422993827,0.11240115150689407,0.94481616343808,0.9205134970501081,0.5,0.6,0.2,0.5,18.1,24.8,5.9,9.3,16.3,12.8,9.8,10.0,10.6,9.4,4.0,3.0,5.0,4.0,2.078995483935024,1.494434118097326,1.1352924243950955,1.8885620632287057,-1.2333333333333334,1.3666666666666671,0.5333333333333334,-1.9666666666666666,0.3237704018954019,0.17022631298045862,0.28742632648882643,0.18711120717249052,0.40440359190359193,0.27245963601407003,0.38185547560547556,0.3449481415937797,0.7281739937989937,0.44268594899452873,0.6692818020943022,0.5320593487662703,0.5643427518427518,0.2119270311519771
2022021249,2023-04-06,2022-2023,NYI,TBL,6,1,7,5,1,3.0,0.0,3.0,0,1,-2.0,-1.0,-1.0,5.0,5.0,3.0,3.2,-0.20000000000000018,2.5,2.8,-0.2999999999999998,5.5,6.0,31.2,29.6,30.1,31.9,0.09399275356625628,0.10874523752839946,0.9152337288861194,0.9086451069208484,0.2,0.7,0.6,0.7,25.1,25.7,6.3,13.1,15.4,12.0,5.7,9.9,6.4,9.9,2.0,2.0,3.0,4.0,2.5385910352879684,1.475729574745243,1.6499158227686108,2.1499353995462798,-2.3333333333333335,1.1333333333333329,0.16666666666666652,-0.46666666666666634,0.16449106449106451,0.17229917229917233,0.19977995860348804,0.1724190388511074,0.13599363599363598,0.27318627318627325,0.1997604791722439,0.2735654563989937,0.3004847004847005,0.44548544548544555,0.3995404377757319,0.44598449525010114,0.4358438946674241,-0.09222187220963228
2022021243,2023-04-06,2022-2023,NJD,CBJ,8,1,9,7,1,1.0,1.0,0.0,0,0,1.0,-1.0,2.0,5.0,3.0,3.2,2.9,0.30000000000000027,2.9,5.0,-2.1,6.1,7.9,35.9,29.3,27.3,37.5,0.08912300482864996,0.09647904995731078,0.890284423453001,0.8650388068083565,0.5,0.7,0.4,0.7,14.1,23.6,6.5,6.5,12.8,14.9,8.0,6.3,9.5,6.8,3.0,1.0,4.0,3.0,1.9888578520235067,2.078995483935024,1.595131481867387,1.9999999999999984,0.7999999999999998,-0.8999999999999999,0.43333333333333357,-0.666666666666667,0.11965811965811966,0.26626262626262626,0.14667337493424448,0.17695176401698143,0.2509578544061302,0.3624242424242425,0.3392627279433876,0.31078941589811154,0.3706159740642499,0.6286868686868686,0.48593610287763206,0.48774117991509286,1.1360211502640287,-2.1609420289855072
2022021244,2023-04-06,2022-2023,PIT,MIN,4,1,5,3,1,1.0,1.0,0.0,0,0,-1.0,-2.0,1.0,4.0,6.0,2.6,3.7,-1.1,3.3,2.7,0.5999999999999996,5.9,6.4,37.1,29.6,29.9,36.2,0.0723657387938093,0.12858932002369153,0.8848923943041591,0.9227665506597733,0.7,0.5,1.0,0.7,23.8,22.5,9.9,10.2,16.5,15.0,9.3,5.3,10.9,5.6,3.0,3.0,5.0,5.0,1.646545204697131,2.0027758514399743,1.946506842754191,1.418136492412177,0.06666666666666643,-1.0333333333333337,0.3666666666666667,-0.03333333333333366,0.29264957264957264,0.13854489164086686,0.19085919928025194,0.1425077399380805,0.5452991452991452,0.2595459236326109,0.46205578047683304,0.2857206742346061,0.8379487179487178,0.39809081527347784,0.6529149797570849,0.4282284141726866,-0.49937921727395407,0.260092879256966
2022021247,2023-04-06,2022-2023,MTL,WSH,6,2,8,4,1,1.0,3.0,-2.0,0,0,-4.0,-4.0,0.0,3.0,2.0,2.8,3.1,-0.30000000000000027,3.8,3.9,-0.10000000000000009,6.6,7.0,26.2,32.4,31.8,32.6,0.1016176187504764,0.09483265038293497,0.874381707248274,0.880413477852626,0.6,0.8,0.7,0.5,20.0,23.4,9.1,11.8,15.8,14.1,7.4,8.2,12.3,11.1,2.0,0.0,5.0,6.0,2.3475755815545347,1.7919573407620817,2.0976176963403037,1.791957340762082,-2.1333333333333333,-1.7666666666666668,0.20000000000000018,-0.5666666666666664,0.13841540404040406,0.34172091371759966,0.12245270263362369,0.2342852618090285,0.21239177489177488,0.4250917268315777,0.24575954016743493,0.3121669736301194,0.35080717893217894,0.7668126405491774,0.3682122428010586,0.5464522354391479,-0.9251828215644007,-0.6459629996663263
2022021242,2023-04-06,2022-2023,ANA,EDM,1,3,4,-2,0,2.0,0.0,2.0,0,1,-8.0,5.0,-13.0,1.0,9.0,2.3,4.5,-2.2,4.5,2.5,2.0,6.8,7.0,25.1,34.9,39.5,30.1,0.0907983958578924,0.13495864536561927,0.8851220610697579,0.9083663355722178,0.4,1.3,0.9,0.3,11.6,26.6,6.2,6.5,14.4,11.0,4.6,8.8,8.8,9.4,1.0,4.0,7.0,6.0,2.057506581601462,1.5811388300841924,1.433720877840439,1.7795130420052179,-0.6333333333333331,-0.8333333333333335,0.16666666666666696,-2.1666666666666665,0.1708091366627952,0.24324324324324328,0.1441309296893379,0.27623700623700626,0.2631721580373698,0.25675675675675674,0.2667820234251556,0.39299376299376293,0.43398129470016505,0.5,0.41091295311449355,0.6692307692307692,-1.2195127508349588,0.6085516285516286
2022021248,2023-04-06,2022-2023,DET,BUF,6,7,13,-1,0,1.0,1.0,0.0,0,0,2.0,-1.0,3.0,5.0,4.0,3.0,2.9,0.10000000000000009,3.2,3.6,-0.3999999999999999,6.2,6.5,26.0,31.9,28.3,32.1,0.12369225872167044,0.09580454068453288,0.880013216834806,0.8769600762031919,0.6,0.6,0.6,0.6,18.2,14.3,7.5,7.4,13.8,12.7,7.9,6.2,5.9,8.0,2.0,2.0,5.0,5.0,2.1081851067789192,1.7919573407620804,1.8737959096740253,2.065591117977289,1.0,0.43333333333333357,-0.5333333333333337,-1.2666666666666666,0.22982338475296224,0.24436556866574732,0.19195049111679388,0.2402609857626993,0.2665935003963173,0.28664370147395757,0.2961981662538646,0.2911776348416654,0.49641688514927945,0.5310092701397049,0.4881486573706584,0.5314386206043648,-0.6722666799776175,-0.10097019061531103
2022021246,2023-04-06,2022-2023,BOS,TOR,2,1,3,1,1,3.0,1.0,2.0,0,0,3.0,1.0,2.0,9.0,6.0,3.3,3.4,-0.10000000000000009,1.7,2.9,-1.2,5.0,6.3,32.4,34.0,30.3,31.0,0.11003227074644226,0.11234222208562976,0.9440595927577791,0.9010392277825032,0.9,0.7,0.3,0.5,24.3,22.1,13.4,7.1,13.6,14.6,8.8,5.4,8.6,10.9,4.0,4.0,5.0,4.0,1.7669811040931427,1.3498971154211057,1.0593499054713809,1.66332999331662,-0.2999999999999998,-0.3999999999999999,0.6333333333333335,-0.8999999999999999,0.25191890182402515,0.045508072174738845,0.18584401079657245,0.19244388571142956,0.491080739183206,0.24909781576448245,0.4496384936897271,0.29295429635341913,0.7429996410072311,0.29460588793922127,0.6354825044862996,0.4853981820648487,2.563206187285884,0.2583658398132082
2022021245,2023-04-06,2022-2023,FLA,OTT,7,2,9,5,1,1.0,1.0,0.0,0,0,4.0,-3.0,7.0,6.0,4.0,3.6,3.2,0.3999999999999999,2.7,2.9,-0.19999999999999973,6.3,6.1,35.7,33.6,29.5,30.0,0.1038472115405277,0.09801147931052487,0.9018164806208284,0.8762546213096778,0.8,0.9,0.6,0.8,24.1,27.4,7.1,9.8,11.7,17.0,5.0,5.8,6.6,8.7,2.0,1.0,4.0,5.0,1.6465452046971283,2.097617696340302,1.70293863659264,1.10050493461461,1.0666666666666669,-1.5333333333333334,-1.7000000000000002,0.43333333333333357,0.09125188536953242,0.17967463049430263,0.16040047370929722,0.1637801852426529,0.16528406234288587,0.26927242501012993,0.26049376277317454,0.2843775530358792,0.2565359477124183,0.4489470555044326,0.42089423648247176,0.44815773827853206,0.7209509118332649,-0.3989556856252283
2022021252,2023-04-07,2022-2023,DAL,PHI,4,1,5,3,1,2.0,1.0,1.0,0,0,1.0,-4.0,5.0,5.0,5.0,3.3,3.6,-0.30000000000000027,3.0,3.3,-0.2999999999999998,6.3,6.9,28.5,28.2,27.2,33.4,0.1156845214687261,0.15181011798658856,0.8840306945524731,0.8984129197986919,0.9,0.5,0.4,0.6,20.0,25.1,5.3,13.0,12.2,15.0,7.0,7.8,10.7,6.9,2.0,0.0,4.0,7.0,1.7669811040931436,1.2649110640673524,1.5634719199411424,1.766981104093142,0.7000000000000002,-1.2666666666666666,-1.0,0.7000000000000002,0.25974025974025977,0.16670426065162905,0.20696236240975263,0.14070340655737665,0.4718614718614718,0.28575187969924815,0.37498117044513063,0.2564248669780628,0.7316017316017316,0.45245614035087717,0.5819435328548833,0.3971282735354394,0.7997503739011609,-0.5407442646424183
2022021250,2023-04-07,2022-2023,NSH,CAR,3,0,3,3,1,1.0,2.0,-1.0,0,0,1.0,3.0,-2.0,5.0,6.0,2.4,2.7,-0.30000000000000027,3.2,2.3,0.9000000000000004,5.6,5.0,25.4,35.4,32.7,26.8,0.09124591672417756,0.07757977422683301,0.9021422234206865,0.9138895809905996,0.5,0.4,0.8,0.4,23.7,13.1,8.3,5.8,14.6,10.1,7.8,7.5,7.3,8.1,3.0,3.0,5.0,6.0,2.3664319132398464,1.56702123647242,2.3475755815545347,1.159501808728405,0.9333333333333336,-0.03333333333333366,-0.5333333333333337,-1.2999999999999998,0.1013047138047138,0.15897698792435633,0.09795073753407087,0.16376698297750927,0.27386363636363636,0.2805080884028252,0.19288820747154078,0.2715295302137407,0.3751683501683502,0.43948507632718153,0.29083894500561164,0.43529651319125,-0.599537037037037,0.8547713263502736
2022021253,2023-04-07,2022-2023,SEA,ARI,4,2,6,2,1,1.0,2.0,-1.0,0,0,2.0,-8.0,10.0,6.0,2.0,3.8,2.4,1.4,2.5,4.0,-1.5,6.3,6.4,32.4,24.6,22.0,30.5,0.11683696058696055,0.10114051876860224,0.8830809884844545,0.8692324505441776,0.6,0.6,0.3,1.4,20.8,25.4,10.9,14.6,12.7,14.0,8.0,6.4,5.4,8.2,2.0,0.0,4.0,6.0,2.529822128134704,1.1737877907772667,1.840893502864543,2.1081851067789197,0.8666666666666671,-0.7333333333333332,-0.8333333333333333,2.333333333333333,0.20494680085472927,0.11656664848154209,0.16536927648113542,0.07190511911256592,0.3870703749220373,0.1355322179790265,0.3531615260347256,0.0980145064254107,0.5920171757767666,0.25209886646056856,0.5185308025158611,0.1699196255379766,0.6172167514811209,-1.1669763820694672
2022021256,2023-04-07,2022-2023,SJS,COL,2,6,8,-4,0,1.0,1.0,0.0,0,0,-1.0,2.0,-3.0,3.0,8.0,3.3,3.9,-0.6000000000000001,3.7,2.2,1.5,7.0,6.1,29.3,33.9,35.5,30.6,0.11304513299377475,0.12113036420101635,0.8848730825162973,0.930433352226521,0.6,0.9,0.4,0.7,23.5,16.6,6.6,6.8,16.6,13.4,9.1,6.5,10.0,6.9,2.0,5.0,6.0,5.0,1.828782229912694,1.2866839377079167,2.0575065816014617,1.3984117975602017,1.3666666666666671,-0.2333333333333334,-0.7000000000000002,0.46666666666666634,0.21650717703349284,0.053703053703053706,0.1951791334646794,0.07905238155238155,0.5637388926862611,0.10745023902918639,0.4652365821356395,0.11398152977100345,0.7802460697197539,0.16115329273224008,0.6604157156003189,0.193033911323385,-1.406168766832553,-0.2590977751504067
2022021251,2023-04-07,2022-2023,STL,NYR,3,2,5,1,1,1.0,1.0,0.0,0,0,1.0,2.0,-1.0,6.0,7.0,4.0,4.1,-0.09999999999999964,3.4,1.9,1.5,7.4,6.0,27.1,31.2,31.8,31.2,0.15039558944323267,0.13171302901758306,0.8927313504144625,0.9413887440832411,0.3,0.7,1.3,0.3,18.6,18.3,11.5,8.7,13.8,16.2,8.0,9.6,7.6,8.6,3.0,3.0,5.0,5.0,1.7638342073763942,2.1832697191750423,2.065591117977289,1.1972189997378666,-1.3333333333333335,0.2333333333333334,0.2666666666666666,0.7666666666666666,0.1332353573732884,0.3282051282051282,0.15715964508239252,0.28803418803418807,0.32130140750830405,0.4039316239316239,0.34800975811295337,0.38999999999999996,0.4545367648815925,0.7321367521367521,0.505169403195346,0.678034188034188,-0.9734410055118028,0.5548717948717948
2022021254,2023-04-07,2022-2023,VAN,CHI,3,0,3,3,1,1.0,1.0,0.0,0,0,-4.0,1.0,-5.0,5.0,2.0,3.3,1.9,1.4,3.0,3.6,-0.6000000000000001,6.3,5.5,26.7,25.5,28.4,30.6,0.1329494190585272,0.07946185784441702,0.8949407716150646,0.8792745448995449,0.7,0.3,0.4,0.5,26.1,24.0,7.2,4.5,14.2,15.7,6.7,6.9,5.6,8.8,1.0,2.0,5.0,4.0,1.7669811040931436,1.197218999737866,1.6996731711975936,1.5055453054181605,-0.9666666666666663,1.4333333333333336,1.0,0.3999999999999999,0.21175919250180245,0.19578431372549018,0.17946911094253928,0.17564428273265156,0.3279668348954578,0.257516339869281,0.2795906829538822,0.23340069653677686,0.5397260273972603,0.4533006535947713,0.45905979389642143,0.40904497926942857,-0.839331866546877,-1.7583648660801972
2022021255,2023-04-07,2022-2023,VGK,LAK,5,2,7,3,1,1.0,1.0,0.0,0,0,-1.0,-1.0,0.0,6.0,6.0,3.6,3.4,0.20000000000000018,3.4,2.0,1.4,7.0,5.4,30.2,31.6,32.8,26.5,0.12036507405848532,0.11257936170991611,0.8930518839808901,0.9169204093027623,0.4,0.8,1.0,0.9,19.3,19.3,5.7,7.3,18.8,15.2,6.3,6.3,7.1,7.2,2.0,2.0,4.0,6.0,1.4298407059684806,2.590581230363393,1.837873166945364,1.4907119849998567,-0.6000000000000001,-0.7333333333333334,-1.0666666666666664,-0.6666666666666667,0.11782807226523724,0.22266622266622269,0.14501937223795472,0.255137735395592,0.3380395330961144,0.5022200022200022,0.3453306928589835,0.3981602156461141,0.4558676053613517,0.7248862248862249,0.4903500650969382,0.6532979510417061,0.8227410303050564,0.5123132977685757
2022021261,2023-04-08,2022-2023,WSH,FLA,2,4,6,-2,0,1.0,1.0,0.0,0,0,-5.0,5.0,-10.0,2.0,6.0,3.0,3.9,-0.8999999999999999,4.0,2.7,1.2999999999999998,7.0,6.6,31.9,34.6,32.2,31.8,0.09284753872040394,0.1174244473128854,0.8757130170231328,0.9040824904730451,0.9,1.0,0.4,0.6,23.5,22.6,13.3,14.5,14.6,13.4,8.1,5.1,11.5,7.4,2.0,4.0,6.0,4.0,1.8257418583505538,1.9692073983655898,1.8257418583505538,1.70293863659264,-1.3333333333333333,1.4333333333333331,0.666666666666667,-1.7000000000000002,0.18888888888888888,0.08995291383843944,0.14327898441880957,0.15998730606319578,0.3142857142857143,0.17201736684400415,0.24967620249253267,0.25821238271548463,0.5031746031746032,0.2619702806824436,0.3929551869113423,0.41819968877868047,-0.8330598542589349,0.7239951820870595
2022021264,2023-04-08,2022-2023,WPG,NSH,2,0,2,2,1,2.0,0.0,2.0,0,1,-1.0,2.0,-3.0,5.0,6.0,2.2,2.7,-0.5,2.2,2.5,-0.2999999999999998,4.4,5.2,32.0,25.5,26.0,32.6,0.0755296126006065,0.10428939498504712,0.9099132413835098,0.9227304587148041,0.3,0.5,0.5,0.7,20.7,23.1,8.1,8.1,12.8,16.0,7.4,7.9,7.9,7.8,3.0,2.0,5.0,6.0,2.299758441421379,2.2135943621178655,0.7888106377466148,2.121320343559642,2.133333333333333,-0.3666666666666667,-0.20000000000000018,-0.16666666666666652,0.19394980264545483,0.1069264520126154,0.21554959736221221,0.10489790244098414,0.3321080277602017,0.2822869015096285,0.313429721114963,0.19517275478411825,0.5260578304056565,0.3892133535222439,0.528979318477175,0.30007065722510246,-0.35496085373611397,-0.2057752415745061
2022021262,2023-04-08,2022-2023,TOR,MTL,7,1,8,6,1,1.0,1.0,0.0,0,0,-1.0,1.0,-2.0,5.0,4.0,3.0,2.9,0.10000000000000009,2.9,3.1,-0.20000000000000018,5.9,6.0,34.8,26.4,30.9,30.2,0.09463388875229643,0.1037009520838097,0.9008609746630738,0.8881179709845378,0.6,0.5,0.5,0.7,22.3,18.2,7.8,7.3,13.7,15.8,5.3,7.8,10.1,13.3,1.0,1.0,3.0,6.0,1.4142135623730954,2.4698178070456938,1.66332999331662,1.1005049346146143,-0.6666666666666665,-0.8999999999999999,-0.2333333333333334,0.2333333333333334,0.03269537480063796,0.1502262443438914,0.14318263190443642,0.13965654490502363,0.21784407542921472,0.20789925988284405,0.2676955949844052,0.25444452138458934,0.25053945022985274,0.35812550422673545,0.4108782268888416,0.39410106628961294,0.14423185542159447,-0.6993979820044729
2022021259,2023-04-08,2022-2023,SJS,EDM,1,6,7,-5,0,0.0,1.0,-1.0,1,0,-2.0,6.0,-8.0,3.0,9.0,3.0,4.4,-1.4000000000000004,3.7,2.5,1.2000000000000002,6.7,6.9,28.4,35.2,33.8,30.3,0.10611578516768778,0.13071622112319506,0.8780182438066196,0.9086410608469432,0.5,1.2,0.3,0.3,24.6,25.7,6.2,6.3,16.4,11.0,9.7,7.8,10.2,9.8,2.0,5.0,6.0,5.0,1.763834207376394,1.6465452046971316,2.0575065816014617,1.7795130420052179,1.0,-0.40000000000000036,0.2999999999999998,-1.8333333333333335,0.21800421800421801,0.1671345029239766,0.19471658657395965,0.27404878229328594,0.5607725607725608,0.1985964912280702,0.4636820096368847,0.36186320230957136,0.7787767787767788,0.3657309941520468,0.6583985962108444,0.6359119846028574,-1.5241814859864822,0.5410903841883189
2022021267,2023-04-08,2022-2023,OTT,TBL,7,4,11,3,1,1.0,1.0,0.0,0,0,-4.0,-2.0,-2.0,4.0,4.0,3.0,3.0,0.0,3.2,3.1,0.10000000000000009,6.2,6.1,34.2,30.3,30.1,32.6,0.09376744748028615,0.09947104398001236,0.8667143914246204,0.9029308212065628,0.8,0.6,1.0,0.6,26.4,25.7,18.0,12.9,16.6,12.7,5.5,9.7,8.0,9.9,3.0,1.0,4.0,4.0,2.1081851067789183,1.632993161855451,1.6865480854231347,2.378141197564929,-0.6666666666666665,0.0,1.4666666666666668,0.8999999999999999,0.1587957552461009,0.1701006166828952,0.16837551858699826,0.1701735184646577,0.30268042785467214,0.2696765119549929,0.29411090038483084,0.2698976410368815,0.461476183100773,0.43977712863788815,0.4624864189718291,0.44007115950153924,-0.5415028375530624,-0.2030603152122139
2022021266,2023-04-08,2022-2023,DET,PIT,1,5,6,-4,0,1.0,1.0,0.0,0,0,-1.0,1.0,-2.0,5.0,5.0,3.5,3.0,0.5,3.3,2.8,0.5,6.8,5.8,25.8,36.9,29.6,30.3,0.1395010822510822,0.0852689646002609,0.885085680602922,0.9063209657327305,0.8,0.8,0.6,1.0,17.9,25.3,7.5,9.9,13.3,17.6,8.0,9.7,6.9,11.4,2.0,1.0,5.0,6.0,2.1730674684008826,1.4142135623730963,2.002775851439973,1.8135294011647256,1.833333333333333,0.0,-0.6333333333333333,-0.1333333333333333,0.24643874643874644,0.29330446369087276,0.1992536992536993,0.1931843973874838,0.2597934472934473,0.5425827226293581,0.2906736344236344,0.46466028175174207,0.5062321937321937,0.8358871863202308,0.4899273336773336,0.657844679139226,-0.6791011166011165,-0.3956937131416817
2022021269,2023-04-08,2022-2023,DAL,VGK,2,1,3,1,1,0.0,0.0,0.0,1,1,2.0,1.0,1.0,6.0,7.0,3.5,3.9,-0.3999999999999999,2.6,3.0,-0.3999999999999999,6.1,6.9,28.8,32.0,27.8,33.1,0.12161044739465203,0.12335227178252514,0.9063464840261574,0.9074915391533038,1.0,0.5,0.3,1.0,19.2,19.0,5.3,6.7,12.2,18.8,7.5,6.7,11.1,7.7,3.0,4.0,5.0,4.0,1.7159383568311672,1.370320319406297,1.5055453054181613,1.6329931618554527,0.16666666666666652,-0.5666666666666664,-0.9333333333333333,-0.3333333333333335,0.2606837606837607,0.1204616913477673,0.20636690201907593,0.14520974862747016,0.47863247863247854,0.34237655376895876,0.3811547751765143,0.34522484509826273,0.7393162393162394,0.4628382451167261,0.5875216771955903,0.4904345937257329,0.8181438127090299,0.9037202482772103
2022021263,2023-04-08,2022-2023,CBJ,NYR,0,4,4,-4,0,1.0,0.0,1.0,0,1,-2.0,-1.0,-1.0,3.0,6.0,2.6,3.6,-1.0,5.3,2.2,3.0999999999999996,7.9,5.8,26.8,30.2,37.5,31.2,0.09283759337467774,0.11945812705679874,0.8567054734750232,0.9277523804468775,0.5,0.8,0.9,0.3,24.0,18.3,8.1,8.5,15.1,15.5,7.2,9.7,6.4,8.8,2.0,3.0,3.0,4.0,2.118699810942761,2.011080417199781,2.213594362117864,1.0327955589886462,-0.2666666666666666,0.733333333333333,-0.6333333333333329,0.46666666666666634,0.26243781094527363,0.34441786283891546,0.17439017158604042,0.3219979609553227,0.3623985336475517,0.39236728184096603,0.3087067195126242,0.4240317421863058,0.6248363445928254,0.7367851446798815,0.48309689109866466,0.7460297031416285,-2.2915333669287214,0.10483890970233409
2022021257,2023-04-08,2022-2023,BUF,CAR,4,3,7,1,1,1.0,0.0,1.0,0,1,1.0,-1.0,2.0,5.0,5.0,3.1,2.2,0.8999999999999999,3.8,2.1,1.6999999999999997,6.9,4.3,32.8,35.3,31.4,25.7,0.09765639253638472,0.06287389187389184,0.8684664864596021,0.9169198840209027,0.7,0.3,0.6,0.3,14.2,12.7,7.6,5.2,11.9,9.9,6.2,8.2,8.2,8.1,2.0,2.0,5.0,6.0,2.0248456731316575,1.5491933384829655,2.2010098692292233,0.994428926011752,1.233333333333333,-0.5333333333333334,-0.1333333333333333,-0.43333333333333335,0.24547404547404547,0.17627927627927628,0.24197880793317594,0.15638162595167784,0.2874817674817675,0.3106005106005106,0.29181487306201265,0.2478194855140741,0.532955812955813,0.4868797868797869,0.5337936809951886,0.40420111146575194,-0.05105091996598257,0.660891875606479
2022021260,2023-04-08,2022-2023,ARI,ANA,5,4,9,1,1,0.0,1.0,-1.0,1,0,-9.0,-9.0,0.0,1.0,1.0,2.3,2.1,0.19999999999999973,4.2,4.1,0.10000000000000053,6.5,6.2,24.8,25.6,30.7,39.4,0.09692595938162905,0.08132634616845141,0.8665931543564943,0.8970538792515761,0.4,0.3,1.4,0.9,23.8,11.2,16.6,6.2,13.6,13.3,6.7,4.3,7.5,8.7,1.0,0.0,5.0,7.0,1.159501808728405,2.0789954839350235,1.9888578520235063,1.5238839267549953,-0.6333333333333331,-0.43333333333333335,2.133333333333333,0.2333333333333334,0.11462728551336147,0.16765728470439492,0.07948663692570271,0.13684118536474046,0.13350263953914032,0.2641635252125782,0.09645620607823006,0.2526967032212297,0.24812992505250175,0.4318208099169731,0.17594284300393273,0.38953788858597016,-1.0849427326949956,-1.4735977443311101
2022021268,2023-04-08,2022-2023,NYI,PHI,4,0,4,4,1,1.0,0.0,1.0,0,1,1.0,-5.0,6.0,6.0,4.0,3.4,3.2,0.19999999999999973,2.2,3.5,-1.2999999999999998,5.6,6.7,32.6,28.5,29.6,32.6,0.10113561070911341,0.13308284525931582,0.9231190335456176,0.8903427443600952,0.2,0.4,0.4,0.6,24.4,24.5,6.1,11.4,15.2,15.3,5.8,8.0,6.9,6.7,3.0,0.0,4.0,6.0,2.6749870196985164,1.3984117975602017,1.6193277068654828,1.715938356831166,-1.0666666666666664,-1.5333333333333334,0.46666666666666634,-0.16666666666666652,0.162000385720804,0.09064327485380115,0.19992803014266966,0.13371210581736895,0.13814684673242736,0.13991539131516736,0.19882025880925167,0.22415604985593787,0.3001472324532313,0.23055866616896847,0.3987482889519213,0.3578681556733068,0.5192554647700491,-0.5250853190270883
2022021265,2023-04-09,2022-2023,BOS,NJD,2,1,3,1,1,2.0,2.0,0.0,0,0,4.0,2.0,2.0,9.0,6.0,3.0,3.8,-0.7999999999999998,1.6,2.7,-1.1,4.6,6.5,31.9,36.0,30.4,25.0,0.10293498207020624,0.10563094133658649,0.9473862056610048,0.8919020705118245,0.8,0.7,0.2,0.3,25.3,12.9,14.3,8.1,13.7,12.8,9.3,9.2,9.1,9.9,5.0,2.0,6.0,5.0,1.6996731711975948,2.440400695696417,1.0749676997731408,1.7029386365926402,0.0,0.8666666666666671,0.7333333333333334,-0.03333333333333366,0.24698412698412697,0.2212945506777987,0.22131342946224977,0.16826255519642866,0.4862433862433862,0.42840470419247684,0.4524710501570756,0.33463845288561966,0.7332275132275132,0.6496992548702756,0.6737844796193254,0.5029010080820483,2.109546767005932,1.400948924339335
2022021272,2023-04-09,2022-2023,LAK,COL,3,4,7,-1,0,1.0,1.0,0.0,0,0,-2.0,3.0,-5.0,5.0,8.0,3.2,4.0,-0.7999999999999998,2.4,2.0,0.3999999999999999,5.6,6.0,31.2,34.0,27.2,29.3,0.107718250598805,0.1238185362440271,0.9067402291225821,0.9328488111637192,0.9,0.8,1.0,0.5,22.6,16.7,8.3,5.6,15.5,13.4,6.1,6.3,7.0,7.2,3.0,5.0,5.0,5.0,2.616188916046478,1.414213562373093,1.7126976771553484,1.2472191289246466,-0.8666666666666667,1.0,0.2666666666666666,0.3333333333333335,0.22406145190955318,0.05299145299145299,0.2563636940356809,0.08553646935965699,0.5001081899816077,0.10587091069849691,0.39724008119715326,0.11972813619767508,0.7241696418911608,0.1588623636899499,0.6536037752328342,0.20526460555733209,0.4277261682324973,-0.1997713162061282
2022021258,2023-04-09,2022-2023,MIN,STL,5,3,8,2,1,2.0,1.0,1.0,0,0,-3.0,2.0,-5.0,5.0,6.0,3.0,4.0,-1.0,2.6,3.6,-1.0,5.6,7.6,28.9,27.6,35.7,30.8,0.10930360573797723,0.14638489425606688,0.9237522137422104,0.8843980170811291,0.4,0.3,0.5,1.5,23.3,18.3,9.8,8.4,15.1,14.0,4.9,8.1,5.8,7.5,3.0,3.0,5.0,5.0,1.4907119849998607,1.7638342073763942,1.2649110640673527,1.776388345929897,-1.3333333333333333,-0.6666666666666665,0.7333333333333334,-1.2666666666666666,0.13688907710646842,0.1370445064244678,0.17261237244496805,0.15774207616251107,0.23120961164439424,0.3211709456721257,0.30392069614412714,0.35009693142793835,0.36809868875086266,0.4582154520965935,0.47653306858909517,0.5078390075904494,0.00013979296391049278,-0.8409650373773196
2022021273,2023-04-09,2022-2023,PHI,BOS,3,5,8,-2,0,0.0,-1.0,1.0,1,0,-6.0,5.0,-11.0,4.0,9.0,2.8,2.5,0.2999999999999998,3.4,1.7,1.7,6.2,4.2,27.9,33.4,31.3,30.8,0.12096163313810371,0.07993498207020625,0.8860010076654173,0.9440528723276715,0.3,0.8,0.5,0.2,23.5,26.7,11.6,13.8,15.2,13.4,7.7,9.0,6.2,9.3,4.0,3.0,5.0,7.0,1.6865480854231347,0.9718253158075497,1.6465452046971285,0.9486832980505147,-1.7999999999999998,-0.16666666666666652,0.2666666666666666,-0.033333333333333215,0.08919241677862366,0.19898013073577192,0.13010000037197703,0.11986043573825633,0.13756406428820223,0.5119105196155279,0.23659712784652076,0.34243674128924545,0.2267564810668259,0.7108906503512996,0.3666971282184978,0.46229717702750167,-0.6928221183867128,2.246374039951365
2022021271,2023-04-09,2022-2023,SEA,CHI,7,3,10,4,1,1.0,1.0,0.0,0,0,3.0,-1.0,4.0,6.0,1.0,4.0,1.7,2.3,2.6,3.7,-1.1,6.6,5.4,32.5,26.7,21.7,29.8,0.12270817270817266,0.06993804832060749,0.8793094367603166,0.8749094655344656,0.6,0.3,0.3,0.6,20.6,24.7,11.9,4.9,12.2,14.9,9.0,6.1,5.2,8.3,3.0,1.0,5.0,4.0,2.4494897427831788,1.33749350984926,1.7763883459298966,1.3374935098492569,1.666666666666667,0.6333333333333335,-0.9333333333333333,-0.3666666666666667,0.13968253968253969,0.181254791719908,0.12360872304534276,0.16010744066894617,0.4053724053724053,0.2771500371168145,0.33568459709304777,0.20978524108441923,0.545054945054945,0.45840482883672246,0.4592933201383906,0.3698926817533654,1.131062927682646,-1.7681261371373278
2022021270,2023-04-09,2022-2023,VAN,CGY,3,2,5,1,1,1.0,3.0,-2.0,0,0,1.0,1.0,0.0,5.0,6.0,3.4,3.7,-0.30000000000000027,2.8,3.5,-0.7000000000000002,6.2,7.2,27.9,35.8,27.7,28.1,0.13152954076238116,0.10465403984401951,0.8999407716150646,0.8708972686383275,0.7,0.7,0.4,0.5,27.1,23.3,7.6,6.0,13.5,12.0,6.7,6.1,5.9,6.9,2.0,3.0,6.0,6.0,1.7126976771553513,1.4181364924121747,1.9321835661585904,2.2730302828309763,-1.4,-0.03333333333333366,-0.46666666666666634,-0.5,0.21129771129771133,0.1454555821644429,0.17814524814524815,0.19562645828468614,0.32681732681732684,0.25236629034097385,0.2797362247362247,0.30349879716968325,0.5381150381150381,0.3978218725054168,0.45788147288147285,0.4991252554543694,-0.7342704142704143,0.15555066820889604
2022021276,2023-04-10,2022-2023,OTT,CAR,3,2,5,1,1,1.0,1.0,0.0,0,0,1.0,-2.0,3.0,4.0,4.0,3.5,2.2,1.2999999999999998,3.5,2.3,1.2000000000000002,7.0,4.5,36.1,34.8,27.6,25.6,0.10174363795647663,0.06400511359334884,0.8520885410844844,0.9100381635907953,0.8,0.3,1.3,0.4,24.6,13.8,18.4,5.2,15.2,9.6,5.9,8.2,8.5,8.2,4.0,1.0,5.0,6.0,2.415229457698239,1.5491933384829655,1.509230856356235,1.159501808728405,0.16666666666666652,-0.20000000000000018,1.166666666666667,0.3666666666666667,0.1665142139718411,0.15486945075552672,0.1760390935179071,0.16204344998648798,0.2984384808537351,0.2775884453099643,0.291917051874679,0.26732791118867066,0.46495269482557616,0.432457896065491,0.467956145392586,0.4293713611751587,-0.41626963745607815,0.7568377894960174
2022021278,2023-04-10,2022-2023,WPG,SJS,6,2,8,4,1,1.0,1.0,0.0,0,0,1.0,-3.0,4.0,6.0,3.0,2.4,3.0,-0.6000000000000001,2.0,4.1,-2.0999999999999996,4.4,7.1,32.2,27.5,26.5,34.1,0.08079277049534332,0.1073386112546443,0.9186088935574229,0.8671253866637626,0.3,0.5,0.5,0.3,21.4,24.9,7.7,5.6,12.0,15.8,8.0,9.4,7.6,10.5,4.0,1.0,5.0,6.0,2.1705094128132947,1.763834207376394,1.054092553389459,2.078995483935023,0.6000000000000001,-1.0,-0.6666666666666667,1.2333333333333334,0.1912959614225437,0.30746169220519654,0.21481699149420672,0.21602450622234534,0.33232469359051636,0.6520652898067955,0.3116147612350144,0.43916985043190765,0.5236206550130601,0.959526982011992,0.5264317527292212,0.655194356654253,-0.31074743821579265,-1.5437625312817214
2022021275,2023-04-10,2022-2023,NYR,BUF,2,3,5,-1,0,1.0,1.0,0.0,0,0,1.0,2.0,-1.0,6.0,6.0,3.4,3.3,0.10000000000000009,2.2,3.6,-1.4,5.6,6.9,30.6,32.0,29.9,32.6,0.10874384134251303,0.10572656797498121,0.9277523804468775,0.8823702297751101,0.7,0.6,0.3,0.5,18.8,14.4,7.9,7.4,15.2,12.2,8.6,6.1,7.7,9.0,2.0,3.0,3.0,6.0,1.8378731669453632,2.0027758514399725,1.0327955589886462,2.170509412813294,0.6000000000000001,0.3666666666666667,-0.20000000000000018,0.06666666666666643,0.34398794394590065,0.24216950827773656,0.3219939719729503,0.2385676793429329,0.396470182469762,0.29248579194465035,0.42948509123488093,0.2945306568537892,0.7404581264156627,0.5346553002223869,0.7514790632078313,0.5330983361967222,0.2234683200969726,-0.033719211028817864
2022021277,2023-04-10,2022-2023,WSH,NYI,5,2,7,3,1,1.0,1.0,0.0,0,0,-6.0,2.0,-8.0,1.0,6.0,2.8,3.2,-0.40000000000000036,3.9,1.9,2.0,6.7,5.1,30.4,31.4,33.1,30.0,0.09092446179732702,0.10200141157491427,0.8821944985046144,0.9361625118064871,0.7,0.2,0.5,0.3,22.6,24.6,13.9,6.1,15.7,15.7,8.3,5.8,10.5,7.0,1.0,2.0,6.0,5.0,1.8135294011647258,2.5298221281347026,1.852925614624973,1.7288403306519924,-0.7999999999999998,0.46666666666666634,0.4333333333333331,-0.8999999999999999,0.1841472620161145,0.15958905646826468,0.1324707920948735,0.19690751684968844,0.30606015851917495,0.1360939043002065,0.3053329125969036,0.19584032051249478,0.4902074205352894,0.29568296076847117,0.4378037046917771,0.39274783736218327,-1.2268127805154374,0.5661286962177764
2022021280,2023-04-10,2022-2023,DET,DAL,1,6,7,-5,0,1.0,1.0,0.0,0,0,-2.0,3.0,-5.0,5.0,7.0,3.4,3.5,-0.10000000000000009,3.3,2.4,0.8999999999999999,6.7,5.9,25.6,28.7,29.9,26.9,0.13541017316017312,0.12176429354849819,0.8872285377457791,0.9116913116123643,0.8,1.0,0.6,0.2,17.8,19.4,7.9,4.9,13.8,12.4,8.0,6.6,6.5,12.4,2.0,3.0,5.0,6.0,2.2705848487901865,1.7159383568311672,2.002775851439973,1.5776212754932302,0.6000000000000001,-0.16666666666666652,0.3666666666666667,-1.4,0.23752452255394965,0.2573839662447257,0.1938179791175028,0.2036789780937518,0.2535521578147472,0.47257383966244726,0.2875929132685118,0.37617065900402125,0.4910766803686968,0.7299578059071731,0.4814108923860145,0.5798496370977732,-0.7604862586082304,0.7943050360425079
2022021274,2023-04-10,2022-2023,ANA,COL,4,5,9,-1,0,1.0,0.0,1.0,0,1,-10.0,4.0,-14.0,0.0,8.0,1.8,3.9,-2.0999999999999996,4.2,2.2,2.0,6.0,6.1,24.7,34.0,39.1,30.0,0.07669839698514833,0.11947071015707059,0.8937571759548728,0.9284729144635758,0.4,0.7,0.8,0.6,11.7,17.9,6.9,6.4,12.6,13.8,4.4,6.7,8.9,7.5,0.0,5.0,6.0,5.0,1.3984117975602022,1.3703203194062956,1.5491933384829675,1.229272594305718,1.2,0.766666666666667,-0.20000000000000018,0.46666666666666634,0.17592227623760928,0.05229846768820786,0.1620712755200813,0.08810810830297838,0.27499124074804016,0.10433816250559891,0.2961562284017167,0.11999916783288604,0.45091351698564947,0.15663663019380678,0.458227503921798,0.20810727613586444,-1.4623057010064737,-0.0716786010148345
2022021279,2023-04-10,2022-2023,FLA,TOR,1,2,3,-1,0,1.0,1.0,0.0,0,0,6.0,1.0,5.0,6.0,5.0,3.8,3.3,0.5,2.7,2.6,0.10000000000000009,6.5,5.9,35.8,36.5,32.0,27.8,0.1082352581236962,0.09605817660836838,0.9048400662306209,0.9037913775934767,1.0,0.9,0.6,0.4,21.7,22.7,14.9,8.7,14.0,13.1,5.5,6.3,7.8,8.9,2.0,3.0,4.0,4.0,1.932183566158591,1.888562063228706,1.70293863659264,1.7126976771553504,0.5333333333333332,0.7000000000000002,-1.0333333333333334,-0.9333333333333333,0.0886904761904762,0.044362602571557795,0.15958290713037548,0.151296630401108,0.16964285714285712,0.24279899205272337,0.2518884215877887,0.28791187253873823,0.2583333333333333,0.2871615946242812,0.41147132871816416,0.4392085029398462,0.6705773832356111,0.3609214665931085
2022021283,2023-04-11,2022-2023,ARI,SEA,1,4,5,-3,0,2.0,1.0,1.0,0,0,1.0,4.0,-3.0,1.0,7.0,2.4,4.3,-1.9,4.4,2.3,2.1000000000000005,6.8,6.6,26.6,31.9,30.2,22.3,0.09069885315452283,0.13447800705865218,0.858682403849395,0.8950515656958486,0.5,0.7,1.4,0.3,23.2,20.0,17.1,11.6,13.3,13.1,6.8,9.0,8.0,5.7,1.0,3.0,5.0,5.0,1.3498971154211052,2.6267851073127404,1.8378731669453625,1.337493509849258,0.2666666666666666,1.0333333333333332,0.9333333333333327,0.03333333333333366,0.11275510204081633,0.14631247400011885,0.07789831420783801,0.12497247631629875,0.13570279463136606,0.40898555892315924,0.09703209316304555,0.34943579940459957,0.24845789667218235,0.5552980329232781,0.17493040737088353,0.47440827572089833,-1.0860431164002593,1.064384658051087
2022021290,2023-04-11,2022-2023,BOS,WSH,5,2,7,3,1,1.0,0.0,1.0,0,1,6.0,1.0,5.0,9.0,2.0,2.8,3.1,-0.30000000000000027,1.9,3.7,-1.8000000000000003,4.7,6.8,33.3,29.5,30.4,35.0,0.0889265787088617,0.10504210885615058,0.9383837886098073,0.8962421175522334,0.7,0.6,0.2,0.5,26.7,22.3,14.5,14.3,12.8,17.7,8.4,7.3,8.4,10.9,5.0,0.0,6.0,6.0,1.229272594305718,1.9119507199599983,0.9944289260117541,1.9465068427541912,0.20000000000000018,-0.10000000000000009,-0.23333333333333317,-0.3666666666666667,0.2435677662466024,0.18502118417228774,0.2195991446038169,0.1323656541853596,0.47929021497405483,0.32141819238593433,0.44843929117527886,0.3110120831533238,0.7228579812206574,0.506439376558222,0.6680384357790959,0.44337773733868335,2.106682155307471,-1.0895970033214712
2022021288,2023-04-11,2022-2023,CAR,DET,4,1,5,3,1,0.0,0.0,0.0,1,1,-3.0,-3.0,0.0,4.0,4.0,2.3,3.3,-1.0,2.4,3.7,-1.3000000000000003,4.7,7.0,34.7,24.6,27.2,29.9,0.06756833198415345,0.13374350649350647,0.9131631635907953,0.869046719563961,0.4,0.7,0.4,0.7,13.1,17.9,6.0,8.1,9.7,13.8,7.8,6.6,8.2,6.0,3.0,2.0,5.0,6.0,1.4944341180973248,2.3593784492248515,1.1737877907772665,2.1108186931983415,-0.6333333333333331,-0.6333333333333333,0.6000000000000001,1.9666666666666668,0.17648347893266772,0.23363363363363363,0.1717629817150911,0.19091880438066314,0.30771007903963865,0.24778528528528532,0.28283956265823984,0.2826659604307839,0.4841935579723064,0.4814189189189189,0.454602544373331,0.473584764811447,0.6403433764753917,-0.8733305173928091
2022021282,2023-04-11,2022-2023,CGY,NSH,2,3,5,-1,0,1.0,2.0,-1.0,0,0,-1.0,-1.0,0.0,6.0,5.0,3.4,2.0,1.4,3.1,2.4,0.7000000000000002,6.5,4.4,36.3,25.6,28.8,33.3,0.0961473078978751,0.07836346905912121,0.8879135856546446,0.9271447201749059,0.8,0.5,0.5,0.6,23.9,24.7,5.8,7.2,12.0,17.7,5.6,7.1,6.4,8.0,3.0,1.0,5.0,6.0,1.4298407059684795,1.7638342073763937,2.1317702607092643,2.1186998109427595,-0.7333333333333334,0.0,-0.7666666666666666,-1.0666666666666667,0.1436111111111111,0.1052026415132737,0.19524305555555554,0.10223254214691542,0.24916666666666668,0.2783687943262411,0.3016666666666667,0.1915073106820184,0.39277777777777784,0.38357143583951486,0.4969097222222223,0.29373985282893383,0.11187500000000006,-0.3343011898728622
2022021281,2023-04-11,2022-2023,CHI,MIN,2,4,6,-2,0,1.0,1.0,0.0,0,0,-2.0,1.0,-3.0,1.0,6.0,1.8,3.3,-1.4999999999999998,4.1,2.5,1.5999999999999996,5.9,5.8,26.2,28.8,30.9,36.0,0.0744005229656379,0.11951865950141811,0.867328820373175,0.9270630245530211,0.3,0.4,0.7,0.4,23.6,22.5,5.1,9.2,15.3,15.7,5.9,5.3,8.4,5.8,0.0,2.0,4.0,5.0,1.3984117975602033,1.5670212364724219,1.6633299933166183,1.1785113019775806,0.5333333333333334,-0.2999999999999998,-0.09999999999999964,0.8333333333333335,0.19155136802195627,0.1069882498453927,0.17207735852693837,0.11339802031046271,0.2435041356609984,0.17316017316017315,0.20612107184236036,0.1963736979866012,0.43505550368295465,0.28014842300556586,0.37819843036929873,0.3097717182970639,-1.5654836915341117,-0.6072445987192531
2022021284,2023-04-11,2022-2023,LAK,VAN,3,0,3,3,1,1.0,1.0,0.0,0,0,-3.0,2.0,-5.0,5.0,5.0,3.3,3.4,-0.10000000000000009,2.6,2.9,-0.2999999999999998,5.9,6.3,31.3,27.2,27.8,30.2,0.11003532376953669,0.1325901468229872,0.9011136306571089,0.9008451643799225,1.0,0.6,0.9,0.5,22.8,28.3,9.7,7.4,16.0,13.8,6.0,6.8,7.5,5.9,3.0,2.0,5.0,7.0,2.5841396591085743,1.7126976771553513,1.7763883459298953,1.8529256146249715,-1.2999999999999998,-1.0666666666666664,1.0666666666666664,-0.8999999999999999,0.22125527426160338,0.2067236467236467,0.25947684348000805,0.17479814107315958,0.5063291139240507,0.32562203228869896,0.40286693791440625,0.2796849694156341,0.7275843881856541,0.5323456790123456,0.6623437813944143,0.45448311048879364,0.47463682941531055,-0.7713439521519581
2022021285,2023-04-11,2022-2023,NJD,BUF,6,2,8,4,1,1.0,0.0,1.0,0,1,-1.0,3.0,-4.0,5.0,7.0,3.4,3.5,-0.10000000000000009,2.7,3.1,-0.3999999999999999,6.1,6.6,35.1,33.3,26.6,32.9,0.09614376184940698,0.11085477310318634,0.8952354038451578,0.903227372632253,0.7,0.6,0.4,0.5,14.8,14.0,7.7,6.5,12.8,13.0,8.5,6.3,10.8,8.4,4.0,4.0,5.0,5.0,2.5473297566057065,1.7159383568311657,1.7029386365926402,1.8529256146249724,1.266666666666667,0.5,-1.366666666666667,0.5666666666666664,0.21805555555555556,0.2389528113212324,0.16588650235802135,0.2352518492828013,0.4291666666666667,0.2885876306928939,0.33345656296605664,0.295171965603924,0.6472222222222223,0.5275404420141262,0.499343065324078,0.5304238148867252,1.3823451636742776,-0.005703129562297071
2022021287,2023-04-11,2022-2023,PHI,CBJ,4,3,7,1,1,1.0,2.0,-1.0,0,0,-7.0,-3.0,-4.0,3.0,3.0,2.5,2.4,0.10000000000000009,3.6,5.0,-1.4,6.1,7.4,29.2,25.1,30.3,36.2,0.1040697412462118,0.08743218796927234,0.878113307130658,0.8594929299210163,0.3,0.5,0.4,0.7,23.3,22.9,10.0,8.1,14.1,15.4,7.6,7.4,6.0,6.0,3.0,1.0,5.0,4.0,1.2692955176439829,2.2705848487901865,1.71269767715535,2.160246899469285,-1.1666666666666667,-1.4,0.733333333333333,0.0,0.08778791829639288,0.18082023964376906,0.128286771347471,0.12740784431960903,0.1352916655580094,0.41297256003138355,0.23326381585201772,0.3057446605240723,0.22307958385440227,0.5937927996751525,0.3615505871994888,0.4331525048436813,-0.6455613805389097,-2.0831590574237633
2022021286,2023-04-11,2022-2023,PIT,CHI,2,5,7,-3,0,2.0,-1.0,3.0,0,0,2.0,-3.0,5.0,6.0,1.0,3.4,2.0,1.4,2.7,3.9,-1.1999999999999997,6.1,5.9,34.8,27.7,30.2,29.8,0.10108529113087314,0.07916242772754266,0.9108447752565398,0.8686681060874608,0.9,0.3,0.9,0.6,23.2,23.5,10.1,5.8,17.6,14.9,9.7,5.5,9.9,8.6,4.0,1.0,5.0,5.0,1.3498971154211061,1.2472191289246481,1.8885620632287057,1.6633299933166186,-0.06666666666666643,-0.33333333333333326,-0.3666666666666667,0.10000000000000009,0.3021103896103896,0.18815674891146592,0.20244168875593152,0.1517899001052999,0.5442640692640692,0.24753104338009999,0.4485307953391606,0.2055998543571608,0.8463744588744588,0.43568779229156585,0.650972484095092,0.3573897544624607,-0.4499658419765035,-2.0483207596437767
2022021289,2023-04-11,2022-2023,TBL,TOR,3,4,7,-1,0,2.0,0.0,2.0,0,1,-3.0,2.0,-5.0,3.0,6.0,2.9,3.3,-0.3999999999999999,3.4,2.1,1.2999999999999998,6.3,5.4,28.6,36.3,34.4,29.6,0.10394258869545951,0.09665076920096098,0.9018319201076614,0.9230460359785697,0.8,0.9,0.6,0.4,26.2,23.7,14.3,8.2,13.1,14.5,8.2,7.0,9.4,7.7,2.0,4.0,3.0,4.0,1.5238839267549935,1.888562063228706,2.5473297566057065,1.2866839377079184,-0.2333333333333334,0.03333333333333366,2.6,-0.7666666666666668,0.16795747279591386,0.12464985994397759,0.1863924548876248,0.18714874030123677,0.2662558294470353,0.23809523809523805,0.34462310026933607,0.2862064739404729,0.43421330224294913,0.36274509803921573,0.5310155551569609,0.47335521424170973,-0.05439087616802474,0.1331191465573708
2022021296,2023-04-12,2022-2023,STL,DAL,2,5,7,-3,0,2.0,1.0,1.0,0,0,-1.0,4.0,-5.0,6.0,7.0,4.1,3.5,0.5999999999999996,3.8,2.0,1.7999999999999998,7.9,5.5,29.4,28.3,30.7,25.1,0.1447939851651578,0.1259600977443024,0.8772715802995199,0.9198492063492065,0.3,1.1,1.5,0.2,17.2,18.0,8.6,5.3,13.9,12.1,7.3,6.4,6.5,12.3,3.0,3.0,4.0,6.0,1.6633299933166201,1.7159383568311672,1.6865480854231358,1.3333333333333326,-0.7666666666666662,0.16666666666666652,-1.1333333333333333,-1.0,0.14210526315789476,0.2625,0.14473004310382862,0.2052269699276741,0.4337719298245615,0.4666666666666666,0.3784537864943575,0.3735677578987438,0.5758771929824561,0.7291666666666666,0.5231838295981861,0.5787947278264179,-1.081551916465823,0.8746954701180053
2022021295,2023-04-12,2022-2023,NYI,MTL,4,2,6,2,1,1.0,3.0,-2.0,0,0,-1.0,-1.0,0.0,5.0,4.0,3.0,2.7,0.2999999999999998,2.1,3.4,-1.2999999999999998,5.1,6.1,32.1,26.4,29.3,30.8,0.09488019945370216,0.09417714256000018,0.9264523668789508,0.88290057968019,0.1,0.4,0.3,1.0,24.7,17.3,5.7,8.8,15.1,14.8,5.6,6.9,7.9,13.7,4.0,1.0,5.0,6.0,2.5385910352879684,2.5407785333546005,1.7288403306519922,1.6465452046971303,1.0,-0.3666666666666667,-0.7666666666666668,1.266666666666667,0.17041446208112876,0.1468975468975469,0.1616732804232804,0.1365392827621201,0.1809964726631393,0.2036075036075036,0.19613095238095238,0.2527105224779434,0.35141093474426804,0.3505050505050505,0.3578042328042328,0.38924980524006353,0.5937610229276895,-0.7082221398494742
2022021293,2023-04-12,2022-2023,VGK,SEA,4,1,5,3,1,3.0,0.0,3.0,0,1,-1.0,5.0,-6.0,6.0,7.0,3.3,4.2,-0.9000000000000004,2.9,2.0,0.8999999999999999,6.2,6.2,29.9,32.9,31.9,21.7,0.11127910105081784,0.12677029935094447,0.9088969445587093,0.9044968430571683,0.3,0.9,1.0,0.2,19.7,20.6,6.9,12.3,18.6,12.3,6.5,8.3,8.3,6.2,2.0,3.0,3.0,5.0,1.1595018087284052,2.616188916046479,1.7288403306519924,1.2472191289246461,-0.6333333333333333,0.7999999999999998,-0.8999999999999999,0.0,0.11886541471048513,0.21328502415458936,0.143314286302611,0.15776127170837717,0.33773865414710486,0.3751207729468599,0.34068950251214897,0.33041121961318737,0.45660406885759003,0.5884057971014492,0.48400378881475986,0.4881724913215646,0.8793482826785274,0.7972907595093182
2022021292,2023-04-12,2022-2023,COL,EDM,1,2,3,-1,0,1.0,3.0,-2.0,0,0,5.0,7.0,-2.0,8.0,9.0,3.9,4.4,-0.5000000000000004,2.6,2.2,0.3999999999999999,6.5,6.6,35.4,36.4,29.6,28.9,0.11471527537446188,0.12177212174431304,0.9110816101157496,0.9151040455707975,0.9,1.1,0.6,0.3,17.3,26.2,6.6,5.6,13.8,11.8,6.6,7.7,8.1,10.1,2.0,5.0,4.0,5.0,1.3703203194062956,1.6465452046971316,1.0749676997731399,1.7511900715418258,1.1,-0.40000000000000036,0.3999999999999999,-1.2000000000000002,0.05162337662337662,0.23785425101214575,0.08684366045477156,0.28018253676148414,0.1084054834054834,0.25168690958164647,0.12099603071825293,0.40049172318909165,0.16002886002886005,0.4895411605937921,0.2078396911730245,0.6806742599505758,-0.09723193473193474,0.8531260406260406
2022021294,2023-04-12,2022-2023,ANA,VAN,2,3,5,-1,0,1.0,0.0,1.0,0,1,-11.0,-1.0,-10.0,0.0,5.0,2.1,3.1,-1.0,4.5,2.7,1.7999999999999998,6.6,5.8,25.2,25.8,39.7,30.2,0.08853414577741885,0.1237666174112225,0.8878876107374815,0.9082525717873298,0.4,0.5,1.0,0.5,11.7,28.6,8.7,7.6,13.0,13.9,4.4,6.7,8.3,5.7,0.0,2.0,6.0,6.0,1.5238839267549946,2.0248456731316593,1.3540064007726613,1.8287822299126921,0.8999999999999999,-1.4333333333333333,-0.5,-1.366666666666667,0.17836585028365848,0.20239681482186478,0.16236330488866468,0.17160615988390227,0.282274802822748,0.3203261317851591,0.3019760090063107,0.27540842842055074,0.4606406531064065,0.5227229466070239,0.4643393138949754,0.4470145883044531,-1.3899199862330607,-0.8485465740701381
2022021291,2023-04-12,2022-2023,MIN,WPG,1,3,4,-2,0,0.0,1.0,-1.0,1,0,2.0,2.0,0.0,6.0,6.0,3.2,2.7,0.5,2.4,2.0,0.3999999999999999,5.6,4.7,27.0,32.1,36.6,26.6,0.1252004776832363,0.09015105926539682,0.9306344531244498,0.9190850840336134,0.4,0.5,0.2,0.6,23.1,19.1,9.1,7.6,17.7,11.8,5.3,8.5,6.0,7.2,3.0,1.0,4.0,6.0,1.4757295747452446,2.451756739791106,1.173787790777269,1.054092553389459,0.1333333333333333,0.2999999999999998,0.6000000000000001,-0.33333333333333326,0.1506515017836109,0.18871386212008892,0.14615815271012275,0.21847222786369744,0.254943596448321,0.3366073634791203,0.2803926905816726,0.3183322205523455,0.40559509823193185,0.5253212255992094,0.42655084329179527,0.5368044484160429,0.23783741861830646,-0.2143605867359891
2022021300,2023-04-13,2022-2023,TBL,DET,5,0,5,5,1,1.0,1.0,0.0,0,0,-4.0,-4.0,0.0,3.0,4.0,3.0,3.1,-0.10000000000000009,3.4,3.6,-0.20000000000000018,6.4,6.7,31.0,23.9,33.0,30.4,0.10185925536212617,0.12779112554112554,0.8956915692304687,0.8761174266346681,0.8,0.7,0.8,0.7,26.9,18.0,16.5,7.0,12.0,13.7,7.9,6.7,8.9,6.2,2.0,2.0,3.0,5.0,1.4907119849998587,2.4698178070456933,2.5473297566057065,2.1186998109427604,-0.3333333333333335,-2.1,1.9333333333333331,1.0666666666666669,0.16998289776067554,0.2262508122157245,0.17007700912412585,0.18629760428006045,0.2629208754208754,0.24654104396794455,0.26942926096407105,0.28005162668174366,0.4329037731815509,0.47279185618366903,0.4395062700881969,0.4663492309618041,-0.24945024892282275,-1.0471628355400286
2022021304,2023-04-13,2022-2023,NYR,TOR,2,3,5,-1,0,2.0,1.0,1.0,0,0,-1.0,3.0,-4.0,6.0,6.0,3.4,3.1,0.2999999999999998,2.1,2.2,-0.10000000000000009,5.5,5.3,30.3,36.0,29.9,30.9,0.10943508558214436,0.09109521364540543,0.93031648301098,0.9225103216928554,0.8,1.0,0.3,0.3,18.6,24.2,7.9,10.4,14.6,15.0,9.0,7.8,7.2,7.7,2.0,4.0,3.0,4.0,1.8378731669453632,1.6633299933166201,0.994428926011755,1.3165611772087662,-0.7333333333333334,1.233333333333333,-0.43333333333333335,-0.5333333333333334,0.3393036701860231,0.13358368049443567,0.31779998324115966,0.1277242124928812,0.4004524886877829,0.240465293668955,0.43067891924101076,0.29432356924422903,0.739756158873806,0.3740489741633906,0.7484789024821704,0.4220477817371102,0.18158203452321098,0.04255212012133125
2022021298,2023-04-13,2022-2023,MTL,BOS,4,5,9,-1,0,0.0,1.0,-1.0,1,0,-2.0,7.0,-9.0,3.0,9.0,2.6,2.9,-0.2999999999999998,3.6,1.9,1.7000000000000002,6.2,4.8,26.3,35.6,31.0,30.0,0.08970345834947388,0.08124259602487902,0.8775326143122246,0.9374279941056256,0.4,0.9,1.0,0.1,17.2,26.1,9.0,12.4,14.7,12.7,6.7,8.3,13.1,9.0,2.0,4.0,5.0,6.0,2.5473297566057065,1.3703203194062974,1.577621275493232,0.9944289260117541,0.3999999999999999,1.1,0.733333333333333,0.10000000000000009,0.08518518518518518,0.2448745698745699,0.11302487898232579,0.2188429733260957,0.15555555555555556,0.48612221112221116,0.22632556568726783,0.4490047425877243,0.24074074074074078,0.7309967809967809,0.33935044466959363,0.6678477159138199,-0.8677304964539007,2.1154479916083293
2022021301,2023-04-13,2022-2023,WSH,NJD,4,5,9,-1,0,1.0,1.0,0.0,0,0,-1.0,1.0,-2.0,2.0,6.0,3.0,3.9,-0.8999999999999999,3.6,2.7,0.8999999999999999,6.6,6.6,28.6,33.3,35.3,27.5,0.10411618293022462,0.11406042851607365,0.899439791970838,0.8968687976745588,0.5,0.7,0.7,0.4,22.0,15.6,10.7,7.9,18.5,13.4,7.6,9.0,11.1,10.5,2.0,1.0,6.0,5.0,1.9436506316151,2.5144029554194813,1.8973665961010275,1.7029386365926402,0.0,1.1,-0.6000000000000001,-1.0333333333333334,0.33277103013945125,0.13293743814137626,0.2040700040700041,0.15092859561389801,0.4331234068076173,0.253283749314644,0.29385215174688856,0.316832203875429,0.7658944369470685,0.38622118745602024,0.49792215581689264,0.467760799489327,-1.0380213353897565,1.1147746138829955
2022021297,2023-04-13,2022-2023,CGY,SJS,3,1,4,2,1,1.0,2.0,-1.0,0,0,-2.0,-4.0,2.0,6.0,3.0,3.4,3.1,0.2999999999999998,2.5,4.3,-1.7999999999999998,5.9,7.4,38.9,26.6,27.8,34.1,0.08958165133221851,0.11352908744512051,0.9015298544433271,0.8610647806031567,0.7,0.6,0.3,0.4,22.8,25.4,5.0,4.8,11.1,15.6,5.8,9.4,7.5,10.1,3.0,1.0,6.0,5.0,1.4298407059684795,1.6633299933166201,1.2692955176439848,2.162817093001111,-1.0666666666666664,-1.4333333333333333,-0.8333333333333333,1.7000000000000002,0.14592809183452457,0.3119047619047619,0.21358220544795137,0.21728070175438596,0.2460472168074507,0.6523268398268398,0.2847870266683256,0.4376755335307967,0.39197530864197533,0.9642316017316017,0.4983692321162771,0.6549562352851827,0.040925303803243274,-1.5736608566871726
2022021303,2023-04-13,2022-2023,CBJ,PIT,3,2,5,1,1,1.0,1.0,0.0,0,0,-4.0,-1.0,-3.0,2.0,5.0,2.0,3.1,-1.1,4.8,2.8,2.0,6.8,5.9,24.3,34.3,36.4,29.7,0.07916088937539309,0.09497418001976203,0.8654527358808222,0.9055114419232065,0.5,0.8,0.8,0.8,23.3,24.0,8.5,9.7,15.1,16.5,7.5,9.0,6.3,10.1,2.0,1.0,4.0,6.0,1.6329931618554518,1.2866839377079198,2.1499353995462784,1.873795909674026,-0.6666666666666667,0.5666666666666664,0.5333333333333332,-1.133333333333333,0.18322556670382753,0.30246913580246915,0.12796718965241172,0.20179974346641014,0.4118097361575623,0.5375118708452041,0.3033101582064432,0.44788051454718114,0.5950353028613898,0.8399810066476734,0.43127734785885496,0.6496802580135914,-2.1300557585310895,-0.5803326303326304
2022021302,2023-04-13,2022-2023,BUF,OTT,4,3,7,1,1,1.0,2.0,-1.0,0,0,-1.0,2.0,-3.0,7.0,5.0,3.4,3.7,-0.30000000000000027,2.9,3.5,-0.6000000000000001,6.3,7.2,34.0,35.2,33.1,27.0,0.10644051164308448,0.10867961356623272,0.9120185814234618,0.850906275074632,0.5,0.8,0.5,1.3,13.5,23.4,6.0,18.6,13.1,15.0,6.3,5.7,9.0,8.4,3.0,0.0,4.0,6.0,1.7763883459298961,2.263232692902393,1.5951314818673863,1.509230856356235,-0.7333333333333334,0.2999999999999998,0.10000000000000009,0.833333333333333,0.24014950042347302,0.17255658436213991,0.277120665990529,0.1777104711132489,0.28479207246330535,0.2984310699588477,0.28090440761673635,0.2897979463951686,0.5249415728867785,0.4709876543209876,0.5580250736072654,0.4675084175084175,-0.26309098055673397,-0.39852543290043285
2022021299,2023-04-13,2022-2023,FLA,CAR,4,6,10,-2,0,2.0,1.0,1.0,0,0,-1.0,1.0,-2.0,6.0,4.0,3.6,2.2,1.4,2.4,2.2,0.19999999999999973,6.0,4.4,36.0,34.7,32.2,24.9,0.10359098934899266,0.06399690341272488,0.9185791966654036,0.9152194406470724,0.9,0.3,0.6,0.4,23.2,13.1,14.2,5.8,14.4,8.7,5.4,7.8,8.9,7.9,2.0,1.0,5.0,5.0,2.11869981094276,1.316561177208765,1.5055453054181618,1.2292725943057174,0.3999999999999999,0.7999999999999998,-0.3999999999999999,0.46666666666666634,0.08746304990436445,0.17834362139917695,0.15715089067417953,0.17379768061026854,0.17144844374891322,0.30380658436214,0.2501726024412582,0.2834378968169404,0.25891149365327765,0.4821502057613169,0.40732349311543775,0.457235577427209,0.5857317984480079,0.6964657373412647
2022021312,2023-04-14,2022-2023,SEA,VGK,1,3,4,-2,0,1.0,1.0,0.0,0,0,-1.0,1.0,-2.0,7.0,6.0,4.2,3.3,0.9000000000000004,2.3,2.7,-0.40000000000000036,6.5,6.0,32.2,30.9,23.0,30.6,0.12796077554142068,0.10727509704681384,0.897852698913024,0.9129585692085692,0.9,0.4,0.3,0.9,21.6,21.0,12.5,6.9,12.5,19.1,8.7,7.3,6.2,8.8,4.0,3.0,5.0,4.0,2.616188916046479,1.1595018087284052,1.337493509849258,1.828782229912694,-0.20000000000000018,0.03333333333333366,0.3666666666666667,-1.366666666666667,0.20995002939447382,0.11731102447476716,0.17087285698396806,0.14363226388080189,0.3924309229864786,0.3378546675330301,0.3545251600807156,0.34703112298141536,0.6023809523809524,0.4551656920077973,0.5253980170646837,0.4906633868622173,0.7486474569807904,0.9471943748259538
2022021310,2023-04-14,2022-2023,ANA,LAK,3,5,8,-2,0,1.0,2.0,-1.0,0,0,-12.0,1.0,-13.0,0.0,5.0,2.2,2.8,-0.5999999999999996,4.3,2.4,1.9,6.5,5.2,26.7,30.2,39.0,28.0,0.08924843149170457,0.1002367889710019,0.8911821843808923,0.91222474176822,0.4,0.8,1.0,0.8,11.7,22.4,8.7,10.5,13.7,16.0,4.9,5.7,8.2,7.5,0.0,2.0,6.0,5.0,1.4757295747452437,1.9888578520235065,1.4181364924121773,1.9550504398153554,1.1333333333333333,-0.1333333333333333,0.033333333333333215,0.6000000000000001,0.17527363429002774,0.22268518518518518,0.13885020373421744,0.26063394390601785,0.2773626085101495,0.5041666666666667,0.261218220256043,0.3998295681605335,0.45263624280017717,0.7268518518518517,0.4000684239902605,0.6604635120665513,-1.3462584852612174,0.5463714548499574
2022021311,2023-04-14,2022-2023,ARI,VAN,4,5,9,-1,0,2.0,1.0,1.0,0,0,-1.0,1.0,-2.0,1.0,5.0,2.4,2.7,-0.30000000000000027,4.6,2.7,1.8999999999999995,7.0,5.4,25.9,27.3,31.4,31.8,0.09171334590814602,0.09876661741122252,0.8558715930385841,0.9130646018625178,0.5,0.7,1.6,0.6,24.1,27.6,17.1,8.4,13.2,14.5,6.7,6.4,8.4,5.7,1.0,3.0,6.0,5.0,1.3498971154211052,1.4944341180973268,1.6465452046971285,1.8287822299126921,0.2666666666666666,-1.0333333333333334,-0.5999999999999996,-0.7000000000000002,0.11700710811821924,0.2024611882370503,0.15233157605610706,0.17292295661531787,0.16000748222970446,0.33090200029855205,0.21108831416629573,0.2791130109258307,0.2770145903479237,0.5333631885356023,0.3634198902224028,0.4520359675411485,-0.8624938630980695,-0.8017636824945189
2022020547,2023-04-14,2022-2023,CBJ,BUF,2,5,7,-3,0,0.0,0.0,0.0,1,1,1.0,1.0,0.0,2.0,7.0,1.8,3.3,-1.4999999999999998,4.6,2.8,1.7999999999999998,6.4,6.1,25.0,35.0,36.2,33.3,0.06946590026863927,0.09832085352342634,0.8704234961147403,0.9158308981390043,0.4,0.5,0.9,0.5,23.0,14.0,8.7,6.0,14.3,12.4,8.0,6.5,6.5,8.7,2.0,4.0,4.0,4.0,1.316561177208766,1.702938636592639,2.3190036174568105,1.5491933384829666,0.19999999999999996,-0.6333333333333333,-1.2666666666666662,0.20000000000000018,0.18501475207004855,0.23704278767569908,0.13343720882139715,0.2756343230706979,0.41122267694552833,0.3026395431458722,0.30123252928382843,0.2901815167674907,0.5962374290155769,0.5396823308215714,0.4346697381052255,0.5658158398381886,-2.0402884496755247,-0.2067701849785895
2022021306,2023-04-14,2022-2023,CHI,PHI,4,5,9,-1,0,2.0,2.0,0.0,0,0,1.0,1.0,0.0,2.0,3.0,2.4,2.5,-0.10000000000000009,3.5,3.5,0.0,5.9,6.0,27.6,29.7,31.0,31.0,0.0941095176746326,0.10256144562026911,0.8850966775160323,0.8851025544424861,0.3,0.3,0.5,0.5,24.5,23.6,6.2,10.2,16.2,14.3,5.6,8.2,8.6,6.0,0.0,0.0,5.0,5.0,1.5055453054181624,1.2692955176439829,1.5811388300841887,1.715938356831166,0.9333333333333336,-0.16666666666666652,0.5,0.5,0.19200672744976544,0.09198312236286921,0.17173388320540217,0.13122452996703496,0.23881266412911983,0.1330942334739803,0.22902754418577206,0.21758949541094777,0.4308193915788852,0.2250773558368495,0.4007614273911742,0.34881402537798273,-2.025449297537905,-0.5879657284753887
2022021309,2023-04-14,2022-2023,COL,WPG,4,2,6,2,1,1.0,1.0,0.0,0,0,-1.0,3.0,-4.0,8.0,7.0,3.8,3.0,0.7999999999999998,2.4,1.8,0.5999999999999999,6.2,4.8,35.3,30.7,29.2,28.3,0.11149688456986417,0.1051510592653968,0.9151725192066588,0.9337909663865547,0.8,0.5,0.5,0.7,16.6,19.5,6.4,8.3,13.6,13.1,7.4,7.5,7.3,7.0,2.0,2.0,4.0,6.0,1.5491933384829653,2.260776661041757,0.9660917830792956,1.0327955589886433,-0.46666666666666634,0.6666666666666665,0.6000000000000001,-0.8,0.05096549540993985,0.13915358359802804,0.08561716027639339,0.11386962264155247,0.10686874348076535,0.2504921949366394,0.11922449304280648,0.2515185687700307,0.15783423889070522,0.3896457785346674,0.20484165331919987,0.36538819141158324,-0.10726683856863081,0.40683289806096823
2022021307,2023-04-14,2022-2023,DAL,STL,1,0,1,1,1,1.0,1.0,0.0,0,0,5.0,-2.0,7.0,8.0,5.0,3.6,3.9,-0.2999999999999998,1.7,4.0,-2.3,5.3,7.9,29.1,29.0,24.2,31.6,0.12568050780954004,0.1377232780944507,0.9272566137566137,0.874472352500292,1.3,0.4,0.3,1.8,17.6,16.6,5.5,9.1,12.1,14.2,6.8,7.9,9.9,6.1,4.0,2.0,5.0,5.0,1.7763883459298975,1.791957340762082,0.8232726023485636,1.6996731711975956,0.3999999999999999,-1.2333333333333334,-0.3666666666666667,-0.3333333333333335,0.2633744855967078,0.13396665063331728,0.20690329218106993,0.15367236971179624,0.4732510288065844,0.3219790497568275,0.37951646090534985,0.35129788239107235,0.7366255144032922,0.4559457003901448,0.5864197530864198,0.5049702521028686,0.915,-0.8667895028110082
2022021308,2023-04-14,2022-2023,EDM,SJS,5,2,7,3,1,1.0,0.0,1.0,0,1,8.0,-5.0,13.0,9.0,3.0,4.1,2.8,1.2999999999999998,1.9,4.0,-2.1,6.0,6.8,35.2,25.8,28.6,33.7,0.11715673712892845,0.10519575411178717,0.9276040455707975,0.8665134985518745,1.2,0.6,0.3,0.4,26.4,23.8,5.8,4.4,12.1,16.4,7.9,8.4,8.5,8.8,3.0,1.0,4.0,5.0,1.7919573407620835,1.7511900715418265,1.6633299933166192,2.260776661041756,-0.4333333333333331,-1.4666666666666666,-0.8999999999999999,0.666666666666667,0.23755411255411255,0.3080088635644191,0.27394152508428177,0.21439718759111015,0.24718614718614718,0.6441911997467553,0.3872490534937792,0.43202909680171114,0.48474025974025975,0.9522000633111743,0.6611905785780611,0.6464262843928211,0.7972453589542197,-1.6584119611074442
2022021305,2023-04-14,2022-2023,NSH,MIN,4,3,7,1,1,2.0,1.0,1.0,0,0,1.0,-1.0,2.0,5.0,5.0,2.1,3.1,-1.0,2.5,2.6,-0.10000000000000009,4.6,5.7,26.1,27.5,34.9,33.8,0.08109335411659248,0.12124510242968659,0.92617069420088,0.917717786457783,0.5,0.5,0.6,0.2,23.2,23.1,7.6,11.2,19.1,16.9,7.2,6.2,8.2,6.0,3.0,2.0,5.0,5.0,1.728840330651992,1.5951314818673874,2.0682789409984754,1.074967699773141,-0.43333333333333335,0.2333333333333334,-1.1666666666666667,0.06666666666666643,0.10353733775682439,0.1112962962962963,0.11168930379904711,0.1037594696969697,0.28150646062510915,0.1692592592592593,0.19154688110620535,0.1973979377104377,0.38504379838193353,0.28055555555555556,0.30323618490525245,0.30115740740740743,-0.2832245129586669,-0.9787878787878788
2022020320,2023-04-15,2022-2023,NSH,COL,3,4,7,-1,0,0.0,0.0,0.0,1,1,2.0,1.0,1.0,6.0,8.0,2.3,3.9,-1.6,2.1,2.5,-0.3999999999999999,4.4,6.4,27.6,34.8,33.4,29.4,0.08149657992304409,0.11749688456986421,0.9316194121495979,0.9107280747622143,0.5,0.7,0.5,0.5,20.9,15.8,7.0,6.8,18.9,14.5,6.9,7.1,8.7,7.4,4.0,6.0,5.0,4.0,1.8287822299126937,1.5238839267549928,1.3703203194062956,0.8498365855987972,-0.2999999999999998,-0.5666666666666664,0.2333333333333334,0.16666666666666652,0.10873015873015873,0.04829072387109413,0.11203134778403595,0.053021330927795124,0.2863945578231292,0.11960983193197654,0.20004050206303148,0.10418476092722857,0.395124716553288,0.16790055580307064,0.3120718498470675,0.15720609185502368,-0.19857565487365797,-0.789120960632459
