game_id,date,season,home_team,away_team,home_score,away_score,home_won,home_wins_l10,away_wins_l10,home_net_rating_l10,away_net_rating_l10,home_ppg_l10,away_ppg_l10,home_opp_ppg_l10,away_opp_ppg_l10,home_rest_days,away_rest_days,is_back_to_back_home,is_back_to_back_away,home_top3_avg_ppg,away_top3_avg_ppg,home_top5_avg_mpg,away_top5_avg_mpg,home_top6_total_plusminus,away_top6_total_plusminus,home_star_ppg,away_star_ppg,home_6thman_quality,away_6thman_quality,home_depth_variance,away_depth_variance,home_fg_pct_l10,away_fg_pct_l10,home_fg3_pct_l10,away_fg3_pct_l10
21800068,2018-10-26,2018-19,NYK,GSW,100,128,0,4.0,5.0,-2.3,4.1,107.4,115.6,109.7,111.5,1.0,1.0,0,0,11.355555555555554,23.296296296296294,19.632355555555556,26.261386243386244,-9.933333333333334,30.67142857142857,19.9,23.22222222222222,9.7,5.2,5.589341709069212,10.917364851245216,0.4236,0.48789999999999994,0.3505,0.3589
21800091,2018-10-29,2018-19,CHI,GSW,124,149,0,3.0,6.0,-7.2,5.1,103.1,117.2,110.3,112.1,1.0,0.0,0,1,13.551515151515153,16.20707070707071,24.414069696969698,26.490402356902358,-21.481818181818184,30.767676767676765,11.363636363636363,25.818181818181817,3.6,5.333333333333333,7.523439222925034,10.807017986385137,0.4391,0.497,0.3631,0.3699
21800095,2018-10-29,2018-19,DEN,NOP,116,111,1,8.0,4.0,7.2,-3.2,110.0,118.9,102.8,122.1,3.0,1.0,0,0,12.469444444444447,15.796296296296296,24.424765740740742,23.980685185185184,32.09166666666667,6.083333333333335,13.333333333333334,21.5,10.9,3.5,4.19106329874342,6.4493141921744455,0.45549999999999996,0.4655,0.3108,0.3431
21800087,2018-10-29,2018-19,IND,POR,93,103,0,6.0,6.0,5.2,5.5,108.4,117.7,103.2,112.2,1.0,1.0,0,0,13.592592592592593,16.40740740740741,27.42128042328042,25.05748333333333,10.714285714285714,29.566666666666663,12.444444444444445,24.333333333333332,14.0,9.4,4.681702014572733,6.786728531212855,0.4822,0.4668,0.392,0.39059999999999995
21800089,2018-10-29,2018-19,MIA,SAC,113,123,0,6.0,4.0,3.2,-5.8,113.2,113.6,110.0,119.4,1.0,2.0,0,0,16.05,14.388888888888888,27.845941666666665,25.32124074074074,20.175,-8.747474747474747,17.75,15.0,7.1,8.25,3.7892501456972547,2.865741488661423,0.4422,0.4638,0.3444,0.3843
21800092,2018-10-29,2018-19,MIL,TOR,124,109,1,9.0,9.0,16.6,13.0,121.5,116.3,104.9,103.3,1.0,2.0,0,0,14.340740740740742,12.428619528619528,25.10433611111111,24.073404377104378,62.41666666666667,45.921212121212115,20.11111111111111,16.22222222222222,3.6666666666666665,6.6,5.476519745104414,3.449742210796865,0.47829999999999995,0.4808,0.3876,0.3745
21800093,2018-10-29,2018-19,MIN,LAL,124,120,1,2.0,5.0,-10.6,1.5,110.6,119.1,121.2,117.6,2.0,1.0,0,0,17.169696969696968,15.76031746031746,28.141001010101007,26.17526111111111,-39.12929292929293,9.477272727272727,20.6,21.9,10.454545454545455,12.090909090909092,4.597980526560214,4.9350241772259364,0.42299999999999993,0.48519999999999996,0.3323,0.3238
21800090,2018-10-29,2018-19,NYK,BKN,115,96,1,3.0,4.0,-5.4,-3.7,105.0,106.6,110.4,110.3,2.0,0.0,0,1,11.696969696969697,16.099999999999998,23.064262626262625,26.153422222222225,-13.303030303030303,-14.17142857142857,20.272727272727273,18.7,10.818181818181818,6.857142857142857,5.047821509284267,5.146115737199274,0.4231,0.4577,0.339,0.3525
21800088,2018-10-29,2018-19,PHI,ATL,113,92,1,6.0,4.0,1.7,-3.4,113.1,111.6,111.4,115.0,1.0,1.0,0,0,16.43703703703704,16.11111111111111,28.877092592592597,24.96024166666667,8.355555555555554,2.6527777777777786,11.5,13.6,18.4,8.0,6.75399622598178,4.632657074948897,0.45709999999999995,0.44800000000000006,0.3363,0.3567
21800094,2018-10-29,2018-19,SAS,DAL,113,108,1,6.0,4.0,0.5,0.9,111.0,113.3,110.5,112.4,1.0,0.0,0,1,17.274074074074075,15.925000000000002,27.13226296296296,30.667109259259256,4.2666666666666675,-10.17222222222222,20.6,14.875,2.888888888888889,9.7,6.393385535131058,3.1188305767814106,0.4591,0.45039999999999997,0.3648,0.3601
21800100,2018-10-30,2018-19,TOR,PHI,129,112,1,9.0,6.0,13.0,1.8,118.2,114.0,105.2,112.2,0.0,0.0,1,1,15.859848484848484,16.245454545454546,27.090442676767672,29.302827272727274,44.218939393939394,15.527272727272727,15.5,11.454545454545455,6.363636363636363,9.545454545454545,5.18476148946433,6.058785484129615,0.4833,0.45030000000000003,0.376,0.34540000000000004
21800102,2018-10-30,2018-19,MEM,WAS,107,95,1,5.0,5.0,-2.5,-0.9,104.8,116.1,107.3,117.0,2.0,1.0,0,0,13.819444444444443,16.466666666666665,25.284222222222223,26.34129393939394,0.03611111111110982,-5.982828282828282,12.444444444444445,20.9,5.1,7.0,5.01719163817333,5.4348178607073265,0.4431,0.46340000000000003,0.344,0.2996
21800101,2018-10-30,2018-19,HOU,POR,85,104,0,5.0,7.0,3.7,8.3,113.8,117.6,110.1,109.3,3.0,0.0,0,1,13.180555555555555,16.233333333333334,29.851458333333333,25.421403703703703,2.4722222222222223,30.980808080808078,15.125,7.6,10.0,10.272727272727273,1.7315829837549308,6.085445207191022,0.44580000000000003,0.47350000000000003,0.3787,0.39039999999999997
21800098,2018-10-30,2018-19,ORL,SAC,99,107,0,4.0,5.0,-3.0,-2.0,99.6,116.5,102.6,118.5,2.0,0.0,0,1,15.12121212121212,12.505128205128207,26.372719696969693,23.565247435897437,-12.883838383838384,5.078205128205129,14.545454545454545,15.615384615384615,6.333333333333333,12.846153846153847,4.318818843673456,3.0134939781933356,0.4232,0.4786,0.3174,0.3847
21800096,2018-10-30,2018-19,CHA,MIA,125,113,1,6.0,6.0,5.6,3.1,115.4,113.2,109.8,110.1,2.0,0.0,0,1,13.89141414141414,12.36868686868687,22.904427777777776,27.93842424242424,18.887878787878787,6.136363636363638,24.583333333333332,14.545454545454545,10.818181818181818,10.636363636363637,6.796163803172123,4.133000096002719,0.4649,0.442,0.3888,0.3398
21800099,2018-10-30,2018-19,BOS,DET,108,105,1,5.0,6.0,0.9,-1.3,101.8,107.7,100.9,109.0,2.0,2.0,0,0,11.319444444444445,14.435185185185185,26.180623148148147,29.604463888888894,-9.041666666666666,-0.1861111111111109,14.125,8.25,9.5,14.25,2.354065140386983,6.629336844352139,0.4091,0.4241,0.30389999999999995,0.3274
21800097,2018-10-30,2018-19,CLE,ATL,136,114,1,2.0,3.0,-8.7,-6.9,106.1,109.2,114.8,116.1,2.0,0.0,0,1,10.037037037037036,13.666666666666666,23.174614814814817,25.01546666666666,-29.92222222222222,-10.79090909090909,10.555555555555555,16.818181818181817,14.333333333333334,6.9,3.0709042112864933,4.43111711626669,0.4423,0.43950000000000006,0.3231,0.35409999999999997
21800110,2018-10-31,2018-19,PHX,SAS,90,120,0,3.0,6.0,-11.5,0.6,101.8,111.9,113.3,111.3,2.0,1.0,0,0,13.424242424242424,13.839393939393938,21.275564393939398,23.3009,-19.806818181818183,4.709090909090909,12.636363636363637,21.818181818181817,9.636363636363637,14.9,4.793078903158263,7.244563650030195,0.44770000000000004,0.46180000000000004,0.325,0.3689
21800107,2018-10-31,2018-19,MIN,UTA,128,125,1,3.0,8.0,-7.5,13.3,112.9,116.4,120.4,103.1,1.0,2.0,0,0,14.573232323232324,16.163636363636364,26.336068939393936,27.28849090909091,-27.79318181818182,54.13939393939394,13.636363636363637,13.3,7.666666666666667,8.222222222222221,3.7777616404343926,4.208512547944241,0.43010000000000004,0.4806,0.36160000000000003,0.3921
21800109,2018-10-31,2018-19,LAL,DAL,114,113,1,4.0,3.0,0.6,-4.9,118.3,112.5,117.7,117.4,1.0,1.0,0,0,14.985236985236988,15.855218855218856,26.608818829318828,30.72939730639731,-1.1733682983682985,-7.814141414141415,22.545454545454547,15.0,7.25,7.7,5.7435967158292565,4.247514522768237,0.47969999999999996,0.4457,0.3302,0.3339
21800105,2018-10-31,2018-19,NYK,IND,101,107,0,3.0,5.0,-4.0,3.2,105.8,106.7,109.8,103.5,1.0,1.0,0,0,12.083333333333334,15.066666666666668,22.867611111111113,27.806099999999997,-5.666666666666668,14.008333333333331,20.666666666666668,11.5,15.6,8.2,5.041722221916135,4.735875252082997,0.42510000000000003,0.4793,0.3408,0.39280000000000004
21800106,2018-10-31,2018-19,CHI,DEN,107,108,0,3.0,8.0,-6.3,6.0,107.3,109.2,113.6,103.2,1.0,1.0,0,0,14.333333333333334,13.31885521885522,25.29771212121212,25.13959494949495,-28.287878787878782,31.185858585858586,23.833333333333332,14.3,5.0,10.545454545454545,7.399340452618858,4.050176082596584,0.4556,0.4547,0.3774,0.30710000000000004
21800104,2018-10-31,2018-19,BKN,DET,120,119,1,4.0,5.0,-5.1,-2.2,106.0,108.5,111.1,110.7,1.0,0.0,0,1,11.727272727272727,19.326599326599325,27.238272727272726,29.347074074074072,-19.954545454545453,1.7979797979797978,12.090909090909092,25.333333333333332,8.75,3.0,4.550143414928669,7.919154340940183,0.4593,0.4197,0.3619,0.3298
21800108,2018-10-31,2018-19,GSW,NOP,131,121,1,7.0,4.0,8.4,-2.5,121.2,118.4,112.8,120.9,1.0,1.0,0,0,24.638888888888886,16.775,26.923536752136748,28.006954629629632,44.246153846153845,10.37142857142857,24.833333333333332,14.8,2.7,3.7142857142857144,11.084222263195803,7.1075074386029256,0.5016,0.47250000000000003,0.39239999999999997,0.35559999999999997
21800114,2018-11-01,2018-19,ATL,SAC,115,146,0,3.0,5.0,-8.1,-4.4,109.6,114.0,117.7,118.4,1.0,1.0,0,0,15.429292929292929,15.249084249084248,24.67447222222222,26.159639194139192,-20.386363636363637,-2.8721278721278725,15.454545454545455,14.461538461538462,11.166666666666666,13.0,3.738630351125517,2.5838397222000666,0.4492,0.47430000000000005,0.3598,0.37629999999999997
21800115,2018-11-01,2018-19,BOS,MIL,117,113,1,6.0,9.0,1.9,14.7,102.9,122.3,101.0,107.6,1.0,2.0,0,0,13.166666666666666,19.022222222222222,25.438434006734006,26.443769023569025,3.686868686868687,75.21919191919193,16.0,24.666666666666668,9.272727272727273,8.090909090909092,3.7923780237550644,6.436679404074879,0.4185,0.47780000000000006,0.31379999999999997,0.39649999999999996
21800111,2018-11-01,2018-19,CHA,OKC,107,111,0,6.0,5.0,5.9,1.3,115.7,108.8,109.8,107.5,1.0,1.0,0,0,14.722222222222221,21.0,25.10406196581196,27.915748148148147,22.174242424242422,15.944444444444445,9.846153846153847,24.88888888888889,6.909090909090909,9.0,6.2290839505485565,7.954439452022045,0.46860000000000007,0.4189,0.38849999999999996,0.3164
21800112,2018-11-01,2018-19,CLE,DEN,91,110,0,2.0,8.0,-7.2,5.9,109.5,108.7,116.7,102.8,1.0,0.0,0,1,8.6,10.949494949494948,23.854842424242424,23.512012626262624,-12.845454545454547,24.56818181818182,6.3,5.181818181818182,11.6,17.25,2.615205062831815,4.93703389116233,0.45099999999999996,0.4526,0.3351,0.29869999999999997
21800116,2018-11-01,2018-19,POR,NOP,132,119,1,7.0,4.0,8.0,-2.1,116.5,120.3,108.5,122.4,1.0,0.0,0,1,16.151515151515152,16.742424242424242,25.52864696969697,25.364466666666665,34.69242424242424,-5.6000000000000005,7.363636363636363,21.5,9.5,4.636363636363637,6.238059791330004,6.963715730618209,0.4753,0.4838,0.3954,0.3694
21800122,2018-11-02,2018-19,UTA,MEM,100,110,0,7.0,6.0,11.5,0.3,118.4,104.0,106.9,103.7,1.0,2.0,0,0,13.691919191919192,11.303703703703704,24.52507777777778,26.09288148148148,48.43030303030303,3.0949494949494953,13.272727272727273,13.1,9.636363636363637,12.363636363636363,3.1066247332008765,4.482481387639929,0.4857,0.4446,0.3935,0.3529
21800119,2018-11-02,2018-19,WAS,OKC,111,134,0,4.0,6.0,-2.8,2.3,113.5,110.8,116.3,108.5,2.0,0.0,0,1,17.315656565656564,15.772727272727273,21.694213636363635,27.85640606060606,-10.0,17.527272727272727,18.818181818181817,9.090909090909092,6.5,12.3,7.671759622108766,7.4595496876621,0.4553999999999999,0.425,0.3088,0.293
21800124,2018-11-02,2018-19,GSW,MIN,116,99,1,8.0,4.0,10.4,-6.0,123.0,115.6,112.6,121.6,1.0,1.0,0,0,24.76923076923077,12.985754985754985,26.878214119214114,27.31350025900026,42.518981018981016,-20.602758352758354,20.307692307692307,7.333333333333333,3.272727272727273,10.23076923076923,10.99586650960225,5.997799736598594,0.5105999999999999,0.44749999999999995,0.40330000000000005,0.381
21800123,2018-11-02,2018-19,PHX,TOR,98,107,0,2.0,9.0,-15.0,10.9,101.7,119.1,116.7,108.2,1.0,2.0,0,0,18.444444444444446,16.73038073038073,27.027074074074072,26.5393085988086,-30.72222222222222,54.8966588966589,27.75,15.909090909090908,13.333333333333334,14.0,7.817655706203794,4.35713861971824,0.4476,0.485,0.3274,0.37529999999999997
21800120,2018-11-02,2018-19,CHI,IND,105,107,0,3.0,6.0,-5.8,4.3,107.6,107.0,113.4,102.7,1.0,1.0,0,0,16.307692307692307,13.737373737373737,25.520102564102565,28.33883164983165,-26.46153846153846,15.363636363636363,11.461538461538462,21.363636363636363,9.307692307692308,8.2,5.806478052720585,4.885061528802864,0.454,0.496,0.3875,0.3952
21800118,2018-11-02,2018-19,BKN,HOU,111,119,0,4.0,4.0,-5.2,0.2,107.0,109.2,112.2,109.0,1.0,2.0,0,0,14.611111111111112,13.14814814814815,26.49822222222222,30.17066666666667,-9.055555555555555,-4.652777777777779,13.0,11.333333333333334,6.166666666666667,9.5,4.352474344761919,1.9398442939508478,0.4556,0.4281,0.3621,0.3563
21800121,2018-11-02,2018-19,DAL,NYK,106,118,0,3.0,2.0,-4.4,-5.2,112.4,105.3,116.8,110.5,1.0,1.0,0,0,15.427777777777777,12.395234395234397,31.128751515151514,22.740722869722866,-7.583333333333333,-11.770784770784772,14.5,10.818181818181818,7.833333333333333,14.818181818181818,3.44832513033051,6.0150079224427575,0.45099999999999996,0.43229999999999996,0.3454,0.36619999999999997
21800128,2018-11-03,2018-19,ATL,MIA,123,118,1,3.0,6.0,-9.3,2.6,111.7,113.1,121.0,110.5,1.0,3.0,0,0,10.615384615384615,14.119841269841269,21.16517948717949,26.47677380952381,-14.694871794871794,-0.695238095238095,17.153846153846153,18.8,14.75,7.833333333333333,4.919933140851982,4.125759578706079,0.45949999999999996,0.44420000000000004,0.3548,0.3391
21800126,2018-11-03,2018-19,CHA,CLE,126,94,1,5.0,1.0,4.9,-10.2,115.4,107.3,110.5,117.5,1.0,1.0,0,0,14.976190476190476,10.424242424242424,25.441967032967035,22.23599494949495,20.565934065934066,-16.37878787878788,23.928571428571427,11.636363636363637,12.307692307692308,12.818181818181818,5.9583978324464475,3.5312642294882752,0.46420000000000006,0.4487,0.3859,0.33209999999999995
21800129,2018-11-03,2018-19,CHI,HOU,88,96,0,2.0,5.0,-7.5,2.0,107.7,111.1,115.2,109.1,0.0,0.0,1,1,15.476190476190476,13.799999999999999,26.309602564102562,31.581965993265992,-29.714285714285715,5.14949494949495,13.142857142857142,17.0,7.5,5.0,6.778045153844539,6.910105739949174,0.4612,0.43360000000000004,0.3861,0.35730000000000006
21800131,2018-11-03,2018-19,DEN,UTA,103,88,1,8.0,6.0,7.0,7.5,110.1,115.5,103.1,108.0,1.0,0.0,0,1,15.56934731934732,13.25,25.361898795648795,28.094006410256405,26.498834498834498,39.09615384615385,13.75,16.0,5.2727272727272725,4.538461538461538,4.885960245342496,5.203695041846538,0.45289999999999997,0.483,0.3062,0.3991
21800127,2018-11-03,2018-19,IND,BOS,102,101,1,6.0,6.0,3.6,2.0,106.6,103.1,103.0,101.1,0.0,1.0,1,0,14.683333333333335,13.022727272727273,27.380833333333335,26.978772727272723,18.118181818181817,-3.2439393939393946,21.666666666666668,13.833333333333334,7.818181818181818,10.0,5.0426852593671025,2.870014341990702,0.49420000000000003,0.4189,0.3842,0.3155
21800125,2018-11-03,2018-19,PHI,DET,109,99,1,5.0,5.0,-0.2,0.1,113.4,111.1,113.6,111.0,1.0,2.0,0,0,18.692307692307693,14.661111111111111,28.088773931623926,24.430316666666666,11.450000000000001,-4.383333333333333,26.846153846153847,25.3,9.615384615384615,19.5,7.33180397656226,8.31324523253683,0.4441,0.42680000000000007,0.34409999999999996,0.3366
21800132,2018-11-03,2018-19,POR,LAL,110,114,0,8.0,5.0,10.4,2.3,118.5,121.0,108.1,118.7,1.0,2.0,0,0,16.22222222222222,19.40079365079365,25.88357206682207,26.90638095238095,42.110722610722604,6.551282051282051,23.583333333333332,17.333333333333332,6.461538461538462,10.846153846153847,6.494752684382059,5.435430420408204,0.47400000000000003,0.49239999999999995,0.4062,0.37229999999999996
21800130,2018-11-03,2018-19,SAS,NOP,109,95,1,6.0,4.0,1.2,-2.8,112.2,122.2,111.0,125.0,2.0,1.0,0,0,14.179292929292929,20.0513468013468,24.915535353535354,28.98430471380471,14.56060606060606,-1.5858585858585865,17.363636363636363,22.88888888888889,11.833333333333334,4.5,6.779802334653252,6.599935267703032,0.46110000000000007,0.48810000000000003,0.34819999999999995,0.3684
21800137,2018-11-04,2018-19,SAS,ORL,110,117,0,7.0,3.0,4.1,-9.9,113.8,98.2,109.7,108.1,0.0,1.0,1,0,16.147435897435898,11.794871794871796,25.804653846153844,26.551815384615384,13.903846153846153,-18.223076923076924,17.75,14.0,7.461538461538462,6.9,6.781680167733944,4.064380561550853,0.46980000000000005,0.41509999999999997,0.364,0.29610000000000003
21800135,2018-11-04,2018-19,WAS,NYK,108,95,1,3.0,3.0,-6.3,-2.8,113.6,107.3,119.9,110.1,1.0,1.0,0,0,16.699494949494948,8.258730158730158,26.049022144522144,22.457739682539682,-25.688811188811187,-2.7595238095238095,21.083333333333332,10.833333333333334,6.0,2.2857142857142856,6.550215890882729,6.9220800879334075,0.46040000000000003,0.4441,0.311,0.3595
21800136,2018-11-04,2018-19,PHX,MEM,102,100,1,2.0,6.0,-13.7,0.3,102.2,103.0,115.9,102.7,1.0,1.0,0,0,17.77948717948718,10.295959595959596,27.516964102564106,25.61407727272727,-24.838461538461537,8.745454545454546,10.153846153846153,13.454545454545455,5.3,4.4,7.81161578822715,5.4136257763652145,0.4528,0.44830000000000003,0.3238,0.3696
21800138,2018-11-04,2018-19,POR,MIN,111,81,1,7.0,4.0,6.7,-5.9,117.9,114.8,111.2,120.7,0.0,1.0,1,0,16.523809523809522,10.167094017094017,24.843745421245423,22.8664355006105,36.49267399267399,-24.10613553113553,24.076923076923077,13.7,9.083333333333334,10.357142857142858,6.604765866615449,5.40037440329821,0.4685,0.44029999999999997,0.37639999999999996,0.3735
21800139,2018-11-04,2018-19,LAL,TOR,107,121,0,5.0,9.0,1.7,9.1,120.1,118.0,118.4,108.9,0.0,1.0,1,0,14.885714285714286,13.666666666666666,27.610417094017095,26.339725885225885,-1.0335997335997336,39.80952380952381,16.4,11.5,9.0,9.875,5.78012252526157,2.983115805045395,0.5014000000000001,0.4901,0.38,0.36849999999999994
21800134,2018-11-04,2018-19,BKN,PHI,122,97,1,4.0,6.0,-3.3,1.1,109.0,113.1,112.3,112.0,1.0,0.0,0,1,13.256410256410257,15.452380952380954,26.916354700854704,26.379203463203464,-15.356410256410255,15.006493506493506,8.0,27.714285714285715,6.4,17.5,4.555006782103607,7.826999512074935,0.4648,0.4351999999999999,0.38309999999999994,0.3486
21800133,2018-11-04,2018-19,MIL,SAC,144,109,1,8.0,6.0,12.5,2.6,121.1,119.3,108.6,116.7,2.0,2.0,0,0,19.088383838383837,10.553174603174602,26.946538888888888,25.082268650793647,62.5469696969697,0.47261904761904727,25.5,15.642857142857142,6.583333333333333,13.5,6.969322563505313,4.048834668063413,0.4803,0.49400000000000005,0.3914,0.3996
21800145,2018-11-05,2018-19,DEN,BOS,115,107,1,9.0,6.0,9.1,2.6,110.1,103.7,101.0,101.1,1.0,1.0,0,0,13.765567765567766,13.900738150738151,25.671875152625155,27.08041258741259,31.982600732600737,0.3986013986013983,14.153846153846153,13.846153846153847,10.571428571428571,5.0,3.8582838549069485,4.143057897097862,0.4612,0.4194,0.3062,0.3407
21800140,2018-11-05,2018-19,DET,MIA,115,120,0,5.0,5.0,-0.7,2.0,110.2,115.9,110.9,113.9,1.0,1.0,0,0,19.62937062937063,14.958333333333334,26.236660256410254,28.006049630924633,-8.418414918414918,4.9600815850815865,18.615384615384617,20.0,10.384615384615385,11.923076923076923,7.5230998239085265,4.124967222464936,0.4303,0.4511,0.31379999999999997,0.3458
21800147,2018-11-05,2018-19,GSW,MEM,117,101,1,9.0,5.0,13.5,-0.4,124.1,102.1,110.6,102.5,2.0,0.0,0,1,24.976190476190478,11.670551670551669,24.14206349206349,26.822224941724944,32.076190476190476,3.577505827505828,20.428571428571427,11.76923076923077,6.066666666666666,10.583333333333334,11.27038648357012,4.309293764734771,0.5196999999999999,0.45439999999999997,0.4102,0.3781
21800141,2018-11-05,2018-19,IND,HOU,94,98,0,7.0,5.0,5.2,1.3,107.9,109.9,102.7,108.6,1.0,1.0,0,0,15.51981351981352,18.445454545454545,27.94048251748252,30.440642424242423,14.090909090909092,9.163636363636364,21.846153846153847,16.09090909090909,11.153846153846153,14.666666666666666,4.633788271007342,5.877312425488485,0.4969,0.4347,0.38380000000000003,0.35619999999999996
21800143,2018-11-05,2018-19,NYK,CHI,115,116,0,3.0,2.0,-3.5,-7.8,106.1,107.2,109.6,115.0,0.0,1.0,1,0,12.523076923076923,16.244444444444444,21.408852991452992,27.313755555555552,2.3692307692307693,-25.000000000000004,11.8,23.666666666666668,2.5,11.8,4.285036192872528,5.608525256745803,0.4408,0.4584,0.3351,0.3849
21800144,2018-11-05,2018-19,OKC,NOP,122,116,1,6.0,4.0,3.4,-3.0,112.9,118.9,109.5,121.9,2.0,1.0,0,0,15.207070707070706,20.20897435897436,28.277616161616162,26.469781623931624,24.530303030303028,-10.258974358974358,22.90909090909091,17.076923076923077,14.833333333333334,4.0,7.005053053971119,8.036046901478446,0.4367,0.47850000000000004,0.31029999999999996,0.3485
21800142,2018-11-05,2018-19,ORL,CLE,102,100,1,3.0,1.0,-10.8,-12.5,99.7,106.5,110.5,119.0,0.0,1.0,1,0,13.12121212121212,10.11111111111111,27.12637445887446,24.92644444444444,-15.240259740259742,-26.642857142857142,14.857142857142858,11.416666666666666,6.2727272727272725,5.285714285714286,4.105132458020291,3.251065294329995,0.4206,0.44699999999999995,0.3003,0.32989999999999997
21800146,2018-11-05,2018-19,UTA,TOR,111,124,0,5.0,9.0,4.9,9.0,112.0,116.7,107.1,107.7,1.0,0.0,0,1,12.921245421245422,12.278062678062676,24.360123809523806,23.340236263736262,35.596703296703296,22.27838827838828,13.0,11.8,12.357142857142858,6.333333333333333,2.3468427242682863,3.8752826805193292,0.4766,0.4871,0.3685,0.3533
21800152,2018-11-06,2018-19,POR,MIL,118,103,1,7.0,9.0,9.4,16.4,117.2,124.0,107.8,107.6,1.0,1.0,0,0,16.80952380952381,19.126262626262626,26.199695482295482,26.99572163947164,41.54468864468865,74.28146853146853,23.642857142857142,25.545454545454547,10.0,9.454545454545455,6.1222355971885785,6.1533893261028965,0.46790000000000004,0.4861,0.3593,0.3901
21800149,2018-11-06,2018-19,CHA,ATL,113,102,1,5.0,3.0,7.6,-9.1,115.7,111.0,108.1,120.1,2.0,2.0,0,0,14.277777777777779,10.476190476190476,25.484452380952384,22.837738095238098,25.253113553113554,-12.637362637362639,23.533333333333335,4.142857142857143,8.076923076923077,8.666666666666666,6.038786154964322,4.735850024944831,0.4694,0.4535,0.36160000000000003,0.35419999999999996
21800150,2018-11-06,2018-19,DAL,WAS,119,100,1,2.0,3.0,-5.9,-5.5,111.5,114.2,117.4,119.7,3.0,1.0,0,0,15.098368298368298,16.94871794871795,31.3862412975913,27.9791336996337,-10.531934731934733,1.2701465201465194,18.076923076923077,19.384615384615383,8.692307692307692,10.666666666666666,3.2193805277875582,4.56761805629473,0.4534999999999999,0.45680000000000004,0.3428,0.3028
21800151,2018-11-06,2018-19,PHX,BKN,82,104,0,2.0,4.0,-14.3,-1.4,100.7,109.9,115.0,111.3,1.0,1.0,0,0,17.302308802308804,14.95238095238095,27.25844877344877,27.53392857142857,-19.51948051948052,-8.928571428571429,25.666666666666668,18.5,6.428571428571429,12.071428571428571,7.51879417980735,4.312298501651635,0.4532,0.46180000000000004,0.32520000000000004,0.3747
21800161,2018-11-07,2018-19,SAC,TOR,105,114,0,6.0,9.0,-0.6,9.1,118.7,117.5,119.3,108.4,2.0,1.0,0,0,15.658333333333333,16.787499999999998,26.119838425925927,27.686027976190474,-0.9090811965811953,59.000595238095244,15.6,16.0,12.76923076923077,8.2,3.0242963838119183,5.02093147668025,0.496,0.4952,0.3968,0.3503
21800159,2018-11-07,2018-19,NOP,CHI,107,98,1,4.0,3.0,-2.1,-5.8,118.6,108.0,120.7,113.8,1.0,1.0,0,0,17.316017316017316,16.520833333333332,27.98835198135198,26.925873611111108,-8.716783216783217,-16.475,17.428571428571427,11.4375,17.928571428571427,12.125,6.587660014568939,6.672482706081969,0.48039999999999994,0.4601,0.34950000000000003,0.37829999999999997
21800160,2018-11-07,2018-19,UTA,DAL,117,102,1,4.0,3.0,-0.3,-3.5,109.9,111.6,110.2,115.1,1.0,0.0,0,1,14.01074481074481,16.365079365079364,28.444508547008546,31.40896703296703,26.01721611721612,-2.9010989010989015,9.933333333333334,15.166666666666666,10.071428571428571,8.857142857142858,3.61137966875518,3.3645770587580675,0.46080000000000004,0.4553999999999999,0.3476,0.35450000000000004
21800156,2018-11-07,2018-19,MIA,SAS,95,88,1,5.0,7.0,1.3,3.7,113.9,112.1,112.6,108.4,1.0,2.0,0,0,12.432539682539682,17.2014652014652,24.155983211233213,26.91885714285715,0.3812576312576317,13.142857142857144,20.583333333333332,22.571428571428573,9.777777777777779,4.857142857142857,6.059211695824307,6.325856095386004,0.44880000000000003,0.45780000000000004,0.35120000000000007,0.35960000000000003
21800154,2018-11-07,2018-19,ORL,DET,96,103,0,4.0,5.0,-8.7,-0.7,101.8,112.0,110.5,112.7,1.0,1.0,0,0,13.266666666666667,17.414835164835164,27.331799999999998,27.112804639804637,-8.85,-5.197802197802198,17.533333333333335,26.25,4.0,9.928571428571429,4.8307195997958585,7.269004354423864,0.4283,0.43570000000000003,0.3135,0.3185
21800162,2018-11-07,2018-19,LAL,MIN,114,110,1,4.0,4.0,-1.1,-7.4,118.9,110.9,120.0,118.3,2.0,1.0,0,0,19.082521645021647,18.243055555555554,27.14701055194805,29.16848313492064,-8.142045454545455,-33.56011904761905,23.071428571428573,22.0,3.4545454545454546,6.933333333333334,6.9216695991510155,5.485747790360439,0.49399999999999994,0.4361,0.35209999999999997,0.35869999999999996
21800157,2018-11-07,2018-19,IND,PHI,94,100,0,6.0,6.0,2.0,0.4,106.2,114.1,104.2,113.7,1.0,2.0,0,0,16.261904761904763,15.747619047619049,26.88860073260073,29.6771873015873,14.279304029304027,7.542857142857142,22.285714285714285,26.933333333333334,10.416666666666666,9.2,5.2780237580658795,6.825020439972826,0.48430000000000006,0.4438,0.3739,0.3494
21800158,2018-11-07,2018-19,MEM,DEN,89,87,1,5.0,9.0,-0.4,9.4,103.6,111.8,104.0,102.4,1.0,1.0,0,0,14.051282051282051,14.665689865689865,27.037754273504277,26.030646275946275,-1.5219780219780208,32.0992673992674,17.615384615384617,16.571428571428573,7.071428571428571,8.866666666666667,4.500758316016097,3.6659388508697814,0.45890000000000003,0.4646,0.38449999999999995,0.3141
21800153,2018-11-07,2018-19,CLE,OKC,86,95,0,1.0,6.0,-10.8,2.1,105.5,113.8,116.3,111.7,1.0,1.0,0,0,10.37408424908425,17.100427350427353,22.497118589743586,27.61027564102564,-26.931943056943055,22.455128205128208,10.285714285714286,22.916666666666668,8.0,3.5,2.9354094673475175,6.6777197162840185,0.45120000000000005,0.44420000000000004,0.34840000000000004,0.31999999999999995
21800155,2018-11-07,2018-19,ATL,NYK,107,112,0,3.0,2.0,-9.6,-5.5,109.9,105.0,119.5,110.5,0.0,1.0,1,0,12.500854700854703,13.430555555555557,25.187435897435897,24.501294047619044,-29.743223443223442,-4.0555555555555545,9.333333333333334,7.25,9.214285714285714,4.0,4.2936129820295985,6.1896905026437725,0.45649999999999996,0.434,0.3417,0.3256
21800166,2018-11-08,2018-19,GSW,MIL,111,134,0,9.0,8.0,14.3,12.7,125.0,120.0,110.7,107.3,2.0,1.0,0,0,24.822222222222223,18.931623931623932,24.577476388888886,27.067725579975576,36.1625,64.95238095238095,20.866666666666667,18.846153846153847,6.0625,10.846153846153847,11.039455963178753,6.135914602216853,0.5261,0.4769,0.4375,0.3761
21800163,2018-11-08,2018-19,OKC,HOU,98,80,1,6.0,5.0,2.6,-2.5,111.4,106.9,108.8,109.4,0.0,2.0,1,0,16.44139194139194,18.44191919191919,27.72356043956044,28.699897241647243,26.34065934065934,17.432400932400935,22.53846153846154,25.90909090909091,8.0,9.636363636363637,6.623450247809149,7.124190626279792,0.44719999999999993,0.4271,0.30979999999999996,0.3457
21800164,2018-11-08,2018-19,PHX,BOS,109,116,0,2.0,6.0,-13.2,2.9,100.6,104.2,113.8,101.3,1.0,2.0,0,0,15.002380952380953,13.446581196581198,28.260738095238093,27.47765995115995,-27.75952380952381,3.1419413919413923,24.857142857142858,18.416666666666668,6.0,5.3076923076923075,6.641437024626418,4.409308172093477,0.4492,0.4307,0.33540000000000003,0.3456
21800172,2018-11-09,2018-19,UTA,BOS,123,115,1,4.0,6.0,0.6,1.8,109.3,105.3,108.7,103.5,1.0,0.0,0,1,12.62361111111111,9.165079365079366,28.774814484126985,25.653409523809522,27.9922619047619,6.2333333333333325,9.9375,13.266666666666667,10.266666666666667,14.6,3.691152894947261,3.2911458441549057,0.4572,0.4276,0.3346,0.35369999999999996
21800173,2018-11-09,2018-19,SAC,MIN,121,110,1,6.0,3.0,-0.9,-8.6,117.5,108.8,118.4,117.4,1.0,1.0,0,0,13.834803921568628,19.23093681917211,26.57265024509804,28.86156296296296,4.960399159663867,-28.785375816993465,17.529411764705884,22.22222222222222,8.375,6.5,3.961505855953367,6.232724706167929,0.49210000000000004,0.4306,0.3948,0.3687
21800168,2018-11-09,2018-19,PHI,CHA,133,132,1,6.0,6.0,-0.9,8.8,111.4,115.8,112.3,107.0,1.0,2.0,0,0,16.477777777777778,15.33611111111111,29.97047361111111,23.43315,10.0,18.866666666666667,12.733333333333333,23.875,9.0625,11.75,6.546825814143885,5.816637416354343,0.44209999999999994,0.4737,0.3474,0.3614
21800171,2018-11-09,2018-19,DEN,BKN,110,112,0,8.0,5.0,8.3,1.1,109.8,110.3,101.5,109.2,1.0,2.0,0,0,15.923412698412697,14.666666666666666,26.709048809523807,27.991333333333337,29.143452380952382,-3.1999999999999997,16.466666666666665,19.0,7.3125,5.733333333333333,4.127993149219578,4.454893273028443,0.4657,0.45759999999999995,0.30579999999999996,0.3812
21800170,2018-11-09,2018-19,MIA,IND,102,110,0,5.0,6.0,1.4,3.1,111.5,105.5,110.1,102.4,1.0,1.0,0,0,11.973015873015873,12.707936507936507,28.998564346764347,27.2496746031746,6.504995004995005,10.50952380952381,13.533333333333333,23.2,6.818181818181818,10.6,4.722332438389573,5.886175561109743,0.43810000000000004,0.4800000000000001,0.3599,0.3664
21800169,2018-11-09,2018-19,ATL,DET,109,124,0,3.0,5.0,-8.2,-1.9,109.9,109.4,118.1,111.3,1.0,1.0,0,0,6.313492063492063,17.495726495726498,22.116835317460318,29.042241575091573,-20.90297619047619,-3.2333333333333334,4.333333333333333,19.333333333333332,14.857142857142858,9.8,5.208600815127,7.426402886998356,0.4511,0.42569999999999997,0.34280000000000005,0.3015
21800167,2018-11-09,2018-19,ORL,WAS,117,108,1,3.0,2.0,-9.7,-10.3,101.0,110.2,110.7,120.5,1.0,2.0,0,0,15.604166666666666,17.793650793650794,27.536392628205125,28.294475702075705,-11.85576923076923,-11.99010989010989,15.375,19.714285714285715,5.9375,9.133333333333333,4.164437859264861,5.016647941061717,0.4328,0.4415,0.31880000000000003,0.3056
21800183,2018-11-10,2018-19,SAC,LAL,86,101,0,7.0,5.0,2.2,0.2,116.7,118.4,114.5,118.2,0.0,2.0,1,0,12.263814616755793,19.266666666666666,26.883735274311743,25.319949673202615,1.4840760546642908,-6.120588235294117,15.882352941176471,18.0,12.5,13.058823529411764,3.1145744715354624,7.099908857600643,0.48529999999999995,0.49399999999999994,0.3923,0.3729
21800174,2018-11-10,2018-19,TOR,NYK,128,112,1,9.0,3.0,8.8,-4.8,117.6,105.7,108.8,110.5,2.0,2.0,0,0,14.675245098039214,11.400452488687783,24.450145328282826,22.153868401206633,44.83500445632799,-9.901640271493212,12.588235294117647,21.5,22.545454545454547,10.8,5.8593632079961795,5.895514050960832,0.49460000000000004,0.438,0.3438,0.3302
21800180,2018-11-10,2018-19,SAS,HOU,96,89,1,6.0,4.0,1.1,-6.1,110.9,102.8,109.8,108.9,2.0,1.0,0,0,16.836507936507935,16.931623931623932,27.020549206349205,32.02396678321678,8.685714285714285,4.578088578088578,22.266666666666666,15.076923076923077,5.8,5.0,6.199915453060185,6.693654182283344,0.44980000000000003,0.42190000000000005,0.3682,0.32930000000000004
21800176,2018-11-10,2018-19,NOP,PHX,119,99,1,4.0,1.0,-3.1,-16.0,116.2,99.4,119.3,115.4,2.0,1.0,0,0,19.283333333333335,16.73472222222222,27.073205555555557,29.23293098290598,-4.85,-32.47115384615385,17.533333333333335,13.266666666666667,6.9,8.3125,6.699207388163889,6.751752431789492,0.472,0.43900000000000006,0.3462,0.3109
21800181,2018-11-10,2018-19,DAL,OKC,111,96,1,3.0,7.0,-2.9,5.2,111.8,111.2,114.7,106.0,2.0,1.0,0,0,15.48034188034188,17.211111111111112,28.643278510378508,28.149477777777783,0.08168498168498162,32.84285714285714,18.8,22.357142857142858,8.266666666666667,4.285714285714286,4.465319832138566,6.444076129126215,0.4519,0.4553,0.3575,0.30710000000000004
21800179,2018-11-10,2018-19,MEM,PHI,112,106,1,6.0,6.0,1.6,-0.9,102.2,113.1,100.6,114.0,2.0,0.0,0,1,13.673992673992673,16.16299019607843,27.504619047619048,24.66731950280112,-0.42344322344322327,6.646533613445379,16.642857142857142,7.764705882352941,12.533333333333333,8.941176470588236,3.6428440611161985,8.324018937819197,0.4504,0.44209999999999994,0.3764,0.3283
21800182,2018-11-10,2018-19,GSW,BKN,116,100,1,8.0,5.0,11.9,1.1,123.7,110.8,111.8,109.7,1.0,0.0,0,1,17.94345238095238,11.75801282051282,21.596311274509805,26.513344551282053,14.441176470588236,-2.3798076923076925,24.625,6.461538461538462,5.764705882352941,12.9375,8.960532753745797,4.225353468402242,0.5180999999999999,0.4492,0.4206,0.3776
21800178,2018-11-10,2018-19,CHI,CLE,99,98,1,3.0,1.0,-6.5,-10.5,106.2,103.7,112.7,114.2,2.0,2.0,0,0,16.705882352941178,9.168253968253968,27.40567769607843,23.48401349206349,-25.4451871657754,-28.14920634920635,24.58823529411765,10.6,2.090909090909091,7.111111111111111,7.864617890868102,2.700245020594206,0.44910000000000005,0.4483,0.374,0.34059999999999996
21800177,2018-11-10,2018-19,MIA,WAS,110,116,0,5.0,2.0,0.9,-11.1,111.6,109.8,110.7,120.9,0.0,0.0,1,1,14.176190476190476,13.868055555555557,26.343859776334774,27.601552777777776,0.6753787878787874,-11.8125,19.928571428571427,19.666666666666668,13.375,10.733333333333333,4.547392353250173,6.071957971783988,0.4439,0.44580000000000003,0.3845,0.3194
21800187,2018-11-11,2018-19,DEN,MIL,114,121,0,7.0,7.0,5.3,13.0,108.9,122.9,103.6,109.9,1.0,0.0,0,1,14.070016339869278,18.207936507936505,26.405503022875813,27.810936309523804,26.15906862745098,53.704578754578755,16.4375,10.866666666666667,9.470588235294118,8.076923076923077,4.2557476673389605,6.1461168490025875,0.46109999999999995,0.47650000000000003,0.3015,0.3584
21800184,2018-11-11,2018-19,DET,CHA,103,113,0,5.0,5.0,-0.7,5.5,111.5,117.0,112.2,111.5,1.0,1.0,0,0,14.304716117216117,14.400735294117647,29.44049954212454,24.108857843137255,1.1359432234432236,25.57941176470588,19.5625,24.235294117647058,9.933333333333334,9.25,6.272581548649804,6.393426052624328,0.43069999999999997,0.46609999999999996,0.3191,0.3567
21800185,2018-11-11,2018-19,HOU,IND,115,103,1,4.0,6.0,-4.9,1.9,100.5,103.3,105.4,101.4,0.0,1.0,1,0,16.6978021978022,14.75,29.153870329670333,27.968284722222222,1.0424908424908421,13.060714285714287,9.857142857142858,23.125,14.0,9.571428571428571,6.682942562871865,5.753184940866521,0.4128,0.479,0.318,0.3347
21800189,2018-11-11,2018-19,LAL,ATL,107,106,1,6.0,3.0,2.6,-8.3,117.0,109.1,114.4,117.4,0.0,1.0,1,0,19.056267806267808,14.97124183006536,27.448290521978027,24.674045751633987,-1.6750834949364357,-26.100735294117648,23.25,17.41176470588235,11.176470588235293,6.6875,5.269370799991108,4.172339459409131,0.48740000000000006,0.4473,0.3795,0.32110000000000005
21800186,2018-11-11,2018-19,NYK,ORL,89,115,0,3.0,4.0,-6.2,-5.6,106.8,103.9,113.0,109.5,0.0,1.0,1,0,15.424972766884531,5.8520792932557635,22.984632885224794,20.081777454571572,-10.144751082251082,-11.043417366946779,8.88888888888889,4.846153846153846,5.142857142857143,9.529411764705882,6.3218213519532735,5.1045989220861046,0.44239999999999996,0.4457,0.32320000000000004,0.34130000000000005
21800188,2018-11-11,2018-19,POR,BOS,100,94,1,7.0,6.0,9.8,2.2,115.7,106.7,105.9,104.5,2.0,1.0,0,0,16.833333333333332,14.783333333333333,26.79295482026144,28.035948565323565,43.31519607843138,-1.42967032967033,23.0625,13.75,9.941176470588236,14.6875,6.122342363870291,3.797415437456064,0.46420000000000006,0.43150000000000005,0.3553,0.35429999999999995
21800197,2018-11-12,2018-19,SAC,SAS,104,99,1,6.0,6.0,-0.4,1.4,112.2,109.3,112.6,107.9,1.0,1.0,0,0,14.250730994152049,14.18472222222222,27.004435550682256,26.536718055555554,-3.3881578947368425,15.091666666666669,15.210526315789474,21.6875,6.5,9.3125,4.320325141378701,6.535233257264186,0.4652,0.4513999999999999,0.3708,0.37420000000000003
21800190,2018-11-12,2018-19,WAS,ORL,117,109,1,3.0,5.0,-10.1,-2.9,110.1,103.9,120.2,106.8,1.0,0.0,0,1,16.969444444444445,14.289760348583878,28.681094444444444,27.20156753812636,-12.66593137254902,-3.8490196078431373,9.533333333333333,15.647058823529411,12.0,12.6,5.078489951273427,4.099264025963538,0.4524000000000001,0.445,0.32249999999999995,0.3266
21800196,2018-11-12,2018-19,OKC,PHX,118,101,1,7.0,1.0,5.3,-15.2,111.6,100.2,106.3,115.4,1.0,1.0,0,0,17.370833333333334,18.531590413943352,28.358086111111113,27.40513412309368,29.754166666666666,-28.746498599439775,22.2,14.0,7.333333333333333,9.214285714285714,6.47651508800722,6.736749990983696,0.4587,0.442,0.31239999999999996,0.3105
21800192,2018-11-12,2018-19,TOR,NOP,110,126,0,9.0,4.0,10.0,-3.1,118.7,113.2,108.7,116.3,1.0,1.0,0,0,16.819444444444446,17.697115384615383,27.17073311546841,27.51518531468532,56.246732026143796,0.08916083916084006,21.666666666666668,23.153846153846153,10.0,5.1875,4.5543780815174575,6.903675894298316,0.5035000000000001,0.4619000000000001,0.3493,0.3386
21800191,2018-11-12,2018-19,MIA,PHI,114,124,0,4.0,6.0,0.2,-1.4,111.3,110.5,111.1,111.9,1.0,1.0,0,0,14.577871148459385,19.103485838779957,27.765884033613446,27.560472766884534,4.801867413632121,4.196078431372549,20.2,26.666666666666668,9.166666666666666,7.611111111111111,4.481969683714393,7.635319491585836,0.449,0.4439,0.3866,0.3215
21800194,2018-11-12,2018-19,MEM,UTA,88,96,0,7.0,5.0,5.0,1.5,105.1,109.3,100.1,107.8,1.0,2.0,0,0,12.260317460317461,16.22361111111111,28.158987301587295,27.857457516339867,3.1678571428571427,30.165931372549018,5.714285714285714,19.733333333333334,12.1875,10.352941176470589,3.8834349789744325,3.548817702307968,0.4643,0.4681,0.3786,0.3315
21800193,2018-11-12,2018-19,CHI,DAL,98,103,0,4.0,3.0,-5.8,-1.8,105.2,108.9,111.0,110.7,1.0,1.0,0,0,13.86165577342048,13.979166666666666,27.69038126361656,29.739779960317456,-16.950980392156865,-7.441071428571429,24.555555555555557,8.4375,11.61111111111111,8.933333333333334,6.328266340389417,4.082075545846652,0.44539999999999996,0.4577,0.35639999999999994,0.3718
21800195,2018-11-12,2018-19,MIN,BKN,120,113,1,3.0,5.0,-9.3,1.5,106.2,109.6,115.5,108.1,2.0,1.0,0,0,17.056267806267808,14.29411764705882,28.594619836182336,25.20125294117647,-31.42094017094017,-5.520168067226892,17.25,13.588235294117647,8.25,6.214285714285714,4.1638462402513445,4.446338596186894,0.4197,0.4483,0.3448,0.36360000000000003
21800199,2018-11-13,2018-19,CLE,CHA,113,89,1,1.0,5.0,-9.8,6.4,101.2,117.0,111.0,110.6,2.0,1.0,0,0,8.390705128205129,14.663398692810455,23.218368696581194,25.9261917211329,-25.026602564102564,22.862745098039216,6.6,24.22222222222222,14.266666666666667,9.705882352941176,2.981195092384447,5.966117349232565,0.44279999999999997,0.4726,0.3439,0.3579
21800200,2018-11-13,2018-19,DEN,HOU,99,109,0,6.0,4.0,4.4,-4.6,110.3,99.6,105.9,104.2,1.0,1.0,0,0,12.980392156862743,16.874603174603177,26.20573148148148,30.530249938949936,21.70669934640523,3.725274725274725,6.647058823529412,10.0,10.555555555555555,15.666666666666666,4.177852429590352,6.38599564630033,0.4665,0.41559999999999997,0.3301,0.3225
21800201,2018-11-13,2018-19,GSW,ATL,110,103,1,8.0,2.0,11.2,-10.6,124.8,106.4,113.6,117.0,0.0,1.0,1,0,18.76851851851852,14.418981481481481,22.97531006335283,24.292349537037033,22.353654970760235,-26.637091503267975,21.77777777777778,14.8125,6.105263157894737,9.588235294117647,9.102326576931715,3.9384584476233764,0.5236,0.4415,0.4412,0.3094
21800211,2018-11-14,2018-19,PHX,SAS,116,96,1,1.0,6.0,-14.9,2.2,100.0,108.4,114.9,106.2,1.0,1.0,0,0,15.792810457516339,15.915616246498601,27.191340958605668,26.952978641456582,-32.122875816993464,11.581932773109244,14.411764705882353,21.764705882352942,8.0,3.875,6.790218952217621,6.327886898193793,0.44480000000000003,0.45309999999999995,0.3109,0.3632
21800202,2018-11-14,2018-19,ORL,PHI,111,106,1,4.0,7.0,-4.0,1.1,105.5,112.1,109.5,111.0,1.0,1.0,0,0,14.417153996101364,21.95964912280702,27.81389351851852,30.188404333483277,-0.19459064327485354,1.7893387314439946,17.68421052631579,27.105263157894736,5.2,3.0,4.516406545473664,9.011912319147354,0.4524,0.44960000000000006,0.348,0.33080000000000004
21800209,2018-11-14,2018-19,OKC,NYK,128,103,1,8.0,3.0,8.1,-7.7,111.4,104.4,103.3,112.1,1.0,2.0,0,0,11.530637254901961,13.896198830409356,28.596560049019608,24.75767090929939,29.713235294117645,-14.795665634674922,4.1875,12.105263157894736,6.9375,9.052631578947368,6.751990427249678,4.748602370490256,0.4612,0.4321,0.33740000000000003,0.3066
21800208,2018-11-14,2018-19,MIN,NOP,107,100,1,3.0,4.0,-9.6,-2.2,108.1,114.2,117.7,116.4,1.0,1.0,0,0,12.90853264382676,18.310924369747898,29.5761172558092,29.181310924369747,-18.86207387813425,10.806022408963587,10.588235294117647,23.285714285714285,10.6875,7.0,3.5746841083000698,7.041504196393924,0.4298,0.4734,0.3671,0.3506
21800205,2018-11-14,2018-19,BKN,MIA,107,120,0,4.0,4.0,-0.8,-0.7,110.7,111.5,111.5,112.2,1.0,1.0,0,0,9.303703703703704,14.43019943019943,22.1026037037037,29.289146972934475,-2.011111111111111,-1.050320512820512,13.11111111111111,20.0,5.444444444444445,9.666666666666666,3.4898636288755105,4.172910479931693,0.44420000000000004,0.45099999999999996,0.3584,0.3961
21800212,2018-11-14,2018-19,LAL,POR,126,117,1,7.0,8.0,2.8,10.5,113.5,113.3,110.7,102.8,2.0,2.0,0,0,15.889635854341735,18.796296296296294,27.572691046243058,27.038278867102395,2.4128261831048206,41.98774509803922,23.41176470588235,22.823529411764707,11.055555555555555,7.333333333333333,5.347427957875128,6.437140200553483,0.4784,0.4697,0.38039999999999996,0.366
21800210,2018-11-14,2018-19,DAL,UTA,118,68,1,3.0,6.0,-1.9,3.1,107.7,110.5,109.6,107.4,1.0,1.0,0,0,14.280174291938998,16.16176470588235,27.27865446623094,28.194931917211328,-8.412826797385621,31.40972222222222,15.444444444444445,15.705882352941176,15.25,12.5,4.052147606778488,3.418404650750585,0.4614999999999999,0.47170000000000006,0.3702,0.3346
21800206,2018-11-14,2018-19,TOR,DET,104,106,0,8.0,4.0,6.3,-1.9,117.0,110.0,110.7,111.9,1.0,2.0,0,0,16.703738985472736,17.700735294117646,26.23423651133868,29.06567428804855,36.454605593924484,-3.3906512605042014,14.941176470588236,23.4,9.538461538461538,8.133333333333333,4.401211645641094,6.1486222422016725,0.4862,0.4266,0.3397,0.3014
21800204,2018-11-14,2018-19,BOS,CHI,111,82,1,5.0,3.0,1.4,-6.5,105.8,103.8,104.4,110.3,2.0,1.0,0,0,12.958450046685343,13.995126705653021,27.32749446778712,28.019586744639376,-5.500026933850464,-18.880116959064328,9.470588235294118,11.631578947368421,2.4615384615384617,6.888888888888889,5.8757100169022065,6.801159135889414,0.43,0.4366,0.3516,0.34609999999999996
21800207,2018-11-14,2018-19,MIL,MEM,113,116,0,7.0,6.0,12.6,2.8,122.6,100.8,110.0,98.0,2.0,1.0,0,0,19.086111111111112,10.231944444444444,26.348092927170864,28.559205555555554,52.21537114845938,2.9009803921568627,25.133333333333333,5.8,8.333333333333334,7.0,6.577611350257121,4.46700513072942,0.4867,0.4518,0.3659,0.3453
21800203,2018-11-14,2018-19,WAS,CLE,119,95,1,3.0,2.0,-9.4,-5.2,109.3,101.4,118.7,106.6,1.0,0.0,0,1,12.637254901960782,10.569741532976828,23.76907967631497,20.433775958110516,-5.366013071895425,-17.7196333078686,6.5,11.470588235294118,20.470588235294116,10.571428571428571,6.799105095585228,3.4926118253702505,0.4612,0.4492,0.3214,0.3611
21800213,2018-11-15,2018-19,HOU,GSW,107,86,1,5.0,8.0,-3.3,9.7,99.3,121.4,102.6,111.7,1.0,1.0,0,0,14.930555555555555,19.04437564499484,30.898492658730156,26.009522261536194,7.6309523809523805,27.443398938522773,8.6,25.473684210526315,16.0,6.15,6.166951072071291,8.984702549511852,0.42219999999999996,0.5089,0.31470000000000004,0.4401
21800214,2018-11-15,2018-19,DEN,ATL,138,93,1,5.0,1.0,2.0,-12.0,107.6,105.6,105.6,117.6,1.0,1.0,0,0,10.7630432289875,9.087891296869625,24.837018862515766,19.887568233287464,19.062607499140007,-25.549062607499142,6.611111111111111,3.8333333333333335,10.68421052631579,13.894736842105264,3.64054755397934,4.963744863344415,0.465,0.4457,0.33740000000000003,0.3074
21800219,2018-11-16,2018-19,WAS,BKN,104,115,0,4.0,4.0,-4.8,-1.9,109.0,109.9,113.8,111.8,1.0,1.0,0,0,17.12962962962963,14.033023735810113,28.438570175438592,25.8811382868937,-7.01921470342523,-9.19091847265222,21.11111111111111,11.941176470588236,10.31578947368421,5.684210526315789,4.883188668162834,4.168484338251143,0.4638,0.44089999999999996,0.32530000000000003,0.3395
21800216,2018-11-16,2018-19,BOS,TOR,123,116,1,6.0,7.0,4.6,5.4,107.9,116.2,103.3,110.8,1.0,1.0,0,0,14.60138888888889,16.848677248677248,27.51840503812636,27.938359788359787,1.8168300653594773,43.324603174603176,9.4375,14.88888888888889,11.588235294117647,6.428571428571429,3.7858113223878926,5.340663044334077,0.43600000000000005,0.48339999999999994,0.3732,0.3253
21800217,2018-11-16,2018-19,IND,MIA,99,91,1,6.0,4.0,1.7,-1.7,104.5,112.5,102.8,114.2,4.0,1.0,0,0,14.395833333333334,16.07301341589267,28.50191789215686,29.14604659729389,8.786519607843138,3.1314929480564153,12.941176470588236,19.705882352941178,10.375,9.571428571428571,5.586528772263468,3.703094491456696,0.4861,0.4575,0.3418,0.3789
21800220,2018-11-16,2018-19,MEM,SAC,112,104,1,6.0,7.0,2.3,1.5,103.2,111.4,100.9,109.9,1.0,3.0,0,0,15.037037037037038,13.215519568151146,26.2149404956427,27.090808771929822,2.537990196078431,-1.490537429546717,14.470588235294118,16.31578947368421,11.3125,11.666666666666666,4.6954349172784475,3.400228525407996,0.4655,0.4629,0.35209999999999997,0.3747
21800223,2018-11-16,2018-19,MIL,CHI,123,104,1,6.0,3.0,10.8,-6.5,121.6,101.4,110.8,107.9,1.0,1.0,0,0,19.362745098039216,14.530701754385966,28.29930147058824,28.086042105263157,49.98995098039216,-22.581578947368424,18.941176470588236,23.9,8.2,4.7368421052631575,6.135755232654812,6.902218804333816,0.4963,0.4324,0.3614,0.3321
21800221,2018-11-16,2018-19,MIN,POR,112,96,1,4.0,7.0,-8.2,8.2,108.3,112.2,116.5,104.0,1.0,1.0,0,0,15.438935574229694,17.11111111111111,29.87818057889823,26.891119883040933,-15.422455648926238,37.68111455108359,13.928571428571429,23.27777777777778,10.722222222222221,8.823529411764707,3.777540097655926,6.186526509650537,0.42919999999999997,0.4586,0.3609,0.3677
21800222,2018-11-16,2018-19,NOP,NYK,129,124,1,3.0,3.0,-3.1,-7.9,112.5,106.0,115.6,113.9,1.0,1.0,0,0,19.51851851851852,13.432456140350874,28.08532564102564,22.090309726522186,7.6230769230769235,-8.996135984758277,23.666666666666668,20.94736842105263,19.733333333333334,5.3076923076923075,5.815310751878704,5.9631786230467325,0.4711,0.4401,0.3436,0.29710000000000003
21800218,2018-11-16,2018-19,PHI,UTA,113,107,1,6.0,5.0,0.4,-3.0,112.2,107.3,111.8,110.3,1.0,1.0,0,0,17.21738437001595,14.046210296984292,30.26994333561176,28.97663341359936,0.8478354978354983,24.515479876160992,20.636363636363637,18.705882352941178,4.833333333333333,10.444444444444445,8.3902705200331,3.246743054650894,0.45879999999999993,0.45899999999999996,0.34340000000000004,0.31720000000000004
21800228,2018-11-17,2018-19,NOP,DEN,125,115,1,4.0,6.0,-0.5,7.2,114.3,110.0,114.8,102.8,0.0,1.0,1,0,19.49780701754386,11.094834307992203,30.685408991228066,26.69924210526316,9.565423976608187,27.48859649122807,24.875,16.055555555555557,5.888888888888889,11.05,6.295638751486849,3.736474944745444,0.4774999999999999,0.47140000000000004,0.3465,0.3532
21800226,2018-11-17,2018-19,IND,ATL,97,89,1,6.0,1.0,0.5,-15.3,102.8,106.4,102.3,121.7,0.0,1.0,1,0,11.656862745098039,9.335087719298246,26.869209694989102,22.695140350877193,11.26128740970072,-26.137426900584796,7.470588235294118,13.9,5.052631578947368,8.333333333333334,3.50411905250961,4.300991404270426,0.47759999999999997,0.4484,0.34059999999999996,0.2988
21800231,2018-11-17,2018-19,HOU,SAC,132,112,1,6.0,6.0,-0.1,0.2,101.1,112.1,101.2,111.9,1.0,0.0,0,1,18.78676470588235,15.184920634920635,32.53769812091504,26.100408730158726,12.329411764705883,-9.83095238095238,14.588235294117647,16.904761904761905,9.25,8.142857142857142,6.111527653265758,4.456290215725686,0.4222,0.46699999999999997,0.3212,0.3778
21800229,2018-11-17,2018-19,BOS,UTA,86,98,0,6.0,4.0,4.7,-5.7,110.1,104.8,105.4,110.5,0.0,0.0,1,1,14.13684640522876,15.954191033138402,28.55290580208692,29.093506335282648,3.929631062951496,20.95497076023392,21.3125,19.38888888888889,9.31578947368421,10.578947368421053,4.585994562503252,3.4207431942160125,0.4504,0.4532999999999999,0.3734,0.3041
21800230,2018-11-17,2018-19,CHI,TOR,83,122,0,2.0,6.0,-9.6,3.8,102.1,116.2,111.7,112.4,0.0,0.0,1,1,9.677777777777779,12.426733500417711,24.004987734487734,26.574031913116123,-21.51875142401458,31.614661654135343,11.571428571428571,14.842105263157896,6.7894736842105265,3.3333333333333335,3.3752856442527643,4.751740066573351,0.4326,0.47830000000000006,0.3351,0.3122
21800225,2018-11-17,2018-19,CHA,PHI,119,122,0,5.0,6.0,6.1,-1.1,115.3,112.2,109.2,113.3,3.0,0.0,0,1,15.152046783625728,20.307936507936507,22.80018177387914,30.45010238095238,16.150584795321638,1.2238095238095232,23.31578947368421,26.523809523809526,8.944444444444445,7.619047619047619,6.303509451225153,7.776874793711628,0.46499999999999997,0.46799999999999997,0.3453,0.3614
21800227,2018-11-17,2018-19,ORL,LAL,130,117,1,5.0,7.0,-2.1,1.9,105.2,113.0,107.3,111.1,2.0,2.0,0,0,16.080701754385966,10.709137426900584,27.498753199174406,26.882984600389864,0.992569659442724,-3.224634502923977,14.1,15.933333333333334,5.5625,8.75,5.164111224453777,6.664750956930891,0.4524,0.4736999999999999,0.3509,0.39160000000000006
21800232,2018-11-17,2018-19,DAL,GSW,112,109,1,4.0,7.0,3.8,4.8,109.1,117.2,105.3,112.4,2.0,1.0,0,0,14.192592592592591,16.99019607843137,29.40381484204793,23.575366386554624,-1.3342320261437912,24.581652661064425,8.555555555555555,21.3,9.529411764705882,6.476190476190476,3.847625911593661,9.089562169900699,0.4781000000000001,0.49240000000000006,0.38310000000000005,0.4138
21800233,2018-11-17,2018-19,PHX,OKC,100,110,0,2.0,9.0,-11.1,11.2,100.3,114.7,111.4,103.5,2.0,2.0,0,0,18.320928584086477,18.05010893246187,27.502588837940813,25.514316775599127,-21.82064061669325,28.169934640522875,15.11111111111111,23.529411764705884,4.666666666666667,7.176470588235294,7.039297436764816,7.470404491704757,0.4484,0.4755000000000001,0.327,0.3609
21800237,2018-11-18,2018-19,WAS,POR,109,119,0,4.0,7.0,-5.5,7.5,108.2,110.7,113.7,103.2,1.0,1.0,0,0,12.526315789473685,16.894736842105264,27.536271052631577,27.462722807017542,-5.965789473684211,31.44766081871345,19.57894736842105,19.31578947368421,10.1,7.1,5.801137214586132,6.577480922334707,0.4598000000000001,0.4586,0.3087,0.35890000000000005
21800238,2018-11-18,2018-19,SAS,GSW,104,92,1,5.0,6.0,1.6,3.9,105.2,116.1,103.6,112.2,2.0,0.0,0,1,17.641047062099695,18.9874686716792,26.51925675299359,23.891586542112854,6.876357560568088,16.36940836940837,16.11111111111111,21.333333333333332,11.947368421052632,6.2727272727272725,6.18702051264077,8.869065968466275,0.4438,0.4877000000000001,0.33940000000000003,0.40780000000000005
21800236,2018-11-18,2018-19,ORL,NYK,131,117,1,6.0,3.0,1.4,-5.6,109.1,108.4,107.7,114.0,0.0,1.0,1,0,16.31190476190476,14.637092731829576,27.13527216117216,23.208780868838762,1.0112332112332116,-10.979365079365081,19.142857142857142,15.368421052631579,7.055555555555555,6.285714285714286,4.952083696254183,5.772251709661247,0.4734999999999999,0.44580000000000003,0.362,0.29619999999999996
21800234,2018-11-18,2018-19,MIN,MEM,87,100,0,5.0,7.0,-3.6,3.6,110.0,105.2,113.6,101.6,1.0,1.0,0,0,15.354793233082708,14.916122004357298,30.708758907685876,29.137676470588236,-10.822702589807854,6.7320261437908515,19.857142857142858,14.722222222222221,10.5,6.833333333333333,3.6859831411750266,4.84337837773983,0.4471,0.47780000000000006,0.3805,0.36910000000000004
21800235,2018-11-18,2018-19,MIA,LAL,97,113,0,3.0,6.0,-3.4,-0.1,109.6,112.6,113.0,112.7,1.0,0.0,0,1,10.875,17.107017543859648,28.06400877192982,24.13363859649123,-2.12061403508772,-0.7604010025062657,13.15,24.42105263157895,9.266666666666667,12.904761904761905,4.153956833283342,7.266968144727818,0.44930000000000003,0.4715000000000001,0.3793,0.39039999999999997
21800242,2018-11-19,2018-19,PHI,PHX,119,114,1,7.0,2.0,0.9,-10.0,113.2,100.7,112.3,110.7,1.0,1.0,0,0,20.402153402153402,16.13840155945419,29.23977633477633,28.433524441004476,6.397394272394273,-23.636050911592704,26.818181818181817,10.222222222222221,6.75,3.6842105263157894,8.59521390612324,7.005315299920743,0.4681,0.4473000000000001,0.3578,0.34109999999999996
21800246,2018-11-19,2018-19,NOP,SAS,140,126,1,5.0,5.0,1.0,2.4,115.7,104.6,114.7,102.2,1.0,0.0,0,1,19.454901960784312,14.30877192982456,30.824226470588236,27.996405555555555,10.268627450980393,9.65,25.764705882352942,4.0,5.8,10.2,6.577046280355119,6.214551865888117,0.4734,0.44000000000000006,0.3407,0.36229999999999996
21800245,2018-11-19,2018-19,MIL,DEN,104,98,1,6.0,5.0,9.7,5.7,121.4,109.9,111.7,104.2,2.0,1.0,0,0,19.59912854030501,16.139640768588137,28.42536824905401,27.252300584795318,56.540419676642586,24.307393483709276,25.352941176470587,15.85,7.764705882352941,9.80952380952381,6.177004521258533,3.6741091999189037,0.49349999999999994,0.4746,0.362,0.36029999999999995
21800247,2018-11-19,2018-19,SAC,OKC,117,113,1,5.0,9.0,-2.2,11.5,111.7,114.0,113.9,102.5,1.0,1.0,0,0,16.1024531024531,20.992063492063494,26.874833766233763,30.77603049289891,-10.564502164502166,33.74341155920103,17.181818181818183,14.833333333333334,12.2,3.0,3.3812760781646003,8.051712422655601,0.46580000000000005,0.46959999999999996,0.3714,0.3609
21800241,2018-11-19,2018-19,IND,UTA,121,94,1,6.0,4.0,0.1,-5.4,100.6,103.3,100.5,108.7,1.0,1.0,0,0,11.445705767687192,14.533876357560567,26.29159310858846,28.179712030075187,6.37874097007224,23.67142857142857,13.578947368421053,19.842105263157894,14.105263157894736,11.619047619047619,2.1402187190859876,3.5327350221914435,0.45289999999999997,0.4457,0.3421,0.293
21800240,2018-11-19,2018-19,DET,CLE,113,102,1,4.0,2.0,-1.8,-6.0,107.3,102.3,109.1,108.3,4.0,4.0,0,0,17.563425925925927,10.926797385620915,29.27063913398693,25.499831154684095,-1.769852941176471,-20.03169934640523,19.27777777777778,9.941176470588236,7.235294117647059,5.833333333333333,6.397659105137402,3.007163475289498,0.42780000000000007,0.45649999999999996,0.2953,0.36340000000000006
21800239,2018-11-19,2018-19,CHA,BOS,117,112,1,5.0,5.0,6.0,1.5,116.2,107.8,110.2,106.3,1.0,1.0,0,0,14.578070175438596,13.773363146428162,26.428269298245617,27.278476080724687,17.75263157894737,4.177416580667355,25.15,21.235294117647058,8.947368421052632,13.789473684210526,6.584740747439339,5.328893915862228,0.46390000000000003,0.4436,0.34900000000000003,0.34740000000000004
21800244,2018-11-19,2018-19,MEM,DAL,98,88,1,7.0,5.0,2.8,5.0,103.5,109.6,100.7,104.6,0.0,1.0,1,0,15.580701754385965,15.36616943428089,29.0932410331384,29.708641487110526,8.464619883040935,3.4222878944241177,15.31578947368421,11.117647058823529,10.789473684210526,5.333333333333333,4.421433744157868,4.9786076029723745,0.4648,0.4833,0.3774,0.37249999999999994
21800250,2018-11-20,2018-19,MIA,BKN,92,104,0,3.0,5.0,-4.0,0.9,108.0,112.3,112.0,111.4,1.0,2.0,0,0,14.544973544973544,14.65998329156224,26.230197424115847,26.40988624338624,5.483333333333334,-8.023552470920892,20.0,17.38095238095238,6.2,9.23076923076923,4.873638413950987,3.749423261702306,0.44819999999999993,0.43979999999999997,0.3866,0.3367
21800251,2018-11-20,2018-19,NYK,POR,114,118,0,2.0,7.0,-8.9,7.5,108.6,112.3,117.5,104.8,1.0,1.0,0,0,11.877344877344877,17.221929824561403,24.148098932938403,27.851700125313283,-14.793540669856458,31.611654135338345,21.904761904761905,19.6,6.666666666666667,7.523809523809524,6.199008131753825,6.793324941699996,0.4429,0.45519999999999994,0.292,0.35710000000000003
21800248,2018-11-20,2018-19,ORL,TOR,91,93,0,7.0,7.0,3.6,9.2,112.3,117.5,108.7,108.3,1.0,2.0,0,0,16.763347763347763,12.70923520923521,26.912136604136606,28.437850721500716,6.9011544011544,46.429599567099565,16.38095238095238,9.80952380952381,5.818181818181818,9.125,5.854707528847483,4.816552200666374,0.491,0.49429999999999996,0.37699999999999995,0.3322
21800259,2018-11-21,2018-19,MIL,POR,143,100,1,6.0,7.0,8.1,6.0,120.5,113.7,112.4,107.7,1.0,0.0,0,1,17.84746588693957,17.507936507936506,26.092415497076026,28.125457864357863,50.06081871345029,33.01103896103896,25.555555555555557,20.142857142857142,11.526315789473685,8.818181818181818,6.945243562311297,6.74922024716679,0.48900000000000005,0.4551,0.3593,0.3628
21800263,2018-11-21,2018-19,UTA,SAC,110,119,0,4.0,5.0,-7.8,-2.8,100.2,111.1,108.0,113.9,1.0,1.0,0,0,13.067821067821066,14.412165129556435,29.093737157287155,26.865158734079934,19.503463203463205,-9.223237812911727,12.571428571428571,16.272727272727273,10.285714285714286,12.304347826086957,3.2359865395488514,3.0204078073058107,0.44580000000000003,0.46040000000000003,0.2937,0.3673
21800262,2018-11-21,2018-19,SAS,MEM,103,104,0,4.0,7.0,0.5,2.6,105.9,102.6,105.4,100.0,1.0,1.0,0,0,17.711111111111112,13.343859649122807,28.697961706349208,26.77002832080201,6.3410714285714285,16.52875939849624,16.05,5.631578947368421,4.75,7.625,6.098368879105189,5.568609172192081,0.4417,0.46299999999999997,0.3673,0.37100000000000005
21800253,2018-11-21,2018-19,PHI,NOP,121,120,1,7.0,6.0,0.5,3.4,112.9,117.6,112.4,114.2,1.0,1.0,0,0,17.372764916243174,19.711640211640212,29.538210395884313,30.753828042328042,5.4722065374239275,13.524531024531026,17.82608695652174,25.944444444444443,7.565217391304348,5.818181818181818,8.52645670071068,6.572288527965901,0.46959999999999996,0.48339999999999994,0.337,0.34490000000000004
21800260,2018-11-21,2018-19,MIN,DEN,101,103,0,4.0,4.0,-5.3,5.0,106.3,108.9,111.6,103.9,2.0,1.0,0,0,14.638080495356036,16.175829725829725,30.84534097241767,27.489642135642136,-13.247340275823248,21.074242424242428,11.1,15.904761904761905,10.68421052631579,9.818181818181818,3.588651617693678,3.730992115183997,0.44299999999999995,0.47170000000000006,0.3736,0.3627
21800258,2018-11-21,2018-19,HOU,DET,126,124,1,7.0,4.0,3.9,-1.4,103.0,107.6,99.1,109.0,3.0,1.0,0,0,19.251633986928102,14.530379256965944,30.49648093681917,29.167284349558532,16.906454248366014,6.487121603027176,15.055555555555555,23.647058823529413,9.666666666666666,8.411764705882353,6.34280139371896,6.366797362955142,0.44020000000000004,0.4213,0.32720000000000005,0.2902
21800252,2018-11-21,2018-19,CHA,IND,127,109,1,5.0,7.0,3.6,3.8,114.4,103.4,110.8,99.6,1.0,1.0,0,0,14.96031746031746,11.409259259259258,23.475597619047623,25.544864967975492,16.4,13.218629908103594,13.095238095238095,13.95,7.6,8.8,7.360613862467635,2.9468218444318826,0.45519999999999994,0.46449999999999997,0.3418,0.3585
21800261,2018-11-21,2018-19,DAL,BKN,119,113,1,5.0,5.0,4.9,2.0,108.0,110.7,103.1,108.7,1.0,0.0,0,1,14.422222222222222,11.260765550239235,28.179405555555558,25.174618033720662,0.02514619883040975,-3.404613807245387,15.916666666666666,6.7368421052631575,14.947368421052632,17.5,3.7354396145454416,3.7571856326217494,0.4756,0.4404,0.37170000000000003,0.3309
21800256,2018-11-21,2018-19,CLE,LAL,105,109,0,2.0,7.0,-6.4,1.9,102.2,113.3,108.6,111.4,1.0,2.0,0,0,11.755116959064326,16.431917211328976,25.63780165692008,27.704053763121408,-21.137370670265405,-0.6257703081232494,10.125,7.722222222222222,5.923076923076923,8.285714285714286,3.0210492468599384,6.646458282479588,0.45470000000000005,0.46799999999999997,0.36819999999999997,0.3917
21800257,2018-11-21,2018-19,CHI,PHX,124,116,1,2.0,2.0,-11.0,-9.8,98.0,101.1,109.0,110.9,3.0,1.0,0,0,16.446608946608947,16.929760298181353,27.118779942279946,28.69490627423259,-28.482683982683984,-25.902149604781187,14.090909090909092,10.210526315789474,10.318181818181818,8.777777777777779,5.906205893354601,6.225907052623748,0.41859999999999997,0.4537,0.33330000000000004,0.3509
21800255,2018-11-21,2018-19,BOS,NYK,109,117,0,4.0,2.0,0.7,-8.7,108.2,109.9,107.5,118.6,1.0,0.0,0,1,13.740448343079924,13.766139657444006,27.970457894736843,23.422035968379447,-0.3838345864661654,-18.261544795783927,21.555555555555557,22.363636363636363,10.85,15.238095238095237,4.497634947934884,6.011821292358727,0.4502,0.4505,0.3465,0.2888
21800254,2018-11-21,2018-19,ATL,TOR,108,124,0,1.0,7.0,-12.6,7.7,106.6,113.9,119.2,106.2,1.0,0.0,0,1,10.728715728715729,11.005390034801799,20.065837902837902,25.67953481287113,-14.8502886002886,34.391442743105145,9.090909090909092,8.823529411764707,16.363636363636363,6.352941176470588,4.4892409340995805,3.110737494008503,0.4377,0.4880000000000001,0.2935,0.318
21800264,2018-11-21,2018-19,GSW,OKC,95,123,0,5.0,8.0,0.2,9.3,110.4,112.5,110.2,103.2,2.0,1.0,0,0,19.14848484848485,16.563157894736843,22.740690749601278,30.970314912280696,12.755731225296444,31.023684210526312,25.545454545454547,24.157894736842106,6.0,3.6666666666666665,9.27989201042056,8.030363712579572,0.4732,0.46020000000000005,0.37370000000000003,0.3373
21800278,2018-11-23,2018-19,LAL,UTA,90,83,1,8.0,4.0,2.7,-7.7,112.2,101.2,109.5,108.9,1.0,1.0,0,0,16.625034809245335,13.092226613965744,27.93630609736902,26.339129117259553,2.0055474655016994,11.612648221343873,15.722222222222221,12.545454545454545,8.5,10.181818181818182,6.618701967442433,3.6006630979887744,0.47219999999999995,0.4422,0.3913,0.28559999999999997
21800271,2018-11-23,2018-19,TOR,WAS,125,107,1,7.0,5.0,8.4,-1.4,115.6,111.7,107.2,113.1,1.0,2.0,0,0,17.517045454545457,17.238095238095237,28.641684727711898,27.98346984126984,46.09873188405797,-11.333549783549785,22.1875,10.523809523809524,8.944444444444445,4.7272727272727275,4.7677794519324355,6.401987645083338,0.4907,0.4652,0.3195,0.3241
21800270,2018-11-23,2018-19,PHI,CLE,112,121,0,7.0,2.0,-0.4,-5.6,114.1,102.0,114.5,107.6,1.0,1.0,0,0,20.466908212560387,11.132094943240453,28.0263443236715,24.391554415450393,6.532246376811594,-21.989761167624945,14.217391304347826,10.764705882352942,17.625,14.894736842105264,8.200328368621413,3.003871034669256,0.4739,0.4464,0.34049999999999997,0.3784
21800274,2018-11-23,2018-19,OKC,CHA,109,104,1,8.0,6.0,11.7,5.6,113.7,116.8,102.0,111.2,1.0,1.0,0,0,16.715873015873015,16.0,31.06802804232804,26.62053896103896,37.03362193362194,21.633766233766234,24.2,25.545454545454547,4.090909090909091,6.6,7.572736729354521,7.033207483688002,0.46560000000000007,0.4725999999999999,0.3528,0.3782
21800269,2018-11-23,2018-19,NYK,NOP,114,109,1,2.0,6.0,-9.1,4.6,109.8,117.7,118.9,113.1,1.0,1.0,0,0,13.865338164251208,19.873205741626794,24.083008315249682,30.97588676236045,-10.527402265253928,12.574584857866592,7.791666666666667,18.954545454545453,12.333333333333334,6.176470588235294,5.556229662622028,6.22633976296592,0.44509999999999994,0.48369999999999996,0.31470000000000004,0.354
21800272,2018-11-23,2018-19,IND,SAS,100,111,0,6.0,3.0,1.4,-2.6,103.6,104.2,102.2,106.8,1.0,1.0,0,0,11.873015873015873,15.881673881673882,26.886206558061822,27.73793587131822,12.360651629072681,7.174178762414056,14.380952380952381,16.19047619047619,7.25,11.954545454545455,3.3183354851427147,4.958454683917894,0.4591,0.429,0.3618,0.3769
21800275,2018-11-23,2018-19,MIL,PHX,114,116,0,6.0,2.0,10.9,-7.6,122.4,103.7,111.5,111.3,1.0,1.0,0,0,17.282456140350877,16.63730158730159,28.550043943191316,28.897827082858658,56.896908939014196,-24.708635224424697,25.94736842105263,10.15,7.5,5.333333333333333,6.466826585272414,6.934177644593181,0.49289999999999995,0.4638,0.3504,0.3553
21800267,2018-11-23,2018-19,DET,HOU,116,111,1,4.0,8.0,0.4,6.0,111.1,107.1,110.7,101.1,1.0,1.0,0,0,18.021786492374726,17.552631578947366,26.832059912854028,32.53567027863777,3.36242226985261,16.795665634674922,19.5,9.473684210526315,10.052631578947368,9.333333333333334,7.657246435957808,6.690567329314975,0.43129999999999996,0.4635000000000001,0.3184,0.3433
21800276,2018-11-23,2018-19,DEN,ORL,112,87,1,4.0,7.0,3.3,5.9,108.2,111.9,104.9,106.0,1.0,2.0,0,0,11.291172595520422,16.86034255599473,26.919129368216325,27.087651896539768,21.329474872953135,7.947191595589765,16.0,16.363636363636363,15.869565217391305,12.6,3.6276497668030814,5.012492662496681,0.4707,0.48710000000000003,0.36419999999999997,0.3802
21800273,2018-11-23,2018-19,CHI,MIA,96,103,0,3.0,3.0,-10.1,-4.0,99.7,105.9,109.8,109.9,1.0,2.0,0,0,10.725955204216072,14.457575757575759,26.6409175773076,27.387306773618537,-26.913973494536155,-4.3018716577540115,6.090909090909091,10.3,11.73913043478261,7.8,7.151469352867736,4.9368915113854825,0.433,0.43709999999999993,0.3302,0.3692
21800265,2018-11-23,2018-19,BKN,MIN,102,112,0,5.0,3.0,2.2,-5.8,110.9,103.6,108.7,109.4,1.0,1.0,0,0,11.597826086956522,13.069716775599128,26.645747032436162,30.841694862582717,-5.01552795031056,-18.02603824138351,12.91304347826087,11.333333333333334,7.4,10.608695652173912,3.868574752696784,3.639566219661707,0.43570000000000003,0.42919999999999997,0.3201,0.3537
21800268,2018-11-23,2018-19,ATL,BOS,96,114,0,1.0,3.0,-11.1,-0.5,105.9,107.4,117.0,107.9,1.0,1.0,0,0,10.3133069828722,8.343001443001443,19.625382916117697,18.924537563605984,-14.68050065876153,2.4279334700387327,10.818181818181818,8.590909090909092,10.590909090909092,14.863636363636363,2.524363546145477,4.969298451642182,0.4346,0.44480000000000003,0.2955,0.33320000000000005
21800277,2018-11-23,2018-19,GSW,POR,125,97,1,4.0,6.0,-3.6,0.4,106.8,110.5,110.4,110.1,1.0,1.0,0,0,19.195307108350587,17.442279942279942,23.40184240855763,28.054913921826966,4.889285714285714,25.887351778656125,25.608695652173914,20.227272727272727,6.0,6.695652173913044,9.133581191844945,7.17516013503883,0.4638,0.44109999999999994,0.3478,0.33340000000000003
21800279,2018-11-24,2018-19,CLE,HOU,117,108,1,2.0,7.0,-6.9,4.7,100.5,106.3,107.4,101.6,0.0,0.0,1,1,9.856349206349206,17.89649122807018,23.878303174603175,31.378132163742684,-18.145238095238096,16.221679197994987,10.55,27.789473684210527,11.277777777777779,4.666666666666667,3.101678217407522,8.066924136708852,0.44909999999999994,0.4559,0.3764,0.33260000000000006
21800283,2018-11-24,2018-19,DAL,BOS,113,104,1,6.0,4.0,6.0,1.4,109.1,108.7,103.1,107.3,2.0,0.0,0,1,14.846036660278145,15.579330572808834,30.663053157025292,28.12836847355543,2.0631556266231184,2.6116600790513838,11.473684210526315,14.826086956521738,10.157894736842104,5.7727272727272725,3.856153804265967,5.137829851605693,0.47700000000000004,0.4478,0.383,0.32439999999999997
21800285,2018-11-24,2018-19,GSW,SAC,117,116,1,4.0,5.0,-2.5,-2.7,107.7,112.3,110.2,115.0,0.0,2.0,1,0,17.587301587301585,15.254227053140097,24.675766334776334,26.524650661713956,11.097034632034632,-12.600474972597734,25.875,16.304347826086957,5.88,6.6521739130434785,9.169750552195815,4.066918145249417,0.47140000000000004,0.46440000000000003,0.36269999999999997,0.3749
21800284,2018-11-24,2018-19,MIL,SAS,135,129,1,6.0,3.0,11.1,-2.9,122.5,104.4,111.4,107.3,0.0,0.0,1,1,19.94285714285714,13.930024886546626,28.708438239538236,28.339570267896356,50.79177489177489,5.912008281573499,26.4,22.17391304347826,5.2727272727272725,5.666666666666667,7.1709398388616385,6.72550574366749,0.49300000000000005,0.4327,0.34209999999999996,0.3897
21800281,2018-11-24,2018-19,MIN,CHI,111,96,1,4.0,3.0,-3.1,-10.6,104.9,98.8,108.0,109.4,0.0,0.0,1,1,16.32521645021645,16.94082125603865,30.907275575301888,28.63755012077295,-10.517819169134958,-26.10869565217391,19.791666666666668,12.375,10.380952380952381,11.25,3.7827823138177417,5.956526229546246,0.4394,0.42300000000000004,0.36079999999999995,0.3133
21800282,2018-11-24,2018-19,OKC,DEN,98,105,0,8.0,4.0,9.9,4.3,111.2,109.1,101.3,104.8,0.0,0.0,1,1,20.88730158730159,9.446859903381643,31.290002308802315,24.735620169082125,38.13982683982684,17.407608695652176,23.952380952380953,16.0,3.7142857142857144,7.75,7.783520177084559,4.665570814187072,0.4527,0.4686,0.33920000000000006,0.36419999999999997
21800280,2018-11-24,2018-19,WAS,NOP,124,114,1,5.0,6.0,-0.9,5.5,111.3,119.1,112.2,113.6,0.0,0.0,1,1,17.181818181818183,18.390579710144923,27.674435064935068,28.104933494363927,-13.447769621682664,6.192995169082126,20.863636363636363,18.65,11.565217391304348,5.722222222222222,5.845534585532875,6.167086928482376,0.454,0.4765,0.3137,0.3504
21800290,2018-11-25,2018-19,TOR,MIA,125,115,1,7.0,4.0,8.8,-2.8,116.0,104.4,107.2,107.2,1.0,1.0,0,0,16.98526854219949,10.991890959282264,27.49511524438761,27.0736167184265,49.45221653878943,-6.429245874898049,22.470588235294116,8.095238095238095,15.652173913043478,10.090909090909092,4.240499369013757,4.34839052364128,0.4902,0.4314,0.3345,0.3586
21800292,2018-11-25,2018-19,SAC,UTA,112,133,0,4.0,4.0,-5.9,-6.9,109.3,100.7,115.2,107.6,0.0,1.0,1,0,14.441666666666668,12.964371980676328,27.110200555555554,27.66822765700483,-3.618333333333333,14.71123188405797,13.125,14.73913043478261,6.875,9.55,3.705989296620629,1.857030523268055,0.45360000000000006,0.44029999999999997,0.3742,0.28359999999999996
21800286,2018-11-25,2018-19,LAL,ORL,104,108,0,8.0,6.0,3.3,2.7,109.8,108.9,106.5,106.2,1.0,1.0,0,0,19.368288144603934,15.045289855072467,27.59748589325752,28.090466614906823,3.7305405311698214,-0.7241200828157353,25.863636363636363,19.166666666666668,12.541666666666666,6.714285714285714,6.578618866333089,4.495193024925398,0.46659999999999996,0.47709999999999997,0.3629,0.3677
21800291,2018-11-25,2018-19,MEM,NYK,98,103,0,7.0,3.0,1.4,-7.3,102.7,111.7,101.3,119.0,1.0,1.0,0,0,13.894660894660896,14.931207729468598,29.733950247819813,23.971825517493777,9.85554300771692,-8.653065436978482,16.136363636363637,15.08695652173913,9.863636363636363,12.04,4.780698163911464,5.0699500476721004,0.45870000000000005,0.44830000000000003,0.3559,0.3326
21800289,2018-11-25,2018-19,BKN,PHI,125,127,0,4.0,7.0,-1.3,1.2,108.9,115.6,110.2,114.4,1.0,1.0,0,0,12.887626262626263,20.57472222222222,26.29783648989899,30.086170303030304,-4.511634199134199,2.60030303030303,12.454545454545455,14.541666666666666,7.904761904761905,7.96,3.316210826625048,8.185898501979064,0.42989999999999995,0.4795,0.3191,0.3569
21800288,2018-11-25,2018-19,ATL,CHA,124,123,1,0.0,5.0,-13.4,3.9,103.2,114.7,116.6,110.8,1.0,1.0,0,0,14.16388888888889,15.648880105401844,24.997575,26.872787878787875,-25.442753623188402,18.25889328063241,14.7,7.7727272727272725,4.608695652173913,10.857142857142858,4.071244864178692,6.556568748335059,0.4255,0.46399999999999997,0.272,0.3512
21800287,2018-11-25,2018-19,DET,PHX,118,107,1,5.0,3.0,1.2,-6.5,112.2,105.5,111.0,112.0,1.0,1.0,0,0,16.42202729044834,13.76746031746032,29.819452617655248,26.41823454968944,1.9474101921470344,-24.47572463768116,24.57894736842105,24.066666666666666,8.421052631578947,8.0,6.457958232117558,7.121836126279193,0.43479999999999996,0.46980000000000005,0.3176,0.35910000000000003
21800299,2018-11-26,2018-19,UTA,IND,88,121,0,5.0,5.0,-3.5,0.1,102.9,102.9,106.4,102.8,0.0,2.0,1,0,9.67888888888889,10.174603174603176,25.454002222222222,26.672852092352095,12.055,6.25974025974026,12.916666666666666,14.545454545454545,11.72,10.571428571428571,3.7266098683805247,2.982675736202072,0.44939999999999997,0.4585,0.2911,0.3474
21800298,2018-11-26,2018-19,NOP,BOS,107,124,0,6.0,4.0,5.1,1.3,118.9,108.4,113.8,107.1,1.0,1.0,0,0,21.154365079365082,10.689174352217831,30.148539431913115,27.38938961038961,8.865914786967421,3.6608554488989267,18.958333333333332,6.3478260869565215,17.916666666666668,9.857142857142858,6.324370649881753,5.0765165909274375,0.4755000000000001,0.44489999999999996,0.3549,0.3311
21800300,2018-11-26,2018-19,GSW,ORL,116,110,1,4.0,6.0,-4.0,2.9,107.7,109.5,111.7,106.6,1.0,0.0,0,1,19.838260869565218,13.815686274509803,25.02254418364244,25.936859429590015,10.702315293402249,-1.207272727272727,22.48,19.64,5.5,6.863636363636363,9.559572126013446,4.776478154088362,0.46740000000000004,0.4774999999999999,0.3379,0.3708
21800296,2018-11-26,2018-19,WAS,HOU,135,131,1,5.0,6.0,-1.2,3.0,112.9,107.5,114.1,104.5,1.0,1.0,0,0,16.898550724637683,17.241102756892232,28.135738965744395,31.748497117794482,-9.417160737812914,6.266165413533834,20.73913043478261,28.4,11.583333333333334,3.3333333333333335,4.9824133776772825,8.603638792483173,0.4673,0.46370000000000006,0.32510000000000006,0.3401
21800297,2018-11-26,2018-19,CHI,SAS,107,108,0,3.0,3.0,-11.3,-2.8,99.6,106.3,110.9,109.1,1.0,1.0,0,0,11.143888888888888,17.26207729468599,28.95484944444444,26.727049430641824,-29.144473684210524,2.3317805383022776,12.44,22.666666666666668,3.6842105263157894,9.25,7.249336539285753,6.018962880275615,0.4231,0.44279999999999997,0.3175,0.403
21800294,2018-11-26,2018-19,CHA,MIL,110,107,1,5.0,6.0,4.2,8.2,116.3,121.6,112.1,113.4,0.0,1.0,1,0,15.768115942028984,19.933151389673128,25.71899915458937,28.9699779785432,17.788899868247697,53.484029738377565,25.375,26.761904761904763,11.545454545454545,7.35,6.579428016254563,6.76153262804945,0.46769999999999995,0.5016,0.3644,0.3403
21800295,2018-11-26,2018-19,CLE,MIN,95,102,0,3.0,5.0,-4.1,1.4,103.1,107.9,107.2,106.5,1.0,1.0,0,0,10.549745576061365,14.794660564454615,26.119051112630057,29.677301933291726,-18.776866408445354,-10.882117744955274,10.80952380952381,10.826086956521738,6.333333333333333,14.05,2.9883625136525502,3.977145203976877,0.457,0.449,0.3804,0.35810000000000003
21800304,2018-11-27,2018-19,DEN,LAL,117,85,1,4.0,7.0,4.2,2.5,108.1,108.8,103.9,106.3,2.0,1.0,0,0,11.07,19.42086956521739,23.75139611111111,27.388601449275363,24.23,0.5799275362318843,7.48,16.28,11.32,3.15,3.1086571621605126,7.958961214510766,0.4641,0.46109999999999995,0.3593,0.3633
21800301,2018-11-27,2018-19,DET,NYK,115,108,1,6.0,4.0,2.4,-6.7,112.1,110.5,109.7,117.2,1.0,1.0,0,0,17.99896331738437,16.324957264957266,29.89844625199362,24.877937381916333,3.4184096605149232,-8.238373819163293,24.15,15.333333333333334,9.904761904761905,8.0,6.208849020730196,5.217194303662085,0.4391,0.44699999999999995,0.3242,0.3421
21800303,2018-11-27,2018-19,MEM,TOR,114,122,0,7.0,7.0,2.5,8.5,102.4,116.1,99.9,107.6,1.0,1.0,0,0,14.071805006587615,17.541666666666668,28.898855072463768,28.7023913960114,9.992094861660078,49.093888888888884,16.608695652173914,14.458333333333334,9.608695652173912,9.2,5.329983236334699,4.95518155923775,0.45709999999999995,0.4854,0.3593,0.3265
21800302,2018-11-27,2018-19,MIA,ATL,113,115,0,3.0,1.0,-4.3,-12.2,103.9,105.4,108.2,117.6,1.0,1.0,0,0,14.349747474747476,14.726349206349207,28.469367490696442,25.101660952380954,-9.225732387816787,-28.11904761904762,12.875,14.761904761904763,13.26086956521739,9.04,3.8364062020160254,3.097676660884617,0.4276,0.4305,0.3616,0.29300000000000004
21800305,2018-11-27,2018-19,PHX,IND,104,109,0,2.0,5.0,-7.8,3.3,106.0,104.8,113.8,101.5,1.0,0.0,0,1,19.274154589371978,9.720685111989459,29.218262677238215,25.655392245435724,-22.59554394880482,7.61707133446264,15.73913043478261,8.434782608695652,8.083333333333334,14.565217391304348,6.855856049745208,2.3867517558230795,0.4694000000000001,0.47490000000000004,0.3473,0.363
21800313,2018-11-28,2018-19,OKC,CLE,100,83,1,7.0,3.0,8.6,-1.6,108.8,103.2,100.2,104.8,3.0,1.0,0,0,16.33135704874835,10.621739130434783,29.57483960890368,26.608234321475624,39.6463490742667,-20.45,23.181818181818183,10.9,16.956521739130434,14.818181818181818,6.885493063388452,2.6456680678957807,0.44020000000000004,0.45570000000000005,0.32530000000000003,0.3742
21800314,2018-11-28,2018-19,POR,ORL,115,112,1,5.0,6.0,-5.4,3.0,108.1,110.9,113.5,107.9,2.0,1.0,0,0,19.549444444444443,14.018518518518519,28.25293219806763,24.70996494487799,18.499855072463767,-8.356744704570792,24.125,13.961538461538462,8.44,6.826086956521739,6.906864025800889,5.600402352511587,0.43879999999999997,0.47589999999999993,0.3499,0.3842
21800307,2018-11-28,2018-19,PHI,NYK,117,91,1,7.0,3.0,0.8,-7.9,118.3,110.1,117.5,118.0,2.0,0.0,0,1,16.735042735042732,14.898974358974359,26.751952664655608,24.082063931623928,2.0217948717948726,-14.412897842897845,27.307692307692307,21.576923076923077,6.9,12.407407407407407,9.59603133165083,5.335436138824853,0.48230000000000006,0.44239999999999996,0.367,0.3387
21800311,2018-11-28,2018-19,MIN,SAS,128,89,1,6.0,4.0,3.2,-2.0,107.2,108.3,104.0,110.3,1.0,1.0,0,0,15.23427960927961,15.266666666666667,28.99695865079365,25.73150777777778,-12.017875457875459,-3.4816666666666665,11.375,22.6,10.5,12.28,4.881686879432426,6.794508383000691,0.4484,0.4582,0.36510000000000004,0.3957
21800312,2018-11-28,2018-19,NOP,WAS,125,104,1,5.0,6.0,2.5,1.1,118.9,116.4,116.4,115.3,1.0,1.0,0,0,15.712222222222223,14.336690821256036,28.52376251803752,28.696460966183576,4.082608225108224,-10.116811594202899,2.75,11.28,17.8,6.76,7.618483556177393,5.872260512566281,0.475,0.48100000000000004,0.3557,0.3316
21800309,2018-11-28,2018-19,HOU,DAL,108,128,0,5.0,7.0,2.2,7.0,110.8,109.1,108.6,102.1,1.0,3.0,0,0,17.948773448773448,13.429870129870132,32.16703391053391,30.058860389610384,5.085930735930736,0.38304473304473274,29.61904761904762,14.4,3.5,14.61111111111111,9.03147340433587,3.4960920192749576,0.4664,0.4753,0.3457,0.37720000000000004
21800306,2018-11-28,2018-19,CHA,ATL,108,94,1,5.0,2.0,1.3,-11.5,114.7,106.2,113.4,117.7,1.0,0.0,0,1,16.080000000000002,11.48679487179487,27.290998333333334,23.594393974358972,18.05,-23.76894648829431,25.2,4.72,8.25,6.521739130434782,6.573633444805594,4.397919015871274,0.4575,0.4378,0.3759,0.3028
21800308,2018-11-28,2018-19,BKN,UTA,91,101,0,3.0,4.0,-3.7,-8.3,111.0,100.0,114.7,108.3,2.0,1.0,0,0,14.47072463768116,15.595757575757576,25.74431332403317,27.00971818181818,-5.031787956289236,7.892307692307692,17.8,19.227272727272727,14.96,10.32,3.689880607848532,4.981534189057653,0.44210000000000005,0.4431,0.3341,0.2818
21800310,2018-11-28,2018-19,MIL,CHI,116,113,1,6.0,2.0,9.4,-11.5,122.0,98.7,112.6,110.2,1.0,1.0,0,0,18.70223978919631,14.378461538461536,29.254905577514272,29.142202564102565,51.180124223602476,-27.168461538461543,26.454545454545453,12.615384615384615,7.714285714285714,3.8,6.529612643471067,7.188203469047466,0.4992,0.4245,0.33699999999999997,0.3332
21800317,2018-11-29,2018-19,LAL,IND,104,96,1,7.0,6.0,0.7,4.2,106.6,106.3,105.9,102.1,1.0,1.0,0,0,16.629856254856254,11.892072902942468,26.690045371295373,26.913119235836625,-3.1670546120546117,11.63570487483531,25.291666666666668,14.583333333333334,9.24,8.541666666666666,7.831199008368506,3.055684679239564,0.45430000000000004,0.47309999999999997,0.3526,0.3767
21800316,2018-11-29,2018-19,TOR,GSW,131,128,1,7.0,5.0,8.4,-1.1,116.9,108.2,108.5,109.3,1.0,2.0,0,0,17.134450942170243,18.223522853957636,28.907027013545257,24.801646434617453,48.843958614484926,12.202046946612162,22.526315789473685,22.73076923076923,9.0,10.333333333333334,4.867395356396502,9.832849925929981,0.5002,0.46790000000000004,0.3504,0.3393
21800329,2018-11-30,2018-19,POR,DEN,112,113,0,5.0,5.0,-6.6,7.6,107.8,111.1,114.4,103.5,1.0,2.0,0,0,17.506666666666664,14.6997668997669,28.386644145299147,27.98561212121212,18.221003344481606,26.66839160839161,24.8,16.045454545454547,7.043478260869565,8.6,7.35379678049692,3.4902355777910827,0.42960000000000004,0.47359999999999997,0.35910000000000003,0.3703
21800326,2018-11-30,2018-19,SAS,HOU,105,136,0,3.0,5.0,-6.6,2.0,107.6,113.6,114.2,111.6,1.0,1.0,0,0,15.007628205128205,20.723320158102766,27.075721608669106,30.21210690131125,-2.2358241758241757,0.1719367588932803,6.1875,16.26086956521739,12.038461538461538,6.4,5.599950510268178,8.254539905463956,0.4527,0.47459999999999997,0.37529999999999997,0.34840000000000004
21800327,2018-11-30,2018-19,PHX,ORL,85,99,0,2.0,5.0,-7.0,1.8,107.2,110.4,114.2,108.6,1.0,1.0,0,0,11.622863247863245,16.583703703703705,22.821196243814665,28.24047290123457,-30.181283242041758,1.3590448343079926,8.346153846153847,15.64,5.294117647058823,8.473684210526315,4.218133310123797,4.16458176371152,0.47909999999999997,0.4766,0.344,0.38899999999999996
21800322,2018-11-30,2018-19,PHI,WAS,123,98,1,7.0,6.0,3.3,-0.1,116.7,116.0,113.4,116.1,1.0,1.0,0,0,9.885768552435218,12.916410256410257,28.795094356261018,23.916101452991448,3.646520146520146,-11.12371794871795,7.0476190476190474,6.576923076923077,5.384615384615385,10.153846153846153,8.599431836063985,5.444967602231359,0.48840000000000006,0.473,0.3826,0.3242
21800325,2018-11-30,2018-19,OKC,ATL,124,109,1,7.0,2.0,9.4,-11.4,109.3,104.7,99.9,116.1,1.0,1.0,0,0,20.38888888888889,14.680622651637144,31.527923913043473,23.885102014946945,39.663768115942034,-19.265621206490774,14.304347826086957,14.782608695652174,6.05,12.703703703703704,6.819046379930702,3.8752419036976504,0.44620000000000004,0.4266,0.3216,0.3028
21800321,2018-11-30,2018-19,DET,CHI,107,88,1,7.0,2.0,4.1,-10.9,113.7,100.2,109.6,111.1,2.0,1.0,0,0,17.840683229813664,17.38366571699905,29.983920669427192,29.34485944919278,7.864492753623189,-26.59207977207977,10.05,12.444444444444445,2.9375,5.8,7.635005339760758,6.696959350982989,0.4468,0.4298,0.3367,0.3339
21800328,2018-11-30,2018-19,LAL,DAL,114,103,1,7.0,8.0,1.1,10.2,105.6,111.3,104.5,101.1,0.0,1.0,1,0,19.353086419753087,15.619323671497584,27.86927729708831,30.62344087029167,0.39243719243719255,-0.06644873052195699,16.0,16.8,9.384615384615385,8.73913043478261,6.954172600926766,3.477098185784328,0.45470000000000005,0.4800000000000001,0.3377,0.38930000000000003
21800320,2018-11-30,2018-19,CHA,UTA,111,119,0,5.0,4.0,1.6,-8.1,114.2,97.8,112.6,105.9,1.0,1.0,0,0,15.824102564102565,15.452908873198728,26.10933762237762,26.38368541227961,20.531534781008464,13.398922333704943,14.23076923076923,15.076923076923077,8.105263157894736,12.576923076923077,6.685558836315686,4.973935207064352,0.45439999999999997,0.4349,0.354,0.27569999999999995
21800323,2018-11-30,2018-19,BKN,MEM,125,131,0,2.0,6.0,-4.9,1.5,108.9,104.9,113.8,103.4,1.0,2.0,0,0,13.32051282051282,16.50277777777778,25.005097934472936,28.927530217391308,-9.993589743589743,6.822608695652175,17.653846153846153,17.041666666666668,7.666666666666667,8.166666666666666,4.195681380408078,4.510160324896411,0.43610000000000004,0.4648,0.33440000000000003,0.3557
21800319,2018-11-30,2018-19,BOS,CLE,128,95,1,4.0,3.0,2.3,-3.1,109.2,101.5,106.9,104.6,3.0,1.0,0,0,13.840909090909092,10.767857142857144,24.09050505050505,24.877638245812157,6.886818181818183,-19.338909279126668,6.416666666666667,11.047619047619047,8.76,15.26086956521739,5.825757705796587,2.8682519738818155,0.4542,0.44370000000000004,0.34199999999999997,0.3698
21800324,2018-11-30,2018-19,MIA,NOP,106,101,1,2.0,5.0,-5.2,2.6,105.7,119.5,110.9,116.9,2.0,1.0,0,0,13.081382385730214,21.296037296037298,27.05650773194599,31.238109303739737,-5.649267930137496,8.956289235061615,20.17391304347826,25.772727272727273,8.44,3.2941176470588234,4.364252207265836,7.478522094960351,0.4349,0.47459999999999997,0.3645,0.3423
21800333,2018-12-01,2018-19,WAS,BKN,102,88,1,5.0,2.0,-3.2,-3.9,114.2,111.4,117.4,115.3,0.0,0.0,1,1,17.492820512820515,10.91358024691358,26.738151073124406,23.478972777777777,-13.403760683760684,-9.316754385964911,20.923076923076923,7.666666666666667,6.888888888888889,17.962962962962962,6.660583398002679,4.0686886473335475,0.46499999999999997,0.434,0.3164,0.3416
21800336,2018-12-01,2018-19,SAC,IND,111,110,1,4.0,6.0,-4.8,4.0,111.2,106.5,116.0,102.5,1.0,1.0,0,0,15.678062678062679,11.290000000000001,27.76058866396761,26.276502222222224,-6.851506972559604,5.045797101449274,15.923076923076923,14.56,6.769230769230769,10.173913043478262,4.105343871605422,2.4100852728055533,0.45669999999999994,0.4709,0.3688,0.3944
21800330,2018-12-01,2018-19,NYK,MIL,136,134,1,3.0,6.0,-8.9,7.4,108.0,120.2,116.9,112.8,2.0,2.0,0,0,12.400352733686068,18.658743961352656,23.327022486772485,26.807896447079486,-11.861786361786363,35.774090909090916,20.962962962962962,26.869565217391305,15.423076923076923,3.6875,5.349818238981921,7.950245419816999,0.4314,0.4971,0.33209999999999995,0.3456
21800331,2018-12-01,2018-19,DET,GSW,111,102,1,8.0,4.0,6.5,-3.0,112.9,109.4,106.4,112.4,0.0,1.0,1,0,17.819805194805195,26.128858024691358,29.760740698914606,26.788014991181655,6.976990400903445,21.345568783068785,24.227272727272727,28.333333333333332,9.227272727272727,4.541666666666667,6.0956583566688,11.39328865373277,0.45039999999999997,0.461,0.3435,0.33219999999999994
21800334,2018-12-01,2018-19,HOU,CHI,121,105,1,6.0,1.0,5.8,-12.9,118.3,99.1,112.5,112.0,0.0,0.0,1,1,16.2267316017316,16.57716049382716,33.34779547023025,29.392095679012346,12.911537737624693,-24.302910052910054,16.708333333333332,23.48148148148148,9.043478260869565,0.0,7.341053793523917,7.9192219932596934,0.49129999999999996,0.4252000000000001,0.36710000000000004,0.3093
21800332,2018-12-01,2018-19,CLE,TOR,95,106,0,3.0,7.0,-5.5,7.1,102.4,117.2,107.9,110.1,0.0,1.0,1,0,11.579545454545453,15.632034632034632,27.333598131313135,27.430061397861397,-20.374716732542822,40.42163820584874,13.041666666666666,23.25,9.782608695652174,8.789473684210526,2.129568000119027,5.559923794686389,0.44560000000000005,0.4992000000000001,0.37260000000000004,0.3499
21800335,2018-12-01,2018-19,MIN,BOS,109,118,0,7.0,5.0,7.5,6.4,109.0,110.5,101.5,104.1,2.0,0.0,0,1,15.248843995510661,15.948160535117056,30.872687797819463,27.652092642140467,-4.305473785473785,11.020602006688963,11.76,15.192307692307692,10.592592592592593,13.88,3.7584668519162707,5.177557386322214,0.45380000000000004,0.46320000000000006,0.359,0.35730000000000006
21800338,2018-12-02,2018-19,CHA,NOP,109,119,0,5.0,4.0,0.9,0.5,112.1,117.0,111.2,116.5,1.0,1.0,0,0,15.943494776828109,16.354804079441763,22.202467891944345,26.61530907809984,14.88590362938189,4.256313131313131,14.592592592592593,3.4444444444444446,8.25,5.954545454545454,7.223130543282335,9.93483980452974,0.4648,0.4628,0.34609999999999996,0.3267
21800337,2018-12-02,2018-19,LAL,PHX,120,96,1,7.0,2.0,0.7,-6.4,106.9,105.8,106.2,112.2,1.0,1.0,0,0,16.68574481074481,8.110802469135804,28.04027451587596,24.35354790123457,0.8190861071295853,-25.52123428858723,25.884615384615383,9.8,11.678571428571429,5.423076923076923,6.698200824421522,4.221166183800773,0.46209999999999996,0.47890000000000005,0.33609999999999995,0.3412
21800339,2018-12-02,2018-19,MIA,UTA,102,100,1,3.0,4.0,-3.9,-8.1,106.1,100.1,110.0,108.2,1.0,1.0,0,0,14.476507936507936,15.673721340388008,27.471706854636587,29.30041049382716,-7.171487372276846,14.422619047619047,20.166666666666668,20.083333333333332,8.615384615384615,4.464285714285714,4.275988829761528,5.1167228541661895,0.43289999999999995,0.45020000000000004,0.3459,0.2926
21800340,2018-12-02,2018-19,PHI,MEM,103,95,1,8.0,6.0,6.4,1.5,118.4,106.8,112.0,105.3,1.0,1.0,0,0,20.29870973730623,15.981666666666667,28.628791089677055,29.512641452991453,10.522303232829547,7.838717948717948,26.857142857142858,16.96,7.2727272727272725,13.692307692307692,8.15708362978596,5.335497760848164,0.4805,0.4706,0.38839999999999997,0.359
21800342,2018-12-02,2018-19,SAS,POR,131,118,1,3.0,4.0,-9.2,-7.8,108.2,107.4,117.4,115.2,1.0,1.0,0,0,17.45152378485712,17.705128205128204,25.576103023396357,26.579911490978155,-4.2338309185368015,10.858974358974358,21.962962962962962,24.423076923076923,9.296296296296296,7.481481481481482,6.281040381423008,8.246470731424825,0.45430000000000004,0.4413,0.3787,0.3479
21800347,2018-12-03,2018-19,TOR,DEN,103,106,0,8.0,6.0,9.8,7.9,116.8,111.4,107.0,103.5,1.0,2.0,0,0,17.91636141636142,14.532763532763532,29.514146326002646,25.64836419753086,52.200538924676856,25.47293447293447,23.761904761904763,16.153846153846153,12.5,9.62962962962963,4.656826851690722,3.5446992639066774,0.5078,0.47359999999999997,0.3479,0.38920000000000005
21800346,2018-12-03,2018-19,NYK,WAS,107,110,0,4.0,5.0,-6.1,-2.6,112.7,112.7,118.8,115.3,1.0,1.0,0,0,12.772316763696075,17.571225071225072,24.51310309996517,28.751783170533166,-10.571108024631263,-12.322446072446073,9.318181818181818,20.962962962962962,10.652173913043478,5.035714285714286,5.024395574174808,6.200048284454646,0.44930000000000003,0.46630000000000005,0.373,0.3078
21800348,2018-12-03,2018-19,MIN,HOU,103,91,1,7.0,6.0,7.7,6.2,108.9,118.9,101.2,112.7,1.0,1.0,0,0,12.867943650552347,18.362222222222226,30.268037422722205,33.26306419191919,-5.840885636103026,15.206007905138339,11.961538461538462,16.76,18.2,9.083333333333334,3.8085715069541757,7.331923833132269,0.4574,0.49269999999999997,0.36310000000000003,0.3635
21800345,2018-12-03,2018-19,BKN,CLE,97,99,0,2.0,3.0,-4.6,-6.5,108.9,102.1,113.5,108.6,1.0,1.0,0,0,12.688534798534798,11.83904761904762,25.93689853479853,25.398313015873015,-12.975567765567765,-19.47218585762064,17.607142857142858,11.357142857142858,10.05,10.91304347826087,3.8339292617623566,1.4373358470484123,0.4314,0.4412999999999999,0.3298,0.3572
21800344,2018-12-03,2018-19,ATL,GSW,111,128,0,2.0,4.0,-12.8,-3.4,105.0,108.0,117.8,111.4,2.0,1.0,0,0,8.954901960784314,26.098039215686274,24.261052041186844,26.97769006568144,-25.201123560535326,19.499090118806144,7.764705882352941,28.321428571428573,11.04,4.52,4.233373053624497,11.421596109063477,0.4282,0.4601,0.2983,0.3166
21800343,2018-12-03,2018-19,DET,OKC,83,110,0,8.0,7.0,6.7,9.1,113.7,111.9,107.0,102.8,1.0,2.0,0,0,15.315821256038646,20.21794871794872,27.360738671497586,29.84902294871795,8.677463768115942,41.941923076923075,6.208333333333333,23.541666666666668,9.76,11.28,6.791638877930581,7.405933839366101,0.4532,0.45410000000000006,0.34809999999999997,0.3412
21800354,2018-12-04,2018-19,UTA,SAS,139,105,1,4.0,4.0,-3.3,-5.9,103.3,111.7,106.6,117.6,1.0,1.0,0,0,13.165845648604268,12.811931895265227,28.472251756978654,25.07499135124135,16.280246305418718,-6.476292226292227,12.068965517241379,6.230769230769231,12.0,6.666666666666667,3.5621951021328293,7.218963041963873,0.4631,0.47230000000000005,0.3088,0.42160000000000003
21800353,2018-12-04,2018-19,PHX,SAC,105,122,0,2.0,4.0,-7.1,-5.8,105.3,110.2,112.4,116.0,1.0,2.0,0,0,8.271501831501832,10.783796296296297,20.203171249491252,23.989498268799103,-27.695567765567766,-8.475387205387205,6.32,15.88888888888889,5.777777777777778,6.814814814814815,2.2762767010932867,3.9774005732233118,0.47059999999999996,0.4565,0.3537,0.3761
21800352,2018-12-04,2018-19,DAL,POR,111,102,1,8.0,3.0,9.1,-9.7,110.9,109.2,101.8,118.9,1.0,1.0,0,0,16.802404295051357,18.049382716049383,30.775141735679778,28.76044851851852,0.36670137620265475,15.336007696007698,18.294117647058822,20.51851851851852,8.64,3.4545454545454546,3.673887270486861,8.172996450212603,0.47640000000000005,0.4483,0.37229999999999996,0.3504
21800350,2018-12-04,2018-19,IND,CHI,96,90,1,5.0,1.0,3.1,-14.0,106.5,99.8,103.4,113.8,2.0,2.0,0,0,11.524102564102565,15.306650246305418,27.343431965811966,28.34962397372742,9.132820512820512,-34.93472906403941,8.653846153846153,12.241379310344827,7.52,15.689655172413794,3.083479534533356,5.873975399982846,0.4689,0.43019999999999997,0.4011,0.3101
21800351,2018-12-04,2018-19,MIA,ORL,90,105,0,4.0,5.0,-3.1,0.6,105.3,108.8,108.4,108.2,1.0,3.0,0,0,12.720538720538721,14.698351648351649,27.717775857722522,26.82700820512821,2.0829629629629625,4.31065934065934,20.0,15.73076923076923,8.32,13.821428571428571,4.4029210823207565,4.267041650503071,0.4282,0.4793,0.35140000000000005,0.3781
21800357,2018-12-05,2018-19,ATL,WAS,117,131,0,2.0,5.0,-13.8,-4.7,105.8,111.8,119.6,116.5,1.0,1.0,0,0,14.275862068965518,12.517165359119382,24.166063404985817,24.876090904944352,-27.514890282131663,-9.99580368545886,12.206896551724139,11.407407407407407,7.666666666666667,11.25925925925926,4.189588615336457,5.6442565860046185,0.43220000000000003,0.46630000000000005,0.27999999999999997,0.31589999999999996
21800358,2018-12-05,2018-19,BKN,OKC,112,114,0,2.0,8.0,-3.5,13.3,107.9,113.3,111.4,100.0,1.0,1.0,0,0,11.835985853227234,20.101904761904763,27.50219186560566,31.222856996336997,-9.522848160779194,46.26392134181608,7.8076923076923075,22.785714285714285,9.761904761904763,4.0,3.6346106183569913,7.276269247750593,0.43019999999999997,0.4655,0.3262,0.3427
21800355,2018-12-05,2018-19,CLE,GSW,105,129,0,3.0,4.0,-8.7,-2.4,100.7,109.8,109.4,112.2,1.0,1.0,0,0,12.497032288698955,26.1941251596424,27.757807098765433,27.053979438058754,-25.390455840455836,23.526053639846744,13.814814814814815,28.310344827586206,11.0,4.423076923076923,1.8778760705673143,11.40824565751688,0.4316,0.47569999999999996,0.3297,0.32639999999999997
21800364,2018-12-05,2018-19,LAL,SAS,121,113,1,7.0,4.0,3.0,-8.8,108.2,111.1,105.2,119.9,2.0,0.0,0,1,16.703005534269902,13.183634373289548,25.257055421151858,27.79419677066229,-0.05805601167670149,-10.598522167487685,25.74074074074074,22.24137931034483,11.758620689655173,9.448275862068966,7.874128635879922,6.265356706572774,0.4697,0.48100000000000004,0.33999999999999997,0.4224
21800361,2018-12-05,2018-19,MIL,DET,115,92,1,6.0,7.0,7.4,2.5,121.0,109.6,113.6,107.1,3.0,1.0,0,0,17.801666666666666,17.48076923076923,26.700298418803413,26.703707152496627,40.62179487179487,4.192901484480432,11.12,18.692307692307693,4.8,9.2,8.084618025872365,7.495822252142102,0.5012,0.43879999999999997,0.3537,0.32430000000000003
21800362,2018-12-05,2018-19,MIN,CHA,121,104,1,7.0,4.0,8.2,-1.1,107.2,111.7,99.0,112.8,1.0,2.0,0,0,15.72124354489422,14.300366300366301,31.0995910650444,26.3754362026862,-3.18632350491421,12.985240249946132,20.379310344827587,8.892857142857142,10.655172413793103,5.529411764705882,3.679060398914488,6.785425539749502,0.4488,0.45709999999999995,0.3696,0.3346
21800363,2018-12-05,2018-19,NOP,DAL,132,106,1,4.0,8.0,1.4,8.5,118.6,110.9,117.2,102.4,1.0,0.0,0,1,21.47954022988506,9.186429512516469,29.19166799671593,23.69444574507618,9.089885057471266,13.805734120951511,18.137931034482758,8.5,3.8,9.095238095238095,8.534265636939177,3.396727043362782,0.47620000000000007,0.4638,0.3378,0.3607
21800356,2018-12-05,2018-19,ORL,DEN,118,124,0,6.0,7.0,2.9,8.9,108.4,110.6,105.5,101.7,0.0,1.0,1,0,16.61813537675607,13.621252204585538,28.44567175884992,25.885521164021164,7.798352350076489,20.335978835978835,15.88888888888889,16.333333333333332,8.333333333333334,4.2272727272727275,4.219457040486873,4.692444877465336,0.47519999999999996,0.47240000000000004,0.3781,0.3811
21800359,2018-12-05,2018-19,TOR,PHI,113,102,1,8.0,8.0,9.7,6.2,116.7,116.3,107.0,110.1,1.0,2.0,0,0,16.05696814892217,21.394252873563218,29.608011505033915,30.046478243021348,48.246318687698,13.5455986292568,23.90909090909091,19.7,9.125,7.304347826086956,5.266864832906998,7.894466455821767,0.5049,0.4821,0.3547,0.3831
21800366,2018-12-06,2018-19,POR,PHX,108,86,1,3.0,1.0,-9.7,-10.8,107.7,104.2,117.4,115.0,1.0,1.0,0,0,13.450328407224958,10.47307924984876,23.104202928297752,18.09493729138375,7.739942528735632,-29.788007112870996,25.178571428571427,6.315789473684211,14.448275862068966,10.074074074074074,7.188680590406114,4.834720278523493,0.44939999999999997,0.45830000000000004,0.3372,0.3332
21800367,2018-12-06,2018-19,UTA,HOU,118,91,1,5.0,5.0,0.7,4.0,106.5,117.1,105.8,113.1,1.0,2.0,0,0,13.978544061302683,18.42615384615385,27.64128809313292,28.903407848383505,12.437400530503979,12.873684503901897,10.068965517241379,29.16,4.733333333333333,15.333333333333334,4.909178779426273,7.628696679067458,0.4772,0.48100000000000004,0.3512,0.3566
21800365,2018-12-06,2018-19,BOS,NYK,128,100,1,6.0,4.0,7.9,-3.9,112.9,113.1,105.0,117.0,4.0,2.0,0,0,15.58440170940171,12.891021156088621,28.447557996820677,24.74659316413222,6.994085222346091,-13.083625220356854,13.961538461538462,8.133333333333333,10.666666666666666,4.8076923076923075,4.1695286685097415,5.817110727052704,0.4716,0.44610000000000005,0.3626,0.3814
21800371,2018-12-07,2018-19,BKN,TOR,106,105,1,1.0,9.0,-4.8,11.5,107.6,116.4,112.4,104.9,1.0,1.0,0,0,11.636363636363635,17.554681760502238,27.307233140933143,29.006057202297463,-11.581692272868743,44.16156882388299,9.409090909090908,24.434782608695652,8.294117647058824,12.8,3.5707668710455223,5.53889264259674,0.43100000000000005,0.5045999999999999,0.34059999999999996,0.3547
21800368,2018-12-07,2018-19,CHA,DEN,113,107,1,4.0,8.0,-0.4,10.5,113.2,113.1,113.6,102.6,1.0,1.0,0,0,14.022988505747128,13.814860426929393,25.553182613878246,25.85930870279146,12.723627075351214,25.385467980295566,24.06896551724138,16.857142857142858,10.333333333333334,7.758620689655173,6.115239850931426,3.993926459136917,0.46320000000000006,0.47729999999999995,0.35150000000000003,0.395
21800373,2018-12-07,2018-19,CHI,OKC,114,112,1,1.0,8.0,-11.7,11.8,100.6,112.9,112.3,101.1,2.0,1.0,0,0,14.122605363984675,19.348053181386515,27.444073396635012,31.330549287749285,-35.5367816091954,46.45783475783476,12.333333333333334,24.192307692307693,15.566666666666666,4.2,6.80574237326219,7.419564660150896,0.4303,0.46220000000000006,0.3152,0.3288
21800372,2018-12-07,2018-19,CLE,SAC,110,129,0,3.0,5.0,-8.7,-2.6,101.7,113.8,110.4,116.4,1.0,2.0,0,0,11.69047619047619,14.543419224453705,24.540798716592047,26.966253861825702,-26.307920227920224,-4.999480723618655,10.0,17.275862068965516,11.518518518518519,9.047619047619047,2.929588691022297,3.13063594372868,0.42990000000000006,0.4753,0.34509999999999996,0.3979
21800369,2018-12-07,2018-19,DET,PHI,111,117,0,7.0,8.0,1.2,5.6,108.5,115.9,107.3,110.3,1.0,1.0,0,0,19.323456790123455,13.416529830322936,26.815786771130103,28.322840914066774,-3.5100854700854702,7.9559523809523816,24.4,14.344827586206897,4.6,4.958333333333333,8.286285964182486,6.84922794437029,0.4391,0.47989999999999994,0.3207,0.36619999999999997
21800377,2018-12-07,2018-19,MIL,GSW,95,105,0,6.0,5.0,9.0,2.1,120.4,114.1,111.4,112.0,1.0,1.0,0,0,17.422260208926875,26.336842105263155,29.30473669515669,27.777429954515917,47.33358974358975,25.390404326227756,10.923076923076923,28.2,7.125,6.645161290322581,6.683311596459915,11.485239908748369,0.4904,0.48649999999999993,0.3378,0.3571
21800374,2018-12-07,2018-19,NOP,MEM,103,107,0,4.0,6.0,3.0,2.2,119.3,105.5,116.3,103.3,1.0,1.0,0,0,21.552991452991453,12.366096866096866,26.45749680611786,29.619919468186133,10.24360702818053,7.721082621082622,19.533333333333335,20.444444444444443,14.0,9.148148148148149,9.218126736489827,5.293171751052762,0.4833,0.46349999999999997,0.3564,0.3677
21800370,2018-12-07,2018-19,ORL,IND,90,112,0,5.0,6.0,1.8,4.9,109.1,105.8,107.3,100.9,1.0,2.0,0,0,14.77037037037037,9.136666666666667,27.289251146384476,23.83768380816714,3.3666666666666667,8.140619658119657,16.0,10.16,9.966666666666667,10.576923076923077,5.25932642106308,4.1799693750360625,0.4726,0.46880000000000005,0.376,0.39049999999999996
21800376,2018-12-07,2018-19,PHX,MIA,98,115,0,1.0,4.0,-12.0,-3.6,102.8,102.9,114.8,106.5,0.0,2.0,1,0,7.480599647266314,12.390189520624302,21.76155079365079,26.473016244624944,-25.512433862433863,0.15990531207922554,6.37037037037037,19.46153846153846,8.933333333333334,10.136363636363637,4.01700474696818,4.152808829791058,0.45169999999999993,0.42190000000000005,0.3103,0.3438
21800375,2018-12-07,2018-19,SAS,LAL,133,120,1,3.0,7.0,-10.8,2.9,112.0,107.7,122.8,104.8,1.0,1.0,0,0,11.989655172413793,17.036202686202685,25.15266045977011,26.9268928781946,-5.9000176834659595,5.368428697739043,22.566666666666666,16.633333333333333,5.230769230769231,11.633333333333333,6.761747982066422,7.11279717008624,0.48119999999999996,0.4701000000000001,0.40659999999999996,0.329
21800384,2018-12-08,2018-19,MEM,LAL,88,111,0,6.0,7.0,1.8,2.9,105.0,108.0,103.2,105.1,0.0,0.0,1,1,16.56650246305419,17.50725497466321,29.00218112570699,25.056226563122262,1.1170917715745299,1.7107305046125956,20.035714285714285,8.933333333333334,6.28,3.5384615384615383,5.55673363785846,8.927187232799582,0.45990000000000003,0.4683,0.3658,0.3263
21800382,2018-12-08,2018-19,NYK,BKN,104,112,0,4.0,2.0,-6.2,-3.9,110.7,106.3,116.9,110.2,1.0,0.0,0,1,10.017174638487207,12.087223669271355,22.939017950809543,26.887414579576568,-14.678752317389693,-10.663152294820332,10.68,8.428571428571429,20.966666666666665,12.482758620689655,4.716038030359571,3.63925988528034,0.4367,0.42939999999999995,0.38330000000000003,0.3256
21800379,2018-12-08,2018-19,IND,SAC,107,97,1,6.0,5.0,6.3,-1.2,107.1,116.3,100.8,117.5,0.0,0.0,1,1,10.115791615791617,16.432419687592102,27.820154524487855,27.333969414153323,12.602971102971104,6.153394243049416,10.307692307692308,15.384615384615385,14.444444444444445,6.931034482758621,3.0054430247082338,3.9977117871317636,0.47170000000000006,0.48240000000000005,0.37320000000000003,0.39690000000000003
21800385,2018-12-08,2018-19,POR,MIN,113,105,1,4.0,7.0,-5.9,9.2,108.9,108.6,114.8,99.4,1.0,2.0,0,0,18.142857142857142,14.767037037037035,28.82953392629082,28.625360454545454,17.720117047703255,-5.125454545454545,25.17241379310345,17.444444444444443,3.769230769230769,10.666666666666666,8.118919183250712,4.820200695308591,0.4556,0.46160000000000007,0.3429,0.3758
21800381,2018-12-08,2018-19,CLE,WAS,116,101,1,3.0,6.0,-9.5,-2.2,102.5,114.5,112.0,116.7,0.0,2.0,1,0,12.196949602122016,14.89655172413793,25.814677929350346,27.457956787082644,-28.652495333529817,-6.9574712643678165,11.25,21.689655172413794,16.0,6.733333333333333,3.009586994275243,6.836542090342595,0.43870000000000003,0.47219999999999995,0.34550000000000003,0.33080000000000004
21800383,2018-12-08,2018-19,CHI,BOS,77,133,0,2.0,6.0,-9.6,7.8,101.6,114.6,111.2,106.8,0.0,1.0,1,0,9.06109080636333,8.876481481481482,23.907533028075484,22.44384089065256,-25.851916591627383,10.366851851851852,5.809523809523809,4.611111111111111,6.6,21.6,4.523471827006878,5.6974574489413055,0.4391,0.4782,0.3238,0.3527
21800380,2018-12-08,2018-19,ATL,DEN,106,98,1,2.0,7.0,-10.7,5.4,108.2,110.0,118.9,104.6,2.0,0.0,0,1,11.241954022988507,11.747126436781608,24.265854506957044,23.006852873563215,-28.751451905626134,19.843103448275862,5.275862068965517,9.241379310344827,8.9,16.96551724137931,4.355739821409658,4.673682650661149,0.442,0.45949999999999996,0.2902,0.376
21800378,2018-12-08,2018-19,DAL,HOU,107,104,1,7.0,4.0,5.4,-0.8,111.2,115.5,105.8,116.3,2.0,1.0,0,0,15.574952766531714,17.583214624881293,27.43681953685775,33.0434900997151,-0.40806434052429497,8.631851851851852,17.789473684210527,8.592592592592593,8.62962962962963,8.807692307692308,5.117754124507913,7.3009558850242575,0.45990000000000003,0.47940000000000005,0.3608,0.3448
21800388,2018-12-09,2018-19,TOR,MIL,99,104,0,8.0,6.0,7.5,8.3,114.7,118.6,107.2,110.3,1.0,1.0,0,0,15.984519836855766,19.980056980056982,28.52710162621336,29.369723239723236,45.44110068879952,40.256570914465655,24.75,26.46153846153846,14.25,4.2105263157894735,5.688945116501507,7.381297108867054,0.49000000000000005,0.4789,0.3461,0.33
21800390,2018-12-09,2018-19,SAS,UTA,110,97,1,4.0,5.0,-8.1,2.2,112.7,108.5,120.8,106.3,1.0,2.0,0,0,16.028535980148884,15.45941855834329,27.505339816455944,27.219793468737556,-8.541734609476544,15.797968936678611,23.0,12.096774193548388,9.483870967741936,10.533333333333333,5.931189178055674,4.840459259436092,0.4838000000000001,0.4829,0.3985,0.3473
21800389,2018-12-09,2018-19,NYK,CHA,107,119,0,4.0,5.0,-5.6,0.5,109.4,112.6,115.0,112.1,0.0,1.0,1,0,13.29563275434243,15.635714285714286,24.451012314216648,27.438920634920635,-15.580273701548732,11.428778467908904,8.64,23.966666666666665,10.04,8.26086956521739,5.075334793966712,6.140179972669817,0.4377,0.45919999999999994,0.38079999999999997,0.3563
21800387,2018-12-09,2018-19,DET,NOP,108,116,0,6.0,3.0,0.4,1.2,109.0,115.6,108.6,114.4,1.0,1.0,0,0,17.422093338760003,14.120723362658845,26.77810290943624,25.911091758778856,-5.904671254671255,8.24853038240135,24.653846153846153,19.548387096774192,1.5,26.62962962962963,8.761672953950333,9.182397788911487,0.4323,0.47070000000000006,0.3154,0.34199999999999997
21800392,2018-12-10,2018-19,PHI,DET,116,102,1,8.0,5.0,5.6,-1.5,116.3,108.5,110.7,110.0,2.0,0.0,0,1,19.5415770609319,8.935529030356617,26.779215913978494,19.922759484768108,14.081881720430108,-5.735702675357848,25.9,18.620689655172413,7.68,9.678571428571429,8.248986366178055,6.360094537221424,0.4782,0.43010000000000004,0.3465,0.3122
21800396,2018-12-10,2018-19,OKC,UTA,122,113,1,7.0,5.0,9.1,3.6,111.3,108.8,102.2,105.2,2.0,0.0,0,1,21.023809523809522,14.088709677419354,31.388155643738976,28.26143855606758,42.94146825396825,18.64516129032258,22.75,10.258064516129032,6.125,11.5625,6.808232853715689,3.3843742508500143,0.45420000000000005,0.47780000000000006,0.316,0.3343
21800401,2018-12-10,2018-19,LAL,MIA,108,105,1,7.0,5.0,3.6,-0.1,107.8,105.4,104.2,105.5,1.0,1.0,0,0,17.213690476190475,14.320751476113793,26.42032781938044,24.580373404727602,5.49752944188428,5.316901190173502,17.0625,10.36,8.709677419354838,12.0,8.216999453807505,4.538770563288033,0.46840000000000004,0.4225,0.3256,0.3511
21800391,2018-12-10,2018-19,IND,WAS,109,101,1,6.0,6.0,6.5,-2.7,108.1,113.7,101.6,116.4,1.0,1.0,0,0,11.873973727422003,13.482437275985662,27.085350498692453,24.224604857248796,8.616174055829228,-9.512495365220614,11.035714285714286,21.866666666666667,14.428571428571429,11.275862068965518,2.4932576489098563,5.844767248311533,0.475,0.4716,0.3599,0.327
21800395,2018-12-10,2018-19,MIL,CLE,108,92,1,6.0,4.0,6.9,-7.6,116.7,103.6,109.8,111.2,0.0,1.0,1,0,12.235738612175394,12.146031746031746,25.27237507145898,22.232731216931217,32.877792452979854,-25.63915343915344,4.25,14.866666666666667,7.3478260869565215,12.642857142857142,5.149814846638795,4.093759719299909,0.46979999999999994,0.45330000000000004,0.3266,0.3557
21800398,2018-12-10,2018-19,DEN,MEM,105,99,1,7.0,5.0,5.6,-1.8,108.3,103.8,102.7,105.6,1.0,1.0,0,0,13.957347670250897,15.371100164203613,25.71854623655914,29.536528832222547,18.048387096774192,4.893871341640104,15.838709677419354,10.285714285714286,4.28,8.89655172413793,4.754458017989236,4.938365459469345,0.44819999999999993,0.4577,0.3625,0.34290000000000004
21800397,2018-12-10,2018-19,DAL,ORL,101,76,1,7.0,4.0,0.7,-1.7,110.1,105.1,109.4,106.8,1.0,2.0,0,0,11.422051282051283,9.648030151590872,27.65158471035138,25.533856518649277,1.095331705331705,2.247677140692327,5.32,16.137931034482758,8.821428571428571,14.0,4.990884106785315,5.757584972812775,0.45089999999999997,0.45920000000000005,0.3579,0.3658
21800394,2018-12-10,2018-19,CHI,SAC,89,108,0,2.0,5.0,-11.3,-1.4,101.0,115.6,112.3,117.0,1.0,1.0,0,0,15.207997311827958,14.31844248941023,28.38055880376344,27.815495484801936,-32.26814516129032,-2.2217162889020505,12.34375,8.909090909090908,8.333333333333334,12.793103448275861,5.991239636305702,3.084118628404101,0.4425,0.47830000000000006,0.3192,0.3886
21800393,2018-12-10,2018-19,BOS,NOP,113,100,1,6.0,4.0,12.7,2.1,115.6,115.2,102.9,113.1,1.0,0.0,0,1,12.755747126436782,16.85060817805383,21.255007515473032,27.085496412755923,12.555073891625616,8.564369105129975,15.482758620689655,20.09375,11.92,3.9047619047619047,4.875290216973871,9.43847066928704,0.47919999999999996,0.48100000000000004,0.3693,0.3453
21800400,2018-12-10,2018-19,GSW,MIN,116,108,1,6.0,6.0,3.4,6.8,113.7,107.9,110.3,101.1,2.0,1.0,0,0,25.987096774193546,17.641527827011696,29.226943100358426,29.84045501831502,29.950993454885463,2.9482027649769584,22.516129032258064,14.653846153846153,6.391304347826087,12.178571428571429,10.860721217785134,3.8759730952555844,0.4867,0.4556,0.37110000000000004,0.3767
21800402,2018-12-11,2018-19,HOU,POR,111,104,1,3.0,4.0,-3.1,-6.1,112.7,108.3,115.8,114.4,2.0,2.0,0,0,19.871642924976257,18.215325670498085,33.12998061050061,27.469282216572203,8.719328449328449,20.11858943799989,14.923076923076923,20.379310344827587,7.52,8.107142857142858,7.657730238604348,8.062547950848723,0.46790000000000004,0.45729999999999993,0.33409999999999995,0.33649999999999997
21800403,2018-12-11,2018-19,SAS,PHX,111,86,1,5.0,1.0,-6.7,-12.8,113.4,101.5,120.1,114.3,1.0,0.0,0,1,13.642045454545453,7.477678571428572,27.236074718963835,17.883793667898193,-7.120624932116867,-19.805418719211822,11.46875,9.21875,14.074074074074074,15.692307692307692,5.977997345606534,6.173881865117049,0.4939,0.44770000000000004,0.4024,0.3187
21800408,2018-12-12,2018-19,PHI,BKN,124,127,0,8.0,2.0,6.7,-4.3,115.7,107.1,109.0,111.4,1.0,3.0,0,0,19.504368279569892,9.882508342602891,26.02434794697449,24.69580781114819,15.924851299080427,-7.710164071190212,25.838709677419356,8.724137931034482,5.5,18.0625,8.376922784809445,4.579138928964687,0.4806,0.4351,0.3556,0.3498
21800409,2018-12-12,2018-19,WAS,BOS,125,130,0,5.0,7.0,-4.2,15.2,111.3,118.3,115.5,103.1,1.0,1.0,0,0,13.903184865900384,17.093575007368113,28.072571166264986,26.545901650456823,-12.546285224323322,21.622873178795217,9.766666666666667,21.26923076923077,5.34375,3.5217391304347827,6.340000694531075,6.5735982156720025,0.47059999999999996,0.4896,0.327,0.38489999999999996
21800413,2018-12-12,2018-19,UTA,MIA,111,84,1,5.0,5.0,3.6,1.2,109.1,106.2,105.5,105.0,1.0,1.0,0,0,15.61164446185998,10.840777502067825,26.84197107061999,23.330621998802087,17.43889106583072,7.052217971127871,19.724137931034484,11.935483870967742,11.606060606060606,18.714285714285715,4.296984209902592,4.321953468818936,0.48579999999999995,0.42699999999999994,0.3311,0.3429
21800414,2018-12-12,2018-19,SAC,MIN,141,130,1,6.0,6.0,2.5,7.3,115.2,110.0,112.7,102.7,1.0,1.0,0,0,13.657815178432289,16.005104463437796,26.642451920343593,30.683057898000783,0.7452758499782366,1.7913074712643677,16.70967741935484,14.851851851851851,12.9,17.586206896551722,2.8720976668707383,4.044516143447159,0.4787,0.4626,0.40040000000000003,0.3633
21800411,2018-12-12,2018-19,NOP,OKC,118,114,1,4.0,7.0,1.3,9.0,114.3,112.5,113.0,103.5,1.0,1.0,0,0,16.939698711250433,20.384453781512605,27.170441745036573,31.38461520815223,6.368879683534856,47.414300202839755,26.413793103448278,22.11764705882353,6.678571428571429,4.318181818181818,9.508262634464556,7.27378579758002,0.4862,0.46010000000000006,0.35109999999999997,0.3249
21800406,2018-12-12,2018-19,CLE,NYK,113,106,1,3.0,4.0,-10.1,-6.4,100.7,108.7,110.8,115.1,1.0,2.0,0,0,11.465079365079367,14.946314102564102,25.214923361053728,25.03726447477254,-26.706875364161235,-19.397113974734943,15.466666666666667,20.53125,12.310344827586206,6.5,2.833749335857228,5.266611281666959,0.43810000000000004,0.4344,0.339,0.386
21800407,2018-12-12,2018-19,IND,MIL,113,97,1,6.0,6.0,4.6,7.9,106.9,117.1,102.3,109.2,1.0,1.0,0,0,12.679146141215107,19.746457459101137,29.23829850056175,26.20082241683391,13.098889465041918,41.585477102718485,10.785714285714286,17.571428571428573,7.689655172413793,14.933333333333334,4.966652310435424,7.114484682779642,0.47620000000000007,0.4681,0.3619,0.3377
21800415,2018-12-12,2018-19,GSW,TOR,93,113,0,7.0,7.0,5.4,7.6,116.1,115.2,110.7,107.6,1.0,0.0,0,1,26.12648809523809,12.410193011711039,29.370525883838383,27.85443512868246,30.721185064935067,39.74299771228139,22.625,13.451612903225806,6.121212121212121,6.25,10.965400742353902,3.6400924673009687,0.48789999999999994,0.48550000000000004,0.3961,0.3641
21800412,2018-12-12,2018-19,DAL,ATL,114,107,1,7.0,3.0,2.9,-9.1,109.0,109.9,106.1,119.0,1.0,3.0,0,0,15.40299823633157,12.573835125448028,30.154806083439762,24.63990221946512,4.646434395744741,-26.54387923904053,17.357142857142858,5.366666666666666,5.769230769230769,9.193548387096774,4.789815903814031,4.5283802421877475,0.4471,0.44939999999999997,0.35710000000000003,0.2983
21800405,2018-12-12,2018-19,CHA,DET,108,107,1,5.0,5.0,1.2,-2.7,112.8,106.3,111.6,109.0,2.0,1.0,0,0,15.74749721913237,15.810896403650029,27.42485354097145,27.334941895189974,14.49206937749763,-5.491683462298155,8.758620689655173,25.037037037037038,9.11111111111111,6.230769230769231,6.04422166433729,8.06926930564484,0.45920000000000005,0.4318000000000001,0.35500000000000004,0.308
21800410,2018-12-12,2018-19,MEM,POR,92,83,1,4.0,3.0,-3.4,-7.2,103.9,106.9,107.3,114.1,1.0,0.0,0,1,14.334173773328388,18.34910394265233,30.12949233716475,29.049869820634036,3.482709183042888,16.212411939191696,19.733333333333334,20.466666666666665,10.277777777777779,7.0,4.634090261611356,7.567802422407839,0.4609,0.45359999999999995,0.3362,0.3308
21800416,2018-12-13,2018-19,HOU,LAL,126,111,1,3.0,7.0,-2.6,3.5,111.2,107.7,113.8,104.2,1.0,2.0,0,0,17.641594038145765,17.412815586341726,33.102664048063474,27.712302651093808,4.860895809171671,5.5767129723261535,8.413793103448276,17.545454545454547,6.454545454545454,7.363636363636363,7.888713211645136,7.385414728528263,0.4617,0.4627,0.3257,0.33340000000000003
21800418,2018-12-13,2018-19,ORL,CHI,97,91,1,3.0,1.0,-5.6,-14.0,99.6,97.5,105.2,111.5,2.0,2.0,0,0,15.19652777777778,13.25949397824398,28.600397772988504,26.49622062243312,0.2583912680756393,-34.73368298368298,15.933333333333334,22.84375,8.166666666666666,6.25,4.267217595361383,6.725931201801011,0.43810000000000004,0.4304,0.3538,0.30379999999999996
21800419,2018-12-13,2018-19,PHX,DAL,99,89,1,0.0,8.0,-15.5,4.6,98.5,111.6,114.0,107.0,1.0,0.0,0,1,11.660381593714925,15.588259441707718,25.420831313131316,30.4709437698317,-35.68779461279461,2.642913440327234,9.866666666666667,11.178571428571429,7.033333333333333,5.7407407407407405,4.2626550873976425,4.537164018006977,0.43790000000000007,0.45969999999999994,0.3127,0.3611
21800424,2018-12-14,2018-19,PHI,IND,101,113,0,7.0,7.0,5.9,8.0,116.2,107.3,110.3,99.3,1.0,1.0,0,0,19.58459595959596,15.895179829440119,26.40729503367003,28.696200278086756,15.336338383838385,15.67332220986281,14.8125,11.275862068965518,5.925925925925926,7.566666666666666,8.254533293092054,4.840206058893249,0.4867,0.4747,0.3712,0.36860000000000004
21800428,2018-12-14,2018-19,SAC,GSW,125,130,0,6.0,7.0,3.2,6.2,117.6,115.9,114.4,109.7,1.0,1.0,0,0,15.21243686868687,25.787878787878785,27.04755113636363,29.36760427807486,5.048295454545456,26.220142602495542,16.59375,22.363636363636363,9.083333333333334,6.794117647058823,4.31704404479536,10.849584709813469,0.49269999999999997,0.49210000000000004,0.4083,0.3951
21800427,2018-12-14,2018-19,POR,TOR,128,122,1,3.0,7.0,-3.8,7.8,105.2,114.0,109.0,106.2,1.0,1.0,0,0,18.448924731182796,14.459824205544287,27.958754997556206,28.07629406905918,18.95902981427175,37.50396933695108,25.1875,24.56,7.766666666666667,5.464285714285714,8.124431418078089,6.7185562709292945,0.45380000000000004,0.48440000000000005,0.33609999999999995,0.3526
21800425,2018-12-14,2018-19,MEM,MIA,97,100,0,4.0,5.0,-2.6,-0.3,102.7,105.4,105.3,105.7,1.0,1.0,0,0,15.117921146953407,12.373869731800767,28.499805451801546,25.779370466155807,4.238164968873797,2.786217843459223,19.838709677419356,18.448275862068964,13.125,5.904761904761905,4.151562284351273,4.202447390259489,0.45430000000000004,0.42869999999999997,0.3375,0.35740000000000005
21800426,2018-12-14,2018-19,DEN,OKC,109,98,1,8.0,7.0,6.8,9.0,109.0,112.6,102.2,103.6,3.0,1.0,0,0,9.997156741108356,20.413793103448274,25.292029363110004,31.499089782886337,18.675558312655085,45.23719806763285,16.1875,24.275862068965516,10.09375,4.391304347826087,4.576082884820764,7.257581602818697,0.45619999999999994,0.4667,0.3653,0.3258
21800423,2018-12-14,2018-19,CLE,MIL,102,114,0,3.0,5.0,-10.3,2.0,100.3,112.5,110.6,110.5,1.0,1.0,0,0,12.133234458039796,17.659523809523808,20.977820062415027,24.771787939658907,-20.224374304783094,29.138498956240895,7.862068965517241,25.678571428571427,10.724137931034482,9.5,4.394377710515394,7.306375316788936,0.4365,0.45709999999999995,0.33659999999999995,0.32999999999999996
21800420,2018-12-14,2018-19,BOS,ATL,129,108,1,8.0,3.0,16.2,-9.0,120.1,108.7,103.9,117.7,1.0,1.0,0,0,10.481720430107528,11.89232910906298,26.953699203504584,25.057162874423963,20.079091995221027,-26.078869047619047,15.548387096774194,5.806451612903226,12.192307692307692,8.90625,5.330646212666218,4.55952235894645,0.48419999999999996,0.45100000000000007,0.3857,0.3
21800421,2018-12-14,2018-19,CHA,NYK,124,126,0,5.0,3.0,-0.5,-7.9,110.9,107.6,111.4,115.5,1.0,1.0,0,0,15.791666666666666,9.239651416122005,27.626372222222223,21.018715950353204,14.893452380952382,-17.042991186373538,24.21875,9.666666666666666,9.357142857142858,15.15625,6.116037943561061,6.569531764825468,0.4441,0.42860000000000004,0.325,0.3767
21800422,2018-12-14,2018-19,BKN,WAS,125,118,1,3.0,5.0,-3.4,-2.9,108.5,113.1,111.9,116.0,1.0,1.0,0,0,12.82141414141414,16.350757575757576,24.52783987373737,28.222835292440532,-5.992172531769306,-13.22486559139785,9.64,22.125,12.387096774193548,10.161290322580646,3.936373217716015,6.043951957916141,0.4418,0.48109999999999997,0.3665,0.3438
21800430,2018-12-15,2018-19,CHA,LAL,100,128,0,5.0,6.0,-0.2,1.3,112.9,109.8,113.1,108.5,0.0,1.0,1,0,9.221163245356793,17.488848039215686,26.067837467416098,26.485912384878198,11.130437438905181,2.8446746880570415,8.25,8.2,10.064516129032258,8.757575757575758,5.926510581664347,7.597991224227,0.4455,0.4709,0.34730000000000005,0.3343
21800431,2018-12-15,2018-19,DET,BOS,113,104,1,4.0,9.0,-3.3,19.1,105.4,122.1,108.7,103.0,2.0,0.0,0,1,17.78631536766179,14.764976958525345,26.315117680714174,27.41302955566934,-2.0354716650891143,24.77963923024407,25.071428571428573,21.964285714285715,14.758620689655173,9.09375,8.037872593591338,5.5392191101772745,0.4328,0.4934,0.3203,0.40409999999999996
21800432,2018-12-15,2018-19,MEM,HOU,97,105,0,4.0,4.0,-2.4,-0.6,101.7,112.7,104.1,113.3,0.0,1.0,1,0,16.196022727272727,17.837377607492552,29.138341072010427,33.18745137140424,4.10075146627566,9.70112205801861,19.90625,29.586206896551722,10.2,7.666666666666667,4.179155050153633,7.907515367995967,0.4507999999999999,0.46929999999999994,0.3318,0.34199999999999997
21800429,2018-12-15,2018-19,ORL,UTA,96,89,1,4.0,6.0,-4.8,7.0,100.2,111.9,105.0,104.9,1.0,2.0,0,0,10.664911616161616,15.427272727272728,28.19801662838058,28.810551990493167,1.0874718963831866,18.881639928698753,9.848484848484848,19.766666666666666,13.566666666666666,10.515151515151516,4.245681607580505,3.3737706432508174,0.4391,0.49960000000000004,0.36039999999999994,0.3637
21800435,2018-12-15,2018-19,PHX,MIN,107,99,1,1.0,6.0,-13.4,6.4,97.7,112.9,111.1,106.5,1.0,2.0,0,0,15.674286522758509,15.669408369408371,26.32179565374537,29.988255659772324,-26.64672944220133,1.0302549302549302,7.032258064516129,21.060606060606062,6.787878787878788,12.166666666666666,6.943086971329147,3.9671086622960323,0.4269,0.4721,0.3177,0.3761
21800433,2018-12-15,2018-19,SAS,CHI,93,98,0,6.0,1.0,-0.9,-13.9,113.0,97.0,113.9,110.9,1.0,1.0,0,0,16.51218062982769,10.819073083778967,27.307184143667918,26.628420677361852,0.9619214456942657,-33.675282234105765,22.294117647058822,12.411764705882353,11.794117647058824,4.925925925925926,5.052362915134547,3.501345087638727,0.49720000000000003,0.44110000000000005,0.41459999999999997,0.3344
21800441,2018-12-16,2018-19,NOP,MIA,96,102,0,5.0,5.0,2.7,-0.7,114.7,105.1,112.0,105.8,3.0,1.0,0,0,20.020240354206198,12.82937062937063,29.42715932881124,26.33020852695691,9.505115089514067,0.3265884652981428,19.705882352941178,18.433333333333334,4.043478260869565,13.32,8.636712765674039,3.5196923710024444,0.4848,0.43010000000000004,0.3378,0.3665
21800439,2018-12-16,2018-19,WAS,LAL,128,110,1,4.0,7.0,-4.6,4.5,112.5,112.2,117.1,107.7,1.0,0.0,0,1,15.97729668602534,17.511576595447565,24.526718517313636,24.986486405393045,-10.413825288817554,1.5686288885055486,5.4411764705882355,8.451612903225806,5.5625,7.742857142857143,7.692405476003548,8.268534033948733,0.4788,0.4774,0.3472,0.337
21800442,2018-12-16,2018-19,DEN,TOR,95,86,1,8.0,6.0,7.7,6.2,109.6,113.7,101.9,107.5,1.0,1.0,0,0,10.527882996632997,13.56886446886447,26.1704435325477,23.950027276870074,19.1858164983165,22.917169225485654,4.777777777777778,24.692307692307693,7.757575757575758,7.814814814814815,4.741123612878241,7.370829475349464,0.4596,0.4873,0.3577,0.3793
21800438,2018-12-16,2018-19,IND,NYK,110,99,1,8.0,3.0,10.3,-8.2,108.6,108.8,98.3,117.0,1.0,1.0,0,0,15.9895513312852,15.150645106527461,28.934322289426525,25.678784305237247,16.154689463762043,-12.590628978864274,20.38095238095238,15.151515151515152,6.9393939393939394,4.2,5.0417808059761695,5.605987670886434,0.47240000000000004,0.43150000000000005,0.3961,0.37560000000000004
21800437,2018-12-16,2018-19,CLE,PHI,105,128,0,3.0,6.0,-10.8,4.6,101.0,114.2,111.8,109.6,1.0,1.0,0,0,13.774684343434345,15.657628920786815,26.20080296513522,30.709392782312285,-26.275934750733136,13.597603893740656,10.533333333333333,14.909090909090908,8.066666666666666,7.555555555555555,3.0378151576006394,7.91403066246653,0.43479999999999996,0.4827,0.3404,0.3617
21800436,2018-12-16,2018-19,BKN,ATL,144,127,1,4.0,3.0,-1.7,-9.5,110.8,108.7,112.5,118.2,1.0,1.0,0,0,10.49766573295985,12.42828282828283,22.32378459164702,25.17864753787879,-1.9393775105350053,-28.4469696969697,8.238095238095237,16.8,4.676470588235294,8.787878787878787,4.898740201909094,4.3215479145382165,0.4524,0.44769999999999993,0.3709,0.31429999999999997
21800440,2018-12-16,2018-19,DAL,SAC,113,120,0,7.0,5.0,3.0,1.8,108.6,118.2,105.6,116.4,2.0,1.0,0,0,12.465432098765433,14.685325743200506,27.7847986087644,27.829925382860864,2.9330902393145464,6.6925996204933575,17.433333333333334,17.852941176470587,8.64516129032258,6.909090909090909,4.773106811957973,4.076141278710548,0.4507,0.48679999999999995,0.3356,0.3984
21800443,2018-12-17,2018-19,DET,MIL,104,107,0,4.0,6.0,-3.5,3.4,104.9,112.5,108.4,109.1,1.0,2.0,0,0,17.886254789272034,19.819799777530587,26.139242337164752,27.25968885567297,-3.089152298850575,38.30108264232986,25.137931034482758,17.310344827586206,14.666666666666666,4.7727272727272725,8.048685204919039,7.976685775857405,0.4354,0.4513999999999999,0.3146,0.3366
21800449,2018-12-17,2018-19,GSW,MEM,110,93,1,7.0,4.0,3.9,-2.7,116.4,101.6,112.5,104.3,2.0,1.0,0,0,20.422089608790376,11.434974747474747,29.495588225821727,26.069580268409908,27.984662850647506,-2.5194936112274826,27.782608695652176,15.545454545454545,6.171428571428572,10.333333333333334,10.983801104759262,3.9015951767596486,0.4814,0.45990000000000003,0.3795,0.3168
21800445,2018-12-17,2018-19,HOU,UTA,102,97,1,5.0,5.0,1.1,4.2,112.4,107.5,111.3,103.3,1.0,1.0,0,0,19.83593322386426,14.55821812596006,33.29486194272295,28.89442633956809,9.360510253558084,19.26533782867986,29.666666666666668,19.903225806451612,6.615384615384615,6.65625,8.135465156041565,4.31765722176202,0.46719999999999995,0.47780000000000006,0.3386,0.3545
21800446,2018-12-17,2018-19,MIN,SAC,132,105,1,5.0,6.0,4.6,2.6,111.6,118.6,107.0,116.0,1.0,0.0,0,1,11.294443969082456,5.794117647058823,26.148984469059553,14.87735333136599,-4.173820432441122,-2.950039346842416,11.903225806451612,6.5,10.363636363636363,3.933333333333333,4.969272769906752,1.3745917982041043,0.4649,0.4904,0.3601,0.3881
21800444,2018-12-17,2018-19,NYK,PHX,110,128,0,2.0,2.0,-9.8,-12.1,108.4,98.0,118.2,110.1,0.0,1.0,1,0,9.329850226401952,15.852729885057471,22.981253754584383,26.52099618621321,-15.873098804133285,-26.493989200454717,10.206896551724139,16.620689655172413,4.666666666666667,9.2,3.755351780694514,6.671376662931107,0.43570000000000003,0.4279,0.3705,0.3165
21800447,2018-12-17,2018-19,OKC,CHI,121,96,1,6.0,2.0,5.2,-11.9,110.2,97.2,105.0,109.1,1.0,1.0,0,0,20.420430107526883,12.402116402116404,31.66966760752688,27.13224136321195,36.52721774193549,-27.166059757236226,21.1,12.285714285714286,4.125,5.6875,7.274515522599913,3.8310323361417815,0.46230000000000004,0.4446,0.3331,0.3248
21800448,2018-12-17,2018-19,SAS,PHI,123,96,1,5.0,7.0,-1.5,7.8,111.5,115.8,113.0,108.0,1.0,0.0,0,1,18.152380952380952,20.63480392156863,26.964253642962564,28.196295514987604,-0.22799313273696642,16.248688785859173,14.2,20.375,9.228571428571428,17.885714285714286,5.798123901582394,8.14535881216745,0.49260000000000004,0.4854,0.41459999999999997,0.366
21800452,2018-12-18,2018-19,ATL,WAS,118,110,1,3.0,4.0,-9.4,-3.2,111.8,111.8,121.2,115.0,1.0,1.0,0,0,9.185202407708802,14.317827228643168,25.415249003784645,28.52164646805203,-29.34389389529834,-16.367482154151983,6.151515151515151,22.470588235294116,10.551724137931034,11.0,4.270915169276882,6.671427102327926,0.4598,0.4734999999999999,0.34550000000000003,0.3512
21800453,2018-12-18,2018-19,BKN,LAL,115,110,1,5.0,7.0,0.2,5.9,112.7,114.7,112.5,108.8,1.0,1.0,0,0,13.726466049382717,17.417755991285404,26.277755224867725,27.68986192226891,-6.628709716209716,4.689942132767086,13.03125,17.694444444444443,8.545454545454545,3.3870967741935485,4.907137372664588,8.147165709166085,0.4513,0.4867,0.37089999999999995,0.3533
21800454,2018-12-18,2018-19,DEN,DAL,126,118,1,8.0,6.0,6.1,1.4,107.9,108.6,101.8,107.2,1.0,1.0,0,0,13.732026143790849,16.48425499231951,25.358821746880572,30.1043339733743,23.786096256684488,1.2331618464961065,16.666666666666668,17.774193548387096,10.264705882352942,6.206896551724138,4.092390136011345,4.780796399275088,0.45470000000000005,0.4441,0.3589,0.3223
21800451,2018-12-18,2018-19,IND,CLE,91,92,0,8.0,3.0,8.1,-11.4,107.5,103.2,99.4,114.6,1.0,1.0,0,0,16.004235907461716,10.560483870967742,29.365793387504073,26.114469066255538,14.273582600195503,-28.01171726755218,15.666666666666666,10.774193548387096,14.1875,3.5,4.075686438880886,3.9065071994433103,0.4601,0.44210000000000005,0.3814,0.3413
21800466,2018-12-19,2018-19,SAC,OKC,113,132,0,6.0,7.0,2.0,8.4,117.9,112.5,115.9,104.1,1.0,1.0,0,0,13.96931216931217,18.9934613997114,26.265483453583453,30.124462481962478,1.2721500721500723,38.59546954482299,16.685714285714287,24.78125,6.476190476190476,5.724137931034483,4.89402116333805,8.182547454955044,0.48549999999999993,0.4747,0.38580000000000003,0.34809999999999997
21800464,2018-12-19,2018-19,UTA,GSW,108,103,1,5.0,7.0,7.0,5.5,108.4,115.7,101.4,110.2,1.0,1.0,0,0,15.352380952380953,18.55578529657477,29.009170701058203,29.5961328181565,17.42688492063492,28.741331777720163,20.0,5.894736842105263,10.714285714285714,4.9655172413793105,3.445331536707782,11.030503945161428,0.47479999999999994,0.47829999999999995,0.3573,0.38880000000000003
21800465,2018-12-19,2018-19,POR,MEM,99,92,1,5.0,4.0,0.4,-3.6,111.4,99.5,111.0,103.1,1.0,1.0,0,0,17.52939319667261,14.124702911467617,24.808319959044223,29.995036608734402,10.424159663865545,2.050218041762159,25.558823529411764,19.96969696969697,9.147058823529411,8.676470588235293,8.24835622436383,4.830054989717894,0.47540000000000004,0.4549,0.3756,0.3103
21800459,2018-12-19,2018-19,TOR,IND,99,96,1,5.0,7.0,4.5,7.5,110.1,105.7,105.6,98.2,2.0,0.0,0,1,16.185802469135805,15.87617220801364,26.61149906411788,29.448993867705184,28.633996730176698,14.73084505541347,24.85185185185185,20.26086956521739,4.368421052631579,14.272727272727273,7.331423741877644,3.973570151252683,0.4662,0.4577,0.3448,0.35730000000000006
21800456,2018-12-19,2018-19,ORL,SAS,90,129,0,5.0,6.0,-1.6,5.1,101.1,114.9,102.7,109.8,3.0,1.0,0,0,10.23477564102564,15.506939356939355,25.740092058880663,27.601406741108356,-6.601411456190868,-0.2937618161408486,15.4375,6.269230769230769,4.794117647058823,5.5,4.141619914825183,6.580891906451007,0.44580000000000003,0.5098,0.3812,0.4241
21800457,2018-12-19,2018-19,PHI,NYK,131,109,1,6.0,2.0,4.9,-10.9,112.7,108.6,107.8,119.5,1.0,1.0,0,0,13.663492063492063,10.102102102102101,29.284467805145045,26.04994131274131,13.39551724137931,-17.056949806949806,19.8,10.433333333333334,17.833333333333332,10.535714285714286,7.552838521169216,4.378997996603738,0.47780000000000006,0.4365,0.3543,0.3629
21800462,2018-12-19,2018-19,MIL,NOP,123,115,1,6.0,5.0,3.1,3.8,109.7,113.6,106.6,109.8,1.0,2.0,0,0,17.555555555555557,10.243253968253969,26.264594802867386,28.37345497311828,25.218749999999996,7.822557012879594,26.5,19.771428571428572,15.875,4.576923076923077,6.81885536893911,9.250471075492921,0.4444,0.48130000000000006,0.3351,0.3364
21800458,2018-12-19,2018-19,BOS,PHX,103,111,0,8.0,3.0,16.4,-8.7,121.1,100.9,104.7,109.6,3.0,1.0,0,0,14.974192354580284,16.18124098124098,23.853021739416768,27.910167604617605,16.579604177094037,-20.8589508530685,22.103448275862068,24.428571428571427,11.535714285714286,12.382352941176471,6.7374964167588764,6.191401245432282,0.48869999999999997,0.4363,0.3989,0.319
21800455,2018-12-19,2018-19,CHA,CLE,110,99,1,5.0,4.0,-2.9,-8.0,110.6,102.9,113.5,110.9,3.0,0.0,0,1,15.545955882352942,12.467171717171718,27.768568627450982,27.247378345959596,10.81813725490196,-28.934145021645023,14.411764705882353,13.0,8.933333333333334,10.030303030303031,5.769542835782854,2.9620494272882945,0.4433000000000001,0.44489999999999996,0.33140000000000003,0.32889999999999997
21800463,2018-12-19,2018-19,MIN,DET,123,129,0,5.0,3.0,5.8,-4.5,113.7,103.8,107.9,108.3,1.0,1.0,0,0,18.013492063492063,17.918787878787878,30.44443174603175,29.70061604227762,3.17281746031746,-1.5452712609970676,21.057142857142857,10.52,6.925925925925926,2.16,5.084261769396538,7.838913947986042,0.47409999999999997,0.43220000000000003,0.37649999999999995,0.3254
21800461,2018-12-19,2018-19,HOU,WAS,136,118,1,6.0,4.0,2.0,-1.9,109.5,112.4,107.5,114.3,1.0,0.0,0,1,18.4815188172043,17.81753246753247,33.41217977923001,29.920310117986595,9.655723952539859,-16.868231792717086,16.46875,20.545454545454547,7.724137931034483,6.04,8.06420987767765,6.560604533586609,0.457,0.4737,0.3335,0.3504
21800460,2018-12-19,2018-19,CHI,BKN,93,96,0,2.0,6.0,-14.3,1.7,96.1,115.1,110.4,113.4,1.0,0.0,0,1,12.481481481481481,15.558278867102397,25.45772101139601,27.617647737883033,-33.31923076923077,-1.5777400274304303,12.194444444444445,16.416666666666668,10.027777777777779,7.631578947368421,3.271330931666803,3.851893091184024,0.4426,0.4648,0.3188,0.3754
21800467,2018-12-20,2018-19,MIA,HOU,101,99,1,6.0,7.0,0.9,5.8,103.8,112.3,102.9,106.5,3.0,0.0,0,1,11.759822000588713,17.870845552297165,25.29469639468015,30.514647814841965,-2.1742444230616655,12.330840664711634,18.548387096774192,30.375,11.588235294117647,5.125,4.012928499528201,9.144108219641533,0.43079999999999996,0.46630000000000005,0.35340000000000005,0.3519
21800473,2018-12-21,2018-19,BOS,MIL,107,120,0,8.0,7.0,16.5,4.2,121.0,111.3,104.5,107.1,1.0,1.0,0,0,16.22301104349786,19.824372759856633,27.627935736677113,27.071848953242096,19.381417112299463,37.075085532746826,22.333333333333332,17.35483870967742,6.208333333333333,11.393939393939394,6.013051519292202,7.036996945797238,0.4857,0.45389999999999997,0.40169999999999995,0.3397
21800471,2018-12-21,2018-19,BKN,IND,106,114,0,7.0,7.0,2.6,8.0,112.2,105.7,109.6,97.7,1.0,1.0,0,0,12.499920508744038,16.017787114845937,24.246645964872435,29.540526583057463,-0.561151487622076,12.853836686189627,7.65,12.117647058823529,17.972972972972972,7.166666666666667,4.979291626123991,4.791405805206928,0.466,0.46799999999999997,0.371,0.3588
21800469,2018-12-21,2018-19,CHA,DET,98,86,1,5.0,3.0,-2.1,-5.8,110.6,106.0,112.7,111.8,1.0,1.0,0,0,13.935642135642135,18.28190531795845,27.28548579916815,29.585257560195505,10.36142942025295,-2.2619066119217432,9.114285714285714,18.235294117647058,7.925925925925926,2.1538461538461537,6.11383017563174,7.898165529584563,0.44749999999999995,0.4365,0.3266,0.3289
21800474,2018-12-21,2018-19,CHI,ORL,90,80,1,2.0,4.0,-14.3,-5.9,94.1,99.3,108.4,105.2,1.0,1.0,0,0,12.572390572390573,16.49346405228758,27.50057600782601,28.681115067163226,-31.284370734370732,-0.5127482811306336,14.444444444444445,15.333333333333334,4.966666666666667,4.538461538461538,3.5720262506338742,5.21748990521323,0.4417,0.43879999999999997,0.3207,0.38439999999999996
21800478,2018-12-21,2018-19,LAL,NOP,112,104,1,6.0,4.0,4.6,0.9,115.3,112.6,110.7,111.7,2.0,1.0,0,0,19.93122265122265,21.98174603174603,26.049095904215903,29.64720925169514,7.953305545805546,7.735777126099706,26.34285714285714,27.0,7.266666666666667,4.24,8.335227720830494,8.558773588786854,0.48460000000000003,0.4796,0.3566,0.351
21800472,2018-12-21,2018-19,NYK,ATL,107,114,0,2.0,3.0,-10.5,-8.7,110.4,111.2,120.9,119.9,1.0,2.0,0,0,13.037304282210904,12.31484593837535,26.233929211469537,25.311395798319325,-18.1245991322392,-28.429271708683476,20.416666666666668,6.352941176470588,4.388888888888889,8.708333333333334,5.603206082786244,4.443056533093121,0.4447,0.45339999999999997,0.3745,0.34199999999999997
21800476,2018-12-21,2018-19,POR,UTA,90,120,0,5.0,5.0,0.8,6.5,109.8,109.1,109.0,102.6,1.0,1.0,0,0,20.111515717398074,15.423400673400673,29.11734467645644,27.032099038693865,16.271670486376372,15.704232445611755,25.514285714285716,14.444444444444445,7.777777777777778,11.702702702702704,7.4736948178189655,4.098127661840698,0.47859999999999997,0.46699999999999997,0.36920000000000003,0.36330000000000007
21800477,2018-12-21,2018-19,SAC,MEM,102,99,1,6.0,3.0,1.3,-4.9,117.1,95.6,115.8,100.5,1.0,1.0,0,0,14.29915209326974,10.917995076818606,27.569941365514126,29.53744370818156,2.799031229371787,0.5550159984942593,18.72972972972973,10.147058823529411,7.083333333333333,8.485714285714286,4.236755799483639,4.932305473063976,0.4795,0.44770000000000004,0.3948,0.30360000000000004
21800475,2018-12-21,2018-19,SAS,MIN,124,98,1,7.0,4.0,12.1,4.5,117.3,115.8,105.2,111.3,1.0,1.0,0,0,12.989352989352989,16.13905180840665,23.324572451239113,27.049750208692142,7.627582127582127,-3.095003025648187,22.054054054054053,12.242424242424242,6.909090909090909,10.285714285714286,6.1651545848863725,5.856012141272842,0.5294000000000001,0.4713,0.4516,0.373
21800470,2018-12-21,2018-19,TOR,CLE,126,110,1,5.0,4.0,4.5,-8.0,106.9,103.3,102.4,111.3,1.0,1.0,0,0,10.068039814007555,9.772578728461083,24.161529745471277,22.540278470984354,20.688441692327952,-25.481283422459896,9.612903225806452,16.264705882352942,7.793103448275862,10.909090909090908,7.245445668532155,4.163604207980386,0.45489999999999997,0.45450000000000007,0.3286,0.3497
21800480,2018-12-22,2018-19,WAS,PHX,149,146,1,4.0,4.0,-1.2,-6.5,114.4,103.5,115.6,110.0,2.0,2.0,0,0,14.59983164983165,17.973020527859237,24.97017634187634,27.14622051200761,-16.216559716559715,-20.647647231992583,10.393939393939394,24.454545454545453,10.714285714285714,7.235294117647059,6.1753319824609765,6.711818965348458,0.48710000000000003,0.4385,0.3551,0.3347
21800485,2018-12-22,2018-19,UTA,OKC,106,107,0,5.0,7.0,8.7,8.6,109.2,115.7,100.5,107.1,0.0,2.0,1,0,15.37717903662176,17.577837195484253,28.256374124898894,31.7133128342246,19.129277884695842,44.4314715785304,12.368421052631579,25.333333333333332,11.81578947368421,4.518518518518518,3.152707164912578,7.182471564003424,0.4680000000000001,0.477,0.3699,0.3665
21800481,2018-12-22,2018-19,PHI,TOR,126,101,1,6.0,5.0,4.5,5.0,114.1,108.9,109.6,103.9,2.0,0.0,0,1,20.28774928774929,12.578947368421053,29.195393564780666,24.82661370614035,11.277086639989866,36.400459340919866,15.083333333333334,14.236842105263158,2.3846153846153846,9.756756756756756,8.83330500171905,3.103564135469137,0.4772,0.4588,0.3563,0.3307
21800482,2018-12-22,2018-19,MIA,MIL,94,87,1,7.0,7.0,1.3,5.2,102.6,111.7,101.3,106.5,1.0,0.0,0,1,13.229861111111111,19.902573529411764,26.476436858769688,27.36903352591036,-6.838964148877943,38.28623949579833,18.65625,17.46875,11.4,7.2,3.6385699695315394,7.483602282241213,0.42349999999999993,0.4558,0.3423,0.34540000000000004
21800483,2018-12-22,2018-19,HOU,SAS,108,101,1,6.0,7.0,2.5,13.4,108.6,116.6,106.1,103.2,1.0,0.0,0,1,18.026496583481876,18.025101656680604,30.64294042296782,27.578936234936236,12.35887815536772,5.922164857149378,30.515151515151516,21.789473684210527,6.8125,7.147058823529412,8.87471735334079,6.038719514933607,0.45170000000000005,0.5221,0.34450000000000003,0.4359
21800484,2018-12-22,2018-19,GSW,DAL,120,116,1,6.0,5.0,4.4,-0.7,114.4,109.4,110.0,110.1,2.0,1.0,0,0,20.426296296296297,14.325587606837606,29.717988728728734,28.029030715185353,28.50042042042042,1.7281515803930416,27.64,11.15625,4.9,8.235294117647058,11.201381415677861,5.022704362669812,0.46950000000000003,0.44370000000000004,0.384,0.3229
21800488,2018-12-23,2018-19,BOS,CHA,119,103,1,7.0,5.0,13.5,-2.3,119.3,109.6,105.8,111.9,1.0,1.0,0,0,12.71993313454414,15.41005291005291,27.096592641787897,24.118220868347336,20.164341059004247,10.433239962651726,22.096774193548388,23.52777777777778,14.75,8.916666666666666,5.501096035841265,6.05516598518061,0.4747,0.4457,0.38239999999999996,0.35660000000000003
21800489,2018-12-23,2018-19,BKN,PHX,111,103,1,7.0,4.0,3.2,-4.4,114.0,108.5,110.8,112.9,1.0,0.0,0,1,13.050125313283209,16.174610439141333,25.0522567251462,27.186138088427594,-1.1290293300819618,-17.421469434455705,8.428571428571429,7.171428571428572,5.54054054054054,9.18421052631579,4.863647358359819,7.25514811545391,0.4748,0.4465,0.3984,0.3267
21800490,2018-12-23,2018-19,CLE,CHI,92,112,0,3.0,3.0,-9.8,-11.4,104.4,94.3,114.2,105.7,1.0,1.0,0,0,11.328033916269211,7.423660502607871,26.015517382087967,26.583811132663765,-27.002650290885587,-27.784315518526043,10.941176470588236,11.973684210526315,4.769230769230769,6.107142857142857,4.173713825303481,4.608503477004708,0.45890000000000003,0.44270000000000004,0.3605,0.3358
21800486,2018-12-23,2018-19,DET,ATL,95,98,0,2.0,3.0,-7.9,-8.2,103.5,111.1,111.4,119.3,1.0,1.0,0,0,17.094732042648708,9.922486772486772,29.979469766761923,22.813444277155305,-1.552788564920918,-24.038523576097106,25.15625,13.13888888888889,9.166666666666666,8.72,6.204891862554334,3.5492120353760854,0.4316,0.45319999999999994,0.3181,0.3378
21800487,2018-12-23,2018-19,IND,WAS,105,89,1,8.0,4.0,8.9,-2.3,106.1,119.1,97.2,121.4,1.0,0.0,0,1,16.134074074074075,13.943899782135077,29.258991251167135,30.380914708826474,17.935592903828198,-18.48434905493729,20.48,20.470588235294116,14.285714285714286,6.6,4.339540878154481,6.535189721953565,0.46929999999999994,0.4857,0.3594,0.3604
21800496,2018-12-23,2018-19,LAL,MEM,99,107,0,6.0,3.0,4.3,-4.4,115.1,96.0,110.8,100.4,1.0,1.0,0,0,19.966786624681358,15.291534391534393,26.40825289531017,30.17729895904308,10.39394926004833,2.1844348550230896,15.73076923076923,10.342857142857143,8.891891891891891,9.666666666666666,7.918077504699594,4.637343375504489,0.48250000000000004,0.45220000000000005,0.3516,0.3143
21800493,2018-12-23,2018-19,OKC,MIN,112,114,0,7.0,3.0,7.2,-2.0,114.0,112.8,106.8,114.8,0.0,1.0,1,0,19.275203994641334,10.791938997821353,29.95155880270762,28.05539401349879,41.62669275283746,-4.9616656463766,25.852941176470587,15.25,16.235294117647058,6.9655172413793105,6.843157587016572,5.749031276463689,0.47190000000000004,0.4606,0.3586,0.3577
21800491,2018-12-23,2018-19,ORL,MIA,91,115,0,4.0,7.0,-6.3,1.5,96.3,101.4,102.6,99.9,1.0,0.0,0,1,16.149121466768523,13.130616509926853,27.31039483914778,26.759211240463593,-7.081088192852898,-6.241322368769532,15.294117647058824,18.575757575757574,7.892857142857143,13.392857142857142,5.420263625665465,3.64245560512945,0.42699999999999994,0.4187,0.3619,0.3403
21800495,2018-12-23,2018-19,POR,DAL,121,118,1,5.0,4.0,-2.1,-1.5,107.6,109.6,109.7,111.1,1.0,0.0,0,1,18.236243386243387,16.8419073722679,28.074375270759482,28.164942412675668,15.70017983485476,2.238589644068771,25.333333333333332,18.11111111111111,8.029411764705882,11.419354838709678,7.855819467381793,4.583639259997742,0.4659,0.4452,0.37320000000000003,0.324
21800492,2018-12-23,2018-19,SAC,NOP,122,117,1,6.0,4.0,1.5,0.6,116.2,112.9,114.7,112.3,1.0,1.0,0,0,16.429113323850164,18.05817465192465,27.75252262074104,29.800026789155464,3.2605200631516427,7.639641360229595,18.973684210526315,27.09090909090909,9.0,4.392857142857143,3.731980699730305,8.526656595854494,0.47189999999999993,0.48,0.3866,0.35919999999999996
21800497,2018-12-25,2018-19,NYK,MIL,95,109,0,1.0,7.0,-11.4,4.7,107.5,107.0,118.9,102.3,3.0,2.0,0,0,14.652590090090092,18.2002886002886,26.46061951374451,28.756359131689567,-19.81719507969508,34.77436476566911,11.1875,26.03030303030303,10.366666666666667,14.636363636363637,4.303450417795088,6.002301773258899,0.4404,0.4438,0.34530000000000005,0.3234
21800501,2018-12-25,2018-19,UTA,POR,117,96,1,5.0,6.0,8.8,-0.5,109.8,107.9,101.0,108.4,2.0,1.0,0,0,15.318295739348372,18.32032032032032,29.16584885290148,28.23421337390021,17.140549885880954,13.838559235927658,14.5,25.54054054054054,7.709677419354839,6.428571428571429,3.8614902776858373,8.0991636795155,0.4694,0.4607,0.369,0.36069999999999997
21800498,2018-12-25,2018-19,HOU,OKC,113,109,1,6.0,6.0,1.6,4.3,107.3,114.2,105.7,109.9,2.0,1.0,0,0,18.115796621678975,20.56468253968254,31.593122926746457,31.858304232804233,8.702648332060097,41.59284345922277,14.696969696969697,20.208333333333332,6.647058823529412,4.344827586206897,9.13598388757786,7.343411126646041,0.44060000000000005,0.46909999999999996,0.3407,0.36660000000000004
21800499,2018-12-25,2018-19,BOS,PHI,121,114,1,7.0,6.0,11.8,4.5,118.4,114.4,106.6,109.9,1.0,2.0,0,0,17.618055555555554,17.187991021324354,28.096219536019532,30.451686728993746,22.873967587072425,17.013916578061316,22.1875,19.51851851851852,10.419354838709678,5.96875,5.227682663721128,7.890380847539686,0.47139999999999993,0.48739999999999994,0.3609,0.358
21800500,2018-12-25,2018-19,GSW,LAL,101,127,0,8.0,5.0,6.2,1.1,116.3,113.0,110.1,111.9,1.0,1.0,0,0,25.794671864847302,10.590718248612985,28.379878147335937,23.593984062720903,27.720274182445237,6.755050018207912,27.86842105263158,17.76923076923077,6.7272727272727275,15.88888888888889,11.153091165879543,4.843830842514155,0.4662,0.48180000000000006,0.3941,0.3442
21800510,2018-12-26,2018-19,SAS,DEN,111,103,1,7.0,7.0,16.1,0.9,116.2,109.4,100.1,108.5,3.0,3.0,0,0,17.195681511470987,10.574338624338624,27.706087667288053,24.029073544973546,5.247623427424857,16.43095238095238,21.94871794871795,9.428571428571429,7.257142857142857,7.916666666666667,6.071613867754662,4.070794117052375,0.5208999999999999,0.46299999999999997,0.4457999999999999,0.36
21800506,2018-12-26,2018-19,MIA,TOR,104,106,0,7.0,5.0,3.7,2.8,102.7,108.7,99.0,105.9,2.0,3.0,0,0,14.101755218216319,14.978111422757522,26.871562291798444,28.676535004821755,-1.2985165979628788,35.717605082894,18.470588235294116,9.818181818181818,13.275862068965518,8.129032258064516,3.5038047684313947,6.374929409286359,0.4297000000000001,0.45170000000000005,0.35,0.3289
21800508,2018-12-26,2018-19,MEM,CLE,95,87,1,3.0,3.0,-4.6,-9.4,97.1,103.1,101.7,112.5,2.0,2.0,0,0,14.18171028171028,12.12010582010582,30.231179925414136,26.192462350320245,2.8047494863284337,-27.613854079643552,7.057142857142857,8.857142857142858,9.76,4.777777777777778,4.634531203334085,4.1018799355421995,0.4554,0.46030000000000004,0.3431,0.35650000000000004
21800502,2018-12-26,2018-19,DET,WAS,106,95,1,2.0,3.0,-5.5,-4.2,104.7,117.0,110.2,121.2,2.0,2.0,0,0,18.0513468013468,17.76641604010025,30.039842690207394,27.963565221407322,-2.007825282673153,-17.05910793805531,18.055555555555557,22.842105263157894,4.0344827586206895,6.0256410256410255,7.226971345802776,7.3741104062383025,0.4396,0.4747,0.3338,0.34550000000000003
21800503,2018-12-26,2018-19,ORL,PHX,120,122,0,4.0,4.0,-8.4,-3.5,94.2,108.3,102.6,111.8,2.0,2.0,0,0,14.947325897325896,16.35185185185185,28.806040732328967,29.03592052892053,-4.391652156358039,-19.91461653961654,15.257142857142858,24.833333333333332,7.896551724137931,9.23076923076923,4.146246520285813,6.372246500210635,0.4165,0.4511,0.35090000000000005,0.3164
21800507,2018-12-26,2018-19,CHI,MIN,94,119,0,4.0,4.0,-7.8,-0.9,95.0,113.3,102.8,114.2,2.0,2.0,0,0,13.788655788655788,16.90380362671384,29.809332903938163,30.1144138647795,-25.888012471497042,-4.745805111130188,17.545454545454547,17.794117647058822,6.103448275862069,4.864864864864865,6.485583740844184,5.666524655122471,0.4535,0.4649000000000001,0.3608,0.37750000000000006
21800505,2018-12-26,2018-19,BKN,CHA,134,132,1,8.0,5.0,4.2,-3.1,115.4,108.8,111.2,111.9,2.0,2.0,0,0,13.425121771895965,15.754954954954954,24.090932568029338,27.06268945048945,-1.8350941173521818,9.714004914004914,10.290322580645162,14.405405405405405,17.58974358974359,9.485714285714286,4.7495290215152774,5.64191658760779,0.48249999999999993,0.4394,0.4104,0.34950000000000003
21800504,2018-12-26,2018-19,ATL,IND,121,129,0,4.0,8.0,-6.5,9.9,111.5,107.0,118.0,97.1,2.0,2.0,0,0,9.536498036498037,15.924126324126325,25.807775371525373,28.99485529100529,-24.009355509355508,15.785790185790185,8.807692307692308,20.153846153846153,8.567567567567568,12.36111111111111,4.347530512797052,3.917949333721726,0.45840000000000003,0.46749999999999997,0.3389,0.36210000000000003
21800509,2018-12-26,2018-19,DAL,NOP,122,119,1,3.0,3.0,-2.7,-0.9,110.3,112.7,113.0,113.6,2.0,2.0,0,0,16.06918767507003,22.055169720804397,29.011632195378155,29.942455008094022,4.048792016806723,6.696083693692319,18.514285714285716,19.054054054054053,6.75,4.655172413793103,4.574684162429813,8.47072715724375,0.44369999999999993,0.4756,0.3226,0.3479
21800516,2018-12-27,2018-19,GSW,POR,109,110,0,7.0,6.0,1.9,-1.7,113.6,107.3,111.7,109.0,1.0,1.0,0,0,20.600334448160535,18.204362256993836,30.439573036866516,28.307734384471225,24.63001998001998,13.981184336447495,27.5,25.394736842105264,6.325,7.972222222222222,10.867437975728519,7.7518944719629665,0.44860000000000005,0.4548,0.3649,0.3706
21800512,2018-12-27,2018-19,HOU,BOS,127,113,1,7.0,7.0,3.2,11.6,109.5,118.7,106.3,107.1,1.0,1.0,0,0,18.796825396825398,14.925975440681322,31.704488888888886,27.856757252238868,8.914472455648927,20.270524869789575,31.057142857142857,22.727272727272727,6.777777777777778,11.185185185185185,9.20221222737013,5.365856839240275,0.44279999999999997,0.4659999999999999,0.3443,0.3564
21800513,2018-12-27,2018-19,MIL,NYK,112,96,1,7.0,1.0,3.8,-12.5,106.4,106.3,102.6,118.8,1.0,1.0,0,0,19.333333333333332,7.642988710635769,29.680593137254903,21.248077651754738,37.67226890756303,-14.254211948709102,26.147058823529413,11.484848484848484,6.571428571428571,4.888888888888889,6.533142498160862,3.6686495921835687,0.4424,0.4354,0.3081,0.3376
21800514,2018-12-27,2018-19,SAC,LAL,117,116,1,5.0,5.0,-2.5,2.9,115.1,113.6,117.6,110.7,0.0,1.0,1,0,13.239499389499391,14.142328042328044,28.128602591852587,27.425727716727714,1.9250153000152999,4.858952811893988,9.142857142857142,17.8,10.64864864864865,3.2941176470588234,3.745875868206268,5.2992419383197635,0.4502999999999999,0.4894,0.37449999999999994,0.3477
21800515,2018-12-27,2018-19,UTA,PHI,97,114,0,5.0,5.0,7.5,3.0,107.6,115.5,100.1,112.5,1.0,1.0,0,0,15.468803418803418,21.236536854957905,27.18561113036113,29.43518436534226,17.63013398013398,11.93176067353699,14.58974358974359,19.678571428571427,7.78125,7.46875,4.625818674809111,7.6835592335395715,0.4641,0.4801,0.3532,0.3591
21800519,2018-12-28,2018-19,ORL,TOR,116,87,1,3.0,5.0,-10.0,1.9,96.3,108.0,106.3,106.1,1.0,1.0,0,0,16.46071071071071,15.820105820105821,28.596161867130284,24.614276767676767,-3.7640779877621986,21.76831975214328,15.13888888888889,15.555555555555555,13.142857142857142,10.0,4.056139508010567,7.428277652504144,0.41469999999999996,0.45549999999999996,0.36019999999999996,0.34459999999999996
21800525,2018-12-28,2018-19,PHX,OKC,102,118,0,5.0,5.0,-1.1,3.7,111.9,113.7,113.0,110.0,1.0,2.0,0,0,19.66529411764706,16.05197197197197,28.66248346846847,25.801822622622627,-18.044836681601385,25.3525409280248,25.24,20.24,5.909090909090909,6.290322580645161,7.439079120690539,7.034938745631711,0.4631,0.46959999999999996,0.35209999999999997,0.3624
21800520,2018-12-28,2018-19,WAS,CHI,92,101,0,2.0,4.0,-6.7,-9.7,113.4,95.4,120.1,105.1,1.0,1.0,0,0,13.082549857549859,11.098809523809523,25.577269529888675,29.54813508403361,-12.163464775709311,-30.02337858220211,10.527777777777779,11.8,5.043478260869565,6.358974358974359,6.51116436036597,5.930110093411169,0.4721,0.45519999999999994,0.3412,0.35140000000000005
21800523,2018-12-28,2018-19,NOP,DAL,114,112,1,3.0,4.0,-0.9,0.2,112.0,111.9,112.9,111.7,1.0,1.0,0,0,22.179127305443092,16.147482211275314,29.643384769616354,28.122428640924845,4.446099222415012,3.5842609021919367,27.2,18.344827586206897,4.8,8.0,9.156643867813102,4.994285857892404,0.46900000000000003,0.44889999999999997,0.35409999999999997,0.3265
21800524,2018-12-28,2018-19,DEN,SAS,102,99,1,6.0,8.0,0.0,17.7,108.4,116.0,108.4,98.3,1.0,1.0,0,0,13.78953953953954,17.367735042735045,25.64715800477897,27.792362576312577,13.633149278310569,6.960714285714285,16.63888888888889,18.128205128205128,8.81081081081081,8.725,4.783392519250816,5.883789499368348,0.4559,0.5228,0.3583,0.45120000000000005
21800521,2018-12-28,2018-19,MIA,CLE,118,94,1,7.0,3.0,5.0,-8.3,104.1,100.8,99.1,109.1,1.0,1.0,0,0,12.468088624338625,10.326726726726726,27.611401754433007,23.309121090321092,2.066917839498485,-28.65964425964426,11.03125,4.466666666666667,11.0,11.083333333333334,3.513930898323438,4.268382734361202,0.43970000000000004,0.4427,0.35710000000000003,0.34900000000000003
21800518,2018-12-28,2018-19,IND,DET,125,88,1,8.0,3.0,8.5,-2.1,108.7,106.1,100.2,108.2,1.0,1.0,0,0,12.597439544807964,17.94286680189317,28.258124940730205,27.689677001835218,19.2753938148675,-3.9354432487666178,7.675675675675675,24.794117647058822,12.194444444444445,5.526315789473684,4.113712595838109,8.289619419916114,0.4756,0.44909999999999994,0.37560000000000004,0.3479
21800517,2018-12-28,2018-19,CHA,BKN,100,87,1,5.0,9.0,-2.3,4.6,111.1,117.6,113.4,113.0,1.0,1.0,0,0,16.044346978557506,13.218702035368702,28.31698635477583,26.416549324324325,9.448056415548676,-2.8027238777238774,14.842105263157896,17.55,8.794117647058824,5.641025641025641,5.962264683001582,5.557372942768694,0.4408,0.4885,0.3701,0.4091
21800522,2018-12-28,2018-19,MIN,ATL,120,123,0,4.0,4.0,0.4,-5.8,114.9,112.7,114.5,118.5,1.0,1.0,0,0,16.143036701860233,13.31578947368421,30.523626141396726,25.970073749187783,0.839290345017899,-22.671013118381538,12.166666666666666,17.842105263157894,10.421052631578947,6.5675675675675675,4.137539985276683,4.4327827815364635,0.47050000000000003,0.46419999999999995,0.3619,0.3555
21800529,2018-12-29,2018-19,ATL,CLE,111,108,1,5.0,2.0,-3.8,-12.2,113.9,98.6,117.7,110.8,0.0,0.0,1,1,10.159469185784976,10.017069701280228,24.38524182250498,26.386953176861073,-16.90579332947754,-30.830440967283067,15.41025641025641,10.105263157894736,7.114285714285714,4.625,4.68685022956169,4.192339044867264,0.46229999999999993,0.4282,0.382,0.3357
21800531,2018-12-29,2018-19,MEM,BOS,103,112,0,3.0,6.0,-4.2,7.4,95.9,117.2,100.1,109.8,2.0,1.0,0,0,14.249776091881353,17.877428866283353,28.913252515673566,27.941777921413838,3.213787674313989,22.713366955472218,7.277777777777778,22.735294117647058,9.615384615384615,11.321428571428571,5.280212934130998,5.4333969903808494,0.4584,0.4596,0.3237,0.3609
21800527,2018-12-29,2018-19,MIL,BKN,129,115,1,8.0,8.0,6.4,3.2,108.1,115.7,101.7,112.5,1.0,0.0,0,1,19.45714285714286,7.118399892790137,28.675007516087515,14.479194710980076,35.74702702702702,-3.510095595461449,17.37142857142857,8.821428571428571,15.378378378378379,8.791666666666666,6.114193794916094,3.1028115355482035,0.4485,0.48440000000000005,0.3246,0.3925
21800528,2018-12-29,2018-19,NOP,HOU,104,108,0,3.0,8.0,-3.3,7.3,110.2,113.1,113.5,105.8,0.0,1.0,1,0,22.377849002849,15.788788788788787,29.369350188525992,29.510691744375954,4.503493878493877,9.445026981869088,20.125,7.111111111111111,3.935483870967742,14.914285714285715,9.371388311153584,9.357251342737037,0.4593999999999999,0.4519,0.3129,0.3621
21800533,2018-12-29,2018-19,PHX,DEN,118,122,0,5.0,6.0,-1.0,0.0,112.3,108.0,113.3,108.0,0.0,0.0,1,1,13.703172565560243,14.59506875296349,27.550126125105567,26.903390469416784,-19.300414303562153,15.140336059743955,17.257142857142856,17.027027027027028,9.24390243902439,5.40625,7.4319261718120755,4.6187694172427545,0.4608,0.4569,0.3419,0.35350000000000004
21800534,2018-12-29,2018-19,POR,GSW,105,115,0,6.0,6.0,-3.8,-0.6,107.5,111.6,111.3,112.2,1.0,1.0,0,0,17.195293011082484,20.720019157088124,28.558299616611457,30.25848088963648,13.548117541538595,23.558375385477994,25.28205128205128,27.551724137931036,7.8108108108108105,7.2682926829268295,7.716799986021262,10.436743435115629,0.44279999999999997,0.4382,0.3698,0.3415
21800532,2018-12-29,2018-19,UTA,NYK,129,97,1,4.0,1.0,3.1,-11.3,105.5,105.9,102.4,117.2,1.0,1.0,0,0,13.756258890469416,11.998050682261209,23.3288295903559,23.350135399274528,13.629445234708392,-20.025590039182127,19.513513513513512,11.5,12.025,11.470588235294118,4.612379586979673,5.207671926815929,0.4519,0.43289999999999995,0.35960000000000003,0.3452
21800530,2018-12-29,2018-19,WAS,CHA,130,126,1,2.0,6.0,-6.1,0.7,112.5,110.7,118.6,110.0,0.0,0.0,1,1,14.751726726726725,14.05012705012705,25.857483235158234,27.456332454042133,-16.41439947110679,10.327051617374199,10.513513513513514,9.432432432432432,6.636363636363637,9.45945945945946,6.359715819147358,6.174931167254808,0.46790000000000004,0.44099999999999995,0.3344,0.367
21800538,2018-12-30,2018-19,TOR,CHI,95,89,1,5.0,4.0,-0.9,-9.0,106.2,94.1,107.1,103.1,1.0,1.0,0,0,16.52879997002735,13.002501563477173,28.7634832722995,29.6371263349117,34.33429444111977,-27.613405699991066,25.387096774193548,11.75609756097561,6.611111111111111,6.2,6.628143087745728,5.919670617451684,0.4457,0.44960000000000006,0.3485,0.3398
21800536,2018-12-30,2018-19,ORL,DET,109,107,1,3.0,3.0,-8.6,-5.2,97.4,103.8,106.0,109.0,1.0,1.0,0,0,15.170253249200618,14.516009557945042,28.670080759092638,28.33453389387447,-0.18925821472510806,-4.381134604379387,10.564102564102564,24.6,13.166666666666666,4.323529411764706,4.041505766681986,7.957576028920791,0.4178,0.44489999999999996,0.3448,0.3479
21800540,2018-12-30,2018-19,POR,PHI,129,95,1,5.0,6.0,-5.6,5.8,106.7,116.7,112.3,110.9,0.0,2.0,1,0,17.732614133833646,9.408586883029074,27.94363094505338,23.36204808263632,11.27539745235509,10.2132114167104,20.23076923076923,5.970588235294118,14.170731707317072,17.975,7.559390870071261,7.043639450552639,0.4387,0.48460000000000003,0.3685,0.3648
21800541,2018-12-30,2018-19,LAL,SAC,121,114,1,4.0,6.0,0.7,-1.4,112.8,117.1,112.1,118.5,1.0,2.0,0,0,14.499380565234224,16.446951219512197,27.838729940705424,28.287457292695116,5.4491228070175435,0.1179763776648266,18.30952380952381,18.682926829268293,11.571428571428571,7.025,3.9942728993117003,4.48829590995978,0.49160000000000004,0.4527,0.3538,0.3809
21800539,2018-12-30,2018-19,DAL,OKC,105,103,1,3.0,6.0,-0.3,5.5,112.4,114.3,112.7,108.8,1.0,1.0,0,0,16.292592592592595,20.82932932932933,28.253904265351327,32.117193918614966,3.9107021763368515,36.30905247352615,18.433333333333334,15.432432432432432,7.7894736842105265,2.125,5.155908973033242,8.159163459933554,0.4469,0.47759999999999997,0.33340000000000003,0.3617
21800537,2018-12-30,2018-19,MIA,MIN,104,113,0,7.0,3.0,5.7,-1.6,104.4,114.8,98.7,116.4,1.0,1.0,0,0,14.283289888128598,13.895329670329671,27.67876233636172,28.39714871464871,4.676718284877678,-1.4981802544302547,18.36111111111111,20.875,9.692307692307692,6.6875,3.03074291344047,5.8399693591139625,0.4436,0.4615,0.34890000000000004,0.34629999999999994
21800545,2018-12-31,2018-19,SAS,BOS,120,111,1,7.0,6.0,15.9,2.7,113.8,115.1,97.9,112.4,1.0,1.0,0,0,17.53774680603949,16.60751274868922,26.35646190552601,27.939635744275222,7.53038083012409,20.070409530092462,11.80952380952381,15.64102564102564,9.975609756097562,11.551724137931034,6.335418562400026,5.30119230129204,0.515,0.4558,0.4293,0.35409999999999997
21800548,2018-12-31,2018-19,PHX,GSW,109,132,0,5.0,6.0,-1.0,-0.6,112.2,112.6,113.2,113.2,1.0,1.0,0,0,19.871252204585538,20.617344173441733,27.838486806403473,30.684749663182345,-17.409615384615385,24.12483159117306,16.928571428571427,6.8,12.2,7.285714285714286,7.203845574786616,10.67502493539585,0.4646,0.44329999999999997,0.3438,0.34819999999999995
21800547,2018-12-31,2018-19,OKC,DAL,122,102,1,5.0,3.0,4.4,-2.6,112.4,112.8,108.0,115.4,0.0,0.0,1,1,20.70557399504768,13.289219740832644,32.22410858496823,30.195036204874064,38.40829454242018,1.9276312500421158,20.555555555555557,18.35483870967742,4.451612903225806,11.228571428571428,7.4456401545403885,4.40030253708989,0.4699999999999999,0.4499000000000001,0.3473,0.3407
21800543,2018-12-31,2018-19,CHA,ORL,125,100,1,5.0,4.0,-0.3,-7.8,112.0,96.5,112.3,104.3,1.0,0.0,0,1,14.55462962962963,7.327631578947368,23.49590604288499,23.659879189158794,8.948391812865497,-1.382152496626181,24.475,15.157894736842104,9.631578947368421,4.5,6.908742507102915,7.292710827468128,0.4548,0.4175,0.3718,0.3332
21800542,2018-12-31,2018-19,IND,ATL,116,108,1,8.0,6.0,11.2,-2.1,110.5,113.3,99.3,115.4,2.0,1.0,0,0,15.816594066594066,13.342063492063494,28.962091969789338,24.495330860805858,21.199250725566515,-17.151709401709404,12.324324324324325,6.666666666666667,7.473684210526316,10.542857142857143,4.45924762119008,4.274001516790148,0.49300000000000005,0.46159999999999995,0.37520000000000003,0.3774
21800546,2018-12-31,2018-19,NOP,MIN,123,114,1,3.0,4.0,-3.3,0.1,110.3,115.6,113.6,115.5,1.0,0.0,0,1,17.33319426615319,11.197514619883043,27.318757498420847,28.56448435791375,0.18268342697097495,0.012869711232997294,20.121951219512194,15.583333333333334,9.181818181818182,6.696969696969697,6.537354550324209,5.886499593910534,0.4588,0.4579000000000001,0.3209,0.3358
21800544,2018-12-31,2018-19,HOU,MEM,113,101,1,9.0,3.0,8.0,-2.8,113.5,97.4,105.5,100.2,1.0,1.0,0,0,18.40256045519203,14.32292008607798,29.71356448553817,29.80426086072577,10.662863239179028,1.4900933321985963,31.7027027027027,7.351351351351352,7.942857142857143,6.7368421052631575,9.71573677875297,5.204738244381875,0.44980000000000003,0.46530000000000005,0.365,0.3306
21800551,2019-01-01,2018-19,DEN,NYK,115,108,1,6.0,1.0,-0.2,-13.7,107.8,105.2,108.0,118.9,2.0,2.0,0,0,14.724696356275304,13.331379731379732,24.86180517727886,23.60184797892166,13.902711323763954,-22.248814343551185,17.102564102564102,11.514285714285714,10.435897435897436,14.45,5.0411428091528725,5.187142139853465,0.45730000000000004,0.4231,0.34700000000000003,0.3613
21800550,2019-01-01,2018-19,MIL,DET,121,98,1,8.0,3.0,7.3,-4.6,110.6,103.7,103.3,108.3,2.0,1.0,0,0,14.880604288499024,15.494391025641027,29.735126705653016,24.720152969790067,36.64046333783176,-6.500463464173142,11.81578947368421,24.333333333333332,8.307692307692308,14.621621621621621,6.159237901734666,7.856674079039542,0.4561,0.4434,0.32730000000000004,0.3427
21800552,2019-01-01,2018-19,SAC,POR,108,113,0,5.0,6.0,-4.0,-1.5,117.7,109.2,121.7,110.7,1.0,1.0,0,0,15.54184162720748,18.346341463414635,28.061173043420002,28.63900010309886,2.14218931475029,17.905684744735645,18.738095238095237,25.390243902439025,9.4,5.416666666666667,3.664968109245342,8.176313161996434,0.4556,0.454,0.3759,0.383
21800549,2019-01-01,2018-19,TOR,UTA,122,116,1,6.0,5.0,0.2,7.6,105.8,108.7,105.6,101.1,1.0,2.0,0,0,16.59160052910053,15.391741548994437,28.821208138910965,28.379505776636712,34.02851959675612,19.664955070603337,25.4375,19.394736842105264,6.473684210526316,11.536585365853659,6.6658072707218565,3.2564329273770802,0.4412,0.46319999999999995,0.3417,0.373
21800561,2019-01-02,2018-19,PHX,PHI,127,132,0,5.0,5.0,-0.8,1.0,114.5,114.8,115.3,113.8,1.0,0.0,0,1,17.06672203765227,19.750938830816878,28.124310811522566,25.711444103223943,-21.24393687707641,10.846827674159094,25.107142857142858,15.268292682926829,5.84,7.542857142857143,7.228596909806996,7.978582778512021,0.4678999999999999,0.47509999999999997,0.3498,0.361
21800558,2019-01-02,2018-19,BOS,MIN,115,102,1,5.0,4.0,0.5,0.0,114.9,116.2,114.4,116.2,1.0,1.0,0,0,11.492857142857142,14.206940389867219,26.258366763191766,25.155285130659113,10.797908622908624,-5.810676940519121,8.9,15.702702702702704,11.466666666666667,6.676470588235294,2.7223720487299836,6.55687388069652,0.4558,0.45830000000000004,0.3557,0.3399
21800557,2019-01-02,2018-19,BKN,NOP,126,121,1,7.0,3.0,1.0,-3.2,116.0,111.0,115.0,114.2,3.0,1.0,0,0,14.353173858661663,20.183397683397683,25.307779926750197,30.799023222163463,-3.691494622562747,4.683879000952173,17.926829268292682,27.62162162162162,16.833333333333332,7.388888888888889,3.8831877400556665,7.726192413818259,0.48360000000000003,0.45730000000000004,0.3854,0.33690000000000003
21800554,2019-01-02,2018-19,CHA,DAL,84,122,0,5.0,2.0,1.0,-5.3,112.6,111.6,111.6,116.9,1.0,1.0,0,0,12.533488192024777,17.04521744595274,24.248209595282766,28.28685730481464,7.811448713887738,0.33193986096462874,4.380952380952381,18.5625,8.090909090909092,13.357142857142858,7.065398485521623,4.129057529403729,0.4558999999999999,0.44509999999999994,0.3823,0.3422
21800559,2019-01-02,2018-19,CHI,ORL,84,112,0,4.0,4.0,-4.0,-8.1,95.3,97.5,99.3,105.6,2.0,1.0,0,0,17.258928571428573,16.376068376068375,28.557763062169307,28.743359751359755,-25.607259570494865,-1.3442307692307693,17.214285714285715,15.128205128205128,9.117647058823529,12.973684210526315,5.989790836761371,3.962100575699529,0.4526,0.4184,0.3498,0.3376
21800555,2019-01-02,2018-19,CLE,MIA,92,117,0,2.0,6.0,-10.9,2.5,100.2,102.7,111.1,100.2,3.0,2.0,0,0,11.981693602361126,11.630809257533395,26.960390814904677,25.307922486390133,-30.577161948022024,7.108051564088717,14.268292682926829,18.324324324324323,11.666666666666666,8.105263157894736,2.285307305616166,4.032221930010504,0.4378,0.4412,0.32409999999999994,0.3489
21800562,2019-01-02,2018-19,LAL,OKC,100,107,0,4.0,6.0,1.1,6.8,114.1,113.2,113.0,106.4,2.0,1.0,0,0,11.705305447240931,16.06437728937729,24.82916944345976,32.19477116991196,4.312408917247627,40.136950549450546,16.225806451612904,15.153846153846153,11.472222222222221,4.46875,2.9730965090138355,7.453023296039134,0.49399999999999994,0.4664,0.34409999999999996,0.34209999999999996
21800560,2019-01-02,2018-19,MEM,DET,94,101,0,3.0,3.0,-3.4,-5.5,97.6,103.3,101.0,108.8,1.0,0.0,0,1,10.296863171060862,18.95710052157421,30.34457209686975,28.50498165626751,1.5760711581956763,-9.3400141169878,10.23076923076923,24.45945945945946,9.75,4.2727272727272725,4.514754526201495,7.460260785541617,0.46160000000000007,0.43260000000000004,0.32130000000000003,0.33619999999999994
21800556,2019-01-02,2018-19,WAS,ATL,114,98,1,3.0,5.0,-4.9,-3.7,115.4,113.5,120.3,117.2,3.0,1.0,0,0,8.368326730805508,11.014469347396178,26.162478138961355,24.92365689587275,-12.358404863456833,-17.32625696650087,7.903225806451613,7.05,6.5,8.365853658536585,6.2457279428432875,4.324470475427915,0.47750000000000004,0.46180000000000004,0.33619999999999994,0.3823
21800563,2019-01-03,2018-19,SAS,TOR,125,107,1,7.0,6.0,14.3,-1.6,114.7,105.7,100.4,107.3,2.0,1.0,0,0,16.009949998322092,16.877060993340063,26.545618669444252,28.907322570473735,8.567777184056254,34.38955952909441,21.837209302325583,26.03030303030303,13.891891891891891,6.85,6.038994749272219,6.82672061746909,0.5151,0.44399999999999995,0.42119999999999996,0.32839999999999997
21800565,2019-01-03,2018-19,GSW,HOU,134,135,0,6.0,9.0,0.9,8.5,114.2,113.7,113.3,105.2,2.0,2.0,0,0,25.43215565796211,18.5668016194332,30.631371955702605,29.92921640640062,27.014439736307704,12.521913758755863,21.095238095238095,16.384615384615383,6.465116279069767,8.222222222222221,10.830063426878434,9.749265448357601,0.45619999999999994,0.4447,0.354,0.3779
21800564,2019-01-03,2018-19,SAC,DEN,113,117,0,4.0,7.0,-5.6,1.1,114.4,108.6,120.0,107.5,1.0,1.0,0,0,14.374612403100775,16.74948717948718,28.282658984865257,26.824947207139267,1.1404647590469046,15.223265460030166,18.930232558139537,17.53846153846154,9.387096774193548,9.625,3.7032550979407772,5.155485860797863,0.43579999999999997,0.465,0.3592,0.35940000000000005
21800571,2019-01-04,2018-19,MIN,ORL,120,103,1,4.0,5.0,-0.2,-2.8,113.4,101.1,113.6,103.9,1.0,1.0,0,0,14.729439878766684,13.424390243902439,26.288784466981404,28.748137350549975,-7.104913446406714,1.277535592098003,6.571428571428571,10.926829268292684,10.55,13.025641025641026,6.121883322035236,3.994715383620139,0.4521,0.44029999999999997,0.3294,0.3513
21800566,2019-01-04,2018-19,BOS,DAL,114,93,1,5.0,3.0,1.3,-0.5,113.4,114.9,112.1,115.4,1.0,1.0,0,0,11.071025293586269,14.386866007555662,26.042578906955736,30.422624471792574,10.802192062243204,1.9083117401241874,7.125,18.515151515151516,11.580645161290322,7.878048780487805,2.7886466409630146,4.299333515132296,0.46980000000000005,0.45169999999999993,0.3668,0.367
21800569,2019-01-04,2018-19,CHI,IND,116,119,0,4.0,8.0,-4.9,11.2,94.8,111.2,99.7,100.0,1.0,3.0,0,0,12.980392156862743,15.792861464004838,26.65124475114469,28.67478927939876,-25.141164659380514,22.111961934012754,10.0,12.157894736842104,6.181818181818182,12.64102564102564,6.858607057843772,4.051346463154307,0.44980000000000003,0.4891,0.35619999999999996,0.371
21800567,2019-01-04,2018-19,CLE,UTA,91,117,0,1.0,5.0,-14.1,7.9,98.1,109.0,112.2,101.1,1.0,2.0,0,0,11.515873015873018,15.31868131868132,27.214594576391345,28.467720390720388,-32.62533183662216,18.434065934065934,11.333333333333334,19.384615384615383,12.777777777777779,11.976190476190476,1.837503210620742,3.188474245363452,0.43579999999999997,0.4553000000000001,0.3366,0.37350000000000005
21800574,2019-01-04,2018-19,LAL,NYK,112,119,0,4.0,1.0,1.9,-13.2,113.0,105.3,111.1,118.5,1.0,2.0,0,0,11.803488372093023,14.733333333333334,25.05612621124031,26.431006392475688,3.5813128535512253,-23.36433126095967,16.25,19.95,11.567567567567568,5.6,2.992863119687811,4.815195134145191,0.48179999999999995,0.421,0.3387,0.352
21800570,2019-01-04,2018-19,MEM,BKN,100,109,0,2.0,7.0,-5.0,1.2,97.8,115.9,102.8,114.7,1.0,1.0,0,0,12.523931623931624,13.663492063492065,30.392697281783256,27.491642624629737,0.750600513867965,-5.716840207438619,10.15,18.023809523809526,9.689655172413794,5.348837209302325,4.321289664302305,4.719830525595168,0.46630000000000005,0.4827,0.31020000000000003,0.387
21800568,2019-01-04,2018-19,MIA,WAS,115,109,1,7.0,4.0,5.3,-2.8,103.9,114.3,98.6,117.1,1.0,1.0,0,0,14.23514341409078,14.965811965811966,26.714586641952103,26.46710698694228,1.7311501793699924,-10.816519632621905,18.473684210526315,10.897435897435898,11.058823529411764,11.35483870967742,3.4557802396304225,5.802312950642456,0.44770000000000004,0.4737,0.3681,0.3377
21800572,2019-01-04,2018-19,MIL,ATL,144,112,1,8.0,5.0,8.0,-4.6,111.9,112.6,103.9,117.2,2.0,1.0,0,0,9.410617447686413,13.536896766483194,22.779443524824558,22.71183606580372,32.86397232776543,-15.483300864391449,6.551724137931035,7.170731707317073,12.153846153846153,10.789473684210526,5.04732887450519,5.593220962716251,0.4718,0.4577,0.3226,0.3813
21800575,2019-01-04,2018-19,POR,OKC,109,111,0,7.0,7.0,-0.1,8.6,112.2,114.1,112.3,105.5,2.0,1.0,0,0,18.337204800619432,20.778772472737987,28.898249974115192,32.25195064551839,15.592819328525511,39.53800754193942,25.38095238095238,20.724137931034484,7.525,4.393939393939394,7.7267994854388125,7.519650836161916,0.46049999999999996,0.46340000000000003,0.38380000000000003,0.32789999999999997
21800583,2019-01-05,2018-19,SAC,GSW,123,127,0,4.0,6.0,-5.5,2.8,113.2,118.3,118.7,115.5,1.0,1.0,0,0,13.883382121754217,25.534641472868216,26.37871120229742,30.872763236104326,0.7296367840894217,26.39800708478034,15.653846153846153,21.209302325581394,17.069767441860463,6.590909090909091,4.465992517320048,10.85016094119309,0.4389,0.46060000000000006,0.367,0.36869999999999997
21800581,2019-01-05,2018-19,SAS,MEM,108,88,1,7.0,2.0,12.3,-5.6,114.7,98.1,102.4,103.7,1.0,0.0,0,1,17.683051444679354,11.022461712989225,28.20425577413563,28.226318498635983,11.905356757145944,0.35815574102584824,21.818181818181817,13.418604651162791,8.772727272727273,19.829268292682926,5.680983307733551,4.415398093605745,0.5126000000000001,0.46929999999999994,0.42380000000000007,0.3034
21800578,2019-01-05,2018-19,PHI,DAL,106,100,1,6.0,3.0,1.8,-1.9,115.6,112.9,113.8,114.8,2.0,0.0,0,1,20.05982317298256,16.26066475370636,25.12538248068991,28.023796123598487,12.136796167369054,2.9755476987542986,15.595238095238095,11.15,6.571428571428571,7.714285714285714,8.881846913032351,5.40381956014841,0.47430000000000005,0.4486,0.3639,0.36629999999999996
21800582,2019-01-05,2018-19,POR,HOU,110,101,1,6.0,9.0,-0.9,7.1,110.3,114.6,111.2,107.5,0.0,1.0,1,0,20.04395281720863,18.865811965811968,29.328005626314187,29.829691268191265,17.534201583213438,12.55486202986203,20.238095238095237,7.589743589743589,5.684210526315789,8.045454545454545,7.7564278058853215,9.795807612676091,0.4526,0.4408,0.3647,0.37270000000000003
21800577,2019-01-05,2018-19,DET,UTA,105,110,0,4.0,5.0,-4.7,7.8,102.7,109.6,107.4,101.8,2.0,0.0,0,1,17.711135747721116,14.442248062015503,28.444139331705408,28.454261627906977,-7.108314600650174,20.327906976744185,24.5,19.35,2.212121212121212,12.069767441860465,8.369563577695564,3.1585197237220983,0.4295,0.4539000000000001,0.338,0.36350000000000005
21800580,2019-01-05,2018-19,MIL,TOR,116,123,0,9.0,5.0,12.8,-5.4,116.6,105.1,103.8,110.5,0.0,1.0,1,0,18.628508771929827,16.58463914106869,28.83240394736842,28.884771962769754,40.87011278195489,27.948453776006158,25.842105263157894,9.348837209302326,12.1,7.555555555555555,5.903409348495307,6.654756207600045,0.48500000000000004,0.4404,0.33199999999999996,0.31629999999999997
21800576,2019-01-05,2018-19,DEN,CHA,123,110,1,8.0,4.0,2.3,-2.9,110.5,110.2,108.2,113.1,1.0,2.0,0,0,13.65528455284553,14.176984126984129,27.901581638551146,21.932504076479077,17.02953834783103,1.3768683071314647,17.365853658536587,9.65,9.560975609756097,10.394736842105264,4.854633562296927,7.519115445006747,0.4739999999999999,0.45030000000000003,0.3703,0.36900000000000005
21800579,2019-01-05,2018-19,CLE,NOP,98,133,0,1.0,3.0,-15.5,-2.4,97.0,113.1,112.5,115.5,0.0,2.0,1,0,11.95022688598979,20.076649958228906,24.28566793780997,31.03175335412921,-27.350871274924735,6.213105086605699,10.414634146341463,19.69047619047619,9.025,7.27027027027027,3.4842052272837347,7.592927658917972,0.4346,0.4654000000000001,0.3529,0.3496
21800587,2019-01-06,2018-19,ATL,MIA,106,82,1,5.0,8.0,-5.7,8.6,113.0,107.0,118.7,98.4,1.0,1.0,0,0,10.389442598744925,12.261970407131697,25.70858024178664,25.340104591406206,-20.229318936877075,7.6713479893653,7.238095238095238,11.38888888888889,2.7,10.975609756097562,5.518344373107385,4.098530352948153,0.4593,0.4584,0.3733,0.36269999999999997
21800584,2019-01-06,2018-19,CHI,BKN,100,117,0,4.0,7.0,-4.6,1.4,97.3,114.3,101.9,112.9,1.0,1.0,0,0,17.52704678362573,12.085443774736788,27.06815456436838,23.052631182463475,-24.117866266860077,-2.2186936960393253,22.789473684210527,18.13953488372093,6.117647058823529,11.785714285714286,7.026080652543349,4.883680496878592,0.4535,0.47589999999999993,0.3435,0.38970000000000005
21800585,2019-01-06,2018-19,MIN,LAL,108,86,1,5.0,3.0,2.3,-1.6,115.5,111.4,113.2,113.0,1.0,1.0,0,0,14.7984977984978,11.169191919191919,28.211150150726933,25.26490169992609,-5.803761506247472,1.0507419409858434,16.102564102564102,7.681818181818182,5.241379310344827,3.7435897435897436,6.123866554280643,4.105846422165897,0.4631,0.47240000000000004,0.344,0.3272
21800588,2019-01-06,2018-19,OKC,WAS,98,116,0,7.0,4.0,8.2,-2.7,114.2,113.4,106.0,116.1,1.0,1.0,0,0,17.38986928104575,15.119582871908454,30.62662379529047,26.15311665559247,32.56274168203868,-9.778515554213229,21.066666666666666,23.232558139534884,5.219512195121951,11.4375,8.802990585313609,6.423778734738674,0.4593,0.4622,0.319,0.3276
21800590,2019-01-06,2018-19,PHX,CHA,113,119,0,3.0,4.0,-4.1,-4.0,117.7,108.8,121.8,112.8,1.0,0.0,0,1,14.452991452991453,14.214029117035357,25.34425951702618,24.160598303330644,-23.278225478225476,2.671190881344029,17.358974358974358,8.790697674418604,6.285714285714286,3.6666666666666665,5.216670630740982,6.977596291710747,0.4806,0.4507999999999999,0.36049999999999993,0.3652
21800589,2019-01-06,2018-19,TOR,IND,121,105,1,6.0,8.0,-4.1,9.9,105.2,111.8,109.3,101.9,0.0,1.0,1,0,10.400543900543902,15.986554096310194,24.932809945609943,28.864424046278923,17.19452056952057,21.131816760475296,10.307692307692308,15.536585365853659,7.4324324324324325,8.926829268292684,3.671924294530979,4.702100481674545,0.4365,0.49450000000000005,0.3034,0.3631
21800597,2019-01-07,2018-19,POR,NYK,111,101,1,6.0,2.0,-0.4,-11.8,108.2,106.6,108.6,118.4,1.0,2.0,0,0,18.237315010570825,11.442378468694258,27.62396621272784,25.208770412778115,14.016732013996036,-18.674703943895214,20.325581395348838,12.621621621621621,6.294117647058823,9.657142857142857,8.248649547339985,4.761350172603491,0.4436,0.41480000000000006,0.3468,0.341
21800595,2019-01-07,2018-19,NOP,MEM,114,95,1,3.0,2.0,0.7,-6.8,114.6,97.2,113.9,104.0,1.0,1.0,0,0,22.543128060569924,12.586720867208674,29.663558193540446,29.905803323507996,8.232028885027662,-1.3770824516392008,27.58974358974359,19.857142857142858,4.7727272727272725,13.454545454545455,8.834849772639657,4.421544183423129,0.477,0.45380000000000004,0.3793,0.321
21800594,2019-01-07,2018-19,MIL,UTA,114,102,1,8.0,6.0,10.9,9.0,116.8,111.7,105.9,102.7,1.0,1.0,0,0,19.632478632478634,15.32982261640798,29.53418803418803,25.45625731489935,38.95652455198292,19.213708099647842,26.28205128205128,19.51219512195122,8.517241379310345,10.909090909090908,6.049191007839478,4.967862874108401,0.4918,0.47000000000000003,0.34049999999999997,0.37270000000000003
21800598,2019-01-07,2018-19,SAC,ORL,111,95,1,3.0,3.0,-6.6,-6.8,113.5,101.7,120.1,108.5,1.0,0.0,0,1,9.90628507295174,11.399463661433565,25.325763299663297,27.03614893841825,-1.52005772005772,-5.752682619654025,15.703703703703704,15.119047619047619,10.952380952380953,8.0,5.287701280838591,5.3500738578478275,0.4394,0.4364,0.3936,0.33449999999999996
21800591,2019-01-07,2018-19,DET,SAS,107,119,0,3.0,8.0,-6.1,14.8,101.9,116.2,108.0,101.4,1.0,1.0,0,0,17.849637290813764,13.785185185185185,28.635040556992028,26.139432194770002,-6.391618185735833,12.758457396262274,24.743589743589745,7.8,2.3529411764705883,8.911111111111111,8.345502795564775,6.479660615497506,0.42829999999999996,0.5181,0.3487,0.4223
21800596,2019-01-07,2018-19,DAL,LAL,97,107,0,3.0,3.0,-1.7,-2.0,111.1,109.0,112.8,111.0,1.0,0.0,0,1,16.0847077042199,14.571944939591996,30.304450441033367,28.161851375421964,-0.9375950348578614,1.8597856391974044,18.952380952380953,9.444444444444445,10.789473684210526,10.044444444444444,3.52693511721344,3.774465884240498,0.44530000000000003,0.46080000000000004,0.3548,0.31930000000000003
21800592,2019-01-07,2018-19,BOS,BKN,116,95,1,5.0,7.0,1.3,1.4,111.9,111.6,110.6,110.2,2.0,0.0,0,1,15.144437991998968,7.269552669552669,28.07765407659631,17.9328302443035,22.56931843589417,-1.3315774019262392,22.63888888888889,8.633333333333333,11.53125,16.555555555555557,5.252021967397353,4.7483661231103484,0.4652,0.4708,0.3648,0.38449999999999995
21800593,2019-01-07,2018-19,HOU,DEN,125,113,1,8.0,8.0,5.4,3.0,114.2,112.3,108.8,109.3,1.0,1.0,0,0,16.20630081300813,17.064201832494515,29.963567276422765,27.157991805394243,10.768517329910141,17.656762162859724,7.925,17.75609756097561,8.0,10.071428571428571,9.819419414028532,5.0214977104106175,0.43929999999999997,0.46950000000000003,0.3718,0.3741
21800604,2019-01-08,2018-19,PHX,SAC,115,111,1,2.0,4.0,-6.5,-2.3,116.2,114.1,122.7,116.4,1.0,0.0,0,1,10.978260869565219,12.567632850241546,25.36139707321664,27.84005942028985,-21.360984137197484,1.236745422806804,17.5,7.4,7.395348837209302,6.794117647058823,4.829718348228129,5.138777615852058,0.48019999999999996,0.4431,0.3672,0.3862
21800600,2019-01-08,2018-19,PHI,WAS,132,115,1,7.0,4.0,3.6,-2.7,116.1,112.2,112.5,114.9,2.0,1.0,0,0,13.781841293656749,15.113786761546264,26.782305365121942,26.20174547471604,6.561600470748811,-8.586926642400268,15.69767441860465,23.272727272727273,6.342105263157895,6.8076923076923075,8.21132369857437,6.433270786882318,0.48040000000000005,0.4549,0.362,0.3127
21800603,2019-01-08,2018-19,OKC,MIN,117,119,0,6.0,5.0,3.9,1.8,111.9,113.1,108.0,111.3,1.0,1.0,0,0,20.838491126846755,11.827327327327327,32.23521209047907,28.431165097240097,37.23195929644432,1.4659315159315158,21.096774193548388,16.4,4.371428571428571,10.568181818181818,7.611086642849938,5.339724125967462,0.4542,0.45920000000000005,0.3209,0.34140000000000004
21800602,2019-01-08,2018-19,TOR,ATL,104,101,1,7.0,6.0,-1.6,-1.6,108.7,110.9,110.3,112.5,1.0,1.0,0,0,17.05144927536232,12.3606993006993,29.86169065988714,24.672606665664084,28.672341179034547,-19.532476501992626,26.0,8.863636363636363,7.368421052631579,10.65,6.350268178951167,3.558966512799086,0.4485,0.4513,0.33490000000000003,0.36669999999999997
21800605,2019-01-08,2018-19,GSW,NYK,122,95,1,6.0,1.0,2.7,-13.0,118.0,104.1,115.3,117.1,2.0,0.0,0,1,18.862193362193363,9.865497076023392,30.532606012506015,23.519557051543586,26.778001822738666,-19.04757967705489,21.181818181818183,11.657894736842104,5.2631578947368425,10.65625,10.917247163036981,2.445139459398961,0.46530000000000005,0.4072,0.3759,0.33609999999999995
21800599,2019-01-08,2018-19,CLE,IND,115,123,0,1.0,7.0,-16.7,7.1,96.3,111.0,113.0,103.9,2.0,1.0,0,0,13.122813500862284,15.75302911093627,27.36096549114842,29.25524491557703,-36.282397142153236,18.82217320445094,11.575757575757576,12.3,5.472222222222222,7.365853658536586,3.741030126118687,4.656891631885453,0.42889999999999995,0.496,0.34930000000000005,0.3466
21800601,2019-01-08,2018-19,MIA,DEN,99,103,0,7.0,7.0,5.9,0.7,105.2,112.7,99.3,112.0,1.0,0.0,0,1,13.714785681714545,11.104965430546827,22.40226730339328,26.137617741661927,18.30745900862061,14.750330729400497,18.275,18.023255813953487,12.81578947368421,10.325581395348838,4.1236802925717,4.810280160593049,0.45010000000000006,0.4662,0.33890000000000003,0.3658
21800608,2019-01-09,2018-19,WAS,PHI,123,106,1,4.0,7.0,-3.6,3.0,112.7,116.5,116.3,113.5,0.0,0.0,1,1,15.272051042639276,20.39770525017618,26.41323965367145,27.693267452441876,-9.352982079964178,12.817646292210245,23.377777777777776,19.09375,11.181818181818182,6.410256410256411,6.384902006205954,8.386842649162652,0.4615,0.4801,0.324,0.3728
21800607,2019-01-09,2018-19,BOS,IND,135,108,1,6.0,7.0,4.3,6.8,113.1,112.3,108.8,105.5,1.0,0.0,0,1,16.598922668078117,15.833405923344948,27.987046777365016,28.031265351423958,21.322732022242423,17.07216479516891,11.868421052631579,14.928571428571429,10.894736842105264,8.953488372093023,5.138793906353309,4.025684998072845,0.4742,0.5038,0.375,0.3498
21800609,2019-01-09,2018-19,BKN,ATL,116,100,1,6.0,5.0,-1.2,-2.7,109.6,109.2,110.8,111.9,1.0,0.0,0,1,12.917208062635348,11.34037633339959,26.38116762895608,24.869897593255153,-3.0672378410710857,-18.547629695885508,13.333333333333334,7.3023255813953485,8.67741935483871,9.59375,3.873657103261262,4.087618416859018,0.46290000000000003,0.4505,0.3695,0.36619999999999997
21800613,2019-01-09,2018-19,DAL,PHX,104,94,1,3.0,2.0,-2.3,-6.9,108.7,116.6,111.0,123.5,1.0,0.0,0,1,14.534403365798717,13.120890272732515,28.407302147363044,22.412899023290063,2.7254365042002746,-18.118875575926914,19.13953488372093,17.585365853658537,10.794871794871796,5.928571428571429,4.789837413570882,4.481395693312115,0.4405,0.48860000000000003,0.3458,0.3665
21800610,2019-01-09,2018-19,HOU,MIL,109,116,0,8.0,8.0,6.1,11.8,116.5,117.5,110.4,105.7,1.0,1.0,0,0,16.271970576848627,19.683333333333334,30.12426534441168,29.585173412698413,12.28496605020995,39.13333333333333,8.547619047619047,26.375,7.916666666666667,8.233333333333333,9.792638399914294,6.135958597177267,0.4521,0.4887,0.3862,0.34049999999999997
21800616,2019-01-09,2018-19,LAL,DET,113,100,1,4.0,3.0,-0.5,-7.0,108.7,102.2,109.2,109.2,1.0,1.0,0,0,14.686231081579919,17.954457364341085,28.4134186324704,28.768540693998023,2.884871683759449,-7.340168813980498,9.534883720930232,24.975,11.4,6.72,3.784951385725615,7.497819800597505,0.4577,0.43340000000000006,0.3144,0.33680000000000004
21800611,2019-01-09,2018-19,MEM,SAS,96,86,1,2.0,8.0,-7.0,13.3,97.4,115.8,104.4,102.5,1.0,1.0,0,0,14.231979261049029,14.23913043478261,29.91340022316185,27.348854589371978,-9.899956793852143,13.181702898550725,14.931818181818182,12.021739130434783,11.155555555555555,6.9375,4.426004911198292,5.976662087297144,0.45309999999999995,0.5162000000000001,0.3263,0.41819999999999996
21800612,2019-01-09,2018-19,NOP,CLE,140,124,1,4.0,0.0,3.2,-17.6,116.4,98.6,113.2,116.2,1.0,0.0,0,1,18.456410256410255,13.259451067248605,29.693496386946386,27.471561825867298,10.885966810966812,-35.75970377256287,27.8,11.380952380952381,17.392857142857142,5.594594594594595,7.291480435090227,3.7454269292071474,0.492,0.441,0.3785,0.37470000000000003
21800615,2019-01-09,2018-19,POR,CHI,124,112,1,6.0,3.0,-0.1,-6.8,109.4,97.5,109.5,104.3,1.0,2.0,0,0,18.142592592592592,14.869733534439414,26.672913281364373,27.172321999506057,13.085900715956328,-23.163428729992194,24.955555555555556,22.897435897435898,7.6976744186046515,9.027027027027026,8.01702249911948,6.595674321821691,0.44399999999999995,0.45709999999999995,0.33999999999999997,0.3617
21800614,2019-01-09,2018-19,UTA,ORL,106,93,1,6.0,3.0,8.3,-4.5,112.2,102.2,103.9,106.7,1.0,1.0,0,0,15.303703703703704,16.356060606060606,25.771846560846562,29.01460606060606,16.816123642439432,-4.297961204937949,19.666666666666668,14.272727272727273,8.026315789473685,7.837837837837838,5.206677475982904,4.053423828667555,0.4729,0.43499999999999994,0.3819,0.33089999999999997
21800619,2019-01-10,2018-19,SAS,OKC,154,147,1,7.0,5.0,8.4,1.8,111.5,110.4,103.1,108.6,0.0,1.0,1,0,16.239376286554826,19.93799603174603,27.713434465918272,30.826320438605325,12.914013318440743,36.75108539716098,21.425531914893618,21.21875,7.023255813953488,15.232558139534884,6.061279404190017,7.562336494202933,0.48739999999999994,0.4548,0.3957,0.3203
21800617,2019-01-10,2018-19,MIA,BOS,115,99,1,6.0,7.0,4.9,7.8,104.9,116.3,100.0,108.5,1.0,0.0,0,1,12.241856546854942,15.034939356848781,25.418822916794014,28.141501009410103,5.5531428830048855,25.242397116767123,18.121951219512194,22.210526315789473,12.794871794871796,10.974358974358974,3.9039441032983753,5.127964190217127,0.45409999999999995,0.48629999999999995,0.3361,0.38029999999999997
21800620,2019-01-10,2018-19,SAC,DET,112,102,1,4.0,2.0,-0.8,-8.9,113.9,99.3,114.7,108.2,1.0,0.0,0,1,14.424887169568022,12.564990995223553,25.819711055179788,26.31620407155291,-3.7355996944232244,-8.087823029683495,19.23404255319149,17.227272727272727,6.647058823529412,8.210526315789474,5.262262893188562,4.0130155015158016,0.4487,0.4298,0.3997,0.32689999999999997
21800629,2019-01-11,2018-19,GSW,CHI,146,109,1,6.0,3.0,3.7,-5.5,119.2,99.1,115.5,104.6,2.0,1.0,0,0,25.674291938997822,14.705487804878048,28.258938571563892,27.25922490966576,28.128927693016234,-21.795971440483637,27.444444444444443,4.341463414634147,6.896551724137931,5.564102564102564,10.53636808507558,7.452048736070608,0.4728,0.4586,0.36829999999999996,0.36619999999999997
21800625,2019-01-11,2018-19,HOU,CLE,141,113,1,7.0,0.0,3.6,-18.1,113.8,101.1,110.2,119.2,1.0,1.0,0,0,19.12113695090439,12.075765235775348,29.631987163159835,27.49854994025186,10.814512735326689,-32.82276907453854,7.72,14.173913043478262,7.9523809523809526,5.033333333333333,9.874068294605191,3.9458287225980784,0.4344,0.4405,0.3764,0.3779
21800626,2019-01-11,2018-19,MIN,DAL,115,119,0,6.0,4.0,2.6,-0.9,112.7,107.5,110.1,108.4,2.0,1.0,0,0,17.01618034413163,14.662121212121214,30.033336820703642,28.519308086692966,-0.43680285618092024,4.1645908878467015,16.975609756097562,19.386363636363637,6.7105263157894735,10.675,5.559666724415686,4.814107479228045,0.4577,0.4377,0.3496,0.3452
21800623,2019-01-11,2018-19,NYK,IND,106,121,0,1.0,7.0,-14.6,4.2,103.7,114.0,118.3,109.8,2.0,1.0,0,0,13.234371894255615,15.822141682606798,24.920767264715522,29.225638226114974,-22.340266893173872,16.134299808718414,7.625,15.046511627906977,10.636363636363637,7.372093023255814,4.12065326148283,4.6111535509175425,0.40540000000000004,0.5069,0.3298,0.3637
21800621,2019-01-11,2018-19,PHI,ATL,121,123,0,7.0,4.0,4.0,-5.0,117.5,107.8,113.5,112.8,1.0,1.0,0,0,17.663804713804712,11.47706533938418,27.557638209013213,26.067123139608647,9.953096903096903,-19.87295096600505,15.71111111111111,8.717391304347826,6.035714285714286,10.902439024390244,6.251337118976556,4.2268257851288125,0.48229999999999995,0.4396,0.3727,0.34880000000000005
21800628,2019-01-11,2018-19,POR,CHA,127,96,1,7.0,4.0,4.1,-3.6,112.8,110.6,108.7,114.2,1.0,2.0,0,0,16.311748381128584,15.832275132275134,27.594517091513346,27.666705574012546,16.548741812201573,6.507166716185434,14.97872340425532,23.91111111111111,7.568181818181818,10.731707317073171,7.494229911285397,6.090670727313347,0.4603999999999999,0.4457,0.351,0.3655
21800624,2019-01-11,2018-19,TOR,BKN,122,105,1,7.0,6.0,-1.6,0.1,109.2,111.6,110.8,111.5,2.0,1.0,0,0,18.77448366228673,10.341304347826087,27.60645637067406,22.350377012882447,35.79542502140226,2.429645545444332,26.13888888888889,4.1,13.942857142857143,13.395348837209303,6.706710318214189,4.786213885666829,0.4539000000000001,0.46230000000000004,0.3429,0.3708
21800627,2019-01-11,2018-19,UTA,LAL,113,95,1,6.0,4.0,9.1,0.0,112.0,108.8,102.9,108.8,1.0,1.0,0,0,12.904674827356239,14.757868540477235,26.89570805097204,28.429248545429623,16.228287761116967,1.9282725497341602,4.085106382978723,18.369565217391305,10.869565217391305,5.85,5.187917056718758,4.791717936997079,0.4819,0.4671,0.3802,0.3242
21800622,2019-01-11,2018-19,WAS,MIL,113,106,1,5.0,8.0,-0.1,11.7,113.2,116.8,113.3,105.1,1.0,1.0,0,0,15.208927835823692,14.904329740971827,28.688696402496582,26.0222886723159,-9.584974093618113,32.803525327008025,10.906976744186046,17.585365853658537,8.416666666666666,7.433333333333334,5.963100298363708,4.828578656794726,0.4619,0.48650000000000004,0.3388,0.3307
21800636,2019-01-12,2018-19,SAC,CHA,104,97,1,4.0,3.0,-0.1,-7.9,114.9,110.4,115.0,118.3,1.0,0.0,0,1,16.534574468085108,14.173254281949935,28.04008308302044,27.422993172102053,-2.23808501156749,-1.0652009961785924,13.416666666666666,23.782608695652176,9.212121212121213,3.9444444444444446,3.5098272236551176,6.981632313501312,0.46240000000000003,0.4417,0.404,0.3588
21800637,2019-01-12,2018-19,UTA,CHI,110,102,1,6.0,3.0,7.9,-8.9,111.3,100.7,103.4,109.6,0.0,0.0,1,1,13.074212873415,12.95524271672088,26.29966751289491,26.278038432647527,14.526700515796259,-28.738577762517345,14.595744680851064,16.526315789473685,8.125,4.380952380952381,5.461922687786112,6.980372076210207,0.4662,0.4595000000000001,0.3643,0.3796
21800632,2019-01-12,2018-19,ORL,BOS,105,103,1,3.0,7.0,-4.8,7.5,103.5,115.5,108.3,108.0,2.0,1.0,0,0,14.038575679273352,15.045833570223813,29.09150942760943,28.187466052105076,-4.841506867945057,22.859014427307113,13.977777777777778,7.590909090909091,7.868421052631579,10.85,4.007545474416437,5.111726461945301,0.44220000000000004,0.48819999999999997,0.34609999999999996,0.3862
21800635,2019-01-12,2018-19,PHX,DEN,102,93,1,2.0,7.0,-7.6,1.5,111.4,113.0,119.0,111.5,2.0,1.0,0,0,11.125396825396825,15.227946127946128,25.634671799516905,26.895431554281554,-20.013673222912352,16.244635544635546,17.642857142857142,9.644444444444444,7.2444444444444445,6.102564102564102,4.816840199783279,4.801807559163898,0.4837000000000001,0.46580000000000005,0.36310000000000003,0.36369999999999997
21800633,2019-01-12,2018-19,MIN,NOP,110,106,1,6.0,5.0,4.8,5.6,114.4,118.9,109.6,113.3,0.0,2.0,1,0,15.28557140259268,22.57117159577393,26.49821415582054,31.75655482394304,0.819043679878555,13.75801281269934,6.923076923076923,20.08695652173913,12.28125,10.3125,6.177611569106529,6.254208830293472,0.4640000000000001,0.5001,0.36269999999999997,0.37470000000000003
21800631,2019-01-12,2018-19,MIA,MEM,112,108,1,6.0,3.0,6.3,-5.3,106.3,97.8,100.0,103.1,1.0,2.0,0,0,12.659440043160975,14.907744107744108,25.972256729280964,29.022251725376446,5.593485353216076,-3.4477969788889915,8.372093023255815,19.795454545454547,13.333333333333334,9.818181818181818,3.4993196364652075,4.412791639872824,0.4633,0.4519,0.3592,0.3172
21800634,2019-01-12,2018-19,OKC,SAS,122,112,1,4.0,7.0,1.0,6.5,114.4,114.5,113.4,108.0,1.0,1.0,0,0,21.00763448437867,16.59334173198955,31.15852206762788,27.155440602836876,34.70522985988102,11.378881197190267,15.045454545454545,21.3125,15.204545454545455,10.106382978723405,7.437437354507499,6.000643282744954,0.4585,0.4911,0.32720000000000005,0.4223
21800640,2019-01-13,2018-19,ATL,MIL,114,133,0,4.0,7.0,-5.1,9.7,110.3,115.4,115.4,105.7,1.0,1.0,0,0,13.981323877068556,19.796747967479675,24.78716236030077,29.735235191637628,-21.959747988214605,38.260337477563084,7.933333333333334,26.390243902439025,10.857142857142858,7.90625,4.863316407661688,6.237302478216371,0.4556,0.4801,0.3707,0.3232
21800642,2019-01-13,2018-19,DAL,GSW,114,119,0,5.0,7.0,-0.2,7.9,107.6,123.5,107.8,115.6,1.0,1.0,0,0,16.23628389154705,25.696066252587993,25.820769309632976,30.787674137336097,5.474272197635484,33.59397713757103,18.13157894736842,27.32608695652174,7.434782608695652,6.617021276595745,5.916846628600829,10.89848846497335,0.44140000000000007,0.4904,0.3441,0.3822
21800643,2019-01-13,2018-19,DEN,POR,116,113,1,7.0,7.0,2.7,6.9,111.2,113.4,108.5,106.5,0.0,1.0,1,0,15.301771336553946,18.131514030218934,27.051084990253408,29.311148558861824,16.084216882786677,21.495438894028165,9.891304347826088,24.659574468085108,6.0,6.119047619047619,4.79688487939777,7.505011276222053,0.46210000000000007,0.46919999999999995,0.367,0.35960000000000003
21800644,2019-01-13,2018-19,LAL,CLE,95,101,0,4.0,0.0,-1.0,-19.3,108.4,101.4,109.4,120.7,1.0,1.0,0,0,14.674325389219007,12.321047352962246,28.502818970566313,27.470977974783295,2.64389450240514,-39.31959064327485,9.377777777777778,11.431818181818182,11.19047619047619,12.578947368421053,3.8919209672349777,2.2511308286062173,0.4537,0.4378,0.3094,0.3677
21800638,2019-01-13,2018-19,NYK,PHI,105,108,0,1.0,6.0,-14.3,1.6,103.3,116.5,117.6,114.9,1.0,1.0,0,0,8.895906432748538,20.18295271556141,21.779441520467834,30.782787668108902,-24.557648694908,13.17461303259939,11.725,15.869565217391305,7.682926829268292,6.536585365853658,2.959163436493101,7.953154930907253,0.4093,0.4806,0.33999999999999997,0.356
21800641,2019-01-13,2018-19,ORL,HOU,116,109,1,4.0,8.0,-2.2,6.6,104.9,118.0,107.1,111.4,0.0,1.0,1,0,16.379388083735908,16.50722339675828,28.865870865849125,30.68976813302976,-5.551275294753555,13.809608145683018,14.065217391304348,32.906976744186046,13.340909090909092,9.024390243902438,4.021587976238152,9.927157366932754,0.44369999999999993,0.4507,0.33930000000000005,0.3816
21800639,2019-01-13,2018-19,WAS,TOR,138,140,0,5.0,7.0,0.3,-1.5,109.6,108.8,109.3,110.3,1.0,1.0,0,0,15.596586431692813,18.14376876876877,28.868252651593018,30.322221911634948,-8.505859467237821,36.98114139854535,23.78723404255319,13.666666666666666,8.486486486486486,6.651162790697675,5.967113675724962,6.627537870222364,0.46020000000000005,0.4469,0.3572,0.3453
21800647,2019-01-14,2018-19,SAS,CHA,93,108,0,7.0,3.0,6.2,-7.0,115.6,109.8,109.4,116.8,1.0,1.0,0,0,17.74730725623583,15.822533849129593,27.2556039290075,27.464421859621858,12.069747514390372,-1.0747080591425497,21.244897959183675,23.93617021276596,9.081632653061224,3.9473684210526314,6.080289018131136,7.010723341817917,0.4892,0.4394,0.41289999999999993,0.3671
21800645,2019-01-14,2018-19,BKN,BOS,109,102,1,6.0,6.0,-0.8,5.7,111.5,113.9,112.3,108.2,2.0,1.0,0,0,13.451441317776252,10.087374272952216,25.49128339404184,22.498326311899483,-3.194943906864115,10.83768299568936,18.29787234042553,15.58695652173913,16.333333333333332,15.380952380952381,3.6281908051072196,4.762679342816577,0.4585,0.48040000000000005,0.3559,0.3779
21800646,2019-01-14,2018-19,HOU,MEM,112,94,1,7.0,3.0,5.2,-5.4,118.1,98.7,112.9,104.1,0.0,1.0,1,0,16.546576879910216,14.320252167060678,28.325231144781146,26.988494365944547,13.255100019805903,-0.946968735073431,8.431818181818182,9.733333333333333,3.7941176470588234,7.9772727272727275,10.563676195369617,5.294170395533797,0.45599999999999996,0.4537,0.3702,0.29819999999999997
21800649,2019-01-14,2018-19,SAC,POR,115,107,1,4.0,7.0,0.1,8.7,113.1,115.1,113.0,106.4,1.0,0.0,0,1,15.246859227561993,20.00453213200174,28.502713255732395,29.37929441775168,-1.6108257819256737,18.469141045093238,17.0625,24.6875,12.485714285714286,6.526315789473684,3.5848111396736995,7.400944289252762,0.46180000000000004,0.47539999999999993,0.39659999999999995,0.3558
21800648,2019-01-14,2018-19,UTA,DET,100,94,1,7.0,3.0,8.8,-7.9,111.7,102.3,102.9,110.2,1.0,1.0,0,0,14.499672538392053,18.92485413137587,27.310921296296293,28.89156558061821,17.872415104253083,-7.253424734431599,14.604166666666666,25.214285714285715,4.428571428571429,8.8,5.502132055046368,6.631996706025677,0.46420000000000006,0.43600000000000005,0.3675,0.341
21800654,2019-01-15,2018-19,MIL,MIA,124,86,1,8.0,6.0,12.3,6.0,120.0,108.1,107.7,102.1,1.0,2.0,0,0,18.71208317952504,14.191085271317826,29.6898455026455,27.066924818398654,37.50553709856035,5.62406496185566,17.74418604651163,11.85,5.3428571428571425,13.243243243243244,6.980275722594316,3.2160869841422146,0.4965,0.47509999999999997,0.33899999999999997,0.37629999999999997
21800652,2019-01-15,2018-19,PHI,MIN,149,107,1,6.0,6.0,-0.6,5.0,114.7,114.0,115.3,109.0,1.0,2.0,0,0,20.64719126421254,17.01073232323232,30.823111750828406,30.092452128925963,12.701586016768717,0.7731817705654915,19.428571428571427,22.0625,8.0625,7.175,7.613350885012999,5.558761238372763,0.47250000000000003,0.45759999999999995,0.3527,0.33899999999999997
21800656,2019-01-15,2018-19,LAL,CHI,107,100,1,3.0,2.0,-4.2,-10.7,105.2,101.9,109.4,112.6,1.0,2.0,0,0,11.984612151496753,17.157287157287158,26.703955029228002,27.24680607864358,2.0521837373659486,-31.84208281009077,16.57894736842105,22.88095238095238,9.306122448979592,5.921052631578948,5.420655407658242,6.855779194345376,0.438,0.4567,0.29059999999999997,0.3782
21800651,2019-01-15,2018-19,IND,PHX,131,97,1,8.0,3.0,6.0,-5.9,116.5,111.3,110.5,117.2,3.0,2.0,0,0,16.00904899427471,13.80434094770365,29.642294715508946,29.32359652805648,16.29279007586121,-20.090735268064403,19.823529411764707,17.441860465116278,7.340909090909091,5.935483870967742,4.531905359814909,7.074359606645592,0.5115000000000001,0.4767,0.3649,0.37629999999999997
21800655,2019-01-15,2018-19,DEN,GSW,111,142,0,8.0,7.0,3.8,8.0,112.5,123.4,108.7,115.4,1.0,1.0,0,0,15.523280912735123,20.819269681486563,25.949055281878753,30.42926305955921,13.951052991992952,30.103076659099308,9.957446808510639,6.645161290322581,11.846153846153847,5.461538461538462,4.945474544937953,11.003101873903539,0.4788,0.48999999999999994,0.3629,0.3895
21800653,2019-01-15,2018-19,ATL,OKC,142,126,1,4.0,5.0,-6.2,2.2,109.6,115.4,115.8,113.2,1.0,2.0,0,0,10.916666666666666,17.912553066900895,25.496849159700453,32.5386142899584,-21.489015719413022,35.09406495973329,8.0,12.282608695652174,5.966666666666667,5.157894736842105,4.7770559003432025,7.370651955761734,0.44559999999999994,0.4569,0.3551,0.33899999999999997
21800660,2019-01-16,2018-19,MEM,MIL,101,111,0,2.0,8.0,-8.0,14.7,97.4,121.5,105.4,106.8,1.0,0.0,0,1,6.219047619047619,12.79124579124579,22.972800334787014,26.07115685843947,-5.506639024712568,34.52810715854194,5.457142857142857,5.555555555555555,13.354166666666666,6.133333333333334,6.204533761145842,5.0478531646343745,0.4577,0.5016,0.2899,0.3638
21800659,2019-01-16,2018-19,HOU,BKN,142,145,0,7.0,6.0,6.6,-0.9,118.0,111.3,111.4,112.2,1.0,1.0,0,0,16.840901771336554,11.798401440954633,24.72447123544171,25.938973166240494,12.78119452870464,0.9284734283784433,8.488888888888889,11.893617021276595,3.914285714285714,9.125,11.411288075749288,4.184670073893398,0.4546,0.4544,0.3759,0.35309999999999997
21800663,2019-01-16,2018-19,GSW,NOP,147,140,1,7.0,6.0,10.9,6.9,124.7,119.5,113.8,112.6,0.0,1.0,1,0,18.604166666666668,20.295865633074936,30.371959382852243,29.966597668266274,36.317843353557635,13.573286922921206,27.333333333333332,20.166666666666668,5.333333333333333,16.548387096774192,11.067498471944601,7.689734423379279,0.5048,0.5,0.4083,0.3748
21800662,2019-01-16,2018-19,POR,CLE,129,112,1,6.0,1.0,7.8,-16.7,114.8,102.3,107.0,119.0,1.0,2.0,0,0,18.11692176870748,11.62262767425811,27.728326503139716,21.80367815336837,17.94005984390483,-26.40261188087275,24.897959183673468,14.229166666666666,7.9787234042553195,10.891304347826088,7.342272943050755,4.97319208359039,0.47939999999999994,0.43529999999999996,0.3556,0.3754
21800661,2019-01-16,2018-19,DAL,SAS,101,105,0,4.0,6.0,-1.0,3.9,106.8,113.8,107.8,109.9,2.0,1.0,0,0,16.957446229980693,13.445217391304348,28.590702099267524,25.305528671497584,3.5342595074302396,12.173115942028986,19.73913043478261,21.1,8.707317073170731,9.18,5.181967211615702,4.999796742792442,0.4351,0.4888,0.3519,0.4166
21800658,2019-01-16,2018-19,BOS,TOR,117,108,1,5.0,8.0,4.3,1.2,112.0,112.7,107.7,111.5,1.0,2.0,0,0,13.639814814814814,18.87155985201098,28.232117423138128,30.653070830633634,22.04511860768664,37.891256821539976,22.275,26.36842105263158,10.595238095238095,7.6923076923076925,5.187646463810212,6.5173002266943225,0.47940000000000005,0.4551,0.3744,0.3564
21800657,2019-01-16,2018-19,DET,ORL,120,115,1,2.0,5.0,-9.6,-1.3,101.1,104.5,110.7,105.8,1.0,2.0,0,0,17.971791911425754,16.47872340425532,28.93161447871327,28.553559275533626,-5.45073725899111,-4.451870695857745,25.069767441860463,14.170212765957446,9.142857142857142,10.914893617021276,6.498824911561663,4.063156397947189,0.4286,0.44609999999999994,0.3338,0.3379
21800666,2019-01-17,2018-19,CHA,SAC,114,95,1,4.0,5.0,-5.3,1.8,107.4,112.8,112.7,111.0,2.0,2.0,0,0,13.86376811594203,16.546938775510203,27.524001771336554,27.830877729591833,2.834359903381642,-0.15493197278911586,7.575,19.24,8.125,12.5,6.378015600276212,4.125929697334522,0.4418,0.4641,0.3548,0.4018
21800669,2019-01-17,2018-19,DEN,CHI,135,105,1,7.0,1.0,0.4,-13.4,113.4,100.7,113.0,114.1,1.0,1.0,0,0,15.617021276595745,13.0373425866348,26.676258227794666,26.84437854300139,13.967256398396547,-29.91289903221147,10.208333333333334,4.704545454545454,9.391304347826088,5.619047619047619,5.044665762376661,6.742006518258627,0.47859999999999997,0.4418,0.3696,0.3572
21800667,2019-01-17,2018-19,IND,PHI,96,120,0,8.0,7.0,8.6,4.3,118.2,118.2,109.6,113.9,1.0,1.0,0,0,15.953880725142653,20.70350241545894,29.614547096399537,30.726836374899563,18.74043671069122,15.955643237022857,15.717391304347826,19.416666666666668,15.177777777777777,7.142857142857143,3.555777046546121,7.765231942289734,0.5095,0.491,0.3706,0.364
21800670,2019-01-17,2018-19,OKC,LAL,128,138,0,5.0,4.0,1.0,-3.4,117.1,104.3,116.1,107.7,1.0,1.0,0,0,21.026455026455025,14.703952555381127,31.262497399037734,26.55846836705132,33.69326834127944,3.3342546012140395,26.42222222222222,16.564102564102566,15.41304347826087,10.06,7.384301383585308,4.6826005782343385,0.4587,0.4332,0.3371,0.2814
21800668,2019-01-17,2018-19,TOR,PHX,111,109,1,7.0,2.0,0.1,-9.5,112.9,108.8,112.8,118.3,0.0,1.0,1,0,14.579786422578186,19.49568181818182,29.089198527043088,29.279986927519882,33.461693728479155,-24.245799484203737,13.526315789473685,17.454545454545453,7.814814814814815,9.74,3.100233977213595,6.15109188536658,0.45289999999999997,0.4683,0.3372,0.3517
21800665,2019-01-17,2018-19,WAS,NYK,101,100,1,5.0,1.0,1.7,-12.4,114.5,102.9,112.8,115.3,3.0,3.0,0,0,15.954191691691692,10.462113821138212,26.84133958337089,22.921568348446947,-6.26185085496725,-24.494024958781054,24.1875,6.24,11.319148936170214,19.318181818181817,6.499526559303582,4.595071679918741,0.4692,0.4093,0.37470000000000003,0.33999999999999997
21800677,2019-01-18,2018-19,POR,NOP,128,112,1,7.0,6.0,10.5,6.5,117.2,121.6,106.7,115.1,1.0,1.0,0,0,18.194421768707482,22.888309111523398,29.355788184273713,30.66002427154794,19.617761950934216,11.85976219240339,25.06,20.26530612244898,5.884615384615385,16.9375,7.54128887350627,7.2789965148505535,0.48930000000000007,0.5013,0.38180000000000003,0.38180000000000003
21800675,2019-01-18,2018-19,UTA,CLE,115,99,1,8.0,1.0,11.0,-17.6,113.2,104.8,102.2,122.4,1.0,1.0,0,0,13.394865804477819,12.14296679342272,24.52718757891809,20.213441937832517,17.25691280767626,-26.303665901894085,4.450980392156863,5.606060606060606,10.88,10.808510638297872,5.973984642276314,5.094374582203272,0.46040000000000003,0.44720000000000004,0.357,0.376
21800673,2019-01-18,2018-19,ORL,BKN,115,117,0,4.0,6.0,-4.7,-0.8,104.4,112.4,109.1,113.2,1.0,1.0,0,0,13.994071815718158,14.119466627230603,28.717655901140414,26.778367833999447,-4.659581988974376,0.9947635163318392,14.25,18.448979591836736,10.958333333333334,12.0625,4.063554157810262,4.6842557223707,0.4488,0.45730000000000004,0.3392,0.35710000000000003
21800671,2019-01-18,2018-19,BOS,MEM,122,116,1,6.0,1.0,6.6,-9.8,112.4,98.0,105.8,107.8,1.0,1.0,0,0,13.773101895778685,15.021285641916341,28.320876240287,30.678326241134748,21.997446320680087,-12.663024074878177,22.390243902439025,14.9375,10.767441860465116,10.305555555555555,5.173177694082067,3.7898229744116607,0.48250000000000004,0.4466,0.3824,0.2995
21800672,2019-01-18,2018-19,DET,MIA,98,93,1,3.0,5.0,-5.4,-0.2,104.3,105.2,109.7,105.4,1.0,2.0,0,0,15.543697848045674,10.161976235146966,25.046786949202165,25.141871826678,-9.554619173097434,-3.7450525905540704,25.181818181818183,12.024390243902438,8.0,8.28888888888889,7.41407492494398,2.0271721022099918,0.43899999999999995,0.4664,0.3488,0.3482
21800674,2019-01-18,2018-19,MIN,SAS,113,116,0,5.0,7.0,-1.7,4.6,112.8,114.4,114.5,109.8,2.0,1.0,0,0,13.081402257872847,14.68687074829932,28.428812252964427,24.485462119734244,-3.436261333827193,10.97329136947981,16.886363636363637,19.78,7.146341463414634,12.03921568627451,4.2192931240681615,4.443004963340576,0.44700000000000006,0.49329999999999996,0.3394,0.4303
21800678,2019-01-19,2018-19,PHI,OKC,115,117,0,7.0,4.0,5.0,-1.6,118.8,118.1,113.8,119.7,1.0,1.0,0,0,13.988882377275234,21.08503785932093,30.804217803208115,31.489659529927707,17.232942420917347,33.06237151814164,19.62162162162162,26.434782608695652,6.568181818181818,15.27659574468085,7.860372715425274,7.288777579762027,0.4939,0.4444,0.3798,0.3428
21800683,2019-01-19,2018-19,ATL,BOS,105,113,0,4.0,6.0,-4.9,6.3,111.5,113.4,116.4,107.1,3.0,0.0,0,1,11.084237950499348,15.73015873015873,26.54301244441039,27.359876802033945,-19.83182587455786,17.284178519892805,8.191489361702128,22.761904761904763,14.185185185185185,11.512820512820513,4.193725958161408,4.853067866691616,0.46080000000000004,0.48369999999999996,0.358,0.3827
21800679,2019-01-19,2018-19,CHA,PHX,135,115,1,4.0,2.0,-4.7,-8.1,108.8,109.5,113.5,117.6,1.0,1.0,0,0,12.299319727891158,18.190489933347077,24.634016732673977,27.936171608542406,1.5895560633946502,-23.667526252925413,24.102040816326532,24.484848484848484,9.893617021276595,16.686274509803923,7.063271458631912,6.153165241230448,0.44559999999999994,0.46790000000000004,0.3504,0.3507
21800685,2019-01-19,2018-19,CHI,MIA,103,117,0,1.0,5.0,-13.9,-0.5,101.8,104.1,115.7,104.6,1.0,0.0,0,1,16.944444444444446,13.897279549718574,26.899671415913524,26.614209590319348,-34.604477101845525,-1.434321324565227,22.25,17.75,5.428571428571429,12.738095238095237,6.707404893588139,3.249268727935215,0.44800000000000006,0.46519999999999995,0.36679999999999996,0.3413
21800687,2019-01-19,2018-19,DEN,CLE,124,102,1,7.0,1.0,3.0,-16.8,114.7,105.3,111.7,122.1,1.0,0.0,0,1,11.69577598481253,10.47468502294535,26.692764050548373,25.127488696753392,12.173044989408126,-35.081243220692535,10.26530612244898,14.18,10.5,10.708333333333334,4.912407617243398,3.6240004248090574,0.47539999999999993,0.45030000000000003,0.36819999999999997,0.3701
21800680,2019-01-19,2018-19,DET,SAC,101,103,0,4.0,4.0,-4.7,-0.2,103.4,110.6,108.1,110.8,0.0,1.0,1,0,13.888522669010475,15.059259259259258,25.204543542103895,27.50828124889596,-7.053052627430315,-2.5575206757559696,25.333333333333332,19.333333333333332,7.645161290322581,15.424242424242424,7.863494962242979,3.6350762006367647,0.43929999999999997,0.4638,0.3624,0.4006
21800686,2019-01-19,2018-19,HOU,LAL,138,134,1,6.0,5.0,4.9,-1.3,119.5,107.4,114.6,108.7,2.0,1.0,0,0,17.13243909959914,15.042549019607842,30.32599267047301,25.961021895424835,13.642513139784187,1.6656372549019605,8.58695652173913,18.66,7.514285714285714,9.833333333333334,10.273633409904784,4.5433411545466695,0.44980000000000003,0.4423,0.3688,0.29219999999999996
21800681,2019-01-19,2018-19,IND,DAL,111,99,1,7.0,4.0,4.6,-1.2,117.3,105.7,112.7,106.9,1.0,2.0,0,0,15.94148936170213,13.97767425810904,27.840601498676136,29.77351636344948,15.60146310530322,3.2445937608526623,15.574468085106384,18.05,12.547619047619047,6.744186046511628,3.0410589379854125,5.38624580471906,0.5054000000000001,0.4307,0.3716,0.3407
21800682,2019-01-19,2018-19,ORL,MIL,108,118,0,3.0,8.0,-5.1,14.1,105.0,121.4,110.1,107.3,0.0,2.0,1,0,15.89984078737878,18.821699262124792,27.735289815216866,29.463449702700764,-4.856948016522485,41.97071628135458,14.285714285714286,26.227272727272727,2.923076923076923,8.0,5.786521518599861,6.152471476423921,0.45169999999999993,0.5039999999999999,0.3485,0.36469999999999997
21800684,2019-01-19,2018-19,TOR,MEM,119,90,1,8.0,1.0,3.2,-9.5,115.3,99.3,112.1,108.8,1.0,0.0,0,1,12.825814708167648,9.988648648648649,27.08634773979112,21.240492944559076,31.644350281983506,-14.1392194353302,13.58974358974359,10.6,9.73469387755102,9.625,3.3930953926410545,3.617875763798386,0.4734,0.4438,0.32689999999999997,0.31829999999999997
21800689,2019-01-20,2018-19,MIN,PHX,116,114,1,5.0,2.0,-1.7,-9.7,112.1,109.2,113.8,118.9,1.0,0.0,0,1,19.023646723646724,14.785637367074978,29.917028947031802,25.349396284793094,-7.503481597767313,-22.324228976223477,16.88888888888889,17.282608695652176,2.2222222222222223,9.653846153846153,6.974489532638077,7.860421665942418,0.44609999999999994,0.45890000000000003,0.3319,0.34609999999999996
21800688,2019-01-20,2018-19,IND,CHA,120,95,1,7.0,5.0,5.0,-2.3,115.5,109.7,110.5,112.0,0.0,0.0,1,1,13.593459738808576,14.313055555555556,29.65084494966402,26.199329495486786,16.39258611789295,4.757306806668509,19.16216216216216,24.04,7.425531914893617,7.809523809523809,4.246864981148119,6.960425097662816,0.49939999999999996,0.4479,0.3568,0.3556
21800699,2019-01-21,2018-19,PHI,HOU,121,93,1,7.0,6.0,8.2,4.9,120.8,122.5,112.6,117.6,1.0,1.0,0,0,12.421632653061224,17.166548463356975,25.909421539888683,29.611296629650365,22.67344465058751,14.27759580689312,3.0,9.311111111111112,7.204545454545454,8.51063829787234,8.953426025706518,10.356587119214954,0.5054000000000001,0.44860000000000005,0.39560000000000006,0.3708
21800694,2019-01-21,2018-19,MIL,DAL,116,106,1,8.0,3.0,13.7,-2.6,120.3,105.1,106.6,107.7,1.0,1.0,0,0,18.42626811594203,15.070643907969691,29.46517157809984,29.740392648708045,42.10114734299517,0.07456992765607684,26.2,7.510204081632653,7.833333333333333,6.642857142857143,6.187336249359869,5.351224162142816,0.5103000000000001,0.42699999999999994,0.3635,0.3291
21800693,2019-01-21,2018-19,WAS,DET,101,87,1,6.0,4.0,2.9,-2.6,115.1,103.7,112.2,106.3,3.0,1.0,0,0,14.205264714581483,13.971904398677855,27.55670509823691,25.762406769146185,-8.39856994672539,-7.265411509401318,7.0,25.608695652173914,11.145833333333334,4.790697674418604,6.077748180582694,7.901135986306372,0.46690000000000004,0.4452,0.3733,0.36050000000000004
21800700,2019-01-21,2018-19,UTA,POR,104,109,0,8.0,7.0,9.4,8.7,111.8,117.1,102.4,108.4,2.0,2.0,0,0,12.419620412267472,19.925379587732532,27.349578211412773,26.74713146407281,22.085407239819006,21.146059436907972,4.673076923076923,20.16,10.901960784313726,9.470588235294118,5.342256123142874,7.243572717331178,0.4574,0.4769000000000001,0.3477,0.3597
21800697,2019-01-21,2018-19,MEM,NOP,85,105,0,1.0,5.0,-11.2,4.7,98.2,121.4,109.4,116.7,1.0,2.0,0,0,13.217286914765907,13.85939393939394,30.651347072162203,24.646192828282828,-13.593805943430002,8.160148423005564,9.591836734693878,20.26,10.157894736842104,19.836734693877553,3.784337872909051,6.759081953124717,0.44000000000000006,0.5043,0.3288,0.3964
21800691,2019-01-21,2018-19,NYK,OKC,109,127,0,1.0,5.0,-11.8,-1.2,102.2,119.5,114.0,120.7,3.0,1.0,0,0,8.291383219954648,18.014464828484584,25.316498866213152,32.74161320705204,-26.325566893424035,26.47915490392694,8.46938775510204,12.448979591836734,9.475,3.5925925925925926,4.452650538312461,7.894483098049606,0.4053,0.4455,0.3518,0.3578
21800692,2019-01-21,2018-19,CLE,CHI,88,104,0,1.0,0.0,-18.7,-16.2,104.7,102.0,123.4,118.2,1.0,1.0,0,0,10.64954481792717,11.12,23.6399380428528,25.428013940857852,-36.886363498887924,-31.26063792627999,11.479166666666666,4.869565217391305,16.510204081632654,5.4186046511627906,4.233667978114506,7.260821113003259,0.4518,0.4405,0.3829,0.37479999999999997
21800701,2019-01-21,2018-19,LAL,GSW,111,130,0,4.0,9.0,-2.4,16.1,108.7,129.6,111.1,113.5,1.0,2.0,0,0,15.153968779506803,25.94205128205128,25.59184155657058,30.500600180995473,3.041696779177688,54.491221719457016,16.463414634146343,27.32,3.641025641025641,14.0,5.7267534425102875,9.872897795565102,0.4464,0.5182,0.2851,0.4271
21800696,2019-01-21,2018-19,BKN,SAC,123,94,1,7.0,5.0,0.7,0.7,115.4,109.5,114.7,108.8,2.0,1.0,0,0,12.456960486322188,13.646970499911676,25.64509280007038,27.361564778579485,2.403491448333215,0.14141290611878854,18.88,15.205882352941176,10.567567567567568,13.23076923076923,5.593382657967861,4.749035248787332,0.4629,0.4603,0.3836,0.4024
21800698,2019-01-21,2018-19,BOS,MIA,107,99,1,7.0,5.0,8.0,-1.5,113.6,104.0,105.6,105.5,1.0,1.0,0,0,14.099192506459948,11.9996567996568,28.373085863386137,25.621504604158833,20.636798112571622,5.797038241323249,7.770833333333333,17.933333333333334,12.066666666666666,8.285714285714286,5.1496451319969525,3.9318085600208197,0.4791,0.4694999999999999,0.38780000000000003,0.3496
21800695,2019-01-21,2018-19,ATL,ORL,103,122,0,3.0,3.0,-6.0,-3.6,110.9,105.8,116.9,109.4,1.0,1.0,0,0,12.763567937438905,14.000155038759692,25.400443250942608,27.77932085917313,-23.263640552995394,-8.92015503875969,9.18,14.22,14.0,6.85,3.741570592345502,4.7839532637412105,0.46040000000000003,0.4577,0.36029999999999995,0.3637
21800703,2019-01-22,2018-19,OKC,POR,123,114,1,5.0,7.0,-1.4,8.7,120.0,116.7,121.4,108.0,0.0,0.0,1,1,17.998224728487887,19.937963042014093,31.501492657536698,27.86554367891327,34.27091478696742,21.103438182239515,26.625,25.057692307692307,15.428571428571429,6.107142857142857,7.256672725855013,7.5574167127393554,0.45500000000000007,0.48360000000000003,0.3845,0.376
21800705,2019-01-22,2018-19,PHX,MIN,91,118,0,2.0,5.0,-7.6,-2.4,109.7,112.4,117.3,114.8,1.0,1.0,0,0,6.634905660377359,13.832651321398126,24.227214366576817,24.767506822234118,-21.22641615136621,-6.094721941354904,9.754716981132075,16.73913043478261,5.6,18.6,7.700333440718831,7.395937352624357,0.4619000000000001,0.4486,0.3423,0.3236
21800702,2019-01-22,2018-19,TOR,SAC,120,105,1,8.0,5.0,5.5,-1.7,117.7,108.1,112.2,109.8,2.0,0.0,0,1,12.781481481481483,11.45061496768814,27.072483099957573,25.013486729295657,34.28953309692671,-7.408441554610445,13.55,6.439024390243903,10.02,6.825,3.3757655142513494,5.024705444297297,0.48529999999999995,0.4638999999999999,0.3468,0.4091
21800715,2019-01-23,2018-19,UTA,DEN,114,108,1,8.0,7.0,9.5,4.5,110.6,115.6,101.1,111.1,1.0,3.0,0,0,15.844845630559917,11.600909090909092,29.40118435032876,27.218091451247165,22.91654700625754,13.94547928262214,21.26530612244898,6.0227272727272725,4.7924528301886795,10.14,5.349362375922863,5.1028577465459275,0.4537,0.48529999999999995,0.3408,0.3734
21800710,2019-01-23,2018-19,NYK,HOU,110,114,0,1.0,5.0,-12.2,0.9,103.6,120.5,115.8,119.6,1.0,1.0,0,0,13.833670374115266,19.479864381650096,26.173736932928882,30.459489099625358,-26.411334434881255,11.11251818588775,19.152173913043477,34.4375,9.317073170731707,7.783783783783784,3.8634063282316684,10.391634890100457,0.414,0.44029999999999997,0.35459999999999997,0.3531
21800714,2019-01-23,2018-19,NOP,DET,94,98,0,6.0,3.0,7.1,-4.7,121.5,102.3,114.4,107.0,1.0,1.0,0,0,16.641344537815126,14.652905351993498,24.918224633117614,26.10461073174369,9.815681123023921,-5.8021031123632385,20.274509803921568,25.680851063829788,16.941176470588236,4.7727272727272725,6.66391029228774,7.870265946248434,0.5124,0.44210000000000005,0.3989,0.3529
21800713,2019-01-23,2018-19,MEM,CHA,107,118,0,1.0,4.0,-12.5,-7.3,97.3,106.7,109.8,114.0,1.0,2.0,0,0,11.640256410256411,15.863562091503269,30.136422478632483,26.342560821067558,-14.277692307692307,3.0306099689623065,10.48076923076923,24.019607843137255,13.48076923076923,7.790697674418604,3.8301930629991214,6.900385557116806,0.43129999999999996,0.4387,0.3323,0.34409999999999996
21800711,2019-01-23,2018-19,PHI,SAS,122,120,1,7.0,6.0,10.4,2.1,121.0,111.3,110.6,109.2,1.0,2.0,0,0,17.122288915566227,16.54964221824687,28.324351665999735,28.91258880011315,28.33759780835411,8.047221646278249,26.755102040816325,20.71153846153846,8.307692307692308,9.09433962264151,8.031344577070115,5.236371566461233,0.506,0.4896000000000001,0.3842,0.4383
21800712,2019-01-23,2018-19,CHI,ATL,101,121,0,1.0,3.0,-14.0,-7.1,103.5,110.4,117.5,117.5,1.0,1.0,0,0,14.732950457395416,14.509395424836603,26.996232177730786,26.91298154017354,-32.3248755561429,-22.667867131567714,16.958333333333332,16.0,5.738095238095238,10.595744680851064,6.656878882241137,3.6429124196996474,0.4466,0.4625000000000001,0.3898,0.3497
21800708,2019-01-23,2018-19,BKN,ORL,114,110,1,8.0,3.0,5.0,-4.5,116.2,106.8,111.2,111.3,1.0,1.0,0,0,14.346598727210184,14.157159833630422,27.69243094791088,27.85554705821723,4.644940462014765,-4.088155716832187,19.11764705882353,7.863636363636363,5.4,15.583333333333334,4.785133986571152,4.129545629519812,0.4648,0.45030000000000003,0.3778,0.3593
21800707,2019-01-23,2018-19,BOS,CLE,123,103,1,7.0,1.0,7.5,-17.8,112.8,104.3,105.3,122.1,1.0,1.0,0,0,13.0652204144069,10.712265247979536,26.13667749300152,24.698155364779186,14.151416372901302,-36.70464816099368,15.823529411764707,11.408163265306122,7.73469387755102,16.42,3.2425259162888036,3.3718662292155517,0.46929999999999994,0.44209999999999994,0.38780000000000003,0.3632
21800706,2019-01-23,2018-19,IND,TOR,110,106,1,7.0,8.0,3.8,6.4,115.0,117.5,111.2,111.1,2.0,0.0,0,1,13.5210331714891,12.91112600625596,28.31256867277859,29.11014871483318,16.880974146589647,36.10112731781122,12.454545454545455,10.23913043478261,10.88888888888889,8.0,2.822969542646549,3.0647886321092286,0.48549999999999993,0.47440000000000004,0.38239999999999996,0.3518
21800719,2019-01-24,2018-19,LAL,MIN,105,120,0,4.0,6.0,-3.6,1.2,109.8,112.8,113.4,111.6,2.0,1.0,0,0,14.262006512006513,15.4382036403313,26.71527565434179,25.088355707843817,-0.3193465952398108,-2.1366447635444596,7.444444444444445,7.454545454545454,7.245283018867925,10.081632653061224,4.814678278118537,6.620364703394432,0.4548,0.44610000000000005,0.28419999999999995,0.32720000000000005
21800717,2019-01-24,2018-19,OKC,NOP,122,116,1,5.0,5.0,-1.2,5.8,121.6,118.6,122.8,112.8,1.0,0.0,0,1,21.192279783708354,10.508902223096596,31.60501746128147,23.764516222885113,33.99615342380244,4.874040057846761,26.816326530612244,7.260869565217392,15.38,5.433333333333334,7.290844731487154,6.097091570026675,0.46749999999999997,0.5069,0.40970000000000006,0.3702
21800718,2019-01-24,2018-19,PHX,POR,106,120,0,2.0,7.0,-9.8,8.0,106.1,117.2,115.9,109.2,1.0,1.0,0,0,14.870831238478297,12.80205438545171,25.40577359604811,24.050191900833283,-22.655045607986786,17.34655317846959,13.096153846153847,7.325581395348837,3.3333333333333335,14.851851851851851,7.4826996188538635,8.019657091210558,0.4591,0.4857,0.3305,0.37479999999999997
21800716,2019-01-24,2018-19,WAS,GSW,118,126,0,7.0,9.0,5.2,17.0,116.0,131.1,110.8,114.1,2.0,2.0,0,0,14.231097204839381,25.891503267973857,29.321726397400205,30.75706543728603,-6.766621473466637,58.50583566760037,24.06,27.176470588235293,8.825,11.0,5.99089208265349,10.293649801575784,0.47250000000000003,0.5192,0.3781,0.4223
21800729,2019-01-25,2018-19,UTA,MIN,106,102,1,8.0,7.0,7.5,4.0,110.3,114.6,102.8,110.6,1.0,0.0,0,1,15.953584905660378,14.610849056603774,27.613864342357125,22.15671801255174,21.479778203141613,1.1879616190936941,21.54,4.75,4.796296296296297,10.73076923076923,5.688260903514759,7.2493229751091715,0.4457,0.44160000000000005,0.34209999999999996,0.3271
21800720,2019-01-25,2018-19,ORL,WAS,91,95,0,3.0,6.0,-3.2,4.0,107.5,114.8,110.7,110.8,1.0,0.0,0,1,16.40825745682889,14.182433383609855,29.500406682365252,29.46224941050779,-4.6943223443223445,-7.211176746495973,15.46938775510204,11.22,7.0,8.951219512195122,4.361656766470997,5.901159903290493,0.4452999999999999,0.46720000000000006,0.35839999999999994,0.37870000000000004
21800727,2019-01-25,2018-19,MIL,CHA,108,99,1,8.0,5.0,12.4,-2.4,119.8,110.1,107.4,112.5,3.0,1.0,0,0,19.724549579313685,14.333076923076922,29.553392783200234,27.644885768992914,40.857494296373645,3.0865263308120445,26.304347826086957,9.038461538461538,5.769230769230769,4.548387096774194,6.758977832081154,6.886456859349904,0.497,0.4563,0.364,0.36530000000000007
21800725,2019-01-25,2018-19,MEM,SAC,96,99,0,1.0,5.0,-12.7,-2.8,98.0,107.3,110.7,110.1,1.0,2.0,0,0,14.466379948205699,15.30039886039886,25.531843572668542,27.259942882241216,-10.206329007655313,-3.682754535912431,19.764705882352942,16.692307692307693,8.14,8.763157894736842,5.031155339527854,4.037432672996594,0.433,0.45899999999999996,0.3405,0.40049999999999997
21800722,2019-01-25,2018-19,CLE,MIA,94,100,0,1.0,4.0,-17.2,-5.1,105.5,101.7,122.7,106.8,1.0,1.0,0,0,11.518853238265004,13.498080091697114,27.060037054899716,26.968572036327963,-37.6851903290638,-1.4731024969626794,11.68,17.76595744680851,6.891891891891892,7.833333333333333,3.24395643594607,3.640133386222603,0.4468,0.46610000000000007,0.3541,0.32470000000000004
21800728,2019-01-25,2018-19,DEN,PHX,132,95,1,6.0,2.0,3.5,-10.2,114.7,105.6,111.2,115.8,1.0,0.0,0,1,9.633986928104575,8.150305669173592,24.313220980392156,23.315606809144544,14.161823985408116,-23.44368200500276,11.0,7.3076923076923075,11.674418604651162,10.0,3.4633367742221113,7.375172510670272,0.48690000000000005,0.4468,0.3671,0.3173
21800726,2019-01-25,2018-19,DAL,DET,106,101,1,3.0,4.0,-4.6,-3.8,103.9,101.6,108.5,105.4,2.0,1.0,0,0,16.829194268264036,18.836984126984127,28.312200241681374,29.460346090967345,1.7053941532491297,-7.464054834054834,13.06060606060606,25.916666666666668,8.511111111111111,4.7555555555555555,5.116959229169681,7.457748533888525,0.4271,0.4349,0.31670000000000004,0.34219999999999995
21800721,2019-01-25,2018-19,BKN,NYK,109,99,1,8.0,1.0,4.9,-11.0,115.0,105.0,110.1,116.0,1.0,1.0,0,0,9.263856894108995,12.799123904881101,19.98277454606236,23.90320756532787,-0.2968971153402822,-22.988716956802065,8.756756756756756,19.19148936170213,9.18421052631579,10.886363636363637,3.720494290293463,4.950083291374824,0.46210000000000007,0.4226,0.35750000000000004,0.3494
21800724,2019-01-25,2018-19,HOU,TOR,121,119,1,5.0,8.0,1.2,7.8,118.4,117.4,117.2,109.6,1.0,1.0,0,0,18.879308390022675,18.401709401709404,28.702449557823133,30.760745334418665,4.877880415324024,38.956471219875475,34.97959183673469,26.53846153846154,7.7894736842105265,10.319148936170214,11.001490906175533,6.038552153693414,0.4359,0.4709,0.3392,0.3626
21800730,2019-01-26,2018-19,NOP,SAS,114,126,0,5.0,5.0,5.7,0.1,118.1,110.8,112.4,110.7,1.0,2.0,0,0,10.074897834970873,15.317767160168799,21.42940851999653,26.46999269368869,3.5099290514091512,7.026660006885888,5.838709677419355,11.87037037037037,7.553191489361702,5.521739130434782,6.028039908453119,4.898055149045337,0.5025,0.4915999999999999,0.3545,0.4383
21800731,2019-01-26,2018-19,MEM,IND,106,103,1,1.0,7.0,-11.0,3.4,98.8,114.4,109.8,111.0,0.0,2.0,1,0,14.496201329534664,13.28639455782313,26.622693494776826,27.35407581254724,-13.558160358160357,17.41246376811594,10.333333333333334,15.46,3.1904761904761907,10.891304347826088,6.759694256115442,3.1520588633463205,0.4377,0.479,0.3312,0.3712
21800734,2019-01-26,2018-19,POR,ATL,120,111,1,7.0,4.0,8.5,-3.5,118.2,112.7,109.7,116.2,1.0,2.0,0,0,13.733214314885474,16.157770007770008,25.514851086615955,26.948011517461516,19.084573238481596,-18.38414367164367,20.245283018867923,13.866666666666667,7.613636363636363,8.395833333333334,5.7393760786696815,4.150983893387468,0.4868,0.47040000000000004,0.3889,0.3549
21800732,2019-01-26,2018-19,BOS,GSW,111,115,0,7.0,9.0,7.4,15.5,113.7,130.5,106.3,115.0,2.0,1.0,0,0,16.83722781283757,25.84599749843652,28.45734463717854,30.81493332487394,23.07969509775815,48.30149051490515,23.045454545454547,27.057692307692307,12.170212765957446,13.0,5.159375882701514,10.07427428876041,0.47779999999999995,0.5212,0.3891,0.40730000000000005
21800733,2019-01-26,2018-19,DEN,PHI,126,110,1,6.0,7.0,5.9,10.1,115.6,120.0,109.7,109.9,0.0,2.0,1,0,11.7723238682318,10.687510079019512,25.68936764637572,25.213431594211762,16.36146427634599,18.473642676755215,6.086956521739131,15.98076923076923,7.923076923076923,7.0,4.714543839995944,5.075382712347663,0.4908,0.5024,0.3729,0.3856
21800735,2019-01-27,2018-19,CHI,CLE,101,104,0,1.0,1.0,-13.4,-14.3,103.7,105.1,117.1,119.4,1.0,1.0,0,0,14.982565011820332,9.852689793866263,24.91073365237779,24.94342067629271,-31.797983950215684,-33.4856655842724,17.0,12.019607843137255,13.695652173913043,5.4,6.664989413198945,3.3801062362813314,0.43660000000000004,0.4494000000000001,0.37129999999999996,0.35100000000000003
21800739,2019-01-27,2018-19,DAL,TOR,120,123,0,4.0,7.0,-2.0,6.9,105.2,117.0,107.2,110.1,1.0,1.0,0,0,15.224637681159422,14.783744420953722,30.486769635485285,30.844430560496164,-1.4336358270885126,38.29263131795461,19.764705882352942,13.720930232558139,7.596153846153846,10.270833333333334,4.415726005277526,6.061757657030277,0.4342,0.4680999999999999,0.3306,0.35629999999999995
21800737,2019-01-27,2018-19,HOU,ORL,103,98,1,6.0,3.0,2.3,-2.6,120.4,107.0,118.1,109.6,1.0,1.0,0,0,19.792791327913278,16.677987421383648,30.009978711091566,29.550002010112216,6.571337188328094,-4.770219884508356,8.666666666666666,15.6,7.717948717948718,8.043478260869565,10.543080312720015,4.1190237356631085,0.4346,0.45339999999999997,0.3267,0.3506
21800743,2019-01-27,2018-19,LAL,PHX,116,102,1,4.0,2.0,-4.4,-13.3,109.1,103.8,113.5,117.1,2.0,1.0,0,0,8.549500856518401,13.983076795762992,21.00823177374177,25.18190676946559,-1.1149211412369309,-26.280103654980373,7.842105263157895,7.245283018867925,7.2407407407407405,6.2682926829268295,3.6927185839808043,6.8592405423042315,0.4615,0.43709999999999993,0.2831,0.3006
21800740,2019-01-27,2018-19,MIN,UTA,111,125,0,6.0,8.0,1.9,7.4,112.8,109.9,110.9,102.5,1.0,1.0,0,0,14.865786770548675,15.992374727668846,25.814677815781334,29.514613198983294,-0.07285537775124895,23.14610566448802,16.959183673469386,21.58823529411765,4.0,10.75925925925926,7.236700716489255,4.070544264254227,0.43220000000000003,0.4375,0.3233,0.3413
21800741,2019-01-27,2018-19,NYK,MIA,97,106,0,1.0,4.0,-8.8,-5.1,105.2,100.2,114.0,105.3,1.0,1.0,0,0,11.872269203664553,12.598622090469917,23.82953451203189,25.94521695987238,-19.31394855144855,-3.9736696773007476,19.0,12.282608695652174,5.0285714285714285,12.673913043478262,4.804607508651733,3.6919810091857066,0.4279,0.46449999999999997,0.3283,0.33280000000000004
21800742,2019-01-27,2018-19,SAS,WAS,132,119,1,5.0,6.0,-0.7,2.8,112.6,112.9,113.3,110.1,0.0,1.0,1,0,13.671268237934905,14.39735197417138,26.082079590691496,27.621891864825272,10.848843524449995,-6.527682310844264,20.09259259259259,11.775510204081632,10.773584905660377,12.463414634146341,4.523119831200392,5.903883810033738,0.4939,0.46480000000000005,0.4523,0.39640000000000003
21800738,2019-01-27,2018-19,OKC,MIL,118,112,1,5.0,8.0,-0.8,10.1,122.7,116.2,123.5,106.1,2.0,1.0,0,0,20.369743589743592,19.67686170212766,32.71451319255907,29.58350412529551,34.42032428355958,42.25098264277716,26.74,26.46808510638298,6.113636363636363,7.552631578947368,7.217783086638831,6.338385366017041,0.4744,0.48810000000000003,0.4215,0.3484
21800746,2019-01-28,2018-19,BOS,BKN,112,104,1,6.0,8.0,4.9,5.0,113.2,115.0,108.3,110.0,1.0,2.0,0,0,9.59944197804908,9.618376068376067,26.18521667409102,19.247684866648022,16.39235741466398,1.250580127144179,8.830188679245284,10.65,11.904761904761905,19.09433962264151,3.125500250473788,4.754676708269937,0.4687,0.457,0.3891,0.34659999999999996
21800744,2019-01-28,2018-19,CHA,NYK,101,92,1,5.0,1.0,-2.0,-9.0,109.0,104.1,111.0,113.1,2.0,0.0,0,1,14.327537304229866,13.124591920443322,27.678869870514244,24.521463650427812,4.562273362175059,-23.58705741567572,10.03921568627451,8.660377358490566,10.020408163265307,4.115384615384615,6.0378630468777486,5.054628902748776,0.4487,0.42560000000000003,0.353,0.3145
21800745,2019-01-28,2018-19,IND,GSW,100,132,0,6.0,10.0,2.8,16.0,112.8,128.6,110.0,112.6,1.0,1.0,0,0,10.407491201608849,18.19148936170213,24.7733461511695,28.961794342171498,13.39018605313819,31.460827716840665,3.1538461538461537,21.830188679245282,5.7272727272727275,7.891304347826087,4.691508811041568,9.84156576858444,0.4694999999999999,0.5138,0.3724,0.40590000000000004
21800747,2019-01-28,2018-19,MEM,DEN,92,95,0,2.0,7.0,-8.8,8.7,99.9,116.9,108.7,108.2,1.0,1.0,0,0,15.051114922813037,15.18018093018093,30.483648656375074,26.186348524990034,-11.126586620926242,22.474833133323703,10.436363636363636,11.571428571428571,4.136363636363637,10.358490566037736,5.536428365235459,3.4609509204356503,0.44160000000000005,0.49460000000000004,0.33,0.3821
21800755,2019-01-29,2018-19,LAL,PHI,105,121,0,5.0,6.0,-0.8,7.9,112.1,120.4,112.9,112.5,1.0,2.0,0,0,11.165151515151514,20.40206579583938,23.38195886415172,30.979992864563435,1.3555658627087204,18.67262654985362,16.681818181818183,16.037735849056602,10.272727272727273,7.0638297872340425,4.257528865920193,7.847622156038088,0.47750000000000004,0.49720000000000003,0.30389999999999995,0.40140000000000003
21800751,2019-01-29,2018-19,ORL,OKC,117,126,0,3.0,6.0,-1.5,1.6,107.3,124.7,108.8,123.1,1.0,1.0,0,0,15.736020334059548,20.380206876430584,29.60979939668175,28.94025425896107,-4.445615780409272,21.476755773639415,15.745098039215685,12.584905660377359,8.02127659574468,4.169811320754717,4.13480195591988,8.998979278822786,0.4568,0.47800000000000004,0.3441,0.43149999999999994
21800754,2019-01-29,2018-19,SAS,PHX,126,124,1,5.0,1.0,-0.6,-15.1,113.9,102.5,114.5,117.6,1.0,1.0,0,0,14.045723905723905,14.017493877142998,26.15881008888052,25.330730829958178,13.578689691950562,-26.707252557097757,20.272727272727273,24.487179487179485,9.285714285714286,6.285714285714286,4.641581110895931,6.7944915493036255,0.4965,0.426,0.46440000000000003,0.2875
21800753,2019-01-29,2018-19,HOU,NOP,116,121,0,6.0,4.0,1.6,1.0,118.2,116.2,116.6,115.2,1.0,2.0,0,0,19.8042268189327,11.553626543209878,29.371214447317385,18.427898257797274,6.533902984270632,2.453534878863827,35.07843137254902,7.625,14.96875,4.619047619047619,10.47542123373066,6.614213961404372,0.4321,0.49140000000000006,0.3132,0.32849999999999996
21800749,2019-01-29,2018-19,CLE,WAS,116,113,1,2.0,6.0,-13.2,2.1,104.0,113.9,117.2,111.8,1.0,1.0,0,0,12.28305845098298,14.517153505706965,27.187855664584248,29.68902647965126,-39.27655879805182,-8.010468809463982,12.115384615384615,24.0188679245283,8.5,9.13953488372093,2.6627228376158536,5.810568688946792,0.43789999999999996,0.4668,0.3444,0.4077
21800752,2019-01-29,2018-19,BKN,CHI,122,117,1,7.0,1.0,2.5,-12.0,113.7,103.8,111.2,115.8,0.0,1.0,1,0,14.604465545826995,16.93514391708152,26.643124570845533,25.33547687498371,4.2852764140493225,-31.14460148043892,19.203703703703702,22.346938775510203,9.282051282051283,13.5,4.592707985157727,6.575639053887964,0.44430000000000003,0.4343,0.35,0.367
21800750,2019-01-29,2018-19,DET,MIL,105,115,0,4.0,8.0,-3.1,10.2,101.0,115.8,104.1,105.6,3.0,1.0,0,0,18.9283926904095,18.55641423235961,27.364369660204506,28.4550585003232,-8.697120380066922,38.383082078985446,26.102040816326532,26.479166666666668,8.529411764705882,6.134615384615385,7.261945107375172,7.4715408623136135,0.4267,0.4816,0.3457,0.3511
21800759,2019-01-30,2018-19,WAS,IND,107,89,1,5.0,6.0,0.0,1.2,113.6,112.3,113.6,111.1,0.0,1.0,1,0,12.879571395294667,13.617386797599565,20.146908497827944,28.36526110030701,-2.505695507664335,16.066227656365328,24.14814814814815,12.574468085106384,7.545454545454546,14.705882352941176,7.580158978332723,3.073271162085851,0.4715,0.4664,0.41400000000000003,0.38889999999999997
21800762,2019-01-30,2018-19,SAC,ATL,135,113,1,5.0,4.0,-5.1,-3.1,104.6,114.3,109.7,117.4,2.0,1.0,0,0,15.830931495405181,16.27905643738977,25.915219712792076,25.72806943121693,-3.3488365922576455,-19.341413308913307,15.236842105263158,16.24074074074074,9.826923076923077,10.307692307692308,4.7673818710814535,4.962073236092654,0.4462,0.47590000000000005,0.3741,0.3449
21800758,2019-01-30,2018-19,NYK,DAL,90,114,0,0.0,4.0,-10.6,-1.7,101.4,107.2,112.0,108.9,1.0,2.0,0,0,12.596952604778693,16.96949531949532,22.867933172487938,30.53794044038055,-22.782330397001996,-1.522202405136261,11.162162162162161,17.622222222222224,9.11111111111111,7.69811320754717,4.756038747130479,4.4562322144744675,0.4282,0.4399,0.3152,0.3322
21800763,2019-01-30,2018-19,POR,UTA,132,105,1,7.0,9.0,8.4,10.0,119.1,112.2,110.7,102.2,3.0,2.0,0,0,17.723456790123457,16.073892773892776,23.591753917378913,29.565306581513727,11.203567358567359,23.796046810332527,25.203703703703702,11.563636363636364,6.4,10.763636363636364,8.381748121082552,4.105073119228893,0.4897,0.44909999999999994,0.3901,0.34199999999999997
21800760,2019-01-30,2018-19,MIN,MEM,99,97,1,5.0,1.0,-1.7,-10.1,113.1,99.5,114.8,109.6,2.0,1.0,0,0,11.363280423280424,14.265432098765432,24.96470982424982,28.39452989417989,-5.247942427942428,-10.720502645502645,6.214285714285714,15.222222222222221,5.509090909090909,3.3333333333333335,7.223626081411235,6.434574684286409,0.43420000000000003,0.44539999999999996,0.33609999999999995,0.3339
21800757,2019-01-30,2018-19,MIA,CHI,89,105,0,5.0,1.0,-1.8,-11.3,102.6,104.3,104.4,115.6,2.0,0.0,0,1,12.692816133545618,7.58785817357246,26.44408720838114,24.69761240981241,-0.20622872645820609,-27.03331397381087,17.489795918367346,5.6938775510204085,8.941176470588236,5.565217391304348,3.5189793454037974,4.949476090580435,0.47529999999999994,0.43810000000000004,0.3545,0.3582
21800756,2019-01-30,2018-19,BOS,CHA,126,94,1,6.0,5.0,3.0,-1.7,110.9,107.2,107.9,108.9,1.0,1.0,0,0,9.776067407019788,14.228157644824313,26.300730999089097,27.56674440980951,16.50352064817181,5.0328640858052625,12.306122448979592,9.98076923076923,11.953488372093023,7.25,3.000746481295401,5.963370481319645,0.4569,0.4418,0.3778,0.3574
21800761,2019-01-30,2018-19,NOP,DEN,99,105,0,4.0,7.0,-0.4,8.6,116.9,116.1,117.3,107.5,0.0,1.0,1,0,10.10170068027211,14.729895452240994,18.93013436807095,26.234733107425814,2.977623544648097,23.129479143767615,1.95,10.24074074074074,4.744186046511628,12.133333333333333,6.501735459864283,3.4411233081194057,0.4868,0.4915,0.3222,0.371
21800764,2019-01-31,2018-19,DET,DAL,93,89,1,4.0,5.0,-2.8,1.7,101.5,108.9,104.3,107.2,1.0,0.0,0,1,18.96655103066868,10.646537842190016,29.898006887883355,19.827614515210264,-5.316260603532193,5.694380771632324,25.94,17.652173913043477,4.787234042553192,8.479166666666666,7.375125277991427,4.942249529510341,0.4286,0.4516,0.3463,0.345
21800768,2019-01-31,2018-19,GSW,PHI,104,113,0,10.0,6.0,18.8,7.8,129.1,119.3,110.3,111.5,2.0,1.0,0,0,20.73728767527217,20.86143232221664,27.199283968898964,30.202565559805873,39.273792384396536,20.454968521838666,28.46511627906977,16.09259259259259,15.2,6.472222222222222,10.731343050773791,7.7864982031000105,0.5174,0.4867,0.40309999999999996,0.3916
21800765,2019-01-31,2018-19,ORL,IND,107,100,1,3.0,5.0,-1.1,-1.4,109.7,108.9,110.8,110.3,1.0,0.0,0,1,16.80151515151515,11.759675858732464,29.10845978049728,28.326157091005246,-4.745003188635264,14.47895144995589,14.290909090909091,7.288461538461538,11.218181818181819,14.615384615384615,4.1569256989552565,3.0987398211928605,0.4601,0.4518999999999999,0.3388,0.3794
21800767,2019-01-31,2018-19,SAS,BKN,117,114,1,6.0,8.0,0.6,5.1,117.9,116.4,117.3,111.3,1.0,1.0,0,0,16.857741838873913,14.093589743589744,28.824991468622336,25.481119379386048,9.021658323019425,1.9902495652495653,20.428571428571427,19.4,9.340425531914894,9.128205128205128,5.1927286593139765,3.789346183901273,0.5074,0.4485,0.4678,0.3524
21800766,2019-01-31,2018-19,TOR,MIL,92,105,0,7.0,8.0,5.6,10.0,117.2,115.9,111.6,105.9,3.0,1.0,0,0,19.11753998034486,14.850654107796965,30.413689168264955,29.69723564102564,30.347464962447535,41.52827315541601,15.576923076923077,17.3,8.212121212121213,7.45,6.473259615557746,6.310024440157294,0.4609,0.48869999999999997,0.3548,0.3557
21800773,2019-02-01,2018-19,UTA,ATL,128,112,1,8.0,4.0,6.0,-5.0,112.1,115.5,106.1,120.5,1.0,1.0,0,0,15.26099730458221,11.604382055852644,29.5069480098832,26.70823192711428,22.053194070080863,-19.54110219845514,12.44,16.363636363636363,10.785714285714286,13.545454545454545,4.110290256572198,4.288304424755651,0.445,0.47409999999999997,0.33799999999999997,0.3427
21800772,2019-02-01,2018-19,MIA,OKC,102,118,0,5.0,7.0,-3.0,2.7,101.6,125.6,104.6,122.9,1.0,2.0,0,0,12.852094017094018,21.380180616029673,24.718941062548563,32.791941471933605,2.0763286713286715,33.83106872163476,17.38,27.115384615384617,13.227272727272727,6.311111111111111,3.5555982562154425,7.226674502996517,0.46770000000000006,0.4812,0.3573,0.4344
21800771,2019-02-01,2018-19,NYK,BOS,99,113,0,0.0,7.0,-12.0,7.8,100.3,113.6,112.3,105.8,1.0,1.0,0,0,8.229468599033817,15.27102396514161,22.635087176108915,28.586426865211497,-21.441744106186754,23.997070594961826,11.916666666666666,23.244444444444444,7.723404255319149,9.072727272727272,2.8482738988202865,5.5306438848545465,0.4288,0.4720999999999999,0.3079,0.3839
21800770,2019-02-01,2018-19,CHA,MEM,100,92,1,5.0,1.0,-3.0,-9.9,105.7,98.4,108.7,108.3,1.0,1.0,0,0,14.236134934248142,7.055357798683503,24.71265352152677,21.98845581803286,0.09906217343816208,-15.92702578800977,23.490909090909092,7.981481481481482,7.74468085106383,4.5,6.4885095314128,4.758002516101087,0.44559999999999994,0.43870000000000003,0.35350000000000004,0.329
21800774,2019-02-01,2018-19,DEN,HOU,136,122,1,7.0,6.0,7.1,1.8,114.5,118.9,107.4,117.1,1.0,2.0,0,0,9.083240568954855,17.239719400096757,25.078365502372595,30.421836102073378,18.59996715965561,6.400284786638451,10.709090909090909,35.11538461538461,11.875,8.25,4.284027455236328,10.39878491250688,0.4882000000000001,0.43410000000000004,0.3617,0.3096
21800776,2019-02-02,2018-19,CHA,CHI,125,118,1,6.0,2.0,0.9,-6.0,106.1,103.9,105.2,109.9,0.0,2.0,1,0,14.25705467372134,12.324014146772768,27.66051066936209,26.703111700179686,3.0508822501747033,-26.657706120353506,23.482142857142858,5.98,7.791666666666667,5.6938775510204085,6.194824110317919,6.491239304160694,0.4494000000000001,0.4445,0.3516,0.3553
21800780,2019-02-02,2018-19,CLE,DAL,98,111,0,3.0,4.0,-11.3,0.3,103.2,107.4,114.5,107.1,3.0,1.0,0,0,13.691137566137565,14.81640572728489,26.05857072028969,22.740302969478,-31.517460317460316,5.2087223094047665,10.62962962962963,17.851063829787233,7.15,6.46,3.4427857702917395,6.882434247960672,0.4438,0.44959999999999994,0.3418,0.3377
21800782,2019-02-02,2018-19,GSW,LAL,115,101,1,9.0,4.0,15.2,-4.4,127.3,112.9,112.1,117.3,1.0,1.0,0,0,25.79983164983165,14.563070316693505,30.938102434356693,25.831662737854003,40.025791209625794,0.29561827273497765,21.72222222222222,17.152173913043477,13.833333333333334,7.649122807017544,10.074086078409952,4.91725747896139,0.513,0.4702,0.40090000000000003,0.31420000000000003
21800781,2019-02-02,2018-19,MIA,IND,88,95,0,4.0,5.0,-6.2,0.6,100.3,108.1,106.5,107.5,0.0,1.0,1,0,12.91675412303286,12.682573599240266,25.46156151391374,28.430456101459022,0.9855538441791813,14.2530780091427,17.392156862745097,15.592592592592593,13.088888888888889,14.415094339622641,3.2548696844778306,3.1044126321376186,0.46440000000000003,0.45410000000000006,0.3417,0.36839999999999995
21800783,2019-02-02,2018-19,MIN,DEN,106,107,0,5.0,8.0,-1.7,9.4,111.1,118.8,112.8,109.4,2.0,0.0,0,1,15.522689075630252,13.889693149987266,26.59615060690943,25.00611280366692,-0.4407754010695187,17.193109243697478,22.285714285714285,10.553571428571429,18.0,8.071428571428571,6.309375501846608,4.524563086349345,0.4309,0.5118,0.3235,0.37459999999999993
21800777,2019-02-02,2018-19,ORL,BKN,102,89,1,3.0,7.0,-0.6,3.2,109.9,116.2,110.5,113.0,1.0,1.0,0,0,16.701931716082658,14.560406611086734,29.479690909382622,25.58211471260691,-4.73249761120381,-0.10144852008688288,15.641509433962264,19.5,14.055555555555555,9.452380952380953,4.078374587464452,3.745436195955687,0.46349999999999997,0.45039999999999997,0.3539,0.3515
21800785,2019-02-02,2018-19,SAC,PHI,115,108,1,6.0,7.0,-2.5,10.4,107.0,120.0,109.5,109.6,2.0,1.0,0,0,16.35176736767924,20.810780885780883,27.75246665357941,27.805079252414252,-3.612218148749778,10.114715284715285,19.42105263157895,16.272727272727273,15.256410256410257,3.4285714285714284,3.6885495730360174,8.904100428972855,0.4532,0.49030000000000007,0.3538,0.3944
21800779,2019-02-02,2018-19,SAS,NOP,113,108,1,6.0,3.0,0.2,-2.6,114.2,112.8,114.0,115.4,1.0,2.0,0,0,15.638456382525836,5.577777777777778,29.20720824680822,20.399628686868684,7.603827678759139,2.1548268398268395,11.913793103448276,5.976190476190476,10.875,7.235294117647059,4.825768957053473,6.339560430426894,0.4908,0.47359999999999997,0.42000000000000004,0.32249999999999995
21800786,2019-02-02,2018-19,UTA,HOU,98,125,0,8.0,5.0,5.8,-2.4,113.6,117.0,107.8,119.4,0.0,0.0,1,1,15.016569200779728,17.26077335196832,29.549528093108584,30.955577077301918,22.518858561775183,9.192852898735252,21.61111111111111,35.0188679245283,4.637931034482759,9.117647058823529,5.511286034042221,10.694085788613297,0.45830000000000004,0.43529999999999996,0.3366,0.3075
21800778,2019-02-02,2018-19,WAS,MIL,115,131,0,6.0,8.0,3.5,10.6,112.8,114.8,109.3,104.2,2.0,1.0,0,0,16.117482517482518,18.467216672832652,29.56346604321604,27.4399805211141,-7.262051837051837,37.78511189800868,11.961538461538462,26.22,8.977777777777778,6.222222222222222,5.906423314546555,7.528473133772688,0.4741000000000001,0.4897,0.4131,0.3629
21800784,2019-02-02,2018-19,PHX,ATL,112,118,0,1.0,4.0,-14.3,-5.0,105.5,116.7,119.8,121.7,3.0,0.0,0,1,14.21031870428422,14.597960597960599,26.726362299386437,27.185232902171567,-27.274834073972006,-17.410099671936116,24.825,18.83783783783784,13.267857142857142,10.634615384615385,6.9448383385394905,4.030594059826805,0.4431,0.47750000000000004,0.30429999999999996,0.356
21800788,2019-02-03,2018-19,BOS,OKC,134,129,1,8.0,8.0,9.4,5.0,114.6,122.7,105.2,117.7,1.0,1.0,0,0,16.639396754614147,21.294866169372533,28.601897398589063,31.74817862901291,25.291263470828685,35.3068375406262,23.23913043478261,27.41509433962264,10.52,15.592592592592593,5.325746173450009,7.333458750453302,0.47589999999999993,0.4787,0.394,0.4448
21800787,2019-02-03,2018-19,NYK,MEM,84,96,0,0.0,1.0,-10.7,-8.9,100.7,98.2,111.4,107.1,1.0,1.0,0,0,11.989141810570382,15.126716674130469,28.23989664733415,29.19621115379881,-13.273853130995986,-13.852425145936943,12.10204081632653,10.310344827586206,7.770833333333333,0.0,2.2855282773101555,6.80768263061367,0.4343,0.43179999999999996,0.31189999999999996,0.3145
21800795,2019-02-04,2018-19,SAC,SAS,127,112,1,6.0,7.0,-2.8,1.7,107.3,114.3,110.1,112.6,1.0,1.0,0,0,15.027709359605913,16.247627215551745,27.863779817883266,28.23544849965475,-1.9659090909090904,11.780075151067372,19.67241379310345,7.679245283018868,9.777777777777779,9.508474576271187,4.164847904859236,5.4750974528660254,0.44769999999999993,0.4928,0.34959999999999997,0.42679999999999996
21800791,2019-02-04,2018-19,WAS,ATL,129,137,0,5.0,4.0,0.2,-4.6,112.0,116.2,111.8,120.8,1.0,1.0,0,0,12.05745505368147,10.295809674161214,29.64438560979827,24.885511095833436,-7.098173965502664,-24.963904125549078,11.962264150943396,8.415094339622641,4.0,10.705882352941176,6.814674369204196,3.927214826769167,0.46630000000000005,0.47309999999999997,0.39530000000000004,0.3518
21800794,2019-02-04,2018-19,PHX,HOU,110,118,0,0.0,6.0,-15.8,1.0,106.5,118.6,122.3,117.6,1.0,1.0,0,0,10.50207262506549,17.35361757105943,28.519791172677948,28.899205993511647,-28.72911015092481,4.721939182062301,7.803571428571429,35.166666666666664,6.5,8.37037037037037,6.80431199308788,10.718876350539942,0.44869999999999993,0.43709999999999993,0.311,0.3222
21800790,2019-02-04,2018-19,DET,DEN,129,103,1,4.0,8.0,-2.9,9.2,99.8,117.9,102.7,108.7,1.0,1.0,0,0,12.285571266435712,10.0,25.070972700896714,22.307558160552897,-7.790102280941936,17.633502316397056,11.617021276595745,10.666666666666666,25.865384615384617,19.410714285714285,7.281640873489011,3.992236737828291,0.42300000000000004,0.5034000000000001,0.34199999999999997,0.3731
21800792,2019-02-04,2018-19,BKN,MIL,94,113,0,7.0,9.0,3.6,12.9,114.6,117.3,111.0,104.4,1.0,1.0,0,0,12.830185219145426,19.096929337772846,21.182541880384626,27.885201375613452,0.2504070597780483,45.97193798184244,19.56140350877193,26.431372549019606,11.321428571428571,12.037037037037036,4.831369018291807,6.651168694550209,0.4447,0.49429999999999996,0.3411,0.374
21800793,2019-02-04,2018-19,NOP,IND,107,109,0,3.0,5.0,-2.7,-0.2,113.0,105.5,115.7,105.7,1.0,1.0,0,0,10.586609125308817,12.827329902801601,19.52261600728049,28.536808387014798,0.358594628867296,15.243203100184234,20.526315789473685,12.754716981132075,6.4186046511627906,14.277777777777779,6.24963882219965,3.140048137076003,0.47240000000000004,0.4447,0.3303,0.35140000000000005
21800800,2019-02-05,2018-19,PHI,TOR,107,119,0,7.0,6.0,9.9,4.1,118.7,115.9,108.8,111.8,2.0,1.0,0,0,20.93724114127934,18.433354123971608,28.279313859820206,30.412939453293564,11.530887049517895,36.54040303638162,16.375,13.755555555555556,6.529411764705882,9.875,8.213765518997793,5.990327069443765,0.4827,0.45439999999999997,0.3823,0.34530000000000005
21800802,2019-02-05,2018-19,OKC,ORL,132,122,1,7.0,3.0,3.5,0.0,123.4,108.5,119.9,108.5,1.0,2.0,0,0,21.3641975308642,16.730344379467187,31.832928896786164,29.527725198180633,33.97825954581273,-3.2182101718943823,27.59259259259259,15.62962962962963,15.6,13.927272727272728,7.354944883932324,4.086169826552088,0.4814,0.45890000000000003,0.437,0.3534
21800799,2019-02-05,2018-19,NYK,DET,92,105,0,0.0,5.0,-10.4,0.3,98.5,103.3,108.9,103.0,1.0,0.0,0,1,9.819884169884169,18.143969834614488,26.488620920674236,29.572269052546055,-13.357519086872188,-5.767413386547681,13.08108108108108,25.69811320754717,5.230769230769231,4.5,3.963528977182903,7.510744992500759,0.42780000000000007,0.4386,0.306,0.3546
21800803,2019-02-05,2018-19,POR,MIA,108,118,0,7.0,3.0,9.9,-7.3,119.9,97.9,110.0,105.2,5.0,2.0,0,0,17.87193675889328,14.055641025641025,24.620149022077488,27.75648458937198,16.94160605823854,-2.597210543080108,20.563636363636363,12.14,14.875,7.571428571428571,7.889352115554708,3.2170687636756443,0.4864,0.4567,0.39780000000000004,0.32330000000000003
21800798,2019-02-05,2018-19,IND,LAL,136,94,1,5.0,4.0,-3.4,-4.0,103.3,113.5,106.7,117.5,0.0,2.0,1,0,12.16751700680272,17.069063940479296,24.252728782936174,28.167377735929932,10.964000805000362,0.4335829109697493,15.839285714285714,25.82051282051282,12.862745098039216,10.293103448275861,3.3856862228660614,7.142000301948428,0.43810000000000004,0.4781000000000001,0.3391,0.3216
21800797,2019-02-05,2018-19,CLE,BOS,96,103,0,3.0,9.0,-9.8,10.6,101.7,117.8,111.5,107.2,2.0,1.0,0,0,11.096179183135705,10.925039872408293,22.805298985276103,26.392619411914268,-23.97731491112498,16.44961142639834,14.0,15.649122807017545,6.416666666666667,12.5,4.784915797967503,2.733837119785089,0.4389,0.49450000000000005,0.3319,0.4016
21800801,2019-02-05,2018-19,MEM,MIN,108,106,1,2.0,5.0,-6.7,-1.4,97.7,110.2,104.4,111.6,1.0,2.0,0,0,14.635300993571013,15.692673189383717,22.07090346698456,26.68999260188781,-5.575267951845976,-0.14728075215691308,10.457627118644067,7.5625,4.3,5.176470588235294,7.286548153227825,6.753239402955854,0.43359999999999993,0.43200000000000005,0.3168,0.3142
21800804,2019-02-06,2018-19,BKN,DEN,135,130,1,6.0,8.0,1.0,9.7,113.1,117.1,112.1,107.4,1.0,1.0,0,0,14.476926351638994,16.215674412535737,25.683170491206187,26.28038876433816,1.123777656740979,16.19424780941275,19.53448275862069,19.350877192982455,5.095238095238095,6.269230769230769,4.715144606472978,5.2491960419321115,0.43410000000000004,0.5023000000000001,0.3188,0.364
21800805,2019-02-06,2018-19,CHI,NOP,120,125,0,2.0,2.0,-5.9,-3.3,105.5,111.6,111.4,114.9,3.0,1.0,0,0,17.069444444444443,14.561381074168798,25.720205008169934,23.10824005725895,-25.347598039215686,3.120951402126991,17.5,3.4782608695652173,6.0,4.760869565217392,7.092496165092501,7.487133002117418,0.45519999999999994,0.47189999999999993,0.36479999999999996,0.32199999999999995
21800807,2019-02-06,2018-19,DAL,CHA,99,93,1,4.0,6.0,1.2,0.6,106.6,109.6,105.4,109.0,3.0,0.0,0,1,11.576499118165785,15.91201671891327,21.814620276480962,28.693049888042992,0.12478291316526757,4.999421555456038,20.25925925925926,23.862068965517242,18.764705882352942,4.7,6.3236258121330176,6.596353425977073,0.4518,0.4561,0.3445,0.3617
21800810,2019-02-06,2018-19,GSW,SAS,141,102,1,9.0,7.0,12.9,1.7,124.2,116.2,111.3,114.5,3.0,1.0,0,0,25.693338143338142,5.65260608689366,30.94015467365967,13.678344101234796,39.00342838448102,7.563789833145722,21.836363636363636,3.3773584905660377,6.824561403508772,5.0,10.801269211562195,3.4105761486192248,0.5027,0.4894,0.38709999999999994,0.4199
21800806,2019-02-06,2018-19,MIL,WAS,148,129,1,9.0,4.0,12.9,-1.3,115.3,113.6,102.4,114.9,1.0,1.0,0,0,19.684204160619256,14.628878230057902,28.787167897817596,27.85539581825273,44.15589203428168,-10.404507386097917,26.5,24.210526315789473,11.963636363636363,6.368421052631579,6.311003261186058,6.48195014221937,0.48360000000000003,0.46699999999999997,0.36290000000000006,0.3724
21800809,2019-02-06,2018-19,SAC,HOU,101,127,0,6.0,6.0,-2.0,0.0,109.6,119.2,111.6,119.2,1.0,1.0,0,0,17.107429245568103,17.73607503607504,27.42443624492937,28.669705286694438,-0.4187806046589187,8.665517030139672,19.64406779661017,8.357142857142858,6.74468085106383,8.363636363636363,4.703321668758001,10.582455253664724,0.4619,0.4425,0.35239999999999994,0.3164
21800808,2019-02-06,2018-19,UTA,PHX,116,88,1,7.0,0.0,2.3,-13.2,112.4,107.8,110.1,121.0,3.0,1.0,0,0,16.144096133751304,8.103672799885894,27.8984973876698,25.327464515066907,18.747611097260425,-23.100406586038034,11.724137931034482,7.7894736842105265,10.724137931034482,7.833333333333333,5.561231624140042,4.00825990768406,0.4511,0.46020000000000005,0.3278,0.3094
21800816,2019-02-07,2018-19,POR,SAS,127,118,1,6.0,6.0,5.8,-2.6,118.0,115.9,112.2,118.5,1.0,0.0,0,1,20.23955722639933,18.48347457627119,27.726901653513217,27.60598052904907,15.466118754332644,11.327049829858943,25.178571428571427,20.52542372881356,9.228070175438596,7.818181818181818,6.744183709796537,5.538391814402191,0.47570000000000007,0.48319999999999996,0.3988,0.4141
21800812,2019-02-07,2018-19,ORL,MIN,122,112,1,3.0,4.0,-0.5,-2.0,109.2,109.8,109.7,111.8,1.0,1.0,0,0,16.787460815047023,15.607044025157231,29.265509786066985,26.78750456784926,-3.829934669792682,-7.1620855267049155,14.379310344827585,22.5,11.327586206896552,9.763636363636364,4.050458196047123,6.450591161569801,0.4556000000000001,0.4338,0.3472,0.317
21800813,2019-02-07,2018-19,ATL,TOR,101,119,0,5.0,6.0,-1.9,5.1,118.5,113.8,120.4,108.7,2.0,1.0,0,0,16.430592396109635,13.077197059879447,27.251432070968427,29.24172835217462,-17.458651190206925,31.023154398640177,13.5,15.186440677966102,10.711538461538462,7.108695652173913,4.067623003317695,3.4388395701553542,0.483,0.45339999999999997,0.3702,0.3447
21800814,2019-02-07,2018-19,BOS,LAL,128,129,0,9.0,4.0,10.4,-7.6,116.4,113.4,106.0,121.0,1.0,1.0,0,0,16.570851440073742,16.895833333333336,28.269306122021597,29.082049281221924,21.876387089011157,-2.4412682549834774,15.810344827586206,17.104166666666668,14.716981132075471,10.152542372881356,4.5962847947961265,6.613066726028087,0.49329999999999996,0.4852,0.38949999999999996,0.32
21800815,2019-02-07,2018-19,OKC,MEM,117,95,1,8.0,3.0,6.1,-5.9,124.0,96.9,117.9,102.8,1.0,1.0,0,0,21.61878306878307,8.592278719397363,30.819776827168937,20.051744981289893,26.671789321789323,-2.3403912323180833,21.377777777777776,1.6,4.105263157894737,20.087719298245613,8.976015879259403,6.909695073642282,0.4857,0.4309,0.45220000000000005,0.31520000000000004
21800820,2019-02-08,2018-19,BKN,CHI,106,125,0,6.0,2.0,1.2,-5.7,112.1,107.5,110.9,113.2,1.0,1.0,0,0,14.747716203531516,17.571699572050203,26.830413803267856,27.833744057251767,-0.16207020253479798,-22.3294599482414,19.661016949152543,17.903225806451612,8.96774193548387,5.823529411764706,4.719372127946436,6.565574647428636,0.4333,0.46449999999999997,0.3303,0.3802
21800821,2019-02-08,2018-19,DAL,MIL,107,122,0,5.0,9.0,2.3,11.0,105.1,117.7,102.8,106.7,1.0,1.0,0,0,16.623659673659674,16.02666920780128,25.486502144931087,26.69151196670206,-3.392553311350303,34.51543739279588,18.634615384615383,26.81132075471698,6.816326530612245,7.613636363636363,6.10195639469511,7.543829551053245,0.45039999999999997,0.49380000000000007,0.333,0.38260000000000005
21800817,2019-02-08,2018-19,DET,NYK,120,103,1,5.0,0.0,1.1,-11.4,101.8,97.2,100.7,108.6,2.0,2.0,0,0,16.87051066217733,11.15638887133801,27.680669512586178,25.56904442244734,-3.294608550490903,-17.450099337980806,17.12727272727273,12.176470588235293,2.764705882352941,9.10204081632653,8.19053086587653,2.0014861266827175,0.43760000000000004,0.4248,0.3499,0.30100000000000005
21800823,2019-02-08,2018-19,NOP,MIN,122,117,1,3.0,4.0,-2.1,1.2,110.1,110.3,112.2,109.1,1.0,0.0,0,1,9.706915895339984,15.620390490446988,25.524220658671275,25.004618496487346,7.198385114995761,-5.419300006498935,3.8333333333333335,17.09259259259259,19.923076923076923,9.892857142857142,10.08042456704488,6.701652004318598,0.4768,0.44139999999999996,0.3135,0.32070000000000004
21800818,2019-02-08,2018-19,PHI,DEN,117,110,1,6.0,7.0,8.4,6.2,118.6,116.6,110.2,110.4,2.0,1.0,0,0,21.008632692843218,12.597892220773575,26.021940267335005,26.219357738014956,13.64146477304372,13.688508389392759,19.476190476190474,11.5,0.0,9.68421052631579,11.095422359284244,4.523698804742682,0.481,0.5007,0.3815,0.3511
21800822,2019-02-08,2018-19,PHX,GSW,107,117,0,0.0,9.0,-15.8,16.3,105.7,126.4,121.5,110.1,1.0,1.0,0,0,12.592765173653541,25.627497184991466,26.867190108734953,30.63482563201482,-25.17848900164671,42.80584325263287,7.810344827586207,21.910714285714285,6.391304347826087,5.803921568627451,3.693758958005091,9.831130468105998,0.46399999999999997,0.5151,0.297,0.392
21800824,2019-02-08,2018-19,SAC,MIA,102,96,1,5.0,4.0,-5.4,-2.5,108.2,101.1,113.6,103.6,1.0,2.0,0,0,17.377664399092968,12.455411095255712,29.957398099929627,26.63581996794436,-3.0520856918479535,0.3938933662585873,17.6734693877551,17.339622641509433,13.108695652173912,9.25,2.6854618372257604,3.3336203786098797,0.4554,0.469,0.3472,0.3316
21800819,2019-02-08,2018-19,WAS,CLE,119,106,1,4.0,2.0,-3.0,-11.1,112.7,101.2,115.7,112.3,1.0,2.0,0,0,14.698312169031047,8.775421863536318,29.016215830850467,21.76416634192782,-18.912113754978805,-21.700382236985316,24.310344827586206,14.224137931034482,13.909090909090908,5.82051282051282,5.527740628065912,5.067499993482569,0.4734,0.43789999999999996,0.3751,0.3211
21800825,2019-02-09,2018-19,UTA,SAS,125,105,1,7.0,5.0,4.5,-3.8,114.0,116.1,109.5,119.9,2.0,1.0,0,0,16.164043583535108,16.352715121136175,27.958288947137323,27.345939179265365,22.08244628199857,5.3373847577787625,21.678571428571427,20.87719298245614,11.677966101694915,5.086206896551724,5.45000063362921,6.543949912432681,0.46230000000000004,0.4859,0.3347,0.42540000000000006
21800833,2019-02-09,2018-19,MIL,ORL,83,103,0,9.0,4.0,11.5,0.7,118.8,109.9,107.3,109.2,0.0,1.0,1,0,13.016602224935559,12.839658223132801,24.51572451525083,29.3038694137288,40.70002731186942,-3.6486093448626895,17.24074074074074,14.440677966101696,15.38888888888889,2.909090909090909,4.917954587522759,6.135489392627957,0.501,0.4598000000000001,0.37510000000000004,0.35100000000000003
21800831,2019-02-09,2018-19,MEM,NOP,99,90,1,3.0,4.0,-5.2,0.0,97.4,111.1,102.6,111.1,1.0,0.0,0,1,11.67675493905002,17.600180475799835,23.072317946060593,25.72472648436788,-9.515376643330288,7.1963398960896905,20.0,4.44,0.0,4.979166666666667,7.26311362683978,10.202736641001508,0.43260000000000004,0.47529999999999994,0.3099,0.3115
21800828,2019-02-09,2018-19,NYK,TOR,99,104,0,0.0,7.0,-13.0,7.8,97.5,114.9,110.5,107.1,0.0,1.0,1,0,10.14102564102564,18.557951859015688,24.80224899378399,30.848752054689008,-17.766194342380782,37.4699731288198,12.076923076923077,13.872340425531915,8.288135593220339,10.528301886792454,3.3798024870989085,5.946415045805713,0.42489999999999994,0.4548,0.2914,0.3531
21800832,2019-02-09,2018-19,HOU,OKC,112,117,0,7.0,9.0,2.9,9.3,117.7,122.9,114.8,113.6,2.0,1.0,0,0,19.54681843497633,21.311853002070393,30.751525896289913,31.82439925062979,7.921603116164342,36.239407887356,35.339285714285715,27.785714285714285,8.744186046511627,15.68421052631579,10.256354617928306,7.315192962912227,0.4446,0.4941,0.3227,0.45010000000000006
21800830,2019-02-09,2018-19,CHI,WAS,125,134,0,3.0,4.0,-0.8,-1.8,109.5,114.5,110.3,116.3,0.0,0.0,1,1,15.548618162640407,16.728244103667834,27.95073623008517,28.947652275580662,-20.143886259765925,-16.650033629270915,22.50943396226415,13.755555555555556,5.9423076923076925,5.5,6.604150526636196,6.606529067780682,0.4713,0.47990000000000005,0.39449999999999996,0.3835
21800827,2019-02-09,2018-19,ATL,CHA,120,129,0,4.0,5.0,-5.3,-1.9,114.4,107.5,119.7,109.4,1.0,2.0,0,0,14.732806882383153,16.214264474746187,27.32302665396522,27.83209043775107,-20.710448275702515,5.478510111209255,18.975,23.966101694915253,13.088888888888889,9.439024390243903,3.8673195479113938,6.086814308235289,0.46580000000000005,0.45170000000000005,0.3673,0.35710000000000003
21800826,2019-02-09,2018-19,IND,CLE,105,90,1,6.0,2.0,4.4,-10.7,107.8,100.6,103.4,111.3,1.0,0.0,0,1,13.014778325123153,13.202813707998809,27.884177293089046,20.675127516241808,18.862205326262956,-21.706930391196675,10.051724137931034,8.729166666666666,13.11320754716981,6.884615384615385,3.1517718634319496,5.558191868250581,0.4619,0.42799999999999994,0.3716,0.32110000000000005
21800837,2019-02-10,2018-19,ATL,ORL,108,124,0,4.0,5.0,-5.4,3.7,115.9,109.4,121.3,105.7,0.0,0.0,1,1,10.397222222222222,14.35314465408805,25.39158734030197,29.583841713560634,-21.72770187664283,-1.8459279297789037,8.696428571428571,14.316666666666666,13.473684210526315,14.46551724137931,5.009823326241766,4.000584098664401,0.4758,0.4593,0.38039999999999996,0.3442
21800834,2019-02-10,2018-19,DAL,POR,102,101,1,5.0,7.0,1.2,7.0,105.7,119.4,104.5,112.4,1.0,2.0,0,0,15.523054342101185,18.076754385964914,24.864549109749497,26.7424049900662,-1.4283826063331602,12.097725342405564,20.232142857142858,25.157894736842106,6.78,9.258620689655173,6.204960319254091,7.702778681360492,0.44880000000000003,0.4840000000000001,0.3388,0.39899999999999997
21800838,2019-02-10,2018-19,GSW,MIA,120,118,1,9.0,4.0,14.2,-2.6,123.9,101.4,109.7,104.0,1.0,1.0,0,0,25.554212628661407,13.028858024691358,30.738508476321265,26.190058967575634,38.788931150414975,0.8599104599104601,21.964912280701753,8.2,6.830508474576271,9.160714285714286,9.486135280815123,3.6367647770785485,0.5056999999999999,0.46159999999999995,0.3727,0.3304
21800835,2019-02-10,2018-19,PHI,LAL,143,120,1,6.0,4.0,4.9,-8.2,115.4,115.6,110.5,123.8,1.0,2.0,0,0,20.929287259118855,20.367038385743687,32.54154180214333,30.292880737558182,20.121199970839104,-1.2944767066718286,26.89090909090909,16.979591836734695,2.0,10.962962962962964,8.207844753195523,5.938295600156903,0.47119999999999995,0.49040000000000006,0.3782,0.3429
21800836,2019-02-10,2018-19,SAC,PHX,117,104,1,6.0,0.0,-2.9,-14.8,108.9,104.9,111.8,119.7,1.0,1.0,0,0,15.670979685058299,14.65668202764977,28.567161636379193,28.60344497031945,-2.351690126690038,-26.66268218386316,16.559322033898304,24.857142857142858,19.704918032786885,13.633333333333333,2.7434049555951168,6.046833548546623,0.45220000000000005,0.45779999999999993,0.3485,0.2831
21800842,2019-02-11,2018-19,TOR,BKN,127,125,1,7.0,5.0,8.1,-0.9,114.2,111.0,106.1,111.9,1.0,2.0,0,0,18.47096235579842,14.118353174603174,30.85709054270138,27.812797735865086,33.029055285152644,-5.727839911126379,15.39344262295082,19.716666666666665,15.172413793103448,9.282608695652174,5.338947552422579,4.30301010920183,0.44320000000000004,0.42939999999999995,0.3681,0.32070000000000004
21800846,2019-02-11,2018-19,OKC,POR,120,111,1,9.0,7.0,9.6,7.7,122.9,118.8,113.3,111.1,1.0,0.0,0,1,21.35871593878313,18.401519579193454,27.49002927780444,28.13170111761829,26.54938117019921,22.097114707952148,28.087719298245613,20.82758620689655,4.101694915254237,5.942857142857143,10.06610597799173,7.703653975441324,0.49490000000000006,0.49260000000000004,0.44959999999999994,0.3977
21800841,2019-02-11,2018-19,IND,CHA,99,90,1,6.0,5.0,3.4,-3.0,106.3,106.9,102.9,109.9,1.0,1.0,0,0,12.005941564520215,16.124185463659146,29.256989349236243,28.808945271224037,15.526631531097372,6.166951862414657,12.701754385964913,24.183333333333334,14.224137931034482,7.596153846153846,2.029327565041275,6.151591054966557,0.4685,0.45170000000000005,0.3543,0.3552
21800844,2019-02-11,2018-19,HOU,DAL,120,104,1,6.0,6.0,2.0,2.5,115.1,106.0,113.1,103.5,1.0,0.0,0,1,17.853196208913086,12.315963397460713,30.88086071255455,24.559782031515272,7.106279182716187,-0.6188965194599736,8.10344827586207,7.88135593220339,8.613636363636363,6.7407407407407405,10.303342499608076,6.251739820825073,0.44560000000000005,0.44820000000000004,0.3215,0.3469
21800843,2019-02-11,2018-19,CHI,MIL,99,112,0,3.0,8.0,-0.3,8.5,111.7,115.3,112.0,106.8,1.0,1.0,0,0,17.840347923681254,19.78092031425365,28.055770622177146,29.577791103818992,-20.750927287248043,45.09984478786657,18.363636363636363,26.85185185185185,6.296296296296297,6.155555555555556,6.548938398360662,6.795970700368426,0.48250000000000004,0.47829999999999995,0.3762,0.3522
21800847,2019-02-11,2018-19,DEN,MIA,103,87,1,6.0,3.0,3.3,-4.2,115.2,101.5,111.9,105.7,2.0,0.0,0,1,16.398439601829434,13.034026586620925,26.664067169455997,25.293208470755218,14.670253704295918,-1.2820847757718234,19.576271186440678,12.150943396226415,11.516666666666667,13.408163265306122,4.412064906682121,3.7276344528414604,0.4934,0.45030000000000003,0.3337,0.3317
21800839,2019-02-11,2018-19,CLE,NYK,107,104,1,2.0,0.0,-10.6,-11.7,99.7,96.5,110.3,108.2,1.0,1.0,0,0,10.053010833963215,10.535656883298392,22.828651872035607,24.626106439053608,-24.676656641537093,-17.373845638884486,14.466666666666667,12.226415094339623,3.25,9.019607843137255,5.181593814804399,3.413568235741023,0.4309,0.42160000000000003,0.33630000000000004,0.30100000000000005
21800840,2019-02-11,2018-19,DET,WAS,121,112,1,5.0,4.0,2.3,-2.3,104.0,117.8,101.7,120.1,2.0,1.0,0,0,19.221441862231334,17.22046783625731,27.094677143798293,27.221977964978684,-2.3747571427289014,-17.197129853577096,25.763636363636362,24.433333333333334,8.31578947368421,13.891304347826088,7.841015004375677,6.577679747417606,0.44370000000000004,0.49219999999999997,0.3538,0.3931
21800849,2019-02-12,2018-19,PHI,BOS,109,112,0,6.0,7.0,4.8,7.8,117.7,116.9,112.9,109.1,1.0,2.0,0,0,20.907861912099204,14.12831374974232,32.13529856372441,26.84606451638126,14.526297026481256,17.42779021744539,27.071428571428573,11.959183673469388,6.608695652173913,10.555555555555555,6.582952268520261,3.024563760820846,0.476,0.4891,0.3753,0.384
21800850,2019-02-12,2018-19,MEM,SAS,107,108,0,4.0,5.0,-2.3,-5.0,98.8,117.1,101.1,122.1,2.0,2.0,0,0,8.515332536837912,18.60021540178159,23.066358911935026,28.611412346095403,-11.375056597643464,5.299072674203715,8.0,20.913793103448278,12.823529411764707,7.771929824561403,3.242928624500528,5.313810908641908,0.4383,0.48439999999999994,0.31179999999999997,0.41509999999999997
21800851,2019-02-12,2018-19,NOP,ORL,88,118,0,3.0,5.0,-2.9,3.4,109.6,109.6,112.5,106.2,2.0,1.0,0,0,5.823758609472896,12.888417812951447,22.32323312993102,26.46071473924327,6.14206266077311,3.04863926350642,4.653846153846154,14.360655737704919,28.27659574468085,11.245901639344263,9.499413913706377,5.961280707309087,0.46210000000000007,0.4561,0.29510000000000003,0.3414
21800848,2019-02-12,2018-19,ATL,LAL,117,113,1,4.0,3.0,-5.1,-11.5,116.4,113.8,121.5,125.3,1.0,1.0,0,0,16.31134530314858,18.617701149425287,25.5843240259022,30.908445536608987,-21.634565904266168,-2.0006811654522227,16.672131147540984,25.5,10.304347826086957,10.19672131147541,4.787683906493065,6.518164860749185,0.4768,0.4915000000000001,0.391,0.3324
21800852,2019-02-12,2018-19,GSW,UTA,115,108,1,9.0,7.0,13.7,4.5,121.2,113.6,107.5,109.1,1.0,2.0,0,0,20.535159402744146,16.469720597790772,30.882287858209718,27.236235104229912,37.10813401969159,23.15639599910523,26.864406779661017,21.70175438596491,5.75,11.766666666666667,9.829680405257536,5.408815420501231,0.5114,0.4633,0.3598,0.34040000000000004
21800857,2019-02-13,2018-19,TOR,WAS,129,120,1,7.0,4.0,5.4,-2.4,115.0,117.2,109.6,119.6,1.0,1.0,0,0,12.132982225148124,16.71215168778824,26.202456508258585,29.678264314694758,29.6742074600012,-16.491094188538387,6.959183673469388,24.557377049180328,9.833333333333334,9.372549019607844,3.7497337797135093,5.283500006180204,0.44860000000000005,0.49589999999999995,0.3499,0.3933
21800862,2019-02-13,2018-19,POR,GSW,129,107,1,6.0,9.0,5.1,12.6,117.0,121.5,111.9,108.9,1.0,0.0,0,1,18.117966101694915,25.622012759906223,27.851586728702785,30.436005864434215,15.018870056497173,35.52498047948545,25.338983050847457,26.883333333333333,9.2,6.614035087719298,6.730110832239891,10.561005212030583,0.4812,0.512,0.38039999999999996,0.36719999999999997
21800856,2019-02-13,2018-19,NYK,PHI,111,126,0,0.0,6.0,-11.6,4.7,95.9,117.1,107.5,112.4,1.0,0.0,0,1,7.14403600900225,20.607407407407408,21.156107904438585,32.44355701754385,-13.592958032086715,23.271929824561404,9.0,15.333333333333334,7.5,3.0,2.8879090437971784,7.829815210998707,0.42160000000000003,0.4779,0.2912,0.3742
21800854,2019-02-13,2018-19,IND,MIL,97,106,0,6.0,8.0,3.9,8.8,105.2,114.9,101.3,106.1,1.0,1.0,0,0,13.795706558485463,18.64906816347494,29.303889692052373,27.33145636885222,15.103656637193957,44.998658223716674,12.672413793103448,26.89090909090909,14.135593220338983,15.844827586206897,2.0022168052611153,6.782307839440698,0.47639999999999993,0.4796,0.3517,0.3463
21800861,2019-02-13,2018-19,MIN,HOU,121,111,1,4.0,7.0,1.8,6.4,112.1,117.8,110.3,111.4,1.0,1.0,0,0,13.632318501170962,22.097562512603346,24.699373045950416,30.964384024210386,0.8064481208946773,14.111024016792419,12.0,35.37931034482759,17.863636363636363,9.821428571428571,6.422917554493813,10.103175923258332,0.4572000000000001,0.4563,0.34500000000000003,0.3336
21800859,2019-02-13,2018-19,DAL,MIA,101,112,0,6.0,3.0,1.9,-5.0,105.8,100.3,103.9,105.3,1.0,1.0,0,0,15.572396377568792,13.052845212158937,25.07760507372576,25.8106945232165,-1.6216149112700842,-2.488362450786386,20.379310344827587,17.660714285714285,6.865384615384615,8.963636363636363,6.189315687992325,3.7612155880645424,0.4547,0.44989999999999997,0.348,0.3276
21800853,2019-02-13,2018-19,CLE,BKN,139,148,0,3.0,4.0,-8.1,-4.0,100.2,111.2,108.3,115.2,1.0,1.0,0,0,12.269192941601943,14.727850902689815,22.665667957549537,27.154753218497454,-25.466284622111242,-3.517731720301801,16.440677966101696,13.543859649122806,3.761904761904762,16.65,5.028663506941937,3.914246721597006,0.4223,0.43170000000000003,0.3336,0.33240000000000003
21800858,2019-02-13,2018-19,CHI,MEM,122,110,1,2.0,4.0,-3.2,-1.3,111.2,98.8,114.4,100.1,1.0,0.0,0,1,17.920062570482738,13.728445747800587,26.799170165181486,24.711607626650416,-17.153278426787175,-2.527754735102536,18.41176470588235,20.5,6.254545454545455,13.114285714285714,7.255863306750047,6.155915492288886,0.47359999999999997,0.44079999999999997,0.35829999999999995,0.3161
21800855,2019-02-13,2018-19,BOS,DET,118,110,1,7.0,6.0,7.3,3.4,117.4,106.0,110.1,102.6,0.0,1.0,1,0,11.64055503633164,17.15121136173768,27.12173846385901,27.627431067999357,17.987707678539856,-4.437203752085786,10.836363636363636,25.857142857142858,14.553571428571429,4.526315789473684,2.773045483814325,7.868103729477705,0.48629999999999995,0.4516,0.3888,0.36100000000000004
21800860,2019-02-13,2018-19,DEN,SAC,120,118,1,7.0,6.0,5.5,-1.8,114.7,110.3,109.2,112.1,1.0,2.0,0,0,16.31324354657688,17.878747628083488,27.49550924913985,29.30984183749257,18.52514213169951,-1.404153010177678,19.633333333333333,17.392156862745097,10.950819672131148,12.693548387096774,3.8731647410028276,2.647308955612286,0.48840000000000006,0.4525,0.3473,0.3375
21800865,2019-02-14,2018-19,ATL,NYK,91,106,0,4.0,0.0,-6.7,-12.1,116.0,97.1,122.7,109.2,1.0,0.0,0,1,14.324910394265233,10.47157224958949,27.244501105462536,19.678348652473005,-22.236389572448136,-13.194401216599491,16.758064516129032,13.714285714285714,10.344827586206897,12.181818181818182,3.488584564049563,4.118596227675514,0.47029999999999994,0.4191,0.39160000000000006,0.2964
21800866,2019-02-14,2018-19,NOP,OKC,131,122,1,3.0,9.0,-5.5,8.7,109.0,122.2,114.5,113.5,1.0,2.0,0,0,16.085057952799886,18.756803583502364,23.8549310878682,28.206563967771018,0.6619371620644959,23.693307495411958,19.70909090909091,28.413793103448278,4.222222222222222,4.892857142857143,7.343877778724334,9.641775246556403,0.4542,0.48839999999999995,0.30229999999999996,0.4436
21800864,2019-02-14,2018-19,ORL,CHA,127,89,1,6.0,5.0,6.8,-1.4,110.4,106.4,103.6,107.8,1.0,2.0,0,0,13.02282088241629,14.402846613292667,26.56243411065273,27.00200758635109,5.439638594805352,5.010467117152199,15.711864406779661,9.651162790697674,11.096774193548388,7.0,5.981557669350848,6.268464445426558,0.45760000000000006,0.44370000000000004,0.3496,0.33840000000000003
21800870,2019-02-21,2018-19,MIL,BOS,98,97,1,8.0,7.0,8.8,6.1,114.7,116.9,105.9,110.8,7.0,7.0,0,0,18.107017543859648,17.170283167030252,29.6462569881625,28.820498227168628,43.772214965379554,22.416695812450616,27.0,23.20408163265306,7.479166666666667,12.578947368421053,6.506211499152869,5.020309670123919,0.4776999999999999,0.4851,0.3559,0.3818
21800868,2019-02-21,2018-19,PHI,MIA,106,102,1,6.0,4.0,3.4,-2.7,117.6,101.6,114.2,104.3,7.0,7.0,0,0,17.781242575433595,13.65198945075106,28.625281142215776,26.34875307865169,10.554429240297884,-0.48123994008708293,16.24590163934426,17.596491228070175,6.541666666666667,8.928571428571429,5.84980066319964,3.3402235969540937,0.48279999999999995,0.4572,0.3742,0.33899999999999997
21800872,2019-02-21,2018-19,LAL,HOU,111,106,1,3.0,6.0,-11.5,5.0,111.7,117.5,123.2,112.5,8.0,7.0,0,0,20.471191077929006,22.123374338870708,30.39972545653861,33.74431621019551,-2.098581140976741,11.516140087589532,17.058823529411764,15.673469387755102,11.053571428571429,8.431034482758621,5.942737188744248,10.002680998226992,0.4826,0.45600000000000007,0.3404,0.3444
21800871,2019-02-21,2018-19,GSW,SAC,125,123,1,8.0,6.0,8.5,0.9,119.2,112.7,110.7,111.8,7.0,7.0,0,0,25.604626593806923,15.736319496272657,30.933477464905785,29.345650205740135,36.031865703118406,-1.5207611670140937,21.866666666666667,13.244897959183673,13.909090909090908,12.619047619047619,9.802560119912624,2.6988120713281085,0.5012000000000001,0.4558000000000001,0.35819999999999996,0.3319
21800867,2019-02-21,2018-19,CLE,PHX,111,98,1,3.0,0.0,-7.4,-15.9,105.3,105.5,112.7,121.4,7.0,7.0,0,0,12.011841373890709,18.338633835574882,25.816841176790035,28.47035544491775,-32.301772673878936,-28.077071042640142,12.345454545454546,13.758064516129032,15.857142857142858,7.967213114754099,3.9316101991191656,5.9690712192827355,0.43170000000000003,0.45709999999999995,0.3543,0.2806
21800869,2019-02-21,2018-19,BKN,POR,99,113,0,4.0,6.0,-3.5,5.7,114.6,117.1,118.1,111.4,7.0,7.0,0,0,14.5494667277367,18.415300546448087,25.74654608132755,28.806989467336187,-0.03473861006318313,21.48206234199484,9.794117647058824,25.4,11.37704918032787,8.490196078431373,4.750173610456188,7.635022998754075,0.42990000000000006,0.4808,0.3411,0.3912
21800877,2019-02-22,2018-19,ATL,DET,122,125,0,4.0,6.0,-7.3,4.0,114.0,108.3,121.3,104.3,7.0,8.0,0,0,16.11772486772487,13.53184550223319,27.250133778992005,27.5588911921447,-22.640103191050308,-2.7645247307802294,16.746031746031747,17.655172413793103,10.271186440677965,4.564102564102564,3.3823798887882144,8.464826672166932,0.4609,0.4542,0.3815,0.3611
21800873,2019-02-22,2018-19,CHA,WAS,123,110,1,4.0,3.0,-6.3,-3.7,103.5,119.7,109.8,123.4,7.0,8.0,0,0,14.513082437275985,16.43408712694984,27.13884201694363,29.23661875013071,4.18785724936627,-15.924228877794608,9.209677419354838,24.612903225806452,14.830508474576272,13.770833333333334,6.23620359161127,5.62884661341629,0.42560000000000003,0.49560000000000004,0.31129999999999997,0.3727
21800880,2019-02-22,2018-19,DAL,DEN,104,114,0,5.0,7.0,0.0,2.0,105.3,113.5,105.3,111.5,8.0,8.0,0,0,11.055755011562312,16.28607969765154,19.85031887359298,27.608296999253497,-4.995585834930097,17.103213990671065,6.849056603773585,17.70909090909091,6.346938775510204,8.451612903225806,5.340972323102381,4.276886039930173,0.4464,0.48390000000000005,0.3474,0.33140000000000003
21800874,2019-02-22,2018-19,IND,NOP,126,111,1,6.0,4.0,3.3,-4.0,104.6,110.5,101.3,114.5,8.0,7.0,0,0,13.018586121975952,6.833616780045351,28.693584045544462,19.676617334615006,16.126878192660353,2.5593882480528443,12.576271186440678,4.714285714285714,7.366666666666666,20.58730158730159,3.100395713522671,7.503812614520457,0.47519999999999996,0.4600000000000001,0.3554,0.3207
21800878,2019-02-22,2018-19,NYK,MIN,104,115,0,1.0,4.0,-9.7,0.1,98.0,112.4,107.7,112.3,7.0,8.0,0,0,10.815782590500104,13.320554854981085,25.831418164697823,26.379798012066864,-23.391581268699912,2.0996457187343545,12.125,17.2,8.079365079365079,10.11864406779661,1.9012478096339724,4.384680832894582,0.42140000000000005,0.46790000000000004,0.3082,0.3593
21800881,2019-02-22,2018-19,OKC,UTA,148,147,1,8.0,6.0,6.9,2.2,122.1,112.9,115.2,110.7,7.0,9.0,0,0,21.525077827741267,16.17090635010364,32.82517721466144,29.630970250269797,34.57126915415719,22.921989824759752,28.406779661016948,11.655737704918034,6.615384615384615,10.819672131147541,7.5474437562150545,4.116402687805153,0.48500000000000004,0.4586,0.41850000000000004,0.3438
21800875,2019-02-22,2018-19,ORL,CHI,109,110,0,7.0,3.0,11.0,0.0,114.0,113.3,103.0,113.3,7.0,8.0,0,0,13.02037037037037,18.061190476190475,29.504254100529103,28.308279333814333,3.3383489461358318,-18.668679653679654,14.444444444444445,13.18,14.442622950819672,6.25,3.8867356763869614,6.465159034546574,0.46460000000000007,0.4856000000000001,0.372,0.36750000000000005
21800876,2019-02-22,2018-19,TOR,SAS,120,117,1,7.0,6.0,4.8,-4.7,115.9,115.9,111.1,120.6,8.0,9.0,0,0,18.652744421440072,17.334882449425915,30.898848130146064,26.588155710224953,30.76288117376367,6.258431272506174,14.02,20.76271186440678,10.607142857142858,11.828125,5.826897184656042,5.5563500956641425,0.4524,0.46900000000000003,0.35200000000000004,0.42889999999999995
21800886,2019-02-23,2018-19,WAS,IND,112,119,0,3.0,7.0,-3.7,8.0,118.8,107.2,122.5,99.2,0.0,0.0,1,1,15.091474654377878,11.82989788327585,28.004063596701275,28.69766577432326,-14.833989383945909,13.164634864252717,24.952380952380953,12.566037735849056,12.225806451612904,2.6666666666666665,6.05686828265485,4.758487356260161,0.49400000000000005,0.47990000000000005,0.3592,0.3592
21800893,2019-02-23,2018-19,UTA,DAL,125,109,1,6.0,4.0,2.6,-1.5,117.2,105.1,114.6,106.6,0.0,0.0,1,1,13.214861751152073,11.73867801223489,29.849409083808478,20.659471010635905,22.292450988049676,-7.819100843506617,12.660714285714286,8.910714285714286,11.03225806451613,6.492063492063492,4.17684009621955,4.853802103214189,0.4685,0.4412,0.36760000000000004,0.33290000000000003
21800882,2019-02-23,2018-19,PHI,POR,115,130,0,6.0,6.0,3.6,6.6,116.0,117.5,112.4,110.9,1.0,1.0,0,0,17.79792236194642,18.081862126944095,29.64975037050824,28.22193344655521,22.32515849842374,24.70283468607246,16.322580645161292,20.60655737704918,9.4,6.192982456140351,6.2511869408957175,7.537150990529834,0.4774,0.47459999999999997,0.3539,0.3687
21800890,2019-02-23,2018-19,OKC,SAC,116,119,0,8.0,6.0,6.4,2.2,124.7,114.5,118.3,112.3,0.0,1.0,1,0,19.17343815513627,16.618172043010755,32.23982044025157,29.27529144197606,34.50650250506342,-1.577543861970415,28.683333333333334,13.54,15.59322033898305,14.826086956521738,7.658388351462303,2.6452686385369284,0.4821,0.45410000000000006,0.41559999999999997,0.32889999999999997
21800887,2019-02-23,2018-19,NOP,LAL,128,115,1,4.0,4.0,-4.3,-9.1,110.2,111.7,114.5,120.8,0.0,1.0,1,0,11.45942327082073,18.6975912975913,24.056578779108253,29.711371123321122,1.369412974433836,0.38722943722943737,19.859649122807017,25.636363636363637,6.28,17.25,7.395218504238225,6.866643231312002,0.4593,0.4768,0.32439999999999997,0.3421
21800891,2019-02-23,2018-19,MIL,MIN,140,128,1,9.0,4.0,9.5,-0.3,113.3,111.9,103.8,112.2,1.0,0.0,0,1,18.65198893219482,11.053004535147394,29.71299229402411,23.932122185727962,44.590950755209114,-1.0712026886490924,27.05263157894737,17.196428571428573,6.4375,17.782608695652176,6.798942700585942,5.506406746035007,0.4768,0.47190000000000004,0.3513,0.37479999999999997
21800892,2019-02-23,2018-19,GSW,HOU,112,118,0,8.0,5.0,7.9,4.3,119.1,116.0,111.2,111.7,1.0,1.0,0,0,25.64146818607577,10.569102528480133,29.591526003232833,29.178482930194285,34.852534998369755,7.060121698613792,26.983870967741936,7.934426229508197,6.911111111111111,16.91304347826087,9.779517560082152,3.9941096488402508,0.4901000000000001,0.45640000000000003,0.3645,0.352
21800885,2019-02-23,2018-19,CLE,MEM,112,107,1,4.0,3.0,-4.1,-3.1,106.1,100.2,110.2,103.3,1.0,0.0,0,1,11.428283873936047,13.295537340619306,23.63523416619612,23.574518191583763,-26.684498472541947,-4.407300723435322,12.464285714285714,7.0,9.076923076923077,5.303030303030303,4.128464671728264,5.5468235121429466,0.43740000000000007,0.4345,0.3471,0.3176
21800889,2019-02-23,2018-19,CHI,BOS,126,116,1,4.0,7.0,0.6,6.4,114.2,115.5,113.6,109.1,0.0,1.0,1,0,15.502923976608189,17.223308913308912,24.73964254385965,28.931838982795778,-20.508929982614195,23.510108606298544,22.50877192982456,23.18,11.135135135135135,10.964285714285714,7.19506843131207,5.174995819399365,0.4908,0.4819,0.38029999999999997,0.37929999999999997
21800884,2019-02-23,2018-19,CHA,BKN,115,117,0,5.0,3.0,-4.1,-5.9,105.9,113.6,110.0,119.5,0.0,1.0,1,0,14.600659207216586,15.043927783129533,26.84784672513814,28.034471383608423,5.357794503792576,-3.971316979166702,24.158730158730158,20.015873015873016,7.363636363636363,10.0,6.208643844307189,3.83143586516197,0.4335,0.4285,0.3251,0.33320000000000005
21800883,2019-02-23,2018-19,ATL,PHX,120,112,1,3.0,0.0,-8.1,-15.8,113.9,104.7,122.0,120.5,0.0,1.0,1,0,14.327867063492064,16.2167515224119,27.33061490173847,29.080057113241004,-26.265632763975155,-27.37913637576099,16.953125,24.68888888888889,5.804347826086956,3.6666666666666665,4.608515336107458,7.379613433663103,0.45919999999999994,0.4579,0.3997,0.2777
21800888,2019-02-23,2018-19,MIA,DET,96,119,0,3.0,6.0,-3.7,3.9,101.8,111.0,105.5,107.1,1.0,0.0,0,1,13.49791504623628,17.205975594637195,25.084291892141934,26.709925877080906,-0.8488191632928473,-1.5611824178159652,17.517241379310345,25.775862068965516,9.183333333333334,14.933333333333334,3.586906065931043,7.118402861699155,0.45830000000000004,0.4622,0.3272,0.36529999999999996
21800896,2019-02-24,2018-19,NYK,SAS,130,118,1,1.0,5.0,-9.9,-6.2,99.2,115.0,109.1,121.2,1.0,1.0,0,0,8.628711563855875,14.17948717948718,22.965603447630507,26.969096390367145,-20.305724850184877,7.675686964494128,9.4,9.953846153846154,10.491228070175438,8.067796610169491,3.631596922850874,4.5049534946380545,0.4244,0.4657,0.3157,0.4154999999999999
21800894,2019-02-24,2018-19,TOR,ORL,98,113,0,8.0,7.0,5.5,11.4,117.3,115.1,111.8,103.7,1.0,1.0,0,0,13.332931425258275,14.564510233918128,28.2177821335389,29.24899663016915,27.41141245035825,3.019413432278475,15.96875,14.5625,14.868852459016393,11.09375,3.4989325349261597,3.9008534467601144,0.4537000000000001,0.475,0.3679,0.3846
21800905,2019-02-25,2018-19,MIN,SAC,112,105,1,4.0,6.0,-1.1,2.2,114.5,116.5,115.6,114.3,1.0,1.0,0,0,15.286949632144877,15.799460524950723,25.162506286010725,29.452500516128133,3.8950230242731054,-3.0193366708385483,5.86,13.647058823529411,17.893617021276597,8.0,7.183832992433831,4.067699386458395,0.47870000000000007,0.4588,0.3902,0.3293
21800906,2019-02-25,2018-19,NOP,PHI,110,111,0,4.0,6.0,-3.5,3.7,110.9,116.5,114.4,112.8,1.0,1.0,0,0,16.81290893015031,18.770833333333332,28.57271281461833,30.120925529100532,7.304314765694076,15.140674603174602,20.584615384615386,19.0,12.057692307692308,8.5,8.200930617279091,5.842215586382142,0.4603,0.48389999999999994,0.3329,0.35250000000000004
21800904,2019-02-25,2018-19,MEM,LAL,110,105,1,3.0,4.0,-3.3,-8.9,101.7,112.7,105.0,121.6,1.0,1.0,0,0,15.164125122189638,18.253668763102727,25.99427771631118,29.95718269612659,-12.312019810999068,-2.0385304971302887,10.318181818181818,25.666666666666668,13.405405405405405,10.125,5.334387860466592,6.018945886497948,0.434,0.48050000000000004,0.3095,0.348
21800903,2019-02-25,2018-19,HOU,ATL,119,111,1,5.0,4.0,4.4,-5.1,117.5,114.6,113.1,119.7,1.0,1.0,0,0,22.569590036325895,15.529007803790412,33.79280131758916,26.70413956587317,10.347013977353093,-20.77078628106761,35.4,17.046153846153846,10.814814814814815,8.59322033898305,9.586583166595648,4.381257364400775,0.4524,0.45630000000000004,0.3559,0.4013
21800901,2019-02-25,2018-19,MIA,PHX,121,124,0,2.0,0.0,-6.9,-12.9,100.8,106.4,107.7,119.3,1.0,1.0,0,0,12.474516069278502,14.327313856299362,25.732929191640427,29.173805205697413,-1.442313962492248,-29.52368398006985,9.180327868852459,7.857142857142857,13.7,11.106060606060606,2.902223754076584,6.008420363743753,0.4546,0.45990000000000003,0.31579999999999997,0.2895
21800898,2019-02-25,2018-19,CLE,POR,110,123,0,5.0,7.0,-3.0,9.0,107.9,119.1,110.9,110.1,1.0,1.0,0,0,14.590419260516882,18.315241508789896,27.52254712748885,28.828579089369413,-27.4828814949627,18.753090483505233,12.43859649122807,25.06451612903226,7.446808510638298,14.224489795918368,4.128293719542197,6.91572700840767,0.4382,0.4788,0.3519,0.36260000000000003
21800902,2019-02-25,2018-19,CHI,MIL,106,117,0,5.0,9.0,1.9,9.7,116.7,115.8,114.8,106.1,1.0,1.0,0,0,16.346884997520206,11.742673158200768,24.860324149239986,26.552210231350887,-16.495788350261154,36.36471280424798,22.844827586206897,6.023809523809524,2.967741935483871,6.571428571428571,8.231162647027858,4.819865037432345,0.49989999999999996,0.47540000000000004,0.38570000000000004,0.3549
21800897,2019-02-25,2018-19,CHA,GSW,110,121,0,4.0,7.0,-5.2,6.9,107.3,118.8,112.5,111.9,1.0,1.0,0,0,14.520153985507244,25.6223298803944,28.957345475732687,31.161990152217008,5.163597446715563,32.7618590697132,24.28125,21.774193548387096,7.048387096774194,5.9818181818181815,6.238143818033498,9.780551670188043,0.4373,0.49219999999999997,0.327,0.367
21800900,2019-02-25,2018-19,BKN,SAS,101,85,1,4.0,4.0,-4.9,-8.7,114.9,113.6,119.8,122.3,1.0,0.0,0,1,14.994930555555555,17.652521630236794,28.09060941065677,28.003281071472923,-3.8728834541062804,4.967805824639841,20.328125,20.140625,9.805555555555555,10.953125,3.924209397453685,5.575412126638135,0.4366,0.45339999999999997,0.3345,0.3934
21800899,2019-02-25,2018-19,DET,IND,113,109,1,7.0,8.0,6.7,10.5,112.8,110.2,106.1,99.7,1.0,1.0,0,0,15.965274414850688,13.128747795414462,27.675313955873683,29.37774743762107,-1.6687103187910406,14.894362463241363,17.7,16.428571428571427,8.244444444444444,14.17741935483871,7.789340318542954,1.996888106442184,0.4734999999999999,0.49720000000000003,0.3761,0.3742
21800910,2019-02-26,2018-19,DEN,OKC,121,112,1,7.0,7.0,3.8,5.5,115.1,124.5,111.3,119.0,1.0,2.0,0,0,16.121871345029238,21.245365905925212,27.64254106899849,32.962788862102215,22.472758719849086,33.703351905425194,19.666666666666668,28.442622950819672,14.297297297297296,6.777777777777778,3.524314983283428,7.634307890522828,0.4814,0.4734,0.34900000000000003,0.396
21800908,2019-02-26,2018-19,NYK,ORL,108,103,1,2.0,8.0,-6.3,13.8,103.2,114.7,109.5,100.9,1.0,1.0,0,0,7.997004537245055,16.756410256410255,18.36819642097644,29.543029500014256,-20.650549699820807,5.876944468212544,4.428571428571429,14.507692307692308,13.8,5.038461538461538,4.703271096438673,5.345305683619029,0.4344,0.4781000000000001,0.3358,0.3894
21800909,2019-02-26,2018-19,TOR,BOS,118,95,1,8.0,6.0,4.2,4.6,115.2,115.9,111.0,111.3,1.0,2.0,0,0,18.697517730496454,17.941728633543814,30.06323932110419,28.99104070339743,20.448602479527263,22.738165679261723,14.173076923076923,23.45098039215686,15.40983606557377,10.859649122807017,5.206190735072219,5.277937315862141,0.4471,0.48580000000000007,0.3683,0.38130000000000003
21800915,2019-02-27,2018-19,MIA,GSW,126,125,1,2.0,7.0,-5.6,4.8,104.0,117.7,109.6,112.9,1.0,1.0,0,0,12.568804403481822,25.532192148347807,26.40575687546225,31.07047583585962,-1.9925243215565795,31.526894206710296,17.416666666666668,26.90625,10.714285714285714,3.2222222222222223,3.311455114846659,11.287770453831032,0.4659,0.48860000000000003,0.3182,0.3592
21800916,2019-02-27,2018-19,MEM,CHI,107,109,0,4.0,5.0,-2.6,1.3,103.0,115.6,105.6,114.3,1.0,1.0,0,0,15.174524204374952,16.44911152808966,26.305348759543968,28.49446151578537,-9.502685797891303,-18.012042818911688,15.333333333333334,7.413793103448276,7.169491525423729,6.389830508474576,5.389191912494846,6.499321892220355,0.4367,0.49450000000000005,0.3084,0.3882
21800921,2019-02-27,2018-19,LAL,NOP,125,119,1,3.0,4.0,-10.8,-3.0,111.6,112.0,122.4,115.0,1.0,1.0,0,0,17.034836285560925,16.815746923091556,31.08734027323256,26.525164171295824,-3.1942316682849645,4.382656281047694,17.74074074074074,19.915254237288135,7.4,4.935483870967742,7.160728407056867,6.906121191536137,0.4726,0.461,0.3415,0.30910000000000004
21800918,2019-02-27,2018-19,DAL,IND,110,101,1,3.0,8.0,-6.1,10.8,103.8,111.1,109.9,100.3,1.0,1.0,0,0,11.643921683226184,13.974205767350929,23.82201122846567,28.917285479004306,-5.469718349057915,14.86632435959155,9.224137931034482,12.618181818181819,5.275862068965517,10.53125,6.520046379948488,3.07137528457183,0.42969999999999997,0.4981,0.3378,0.39160000000000006
21800912,2019-02-27,2018-19,ATL,MIN,131,123,1,4.0,5.0,-4.3,1.0,114.5,114.6,118.8,113.6,1.0,1.0,0,0,14.777562862669248,15.359600545198925,25.000478959810877,26.930260260639454,-20.000204669155682,1.214231696523037,17.333333333333332,22.96825396825397,13.372093023255815,17.9375,5.140417692519913,6.691824839485191,0.46529999999999994,0.48119999999999996,0.41559999999999997,0.3688
21800914,2019-02-27,2018-19,BKN,WAS,116,125,0,4.0,3.0,-3.8,-4.1,112.8,118.7,116.6,122.8,1.0,3.0,0,0,14.654017699919338,15.141324323445225,26.01589215129142,29.307425539055664,-3.4105770082819262,-16.790392212523358,20.369230769230768,25.109375,15.75,13.54,4.141381270986499,5.780170507896883,0.4351,0.49890000000000007,0.3439,0.363
21800913,2019-02-27,2018-19,BOS,POR,92,97,0,5.0,7.0,-0.9,8.9,112.8,119.4,113.7,110.5,0.0,1.0,1,0,14.570444987111651,17.382010582010583,28.573048656898656,28.880366137566135,19.6001221001221,26.355526129943502,8.095238095238095,20.746031746031747,14.433333333333334,6.423728813559322,5.004555420660465,7.804635840948876,0.4686,0.48840000000000006,0.3599,0.3785
21800920,2019-02-27,2018-19,SAC,MIL,140,141,0,6.0,9.0,2.9,9.5,116.2,117.0,113.3,107.5,1.0,1.0,0,0,17.159595959595958,14.88494623655914,29.991928914141415,28.791912908615625,0.7535353535353536,34.231266557240815,14.666666666666666,17.3,8.444444444444445,6.116279069767442,4.011222365909179,4.170364680819884,0.4579000000000001,0.47219999999999995,0.3417,0.3528
21800911,2019-02-27,2018-19,CHA,HOU,113,118,0,4.0,6.0,-3.1,5.7,108.9,117.8,112.0,112.1,1.0,1.0,0,0,14.6657937806874,19.99964220660942,29.05797535085977,33.79369957948852,4.800662122899597,15.060410536640045,9.523076923076923,16.625,7.0476190476190474,9.8,6.191859476510969,9.67883179024448,0.4375,0.4561,0.3157,0.3514
21800917,2019-02-27,2018-19,SAS,DET,105,93,1,3.0,8.0,-10.5,8.1,109.5,113.6,120.0,105.5,1.0,1.0,0,0,17.359222497932176,17.299219925556347,25.733688906111105,27.98298033923722,4.344622255248441,-0.7296564964477039,20.23076923076923,17.83606557377049,14.363636363636363,8.129032258064516,6.261140675968586,7.00786061976846,0.4429,0.4706,0.366,0.38760000000000006
21800927,2019-02-28,2018-19,OKC,PHI,104,108,0,6.0,6.0,3.7,2.2,123.1,115.5,119.4,113.3,1.0,2.0,0,0,14.041781336942627,18.658056972789115,30.65275491075996,30.62078092066745,20.583592008718732,14.438094889595185,6.709090909090909,16.484375,10.707317073170731,4.0,5.277035613357732,6.964214993168814,0.4649,0.48229999999999995,0.3794,0.3431
21800924,2019-02-28,2018-19,NYK,CLE,118,125,0,3.0,4.0,-4.4,-4.6,104.1,108.5,108.5,113.1,1.0,2.0,0,0,11.31266510663788,14.667654695240904,21.573813482290227,25.83070650797159,-14.61962599125874,-28.72854774535809,10.59322033898305,12.689655172413794,13.553191489361701,9.0,3.470697728362217,4.148407710027279,0.4318000000000001,0.43740000000000007,0.33599999999999997,0.3519
21800923,2019-02-28,2018-19,ORL,GSW,103,96,1,7.0,7.0,12.6,5.6,114.3,119.8,101.7,114.2,1.0,0.0,0,1,16.843434343434343,18.93287037037037,29.628243273508893,27.200860201719575,3.7351454232350454,21.49181683146847,15.666666666666666,6.958333333333333,4.981132075471698,6.426229508196721,5.13323858454069,9.435413251015303,0.4756,0.49139999999999995,0.37979999999999997,0.3657
21800925,2019-02-28,2018-19,HOU,MIA,121,118,1,7.0,3.0,7.6,-3.9,117.4,106.4,109.8,110.3,0.0,0.0,1,1,22.556526886823747,12.500461287346532,27.65965126799432,26.227000241952787,13.409565840774345,-1.9625235468203543,35.193548387096776,17.475409836065573,8.274193548387096,13.8,11.1097110682418,3.350902953006468,0.4494000000000001,0.47190000000000004,0.3483,0.3315
21800926,2019-02-28,2018-19,DEN,UTA,104,111,0,7.0,6.0,4.1,3.8,116.7,118.8,112.6,115.0,1.0,0.0,0,1,16.373162577365164,13.045028110550652,27.723878051011884,27.24478641498529,23.583551742881372,20.764170870113492,11.576923076923077,5.092307692307692,14.052631578947368,11.828125,3.541707720423067,5.662354679289482,0.4808,0.47539999999999993,0.36540000000000006,0.363
21800922,2019-02-28,2018-19,IND,MIN,122,115,1,7.0,4.0,9.2,0.0,111.7,117.0,102.5,117.0,0.0,0.0,1,1,12.225801282051284,17.476031762436268,28.972091049806675,29.349339262143893,13.660381404993474,0.23555449627190655,12.75,17.11864406779661,13.068965517241379,10.0,3.1061871481799566,5.758023436083772,0.5035000000000001,0.4854,0.3981,0.3775
21800928,2019-03-01,2018-19,ATL,CHI,161,168,0,4.0,5.0,-4.1,-0.1,115.8,116.0,119.9,116.1,1.0,1.0,0,0,12.505023318578493,18.41923883244638,23.27492704239548,27.258370501937037,-21.032271496548475,-13.779509505524853,17.611940298507463,22.766666666666666,10.673076923076923,6.316666666666666,3.8840527002344656,7.300554055876808,0.4567,0.49079999999999996,0.41319999999999996,0.3794
21800931,2019-03-01,2018-19,BOS,WAS,107,96,1,4.0,3.0,-2.8,-5.0,110.7,120.5,113.5,125.5,1.0,1.0,0,0,15.777893915570802,15.223756720430108,29.018237617241073,29.352945281558657,18.707919777343495,-15.584413011482509,23.28301886792453,25.2,12.557377049180328,13.450980392156863,5.03812404280903,5.803274895833917,0.4691000000000001,0.49210000000000004,0.3427,0.3498
21800929,2019-03-01,2018-19,BKN,CHA,112,123,0,4.0,3.0,-4.4,-4.4,113.0,110.2,117.4,114.6,1.0,1.0,0,0,14.962277865503673,14.791035353535355,28.275570904569832,26.40786921635712,-3.7270598441931364,4.251056067588325,20.484848484848484,9.636363636363637,11.353846153846154,10.270833333333334,3.629575378848256,6.63963541975027,0.4338,0.4407,0.33440000000000003,0.3107
21800934,2019-03-01,2018-19,LAL,MIL,120,131,0,4.0,9.0,-8.6,8.0,113.6,118.0,122.2,110.0,1.0,1.0,0,0,17.15410245211206,19.921940397905946,31.226400417813455,27.68096485348597,-2.4196943451576254,38.49042315487243,7.838709677419355,26.88135593220339,9.878787878787879,6.666666666666667,6.736608028602346,7.670886101019132,0.47800000000000004,0.47090000000000004,0.34309999999999996,0.347
21800932,2019-03-01,2018-19,PHX,NOP,116,130,0,1.0,4.0,-11.2,-3.1,108.6,113.1,119.8,116.2,3.0,1.0,0,0,16.36697912017061,11.73718461265103,29.182407644470107,25.01665767671637,-29.08404367503543,4.2985063471100675,24.617021276595743,9.785714285714286,11.104477611940299,8.189655172413794,5.955515558331111,6.955441451963638,0.47050000000000003,0.46130000000000004,0.3032,0.3005
21800930,2019-03-01,2018-19,TOR,POR,119,117,1,8.0,7.0,6.2,8.5,114.7,117.1,108.5,108.6,2.0,1.0,0,0,18.663462454736038,18.037026515151513,31.671342382154883,26.87913631183349,28.88192060152075,15.071346641163716,14.037735849056604,20.640625,8.279069767441861,9.246153846153845,6.208535425469584,7.51434017037446,0.4513999999999999,0.4806,0.3655,0.36
21800943,2019-03-02,2018-19,UTA,MIL,115,111,1,6.0,9.0,3.1,7.2,117.4,119.8,114.3,112.6,1.0,0.0,0,1,14.228356293317361,16.771804062126645,26.33533917172927,25.174046274991436,18.763814494737744,31.41592851592852,22.274193548387096,6.2444444444444445,12.879310344827585,16.425,4.7214156538792,7.845116310860517,0.4659,0.47990000000000005,0.3617,0.35639999999999994
21800942,2019-03-02,2018-19,PHX,LAL,118,109,1,1.0,3.0,-12.4,-10.0,107.8,113.3,120.2,123.3,0.0,0.0,1,1,16.336286876206227,20.900545634920636,29.18956407244189,29.42266345872365,-29.289635964920596,-3.1738022053083528,24.645833333333332,25.895833333333332,11.029411764705882,8.046875,5.9912803052004175,7.122168102746524,0.45309999999999995,0.48020000000000007,0.2937,0.33330000000000004
21800938,2019-03-02,2018-19,PHI,GSW,117,120,0,6.0,6.0,1.7,3.5,115.0,117.9,113.3,114.4,1.0,1.0,0,0,19.118333333333332,20.576518719375862,30.796065297766745,26.949337870859296,14.82652329749104,25.654620567402525,21.875,26.93846153846154,4.277777777777778,5.9298245614035086,7.093739426797913,10.620158085388656,0.4819,0.4843,0.3507,0.3558
21800937,2019-03-02,2018-19,MIA,BKN,117,88,1,3.0,4.0,-3.5,-4.2,109.4,115.3,112.9,119.5,1.0,0.0,0,1,11.812331989247312,12.386941101226816,26.374427756635793,27.029730488929847,-1.1743381837307154,-6.016926530785806,17.483870967741936,15.076923076923077,8.583333333333334,9.58974358974359,3.4370319549598665,4.49476299823323,0.48150000000000004,0.4487,0.3551,0.33940000000000003
21800940,2019-03-02,2018-19,SAS,OKC,116,102,1,3.0,5.0,-9.6,1.7,108.3,121.7,117.9,120.0,2.0,1.0,0,0,16.93906093906094,14.890864562501811,29.11512931186461,30.738683977158182,4.062178834237658,20.189895323112005,20.28787878787879,6.714285714285714,5.21875,3.7857142857142856,6.152958768584485,6.660839104975289,0.4548,0.46020000000000005,0.3825,0.3557
21800941,2019-03-02,2018-19,DEN,NOP,112,120,0,6.0,5.0,2.0,-1.5,113.5,115.4,111.5,116.9,1.0,0.0,0,1,13.819479160722102,16.836364845542516,26.631086566227246,27.01122056208623,20.717045728910133,4.927427499986674,11.854545454545455,20.19672131147541,11.666666666666666,6.425925925925926,3.050657125225694,6.953880524990114,0.45899999999999996,0.4755,0.3482,0.33609999999999995
21800939,2019-03-02,2018-19,DAL,MEM,81,111,0,4.0,4.0,-4.8,-2.0,105.9,104.5,110.7,106.5,2.0,2.0,0,0,12.457474379660368,11.857207120365013,22.55224805639643,20.626043482424006,-4.430102172630798,-3.8075695247734718,9.271186440677965,5.578947368421052,6.779661016949152,19.953125,6.480278011973995,6.080987634219183,0.4382,0.4365,0.353,0.31070000000000003
21800935,2019-03-02,2018-19,CLE,DET,93,129,0,4.0,7.0,-4.2,6.5,109.4,113.6,113.6,107.1,1.0,2.0,0,0,11.362694744050676,15.878352996954723,26.201571012027053,26.246228951716454,-28.507507852317175,0.052062394379730925,14.742424242424242,4.482758620689655,4.615384615384615,8.516129032258064,4.801631512163742,7.823007357439234,0.4351,0.46819999999999995,0.34900000000000003,0.39980000000000004
21800936,2019-03-02,2018-19,IND,ORL,112,117,0,7.0,7.0,9.7,12.0,113.0,114.4,103.3,102.4,1.0,1.0,0,0,11.975412014885698,16.802472014925375,29.438520473327163,29.30265008690522,14.044344635627532,3.905915135859166,12.75,15.765625,7.292307692307692,3.4358974358974357,3.1895596195180014,5.830869527084705,0.506,0.4769,0.4217000000000001,0.37829999999999997
21800950,2019-03-03,2018-19,WAS,MIN,135,121,1,3.0,4.0,-4.5,-0.6,118.6,117.9,123.1,118.5,1.0,2.0,0,0,15.914430014430016,14.786752136752135,29.29135549080549,27.180431892551894,-16.52034077034077,-1.683669871794872,25.257575757575758,23.476923076923075,12.184615384615384,9.953125,5.802808984474536,6.86588768686572,0.48630000000000007,0.4854,0.3458,0.3759
21800949,2019-03-03,2018-19,DET,TOR,112,107,1,8.0,9.0,11.1,7.7,116.4,117.4,105.3,109.7,0.0,1.0,1,0,14.270049283154123,14.980476667587986,27.976539405188596,29.007591326265747,0.34282484988130146,20.01093929391504,25.258064516129032,16.01492537313433,4.545454545454546,10.45,7.519807132632583,3.4389212072205235,0.48,0.46720000000000006,0.41339999999999993,0.3753
21800948,2019-03-03,2018-19,CLE,ORL,107,93,1,4.0,8.0,-6.5,13.5,108.9,113.9,115.4,100.4,0.0,0.0,1,1,12.175556740108979,16.833710407239817,27.67152530268239,29.631448276886516,-26.073406846299733,4.236048827418162,12.783333333333333,15.692307692307692,6.5588235294117645,9.245901639344263,4.561680900537174,3.857374817796027,0.4293,0.48069999999999996,0.3698,0.3843
21800951,2019-03-03,2018-19,OKC,MEM,99,95,1,5.0,4.0,0.8,-0.2,119.0,106.0,118.2,106.2,0.0,0.0,1,1,11.768453251183514,12.374180327868851,30.75536802509747,24.14690845806605,18.51898378860588,-4.20179866672257,15.507936507936508,7.147540983606557,3.744186046511628,6.019607843137255,6.657352228740159,4.355390594766909,0.45680000000000004,0.44580000000000003,0.3398,0.3173
21800944,2019-03-03,2018-19,CHA,POR,108,118,0,3.0,6.0,-4.0,5.6,110.0,115.6,114.0,110.0,1.0,1.0,0,0,16.346159825870647,18.40893550893551,26.578969022675086,29.772277503782767,5.162616567867101,18.240964298859033,9.746268656716419,25.107692307692307,10.306122448979592,6.761904761904762,6.5705353151941095,7.091682587145456,0.4415,0.4767,0.3098,0.3524
21800945,2019-03-03,2018-19,BOS,HOU,104,115,0,4.0,7.0,-2.2,5.2,108.0,117.0,110.2,111.8,1.0,2.0,0,0,15.725315020339897,19.788765252916196,28.697026328203794,33.8414536452576,17.026488035226603,11.912967074853867,8.292307692307693,8.169230769230769,9.03076923076923,8.412698412698413,5.40451052837009,9.991610985718678,0.45450000000000007,0.45280000000000004,0.33309999999999995,0.3511
21800946,2019-03-03,2018-19,CHI,ATL,118,123,0,6.0,3.0,1.3,-5.6,121.0,118.2,119.7,123.8,1.0,1.0,0,0,16.743533697632056,11.132242895411133,26.671261527228193,18.528059321314807,-19.47097230073488,-20.518296544699556,19.65,12.62962962962963,6.295081967213115,8.397058823529411,7.478142220968323,3.7829047178260886,0.48599999999999993,0.4558,0.38570000000000004,0.3999
21800952,2019-03-04,2018-19,BKN,DAL,127,88,1,4.0,3.0,-5.2,-9.1,114.7,102.9,119.9,112.0,1.0,1.0,0,0,12.632021604938274,16.086080263235207,25.500882222222224,25.341389378181606,-5.761049836601307,-4.647831624154372,13.65625,9.333333333333334,20.352941176470587,3.6842105263157894,4.37181681679129,6.794149872474163,0.45149999999999996,0.42119999999999996,0.34890000000000004,0.3295
21800953,2019-03-04,2018-19,MIA,ATL,114,113,1,3.0,4.0,-1.6,-3.3,109.3,120.4,110.9,123.7,1.0,0.0,0,1,12.802090821818524,13.810686575903967,27.66347609518842,24.7342538811162,-0.5285580956044975,-20.068716146977017,12.288135593220339,18.07246376811594,9.984615384615385,8.318840579710145,3.1498209537767314,4.07391833390932,0.47620000000000007,0.458,0.3645,0.4042
21800955,2019-03-04,2018-19,PHX,MIL,114,105,1,2.0,8.0,-10.9,4.9,108.4,116.1,119.3,111.2,1.0,1.0,0,0,17.22297808012094,18.83082188000221,29.246231202427253,29.761560013847838,-28.33378818368304,42.10840791138975,24.653061224489797,26.9672131147541,11.101449275362318,16.097560975609756,5.995616329768016,5.060485491465333,0.4575,0.4582,0.2793,0.3316
21800957,2019-03-04,2018-19,SAC,NYK,115,108,1,4.0,3.0,-0.8,-4.7,116.1,109.0,116.9,113.7,2.0,0.0,0,1,17.262927416580666,9.622286147023411,30.210879186915594,22.842582405182753,0.09965624370385051,-20.291564173599422,16.80701754385965,8.235294117647058,9.59016393442623,12.098360655737705,3.700704387035747,2.6451587449291125,0.44670000000000004,0.4422,0.33859999999999996,0.351
21800954,2019-03-04,2018-19,SAS,DEN,104,103,1,3.0,5.0,-8.7,1.1,108.6,114.0,117.3,112.9,1.0,1.0,0,0,16.984895686661034,14.525974025974028,28.098342229471434,28.709472691197693,4.952562328812953,22.17498223169865,20.90625,19.863636363636363,11.72463768115942,11.611940298507463,4.904949215854184,3.5207629318708897,0.4565,0.45420000000000005,0.3855,0.33690000000000003
21800956,2019-03-04,2018-19,UTA,NOP,112,115,0,7.0,5.0,6.2,-1.2,118.4,114.9,112.2,116.1,1.0,1.0,0,0,16.575517075517073,11.64347459413873,28.033799129307607,27.143894424735766,20.893279037346836,5.755251591902858,22.650793650793652,20.322580645161292,12.76271186440678,11.927272727272728,4.831883753935316,6.516674367911275,0.46699999999999997,0.4715,0.3707,0.33320000000000005
21800960,2019-03-05,2018-19,PHI,ORL,114,106,1,6.0,7.0,2.1,11.1,115.9,111.0,113.8,99.9,2.0,1.0,0,0,19.104872251931074,16.850461133069828,31.265097572362283,29.65678358621276,10.592270474623417,6.833343699368397,16.53030303030303,15.681818181818182,6.346153846153846,3.4634146341463414,6.105214837437726,5.84828876465678,0.4826,0.4708,0.3747,0.3651
21800963,2019-03-05,2018-19,MIN,OKC,131,120,1,4.0,5.0,-1.8,0.2,119.4,115.7,121.2,115.5,1.0,1.0,0,0,12.203412123522684,21.740221069253327,28.70508545320059,33.04796570841793,-2.1981190772514365,29.18524496915765,16.9672131147541,22.418181818181818,10.671641791044776,6.672413793103448,5.840538477328146,7.609669172734363,0.4931000000000001,0.4423,0.3597,0.3265
21800961,2019-03-05,2018-19,TOR,HOU,95,107,0,8.0,7.0,5.4,5.5,116.0,116.7,110.6,111.2,1.0,1.0,0,0,18.92699989086544,20.070205733808674,30.87298650229031,33.88557011681356,31.942986346636552,12.386944815805109,14.50909090909091,35.65625,14.76923076923077,8.375,5.408033162538606,10.029459854707849,0.4600000000000001,0.45089999999999997,0.3839,0.3606
21800959,2019-03-05,2018-19,IND,CHI,105,96,1,6.0,6.0,5.0,1.3,110.6,120.8,105.6,119.5,2.0,1.0,0,0,14.2261576731726,18.69366009072277,29.48786480132494,28.93086812730105,13.746088942795067,-15.47634425040863,12.753846153846155,22.983870967741936,7.393939393939394,5.676470588235294,3.172715059920012,6.782865023828643,0.5034,0.48760000000000003,0.3917,0.3709
21800962,2019-03-05,2018-19,MEM,POR,120,111,1,3.0,7.0,-0.8,7.6,104.7,116.6,105.5,109.0,1.0,1.0,0,0,14.625071225071226,17.485435752877613,26.19427668806701,29.01398174209993,-8.28301232817362,19.117571543028465,19.83076923076923,25.075757575757574,6.038461538461538,11.448275862068966,5.9607391687844675,7.012407042566767,0.44820000000000004,0.4763,0.30500000000000005,0.3483
21800964,2019-03-05,2018-19,GSW,BOS,95,128,0,6.0,3.0,-0.1,-4.0,115.8,108.1,115.9,112.1,2.0,1.0,0,0,19.941738816738816,16.44539610180883,27.17866715728716,28.22001559561728,20.157342219184326,15.637010273558007,27.045454545454547,23.10909090909091,3.3859649122807016,8.954545454545455,11.055849167469598,5.531593291648341,0.477,0.45380000000000004,0.3511,0.32709999999999995
21800968,2019-03-06,2018-19,ATL,SAS,104,111,0,4.0,4.0,-2.5,-7.1,119.7,107.8,122.2,114.9,1.0,1.0,0,0,11.7268262987013,18.558651895771572,23.56373346861472,29.182889355989964,-15.477015692640691,4.721925186225389,18.014285714285716,20.41176470588235,19.104166666666668,10.779411764705882,4.976505970892416,4.932302980048301,0.44630000000000003,0.46179999999999993,0.3988,0.38939999999999997
21800969,2019-03-06,2018-19,BKN,CLE,113,107,1,4.0,5.0,-1.8,-4.4,113.9,110.0,115.7,114.4,1.0,2.0,0,0,16.7991585708977,13.356940849391238,26.46870807762456,27.758839144246604,-5.042168773048007,-24.598793677012726,13.615384615384615,12.80327868852459,11.205882352941176,6.6,4.463120426784811,4.501182736136691,0.4569,0.43100000000000005,0.3345,0.3751
21800965,2019-03-06,2018-19,CHA,MIA,84,91,0,3.0,4.0,-4.8,-0.9,109.3,111.1,114.1,112.0,2.0,1.0,0,0,14.77213309566251,13.760618033786137,29.30540152109329,25.704633605064828,4.431723570547101,0.7619305541510768,9.720588235294118,10.015151515151516,5.757575757575758,12.383333333333333,6.472098610922619,3.51339010063881,0.44420000000000004,0.48869999999999997,0.3165,0.3703
21800970,2019-03-06,2018-19,CHI,PHI,108,107,1,5.0,7.0,-1.5,4.1,117.9,116.6,119.4,112.5,0.0,0.0,1,1,14.717046036400875,19.047206276310753,29.002127199801397,31.363492084050897,-16.63940790392403,15.750216542905818,7.758064516129032,21.6,6.333333333333333,6.5,6.60673995074388,5.996940138937574,0.47219999999999995,0.48550000000000004,0.33690000000000003,0.38480000000000003
21800966,2019-03-06,2018-19,DET,MIN,131,114,1,8.0,5.0,9.0,0.3,114.7,121.3,105.7,121.0,2.0,0.0,0,1,17.30676020408163,17.657219766271282,26.640650133507126,28.735102520285615,3.5769876742982145,-0.07580767141648609,17.59375,16.983870967741936,8.787878787878787,5.890909090909091,7.056874019606718,6.669263583733149,0.472,0.49939999999999996,0.40659999999999996,0.3712
21800971,2019-03-06,2018-19,NOP,UTA,104,114,0,5.0,6.0,-1.4,4.3,114.2,116.8,115.6,112.5,1.0,1.0,0,0,15.439682539682538,16.556125621890548,25.442982497013144,29.959212432628526,5.374544836443303,20.080721393034825,20.476190476190474,11.82089552238806,8.19672131147541,8.8,7.0470284903838465,4.77531161488085,0.4721,0.46080000000000004,0.34819999999999995,0.37320000000000003
21800972,2019-03-06,2018-19,PHX,NYK,107,96,1,3.0,3.0,-9.2,-3.7,108.8,109.5,118.0,113.2,1.0,1.0,0,0,16.395064232589586,11.552969790066564,28.735975046303004,26.01564186281338,-26.498862859348577,-19.858830180038353,24.6,13.714285714285714,7.91044776119403,12.080645161290322,5.9636376866314675,1.8792611403953892,0.449,0.44320000000000004,0.2831,0.36060000000000003
21800973,2019-03-06,2018-19,SAC,BOS,109,111,0,4.0,4.0,-1.6,-0.6,114.9,108.1,116.5,108.7,1.0,0.0,0,1,17.932926571540104,12.928990689667605,29.325850648632276,27.056930873765545,0.6142795803095363,15.208361123963776,20.27536231884058,15.753623188405797,12.376811594202898,10.806451612903226,3.755646093335046,2.888725851719975,0.43810000000000004,0.4559,0.3359,0.32619999999999993
21800967,2019-03-06,2018-19,WAS,DAL,132,123,1,4.0,2.0,-2.3,-13.6,119.2,101.8,121.5,115.4,2.0,1.0,0,0,15.277038104929895,12.5025528843256,29.787055087226463,25.105623697232332,-14.831959147231252,-7.799763529099615,8.090909090909092,7.491525423728813,14.805555555555555,6.338235294117647,5.758689208141279,6.104204159805546,0.4868,0.4164,0.34750000000000003,0.3256
21800974,2019-03-06,2018-19,LAL,DEN,99,115,0,3.0,5.0,-6.1,3.6,115.2,114.0,121.3,110.4,1.0,1.0,0,0,14.226880570409984,14.498547793398407,19.877898835412953,28.765875190330725,-5.0240522875817,22.208887745811452,8.181818181818182,11.807017543859649,10.952380952380953,11.661764705882353,8.760695097135162,3.567697151470956,0.4798,0.4528,0.3467,0.3473
21800975,2019-03-07,2018-19,MIL,IND,117,98,1,7.0,6.0,2.5,3.5,114.4,109.5,111.9,106.0,2.0,1.0,0,0,18.728755416466058,12.736172505830744,29.77993551877255,29.573659235325984,40.41833360044572,14.146048789296561,26.870967741935484,12.80327868852459,16.023809523809526,7.373134328358209,5.030489796460781,3.2039248957686564,0.44020000000000004,0.4923,0.33240000000000003,0.3948
21800976,2019-03-07,2018-19,POR,OKC,121,129,0,6.0,4.0,5.8,-3.1,115.0,116.0,109.2,119.1,1.0,1.0,0,0,18.361720807726076,21.807900432900436,29.786505934931522,31.66793643534745,18.362319418948037,27.99671463188412,25.059701492537314,28.333333333333332,7.045454545454546,13.030303030303031,6.970401468130992,7.649733599823413,0.47569999999999996,0.4391999999999999,0.3438,0.327
21800978,2019-03-08,2018-19,ORL,DAL,111,106,1,6.0,2.0,8.3,-13.0,111.3,103.4,103.0,116.4,2.0,1.0,0,0,16.901990049751245,12.665356182795698,29.713927939666746,25.234332684789866,3.2077232883203033,-8.543583024607692,20.314285714285713,20.671875,14.447761194029852,3.8095238095238093,3.8249856881709436,6.627995191329075,0.4692,0.4234,0.36869999999999997,0.3207
21800979,2019-03-08,2018-19,MIA,CLE,126,110,1,5.0,5.0,0.0,-3.7,108.4,110.1,108.4,113.8,1.0,1.0,0,0,13.29191495235048,15.3744500785174,26.669831351544087,25.41262862306845,3.8881476915548356,-21.48352104820464,17.353846153846153,12.67741935483871,7.3125,7.027777777777778,3.6488244502116136,5.522024444618086,0.4852,0.4337,0.36300000000000004,0.3856
21800983,2019-03-08,2018-19,NOP,TOR,104,127,0,5.0,7.0,-1.5,3.0,115.6,113.6,117.1,110.6,1.0,2.0,0,0,12.258680555555557,18.89143547273982,21.198865159600395,30.949130609545836,-1.1584904970760235,31.711374874314522,6.666666666666667,14.392857142857142,5.12962962962963,7.142857142857143,6.1022407441621045,6.540942983052178,0.4787,0.45549999999999996,0.3675,0.37649999999999995
21800982,2019-03-08,2018-19,MEM,UTA,114,104,1,4.0,7.0,2.3,8.0,107.2,118.4,104.9,110.4,2.0,1.0,0,0,14.94122174122174,16.577224736048265,27.179363241401273,28.16644369235714,-4.194693413003272,18.800675561633174,17.1,22.584615384615386,5.466666666666667,5.0144927536231885,5.678871095269371,6.004008260914373,0.45730000000000004,0.47709999999999997,0.32389999999999997,0.37310000000000004
21800984,2019-03-08,2018-19,GSW,DEN,122,105,1,5.0,6.0,-4.4,5.7,113.6,112.5,118.0,106.8,2.0,1.0,0,0,18.606448901795698,13.93130150610969,31.502062041305738,25.349943228923173,29.15522021764786,14.975899953249183,6.862745098039215,19.779411764705884,5.864406779661017,8.420289855072463,9.672161268177948,4.774760516132633,0.46640000000000004,0.44820000000000004,0.3395,0.3412
21800980,2019-03-08,2018-19,CHI,DET,104,112,0,6.0,8.0,-0.5,9.4,116.2,117.3,116.7,107.9,1.0,1.0,0,0,16.84523617263443,17.370416666666667,29.058300006921378,26.309529454239975,-15.11656399963086,5.434639513491972,23.296875,17.8,5.685714285714286,15.06060606060606,6.770508348930019,7.42061043456063,0.46580000000000005,0.479,0.3369,0.41370000000000007
21800977,2019-03-08,2018-19,CHA,WAS,112,111,1,3.0,5.0,-4.9,0.5,108.4,119.5,113.3,119.0,1.0,1.0,0,0,14.741437738842023,15.3784797730803,26.723415580857242,29.856099766710276,5.657161645851191,-13.94007361518336,9.710144927536232,25.279411764705884,10.27450980392157,14.72972972972973,6.667531431563442,5.748049916265209,0.4404,0.48840000000000006,0.3311,0.33799999999999997
21800981,2019-03-08,2018-19,HOU,PHI,107,91,1,7.0,6.0,4.1,3.3,114.7,115.6,110.6,112.3,2.0,1.0,0,0,20.01867585151167,18.812590387784613,33.88239314993897,30.73974367359734,12.29219515072857,13.557679433650575,35.646153846153844,20.818181818181817,8.446153846153846,8.818181818181818,10.021385965223791,5.856927697864354,0.4506,0.48150000000000004,0.36550000000000005,0.3726
21800987,2019-03-09,2018-19,ATL,BKN,112,114,0,4.0,5.0,-1.6,0.7,119.3,114.6,120.9,113.9,2.0,2.0,0,0,14.149858515761919,16.86552745500114,24.62970249498981,27.873033273566,-15.246081769047729,-3.3428668013908283,19.081632653061224,13.545454545454545,8.723076923076922,10.892857142857142,4.980488717647454,4.159694463461385,0.4391,0.4627,0.38839999999999997,0.3392
21800989,2019-03-09,2018-19,LAL,BOS,107,120,0,2.0,5.0,-7.8,0.7,112.2,108.0,120.0,107.3,2.0,2.0,0,0,4.743284493284493,14.10566448801743,16.423837787254207,28.04572283763281,-4.6302358601305045,20.563692134828727,3.3846153846153846,23.035714285714285,26.03921568627451,15.871428571428572,8.73018240120814,5.048950109521688,0.47589999999999993,0.4641,0.3156,0.33099999999999996
21800990,2019-03-09,2018-19,MIL,CHA,131,114,1,8.0,3.0,6.4,-5.7,117.8,106.7,111.4,112.4,1.0,0.0,0,1,18.794573726926668,14.809803921568628,29.78554557146965,28.28943479242443,40.7889805873561,3.8051138940076603,11.955882352941176,9.714285714285714,15.69767441860465,10.23076923076923,5.071084893608294,6.149181841248723,0.45760000000000006,0.4276,0.3553,0.32
21800988,2019-03-09,2018-19,MIN,WAS,135,130,1,5.0,4.0,-0.9,-0.9,121.0,118.7,121.9,119.6,2.0,0.0,0,1,13.388126361655774,15.319027874654472,23.67543106219427,29.52879755727962,-5.8582420498962495,-13.978793181512255,23.808823529411764,25.130434782608695,10.63768115942029,13.727272727272727,7.491858678635914,5.691174809341254,0.49770000000000003,0.4849,0.3727,0.337
21800986,2019-03-09,2018-19,NYK,SAC,94,102,0,3.0,4.0,-4.3,0.8,109.2,115.7,113.5,114.9,2.0,2.0,0,0,11.63464480874317,17.982960641883874,24.563810850757083,29.390833362570003,-15.535793768696372,0.5843056909856512,9.868852459016393,17.016949152542374,13.196078431372548,12.471428571428572,3.276384886071974,3.785791408120224,0.44719999999999993,0.4452,0.3606,0.3474
21800991,2019-03-09,2018-19,POR,PHX,127,120,1,6.0,4.0,5.1,-5.3,117.0,110.7,111.9,116.0,1.0,2.0,0,0,18.13492854769026,17.325877069645767,27.533906956184588,29.301312006603744,24.4428008245794,-24.980100019003395,20.794117647058822,10.440677966101696,15.043478260869565,11.04225352112676,7.533947798223492,6.082629970525148,0.46630000000000005,0.4504,0.3348,0.3069
21800999,2019-03-10,2018-19,SAS,MIL,121,114,1,5.0,8.0,-2.5,6.8,108.7,119.7,111.2,112.9,3.0,0.0,0,1,17.374615722441806,18.809830643390427,28.40584889618784,27.591757716239357,5.453331706056752,41.75974544608462,20.579710144927535,26.890625,7.7384615384615385,15.723076923076922,5.697155112903526,6.864283849084738,0.4680000000000001,0.45899999999999996,0.3822,0.3623
21800994,2019-03-10,2018-19,PHI,IND,106,89,1,5.0,5.0,-0.6,0.1,110.4,108.8,111.0,108.7,1.0,2.0,0,0,18.353205972771192,14.179097267286755,33.37336012296882,29.086966732407866,15.358905143387902,14.612848617707952,20.916666666666668,12.633333333333333,8.5,14.317460317460318,6.041420065240757,3.3242296226161816,0.4606,0.47759999999999997,0.3341,0.398
21800998,2019-03-10,2018-19,MIN,NYK,103,92,1,5.0,3.0,-1.4,-4.8,121.5,108.2,122.9,113.0,0.0,0.0,1,1,9.118916857360793,10.091409783633479,21.32014209799862,24.811266112967303,-5.953420030610769,-22.0573158173799,4.526315789473684,9.790322580645162,10.014705882352942,11.15625,3.0856904071768154,2.573484182822041,0.4901999999999999,0.43870000000000003,0.3727,0.36229999999999996
21800993,2019-03-10,2018-19,MIA,TOR,104,125,0,6.0,7.0,3.2,3.5,112.3,114.4,109.1,110.9,1.0,1.0,0,0,12.721129703103138,13.489053516143299,26.540646162233763,24.800002387173606,3.453816880287468,20.772704445720056,12.387096774193548,14.368421052631579,7.326530612244898,7.140350877192983,3.5948205221766285,5.0561625358942015,0.5006999999999999,0.46299999999999997,0.38370000000000004,0.3791
21800995,2019-03-10,2018-19,ATL,NOP,128,116,1,3.0,5.0,-2.2,-0.8,118.8,117.2,121.0,118.0,0.0,1.0,1,0,13.320205602120495,12.356814832676902,26.536819121523962,23.777455897759342,-17.220353422010884,1.7331670814429432,18.13888888888889,20.476923076923075,12.53448275862069,26.345454545454544,4.2583051229399596,8.533903283288328,0.4327,0.4814,0.3698,0.35860000000000003
21801000,2019-03-10,2018-19,GSW,PHX,111,115,0,5.0,4.0,-2.9,-5.0,113.8,112.0,116.7,117.0,1.0,0.0,0,1,18.90472362886156,17.355477855477858,31.116302407835565,29.310803582890536,30.694315601009315,-25.248749197662242,22.303030303030305,24.884615384615383,15.333333333333334,11.01388888888889,9.668664620867453,6.058276887422171,0.46630000000000005,0.4535,0.3548,0.32080000000000003
21800992,2019-03-10,2018-19,DET,CHI,131,108,1,8.0,6.0,8.5,0.0,116.5,116.7,108.0,116.7,1.0,1.0,0,0,11.79997073456248,5.835694730833304,27.873998434674284,24.273668767523,4.160021344044283,-11.858502629073422,9.372549019607844,5.451612903225806,4.638297872340425,3.1052631578947367,7.467153715663751,6.185521329964706,0.48439999999999994,0.47850000000000004,0.4037,0.3342
21800997,2019-03-10,2018-19,DAL,HOU,93,94,0,1.0,8.0,-13.6,6.2,103.8,114.2,117.4,108.0,1.0,1.0,0,0,11.721899957965531,19.980949898541464,25.374871770446877,33.80953771888365,-6.282986510895457,13.249503956540464,20.723076923076924,8.102941176470589,9.825396825396826,8.43939393939394,6.0360415635217155,10.01443419968087,0.42919999999999997,0.45699999999999996,0.3177,0.36160000000000003
21800996,2019-03-10,2018-19,MEM,ORL,105,97,1,4.0,6.0,2.4,7.2,108.7,110.0,106.3,102.8,1.0,1.0,0,0,14.157528854046268,11.509356787275374,24.210127212803776,27.026853167049968,3.850703665665919,2.3802303552552635,16.181818181818183,20.309859154929576,6.675675675675675,14.558823529411764,5.882443233927467,5.411841646720289,0.46519999999999995,0.4702,0.3372,0.3819
21801002,2019-03-11,2018-19,WAS,SAC,121,115,1,3.0,4.0,-2.3,1.0,118.3,115.7,120.6,114.7,1.0,1.0,0,0,15.446164622024455,14.425045289855072,29.683155445419818,29.20842869824624,-13.753941294483148,1.3160321633795111,25.285714285714285,16.81159420289855,13.75,14.622641509433961,5.737886258404793,3.78447896085234,0.475,0.442,0.329,0.34609999999999996
21801004,2019-03-11,2018-19,HOU,CHA,118,106,1,8.0,3.0,4.7,-6.5,111.6,109.1,106.9,115.6,0.0,1.0,1,0,19.848981636440225,14.650899268157966,33.820742016488666,22.399850564437347,13.199306354067446,-0.1261830634714356,35.343283582089555,24.197183098591548,8.343283582089553,7.615384615384615,9.941536055945479,7.1404690675784215,0.44670000000000004,0.4427,0.35409999999999997,0.341
21801005,2019-03-11,2018-19,UTA,OKC,89,98,0,6.0,3.0,4.2,-4.5,117.2,116.2,113.0,120.7,2.0,2.0,0,0,14.38825522303783,21.43915847506111,28.30681136206788,33.07778519751065,19.344155844155843,26.924116467762353,5.085714285714285,23.103448275862068,11.376811594202898,6.622950819672131,5.827213490368712,7.687072713184001,0.46980000000000005,0.4325,0.3713,0.29769999999999996
21801003,2019-03-11,2018-19,BKN,DET,103,75,1,6.0,8.0,1.1,9.9,113.5,117.5,112.4,107.6,1.0,0.0,0,1,11.710483573274272,11.63853193923431,27.411146342027934,26.773339712209555,-5.224227835986222,7.523456862131137,9.279069767441861,8.727272727272727,13.507462686567164,8.777777777777779,3.9144670138478403,6.9320412163749765,0.4488,0.4864,0.3245,0.4163
21801001,2019-03-11,2018-19,CLE,TOR,126,101,1,5.0,7.0,-3.8,5.1,112.1,116.5,115.9,111.4,2.0,0.0,0,1,14.734905073140368,19.00205855371127,26.21288792405851,30.23618919648157,-25.381072474967,16.968162699149598,14.928571428571429,26.274509803921568,6.068965517241379,10.234375,5.095227698943172,6.517076460056959,0.4375,0.4814,0.38539999999999996,0.39160000000000006
21801009,2019-03-12,2018-19,CHI,LAL,107,123,0,5.0,2.0,-3.5,-6.8,115.3,110.9,118.8,117.7,1.0,2.0,0,0,12.61025641025641,18.553535353535352,27.04438402347971,27.54286361812418,-13.824909477495684,-6.480492903028114,8.03076923076923,18.560606060606062,5.5396825396825395,8.161764705882353,5.264516956501162,7.254502731222391,0.47219999999999995,0.47269999999999995,0.34419999999999995,0.29710000000000003
21801011,2019-03-12,2018-19,DAL,SAS,105,112,0,1.0,6.0,-12.1,-0.9,102.7,109.0,114.8,109.9,1.0,1.0,0,0,8.457008448540707,17.146979388770433,23.19991052067332,27.087133422174837,-5.755401654796816,5.806299670478776,9.8125,20.955223880597014,17.953846153846154,7.696969696969697,5.976465344798369,6.665381385207734,0.4226,0.4643,0.3097,0.3665
21801012,2019-03-12,2018-19,DEN,MIN,133,107,1,6.0,5.0,4.7,-1.3,112.0,119.7,107.3,121.0,3.0,1.0,0,0,13.837341363858586,11.736331834082959,27.466712724912462,20.30630482779444,21.881929329754975,-1.7714392803598198,11.830508474576272,5.2,19.72463768115942,5.739130434782608,3.686162584993013,7.739620376419685,0.4372,0.4805,0.3545,0.35269999999999996
21801007,2019-03-12,2018-19,IND,NYK,103,98,1,4.0,3.0,-2.5,-4.4,107.8,106.3,110.3,110.7,1.0,1.0,0,0,14.19267933038425,9.858707802369773,29.65012314240814,26.561390889821002,11.931397971400486,-22.461452345746793,12.841269841269842,10.047619047619047,7.2898550724637685,11.938461538461539,3.2251267554914738,1.985673370949843,0.4635000000000001,0.4417,0.39730000000000004,0.3713
21801010,2019-03-12,2018-19,NOP,MIL,113,130,0,4.0,7.0,-2.9,5.2,115.7,120.5,118.6,115.3,1.0,1.0,0,0,12.51252807234861,15.064220912245494,23.93362048490361,27.557917076258228,-2.6807301572463325,36.2437202316878,20.515151515151516,12.128571428571428,4.846153846153846,15.622222222222222,5.775916543317279,6.845245468214085,0.47169999999999995,0.4619000000000001,0.3563,0.3722
21801008,2019-03-12,2018-19,PHI,CLE,106,99,1,6.0,5.0,1.4,-1.6,110.1,114.0,108.7,115.6,1.0,0.0,0,1,18.176999617298126,11.772648554727056,31.308522888537386,24.725590915044265,15.341545444277545,-22.902370067705107,20.53846153846154,12.65625,7.203703703703703,5.375,7.48166602350196,4.725169383873989,0.45549999999999996,0.44430000000000003,0.3312,0.39749999999999996
21801015,2019-03-13,2018-19,WAS,ORL,100,90,1,4.0,5.0,-0.8,3.4,119.2,107.9,120.0,104.5,1.0,2.0,0,0,15.830521138527068,15.765700483091786,26.932509643229913,29.725604871175523,-9.84323489108363,2.1903195837978444,25.309859154929576,20.38888888888889,15.15,9.4,6.092814021195164,3.835561848546106,0.4715,0.46159999999999995,0.3309,0.3729
21801019,2019-03-13,2018-19,PHX,UTA,97,114,0,5.0,5.0,-3.3,1.3,113.1,113.6,116.4,112.3,2.0,1.0,0,0,16.590614313875367,16.612153518123666,29.385007957540836,29.089587988628285,-24.21012836164739,20.025722674682793,25.11320754716981,22.850746268656717,10.95890410958904,12.540983606557377,6.141608031510977,4.458882153330798,0.4605,0.454,0.3386,0.3625
21801017,2019-03-13,2018-19,OKC,BKN,108,96,1,4.0,6.0,-2.7,3.0,113.8,109.0,116.5,106.0,1.0,1.0,0,0,21.75809681189195,14.341478510596156,31.741486054473466,27.906644085160462,27.533698555826422,-2.652054512471501,27.96969696969697,9.386363636363637,13.014492753623188,8.944444444444445,7.629824175473119,4.421828779313752,0.4309,0.45220000000000005,0.3068,0.32
21801016,2019-03-13,2018-19,ATL,MEM,132,111,1,4.0,5.0,0.5,3.3,122.5,108.5,122.0,105.2,2.0,2.0,0,0,13.841137450004878,11.392931578225697,24.693006947868767,19.628895711220324,-13.19333614745179,0.858680999083476,8.925373134328359,6.163636363636364,10.391304347826088,4.282051282051282,6.108580207566342,5.940656935083796,0.44539999999999996,0.45729999999999993,0.38939999999999997,0.3329
21801018,2019-03-13,2018-19,HOU,GSW,104,106,0,9.0,4.0,6.9,-4.0,112.3,113.4,105.4,117.4,1.0,2.0,0,0,19.86847466259231,18.873730165927636,33.787648454867835,29.290421916688064,13.846227331057815,21.935136782368826,16.327272727272728,6.7924528301886795,8.338235294117647,4.232142857142857,9.916125772558212,9.643492304745523,0.44769999999999993,0.46109999999999995,0.3578,0.3464
21801014,2019-03-13,2018-19,MIA,DET,108,74,1,5.0,8.0,0.0,7.9,111.5,114.0,111.5,106.1,2.0,1.0,0,0,11.576005685856432,14.269904937322567,26.34241888776259,28.053682472158755,-0.226819417490155,2.3769914851871166,7.26,24.880597014925375,10.130434782608695,8.391304347826088,3.455706283823873,6.570520600539126,0.4920999999999999,0.4713,0.3733,0.40729999999999994
21801023,2019-03-14,2018-19,TOR,LAL,111,98,1,6.0,3.0,2.4,-4.8,113.9,111.9,111.5,116.7,2.0,1.0,0,0,15.007154882154884,18.676683086269858,25.626239729617062,29.931864744019087,10.113657746553315,-2.719948341909208,16.180555555555557,26.30188679245283,7.220338983050848,2.857142857142857,8.356458778958512,8.46977340846354,0.47470000000000007,0.4842000000000001,0.3908,0.3015
21801024,2019-03-14,2018-19,UTA,MIN,120,100,1,6.0,4.0,3.7,-5.0,114.2,118.9,110.5,123.9,0.0,1.0,1,0,15.46803369235018,15.773769168684424,29.09512096106048,24.666253125280242,19.12653042437632,-5.8830037664783426,22.897058823529413,17.0,5.236111111111111,10.014285714285714,5.817481474865806,7.662488773230815,0.45359999999999995,0.4795,0.3604,0.3436
21801021,2019-03-14,2018-19,ORL,CLE,120,91,1,4.0,5.0,-1.4,-1.4,104.2,110.0,105.6,111.4,0.0,1.0,1,0,13.148188341339027,11.878988603988605,29.49296763327996,24.09252209401709,1.9185554171855541,-21.332423687423685,14.232876712328768,15.26388888888889,11.178082191780822,18.533333333333335,3.804421082618092,5.1399997371450805,0.4483,0.4389,0.3657,0.3888
21801022,2019-03-14,2018-19,BOS,SAC,126,120,1,4.0,3.0,-1.6,-0.9,108.5,115.5,110.1,116.4,2.0,2.0,0,0,16.639903928632698,18.00248937462052,28.05477331512509,29.276329994095157,18.291871847335713,-1.5732473594449141,23.06896551724138,16.9,15.732394366197184,7.576271186440678,4.839359845244606,4.867465521688038,0.46640000000000004,0.44190000000000007,0.3209,0.35039999999999993
21801025,2019-03-14,2018-19,DEN,DAL,100,99,1,6.0,1.0,5.7,-11.7,115.0,103.1,109.3,114.8,1.0,1.0,0,0,13.510543818466353,12.034717134717134,28.029234713838584,24.490131605762947,23.282782109322604,-7.693553378628006,17.9375,8.301587301587302,13.522727272727273,5.722222222222222,3.7028197730700967,6.186020095410889,0.4545,0.4303,0.3713,0.3168
21801020,2019-03-14,2018-19,IND,OKC,108,106,1,5.0,4.0,-1.1,-1.6,108.4,109.8,109.5,111.4,1.0,0.0,0,1,13.581175223383312,21.781473584458656,29.728459786854405,33.080235526817255,11.62168756777729,28.12254977699494,10.887323943661972,23.233333333333334,14.169230769230769,6.523809523809524,2.189997561359741,7.6606957468370975,0.465,0.42700000000000005,0.3889,0.3052
21801026,2019-03-15,2018-19,DET,LAL,111,97,1,7.0,2.0,4.2,-6.6,108.9,110.6,104.7,117.2,1.0,0.0,0,1,16.85696423496935,12.648572154706343,27.99057793428584,22.991725236375903,0.4936173554089831,-8.45757717073713,17.55072463768116,18.426470588235293,9.24074074074074,11.064516129032258,6.489928189813747,4.765125678054343,0.458,0.4847,0.39139999999999997,0.2974
21801030,2019-03-15,2018-19,HOU,PHX,108,102,1,9.0,5.0,7.2,-2.3,112.1,112.1,104.9,114.4,1.0,1.0,0,0,19.925629598437265,15.826573639367068,32.1311337108255,29.03362984746691,12.65484969507539,-26.39264254443254,35.14492753623188,25.14814814814815,8.246376811594203,3.6052631578947367,10.451894376824642,7.4917152217340535,0.44959999999999994,0.4579,0.3553,0.3487
21801029,2019-03-15,2018-19,MIA,MIL,98,113,0,6.0,7.0,3.8,6.8,112.1,123.7,108.3,116.9,1.0,2.0,0,0,13.237237394957981,19.990273579787644,26.523857809028783,29.508761168382062,2.1329747805685124,35.77353093996046,17.191176470588236,26.848484848484848,13.693548387096774,6.176470588235294,3.1020801384699577,6.792365506680747,0.4906,0.4694000000000001,0.38530000000000003,0.3641
21801031,2019-03-15,2018-19,NOP,POR,110,122,0,4.0,7.0,-3.1,6.6,115.9,118.2,119.0,111.6,2.0,2.0,0,0,12.602333570244019,19.175097580015613,24.07877807664972,28.056233703280434,-4.147054536564534,15.944347473461795,20.55223880597015,21.071428571428573,4.943396226415095,15.098591549295774,5.767548361302625,7.255250309549034,0.4685,0.4777,0.34800000000000003,0.3372
21801027,2019-03-15,2018-19,PHI,SAC,123,114,1,6.0,3.0,0.6,-1.3,108.1,115.7,107.5,117.0,2.0,0.0,0,1,20.831974676340874,16.558403299454998,33.42715874498327,30.37206740330304,17.564413755258826,-2.554456279972701,16.633802816901408,16.93548387096774,8.285714285714286,13.777777777777779,6.005764004378362,2.887139433780972,0.45109999999999995,0.44720000000000004,0.3312,0.3484
21801032,2019-03-15,2018-19,SAS,NYK,109,83,1,7.0,2.0,1.8,-6.4,109.7,105.5,107.9,111.9,2.0,2.0,0,0,11.926281432889576,11.489197530864198,26.728055477371345,25.670243739478117,4.029959369431739,-18.937984006734006,9.726027397260275,13.092592592592593,10.67605633802817,6.6909090909090905,6.406734198983605,2.3572367041633173,0.4718,0.4403,0.3711,0.379
21801028,2019-03-15,2018-19,WAS,CHA,110,116,0,5.0,3.0,1.1,-3.9,117.2,110.8,116.1,114.7,1.0,3.0,0,0,17.106110481535445,16.33430291896305,29.971801313456883,27.08933265962338,-13.07236664955237,1.780125989709578,25.27777777777778,24.416666666666668,9.580645161290322,6.621621621621622,5.470464308948206,7.014011970608902,0.4742,0.45030000000000003,0.3255,0.3671
21801039,2019-03-16,2018-19,SAS,POR,108,103,1,7.0,7.0,4.3,6.4,109.8,119.1,105.5,112.7,0.0,0.0,1,1,17.490942028985504,15.746183364965205,28.443241955035994,27.576070977569834,6.003952978465723,19.89412788405872,20.76388888888889,25.239436619718308,9.716216216216216,21.098591549295776,5.425120739647115,7.140011195055471,0.4833,0.4787,0.34249999999999997,0.35229999999999995
21801035,2019-03-16,2018-19,WAS,MEM,135,128,1,5.0,5.0,1.8,2.4,117.2,108.6,115.4,106.2,0.0,2.0,1,0,15.307965499746322,15.283321783321782,30.11223579250832,26.381918729766557,-12.655888162865178,-2.1863779255083604,25.47945205479452,20.333333333333332,14.642857142857142,7.712121212121212,5.8167197555991335,5.199129599634476,0.47969999999999996,0.45170000000000005,0.3381,0.3324
21801038,2019-03-16,2018-19,OKC,GSW,88,110,0,4.0,5.0,-1.5,-1.6,108.8,113.3,110.3,114.9,1.0,2.0,0,0,21.811134728654793,18.862345679012346,31.756378125416347,29.39265077189777,27.416379175486867,24.938149453329718,28.044117647058822,6.703703703703703,12.901408450704226,6.271428571428571,7.701290583414673,9.318109567928694,0.43309999999999993,0.47029999999999994,0.3215,0.3497
21801041,2019-03-16,2018-19,UTA,BKN,114,98,1,7.0,6.0,5.8,3.2,111.5,108.7,105.7,105.5,1.0,2.0,0,0,16.63768115942029,17.090886605783865,30.021214113181504,27.331052002266564,21.46989302967564,-3.3955069982132224,22.91304347826087,14.1875,11.458333333333334,11.333333333333334,4.457775883662152,4.970850661344479,0.4535,0.4548,0.3496,0.3377
21801040,2019-03-16,2018-19,DEN,IND,102,100,1,6.0,5.0,5.6,-2.4,113.0,106.6,107.4,109.0,1.0,1.0,0,0,16.38363045405299,12.663166463166464,28.852489325356053,29.79769246031746,22.252708994102438,11.816267066267066,17.846153846153847,12.830769230769231,10.527777777777779,14.348484848484848,3.627337482998224,2.2122687383331434,0.45709999999999995,0.46279999999999993,0.3731,0.3769
21801037,2019-03-16,2018-19,DAL,CLE,121,116,1,1.0,4.0,-10.8,-5.6,102.6,108.0,113.4,113.6,1.0,1.0,0,0,11.816982009146189,15.3455098934551,21.90480298556698,26.479092379520374,-7.018348063124182,-24.932000642071714,17.82089552238806,15.36986301369863,6.765625,5.846153846153846,4.36708858684639,4.949086843478312,0.43229999999999996,0.4302,0.3248,0.3753
21801034,2019-03-16,2018-19,BOS,ATL,129,120,1,5.0,5.0,-0.9,2.9,111.4,123.5,112.3,120.6,1.0,2.0,0,0,15.82027444011211,16.95402859688574,29.08000335486213,27.65076121324994,18.073425924709593,-15.784120743165413,23.203389830508474,19.576923076923077,12.852941176470589,12.333333333333334,4.881826719421004,4.160809840118069,0.4787,0.44699999999999995,0.318,0.3796
21801036,2019-03-16,2018-19,NOP,PHX,136,138,0,3.0,5.0,-5.6,-1.6,114.1,112.5,119.7,114.1,0.0,0.0,1,1,8.609248219903959,15.85716410682164,24.317039088571345,25.73940844282303,-4.5292177082902985,-24.74273045226693,10.083333333333334,14.561643835616438,5.379310344827586,5.069767441860465,5.8419816613788695,7.932093071228038,0.4643,0.45890000000000003,0.33720000000000006,0.3443
21801044,2019-03-17,2018-19,DET,TOR,110,107,1,7.0,6.0,3.3,2.8,108.1,112.1,104.8,109.3,1.0,2.0,0,0,16.885924241098767,18.872927666802052,26.78040657385073,30.050569901774736,1.8978467745767191,23.0896402634911,17.571428571428573,14.214285714285714,15.070422535211268,7.216666666666667,6.410676694529064,6.785381045867734,0.4485,0.4665,0.3926,0.3877
21801048,2019-03-17,2018-19,HOU,MIN,117,102,1,9.0,4.0,7.2,-5.8,111.1,116.1,103.9,121.9,1.0,2.0,0,0,19.7434088365568,16.10530258571632,30.128122945870423,26.970187470657276,11.418266159869418,-1.9529861793216752,35.22857142857143,7.151515151515151,16.25,10.794520547945206,9.887373632499198,6.840008862141136,0.4495,0.47669999999999996,0.3456,0.3182
21801045,2019-03-17,2018-19,MIA,CHA,93,75,1,6.0,3.0,4.6,-4.6,112.3,110.1,107.7,114.7,1.0,1.0,0,0,11.930530040144248,16.394669130970502,25.798572463228105,27.14048654818172,2.757643968605389,2.4875470808366607,17.10144927536232,24.465753424657535,7.3076923076923075,5.323529411764706,3.693257625233694,6.985663445821031,0.4888,0.4479,0.3967,0.3729
21801043,2019-03-17,2018-19,MIL,PHI,125,130,0,7.0,6.0,7.1,1.1,121.0,109.8,113.9,108.7,1.0,1.0,0,0,18.811017376883697,21.090816636308443,27.71250036213396,33.43107294412577,36.54213511148011,18.716152745251105,26.940298507462686,26.81967213114754,15.425531914893616,8.133333333333333,6.804711466255997,6.023857249637864,0.46449999999999997,0.45649999999999996,0.35629999999999995,0.3335
21801042,2019-03-17,2018-19,NYK,LAL,124,123,1,2.0,2.0,-7.9,-6.7,103.4,108.8,111.3,115.5,1.0,1.0,0,0,9.981026651936256,17.809591642924975,25.43062171856117,25.812428283565055,-20.823340219341343,-5.197184852076156,10.338461538461539,26.35185185185185,9.076923076923077,5.388888888888889,1.9656496763392712,8.505119371536843,0.438,0.4723,0.3811,0.28690000000000004
21801046,2019-03-17,2018-19,ORL,ATL,101,91,1,5.0,4.0,1.6,1.2,105.3,123.5,103.7,122.3,2.0,0.0,0,1,15.831049359218374,12.87536231884058,29.741005518657186,25.065302156244282,5.427435528865002,-18.643111482817815,15.830985915492958,18.186666666666667,4.737704918032787,10.47887323943662,5.4140285292920325,3.680106475587607,0.44610000000000005,0.4487,0.36970000000000003,0.3807
21801047,2019-03-17,2018-19,SAC,CHI,129,102,1,3.0,3.0,-2.0,-6.9,114.8,114.5,116.8,121.4,1.0,1.0,0,0,18.053875303875305,12.829737231844343,28.223922312017898,26.909413562360385,-3.7892503274856217,-15.135455355062156,16.92063492063492,23.424242424242426,13.8,3.0,4.754103682118255,7.77402741545128,0.4495,0.47309999999999997,0.3514,0.3559
21801051,2019-03-18,2018-19,WAS,UTA,95,116,0,6.0,7.0,3.2,5.8,119.5,110.4,116.3,104.6,1.0,1.0,0,0,16.014570735118678,16.8722378506197,26.64718838852095,30.018131472195044,-8.060734559827749,20.993878755222934,25.675675675675677,22.928571428571427,12.273972602739725,5.162162162162162,7.363443077841568,5.810519170607312,0.47709999999999997,0.44820000000000004,0.3496,0.3489
21801053,2019-03-18,2018-19,TOR,NYK,128,92,1,5.0,2.0,2.2,-9.0,110.8,102.8,108.6,111.8,0.0,0.0,1,1,12.24723434424927,10.274146695715322,27.81768889101368,23.25651888162672,22.53260077271169,-19.68669184845655,16.12162162162162,10.941176470588236,14.140845070422536,11.257575757575758,2.6987683594981853,2.026637961346853,0.4715,0.44489999999999996,0.391,0.3841
21801058,2019-03-18,2018-19,POR,IND,106,98,1,6.0,4.0,4.4,-3.3,116.4,104.7,112.0,108.0,1.0,1.0,0,0,15.85572044647387,12.670507895860007,25.952600057450685,29.846086531312544,16.96514827392144,11.408206254707292,25.36111111111111,12.647887323943662,11.317460317460318,14.373134328358208,7.0721381861359065,2.1885738945970457,0.4708,0.45149999999999996,0.3556,0.3579
21801057,2019-03-18,2018-19,PHX,CHI,101,116,0,6.0,3.0,-0.6,-8.5,115.1,114.1,115.7,122.6,1.0,0.0,0,1,16.56762883235486,15.878948062716718,27.17627628574862,26.8319467152872,-28.161630960964054,-20.96374644158885,7.8493150684931505,23.34328358208955,3.85,5.8933333333333335,7.978097302077741,7.292800732363387,0.46579999999999994,0.47280000000000005,0.3402,0.3598
21801055,2019-03-18,2018-19,SAS,GSW,111,105,1,8.0,5.0,5.1,0.4,108.9,111.8,103.8,111.4,1.0,1.0,0,0,17.20242462436565,25.617407143422824,27.961145416161635,26.551744098144667,9.858140310663108,25.846329088666938,21.014285714285716,22.507246376811594,5.385714285714286,4.888888888888889,6.614901666400509,12.230057384172365,0.48180000000000006,0.4716,0.3572,0.3513
21801056,2019-03-18,2018-19,DAL,NOP,125,129,0,2.0,3.0,-8.7,-5.7,103.8,116.7,112.5,122.4,1.0,1.0,0,0,13.122300263388938,7.73817523266776,25.74015458995545,24.47907793599203,-5.447496139830198,-4.7665623095447724,8.6,7.532258064516129,6.938461538461539,5.4576271186440675,5.802126641808153,5.804832288968902,0.4417,0.4681,0.3358,0.3693
21801050,2019-03-18,2018-19,CLE,DET,126,119,1,3.0,7.0,-6.6,3.2,108.4,107.8,115.0,104.6,1.0,0.0,0,1,11.676479173020857,10.36558324304803,24.544235371565595,22.707713449500424,-25.28917486835215,4.6281328999638855,6.682926829268292,17.535211267605632,7.7592592592592595,15.13888888888889,4.717742432143169,4.789016005791148,0.4324,0.45119999999999993,0.3767,0.37829999999999997
21801052,2019-03-18,2018-19,BOS,DEN,105,114,0,6.0,6.0,1.0,4.8,112.7,111.8,111.7,107.0,1.0,1.0,0,0,17.791479716762623,14.965615231599886,29.13321095031686,28.94844779856564,17.76614095265791,19.597200789154833,15.753424657534246,19.666666666666668,9.253521126760564,5.630769230769231,5.353861046367436,4.951038921575019,0.47709999999999997,0.4638999999999999,0.3196,0.36419999999999997
21801054,2019-03-18,2018-19,OKC,MIA,107,116,0,4.0,7.0,-2.8,6.7,106.4,109.5,109.2,102.8,1.0,0.0,0,1,15.793041620215533,13.557473544973545,30.93352697105462,25.886070155423276,18.627317348909514,3.160111047107015,12.875,16.957142857142856,10.16,10.387096774193548,7.362140684510598,3.0932821129601584,0.4201,0.4788,0.3269,0.4051
21801060,2019-03-19,2018-19,ATL,HOU,105,121,0,4.0,9.0,1.0,7.9,121.5,110.9,120.5,103.0,1.0,1.0,0,0,16.938004051523144,17.270143846335245,26.057311906399992,31.891708838995708,-14.437357781847997,17.319287530746806,18.210526315789473,7.863013698630137,10.59322033898305,16.29310344827586,4.986311563384153,9.757724335021363,0.4417,0.4519,0.3589,0.35819999999999996
21801059,2019-03-19,2018-19,CHA,PHI,114,118,0,3.0,7.0,-6.2,3.1,106.1,111.3,112.3,108.2,1.0,1.0,0,0,15.418532969589307,18.329032484178484,25.47647269819915,31.191495691569106,-0.3644121659170858,11.046233990689343,7.041666666666667,19.3125,6.82051282051282,4.0,7.190640600396408,6.634422677827413,0.43389999999999995,0.45520000000000005,0.358,0.3429
21801061,2019-03-19,2018-19,MIL,LAL,115,101,1,6.0,2.0,5.5,-6.3,121.8,110.6,116.3,116.9,1.0,1.0,0,0,11.947856589004173,12.220634920634922,24.596225372070062,26.903426151224984,28.211691599295666,-9.424362897332847,17.514285714285716,8.6,15.145833333333334,4.9411764705882355,5.153018143535875,4.402271838400389,0.4636,0.47590000000000005,0.3536,0.2758
21801062,2019-03-19,2018-19,MIN,GSW,107,117,0,3.0,5.0,-8.0,0.4,115.1,111.1,123.1,110.7,1.0,0.0,0,1,15.739798468077156,25.549923195084485,27.015420368592792,31.238186725550435,-3.1308653623506015,31.066549131871714,16.907692307692308,22.385714285714286,5.103448275862069,6.121212121212121,7.471976766927583,10.727481163148203,0.46740000000000004,0.4715,0.3237,0.3457
21801063,2019-03-19,2018-19,SAC,BKN,121,123,0,3.0,4.0,0.4,-0.5,115.8,108.3,115.4,108.8,1.0,1.0,0,0,18.025033295281585,14.317041623667011,28.669414033373624,26.29218215845527,-0.41260530582095845,-2.340168393700802,16.890625,20.226666666666667,12.293333333333333,10.916666666666666,3.835277705679613,4.2673126554627965,0.4565,0.4423,0.3494,0.3303
21801071,2019-03-20,2018-19,SAS,MIA,105,110,0,9.0,7.0,6.9,7.5,108.2,108.5,101.3,101.0,1.0,1.0,0,0,18.67274907801941,11.463788906277168,28.783804293556805,24.19401450344744,9.423606919357656,2.4336635171967047,20.675675675675677,16.845070422535212,7.714285714285714,14.241379310344827,5.6388128760026275,3.84285032791831,0.48369999999999996,0.4755999999999999,0.3707,0.3922
21801073,2019-03-20,2018-19,POR,DAL,126,118,1,6.0,2.0,3.9,-8.2,114.7,105.1,110.8,113.3,1.0,1.0,0,0,13.078947759369777,11.891427316644709,23.87307051876488,24.605826737967913,13.650433101242204,-9.807871037743162,25.424657534246574,6.253333333333333,15.202702702702704,10.196078431372548,7.20414288465128,5.678414168498837,0.4612,0.43679999999999997,0.33409999999999995,0.3226
21801067,2019-03-20,2018-19,PHI,BOS,118,115,1,7.0,6.0,3.4,2.4,112.0,113.7,108.6,111.3,0.0,1.0,1,0,20.976114601809822,16.794606264637,33.51208149939952,28.9135261209834,19.57070032931042,15.73139819415434,16.68918918918919,23.42622950819672,7.529411764705882,9.222222222222221,6.2711824604286,4.787016744667366,0.46160000000000007,0.4806,0.345,0.3304
21801066,2019-03-20,2018-19,ORL,NOP,119,96,1,5.0,4.0,1.1,-4.7,104.1,117.7,103.0,122.4,2.0,1.0,0,0,13.124509803921569,6.764589169000934,29.77309910675381,17.10904387449424,4.271339869281046,-10.122184290382819,15.916666666666666,7.714285714285714,14.333333333333334,10.473684210526315,3.85464156811087,1.9416603703739541,0.43870000000000003,0.47009999999999996,0.3551,0.3801
21801069,2019-03-20,2018-19,CHI,WAS,126,120,1,3.0,5.0,-7.2,0.2,114.8,116.5,122.0,116.3,1.0,1.0,0,0,11.693776017869835,15.992723871412394,24.802864304855337,24.887266968607953,-18.126597538968483,-7.4901465698187,10.816326530612244,25.533333333333335,3.2790697674418605,12.175675675675675,5.479144156355644,7.367073180173134,0.4769,0.47329999999999994,0.3515,0.34950000000000003
21801068,2019-03-20,2018-19,NYK,UTA,116,137,0,1.0,7.0,-13.1,7.3,101.2,110.9,114.3,103.6,1.0,1.0,0,0,11.953102527029232,16.520809541936302,23.31824038262594,29.055069217104425,-24.999256520422215,20.894033827815623,12.028985507246377,22.87323943661972,5.133333333333334,8.82089552238806,3.2401204855100865,4.9626834848900385,0.4351,0.4607,0.3778,0.3543
21801070,2019-03-20,2018-19,MEM,HOU,126,125,1,5.0,9.0,2.3,9.0,110.8,111.2,108.5,102.2,3.0,0.0,0,1,11.140730413864743,22.234807330146314,24.54910096986005,32.226211975970585,-2.6276300320010835,12.752771744912257,20.442857142857143,34.958333333333336,5.684210526315789,7.7592592592592595,5.8450137610168005,10.361778700884186,0.4683,0.45699999999999996,0.3407,0.3653
21801065,2019-03-20,2018-19,CLE,MIL,107,102,1,4.0,6.0,-4.6,6.8,110.0,119.2,114.6,112.4,1.0,0.0,0,1,15.065048795774018,15.186128029437889,24.546600235915037,24.785329976102865,-28.359209506628076,29.386016791439328,15.693333333333333,17.690140845070424,9.0,5.826666666666667,4.33086487644795,5.449994098061115,0.449,0.4615,0.38849999999999996,0.3477
21801072,2019-03-20,2018-19,OKC,TOR,114,123,0,4.0,6.0,-3.3,7.3,106.7,113.8,110.0,106.5,1.0,1.0,0,0,16.689203122698483,17.70037918871252,33.098246995840604,30.065125090237007,25.645771297980755,29.738480104370513,22.903225806451612,16.16,6.484848484848484,14.720588235294118,7.673364963876507,5.926939545990318,0.42010000000000003,0.4854,0.3243,0.3942
21801078,2019-03-21,2018-19,SAC,DAL,116,100,1,3.0,1.0,0.9,-9.9,117.4,105.9,116.5,115.8,1.0,0.0,0,1,18.01720830141883,7.858828560201559,29.56448546522231,22.538729373775617,-0.5426820236888887,-4.106343554845674,20.105263157894736,6.96969696969697,9.579710144927537,6.161290322580645,3.7849939693806136,5.554816458373572,0.4692,0.4368,0.3508,0.3127
21801077,2019-03-21,2018-19,PHX,DET,98,118,0,5.0,7.0,-2.4,3.7,112.8,110.4,115.2,106.7,2.0,2.0,0,0,12.410916050839027,17.13288811459543,26.688048974917898,25.28592925088005,-26.287553579140848,2.8513929565658054,7.905405405405405,17.583333333333332,4.977777777777778,8.673469387755102,8.174544359845251,7.329165512104858,0.46160000000000007,0.45990000000000003,0.3265,0.3797
21801075,2019-03-21,2018-19,WAS,DEN,108,113,0,5.0,6.0,0.7,3.0,118.9,110.9,118.2,107.9,0.0,2.0,1,0,16.530338472443734,15.162004074274549,23.47290038647343,27.605627310311906,-8.557322527705637,20.83087056061734,25.55263157894737,12.396825396825397,14.370967741935484,5.742424242424242,7.497869478817623,5.353442967654153,0.48019999999999996,0.46099999999999997,0.3565,0.36479999999999996
21801074,2019-03-21,2018-19,CHA,MIN,113,106,1,3.0,3.0,-5.5,-8.2,106.5,113.5,112.0,121.7,1.0,1.0,0,0,15.459561136478944,15.784524431232342,28.373656728577892,27.113771506754794,-0.6418649781857328,-3.1871068024918667,24.226666666666667,16.954545454545453,7.509433962264151,5.135593220338983,6.495289684682757,7.451136319040681,0.4333,0.4647,0.3625,0.31710000000000005
21801076,2019-03-21,2018-19,ATL,UTA,117,114,1,3.0,7.0,-1.4,8.7,118.9,113.5,120.3,104.8,1.0,0.0,0,1,13.46135906347174,16.701851851851853,27.67754629197094,29.10275983164983,-15.340981084643058,24.234141414141416,18.246753246753247,22.97222222222222,7.28169014084507,11.946666666666667,4.98753079727917,4.491069807425456,0.4455,0.47319999999999995,0.355,0.36469999999999997
21801079,2019-03-21,2018-19,GSW,IND,112,89,1,5.0,4.0,0.3,-3.4,110.7,104.4,110.4,107.8,1.0,1.0,0,0,18.93604904279478,7.933841285953961,31.775416969654184,24.91122370540286,31.188452535387768,10.128414335390989,27.571428571428573,9.968253968253968,5.71875,12.452054794520548,9.67434064421079,3.9858278898236263,0.4694,0.4513,0.3568,0.35869999999999996
21801084,2019-03-22,2018-19,HOU,SAS,111,105,1,8.0,9.0,8.6,8.0,111.6,110.2,103.0,102.2,1.0,1.0,0,0,19.74217017724751,17.668063973063973,33.79512380166399,28.165609851606188,18.554414459294588,7.566167638385371,16.112903225806452,11.363636363636363,9.25,14.26984126984127,9.80331769047407,5.5887682770076355,0.4523,0.4904,0.3678,0.3952
21801086,2019-03-22,2018-19,LAL,BKN,106,111,0,1.0,5.0,-8.3,0.6,108.2,109.0,116.5,108.4,2.0,2.0,0,0,16.557158438848578,14.905462084172179,24.767680108669026,27.771832467553217,-3.582919720095406,-3.2492239384026296,26.472727272727273,10.885245901639344,11.03076923076923,8.793103448275861,7.609800346443594,4.361983580190804,0.4622,0.4464,0.281,0.3417
21801085,2019-03-22,2018-19,MIL,MIA,116,87,1,5.0,8.0,5.2,8.3,116.3,107.7,111.1,99.4,1.0,1.0,0,0,18.46062763004745,11.519612794612796,28.01151237856676,24.81262474747475,37.82439923001164,0.38323778323778335,27.308823529411764,16.819444444444443,6.916666666666667,10.108108108108109,7.778954417271115,3.6254249698983734,0.4495,0.4702,0.35330000000000006,0.3843
21801082,2019-03-22,2018-19,NYK,DEN,93,111,0,1.0,6.0,-14.5,2.6,101.0,110.1,115.5,107.5,1.0,0.0,0,1,12.085516275475706,14.089188453159041,23.768181628025893,28.969909817906142,-25.43677748079386,20.337699280162514,10.720588235294118,17.691176470588236,11.102941176470589,8.133333333333333,3.0187495845325976,4.14290096178791,0.43900000000000006,0.4673,0.38530000000000003,0.3651
21801080,2019-03-22,2018-19,ORL,MEM,123,119,1,6.0,6.0,3.9,2.9,105.7,112.7,101.8,109.8,1.0,1.0,0,0,15.31140350877193,9.606285216587567,29.713261595770245,20.141911136361973,5.984412714334974,-1.9559895776152942,11.31578947368421,4.476190476190476,9.304347826086957,5.666666666666667,3.83803561589805,3.6960359659813777,0.44000000000000006,0.47000000000000003,0.3602,0.3558
21801083,2019-03-22,2018-19,TOR,OKC,109,116,0,6.0,4.0,5.9,-2.8,114.3,107.9,108.4,110.7,1.0,1.0,0,0,17.82044125465178,21.3972312352594,30.195119610827977,32.50752059349358,29.73477254736776,24.768794882300284,16.38157894736842,27.971830985915492,14.594202898550725,15.36986301369863,5.858180794033748,7.6959687743326635,0.4882000000000001,0.4163,0.3859,0.33039999999999997
21801089,2019-03-23,2018-19,WAS,MIA,108,113,0,4.0,7.0,-1.2,2.5,116.2,104.7,117.4,102.2,1.0,0.0,0,1,14.542514699231118,11.85089802130898,26.80083959901803,25.972036864814243,-8.274327976505594,2.3209012073577164,8.5,16.726027397260275,3.9574468085106385,10.441176470588236,7.419104907823064,3.033482198780018,0.4808,0.4589,0.3518,0.3728
21801093,2019-03-23,2018-19,POR,DET,117,112,1,6.0,7.0,4.2,2.1,117.6,109.3,113.4,107.2,2.0,1.0,0,0,13.83123123123123,16.878180225372972,26.01058821106821,27.87478265180627,18.042740322740325,6.87358043600494,25.527027027027028,17.561643835616437,11.261538461538462,8.72,7.0717183445949345,6.3852289740038195,0.4685,0.44810000000000005,0.36029999999999995,0.3661
21801091,2019-03-23,2018-19,MEM,MIN,99,112,0,5.0,3.0,2.0,-8.2,113.6,112.6,111.6,120.8,0.0,1.0,1,0,12.783187486800466,15.826540826540827,23.49483658792898,27.20706079603289,-0.5830584820316934,-3.4560541676375554,20.64788732394366,6.317460317460317,5.785714285714286,5.15,6.008983587651493,7.415418259811742,0.47640000000000005,0.46180000000000004,0.37029999999999996,0.32199999999999995
21801094,2019-03-23,2018-19,SAC,PHX,112,103,1,4.0,5.0,2.6,-3.0,115.0,111.0,112.4,114.0,1.0,1.0,0,0,15.542712842712843,12.421871921182266,28.779180707568294,24.480349098995752,-0.11263669507971061,-22.813664272220525,20.22077922077922,25.482758620689655,14.084745762711865,5.021739130434782,3.617824127189435,8.536310138616235,0.47140000000000004,0.46690000000000004,0.3515,0.3181
21801090,2019-03-23,2018-19,CHI,UTA,83,114,0,3.0,6.0,-7.3,8.0,110.6,113.4,117.9,105.4,2.0,1.0,0,0,10.767801120448178,16.742850276375872,18.873191934351205,29.919388933128158,-14.029250207125106,23.713687331188325,5.794117647058823,11.802631578947368,8.628571428571428,11.407894736842104,5.3874113818400815,4.5474967513394695,0.47700000000000004,0.4731000000000001,0.3599,0.3546
21801087,2019-03-23,2018-19,CHA,BOS,124,117,1,4.0,6.0,-4.3,2.6,106.5,116.0,110.8,113.4,1.0,2.0,0,0,12.276434329065907,17.79440355394013,24.944615410471755,28.726000568264766,-1.6529496872503362,14.858966116789272,24.31578947368421,15.613333333333333,4.675,9.36986301369863,7.494599825912193,5.432750965504017,0.4293,0.481,0.35710000000000003,0.35
21801088,2019-03-23,2018-19,ATL,PHI,129,127,1,4.0,7.0,-0.4,3.3,114.5,113.0,114.9,109.7,1.0,2.0,0,0,16.92837272790103,18.483264281230383,27.717572531268093,33.5836042251816,-14.874278591259722,19.110014796879202,18.307692307692307,19.555555555555557,10.41891891891892,7.333333333333333,4.3393161173696155,6.39034259831435,0.44299999999999995,0.4532,0.3658,0.3383
21801092,2019-03-23,2018-19,GSW,DAL,91,126,0,6.0,1.0,2.7,-8.5,109.4,107.8,106.7,116.3,1.0,1.0,0,0,18.452342047930284,12.272390440202187,27.83464608133396,19.237743384312232,19.36569549449874,-2.4624855991061616,26.52777777777778,20.676056338028168,6.294117647058823,6.940298507462686,8.931588931018863,6.046857306897146,0.4694,0.44530000000000003,0.35750000000000004,0.32520000000000004
21801098,2019-03-24,2018-19,TOR,CHA,114,115,0,5.0,4.0,5.0,-4.7,113.3,106.6,108.3,111.3,1.0,0.0,0,1,17.905470965815795,12.433388015493279,30.78212732945216,22.240473094160464,32.99385664661527,-2.206663840039963,16.493506493506494,24.467532467532468,13.891891891891891,4.658536585365853,5.929207530619941,7.707845938654121,0.48260000000000003,0.4203,0.4022,0.3616
21801096,2019-03-24,2018-19,MIL,CLE,127,105,1,6.0,4.0,8.5,-1.4,116.8,109.7,108.3,111.1,1.0,1.0,0,0,20.253738550939264,15.135122655122656,28.022658359755702,28.22893785287859,36.08145695570855,-26.058696443045022,17.80821917808219,15.87012987012987,6.907407407407407,6.433333333333334,7.780029898124078,4.551902635148057,0.46159999999999995,0.4532,0.3648,0.376
21801102,2019-03-24,2018-19,LAL,SAC,111,106,1,1.0,5.0,-7.7,4.2,106.8,115.3,114.5,111.1,1.0,0.0,0,1,17.790343915343914,17.20701144429958,27.91346707517834,29.75937851868087,-9.42522286591553,-1.5329674109381728,18.305555555555557,14.338983050847459,7.358208955223881,6.015384615384615,7.332920984870429,4.852065573342757,0.45280000000000004,0.4696999999999999,0.27349999999999997,0.36760000000000004
21801099,2019-03-24,2018-19,NOP,HOU,90,113,0,3.0,8.0,-8.4,8.1,114.3,111.2,122.7,103.1,3.0,1.0,0,0,13.009367100036116,19.998998998999,23.387083978120863,31.040950164877792,-5.856910668121195,12.777598771019822,7.8125,9.0,25.76271186440678,10.393939393939394,8.406137895838294,10.776022440695668,0.4499000000000001,0.44670000000000004,0.3502,0.3644
21801101,2019-03-24,2018-19,GSW,DET,121,114,1,6.0,6.0,-0.1,1.1,108.9,109.3,109.0,108.2,0.0,0.0,1,1,25.36244292237443,17.100473354710644,29.243192180284677,26.89278966673054,17.91634596780435,6.7113934622558755,22.205479452054796,17.58108108108108,4.216666666666667,15.24,11.262256974353587,6.392044153938784,0.4692,0.4516000000000001,0.3483,0.3709
21801100,2019-03-24,2018-19,BOS,SAS,96,115,0,5.0,8.0,0.8,6.2,117.0,110.2,116.2,104.0,0.0,1.0,1,0,14.321446734581064,17.144015861571738,27.661894894969596,26.270071462350085,15.528342784557454,6.941296441075496,23.746031746031747,20.486842105263158,5.23404255319149,9.820512820512821,6.343900964353152,6.344157710584698,0.4835999999999999,0.48410000000000003,0.36560000000000004,0.37150000000000005
21801097,2019-03-24,2018-19,IND,DEN,124,88,1,3.0,7.0,-6.4,5.1,101.1,110.8,107.5,105.7,2.0,1.0,0,0,12.609232529089766,16.568294314381273,29.208551069045065,28.995180171489487,10.006417158352676,22.639657849638237,12.527027027027026,19.64,14.114285714285714,10.460526315789474,3.3728726287828863,3.575637919607287,0.4422,0.4686,0.3255,0.3766
21801104,2019-03-25,2018-19,MEM,OKC,115,103,1,5.0,4.0,0.9,-2.5,112.8,109.6,111.9,112.1,1.0,2.0,0,0,6.20585908344529,22.203578578578576,20.90039556617438,31.92812824736501,-3.4554891742083864,25.143013822646175,5.113636363636363,27.97222222222222,6.590909090909091,13.093333333333334,3.61777613285219,7.657441569869416,0.47029999999999994,0.4255,0.36729999999999996,0.3469
21801103,2019-03-25,2018-19,ORL,PHI,119,98,1,6.0,7.0,3.6,3.4,107.7,114.0,104.1,110.6,2.0,1.0,0,0,16.889493389493392,21.916008771929825,29.552792991692986,30.590691164674098,6.132958932958932,17.498828343166423,15.824324324324325,19.210526315789473,11.428571428571429,7.421052631578948,3.823775286119368,7.967392057689756,0.4424,0.4546,0.3606,0.3366
21801106,2019-03-25,2018-19,POR,BKN,148,144,1,7.0,6.0,4.9,2.2,117.6,108.9,112.7,106.7,1.0,2.0,0,0,14.584945226917057,16.98811099003736,25.594810521184463,26.615557189383658,17.974101090264263,-2.6712399322861247,25.56,13.465753424657533,9.236842105263158,11.302631578947368,7.042231730639246,5.487967184781666,0.4734999999999999,0.4354,0.36019999999999996,0.3485
21801105,2019-03-25,2018-19,UTA,PHX,125,92,1,7.0,4.0,11.4,-4.8,113.6,109.5,102.2,114.3,1.0,1.0,0,0,16.74061074061074,16.727240233157772,29.070242875036996,25.057906166317355,22.6794875765464,-22.80734611102021,11.818181818181818,25.593220338983052,5.141025641025641,3.813953488372093,5.865485329959402,8.512983301231246,0.4748,0.4565,0.35219999999999996,0.3215
21801109,2019-03-26,2018-19,MIA,ORL,99,104,0,7.0,6.0,2.9,5.2,104.6,107.9,101.7,102.7,2.0,0.0,0,1,13.133970657964467,16.945811965811966,25.286376537661056,29.83456034188034,1.9087120374465574,7.175406283856988,16.743243243243242,15.773333333333333,13.875,9.309859154929578,3.58716805000448,3.869995749101557,0.4532,0.4436,0.3645,0.3628
21801113,2019-03-26,2018-19,NOP,ATL,120,130,0,2.0,4.0,-11.5,-0.7,111.3,115.1,122.8,115.8,1.0,2.0,0,0,10.5496632996633,13.612815144489614,20.61889665982166,25.794950166378044,-7.286302586302586,-13.347700427338221,20.75,13.425925925925926,10.225,19.12280701754386,5.713479823447591,4.334221640896394,0.4422999999999999,0.442,0.3352,0.3477
21801111,2019-03-26,2018-19,MIL,HOU,108,94,1,7.0,8.0,11.6,9.2,119.0,111.8,107.4,102.6,1.0,1.0,0,0,17.20895707737813,19.809302238979658,28.03967916564548,32.33171804847061,33.91611834974298,19.787297334623,17.7972972972973,35.50666666666667,5.39622641509434,16.078125,8.071748511667508,9.927474409067552,0.48,0.4508,0.37279999999999996,0.3632
21801116,2019-03-26,2018-19,LAL,WAS,124,106,1,2.0,3.0,-6.3,-2.6,107.0,113.8,113.3,116.4,1.0,2.0,0,0,15.0273880885876,16.025968822843822,28.025886392942226,24.11874754249019,-8.677212530666456,-8.886809764078224,10.102564102564102,8.545454545454545,7.367647058823529,14.702127659574469,7.371217666609513,7.3416418531028285,0.45039999999999997,0.4696999999999999,0.274,0.34540000000000004
21801110,2019-03-26,2018-19,TOR,CHI,112,103,1,5.0,3.0,5.4,-9.9,114.0,107.1,108.6,117.0,1.0,2.0,0,0,8.75266089842361,6.133934101325406,25.340171772282527,18.487932952390423,20.789112336745184,-13.800780640737774,10.779661016949152,6.694444444444445,14.40983606557377,2.875,6.998779865277654,2.1126244500162654,0.5025,0.46180000000000004,0.40859999999999996,0.3428
21801114,2019-03-26,2018-19,DAL,SAC,121,125,0,2.0,4.0,-1.1,3.0,111.6,114.4,112.7,111.4,2.0,1.0,0,0,12.636207769492772,18.00678441687377,20.711277535183882,30.20375839417999,0.9014652211521542,2.5176313298559188,20.708333333333332,20.253164556962027,7.441558441558442,9.555555555555555,5.830299479952346,3.8473225007570067,0.4627,0.46019999999999994,0.34140000000000004,0.3721
21801107,2019-03-26,2018-19,CHA,SAS,125,116,1,5.0,8.0,-3.6,6.7,107.3,110.1,110.9,103.4,1.0,1.0,0,0,12.554655870445345,17.47028197028197,22.357982375482536,28.32488925498925,0.19502961338946645,5.333448408131952,24.346153846153847,20.844155844155843,7.660714285714286,11.379746835443038,6.973330980981685,5.028469390390568,0.41979999999999995,0.4856,0.3631,0.36269999999999997
21801115,2019-03-26,2018-19,DEN,DET,95,92,1,7.0,5.0,2.3,-1.3,108.4,107.6,106.1,108.9,1.0,1.0,0,0,14.39090909090909,16.341576544099976,28.956644611528823,28.175837320501337,20.53731601731602,1.8097605470712896,12.272727272727273,24.493150684931507,10.480519480519481,8.657894736842104,3.5362248825401545,6.249127651162043,0.4617,0.44420000000000004,0.3726,0.3672
21801108,2019-03-26,2018-19,CLE,BOS,106,116,0,3.0,5.0,-5.0,0.0,109.5,116.2,114.5,116.2,1.0,1.0,0,0,12.594995670188766,11.63003095975232,28.33271993235807,26.69135523474278,-30.571253536096425,12.530001000455643,15.897435897435898,15.56578947368421,10.951219512195122,12.815384615384616,3.490424658979909,2.7587724252420047,0.4525,0.47589999999999993,0.37020000000000003,0.35700000000000004
21801117,2019-03-27,2018-19,CHI,POR,98,118,0,3.0,7.0,-9.9,4.3,107.8,120.6,117.7,116.3,0.0,1.0,1,0,6.831646309917448,14.48729316646759,14.781698253243459,25.021204818217438,-11.262049471024435,9.120377618787142,6.876712328767123,25.63157894736842,8.666666666666666,6.647058823529412,2.080551849320365,7.353830863765257,0.4683999999999999,0.47250000000000003,0.3616,0.3569
21801118,2019-03-27,2018-19,MEM,GSW,103,118,0,5.0,6.0,-0.9,0.3,113.2,109.0,114.1,108.7,1.0,2.0,0,0,10.4,25.307137907137903,23.57431117909048,31.67592882330491,-0.4460335571799301,30.137139495835147,6.3,26.33783783783784,7.957746478873239,5.712121212121212,5.8618380856356085,9.493765162320562,0.46519999999999995,0.4808,0.3594,0.3579
21801119,2019-03-27,2018-19,OKC,IND,107,99,1,4.0,4.0,-2.6,-2.3,107.9,102.3,110.5,104.6,1.0,2.0,0,0,19.227350427350427,14.262681436210848,32.57191268637722,29.065495835141565,23.580755743530265,11.579149834743522,28.0,17.493506493506494,15.64,6.815789473684211,7.63853181648445,3.461975696183236,0.4208,0.44370000000000004,0.3411,0.344
21801120,2019-03-27,2018-19,PHX,WAS,121,124,0,3.0,3.0,-9.0,-4.3,107.3,113.3,116.3,117.6,1.0,0.0,0,1,12.630086580086582,14.565654855143023,25.515020601232667,23.85798323102324,-26.30760255809517,-7.612475070465085,26.15,9.652173913043478,5.979591836734694,4.061224489795919,8.580826724408897,7.890965650534229,0.45219999999999994,0.4665,0.3201,0.33089999999999997
21801121,2019-03-27,2018-19,UTA,LAL,115,100,1,7.0,3.0,13.7,-3.7,114.7,108.9,101.0,112.6,1.0,0.0,0,1,16.741709401709404,12.4294240637302,29.809612961724262,21.797916950216703,25.319197324414713,-8.680769713118309,22.85333333333333,18.405405405405407,11.512820512820513,8.454545454545455,4.43467941161027,4.599265992313718,0.47830000000000006,0.4625,0.3731,0.28099999999999997
21801122,2019-03-28,2018-19,DET,ORL,115,98,1,4.0,7.0,-2.4,7.1,105.6,109.0,108.0,101.9,1.0,1.0,0,0,17.12640008429482,16.930934932267377,27.14681629941178,29.873962913613145,4.855583978690267,7.665047375823524,17.44736842105263,20.582278481012658,9.37704918032787,9.444444444444445,6.586726833838342,3.8358235699366947,0.4253,0.44089999999999996,0.3601,0.373
21801126,2019-03-28,2018-19,HOU,DEN,112,85,1,7.0,8.0,6.2,2.7,110.5,107.6,104.3,104.9,1.0,1.0,0,0,22.280701754385962,11.92433383609854,32.067539975226815,28.583576487445168,16.56542625621573,18.35441057147768,35.3421052631579,12.153846153846153,7.730769230769231,11.363636363636363,10.059787362126201,3.7359775001573374,0.4378,0.46099999999999997,0.3623,0.356
21801124,2019-03-28,2018-19,MIA,DAL,105,99,1,6.0,2.0,1.7,-0.6,105.4,111.4,103.7,112.0,1.0,1.0,0,0,10.832867683931513,8.596209229120623,23.84467668202219,21.391224215921216,-1.1686833312642748,-3.2684107213555778,13.515151515151516,6.582278481012659,10.116883116883116,7.217391304347826,2.480777286812084,5.491684813868994,0.45289999999999997,0.4649,0.36019999999999996,0.3381
21801128,2019-03-28,2018-19,NOP,SAC,121,118,1,1.0,5.0,-12.8,3.6,111.8,116.0,124.6,112.4,1.0,1.0,0,0,7.025682482813529,15.320587142326273,20.66288332243964,29.624430998288165,-9.556591820049581,0.15015460784435083,10.24390243902439,16.94871794871795,7.277777777777778,14.0,5.930684777889826,2.850439544697824,0.44139999999999996,0.4608,0.3255,0.37079999999999996
21801125,2019-03-28,2018-19,NYK,TOR,92,117,0,1.0,6.0,-14.6,7.5,100.1,115.7,114.7,108.2,3.0,1.0,0,0,9.899846040419812,12.360548523206752,23.65320963552182,27.656169721957564,-24.863375428814543,20.23755972720695,6.622950819672131,10.716666666666667,13.679245283018869,13.776315789473685,2.9503050913616815,2.53055941701322,0.43879999999999997,0.5097,0.3614,0.4234
21801123,2019-03-28,2018-19,PHI,BKN,123,110,1,6.0,6.0,0.5,4.7,112.4,114.5,111.9,109.8,2.0,2.0,0,0,18.572958204105745,15.864287364287364,31.60655358455954,27.132073513348512,16.112733663510195,-4.350051975051976,19.24590163934426,13.45945945945946,27.076923076923077,8.633333333333333,6.309884780993811,4.709522168027788,0.4567,0.4478,0.3234,0.3628
21801129,2019-03-28,2018-19,SAS,CLE,116,110,1,7.0,3.0,5.7,-5.4,111.3,109.4,105.6,114.8,1.0,1.0,0,0,17.756944444444443,13.257936507936508,28.85265512820513,26.347934538460247,6.110996503496503,-29.968228852722525,20.833333333333332,16.0,10.76923076923077,10.857142857142858,5.069939503908043,4.229672287069138,0.4781000000000001,0.46110000000000007,0.364,0.36019999999999996
21801134,2019-03-29,2018-19,UTA,WAS,128,124,1,8.0,4.0,16.2,-3.5,115.8,112.7,99.6,116.2,1.0,1.0,0,0,16.713468798578727,18.114953102453104,29.810709082833664,24.19509840032983,24.722515413005087,-8.716385281385282,22.69736842105263,25.5375,8.652777777777779,5.72,4.8712534542399695,7.77600832094073,0.485,0.46630000000000005,0.36689999999999995,0.33049999999999996
21801133,2019-03-29,2018-19,OKC,DEN,105,115,0,4.0,7.0,-2.6,-1.6,105.7,104.6,108.3,106.2,1.0,0.0,0,1,21.615966615966617,16.844017094017094,32.636304855504854,29.04423457348752,24.073718694771326,18.437952409136326,28.04054054054054,19.628205128205128,15.473684210526315,8.08860759493671,7.628314450778894,4.215497053499815,0.4197,0.45200000000000007,0.3476,0.3417
21801132,2019-03-29,2018-19,MIN,GSW,131,130,1,3.0,7.0,-7.7,5.1,109.7,111.3,117.4,106.2,2.0,1.0,0,0,16.379851061620165,20.213889716840537,25.748928226104358,31.147541492389024,-7.01028064673147,31.540967961978485,7.71830985915493,6.918032786885246,5.7,15.916666666666666,7.849449160141158,9.497203725468534,0.4483,0.4944,0.3367,0.38339999999999996
21801130,2019-03-29,2018-19,BOS,IND,114,112,1,5.0,3.0,-2.3,-4.0,115.0,101.7,117.3,105.7,2.0,1.0,0,0,13.913893398268398,14.34913484505775,25.798417745000336,29.800395472727224,16.953010089170803,9.34559490507165,23.546875,12.971830985915492,15.636363636363637,14.180555555555555,6.250578592937273,2.309348792654461,0.47539999999999993,0.442,0.3558,0.3419
21801131,2019-03-29,2018-19,ATL,POR,98,118,0,5.0,8.0,0.4,7.2,116.8,121.3,116.4,114.1,2.0,1.0,0,0,15.52713963963964,14.01862977205443,23.671376977453544,25.618521094028075,-13.265174713450573,9.440855684435876,19.0,25.441558441558442,11.772727272727273,11.323529411764707,6.172871824887823,6.832663111794171,0.44559999999999994,0.4711,0.348,0.36029999999999995
21801135,2019-03-29,2018-19,LAL,CHA,129,115,1,3.0,6.0,-3.6,-2.0,109.0,111.4,112.6,113.4,1.0,2.0,0,0,15.021455938697317,12.774186256781194,27.08705196542602,22.454378305440923,-9.002873526235595,-0.06272261661459572,8.333333333333334,24.518987341772153,11.58108108108108,14.828947368421053,7.335859694929237,7.339846468446325,0.453,0.42919999999999997,0.29169999999999996,0.3552
21801141,2019-03-30,2018-19,NYK,MIA,92,100,0,1.0,6.0,-16.0,0.7,99.7,103.3,115.7,102.6,1.0,1.0,0,0,8.28024643147088,11.713770331417388,21.56053404269175,24.31213141428436,-23.547840574523978,-0.5622267306090838,12.273972602739725,13.794117647058824,10.732394366197184,7.895833333333333,3.073835720751723,2.526358354893117,0.4298,0.43970000000000004,0.34450000000000003,0.3355
21801143,2019-03-30,2018-19,MIN,PHI,109,118,0,4.0,7.0,-5.9,1.9,111.4,114.0,117.3,112.1,0.0,1.0,1,0,15.821072475911185,18.04996974351813,25.544230186659217,29.477185454545456,-6.699841735325607,10.814084625052368,17.242857142857144,18.38095238095238,6.590909090909091,7.571428571428571,7.587301065876562,6.3607786329040445,0.44320000000000004,0.4607,0.32910000000000006,0.3381
21801140,2019-03-30,2018-19,IND,ORL,116,121,0,3.0,7.0,-2.3,6.2,103.1,108.2,105.4,102.0,0.0,1.0,1,0,12.052380952380952,16.914231601731604,29.805787031300923,29.895847564935064,9.350007045254735,6.4991505070272195,12.157142857142857,15.805194805194805,14.136986301369863,9.452054794520548,2.3526089845491183,3.7903133082850893,0.44980000000000003,0.4351,0.3485,0.35819999999999996
21801144,2019-03-30,2018-19,PHX,MEM,115,120,0,2.0,5.0,-10.4,-2.0,108.7,114.0,119.1,116.0,2.0,2.0,0,0,13.589570227247359,10.955176852581223,24.49062276455394,23.810837493711933,-30.075972480484843,-1.834681585238244,26.540983606557376,20.698630136986303,16.44,7.916666666666667,8.305903717582936,5.842720679788686,0.4535,0.45990000000000003,0.3165,0.3599
21801139,2019-03-30,2018-19,DET,POR,99,90,1,4.0,9.0,-3.0,10.0,104.0,121.0,107.0,111.0,1.0,0.0,0,1,14.065859261511434,15.413873007623009,24.107814099943035,25.216207171392405,1.699050387393716,6.860700008118486,17.454545454545453,25.576923076923077,4.166666666666667,7.768115942028985,5.325068408659132,7.03293488453059,0.425,0.47859999999999997,0.35439999999999994,0.3664
21801142,2019-03-30,2018-19,CHI,TOR,101,124,0,2.0,6.0,-12.0,7.7,106.8,114.7,118.8,107.0,2.0,1.0,0,0,5.454749775247227,10.187027180469803,14.620296859117843,24.020282869784165,-12.900673325977136,18.73092612510391,3.723404255319149,10.737704918032787,3.7,14.438356164383562,2.054456310933073,3.4055123963861633,0.46719999999999995,0.5011,0.3572,0.4309
21801137,2019-03-30,2018-19,BKN,BOS,110,96,1,5.0,5.0,-0.5,-2.3,112.8,115.3,113.3,117.6,1.0,0.0,0,1,15.149728443146165,14.183418803418803,27.626572264612054,26.375286113886112,-5.039670342149522,10.507079587079588,13.573333333333334,12.933333333333334,16.96969696969697,8.743589743589743,3.738317275027212,2.736500274250929,0.43570000000000003,0.476,0.3557,0.3645
21801138,2019-03-30,2018-19,HOU,SAC,119,108,1,7.0,4.0,8.8,2.5,112.3,117.6,103.5,115.1,1.0,1.0,0,0,22.465503246753247,18.053738307324803,33.615063033209346,29.798260766575233,19.009484477880548,-0.0454234280557948,16.15625,17.050632911392405,9.055555555555555,12.17283950617284,9.917397669608718,2.865923287011799,0.4473999999999999,0.47240000000000004,0.36900000000000005,0.381
21801145,2019-03-31,2018-19,ATL,MIL,136,135,1,5.0,7.0,-0.9,10.4,116.2,117.8,117.1,107.4,1.0,2.0,0,0,13.518583286003247,3.890142021720969,22.66667336063532,15.152199314542134,-13.21512107981678,7.7411306640340385,19.016949152542374,4.456140350877193,11.64179104477612,12.329113924050633,6.187485319324531,3.4533552361110185,0.4469,0.47809999999999997,0.3415,0.3786
21801148,2019-03-31,2018-19,DEN,WAS,90,95,0,8.0,3.0,1.1,-4.5,105.6,113.0,104.5,117.5,1.0,1.0,0,0,14.976796133419635,7.545508837337753,27.455983662115937,24.488335692585075,17.927429496126766,-9.052380294895464,13.056603773584905,4.235294117647059,8.125,14.7,3.889786303869115,7.361410740849821,0.47059999999999996,0.46880000000000005,0.3477,0.3332
21801150,2019-03-31,2018-19,GSW,CHA,137,90,1,6.0,5.0,3.3,-3.5,112.1,111.7,108.8,115.2,1.0,1.0,0,0,18.846007652738006,12.93182978945174,29.467834533707617,23.30534921035417,26.93284215594354,0.36546279694513506,6.951612903225806,7.551282051282051,6.17948717948718,10.246753246753247,10.441330586673626,6.723703675519287,0.4877000000000001,0.43520000000000003,0.377,0.35960000000000003
21801147,2019-03-31,2018-19,NOP,LAL,102,130,0,2.0,4.0,-11.5,-0.9,113.5,111.2,125.0,112.1,2.0,1.0,0,0,6.665656565656565,10.115276435856146,15.919442358366272,19.758453311379014,-9.317854217854219,-9.009697418103215,5.333333333333333,11.56,20.972972972972972,10.93939393939394,6.311404205719626,3.0183045785397176,0.44580000000000003,0.46060000000000006,0.3201,0.3206
21801146,2019-03-31,2018-19,OKC,DAL,103,106,0,4.0,2.0,-2.8,-0.7,105.2,110.7,108.0,111.4,1.0,2.0,0,0,21.631777012374027,9.81738605146863,33.23985655889716,19.144261934224694,23.355904353512088,-0.8160577412169154,13.91025641025641,10.178571428571429,6.577464788732394,4.025,7.647969046276522,2.4309887548462634,0.4284,0.4568,0.3522,0.3427
21801149,2019-03-31,2018-19,SAS,SAC,106,113,0,7.0,4.0,5.6,2.0,111.8,116.9,106.2,114.9,2.0,0.0,0,1,18.61474771379611,15.969630281690142,29.342939937119844,30.286302990810714,5.331799493642179,2.108054026200711,21.05263157894737,16.690140845070424,10.835443037974683,9.405405405405405,5.035531229267781,3.8903571897327893,0.4816,0.472,0.3761,0.3994
21801155,2019-04-01,2018-19,NYK,CHI,113,105,1,1.0,2.0,-16.0,-13.5,99.5,106.5,115.5,120.0,1.0,1.0,0,0,12.231166650521489,8.207387387387387,23.22336751036751,15.635586766766767,-25.00682327698457,-11.193806306306305,10.61111111111111,6.96,6.0,4.020833333333333,3.7350539979465878,2.7150827686584926,0.43289999999999995,0.45830000000000004,0.3396,0.3578
21801156,2019-04-01,2018-19,TOR,ORL,121,109,1,6.0,7.0,7.9,6.2,114.6,109.2,106.7,103.0,1.0,1.0,0,0,17.67966499345264,13.268670379781492,30.594479337126806,26.882393990571767,35.51562542534368,3.7793747593747584,10.050632911392405,14.395061728395062,13.666666666666666,14.423076923076923,5.880575511063416,5.177159717845301,0.496,0.43789999999999996,0.4258,0.34940000000000004
21801159,2019-04-01,2018-19,UTA,CHA,111,102,1,9.0,5.0,17.5,-6.5,119.7,109.3,102.2,115.8,2.0,0.0,0,1,16.78154761904762,14.637195314973093,29.866451867264193,22.844615313290138,24.60469158949206,-3.884037677203423,15.575,24.320987654320987,5.135802469135802,10.14102564102564,5.792255502070511,6.920122842817911,0.5038,0.4232,0.38049999999999995,0.3461
21801157,2019-04-01,2018-19,MIN,POR,122,132,0,3.0,8.0,-7.3,8.4,108.8,117.3,116.1,108.9,1.0,1.0,0,0,16.02675948534683,15.30941078963231,27.42708664919071,26.109428710163918,-2.6452677634645023,4.171484150121866,17.338028169014084,25.544303797468356,3.6470588235294117,6.450704225352113,7.663811870254142,7.114898067402061,0.4438,0.4659,0.33809999999999996,0.3406
21801160,2019-04-01,2018-19,PHX,CLE,122,113,1,2.0,2.0,-10.2,-9.3,108.2,107.6,118.4,116.9,1.0,1.0,0,0,15.274601878317682,15.261047263860204,24.636356533969302,26.534424292810797,-26.046516524482218,-33.97079080809535,7.89873417721519,16.160493827160494,6.215686274509804,10.681818181818182,8.390259879227932,4.030620585238737,0.4649,0.45969999999999994,0.3261,0.3265
21801158,2019-04-01,2018-19,DAL,PHI,122,102,1,3.0,8.0,-0.3,4.4,112.0,116.7,112.3,112.3,0.0,1.0,1,0,8.055026280707855,13.308071773188052,14.70016198747608,27.528554633045456,-2.6539172410435077,9.70675110650932,6.6419753086419755,18.681818181818183,10.297297297297296,7.180327868852459,3.513479921170241,6.241565680559951,0.458,0.47070000000000006,0.351,0.375
21801154,2019-04-01,2018-19,BKN,MIL,121,131,0,5.0,7.0,0.3,11.0,112.5,119.9,112.2,108.9,1.0,0.0,0,1,15.107506747638327,9.507215007215008,27.67076517215019,25.270078715728715,-2.8636941481283955,28.272768323630395,20.7875,6.0,4.796610169491525,7.137931034482759,5.182152607183388,8.139281115962383,0.4342,0.47240000000000004,0.3509,0.3706
21801153,2019-04-01,2018-19,BOS,MIA,110,105,1,4.0,7.0,-5.0,3.6,112.9,102.9,117.9,99.3,1.0,1.0,0,0,17.379941577409934,11.832502141429522,28.876133841905848,24.48155453332922,18.00405141025137,-0.07427214854751396,13.0,10.10126582278481,5.392156862745098,7.836734693877551,6.322581521219488,2.5415117717688767,0.46659999999999996,0.4373,0.3677,0.334
21801152,2019-04-01,2018-19,IND,DET,111,102,1,3.0,5.0,-1.1,0.7,105.8,106.4,106.9,105.7,1.0,1.0,0,0,14.442758459196815,10.741080812844245,27.19770645593856,24.2137203036155,10.945603957126194,5.366590032066804,17.8,5.0508474576271185,5.857142857142857,8.745454545454546,4.452700687716754,4.634361214687292,0.46579999999999994,0.44020000000000004,0.35469999999999996,0.3509
21801164,2019-04-02,2018-19,GSW,DEN,116,102,1,7.0,7.0,8.4,-2.0,114.7,101.3,106.3,103.3,1.0,1.0,0,0,18.85816144639674,16.45564671814672,31.66184475600652,27.87746611949251,32.679556731986395,18.252656227656228,27.470588235294116,17.7972972972973,5.753623188405797,12.214285714285714,9.449774155845788,4.242089464657573,0.5037,0.44820000000000004,0.4173,0.30710000000000004
21801161,2019-04-02,2018-19,OKC,LAL,119,103,1,3.0,4.0,-4.0,0.3,105.7,111.9,109.7,111.6,1.0,1.0,0,0,21.35494637561887,10.089479948467316,33.27984546467932,21.5280546869278,22.879704463824854,-6.792831074464076,27.986842105263158,10.585365853658537,6.527777777777778,11.710526315789474,7.658764244483494,2.9206222923531335,0.42160000000000003,0.45339999999999997,0.346,0.32070000000000004
21801163,2019-04-02,2018-19,SAC,HOU,105,130,0,5.0,7.0,3.3,8.7,116.2,112.4,112.9,103.7,1.0,2.0,0,0,17.187990055459938,19.93935447383723,29.881184524231777,31.91683694231664,-1.2406264046826296,19.91387361618319,20.373493975903614,35.56410256410256,12.156626506024097,16.276923076923076,2.8519766570810186,10.019796822793055,0.46959999999999996,0.45260000000000006,0.41100000000000003,0.36219999999999997
21801162,2019-04-02,2018-19,SAS,ATL,117,111,1,6.0,6.0,4.2,-0.6,110.3,118.6,106.1,119.2,1.0,1.0,0,0,17.169660894660897,12.233830140762104,28.6328707427058,20.44369067792722,5.116115836578534,-14.138433226395449,20.825,18.670731707317074,14.102941176470589,11.558823529411764,5.036533982211545,5.122789602593869,0.47940000000000005,0.4539000000000001,0.36429999999999996,0.3581
21801167,2019-04-03,2018-19,WAS,CHI,114,115,0,3.0,2.0,-5.0,-12.0,112.5,106.2,117.5,118.2,2.0,1.0,0,0,6.855738922228284,7.2534246575342465,17.484816616489194,13.118104106482775,-5.634600676058749,-11.226539931040909,9.930555555555555,6.260273972602739,14.450980392156863,8.933333333333334,3.6091512688514027,2.8143311291629716,0.46229999999999993,0.453,0.3286,0.33130000000000004
21801175,2019-04-03,2018-19,POR,MEM,116,89,1,8.0,4.0,7.3,-5.1,118.0,112.2,110.7,117.3,1.0,2.0,0,0,14.681262575452715,7.793351472905183,25.937652763551,19.531888710993535,5.550337819046122,-13.48114872686746,11.309859154929578,5.23404255319149,7.644736842105263,3.0256410256410255,7.113800179945389,3.212691987065123,0.4718,0.43920000000000003,0.3519,0.3271
21801166,2019-04-03,2018-19,ORL,NYK,114,100,1,7.0,2.0,5.8,-14.1,110.4,101.6,104.6,115.7,1.0,1.0,0,0,16.87120510445611,12.311728636660144,29.88124210490206,23.963904059508298,5.349342072972823,-25.33224490815984,15.772151898734178,13.80952380952381,5.6923076923076925,3.619047619047619,5.1411491038927855,3.7747131864266597,0.4485,0.4399,0.35419999999999996,0.34700000000000003
21801171,2019-04-03,2018-19,NOP,CHA,109,115,0,2.0,5.0,-12.0,-6.2,113.3,108.9,125.3,115.1,2.0,1.0,0,0,12.223936967848521,15.619123700730677,22.806363576532625,22.78136897396469,-11.760671907371766,-4.752048113772151,20.92,24.597560975609756,7.5,4.333333333333333,6.268636318292321,7.608782497170798,0.4506,0.4205,0.3203,0.3304
21801170,2019-04-03,2018-19,MIA,BOS,102,112,0,6.0,5.0,-0.3,-2.0,102.6,112.4,102.9,114.4,1.0,1.0,0,0,12.01937321937322,17.430800653594773,24.68754715099715,28.907142035551594,3.4207264957264956,18.325844988344986,11.76923076923077,15.5375,12.523076923076923,5.365384615384615,2.0907185678950166,6.328219517311259,0.4364,0.45779999999999993,0.3217,0.3713
21801174,2019-04-03,2018-19,PHX,UTA,97,118,0,2.0,9.0,-9.7,16.7,108.9,119.4,118.6,102.7,1.0,1.0,0,0,8.996621621621621,16.813390313390315,20.32363198966383,24.439245634793977,-20.74528643031754,18.65114207163263,7.864864864864865,15.604938271604938,4.25531914893617,3.5714285714285716,2.4564704298019224,7.819833983976556,0.4709,0.5052000000000001,0.32120000000000004,0.387
21801173,2019-04-03,2018-19,DEN,SAS,113,85,1,6.0,6.0,-3.5,4.1,101.5,110.8,105.0,106.7,0.0,0.0,1,1,16.744601571268237,13.32884141987221,27.691553882638487,28.527170914808654,15.211257823078583,8.755886328262791,17.786666666666665,7.558441558441558,11.813953488372093,9.734939759036145,3.8404506663887856,5.67587120160539,0.43760000000000004,0.4795000000000001,0.30279999999999996,0.3746
21801172,2019-04-03,2018-19,DAL,MIN,108,110,0,4.0,2.0,2.4,-9.4,113.7,110.7,111.3,120.1,1.0,1.0,0,0,12.267275294004328,16.049833154077383,22.930140918230293,27.47900378869189,-2.6499618983006306,-5.681801533476888,6.853658536585366,24.025316455696203,6.521739130434782,5.266666666666667,5.424020136542108,7.307682521692782,0.4591,0.4481,0.35259999999999997,0.346
21801169,2019-04-03,2018-19,BKN,TOR,105,115,0,4.0,7.0,-0.9,11.6,113.2,116.6,114.1,105.0,1.0,1.0,0,0,17.0838795675397,18.949869353635833,28.251645672174597,31.196858196828014,-4.484617415989964,36.45441159312557,13.61038961038961,16.580246913580247,11.106060606060606,10.2875,3.7349547460189925,5.765276921302232,0.4373,0.4984,0.3532,0.449
21801168,2019-04-03,2018-19,ATL,PHI,130,122,1,5.0,7.0,-2.4,0.7,116.9,116.3,119.3,115.6,0.0,1.0,1,0,17.01843130096142,18.498734759604325,27.488321520714898,31.61951339137635,-16.505360119189348,9.287478329167929,19.083333333333332,18.956521739130434,11.768115942028986,4.454545454545454,4.636940822580866,6.364871251233111,0.4506,0.4657,0.34750000000000003,0.3628
21801165,2019-04-03,2018-19,DET,IND,89,108,0,5.0,3.0,3.2,-0.7,109.2,106.6,106.0,107.3,1.0,1.0,0,0,10.906329113924052,12.32814502265979,23.3363744424352,23.945602955789063,4.4058192686357245,12.665896097895729,17.518987341772153,12.569620253164556,15.275,14.133333333333333,4.558036509287296,4.5694550283246995,0.44830000000000003,0.4768,0.3657,0.3716
21801179,2019-04-04,2018-19,LAL,GSW,90,108,0,4.0,7.0,0.0,9.6,112.4,115.7,112.4,106.1,1.0,1.0,0,0,5.414722222222221,18.763465022296543,14.458887799145298,31.632596189329654,-3.2679006410256406,27.128943847693847,6.64,27.318840579710145,6.453125,6.621621621621622,2.5711637627825437,9.171906585248882,0.4563,0.5086,0.3391,0.418
21801177,2019-04-04,2018-19,PHI,MIL,122,128,0,6.0,7.0,-0.8,10.3,117.9,120.0,118.7,109.7,0.0,2.0,1,0,17.142803030303032,13.601384662802426,31.515493997669,23.878652238941473,11.067365967365967,28.694684763869397,27.257575757575758,6.140350877192983,4.644444444444445,18.013157894736842,8.243033156002559,8.30319213149509,0.46220000000000006,0.4729000000000001,0.3603,0.37520000000000003
21801178,2019-04-04,2018-19,SAC,CLE,117,104,1,5.0,2.0,1.7,-9.5,115.3,109.0,113.6,118.5,1.0,2.0,0,0,15.171165258619318,13.579809149786414,30.25660461893046,26.680515496646915,0.7727238470991439,-29.210011435443434,16.902439024390244,16.21951219512195,9.447368421052632,6.571428571428571,3.8805273910699647,4.388479035187441,0.4681,0.46559999999999996,0.40809999999999996,0.3287
21801189,2019-04-05,2018-19,PHX,NOP,133,126,1,2.0,2.0,-10.1,-11.4,108.9,112.6,119.0,124.0,1.0,1.0,0,0,7.820216049382716,7.069200065167807,19.17276349929164,22.90487676909346,-21.47075773539531,-11.583744220458069,11.148148148148149,10.136363636363637,4.803921568627451,7.508771929824562,3.0764723521117676,6.291042749447973,0.4732,0.45309999999999995,0.30820000000000003,0.313
21801181,2019-04-05,2018-19,ORL,ATL,149,113,1,8.0,5.0,8.2,-3.7,112.8,116.7,104.6,120.4,1.0,1.0,0,0,16.90245983935743,15.46487119437939,29.908150602409638,24.056651598143812,5.363038998097654,-12.56538511579495,20.46987951807229,19.18032786885246,9.447368421052632,3.085714285714286,3.8104244461477044,7.191211872437922,0.4551,0.45230000000000004,0.3522,0.343
21801186,2019-04-05,2018-19,OKC,DET,123,110,1,3.0,4.0,-3.6,-0.1,106.8,107.0,110.4,107.1,2.0,1.0,0,0,21.338714787627833,16.687666078777188,31.782005293837006,28.419334802637103,24.017922536390337,4.613045908421848,27.87012987012987,24.493333333333332,13.975,8.596491228070175,7.57690574116449,6.268913165552522,0.425,0.4441,0.3362,0.34890000000000004
21801185,2019-04-05,2018-19,MIN,MIA,111,109,1,3.0,6.0,-6.6,0.2,111.0,103.0,117.6,102.8,1.0,1.0,0,0,11.49284378929257,12.815997815997816,26.16394484529535,26.142526747728077,-5.199111686423691,-0.49336190144677894,17.410958904109588,14.054054054054054,7.8933333333333335,7.705882352941177,7.308261502122551,2.645586430646677,0.4508,0.43660000000000004,0.3463,0.3186
21801183,2019-04-05,2018-19,IND,BOS,97,117,0,3.0,5.0,1.0,-1.6,106.6,111.0,105.6,112.6,1.0,1.0,0,0,11.93579365079365,16.00902892942694,27.322788063800346,27.035899493962148,11.776728110395016,18.882722945792363,12.675,15.54320987654321,5.96078431372549,11.082191780821917,4.462360491760239,6.294693568178748,0.47840000000000005,0.4548,0.36839999999999995,0.3767
21801187,2019-04-05,2018-19,DAL,MEM,112,122,0,4.0,3.0,2.3,-8.6,114.6,110.6,112.3,119.2,1.0,1.0,0,0,6.898968207438831,7.863992637215528,15.228966288847085,20.202340027886656,-2.053413478422908,-11.228010493353967,6.879518072289157,8.16,2.3,3.1,3.024835490010566,2.3928562371502426,0.46230000000000004,0.4365,0.3381,0.33140000000000003
21801191,2019-04-05,2018-19,GSW,CLE,120,114,1,7.0,2.0,9.2,-7.9,115.5,110.3,106.3,118.2,0.0,0.0,1,1,24.9293550331525,12.948692211457333,28.689423389901236,26.716858369694386,29.471411371727832,-29.43435325778398,25.911392405063292,12.763157894736842,6.135135135135135,6.72,10.72786738772855,4.605314533747519,0.5055,0.47919999999999996,0.4142,0.3501
21801190,2019-04-05,2018-19,DEN,POR,119,110,1,6.0,8.0,-0.9,8.8,102.6,117.4,103.5,108.6,1.0,1.0,0,0,16.467949175105787,16.720256740986425,27.661934172996162,27.193641184677098,17.989077444320962,9.81544751243927,19.597560975609756,25.34567901234568,5.573333333333333,6.63013698630137,5.39324460234055,6.910058756976802,0.44400000000000006,0.4781000000000001,0.3103,0.3472
21801180,2019-04-05,2018-19,CHA,TOR,113,111,1,5.0,7.0,-6.2,11.3,108.8,117.0,115.0,105.7,1.0,1.0,0,0,12.942930814165754,17.021306818181817,22.90307600700219,31.1973721606307,-2.349109231538951,32.206914215972304,7.4375,14.121212121212121,6.7272727272727275,14.671052631578947,7.247558156898626,5.286457069875915,0.41719999999999996,0.5006999999999999,0.3205,0.4494999999999999
21801188,2019-04-05,2018-19,UTA,SAC,119,98,1,9.0,5.0,16.8,0.3,119.2,114.1,102.4,113.8,1.0,0.0,0,1,14.5761849497403,12.394694694694692,25.1304143419094,25.64180394427159,19.41837112050453,-2.4227738294682983,22.962025316455698,6.111111111111111,3.54,14.164179104477611,7.598014525137794,5.0804375490355245,0.5128999999999999,0.4652,0.40279999999999994,0.4101
21801184,2019-04-05,2018-19,HOU,NYK,120,96,1,8.0,2.0,14.0,-15.0,117.7,101.8,103.7,116.8,1.0,1.0,0,0,20.422685185185188,10.535048206100837,31.18390142933705,21.056844218970532,14.142763690543683,-34.46939042465358,35.5125,8.416666666666666,7.409836065573771,4.0,10.546149279526455,3.555579120215434,0.4641,0.4408,0.39790000000000003,0.32280000000000003
21801182,2019-04-05,2018-19,WAS,SAS,112,129,0,3.0,5.0,-4.5,-1.3,112.9,108.4,117.4,109.7,1.0,1.0,0,0,9.755898297446501,14.130899195121088,24.484797584280024,29.322585297216552,-6.027081503733851,4.957572581363512,14.557692307692308,11.607142857142858,12.025316455696203,5.2784810126582276,7.148882742500221,6.20021040277255,0.45990000000000003,0.46440000000000003,0.3089,0.3598
21801193,2019-04-06,2018-19,MIL,BKN,128,133,0,7.0,3.0,9.4,-4.7,121.5,113.4,112.1,118.1,1.0,2.0,0,0,11.639813164158591,17.075713081545533,25.159712380854025,28.088714776107224,28.9331400692975,-3.5247987416291573,15.658227848101266,13.551282051282051,6.803030303030303,8.359375,5.115720224371076,4.388370205825769,0.47040000000000004,0.4356,0.3741,0.349
21801194,2019-04-06,2018-19,CHI,PHI,96,116,0,3.0,5.0,-10.3,-2.3,107.0,117.8,117.3,120.1,2.0,1.0,0,0,8.064761904761903,20.91281862293471,16.064552895700793,29.564530877669654,-10.609518703202914,9.899543167267893,9.2,18.8,6.378378378378378,3.736842105263158,2.8636088464452776,9.069141379311116,0.4601,0.4591,0.3169,0.3811
21801197,2019-04-07,2018-19,MIN,OKC,126,132,0,4.0,4.0,-4.4,-2.1,112.1,108.5,116.5,110.6,1.0,1.0,0,0,10.738637133373976,22.028907203907206,27.57136523712518,33.27697781225976,-4.720550735572665,24.126192263692264,7.868421052631579,22.914285714285715,5.375,6.581081081081081,7.230246323626745,7.586234868894805,0.4546,0.42829999999999996,0.3588,0.3309
21801203,2019-04-07,2018-19,BOS,ORL,108,116,0,5.0,8.0,-0.5,8.9,109.8,115.7,110.3,106.8,1.0,1.0,0,0,16.241252564781977,16.97310405643739,27.996732955028314,29.882960611405053,12.609878939600302,7.209716209716209,11.216216216216216,15.74074074074074,8.975308641975309,9.558441558441558,5.025890253765603,3.7932316762014255,0.45969999999999994,0.4676,0.3665,0.3556
21801196,2019-04-07,2018-19,CLE,SAS,90,112,0,2.0,5.0,-8.0,-0.1,110.1,110.5,118.1,110.6,1.0,1.0,0,0,12.807720057720056,17.77252539570045,26.827747804037614,27.308920258570517,-29.00830130098423,6.314059819842028,16.38095238095238,20.9,6.8431372549019605,9.764705882352942,4.587382677226877,6.369635028791117,0.477,0.47359999999999997,0.3339,0.35269999999999996
21801198,2019-04-07,2018-19,DET,CHA,91,104,0,3.0,6.0,-1.7,-4.2,107.0,112.6,108.7,116.8,1.0,1.0,0,0,17.494879792072776,12.982346109175376,26.758358950654628,23.09455331348438,3.1101025810016116,-1.487015277491468,17.48148148148148,24.738095238095237,15.21951219512195,9.584415584415584,7.3276359068939145,6.963107434258194,0.44029999999999997,0.4327,0.3559,0.33440000000000003
21801200,2019-04-07,2018-19,HOU,PHX,149,113,1,8.0,3.0,14.9,-8.8,118.0,112.0,103.1,120.8,1.0,1.0,0,0,22.321095793103723,7.9667330346772856,31.81544282435264,20.94472196273678,22.334541685921295,-23.98047965755058,35.39506172839506,8.012195121951219,7.626506024096385,5.418181818181818,10.098796120304854,2.452548929724145,0.461,0.4795,0.39320000000000005,0.3202
21801199,2019-04-07,2018-19,IND,BKN,96,108,0,3.0,4.0,-0.8,-3.0,106.3,117.1,107.1,120.1,1.0,0.0,0,1,14.799137547464186,15.238499536894102,25.913258213067117,26.789409277836974,9.53194932763206,-5.254770052447624,14.116883116883116,13.556962025316455,11.168831168831169,16.62857142857143,3.799732811889193,5.384104362595227,0.4744,0.4434,0.3869,0.35409999999999997
21801208,2019-04-07,2018-19,LAL,UTA,113,109,1,5.0,9.0,0.2,17.3,111.6,119.7,111.4,102.4,1.0,1.0,0,0,8.362032085561497,16.931275100401606,19.841455618984583,24.615098393691863,7.615053381025086,19.88371043064668,7.666666666666667,22.9625,6.142857142857143,3.588235294117647,3.2965350482163718,7.83217159471324,0.44630000000000003,0.5218,0.3546,0.4122
21801201,2019-04-07,2018-19,MEM,DAL,127,129,0,4.0,3.0,-5.5,0.8,111.7,113.7,117.2,112.9,1.0,1.0,0,0,8.526023391812865,4.669798109464348,21.419750760233917,16.559729400499812,-9.462409595417114,-4.665515195031856,8.394736842105264,7.365853658536586,5.530612244897959,6.159420289855072,1.6702870836834816,2.9975734502938276,0.4417,0.45330000000000004,0.33540000000000003,0.3272
21801202,2019-04-07,2018-19,MIL,ATL,115,107,1,7.0,5.0,9.4,-6.4,121.8,116.0,112.4,122.4,0.0,1.0,1,0,17.325524350948083,10.522165991902835,26.087911395789995,20.361713478139794,33.2210765914896,-14.459882880277618,6.322033898305085,10.775,12.325301204819278,9.076923076923077,7.909884436766009,3.590223701486769,0.4808,0.45289999999999997,0.3892,0.3311
21801204,2019-04-07,2018-19,NYK,WAS,113,110,1,2.0,2.0,-14.8,-6.9,103.1,110.6,117.9,117.5,1.0,1.0,0,0,7.348391483724584,6.482955252605282,22.048662001116348,23.898865144128763,-23.092231045317895,-6.440609574738434,7.121212121212121,4.796296296296297,13.527272727272727,5.34,2.9139800684538884,8.023784134403451,0.4452,0.457,0.30500000000000005,0.28840000000000005
21801206,2019-04-07,2018-19,POR,DEN,115,108,1,8.0,6.0,8.4,-0.9,118.1,103.1,109.7,104.0,1.0,1.0,0,0,16.038453671212828,9.287359522122102,29.30522125215615,22.843708216471963,12.308695430031937,10.270164248324567,25.20731707317073,8.035714285714286,7.623376623376624,7.25,6.953197814006766,2.06409162630441,0.48529999999999995,0.44630000000000003,0.3567,0.3003
21801207,2019-04-07,2018-19,SAC,NOP,129,133,0,5.0,2.0,-1.6,-10.4,111.8,113.9,113.4,124.3,1.0,1.0,0,0,15.886839826839827,7.898649881408502,29.756683030579392,19.018514476682192,-2.5475625605584566,-13.38269899200103,16.346666666666668,10.222222222222221,9.461538461538462,4.1063829787234045,3.6002604166296925,2.1299135441667523,0.4549,0.45859999999999995,0.39790000000000003,0.32649999999999996
21801195,2019-04-07,2018-19,TOR,MIA,117,109,1,7.0,5.0,11.4,-1.8,117.4,104.6,106.0,106.4,1.0,1.0,0,0,18.9890494200929,13.56154504858354,31.249256441045056,26.290515908556994,36.544609904598424,-0.9142334266872041,14.149253731343284,14.078947368421053,10.876923076923077,7.846153846153846,5.827627278160872,2.6489014158137727,0.5069,0.44820000000000004,0.43410000000000004,0.3086
21801218,2019-04-09,2018-19,OKC,HOU,112,111,1,5.0,8.0,0.7,16.9,112.9,120.8,112.2,103.9,1.0,1.0,0,0,21.58678198655761,22.2768123543788,33.276229478746885,33.26248073557481,24.334097923772763,26.739568157298965,27.88607594936709,35.329268292682926,6.64,9.170731707317072,7.577587486774361,9.878330154607754,0.44820000000000004,0.46270000000000006,0.3404,0.4002
21801210,2019-04-09,2018-19,DET,MEM,100,93,1,3.0,4.0,-2.3,-5.0,104.2,111.6,106.5,116.6,1.0,1.0,0,0,12.275183687665754,8.396197266785501,24.92916658959828,20.24845522773372,2.4577669408536784,-9.941197691197692,17.451219512195124,8.545454545454545,15.144578313253012,7.194444444444445,3.7804884917357433,1.688271041286115,0.4326,0.43129999999999996,0.33940000000000003,0.3422
21801211,2019-04-09,2018-19,WAS,BOS,110,116,0,2.0,5.0,-5.1,-0.4,112.1,110.1,117.2,110.5,1.0,1.0,0,0,7.365449735449736,2.3270581113801456,17.050305161924417,7.396005108544938,-3.2147442680776015,0.374125027514858,6.14,3.0847457627118646,12.135802469135802,2.3181818181818183,2.7314618511676194,1.0981384577132918,0.4567,0.465,0.28819999999999996,0.3744
21801215,2019-04-09,2018-19,NOP,GSW,103,112,0,3.0,8.0,-8.8,12.1,116.2,118.4,125.0,106.3,1.0,1.0,0,0,7.4869056026365355,7.323775687913618,15.572129098506247,14.340812175946658,-13.39050272436971,2.291596562641339,6.296875,1.121212121212121,10.565217391304348,7.298507462686567,2.558944072582078,5.092665579175463,0.4622,0.518,0.345,0.4222
21801217,2019-04-09,2018-19,UTA,DEN,118,108,1,8.0,5.0,14.8,-2.1,119.0,102.6,104.2,104.7,1.0,1.0,0,0,13.41899920462012,12.34356166709108,28.404791535766474,25.696029657923777,24.91083065533219,18.21040727451714,5.152941176470589,8.058823529411764,11.55,12.246575342465754,5.8549513721634145,3.2600779726686375,0.5132,0.43760000000000004,0.40540000000000004,0.29300000000000004
21801214,2019-04-09,2018-19,MIN,TOR,100,120,0,4.0,7.0,-3.5,8.6,114.5,116.3,118.0,107.7,1.0,1.0,0,0,10.210132128919792,7.982244128027261,22.489782020487525,24.789303955549926,-6.799484298701377,20.407141131581614,6.151898734177215,10.757575757575758,5.25,8.693548387096774,4.749595318973725,7.7208392477142205,0.4673999999999999,0.4960000000000001,0.37100000000000005,0.4306
21801213,2019-04-09,2018-19,CHI,NYK,86,96,0,3.0,2.0,-11.6,-14.6,104.5,102.0,116.1,116.6,2.0,1.0,0,0,9.240981240981242,8.111967574408657,19.010113533655886,23.743016516247565,-16.13543417366947,-20.159636497961323,12.5,10.552631578947368,3.857142857142857,4.0,3.2013147919206335,3.7405742805619866,0.45030000000000003,0.4386,0.2965,0.3088
21801219,2019-04-09,2018-19,LAL,POR,101,104,0,6.0,8.0,2.0,8.3,112.8,119.0,110.8,110.7,1.0,1.0,0,0,7.446788482834994,15.424388785799053,19.578200356619924,26.92170735627634,6.936224721848429,11.394893746954477,3.2,13.652173913043478,11.85,11.35135135135135,3.213236838469995,7.260257071870104,0.4596,0.48460000000000003,0.34540000000000004,0.3482
21801216,2019-04-09,2018-19,DAL,PHX,120,109,1,4.0,2.0,1.4,-12.6,114.1,109.5,112.7,122.1,1.0,1.0,0,0,12.21950113378685,8.948109899917128,21.84285876871961,21.66160167176643,-5.664304994725163,-27.227350480087466,6.591836734693878,11.44578313253012,6.142857142857143,5.0,5.545597248254059,2.5451474591466114,0.4554,0.4747,0.3308,0.3216
21801209,2019-04-09,2018-19,CLE,CHA,97,124,0,1.0,7.0,-10.9,-2.5,106.5,111.6,117.4,114.1,1.0,1.0,0,0,12.811294729709052,10.406232155967045,26.920466351434506,26.321980293896388,-29.93663082454267,-1.349054875085916,16.376470588235293,9.461538461538462,7.967741935483871,9.133333333333333,4.277005055510727,6.8298727859252,0.458,0.4325,0.3115,0.341
21801212,2019-04-09,2018-19,MIA,PHI,122,99,1,4.0,5.0,-3.5,-0.8,103.9,116.4,107.4,117.2,1.0,2.0,0,0,11.75272677143645,5.08841732979664,24.482012885795797,23.876275100098482,-0.4408482225943458,5.762739643311552,14.293333333333333,3.0,8.927710843373495,7.5,3.1705351530030446,6.371227823457182,0.4418,0.46440000000000003,0.31579999999999997,0.3675
21801223,2019-04-10,2018-19,NYK,DET,89,115,0,3.0,3.0,-10.0,-3.6,102.4,102.4,112.4,106.0,0.0,0.0,1,1,8.711904761904762,12.405507182792796,20.790719472456416,23.10322057251702,-18.89243295476994,0.22251236007523223,10.571428571428571,4.627450980392157,7.1911764705882355,5.0625,2.9922704436752388,5.778471801786635,0.4455,0.4302,0.3209,0.3283
21801230,2019-04-10,2018-19,POR,SAC,136,131,1,8.0,4.0,7.8,-3.6,116.8,113.1,109.0,116.7,0.0,2.0,1,0,4.083398692810458,11.653805005524669,10.658342569968159,19.392692330534356,-8.048757611306632,-9.084238817390652,7.76,14.64179104477612,6.679012345679013,2.56,2.4990074356039793,5.068395579940585,0.47619999999999996,0.4537,0.3335,0.4008
21801224,2019-04-10,2018-19,PHI,CHI,125,109,1,4.0,3.0,-3.5,-9.9,114.5,102.9,118.0,112.8,0.0,0.0,1,1,4.827925746569814,7.050695491871962,14.059820897976266,19.3502819595327,-5.746141309221634,-17.252665610223318,4.6,6.352941176470588,5.239130434782608,4.2,1.536269622294334,2.3844811620457,0.45519999999999994,0.44209999999999994,0.3531,0.2898
21801226,2019-04-10,2018-19,MIL,OKC,116,127,0,7.0,6.0,8.8,1.7,121.8,113.4,113.0,111.7,2.0,0.0,0,1,4.437725920841912,17.188319674361402,16.01551824323415,28.880966025237665,5.3592104377784056,9.439380761469806,4.838709677419355,13.228915662650602,7.725806451612903,4.444444444444445,1.6988456975501909,6.727910471091882,0.4787,0.4462,0.37929999999999997,0.3524
21801227,2019-04-10,2018-19,SAS,DAL,105,94,1,5.0,5.0,1.5,3.3,110.6,114.3,109.1,111.0,2.0,0.0,0,1,18.472663139329807,7.972028409774889,29.272168501428705,18.673542173847572,6.941200114843527,-4.234807023732325,20.714285714285715,6.253521126760563,5.407407407407407,7.559523809523809,6.130048997632995,1.6143892243793174,0.47939999999999994,0.45109999999999995,0.3551,0.3375
21801228,2019-04-10,2018-19,DEN,MIN,99,95,1,4.0,4.0,-4.9,-4.5,102.3,113.8,107.2,118.3,0.0,0.0,1,1,16.702049833405766,10.263206627680312,28.852314596695862,21.564376479362426,16.929488349747242,-6.075510773417504,12.830508474576272,17.486842105263158,10.534883720930232,5.260869565217392,3.6937566883877127,4.962255395414785,0.4425,0.4688,0.3015,0.37699999999999995
21801222,2019-04-10,2018-19,CHA,ORL,114,122,0,7.0,8.0,-0.5,8.7,112.7,117.2,113.2,108.5,0.0,2.0,1,0,13.183103209946358,13.953562888570062,22.964230392147854,24.654512427409987,-1.9359112482603393,6.744489991118399,7.630952380952381,15.71951219512195,8.176470588235293,4.958333333333333,7.54079199172509,5.753121053311201,0.44719999999999993,0.4744,0.36,0.36769999999999997
21801221,2019-04-10,2018-19,BKN,MIA,113,94,1,5.0,4.0,-0.2,-1.7,118.1,105.1,118.3,106.8,2.0,0.0,0,1,7.617012227538543,8.421957671957673,21.40841663424976,18.333958192858077,-2.73121602229064,-2.76665841150967,9.254545454545454,14.5,11.168674698795181,9.952380952380953,3.7776334547814887,5.009409785336415,0.45420000000000005,0.44820000000000004,0.35140000000000005,0.3182
21801220,2019-04-10,2018-19,ATL,IND,134,135,0,5.0,3.0,-6.2,-1.2,117.6,106.1,123.8,107.3,2.0,2.0,0,0,17.113062444110014,4.689529914529914,26.816420173527966,12.219146119236788,-15.12860361104946,1.9268095754011243,19.193548387096776,3.8666666666666667,8.534883720930232,1.5,4.711286208701501,3.4781976981373433,0.4511,0.48040000000000005,0.346,0.3822
21801225,2019-04-10,2018-19,MEM,GSW,132,117,1,3.0,8.0,-5.8,10.7,108.3,118.4,114.1,107.7,0.0,0.0,1,1,7.266105471987825,3.9086224233283056,20.92552278938941,13.710804052337782,-11.656693523998586,5.789460221180652,8.628205128205128,7.064102564102564,3.558139534883721,25.65432098765432,2.3614442168819503,8.880780517425647,0.433,0.5168999999999999,0.3488,0.42610000000000003
41800121,2019-04-13,2018-19,PHI,BKN,102,111,0,4.0,6.0,-2.2,2.0,115.2,117.8,117.4,115.8,2.0,2.0,0,0,14.909781576448244,13.660829307568436,31.901561123427847,26.825427801966196,14.061522056047215,-0.03300704339706906,18.22222222222222,10.91304347826087,17.9375,5.809523809523809,6.189710414145993,6.201048814757164,0.47329999999999994,0.44989999999999997,0.366,0.35079999999999995
41800111,2019-04-13,2018-19,TOR,ORL,101,104,0,7.0,8.0,9.7,7.2,116.0,117.5,106.3,110.3,3.0,2.0,0,0,13.649019607843139,13.374685384351958,31.238871400260233,29.923373535138133,36.979414988437384,7.8199398879322395,16.68235294117647,9.512820512820513,10.835820895522389,14.939759036144578,5.769598297851497,3.825472997815018,0.49660000000000004,0.4837999999999999,0.4349,0.3649
41800151,2019-04-13,2018-19,DEN,SAS,96,101,0,5.0,6.0,-0.9,3.1,103.4,110.6,104.3,107.5,2.0,2.0,0,0,16.742504343509555,17.776645942930017,28.949010448829323,29.287370110111986,17.49427086810281,7.60076386210315,12.85,20.79268292682927,10.494252873563218,5.390243902439025,3.7393159084151133,6.15899285360094,0.4518,0.4828,0.3077,0.3472
41800131,2019-04-14,2018-19,BOS,IND,84,74,1,6.0,4.0,0.5,-0.5,110.2,108.7,109.7,109.2,4.0,3.0,0,0,17.407965399052838,14.224984680464132,28.999107783407744,29.071662449431994,15.993668703342532,8.229527328682742,23.55072463768116,17.583333333333332,12.91025641025641,11.012658227848101,4.375342278407283,2.29369324590268,0.4636,0.4746,0.371,0.38889999999999997
41800171,2019-04-14,2018-19,HOU,UTA,122,90,1,8.0,8.0,16.9,13.4,119.4,119.4,102.5,106.0,4.0,3.0,0,0,19.769596031183557,17.00981949217577,33.270378850040686,29.077597573121825,26.199646766337054,27.117860740775953,35.373493975903614,23.195121951219512,8.952380952380953,11.694117647058823,9.933744641097052,4.548957431571063,0.4612,0.5079,0.39039999999999997,0.4035
41800101,2019-04-14,2018-19,MIL,DET,121,86,1,7.0,4.0,8.2,-0.5,123.2,102.7,115.0,103.2,3.0,3.0,0,0,13.683938746438747,12.402229445237216,25.224167501156504,24.979240154577145,33.55437740057958,4.174530581225328,7.061538461538461,10.283018867924529,27.546666666666667,5.015384615384615,7.894580683316384,4.118688375488089,0.4821,0.4284,0.37129999999999996,0.3295
41800161,2019-04-14,2018-19,POR,OKC,104,99,1,8.0,7.0,7.8,3.7,118.7,114.7,110.9,111.0,3.0,3.0,0,0,18.373872612107906,22.100711063431813,29.286632322911146,33.31646918581043,14.510300552653494,24.22331078450075,25.202380952380953,27.875,7.666666666666667,6.818181818181818,6.895109171545596,7.520506270522672,0.48,0.453,0.34950000000000003,0.3648
41800122,2019-04-15,2018-19,PHI,BKN,145,123,1,4.0,6.0,-2.9,2.7,112.7,116.6,115.6,113.9,1.0,1.0,0,0,17.707070707070706,13.329598526174754,31.526781144781143,27.007021043917394,13.164408055712403,-3.4767349550701305,16.452380952380953,5.325,27.17391304347826,8.308823529411764,6.228944701499995,5.681763267001748,0.4678,0.4431,0.33449999999999996,0.35879999999999995
41800152,2019-04-16,2018-19,DEN,SAS,114,105,1,4.0,7.0,-1.7,4.2,103.5,110.2,105.2,106.0,2.0,2.0,0,0,16.741105921972295,17.168602056806034,29.036425534724494,29.315168431438007,17.154771179276352,7.441988410287325,19.41860465116279,20.802325581395348,10.397727272727273,10.423529411764706,3.7054049206117563,4.990849857108795,0.4513,0.4854,0.3032,0.36469999999999997
41800162,2019-04-16,2018-19,POR,OKC,114,94,1,8.0,6.0,7.9,2.5,114.3,113.0,106.4,110.5,1.0,1.0,0,0,17.84197578484946,21.5214174959273,29.146150827703543,32.696303381863515,14.763454516349093,23.361334928981986,25.258823529411764,27.85185185185185,13.859154929577464,15.428571428571429,6.943833489928418,7.5332148660031715,0.47809999999999997,0.4481,0.3624,0.3335
41800112,2019-04-16,2018-19,TOR,ORL,111,82,1,7.0,8.0,10.1,7.1,115.2,115.6,105.1,108.5,2.0,2.0,0,0,18.844053687787888,15.1455938697318,28.738219703193458,27.244030065911385,34.25019293577077,8.76446513106109,13.81159420289855,15.785714285714286,10.282352941176471,11.60919540229885,6.121751520917946,4.90253485405139,0.49210000000000004,0.4765,0.4162,0.3773
41800102,2019-04-17,2018-19,MIL,DET,120,99,1,7.0,4.0,8.8,-3.3,123.7,99.9,114.9,103.2,2.0,2.0,0,0,12.520224026759976,12.40398471788071,28.132323732071256,25.96799189170931,35.3143860018739,2.8907373262753024,12.294117647058824,17.44705882352941,6.467741935483871,8.870967741935484,7.849159639630071,3.7300489555655187,0.48040000000000005,0.42000000000000004,0.35619999999999996,0.32039999999999996
41800132,2019-04-17,2018-19,BOS,IND,99,91,1,7.0,4.0,2.2,0.8,106.9,107.2,104.7,106.4,2.0,2.0,0,0,17.374338624338623,13.694034963382945,28.661515746292594,29.72467764306789,16.7029345515688,7.2552966300690995,23.5,17.51764705882353,14.0125,14.063291139240507,4.3724430950559325,2.291450444881855,0.4527,0.4694000000000001,0.3625,0.385
41800172,2019-04-17,2018-19,HOU,UTA,118,98,1,8.0,7.0,19.5,7.1,120.5,117.0,101.0,109.9,2.0,2.0,0,0,19.6299486238161,15.869358764664122,33.25670567374371,28.57239797130228,27.458721133213214,24.641742393552143,7.674418604651163,23.14457831325301,9.0,11.621951219512194,9.891028587841442,5.912156497471192,0.46979999999999994,0.49850000000000005,0.3892,0.395
41800123,2019-04-18,2018-19,BKN,PHI,115,131,0,5.0,5.0,0.0,1.4,117.8,117.4,117.8,116.0,2.0,2.0,0,0,15.111192056553884,17.66844277597812,27.952703280208333,28.867156871925932,-4.673949488574264,8.543340439247388,20.988505747126435,16.470588235294116,10.918604651162791,7.896551724137931,3.835800723317124,5.799427853385812,0.4507,0.47459999999999997,0.3624,0.3475
41800153,2019-04-18,2018-19,SAS,DEN,118,108,1,6.0,5.0,1.4,1.9,109.2,106.4,107.8,104.5,1.0,1.0,0,0,17.783082107956186,16.8264647047245,27.406162324508493,28.292101248238158,7.074480506728759,19.91459672295901,20.88095238095238,13.129032258064516,13.68,10.404494382022472,6.151516232423388,3.7267685776198864,0.47970000000000007,0.4627,0.3592,0.3282
41800133,2019-04-19,2018-19,IND,BOS,96,104,0,3.0,8.0,-3.6,4.9,103.9,107.2,107.5,102.3,1.0,1.0,0,0,14.034750830564784,16.482044665251784,29.75533406679684,28.732092039426142,7.1632228392725406,16.842112145384156,17.58139534883721,23.690140845070424,13.9,13.839506172839506,2.3105155218242786,4.4730919105320215,0.45780000000000004,0.45990000000000003,0.3788,0.38180000000000003
41800163,2019-04-19,2018-19,OKC,POR,120,108,1,6.0,8.0,1.7,7.9,112.1,113.9,110.4,106.0,2.0,2.0,0,0,21.486844394025336,17.94500269804293,33.35037342764672,28.8577270707385,21.634155551491617,15.902181268284362,27.841463414634145,25.302325581395348,6.772151898734177,11.025974025974026,7.51958955036657,6.982701136238746,0.44880000000000003,0.473,0.3181,0.3686
41800113,2019-04-19,2018-19,ORL,TOR,93,98,0,7.0,8.0,2.1,13.1,111.9,114.9,109.8,101.8,2.0,2.0,0,0,16.950017927756267,18.948250599974738,29.94023752894052,31.272346922410527,6.2712789661319075,37.61794826869123,20.298850574712645,16.79310344827586,9.475,10.753623188405797,3.7249054681166025,5.867753707386611,0.46180000000000004,0.48200000000000004,0.3659,0.4053
41800173,2019-04-20,2018-19,UTA,HOU,101,104,0,6.0,8.0,1.8,19.2,114.3,121.0,112.5,101.8,2.0,2.0,0,0,16.896856495994427,19.64928579695314,28.60975966987079,33.22545516399923,23.567742888004418,28.09520911995557,23.0,35.258823529411764,11.586206896551724,8.977272727272727,5.825950870496017,9.862938303876122,0.48250000000000004,0.4685,0.3685,0.38680000000000003
41800154,2019-04-20,2018-19,SAS,DEN,103,117,0,7.0,4.0,3.3,-0.1,109.4,105.7,106.1,105.8,1.0,1.0,0,0,15.72776292335116,12.785836002299417,27.48423666634549,27.623092787519617,9.384017497252792,16.8715657040198,20.929411764705883,19.46590909090909,7.5476190476190474,11.325842696629213,6.619085074805919,4.890829461624621,0.48840000000000006,0.45809999999999995,0.3648,0.3375
41800103,2019-04-20,2018-19,DET,MIL,103,119,0,4.0,7.0,-5.1,8.7,100.6,123.0,105.7,114.3,2.0,2.0,0,0,14.752392052392052,15.45983594047204,28.542975211556687,28.174380257157782,1.580388220885414,36.082146770512786,10.145454545454545,12.244186046511627,8.841269841269842,6.492063492063492,6.0124805357746425,7.8209143605885085,0.42210000000000003,0.4774,0.3275,0.3619
41800124,2019-04-20,2018-19,BKN,PHI,108,112,0,5.0,5.0,-1.2,1.7,114.9,118.2,116.1,116.5,1.0,1.0,0,0,16.230651814220128,17.546779365524113,28.063465950032814,31.295140133068266,-5.441570743276806,16.790673579602757,14.212765957446809,18.133333333333333,10.777777777777779,18.735294117647058,3.8556221117322136,6.202867331662833,0.44370000000000004,0.4725,0.34719999999999995,0.3402
41800134,2019-04-21,2018-19,IND,BOS,106,110,0,3.0,8.0,-3.6,4.7,103.6,106.0,107.2,101.3,1.0,1.0,0,0,14.362584516565247,16.80811468892864,29.79353808987283,29.135560440818455,4.7422084970502745,17.147646916081406,17.551724137931036,23.625,10.373333333333333,12.814814814814815,2.557710775954376,4.445476467947427,0.45630000000000004,0.4563,0.37360000000000004,0.3859
41800164,2019-04-21,2018-19,OKC,POR,98,111,0,6.0,7.0,2.1,4.7,113.4,112.9,111.3,108.2,1.0,1.0,0,0,21.347873040862783,17.96770662287904,32.710642946377156,28.92511812580559,22.248558129025618,14.80387618731974,22.973684210526315,20.857142857142858,15.348837209302326,10.923076923076923,7.511413105198654,7.018150329759149,0.4523,0.47309999999999997,0.3337,0.3792
41800114,2019-04-21,2018-19,ORL,TOR,85,107,0,6.0,8.0,1.1,12.7,110.8,113.5,109.7,100.8,1.0,1.0,0,0,16.904945720597667,18.93809574619434,29.99539165993618,31.328482498385938,5.960548528867926,37.41961517592836,15.767441860465116,13.901408450704226,9.530864197530864,10.657142857142857,3.720967201980401,5.832974497694305,0.45649999999999996,0.47800000000000004,0.3621,0.40170000000000006
41800104,2019-04-22,2018-19,DET,MIL,104,127,0,3.0,7.0,-8.4,8.9,99.4,124.1,107.8,115.2,1.0,1.0,0,0,11.872585740847034,20.500393515453755,26.16005342188975,27.656959800456086,0.1537107184727079,36.39047030520047,17.39080459770115,27.307692307692307,24.430379746835442,7.220588235294118,6.070386802367874,7.776740946805869,0.40709999999999996,0.48149999999999993,0.3095,0.3575
41800174,2019-04-22,2018-19,UTA,HOU,107,91,1,5.0,9.0,0.0,20.9,112.9,122.0,112.9,101.1,1.0,1.0,0,0,13.64381951611054,19.596499882546393,26.071520290029888,31.496661785294812,20.84082655390705,27.786170014898907,23.129411764705882,35.104651162790695,15.704545454545455,16.095890410958905,5.883250142709207,9.810045039739633,0.4747,0.47050000000000003,0.3665,0.3893
41800115,2019-04-23,2018-19,TOR,ORL,115,96,1,8.0,6.0,12.4,0.6,112.5,109.5,100.1,108.9,1.0,1.0,0,0,17.730863684641147,11.41941251596424,31.341439036119716,24.939081743139273,38.08939145682268,3.324567797402112,26.08955223880597,14.677777777777777,10.633802816901408,15.873563218390805,5.896161578319952,4.252339601879172,0.48640000000000005,0.4591,0.3984,0.35750000000000004
41800165,2019-04-23,2018-19,POR,OKC,118,115,1,8.0,6.0,6.9,1.8,115.0,112.7,108.1,110.9,1.0,1.0,0,0,15.629376535626534,21.317099567099564,29.013405026446456,31.962944200028012,21.06007425104741,21.1313953713379,25.363636363636363,22.857142857142858,7.674698795180723,13.647727272727273,7.449908898565182,7.527769139340491,0.4769,0.44089999999999996,0.40309999999999996,0.3416
41800155,2019-04-23,2018-19,DEN,SAS,108,90,1,5.0,6.0,1.8,1.3,108.4,108.1,106.6,106.8,2.0,2.0,0,0,16.164443426254717,15.742139186482014,26.60794508559543,26.84086411245753,12.906752937274886,5.893075204562009,19.573033707865168,20.84269662921348,13.03125,10.36,4.96501218943116,6.272632835785936,0.4654,0.48230000000000006,0.3665,0.3518
41800125,2019-04-23,2018-19,PHI,BKN,122,100,1,5.0,5.0,1.2,-0.3,117.6,114.7,116.4,115.0,2.0,2.0,0,0,17.855486235376937,16.291766987693954,30.368194981618252,28.168528426211083,16.69200992902653,-5.167255632697679,16.620689655172413,14.4375,27.169014084507044,4.909090909090909,6.695653737310951,5.41214942964617,0.47569999999999996,0.43929999999999997,0.32260000000000005,0.3444
41800175,2019-04-24,2018-19,HOU,UTA,100,93,1,8.0,5.0,16.6,1.2,119.9,110.8,103.3,109.6,1.0,1.0,0,0,19.596934186169282,15.815265085058657,33.2795886774874,27.738733981189768,26.549824983881834,23.765122544035528,7.876404494382022,23.22093023255814,8.695652173913043,15.573033707865168,9.80717781011155,5.870791238963924,0.45990000000000003,0.4625,0.3888,0.35409999999999997
41800156,2019-04-25,2018-19,SAS,DEN,120,103,1,6.0,6.0,0.2,5.0,106.5,109.0,106.3,104.0,1.0,1.0,0,0,17.72431284357821,16.833211233211234,27.594497614440638,27.703444963369964,5.585659767956777,18.734493284493283,20.8,19.533333333333335,10.381578947368421,11.274725274725276,6.065970932423545,4.915615733413496,0.4766,0.4779,0.35140000000000005,0.38560000000000005
41800157,2019-04-27,2018-19,DEN,SAS,90,86,1,5.0,6.0,0.5,1.3,108.0,106.8,107.5,105.5,1.0,1.0,0,0,14.99680771902994,17.760787599497277,27.790851235498945,28.753163999428956,17.63990234923739,7.505477372770145,19.791208791208792,20.90909090909091,11.173913043478262,10.415584415584416,4.989143937870379,5.16710208694504,0.4697,0.48119999999999996,0.3742,0.3464
41800211,2019-04-27,2018-19,TOR,PHI,108,95,1,8.0,6.0,12.0,5.4,111.6,119.6,99.6,114.2,3.0,3.0,0,0,18.983222908645953,17.730086580086578,31.30530794300052,33.109351840357355,39.56042232252905,19.77811228742967,26.102941176470587,18.125,10.583333333333334,7.059701492537314,5.924751900027495,6.381468831561458,0.4829,0.488,0.39270000000000005,0.3468
41800221,2019-04-28,2018-19,GSW,HOU,104,100,1,7.0,8.0,8.6,16.2,122.7,118.0,114.1,101.8,1.0,3.0,0,0,18.36414823914824,19.559367484367485,31.05559071933597,33.3435260502787,39.150523569827364,26.89102458520481,26.238636363636363,7.877777777777778,6.329670329670329,8.659574468085106,10.116133813128645,9.774082792118165,0.5076,0.45729999999999993,0.40919999999999995,0.3912
41800201,2019-04-28,2018-19,MIL,BOS,90,112,0,7.0,8.0,10.2,4.9,124.0,105.6,113.8,100.7,5.0,6.0,0,0,19.33079209819716,16.47674128522107,28.19745240881246,29.174405717139713,39.27666002885989,17.1571148381884,27.481012658227847,12.817073170731707,7.776119402985074,11.329113924050633,7.588787477020144,4.372216873340917,0.48360000000000003,0.4513,0.35,0.37710000000000005
41800212,2019-04-29,2018-19,TOR,PHI,89,94,0,8.0,6.0,12.1,4.9,110.3,116.9,98.2,112.0,1.0,1.0,0,0,19.096646335776768,17.6389196602838,31.335519075771977,33.135404077746074,40.51100417968404,18.09118598879968,13.77027027027027,16.55056179775281,10.479452054794521,7.117647058823529,6.0633980205641915,6.311542935959001,0.4848,0.4814,0.3746,0.3489
41800231,2019-04-29,2018-19,DEN,POR,121,113,1,5.0,8.0,0.0,6.2,105.1,113.6,105.1,107.4,1.0,5.0,0,0,16.93032813686874,20.086619573634223,28.480490990288512,29.076603549895633,17.782074132664235,18.463526015876052,19.804347826086957,25.640449438202246,7.76595744680851,6.64367816091954,4.477656583265268,7.690292608320759,0.45830000000000004,0.4689,0.35829999999999995,0.3902
41800222,2019-04-30,2018-19,GSW,HOU,115,109,1,7.0,7.0,8.4,13.3,121.1,115.0,112.7,101.7,1.0,1.0,0,0,18.39450686641698,13.109146891755586,31.155395442955914,33.36958639464236,38.92530933323313,24.162433800461418,26.337078651685392,7.791208791208791,6.326086956521739,7.848837209302325,10.070215887250102,9.92330338682933,0.5054000000000001,0.45030000000000003,0.3869,0.37839999999999996
41800202,2019-04-30,2018-19,MIL,BOS,123,102,1,7.0,9.0,8.1,8.5,119.5,107.2,111.4,98.7,1.0,1.0,0,0,17.59296218487395,15.922864430695755,26.92238732574425,28.251810981486063,31.604303103670407,13.872252945572539,18.223529411764705,12.891566265060241,14.685185185185185,9.034090909090908,7.465998468216669,4.986659902646354,0.477,0.4631,0.3524,0.379
41800232,2019-05-01,2018-19,DEN,POR,90,97,0,6.0,7.0,1.5,2.7,106.4,113.3,104.9,110.6,1.0,1.0,0,0,17.00131773139363,20.169541910331386,28.535338698655572,29.420732830057098,18.0773705820622,11.696008139311521,13.014705882352942,20.825,5.839080459770115,6.2926829268292686,5.075470076106019,7.4355943018997275,0.4647,0.4696999999999999,0.36029999999999995,0.39580000000000004
41800213,2019-05-02,2018-19,PHI,TOR,116,95,1,7.0,7.0,6.0,10.6,114.1,107.7,108.1,97.1,2.0,2.0,0,0,17.565468409586057,16.78810744810745,33.20087919430587,31.42108406788059,18.2045968602874,40.06840175101045,17.735294117647058,13.853333333333333,7.202898550724638,10.337837837837839,6.227102789389894,6.1493774322166574,0.47350000000000003,0.4796,0.3275,0.3621
41800203,2019-05-03,2018-19,BOS,MIL,116,123,0,8.0,7.0,5.9,9.2,106.4,118.7,100.5,109.5,2.0,2.0,0,0,17.308883376299107,19.300880467030336,28.91554166761846,27.893514693805447,16.411333613307615,33.03695625881312,23.333333333333332,27.432098765432098,13.83529411764706,7.112676056338028,4.29514492146272,7.571723403571748,0.4630000000000001,0.4713,0.3722,0.3626
41800233,2019-05-03,2018-19,POR,DEN,140,137,1,8.0,6.0,4.3,1.8,112.0,104.6,107.7,102.8,1.0,1.0,0,0,20.12774879441546,16.970905867182463,29.138502350307363,29.171193159766375,15.241734741035694,14.910617963839885,20.814814814814813,19.9468085106383,10.829268292682928,5.8522727272727275,7.073708537753954,5.087196933524141,0.4633,0.45280000000000004,0.3923,0.33299999999999996
41800223,2019-05-04,2018-19,HOU,GSW,126,121,1,6.0,7.0,9.5,6.3,112.4,119.5,102.9,113.2,3.0,3.0,0,0,22.14551604045275,24.695884773662552,33.41722789105246,31.236314003558665,23.443155411444366,39.07880812764941,34.87777777777778,26.366666666666667,7.919540229885057,6.279569892473118,9.876523386044967,10.028105328473211,0.44370000000000004,0.497,0.3735,0.38510000000000005
41800214,2019-05-05,2018-19,PHI,TOR,96,101,0,7.0,7.0,6.1,8.7,114.1,106.1,108.0,97.4,2.0,2.0,0,0,17.51265994279693,16.799395150460352,33.202962177373614,30.265070527544204,19.91938112116194,37.88689107114993,17.6,26.591549295774648,7.242857142857143,17.21505376344086,6.2417876998881034,5.785861260799244,0.47240000000000004,0.46799999999999997,0.3377,0.3534
41800234,2019-05-05,2018-19,POR,DEN,112,116,0,8.0,5.0,3.9,1.1,114.5,108.4,110.6,107.3,1.0,1.0,0,0,18.664356682136248,16.82577892185851,28.361623336987925,29.445364439005072,13.620620779460198,14.735391536251118,21.0609756097561,12.24705882352941,10.927710843373495,5.831460674157303,7.167828294536589,5.1410478738203444,0.45909999999999995,0.45339999999999997,0.3888,0.3384
41800204,2019-05-06,2018-19,BOS,MIL,101,113,0,7.0,7.0,4.2,9.3,106.8,118.2,102.6,108.9,2.0,2.0,0,0,17.36701904333483,17.684153350154194,29.27687776604454,28.269819412038295,15.899848721660508,38.46154795116107,23.407894736842106,18.35632183908046,11.25609756097561,8.014285714285714,4.316677745315741,7.559526376449932,0.4587,0.47669999999999996,0.3747,0.3678
41800224,2019-05-06,2018-19,HOU,GSW,112,108,1,6.0,6.0,7.6,4.9,113.0,120.4,105.4,115.5,1.0,1.0,0,0,19.648754874158097,20.306112586600392,32.10057149664221,31.401060029604544,19.20476588771448,38.59954551157198,7.838709677419355,26.426829268292682,7.0588235294117645,6.23404255319149,10.6195923627213,10.005729016804333,0.4495,0.4929,0.37910000000000005,0.3875
41800235,2019-05-07,2018-19,DEN,POR,124,98,1,6.0,7.0,2.0,3.2,110.4,115.3,108.4,112.1,1.0,1.0,0,0,15.152223905448194,18.16755585391419,29.533598309436098,27.862134795748535,15.124212241763992,13.233579779519381,13.014084507042254,25.70967741935484,5.8,9.351063829787234,5.181137304488958,7.165103418460366,0.4549,0.46560000000000007,0.361,0.40199999999999997
41800215,2019-05-07,2018-19,TOR,PHI,125,89,1,7.0,7.0,8.4,7.9,104.5,113.8,96.1,105.9,1.0,1.0,0,0,19.219260743196916,20.590468055281775,31.538482180967502,33.27959138591835,37.849451193054136,19.476996327895943,26.76388888888889,17.555555555555557,14.011494252873563,7.267605633802817,5.84215323075589,6.178703191867674,0.46929999999999994,0.4718,0.34670000000000006,0.3493
41800225,2019-05-08,2018-19,GSW,HOU,104,99,1,6.0,6.0,6.0,4.4,119.5,109.3,113.5,104.9,1.0,1.0,0,0,18.493583027763226,19.476106657073355,31.486471181642212,33.534091030583284,37.90684679429774,23.22080199790368,21.01086956521739,7.9361702127659575,6.242105263157895,7.943820224719101,10.003488687273038,9.89703332420541,0.4896,0.4403,0.3684,0.3657
41800205,2019-05-08,2018-19,MIL,BOS,116,91,1,8.0,6.0,11.0,1.0,116.7,105.2,105.7,104.2,1.0,1.0,0,0,20.565747156142447,16.892577329067944,27.91762688055194,29.361871285264858,34.439681036785046,15.224231316922342,18.295454545454547,13.367088607594937,6.675324675324675,11.144578313253012,7.756459374908792,4.322160305007679,0.465,0.4443,0.3423,0.3708
41800236,2019-05-09,2018-19,POR,DEN,119,108,1,6.0,6.0,0.1,3.7,111.5,111.4,111.4,107.7,1.0,1.0,0,0,19.21182629080001,14.61899849830884,27.61318756824654,28.37991210740846,7.07687743075278,16.54114099156758,21.047619047619047,18.318681318681318,7.629213483146067,10.9,7.596527553823258,5.1819849253419035,0.44410000000000005,0.45600000000000007,0.3707,0.35259999999999997
41800216,2019-05-09,2018-19,PHI,TOR,112,101,1,6.0,7.0,2.7,10.0,110.2,105.0,107.5,95.0,1.0,1.0,0,0,20.90034398034398,17.803579319487405,33.24155910440813,31.55489428983747,17.123314908960072,39.0608955205011,17.486486486486488,26.684931506849313,7.180555555555555,13.965909090909092,6.157907820742412,5.802257064337607,0.4577,0.46580000000000005,0.32809999999999995,0.3435
41800226,2019-05-10,2018-19,HOU,GSW,113,118,0,6.0,6.0,4.0,4.8,108.1,117.8,104.1,113.0,1.0,1.0,0,0,19.459004116566273,11.829967654515253,33.58963508096424,28.319519317123916,22.872837958916023,27.26499470213047,7.989473684210527,21.0752688172043,7.877777777777778,6.8352941176470585,9.886128552009179,8.909523926077428,0.4389,0.48660000000000003,0.36100000000000004,0.3568
41800237,2019-05-12,2018-19,DEN,POR,96,100,0,6.0,6.0,3.6,0.7,111.4,113.0,107.8,112.3,2.0,2.0,0,0,17.232440146993877,20.185483316133467,28.487773991755994,27.680931688072423,15.829160431517801,6.040639860470042,20.23469387755102,25.736842105263158,10.836065573770492,5.977011494252873,5.207719469308977,7.9219896513347745,0.44250000000000006,0.4483,0.3383999999999999,0.3722
41800217,2019-05-12,2018-19,TOR,PHI,92,90,1,7.0,7.0,9.2,4.7,105.0,111.2,95.8,106.5,2.0,2.0,0,0,17.789596086795118,20.47337314918502,31.6115218209781,33.267713430466515,37.73523850170296,17.945009486926068,12.829787234042554,26.333333333333332,13.910112359550562,7.1506849315068495,5.830865109859691,6.133433578612613,0.46349999999999997,0.4631,0.33520000000000005,0.3518
41800311,2019-05-14,2018-19,GSW,POR,116,94,1,7.0,6.0,5.7,-0.9,116.5,111.6,110.8,112.5,3.0,1.0,0,0,18.55590321234877,20.195905810802294,28.383914093031354,28.920556628319893,29.495927018716404,11.026960028527204,21.138297872340427,21.337209302325583,5.662790697674419,7.4945054945054945,9.07911085140581,7.459948261100839,0.4827,0.4425,0.35960000000000003,0.34700000000000003
41800301,2019-05-15,2018-19,MIL,TOR,108,100,1,8.0,7.0,12.7,6.5,116.8,103.1,104.1,96.6,6.0,2.0,0,0,19.243852730170236,19.289077892325313,28.464992618098346,31.697397057560142,43.824933425734365,37.31477158316754,27.535714285714285,17.185567010309278,15.289855072463768,13.944444444444445,6.57429238707062,5.922907823612612,0.4657,0.4534000000000001,0.3522,0.32710000000000006
41800312,2019-05-16,2018-19,GSW,POR,114,111,1,7.0,6.0,5.2,-1.9,114.9,110.2,109.7,112.1,1.0,1.0,0,0,18.626130427993612,18.089696989992976,28.429687521863393,26.635769669906676,29.973210758531618,12.66475279215695,21.189473684210526,25.536082474226806,4.012345679012346,11.090909090909092,9.387524840407908,8.196447523425723,0.4779,0.4316,0.36819999999999997,0.33330000000000004
41800302,2019-05-17,2018-19,MIL,TOR,125,103,1,9.0,6.0,14.6,5.2,116.0,103.3,101.4,98.1,1.0,1.0,0,0,20.480538198185254,18.256999930976537,29.687625923939315,28.850674293874693,43.85371843929973,30.11373857160198,27.49411764705882,13.975308641975309,8.10958904109589,9.725,6.560009735572293,6.68286208600829,0.4625,0.44559999999999994,0.3446,0.3235
41800313,2019-05-18,2018-19,POR,GSW,99,110,0,5.0,7.0,-3.5,4.7,110.2,115.0,113.7,110.3,1.0,1.0,0,0,17.584108431251288,18.707904051023267,25.388867479709646,26.38273976403234,13.508437970258246,29.412033895807024,25.510204081632654,21.21875,6.739583333333333,6.482352941176471,8.587631273602078,9.339335191768063,0.4347,0.4819000000000001,0.33659999999999995,0.3605
41800303,2019-05-19,2018-19,TOR,MIL,118,112,1,5.0,9.0,0.8,13.3,102.9,116.4,102.1,103.1,1.0,1.0,0,0,18.89044098322449,19.22920942786304,31.761696505386976,28.36643562091915,35.30518654346138,44.24095056989513,27.01298701298701,27.523255813953487,9.666666666666666,15.641304347826088,6.46969081882998,6.559361364760745,0.43479999999999996,0.46030000000000004,0.3155,0.3414
41800314,2019-05-20,2018-19,POR,GSW,117,119,0,4.0,8.0,-4.9,6.6,108.3,113.9,113.2,107.3,1.0,1.0,0,0,17.61266618481284,18.782889759600724,26.059977925001164,26.45240367796601,8.463988987554924,25.429555108907984,21.314606741573034,26.863636363636363,7.8533333333333335,4.024096385542169,8.371547502873947,9.704444245116953,0.42780000000000007,0.4859,0.33089999999999997,0.3528
41800304,2019-05-21,2018-19,TOR,MIL,120,102,1,5.0,8.0,-0.5,10.6,103.2,115.6,103.7,105.0,1.0,1.0,0,0,16.520177279213424,20.24416958187573,28.683462900893424,28.511311708243095,28.868969485379374,38.13060483078133,27.128205128205128,18.054347826086957,9.88888888888889,14.295081967213115,6.930943314254615,6.477315384836568,0.4258,0.44539999999999996,0.3116,0.33089999999999997
41800305,2019-05-23,2018-19,MIL,TOR,99,105,0,7.0,5.0,7.2,0.0,113.9,104.4,106.7,104.4,1.0,1.0,0,0,20.22635323629579,16.911718604375306,29.784031450847472,31.419299282624763,42.159002438016785,28.613581314951404,27.318181818181817,27.025316455696203,8.342105263157896,8.602564102564102,6.4549316828696615,6.704414446063172,0.4429,0.421,0.3255,0.3124
41800306,2019-05-25,2018-19,TOR,MIL,100,94,1,6.0,6.0,1.1,4.3,106.0,111.1,104.9,106.8,1.0,1.0,0,0,19.420751633986928,19.12837025797649,31.47667591503268,28.595232826658616,31.15043970219667,41.696896719524474,17.019607843137255,18.0531914893617,13.631578947368421,15.526315789473685,6.067113951839967,6.4153074210749805,0.42119999999999996,0.4337,0.32730000000000004,0.3221
41800401,2019-05-30,2018-19,TOR,GSW,118,109,1,7.0,8.0,3.8,4.9,106.5,112.9,102.7,108.0,4.0,9.0,0,0,19.434581931471122,18.84511707304645,31.538139359585937,28.63753474484688,35.33050577655041,30.0051343536843,27.123456790123456,8.404761904761905,9.637254901960784,4.071428571428571,6.536924804045248,9.437012391224874,0.4276,0.4795999999999999,0.3458,0.3503
41800402,2019-06-02,2018-19,TOR,GSW,104,109,0,7.0,7.0,4.2,3.6,108.2,113.4,104.0,109.8,2.0,2.0,0,0,18.03944689268002,18.876866706278474,31.592548861214727,29.805194670846397,35.47471195826057,24.423034661979894,17.173076923076923,27.055555555555557,9.650485436893204,6.6923076923076925,6.512290460883454,8.541462393769919,0.4321,0.4725,0.3529,0.3572
41800403,2019-06-05,2018-19,GSW,TOR,109,123,0,7.0,6.0,3.5,0.1,112.8,106.1,109.3,106.0,2.0,2.0,0,0,13.992475547708105,19.445751403883936,23.025319141635244,31.025103332660734,20.389196384713244,34.64390326626221,27.01098901098901,14.056818181818182,15.088235294117647,12.524271844660195,8.693506432983066,6.534958578970427,0.4726,0.4205,0.36479999999999996,0.3418
41800404,2019-06-07,2018-19,GSW,TOR,92,105,0,7.0,7.0,2.6,2.6,111.6,108.3,109.0,105.7,1.0,1.0,0,0,19.012983508245878,19.49328501098694,28.787544433693846,31.08175850754433,28.553366498271533,34.99981023675639,27.22826086956522,17.132075471698112,4.114942528735632,12.567307692307692,9.494367639178929,6.526473121097677,0.46799999999999997,0.4297000000000001,0.3557,0.3615
41800405,2019-06-10,2018-19,TOR,GSW,105,106,0,7.0,7.0,3.7,1.7,109.6,110.0,105.9,108.3,2.0,2.0,0,0,19.51825382281677,19.039865276850264,31.996643741022336,29.918714991552918,35.157209727051736,28.82187800665923,14.11111111111111,21.257425742574256,9.9438202247191,6.451923076923077,6.583920291532612,8.607904810955453,0.43339999999999995,0.46620000000000006,0.3695,0.3611
41800406,2019-06-13,2018-19,GSW,TOR,110,114,0,7.0,7.0,1.3,4.4,110.2,110.1,108.9,105.7,2.0,2.0,0,0,14.119067759875792,19.511589257713286,28.935674090045364,31.757624012869236,28.358442216909964,30.57857084913528,8.651685393258427,17.10185185185185,14.513513513513514,13.435643564356436,8.632811776084921,6.104164512167131,0.4666,0.44109999999999994,0.3736,0.3588
