game_id,date,season,home_team,away_team,home_score,away_score,home_won,home_wins_l10,away_wins_l10,home_plus_minus_l10,away_plus_minus_l10,home_ppg_l10,away_ppg_l10,home_opp_ppg_l10,away_opp_ppg_l10,home_rest_days,away_rest_days,is_back_to_back_home,is_back_to_back_away,home_top3_avg_ppg,away_top3_avg_ppg,home_top5_avg_mpg,away_top5_avg_mpg,home_top6_total_plusminus,away_top6_total_plusminus,home_star_ppg,away_star_ppg,home_6thman_quality,away_6thman_quality,home_depth_variance,away_depth_variance,home_fg_pct_l10,away_fg_pct_l10,home_fg3_pct_l10,away_fg3_pct_l10
22200127,2022-11-04,2022-23,DAL,TOR,111,110,1,6.0,6.0,5.8,5.1,112.8,114.6,107.0,109.5,1.0,1.0,0,0,17.651851851851852,14.62179487179487,26.48569576719576,27.8814626068376,18.03968253968254,17.567307692307693,13.3,13.615384615384615,17.2,9.846153846153847,10.130940333701286,4.455894602960108,0.4673,0.4505,0.3488,0.3579
22200141,2022-11-06,2022-23,TOR,CHI,113,104,1,6.0,5.0,6.7,2.0,115.8,112.2,109.1,110.2,1.0,1.0,0,0,13.057142857142857,17.412087912087912,24.887999063899066,27.264472527472527,17.805860805860807,11.796703296703296,13.0,11.692307692307692,16.692307692307693,8.785714285714286,4.393515326842686,6.677445197304105,0.45940000000000003,0.4554,0.36869999999999997,0.38029999999999997
22200144,2022-11-07,2022-23,CHA,WAS,100,108,0,3.0,4.0,-4.4,-5.3,110.0,106.9,114.4,112.2,1.0,0.0,0,1,14.214743589743591,14.414529914529917,27.092086782661784,26.838542735042733,-19.209432234432235,-12.865384615384615,18.875,8.76923076923077,9.266666666666667,4.0,4.259445115098865,5.317446856290323,0.4447,0.4681,0.3615,0.31589999999999996
22200151,2022-11-07,2022-23,CHI,TOR,111,97,1,4.0,6.0,0.3,7.3,111.0,113.4,110.7,106.1,0.0,0.0,1,1,19.150793650793652,14.898845598845599,28.953992063492063,27.86273275613276,8.376190476190477,16.704329004329004,24.285714285714285,15.066666666666666,9.214285714285714,4.333333333333333,6.476660638862451,5.386732035631642,0.45680000000000004,0.4567,0.38029999999999997,0.37160000000000004
22200146,2022-11-07,2022-23,DET,OKC,112,103,1,2.0,5.0,-11.6,-0.6,107.3,111.2,118.9,111.8,2.0,1.0,0,0,16.192307692307693,15.833333333333334,29.95033516483516,26.254793434343433,-46.650549450549455,3.449025974025974,16.214285714285715,30.5,6.6,12.714285714285714,4.309483279668809,8.282053260489894,0.42679999999999996,0.449,0.3396,0.28440000000000004
22200147,2022-11-07,2022-23,IND,NOP,129,122,1,4.0,6.0,-2.4,5.5,115.6,118.3,118.0,112.8,2.0,1.0,0,0,16.147144522144522,19.126262626262626,25.481790404040403,28.637013856513857,-10.463869463869464,32.38189588189588,11.875,21.166666666666668,10.0,13.692307692307692,5.814920103151,4.621075936128971,0.44889999999999997,0.4835,0.3625,0.37829999999999997
22200145,2022-11-07,2022-23,ORL,HOU,127,134,0,2.0,1.0,-4.3,-9.0,110.0,108.0,114.3,117.0,1.0,1.0,0,0,15.282264957264957,17.19047619047619,27.964199145299148,28.36939437229437,-6.541666666666667,-14.34155844155844,19.933333333333334,18.857142857142858,9.4,11.8,4.472232376653474,3.979422671853211,0.47059999999999996,0.4239,0.3094,0.3423
22200159,2022-11-09,2022-23,CHA,POR,95,105,0,2.0,7.0,-7.9,0.9,107.1,109.8,115.0,108.9,1.0,1.0,0,0,14.697883597883598,16.996031746031747,27.084524933862433,28.1555119047619,-25.99186507936508,-1.3417748917748917,16.133333333333333,24.333333333333332,8.4375,5.4,4.713328894564865,7.619942318110378,0.43520000000000003,0.4687,0.3323,0.3988
22200166,2022-11-09,2022-23,CHI,NOP,111,115,0,5.0,5.0,1.9,3.9,112.1,118.5,110.2,114.6,1.0,1.0,0,0,19.17979797979798,19.484126984126984,29.16357487373737,27.917542246642245,5.1863636363636365,20.45164835164835,23.266666666666666,17.0,9.266666666666667,9.133333333333333,5.5146614556388815,5.412921258737096,0.46749999999999997,0.48460000000000003,0.3865,0.38380000000000003
22200161,2022-11-09,2022-23,ORL,DAL,94,87,1,2.0,7.0,-4.6,6.4,111.8,113.2,116.4,106.8,1.0,1.0,0,0,12.166666666666666,17.03030303030303,24.020353174603176,28.842305555555555,-7.4625,17.015151515151516,14.375,13.0,9.555555555555555,6.166666666666667,5.063391871344578,10.782288888408372,0.4767,0.47640000000000005,0.3207,0.35910000000000003
22200165,2022-11-09,2022-23,TOR,HOU,116,109,1,5.0,2.0,5.6,-7.3,112.3,110.7,106.7,118.0,1.0,1.0,0,0,14.073611111111111,16.955555555555556,26.650566346153845,29.222330808080805,6.033012820512821,-11.307575757575757,14.9375,18.733333333333334,4.5,11.133333333333333,6.006412118656728,4.150980104502638,0.4572,0.43390000000000006,0.3604,0.3666
22200175,2022-11-10,2022-23,NOP,POR,95,106,0,5.0,7.0,2.1,1.2,117.0,108.8,114.9,107.6,0.0,0.0,1,1,15.055611055611054,10.58174603174603,29.136158835608835,26.961961523199022,28.837345987345987,0.5594780219780215,16.285714285714285,16.928571428571427,8.571428571428571,5.833333333333333,5.415128548881933,6.161293762043547,0.4856,0.4777,0.3534,0.3919
22200172,2022-11-10,2022-23,WAS,DAL,113,105,1,4.0,6.0,-5.2,4.3,106.3,110.4,111.5,106.1,2.0,0.0,0,1,9.777056277056277,18.290598290598293,22.668961038961037,28.671602175602168,-11.785714285714285,13.094871794871793,15.642857142857142,32.333333333333336,6.071428571428571,5.8,4.264076460758205,10.108686277587466,0.4749,0.46929999999999994,0.30670000000000003,0.3491
22200179,2022-11-11,2022-23,OKC,TOR,132,113,1,4.0,6.0,-1.8,6.7,112.1,113.4,113.9,106.7,1.0,1.0,0,0,16.23968253968254,12.590686274509805,23.3310422979798,25.771776772247357,18.989339826839824,15.937122926093515,6.785714285714286,15.647058823529411,13.571428571428571,16.1875,9.035294036554255,4.694445071897627,0.4492999999999999,0.44960000000000006,0.2942,0.3552
22200185,2022-11-12,2022-23,WAS,UTA,121,112,1,4.0,7.0,-4.6,5.1,107.4,116.7,112.0,111.6,1.0,2.0,0,0,13.773504273504273,14.545098039215686,25.03194658119658,27.70086013071895,-9.920512820512819,9.549019607843137,5.166666666666667,21.235294117647058,12.666666666666666,12.588235294117647,6.101244937504193,4.197749346624419,0.47240000000000004,0.47640000000000005,0.30820000000000003,0.3715
22200191,2022-11-12,2022-23,NOP,HOU,119,106,1,4.0,2.0,-0.2,-7.3,114.1,109.4,114.3,116.7,1.0,2.0,0,0,19.085714285714285,17.42361111111111,26.87220992063492,29.66588888888889,19.180543884220356,-12.848214285714286,21.333333333333332,21.125,8.294117647058824,3.0714285714285716,5.641953880421929,6.3036805873981505,0.48020000000000007,0.4306,0.3527,0.3466
22200187,2022-11-12,2022-23,IND,TOR,118,104,1,5.0,6.0,-0.5,5.1,118.3,113.8,118.8,108.7,2.0,0.0,0,1,19.032478632478632,10.233333333333333,27.023288888888885,21.886257181163067,-8.724542124542124,7.059854198089492,20.23076923076923,13.0,6.785714285714286,5.625,5.455281604137227,4.977648106621325,0.4614,0.45030000000000003,0.3766,0.356
22200190,2022-11-12,2022-23,DAL,POR,117,112,1,6.0,7.0,3.7,2.1,110.4,108.1,106.7,106.0,1.0,1.0,0,0,18.393772893772894,20.485714285714284,28.302451159951158,28.955715896358544,13.562271062271062,-0.3761554621848737,31.53846153846154,19.357142857142858,6.0,10.125,9.099823414370206,7.606463054652051,0.46560000000000007,0.47730000000000006,0.34740000000000004,0.3927
22200194,2022-11-13,2022-23,WAS,MEM,102,92,1,5.0,7.0,-2.7,6.0,108.8,117.5,111.5,111.5,0.0,1.0,1,0,9.992521367521368,7.25,25.72131906288156,25.195796082321817,4.2725885225885225,11.69905462184874,17.375,6.5,5.777777777777778,6.277777777777778,6.3282657689404616,3.0426219952307743,0.47300000000000003,0.48719999999999997,0.3097,0.3779
22200199,2022-11-14,2022-23,DET,TOR,111,115,0,2.0,5.0,-9.1,2.9,108.4,114.4,117.5,111.5,1.0,1.0,0,0,16.38888888888889,13.163046505151769,25.356372549019607,21.13795424324701,-37.79761904761905,7.772556390977443,14.882352941176471,16.05263157894737,6.214285714285714,2.1666666666666665,6.080180379762765,5.544178995867129,0.4325,0.4502,0.3195,0.3322
22200200,2022-11-14,2022-23,ORL,CHA,105,112,0,4.0,1.0,-0.6,-11.3,110.8,102.4,111.4,113.7,2.0,1.0,0,0,12.511574074074074,16.69825708061002,25.642505471380467,28.13575986125444,-0.8088978015448602,-28.682146542827656,17.3125,13.705882352941176,10.294117647058824,8.789473684210526,4.099581461443564,4.351517618812227,0.4897,0.4255,0.3367,0.2998
22200206,2022-11-15,2022-23,NOP,MEM,113,102,1,5.0,6.0,1.2,4.0,113.9,113.3,112.7,109.3,2.0,1.0,0,0,15.233333333333334,16.05702614379085,26.514426633986925,20.51028916408669,22.34030920060332,14.339938080495354,21.2,14.266666666666667,9.461538461538462,10.421052631578947,4.983640973436239,9.170454853958384,0.4819,0.4768,0.3507,0.3629
22200209,2022-11-15,2022-23,POR,SAS,117,110,1,6.0,3.0,1.4,-10.0,108.7,110.2,107.3,120.2,2.0,0.0,0,1,17.122883244206772,17.321693121693123,29.478095957120217,25.026690476190474,-0.657293523469994,-20.26468253968254,24.90909090909091,18.642857142857142,9.823529411764707,10.5625,8.011821378228944,6.511158259854244,0.47830000000000006,0.4636,0.3976,0.3703
22200211,2022-11-16,2022-23,CHA,IND,113,125,0,2.0,6.0,-8.6,1.2,104.3,116.7,112.9,115.5,1.0,3.0,0,0,15.24074074074074,17.11904761904762,28.61420865946919,27.2295045995671,-22.7646873594242,-3.0022727272727274,15.0,19.357142857142858,4.8,6.866666666666666,5.320812895575739,5.164509100975884,0.43479999999999996,0.46240000000000003,0.2909,0.3894
22200218,2022-11-16,2022-23,DAL,HOU,92,101,0,7.0,1.0,0.5,-8.8,107.6,108.7,107.1,117.5,0.0,1.0,1,0,8.529761904761905,17.674603174603178,27.145747023809527,29.57191693121693,7.782738095238096,-21.42698412698413,8.75,18.666666666666668,1.0,10.944444444444445,5.9025101313204145,4.541102194124479,0.4600000000000001,0.44560000000000005,0.3451,0.3353
22200216,2022-11-16,2022-23,MIL,CLE,113,98,1,7.0,6.0,2.5,5.3,112.4,115.8,109.9,110.5,1.0,2.0,0,0,17.443355119825707,17.833333333333332,26.202513616557734,26.532794607843137,1.8408496732026138,13.458193277310926,9.722222222222221,20.0,7.0,11.928571428571429,8.352044204160753,9.191587905957286,0.43099999999999994,0.4699000000000001,0.3308,0.38499999999999995
22200217,2022-11-16,2022-23,NOP,CHI,124,110,1,5.0,4.0,2.1,0.6,113.9,111.9,111.8,111.3,0.0,2.0,1,0,15.656862745098039,19.326713591419473,28.376196304784536,29.075936567789505,22.24736976130165,-4.491201608848669,16.470588235294116,18.846153846153847,8.68421052631579,9.666666666666666,4.607381159327207,6.586070045670038,0.47129999999999994,0.4787,0.3537,0.368
22200212,2022-11-16,2022-23,ORL,MIN,108,126,0,4.0,4.0,0.0,-2.9,111.1,113.7,111.1,116.6,1.0,2.0,0,0,12.402820777433782,16.79385964912281,23.071128998968007,30.89441283764968,-7.040591675266597,-7.528320802005013,17.647058823529413,19.0,9.88888888888889,5.6,4.112660534386644,5.527269141496037,0.4887,0.49539999999999995,0.3556,0.359
22200213,2022-11-16,2022-23,WAS,OKC,120,121,0,5.0,5.0,-3.8,0.8,107.0,118.9,110.8,118.1,2.0,1.0,0,0,19.405228758169937,18.842232277526396,28.99384509803922,24.569231975867268,3.157422969187675,14.493476621417795,16.88235294117647,31.53846153846154,6.2,6.0,6.89063223605982,9.762423728371541,0.46309999999999996,0.4892,0.3269,0.35259999999999997
22200221,2022-11-17,2022-23,POR,BKN,107,109,0,6.0,5.0,-0.4,3.0,106.9,109.7,107.3,106.7,1.0,1.0,0,0,17.21132897603486,14.949874686716791,31.536060708898948,26.891187499999994,2.1968891402714936,-3.4197994987468663,24.666666666666668,27.842105263157894,12.933333333333334,9.666666666666666,7.040361716140371,8.395396585295167,0.47240000000000004,0.48200000000000004,0.3988,0.38
22200229,2022-11-18,2022-23,MEM,OKC,121,110,1,5.0,5.0,1.4,0.1,111.0,119.2,109.6,119.1,2.0,1.0,0,0,16.37050653594771,19.024159663865547,27.147175245098037,26.856988669590645,2.8311403508771926,5.010516487296673,14.5625,14.411764705882353,9.105263157894736,7.0,8.399010245871928,9.33088806923663,0.4648,0.49400000000000005,0.3462,0.3595
22200228,2022-11-18,2022-23,HOU,IND,91,99,0,2.0,6.0,-7.1,1.5,108.7,116.8,115.8,115.3,1.0,1.0,0,0,14.912280701754385,15.707189542483661,28.300057236842104,27.320966013071892,-15.844956140350881,1.097794117647059,10.8,19.533333333333335,3.6666666666666665,7.25,5.886022278700931,5.091296634702186,0.454,0.47240000000000004,0.3533,0.3906
22200227,2022-11-18,2022-23,CHI,ORL,107,108,0,3.0,4.0,-2.3,-0.7,110.5,112.7,112.8,113.4,1.0,1.0,0,0,16.239766081871345,14.417903733693208,29.274045391255918,26.392612828010197,-7.777777777777779,-13.118735942420154,23.666666666666668,10.692307692307692,5.684210526315789,7.105263157894737,6.684816837063488,4.514069036119535,0.47870000000000007,0.4907,0.3491,0.35629999999999995
22200225,2022-11-18,2022-23,CLE,CHA,132,122,1,5.0,1.0,2.7,-10.5,115.3,103.6,112.6,114.1,1.0,1.0,0,0,16.09090909090909,16.45438596491228,32.729986809269164,27.760011779448615,9.39298871063577,-22.46766917293233,20.272727272727273,19.0,5.555555555555555,9.142857142857142,7.668175391031086,4.172011831459998,0.47139999999999993,0.4383,0.3976,0.29500000000000004
22200235,2022-11-19,2022-23,ATL,TOR,124,122,1,5.0,6.0,-2.2,5.3,113.1,116.2,115.3,110.9,2.0,2.0,0,0,20.66179337231969,15.317460317460316,30.195895711500974,24.337568253968254,7.1953216374269,10.943650793650795,15.263157894736842,12.8,7.066666666666666,4.333333333333333,6.980203727334899,6.6481609935091095,0.45289999999999997,0.457,0.3145,0.3224
22200236,2022-11-19,2022-23,IND,ORL,114,113,1,7.0,4.0,3.7,-2.6,116.1,112.2,112.4,114.8,0.0,0.0,1,1,17.253561253561255,9.887301587301588,26.500449786324786,23.073098858256753,3.3018162393162394,-13.404260651629075,15.538461538461538,10.904761904761905,10.444444444444445,5.714285714285714,5.188106996677649,4.4149542229211365,0.47040000000000004,0.4907,0.3926,0.3722
22200238,2022-11-19,2022-23,POR,UTA,113,118,0,6.0,6.0,1.5,4.2,107.8,118.0,106.3,113.8,1.0,0.0,0,1,15.41835798646944,15.222222222222221,31.740531048508025,25.51320718462824,1.4362922294423843,0.914786967418546,18.61111111111111,16.952380952380953,7.357142857142857,7.368421052631579,7.076081085697021,5.3848871724162715,0.46749999999999997,0.479,0.40249999999999997,0.3883
22200243,2022-11-20,2022-23,BKN,MEM,127,115,1,6.0,6.0,4.1,2.6,109.0,110.8,104.9,108.2,2.0,1.0,0,0,14.661111111111111,10.42094943240454,31.028904545454544,24.132419930340557,1.6097402597402595,2.6544983782986877,28.2,9.3,8.285714285714286,6.238095238095238,9.682602094167061,3.3300969555777877,0.48260000000000003,0.44989999999999997,0.382,0.3377
22200242,2022-11-20,2022-23,SAC,DET,137,129,1,8.0,1.0,8.0,-9.2,123.2,105.4,115.2,114.6,2.0,1.0,0,0,16.064270152505447,13.666666666666666,29.332074074074075,25.38062450980392,27.948179271708685,-24.33288770053476,14.941176470588236,18.6,12.166666666666666,2.727272727272727,4.224870253247858,6.355877647277546,0.511,0.42479999999999996,0.4013,0.2955
22200241,2022-11-20,2022-23,WAS,CHA,106,102,1,6.0,1.0,-1.0,-10.8,108.6,105.0,109.6,115.8,1.0,1.0,0,0,19.89903680770554,16.789393939393943,28.71203181257883,29.757038023088022,4.947481783782093,-23.224458874458875,21.833333333333332,19.6,6.0,9.5,7.270399349337121,4.385059956069643,0.47050000000000003,0.4271,0.3476,0.27849999999999997
22200248,2022-11-21,2022-23,CLE,ATL,114,102,1,5.0,6.0,4.1,-1.2,114.5,114.0,110.4,115.2,0.0,1.0,1,0,21.625942684766216,18.19407894736842,31.00958763197587,27.871183114035084,16.466454134101195,5.593421052631578,27.58823529411765,20.894736842105264,5.818181818181818,7.7368421052631575,8.180589660939361,7.56149020199773,0.47990000000000005,0.45499999999999996,0.36960000000000004,0.29769999999999996
22200249,2022-11-21,2022-23,IND,ORL,123,102,1,8.0,4.0,5.3,-1.8,116.6,113.0,111.3,114.8,1.0,1.0,0,0,10.513407072230601,12.602236652236654,21.469334504562056,24.80031911976912,4.094521749320511,-4.062554112554112,4.277777777777778,8.047619047619047,15.857142857142858,9.476190476190476,7.334784060317185,4.034145397367151,0.473,0.48790000000000006,0.3917,0.37239999999999995
22200251,2022-11-21,2022-23,MIL,POR,119,111,1,6.0,5.0,1.3,-0.4,109.7,106.6,108.4,107.0,2.0,1.0,0,0,17.479793233082706,15.582066276803118,28.179306088137007,29.320210600848526,17.60654761904762,-3.8130178387144333,28.357142857142858,8.1,13.105263157894736,6.428571428571429,6.902243302387299,5.600337869031031,0.43689999999999996,0.4612,0.33730000000000004,0.3964
22200257,2022-11-22,2022-23,MEM,SAC,109,113,0,6.0,8.0,3.0,8.2,111.8,125.0,108.8,116.8,1.0,1.0,0,0,16.89814814814815,18.09746588693957,27.421925925925926,29.696352826510726,11.905555555555555,29.601754385964913,27.38888888888889,15.736842105263158,9.476190476190476,11.947368421052632,7.71463258849549,4.319340947760131,0.45199999999999996,0.511,0.34700000000000003,0.39039999999999997
22200269,2022-11-23,2022-23,SAS,NOP,110,129,0,1.0,6.0,-13.7,6.7,105.5,116.0,119.2,109.3,2.0,1.0,0,0,14.14493676258382,12.422077922077923,24.95299015363721,23.781670905483402,-29.484339190221544,20.913419913419915,19.294117647058822,21.857142857142858,3.75,7.909090909090909,5.4196603535141845,6.4320929098784685,0.47050000000000003,0.48529999999999995,0.33199999999999996,0.3638
22200270,2022-11-23,2022-23,UTA,DET,116,125,0,6.0,2.0,2.7,-7.1,119.1,109.4,116.4,116.5,1.0,0.0,0,1,13.927536231884057,13.614832535885169,26.989745341614906,21.96576033615507,-1.4244306418219461,-22.58555187502556,17.82608695652174,18.863636363636363,7.285714285714286,5.222222222222222,4.975407359090699,6.124012511018309,0.47650000000000003,0.4423,0.3821,0.3127
22200266,2022-11-23,2022-23,TOR,BKN,98,112,0,5.0,6.0,2.1,4.6,114.5,110.8,112.4,106.2,3.0,0.0,0,1,11.932659932659933,15.375944317120789,22.30376031144781,30.930695461401342,6.677505316321105,-0.6270690094219504,17.40909090909091,27.727272727272727,4.421052631578948,7.9411764705882355,5.880185159590788,8.833557320354622,0.4514,0.49540000000000006,0.30280000000000007,0.387
22200262,2022-11-23,2022-23,IND,MIN,101,115,0,8.0,5.0,6.4,-1.6,116.2,113.7,109.8,115.3,1.0,1.0,0,0,18.385185185185186,18.2994227994228,26.800960846560844,31.22198673376847,8.577777777777778,0.26045059171994156,19.555555555555557,21.0,10.4,5.764705882352941,4.804819000784682,5.749923699771739,0.47240000000000004,0.4915,0.36829999999999996,0.3503
22200261,2022-11-23,2022-23,CLE,POR,114,96,1,5.0,5.0,5.2,-0.7,114.5,107.1,109.3,107.8,1.0,1.0,0,0,16.796296296296298,15.870217209690894,30.728404761904756,30.30827758980785,18.400793650793652,-4.918775157590947,13.11111111111111,20.736842105263158,9.476190476190476,6.409090909090909,8.120903008634752,6.106376806588805,0.4979,0.4681,0.394,0.3846
22200263,2022-11-23,2022-23,ATL,SAC,115,106,1,6.0,8.0,0.6,7.9,113.3,124.8,112.7,116.9,1.0,0.0,0,1,20.65,17.09298245614035,30.75018174603175,28.229575438596488,5.293557422969188,28.038815789473684,20.4,15.4,8.235294117647058,11.9375,6.694633733236276,4.457483794220534,0.45230000000000004,0.5107999999999999,0.29219999999999996,0.3851
22200267,2022-11-23,2022-23,MIL,CHI,113,118,0,6.0,4.0,1.9,0.0,110.6,110.0,108.7,110.0,1.0,1.0,0,0,18.840522875816994,19.543650793650794,28.300591188141926,28.589187103174606,19.62279411764706,2.9528846153846153,17.0,24.75,13.1,7.923076923076923,7.099460648988574,7.1521037739956785,0.4479,0.484,0.3419,0.3524
22200272,2022-11-25,2022-23,CHA,MIN,110,108,1,2.0,6.0,-5.7,0.7,107.2,114.5,112.9,113.8,1.0,1.0,0,0,15.101129582267689,18.335046113306984,23.811265365566516,31.364870040989604,-18.20489790118946,4.167523056653492,19.058823529411764,21.1,4.611111111111111,5.833333333333333,6.888858907306069,5.692191624909989,0.4364,0.51,0.27809999999999996,0.34850000000000003
22200278,2022-11-25,2022-23,HOU,ATL,128,122,1,2.0,6.0,-5.7,0.2,107.8,113.6,113.5,113.4,4.0,1.0,0,0,13.89313725490196,20.666666666666668,26.741054808590103,29.556831168831167,-17.05417219519387,2.735930735930736,11.529411764705882,15.476190476190476,3.736842105263158,8.444444444444445,7.420287659430939,7.164670620467143,0.44699999999999995,0.4558,0.3388,0.29359999999999997
22200276,2022-11-25,2022-23,IND,BKN,128,117,1,7.0,6.0,4.1,1.8,113.8,109.2,109.7,107.4,1.0,1.0,0,0,17.195123224728487,20.433747412008284,27.09695976399332,30.882913200326243,4.815413533834587,6.687809774766296,16.095238095238095,10.043478260869565,5.3,9.11111111111111,6.075627774498695,8.445841881890967,0.4683,0.49470000000000003,0.3547,0.38170000000000004
22200279,2022-11-25,2022-23,MEM,NOP,132,111,1,5.0,6.0,2.1,7.7,111.6,117.5,109.5,109.8,2.0,1.0,0,0,16.403508771929825,12.543277310924369,26.33863255360624,23.39790826871812,9.596927100359595,28.879902975683027,15.473684210526315,20.294117647058822,6.217391304347826,21.533333333333335,8.649412899951473,6.567889286634794,0.4513,0.492,0.32730000000000004,0.3648
22200280,2022-11-25,2022-23,MIL,CLE,117,102,1,5.0,5.0,-1.1,4.6,110.3,114.7,111.4,110.1,1.0,1.0,0,0,18.09589947089947,19.31904761904762,27.705997564935064,26.42213390293917,10.819715007215006,27.011369332421967,29.375,22.6,8.136363636363637,14.526315789473685,7.833547371981999,9.203149518100318,0.4468,0.499,0.3472,0.3961
22200274,2022-11-25,2022-23,NYK,POR,129,132,0,5.0,4.0,-4.1,-2.7,112.8,105.9,116.9,108.6,3.0,1.0,0,0,19.409090909090907,12.027450980392155,26.303959595959594,30.429062507203838,6.144300144300145,-4.000063661828367,18.59090909090909,20.7,7.214285714285714,5.0,7.2240612803358015,6.463002451235068,0.43970000000000004,0.46240000000000003,0.3103,0.383
22200281,2022-11-25,2022-23,OKC,CHI,123,119,1,3.0,4.0,-2.7,-0.4,120.4,111.0,123.1,111.4,1.0,1.0,0,0,20.190242763772176,19.752100840336134,27.259809197012135,28.705360241066124,-4.932750995134896,-2.3617265087853325,31.058823529411764,18.470588235294116,11.105263157894736,10.857142857142858,8.723732648887154,6.993262516220265,0.48790000000000006,0.4896,0.4001,0.3553
22200273,2022-11-25,2022-23,ORL,PHI,99,107,0,4.0,5.0,-3.1,1.8,112.4,107.1,115.5,105.3,3.0,1.0,0,0,16.765139751552795,10.862962962962962,24.63171816299642,23.132145433027013,-13.127430359495577,7.167653983443457,18.428571428571427,8.38888888888889,12.5,9.045454545454545,5.361656013928503,3.543437480752617,0.48549999999999993,0.4516,0.3693,0.3526
22200289,2022-11-26,2022-23,PHX,UTA,113,112,1,6.0,4.0,4.9,-1.5,113.0,118.5,108.1,120.0,0.0,0.0,1,1,19.048454469507103,17.612753623188407,28.737276030986557,27.397923478260868,14.420520999468367,-4.401739130434784,15.80952380952381,21.16,7.681818181818182,7.521739130434782,6.816928198958399,4.850661994979656,0.4648,0.4761000000000001,0.38120000000000004,0.3704
22200287,2022-11-26,2022-23,HOU,OKC,118,105,1,3.0,4.0,-4.9,-0.9,111.3,123.3,116.2,124.2,0.0,0.0,1,1,18.07792207792208,18.824603174603173,30.12640836940837,26.366166908212563,-19.533740769034885,3.9419254658385094,13.833333333333334,10.95,4.5,7.0,5.929665496884664,8.825343361221053,0.45549999999999996,0.4913,0.3445,0.3899
22200286,2022-11-26,2022-23,TOR,DAL,105,100,1,4.0,5.0,-3.6,0.0,110.0,104.7,113.6,104.7,2.0,2.0,0,0,15.005861040068199,15.114814814814814,26.741201597343746,29.670705555555553,1.1837023825548525,5.116666666666667,17.304347826086957,32.44444444444444,4.8,17.22222222222222,6.026873004434275,10.456715604556141,0.4332,0.4587,0.2845,0.3484
22200296,2022-11-27,2022-23,NYK,MEM,123,127,0,5.0,5.0,-2.9,1.1,113.9,111.8,116.8,110.7,1.0,1.0,0,0,19.637681159420293,16.831818181818182,26.58644685990338,27.47663181818182,3.913043478260869,24.261462450592887,18.608695652173914,27.5,8.25,9.391304347826088,7.3688474764372005,7.90099948017021,0.4324,0.4519,0.3013,0.3303
22200297,2022-11-27,2022-23,ORL,PHI,103,133,0,3.0,6.0,-4.0,3.6,109.3,106.7,113.3,103.1,1.0,1.0,0,0,14.240196078431373,8.879699248120302,25.055820038621512,21.374521512113617,-1.1044305281921392,5.6419799498746865,11.583333333333334,9.210526315789474,4.2631578947368425,5.166666666666667,6.400947355173147,4.340648704007349,0.47420000000000007,0.4528,0.3517,0.3387
22200291,2022-11-27,2022-23,MIN,GSW,114,137,0,6.0,7.0,1.8,2.7,115.1,116.2,113.3,113.5,1.0,1.0,0,0,18.459541062801932,18.587301587301585,27.982394909374886,29.890117001583242,2.1141440557916535,20.163134819145046,20.291666666666668,8.0,9.916666666666666,6.043478260869565,6.8783713749069,8.484782972182476,0.5103,0.48200000000000004,0.3437,0.39859999999999995
22200290,2022-11-27,2022-23,BKN,POR,111,97,1,5.0,5.0,0.3,-0.4,111.1,110.9,110.8,111.3,1.0,1.0,0,0,20.450000000000003,16.016354016354015,31.133293777014995,31.037438032498905,4.192295957284516,-4.0041031432335785,10.0,19.636363636363637,9.6,9.173913043478262,8.323174566091678,6.154820719731401,0.5088000000000001,0.47379999999999994,0.385,0.36760000000000004
22200295,2022-11-27,2022-23,DET,CLE,94,102,0,2.0,4.0,-5.3,1.7,112.1,113.5,117.4,111.8,1.0,1.0,0,0,10.717171717171716,21.5625,22.91922799422799,29.058287681159424,-23.931277056277057,20.205797101449274,15.0,22.4375,6.285714285714286,9.130434782608695,4.596578229512578,9.123677757950828,0.4549,0.4941,0.3349,0.40750000000000003
22200298,2022-11-27,2022-23,MIL,DAL,124,115,1,5.0,4.0,-0.9,-0.6,110.5,103.6,111.4,104.2,1.0,0.0,0,1,13.307460570618465,19.169590643274855,27.772969241479267,29.265362416457812,21.84167016782443,9.406484962406015,16.38888888888889,8.666666666666666,13.909090909090908,10.842105263157896,7.444789879973463,9.481289199345605,0.4492,0.45599999999999996,0.34940000000000004,0.34130000000000005
22200302,2022-11-28,2022-23,BKN,ORL,109,102,1,6.0,3.0,1.9,-6.7,112.8,107.3,110.9,114.0,0.0,0.0,1,1,20.4175,14.147777777777776,30.646946388888885,26.247448615136875,8.361060606060606,-13.590966183574881,27.56,11.36,11.363636363636363,7.590909090909091,8.380551614705057,6.136373041146706,0.5176000000000001,0.4655,0.3934,0.36429999999999996
22200304,2022-11-28,2022-23,NOP,OKC,105,101,1,6.0,4.0,5.9,-1.3,116.5,123.5,110.6,124.8,2.0,1.0,0,0,14.052492341966024,17.78324434274091,23.515529706209968,27.100345540646742,17.977930333079073,-6.398124758536657,9.736842105263158,31.05263157894737,12.956521739130435,10.952380952380953,4.911803541222423,8.376252891511433,0.4915,0.49029999999999996,0.36669999999999997,0.3823
22200299,2022-11-28,2022-23,PHI,ATL,104,101,1,7.0,4.0,6.8,-3.4,109.6,111.5,102.8,114.9,0.0,0.0,1,1,18.322077922077924,20.956521739130434,27.873829211368342,31.179066597653552,17.546077835208273,3.84611801242236,10.2,20.652173913043477,6.076923076923077,5.25,9.401450377158094,7.7372504743723045,0.47990000000000005,0.4511,0.3517,0.29700000000000004
22200307,2022-11-28,2022-23,SAC,PHX,117,122,0,7.0,6.0,5.2,3.0,122.5,114.1,117.3,111.1,2.0,1.0,0,0,14.37950937950938,19.293939393939393,28.346590909090907,28.390247694334654,18.35064935064935,13.925306844185563,15.5,25.863636363636363,6.681818181818182,13.578947368421053,5.402593832670778,6.839274214287857,0.5001,0.4678000000000001,0.36550000000000005,0.3718
22200303,2022-11-28,2022-23,TOR,CLE,100,88,1,5.0,5.0,-3.0,2.7,109.5,112.0,112.5,109.3,1.0,0.0,0,1,18.611362493715436,13.945494864612511,29.292908613445377,28.36587110238832,1.2274240465416932,22.03297766475011,17.666666666666668,22.235294117647058,15.25,9.166666666666666,5.635009597044591,6.161456105374942,0.4321,0.4852,0.28290000000000004,0.38760000000000006
22200306,2022-11-28,2022-23,UTA,CHI,107,114,0,3.0,3.0,-3.9,-2.6,115.8,112.3,119.7,114.9,1.0,2.0,0,0,17.333333333333332,19.94524959742351,27.63988888888889,29.124185624359534,-3.9839743589743595,4.067940272288098,20.923076923076923,25.5,7.458333333333333,8.2,4.813082626372459,7.388785979145845,0.4709,0.49000000000000005,0.3689,0.3465
22200300,2022-11-28,2022-23,WAS,MIN,142,127,1,6.0,5.0,1.9,-1.7,111.0,113.6,109.1,115.3,0.0,0.0,1,1,20.706926406926407,15.948333333333332,29.35641976911977,26.491814999999995,-2.821012321012321,0.16666666666666646,23.066666666666666,20.52,8.23076923076923,2.6666666666666665,7.2514235988191205,6.370540568086011,0.47400000000000003,0.49329999999999996,0.3585,0.3382
22200310,2022-11-29,2022-23,DAL,GSW,116,113,1,3.0,7.0,-1.7,4.7,105.5,118.3,107.2,113.6,1.0,1.0,0,0,17.071212121212124,18.593795093795094,26.96407424242424,29.929938011063008,12.328609625668449,17.639430014430012,31.75,29.59090909090909,5.0588235294117645,6.428571428571429,9.98093046310507,8.230970085942893,0.4629,0.48950000000000005,0.3399,0.40440000000000004
22200309,2022-11-29,2022-23,DET,NYK,110,140,0,2.0,4.0,-4.5,-4.6,110.3,114.2,114.8,118.8,1.0,1.0,0,0,8.487432216905901,10.434974747474747,22.70542208399787,23.158295905483403,-28.260015948963318,1.931818181818182,6.045454545454546,19.333333333333332,5.5,9.791666666666666,2.630689158942159,6.485744365067464,0.4589,0.43920000000000003,0.3423,0.29500000000000004
22200323,2022-11-30,2022-23,SAC,IND,137,114,1,7.0,7.0,5.0,3.7,122.9,114.3,117.9,110.6,1.0,1.0,0,0,16.257575757575758,13.227339181286547,29.714609666458635,27.454684808612438,17.020386935718744,3.9132775119617222,15.181818181818182,16.31578947368421,13.347826086956522,7.722222222222222,4.165047855843565,5.468056183110761,0.5117,0.4542,0.3665,0.3413
22200321,2022-11-30,2022-23,PHX,CHI,132,113,1,7.0,4.0,4.7,-1.5,117.5,111.8,112.8,113.3,1.0,1.0,0,0,15.02791580400276,19.979468599033815,29.227948429951688,29.96673700101703,13.949585921325053,-0.8171243325705575,15.695652173913043,19.0,8.0,5.916666666666667,7.027972174112077,7.124465414561939,0.4772,0.48439999999999994,0.37150000000000005,0.3345
22200313,2022-11-30,2022-23,ORL,ATL,108,125,0,3.0,4.0,-6.7,-3.1,104.8,109.7,111.5,112.8,1.0,1.0,0,0,17.026934322986953,16.027777777777775,26.10949694481932,23.546250793650792,-9.959017876351973,1.4937229437229436,20.526315789473685,20.5,9.217391304347826,1.7272727272727273,5.319509802914911,10.25512057429012,0.45809999999999995,0.45430000000000004,0.35819999999999996,0.3128
22200319,2022-11-30,2022-23,OKC,SAS,119,111,1,4.0,1.0,-1.3,-13.4,120.4,108.1,121.7,121.5,1.0,3.0,0,0,13.097002635046115,17.246984126984128,25.079148588054455,24.976507777777776,-1.013880105401845,-30.090714285714284,14.125,19.6,5.6875,4.0,3.35319920915463,6.74846092094985,0.48230000000000006,0.45830000000000004,0.3739,0.31310000000000004
22200316,2022-11-30,2022-23,NYK,MIL,103,109,0,5.0,5.0,1.1,-1.4,119.7,112.1,118.6,113.5,0.0,2.0,1,0,15.278888888888888,20.04229171963726,27.04691470588235,28.50053129926265,11.567254901960785,24.758981693363847,20.0,29.88888888888889,10.0,13.043478260869565,6.93130699962534,7.320374360393753,0.4633,0.4628,0.3128,0.35910000000000003
22200318,2022-11-30,2022-23,NOP,TOR,126,108,1,7.0,5.0,7.0,-2.7,114.8,108.2,107.8,110.9,1.0,1.0,0,0,12.870314992025518,18.054920634920634,23.083939008506114,26.841344962406016,18.33409888357257,8.010173919647603,20.105263157894736,21.214285714285715,9.85,13.409090909090908,4.896200886739802,5.91570322115532,0.4868,0.43339999999999995,0.3536,0.2988
22200317,2022-11-30,2022-23,MIN,MEM,109,101,1,5.0,5.0,-1.9,0.9,115.6,114.2,117.5,113.3,1.0,2.0,0,0,13.647765567765568,17.253968253968253,26.641410402930404,27.181269496204276,-4.344505494505494,11.97866459627329,20.846153846153847,27.476190476190474,9.05,6.4,5.156531318101534,8.165670673082085,0.49639999999999995,0.4574000000000001,0.33730000000000004,0.33680000000000004
22200312,2022-11-30,2022-23,CLE,PHI,113,85,1,5.0,7.0,2.2,5.9,108.8,110.0,106.6,104.1,1.0,1.0,0,0,13.505882352941176,16.961766735679777,29.407830241632006,26.452366459627324,19.720439691027924,11.51654808959157,11.4,10.714285714285714,14.636363636363637,4.954545454545454,7.869217418099051,8.70512507142622,0.4694999999999999,0.4864,0.3637,0.3499
22200315,2022-11-30,2022-23,BKN,WAS,113,107,1,6.0,6.0,-0.1,2.6,112.5,114.4,112.6,111.8,1.0,1.0,0,0,13.61732385261797,21.059947299077734,30.94335459599224,30.157528522805695,9.822839905192847,4.153056182947487,9.692307692307692,19.043478260869566,10.666666666666666,8.428571428571429,8.521532510882212,7.1434320844366,0.5236000000000001,0.4786,0.38430000000000003,0.3806
22200325,2022-12-01,2022-23,DET,DAL,131,125,1,2.0,4.0,-6.6,-0.7,110.1,108.4,116.7,109.1,1.0,1.0,0,0,15.459420289855073,19.92063492063492,26.692661070234113,28.027884633080287,-33.437458193979936,7.598688750862664,18.8,32.19047619047619,15.0,15.434782608695652,3.895922058410861,9.481108535821939,0.46319999999999995,0.4715000000000001,0.35300000000000004,0.3478
22200329,2022-12-02,2022-23,BKN,TOR,114,105,1,6.0,5.0,-1.0,-3.1,112.8,109.3,113.8,112.4,1.0,1.0,0,0,20.679012345679013,15.4251012145749,31.16011249244583,31.862888921071306,10.87956487956488,3.2037322707803253,23.77777777777778,15.736842105263158,10.0,4.230769230769231,8.728969338581061,5.788787712925433,0.5218,0.4387,0.3809,0.2956
22200326,2022-12-02,2022-23,CHA,WAS,117,116,1,3.0,5.0,-7.8,1.2,109.3,113.8,117.1,112.6,3.0,1.0,0,0,17.59574074074074,21.26687269110543,28.994115284900282,30.404513266294657,-27.99057886557886,-0.6104068821204374,19.22222222222222,23.11764705882353,4.363636363636363,5.32,6.034212136572141,7.772213597976772,0.4513,0.47359999999999997,0.2991,0.3656
22200330,2022-12-02,2022-23,CLE,ORL,107,96,1,6.0,2.0,5.5,-9.1,110.0,106.2,104.5,115.3,1.0,1.0,0,0,21.185354691075514,15.483703703703705,30.65120458648753,24.649509629629627,21.476246439431257,-20.40074074074074,14.695652173913043,18.84,5.230769230769231,11.62962962962963,7.944658436820303,5.508304550539179,0.4901,0.4582,0.38870000000000005,0.3497
22200336,2022-12-02,2022-23,GSW,CHI,119,111,1,6.0,4.0,3.9,-2.5,119.0,112.7,115.1,115.2,2.0,1.0,0,0,18.45915678524374,20.082222222222224,29.015169755218086,27.625277173913048,20.64350322446433,8.528768115942029,17.0,19.1,15.4,7.16,8.281646294679888,7.821836407526647,0.48839999999999995,0.48889999999999995,0.3883,0.3144
22200332,2022-12-02,2022-23,MEM,PHI,117,109,1,5.0,7.0,0.4,4.0,113.7,109.0,113.3,105.0,1.0,1.0,0,0,16.95580808080808,18.280934343434343,27.92827904040404,28.090894343434343,19.608391608391603,6.693300395256917,16.09090909090909,29.1875,6.653846153846154,5.043478260869565,8.18849087016898,9.283744038360657,0.4548,0.4894,0.33730000000000004,0.35300000000000004
22200334,2022-12-02,2022-23,PHX,HOU,121,122,0,7.0,3.0,5.4,-5.9,117.8,109.2,112.4,115.1,1.0,1.0,0,0,18.648809523809522,17.372857142857143,29.008949025974026,29.970946825396823,18.742489177489176,-14.723809523809525,12.904761904761905,21.44,3.6666666666666665,10.92,8.232668693384703,4.149300976562716,0.4814,0.4532,0.3713,0.3392
22200333,2022-12-02,2022-23,SAS,NOP,99,117,0,1.0,7.0,-14.0,8.4,107.0,115.9,121.0,107.5,1.0,1.0,0,0,15.845108225108225,13.439258312020462,24.897290154845155,25.89660400682012,-30.88974691974692,21.50780247885107,20.318181818181817,20.75,8.466666666666667,8.807692307692308,6.622706427405772,5.266837512828759,0.45489999999999997,0.4891,0.3077,0.3802
22200335,2022-12-02,2022-23,UTA,IND,139,119,1,3.0,7.0,-3.0,1.7,115.3,113.8,118.3,112.1,1.0,1.0,0,0,17.63095238095238,13.846376811594203,25.724477179487177,27.42955565217391,3.348412698412698,-1.514782608695652,21.392857142857142,7.1,7.296296296296297,5.625,6.100088258659472,5.928024912663102,0.48109999999999997,0.4473,0.37289999999999995,0.34040000000000004
22200343,2022-12-03,2022-23,UTA,POR,111,116,0,4.0,2.0,-0.3,-6.7,119.4,110.6,119.7,117.3,0.0,2.0,1,0,17.402298850574713,14.69824016563147,27.84123669646658,28.306756754658387,0.5466155810983402,-10.097572463768117,18.517241379310345,21.916666666666668,13.11111111111111,3.7,4.869394718802989,7.838474743963959,0.4971,0.4619,0.38730000000000003,0.375
22200340,2022-12-03,2022-23,TOR,ORL,121,108,1,4.0,1.0,-4.7,-11.9,108.2,104.4,112.9,116.3,0.0,0.0,1,1,15.427777777777777,13.67095238095238,31.997701107085344,25.169443944413075,1.001570048309179,-16.226040915606134,15.45,11.321428571428571,4.2592592592592595,18.73076923076923,5.811826057437803,6.0123627597826035,0.4412,0.45519999999999994,0.2907,0.339
22200337,2022-12-03,2022-23,NYK,DAL,100,121,0,4.0,4.0,-0.4,-0.5,117.9,110.4,118.3,110.9,2.0,1.0,0,0,11.589743589743591,18.606060606060606,25.330709401709402,28.331352272727276,9.38888888888889,5.231884057971015,19.923076923076923,8.625,8.692307692307692,5.130434782608695,6.586533522571817,10.000449504953886,0.4606,0.48200000000000004,0.3078,0.3508
22200339,2022-12-03,2022-23,CHA,MIL,96,105,0,4.0,5.0,-6.7,0.3,111.5,112.5,118.2,112.2,0.0,0.0,1,1,17.821079622132256,11.505,29.259621492477628,24.11485735042735,-27.964937985990616,8.775198135198135,18.576923076923077,13.64,5.476190476190476,11.136363636363637,5.820848082844622,3.2732411395345635,0.45599999999999996,0.47070000000000006,0.3155,0.34750000000000003
22200342,2022-12-03,2022-23,GSW,HOU,120,101,1,7.0,4.0,5.4,-5.1,119.4,110.5,114.0,115.6,0.0,0.0,1,1,18.484299516908212,16.621025641025643,28.649125371609067,27.97217072261072,13.429179135128791,-14.216083916083916,29.25,18.44,4.7894736842105265,14.5,9.169217691546509,4.700971585580575,0.49000000000000005,0.4586,0.3943,0.3468
22200341,2022-12-03,2022-23,MIN,OKC,128,135,0,6.0,4.0,0.1,-2.4,114.8,119.1,114.7,121.5,2.0,2.0,0,0,13.820944487611156,19.954444444444444,23.311704474537805,27.886684687848383,4.991101491101491,-5.632191142191142,21.14814814814815,31.05,11.148148148148149,6.2272727272727275,6.187135323931393,8.840673864672604,0.4899,0.47750000000000004,0.3348,0.36550000000000005
22200347,2022-12-04,2022-23,DET,MEM,112,122,0,3.0,5.0,-5.1,1.0,112.4,113.0,117.5,112.0,2.0,1.0,0,0,12.763888888888891,17.14608695652174,28.574974138515806,26.664517380568974,-36.68986568986569,12.24893489763055,14.458333333333334,27.347826086956523,11.357142857142858,6.666666666666667,3.7798629179672614,8.008208282016122,0.47590000000000005,0.4471,0.3538,0.3302
22200348,2022-12-04,2022-23,NYK,CLE,92,81,1,4.0,7.0,-1.5,7.1,114.4,108.3,115.9,101.2,0.0,1.0,1,0,11.14373897707231,21.277777777777775,27.519646755778332,28.88845485008818,5.762879420774158,19.107142857142858,5.357142857142857,27.208333333333332,10.25925925925926,10.5,6.715805802859497,8.02384985388574,0.4566,0.49399999999999994,0.30779999999999996,0.3768
22200351,2022-12-04,2022-23,POR,IND,116,100,1,3.0,6.0,-5.7,-1.7,111.0,113.9,116.7,115.6,0.0,1.0,1,0,17.56974358974359,14.075702075702075,32.914529932844935,23.802495115995118,-6.772167832167832,-1.3115384615384618,22.84,15.846153846153847,7.7727272727272725,7.75,7.225617425540703,5.826531891978313,0.46509999999999996,0.44079999999999997,0.3731,0.3315
22200350,2022-12-04,2022-23,SAC,CHI,110,101,1,7.0,3.0,8.7,-4.7,124.2,112.7,115.5,117.4,0.0,1.0,1,0,16.654444444444447,20.07990231990232,27.618971111111108,29.239548766788765,24.093333333333334,-5.610915750915751,12.16,15.76923076923077,13.6,10.52,5.0340315648887515,7.108792046548868,0.5096,0.48260000000000003,0.3612,0.3156
22200345,2022-12-04,2022-23,SAS,PHX,95,133,0,0.0,7.0,-17.6,7.0,105.8,120.2,123.4,113.2,1.0,1.0,0,0,15.879801358062226,11.195454545454545,24.913431241061677,24.128840764163368,-26.542717668804624,21.15897233201581,20.08695652173913,28.2,5.5,13.227272727272727,6.894824433041022,9.635922361429815,0.44309999999999994,0.49429999999999996,0.2972,0.3862
22200354,2022-12-05,2022-23,ATL,OKC,114,121,0,5.0,4.0,-0.3,-2.7,112.6,118.1,112.9,120.8,2.0,1.0,0,0,19.607521367521368,19.086080586080588,26.064867831661093,28.00681440238774,7.758729096989966,-0.6431888481888484,21.26923076923077,31.142857142857142,3.4285714285714284,5.611111111111111,9.25058050568377,8.965821320466976,0.4751,0.4666,0.3254,0.35300000000000004
22200358,2022-12-05,2022-23,DAL,PHX,130,111,1,4.0,8.0,1.1,10.9,110.8,122.3,109.7,111.4,1.0,0.0,0,1,17.925797101449277,18.85395763656633,27.100354782608697,26.35926259489303,7.78687747035573,23.27747252747253,6.6,12.869565217391305,5.333333333333333,8.11111111111111,10.370851394818688,8.737641158935217,0.4744,0.4979,0.3575,0.3987
22200359,2022-12-05,2022-23,GSW,IND,104,112,0,7.0,5.0,3.6,-4.5,118.2,111.4,114.6,115.9,1.0,0.0,0,1,18.451666666666668,14.171156004489339,27.27148009746589,23.272964085297417,13.109161793372317,-4.081585081585082,29.28,7.7727272727272725,6.333333333333333,7.346153846153846,9.0979244337119,5.422968847152616,0.48950000000000005,0.4311,0.3913,0.32249999999999995
22200356,2022-12-05,2022-23,HOU,PHI,132,123,1,4.0,6.0,-5.7,2.0,110.0,107.8,115.7,105.8,1.0,2.0,0,0,17.425925925925927,9.569230769230769,29.860096435502232,30.446150739064855,-19.643600360991666,7.939083874352416,21.444444444444443,15.04,9.777777777777779,11.130434782608695,4.402164580327586,9.001578749921528,0.45200000000000007,0.4784,0.3242,0.3621
22200353,2022-12-05,2022-23,ORL,MIL,102,109,0,1.0,6.0,-12.5,3.0,104.7,113.7,117.2,110.7,1.0,1.0,0,0,15.583052749719416,20.403235653235654,24.32400056116723,28.348191534391532,-21.482905982905983,15.257610907610909,18.37037037037037,17.19047619047619,9.461538461538462,4.333333333333333,6.249987984840548,9.01662224199006,0.46299999999999997,0.48500000000000004,0.3394,0.35710000000000003
22200372,2022-12-07,2022-23,UTA,GSW,124,123,1,4.0,7.0,-0.1,3.9,119.4,116.7,119.5,112.8,3.0,1.0,0,0,14.583333333333334,13.608412698412698,23.907830743525484,22.71977841269841,0.3784600389863546,-2.367142857142858,18.7,16.392857142857142,6.333333333333333,5.416666666666667,5.483015955044336,5.958740678716475,0.4989,0.4842000000000001,0.3908,0.3779
22200365,2022-12-07,2022-23,NYK,ATL,113,89,1,4.0,4.0,-1.1,-2.5,111.8,111.9,112.9,114.4,2.0,1.0,0,0,14.612698412698412,13.761752136752136,25.12837142857143,22.71746391263058,6.111309523809524,-8.91890516890517,18.571428571428573,26.576923076923077,7.85,5.761904761904762,8.166301762088041,7.92685193241398,0.45,0.47040000000000004,0.2906,0.3246
22200371,2022-12-07,2022-23,NOP,DET,104,98,1,8.0,4.0,11.5,-3.2,118.3,115.0,106.8,118.2,2.0,0.0,0,1,14.255571095571094,8.768923230692346,24.170659889493223,26.68741988621074,22.37041699041699,-24.24345519547919,13.48,8.413793103448276,15.818181818181818,14.23076923076923,4.9085948705449445,3.7153314217310602,0.49260000000000004,0.48630000000000007,0.38780000000000003,0.3855
22200370,2022-12-07,2022-23,MIN,IND,121,115,1,6.0,5.0,0.5,-4.5,117.3,112.7,116.8,117.2,3.0,1.0,0,0,15.01265010351967,16.94354256854257,28.232123231347288,27.59738690476191,-0.5402576489533013,-4.864836250705816,10.76,16.107142857142858,6.043478260869565,8.782608695652174,5.0569251748824104,4.818315435820939,0.49589999999999995,0.4387,0.3348,0.3317
22200364,2022-12-07,2022-23,BKN,CHA,122,116,1,7.0,4.0,3.3,-5.6,111.0,110.1,107.7,115.7,2.0,1.0,0,0,20.504022988505746,16.09865900383142,31.55246658456486,29.637901569056744,10.394745484400657,-25.653758438241194,9.551724137931034,18.964285714285715,8.933333333333334,4.285714285714286,8.65480677719508,6.229051550750658,0.5216000000000001,0.4431,0.38469999999999993,0.3067
22200368,2022-12-07,2022-23,MEM,OKC,123,102,1,6.0,5.0,2.7,-1.6,114.7,118.0,112.0,119.6,1.0,1.0,0,0,17.353418803418805,18.15825840825841,26.971670851753608,25.08882324675325,18.152737147909562,5.354665334665334,16.4,31.318181818181817,10.107142857142858,10.5,7.5201131460359,8.721719619061933,0.4509,0.46390000000000003,0.3448,0.3516
22200367,2022-12-07,2022-23,CHI,WAS,115,111,1,3.0,3.0,-5.2,-1.9,111.7,115.0,116.9,116.9,2.0,2.0,0,0,20.27048260381594,11.809829059829061,29.42783579383579,28.08074015585721,-5.977984977984978,-1.3095868945868947,25.0,7.208333333333333,10.346153846153847,7.703703703703703,7.235079119529597,6.3980364147848805,0.47620000000000007,0.4737,0.3257,0.3357
22200369,2022-12-07,2022-23,MIL,SAC,126,113,1,7.0,7.0,5.2,8.9,114.0,123.0,108.8,114.1,1.0,2.0,0,0,20.580142080142082,14.241538461538463,28.91811496957149,28.35978666666666,14.252667622232842,25.234825174825176,17.181818181818183,15.538461538461538,6.555555555555555,11.681818181818182,8.522694926904503,3.6464860626028104,0.4882000000000001,0.5045,0.3689,0.3482
22200375,2022-12-08,2022-23,SAS,HOU,118,109,1,0.0,5.0,-17.7,-3.2,105.8,112.6,123.5,115.8,3.0,2.0,0,0,12.307539682539684,14.440375982042648,23.610437449424214,30.286379068462402,-34.694456115779644,-17.192580567580567,20.375,12.208333333333334,5.5,10.071428571428571,5.675293681253695,4.411125524473252,0.4508,0.4513999999999999,0.29159999999999997,0.3301
22200384,2022-12-09,2022-23,NOP,PHX,128,117,1,8.0,7.0,11.0,5.3,117.4,116.9,106.4,111.6,1.0,1.0,0,0,15.144390767579173,19.597985347985347,26.71409118136292,29.865899267399264,22.20251763617581,12.860742705570292,21.695652173913043,16.615384615384617,9.793103448275861,8.068965517241379,4.736979924065579,7.463160585068342,0.4912000000000001,0.47840000000000005,0.37,0.37629999999999997
22200385,2022-12-09,2022-23,UTA,MIN,108,118,0,4.0,6.0,-0.1,0.6,118.4,116.5,118.5,115.9,1.0,1.0,0,0,14.708194289951797,11.46031746031746,24.371184835001856,28.916477585154308,-2.7149610678531704,0.6636036377415689,12.931034482758621,13.083333333333334,10.2,11.586206896551724,5.083594446965426,5.128380655093314,0.49640000000000006,0.48710000000000003,0.3821,0.3196
22200382,2022-12-09,2022-23,PHI,LAL,133,122,1,5.0,6.0,0.4,4.3,109.6,119.7,109.2,115.4,3.0,1.0,0,0,20.01851851851852,12.75844155844156,30.869170465337135,28.62007472342472,7.2991452991453,-8.094059644059644,19.692307692307693,23.857142857142858,11.125,15.5,9.197254722176181,8.244766586371325,0.475,0.48760000000000003,0.3919,0.3266
22200379,2022-12-09,2022-23,ORL,TOR,113,109,1,1.0,5.0,-11.0,0.2,104.9,110.7,115.9,110.5,1.0,1.0,0,0,16.062628941939288,18.639079583015512,27.078381183271063,32.234006792187955,-26.110781209891336,5.832289568216342,20.166666666666668,18.166666666666668,12.714285714285714,11.041666666666666,4.646406992830283,3.8798300516993964,0.4471,0.45599999999999996,0.32439999999999997,0.29900000000000004
22200383,2022-12-09,2022-23,MEM,DET,114,103,1,7.0,4.0,5.9,-3.1,116.8,112.7,110.9,115.8,1.0,1.0,0,0,20.92262108262108,11.074074074074074,26.986883817663816,27.887730097914005,21.288376068376067,-31.556165952971227,27.52,15.185185185185185,7.555555555555555,10.058823529411764,7.8011433060632385,4.476374779857917,0.4607,0.47850000000000004,0.3559,0.3888
22200377,2022-12-09,2022-23,CHA,NYK,102,121,0,3.0,4.0,-6.9,1.0,110.5,112.5,117.4,111.5,1.0,1.0,0,0,14.613166144200628,15.596059113300491,24.14478846220829,26.379452346743296,-23.973645320197043,10.135262725779967,19.275862068965516,20.482758620689655,15.071428571428571,20.137931034482758,6.996899086213892,6.472328436913703,0.44880000000000003,0.45059999999999995,0.3284,0.3143
22200386,2022-12-09,2022-23,DAL,MIL,105,106,0,5.0,7.0,3.8,5.0,115.9,115.3,112.1,110.3,2.0,1.0,0,0,18.514567901234567,19.93006148440931,29.275136969696966,29.212521177963207,14.24087542087542,20.13164983164983,31.84,17.782608695652176,6.777777777777778,6.5,9.63757640949868,8.548274213724628,0.5025999999999999,0.48840000000000006,0.3922,0.37029999999999996
22200381,2022-12-09,2022-23,CLE,SAC,95,106,0,7.0,6.0,7.9,4.4,105.0,119.0,97.1,114.6,2.0,1.0,0,0,11.479148246389625,14.404558404558406,30.319205635360806,27.445377100623478,20.691751495630808,20.624489037532516,14.423076923076923,15.814814814814815,6.375,13.925925925925926,5.253114561957491,3.257109577648206,0.4843,0.49219999999999997,0.35409999999999997,0.331
22200380,2022-12-09,2022-23,BKN,ATL,120,116,1,7.0,4.0,3.7,-2.4,112.3,110.7,108.6,113.1,1.0,1.0,0,0,20.587301587301585,13.969876543209878,30.78457805555555,21.46582907882241,14.167738095238096,-5.682621082621083,24.095238095238095,26.296296296296298,4.666666666666667,9.32,9.656715677776058,8.58742704742419,0.528,0.4664,0.38549999999999995,0.3194
22200378,2022-12-09,2022-23,IND,WAS,121,111,1,4.0,3.0,-5.2,-2.2,112.8,114.1,118.0,116.3,1.0,1.0,0,0,17.877701149425288,16.19118708452042,28.31364916291854,27.19178227920228,-3.8441754122938536,-0.8771794871794871,16.448275862068964,7.32,5.041666666666667,9.222222222222221,5.7041954262063355,6.664513736191179,0.4412,0.4713,0.3378,0.3147
22200391,2022-12-10,2022-23,CHI,DAL,144,115,1,4.0,4.0,-2.5,0.9,112.9,113.7,115.4,112.8,2.0,0.0,0,1,14.932539682539682,11.382380952380954,27.63827545433632,19.50127270723104,-4.692857142857143,3.008032153032153,25.074074074074073,15.107142857142858,15.964285714285714,13.153846153846153,6.884239125336647,6.0500302283087715,0.47680000000000006,0.48950000000000005,0.3419,0.3841
22200390,2022-12-10,2022-23,CLE,OKC,110,102,1,6.0,4.0,4.2,-3.8,103.2,116.1,99.0,119.9,0.0,2.0,1,0,13.134051627384961,18.297063108657312,29.955092778079166,25.88395657187686,17.81691527379507,-7.004286776025906,11.52,14.518518518518519,9.2,14.481481481481481,5.132489877097432,8.670713176487752,0.47429999999999994,0.44659999999999994,0.3523,0.33680000000000004
22200388,2022-12-10,2022-23,IND,BKN,133,136,0,4.0,7.0,-6.3,2.9,112.6,111.6,118.9,108.7,0.0,0.0,1,1,14.77111111111111,3.163888888888889,28.439779786324788,10.693187426900584,-3.146039886039886,-5.298026315789474,19.0,1.25,5.62962962962963,7.25,5.619768373906553,2.1822231088335577,0.4417999999999999,0.522,0.35340000000000005,0.38170000000000004
22200394,2022-12-10,2022-23,POR,MIN,124,118,1,3.0,6.0,-4.7,-0.2,112.2,115.7,116.9,115.9,1.0,0.0,0,1,22.75518077601411,14.465823754789271,33.010377577669246,29.146519284802043,-2.4518239582894754,-0.3467943805874836,24.6875,21.233333333333334,8.655172413793103,3.05,7.03061224473926,6.5320339067340445,0.47170000000000006,0.488,0.3726,0.3263
22200399,2022-12-11,2022-23,PHI,CHA,131,113,1,5.0,3.0,0.7,-7.6,111.9,109.4,111.2,117.0,1.0,1.0,0,0,22.067947646895018,18.26165250707979,31.420424487143787,29.81745285206859,9.563631300473407,-27.68400376424691,20.285714285714285,19.366666666666667,10.92,4.5625,9.336749479703418,6.3011936237102155,0.477,0.4471,0.3905,0.3151
22200397,2022-12-11,2022-23,NYK,SAC,112,99,1,5.0,6.0,3.9,3.7,114.5,116.6,110.6,112.9,1.0,1.0,0,0,15.415686274509804,14.300705467372135,27.669673856209148,27.689703703703703,7.666666666666667,22.46693121693122,18.7,14.925925925925926,10.266666666666667,13.75,6.807591784763838,3.253507776669718,0.46019999999999994,0.48739999999999994,0.32599999999999996,0.3395
22200395,2022-12-11,2022-23,NOP,PHX,129,124,1,8.0,6.0,10.7,2.1,117.8,117.0,107.1,114.9,1.0,1.0,0,0,15.432539682539684,10.91511281396339,26.126178571428568,27.464019284802042,21.701719576719576,7.166057569505845,15.583333333333334,15.137931034482758,8.962962962962964,12.576923076923077,5.989896089824538,3.772936376064447,0.49169999999999997,0.48580000000000007,0.34809999999999997,0.3827
22200398,2022-12-11,2022-23,ORL,TOR,111,99,1,2.0,4.0,-10.5,-1.0,104.9,110.4,115.4,111.4,1.0,1.0,0,0,17.448888888888888,14.980599647266315,26.921345299145298,29.980802539682543,-19.194907161803716,6.762756892230577,20.28,16.037037037037038,8.655172413793103,2.6842105263157894,5.33476691409404,6.696636614851878,0.4633999999999999,0.44720000000000004,0.32480000000000003,0.3007
22200396,2022-12-11,2022-23,DET,LAL,117,124,0,4.0,5.0,-3.4,0.1,110.1,119.6,113.5,119.5,1.0,1.0,0,0,16.295238095238094,19.57161616161616,27.225279578426353,29.38003144020854,-35.02963645673323,-8.533418759828297,19.1,23.818181818181817,11.72,5.0,3.8110650364159095,8.684231671181006,0.4657,0.4847,0.36849999999999994,0.32680000000000003
22200400,2022-12-11,2022-23,ATL,CHI,123,122,1,3.0,5.0,-3.0,1.8,109.9,116.3,112.9,114.5,1.0,0.0,0,1,17.127289377289376,20.496784345922276,23.09838394630061,25.83661637931034,-2.874619454619455,2.946633825944171,26.535714285714285,25.178571428571427,14.84,9.689655172413794,8.151255906644225,7.893593059644391,0.4659,0.49090000000000006,0.32589999999999997,0.3634
22200401,2022-12-11,2022-23,HOU,MIL,97,92,1,4.0,8.0,-5.0,5.9,113.4,115.7,118.4,109.8,2.0,1.0,0,0,17.494532019704433,20.71169772256729,30.319848254444207,29.031606832774095,-19.541597772542303,22.58052330977368,18.464285714285715,30.956521739130434,10.689655172413794,8.533333333333333,4.0949002914472326,8.033019193750834,0.44960000000000006,0.48650000000000004,0.3191,0.3714
22200405,2022-12-12,2022-23,DAL,OKC,121,114,1,4.0,4.0,-1.9,-3.5,115.5,115.3,117.4,118.8,1.0,1.0,0,0,17.419666540356193,18.765873015873016,28.183960895468015,28.41609722222222,8.461570191705125,-3.802066228790367,31.884615384615383,11.333333333333334,8.172413793103448,5.904761904761905,9.999368924935197,8.63497366014208,0.4902,0.4455,0.3734,0.3389
22200404,2022-12-12,2022-23,MEM,ATL,128,103,1,7.0,4.0,5.9,-1.7,116.1,112.0,110.2,113.7,2.0,0.0,0,1,11.345238095238095,4.246913580246914,25.283058451385333,17.349419135802467,10.062911759685955,-1.7209401709401706,16.666666666666668,2.3333333333333335,3.2142857142857144,14.884615384615385,5.741996122808891,4.398414542993237,0.46720000000000006,0.4702,0.34809999999999997,0.32680000000000003
22200407,2022-12-12,2022-23,POR,MIN,133,112,1,4.0,5.0,-3.6,-1.1,113.3,116.3,116.9,117.4,1.0,1.0,0,0,16.993793103448276,17.077750206782465,32.90494260697382,29.4273939265036,-1.3174193202185087,2.5399090157154673,22.5,21.387096774193548,14.37037037037037,11.32258064516129,7.549136102163362,5.03085615968759,0.4765,0.49510000000000004,0.3798,0.33649999999999997
22200406,2022-12-12,2022-23,SAS,CLE,112,111,1,2.0,6.0,-13.9,3.8,106.9,102.8,120.8,99.0,1.0,1.0,0,0,13.870355375618535,21.134615384615383,26.87300426021347,33.09659923289271,-32.62303705066863,17.379631841588363,20.846153846153847,21.0,5.85,6.611111111111111,6.146338587612677,7.381528583483484,0.45339999999999997,0.4614,0.28769999999999996,0.33720000000000006
22200403,2022-12-12,2022-23,WAS,BKN,100,112,0,1.0,8.0,-4.4,4.1,114.6,114.6,119.0,110.5,1.0,1.0,0,0,12.19169278996865,21.48813496477568,25.83236249219065,30.111360309694014,-5.170241827138379,8.416064927024816,20.20689655172414,24.5,22.392857142857142,9.705882352941176,6.964719553105368,9.063238135907477,0.48229999999999995,0.5189999999999999,0.3255,0.38170000000000004
22200411,2022-12-13,2022-23,HOU,PHX,111,97,1,5.0,5.0,-3.7,0.6,114.0,117.9,117.7,117.3,1.0,1.0,0,0,17.499852637783672,10.869444444444445,30.397656874447385,25.309010208653355,-18.04577807250221,8.735308555399719,21.666666666666668,15.533333333333333,10.666666666666666,3.3043478260869565,4.244859855275688,3.972640247286048,0.45990000000000003,0.4854,0.3199,0.3698
22200413,2022-12-13,2022-23,LAL,BOS,118,122,0,6.0,7.0,1.8,7.9,121.5,118.6,119.7,110.7,1.0,0.0,0,1,20.378692865105908,21.891269841269843,28.75497067451851,31.119008048515106,-6.891747635797485,26.26440426100314,26.76923076923077,28.533333333333335,15.576923076923077,4.739130434782608,7.841507967418046,9.76318537257518,0.4971,0.49260000000000004,0.3509,0.383
22200410,2022-12-13,2022-23,MIL,GSW,128,111,1,7.0,6.0,4.6,3.7,113.0,117.5,108.4,113.8,1.0,2.0,0,0,18.188888888888886,17.771604938271604,27.483083571252006,25.4366859366613,14.9914727189755,5.335163226467575,13.233333333333333,17.166666666666668,10.961538461538462,5.136363636363637,7.926537924105678,9.551919100449794,0.4685,0.4826,0.3672,0.3574
22200409,2022-12-13,2022-23,PHI,SAC,123,103,1,6.0,5.0,2.8,1.6,114.1,112.8,111.3,111.2,1.0,1.0,0,0,15.54102564102564,16.85897435897436,28.765872832722827,28.797139825691545,14.494334975369458,21.638366805608186,20.2,12.96551724137931,3.2758620689655173,12.32,9.93738895323186,3.3747609389824564,0.48450000000000004,0.47189999999999993,0.3948,0.33080000000000004
22200412,2022-12-13,2022-23,UTA,NOP,121,100,1,3.0,9.0,-1.4,12.0,117.0,119.8,118.4,107.8,2.0,1.0,0,0,15.147363031233999,14.96,26.53060519131406,26.609407142857144,1.931399245915375,22.303488580385135,13.451612903225806,16.12,6.566666666666666,8.724137931034482,6.559066646557727,6.102744811591065,0.49450000000000005,0.5004000000000001,0.38070000000000004,0.343
22200417,2022-12-14,2022-23,TOR,SAC,123,124,0,4.0,4.0,-2.0,-0.8,108.1,111.8,110.1,112.6,2.0,0.0,0,1,17.270301039956212,16.79753086419753,28.94830307060755,28.204635517568846,3.4314285714285715,16.13190883190883,22.80952380952381,21.25925925925926,3.9523809523809526,7.538461538461538,7.311517281247371,4.57900690631403,0.44279999999999997,0.4699,0.3031,0.32130000000000003
22200420,2022-12-14,2022-23,SAS,POR,112,128,0,3.0,5.0,-11.6,-0.7,108.4,115.5,120.0,116.2,1.0,1.0,0,0,17.559219434488252,23.17560664112388,24.273976583034646,32.965401705893086,-29.44215677107683,1.4713323445803979,20.85185185185185,26.055555555555557,10.304347826086957,8.709677419354838,6.682351240722796,7.335801087605383,0.45940000000000003,0.4831,0.29410000000000003,0.39790000000000003
22200415,2022-12-14,2022-23,IND,GSW,125,119,1,3.0,6.0,-6.8,6.5,111.2,120.3,118.0,113.8,1.0,0.0,0,1,17.90327380952381,16.97126216077829,28.717327800671548,25.55122029498777,-1.9265364265364269,4.733344164795778,17.875,5.291666666666667,5.592592592592593,5.576923076923077,5.509936753881683,9.108381099417704,0.44399999999999995,0.4848,0.35760000000000003,0.3741
22200416,2022-12-14,2022-23,ORL,ATL,135,124,1,3.0,3.0,-7.2,-5.1,105.8,110.8,113.0,115.9,2.0,1.0,0,0,16.370849580527,19.77096636866752,27.296355983801146,26.400603688303487,-14.671329745523295,-4.485684858543591,19.129032258064516,26.275862068965516,8.633333333333333,11.321428571428571,5.216829835071096,6.713752837118986,0.4678,0.4612,0.3386,0.3225
22200418,2022-12-14,2022-23,CHI,NYK,120,128,0,5.0,6.0,1.8,7.3,117.8,116.2,116.0,108.9,2.0,2.0,0,0,15.291111111111109,15.845878136200717,29.563733026819925,26.40718313334372,4.1713897596656215,13.970936574723392,20.24,21.096774193548388,7.681818181818182,18.967741935483872,7.788897632910861,6.513159411409973,0.4928,0.46510000000000007,0.3655,0.3209
22200414,2022-12-14,2022-23,CHA,DET,134,141,0,3.0,3.0,-8.4,-4.3,108.5,110.8,116.9,115.1,2.0,2.0,0,0,16.746639784946236,12.555303613701833,29.39950209613415,26.812738770464335,-29.350672043010753,-27.630540343971933,20.875,11.576923076923077,14.533333333333333,13.5,4.935231643120639,4.752153177079729,0.44800000000000006,0.4608,0.32,0.37770000000000004
22200421,2022-12-14,2022-23,DAL,CLE,90,105,0,5.0,5.0,0.1,1.9,116.4,102.5,116.3,100.6,1.0,1.0,0,0,17.89868028948489,15.907163742690058,28.492702511707108,31.439609005847956,8.283324210910418,16.939379915305505,32.111111111111114,6.2631578947368425,8.2,12.333333333333334,9.403925245458833,7.408345724175964,0.47840000000000005,0.45489999999999997,0.3786,0.3145
22200425,2022-12-15,2022-23,MEM,MIL,142,101,1,8.0,8.0,9.6,6.8,117.4,114.5,107.8,107.7,2.0,1.0,0,0,14.725186104218361,17.98938271604938,25.429093846006143,27.053231338610118,16.75273248257119,13.09619452978324,10.387096774193548,30.32,7.642857142857143,5.333333333333333,8.005603908186956,8.741624029234858,0.484,0.47780000000000006,0.3563,0.37699999999999995
22200426,2022-12-15,2022-23,UTA,NOP,132,129,1,4.0,8.0,1.6,5.4,117.5,117.0,115.9,111.6,1.0,1.0,0,0,17.439192685872005,15.85213675213675,27.424552824257756,26.93154423813734,6.127159881547928,18.845723168192578,21.387096774193548,16.03846153846154,13.6875,13.064516129032258,5.390791053845954,5.271419400753627,0.49269999999999997,0.4864,0.3687,0.32209999999999994
22200433,2022-12-16,2022-23,TOR,BKN,116,119,0,4.0,8.0,-0.7,3.9,110.6,114.6,111.3,110.7,1.0,3.0,0,0,11.45128205128205,20.755522440392706,25.346195379130673,31.764199855851643,7.755985191279308,7.517710118954859,16.653846153846153,28.5625,4.03030303030303,8.592592592592593,7.72388582489233,9.107454055422606,0.4572,0.5135000000000001,0.3076,0.3666
22200432,2022-12-16,2022-23,PHI,GSW,118,106,1,6.0,5.0,3.9,4.2,114.9,119.8,111.0,115.6,2.0,1.0,0,0,21.0,13.862083333333333,29.6608942680776,23.56641561302682,15.081761995986135,1.199022988505747,11.178571428571429,17.28125,9.03448275862069,5.125,10.01289726095715,6.149661826810156,0.4923,0.48179999999999995,0.39049999999999996,0.37920000000000004
22200435,2022-12-16,2022-23,OKC,MIN,110,112,0,4.0,3.0,-2.9,-6.1,113.0,114.3,115.9,120.4,1.0,1.0,0,0,19.13082817565576,14.032547699214367,26.455737691452036,21.57085764999895,-5.245925672399533,-4.217137210615471,31.03846153846154,9.37037037037037,14.266666666666667,10.3,8.65093239876067,6.077960834203224,0.45099999999999996,0.48199999999999993,0.33039999999999997,0.3255
22200437,2022-12-16,2022-23,LAL,DEN,126,108,1,5.0,7.0,0.3,4.6,122.8,120.1,122.5,115.5,2.0,1.0,0,0,14.086580086580085,16.632793209876542,25.46884221158958,29.120832405202822,-7.465529733424471,18.883154761904766,24.666666666666668,16.8,5.04,7.958333333333333,7.053584694459427,5.453671320679582,0.4962000000000001,0.5331,0.3489,0.3629
22200429,2022-12-16,2022-23,DET,SAC,113,122,0,3.0,5.0,-4.5,0.2,112.4,113.6,116.9,113.4,1.0,1.0,0,0,11.737815656565656,16.907450076804917,26.87088129910213,30.13493816370531,-20.857952069716774,18.59125659904303,6.4,16.387096774193548,14.294117647058824,14.096774193548388,4.725029314574418,3.4197336689502973,0.46299999999999997,0.47219999999999995,0.37270000000000003,0.3293
22200431,2022-12-16,2022-23,CLE,IND,118,112,1,6.0,4.0,4.9,-4.8,102.8,113.7,97.9,118.5,1.0,1.0,0,0,20.743772893772896,14.610472541507024,33.24346788766789,26.888055197569564,19.63945054945055,-2.4699001509346337,13.8,19.275862068965516,6.85,16.90909090909091,7.291521823622791,4.906321773548529,0.4683999999999999,0.4563,0.3114,0.37720000000000004
22200434,2022-12-16,2022-23,CHI,NYK,91,114,0,4.0,6.0,-0.4,7.1,117.7,116.1,118.1,109.0,1.0,1.0,0,0,18.600165425971877,20.1875,29.879152660601044,28.84915716374269,3.1017801273060743,14.59375,25.7,19.0625,7.869565217391305,10.28125,7.862034595906845,6.56717096055033,0.49589999999999995,0.4619999999999999,0.3493,0.3414
22200428,2022-12-16,2022-23,CHA,ATL,106,125,0,3.0,3.0,-8.7,-5.6,111.7,111.0,120.4,116.6,1.0,1.0,0,0,19.450833333333332,15.47936507936508,28.96744596153846,25.058845484400656,-22.24712703962704,-10.657902298850574,17.375,26.033333333333335,9.212121212121213,8.25,5.311438426222459,8.23427135483426,0.45020000000000004,0.4636,0.32830000000000004,0.31829999999999997
22200430,2022-12-16,2022-23,BOS,ORL,109,117,0,7.0,4.0,6.5,-5.3,118.6,109.4,112.1,114.7,2.0,1.0,0,0,22.125695216907673,17.552718772694263,30.279036963379934,28.053538629295804,27.638980062958098,-13.036304754876861,29.032258064516128,20.25925925925926,9.25,8.321428571428571,8.614705239057756,5.251892502101684,0.48739999999999994,0.4757999999999999,0.3794,0.3573
22200436,2022-12-16,2022-23,DAL,POR,130,110,1,5.0,6.0,-0.9,2.7,115.4,118.7,116.3,116.0,1.0,1.0,0,0,17.99206349206349,13.511662679425838,25.660794980109493,27.77233039606592,6.067543913261377,0.4345136941098827,16.607142857142858,8.8125,13.0,14.379310344827585,10.69425009419545,8.483705902919313,0.4697,0.49870000000000003,0.3846,0.40099999999999997
22200444,2022-12-17,2022-23,PHX,NOP,118,114,1,4.0,7.0,0.1,3.2,116.6,117.0,116.5,113.8,1.0,1.0,0,0,17.42662037037037,16.51207729468599,24.679545817901236,26.57117651301664,10.741944444444446,18.385960144927537,26.033333333333335,23.185185185185187,7.966666666666667,12.7,8.529554710435553,5.874811220544053,0.4697,0.4766,0.372,0.3197
22200443,2022-12-17,2022-23,OKC,MEM,115,109,1,3.0,9.0,-3.5,14.1,111.7,120.7,115.2,106.6,0.0,1.0,1,0,10.726196041764064,11.473419540229884,21.76125304075113,26.065795713601535,1.899878253077762,24.12557471264368,6.608695652173913,16.75862068965517,6.962962962962963,9.969696969696969,3.155306067186068,4.271846826421039,0.4513,0.49379999999999996,0.33599999999999997,0.36710000000000004
22200440,2022-12-17,2022-23,CLE,DAL,100,99,1,6.0,6.0,4.7,2.0,104.4,116.9,99.7,114.9,0.0,0.0,1,1,20.800602547728985,11.853862316153752,33.26892330404047,24.781511706680263,20.951461999096626,6.074376622172784,20.51851851851852,5.290322580645161,4.735294117647059,2.7142857142857144,8.005909137264993,5.316715835959116,0.4754999999999999,0.47400000000000003,0.328,0.38499999999999995
22200441,2022-12-17,2022-23,HOU,POR,95,107,0,5.0,5.0,-2.5,0.4,111.1,116.5,113.6,116.1,1.0,0.0,0,1,16.953293010752688,18.94086021505376,28.15625840053763,31.105094649257552,-13.412154377880185,-0.4874373872971349,21.8125,21.677419354838708,13.75,5.565217391304348,4.784243202553633,8.528754433947832,0.45599999999999996,0.4931,0.3139,0.4048
22200442,2022-12-17,2022-23,MIL,UTA,123,97,1,7.0,5.0,1.2,3.0,112.9,118.9,111.7,115.9,1.0,1.0,0,0,14.238035714285715,15.939411976911977,24.660350869928617,29.511301210728032,9.843103452524705,2.4413726458963043,13.78125,21.6875,5.636363636363637,8.151515151515152,5.174927743889373,5.263754391752698,0.46440000000000003,0.491,0.35609999999999997,0.3826
22200445,2022-12-18,2022-23,BOS,ORL,92,95,0,6.0,5.0,4.8,-1.5,116.5,110.8,111.7,112.3,1.0,1.0,0,0,15.032828282828282,16.72979797979798,29.713220995670998,27.894702006054946,24.069189266615737,-14.970813173754351,26.0,20.25,10.470588235294118,11.371428571428572,6.351180503300235,4.3743597599678905,0.47409999999999997,0.47640000000000005,0.35619999999999996,0.3546
22200450,2022-12-18,2022-23,DEN,CHA,119,115,1,6.0,2.0,2.3,-11.2,117.8,111.6,115.5,122.8,1.0,1.0,0,0,16.745865245865247,17.75420875420875,29.27732257836096,28.212507623903257,15.982031594656732,-29.79080175569739,22.714285714285715,18.444444444444443,3.774193548387097,9.941176470588236,6.604510205720674,4.435884027847121,0.5335,0.4422,0.35940000000000005,0.3371
22200447,2022-12-18,2022-23,DET,BKN,121,124,0,3.0,9.0,-4.8,5.3,113.5,114.8,118.3,109.5,1.0,1.0,0,0,11.871974009545168,20.758207070707073,27.10195255756262,30.085220763219752,-25.710526928268862,6.397784003630777,19.90909090909091,28.545454545454547,13.88888888888889,7.791666666666667,4.6222996627302475,9.28144492073917,0.4665,0.5206000000000001,0.3726,0.3646
22200446,2022-12-18,2022-23,IND,NYK,106,109,0,3.0,7.0,-5.5,9.7,113.3,114.6,118.8,104.9,1.0,1.0,0,0,14.602380952380953,20.262626262626267,28.215119374416428,28.984887979797982,-3.009972954699121,18.252727272727274,16.321428571428573,19.303030303030305,8.551724137931034,10.06060606060606,4.864168898609505,6.482109720919366,0.4678,0.4584,0.3731,0.3483
22200451,2022-12-18,2022-23,LAL,WAS,119,117,1,5.0,1.0,1.6,-5.8,121.1,113.4,119.5,119.2,1.0,0.0,0,1,16.58675070028011,21.648355263157896,26.14775420168067,30.832781077694232,-6.068394024276377,-8.023810947824106,24.88,20.21875,3.9444444444444446,6.242424242424242,7.327475783484447,7.643095972220216,0.49090000000000006,0.4808,0.3338,0.36619999999999997
22200449,2022-12-18,2022-23,MIN,CHI,150,126,1,4.0,3.0,-5.7,-3.2,114.7,115.0,120.4,118.2,1.0,1.0,0,0,15.920936116382038,16.9616935483871,23.050742736664553,29.85060424133811,-4.351454775458571,-1.894601254480287,21.11764705882353,25.322580645161292,11.588235294117647,5.037037037037037,6.8449824795280865,8.225644616574746,0.48869999999999997,0.49329999999999996,0.35150000000000003,0.3464
22200448,2022-12-18,2022-23,TOR,GSW,110,126,0,3.0,4.0,-1.5,1.9,111.7,117.5,113.2,115.6,1.0,1.0,0,0,15.383521202361782,14.653549783549783,26.890262697546937,26.073559235209235,6.114203714834851,2.7088961038961035,6.277777777777778,7.964285714285714,4.173913043478261,5.0,6.880273472568228,6.084103139729068,0.4628,0.4718,0.31429999999999997,0.3743
22200460,2022-12-19,2022-23,SAC,CHA,119,125,0,6.0,1.0,2.9,-11.8,115.4,112.1,112.5,123.9,2.0,0.0,0,1,17.6040469348659,16.34987745098039,30.33269956554461,27.965056437345048,20.3381670771757,-29.667209987443254,16.59375,19.705882352941178,14.0,10.057142857142857,3.3937587237288054,5.532871310298377,0.48319999999999996,0.43999999999999995,0.34299999999999997,0.3367
22200459,2022-12-19,2022-23,PHX,LAL,130,104,1,4.0,6.0,0.0,1.9,116.2,121.5,116.2,119.6,1.0,0.0,0,1,8.807766570125503,9.209959165154265,25.617994058580233,20.011230657462622,6.878453040804803,-8.929568201006497,8.029411764705882,15.03448275862069,16.896551724137932,5.230769230769231,4.271516564180105,4.036251121341817,0.4635000000000001,0.4979,0.3773,0.33899999999999997
22200453,2022-12-19,2022-23,PHI,TOR,104,101,1,7.0,2.0,5.7,-4.3,116.6,112.7,110.9,117.0,2.0,0.0,0,1,22.672844059253794,19.397977470558114,31.560206928276422,31.392437218602673,16.253197891554237,2.954144576224665,15.689655172413794,22.583333333333332,11.035714285714286,2.8181818181818183,9.690577190503868,6.904631905826031,0.49400000000000005,0.4609,0.4063,0.3108
22200458,2022-12-19,2022-23,OKC,POR,123,121,1,4.0,6.0,-1.6,3.0,112.7,117.5,114.3,114.5,1.0,1.0,0,0,18.90883861011549,23.069940476190478,26.276519786155205,30.2702619498557,-2.009648132632004,4.897792580982236,31.185185185185187,20.78125,8.909090909090908,6.862068965517241,9.201134254501335,9.100833987612763,0.45339999999999997,0.49589999999999995,0.3555,0.40449999999999997
22200455,2022-12-19,2022-23,HOU,SAS,105,124,0,4.0,3.0,-5.0,-9.2,108.8,109.5,113.8,118.7,1.0,1.0,0,0,15.293122798869925,13.084484693680096,28.17233354135222,24.443981463513072,-13.97675440778889,-32.58580799787696,21.606060606060606,19.296296296296298,9.636363636363637,10.366666666666667,6.2994426936133365,4.5156670287248035,0.44370000000000004,0.4615,0.2742,0.319
22200456,2022-12-19,2022-23,MIN,DAL,116,106,1,5.0,5.0,-1.0,1.6,118.3,115.2,119.3,113.6,0.0,1.0,1,0,14.056137110016422,12.738194444444446,25.414260823070606,29.995816553465687,-3.3362068965517246,5.150150208986417,10.03448275862069,15.40625,11.514285714285714,2.7333333333333334,6.000293440567416,10.715638984312335,0.5099,0.46869999999999995,0.365,0.3815
22200452,2022-12-19,2022-23,CLE,UTA,122,99,1,7.0,5.0,6.0,0.5,105.6,117.4,99.6,116.9,1.0,1.0,0,0,13.413194444444445,16.82207792207792,30.10536710758377,26.857160219845515,21.642396125116715,1.9441049146931502,12.0,19.057142857142857,9.029411764705882,13.911764705882353,5.283750856397596,6.095356745420557,0.4803,0.4857,0.329,0.376
22200454,2022-12-19,2022-23,ATL,ORL,126,125,1,4.0,6.0,-2.9,-0.5,113.7,110.1,116.6,110.6,2.0,0.0,0,1,20.70449970867101,16.69317106152806,29.548146554934373,27.445170291146763,-1.6473310893778081,-9.698961214579876,20.678571428571427,20.620689655172413,10.033333333333333,11.36111111111111,6.8001046475756555,5.0722551996707965,0.47850000000000004,0.46729999999999994,0.34219999999999995,0.35409999999999997
22200457,2022-12-19,2022-23,NOP,MIL,119,128,0,7.0,7.0,4.9,2.9,117.3,112.8,112.4,109.9,1.0,1.0,0,0,17.7012987012987,20.30448717948718,28.33153285155704,28.976895554517323,22.29772378159475,19.79641457680251,16.857142857142858,12.875,9.696969696969697,6.666666666666667,5.226361801164467,8.019601424899955,0.492,0.4619000000000001,0.3341,0.3576
22200465,2022-12-20,2022-23,DEN,MEM,105,91,1,6.0,8.0,1.7,11.4,118.3,118.4,116.6,107.0,1.0,2.0,0,0,14.881634550371873,14.68051948051948,26.53800887142213,25.96689208046855,9.99326272949498,23.314585414585412,10.6875,26.214285714285715,7.961538461538462,17.076923076923077,6.852592723338246,7.380797229491205,0.5298,0.48,0.35940000000000005,0.3464
22200461,2022-12-20,2022-23,DET,UTA,111,126,0,3.0,5.0,-4.3,-1.1,116.2,116.6,120.5,117.7,1.0,0.0,0,1,13.800245098039218,16.233146591970122,27.1679313441756,26.900064080298783,-28.66433280208635,-0.49208216619981315,14.59375,21.647058823529413,14.46875,13.6,4.714318345458101,6.121499646790313,0.4686,0.47620000000000007,0.3707,0.3666
22200463,2022-12-20,2022-23,NYK,GSW,132,94,1,8.0,4.0,10.4,1.2,113.2,116.4,102.8,115.2,1.0,1.0,0,0,16.198879551820728,10.52641278981003,29.228056668821374,24.5903124235576,18.202973497091143,0.08251501165196018,7.714285714285714,5.551724137931035,9.911764705882353,5.235294117647059,6.59910172183855,6.137826822229177,0.4548,0.4673999999999999,0.3458,0.3779
22200464,2022-12-20,2022-23,PHX,WAS,110,113,0,4.0,0.0,0.7,-7.5,116.0,110.9,115.3,118.4,0.0,1.0,1,0,11.772385620915033,12.5536454646577,27.174027328431368,27.49243458725183,12.010212418300652,-8.943413854570041,16.058823529411764,20.272727272727273,3.5555555555555554,2.85,5.231048749113262,8.043600909082903,0.46030000000000004,0.47000000000000003,0.3831,0.34340000000000004
22200475,2022-12-21,2022-23,SAC,LAL,134,120,1,6.0,5.0,2.8,-2.6,115.6,119.1,112.8,121.7,1.0,1.0,0,0,14.025774991292232,15.209781576448243,30.42875990831564,25.927080280431262,19.611497623622206,-10.51220576808812,16.939393939393938,5.37037037037037,13.93939393939394,4.05,3.6382213261458665,7.767037810771799,0.47830000000000006,0.4932,0.34340000000000004,0.34409999999999996
22200467,2022-12-21,2022-23,PHI,DET,113,93,1,7.0,3.0,5.2,-2.8,116.3,116.3,111.1,119.1,1.0,0.0,0,1,20.86420678549614,10.315656565656566,28.239127092905154,27.36972715247715,16.399235328572274,-30.043650793650794,31.52173913043478,15.06060606060606,15.866666666666667,11.633333333333333,8.449864887332645,4.661436699737291,0.4864,0.4686,0.40309999999999996,0.3734
22200474,2022-12-21,2022-23,OKC,POR,101,98,1,5.0,6.0,-1.0,3.4,114.9,118.4,115.9,115.0,1.0,1.0,0,0,20.0387166596844,18.77272727272727,28.484772930340267,32.680436135549044,-3.14542836196062,6.18716577540107,14.181818181818182,26.5,5.380952380952381,5.323529411764706,9.28026375195127,8.198965465596949,0.4619,0.4992,0.3594,0.3991
22200471,2022-12-21,2022-23,NYK,TOR,106,113,0,8.0,2.0,11.2,-2.8,112.4,112.0,101.2,114.8,0.0,1.0,1,0,20.37142857142857,19.45244252873563,29.02917742504409,30.594687949320793,17.535449735449735,0.643419540229885,19.4,23.2,5.828571428571428,6.7,6.92909865446187,7.19468139560216,0.4502,0.45519999999999994,0.3426,0.3094
22200473,2022-12-21,2022-23,MIN,DAL,99,104,0,6.0,5.0,1.5,1.2,117.2,113.3,115.7,112.1,1.0,1.0,0,0,17.30242905242905,20.102606712284132,28.48715185740186,29.12217823395243,-1.2080142080142084,8.122968281255266,13.821428571428571,15.545454545454545,11.694444444444445,5.655172413793103,5.765322590392974,9.682760810555584,0.5071000000000001,0.45599999999999996,0.3778,0.38239999999999996
22200472,2022-12-21,2022-23,HOU,ORL,110,116,0,4.0,6.0,-5.3,1.1,108.0,111.8,113.3,110.7,1.0,1.0,0,0,17.103217044393514,17.07561327561328,29.063996235463883,28.057988691836055,-20.40478736949325,-12.788251340882919,21.352941176470587,20.533333333333335,12.2,12.6,4.2425780795794825,4.278092180188246,0.4404,0.46529999999999994,0.25860000000000005,0.3598
22200470,2022-12-21,2022-23,BKN,GSW,143,113,1,9.0,4.0,4.2,-2.3,116.1,114.5,111.9,116.8,2.0,0.0,0,1,15.085434173669467,6.256018518518519,25.593914841694257,16.093524419265755,7.3457712630506755,-18.851968462823727,28.970588235294116,5.733333333333333,7.681818181818182,18.6,8.418244910390563,5.109666581807357,0.5229999999999999,0.46699999999999997,0.3734,0.38659999999999994
22200469,2022-12-21,2022-23,BOS,IND,112,117,0,5.0,3.0,1.0,-3.5,111.7,112.5,110.7,116.0,2.0,2.0,0,0,22.746680163706028,14.821505376344087,29.96473217134398,27.575721116937693,18.07998134049858,-3.105604110387203,29.09375,8.4,7.5,18.085714285714285,9.16072924412388,4.729749788316157,0.4497999999999999,0.4711,0.33549999999999996,0.37489999999999996
22200468,2022-12-21,2022-23,ATL,CHI,108,110,0,5.0,3.0,-2.5,-4.9,116.2,115.6,118.7,120.5,1.0,0.0,0,1,18.45903059499662,18.483240109000757,29.81463044145819,30.276134560616306,-2.913713085345373,-6.661339906712625,8.294117647058824,25.393939393939394,10.32258064516129,8.153846153846153,6.733495463243195,6.9792912448377455,0.4796,0.5106,0.3353,0.36669999999999997
22200466,2022-12-21,2022-23,CLE,MIL,114,106,1,7.0,7.0,5.5,3.2,106.5,114.7,101.0,111.5,1.0,1.0,0,0,20.648763176015677,19.76049382716049,30.50820815668203,28.867261792528456,22.96186115083779,17.313684463684464,13.571428571428571,30.333333333333332,5.083333333333333,6.166666666666667,8.293363262211516,8.8137623038403,0.48089999999999994,0.4742,0.33499999999999996,0.3615
22200477,2022-12-22,2022-23,NOP,SAS,126,117,1,6.0,4.0,3.6,-6.2,118.7,112.5,115.1,118.7,2.0,2.0,0,0,13.222442528735632,12.874649859943977,26.431774875760652,26.25251982857688,14.676522911672507,-27.560517575730557,17.344827586206897,7.0,8.666666666666666,5.904761904761905,3.2852031492062066,4.828274394692991,0.4896,0.47890000000000005,0.346,0.3508
22200478,2022-12-22,2022-23,UTA,WAS,120,112,1,5.0,1.0,-0.9,-6.6,116.7,111.5,117.6,118.1,1.0,1.0,0,0,16.1006435006435,17.525676937441645,26.99302523952524,26.479423846872077,1.7278487278487278,-9.119012236473537,6.9714285714285715,9.0,13.694444444444445,12.157894736842104,6.210105857209685,7.569785661918314,0.4711,0.4737,0.3663,0.35910000000000003
22200491,2022-12-23,2022-23,SAC,WAS,111,125,0,6.0,1.0,1.9,-7.3,115.3,111.1,113.4,118.4,1.0,0.0,0,1,17.364642631246046,22.02259460969138,29.29483507273877,30.56288782292976,18.009309772296014,-8.5718104476169,13.205882352941176,20.542857142857144,6.0,9.115384615384615,5.243232836751994,6.650658801643247,0.47830000000000006,0.4845,0.3424,0.356
22200490,2022-12-23,2022-23,PHX,MEM,100,125,0,4.0,7.0,0.5,9.6,114.9,114.8,114.4,105.2,2.0,2.0,0,0,12.032380952380953,20.003442978971346,23.45904865353038,27.661350843971256,16.030355774493707,27.95573564984021,8.64,26.517241379310345,3.7857142857142856,7.645161290322581,4.588215978520319,8.103917871581066,0.4534999999999999,0.476,0.3778,0.3281
22200479,2022-12-23,2022-23,ORL,SAS,133,113,1,7.0,4.0,2.8,-6.6,113.8,110.4,111.0,117.0,1.0,0.0,0,1,17.51647038743813,17.50903119868637,28.232891039426523,25.181657307060757,-12.42103646212305,-21.24630541871921,19.22222222222222,21.03448275862069,11.131578947368421,8.782608695652174,4.3405437783546885,6.34383660424285,0.461,0.47620000000000007,0.35469999999999996,0.3343
22200488,2022-12-23,2022-23,OKC,NOP,125,128,0,5.0,6.0,-1.5,2.7,113.1,118.7,114.6,116.0,1.0,0.0,0,1,19.97046146044625,13.527505827505829,28.781528865590126,24.20759348690525,-8.73379041090755,11.000667959491489,31.17241379310345,12.636363636363637,7.076923076923077,13.6,8.657352172449778,5.285246083226118,0.45760000000000006,0.4857,0.3594,0.3418
22200485,2022-12-23,2022-23,NYK,CHI,117,118,0,8.0,4.0,11.1,-2.8,112.7,115.3,101.6,118.1,1.0,1.0,0,0,20.425925925925924,20.825116713352006,29.4501645021645,30.44308338850692,21.481962481962483,-8.681232492997198,19.694444444444443,16.571428571428573,10.527777777777779,6.464285714285714,6.378163075637783,7.36642351880238,0.46349999999999997,0.5106,0.3649,0.3799
22200492,2022-12-23,2022-23,LAL,CHA,130,134,0,4.0,1.0,-4.4,-9.9,117.8,112.9,122.2,122.8,1.0,1.0,0,0,13.538493980522967,18.349491648511258,26.79527935147463,31.802137436456064,-8.58553618735947,-32.21637814284873,25.40740740740741,19.925925925925927,10.166666666666666,9.621621621621621,6.934375137399999,4.367179111648572,0.489,0.44089999999999996,0.3476,0.31870000000000004
22200486,2022-12-23,2022-23,MIA,IND,108,111,0,6.0,4.0,-1.3,-1.0,105.7,112.3,107.0,113.3,2.0,1.0,0,0,18.527140198511166,14.879032258064518,32.245513621011604,26.383846938470732,1.0032301927463214,-3.042719534050179,21.192307692307693,19.5,4.653846153846154,10.2,7.197862407875043,5.4076541893201195,0.4528,0.47450000000000003,0.3476,0.38580000000000003
22200489,2022-12-23,2022-23,DEN,POR,120,107,1,6.0,6.0,1.5,5.0,115.9,117.3,114.4,112.3,2.0,1.0,0,0,16.77452300785634,22.82821824381927,29.567104582434688,30.488424564608447,24.12111281788701,5.852413682864451,16.62962962962963,21.61764705882353,15.857142857142858,14.34375,4.540398853291291,8.00980730834279,0.5179,0.5019,0.3564,0.40469999999999995
22200484,2022-12-23,2022-23,CLE,TOR,107,118,0,7.0,3.0,5.2,-1.2,107.2,112.8,102.0,114.0,1.0,1.0,0,0,21.100245098039213,18.53197586726998,31.827456498854325,30.742795653366244,23.99207162283988,1.1242776831012127,28.3125,24.307692307692307,5.162162162162162,6.761904761904762,8.208706607677687,7.507488207564124,0.4803,0.45619999999999994,0.3282,0.30670000000000003
22200483,2022-12-23,2022-23,BKN,MIL,118,100,1,9.0,7.0,6.5,2.8,119.5,112.4,113.0,109.6,1.0,1.0,0,0,21.79757575757576,20.696778711484594,31.61645483431601,28.801429971988796,11.574312354312355,18.455709165386583,25.32,30.857142857142858,8.714285714285714,10.64516129032258,9.351814267586992,8.09186160201713,0.533,0.46799999999999997,0.4048999999999999,0.36529999999999996
22200482,2022-12-23,2022-23,BOS,MIN,121,109,1,4.0,5.0,-0.8,0.2,109.5,116.2,110.3,116.0,1.0,1.0,0,0,15.615652216221477,16.164016958134606,31.814569146557282,28.75742156727383,26.85671780254323,-3.532517664559803,11.419354838709678,21.756756756756758,9.257142857142858,10.451612903225806,9.12196647546363,5.668138283288077,0.433,0.5104,0.31829999999999997,0.37370000000000003
22200481,2022-12-23,2022-23,ATL,DET,130,105,1,4.0,2.0,-4.4,-5.4,114.5,112.5,118.9,117.9,1.0,1.0,0,0,21.55993265993266,14.604575163398692,31.517847764899376,27.265126206377154,2.0628040294892354,-30.45318705802577,20.366666666666667,9.0,11.482758620689655,14.147058823529411,5.815265839783914,4.575709113773124,0.46820000000000006,0.4535,0.34809999999999997,0.3566
22200487,2022-12-23,2022-23,HOU,DAL,106,112,0,4.0,5.0,-3.9,-0.4,109.0,111.6,112.9,112.0,1.0,1.0,0,0,17.36317881991506,20.147137887413027,29.452703722779432,29.304780222169512,-17.32878828950935,8.424134250474383,21.34285714285714,31.419354838709676,9.657142857142857,5.8,4.632453116927664,9.549995362304587,0.445,0.45830000000000004,0.26880000000000004,0.3764
22200495,2022-12-25,2022-23,BOS,MIL,139,118,1,5.0,6.0,0.8,0.1,110.0,111.9,109.2,111.8,1.0,1.0,0,0,21.959179347414636,20.734318555008212,31.938306345754018,27.92106065270936,28.819371104297574,15.24929871373837,26.02857142857143,17.82758620689655,9.166666666666666,13.416666666666666,9.157765666965341,8.304568484527403,0.43099999999999994,0.465,0.3133,0.35209999999999997
22200494,2022-12-25,2022-23,DAL,LAL,124,115,1,5.0,3.0,-1.7,-5.9,109.8,117.8,111.5,123.7,1.0,1.0,0,0,20.23203463203463,13.976920270023719,29.42748713924964,28.61463995117103,8.063177279709539,-9.947882293900898,15.514285714285714,25.714285714285715,5.709677419354839,13.454545454545455,9.77396767199581,6.813081661703697,0.4509,0.487,0.364,0.35229999999999995
22200497,2022-12-25,2022-23,DEN,PHX,128,125,1,6.0,3.0,0.8,-5.8,115.9,111.6,115.1,117.4,1.0,1.0,0,0,18.84245391705069,11.98931623931624,29.25850724589689,27.373540305963097,25.009362395984787,5.029730856936739,23.161290322580644,11.5,10.75,8.108108108108109,4.605820729772913,4.080946375184937,0.5229,0.44509999999999994,0.3509,0.35209999999999997
22200496,2022-12-25,2022-23,GSW,MEM,123,109,1,3.0,8.0,-6.1,12.9,113.9,117.2,120.0,104.3,3.0,1.0,0,0,10.714456391875748,17.81782407407407,26.16973178016726,27.616580678104572,-0.3471672011570126,27.909564659197013,18.037037037037038,26.033333333333335,6.0,10.257142857142858,6.045673485992788,7.543582431722593,0.4681,0.483,0.383,0.32389999999999997
22200493,2022-12-25,2022-23,NYK,PHI,112,119,0,8.0,7.0,13.1,4.4,114.4,115.8,101.3,111.4,1.0,1.0,0,0,16.757148452800624,22.494583333333335,29.670471818144982,31.862116862745097,19.781514648081366,18.386861954459203,20.35135135135135,20.0,10.64864864864865,10.806451612903226,6.52400344525742,9.6792325032787,0.46799999999999997,0.4737,0.37829999999999997,0.39780000000000004
22200503,2022-12-26,2022-23,SAS,UTA,126,122,1,4.0,5.0,-7.8,-2.1,110.6,114.8,118.4,116.9,2.0,3.0,0,0,15.881003584229392,16.984892787524366,26.358540203106333,28.70484221941239,-30.396170885371443,0.4032898029608556,20.9,22.083333333333332,11.214285714285714,13.78125,5.94811351459118,5.436964579805076,0.477,0.46449999999999997,0.33890000000000003,0.3679
22200504,2022-12-26,2022-23,POR,CHA,124,113,1,5.0,2.0,3.2,-8.6,116.4,116.7,113.2,125.3,2.0,2.0,0,0,18.972619047619048,18.457773707773708,32.730338816738815,31.92428017413018,0.7791752107541581,-30.965746747325696,21.4,20.035714285714285,6.684210526315789,9.657894736842104,7.688543203751996,4.374099636576914,0.49850000000000005,0.45709999999999995,0.3904,0.3369
22200502,2022-12-26,2022-23,NOP,IND,113,93,1,6.0,5.0,1.2,0.9,119.8,113.4,118.6,112.5,2.0,2.0,0,0,10.431558286396998,17.498780305231918,22.326557014848948,29.019860847742905,11.75888030888031,-1.426738725529048,3.7857142857142856,20.21212121212121,6.0,9.0,5.167171888142334,4.791714798868929,0.48580000000000007,0.4787,0.3483,0.4002
22200498,2022-12-26,2022-23,CLE,BKN,117,125,0,7.0,9.0,5.2,7.7,109.8,120.0,104.6,112.3,2.0,2.0,0,0,20.855215751989945,21.025518925518927,31.76473727523082,31.602795272410965,20.638930090542992,15.632299073475544,20.29032258064516,25.03846153846154,6.5,8.88888888888889,7.709132477914743,9.155186297717261,0.4967,0.5361,0.3386,0.4064
22200501,2022-12-26,2022-23,CHI,HOU,118,133,0,5.0,3.0,-1.9,-4.6,116.0,107.4,117.9,112.0,2.0,2.0,0,0,18.644913807817034,17.153603357051633,29.46928288103772,30.31541184888706,-6.559576518779554,-18.123665845648606,25.457142857142856,18.485714285714284,9.558823529411764,10.722222222222221,7.0806831301059265,4.238736516409428,0.5128,0.4413,0.39180000000000004,0.26630000000000004
22200500,2022-12-26,2022-23,MIA,MIN,113,110,1,5.0,5.0,-2.0,-0.3,104.5,114.3,106.5,114.6,2.0,2.0,0,0,15.283564814814815,14.43408521303258,29.03844069664903,28.9678335839599,0.23164682539682602,-5.692684837092731,21.444444444444443,21.973684210526315,4.851851851851852,10.5625,6.416810044260091,5.751237074161229,0.4485,0.506,0.3556,0.37170000000000003
22200507,2022-12-27,2022-23,BOS,HOU,126,102,1,5.0,4.0,1.8,-1.2,113.6,110.6,111.8,111.8,1.0,0.0,0,1,22.11072124756335,17.044794794794793,31.399371655079552,29.596365683865685,30.558382134697922,-11.530507780507781,26.11111111111111,18.97222222222222,10.0,4.2727272727272725,9.272000890187167,6.1270849478861455,0.4466,0.45289999999999997,0.3225,0.2942
22200512,2022-12-27,2022-23,DAL,NYK,126,121,1,5.0,7.0,-0.9,11.3,110.6,116.4,111.5,105.1,1.0,1.0,0,0,20.288126361655774,7.444725596041384,27.50415949321648,23.792449201529465,9.976362893642307,15.2788554609335,32.0,10.657894736842104,5.472222222222222,3.586206896551724,9.740973334275207,6.855586422276765,0.4532999999999999,0.4751,0.3577,0.39859999999999995
22200513,2022-12-27,2022-23,GSW,CHA,110,105,1,3.0,2.0,-6.6,-9.5,114.2,116.3,120.8,125.8,1.0,0.0,0,1,14.978603603603602,18.377106559502202,25.710443755204786,30.934986100308244,-2.670178003633886,-29.792894592803847,18.25,14.473684210526315,6.4,9.948717948717949,5.923487720846343,4.718038008237582,0.4625,0.4489000000000001,0.3758,0.33490000000000003
22200508,2022-12-27,2022-23,IND,ATL,129,114,1,4.0,4.0,-1.9,-2.7,111.5,115.8,113.4,118.5,0.0,3.0,1,0,15.01358789129687,21.66122707147375,28.904680919098098,29.858322181574966,-3.87034171324032,2.544410406492458,19.970588235294116,20.548387096774192,5.285714285714286,4.96969696969697,5.73527402110125,7.863881354140558,0.47309999999999997,0.46579999999999994,0.38739999999999997,0.3477
22200510,2022-12-27,2022-23,MEM,PHX,108,125,0,7.0,3.0,10.7,-4.2,116.4,113.0,105.7,117.2,1.0,1.0,0,0,21.810198761811666,9.753398648135489,28.689671961550992,22.19513316788444,26.686746497230367,8.979938790465106,26.35483870967742,17.606060606060606,6.0,6.8,7.97291872067647,5.943657208989162,0.4812,0.449,0.31029999999999996,0.36560000000000004
22200511,2022-12-27,2022-23,OKC,SAS,130,114,1,4.0,5.0,-2.5,-5.6,112.1,113.3,114.6,118.9,3.0,0.0,0,1,17.52857991681521,15.917674731182794,26.318619513924823,28.184709521152126,-2.363953440613782,-29.074195037105213,31.6,20.903225806451612,14.057142857142857,10.346153846153847,8.764982072137936,5.234927911682135,0.45210000000000006,0.4934,0.35419999999999996,0.344
22200505,2022-12-27,2022-23,ORL,LAL,110,129,0,8.0,3.0,6.1,-5.4,116.3,119.1,110.2,124.5,3.0,1.0,0,0,14.586593586593587,13.825977011494253,28.656951682232933,25.904796148298395,-8.606673169173169,-7.45868154158215,19.27027027027027,26.137931034482758,11.380952380952381,10.54054054054054,4.281168251300541,7.075782805030346,0.46979999999999994,0.4931000000000001,0.3685,0.3677
22200514,2022-12-27,2022-23,SAC,DEN,106,113,0,5.0,7.0,-2.2,1.9,114.1,117.8,116.3,115.9,3.0,1.0,0,0,13.384862449378579,17.300995484400655,28.578643934739098,26.289737885281262,15.068902737047898,14.508119635237328,14.818181818181818,17.24137931034483,6.275862068965517,13.428571428571429,5.118330047959786,6.528037143339218,0.47059999999999996,0.5179,0.3393,0.34950000000000003
22200506,2022-12-27,2022-23,WAS,PHI,116,111,1,2.0,8.0,-4.8,7.9,111.7,119.2,116.5,111.3,3.0,1.0,0,0,21.979971819645737,22.6012876012876,30.650749468023925,30.297686254921548,-5.440756556245686,19.00199016669605,20.86111111111111,20.428571428571427,8.125,3.4,6.745526760231362,9.900462072677279,0.49350000000000005,0.4827000000000001,0.3617,0.42089999999999994
22200520,2022-12-28,2022-23,NOP,MIN,119,118,1,6.0,4.0,1.7,-1.2,119.0,113.2,117.3,114.4,1.0,1.0,0,0,16.852450510855686,16.42165242165242,27.833691111306543,29.122051877838306,13.099659578805115,-5.343309236802007,18.09375,22.153846153846153,5.535714285714286,10.878787878787879,6.2862084283688064,5.7098590546846415,0.4808,0.5131,0.33599999999999997,0.381
22200516,2022-12-28,2022-23,WAS,PHX,127,102,1,3.0,4.0,-3.9,0.2,112.2,115.7,116.1,115.5,0.0,0.0,1,1,17.316134316134317,14.910388716890266,29.14279621504621,28.06293166252106,-6.451912951912952,5.601953838215449,20.675675675675677,15.368421052631579,8.090909090909092,4.46875,6.0921662941685115,4.892669853550551,0.4906,0.45859999999999995,0.366,0.39540000000000003
22200518,2022-12-28,2022-23,MIA,LAL,112,98,1,6.0,4.0,-0.9,-2.2,106.5,120.7,107.4,122.9,1.0,0.0,0,1,20.835105715540497,16.536507936507938,31.617271676391244,26.054221568395764,3.7360248447204976,-6.911107172397495,20.848484848484848,9.80952380952381,7.818181818181818,6.32258064516129,6.498003736376139,7.480595947486713,0.4554,0.505,0.3471,0.386
22200522,2022-12-28,2022-23,SAC,DEN,127,126,1,4.0,8.0,-3.8,4.1,113.7,118.5,117.5,114.4,0.0,0.0,1,1,17.572438672438675,17.63688610240334,26.162984006734007,24.120194691164517,13.285714285714286,7.759691745036572,16.914285714285715,16.166666666666668,6.4,3.9714285714285715,6.143926478663271,7.414860452093842,0.4729,0.515,0.3377,0.3588
22200515,2022-12-28,2022-23,DET,ORL,121,101,1,1.0,8.0,-10.0,4.9,113.3,117.1,123.3,112.2,1.0,0.0,0,1,13.69736842105263,17.381573168758525,26.6617048690567,28.577259470811413,-25.72364953886693,-10.385368559739268,19.842105263157894,20.03030303030303,11.606060606060606,14.863636363636363,4.111897058943596,3.8126745251528473,0.4452,0.48319999999999996,0.3476,0.37920000000000004
22200517,2022-12-28,2022-23,ATL,BKN,107,108,0,4.0,9.0,-3.5,7.6,115.8,121.1,119.3,113.5,0.0,1.0,1,0,13.657225975975976,21.147313980647315,26.62520976829102,30.045134317650984,-0.7606527316086141,18.18969683969684,20.34375,25.296296296296298,5.0588235294117645,7.75,6.389283644773594,9.082967154657416,0.4676,0.5397000000000001,0.35350000000000004,0.43200000000000005
22200521,2022-12-28,2022-23,GSW,UTA,112,107,1,4.0,5.0,-5.3,-2.0,114.8,115.9,120.1,117.9,0.0,1.0,1,0,11.055601385909915,17.211439461439458,23.523409936806484,29.078433503920348,-3.7167581964315177,0.06242954927165423,6.310344827586207,22.35135135135135,5.466666666666667,13.973684210526315,5.147499894532428,5.571072973466954,0.46529999999999994,0.45949999999999996,0.3679,0.362
22200519,2022-12-28,2022-23,CHI,MIL,119,113,1,5.0,5.0,-2.5,-2.7,117.7,112.8,120.2,115.5,1.0,2.0,0,0,18.729604604604607,18.216666666666665,30.709660106535104,24.52883223905724,-8.422427101471218,7.030958230958231,25.61111111111111,30.566666666666666,7.9411764705882355,13.162162162162161,7.170285840975776,9.798824522710476,0.5175,0.47030000000000005,0.39289999999999997,0.3557
22200523,2022-12-29,2022-23,CHA,OKC,121,113,1,2.0,4.0,-9.4,-1.6,115.2,113.0,124.6,114.6,1.0,1.0,0,0,18.36111111111111,19.9668458781362,31.05938783783784,27.102755918226126,-29.361486486486484,2.0924030323461063,21.066666666666666,31.483870967741936,10.0,9.735294117647058,4.717949571903868,9.39162378792473,0.43679999999999997,0.4603,0.3195,0.3731
22200528,2022-12-29,2022-23,DAL,HOU,129,114,1,6.0,3.0,-0.3,-4.5,112.7,107.6,113.0,112.1,1.0,1.0,0,0,20.625603755015522,17.669720804395727,24.342861863238337,28.08063340817598,10.490099725393843,-16.48192108517186,15.567567567567568,19.054054054054053,17.34285714285714,9.473684210526315,10.735440270806414,6.745591497953672,0.4556,0.44820000000000004,0.3535,0.2894
22200524,2022-12-29,2022-23,IND,CLE,135,126,1,5.0,6.0,0.2,3.0,112.9,109.9,112.7,106.9,1.0,2.0,0,0,17.512443112443112,20.694437855787477,28.13108586899212,33.234319769484856,-1.6048200573935867,17.367818936831394,15.454545454545455,13.548387096774194,8.235294117647058,6.478260869565218,4.855533634660437,7.415924869143599,0.4761,0.49269999999999997,0.3793,0.3488
22200527,2022-12-29,2022-23,SAS,NYK,122,115,1,5.0,6.0,-3.4,8.4,115.2,117.2,118.6,108.8,1.0,1.0,0,0,14.857273391812866,14.076239316239317,25.649294527511962,24.49940328646264,-28.248390705298597,15.125263762521826,12.394736842105264,10.717948717948717,10.296296296296296,6.6875,5.298555426465435,6.371118736026464,0.4962,0.4742,0.35910000000000003,0.3834
22200526,2022-12-29,2022-23,TOR,MEM,106,119,0,3.0,6.0,-1.9,8.0,112.8,115.0,114.7,107.0,1.0,1.0,0,0,18.919047619047618,16.903799019607842,29.513165776174894,28.63580250257998,-0.37963974042164805,29.93788423264042,24.785714285714285,26.59375,10.125,7.085714285714285,6.2346275235288,7.709635782957316,0.45549999999999996,0.4741000000000001,0.3175,0.2941
22200531,2022-12-30,2022-23,TOR,PHX,113,104,1,2.0,4.0,-4.5,-1.2,110.8,114.2,115.3,115.4,0.0,1.0,1,0,18.30603448275862,15.161514041514044,29.74366478116047,26.65681087089957,-2.167938753181493,4.789455284237894,24.79310344827586,15.41025641025641,3.8947368421052633,8.45,8.061507379440739,5.358818196848609,0.4518,0.45339999999999997,0.32530000000000003,0.38730000000000003
22200537,2022-12-30,2022-23,SAC,UTA,126,125,1,5.0,4.0,-2.4,-2.6,115.1,114.2,117.5,116.8,1.0,1.0,0,0,17.62145969498911,17.235496067755594,30.50202497313968,28.853278254284497,19.05037210625446,0.1356561489181325,22.558823529411764,19.525,6.361111111111111,8.051282051282051,5.4355153537230185,5.660571196772165,0.47840000000000005,0.4467,0.3513,0.3517
22200529,2022-12-30,2022-23,ORL,WAS,100,119,0,7.0,4.0,2.4,-0.4,115.6,113.8,113.2,114.2,1.0,1.0,0,0,16.7356436007799,17.158410732714138,23.769928924898547,29.208021814170316,-8.472282847925998,-3.0686127524473057,19.88235294117647,9.0,4.75,8.088235294117647,7.481337907663187,6.081934065744746,0.48229999999999995,0.49470000000000003,0.3733,0.36229999999999996
22200534,2022-12-30,2022-23,NOP,PHI,127,116,1,6.0,8.0,1.2,8.2,120.5,119.4,119.3,111.2,1.0,2.0,0,0,17.116270816270816,22.88014128210207,26.20052449094863,31.994063098303297,13.132124622324259,18.146214243273064,18.151515151515152,20.681818181818183,13.17142857142857,9.114285714285714,6.500585931866445,10.184009229324294,0.48299999999999993,0.4851,0.35419999999999996,0.39790000000000003
22200536,2022-12-30,2022-23,GSW,POR,118,112,1,5.0,5.0,-4.7,2.7,113.7,117.2,118.4,114.5,1.0,3.0,0,0,14.827409372236957,18.76851851851852,26.08140577342048,30.713412762762765,4.527274145732564,2.758960012644223,18.620689655172413,26.0,6.410256410256411,8.210526315789474,6.04861558553849,8.617505050598146,0.4619000000000001,0.4997,0.3702,0.3847
22200535,2022-12-30,2022-23,DEN,MIA,124,119,1,8.0,7.0,4.1,2.5,119.6,108.1,115.5,105.6,1.0,1.0,0,0,19.458704693998815,18.191907424666045,29.97649976359698,33.37029083001496,25.904219603786167,3.170542592195736,24.08823529411765,20.75,16.28,4.620689655172414,5.034444277571267,6.579260449332848,0.5213,0.4603,0.3626,0.34720000000000006
22200532,2022-12-30,2022-23,CHI,DET,132,118,1,5.0,2.0,-2.3,-7.4,118.1,115.6,120.4,123.0,1.0,1.0,0,0,21.16581174475911,12.87729811259223,30.97995651871968,28.166232216379274,-6.880284309076879,-22.80839549957197,20.96969696969697,11.588235294117647,5.705882352941177,13.833333333333334,7.814161255125477,4.062590105711079,0.5132000000000001,0.4513000000000001,0.3885,0.35479999999999995
22200530,2022-12-30,2022-23,ATL,LAL,121,130,0,4.0,4.0,-1.2,-2.5,117.6,118.3,118.8,120.8,1.0,1.0,0,0,18.632216905901117,15.399062307664458,28.562911456671987,26.649750964288597,-3.928468899521531,-7.526561364262978,8.842105263157896,26.225806451612904,5.314285714285714,6.15625,8.06504740353593,7.0372736099412645,0.47330000000000005,0.5031,0.3732,0.3866
22200533,2022-12-30,2022-23,MIL,MIN,123,114,1,4.0,3.0,-4.6,-2.3,111.5,113.2,116.1,115.5,1.0,1.0,0,0,17.43248008358365,16.558545310015898,27.9735872167176,26.945189520402757,3.7625474686095868,1.3274642289348173,31.032258064516128,22.275,3.8,6.833333333333333,9.403301482184183,5.402185466812335,0.45969999999999994,0.5105,0.3338,0.37550000000000006
22200545,2022-12-31,2022-23,OKC,PHI,96,115,0,4.0,8.0,-0.3,8.0,114.1,118.7,114.4,110.7,1.0,0.0,0,1,19.242460317460317,12.374229691876751,28.56333862165737,27.31277705791994,-3.2582630660216867,10.357472273621932,31.375,10.294117647058824,7.0344827586206895,4.478260869565218,8.58950917458822,10.347026160647735,0.4657,0.4963000000000001,0.36689999999999995,0.3919
22200546,2022-12-31,2022-23,UTA,MIA,123,126,0,4.0,6.0,-1.7,1.5,115.9,108.5,117.6,107.0,0.0,0.0,1,1,18.19432101203603,16.55873015873016,27.916379982006298,31.46598011450194,4.260745202593726,-0.6530797582190772,22.871794871794872,20.942857142857143,13.542857142857143,8.72,5.963493462577159,5.86439407710959,0.4582,0.454,0.3472,0.3497
22200542,2022-12-31,2022-23,SAS,DAL,125,126,0,5.0,7.0,-3.6,4.1,115.6,114.1,119.2,110.0,1.0,1.0,0,0,13.85362676539147,20.68315232525759,25.65427189203375,29.973054757012648,-24.490068565210876,10.010959832012462,21.12121212121212,32.885714285714286,10.485714285714286,2.2222222222222223,5.111472108958386,10.78939679527146,0.49190000000000006,0.46160000000000007,0.3623,0.3685
22200544,2022-12-31,2022-23,MIN,DET,104,116,0,3.0,2.0,-2.6,-7.7,112.8,117.1,115.4,124.8,0.0,0.0,1,1,15.241058981048218,14.515897435897436,30.25814748799122,23.16577652014652,-3.1545464393674982,-18.89547619047619,22.463414634146343,19.7,11.085714285714285,6.566666666666666,5.39338940173357,5.369807369799616,0.4998,0.45899999999999996,0.3587,0.367
22200539,2022-12-31,2022-23,CHA,BKN,106,123,0,3.0,10.0,-6.7,8.8,117.1,122.7,123.8,113.9,1.0,2.0,0,0,18.459925014148272,15.442764192764193,31.154483556287783,30.25431372041898,-26.115080186698055,17.375729142319532,21.4375,25.392857142857142,10.048780487804878,8.26086956521739,4.726733783749968,9.086370088414567,0.4476,0.5498000000000001,0.3277,0.4359
22200541,2022-12-31,2022-23,HOU,NYK,88,108,0,3.0,5.0,-5.1,5.8,108.1,116.6,113.2,110.8,1.0,1.0,0,0,17.340501792114697,14.43974358974359,25.39552192685639,24.86360586080586,-11.17055298973805,14.43364172592114,19.0,11.35,10.692307692307692,6.9411764705882355,6.496762284267248,6.516360993273468,0.44750000000000006,0.47230000000000005,0.2902,0.38180000000000003
22200540,2022-12-31,2022-23,CHI,CLE,102,103,0,5.0,6.0,-3.8,3.2,116.9,113.0,120.7,109.8,0.0,1.0,1,0,21.367825672779233,17.668154761904763,30.240291283281373,28.063703510392354,-0.22188487903058984,19.769164830178898,25.94736842105263,11.82857142857143,8.03225806451613,5.45,8.111567108815214,7.68483465365831,0.5073000000000001,0.5018,0.377,0.35839999999999994
22200543,2022-12-31,2022-23,MEM,NOP,116,101,1,6.0,6.0,8.5,1.2,116.8,120.4,108.3,119.2,1.0,0.0,0,1,16.363454363454363,17.72676693138426,27.31701021476021,28.8814993864102,25.779608829608833,17.593255904076837,26.363636363636363,18.852941176470587,7.685714285714286,9.18421052631579,7.62609965581338,5.752301523227829,0.4779,0.4856999999999999,0.3139,0.37300000000000005
22200549,2023-01-01,2022-23,DEN,BOS,123,111,1,8.0,5.0,4.5,1.5,119.9,113.7,115.4,112.2,1.0,2.0,0,0,18.866321913380737,22.575438596491228,29.382311260428594,32.24541152569573,18.78883082722092,31.769631719631718,16.61764705882353,30.0,4.0,10.425,6.789848798294189,9.47763110339655,0.5288999999999999,0.44489999999999996,0.38330000000000003,0.3147
22200547,2023-01-01,2022-23,MEM,SAC,118,108,1,6.0,5.0,7.9,-3.4,116.1,117.1,108.2,120.5,0.0,1.0,1,0,16.954248366013072,18.45375375375375,27.182361514646345,30.572643223387036,26.48562077199848,16.69724317417816,16.583333333333332,22.6,7.216216216216216,13.894736842105264,7.402842431089228,3.9424014586239884,0.4779,0.48100000000000004,0.2943,0.3428
22200548,2023-01-01,2022-23,MIL,WAS,95,118,0,4.0,5.0,-3.8,2.2,113.2,115.0,117.0,112.8,1.0,1.0,0,0,9.401923076923078,14.375854700854703,22.723290374089515,28.88958021978022,5.186109670728546,-1.9365384615384615,7.975,20.76923076923077,13.736842105263158,7.05,3.382782605899611,6.54402388770595,0.46220000000000006,0.5072,0.3353,0.3581
22200557,2023-01-02,2022-23,MIN,DEN,124,111,1,3.0,8.0,-1.7,5.2,112.0,120.7,113.7,115.5,1.0,0.0,0,1,13.03968253968254,19.385116914149176,25.830192956349208,29.936338988232002,-4.016681235431235,26.512858587052136,22.642857142857142,17.387096774193548,10.897435897435898,10.7,6.170634911662164,4.935038304804909,0.4936999999999999,0.5312,0.3511,0.40920000000000006
22200559,2023-01-02,2022-23,POR,DET,135,106,1,5.0,3.0,2.2,-5.8,116.4,117.0,114.2,122.8,2.0,1.0,0,0,17.675584491373964,13.484330484330485,30.932273552905126,27.5658459627545,1.5235984972827081,-23.699030644152597,21.324324324324323,11.555555555555555,8.179487179487179,7.153846153846154,8.668706870405584,4.177514084040063,0.49749999999999994,0.46110000000000007,0.3755,0.36619999999999997
22200554,2023-01-02,2022-23,PHI,NOP,120,111,1,8.0,5.0,8.8,-0.8,116.9,117.6,108.1,118.4,1.0,1.0,0,0,22.789230384807595,13.834169884169883,32.92972088955522,28.819712033462032,18.821014267640955,15.262231874731874,20.652173913043477,18.6,8.945945945945946,4.833333333333333,8.25640408322998,6.738848673662958,0.48950000000000005,0.4628,0.37929999999999997,0.3677
22200550,2023-01-02,2022-23,NYK,PHX,102,83,1,5.0,4.0,6.5,-1.6,116.2,112.2,109.7,113.8,1.0,2.0,0,0,17.52566601689409,15.17977207977208,28.69451551818283,27.812836955815463,19.83610334975923,2.501777975269631,23.0,15.55,4.0,8.390243902439025,7.304206246887688,3.9046090043149926,0.46629999999999994,0.45599999999999996,0.3883,0.39980000000000004
22200553,2023-01-02,2022-23,IND,TOR,122,114,1,6.0,3.0,0.5,-3.2,114.1,111.2,113.6,114.4,1.0,2.0,0,0,15.26314633961693,16.1609623978045,28.327325184971812,33.53553327567998,1.1008724066943503,-4.2296199696741485,20.405405405405407,16.696969696969695,5.447368421052632,9.529411764705882,5.670557915393936,5.0395411515954445,0.4789999999999999,0.4588,0.38580000000000003,0.32999999999999996
22200552,2023-01-02,2022-23,CLE,CHI,145,134,1,6.0,5.0,2.5,-3.8,112.3,114.9,109.8,118.7,1.0,1.0,0,0,17.578282828282827,21.21636141636142,28.227567184667187,31.071313304093565,19.264772490382246,-4.267219330377225,27.11111111111111,25.82051282051282,5.585365853658536,5.722222222222222,7.475468240460971,7.784983919656035,0.5006,0.5074000000000001,0.35509999999999997,0.3844
22200558,2023-01-02,2022-23,GSW,ATL,143,141,1,5.0,4.0,-5.7,-1.7,113.2,118.1,118.9,119.8,2.0,2.0,0,0,15.540873015873018,21.497486173956762,25.984962893625188,30.34281442726664,4.897849462365592,-0.41654097536450485,19.033333333333335,20.441176470588236,6.35,14.90625,6.59821233740801,6.263196120249477,0.457,0.4713,0.3764,0.36760000000000004
22200551,2023-01-02,2022-23,CHA,LAL,115,121,0,3.0,4.0,-6.6,-2.3,116.4,118.9,123.0,121.2,1.0,2.0,0,0,18.433682126696834,15.751811594202898,29.914820270415856,25.506413651264193,-27.38755117431588,-5.915473837756447,21.529411764705884,26.875,13.681818181818182,10.075,4.695711597598471,7.6658217553834485,0.44630000000000003,0.5025,0.31779999999999997,0.3756
22200555,2023-01-02,2022-23,BKN,SAS,139,103,1,10.0,4.0,9.9,-4.1,122.8,116.6,112.9,120.7,1.0,1.0,0,0,20.55151783082818,15.718886165577343,25.948296202265162,26.760955151597678,14.093356069218139,-27.930773822939134,28.53846153846154,19.21875,8.25,10.03448275862069,10.096077490474533,6.014747053276131,0.5528,0.4934,0.4354,0.37110000000000004
22200556,2023-01-02,2022-23,HOU,DAL,106,111,0,2.0,7.0,-7.6,3.5,107.2,114.6,114.8,111.1,1.0,1.0,0,0,14.279558404558406,18.090718248612983,30.28324423076923,30.088268105149684,-19.84102564102564,10.411340635024844,19.102564102564102,5.447368421052632,10.55,3.238095238095238,4.480353212192624,10.738750638039589,0.4412,0.47779999999999995,0.2984,0.369
22200561,2023-01-03,2022-23,MIL,WAS,123,113,1,4.0,6.0,-5.6,5.7,113.5,116.8,119.1,111.1,1.0,1.0,0,0,16.20444023569024,17.36111111111111,27.160815130471384,27.47723988256549,5.668637240131144,2.692357723577236,31.40625,22.0,8.121951219512194,13.8,8.971129677001949,6.358532286759139,0.4609000000000001,0.5136000000000001,0.3339,0.34850000000000003
22200562,2023-01-03,2022-23,OKC,BOS,150,117,1,4.0,5.0,-1.4,1.9,113.5,114.1,114.9,112.2,2.0,1.0,0,0,9.46976521976522,17.799277605779153,21.670142420279518,28.598031597136846,1.389461077067189,25.384546436307804,11.81081081081081,29.86842105263158,14.833333333333334,9.64516129032258,3.5534995113503323,9.682769416098044,0.4579,0.44719999999999993,0.3657,0.31199999999999994
22200563,2023-01-03,2022-23,UTA,SAC,115,117,0,4.0,5.0,-1.5,-3.1,117.2,118.0,118.7,121.1,2.0,1.0,0,0,17.536751152073734,17.282706766917293,29.528128188893014,30.59572011907801,-1.4820613690007873,17.573277354856305,23.025,17.605263157894736,7.902439024390244,6.2368421052631575,5.849023418811886,5.515003108010376,0.45550000000000007,0.48180000000000006,0.35309999999999997,0.35209999999999997
22200569,2023-01-04,2022-23,TOR,MIL,101,104,0,3.0,4.0,-2.8,-6.3,112.7,113.0,115.5,119.3,1.0,0.0,0,1,17.33982237233011,17.632070707070707,33.69195744836297,27.29933752909132,-0.8400492147421139,6.905474330633398,17.03030303030303,7.0,9.82857142857143,7.928571428571429,4.9396772143119785,9.26019944371504,0.46390000000000003,0.454,0.33930000000000005,0.31999999999999995
22200575,2023-01-04,2022-23,SAC,ATL,117,120,0,6.0,3.0,-0.9,-2.0,119.4,119.9,120.3,121.9,0.0,1.0,1,0,17.91139986139986,16.028860028860027,30.754183005475106,29.81312647907648,18.231671955356166,-0.2039107289107286,17.692307692307693,12.545454545454545,6.17948717948718,26.756756756756758,5.640282200903257,6.209098145034027,0.49400000000000005,0.47189999999999993,0.3564,0.3657
22200567,2023-01-04,2022-23,PHI,IND,129,126,1,8.0,7.0,7.9,1.8,115.8,118.1,107.9,116.3,1.0,1.0,0,0,15.936186186186186,15.173711305290253,28.36107962247962,28.993235272866855,13.762123213439,0.6376075323443746,20.916666666666668,17.285714285714285,3.3421052631578947,9.457142857142857,7.462641789790626,4.918285297854979,0.48180000000000006,0.492,0.3741,0.39459999999999995
22200566,2023-01-04,2022-23,ORL,OKC,126,115,1,6.0,5.0,0.1,2.6,114.3,117.1,114.2,114.5,4.0,0.0,0,1,15.859109730848859,20.096642096642096,25.836074505406025,28.61532233650655,-16.31515700483092,-2.1720597501582217,19.914285714285715,30.848484848484848,11.3125,7.096774193548387,5.160513499016409,8.333044672703656,0.46509999999999996,0.4694000000000001,0.3533,0.3834
22200568,2023-01-04,2022-23,NYK,SAS,117,114,1,5.0,3.0,7.6,-7.8,113.6,115.7,106.0,123.5,1.0,1.0,0,0,18.326617826617827,13.248148148148147,26.085759213009215,26.608818182404764,11.282217782217781,-25.926930240344877,11.80952380952381,21.4,5.357142857142857,10.162162162162161,7.8802482016108515,4.679405563859883,0.4654,0.48929999999999996,0.3748,0.36360000000000003
22200572,2023-01-04,2022-23,NOP,HOU,119,108,1,5.0,1.0,0.4,-9.5,118.7,106.7,118.3,116.2,1.0,1.0,0,0,13.799209575429089,17.687376400791035,27.20111163209046,30.06074834801542,13.531140719755655,-19.842541599248914,18.805555555555557,21.48780487804878,8.951219512195122,13.916666666666666,3.7551776731727613,4.49142586907576,0.47300000000000003,0.4455,0.39080000000000004,0.29510000000000003
22200571,2023-01-04,2022-23,MIN,POR,113,106,1,4.0,5.0,0.7,4.5,115.6,117.5,114.9,113.0,1.0,1.0,0,0,14.473013306802637,18.889538661468485,27.81177090950545,31.254443486029885,-4.70381474430722,5.9870857699805065,22.790697674418606,26.037037037037038,16.641025641025642,14.314285714285715,6.425707702692584,7.310510017827574,0.5035000000000001,0.5027999999999999,0.369,0.38249999999999995
22200573,2023-01-04,2022-23,GSW,DET,119,122,0,6.0,2.0,-3.8,-9.4,116.4,113.5,120.2,122.9,1.0,1.0,0,0,15.627696367689483,12.117857142857142,26.472073267175425,25.9304281662615,5.351359036867494,-24.32905047905048,20.161290322580644,9.325,6.536585365853658,14.0,6.860699905135748,4.480316283122518,0.46159999999999995,0.45100000000000007,0.3686,0.3545
22200565,2023-01-04,2022-23,CLE,PHX,90,88,1,7.0,4.0,3.7,-2.1,115.7,110.8,112.0,112.9,1.0,1.0,0,0,16.70945945945946,13.119071452404784,31.127433280339165,27.84185934160731,21.889076362890403,-1.9990961210473408,12.08108108108108,12.407407407407407,9.580645161290322,3.9047619047619047,6.979025639341197,4.959565791374837,0.5039,0.46309999999999996,0.3682,0.4013
22200570,2023-01-04,2022-23,CHI,BKN,121,112,1,5.0,10.0,-4.1,13.1,116.3,124.7,120.4,111.6,1.0,1.0,0,0,15.884372177055104,21.143567251461988,31.2606731742061,30.54536383040936,-6.527448973790438,20.508016411997737,9.609756097560975,28.45,7.96969696969697,7.516129032258065,7.452411166890134,9.287599447562767,0.5021000000000001,0.5609999999999999,0.3826,0.4471
22200564,2023-01-04,2022-23,CHA,MEM,107,131,0,3.0,6.0,-6.5,7.8,114.5,116.5,121.0,108.7,1.0,2.0,0,0,18.536868686868686,18.63166023166023,30.052945113929997,28.875579686829685,-25.83910555988279,26.503181131442002,21.666666666666668,7.837837837837838,8.842105263157896,3.9130434782608696,5.369416608732867,8.4212119927738,0.45030000000000003,0.4755,0.3189,0.2975
22200574,2023-01-04,2022-23,LAL,MIA,112,109,1,5.0,7.0,-1.3,2.7,119.2,112.3,120.5,109.6,1.0,1.0,0,0,11.290186849236912,21.066203222453222,25.444464147291868,32.45851192951193,-10.448222068937111,4.3033639408639415,10.333333333333334,21.513513513513512,2.8636363636363638,12.925,3.727191085871544,5.338448288304617,0.5035999999999999,0.4638000000000001,0.38130000000000003,0.3516
22200577,2023-01-05,2022-23,DAL,BOS,95,124,0,8.0,5.0,5.5,0.6,116.7,116.5,111.2,115.9,2.0,1.0,0,0,11.551203328834909,22.453921228921228,30.276386299254717,30.6732886461173,13.0822743796428,22.002121363859168,15.325,29.794871794871796,5.916666666666667,9.40625,10.24396869122602,9.337452026471437,0.4806,0.44930000000000003,0.365,0.3189
22200578,2023-01-05,2022-23,HOU,UTA,114,131,0,1.0,3.0,-10.3,-3.8,106.7,116.6,117.0,120.4,0.0,1.0,1,0,18.09927174561321,17.69509831726224,29.22464455067898,29.273408025529175,-16.414366405758084,-1.3840696999162683,21.357142857142858,23.146341463414632,9.071428571428571,13.80952380952381,4.918696244082412,5.845949382499382,0.44299999999999995,0.4511,0.2994,0.35069999999999996
22200576,2023-01-05,2022-23,ORL,MEM,115,123,0,6.0,6.0,0.0,7.7,115.8,116.8,115.8,109.1,0.0,0.0,1,1,16.94744008714597,19.716791979949875,29.54466516339869,27.245821014256506,-13.937091503267972,28.667681163509148,19.375,26.666666666666668,10.5,7.205128205128205,4.0963805016012875,7.408138578372591,0.4702,0.46530000000000005,0.34750000000000003,0.2869
22200589,2023-01-06,2022-23,PHX,MIA,96,104,0,3.0,6.0,-3.9,2.2,108.5,112.2,112.4,110.0,1.0,1.0,0,0,13.525501253132832,14.62501782912566,24.228037111888916,31.494980892874047,-1.18023700992658,-0.8140223788325156,15.285714285714286,12.804878048780488,8.279069767441861,4.741935483870968,4.17568875287625,6.483532165042434,0.4563,0.46609999999999996,0.40890000000000004,0.33630000000000004
22200582,2023-01-06,2022-23,TOR,NYK,108,112,0,3.0,5.0,-3.0,5.6,110.5,113.9,113.5,108.3,1.0,1.0,0,0,17.46074840192487,18.515503875968992,33.948210221845144,29.090675327452555,-1.0444969654528482,21.678745856414842,17.285714285714285,23.162790697674417,9.694444444444445,3.935483870967742,4.829657450420283,7.460300324189514,0.44670000000000004,0.47309999999999997,0.3303,0.3685
22200585,2023-01-06,2022-23,SAS,DET,121,109,1,3.0,3.0,-6.5,-8.2,115.9,114.4,122.4,122.6,1.0,1.0,0,0,9.844537815126051,14.705048213272832,22.937770640968406,27.602893463096194,-24.793978394811102,-32.084186643580026,11.176470588235293,9.317073170731707,10.289473684210526,14.073170731707316,2.638115692311449,4.521366597203373,0.4929,0.454,0.365,0.3644
22200584,2023-01-06,2022-23,OKC,WAS,127,110,1,5.0,6.0,1.7,6.0,117.8,115.3,116.1,109.3,1.0,2.0,0,0,19.296499166468205,13.092781806196442,25.557767837651255,27.788472002817276,2.7724204008066238,0.14725080045201988,15.131578947368421,20.48780487804878,7.151515151515151,6.71875,9.450246550412007,6.826120525267892,0.4598000000000001,0.5042,0.38639999999999997,0.3294
22200581,2023-01-06,2022-23,PHI,CHI,112,126,0,8.0,6.0,6.2,-0.9,116.4,119.3,110.2,120.2,1.0,1.0,0,0,19.04239234449761,21.363431375626494,30.84133910082331,31.372377739586273,13.964650631492736,-5.567816012364076,15.552631578947368,21.324324324324323,5.888888888888889,8.029411764705882,5.995447466294757,7.3038401866869425,0.4796,0.5084000000000001,0.3673,0.3826
22200583,2023-01-06,2022-23,MIL,CHA,109,138,0,5.0,3.0,-1.9,-7.0,113.3,114.6,115.2,121.6,1.0,1.0,0,0,17.36484593837535,17.11994558588986,24.296625299461887,30.052304027971324,8.234963000480327,-27.409330601186674,6.25,21.736842105263158,17.612903225806452,4.0,9.95777033223042,6.576650612319458,0.45660000000000006,0.4509,0.32730000000000004,0.3129
22200588,2023-01-06,2022-23,DEN,CLE,121,108,1,8.0,7.0,7.5,2.4,119.1,114.2,111.6,111.8,0.0,1.0,1,0,19.03083466241361,16.16766917293233,29.82459567723626,31.022287434217468,27.28402480164244,22.30538235833486,23.789473684210527,13.371428571428572,10.595238095238095,9.46875,4.854675317069601,4.191310007517232,0.5147999999999999,0.49029999999999996,0.4277,0.3655
22200580,2023-01-06,2022-23,IND,POR,108,99,1,6.0,4.0,0.9,1.7,118.2,114.8,117.3,113.1,1.0,1.0,0,0,15.224659741183608,23.015262515262517,28.161781312076595,32.812978021978026,0.8069089709236588,5.567810238541945,8.052631578947368,21.41025641025641,17.6046511627907,8.341463414634147,4.8726502393501265,7.341348994587304,0.4888,0.4929,0.3897,0.3678
22200586,2023-01-06,2022-23,NOP,BKN,102,108,0,6.0,9.0,1.8,11.9,117.7,122.3,115.9,110.4,1.0,1.0,0,0,12.513565830639001,21.183508510023064,25.897479354857403,31.639141375111798,13.965138684650881,20.3440356768199,19.054054054054053,25.516129032258064,9.733333333333333,9.5,3.8101588235362054,9.301526010591152,0.4716,0.5552,0.3876,0.4474
22200590,2023-01-06,2022-23,LAL,ATL,130,114,1,5.0,4.0,-2.8,0.8,117.8,121.6,120.6,120.8,1.0,1.0,0,0,17.367365967365966,16.194444444444443,24.12607167055167,32.24388410159385,-7.270902430902431,0.12114660155889467,11.2,12.823529411764707,6.2,9.195121951219512,7.787296714169917,6.117934314373917,0.5003,0.4899,0.37449999999999994,0.3666
22200592,2023-01-07,2022-23,CHI,UTA,126,118,1,7.0,3.0,2.9,-2.4,119.3,116.5,116.4,118.9,0.0,1.0,1,0,19.256153950768393,18.4134287122092,30.093498810980936,29.30307740826955,-3.400500968814549,-0.4419457929100583,25.833333333333332,23.761904761904763,9.902439024390244,3.0952380952380953,7.269459825843011,7.682535023316827,0.5132,0.45489999999999997,0.39930000000000004,0.352
22200593,2023-01-07,2022-23,DAL,NOP,127,117,1,7.0,6.0,0.6,1.6,113.2,116.5,112.6,114.9,1.0,0.0,0,1,20.773356154614177,10.897129044165803,30.384669912116124,24.746353750937736,3.5626172607879916,10.66270532969377,33.26315789473684,9.761904761904763,5.666666666666667,4.794117647058823,10.215484590057104,3.0877767907065823,0.4628,0.453,0.345,0.3823
22200594,2023-01-07,2022-23,GSW,ORL,101,115,0,6.0,5.0,-3.5,-1.9,116.4,113.8,119.9,115.7,2.0,1.0,0,0,11.009591715474068,16.99519031226348,24.86092120959768,29.608088622017892,5.844422466775407,-13.70907784810224,19.976190476190474,19.4390243902439,18.08,10.090909090909092,6.342117213259343,4.33544732103941,0.4668,0.46609999999999996,0.3637,0.3337
22200595,2023-01-07,2022-23,SAC,LAL,134,136,0,5.0,5.0,-1.3,-1.4,118.7,118.9,120.0,120.3,2.0,0.0,0,1,17.232612488068202,16.66669099401547,30.854551918161867,26.9423630770312,17.508149474644984,-6.869040340150397,15.384615384615385,11.576923076923077,6.15,3.5925925925925926,5.678314765108161,8.269841042687393,0.4922000000000001,0.5051,0.35940000000000005,0.37950000000000006
22200591,2023-01-07,2022-23,SAS,BOS,116,121,0,4.0,5.0,-4.3,3.1,117.9,116.7,122.2,113.6,0.0,1.0,1,0,9.38528597666658,22.227136509737193,22.85763902840501,29.82930360964533,-28.13137046867929,24.805684897758066,9.193548387096774,26.48780487804878,7.363636363636363,7.625,2.314152528070354,9.547740873758972,0.5056,0.45389999999999997,0.36550000000000005,0.3165
22200597,2023-01-08,2022-23,TOR,POR,117,105,1,3.0,3.0,-3.1,-0.8,109.7,111.9,112.8,112.7,1.0,1.0,0,0,19.81837421837422,22.86752873563218,34.105773576649185,32.91131426685306,1.0283409002921196,4.206879909466116,24.242424242424242,21.375,3.951219512195122,8.238095238095237,6.699402587145599,7.262045895119875,0.4401,0.4728,0.32730000000000004,0.35009999999999997
22200603,2023-01-08,2022-23,PHX,CLE,98,112,0,2.0,6.0,-5.1,0.5,106.3,113.2,111.4,112.7,1.0,1.0,0,0,14.16909163188233,21.05195681511471,23.681841769212703,33.569857609395534,2.776050306282864,14.60945848097551,15.279069767441861,21.0,7.923076923076923,5.5,4.973203597337029,7.7882317174941464,0.4508,0.48580000000000007,0.3984,0.3588
22200602,2023-01-08,2022-23,OKC,DAL,120,109,1,6.0,8.0,3.6,1.7,119.5,116.0,115.9,114.3,1.0,0.0,0,1,20.177456148187854,15.64484126984127,28.70964696462075,25.163222623886952,3.0920333838177223,3.495889113026468,30.885714285714286,17.85,5.2631578947368425,5.921052631578948,9.08027111927154,5.549145495785872,0.46420000000000006,0.47870000000000007,0.40259999999999996,0.3592
22200599,2023-01-08,2022-23,MIA,BKN,101,102,0,6.0,9.0,2.7,11.3,111.5,121.9,108.8,110.6,1.0,1.0,0,0,18.155141641983747,15.395833333333334,33.327342525895155,31.745333207070708,4.760946290551554,18.572210197210197,21.151515151515152,25.3125,10.375,9.037037037037036,5.037549613836051,9.343670974139025,0.4641,0.5492999999999999,0.33390000000000003,0.4633
22200598,2023-01-08,2022-23,IND,CHA,116,111,1,7.0,4.0,2.4,-3.7,117.8,116.9,115.4,120.6,1.0,1.0,0,0,14.700202429149797,14.987301587301587,28.22485762519052,26.347344444444445,1.9639335415651207,-20.483333333333334,20.05,14.761904761904763,17.636363636363637,21.85,4.823862177636432,6.702055813942388,0.48149999999999993,0.46020000000000005,0.38710000000000006,0.32299999999999995
22200601,2023-01-08,2022-23,HOU,MIN,96,104,0,1.0,4.0,-10.8,0.1,108.6,113.5,119.4,113.4,2.0,1.0,0,0,18.251209418896078,14.583862433862434,30.353955653743782,30.404836295005804,-21.468092861850515,2.2238579171506,19.142857142857142,13.694444444444445,10.465116279069768,8.25,4.492031414215443,5.688878227229726,0.4443,0.49670000000000003,0.32480000000000003,0.34209999999999996
22200596,2023-01-08,2022-23,DET,PHI,111,123,0,3.0,7.0,-9.1,3.6,113.2,115.8,122.3,112.2,1.0,1.0,0,0,13.731906981906983,19.125046451133404,28.435143328893325,27.0825774475207,-29.03353998942234,10.063186394078842,20.15909090909091,20.695652173913043,7.0,6.1891891891891895,4.5936656029852285,7.565242529259893,0.45360000000000006,0.4772,0.3732,0.37170000000000003
22200600,2023-01-08,2022-23,MEM,UTA,123,118,1,6.0,3.0,4.4,-0.6,114.9,118.6,110.5,119.2,2.0,0.0,0,1,10.090378510378509,15.15563589776996,24.019365494505497,29.553133258090647,16.304049284049285,-0.9183279936357911,9.595238095238095,11.547619047619047,6.6,8.136363636363637,6.618986259708949,6.080834078995628,0.4626,0.4591,0.2827,0.3473
22200610,2023-01-09,2022-23,SAC,ORL,136,111,1,4.0,5.0,-2.4,-1.3,119.9,113.6,122.3,114.9,1.0,1.0,0,0,18.211262991750797,17.430427921655994,29.360752889102052,29.691224150118888,15.457802456422481,-11.678480389006705,17.926829268292682,20.44736842105263,15.425,10.210526315789474,4.136610685671716,4.3089532821211005,0.49210000000000004,0.47050000000000003,0.3645,0.347
22200605,2023-01-09,2022-23,WAS,NOP,112,132,0,6.0,6.0,5.2,1.5,117.0,116.3,111.8,114.8,2.0,1.0,0,0,14.792899757812037,14.332044434553614,25.746067186209984,24.85247306894272,-0.9091126924664257,13.311910644404424,21.789473684210527,10.093023255813954,20.547619047619047,12.78048780487805,6.127768598118523,4.03477481508686,0.5094000000000001,0.4585,0.3226,0.3595
22200607,2023-01-09,2022-23,NYK,MIL,107,111,0,5.0,4.0,5.7,-7.4,114.2,111.9,108.5,119.3,2.0,2.0,0,0,18.635624538063563,20.79503968253968,29.30333332101503,28.365334812271062,19.67519621300109,6.867927350427349,11.909090909090908,31.4,6.714285714285714,5.0,6.91065571584312,9.532887636205833,0.47309999999999997,0.4473,0.38089999999999996,0.3216
22200606,2023-01-09,2022-23,BOS,CHI,107,99,1,6.0,7.0,4.4,2.7,117.9,120.6,113.5,117.9,1.0,1.0,0,0,21.715532686888327,16.28049728049728,30.613222269574397,31.535883041377225,25.651717475522155,-1.7920395597874177,26.547619047619047,22.205128205128204,7.888888888888889,5.578947368421052,9.986341848267262,7.959296531909982,0.4617,0.5114,0.3367,0.40380000000000005
22200609,2023-01-09,2022-23,DEN,LAL,122,109,1,8.0,6.0,8.4,1.4,119.3,122.1,110.9,120.7,2.0,1.0,0,0,17.391115420527186,12.571232309545318,26.932688813466513,21.131452477739067,20.78435914290907,-10.622081467355859,17.323529411764707,12.148148148148149,16.0,6.72972972972973,6.500278478876627,4.037850723793741,0.5222,0.5213,0.44299999999999995,0.3795
22200608,2023-01-09,2022-23,MEM,SAS,121,113,1,7.0,3.0,5.5,-6.7,116.3,117.1,110.8,123.8,0.0,1.0,1,0,14.31870576339737,9.173465423465423,27.1914597346452,24.097333233433233,20.99220171890799,-24.79254777480584,9.86046511627907,8.179487179487179,6.75,6.838709677419355,5.83710275553205,2.561472338527095,0.4699,0.4992,0.2955,0.3435
22200614,2023-01-10,2022-23,UTA,CLE,116,114,1,3.0,6.0,1.2,1.8,120.5,114.4,119.3,112.6,1.0,1.0,0,0,19.059998536085494,15.892857142857144,27.669370687203298,31.03653701949392,1.9859334807704379,14.791635832051654,23.795454545454547,21.02857142857143,6.125,9.323529411764707,7.099059749510155,8.055210876024068,0.4715,0.5009,0.3492,0.3773
22200615,2023-01-10,2022-23,GSW,PHX,113,125,0,6.0,1.0,-3.7,-9.1,115.9,103.1,119.6,112.2,2.0,1.0,0,0,16.042214912280702,10.523184223184224,31.185789568310774,21.353334406870637,15.356918040544267,-1.3507297811645635,20.46875,15.272727272727273,6.5813953488372094,4.27027027027027,8.43512789570845,4.051797628886271,0.4628,0.4452999999999999,0.3552,0.40090000000000003
22200611,2023-01-10,2022-23,MIA,OKC,112,111,1,5.0,6.0,1.6,4.1,110.5,120.0,108.9,115.9,1.0,1.0,0,0,13.812198164483648,20.181878306878307,25.413392629107243,28.708032485406086,1.776811799298709,-0.6810440436337126,12.883720930232558,30.944444444444443,4.823529411764706,5.833333333333333,5.7375674053993855,8.96204528134036,0.4542,0.4713,0.33430000000000004,0.40330000000000005
22200612,2023-01-10,2022-23,PHI,DET,147,116,1,7.0,3.0,4.5,-8.8,117.7,113.2,113.2,122.0,1.0,1.0,0,0,22.950308641975308,8.848804638134323,31.879197768281102,22.63167126571559,17.903276353276354,-17.841853265173878,15.625,13.69767441860465,3.225,3.210526315789474,10.022143617543982,4.536273712402707,0.4861000000000001,0.45360000000000006,0.3657,0.372
22200616,2023-01-10,2022-23,POR,ORL,106,109,0,3.0,4.0,0.0,-4.1,111.4,115.2,111.4,119.3,1.0,0.0,0,1,22.903252032520328,17.17469687934804,33.09674287548139,29.245642059232758,5.233119383825417,-14.284514581026208,21.390243902439025,20.358974358974358,7.0,12.142857142857142,7.566430656230309,4.43952854793294,0.4737,0.4777,0.345,0.33740000000000003
22200613,2023-01-10,2022-23,TOR,CHA,132,120,1,4.0,3.0,-0.3,-4.8,110.4,115.5,110.7,120.3,1.0,1.0,0,0,19.82455985397162,17.30751092707614,34.11926106702111,30.133249915739803,2.453966930652727,-23.133868294383962,24.323529411764707,21.428571428571427,4.0476190476190474,8.545454545454545,6.668299586298885,5.411045567741123,0.442,0.4518,0.3266,0.32399999999999995
22200625,2023-01-11,2022-23,SAC,HOU,135,115,1,5.0,1.0,0.7,-9.7,121.6,107.7,120.9,117.4,1.0,2.0,0,0,14.531632450237103,15.825524475524475,27.353621797711334,28.55756554001554,14.6835557957651,-17.839432789432788,17.785714285714285,21.272727272727273,6.45945945945946,8.818181818181818,6.3982880659228165,4.387043720604399,0.4983000000000001,0.4444,0.3781,0.33459999999999995
22200624,2023-01-11,2022-23,DEN,PHX,126,97,1,8.0,2.0,8.3,-7.6,121.0,104.6,112.7,112.2,1.0,0.0,0,1,17.50658914728682,9.443825747944741,29.990404910528746,19.138519460486968,22.01116538500259,4.887104885960721,23.65,4.342105263157895,13.694444444444445,7.3076923076923075,4.848818610391714,4.043411317744253,0.5238,0.44480000000000003,0.4417,0.40549999999999997
22200619,2023-01-11,2022-23,WAS,CHI,100,97,1,6.0,6.0,3.4,1.7,116.5,119.5,113.1,117.8,1.0,1.0,0,0,12.777380242496521,16.352777777777778,27.025023582026726,28.56710675792071,-2.882251218913326,-2.591946015783225,20.511627906976745,22.325,3.6538461538461537,5.589743589743589,5.82936931984888,6.260674167256745,0.5143,0.5067,0.33819999999999995,0.40890000000000004
22200622,2023-01-11,2022-23,NYK,IND,119,113,1,4.0,8.0,1.5,3.2,111.7,118.8,110.2,115.6,1.0,2.0,0,0,21.444688644688643,14.353703703703701,30.92118482072998,26.96375917537747,20.28234264040716,-2.206922723712287,21.19047619047619,8.35,12.155555555555555,9.976744186046512,6.544314230685176,5.880039571053738,0.45940000000000003,0.4819,0.3652,0.3871
22200620,2023-01-11,2022-23,ATL,MIL,105,114,0,4.0,4.0,-1.2,-7.9,119.3,110.2,120.5,118.1,2.0,1.0,0,0,17.34279325765394,20.710144076423145,30.07988980488156,28.322110266348638,-2.8666888664890675,7.379161019858695,16.352941176470587,31.13888888888889,9.675,7.5777777777777775,4.27211394954193,8.743854849057938,0.48040000000000005,0.43549999999999994,0.34040000000000004,0.32789999999999997
22200618,2023-01-11,2022-23,DET,MIN,135,118,1,3.0,4.0,-9.9,-0.1,115.5,112.3,125.4,112.4,0.0,2.0,1,0,12.765151515151516,13.950779683337823,26.02311515151515,26.334060207217185,-30.117171717171722,-0.3315677297982659,14.727272727272727,16.785714285714285,2.3,22.565217391304348,6.24925705954006,6.221099798734948,0.4548,0.497,0.3818,0.3391
22200621,2023-01-11,2022-23,BOS,NOP,125,114,1,7.0,6.0,5.5,2.6,119.4,116.9,113.9,114.3,1.0,1.0,0,0,21.759312393033323,14.186147186147187,30.723642595948405,25.715789184889182,24.980999009150786,9.729309579309579,8.977272727272727,10.272727272727273,12.947368421052632,9.355555555555556,9.367277038585675,5.031553243642772,0.4706,0.4628,0.338,0.3598
22200623,2023-01-11,2022-23,MEM,SAS,135,129,1,8.0,3.0,7.7,-6.6,119.3,116.7,111.6,123.3,1.0,1.0,0,0,18.58415915915916,14.08923923923924,28.958434507068045,26.214989770258065,26.01885235307043,-23.27746918367435,7.9,21.16216216216216,7.0,10.735294117647058,7.608845144759995,4.555074132091459,0.475,0.4968,0.3186,0.3458
22200627,2023-01-12,2022-23,BKN,BOS,98,109,0,9.0,8.0,11.1,7.1,120.2,120.7,109.1,113.6,3.0,0.0,0,1,15.43409706824341,16.37563944126128,28.28148922148312,28.284737400580173,16.74168786139733,25.162118344524817,9.292682926829269,8.977777777777778,7.352941176470588,13.128205128205128,6.792938400299099,8.28131676779884,0.5401,0.48040000000000005,0.46509999999999996,0.3404
22200630,2023-01-12,2022-23,LAL,DAL,115,119,0,6.0,7.0,1.5,-0.1,121.0,116.0,119.5,116.1,2.0,1.0,0,0,17.976190476190478,20.954581529581528,25.339700918964077,30.645726671197018,-4.0496283812980725,8.565020638276453,27.571428571428573,33.525,3.896551724137931,5.875,8.73493615390431,10.278793291896946,0.5154,0.47859999999999997,0.3623,0.35119999999999996
22200628,2023-01-12,2022-23,MIA,MIL,108,102,1,6.0,5.0,2.7,-6.2,111.4,111.0,108.7,117.2,1.0,0.0,0,1,14.214980449657867,15.07326203208556,29.756823750950367,26.671543717653947,0.35211987043106596,2.3017928647084656,8.129032258064516,17.647058823529413,4.764705882352941,6.970588235294118,6.819901074366755,4.448248512402745,0.44650000000000006,0.4344,0.3305,0.3221
22200626,2023-01-12,2022-23,PHI,OKC,114,133,0,7.0,5.0,5.6,3.8,121.1,118.8,115.5,115.0,1.0,1.0,0,0,18.978455284552847,20.133760533079876,32.6899130178712,27.352436422325365,22.675516466224572,1.8898327370683985,20.75,14.395348837209303,3.292682926829268,9.560975609756097,9.874248105456171,9.17799245254649,0.5027,0.4742,0.37150000000000005,0.39350000000000007
22200631,2023-01-12,2022-23,POR,CLE,113,119,0,2.0,5.0,-1.5,-0.7,111.3,113.6,112.8,114.3,1.0,1.0,0,0,18.845110087045573,20.800925925925927,33.21598324077356,30.57798774002137,2.7799968848355947,15.28565049952559,26.225806451612904,13.0,8.113636363636363,14.024390243902438,7.290749253218331,7.872972488758224,0.4749,0.4861999999999999,0.326,0.3466
22200629,2023-01-12,2022-23,TOR,CHA,124,114,1,5.0,3.0,1.2,-3.9,113.5,117.0,112.3,120.9,1.0,1.0,0,0,19.94486215538847,18.91871416871417,34.071553310838375,30.237850297105616,-2.1476240169018626,-22.632482095248054,24.428571428571427,21.545454545454547,8.454545454545455,4.333333333333333,5.2315305690908325,6.549089616108013,0.4495,0.46630000000000005,0.3446,0.33790000000000003
22200634,2023-01-13,2022-23,WAS,NYK,108,112,0,6.0,5.0,3.4,2.8,115.2,113.0,111.8,110.2,1.0,1.0,0,0,17.21917526917527,18.269674755645433,27.671683028083027,31.099909586703745,-4.254608035642518,20.681524732584748,20.522727272727273,21.488372093023255,13.137931034482758,7.894736842105263,6.4874576657482,6.515107291987908,0.5131,0.44930000000000003,0.32789999999999997,0.3586
22200638,2023-01-13,2022-23,UTA,ORL,112,108,1,3.0,5.0,-0.1,-3.7,119.5,113.6,119.6,117.3,2.0,2.0,0,0,19.15119402473704,18.359415584415583,24.015046498441087,28.994657762005442,2.551472402096824,-10.023110443419185,23.822222222222223,19.681818181818183,13.555555555555555,11.931034482758621,7.584793620197373,4.74645329381703,0.4647,0.4816000000000001,0.3335,0.3396
22200635,2023-01-13,2022-23,SAS,GSW,113,144,0,3.0,5.0,-5.2,-6.5,118.3,114.6,123.5,121.1,1.0,2.0,0,0,15.255798132228337,15.101463351463352,26.27937384700897,26.66982469135802,-23.922913956708676,6.7215802715802715,21.236842105263158,20.15909090909091,6.909090909090909,28.6,5.0932486424880175,8.986011792115823,0.4981000000000001,0.44820000000000004,0.3466,0.34650000000000003
22200640,2023-01-13,2022-23,SAC,HOU,139,114,1,5.0,1.0,1.3,-11.1,121.7,108.2,120.4,119.3,1.0,1.0,0,0,18.271266264459687,14.687443541102077,24.73112125926348,28.59080488110061,16.056147286520158,-18.94015417856881,17.953488372093023,11.951219512195122,12.05,6.25,6.355883382135967,4.97796345399046,0.4957,0.4436,0.38150000000000006,0.33409999999999995
22200633,2023-01-13,2022-23,IND,ATL,111,113,0,7.0,3.0,2.1,-2.2,118.4,117.2,116.3,119.4,1.0,1.0,0,0,14.493283845881935,18.64815462315462,23.21575639044589,30.97023767771268,-2.1160384790183304,-3.0148947898947895,17.391304347826086,9.068181818181818,6.96,16.666666666666668,5.507275940029161,6.125551582038702,0.48279999999999995,0.4741000000000001,0.37170000000000003,0.3396
22200632,2023-01-13,2022-23,DET,NOP,110,116,0,4.0,5.0,-5.7,1.2,118.5,115.5,124.2,114.3,1.0,1.0,0,0,16.41996779388084,14.414621016365203,26.211927679853765,26.273014795154104,-29.652252252252254,8.656317009628435,20.304347826086957,20.125,5.92,4.702702702702703,5.321153516032634,5.150559384576357,0.4737,0.4709,0.4076000000000001,0.3614
22200636,2023-01-13,2022-23,CHI,OKC,110,124,0,5.0,5.0,1.3,5.4,117.4,122.0,116.1,116.6,1.0,0.0,0,1,14.993743372216331,19.427736006683375,25.086118010894147,28.82347638269976,0.03155363222478247,0.9880542838774176,16.67391304347826,12.0,9.934782608695652,5.8125,6.913975188608242,8.952623452704922,0.5048999999999999,0.47859999999999997,0.3947,0.40259999999999996
22200637,2023-01-13,2022-23,MIN,PHX,121,116,1,4.0,2.0,-1.3,-8.0,114.2,104.3,115.5,112.3,1.0,1.0,0,0,16.865949200065973,10.748121828834131,30.49825126995889,25.084012845849802,-1.210390167576553,-4.359558291825669,22.51063829787234,15.326086956521738,5.108108108108108,4.589743589743589,6.360486999767453,4.82033699558945,0.4965,0.4444,0.3609,0.40790000000000004
22200642,2023-01-14,2022-23,CHA,BOS,106,122,0,2.0,8.0,-5.3,7.0,115.0,119.5,120.3,112.5,1.0,1.0,0,0,19.047368421052628,16.669276094276096,30.378096735952198,28.45772592592592,-24.95111056627075,21.17487373737374,22.0,29.727272727272727,5.0,5.03125,6.464987943608906,8.811407822420026,0.46420000000000006,0.48410000000000003,0.3383,0.34540000000000004
22200643,2023-01-14,2022-23,IND,MEM,112,130,0,6.0,8.0,1.6,5.8,118.4,120.3,116.8,114.5,0.0,2.0,1,0,10.584500212159787,12.576261843238589,20.949384714938745,25.26986347794551,-2.5265496292931906,18.423968713616144,6.961538461538462,20.92,17.574468085106382,7.975609756097561,5.422703655979388,8.189913992046128,0.4742,0.477,0.3503,0.3518
22200641,2023-01-14,2022-23,MIA,MIL,111,95,1,7.0,5.0,3.6,-5.0,111.4,111.2,107.8,116.2,1.0,1.0,0,0,10.903801169590643,12.988095238095239,29.972656489619613,27.153190247830015,1.2299084815369135,5.735685900054936,13.066666666666666,17.82857142857143,4.714285714285714,6.2727272727272725,6.71709889694857,4.337184156557538,0.44749999999999995,0.4306,0.3176,0.3364
22200645,2023-01-14,2022-23,MIN,CLE,110,102,1,5.0,5.0,0.4,-0.9,115.4,114.1,115.0,115.0,0.0,1.0,1,0,13.64966216216216,20.86637481759433,25.504857032032028,33.42111381912601,4.026801801801802,19.18618397276934,22.6875,28.317073170731707,8.777777777777779,8.972222222222221,5.431409713852598,7.066868392423548,0.5003,0.48740000000000006,0.3653,0.3471
22200647,2023-01-14,2022-23,POR,DAL,136,119,1,2.0,7.0,-1.9,-0.3,110.5,116.7,112.4,117.0,1.0,1.0,0,0,16.729026701119725,21.040910905233087,31.56996795327304,28.84033719946678,2.222577519379845,8.68284986373472,21.11627906976744,33.5609756097561,14.325,3.037037037037037,7.529325690076979,11.291352039593177,0.47619999999999996,0.48360000000000003,0.31610000000000005,0.34809999999999997
22200644,2023-01-14,2022-23,TOR,ATL,103,114,0,5.0,4.0,1.5,-1.8,114.6,117.7,113.1,119.5,1.0,0.0,0,1,18.858781614595568,18.69051490514905,31.50935880096622,31.056183282223174,-1.1641423755201625,-1.3412301077897995,14.272727272727273,20.0,17.794871794871796,9.571428571428571,5.279513985874478,6.768752410137643,0.4566,0.4748,0.3538,0.3503
22200646,2023-01-14,2022-23,UTA,PHI,117,118,0,3.0,6.0,-0.5,3.2,118.7,120.6,119.2,117.4,0.0,1.0,1,0,13.604230907595849,24.55578580901857,24.270521668087525,30.691732837532648,-0.5887770980447965,19.075782142934163,20.020833333333332,20.46153846153846,6.717948717948718,3.2142857142857144,5.361165272550707,10.32218759650127,0.4593,0.4936,0.31920000000000004,0.3607
22200655,2023-01-15,2022-23,LAL,PHI,112,113,0,6.0,6.0,1.5,2.6,119.5,120.5,118.0,117.9,2.0,0.0,0,1,16.173557278208442,24.651402918069582,25.718114614105197,32.308258089943365,-5.371747464570238,21.592624472857032,6.583333333333333,21.2,3.037037037037037,8.931818181818182,8.843558594060209,10.189952171621622,0.5025000000000001,0.48789999999999994,0.34349999999999997,0.3581
22200654,2023-01-15,2022-23,POR,DAL,140,123,1,3.0,6.0,0.1,-2.9,114.3,116.2,114.2,119.1,0.0,0.0,1,1,19.16414141414141,13.17414148223046,31.531300724637685,22.2234088993746,4.106574761399788,-4.732620411831737,27.242424242424242,18.069767441860463,14.512195121951219,3.1785714285714284,7.549807410649574,6.364198415418817,0.48250000000000004,0.4835999999999999,0.3187,0.355
22200652,2023-01-15,2022-23,SAS,SAC,119,132,0,2.0,6.0,-8.7,5.2,117.0,124.5,125.7,119.3,1.0,1.0,0,0,14.188800561140987,18.38448773448773,26.77768445800809,30.969152718239304,-28.551515880133888,20.970467202174525,21.128205128205128,14.2,7.0588235294117645,6.9743589743589745,5.033028744688641,5.420979451722123,0.48840000000000006,0.5064000000000001,0.3497,0.4002
22200648,2023-01-15,2022-23,DET,NYK,104,117,0,4.0,6.0,-5.2,3.3,116.4,112.5,121.6,109.2,1.0,1.0,0,0,11.596989966555185,18.341607565011824,26.434562820512827,29.764495003223725,-27.527100435796086,20.912287720928095,5.769230769230769,21.772727272727273,13.787878787878787,19.853658536585368,3.4027769490101325,6.577605291841431,0.4774999999999999,0.4439,0.38380000000000003,0.3405
22200650,2023-01-15,2022-23,CHI,GSW,132,118,1,5.0,6.0,1.4,0.4,116.6,119.6,115.2,119.2,1.0,1.0,0,0,16.339547450185748,18.76650853889943,29.327269265217478,29.69981047583908,-4.361439678928003,15.272851721333696,22.761904761904763,28.161290322580644,8.282051282051283,20.266666666666666,6.335579995865466,8.307647169791709,0.5006999999999999,0.4554,0.3892,0.3497
22200651,2023-01-15,2022-23,BKN,OKC,102,112,0,8.0,6.0,9.7,7.1,117.6,121.9,107.9,114.8,2.0,1.0,0,0,15.413165266106445,20.113907109255948,28.656007485752923,28.844403463098814,14.511368685405197,2.844139675535024,25.38235294117647,15.534883720930232,10.470588235294118,7.081081081081081,6.481782390761465,8.618510859202583,0.5303,0.4835999999999999,0.4516,0.3988
22200653,2023-01-15,2022-23,DEN,ORL,119,116,1,8.0,4.0,10.8,-4.7,120.3,112.8,109.5,117.5,1.0,1.0,0,0,17.575502331599893,18.44060056692521,29.865764102017756,29.76511987296571,32.210917723855154,-10.01054574338847,17.91891891891892,20.29268292682927,10.565217391304348,8.272727272727273,4.76446933805141,4.820578486061739,0.5244,0.4803,0.4445,0.34880000000000005
22200660,2023-01-16,2022-23,WAS,GSW,118,127,0,6.0,6.0,3.8,2.0,114.8,120.1,111.0,118.1,2.0,0.0,0,1,17.526851851851855,18.539799840933192,28.48519863834423,29.322794149800096,0.538888888888889,10.420445749027264,20.955555555555556,27.90625,13.0,7.378378378378378,6.539531947303389,8.712000365529937,0.4957,0.4554,0.3256,0.3545
22200659,2023-01-16,2022-23,NYK,TOR,121,123,0,7.0,4.0,5.3,-0.7,113.0,113.1,107.7,113.8,0.0,1.0,1,0,21.720899470899468,18.62038962038962,31.284745066915654,34.02669794339794,21.951739028944914,-2.855803880803881,19.69047619047619,24.45945945945946,12.354166666666666,8.75,6.676168856756099,5.085260165737767,0.44160000000000005,0.44800000000000006,0.343,0.3265
22200657,2023-01-16,2022-23,MIL,IND,132,119,1,5.0,6.0,-4.5,1.8,108.9,120.3,113.4,118.5,1.0,1.0,0,0,15.01361907698633,14.016646789902603,27.25469737450593,26.323582312164575,0.6477324407704956,0.9355645000993837,17.666666666666668,17.416666666666668,7.228571428571429,9.564102564102564,4.022681776159984,5.134263718012469,0.42110000000000003,0.4689,0.3399,0.34800000000000003
22200663,2023-01-16,2022-23,MEM,PHX,136,106,1,9.0,2.0,9.0,-8.2,122.4,103.4,113.4,111.6,1.0,2.0,0,0,21.538461538461537,13.021161275442543,28.875772283272283,23.565544686384577,33.16550116550116,-0.27808691058770574,27.0,17.21951219512195,9.863636363636363,8.4,7.031265314167316,4.312270426107273,0.4907,0.44420000000000004,0.36619999999999997,0.4202
22200662,2023-01-16,2022-23,MIN,UTA,125,126,0,6.0,3.0,1.5,-0.2,115.4,118.2,113.9,118.4,1.0,1.0,0,0,15.605501849862753,12.468461102389675,26.386871201202023,23.461390274313526,1.3601274247890789,0.30942719791504,22.755102040816325,20.387755102040817,11.346938775510203,13.675675675675675,6.562832581488684,5.826582828459178,0.5022,0.46690000000000004,0.3533,0.319
22200658,2023-01-16,2022-23,CLE,NOP,113,103,1,5.0,5.0,-0.6,-0.2,113.6,115.8,114.2,116.0,1.0,2.0,0,0,16.158802529579763,14.994129945924806,31.203850993277776,26.426533654099263,10.708855714868568,9.578292754177358,20.842105263157894,10.58695652173913,5.90625,4.7631578947368425,8.62747539343639,5.1611434704219,0.48480000000000006,0.4741000000000001,0.3424,0.3669
22200656,2023-01-16,2022-23,CHA,BOS,118,130,0,2.0,8.0,-5.8,6.5,114.3,117.8,120.1,111.3,1.0,1.0,0,0,15.156037888957144,16.770292243462976,30.49042459085083,29.55928532617984,-25.65789445544104,29.256001428257523,14.782608695652174,29.8,7.88,7.583333333333333,5.851485582624211,8.165949804780546,0.4710000000000001,0.4728,0.3346,0.3325
22200661,2023-01-16,2022-23,ATL,MIA,121,113,1,4.0,7.0,-3.2,4.9,116.1,111.2,119.3,106.3,1.0,1.0,0,0,20.838351350546475,17.861210317460316,32.459996338563734,32.11875680997037,-0.8025228664286546,7.0228855969265185,26.857142857142858,21.452380952380953,9.282608695652174,9.303030303030303,6.125694549456439,5.572418145166982,0.47269999999999995,0.45309999999999995,0.3557,0.3411
22200664,2023-01-16,2022-23,LAL,HOU,140,132,1,6.0,0.0,2.3,-16.6,119.2,105.7,116.9,122.3,0.0,0.0,1,1,18.055528255528255,15.882783882783883,25.898217512967513,28.708044816179598,-1.6010237510237508,-21.002438443169467,27.675675675675677,21.5,7.0,8.787234042553191,8.231130647504434,4.394973499486715,0.5089,0.43479999999999996,0.34140000000000004,0.3197
22200667,2023-01-17,2022-23,DEN,POR,122,113,1,8.0,4.0,10.4,3.1,120.9,117.6,110.5,114.5,1.0,1.0,0,0,16.976535541752934,23.22069716775599,29.95901520318272,33.05624095860567,32.30687577626113,11.869187675070028,23.428571428571427,21.066666666666666,10.595744680851064,4.8,4.706457115722345,8.473689507827357,0.5306,0.4883,0.44270000000000004,0.3316
22200665,2023-01-17,2022-23,MIL,TOR,130,122,1,6.0,5.0,-2.6,0.6,110.8,114.1,113.4,113.5,0.0,0.0,1,1,14.187002409386132,19.70956354300385,25.517957898596272,34.253522339274305,5.506545183233704,-2.5098389177255616,18.135135135135137,17.536585365853657,13.702127659574469,8.72,4.426800528996697,5.041260755690428,0.4365,0.4364,0.3694,0.32989999999999997
22200666,2023-01-17,2022-23,SAS,BKN,106,98,1,2.0,7.0,-8.4,5.7,117.5,113.5,125.9,107.8,1.0,1.0,0,0,15.158333333333333,7.937224782386072,25.78909648718486,22.11554271226537,-29.486174703325865,11.208779575846341,21.1,7.142857142857143,11.58974358974359,9.372093023255815,4.600096275281336,1.8490804063212611,0.49350000000000005,0.5088999999999999,0.3537,0.4173
22200673,2023-01-18,2022-23,NOP,MIA,98,124,0,4.0,6.0,-1.3,2.7,114.2,111.3,115.5,108.6,1.0,1.0,0,0,11.872483308653521,14.905300649486696,26.155019910871243,30.805633699323113,8.522188774582393,6.521938843241634,4.743589743589744,10.297297297297296,9.3125,11.142857142857142,5.215514609283726,5.484985999448027,0.4767,0.45359999999999995,0.35609999999999997,0.3355
22200674,2023-01-18,2022-23,OKC,IND,126,106,1,6.0,5.0,6.5,-1.0,120.1,119.3,113.6,120.3,2.0,1.0,0,0,19.481986531986532,5.69631093544137,28.217581777924163,19.384717388334135,5.853649770011327,-2.4736934667239447,11.977777777777778,8.295454545454545,7.131578947368421,7.571428571428571,8.764439619721474,5.081930914992018,0.47450000000000003,0.469,0.3833,0.35839999999999994
22200669,2023-01-18,2022-23,NYK,WAS,105,116,0,7.0,5.0,5.6,1.5,113.0,114.1,107.4,112.6,1.0,1.0,0,0,21.828539100169895,17.632202191587133,31.487316606480807,30.83979805147368,15.191298157281114,-0.5439701055395646,21.97826086956522,20.847826086956523,3.3714285714285714,6.0,7.901115219322868,7.697678564548584,0.44029999999999997,0.4888,0.33999999999999997,0.3343
22200672,2023-01-18,2022-23,MEM,CLE,115,114,1,10.0,6.0,13.7,1.2,125.2,113.2,111.5,112.0,1.0,1.0,0,0,21.453359173126614,15.881701631701631,28.78655622308355,30.201932104577573,33.27375107665805,11.61799495510297,27.05,12.25,10.261904761904763,5.818181818181818,7.010072440453442,5.756239835413235,0.5042,0.48600000000000004,0.3827,0.3384
22200670,2023-01-18,2022-23,DAL,ATL,122,130,0,5.0,5.0,-5.1,-0.9,115.9,116.8,121.0,117.7,2.0,1.0,0,0,18.308569372861694,19.98261351052049,31.454066440255918,32.484655214101146,3.732985632348587,0.26168092175019386,33.11904761904762,20.357142857142858,6.023255813953488,9.25531914893617,10.462838319780412,6.140679982743311,0.4808,0.487,0.36,0.3638
22200671,2023-01-18,2022-23,HOU,CHA,117,122,0,0.0,2.0,-15.0,-6.5,108.7,115.6,123.7,122.1,1.0,1.0,0,0,15.681180933531254,15.223262411347518,26.512849830941775,28.819687558647026,-22.992518892537447,-23.690613747954174,21.53191489361702,20.2,12.340909090909092,3.391304347826087,4.999295458664148,5.769178159849572,0.4438,0.4753,0.32530000000000003,0.35019999999999996
22200676,2023-01-18,2022-23,DEN,MIN,122,118,1,9.0,6.0,11.4,1.5,120.5,116.1,109.1,114.6,0.0,1.0,1,0,13.237975086379342,13.848707037643207,30.04912408466444,28.365626181628226,33.81948197769573,3.108946525100788,11.191489361702128,22.88,16.114285714285714,10.833333333333334,4.800870830275346,5.782662200097234,0.5229999999999999,0.4971,0.4327,0.36269999999999997
22200677,2023-01-18,2022-23,LAL,SAC,111,116,0,6.0,7.0,1.2,7.2,120.3,127.1,119.1,119.9,1.0,2.0,0,0,15.607675438596493,16.483621422954084,26.448291434066626,26.184729179706938,-5.087115368688623,15.012535260608898,28.210526315789473,14.521739130434783,6.317073170731708,7.1,8.992493910885747,6.896524715860122,0.5083,0.5127,0.3383,0.4183
22200679,2023-01-19,2022-23,BOS,GSW,121,118,1,8.0,6.0,5.3,1.5,118.2,120.5,112.9,119.0,2.0,2.0,0,0,22.65513833992095,21.957984096281972,31.373111395088507,31.146068714500633,28.206915129111923,13.011211297101553,30.26086956521739,20.404255319148938,7.615384615384615,7.473684210526316,9.596171514193603,8.112156376014184,0.4749,0.45759999999999995,0.3433,0.3545
22200678,2023-01-19,2022-23,DET,CHI,108,126,0,3.0,5.0,-8.5,2.2,114.7,117.9,123.2,115.7,3.0,3.0,0,0,15.106382978723403,21.960432816537466,28.831583117107765,31.760450141582663,-34.865978588863904,-3.6059126035743834,20.340425531914892,25.75,5.962962962962963,5.880952380952381,4.883245652333418,7.982246547632562,0.47709999999999997,0.5055,0.38180000000000003,0.3886
22200680,2023-01-19,2022-23,MIN,TOR,128,126,1,6.0,5.0,2.0,1.1,116.5,115.7,114.5,114.6,0.0,1.0,1,0,16.898927478792938,18.960213545319927,28.51419355618134,34.35286725042266,2.594214788834881,-3.4813978242149988,22.745098039215687,24.307692307692307,10.976744186046512,8.807692307692308,5.655697333899806,5.025638124716277,0.5055,0.4413,0.3735,0.33130000000000004
22200681,2023-01-19,2022-23,PHX,BKN,117,112,1,1.0,6.0,-12.9,3.1,101.5,111.5,114.4,108.4,2.0,1.0,0,0,13.947562358276642,15.582823627984917,24.844957137927633,28.714689350913545,-2.6041204525288375,10.717931903415774,15.625,25.085714285714285,3.71875,7.222222222222222,5.238161228573198,6.665786307951987,0.4386,0.5014,0.39570000000000005,0.3865
22200682,2023-01-19,2022-23,POR,PHI,95,105,0,3.0,8.0,1.1,5.3,116.5,121.1,115.4,115.8,1.0,1.0,0,0,23.303933747412007,23.008712121212124,30.983290026871067,32.60784638275199,6.545386485381751,20.516188672438673,28.085714285714285,20.8125,14.44186046511628,3.311111111111111,8.499295898020186,9.987061059463002,0.48410000000000003,0.48949999999999994,0.32730000000000004,0.3747
22200683,2023-01-20,2022-23,ORL,NOP,123,110,1,3.0,3.0,-7.0,-5.0,111.1,111.3,118.1,116.3,4.0,1.0,0,0,13.242578307620384,12.6072295247725,28.88298547969679,25.61197993180083,-12.10787083416817,9.51218614069257,19.804347826086957,12.73913043478261,12.173913043478262,7.564102564102564,4.752179661636418,5.501191317412797,0.4716,0.4692,0.31980000000000003,0.351
22200689,2023-01-20,2022-23,UTA,BKN,106,117,0,5.0,5.0,2.8,1.8,120.2,110.2,117.4,108.4,1.0,0.0,0,1,18.2924275001872,14.783183183183183,28.86111318699657,29.313394456956956,5.492995522267826,10.467119092776988,24.127659574468087,25.22222222222222,7.755102040816326,8.157894736842104,6.1481644202599215,6.694481613855825,0.4767,0.4965,0.359,0.3688
22200691,2023-01-20,2022-23,SAC,OKC,118,113,1,7.0,7.0,7.6,9.3,126.0,121.4,118.4,112.1,1.0,1.0,0,0,18.591722186403036,18.948489429390133,31.11489754596934,27.421413464050243,20.90595647328001,7.134045291566556,14.638297872340425,30.463414634146343,13.065217391304348,7.615384615384615,4.071131212337556,8.47115299365573,0.5093,0.48260000000000003,0.40310000000000007,0.39480000000000004
22200690,2023-01-20,2022-23,LAL,MEM,122,121,1,6.0,10.0,2.1,12.5,121.6,124.8,119.5,112.3,1.0,1.0,0,0,18.264248885172798,21.65853658536585,28.026446534745446,28.839619126808152,-2.747015846472368,32.50553955403644,28.307692307692307,26.975609756097562,6.404761904761905,10.186046511627907,8.59079116593534,6.995643756708114,0.5085,0.49910000000000004,0.33459999999999995,0.37029999999999996
22200684,2023-01-20,2022-23,ATL,NYK,139,124,1,6.0,7.0,0.0,5.2,119.1,112.0,119.1,106.8,1.0,1.0,0,0,20.04117465064714,18.23049645390071,31.197086480588645,28.115247067841533,0.8744980086088985,10.135353535353536,20.58139534883721,20.0,15.428571428571429,5.04,6.086518415063136,8.782728661506408,0.5006999999999999,0.43979999999999997,0.3774,0.33030000000000004
22200686,2023-01-20,2022-23,DAL,MIA,115,90,1,4.0,7.0,-7.4,5.8,115.2,111.8,122.6,106.0,1.0,1.0,0,0,18.349468522433636,17.55777068934964,27.21508216934268,30.464067680565044,7.716550152344995,12.0316776790461,33.04651162790697,21.522727272727273,14.045454545454545,21.08823529411765,10.406981445776827,5.993835861127599,0.4816,0.462,0.3581,0.3298
22200685,2023-01-20,2022-23,CLE,GSW,114,120,0,6.0,5.0,2.0,0.7,112.0,121.3,110.0,120.6,1.0,0.0,0,1,16.41349206349206,11.465940907751254,30.73239649470899,22.46523426808772,16.204920634920637,-6.2179119769637,21.15,6.482758620689655,6.14,7.15,5.146780282164297,5.493067124314123,0.4851000000000001,0.4544,0.34120000000000006,0.3675
22200688,2023-01-20,2022-23,DEN,IND,134,111,1,9.0,4.0,11.3,-3.9,120.3,116.4,109.0,120.3,1.0,1.0,0,0,16.657744107744108,14.33037037037037,29.141023501168142,27.328703143631436,23.02903009688724,-3.160658478925215,15.777777777777779,17.34,5.4,6.617021276595745,4.682037451291055,4.895510310189583,0.5166999999999999,0.454,0.4101,0.3335
22200694,2023-01-21,2022-23,ATL,CHA,118,122,0,7.0,2.0,2.4,-6.8,120.9,115.7,118.5,122.5,0.0,2.0,1,0,20.94963924963925,15.431223098995696,31.225650164914452,26.05632800184211,4.838930117501546,-21.95956257782953,26.6,20.341463414634145,11.454545454545455,13.434782608695652,6.456342847691756,5.771726042690863,0.5092000000000001,0.47050000000000003,0.3867,0.3439
22200695,2023-01-21,2022-23,CLE,MIL,114,102,1,5.0,6.0,1.3,-2.7,113.1,111.5,111.8,114.2,0.0,3.0,1,0,16.18080593849417,13.427596208262592,30.407907285496755,26.39197972182539,15.116983013580779,7.203369024661166,14.456521739130435,18.63157894736842,9.020408163265307,10.818181818181818,5.221002788322516,4.384892389425262,0.48919999999999997,0.4438,0.34940000000000004,0.3822
22200696,2023-01-21,2022-23,MIN,HOU,113,104,1,7.0,0.0,3.4,-14.0,118.9,109.0,115.5,123.0,1.0,2.0,0,0,14.044591007134562,16.294761640798225,25.85618329562907,26.807131871540186,1.197227221094817,-16.579576564550432,22.75,14.727272727272727,5.375,6.090909090909091,7.206416211426717,5.503533539396136,0.5127,0.45010000000000006,0.38659999999999994,0.32130000000000003
22200697,2023-01-21,2022-23,PHX,IND,112,107,1,2.0,3.0,-9.9,-6.3,103.0,114.4,112.9,120.7,1.0,0.0,0,1,8.123496895548977,13.46644491129785,19.79428226271253,25.56483572595705,-1.3997641157902545,-4.783270917062477,15.877551020408163,6.645833333333333,8.170212765957446,8.434782608695652,4.281568907580581,4.862641358846143,0.43970000000000004,0.4457,0.3931,0.3217
22200698,2023-01-21,2022-23,SAC,PHI,127,129,0,7.0,8.0,8.0,4.4,125.2,120.1,117.2,115.7,0.0,1.0,1,0,16.685984848484846,12.323913043478262,31.25414913812033,23.018889296448915,20.899714887076126,13.33571889103804,12.295454545454545,20.2,12.893617021276595,15.511111111111111,4.042654617135385,5.065038711613224,0.5008000000000001,0.4936,0.3947,0.3731
22200692,2023-01-21,2022-23,TOR,BOS,104,106,0,4.0,8.0,0.0,5.0,117.0,118.7,117.0,113.7,1.0,1.0,0,0,18.966343669250648,16.305531825133155,27.247575923037328,28.36113887264944,-4.488380842615948,19.959577538827098,24.025,26.466666666666665,17.02127659574468,5.088235294117647,6.920621769600864,7.455484183731482,0.44480000000000003,0.46630000000000005,0.348,0.34680000000000005
22200693,2023-01-21,2022-23,WAS,ORL,138,118,1,5.0,4.0,2.1,-3.8,114.1,112.4,112.0,116.2,2.0,0.0,0,1,18.69643344244408,15.53776985913145,27.0908785044691,28.92422342216374,-3.4404278201593885,-9.883123149832326,20.97872340425532,14.548387096774194,10.071428571428571,11.875,6.471277927894248,4.756368003932075,0.48710000000000003,0.4736000000000001,0.3391,0.3341
22200700,2023-01-22,2022-23,TOR,NYK,125,116,1,4.0,6.0,0.6,1.7,116.0,113.6,115.4,111.9,0.0,1.0,1,0,14.014842300556586,21.900490196078433,31.42475647088104,28.660718420626512,-2.000377090969425,10.998416999887588,14.979591836734693,20.066666666666666,9.204545454545455,6.545454545454546,5.767356344390394,8.619924477376673,0.4532,0.45990000000000003,0.3515,0.3442
22200705,2023-01-22,2022-23,POR,LAL,112,121,0,3.0,6.0,0.7,1.3,114.8,120.8,114.1,119.5,2.0,1.0,0,0,23.26241134751773,17.138078149920254,31.069438583530342,26.66248863928113,2.6134812080860708,-3.279023450852446,28.0,11.818181818181818,7.959183673469388,15.191489361702128,9.157476924248309,8.053665317606141,0.4755,0.4952000000000001,0.32080000000000003,0.335
22200703,2023-01-22,2022-23,PHX,MEM,112,110,1,3.0,9.0,-8.5,10.9,103.8,125.3,112.3,114.4,0.0,1.0,1,0,12.195402298850574,18.814705345739828,25.829415665253173,27.33045378746413,2.2166423659206336,23.547663830422454,16.0,26.857142857142858,5.172413793103448,10.285714285714286,3.9899535016323164,7.936322364817311,0.43220000000000003,0.4902,0.3851,0.3841
22200699,2023-01-22,2022-23,MIA,NOP,100,96,1,6.0,3.0,3.0,-4.8,108.2,112.2,105.2,117.0,1.0,1.0,0,0,21.0009152009152,14.264525732923731,32.564471868111106,26.185863240983046,9.009251508509196,8.060064104520896,20.72972972972973,20.295454545454547,10.205128205128204,14.64,5.359405900679077,5.553636713554469,0.45920000000000005,0.4791,0.3165,0.3529
22200702,2023-01-22,2022-23,DEN,OKC,99,101,0,9.0,7.0,12.4,10.7,121.4,123.1,109.0,112.4,1.0,1.0,0,0,15.191973157826814,20.28696514837819,26.202384950316166,29.002230689176685,18.247724153837286,6.81564413461962,18.121951219512194,30.61904761904762,3.6595744680851063,7.875,5.722591774634948,8.491531112356322,0.5211,0.493,0.4034,0.40149999999999997
22200704,2023-01-22,2022-23,GSW,BKN,116,120,0,5.0,5.0,0.8,2.8,122.1,111.1,121.3,108.3,1.0,1.0,0,0,19.00577595379237,15.721308264786527,29.975720613103118,28.954342093994264,12.832558427221853,12.431988260363546,28.323529411764707,25.83783783783784,17.258064516129032,7.184210526315789,8.08940502767058,6.933448552990471,0.46069999999999994,0.4997,0.3854,0.3742
22200708,2023-01-23,2022-23,CHI,ATL,111,100,1,5.0,7.0,2.6,2.2,117.3,118.6,114.7,116.4,3.0,1.0,0,0,22.007726929155506,19.641564838495785,31.784230816633556,31.60912920533474,-1.5859500650304352,3.3732584427105254,17.244897959183675,26.565217391304348,5.790697674418604,9.638297872340425,8.024878773436182,6.415196487392387,0.5022,0.5147999999999999,0.3746,0.3993
22200706,2023-01-23,2022-23,DET,MIL,130,150,0,3.0,6.0,-8.9,-1.6,113.7,112.2,122.6,113.8,3.0,1.0,0,0,12.296350129198968,19.140260452760455,26.804133305647838,29.047270314820317,-28.451937984496126,8.63548313816171,7.534883720930233,18.871794871794872,8.1,14.08,5.605995420455081,7.967830303292209,0.4696000000000001,0.4537,0.3617,0.3916
22200709,2023-01-23,2022-23,HOU,MIN,119,114,1,0.0,7.0,-12.9,3.0,110.6,117.8,123.5,114.8,1.0,1.0,0,0,15.865366591080877,17.758958898791914,25.67294423280423,29.439989000253576,-17.431836734693878,-1.5611544277167835,21.693877551020407,16.979591836734695,8.86,11.320754716981131,5.758711183326244,6.026683514874623,0.4605,0.5068,0.32839999999999997,0.392
22200707,2023-01-23,2022-23,ORL,BOS,113,98,1,4.0,9.0,-3.8,6.4,114.1,118.2,117.9,111.8,1.0,1.0,0,0,18.122474747474747,20.701466895731464,29.1593719949495,27.930781334760233,-13.54945707070707,24.265196324598293,19.90909090909091,30.340425531914892,11.696969696969697,9.1,4.569588129030816,10.472127874077962,0.4791,0.465,0.3526,0.3652
22200711,2023-01-23,2022-23,POR,SAS,147,127,1,2.0,2.0,-3.1,-8.7,112.5,116.0,115.6,124.7,0.0,2.0,1,0,23.283408408408405,12.26296296296296,30.38708065065065,24.82962766766767,2.4384234234234237,-28.731998690419744,27.89189189189189,21.5,9.083333333333334,9.421052631578947,7.814026595333453,5.629680823377199,0.4614000000000001,0.48250000000000004,0.31260000000000004,0.34670000000000006
22200712,2023-01-23,2022-23,SAC,MEM,133,100,1,7.0,8.0,8.8,9.7,127.1,124.5,118.3,114.8,1.0,0.0,0,1,17.87228218042279,10.096135265700484,28.378953080158745,24.27110985507246,16.493448191114464,19.52868247694335,12.311111111111112,10.3,12.8125,6.840909090909091,5.54060655280737,6.357377358019341,0.515,0.48769999999999997,0.3992,0.3872
22200710,2023-01-23,2022-23,UTA,CHA,120,102,1,5.0,3.0,2.0,-4.7,118.5,117.3,116.5,122.0,2.0,1.0,0,0,18.32136752136752,13.063797313797314,25.93718902256013,26.0378200279086,3.186466203654986,-21.99688121402407,24.083333333333332,20.666666666666668,8.294117647058824,11.365384615384615,7.427511797749057,5.8185479501448,0.4755,0.48150000000000004,0.35750000000000004,0.3553
22200715,2023-01-24,2022-23,NYK,CLE,105,103,1,5.0,5.0,-1.1,1.4,115.0,110.0,116.1,108.6,1.0,2.0,0,0,18.577873254564988,18.687189810025043,31.632052073308348,31.419761557344184,11.613381191237277,15.052888971493623,23.5,13.522727272727273,3.736842105263158,12.702127659574469,7.832355990734772,7.4580831541456725,0.4601,0.4928,0.3487,0.3464
22200716,2023-01-24,2022-23,NOP,DEN,98,99,0,3.0,9.0,-4.3,13.5,110.7,120.2,115.0,106.7,1.0,1.0,0,0,14.14779411764706,17.70581869111281,25.178554479377958,27.038553132161958,5.129133107708159,28.34783582998417,20.133333333333333,18.30952380952381,7.846153846153846,16.282608695652176,5.157850200776519,6.468197511353449,0.4765,0.5188,0.3417,0.40119999999999995
22200718,2023-01-24,2022-23,PHX,CHA,128,97,1,4.0,3.0,-6.4,-5.9,106.7,116.0,113.1,121.9,1.0,0.0,0,1,11.002287581699347,15.355655989469065,21.475405669554643,29.00966621153662,-4.156180611779596,-22.947666492470173,3.95,20.72093023255814,8.244897959183673,3.730769230769231,4.874467714161069,5.797494784424376,0.43739999999999996,0.48100000000000004,0.3952,0.3334
22200713,2023-01-24,2022-23,IND,CHI,116,110,1,2.0,6.0,-7.6,3.8,112.9,118.2,120.5,114.4,2.0,0.0,0,1,13.81174777603349,21.965475040257648,25.772708082338475,31.137478945981552,-5.990980084110509,-0.26842226613965736,6.877551020408164,25.76086956521739,7.838709677419355,9.5,4.962979803316993,7.97958244546733,0.43479999999999996,0.5004,0.31980000000000003,0.37370000000000003
22200717,2023-01-24,2022-23,DAL,WAS,126,127,0,3.0,5.0,-6.9,1.6,112.8,115.2,119.7,113.6,1.0,2.0,0,0,18.401578099838968,12.731206293706293,27.494120582826866,29.708294217769026,9.56510897994769,0.33693705089053916,32.977777777777774,21.0625,8.27027027027027,6.7,10.08642502537528,6.9027487505829335,0.4716,0.4835,0.3712,0.3612
22200714,2023-01-24,2022-23,MIA,BOS,98,95,1,6.0,9.0,2.4,8.2,107.2,116.3,104.8,108.1,1.0,0.0,0,1,18.259328756674293,14.842592592592593,30.12472616016072,24.78795487682252,3.188931739091922,20.795456259426846,21.369565217391305,5.277777777777778,9.405405405405405,6.24,6.5263958570914875,9.38647792248096,0.45709999999999995,0.4629,0.30670000000000003,0.3743
22200726,2023-01-25,2022-23,GSW,MEM,122,120,1,4.0,7.0,-0.2,4.0,121.9,121.4,122.1,117.4,2.0,1.0,0,0,18.867520482154628,19.46307228981158,30.03255004206297,27.528252570311867,8.053695375158789,21.98832146172528,28.257142857142856,26.86046511627907,8.282051282051283,7.25,8.761556217625566,7.171724318850299,0.4601,0.47850000000000004,0.3865,0.3905
22200722,2023-01-25,2022-23,HOU,WAS,103,108,0,1.0,5.0,-11.9,-0.2,111.9,116.0,123.8,116.2,1.0,0.0,0,1,16.012304631997726,12.425396825396826,29.06373751554683,26.379110204081634,-20.92211151220489,-0.5756957328385903,22.1,21.244897959183675,6.615384615384615,7.386363636363637,5.142303095269934,7.332272839918223,0.46420000000000006,0.4781000000000001,0.33409999999999995,0.35500000000000004
22200729,2023-01-25,2022-23,LAL,SAS,113,104,1,5.0,2.0,-0.5,-7.1,121.1,118.4,121.6,125.5,0.0,1.0,1,0,18.62630385487528,14.508832451079522,27.911720861678003,25.232308690382652,-4.436188894162316,-29.319408060789026,12.028571428571428,21.46511627906977,6.023255813953488,9.461538461538462,10.338936478484465,5.1584628427941235,0.4939,0.49140000000000006,0.34540000000000004,0.36900000000000005
22200723,2023-01-25,2022-23,MIL,DEN,107,99,1,6.0,9.0,-0.6,10.5,114.9,117.9,115.5,107.4,1.0,0.0,0,1,13.56,11.643999788817908,28.976034934817285,22.02602807226532,11.52125962138548,-0.08843821396579732,8.0,16.170212765957448,6.866666666666666,5.558139534883721,8.803757180845126,4.617070478115234,0.46180000000000004,0.517,0.4083,0.39559999999999995
22200724,2023-01-25,2022-23,NOP,MIN,102,111,0,2.0,6.0,-5.5,1.8,108.6,117.9,114.1,116.1,0.0,1.0,1,0,15.144439799331103,17.908924162257495,28.337409559643255,30.60421837134509,14.877647714604237,-0.8020514045411447,20.130434782608695,17.24,9.51923076923077,5.4523809523809526,5.157344940198408,6.521477872226009,0.47509999999999997,0.5006,0.3241,0.3926
22200725,2023-01-25,2022-23,OKC,ATL,132,137,0,7.0,6.0,7.6,0.8,118.2,116.6,110.6,115.8,2.0,1.0,0,0,16.69851342408773,20.830095590502623,29.034922435599675,31.720825222757508,1.9269582596196053,1.7272093540132394,11.8125,20.869565217391305,6.228571428571429,9.666666666666666,8.804985640937756,6.359126132490081,0.4787,0.5071,0.3784,0.3963
22200720,2023-01-25,2022-23,ORL,IND,126,120,1,5.0,3.0,-0.4,-6.7,115.4,111.9,115.8,118.6,1.0,0.0,0,1,17.401279144136286,13.880538879359634,29.242161631295467,25.044769391795313,-10.92020417540099,-4.769247520322172,19.977777777777778,7.9375,11.882352941176471,5.695652173913044,4.606199127808765,5.637622243084046,0.48830000000000007,0.4298,0.3748,0.31070000000000003
22200721,2023-01-25,2022-23,PHI,BKN,137,133,1,8.0,5.0,3.7,1.5,121.0,110.8,117.3,109.3,3.0,2.0,0,0,21.28191489361702,15.960432997387086,32.61210769402117,29.589410491747163,19.913469917461143,11.291246950689677,20.666666666666668,12.340425531914894,3.1702127659574466,6.405405405405405,10.032826799763757,7.283563463157983,0.4986,0.4941000000000001,0.3731,0.3879
22200727,2023-01-25,2022-23,POR,UTA,134,124,1,3.0,6.0,-0.4,4.0,116.6,119.0,117.0,115.0,1.0,1.0,0,0,23.27515216612961,18.34126931950875,27.57410313248559,28.99166710061135,1.626326003347378,1.5608775387389544,20.571428571428573,24.102040816326532,14.173913043478262,13.75609756097561,9.031736703259757,6.0544497210099,0.4772,0.4800000000000001,0.3422,0.368
22200728,2023-01-25,2022-23,SAC,TOR,95,113,0,7.0,5.0,11.9,1.8,128.7,118.4,116.8,116.6,1.0,2.0,0,0,15.16153381642512,17.08942291128338,31.34445349676226,34.47341248277347,23.49620707537914,-2.0087599763241304,17.854166666666668,15.06,7.431818181818182,9.275862068965518,5.280546254995155,4.834846892584123,0.5172,0.466,0.42610000000000003,0.376
22200734,2023-01-26,2022-23,PHX,DAL,95,99,0,5.0,3.0,-3.1,-4.1,110.7,115.9,113.8,120.0,1.0,1.0,0,0,13.78618693134822,12.178278403560006,28.681505705657184,26.410604404537104,1.768279707807939,5.438073029883847,16.192307692307693,16.215686274509803,9.150943396226415,6.16,3.700017080030971,4.260573739652499,0.4479,0.4866,0.41590000000000005,0.3826
22200733,2023-01-26,2022-23,HOU,CLE,95,113,0,1.0,4.0,-11.3,1.0,111.4,111.3,122.7,110.3,0.0,1.0,1,0,13.567756479224762,16.682245908699397,23.66334050435289,30.45251997363203,-11.608365820736548,16.377000038716673,15.085106382978724,13.755555555555556,3.4324324324324325,8.92156862745098,7.141149720603114,5.245035049418529,0.46319999999999995,0.4998,0.32039999999999996,0.3522
22200730,2023-01-26,2022-23,BOS,NYK,117,120,0,8.0,5.0,5.0,-1.2,113.4,113.8,108.4,115.0,1.0,1.0,0,0,21.536130409610653,17.41989816330242,29.617549666731815,28.968509567845956,24.745710854383262,10.746568672863333,30.26530612244898,21.94,10.452830188679245,12.403846153846153,9.54376376005163,7.8617978384066145,0.45730000000000004,0.4615,0.3684,0.3679
22200731,2023-01-26,2022-23,BKN,DET,122,130,0,4.0,2.0,-2.5,-12.1,110.2,115.1,112.7,127.2,0.0,2.0,1,0,16.071581196581196,16.707482993197278,28.16670989063889,27.088262282690856,10.949105937921727,-29.899556792413936,26.256410256410255,14.591836734693878,7.3,9.979166666666666,7.426662312690516,4.442149706890599,0.4962,0.4707,0.3867,0.3653
22200732,2023-01-26,2022-23,CHA,CHI,111,96,1,3.0,6.0,-6.6,4.3,115.0,115.8,121.6,111.5,1.0,1.0,0,0,19.154623154623156,21.970352433295243,30.63148926672456,31.848689421929738,-27.97479348538172,-1.7844341832854307,22.115384615384617,22.76086956521739,13.16,8.511627906976743,4.808114842575996,7.451110594636524,0.4812,0.4998,0.3285,0.36419999999999997
22200740,2023-01-27,2022-23,GSW,TOR,129,117,1,4.0,6.0,-0.2,4.0,119.8,118.9,120.0,114.9,1.0,1.0,0,0,18.952589807852966,20.107799430094676,30.109501877242128,31.632338114896662,10.050049142464005,0.5086915067525309,28.416666666666668,18.15909090909091,6.529411764705882,9.456521739130435,9.132537536144682,5.658221559093028,0.46610000000000007,0.47330000000000005,0.3981,0.3715
22200736,2023-01-27,2022-23,IND,MIL,131,141,0,2.0,6.0,-8.2,-0.1,113.1,115.2,121.3,115.3,1.0,1.0,0,0,14.026038159371494,19.22187273908938,25.289994097841156,29.082317203884465,-5.680966528025351,12.12866737150331,16.711111111111112,18.829268292682926,9.133333333333333,6.75,4.982188403791408,8.813529274778764,0.43279999999999996,0.4694,0.3256,0.4183
22200738,2023-01-27,2022-23,MIA,ORL,110,105,1,7.0,5.0,3.0,-0.9,106.1,115.4,103.1,116.3,2.0,1.0,0,0,20.955764684488088,18.18625745950554,32.44707632534205,29.30570711029017,8.379827204486434,-9.775977076821066,21.5531914893617,20.043478260869566,12.232558139534884,11.771428571428572,5.230754226026244,4.432310237818182,0.44800000000000006,0.49250000000000005,0.3155,0.38899999999999996
22200737,2023-01-27,2022-23,MIN,MEM,111,100,1,6.0,6.0,1.4,3.0,116.2,121.1,114.8,118.1,1.0,1.0,0,0,18.033011372272657,19.494002525252526,30.709789708831977,25.314425056415214,0.3909862595225113,16.493120815354857,17.274509803921568,26.90909090909091,5.372093023255814,10.26923076923077,6.616424627846919,7.045937439935939,0.49260000000000004,0.47400000000000003,0.3934,0.3895
22200739,2023-01-27,2022-23,OKC,CLE,112,100,1,7.0,5.0,8.2,4.1,119.9,111.8,111.7,107.7,1.0,0.0,0,1,16.54894938948095,16.377551020408163,25.27913683824481,30.47400188317165,8.386063410565072,17.224466642168505,30.818181818181817,12.612244897959183,7.619047619047619,6.454545454545454,9.151514888741957,5.750336719172392,0.49029999999999996,0.5003,0.382,0.3554
22200741,2023-01-28,2022-23,PHI,DEN,126,119,1,8.0,8.0,3.8,8.4,121.8,115.7,118.0,107.3,2.0,2.0,0,0,22.912148067967845,17.805147692151795,32.13116936053701,30.176129386996433,19.619704811194175,33.879451414414184,32.4054054054054,18.46511627906977,10.770833333333334,10.943396226415095,9.955934824885867,4.877299363446042,0.5008,0.5031000000000001,0.3816,0.3794
22200748,2023-01-28,2022-23,SAS,PHX,118,128,0,1.0,5.0,-12.7,-2.7,115.3,110.6,128.0,113.3,1.0,1.0,0,0,13.959868185400099,15.6130824757004,25.82814051957417,28.918564184485966,-28.321628975422634,0.14391552075375635,21.488888888888887,16.18867924528302,5.478260869565218,5.71875,5.69918675237986,4.567642884849091,0.4686,0.4471,0.34900000000000003,0.4304
22200751,2023-01-28,2022-23,POR,TOR,105,123,0,4.0,5.0,1.5,1.6,120.1,118.9,118.6,117.3,2.0,0.0,0,1,23.502905982905986,19.18944573944574,27.09242091168091,31.802389634292343,0.9897134238310711,-0.8028529047403447,20.54,18.377777777777776,5.313725490196078,9.404255319148936,10.321090278631667,5.610370297738995,0.4941,0.47479999999999994,0.3621,0.3692
22200744,2023-01-28,2022-23,ORL,CHI,109,128,0,5.0,5.0,-0.6,1.9,114.4,113.3,115.0,111.4,0.0,1.0,1,0,11.77169312169312,21.917507728677943,26.713026457438765,31.874955266412076,-12.300735097391632,-2.104578441139495,11.972222222222221,17.134615384615383,10.0,5.804347826086956,4.158341886658321,8.000221167147329,0.4939,0.48739999999999994,0.3937,0.3402
22200750,2023-01-28,2022-23,UTA,DAL,108,100,1,5.0,3.0,1.3,-4.7,118.3,113.1,117.0,117.8,2.0,1.0,0,0,18.305820105820107,10.858391608391608,28.15651396369761,28.70463243006993,2.073210081323289,5.861622446181269,24.1,16.596153846153847,8.283018867924529,6.604166666666667,6.758799667537985,4.3053849758088445,0.4827,0.4727,0.3772,0.376
22200746,2023-01-28,2022-23,MIN,SAC,117,110,1,6.0,7.0,1.7,10.4,116.9,126.5,115.2,116.1,0.0,2.0,1,0,18.005161505161507,15.924531514733554,30.746689657285412,31.36122034363391,1.2069477168533773,19.73240470656348,23.571428571428573,17.6734693877551,5.295454545454546,12.7,6.596227416121762,3.9408114780497203,0.4963,0.5185,0.3948,0.4267
22200749,2023-01-28,2022-23,BOS,LAL,125,121,1,7.0,5.0,4.2,-1.2,113.0,119.4,108.8,120.6,1.0,2.0,0,0,17.707421383647798,15.614850050896564,30.742446929719478,29.121895527042682,23.963676999101526,-0.11949754157452633,30.36,28.6046511627907,10.537037037037036,15.02,9.372822494412008,9.605040927123484,0.44880000000000003,0.4835,0.35910000000000003,0.32999999999999996
22200747,2023-01-28,2022-23,NOP,WAS,103,113,0,2.0,5.0,-5.8,-2.0,108.6,115.0,114.4,117.0,2.0,2.0,0,0,16.63392303442366,17.144827586206898,28.466682768089278,27.906169668801958,14.281552252804888,-0.8111038604866081,20.23404255319149,21.48,9.471698113207546,9.21951219512195,5.621671960635777,6.707716829589732,0.4788,0.4647,0.31429999999999997,0.36069999999999997
22200743,2023-01-28,2022-23,DET,HOU,114,117,0,3.0,1.0,-8.4,-11.4,117.5,109.5,125.9,120.9,1.0,1.0,0,0,16.282162162162162,11.140554480980013,26.385665765765765,23.623572691033814,-27.763003003003,-14.411656604926058,20.5,12.148936170212766,8.088888888888889,6.857142857142857,5.238793122562547,3.486357027666586,0.47969999999999996,0.47319999999999995,0.3727,0.3085
22200742,2023-01-28,2022-23,BKN,NYK,122,115,1,4.0,5.0,-2.4,-1.3,111.2,114.6,113.6,115.9,1.0,1.0,0,0,16.240816326530613,18.686637618010167,29.219573356009068,31.793061017251063,10.264979068550499,10.0135348583878,26.6,23.98148148148148,6.564102564102564,3.65,7.287204484966116,7.958033767261299,0.4957,0.4603,0.3885,0.3589
22200752,2023-01-29,2022-23,CHA,MIA,122,117,1,3.0,7.0,-8.0,2.7,112.3,106.7,120.3,104.0,2.0,1.0,0,0,19.0846628679962,20.93126876876877,31.500540999741,32.469543871668876,-24.993939393939392,9.560299272799272,20.844444444444445,21.520833333333332,10.545454545454545,10.0,4.756225725010824,5.476839189349298,0.4756,0.4516,0.30870000000000003,0.3142
22200753,2023-01-29,2022-23,MEM,IND,112,100,1,5.0,1.0,1.4,-9.7,118.8,114.6,117.4,124.3,1.0,1.0,0,0,19.483460454889027,14.759815546772069,24.7664185017937,27.555636495388672,12.583694502562427,-7.20713787491281,26.91111111111111,17.272727272727273,7.038461538461538,8.441176470588236,8.036396849325183,4.77426923741833,0.46980000000000005,0.44420000000000004,0.3742,0.33080000000000004
22200755,2023-01-29,2022-23,MIL,NOP,135,110,1,7.0,2.0,3.8,-5.8,118.4,107.2,114.6,113.0,1.0,0.0,0,1,21.120970695970698,10.889745824255627,28.15071087948,21.98676638153117,11.842321159232926,9.629581782739677,13.73076923076923,12.686274509803921,10.6875,7.659090909090909,8.888974366762492,2.7136569956911996,0.47850000000000004,0.47329999999999994,0.4185,0.3247
22200760,2023-01-30,2022-23,SAS,WAS,106,127,0,1.0,6.0,-13.2,0.0,115.5,115.0,128.7,115.0,1.0,1.0,0,0,14.02959428145006,17.168094485031354,23.753239337450744,30.539039992681882,-28.863061573162316,1.0641488922799867,21.76086956521739,8.319148936170214,9.404761904761905,10.133333333333333,5.779195949578772,6.834487688044145,0.4636,0.46690000000000004,0.3555,0.3617
22200761,2023-01-30,2022-23,DAL,DET,111,105,1,3.0,2.0,-4.4,-9.0,112.2,116.7,116.6,125.7,1.0,1.0,0,0,19.355068245684464,16.280357757137942,30.373802991003707,25.75879206365059,6.361663428920344,-25.305929132707192,32.4468085106383,20.45098039215686,6.480769230769231,8.108695652173912,9.757180356770416,5.244330510660294,0.47400000000000003,0.4766,0.3792,0.3651
22200758,2023-01-30,2022-23,MIN,SAC,111,118,0,7.0,7.0,4.1,9.9,116.8,124.1,112.7,114.2,1.0,1.0,0,0,18.11351649564162,16.816958834815978,30.8227265157851,29.73495042245103,4.709131570152252,18.881714378058916,23.75438596491228,23.20408163265306,10.947368421052632,15.1875,5.655371382076143,4.014653517724414,0.49990000000000007,0.5113000000000001,0.3922,0.4102
22200759,2023-01-30,2022-23,OKC,GSW,120,128,0,7.0,5.0,7.7,1.3,118.4,120.8,110.7,119.5,2.0,2.0,0,0,16.89192075796727,22.094832813582812,26.1056196593366,31.50591278328914,9.372004381738602,12.114101771426087,30.91111111111111,20.846153846153847,6.840909090909091,7.906976744186046,9.179303666681278,8.096675674632932,0.49190000000000006,0.47000000000000003,0.39170000000000005,0.4025
22200756,2023-01-30,2022-23,PHI,ORL,109,119,0,9.0,4.0,5.9,-3.9,123.2,113.8,117.3,117.7,1.0,1.0,0,0,22.993515037593983,17.126620984379606,32.13333853356335,27.38211691566547,19.614542850633075,-11.589611692679643,20.62857142857143,19.51923076923077,10.816326530612244,14.666666666666666,10.052634304863739,4.562476425035202,0.509,0.49269999999999997,0.3891,0.3888
22200762,2023-01-30,2022-23,PHX,TOR,114,106,1,6.0,5.0,-0.3,2.2,113.6,118.0,113.9,115.8,1.0,1.0,0,0,15.888327721661057,20.102556360708533,29.157863778813777,31.94478026140887,4.112616112616113,1.606194170996263,16.35185185185185,18.217391304347824,3.6486486486486487,9.416666666666666,5.283836702969006,5.4819666056463054,0.4516,0.47750000000000004,0.40990000000000004,0.357
22200763,2023-01-30,2022-23,POR,ATL,129,125,1,4.0,6.0,0.9,1.8,120.1,119.0,119.2,117.2,1.0,1.0,0,0,19.50735294117647,16.52042160737813,32.96017456195244,30.95628636930408,3.041920443006588,0.5422305309261832,28.975,20.75,8.0,9.52,8.085017010088553,3.862992873599317,0.502,0.5188,0.3613,0.4003
22200757,2023-01-30,2022-23,BKN,LAL,121,104,1,4.0,4.0,-2.3,-1.8,112.6,117.9,114.9,119.7,1.0,1.0,0,0,16.317235772357723,8.396378196378196,25.204907489529443,26.335629690232633,9.028967726040898,-5.2467615055850345,26.73170731707317,6.488888888888889,10.88888888888889,11.69047619047619,7.706021668332399,3.4458324027094314,0.5051,0.4673,0.398,0.3157
22200765,2023-01-31,2022-23,NYK,LAL,123,129,0,5.0,4.0,-1.6,-2.2,115.4,117.4,117.0,119.6,2.0,0.0,0,1,18.68158508158508,22.647306397306398,28.75610803669381,28.561594418544423,10.987363230394589,0.9563652721547455,22.153846153846153,28.886363636363637,20.244897959183675,11.921052631578947,7.581676227355089,8.616387087459799,0.4734,0.4625000000000001,0.3678,0.325
22200767,2023-01-31,2022-23,MIL,CHA,124,115,1,7.0,4.0,5.9,-7.0,120.8,113.4,114.9,120.4,1.0,1.0,0,0,20.230169662873656,19.202556740497673,29.148331767449434,31.51636666851136,14.618697602294235,-24.567052315411626,18.813953488372093,21.75,6.833333333333333,10.392857142857142,9.044935574799386,4.787096024452979,0.4899000000000001,0.48660000000000003,0.4192,0.3129
22200764,2023-01-31,2022-23,CLE,MIA,97,100,0,5.0,7.0,4.0,2.3,111.4,108.3,107.4,106.0,1.0,1.0,0,0,18.654330065359478,17.257434567701157,33.396434226105896,31.961630872183257,18.487240185929444,9.63869182359964,15.058823529411764,20.390243902439025,6.214285714285714,12.066666666666666,7.345649751785891,5.533970645813399,0.49660000000000004,0.4587,0.3787,0.3094
22200768,2023-01-31,2022-23,DEN,NOP,122,113,1,7.0,1.0,6.4,-10.3,115.4,105.0,109.0,115.3,2.0,1.0,0,0,17.100658658112074,16.69391025641026,30.254169257842516,29.132885400955256,33.04700623375027,8.016006787330317,10.98076923076923,20.3125,10.87037037037037,7.711111111111111,4.9130229271796555,5.529422582742158,0.5109,0.4647,0.3849,0.32439999999999997
22200775,2023-02-01,2022-23,SAS,SAC,109,119,0,1.0,7.0,-14.5,8.1,114.8,122.3,129.3,114.2,1.0,1.0,0,0,13.377890841813135,18.6016944136145,23.546999391882384,29.888368342330644,-28.231338385222095,15.611417425692448,21.851063829787233,23.38,10.12,7.361702127659575,5.399538168000193,5.423274274961726,0.4615,0.5052,0.3452,0.3902
22200777,2023-02-01,2022-23,PHX,ATL,100,132,0,6.0,6.0,-0.7,2.3,112.5,121.0,113.2,118.7,1.0,1.0,0,0,16.048585600248007,21.11655328798186,27.13137432204592,32.69350316916001,-4.259264848455603,1.5840535795103063,16.581818181818182,21.142857142857142,6.285714285714286,11.736842105263158,5.335877265757766,5.602260857154708,0.4554,0.5208,0.404,0.4069
22200770,2023-02-01,2022-23,PHI,ORL,105,94,1,8.0,5.0,3.7,-0.4,121.8,114.6,118.1,115.0,1.0,1.0,0,0,22.945854410140125,17.185230821888506,30.79140495257932,29.278005432785413,19.442817332061026,-11.63366213478718,20.52777777777778,19.50943396226415,10.76,8.5,8.578328262964403,4.991536657682501,0.5072,0.48950000000000005,0.3961,0.3949
22200776,2023-02-01,2022-23,UTA,TOR,131,128,1,6.0,4.0,2.9,0.4,117.3,116.2,114.4,115.8,3.0,1.0,0,0,18.249291823847226,19.062988158226258,28.21654515428485,32.070167246617515,4.598133778223085,1.0482308977749704,24.19607843137255,15.148148148148149,13.837209302325581,9.326530612244898,6.167369211219541,5.481559973486268,0.4808,0.47059999999999996,0.384,0.3486
22200771,2023-02-01,2022-23,MEM,POR,112,122,0,5.0,5.0,1.8,1.6,117.9,122.4,116.1,120.8,2.0,1.0,0,0,19.531014492753624,19.693086365252793,26.447151983162833,27.3687816568502,18.52166998200246,5.111954501054687,15.18,29.29268292682927,7.037037037037037,4.864864864864865,8.394693759969465,10.503581585981266,0.4686,0.5081,0.35619999999999996,0.3917
22200773,2023-02-01,2022-23,HOU,OKC,112,106,1,2.0,6.0,-10.3,5.8,111.6,118.4,121.9,112.6,3.0,1.0,0,0,10.386645299145298,18.14798418972332,25.343491773504272,26.217552665788315,-14.895014245014243,8.554162081169753,12.533333333333333,15.94,7.266666666666667,6.7555555555555555,4.149456849904564,9.189754686638857,0.47829999999999995,0.493,0.3075,0.3946
22200772,2023-02-01,2022-23,BOS,BKN,139,96,1,7.0,4.0,3.8,-0.7,114.8,114.5,111.0,115.2,3.0,1.0,0,0,22.514925970388152,13.536269680285907,30.678996862581783,26.51758844500832,24.938838125561837,9.237818519765781,26.591836734693878,26.714285714285715,7.882352941176471,7.378378378378378,9.587024045809276,7.786753646740338,0.45149999999999996,0.5012000000000001,0.36479999999999996,0.4006
22200774,2023-02-01,2022-23,MIN,GSW,119,114,1,6.0,6.0,2.9,3.5,115.8,123.5,112.9,120.0,1.0,1.0,0,0,14.411754374263545,19.225205300485257,28.39293863536317,31.55921878977503,0.4239556538086,12.368746562585436,8.085106382978724,28.842105263157894,5.239130434782608,6.660377358490566,6.804880053194562,8.471698245878045,0.4944,0.48360000000000003,0.3873,0.4141
22200781,2023-02-02,2022-23,CHI,CHA,114,98,1,4.0,4.0,1.1,-6.7,111.2,112.9,110.1,119.6,1.0,1.0,0,0,19.37298273155416,19.250455150675254,31.97761551718123,30.79211601515405,-1.6193772135387041,-24.373186573673117,25.96,14.777777777777779,8.26086956521739,13.642857142857142,7.496012957445722,4.798808409567793,0.48600000000000004,0.4697,0.3307,0.2982
22200779,2023-02-02,2022-23,CLE,MEM,128,113,1,4.0,4.0,3.1,0.2,109.2,115.6,106.1,115.4,1.0,0.0,0,1,16.79273689836,19.199773730885735,28.596392221791966,24.141990291398237,19.498436048636716,15.801209201610646,13.775510204081632,9.39622641509434,26.891304347826086,10.0,7.6991120677501215,8.939970526241414,0.49539999999999995,0.46419999999999995,0.37439999999999996,0.3169
22200782,2023-02-02,2022-23,DAL,NOP,111,106,1,4.0,1.0,-2.6,-10.1,113.2,104.9,115.8,115.0,2.0,1.0,0,0,12.340051246214768,16.718931256713212,28.962086350829605,28.633456780729215,5.758312137658663,6.056256099800203,13.64,20.3265306122449,6.46,10.346153846153847,4.312914479467185,5.424898250384029,0.47990000000000005,0.46240000000000003,0.377,0.3173
22200783,2023-02-02,2022-23,DEN,GSW,134,117,1,7.0,6.0,4.4,4.2,115.0,123.6,110.6,119.4,1.0,0.0,0,1,13.256716047690384,18.03307727384335,27.45927279802757,26.350968424966133,25.334562882989907,2.877804607008967,23.95744680851064,28.846153846153847,15.897435897435898,6.722222222222222,6.786546432879698,8.933112427465145,0.5038,0.4869,0.3852,0.40800000000000003
22200778,2023-02-02,2022-23,IND,LAL,111,112,0,1.0,5.0,-10.3,-1.2,113.3,118.8,123.6,120.0,3.0,1.0,0,0,15.383020938872003,22.274000551419903,28.557018068220195,30.235965891233366,-5.298994065711391,0.023371041405389925,17.017857142857142,11.923076923076923,18.017857142857142,13.216216216216216,4.80689763059467,8.688735417108694,0.442,0.4748,0.32809999999999995,0.33390000000000003
22200780,2023-02-02,2022-23,NYK,MIA,106,104,1,4.0,7.0,-2.8,2.5,115.8,107.1,118.6,104.6,1.0,1.0,0,0,14.273448773448772,20.966153846153844,28.992796183261184,31.178077347548566,6.765627705627707,7.324987736037578,20.1,20.333333333333332,3.619047619047619,11.934782608695652,8.076616269628348,5.4539089360746,0.47309999999999997,0.46309999999999996,0.3527,0.3243
22200791,2023-02-03,2022-23,SAS,PHI,125,137,0,1.0,8.0,-14.9,1.7,112.8,117.6,127.7,115.9,1.0,1.0,0,0,11.591172232160604,22.695238095238096,21.51390729441747,30.85782272893773,-28.58861634613119,20.173500759971347,7.348837209302325,32.6,11.425531914893616,10.607843137254902,5.846160813417013,8.567458524580728,0.46929999999999994,0.4901,0.3461,0.4006
22200792,2023-02-03,2022-23,UTA,ATL,108,115,0,7.0,6.0,3.7,5.3,118.6,122.9,114.9,117.6,1.0,1.0,0,0,18.355977355977355,21.067246376811593,26.914843565693566,31.745196372166482,4.253346653346653,4.9432308311656135,24.26923076923077,21.14,13.795454545454545,15.518518518518519,7.289755044461213,5.578715374830976,0.4827,0.5343,0.38889999999999997,0.41600000000000004
22200790,2023-02-03,2022-23,MIN,ORL,120,127,0,6.0,4.0,2.6,-1.8,116.7,113.1,114.1,114.9,1.0,1.0,0,0,18.25141466246846,17.16231780167264,29.468769063625984,28.61076027402506,0.7165304200329558,-11.74773917838434,23.966101694915253,19.38888888888889,8.558823529411764,10.694444444444445,5.6709230609071355,4.569398968855296,0.48150000000000004,0.4760999999999999,0.38320000000000004,0.37320000000000003
22200787,2023-02-03,2022-23,WAS,POR,116,124,0,7.0,6.0,3.8,3.2,116.7,123.3,112.9,120.1,3.0,1.0,0,0,21.5928265283104,19.769046467159676,29.76285210245186,30.492984792350978,5.9889400708743175,1.429310841426035,21.153846153846153,29.595238095238095,8.176470588235293,8.054545454545455,7.3322067414649785,9.687560450876196,0.47459999999999997,0.5039,0.38580000000000003,0.3973
22200789,2023-02-03,2022-23,HOU,TOR,111,117,0,3.0,4.0,-7.7,1.2,111.3,118.7,119.0,117.5,1.0,1.0,0,0,13.03026807560969,17.31555555555556,25.48688988935495,32.161237852176335,-17.82954926976666,0.8989641407820383,11.327272727272728,18.08,4.54054054054054,9.46,4.644666783959877,5.447944594483381,0.4761,0.4747,0.2989,0.368
22200785,2023-02-03,2022-23,DET,CHA,118,112,1,2.0,4.0,-8.4,-7.3,116.3,111.3,124.7,118.6,3.0,0.0,0,1,14.504091653027823,19.17828282828283,28.380522979935744,31.60501570010449,-27.303309692671395,-25.364211076280043,20.615384615384617,21.833333333333332,13.512820512820513,10.293103448275861,4.178373045493384,4.829070580691207,0.4749,0.4584,0.3655,0.27880000000000005
22200788,2023-02-03,2022-23,BOS,PHX,94,106,0,7.0,6.0,7.0,-1.0,116.2,112.8,109.2,113.8,1.0,1.0,0,0,22.535366300366302,15.999518743667679,30.26371606763606,25.050357955992,29.20784215784216,0.12047251926871161,26.58,16.696428571428573,8.909090909090908,9.0,9.993758151727464,5.7719316722598375,0.4607,0.45280000000000004,0.3788,0.3902
22200786,2023-02-03,2022-23,IND,SAC,107,104,1,1.0,7.0,-10.2,7.1,113.3,120.7,123.5,113.6,0.0,1.0,1,0,15.113885488916088,15.821690408357076,28.674102837277303,29.41039770861331,-4.526998164014687,18.206927377304737,16.964912280701753,18.076923076923077,17.789473684210527,5.830188679245283,4.746715712863727,4.084643167497102,0.4508,0.5106,0.3438,0.3802
22200793,2023-02-04,2022-23,BKN,WAS,125,123,1,4.0,7.0,-3.9,5.0,114.3,117.1,118.2,112.1,2.0,0.0,0,1,8.331298331298331,9.356754694140712,20.79816315361052,26.17464654289198,3.32266885161622,2.6769084309813787,6.644444444444445,9.454545454545455,6.738095238095238,6.56,2.5612048370639813,5.633575829034443,0.4969,0.4734,0.38550000000000006,0.38099999999999995
22200796,2023-02-04,2022-23,CHI,POR,129,121,1,5.0,6.0,3.5,2.3,112.7,122.1,109.2,119.8,1.0,0.0,0,1,21.88169934640523,23.737008326155614,32.01525359970403,31.190449237093276,-0.2650299867401431,3.922201606756236,25.745098039215687,29.58139534883721,8.51063829787234,5.282051282051282,7.31151794104573,10.034685336841989,0.49260000000000004,0.4971,0.3357,0.3973
22200801,2023-02-04,2022-23,DEN,ATL,128,108,1,7.0,6.0,4.9,4.9,116.9,123.0,112.0,118.1,1.0,0.0,0,1,15.676793013749533,17.325024335975524,27.116827735042733,30.878186525957904,26.218348064978496,3.9990158929890707,19.152173913043477,20.980392156862745,10.910714285714286,9.415094339622641,6.900250934328353,4.007332709680875,0.5105000000000001,0.5294000000000001,0.38849999999999996,0.4023
22200794,2023-02-04,2022-23,DET,PHX,100,116,0,3.0,7.0,-6.6,0.7,117.0,111.8,123.6,111.1,0.0,0.0,1,1,15.567404976756904,16.035331384015596,28.43646671338073,27.22383870281765,-25.843915777960074,-2.8463927197673335,11.173913043478262,16.842105263157894,13.575,12.117647058823529,4.175925494317102,4.672594904675284,0.4755,0.4483,0.3745,0.3668
22200800,2023-02-04,2022-23,GSW,DAL,119,113,1,5.0,4.0,-0.6,-2.5,120.9,112.4,121.5,114.9,1.0,1.0,0,0,15.083560782036393,9.581595601203444,31.69470068630556,28.43222654085203,10.269078720854967,5.723104999575588,7.854166666666667,6.481481481481482,8.021739130434783,7.694444444444445,8.124878644051984,4.298455352126927,0.483,0.4734,0.4205,0.3778
22200797,2023-02-04,2022-23,MIL,MIA,123,115,1,8.0,6.0,6.6,1.7,122.2,106.7,115.6,105.0,1.0,1.0,0,0,20.314799614936415,17.082861051397302,29.242834921635772,31.374702748282772,14.324789300986291,7.878664256400237,31.837209302325583,20.441860465116278,12.0,4.904761904761905,8.569866174004403,7.298724119362458,0.48810000000000003,0.46370000000000006,0.40149999999999997,0.3339
22200798,2023-02-04,2022-23,NOP,LAL,131,126,1,0.0,6.0,-11.2,-1.0,103.9,118.8,115.1,119.8,1.0,1.0,0,0,16.802439024390242,22.305615942028982,29.22602621071649,29.52003924028677,4.426139399990491,0.0444877000034265,9.707317073170731,28.804347826086957,9.403508771929825,14.944444444444445,4.912120377590055,9.606714758598763,0.4636,0.46530000000000005,0.3068,0.3312
22200799,2023-02-04,2022-23,OKC,HOU,153,121,1,6.0,3.0,5.3,-5.8,117.9,111.0,112.6,116.8,2.0,0.0,0,1,19.665701250494745,9.439310776942357,25.63209170940171,19.361383105491,5.438890167893814,-17.341854461328147,30.76595744680851,12.02,6.6521739130434785,21.73076923076923,9.56684756568706,6.488788691190558,0.48150000000000004,0.4788,0.3968,0.2998
22200804,2023-02-05,2022-23,NYK,PHI,108,97,1,3.0,9.0,-4.9,4.8,116.3,119.9,121.2,115.1,0.0,1.0,1,0,18.99384651108789,22.87112268955507,29.210015776844877,31.125605515669953,10.158584483675227,18.82579508219469,22.77777777777778,20.55263157894737,6.541666666666667,20.02777777777778,8.045465686511893,10.019533549545685,0.47909999999999997,0.49870000000000003,0.3634,0.4181
22200807,2023-02-05,2022-23,NOP,SAC,136,104,1,1.0,6.0,-9.7,4.3,106.7,117.2,116.4,112.9,0.0,1.0,1,0,10.002206395754785,11.9583590249517,25.76244369334135,27.06164105016125,0.4870128957415486,17.47521571617021,12.854545454545455,5.777777777777778,5.222222222222222,14.764705882352942,5.2671864506668395,4.111539135286846,0.4649,0.4989,0.2998,0.3644
22200806,2023-02-05,2022-23,MIN,DEN,128,98,1,6.0,7.0,2.0,6.6,116.2,117.8,114.2,111.2,1.0,0.0,0,1,17.585275689223057,8.40651476720998,27.719067314118625,20.088539979544255,1.9699994667519864,0.6526546871840391,11.140350877192983,4.0754716981132075,13.297872340425531,5.395833333333333,5.656413897569287,4.762780402804965,0.48200000000000004,0.5071000000000001,0.37570000000000003,0.3947
22200803,2023-02-05,2022-23,IND,CLE,103,122,0,2.0,5.0,-8.1,5.4,112.8,111.8,120.9,106.4,1.0,2.0,0,0,15.513194933145671,21.101373277131007,28.550166505578197,31.41506521737258,-3.825585720181489,20.255249464574938,19.75,21.6875,16.836734693877553,9.285714285714286,4.655540489552629,7.540420080068859,0.45879999999999993,0.5005,0.3619,0.3941
22200802,2023-02-05,2022-23,CHA,ORL,113,119,0,4.0,5.0,-6.3,-0.7,111.9,115.0,118.2,115.7,1.0,1.0,0,0,19.15851985955673,17.07013888888889,31.651522177155897,29.41042045087094,-25.624161189899688,-11.766188666854303,21.870967741935484,12.34375,10.35593220338983,12.2,4.841167108264678,4.177132410441947,0.45619999999999994,0.4852,0.27569999999999995,0.38649999999999995
22200805,2023-02-05,2022-23,MEM,TOR,103,106,0,3.0,4.0,-3.1,1.6,113.9,118.1,117.0,116.5,2.0,1.0,0,0,13.611266728913785,17.464535814325732,23.254447624234878,32.24248198779512,11.083940242763772,1.0818077230892358,9.928571428571429,18.93877551020408,3.0,9.490196078431373,6.967129591593736,5.489754256418868,0.4561,0.4807,0.32289999999999996,0.377
22200811,2023-02-06,2022-23,CHI,SAS,128,104,1,6.0,1.0,4.6,-13.0,115.9,114.0,111.3,127.0,1.0,2.0,0,0,14.67153371320038,10.15211710124501,26.88235953857326,23.81885764443198,3.0294321147262324,-30.86434917518805,25.76923076923077,7.7727272727272725,17.5,4.071428571428571,8.304762184727476,6.071583573242549,0.506,0.4822,0.3509,0.343
22200808,2023-02-06,2022-23,DET,BOS,99,111,0,3.0,6.0,-5.1,4.7,115.4,114.7,120.5,110.0,1.0,2.0,0,0,13.918997279093626,16.73301702894553,27.82806404042206,26.31800911397992,-32.519090494487635,25.497243036120892,20.666666666666668,30.169811320754718,15.0,13.9375,4.558751065988755,8.79994869211167,0.47829999999999995,0.45169999999999993,0.37670000000000003,0.3718
22200814,2023-02-06,2022-23,GSW,OKC,141,114,1,6.0,6.0,1.4,6.6,121.0,119.9,119.6,113.3,1.0,1.0,0,0,19.007936507936506,19.68577648766328,29.750692904585,26.330139484194383,5.189372557533651,8.204337538214496,20.69047619047619,31.0,8.777777777777779,4.538461538461538,6.046288105363092,9.622848334867722,0.48850000000000005,0.4880000000000001,0.41929999999999995,0.4001
22200812,2023-02-06,2022-23,HOU,SAC,120,140,0,3.0,5.0,-6.9,-0.2,113.1,114.4,120.0,114.6,1.0,0.0,0,1,16.1758539893945,17.773811518909557,29.228160517318827,31.453561493970806,-20.90333663520977,16.092307692307692,14.980392156862745,11.884615384615385,6.823529411764706,13.036363636363637,4.864212857441002,4.232926500561801,0.48419999999999996,0.48650000000000004,0.31049999999999994,0.3439
22200815,2023-02-06,2022-23,POR,MIL,108,127,0,5.0,9.0,-0.2,9.0,120.2,125.0,120.4,116.0,1.0,1.0,0,0,23.8060606060606,14.206959706959708,31.27353941798942,29.334873300009168,3.0382313105997314,14.431752710205396,20.29090909090909,18.5,7.982456140350878,3.323529411764706,9.60141717572485,9.951027517175111,0.4971,0.49990000000000007,0.3913,0.39690000000000003
22200813,2023-02-06,2022-23,UTA,DAL,111,124,0,6.0,4.0,2.8,-1.4,117.8,111.8,115.0,113.2,2.0,1.0,0,0,18.452624223031375,9.325631575631576,28.483635705310952,22.21904125964126,5.014660355116294,1.3154177259440423,24.28301886792453,7.8108108108108105,13.755555555555556,2.1578947368421053,6.3212278547043725,3.755123418991892,0.4840999999999999,0.46690000000000004,0.39059999999999995,0.365
22200809,2023-02-06,2022-23,WAS,CLE,91,114,0,6.0,5.0,4.5,6.3,119.4,112.7,114.9,106.4,1.0,0.0,0,1,12.981003888299753,16.95985801728099,24.7176038247916,33.33799262796286,-2.1115923965843426,19.630037919847066,8.82,13.941176470588236,10.25,6.52542372881356,5.573297137893449,7.017656921146023,0.47519999999999996,0.504,0.397,0.4025
22200816,2023-02-07,2022-23,ORL,NYK,98,102,0,6.0,4.0,0.2,-3.6,115.3,115.0,115.1,118.6,1.0,1.0,0,0,17.09107559107559,15.491362341362342,29.485932817182817,29.09030125347194,-10.80555724763042,7.32964521354352,19.71153846153846,22.745454545454546,12.121951219512194,10.333333333333334,4.17672978789305,8.052505279042213,0.48260000000000003,0.47969999999999996,0.39719999999999994,0.3677
22200818,2023-02-07,2022-23,NOP,ATL,116,107,1,2.0,5.0,-3.9,2.1,110.5,121.7,114.4,119.6,1.0,2.0,0,0,16.99447709912826,20.88813474107592,29.320576363124978,32.51766497000745,3.9135435735074875,3.3855212816834053,9.465116279069768,21.115384615384617,10.290909090909091,11.609756097560975,4.957655969733275,5.639263236290105,0.4751,0.5186,0.31029999999999996,0.3842
22200819,2023-02-07,2022-23,MEM,CHI,104,89,1,2.0,7.0,-6.4,8.4,110.6,117.7,117.0,109.3,1.0,0.0,0,1,21.109737484737483,16.666525579683476,27.886639789377284,29.577918541608767,18.383080883080883,1.945256497888077,26.958333333333332,22.71153846153846,4.945945945945946,8.612244897959183,7.80838081683943,6.340700050023022,0.45170000000000005,0.5175000000000001,0.3167,0.3466
22200820,2023-02-07,2022-23,DEN,MIN,146,112,1,6.0,7.0,2.7,5.4,115.4,117.2,112.7,111.8,1.0,1.0,0,0,14.65079365079365,11.373017004378374,26.064178684807256,23.273320217885225,28.685536032594857,4.902669830703614,4.0,4.3428571428571425,5.068181818181818,8.555555555555555,7.534057188727276,7.486865958905267,0.5050000000000001,0.48529999999999995,0.3843,0.37520000000000003
22200817,2023-02-07,2022-23,BKN,PHX,112,116,0,5.0,8.0,-2.7,5.3,118.4,112.8,121.1,107.5,0.0,2.0,1,0,10.61141975308642,16.062600249792368,25.81398626727402,30.801543454388593,6.002409233312191,4.389790080368898,9.575,16.96551724137931,9.2,7.892857142857143,1.899241644869149,6.2416738635727365,0.5108,0.4605,0.4372,0.3843
22200821,2023-02-07,2022-23,LAL,OKC,130,133,0,5.0,5.0,-2.3,2.5,117.4,118.9,119.7,116.4,2.0,0.0,0,1,22.331692639943807,19.57960752435146,30.077658005386184,26.25925858108086,-0.3323113424371851,8.22381434843441,28.76595744680851,11.944444444444445,6.479166666666667,7.9787234042553195,8.78295843408648,9.483711598208819,0.45940000000000003,0.48530000000000006,0.3292,0.40120000000000006
22200824,2023-02-08,2022-23,BOS,PHI,106,99,1,6.0,8.0,4.3,3.6,113.6,117.8,109.3,114.2,1.0,2.0,0,0,16.629853689139836,21.20724767894579,25.3639914968223,31.20584266362568,19.443255241635658,19.086917884087697,8.631578947368421,32.57142857142857,6.125,19.81081081081081,9.472376261284674,9.936551299083233,0.45119999999999993,0.4943000000000001,0.3792,0.40249999999999997
22200822,2023-02-08,2022-23,CLE,DET,113,85,1,6.0,2.0,8.7,-8.0,112.7,111.8,104.0,119.8,1.0,1.0,0,0,8.191774891774893,13.956495510662178,25.98689643956672,28.073645827721663,14.200578195389516,-32.908358585858586,3.25,20.672727272727272,6.616666666666666,15.072727272727272,4.92113843527819,4.544931911656189,0.5092000000000001,0.46080000000000004,0.3982,0.3509
22200827,2023-02-08,2022-23,HOU,SAC,128,130,0,3.0,5.0,-8.1,1.3,111.9,116.8,120.0,115.5,1.0,1.0,0,0,16.03147820676556,16.724144662575643,29.308407051282053,29.910050715810172,-21.92624521072797,16.92326290888853,21.64814814814815,23.384615384615383,6.944444444444445,14.69811320754717,4.855819343984893,4.102999573271063,0.48519999999999996,0.4955,0.31439999999999996,0.3651
22200825,2023-02-08,2022-23,MIA,IND,116,111,1,5.0,2.0,-0.7,-8.7,107.1,111.2,107.8,119.9,3.0,2.0,0,0,13.294228942611147,17.90046453232894,31.447737225016134,28.771546613549663,7.05854412178859,-5.803473748473748,20.522727272727273,19.644444444444446,4.976744186046512,7.464285714285714,7.309747726126081,5.282194031146262,0.4566,0.4511,0.3097,0.33940000000000003
22200830,2023-02-08,2022-23,POR,GSW,125,122,1,5.0,6.0,-1.2,3.2,119.7,122.4,120.9,119.2,1.0,1.0,0,0,23.747354497354497,19.19398958321847,27.38896082414709,29.759166625756723,0.47725818611569526,7.179790986771988,20.160714285714285,21.186046511627907,3.7142857142857144,8.73913043478261,10.800473922980968,6.159149247718665,0.492,0.49670000000000003,0.3838,0.4304
22200826,2023-02-08,2022-23,TOR,SAS,112,98,1,5.0,1.0,2.7,-14.1,116.5,112.5,113.8,126.6,2.0,1.0,0,0,19.28392170903449,13.59080808080808,31.855567464540467,23.94832957603243,0.7973270171766411,-29.34316460718078,23.816326530612244,21.68,10.416666666666666,9.88679245283019,5.407449320760948,5.187155176078658,0.4788,0.475,0.3705,0.3353
22200828,2023-02-08,2022-23,UTA,MIN,118,143,0,5.0,6.0,1.1,1.8,117.7,115.6,116.6,113.8,1.0,0.0,0,1,9.500166781688522,12.120760959470637,20.786515753829434,22.17276057167063,-0.7730081387877488,3.732691512010812,13.673913043478262,23.741935483870968,3.5517241379310347,6.5,6.503261799050276,7.3584941252160965,0.4878,0.48179999999999995,0.37859999999999994,0.36129999999999995
22200823,2023-02-08,2022-23,WAS,CHA,118,104,1,6.0,4.0,2.6,-5.7,117.7,111.4,115.1,117.1,1.0,2.0,0,0,17.789241760534,19.279115497076024,26.197226985120288,31.701657540794184,0.811403999363133,-24.212402376910017,8.882352941176471,21.18,9.41304347826087,7.916666666666667,7.332575255987369,5.549431484016694,0.47920000000000007,0.46480000000000005,0.3874,0.2702
22200831,2023-02-09,2022-23,ORL,DEN,115,104,1,5.0,6.0,-1.5,5.7,112.8,117.8,114.3,112.1,1.0,1.0,0,0,17.145037028383015,17.06452380952381,28.995329817082563,29.548298081521683,-10.862455465168825,31.82025607423715,19.087719298245613,11.053571428571429,12.047619047619047,4.418181818181818,4.317905148565368,6.566468192774952,0.4774,0.5145000000000001,0.3712,0.3943
22200834,2023-02-09,2022-23,LAL,MIL,106,115,0,5.0,9.0,-2.1,9.6,119.3,124.5,121.4,114.9,1.0,2.0,0,0,14.910030678938242,21.31063829787234,27.822836405456496,29.27533847396436,-5.628381230540997,16.85231335732614,6.938775510204081,18.53191489361702,6.229166666666667,12.866666666666667,7.130453306785479,8.410748594619598,0.4687,0.5012000000000001,0.342,0.385
22200833,2023-02-09,2022-23,BKN,CHI,116,105,1,5.0,6.0,-2.6,5.5,118.4,113.4,121.0,107.9,1.0,1.0,0,0,12.130635010669044,22.045326393407066,25.006273085485766,31.04287943055427,-1.965506515605778,4.523157821358863,17.071428571428573,22.735849056603772,6.5,8.52,4.324665823478621,8.165766068835161,0.5065000000000001,0.5037999999999999,0.42700000000000005,0.32809999999999995
22200832,2023-02-09,2022-23,ATL,PHX,116,107,1,4.0,8.0,0.4,5.2,119.4,112.7,119.0,107.5,1.0,1.0,0,0,20.997684705231876,8.665570175438598,31.739739525660287,22.903541702172095,2.4622532459626583,-0.8718421052631584,26.346153846153847,7.807017543859649,9.31578947368421,8.866666666666667,6.4148017984688295,5.393227150675866,0.5063000000000001,0.46129999999999993,0.3675,0.374
22200838,2023-02-10,2022-23,BOS,CHA,127,116,1,6.0,3.0,3.8,-7.6,111.2,109.6,107.4,117.2,1.0,1.0,0,0,16.60100419743903,19.23401356362817,25.939583092296736,28.987541332570125,22.19298093436303,-23.550977993713797,29.90909090909091,22.03030303030303,5.069767441860465,7.945945945945946,9.208928607875125,6.42332734731487,0.4544,0.4567,0.387,0.2742
22200835,2023-02-10,2022-23,DET,SAS,138,131,1,2.0,0.0,-10.2,-16.3,109.3,111.7,119.5,128.0,1.0,1.0,0,0,14.546918767507004,7.037231384307845,26.522301854681267,18.014676672302148,-33.71003977348515,-20.39230626466264,14.892857142857142,7.8478260869565215,11.224489795918368,4.386363636363637,5.300273120107665,1.8607625228185694,0.45,0.47709999999999997,0.35259999999999997,0.3428
22200836,2023-02-10,2022-23,IND,PHX,104,117,0,2.0,7.0,-7.2,3.8,111.7,112.2,118.9,108.4,1.0,0.0,0,1,14.213813813813815,8.783687303391737,27.689042711251034,26.66953237544515,-9.674647484428887,0.8184154141241069,17.316666666666666,7.706896551724138,9.627450980392156,4.186046511627907,5.173968685521404,8.499045468113959,0.45830000000000004,0.46480000000000005,0.3485,0.3586
22200841,2023-02-10,2022-23,MEM,MIN,128,107,1,2.0,6.0,-5.0,3.4,109.5,118.6,114.5,115.2,2.0,1.0,0,0,21.730460051888628,15.870896184560783,25.414905852985097,28.87679676952907,20.32912689236516,1.639019520851819,27.102040816326532,23.857142857142858,9.741379310344827,5.229166666666667,8.90080426667601,6.155553213259545,0.45439999999999997,0.4931,0.3176,0.3733
22200840,2023-02-10,2022-23,MIA,HOU,97,95,1,6.0,3.0,0.6,-7.8,107.4,113.0,106.8,120.8,1.0,1.0,0,0,14.003083466241359,15.162562626585652,31.326606049428886,27.40650982159297,5.442291620990727,-18.957637064431875,20.4,11.525423728813559,4.954545454545454,4.25,7.138878928358379,6.172152151335742,0.4551,0.4894,0.3155,0.3286
22200842,2023-02-10,2022-23,NOP,CLE,107,118,0,3.0,7.0,-1.7,12.1,111.1,112.6,112.8,100.5,2.0,1.0,0,0,18.38149619331347,17.965104560342656,28.966148285135365,30.48331205235643,9.32488895910445,20.001455569825893,13.210526315789474,15.285714285714286,10.232142857142858,6.241379310344827,5.817320569430723,7.290089293646857,0.4795,0.5086,0.31920000000000004,0.37889999999999996
22200837,2023-02-10,2022-23,PHI,NYK,119,108,1,7.0,5.0,2.8,-2.1,116.4,114.7,113.6,116.8,1.0,2.0,0,0,22.715887816293698,18.996687370600416,31.91695023806225,32.23725907734302,19.940283021589455,9.494653260422647,32.46511627906977,22.785714285714285,8.8,5.083333333333333,10.1448618862443,7.595514670414666,0.4883,0.4837000000000001,0.3995,0.3757
22200843,2023-02-10,2022-23,POR,OKC,129,138,0,6.0,5.0,0.1,1.8,122.7,121.0,122.6,119.2,1.0,2.0,0,0,23.72120518688024,19.678136924803592,28.766317898142812,26.338238179012347,-1.5714932624952191,8.916173469387754,21.12280701754386,30.76,6.0256410256410255,6.918367346938775,10.036077344306616,9.066800245305242,0.5095000000000001,0.49300000000000005,0.3891,0.4125
22200844,2023-02-10,2022-23,SAC,DAL,114,122,0,5.0,6.0,1.0,3.0,118.0,110.7,117.0,107.7,1.0,1.0,0,0,17.89259092875445,9.718373569250762,31.416404770510827,26.03012032902121,18.300166699369694,4.1517747130750235,23.528301886792452,8.512820512820513,7.0,3.9705882352941178,5.546267807901951,8.234176751220527,0.4984,0.4676,0.3668,0.3807
22200839,2023-02-10,2022-23,TOR,UTA,116,122,0,6.0,5.0,4.3,-1.3,115.1,117.8,110.8,119.1,1.0,1.0,0,0,19.08055953155498,15.367047858201275,32.352795999571086,24.15859141104924,2.0147045342253738,-1.8544982605154718,18.07547169811321,24.12727272727273,9.79245283018868,3.7333333333333334,5.442687362811886,7.165001605025036,0.4748,0.4819,0.35619999999999996,0.3839
22200848,2023-02-11,2022-23,ORL,MIA,103,107,0,6.0,6.0,1.6,-1.8,112.5,104.7,110.9,106.5,1.0,0.0,0,1,16.994648178556222,17.2126140633387,29.558612658214706,31.3724091891608,-11.00610123873865,8.621669930538607,18.93103448275862,20.630434782608695,8.529411764705882,10.125,4.748473390060403,5.91046150549165,0.47919999999999996,0.44350000000000006,0.3633,0.3128
22200851,2023-02-11,2022-23,NYK,UTA,126,120,1,5.0,5.0,-1.7,-0.8,113.1,117.4,114.8,118.2,0.0,0.0,1,1,22.32261208576998,17.585879880882803,31.152822377935234,25.157872194028407,8.092395772507938,2.7062210601812877,24.0,20.271186440677965,12.533333333333333,11.326530612244898,7.816185978417438,6.75433050539337,0.47779999999999995,0.48230000000000006,0.3668,0.3707
22200854,2023-02-11,2022-23,SAC,DAL,133,128,1,5.0,6.0,0.4,1.3,116.7,111.4,116.3,110.1,0.0,0.0,1,1,18.74408411601394,22.67613378684807,28.23661442930426,28.915629932091264,18.099553878256902,11.894825631401984,23.703703703703702,26.466666666666665,12.254545454545454,17.645833333333332,5.583106684172939,11.096673648180145,0.49779999999999996,0.4702,0.3607,0.37520000000000003
22200853,2023-02-11,2022-23,GSW,LAL,103,109,0,6.0,4.0,3.2,-3.1,122.8,117.7,119.6,120.8,2.0,1.0,0,0,16.559284528858566,18.791857903800715,29.87032697334007,29.56659000762637,8.843964495549086,-1.8660976193990062,20.32758620689655,25.942857142857143,6.637931034482759,7.02,6.651282025740797,6.689488362014259,0.5041,0.475,0.43870000000000003,0.3492
22200849,2023-02-11,2022-23,WAS,IND,127,113,1,7.0,2.0,4.9,-6.2,117.7,111.0,112.8,117.2,2.0,0.0,0,1,17.903263403263402,17.99430298802465,27.315634271313787,28.972742648439805,1.4724895671704181,-6.6332037758856615,22.583333333333332,19.425531914893618,10.244897959183673,7.672413793103448,6.771106108321003,4.829609178397227,0.48100000000000004,0.45669999999999994,0.3879,0.3517
22200847,2023-02-11,2022-23,CHA,DEN,105,119,0,2.0,5.0,-9.1,2.3,109.0,114.8,118.1,112.5,0.0,1.0,1,0,16.585138523822472,17.07239578447009,31.11547260420921,26.84722288218318,-22.749844301034514,21.90216107870234,13.090909090909092,23.745098039215687,8.0,5.173913043478261,6.164055391438408,7.284650763916874,0.4545,0.49949999999999994,0.27080000000000004,0.37459999999999993
22200846,2023-02-11,2022-23,BKN,PHI,98,101,0,5.0,7.0,-2.6,2.9,118.3,116.3,120.9,113.4,1.0,0.0,0,1,14.3920809342308,24.209055849299755,30.707816157561343,31.974337357628816,10.682716035079995,21.110686671052523,8.931818181818182,32.52272727272727,10.619047619047619,8.875,3.3497201487976502,10.155117717414381,0.49560000000000004,0.4873,0.4217000000000001,0.3944
22200850,2023-02-11,2022-23,ATL,SAS,125,106,1,4.0,0.0,-0.2,-16.5,117.1,112.2,117.3,128.7,1.0,0.0,0,1,21.001779641276496,14.176959791008601,31.775128816144928,23.64328620016344,2.7944419615627982,-27.04762704540886,21.037037037037038,21.686274509803923,14.935483870967742,9.34,5.647215671302354,5.511406041546218,0.49559999999999993,0.4619,0.3638,0.3223
22200852,2023-02-11,2022-23,CLE,CHI,97,89,1,7.0,5.0,12.0,2.6,113.0,111.3,101.0,108.7,0.0,1.0,1,0,21.1059305125559,22.052102950408038,31.36040248092295,32.04294720322463,23.69810817654221,0.7201242277067432,26.26,25.425925925925927,12.436363636363636,5.862745098039215,6.921087702873665,7.93920795180041,0.5093,0.4957000000000001,0.3828,0.3169
22200855,2023-02-12,2022-23,BOS,MEM,119,109,1,6.0,3.0,4.6,-2.8,111.8,110.2,107.2,113.0,1.0,1.0,0,0,16.652380952380955,21.020954287620953,26.668684905761403,25.912027546547893,27.56448745966,14.84894189736295,11.516666666666667,14.592592592592593,8.677966101694915,10.481481481481481,8.855853881099732,8.174462068240544,0.46399999999999997,0.47050000000000003,0.4008,0.3266
22200856,2023-02-12,2022-23,TOR,DET,119,118,1,6.0,3.0,3.9,-8.2,116.3,112.7,112.4,120.9,1.0,1.0,0,0,19.36574890712478,14.970946305156835,30.942018759510944,26.48657491774071,-4.514993131267466,-24.210477499030137,24.294117647058822,20.771929824561404,4.68,8.458333333333334,6.85304673499876,5.217838875978502,0.46640000000000004,0.4484,0.3547,0.3306
22200867,2023-02-13,2022-23,POR,LAL,127,115,1,6.0,4.0,0.1,-3.4,124.4,116.5,124.3,119.9,2.0,1.0,0,0,19.014850819271217,18.509673001198426,23.883731129037713,29.361234455767907,-0.4931472431867131,-2.3642192280907715,30.02127659574468,25.583333333333332,5.661016949152542,12.904761904761905,10.767331106918558,6.307185473435943,0.5218,0.4676,0.3921,0.3479
22200864,2023-02-13,2022-23,OKC,NOP,100,103,0,5.0,3.0,0.7,-2.4,122.2,112.2,121.5,114.6,2.0,2.0,0,0,19.787163653340127,15.383419401410405,29.207912811185082,25.964225838628956,8.320184437411328,1.13848144233894,12.196428571428571,11.222222222222221,8.204081632653061,9.533333333333333,8.536235761990023,4.588211014079779,0.49910000000000004,0.47970000000000007,0.4204,0.32999999999999996
22200862,2023-02-13,2022-23,NYK,BKN,124,106,1,6.0,4.0,-0.2,-3.3,114.1,116.1,114.3,119.4,1.0,1.0,0,0,18.815343768208063,14.348914431673052,32.726707492753874,30.752248704615948,6.668430236238959,10.280042059170915,23.17241379310345,17.06896551724138,3.5833333333333335,9.192982456140351,8.300948092877958,3.6222685547520563,0.47430000000000005,0.4814,0.35619999999999996,0.4023
22200861,2023-02-13,2022-23,MIA,DEN,108,112,0,7.0,6.0,1.1,3.9,106.4,116.8,105.3,112.9,1.0,1.0,0,0,14.451001540832047,17.117197170645447,27.637497238412124,26.947739273072347,9.695842533435965,22.918607614771897,12.271186440677965,11.086206896551724,10.081632653061224,4.456140350877193,6.4768328069920225,7.262674711334641,0.43920000000000003,0.5061,0.3236,0.3606
22200859,2023-02-13,2022-23,IND,UTA,117,123,0,2.0,4.0,-7.1,-3.7,111.6,116.8,118.7,120.5,1.0,1.0,0,0,15.414798471630485,18.615438596491227,26.248372121447243,26.09709737200143,-9.665035349153335,1.6521371831515834,19.458333333333332,24.19298245614035,8.218181818181819,8.305084745762711,5.480407544726169,7.504042483708116,0.46449999999999997,0.4817,0.3516,0.33940000000000003
22200860,2023-02-13,2022-23,PHI,HOU,123,104,1,7.0,3.0,2.2,-7.1,115.9,112.1,113.7,119.2,1.0,2.0,0,0,24.246296296296293,16.31106701940035,32.02861020225295,27.51666543209877,13.870476655960529,-20.22936507936508,19.45,12.148148148148149,10.446428571428571,9.25,8.381032234324188,5.10853916031916,0.4807,0.483,0.38970000000000005,0.3144
22200865,2023-02-13,2022-23,DAL,MIN,121,124,0,6.0,6.0,2.2,1.8,114.4,117.9,112.2,116.1,1.0,2.0,0,0,14.15715860548436,15.14036158586211,30.735089768278073,29.962506047677998,7.378493700035377,4.355099168004246,26.5,23.75,1.9393939393939394,8.64102564102564,12.00493971584777,5.798035144029196,0.47800000000000004,0.4946,0.3773,0.37570000000000003
22200858,2023-02-13,2022-23,CLE,SAS,117,109,1,8.0,0.0,13.0,-16.4,112.4,110.1,99.4,126.5,1.0,1.0,0,0,18.762464400598272,13.10515873015873,31.414014611888746,21.849531312140243,24.536119053360434,-27.43672584418383,14.49090909090909,21.75,5.461538461538462,9.509803921568627,8.144902293219133,5.651260571308242,0.5052,0.4523,0.3721,0.30389999999999995
22200863,2023-02-13,2022-23,CHI,ORL,91,100,0,4.0,5.0,0.7,-0.3,109.1,111.5,108.4,111.8,1.0,1.0,0,0,21.974242424242423,16.96409575985847,32.084880651340995,29.63522740316808,-0.7271200064303511,-11.947949225915329,23.01818181818182,19.418181818181818,8.48076923076923,8.685714285714285,7.322668159739279,4.681570667210486,0.49800000000000005,0.47050000000000003,0.30829999999999996,0.3605
22200857,2023-02-13,2022-23,CHA,ATL,144,138,1,2.0,5.0,-8.7,2.1,109.3,117.8,118.0,115.7,1.0,1.0,0,0,16.664985994397757,21.023714266851524,29.206550089406836,31.682408230590216,-24.343515904184603,-1.4256323741617853,21.97142857142857,20.98181818181818,8.153846153846153,14.928571428571429,6.327260013409039,5.380389525747111,0.4569,0.4899,0.2833,0.3583
22200866,2023-02-13,2022-23,GSW,WAS,135,126,1,5.0,7.0,2.0,5.2,121.1,118.8,119.1,113.6,1.0,1.0,0,0,14.711227002752425,17.469433927417118,28.22019202279202,25.249449543355805,8.544363320295524,2.805107851558621,16.307692307692307,22.46938775510204,8.01923076923077,9.226415094339623,6.65244607664449,7.0202764090601635,0.49700000000000005,0.5008,0.4125,0.396
22200869,2023-02-14,2022-23,MIL,BOS,131,125,1,10.0,6.0,12.2,5.4,124.7,113.1,112.5,107.7,3.0,1.0,0,0,20.32529112225161,8.92756527018822,27.84217848047581,21.916780226896726,17.555551250659807,16.605200232286187,31.93617021276596,8.7,13.728813559322035,4.5,9.393281837148168,3.5530053104324746,0.4979,0.4635999999999999,0.3695,0.3963
22200870,2023-02-14,2022-23,PHX,SAC,120,109,1,7.0,5.0,4.9,-2.4,112.7,116.7,107.8,119.1,3.0,2.0,0,0,12.474615384615385,18.803918495297808,26.742518826213665,28.426138459535082,1.6781616193602815,17.957638485261377,5.62,23.927272727272726,8.806451612903226,12.125,7.680494280346125,5.585031387157204,0.4667,0.4931,0.3518,0.33070000000000005
22200872,2023-02-14,2022-23,POR,WAS,101,126,0,6.0,6.0,-0.7,2.3,122.4,117.6,123.1,115.3,0.0,0.0,1,1,13.665657644824313,21.986067019400352,21.487036757974874,29.83324946986202,1.7744530571565855,3.7694411097772447,30.229166666666668,20.62962962962963,20.83050847457627,9.26530612244898,10.599340571875894,7.46937320894095,0.5094,0.5071,0.38039999999999996,0.386
22200868,2023-02-14,2022-23,TOR,ORL,123,113,1,6.0,5.0,3.1,0.0,115.7,108.9,112.6,108.9,1.0,0.0,0,1,16.9491452991453,17.022930072930073,31.015587018222863,29.1816670948357,-2.854178211725382,-10.343951704597252,24.365384615384617,12.837837837837839,9.690909090909091,8.758620689655173,5.751561442383655,4.724550354111298,0.46909999999999996,0.46129999999999993,0.3473,0.33649999999999997
22200879,2023-02-15,2022-23,MEM,UTA,117,111,1,3.0,5.0,-3.6,-2.0,110.1,118.5,113.7,120.5,2.0,1.0,0,0,20.95611533289552,12.035292469236538,27.962369625764673,22.10467238144522,22.614389652907853,-3.0688099703942107,27.15686274509804,4.17948717948718,9.758620689655173,3.0285714285714285,6.636525710350388,6.318560449052941,0.47700000000000004,0.49029999999999996,0.3275,0.3439
22200882,2023-02-15,2022-23,LAL,NOP,120,102,1,4.0,4.0,-2.8,-2.0,116.5,112.7,119.3,114.7,1.0,1.0,0,0,20.822395671533602,18.91317547055252,29.946149398587657,27.947396655961096,-2.1816761769138333,5.0318895956574545,25.405405405405407,22.166666666666668,10.108695652173912,13.254237288135593,8.430769588368474,5.392805600839577,0.4676,0.4877000000000001,0.3403,0.3408
22200874,2023-02-15,2022-23,IND,CHI,117,113,1,1.0,4.0,-8.3,0.4,111.7,107.2,120.0,106.8,1.0,1.0,0,0,15.415731351939797,16.723540930681803,29.020534845524516,28.335117247918152,-8.21895991100843,-0.5785403736852512,16.9811320754717,23.071428571428573,8.107142857142858,10.081967213114755,4.736429218579966,6.532179055403471,0.4726,0.48980000000000007,0.357,0.3018
22200881,2023-02-15,2022-23,DEN,DAL,118,109,1,6.0,6.0,4.2,2.0,118.1,113.9,113.9,111.9,1.0,1.0,0,0,17.123823361744137,16.20294117647059,27.025775044936246,22.741995694673403,20.0250874016245,3.160230120756437,23.92452830188679,32.72549019607843,7.675,17.72,6.8805008567850745,11.039402013156213,0.5152,0.47640000000000005,0.3666,0.37729999999999997
22200876,2023-02-15,2022-23,ATL,NYK,101,122,0,5.0,6.0,2.6,1.4,121.6,116.0,119.0,114.6,1.0,1.0,0,0,21.043456543456543,22.41378575912474,31.729508892958894,31.13001447474619,4.957400042305703,9.393719619872927,20.964285714285715,23.45762711864407,13.09433962264151,9.979591836734693,5.54523731347372,8.094104622134232,0.4931,0.47989999999999994,0.3673,0.34879999999999994
22200878,2023-02-15,2022-23,BKN,MIA,116,105,1,4.0,6.0,-4.7,0.3,113.4,107.2,118.1,106.9,1.0,1.0,0,0,15.629372356518784,14.534245187436674,31.04458579461656,30.633416212428227,8.64967245746301,4.219430935494765,16.9672131147541,12.45,10.613636363636363,4.8936170212765955,3.2883733736112766,6.730866703921263,0.46180000000000004,0.43920000000000003,0.3899,0.3344
22200877,2023-02-15,2022-23,BOS,DET,127,109,1,6.0,3.0,6.3,-6.5,115.8,113.7,109.5,120.2,0.0,2.0,1,0,18.303449474502106,15.210727969348659,27.611759732860424,28.29684309696895,25.531173068804467,-32.610755301127405,29.859649122807017,20.982758620689655,11.951612903225806,7.96,8.593252582600913,4.9649458141150555,0.4667,0.45879999999999993,0.3912,0.3453
22200880,2023-02-15,2022-23,OKC,HOU,133,96,1,5.0,2.0,0.9,-9.5,120.9,110.6,120.0,120.1,1.0,1.0,0,0,17.326221001221,9.640252313450942,28.004756355632672,22.94835533220116,8.677342394447656,-17.78430905731706,30.884615384615383,12.10909090909091,5.071428571428571,4.3076923076923075,9.532449780712467,4.1714013389627365,0.49289999999999995,0.4737,0.4077,0.3027
22200873,2023-02-15,2022-23,CHA,SAS,120,110,1,3.0,0.0,-5.0,-16.3,114.0,110.6,119.0,126.9,1.0,1.0,0,0,15.08803885853066,13.273449147438365,27.232061202777185,23.792339267991668,-21.541750053225464,-31.69223348080491,22.194444444444443,21.81132075471698,3.9,9.89090909090909,6.608181247950052,5.244603487872941,0.47940000000000005,0.4652,0.3134,0.3185
22200875,2023-02-15,2022-23,PHI,CLE,118,112,1,7.0,8.0,3.9,12.0,115.3,112.8,111.4,100.8,1.0,1.0,0,0,22.70246521257644,20.842698182320824,32.32093176246349,33.21089167269944,20.26619404314876,24.062102626595824,32.41304347826087,21.39622641509434,3.245614035087719,6.609375,9.974605803325156,7.03172958684337,0.48410000000000003,0.5156,0.39089999999999997,0.3625
22200884,2023-02-16,2022-23,MIN,WAS,106,114,0,6.0,6.0,1.2,4.7,119.2,117.5,118.0,112.8,2.0,1.0,0,0,15.893614881850176,17.52077441077441,29.97611179572325,29.616282900159085,4.833082761640637,4.877930538784429,23.876923076923077,22.52777777777778,8.6,9.054545454545455,5.835161415567381,7.7124547461401844,0.5036,0.5135,0.3688,0.4008
22200883,2023-02-16,2022-23,CHI,MIL,100,112,0,4.0,10.0,1.5,10.8,108.9,122.8,107.4,112.0,0.0,1.0,1,0,13.916406757634826,13.358351254480288,29.4412755475906,24.192420207373267,-2.5188900014027347,6.478617511520737,8.851851851851851,13.566666666666666,1.8461538461538463,5.880952380952381,7.494101898222626,5.4599779635221575,0.4979,0.4896,0.3287,0.36819999999999997
22200886,2023-02-23,2022-23,CLE,DEN,109,115,0,8.0,7.0,12.6,5.9,114.0,120.0,101.4,114.1,7.0,7.0,0,0,21.272327044025158,18.147031783556606,33.284909275514146,27.841001547632448,24.92940205035317,25.436246033903384,15.6,23.74074074074074,8.935483870967742,8.073170731707316,6.511651272110616,7.039937718610552,0.5213,0.5330999999999999,0.36819999999999997,0.36970000000000003
22200891,2023-02-23,2022-23,DAL,SAS,142,116,1,5.0,0.0,0.7,-13.5,114.9,111.6,114.2,125.1,7.0,7.0,0,0,22.0837330925372,12.8320987654321,30.305777337383642,22.184764857216482,12.0590882070176,-25.84276984628977,32.80769230769231,8.78,8.930232558139535,10.017857142857142,11.154087329906194,5.566800731819122,0.47990000000000005,0.45840000000000003,0.375,0.3194
22200887,2023-02-23,2022-23,IND,BOS,138,142,0,2.0,7.0,-7.3,8.4,111.4,119.0,118.7,110.6,7.0,7.0,0,0,17.91257716049383,23.485244315432993,29.067216521464644,31.809383528194378,-7.232492025518341,27.54117734915803,19.6,26.153846153846153,8.035087719298245,8.304347826086957,4.706204350205153,9.283782971597644,0.472,0.4768,0.356,0.40659999999999996
22200893,2023-02-23,2022-23,LAL,GSW,124,111,1,4.0,5.0,-1.9,2.1,117.2,123.2,119.1,121.1,7.0,8.0,0,0,17.979315784284726,16.279089334777474,29.689700072433105,26.219782664171827,1.0800501394649809,0.2886943325466119,12.108695652173912,7.026315789473684,7.217391304347826,6.913043478260869,8.53765427637029,6.87369584939894,0.47620000000000007,0.5134000000000001,0.337,0.4222
22200888,2023-02-23,2022-23,ORL,DET,108,106,1,5.0,3.0,-0.5,-6.3,109.7,111.6,110.2,117.9,8.0,7.0,0,0,17.622175159707513,15.263685953633354,29.734759155837928,26.03560809018568,-11.008979965925608,-32.85527323619083,19.350877192982455,9.672413793103448,8.945945945945946,8.425925925925926,4.596115632166991,5.006668392864763,0.4647,0.4606,0.3431,0.3426
22200889,2023-02-23,2022-23,PHI,MEM,110,105,1,7.0,4.0,4.1,0.3,113.4,111.8,109.3,111.5,7.0,7.0,0,0,24.219896533726324,21.73354700854701,31.89524208637938,26.996457198695616,22.388117841991498,24.139452133998844,20.795454545454547,16.925,8.64406779661017,5.867924528301887,10.154815133080563,8.601887955488257,0.48290000000000005,0.47640000000000005,0.39160000000000006,0.3292
22200894,2023-02-23,2022-23,SAC,POR,133,116,1,5.0,5.0,-1.7,-4.2,118.1,119.1,119.8,123.3,8.0,8.0,0,0,18.9640573892358,4.956679894179894,31.603561478108297,14.584677936008537,14.83084818534249,-2.529201047009085,18.135593220338983,8.11111111111111,5.666666666666667,8.225806451612904,6.155168476347021,2.954429788066331,0.48980000000000007,0.49400000000000005,0.3269,0.3618
22200890,2023-02-23,2022-23,TOR,NOP,115,110,1,6.0,4.0,2.3,-2.9,116.7,112.7,114.4,115.6,8.0,7.0,0,0,19.21211999709783,17.345299806576403,32.80658173717795,28.369844594746365,-1.9621292654945608,-2.5859441359372726,15.147540983606557,22.28,9.75,13.066666666666666,5.161597905038389,5.123793721977879,0.4798,0.488,0.3506,0.3372
22200892,2023-02-23,2022-23,UTA,OKC,120,119,1,4.0,5.0,-4.4,4.4,117.6,124.1,122.0,119.7,7.0,7.0,0,0,17.679561990554166,19.7778767021653,26.208040890761346,29.176788775842038,3.1299416193135987,7.430234124395605,24.275862068965516,30.849056603773583,4.5,5.032258064516129,7.853708240510578,9.04584309659104,0.4888,0.4963,0.3372,0.40730000000000005
22200895,2023-02-24,2022-23,WAS,NYK,109,115,0,6.0,6.0,5.0,3.2,118.1,116.2,113.1,113.0,7.0,8.0,0,0,22.089112464112464,20.06121031746032,30.675976115058667,31.469183403822058,6.1766174608155735,15.322682244404113,20.767857142857142,23.533333333333335,6.375,9.53448275862069,7.561534739254102,7.194182570685162,0.519,0.48100000000000004,0.40920000000000006,0.3472
22200898,2023-02-24,2022-23,MIN,CHA,113,121,0,5.0,3.0,-0.7,-5.5,118.7,114.9,119.4,120.4,7.0,8.0,0,0,15.896940361226074,19.50301914818044,30.051899541284314,31.281844176132598,3.080056062535847,-25.836282251506482,24.03030303030303,22.35135135135135,5.5476190476190474,19.333333333333332,6.40543706734925,5.325508016040483,0.49349999999999994,0.47779999999999995,0.3593,0.3315
22200897,2023-02-24,2022-23,MIL,MIA,128,99,1,10.0,5.0,11.2,-1.1,123.3,107.9,112.1,109.0,7.0,8.0,0,0,12.401330122692352,14.43995796202448,27.584599156199726,31.09267702287959,9.730792722518233,8.239933558557343,7.777777777777778,20.680851063829788,4.612903225806452,8.476190476190476,5.08577853266793,5.779785791445046,0.48769999999999997,0.4488,0.3632,0.3266
22200899,2023-02-24,2022-23,PHX,OKC,124,115,1,7.0,5.0,2.4,4.8,113.1,122.8,110.7,118.0,7.0,0.0,0,1,15.135124135124135,11.567458592882323,27.02068186134853,22.623841360740904,1.1118621436244387,9.200362660912049,25.88888888888889,14.11111111111111,8.395833333333334,16.137931034482758,7.639460826020079,4.180641060533586,0.48,0.4845,0.32209999999999994,0.38480000000000003
22200900,2023-02-24,2022-23,CHI,BKN,131,87,1,3.0,5.0,-1.6,-2.8,106.1,112.8,107.7,115.6,7.0,8.0,0,0,17.015599343185553,12.307160832761383,32.22863915134548,29.949182217500116,-3.668158570278412,2.6405880446874828,17.666666666666668,10.8,8.836363636363636,8.51923076923077,7.267718617916936,4.197032089881695,0.4767,0.46930000000000005,0.3143,0.39930000000000004
22200896,2023-02-24,2022-23,ATL,CLE,136,119,1,4.0,7.0,0.0,9.7,118.0,112.7,118.0,103.0,8.0,0.0,0,1,20.938545262527388,21.33039318503799,30.817041923948487,30.755556587823015,-4.189071463282287,19.512764758749388,20.70175438596491,26.62962962962963,5.421052631578948,6.515151515151516,7.548997790091648,8.338389676717243,0.47479999999999994,0.5126999999999999,0.3486,0.3307
22200901,2023-02-24,2022-23,GSW,HOU,116,101,1,4.0,2.0,-0.4,-12.7,121.4,109.9,121.8,122.6,0.0,8.0,1,0,16.75404071143572,9.38451527564431,26.004983902792198,23.435947719643956,-1.4330237678197832,-18.72595168994269,21.333333333333332,11.548387096774194,7.358974358974359,3.744186046511628,6.7790553283354935,4.496030699171286,0.49589999999999995,0.4641,0.40890000000000004,0.31179999999999997
22200909,2023-02-25,2022-23,UTA,SAS,118,102,1,5.0,0.0,-3.3,-15.1,117.2,111.4,120.5,126.5,1.0,1.0,0,0,16.59998556402029,13.103884572697003,23.740069411761468,23.172060647594275,-7.561735976489748,-28.921600535363023,20.523809523809526,21.8,11.0,10.01923076923077,7.946196818075318,5.545793960285885,0.4786,0.4667,0.3155,0.3249
22200905,2023-02-25,2022-23,ORL,IND,108,121,0,6.0,2.0,1.6,-6.7,109.6,112.1,108.0,118.8,1.0,1.0,0,0,16.959232955895914,18.07209653092006,28.296658732624895,29.623187520232754,-10.67731682676358,-9.056866280968935,18.64516129032258,19.647058823529413,9.8,6.6521739130434785,4.8256529439752445,5.557092264886047,0.45640000000000003,0.469,0.34609999999999996,0.3615
22200906,2023-02-25,2022-23,NYK,NOP,128,106,1,7.0,4.0,4.5,-2.4,116.2,113.4,111.7,115.8,0.0,1.0,1,0,22.450192054036034,18.096611721611723,31.478404148015347,28.59982768995576,15.667966312397878,-1.3502459516803782,24.369230769230768,22.807692307692307,9.457627118644067,9.21875,7.220824432498755,5.340663635879777,0.4788,0.492,0.3529,0.35290000000000005
22200908,2023-02-25,2022-23,PHI,BOS,107,110,0,7.0,8.0,3.9,9.1,111.8,121.5,107.9,112.4,1.0,1.0,0,0,22.72172733077905,21.82261801426679,31.982811390897474,30.641857853211285,20.647444922427763,27.87419137623951,21.022222222222222,26.22641509433962,10.254237288135593,11.0,9.885468071425992,9.841478132962115,0.47170000000000006,0.48729999999999996,0.37629999999999997,0.418
22200903,2023-02-25,2022-23,DET,TOR,91,95,0,2.0,7.0,-7.3,4.0,109.2,116.5,116.5,112.5,1.0,1.0,0,0,10.198399246704332,16.558871446916985,25.943724690610708,32.85584164308061,-32.31690431351448,-2.545689473685031,9.711864406779661,16.392156862745097,8.074074074074074,10.463414634146341,5.521377547689975,4.973787517516916,0.4558,0.481,0.3519,0.3432
22200904,2023-02-25,2022-23,CHA,MIA,108,103,1,3.0,4.0,-5.2,-4.5,114.8,106.8,120.0,111.3,0.0,0.0,1,1,19.237790422000952,21.055097008233474,27.89536852306852,29.638104371551215,-17.25337430312604,7.739291443769576,22.605263157894736,20.541666666666668,2.9056603773584904,10.413793103448276,7.9354952204305915,6.394217436414382,0.47030000000000005,0.442,0.3297,0.31880000000000003
22200907,2023-02-25,2022-23,MEM,DEN,112,94,1,4.0,8.0,0.0,7.2,110.3,119.6,110.3,112.4,1.0,1.0,0,0,10.98968253968254,18.15581636032456,25.89182436909885,28.49366631160847,5.571818697687616,19.78056875320918,5.119047619047619,23.745454545454546,9.7,10.882352941176471,8.6190538558395,6.127054608924437,0.4678,0.5252000000000001,0.3188,0.37570000000000003
22200915,2023-02-26,2022-23,OKC,SAC,115,124,0,4.0,6.0,2.7,0.1,123.1,126.2,120.4,126.1,1.0,1.0,0,0,14.210006848142442,19.021621637788964,24.601324847612677,28.86414180869723,8.62955635665901,13.603336443102883,15.983050847457626,24.551724137931036,7.943396226415095,13.7,3.7579789158060444,5.842303558970909,0.47509999999999997,0.5111,0.3687,0.3547
22200911,2023-02-26,2022-23,ATL,BKN,129,127,1,5.0,4.0,2.4,-7.9,120.3,109.3,117.9,117.2,1.0,1.0,0,0,20.65360532638825,15.666889167958304,30.50219016373692,30.607921074697856,-3.2696889762264205,5.960781882226699,26.45614035087719,16.868852459016395,13.0,11.043478260869565,6.1339721443489434,3.392805524730854,0.4861999999999999,0.4534000000000001,0.37629999999999997,0.37160000000000004
22200912,2023-02-26,2022-23,CHI,WAS,102,82,1,4.0,5.0,3.3,3.4,108.9,117.7,105.6,114.3,1.0,1.0,0,0,21.97757768361582,17.235964912280703,30.80038041241974,26.991387559808608,3.6036952609867416,4.506594282910072,25.0,20.80701754385965,8.767857142857142,9.173076923076923,8.623927706873904,7.0371544172917435,0.4840999999999999,0.5229,0.3105,0.4218
22200914,2023-02-26,2022-23,CLE,TOR,118,93,1,7.0,7.0,8.3,2.6,114.9,113.7,106.6,111.1,1.0,0.0,0,1,17.331771199458462,18.614751914751917,31.438821920229394,32.891854070004065,21.76984347891948,-1.1581635797153038,21.714285714285715,16.192307692307693,11.666666666666666,9.672413793103448,7.399812607031107,5.195036128851219,0.51,0.46630000000000005,0.3403,0.3368
22200913,2023-02-26,2022-23,DAL,LAL,108,111,0,6.0,5.0,4.1,-0.2,119.1,117.5,115.0,117.7,2.0,2.0,0,0,22.081735646175698,21.91195490089107,27.43287490267877,30.06458624700765,10.512537686124233,1.5969872689222182,26.625,28.48,13.894736842105264,8.0,11.683167112857957,8.483049509207591,0.4922000000000001,0.48020000000000007,0.3883,0.3617
22200916,2023-02-26,2022-23,GSW,MIN,109,104,1,4.0,4.0,0.3,-2.2,120.2,118.3,119.9,120.5,1.0,1.0,0,0,16.906021667926428,15.056633780251284,26.0844192879431,27.623440699117406,1.0346495435781153,0.44077494381994153,8.62962962962963,24.104477611940297,6.791666666666667,5.096153846153846,6.960377962390696,6.5249211042689526,0.49219999999999997,0.49049999999999994,0.4144,0.3467
22200910,2023-02-26,2022-23,MIL,PHX,104,101,1,10.0,7.0,13.1,2.3,122.0,112.7,108.9,110.4,1.0,1.0,0,0,13.010545905707195,19.240930994419365,26.494772374496513,27.098664895379887,28.2439605259405,3.234834535122653,13.935483870967742,13.348837209302326,9.0,4.319148936170213,4.476748255139093,8.276716745661725,0.48260000000000003,0.4782,0.3626,0.3256
22200917,2023-02-26,2022-23,POR,HOU,131,114,1,5.0,2.0,-4.1,-12.4,120.2,110.5,124.3,122.9,2.0,1.0,0,0,17.90103800140746,9.570384294068504,24.19516503355465,21.17449370269107,0.18826399834973892,-17.988724281058378,30.408163265306122,12.175438596491228,5.661290322580645,7.695652173913044,10.744966422023555,3.452453448815733,0.48760000000000003,0.4519,0.3747,0.3194
22200920,2023-02-27,2022-23,PHI,MIA,99,101,0,7.0,4.0,4.6,-4.5,111.6,105.4,107.0,109.9,1.0,1.0,0,0,22.804317747732842,21.145249625273838,31.241643748715397,31.625746545155323,21.047490439868586,6.05804789968434,21.02173913043478,20.79591836734694,19.181818181818183,12.222222222222221,9.916798819529363,5.81374997128206,0.46950000000000003,0.43360000000000004,0.3729,0.31710000000000005
22200921,2023-02-27,2022-23,NYK,BOS,109,94,1,8.0,8.0,7.3,9.0,116.7,120.0,109.4,111.0,1.0,1.0,0,0,18.485988921472792,17.63436079287143,31.10778647266712,30.11533798326969,17.318668919926434,28.301672866140947,23.306451612903224,29.816666666666666,19.71186440677966,14.309090909090909,7.195668641561501,7.931277699232877,0.48500000000000004,0.49090000000000006,0.3719,0.42989999999999995
22200922,2023-02-27,2022-23,NOP,ORL,93,101,0,4.0,5.0,-2.1,-0.7,113.0,108.5,115.1,109.2,1.0,1.0,0,0,17.373075546007875,17.011976504349384,26.33812282027821,28.832782695059517,-5.382515067430481,-10.783145228737528,22.666666666666668,18.682539682539684,14.1875,14.673913043478262,6.709463851598888,4.042202184452882,0.4871,0.45289999999999997,0.3358,0.32889999999999997
22200919,2023-02-27,2022-23,CHA,DET,117,106,1,4.0,2.0,-3.8,-7.4,114.1,106.9,117.9,114.3,1.0,1.0,0,0,14.527692778457771,7.310042735042735,27.292492628179765,18.44285549052397,-18.477278171321668,-8.502498407389712,20.875,9.6,2.8518518518518516,8.142857142857142,7.056357385520145,3.2841317285773406,0.47569999999999996,0.45039999999999997,0.3338,0.3401
22200923,2023-02-28,2022-23,ATL,WAS,116,119,0,6.0,4.0,3.0,-0.7,120.7,113.2,117.7,113.9,1.0,1.0,0,0,19.703170660432495,17.170887023911334,31.259262807207072,27.099609628962686,-0.5605473938685512,3.3179762899473237,11.625,20.620689655172413,12.981818181818182,9.132075471698114,5.6582057271353925,6.915294591944218,0.48939999999999995,0.5092000000000001,0.3863,0.3899
22200924,2023-02-28,2022-23,BKN,MIL,104,118,0,3.0,10.0,-9.8,10.9,109.9,118.9,119.7,108.0,1.0,1.0,0,0,15.58527105734767,21.389591694119996,30.748202949674493,28.5582066309593,5.868523733528314,21.933656815527787,17.453125,19.245283018867923,9.081967213114755,8.227272727272727,3.7452179053990906,8.144371855236148,0.4554,0.47109999999999996,0.3685,0.352
22200929,2023-02-28,2022-23,DAL,IND,122,124,0,5.0,3.0,3.2,-4.2,118.8,114.2,115.6,118.4,1.0,2.0,0,0,24.35035751209807,15.047782020239646,31.304530297304108,27.34426342771605,12.262123700054735,-8.05615453785306,32.592592592592595,19.557692307692307,8.977777777777778,17.424242424242426,11.125347338511531,5.457251766761223,0.48469999999999996,0.47190000000000004,0.39970000000000006,0.37089999999999995
22200931,2023-02-28,2022-23,GSW,POR,123,105,1,5.0,5.0,1.3,-2.8,119.7,120.4,118.4,123.2,1.0,1.0,0,0,17.02151515151515,19.836839689265535,27.61543561185838,26.32041181571198,2.9511406299226373,2.3897493728232524,21.96,20.11864406779661,8.716981132075471,3.1403508771929824,6.776288219312666,10.726187940420777,0.49330000000000007,0.48769999999999997,0.41869999999999996,0.3785
22200926,2023-02-28,2022-23,HOU,DEN,112,133,0,1.0,7.0,-14.4,3.8,110.2,116.8,124.6,113.0,1.0,1.0,0,0,12.02478448275862,18.114725703146757,23.73405028735632,27.907014660719398,-18.861494252873563,13.564614449877604,12.120689655172415,19.34,4.133333333333334,7.333333333333333,4.190060691398567,7.127268053082996,0.44910000000000005,0.5105000000000001,0.31670000000000004,0.34859999999999997
22200927,2023-02-28,2022-23,MEM,LAL,121,109,1,5.0,6.0,2.9,1.8,111.5,118.2,108.6,116.4,2.0,1.0,0,0,16.2385259013166,16.86783154121864,27.059028700118724,27.982928830487772,22.129783670769843,-0.781595603723918,26.72222222222222,25.25,8.333333333333334,6.963636363636364,7.944206144069214,6.610452779854459,0.47429999999999994,0.48419999999999996,0.3287,0.34140000000000004
22200928,2023-02-28,2022-23,OKC,SAC,117,123,0,4.0,6.0,2.6,0.0,122.6,126.7,120.0,126.7,1.0,1.0,0,0,9.04523375834851,14.84302195340502,20.081151906785784,28.48948368108892,8.264843004597102,13.277546182627821,12.524590163934427,14.265625,14.232142857142858,13.672131147540984,3.3045478251924107,4.129326161251882,0.47330000000000005,0.5106999999999999,0.3629,0.367
22200925,2023-02-28,2022-23,TOR,CHI,104,98,1,7.0,4.0,0.9,3.7,112.4,107.7,111.5,104.0,1.0,1.0,0,0,19.506338183421516,22.01273209549072,34.839809046578054,30.796980032892503,-2.202069639507574,4.592633863414262,18.90740740740741,23.4,11.857142857142858,8.912280701754385,4.269584220164144,8.655317136303083,0.4601,0.48279999999999995,0.3455,0.2979
22200930,2023-02-28,2022-23,UTA,SAS,94,102,0,5.0,0.0,-2.5,-14.6,118.2,111.0,120.7,125.6,2.0,2.0,0,0,14.88042328042328,13.225037893141343,24.01493546330213,23.920509342087065,-2.434635734635735,-26.700376824583888,24.633333333333333,21.732142857142858,3.861111111111111,6.40625,7.186889659101622,5.449581974542203,0.4777,0.4626,0.31510000000000005,0.32730000000000004
22200941,2023-03-01,2022-23,POR,NOP,110,121,0,4.0,4.0,-5.6,-2.0,118.7,111.0,124.3,113.0,0.0,1.0,1,0,18.208733378408834,18.604223681809888,24.502150600067615,29.524446451259774,0.6284398242055445,-1.1446037458364882,31.098039215686274,22.75,20.766666666666666,8.235294117647058,10.799041152462939,6.168845479230814,0.48360000000000003,0.4824,0.37039999999999995,0.32839999999999997
22200940,2023-03-01,2022-23,OKC,LAL,117,123,0,4.0,5.0,2.6,0.0,123.7,116.2,121.1,116.2,0.0,0.0,1,1,14.272916338086533,10.721749811035524,24.341301669438085,26.45364772317911,6.276067084686862,-4.11448340718122,14.175438596491228,12.16326530612245,6.745454545454545,8.048387096774194,4.252516894530324,2.5368592570616273,0.4803,0.4768,0.3664,0.3463
22200939,2023-03-01,2022-23,MIL,ORL,139,117,1,10.0,6.0,11.4,1.2,118.3,109.2,106.9,108.0,0.0,1.0,1,0,20.19448075526507,14.781969670760537,29.208978140885982,28.373003401408347,20.276694288826643,-9.750824359972324,19.14814814814815,11.808510638297872,6.035714285714286,14.595744680851064,9.142345908109508,4.012715160076588,0.4791,0.4606,0.3557,0.3396
22200936,2023-03-01,2022-23,MIA,PHI,96,119,0,4.0,6.0,-4.6,3.3,105.5,111.0,110.1,107.7,1.0,1.0,0,0,18.008125,18.344444444444445,31.549621149876618,27.513765212093443,5.855019952425415,12.41158529217989,12.234375,19.266666666666666,10.074074074074074,8.733333333333333,5.746799465851588,6.7647175964283015,0.4332,0.4697,0.3124,0.3699
22200937,2023-03-01,2022-23,NYK,BKN,142,118,1,8.0,3.0,8.6,-6.9,117.0,110.7,108.4,117.6,1.0,0.0,0,1,22.386444760325357,16.10834350834351,32.95634485010667,28.800433938713617,17.34103234069002,1.7831068618803052,23.206349206349206,17.661538461538463,7.777777777777778,10.116279069767442,7.523615712374768,3.6481636766835113,0.4842000000000001,0.4579000000000001,0.3773,0.3787
22200934,2023-03-01,2022-23,DET,CHI,115,117,0,2.0,3.0,-7.9,2.3,107.0,104.6,114.9,102.3,1.0,0.0,0,1,14.819483700772565,21.937001299463095,21.921104040193843,31.730836554788482,-24.816163059824866,-0.8049826076552848,20.704918032786885,23.295081967213115,9.639344262295081,8.879310344827585,5.595112336555319,7.8371828021170495,0.45050000000000007,0.4749,0.3157,0.2917
22200933,2023-03-01,2022-23,CHA,PHX,91,105,0,5.0,6.0,-1.1,1.2,116.0,111.4,117.1,110.2,1.0,2.0,0,0,18.077854893644368,16.95623317553142,24.947359043359043,29.170755742863143,-16.99654115443589,9.52733458543587,20.894736842105264,6.481481481481482,8.386363636363637,11.84375,7.021537109873288,8.5370937809585,0.4856,0.4709,0.3638,0.3196
22200935,2023-03-01,2022-23,BOS,CLE,117,113,1,7.0,7.0,3.2,9.3,115.5,113.9,112.3,104.6,1.0,2.0,0,0,22.30847753491196,20.96954887218045,31.70098159561102,33.14592344260012,27.871683088956473,22.079900289134923,26.22222222222222,26.642857142857142,12.121212121212121,6.529411764705882,9.247587075799796,7.15729691860917,0.47729999999999995,0.5085999999999999,0.4032,0.34199999999999997
22200938,2023-03-01,2022-23,HOU,MEM,99,113,0,0.0,5.0,-17.1,2.9,110.2,112.4,127.3,109.5,0.0,0.0,1,1,16.0180790960452,17.29578116885961,28.151992339299113,27.150772062422753,-27.828446130141046,22.149723438350506,11.8,20.952380952380953,12.05084745762712,9.390625,4.7074201075535544,7.741017874194679,0.45499999999999996,0.4715,0.3153,0.3238
22200943,2023-03-02,2022-23,DAL,PHI,133,126,1,4.0,6.0,2.5,4.4,119.9,109.2,117.4,104.8,1.0,0.0,0,1,22.003030303030304,22.72044626593807,29.162463820587373,32.466247883503605,12.363552574029676,21.581649135109863,26.3,21.041666666666668,13.983050847457626,3.564516129032258,10.995742961144838,9.891227553446448,0.49169999999999997,0.4662,0.398,0.3603
22200944,2023-03-02,2022-23,SAS,IND,110,99,1,1.0,4.0,-12.8,-3.9,110.3,115.5,123.1,119.4,1.0,1.0,0,0,8.104411311958481,10.816097564503066,21.19774716834528,23.168385205151566,-27.96631970405555,-10.167345246685787,6.492307692307692,16.940298507462686,19.060606060606062,7.983333333333333,4.42903313546034,4.995126505922635,0.45099999999999996,0.4761,0.32480000000000003,0.37120000000000003
22200942,2023-03-02,2022-23,WAS,TOR,119,108,1,5.0,8.0,0.4,1.8,113.5,110.0,113.1,108.2,1.0,1.0,0,0,22.10409071527556,19.69793844881564,28.366912324167835,33.3936372456004,4.928178795064246,-1.3648998712519584,22.641509433962263,18.618181818181817,9.0,17.93103448275862,7.7335914200774445,4.220259551461456,0.5086999999999999,0.45500000000000007,0.3821,0.3377
22200951,2023-03-03,2022-23,OKC,UTA,130,103,1,3.0,4.0,-1.2,-3.6,120.1,114.5,121.3,118.1,1.0,2.0,0,0,14.392999864635016,13.781023348236461,24.48762114577632,21.71741870401512,5.467408672775747,-9.649319857366464,14.258620689655173,24.688524590163933,6.767857142857143,12.333333333333334,4.305250336722603,7.553255727896199,0.471,0.45999999999999996,0.3482,0.3083
22200949,2023-03-03,2022-23,MIA,NYK,120,122,0,4.0,9.0,-6.7,11.6,104.7,118.4,111.4,106.8,1.0,1.0,0,0,20.920816457730634,19.10202205882353,30.98431505796223,32.36113506768387,3.796747616735563,18.788665696999196,20.352941176470587,24.352941176470587,10.0,9.925925925925926,6.057727670190282,7.50955687707425,0.43200000000000005,0.497,0.3004,0.3894
22200955,2023-03-03,2022-23,LAL,MIN,102,110,0,5.0,4.0,0.5,-1.8,117.3,116.5,116.8,118.3,1.0,2.0,0,0,16.9502743902439,14.502595834117571,27.68998808012094,30.152149338986295,-4.384231591973546,1.8785994271560922,12.44,23.840579710144926,7.087719298245614,10.868852459016393,6.504557430486964,5.541530092537104,0.47859999999999997,0.4904,0.3647,0.36029999999999995
22200953,2023-03-03,2022-23,GSW,NOP,108,99,1,6.0,5.0,6.6,-0.4,119.9,112.5,113.3,112.9,0.0,1.0,1,0,17.183449883449885,18.80385495811416,26.31846707152497,29.59320034929478,7.6917678812415655,-1.0081030019080546,20.59090909090909,20.25423728813559,8.157894736842104,5.2894736842105265,6.750785057327432,6.976736930980034,0.4835,0.4840999999999999,0.39909999999999995,0.3394
22200946,2023-03-03,2022-23,CHA,ORL,106,117,0,5.0,5.0,-1.9,-1.7,113.9,108.2,115.8,109.9,1.0,1.0,0,0,18.132444533547183,13.794377487100398,27.55183099841178,27.667177260048362,-17.22355759084962,-13.90098806415809,19.093023255813954,19.19672131147541,7.814814814814815,8.411764705882353,5.943328467426862,4.005931697011344,0.4776000000000001,0.4534000000000001,0.36460000000000004,0.31470000000000004
22200950,2023-03-03,2022-23,CHI,PHX,104,125,0,3.0,7.0,0.1,5.8,103.5,111.9,103.4,106.1,1.0,1.0,0,0,21.982603113464933,20.353885003885004,31.770998806535385,29.21339221704222,-0.32178391032756193,6.794023739418476,23.580645161290324,26.102564102564102,8.966101694915254,7.625,7.866522923038106,9.289357547311157,0.4669,0.47739999999999994,0.3088,0.34130000000000005
22200948,2023-03-03,2022-23,BOS,BKN,105,115,0,8.0,2.0,4.8,-9.5,117.8,110.0,113.0,119.5,1.0,1.0,0,0,21.81712534777051,14.390355763517528,32.37306388406284,31.424919065547744,27.789483216011867,3.097011089005871,26.036363636363635,17.71212121212121,8.518518518518519,12.274193548387096,9.212415929587996,3.9324932945036712,0.48860000000000003,0.4546,0.4269,0.37479999999999997
22200947,2023-03-03,2022-23,ATL,POR,129,111,1,5.0,3.0,-0.5,-7.5,119.1,117.3,119.6,124.8,2.0,1.0,0,0,20.992958030669897,20.13546285373361,31.29551434144279,25.414676283673096,-0.6823128779158226,-1.2145165196659276,20.8,20.311475409836067,12.928571428571429,5.673469387755102,5.677734155982749,10.706030950404626,0.47850000000000004,0.4791,0.3658,0.3578
22200952,2023-03-03,2022-23,DEN,MEM,113,97,1,7.0,6.0,3.9,5.3,117.3,112.5,113.4,107.2,2.0,1.0,0,0,18.15566894861393,19.264213564213566,30.51832208328211,27.17004483092274,34.25879683432752,24.20503708178127,19.58823529411765,14.266666666666667,8.232558139534884,9.555555555555555,5.599651267779202,7.716256617947278,0.5176,0.4726,0.35229999999999995,0.341
22200959,2023-03-04,2022-23,SAS,HOU,110,122,0,2.0,0.0,-10.5,-17.9,108.8,109.0,119.3,126.9,1.0,2.0,0,0,9.425132275132276,13.365319865319867,22.711297766112132,28.156384006734008,-22.575804431838918,-28.17979797979798,8.11111111111111,11.909090909090908,4.666666666666667,11.916666666666666,2.7475525190607732,4.6684456950136815,0.4385,0.44499999999999995,0.32280000000000003,0.3144
22200956,2023-03-04,2022-23,WAS,TOR,109,116,0,6.0,7.0,1.7,0.1,113.1,109.1,111.4,109.0,1.0,1.0,0,0,22.105630834086117,19.66509180474698,29.888869209712293,34.8014105603501,5.001010101010101,-1.4473672392287238,22.73170731707317,18.535714285714285,8.555555555555555,12.086206896551724,7.6766222242433635,4.085099371712148,0.5118,0.454,0.38239999999999996,0.3265
22200961,2023-03-04,2022-23,SAC,MIN,134,138,0,8.0,5.0,4.2,-0.3,131.0,115.5,126.8,115.8,0.0,0.0,1,1,19.214488636363637,14.466010798139628,30.205600724652435,30.18736361949094,15.895580517153098,2.9627203115306835,14.575757575757576,8.298245614035087,12.209677419354838,5.8478260869565215,4.644128576197881,6.242115114875889,0.5303000000000001,0.4915999999999999,0.3726,0.3651
22200957,2023-03-04,2022-23,CLE,DET,114,90,1,6.0,1.0,7.0,-8.7,113.0,106.7,106.0,115.4,2.0,2.0,0,0,19.062544938165086,11.644763042612505,30.76576266974061,20.854503612675654,19.83501448844147,-21.18943505717699,15.78125,10.548387096774194,11.564516129032258,5.020833333333333,7.674461631047014,3.66483636961932,0.5052,0.44930000000000003,0.3328,0.3119
22200958,2023-03-04,2022-23,MIA,ATL,117,109,1,4.0,5.0,-6.1,0.6,105.2,120.5,111.3,119.9,0.0,0.0,1,1,21.036138276650608,20.71683412656443,31.583423697281397,31.801196108683484,3.6235844266840305,-0.34977242153506427,20.51923076923077,21.131147540983605,9.93939393939394,11.64,6.1530837665886144,5.524010990386053,0.43550000000000005,0.48929999999999996,0.3226,0.38499999999999995
22200960,2023-03-04,2022-23,MIL,PHI,130,133,0,10.0,6.0,13.5,4.8,121.6,112.1,108.1,107.3,2.0,1.0,0,0,21.40990675990676,24.384834784977823,28.50256593297413,29.73206910565645,25.746739495665445,13.616431709902585,19.21818181818182,19.638297872340427,6.379310344827586,9.565217391304348,8.529341613701675,9.377626347537035,0.48789999999999994,0.48339999999999994,0.3778,0.3767
22200969,2023-03-05,2022-23,BOS,NYK,129,131,0,7.0,9.0,2.6,10.7,117.2,119.8,114.6,109.1,1.0,1.0,0,0,21.806416591793948,19.01465546480397,32.32286665650212,30.900247991234266,24.42446321467409,18.148686765138955,29.61904761904762,12.985294117647058,12.058823529411764,9.8,9.237606092560794,6.645709045722717,0.4904,0.512,0.4147,0.3976
22200965,2023-03-05,2022-23,BKN,CHA,102,86,1,3.0,5.0,-7.7,-2.4,109.9,113.2,117.6,115.6,1.0,1.0,0,0,16.51323723264022,18.4107866396002,30.812093210382763,30.81962476581409,3.9599121494177463,-21.765985619527328,18.01492537313433,20.89830508474576,8.921875,7.923076923076923,3.984559390831283,5.377322411749037,0.4479,0.4721,0.355,0.3657
22200963,2023-03-05,2022-23,CHI,IND,122,125,0,3.0,3.0,-0.5,-5.3,105.0,114.7,105.5,120.0,1.0,2.0,0,0,22.012186659727643,18.154786507966882,30.840842440083037,28.188918666360497,0.4588212773960785,-9.208065594487632,23.634920634920636,19.79245283018868,10.176470588235293,7.142857142857143,8.517933868919792,5.378875406869789,0.47709999999999997,0.4768,0.3192,0.3645
22200962,2023-03-05,2022-23,DAL,PHX,126,130,0,5.0,7.0,3.8,6.7,121.9,113.8,118.1,107.1,2.0,1.0,0,0,22.188901458019103,24.328639846743297,31.2982932468623,29.24626347282708,13.502325017964527,12.373190470591036,7.123076923076923,28.333333333333332,6.758064516129032,11.470588235294118,11.09916552073394,8.559183831258897,0.5006999999999999,0.48419999999999996,0.41509999999999997,0.3464
22200967,2023-03-05,2022-23,HOU,SAS,142,110,1,1.0,2.0,-13.5,-9.3,109.1,109.4,122.6,118.7,0.0,0.0,1,1,16.56681666507094,16.612467989144978,28.606173661273107,23.1999121340715,-26.8528047573962,-25.997820332656694,18.608695652173914,9.018518518518519,14.508196721311476,8.163636363636364,4.551660563577588,6.874040130190844,0.45070000000000005,0.4383,0.31589999999999996,0.33249999999999996
22200964,2023-03-05,2022-23,LAL,GSW,113,105,1,5.0,6.0,0.2,4.8,114.9,116.6,114.7,111.8,1.0,1.0,0,0,15.012073795035256,19.849855330043216,28.102480975166365,30.56982289533812,-1.6911677170868349,10.909252227001891,7.103448275862069,8.89655172413793,8.03125,6.788461538461538,6.721165199858672,9.103144966032422,0.4721,0.47709999999999997,0.3626,0.3794
22200968,2023-03-05,2022-23,OKC,UTA,129,119,1,4.0,4.0,4.2,-5.6,121.7,114.0,117.5,119.6,1.0,1.0,0,0,20.020916005291003,13.465499084249084,28.241574664675852,23.859186188811186,8.363180859988955,-12.28833065083065,31.0,20.34375,5.72,7.777777777777778,8.734365949883323,5.317390202851411,0.4726,0.4636,0.3533,0.3098
22200966,2023-03-05,2022-23,ORL,POR,119,122,0,5.0,3.0,-1.2,-8.5,108.0,116.3,109.2,124.8,1.0,1.0,0,0,13.873033734624132,20.28097737877866,27.385799933682012,24.937466412750773,-8.727498665018759,-0.7680140612755282,8.976190476190476,20.20967741935484,12.224489795918368,5.681818181818182,4.221933427681175,10.834181113200518,0.46069999999999994,0.4756,0.3184,0.3585
22200973,2023-03-05,2022-23,WAS,MIL,111,117,0,6.0,9.0,3.3,12.4,114.9,122.3,111.6,109.9,0.0,0.0,1,1,18.18654401154401,20.337075761527984,28.360189613810103,28.701610420920797,4.3631445136055795,21.54060384175379,22.672727272727272,30.962264150943398,8.5625,8.042553191489361,7.3820451027967575,9.121807211700682,0.5197999999999999,0.48860000000000003,0.41929999999999995,0.3928
22200976,2023-03-06,2022-23,SAC,NOP,123,108,1,7.0,4.0,1.8,-1.8,130.4,109.3,128.6,111.1,1.0,2.0,0,0,15.023036223036224,15.044444444444444,28.552719648234575,29.730634188034184,13.842603412410115,-2.051282051282051,12.015873015873016,23.133333333333333,7.688524590163935,9.765625,4.753916865272779,5.684341349672425,0.5269999999999999,0.4763,0.3733,0.3439
22200974,2023-03-06,2022-23,MIA,ATL,130,128,1,4.0,5.0,-5.8,1.8,105.3,120.6,111.1,118.8,1.0,1.0,0,0,21.038451939395337,16.082022872181874,31.724592009432975,31.259155468643524,4.206770673707994,-0.9371321564098711,20.50943396226415,20.951612903225808,9.444444444444445,14.435897435897436,6.167151273574582,5.368919420327243,0.4393000000000001,0.48769999999999997,0.3281,0.385
22200972,2023-03-06,2022-23,IND,PHI,143,147,0,4.0,7.0,-3.1,5.8,116.9,115.5,120.0,109.7,0.0,1.0,1,0,18.011808910359637,24.53258547008547,26.25455098326258,29.44799648555149,-9.352453597762521,12.700576159951162,19.962962962962962,21.5,9.052631578947368,10.046875,5.4278203477559925,9.363349623061271,0.48440000000000005,0.4888,0.3759,0.39299999999999996
22200977,2023-03-06,2022-23,DET,POR,104,110,0,1.0,4.0,-9.5,-6.3,105.7,117.7,115.2,124.0,1.0,0.0,0,1,7.222240349628223,20.407166907166907,21.232047825779947,25.033134542915803,-23.121506288755242,-2.317246140052312,5.72093023255814,9.515151515151516,8.419354838709678,8.161764705882353,3.6474126301564382,10.681895967205161,0.4468,0.4819,0.29880000000000007,0.36750000000000005
22200971,2023-03-06,2022-23,CLE,BOS,118,114,1,6.0,6.0,7.1,1.7,113.0,119.5,105.9,117.8,1.0,0.0,0,1,21.45830448530624,17.249398004815962,33.11287650169288,27.000917863926656,23.34453787091558,17.68324763314937,26.82758620689655,26.24561403508772,6.542857142857143,3.740740740740741,7.237163979405008,7.868099517905604,0.49829999999999997,0.47719999999999996,0.3326,0.396
22200975,2023-03-06,2022-23,DEN,TOR,118,113,1,8.0,7.0,8.5,0.5,118.8,110.1,110.3,109.6,2.0,1.0,0,0,18.122620599739246,19.58986095181457,30.551252806233315,33.48668530380784,34.21557552616875,-1.211091081485652,23.610169491525422,24.084745762711865,6.4,17.833333333333332,6.125492995375389,4.049900481474025,0.5156999999999999,0.4626,0.35409999999999997,0.3359
22200983,2023-03-07,2022-23,DAL,UTA,120,116,1,4.0,4.0,2.1,-5.3,122.1,114.8,120.0,120.1,1.0,1.0,0,0,24.50978407557355,12.183943654911397,28.48224893331391,21.11688174430738,10.78564633525807,-10.559179756293508,26.634615384615383,24.612903225806452,6.384615384615385,13.0,11.609038153601086,7.487365855057851,0.5035000000000001,0.4654,0.4161,0.3201
22200769,2023-03-07,2022-23,DET,WAS,117,119,0,1.0,5.0,-8.9,1.3,106.2,114.2,115.1,112.9,0.0,1.0,1,0,9.846590909090908,17.013126124499202,19.146517261503924,30.18593583482948,-22.904095117845117,4.085057613828406,5.9772727272727275,22.930232558139537,10.818181818181818,8.553846153846154,4.219323376626735,7.614834998609592,0.4508,0.5118,0.3028,0.4046
22200981,2023-03-07,2022-23,HOU,BKN,96,118,0,2.0,4.0,-8.3,-5.7,111.3,108.9,119.6,114.6,1.0,1.0,0,0,16.032258064516128,13.037646116138765,28.77009638728518,32.155863038057944,-24.270559974161248,5.569138294419233,21.677419354838708,18.235294117647058,11.955882352941176,14.428571428571429,4.574836838091627,4.089108488396768,0.4619,0.4389,0.3295,0.3508
22200984,2023-03-07,2022-23,LAL,MEM,112,103,1,6.0,6.0,1.3,4.9,113.2,113.5,111.9,108.6,1.0,1.0,0,0,15.146344359883974,12.194102772191053,27.810006550272227,25.486336185896754,-1.5174890574504587,17.902455990053337,25.930232558139537,21.31111111111111,8.061538461538461,9.415384615384616,6.817489599182523,5.691696383582642,0.4587,0.46799999999999997,0.35069999999999996,0.3478
22200980,2023-03-07,2022-23,MIN,PHI,94,117,0,5.0,7.0,-2.9,5.1,116.5,118.3,119.4,113.2,2.0,0.0,0,1,14.574531706806084,14.814489214489214,28.52685867230242,29.379788263523437,4.7188357090865445,15.736785983745214,23.816901408450704,14.555555555555555,10.74074074074074,3.53125,5.727829162633188,10.265564839180842,0.49639999999999995,0.4949,0.37939999999999996,0.40330000000000005
22200979,2023-03-07,2022-23,NYK,CHA,105,112,0,9.0,5.0,10.5,-2.6,122.7,111.4,112.2,114.0,1.0,1.0,0,0,19.21647112951461,18.17063492063492,31.16268264535887,29.329848082010585,17.7003299689441,-22.194368456602497,13.347826086956522,20.816666666666666,9.696428571428571,8.553191489361701,6.681612242701665,5.301823373470086,0.5157999999999999,0.46769999999999995,0.3993,0.36340000000000006
22200982,2023-03-07,2022-23,OKC,GSW,137,128,1,4.0,6.0,4.9,4.3,121.3,114.9,116.4,110.6,1.0,1.0,0,0,20.47818813131313,19.848653334529043,26.2086883011146,30.594515569693037,9.387062778419404,9.470698042325266,16.140625,22.01851851851852,5.184210526315789,9.140350877192983,9.467227472739609,8.622255168188426,0.47109999999999996,0.46929999999999994,0.34110000000000007,0.3711
22200978,2023-03-07,2022-23,ORL,MIL,123,134,0,5.0,9.0,-1.1,11.1,110.1,121.3,111.2,110.2,1.0,1.0,0,0,16.688200268498775,11.914402055322169,28.52580908146438,25.339679635312955,-9.354111973105377,15.480493394700318,18.492537313432837,7.971014492753623,4.309523809523809,6.580645161290323,5.720323811717543,3.1869327265403085,0.4638999999999999,0.4816,0.32989999999999997,0.3996
22200990,2023-03-08,2022-23,PHX,OKC,132,101,1,7.0,4.0,5.5,4.9,115.2,121.2,109.7,116.3,2.0,0.0,0,1,19.278950037967743,6.587649635720477,28.482887085591575,19.576317233342145,3.4346244877992436,8.23451517837423,26.5609756097561,5.147058823529412,6.807017543859649,14.229508196721312,7.766050806300761,4.5278523254258225,0.48329999999999995,0.46769999999999995,0.3339,0.337
22200985,2023-03-08,2022-23,WAS,ATL,120,122,0,5.0,5.0,0.1,2.5,113.4,122.7,113.3,120.2,0.0,1.0,1,0,22.236833530551696,20.93356447129,30.2657258564556,31.53946889784779,4.97871556138051,3.1807060945251213,22.719298245614034,20.984126984126984,8.904761904761905,14.375,7.610485832638641,5.604067386120642,0.5058,0.4984,0.4064,0.38270000000000004
22200988,2023-03-08,2022-23,NOP,DAL,113,106,1,3.0,4.0,-6.5,1.9,106.5,123.1,113.0,121.2,1.0,0.0,0,1,14.121671400050616,24.581197836869762,26.0585856612714,30.651501223562473,-7.221789679513793,12.74577270076206,12.909090909090908,26.754716981132077,11.03921568627451,6.671875,4.984037692267586,10.267382479714021,0.47359999999999997,0.4981,0.32799999999999996,0.40969999999999995
22200986,2023-03-08,2022-23,BOS,POR,115,93,1,5.0,4.0,0.2,-6.0,118.2,116.2,118.0,122.2,1.0,1.0,0,0,16.08828781512605,20.468477049910874,28.285323344984544,26.38456777505405,21.903208946413812,-6.255922263250087,12.057142857142857,9.617647058823529,9.796296296296296,6.551020408163265,9.422153105224382,10.199997523952558,0.4694,0.4755000000000001,0.38380000000000003,0.3834
22200989,2023-03-08,2022-23,DEN,CHI,96,117,0,8.0,3.0,5.6,0.3,116.0,106.7,110.4,106.4,1.0,2.0,0,0,18.087478559176674,22.071044199002653,30.598242081690792,30.932529202935275,35.59170052059823,-1.9304343623913007,19.71698113207547,24.870967741935484,7.5,6.290909090909091,5.796889755475759,7.9829644378695575,0.5033,0.49169999999999997,0.34540000000000004,0.34550000000000003
22200987,2023-03-08,2022-23,MIA,CLE,100,104,0,4.0,6.0,-5.8,4.7,108.6,113.5,114.4,108.8,1.0,1.0,0,0,17.296862001264515,21.011922697515917,31.757992531414267,31.534768299955527,2.2499215494410008,21.045430228632036,20.37037037037037,21.683333333333334,11.955882352941176,5.196078431372549,5.621419972365714,8.464019934312597,0.4509,0.4937,0.3517,0.34480000000000005
22200992,2023-03-09,2022-23,DET,CHA,103,113,0,1.0,6.0,-6.3,-0.8,109.4,111.0,115.7,111.8,1.0,1.0,0,0,9.216898148148148,18.31597849569306,19.598923757846183,29.442744098815275,-20.800595034050914,-20.659637155980224,15.2,19.434782608695652,8.309090909090909,8.4375,3.60763137697377,5.454774451478114,0.46499999999999997,0.4687,0.32110000000000005,0.3661
22200993,2023-03-09,2022-23,IND,HOU,134,125,1,4.0,2.0,-3.0,-10.3,120.1,108.1,123.1,118.4,2.0,1.0,0,0,15.615056130310366,12.678902116402115,27.40114026036083,25.39492972643969,-6.610778049002183,-22.248720381872555,20.30909090909091,11.952380952380953,7.841269841269841,9.652173913043478,5.562895629332268,5.793755116274593,0.4946,0.45059999999999995,0.3709,0.3109
22200996,2023-03-09,2022-23,MEM,GSW,131,110,1,5.0,6.0,2.5,4.0,113.4,117.4,110.9,113.4,1.0,1.0,0,0,13.575087138493009,19.123778227165488,26.64770893554467,29.128849149227356,16.580258655191358,7.6446992677023005,14.14516129032258,28.86046511627907,5.916666666666667,8.9,5.586315788316751,9.079496597292515,0.4586,0.48040000000000005,0.3388,0.383
22200995,2023-03-09,2022-23,MIL,BKN,118,113,1,9.0,4.0,11.3,-4.6,123.2,109.1,111.9,113.7,1.0,1.0,0,0,14.825265522875817,5.3646496747542045,27.416892208405045,13.64781591210593,20.368209508477534,-6.927262837592823,14.470588235294118,5.341463414634147,6.75,4.428571428571429,4.183682726823924,2.784944386913707,0.4951,0.44539999999999996,0.4098,0.3497
22200994,2023-03-09,2022-23,ORL,UTA,124,131,0,4.0,4.0,-3.3,-3.2,110.9,114.6,114.2,117.8,1.0,1.0,0,0,17.128322440087146,12.832779137126963,28.523999532616074,23.458204749807635,-9.699505612851201,-4.435375656327681,18.529411764705884,24.746031746031747,10.78,12.666666666666666,4.7864029638604535,6.867510069854545,0.4654,0.4681,0.3266,0.3189
22200997,2023-03-09,2022-23,SAC,NYK,122,117,1,7.0,9.0,3.1,10.9,129.7,122.4,126.6,111.5,2.0,1.0,0,0,15.957005718954248,17.913609380642832,31.695231732860186,31.611144934708904,16.511706138515212,13.471916061144192,14.647058823529411,24.591549295774648,7.790322580645161,4.971830985915493,5.7917712239649655,7.276508512200954,0.5336000000000001,0.5054000000000001,0.3821,0.3924
22200999,2023-03-10,2022-23,WAS,ATL,107,114,0,5.0,5.0,0.8,1.8,112.8,123.3,112.0,121.5,1.0,1.0,0,0,22.381718664477287,20.91893187830688,28.912278514855934,31.531896980445744,4.474742164680404,-1.1100196252908519,20.92063492063492,20.921875,10.090909090909092,14.384615384615385,7.657098809138714,5.596186788950945,0.5024,0.506,0.40490000000000004,0.3896
22200998,2023-03-10,2022-23,PHI,POR,120,119,1,7.0,4.0,7.1,-7.3,119.9,112.6,112.8,119.9,2.0,1.0,0,0,24.660856935366738,20.407967032967033,32.52650628503169,31.127092646069777,20.993706798375918,-1.4973232790018254,21.352941176470587,20.184615384615384,8.272727272727273,5.797101449275362,8.936179710121403,9.18047144489888,0.5003,0.4568,0.4372,0.37160000000000004
22201002,2023-03-10,2022-23,SAS,DEN,128,120,1,2.0,8.0,-11.1,4.6,110.6,115.2,121.7,110.6,4.0,1.0,0,0,16.81465157145738,17.973538500575447,26.015869017501956,30.506838196872643,-33.8355829800845,37.458665121010824,21.551724137931036,23.40983606557377,12.322033898305085,16.87037037037037,5.288740392515751,4.8865958343951945,0.4443,0.49890000000000007,0.33680000000000004,0.35259999999999997
22201000,2023-03-10,2022-23,MIA,CLE,119,115,1,3.0,6.0,-6.6,4.0,107.9,112.1,114.5,108.1,1.0,1.0,0,0,21.023076923076925,17.542628205128207,32.16919353724053,30.505003928408172,2.0500921388172677,19.321276231024367,20.4,26.9,10.11111111111111,4.9,5.671813720591321,7.885391251593876,0.4574,0.48599999999999993,0.34850000000000003,0.3412
22201003,2023-03-10,2022-23,LAL,TOR,122,112,1,7.0,6.0,3.1,-1.6,113.8,108.6,110.7,110.2,2.0,1.0,0,0,16.32471994578913,18.311475409836067,29.258583026791893,33.55497052818872,0.4800712542343704,-2.2444152736527796,12.377358490566039,15.0,7.316666666666666,17.580645161290324,7.0657435625581595,3.9810871092239566,0.45709999999999995,0.45709999999999995,0.33680000000000004,0.34249999999999997
22201001,2023-03-10,2022-23,MIN,BKN,123,124,0,5.0,4.0,-1.8,-4.8,114.7,110.6,116.5,115.4,2.0,0.0,0,1,15.978659401027821,14.586328099760934,30.19476482798809,31.989511841061095,3.2932032773924718,6.483671038174384,23.930555555555557,18.285714285714285,8.733333333333333,14.206896551724139,5.770754652215736,4.157787376766003,0.4888,0.4446,0.3814,0.35609999999999997
22201008,2023-03-11,2022-23,ATL,BOS,125,134,0,5.0,5.0,0.6,1.4,122.2,117.8,121.6,116.4,0.0,2.0,1,0,20.916016445985708,16.504375791043028,31.901639915310103,32.55671570200955,-0.8874443313279735,23.892691843574884,20.846153846153847,26.084745762711865,9.18840579710145,14.23728813559322,6.151459420800563,8.480541988469357,0.5016999999999999,0.47280000000000005,0.3995,0.3793
22201005,2023-03-11,2022-23,CHA,UTA,111,119,0,7.0,4.0,1.6,-3.1,111.8,115.5,110.2,118.6,1.0,1.0,0,0,18.2745835153179,12.881722813238772,29.50846077100018,23.601839476039892,-20.053991200575044,-2.002719974408614,19.595744680851062,24.84375,8.551020408163266,12.571428571428571,5.439097681525589,6.83245073160789,0.4716,0.46979999999999994,0.37439999999999996,0.3321
22201006,2023-03-11,2022-23,DET,IND,115,121,0,0.0,5.0,-8.0,-0.8,105.9,123.1,113.9,123.9,1.0,1.0,0,0,7.088053929765887,11.059678104085506,19.15093547027798,22.107990747171435,-13.71467429849452,-8.022123895154902,6.195652173913044,8.297872340425531,3.896551724137931,2.3076923076923075,2.1311131753987507,4.771967114466271,0.4669,0.5002000000000001,0.3355,0.3827
22201012,2023-03-11,2022-23,GSW,MIL,125,116,1,5.0,9.0,1.0,10.5,114.9,123.1,113.9,112.6,1.0,1.0,0,0,14.845411965084097,15.802348825587208,29.14165961251863,26.576647143557143,9.027166276346604,20.30098133936469,28.863636363636363,19.189655172413794,20.285714285714285,10.8,9.07344924905431,4.146277962046174,0.4659000000000001,0.48739999999999994,0.36629999999999996,0.4042
22201009,2023-03-11,2022-23,HOU,CHI,111,119,0,2.0,4.0,-11.0,3.2,111.1,109.5,122.1,106.3,1.0,2.0,0,0,17.465277777777775,18.3260582010582,30.19220853174603,30.874032865282867,-26.378125,1.38962148962149,12.234375,24.0,8.75,10.342857142857143,4.733731302235177,8.543772529218703,0.4547,0.49479999999999996,0.3229,0.35500000000000004
22201010,2023-03-11,2022-23,MEM,DAL,112,108,1,5.0,3.0,2.5,0.4,113.7,121.5,111.2,121.1,1.0,2.0,0,0,17.415674603174605,9.850634920634919,25.696057904238888,24.174126881202454,18.28786902392641,3.186338631205601,21.0,6.805555555555555,9.522388059701493,2.9130434782608696,5.546838856398604,3.7151427328191935,0.45410000000000006,0.49239999999999995,0.3438,0.40259999999999996
22201011,2023-03-11,2022-23,NOP,OKC,96,110,0,3.0,4.0,-6.7,2.1,106.2,121.3,112.9,119.2,2.0,2.0,0,0,14.362233310475967,19.537359683327427,25.213969044023344,28.344385173786783,-6.782763811435853,7.146596011515366,12.955223880597014,14.112903225806452,4.5,6.6875,5.7477782006096305,8.60596695863301,0.4747,0.46299999999999997,0.3386,0.3446
22201007,2023-03-11,2022-23,ORL,MIA,126,114,1,4.0,4.0,-3.6,-5.8,113.0,109.0,116.6,114.8,1.0,0.0,0,1,15.947116237799468,17.346145667198297,29.831072977574525,30.92710623221497,-11.411263167474347,4.982037783045621,19.6,21.136363636363637,9.155555555555555,20.482142857142858,3.9390354502513825,5.656181984871807,0.4697,0.4648,0.3358,0.3625
22201013,2023-03-11,2022-23,PHX,SAC,119,128,0,7.0,8.0,8.2,4.4,116.8,130.5,108.6,126.1,2.0,1.0,0,0,19.41706349206349,19.268024068530654,27.289862149331338,25.621782706806822,6.172728202488882,11.128191939520988,13.208333333333334,14.579710144927537,8.51923076923077,7.920634920634921,7.870736671189559,8.17386625016224,0.48869999999999997,0.5318,0.3514,0.3801
22201016,2023-03-12,2022-23,PHI,WAS,112,93,1,7.0,4.0,5.3,-2.4,119.6,110.9,114.3,113.3,1.0,1.0,0,0,24.638630650395356,17.805057367149757,32.1079886877828,31.066261062933524,19.50218068440193,1.768075418195168,21.307692307692307,9.316666666666666,10.08955223880597,8.738461538461538,10.126605557116733,7.194652322114454,0.496,0.49429999999999996,0.4298,0.37929999999999997
22201017,2023-03-12,2022-23,NOP,POR,127,110,1,3.0,3.0,-7.0,-8.6,105.1,111.8,112.1,120.4,0.0,1.0,1,0,14.237137481255127,12.270872865275143,28.113424688767385,21.68327274570138,-6.246459484607101,-8.031039002769177,9.218181818181819,9.75,4.510204081632653,8.084507042253522,5.3017217489547095,6.06346540790376,0.46909999999999996,0.4619000000000001,0.33640000000000003,0.3644
22201018,2023-03-12,2022-23,SAS,OKC,90,102,0,3.0,4.0,-9.6,-0.2,110.3,119.0,119.9,119.2,1.0,0.0,0,1,10.154767890062006,14.504763340584235,20.864608894432752,24.807642386978006,-22.70372195912723,6.608020494782928,18.72222222222222,13.393939393939394,6.7105263157894735,5.439024390243903,4.958205802055482,4.4213742018086455,0.45649999999999996,0.46099999999999997,0.34290000000000004,0.3502
22201014,2023-03-12,2022-23,DEN,BKN,120,122,0,7.0,5.0,2.4,-2.9,115.3,112.4,112.9,115.3,1.0,1.0,0,0,15.153132266082261,14.73414013492721,30.57073263076136,31.580210093096866,36.50836663937394,6.142863285547751,23.629032258064516,8.357142857142858,16.69090909090909,12.121212121212121,4.960006263225125,4.227596368391021,0.49729999999999996,0.4459000000000001,0.368,0.3618
22201015,2023-03-12,2022-23,CHA,CLE,108,114,0,6.0,5.0,0.2,2.8,108.5,113.9,108.3,111.1,0.0,1.0,1,0,14.603809523809524,16.35849819311729,28.167636208117337,30.20804134704149,-12.403870759198359,18.32331625446563,20.904761904761905,15.852941176470589,2.7,6.794520547945205,6.448695806777126,8.575170899588347,0.4492999999999999,0.49060000000000004,0.3628,0.3574
22201019,2023-03-12,2022-23,LAL,NYK,108,112,0,7.0,7.0,3.5,6.9,115.1,118.6,111.6,111.7,1.0,0.0,0,1,16.8029490849163,17.864142343492173,28.818117742326486,31.65482217984225,1.4134959097832773,14.658039838558215,25.622222222222224,19.651515151515152,12.852941176470589,7.980392156862745,6.276217692946552,6.580460950860668,0.46849999999999997,0.4824,0.34809999999999997,0.36360000000000003
22201021,2023-03-13,2022-23,ATL,MIN,115,136,0,5.0,4.0,0.3,-4.4,120.9,112.7,120.6,117.1,1.0,2.0,0,0,20.92820262175101,15.386687135884111,31.92692518342942,30.35977123118969,-0.9780765054236404,3.473565761150736,15.580645161290322,8.55,9.214285714285714,8.717391304347826,6.174167621544014,5.801708306611368,0.5025999999999999,0.48069999999999996,0.3896,0.3579
22201023,2023-03-13,2022-23,DAL,MEM,88,104,0,3.0,6.0,0.5,3.9,119.5,114.0,119.0,110.1,1.0,1.0,0,0,9.539596581875992,14.962450396825398,24.3818099638504,24.49071032643716,2.7994963187977904,12.888858047593013,7.216216216216216,14.046875,2.9583333333333335,6.12,3.7554758350292388,6.0644804736530915,0.4867,0.4518,0.3983,0.33480000000000004
22201020,2023-03-13,2022-23,DET,IND,117,97,1,0.0,6.0,-8.5,1.2,105.6,123.9,114.1,122.7,1.0,1.0,0,0,5.495609816253545,8.430061782737317,17.58836281190754,19.76991697504952,-11.377182861533583,-9.873085470966695,5.735849056603773,8.107692307692307,6.128205128205129,8.25,2.1277702912673617,1.3459720466341936,0.4620000000000001,0.5011,0.3297,0.3734
22201025,2023-03-13,2022-23,GSW,PHX,123,112,1,6.0,7.0,2.9,8.2,115.0,118.0,112.1,109.8,1.0,1.0,0,0,19.96156699993712,17.348800592757247,30.726831628455255,27.437055229508587,9.920547013452152,6.986081822728151,21.894736842105264,27.0,6.887323943661972,8.380281690140846,9.090366794995381,7.888079573787264,0.45280000000000004,0.4928,0.364,0.35760000000000003
22201024,2023-03-13,2022-23,HOU,BOS,111,109,1,2.0,6.0,-9.9,2.9,111.8,118.7,121.7,115.8,1.0,1.0,0,0,17.382299658758413,21.936399711399712,28.78198498979223,32.13268138127305,-24.5171806892892,24.005026455026456,21.70769230769231,29.848484848484848,8.758620689655173,12.26388888888889,5.10873426062474,8.481742469950936,0.4622,0.481,0.34500000000000003,0.3929
22201022,2023-03-13,2022-23,MIA,UTA,119,115,1,4.0,5.0,-5.9,-1.7,109.9,115.4,115.8,117.1,1.0,1.0,0,0,21.13275726630008,12.631577246283129,31.648057194119712,20.474087566808333,6.8724217885545205,2.210526213137775,20.36842105263158,24.661538461538463,8.235294117647058,11.833333333333334,6.571319714258296,7.318763756999343,0.46370000000000006,0.4633999999999999,0.36360000000000003,0.33209999999999995
22201026,2023-03-13,2022-23,SAC,MIL,124,133,0,8.0,8.0,4.8,9.0,130.0,121.6,125.2,112.6,1.0,1.0,0,0,19.246109554933085,21.55191163722237,29.088780105943886,28.984451605712763,16.471413186486714,22.65949569521354,18.397058823529413,14.67142857142857,11.833333333333334,7.901960784313726,5.724886658661362,8.101478153294176,0.529,0.48260000000000003,0.398,0.40249999999999997
22201028,2023-03-14,2022-23,WAS,DET,117,97,1,3.0,1.0,-5.1,-4.7,108.8,106.4,113.9,111.1,1.0,0.0,0,1,18.470571251404877,7.903986097534485,29.236632810722465,18.173228016726405,-0.6705477991574654,-7.761021505376345,9.573770491803279,4.580645161290323,8.521739130434783,1.5,7.107382401156646,3.0786466649750084,0.48949999999999994,0.4588,0.3624,0.3307
22201029,2023-03-14,2022-23,TOR,DEN,125,110,1,5.0,6.0,-2.7,1.8,107.9,116.1,110.6,114.3,3.0,1.0,0,0,19.133819764464924,19.94920634920635,33.601056942383295,30.64906790890269,-2.136284464578615,36.35766045548655,23.741935483870968,19.571428571428573,17.3015873015873,10.819444444444445,3.8407016729721652,5.021122141206603,0.4588,0.4894,0.3415,0.3674
22201034,2023-03-14,2022-23,POR,NYK,107,123,0,3.0,7.0,-7.8,5.2,112.7,117.6,120.5,112.4,1.0,1.0,0,0,13.664492427650323,15.815179200150999,25.768313011160377,29.736765483540115,-2.30575812944234,11.842071623409678,6.055555555555555,9.426470588235293,9.783783783783784,3.3389830508474576,10.288211178001333,8.390812467213225,0.4689,0.48319999999999996,0.3661,0.3607
22201032,2023-03-14,2022-23,SAS,ORL,132,114,1,3.0,4.0,-8.9,-3.3,108.7,115.6,117.6,118.9,1.0,2.0,0,0,13.016930723827278,15.126785721526788,23.268887650769212,29.96681178494818,-24.293798610720795,-9.9465485017151,18.37837837837838,19.560606060606062,10.0,8.594594594594595,3.9177447702428734,4.07992650646135,0.4513999999999999,0.4713,0.341,0.3413
22201031,2023-03-14,2022-23,OKC,BKN,121,107,1,5.0,5.0,1.1,-3.8,117.3,113.0,116.2,116.8,1.0,1.0,0,0,20.27458938537447,14.589653415949705,28.503062868874213,30.966729141553458,11.634757415240852,4.845038250224237,16.08823529411765,17.304347826086957,5.72972972972973,9.9,8.830484441674875,4.01956998551432,0.45870000000000005,0.44270000000000004,0.35419999999999996,0.35680000000000006
22201030,2023-03-14,2022-23,NOP,LAL,108,123,0,3.0,7.0,-5.6,4.3,107.5,114.4,113.1,110.1,1.0,1.0,0,0,18.911684782608695,18.665458937198068,29.154791862138467,28.550451743694204,-0.9474606311562832,-1.3897985123221799,13.391304347826088,25.434782608695652,11.0,8.044117647058824,6.205343688149165,6.895013051644744,0.4664,0.4726,0.3539,0.34900000000000003
22201027,2023-03-14,2022-23,CHA,CLE,104,120,0,5.0,5.0,-1.4,2.6,107.3,113.6,108.7,111.0,1.0,1.0,0,0,18.582107843137255,10.40168429298864,31.04348576033674,28.089942377463604,-20.014903026427962,17.199778078721373,15.058823529411764,6.77027027027027,7.883333333333334,5.333333333333333,5.410965377940249,6.246074979293304,0.4558,0.48129999999999995,0.3704,0.3512
22201033,2023-03-14,2022-23,PHX,MIL,104,116,0,6.0,8.0,5.8,8.7,117.5,123.7,111.7,115.0,0.0,0.0,1,1,15.772323232323231,21.63765827286954,25.54358076427356,28.379919461004796,7.277794872521381,22.696200582074646,27.113636363636363,31.09090909090909,7.27536231884058,5.5,8.64017074999863,9.778267907261068,0.495,0.4952,0.34629999999999994,0.40969999999999995
22201040,2023-03-15,2022-23,SAS,DAL,128,137,0,4.0,3.0,-6.3,-0.8,111.0,116.2,117.3,117.0,0.0,1.0,1,0,10.977524569149693,7.949945236558509,22.341489452486318,22.79638325793192,-24.846255094366022,1.7880251724533731,21.576271186440678,7.028985507246377,4.678571428571429,6.068965517241379,6.513685151549067,4.1209772482918625,0.45730000000000004,0.47440000000000004,0.35660000000000003,0.3911
22201036,2023-03-15,2022-23,MIA,MEM,138,119,1,5.0,6.0,-2.6,4.9,111.9,112.7,114.5,107.8,1.0,1.0,0,0,17.668563594019982,13.588631274828458,32.14637490103678,24.000021748038087,4.275439460595994,20.99387192074374,20.32758620689655,9.80281690140845,9.40677966101695,21.122448979591837,5.916684783421777,6.191166921600625,0.47140000000000004,0.4574,0.3823,0.3322
22201039,2023-03-15,2022-23,MIN,BOS,102,104,0,5.0,5.0,-0.2,0.9,115.6,116.9,115.8,116.0,1.0,1.0,0,0,14.755622050126783,22.40155556049855,30.372524242740546,32.15427825403533,5.326774637165261,21.190332288001407,24.14864864864865,29.73134328358209,8.72340425531915,8.3,5.811042901652675,9.134509238668636,0.4928,0.47250000000000003,0.36029999999999995,0.3748
22201035,2023-03-15,2022-23,CLE,PHI,109,118,0,6.0,7.0,4.8,6.6,114.4,119.0,109.6,112.4,0.0,2.0,1,0,21.634289127837516,19.13870841211731,30.786553641456585,32.034482621601775,22.145822113791752,21.25645176423126,27.080645161290324,21.245283018867923,6.72,8.432835820895523,7.883280879423459,10.374785388187533,0.4824,0.49729999999999996,0.3646,0.4196
22201037,2023-03-15,2022-23,CHI,SAC,114,117,0,5.0,8.0,4.9,5.0,112.3,131.5,107.4,126.5,3.0,1.0,0,0,22.16609314980794,19.31898197761448,30.634022549633034,31.644350071554225,0.7266684977418771,14.80788155654224,24.78125,18.463768115942027,9.115942028985508,13.338235294117647,8.179880906599559,4.7289137887402575,0.5053,0.5286,0.3876,0.4032
22201038,2023-03-15,2022-23,HOU,LAL,114,110,1,3.0,7.0,-6.0,4.0,113.3,114.7,119.3,110.7,1.0,0.0,0,1,17.524444444444445,10.470831125000762,30.34244252784253,24.9123896548442,-25.708702408702408,-3.727113363392765,18.24,7.9855072463768115,8.833333333333334,7.222222222222222,4.654121781768125,4.444253468433045,0.4729,0.4683999999999999,0.3494,0.36819999999999997
22201043,2023-03-16,2022-23,BKN,SAC,96,101,0,5.0,8.0,-0.8,3.6,115.0,129.9,115.8,126.3,1.0,0.0,0,1,16.864644487932157,18.363273001508293,31.32913737986658,30.221075930011544,4.636628787957235,11.374829809292725,17.285714285714285,18.4,8.413793103448276,1.7307692307692308,4.2901823710712375,7.694894420492039,0.4484,0.522,0.3588,0.40490000000000004
22201042,2023-03-16,2022-23,DET,DEN,100,119,0,1.0,5.0,-6.5,-0.6,105.5,115.3,112.0,115.9,1.0,1.0,0,0,9.960321498567767,18.05908521303258,21.365879166946797,30.711569816275663,-23.531993430227367,34.83609087984953,15.212121212121213,19.473684210526315,8.508474576271187,10.835616438356164,3.588915624546125,5.051675995450346,0.45150000000000007,0.48760000000000003,0.3101,0.3559
22201045,2023-03-16,2022-23,MIL,IND,123,139,0,8.0,6.0,7.0,-0.2,122.5,121.9,115.5,122.1,1.0,2.0,0,0,15.667516305305833,11.435873935505692,25.763062168003444,23.78263518471257,21.38688053497843,-8.524531278381636,13.564516129032258,16.80821917808219,31.178571428571427,17.475409836065573,8.886358773516422,4.588506835864899,0.49429999999999996,0.49250000000000005,0.3992,0.3704
22201046,2023-03-16,2022-23,PHX,ORL,116,113,1,5.0,4.0,3.5,-4.1,115.9,115.7,112.4,119.8,1.0,1.0,0,0,19.530781201369436,17.237671676827134,27.59812065430908,29.96967063401693,6.246599484304402,-11.167241785182528,27.177777777777777,18.47887323943662,4.2727272727272725,8.447368421052632,8.642863479263244,4.127254049136355,0.48139999999999994,0.4654999999999999,0.34930000000000005,0.3339
22201044,2023-03-16,2022-23,TOR,OKC,128,111,1,5.0,6.0,-2.2,3.4,108.1,117.9,110.3,114.5,1.0,1.0,0,0,18.680123565466875,19.692874603422272,34.811229191122756,28.581657433441222,-0.5343918016294489,9.74359119190674,17.203125,31.29310344827586,12.222222222222221,8.555555555555555,3.788910421291563,8.32498899892247,0.4513,0.461,0.34819999999999995,0.34800000000000003
22201054,2023-03-17,2022-23,LAL,DAL,110,111,0,6.0,4.0,2.3,1.0,113.3,119.0,111.0,118.0,1.0,1.0,0,0,18.138401624461785,16.664197530864197,27.45586236703582,29.5569987315154,2.134658113160788,8.738470753565093,25.638297872340427,26.75925925925926,7.234375,9.283018867924529,7.38112625546479,7.804023983168623,0.4574,0.47919999999999996,0.3399,0.4067
22201052,2023-03-17,2022-23,SAS,MEM,120,126,0,4.0,6.0,-6.2,3.5,112.8,114.1,119.0,110.6,1.0,1.0,0,0,13.809987661536463,13.611531986531986,26.96787764174427,26.52665722816399,-32.080294459501026,14.386659125188537,9.03448275862069,17.0,4.142857142857143,6.1923076923076925,6.337968134692285,5.7809307226190105,0.46480000000000005,0.4688,0.3665,0.34940000000000004
22201051,2023-03-17,2022-23,HOU,NOP,114,112,1,4.0,3.0,-4.1,-5.3,114.6,108.1,118.7,113.4,1.0,2.0,0,0,18.164316563350805,18.896325896325898,30.423923577118437,29.776819880119877,-24.210508697447494,-6.957873705242127,21.64179104477612,20.415384615384614,9.506849315068493,10.89090909090909,4.45352950237365,5.297267507745407,0.4866,0.4654999999999999,0.3456,0.35150000000000003
22201053,2023-03-17,2022-23,POR,BOS,112,126,0,3.0,5.0,-7.7,0.7,111.8,113.1,119.5,112.4,2.0,1.0,0,0,19.387072230929988,22.397510617150086,27.646890137759563,32.62393003050512,-3.0488876454162552,23.430269633632847,20.671875,26.467741935483872,3.8636363636363638,6.458333333333333,10.302863980121057,9.624180963013973,0.46109999999999995,0.4615,0.3618,0.3586
22201050,2023-03-17,2022-23,CHI,MIN,139,131,1,5.0,4.0,5.0,-0.7,112.4,113.4,107.4,114.1,1.0,1.0,0,0,22.223722200961006,10.343895480575124,30.978084050321844,26.270507074915002,4.953219290680427,2.795252259227755,24.907692307692308,8.741935483870968,8.75,8.604166666666666,8.796181556216155,2.66232106144442,0.4957,0.479,0.38280000000000003,0.3626
22201047,2023-03-17,2022-23,CHA,PHI,82,121,0,4.0,7.0,-3.8,7.0,105.6,119.8,109.4,112.8,2.0,1.0,0,0,16.52161172161172,24.631014993808773,26.716905231156012,31.001839611589872,-18.945242645553204,22.09255944576305,8.692307692307692,21.37037037037037,3.0317460317460316,3.426470588235294,8.103085104095383,10.400362724693887,0.4657,0.5087999999999999,0.3608,0.4307
22201048,2023-03-17,2022-23,ATL,GSW,127,119,1,5.0,6.0,0.3,3.0,122.3,117.2,122.0,114.2,3.0,1.0,0,0,19.928923205042608,20.130424329847333,31.95735168965402,27.267163543658103,1.3774296475334358,5.9189405606410155,20.597014925373134,29.340425531914892,9.309859154929578,20.164383561643834,6.240767857902267,9.034936456334906,0.5068,0.4772,0.38859999999999995,0.38320000000000004
22201049,2023-03-17,2022-23,CLE,WAS,117,94,1,6.0,4.0,4.5,-2.5,114.4,109.6,109.9,112.1,1.0,2.0,0,0,16.514326903449682,18.705192827083724,31.104482903749833,31.03588428997985,20.486218064808888,1.9492273494632673,21.6875,23.291666666666668,5.565217391304348,8.457142857142857,8.437628356925241,7.1068907554124054,0.4817,0.49189999999999995,0.37560000000000004,0.3411
22201060,2023-03-18,2022-23,CHI,MIA,113,99,1,6.0,6.0,7.0,-0.2,116.3,115.4,109.3,115.6,0.0,2.0,1,0,22.43364344492467,21.156846717883994,31.107852044495036,32.13124117364413,1.1004314816829328,5.610468917521886,25.272727272727273,20.389830508474578,6.305084745762712,9.416666666666666,8.216146006403115,5.9374974098716375,0.5119,0.49119999999999997,0.3973,0.39649999999999996
22201057,2023-03-18,2022-23,IND,PHI,121,141,0,6.0,8.0,1.0,11.2,124.1,121.2,123.1,110.0,1.0,0.0,0,1,11.881375253787388,14.589257184355224,25.732783484295283,29.172660949761656,-7.935557997084865,20.300766236862895,8.447761194029852,19.574074074074073,7.898550724637682,8.2,4.489057749339348,9.534016208350605,0.5006,0.5138999999999999,0.37629999999999997,0.42869999999999997
22201061,2023-03-18,2022-23,MEM,GSW,133,119,1,6.0,5.0,2.3,1.7,115.5,118.2,113.2,116.5,0.0,0.0,1,1,12.394119843164283,13.172222222222222,26.034048924841517,29.726975187687685,16.20448007084916,7.580961971586971,20.92156862745098,21.933333333333334,7.769230769230769,9.138461538461538,5.701202099325038,8.733774773139858,0.4699000000000001,0.48229999999999995,0.35209999999999997,0.375
22201055,2023-03-18,2022-23,NYK,DEN,116,110,1,7.0,5.0,6.2,0.7,118.4,115.7,112.2,115.0,3.0,1.0,0,0,17.986658141517477,18.13083149649444,32.71360366671484,30.730103937162234,15.57604745849498,35.40823915601681,24.6,10.95774647887324,7.7924528301886795,10.756756756756756,7.176571600389783,5.067302038244183,0.4862,0.49399999999999994,0.36219999999999997,0.34199999999999997
22201058,2023-03-18,2022-23,TOR,MIN,122,107,1,5.0,4.0,-1.0,-0.7,109.4,115.9,110.4,116.6,1.0,0.0,0,1,19.56041501410189,11.399239796724638,34.78607538876704,27.671068850680474,0.7255641884409734,6.242608483497859,18.70967741935484,8.777777777777779,12.28125,3.7837837837837838,3.7755025540380034,3.441967050841856,0.45310000000000006,0.48390000000000005,0.36300000000000004,0.3779
22201062,2023-03-18,2022-23,UTA,BOS,118,117,1,4.0,5.0,-2.7,1.8,114.6,114.7,117.3,112.9,4.0,0.0,0,1,13.078670466869225,21.44596848401196,23.868816784007738,27.21171291619935,-0.20082281432052618,19.741173276648926,5.73469387755102,29.681159420289855,11.555555555555555,12.186666666666667,6.727457195096053,10.241529519614769,0.46060000000000006,0.4586,0.3287,0.3499
22201059,2023-03-18,2022-23,WAS,SAC,118,132,0,4.0,8.0,-2.8,4.0,110.8,122.4,113.6,118.4,0.0,1.0,1,0,17.831581117295404,12.327373871749572,29.718423401084454,28.42196894402091,1.7221411934059705,13.837645904015027,23.26530612244898,11.710144927536232,6.886363636363637,13.4,6.8905808005638916,6.168859429396078,0.49589999999999995,0.5024,0.3545,0.3927
22201065,2023-03-19,2022-23,SAS,ATL,126,118,1,4.0,5.0,-4.2,-0.6,113.2,121.4,117.4,122.0,1.0,1.0,0,0,16.97969034608379,20.881589296166226,27.13095514734165,31.500895903287994,-33.51458351862743,1.264319607458066,21.65573770491803,20.441176470588236,6.85,14.090909090909092,5.659877389575601,5.725943753473674,0.4523,0.495,0.36500000000000005,0.374
22201068,2023-03-19,2022-23,MIL,TOR,118,111,1,7.0,5.0,5.1,0.1,124.4,112.1,119.3,112.0,2.0,0.0,0,1,20.174032838506523,19.619626609949194,29.18657349919103,33.108884550336164,21.218314619183786,-1.0089158785553476,31.07017543859649,23.630769230769232,13.603174603174603,9.333333333333334,7.235513512514964,5.0158508425071915,0.5034000000000001,0.4689,0.40469999999999995,0.3694
22201070,2023-03-19,2022-23,LAL,ORL,111,105,1,5.0,4.0,1.9,-2.8,113.2,116.7,111.3,119.5,1.0,0.0,0,1,18.13542281530202,17.360661769571834,28.638404396440944,30.07087409111122,2.97742876362094,-10.649421911279711,25.645833333333332,18.465753424657535,12.53448275862069,8.325,6.399910279143548,4.093691807000725,0.46530000000000005,0.48550000000000004,0.3473,0.33540000000000003
22201064,2023-03-19,2022-23,OKC,PHX,124,120,1,6.0,6.0,2.6,4.7,117.5,116.8,114.9,112.1,2.0,2.0,0,0,20.452855430821533,15.837486457204767,28.59282342537917,25.915331045240407,11.426077034915465,5.6571596750640865,31.25423728813559,27.0,5.589743589743589,3.6923076923076925,8.863297495975464,8.293716862574222,0.4558999999999999,0.48199999999999993,0.3499,0.35090000000000005
22201066,2023-03-19,2022-23,DET,MIA,100,112,0,1.0,5.0,-8.0,-1.8,106.4,115.2,114.4,117.0,2.0,0.0,0,1,10.107754454110907,21.14729620661824,22.38428328282284,32.82832964308134,-25.491831890698627,4.127875284485454,15.194029850746269,21.057142857142857,6.267857142857143,11.837837837837839,3.4986003172441356,5.51902236777834,0.457,0.4907,0.3295,0.383
22201063,2023-03-19,2022-23,BKN,DEN,102,108,0,5.0,5.0,-1.1,1.9,111.9,117.3,113.0,115.4,2.0,0.0,0,1,15.163123597906207,18.130043371568792,31.38686904138931,30.780743161029175,4.129984896897204,34.84219629711155,14.363636363636363,19.559322033898304,8.35593220338983,10.76,4.317257814142707,5.097355940458306,0.4403,0.5048,0.3588,0.3487
22201067,2023-03-19,2022-23,HOU,NOP,107,117,0,5.0,3.0,-2.2,-5.0,114.6,108.3,116.8,113.3,1.0,1.0,0,0,17.57390648567119,18.94215560744144,30.496331659392894,29.874480079052386,-23.947689095186902,-2.2946485972198056,18.442307692307693,20.318181818181817,9.5,9.714285714285714,4.474318555049825,5.5525490807745745,0.49050000000000005,0.4667,0.35309999999999997,0.35109999999999997
22201071,2023-03-20,2022-23,CHA,IND,115,109,1,3.0,6.0,-8.2,-0.6,103.0,122.4,111.2,123.0,2.0,1.0,0,0,16.626443001443,14.08798674399337,29.597389086836102,26.807566316855382,-23.178341382699262,-9.580510908588789,20.90909090909091,16.8,8.622641509433961,8.035714285714286,5.438764667369835,4.845660234677297,0.45620000000000005,0.5002000000000001,0.3428,0.3701
22201074,2023-03-20,2022-23,HOU,GSW,108,121,0,5.0,4.0,-1.1,-1.5,114.1,117.8,115.2,119.3,0.0,1.0,1,0,17.681432868471425,19.73254239905294,29.105101970649894,29.736384727362157,-24.180985852654604,6.958200581619785,21.956521739130434,21.80327868852459,5.754385964912281,7.093333333333334,5.926700423840061,8.965625109280705,0.48179999999999995,0.47140000000000004,0.3514,0.3721
22201075,2023-03-20,2022-23,MEM,DAL,112,108,1,6.0,4.0,2.5,-1.5,116.7,115.9,114.2,117.4,1.0,2.0,0,0,15.040723981900454,14.112729444987508,24.929484001912922,28.63116344202885,12.375017794135442,8.392864777151354,10.0,9.277777777777779,8.214285714285714,14.166666666666666,5.306787317149292,7.836930284693288,0.4791,0.4737,0.3801,0.4013999999999999
22201073,2023-03-20,2022-23,NYK,MIN,134,140,0,7.0,4.0,4.6,-1.4,117.2,115.3,112.6,116.7,1.0,1.0,0,0,19.17627090113343,11.21242159498208,31.329447955003598,27.712835444396013,15.654605151569529,3.0260651163320276,24.539473684210527,13.725806451612904,19.855072463768117,10.955223880597014,7.159526879219643,1.9588381687252099,0.4845,0.4803,0.3507,0.36629999999999996
22201072,2023-03-20,2022-23,PHI,CHI,105,109,0,9.0,6.0,13.4,4.0,125.4,114.5,112.0,110.5,1.0,1.0,0,0,18.46130873956961,22.37554199234926,32.36368457294462,32.039359796785746,21.792532218644673,2.0718618211155526,14.420289855072463,24.318840579710145,4.387755102040816,8.878787878787879,9.92468932226056,8.12614242287878,0.5315,0.5114000000000001,0.4346,0.4011
22201076,2023-03-20,2022-23,UTA,SAC,128,120,1,5.0,8.0,-2.0,4.5,115.3,123.2,117.3,118.7,1.0,1.0,0,0,7.36939393939394,18.374938798073128,20.33613246753247,29.11084300968928,-4.9639128613322185,14.877683111475417,5.94,18.63888888888889,9.0,13.450704225352112,2.6696528082532622,5.797978610132293,0.4577,0.5053,0.33690000000000003,0.4103
22201081,2023-03-21,2022-23,SAC,BOS,109,132,0,7.0,5.0,3.1,3.2,122.9,117.0,119.8,113.8,0.0,2.0,1,0,18.448311410228765,22.694149436090225,28.447669933152497,32.644244526526414,12.671386973093108,23.602792039304205,11.95774647887324,12.157894736842104,2.413793103448276,8.383561643835616,8.0414376845376,9.214087311785013,0.4952,0.46230000000000004,0.41109999999999997,0.3716
22201077,2023-03-21,2022-23,ORL,WAS,122,112,1,3.0,3.0,-4.2,-4.5,117.1,110.7,121.3,115.2,1.0,2.0,0,0,17.74126984126984,13.669966008259314,30.12844431177455,29.22740951768739,-10.294570774915107,-0.4614442106903539,18.5,22.693548387096776,8.341463414634147,8.402777777777779,4.093060822702696,7.135826646995097,0.4801,0.4915,0.3352,0.362
22201078,2023-03-21,2022-23,ATL,DET,129,107,1,4.0,1.0,-1.6,-8.1,120.3,105.8,121.9,113.9,1.0,1.0,0,0,18.652011060834592,11.8905727978618,29.956827843946304,22.70549316007352,1.5177243497716417,-20.084490837586813,26.397058823529413,10.756756756756756,9.547945205479452,7.052631578947368,5.958878972889335,3.5379617264692635,0.4925,0.45759999999999995,0.3434,0.34930000000000005
22201079,2023-03-21,2022-23,BKN,CLE,109,115,0,5.0,7.0,-0.3,8.5,111.7,114.2,112.0,105.7,1.0,3.0,0,0,16.813202614379087,19.033760683760686,31.391074623865187,33.242255993080995,0.9779947675852663,25.253277625152627,17.166666666666668,26.875,4.658536585365853,8.805555555555555,5.310616046164608,6.643434725208505,0.44320000000000004,0.49140000000000006,0.3598,0.35960000000000003
22201080,2023-03-21,2022-23,NOP,SAS,119,84,1,4.0,5.0,-1.8,-1.8,109.4,115.6,111.2,117.4,1.0,1.0,0,0,19.001127300007898,8.563370513370513,29.988150077364047,20.09884918170612,-5.481249206159001,-19.609021303994037,23.114285714285714,12.26984126984127,10.75438596491228,10.0625,5.39143689868066,2.7786508835428054,0.4769,0.46740000000000004,0.3719,0.3885
22201090,2023-03-22,2022-23,MIN,ATL,125,124,1,5.0,5.0,-0.3,0.9,118.9,121.6,119.2,120.7,1.0,0.0,0,1,11.491575091575092,18.200263504611332,27.795290082134017,29.91925200419821,2.4922585410061826,-0.21278469144515855,8.846153846153847,12.712121212121213,20.434782608695652,13.971830985915492,4.29926488084402,5.413115663785418,0.49949999999999994,0.4925999999999999,0.38680000000000003,0.3431
22201083,2023-03-22,2022-23,WAS,DEN,104,118,0,2.0,5.0,-6.6,1.5,110.0,114.7,116.6,113.2,0.0,2.0,1,0,8.949586030407948,19.972807835820895,21.828091006378656,30.826557479227723,-3.766962937005604,35.04125858182053,8.642857142857142,23.940298507462686,22.80952380952381,10.671052631578947,6.79838128788967,5.1318736807135865,0.4909,0.5063,0.34659999999999996,0.36760000000000004
22201091,2023-03-22,2022-23,UTA,POR,115,127,0,5.0,2.0,-1.3,-10.5,116.1,109.6,117.4,120.1,1.0,2.0,0,0,14.362928587687145,15.264970760233917,24.117587804741362,23.278795500515997,2.1159782454716227,-5.072800184802639,24.91044776119403,8.146666666666667,11.727272727272727,5.150943396226415,6.608930867429122,10.311561419177934,0.46799999999999997,0.4568,0.3542,0.3372
22201085,2023-03-22,2022-23,TOR,IND,114,118,0,5.0,5.0,1.9,-2.5,113.9,121.2,112.0,123.7,2.0,1.0,0,0,19.617296476671473,14.281984966946352,30.666998121745404,27.712129749791377,-3.2943406985526553,-7.875502711279313,18.921875,8.55072463768116,6.846153846153846,5.683333333333334,6.231619965447791,5.111071552269993,0.4746,0.4968,0.37460000000000004,0.3672
22201089,2023-03-22,2022-23,MIL,SAS,130,94,1,7.0,4.0,4.4,-6.1,124.4,113.8,120.0,119.9,2.0,0.0,0,1,12.074505471380471,9.470833333333333,27.30730578960828,18.075399616388843,20.82054864032161,-22.06162698718938,14.777777777777779,18.6,18.793650793650794,9.081967213114755,7.757937711440526,5.3429608246914215,0.5067999999999999,0.45899999999999996,0.40249999999999997,0.3894
22201086,2023-03-22,2022-23,DAL,GSW,125,127,0,4.0,4.0,-1.6,-2.6,115.9,118.4,117.5,121.0,1.0,1.0,0,0,16.362935855732463,20.24430107526882,26.0811030362012,28.20279481041313,3.1990376433661454,7.645142768945825,32.52542372881356,21.919354838709676,17.225806451612904,8.287878787878787,10.161715015799992,8.942052139108515,0.4782,0.4795,0.3912,0.3771
22201088,2023-03-22,2022-23,MEM,HOU,130,125,1,6.0,5.0,1.5,-1.0,116.6,115.0,115.1,116.0,1.0,1.0,0,0,16.230020964360587,17.571869488536155,24.37445122728861,30.65023938986901,19.68810169094119,-24.263238160761382,17.666666666666668,12.25,26.82456140350877,9.657894736842104,7.989620826260147,4.532980738826367,0.47700000000000004,0.4837000000000001,0.3672,0.3468
22201092,2023-03-22,2022-23,LAL,PHX,122,111,1,6.0,5.0,3.7,3.4,113.4,116.4,109.7,113.0,2.0,2.0,0,0,18.197432306255838,16.81247237529855,29.33351260165083,25.162834611165856,2.118578155453245,5.112258676690632,11.516666666666667,27.404255319148938,7.287878787878788,6.848484848484849,6.831731706247164,8.465204561691221,0.4673,0.48310000000000003,0.3497,0.3558
22201087,2023-03-22,2022-23,CHI,PHI,91,116,0,6.0,8.0,2.4,10.7,115.2,124.0,112.8,113.3,1.0,1.0,0,0,14.034206657514773,14.777645502645504,29.379887521557247,26.34476240740741,1.022233714585814,14.584792960662526,24.34285714285714,19.821428571428573,25.25,8.11111111111111,7.65629375991246,6.2444860722749,0.5023,0.5243,0.3956,0.4239
22201084,2023-03-22,2022-23,MIA,NYK,127,120,1,6.0,6.0,1.7,2.5,116.8,119.7,115.1,117.2,2.0,1.0,0,0,18.322363067292645,22.709982174688054,31.43487996857696,32.843223557247626,5.684743340853074,14.377333161177404,21.070422535211268,23.41176470588235,11.529411764705882,7.654545454545454,5.750989020227343,7.766359964335575,0.4952,0.4936,0.3922,0.362
22201094,2023-03-23,2022-23,BKN,CLE,114,116,0,5.0,7.0,1.5,6.6,110.8,113.9,109.3,107.3,1.0,1.0,0,0,16.155290913952836,21.54825707017488,30.2432253619126,31.691824629860246,2.3330655086930667,23.49298666475977,17.19178082191781,16.054794520547944,14.4,12.0,4.476231541130876,7.190296323918857,0.44109999999999994,0.4896,0.3486,0.3579
22201095,2023-03-23,2022-23,NOP,CHA,115,96,1,5.0,3.0,2.5,-8.7,112.0,102.8,109.5,111.5,1.0,2.0,0,0,19.26930939803623,12.312084145082132,29.967461630405587,20.282023897557092,0.13063389739457443,-15.224228398473873,20.323529411764707,14.859154929577464,9.652777777777779,3.8095238095238093,5.659566633478653,5.466763277108304,0.4878,0.45,0.39139999999999997,0.3251
22201093,2023-03-23,2022-23,ORL,NYK,111,106,1,4.0,5.0,-1.0,-0.6,117.6,117.5,118.6,118.1,1.0,0.0,0,1,17.38378837125316,16.025613275613278,30.1034338383213,30.486796121816372,-9.314850747439383,13.865011162546374,14.096153846153847,13.493506493506494,12.60344827586207,9.61111111111111,3.9826857271962983,6.761515051217846,0.48819999999999997,0.48410000000000003,0.35229999999999995,0.3449
22201098,2023-03-24,2022-23,WAS,SAS,136,124,1,2.0,3.0,-7.3,-10.8,109.5,112.2,116.8,123.0,1.0,1.0,0,0,8.969274011527533,14.362231182795698,22.741516968075494,23.49444798169647,-2.798341192777625,-26.41868710366694,9.742424242424242,21.774193548387096,22.84375,7.569444444444445,6.278772328781036,5.942395521714865,0.4908,0.4518000000000001,0.3037,0.38120000000000004
22201102,2023-03-24,2022-23,UTA,MIL,116,144,0,4.0,7.0,-4.1,5.8,115.8,123.5,119.9,117.7,1.0,1.0,0,0,9.137923904052935,13.789354086229087,20.014359289777154,26.831818526683463,-5.912146591428674,19.20252197508554,12.0,7.785714285714286,2.4285714285714284,13.692307692307692,3.821078609152001,9.556795257719624,0.4689,0.5067,0.3499,0.39099999999999996
22201099,2023-03-24,2022-23,TOR,DET,118,97,1,4.0,1.0,0.9,-10.1,114.9,105.0,114.0,115.1,1.0,2.0,0,0,17.309780766497184,9.49598197696024,25.663433674575835,23.48015316650042,-0.03795958394838994,-27.274585035014752,23.582089552238806,15.159420289855072,16.3125,8.508196721311476,7.2964430469739625,3.238353152852239,0.47800000000000004,0.44830000000000003,0.35950000000000004,0.3418
22201105,2023-03-24,2022-23,SAC,PHX,135,127,1,6.0,5.0,0.7,2.6,121.0,117.4,120.3,114.8,2.0,1.0,0,0,15.935863208746504,16.11329365079365,28.537382103041256,25.651198439357547,14.142872231499235,3.084259795022084,18.5,27.520833333333332,24.753623188405797,6.8059701492537314,6.364050149773793,8.054499781777276,0.4904,0.48769999999999997,0.4194,0.3612
22201104,2023-03-24,2022-23,POR,CHI,96,124,0,3.0,6.0,-8.2,0.5,111.3,114.5,119.5,114.0,1.0,1.0,0,0,6.437249733529225,16.919286617538045,15.592823237759713,26.764570810363573,-11.193649053619058,-0.46708395239820955,8.355263157894736,9.058823529411764,9.390243902439025,8.91891891891892,2.4180813735949447,7.082967525479103,0.4608,0.49119999999999997,0.33999999999999997,0.3796
22201106,2023-03-24,2022-23,LAL,OKC,116,111,1,6.0,7.0,4.2,-0.6,113.3,114.1,109.1,114.7,1.0,0.0,0,1,16.577012750455374,20.350444346246377,27.95594388607527,28.65965997694238,-0.9549817273390517,5.615452369989743,11.737704918032787,16.013698630136986,12.222222222222221,8.970149253731343,6.559708184042549,8.886088839599722,0.4755000000000001,0.44959999999999994,0.3511,0.3511
22201103,2023-03-24,2022-23,GSW,PHI,120,112,1,4.0,9.0,-3.3,13.9,120.3,123.0,123.6,109.1,1.0,1.0,0,0,19.676198837744053,22.313873462228646,30.24655193263797,29.092159074064114,8.423291930974107,22.749205228574198,28.941176470588236,19.842105263157894,9.058823529411764,3.4,8.924421987052966,10.363412983902801,0.4838,0.5142,0.3756,0.4227
22201101,2023-03-24,2022-23,DAL,CHA,109,117,0,4.0,3.0,-1.6,-9.2,116.2,103.3,117.8,112.5,1.0,0.0,0,1,22.269313981300286,8.776969696969696,28.156825513344113,22.974882337962963,7.7134819006022095,-15.501864282358468,26.982142857142858,3.68,9.375,3.9069767441860463,11.77469390781373,4.838246738861258,0.47709999999999997,0.4593999999999999,0.4013,0.3221
22201097,2023-03-24,2022-23,BOS,IND,120,95,1,5.0,5.0,5.1,-2.3,118.5,120.6,113.4,122.9,2.0,1.0,0,0,22.761553000989622,18.021570894858566,31.487033354065044,29.543812400955204,24.838153845900326,-7.410412076507967,12.25974025974026,20.464285714285715,11.275862068965518,7.958333333333333,9.22521603188986,5.097736683278371,0.46560000000000007,0.5,0.3625,0.38029999999999997
22201100,2023-03-24,2022-23,MEM,HOU,151,114,1,7.0,4.0,3.6,-2.7,119.9,115.3,116.3,118.0,1.0,1.0,0,0,11.422623322623323,15.732577281873057,22.711508306392517,29.27052033412597,9.909833658517869,-24.077191475599314,9.41891891891892,12.493506493506494,6.339285714285714,14.55072463768116,4.240618195301161,4.5428939070190895,0.4918,0.479,0.3661,0.3484
22201107,2023-03-25,2022-23,ATL,IND,143,130,1,4.0,5.0,-1.0,-3.7,121.1,120.2,122.1,123.9,2.0,0.0,0,1,15.770022842923831,15.039559459273997,29.614184524046948,25.478886312083468,-2.7208872765374483,-11.19551750043891,20.463768115942027,7.983050847457627,8.797101449275363,16.60810810810811,3.878379199829624,5.3089190308263525,0.48840000000000006,0.5008,0.3431,0.3609
22201109,2023-03-25,2022-23,DEN,MIL,129,106,1,5.0,8.0,0.8,8.9,113.2,124.9,112.4,116.0,2.0,0.0,0,1,18.121653579464574,21.442857142857147,30.490988285941512,28.2575478909979,36.3194155710067,22.97373941847626,19.60655737704918,30.8,16.26153846153846,8.035087719298245,5.163480105507915,8.039143644567808,0.4993,0.5093,0.3713,0.38499999999999995
22201108,2023-03-25,2022-23,MIA,BKN,100,129,0,7.0,4.0,2.6,0.3,117.5,110.7,114.9,110.4,2.0,1.0,0,0,17.67646827642583,16.240813865813866,32.15684693090297,31.425870864793815,5.863362964421998,1.7599192002086388,20.98611111111111,19.07792207792208,11.576923076923077,8.129032258064516,5.598069514514615,4.399873946209249,0.5041,0.4471,0.4013,0.35209999999999997
22201110,2023-03-25,2022-23,PHX,PHI,125,105,1,4.0,8.0,0.4,12.8,119.6,120.9,119.2,108.1,0.0,0.0,1,1,13.047684326255755,22.431920240596543,22.73967730179873,28.961577334079543,5.947669252996129,21.57130972005314,27.612244897959183,19.862068965517242,8.745762711864407,10.27027027027027,8.52641167878384,10.427948967212483,0.4943999999999999,0.5129,0.35619999999999996,0.40170000000000006
22201111,2023-03-25,2022-23,SAC,UTA,121,113,1,7.0,4.0,1.9,-6.1,121.1,118.0,119.2,124.1,0.0,0.0,1,1,15.199486844966296,8.974010378352586,28.582878542079563,20.023648161358658,11.7498251544178,-6.310028259897103,18.613333333333333,6.3584905660377355,1.4848484848484849,11.23076923076923,6.42715448147065,2.5061953789432683,0.4880999999999999,0.4721,0.4008,0.348
22201118,2023-03-26,2022-23,ORL,BKN,119,106,1,4.0,4.0,-1.6,1.6,117.0,113.4,118.6,111.8,2.0,0.0,0,1,16.912437638352,16.27200561995083,30.21870342737818,28.464716441742052,-10.160545905591182,3.194511149716629,18.486842105263158,19.17948717948718,9.270833333333334,8.19047619047619,3.7927933168413173,4.15860410444146,0.48069999999999996,0.4574,0.3544,0.36920000000000003
22201119,2023-03-26,2022-23,TOR,WAS,114,104,1,5.0,3.0,4.1,-5.5,115.9,112.0,111.8,117.5,1.0,1.0,0,0,19.691471273824217,8.661691542288557,33.58087651728239,23.766726542709158,3.2505444703456305,-1.2122269089335926,16.323076923076922,9.985074626865671,9.422535211267606,8.426666666666666,5.007079639226569,6.885279467446288,0.47800000000000004,0.5082,0.3673,0.32789999999999997
22201120,2023-03-26,2022-23,POR,OKC,112,118,0,3.0,6.0,-9.2,-2.1,109.8,112.3,119.0,114.4,1.0,1.0,0,0,6.152563226247437,20.355496396592287,16.04464476342371,28.72985702571456,-10.278634217679505,5.134096222099847,8.558441558441558,13.602739726027398,4.5813953488372094,5.6875,2.4209970536769694,8.882747270226634,0.4567,0.44250000000000006,0.3261,0.35219999999999996
22201114,2023-03-26,2022-23,LAL,CHI,108,118,0,7.0,6.0,5.5,3.1,114.7,115.2,109.2,112.1,1.0,1.0,0,0,16.694737369652604,19.497383252818036,30.108459773332918,29.225406401619715,6.915149573314254,4.0087423144488366,11.725806451612904,24.34722222222222,12.706666666666667,6.333333333333333,8.533419622430934,8.819768366786326,0.4803,0.5001,0.35409999999999997,0.3959
22201117,2023-03-26,2022-23,CLE,HOU,108,91,1,8.0,3.0,7.2,-9.6,114.2,112.5,107.0,122.1,2.0,1.0,0,0,21.570525749630225,18.289814814814815,33.252189157101476,30.677092419617416,25.340802641175774,-25.717246642246643,16.18918918918919,18.482142857142858,8.837837837837839,9.743589743589743,6.63509462469921,4.468867662176289,0.48790000000000006,0.4718000000000001,0.3641,0.32460000000000006
22201113,2023-03-26,2022-23,CHA,DAL,110,104,1,4.0,3.0,-7.3,-3.1,104.4,113.8,111.7,116.9,1.0,1.0,0,0,8.780414372069638,24.439277583895304,22.990976990451873,31.546187160298338,-13.899738993212,7.416618873201185,4.038461538461538,32.50819672131148,3.8863636363636362,17.203125,4.856937415159834,10.616517008099034,0.45899999999999996,0.471,0.32389999999999997,0.3742
22201116,2023-03-26,2022-23,BOS,SAS,137,93,1,6.0,3.0,8.6,-10.8,120.0,113.6,111.4,124.4,1.0,1.0,0,0,15.096174293542715,13.970094212108373,27.44989957237882,23.459185020887993,21.599814345457094,-25.683924262103453,26.46969696969697,11.096774193548388,9.78688524590164,7.534246575342466,6.913666462231952,4.6705629352940115,0.46410000000000007,0.45810000000000006,0.37439999999999996,0.37490000000000007
22201115,2023-03-26,2022-23,ATL,MEM,119,123,0,5.0,8.0,1.1,7.9,124.5,122.1,123.4,114.2,0.0,1.0,1,0,20.738254402034094,15.128759398496237,31.45486143086299,27.743316064654447,1.4732395336338184,24.93495769810641,20.457142857142856,18.017857142857142,13.979166666666666,9.882352941176471,5.566067289132125,7.399198269246596,0.4968,0.4988,0.3631,0.3727
22201121,2023-03-26,2022-23,GSW,MIN,96,99,0,5.0,5.0,-1.7,-0.9,121.8,120.6,123.5,121.5,1.0,3.0,0,0,19.680830505279037,19.40707236842105,30.308267706762194,31.187070763610212,9.048334112072922,0.994908206182612,28.942307692307693,23.986842105263158,8.927536231884059,11.3,8.957744262468873,5.960770214825087,0.49190000000000006,0.5006,0.377,0.39449999999999996
22201126,2023-03-27,2022-23,DEN,PHI,116,111,1,5.0,7.0,1.5,10.4,114.8,116.7,113.3,106.3,1.0,1.0,0,0,18.204868318528906,14.980527822923923,30.482768277052536,27.45509922868887,37.19159812604413,16.111199248935492,19.70967741935484,20.152542372881356,16.151515151515152,8.324324324324325,5.206396465075847,5.847884915680902,0.5061000000000001,0.49800000000000005,0.3872,0.39649999999999996
22201122,2023-03-27,2022-23,DET,MIL,117,126,0,1.0,7.0,-9.8,6.0,105.7,123.8,115.5,117.8,2.0,1.0,0,0,9.238562019246125,12.624575953195952,25.45956202570498,25.836230935919946,-30.718433175624376,15.220614670548924,9.887323943661972,14.973684210526315,6.5344827586206895,7.125,3.322778369762152,3.4349052822779766,0.45420000000000005,0.5065999999999999,0.3408,0.3651
22201123,2023-03-27,2022-23,IND,DAL,104,127,0,4.0,3.0,-5.3,-3.3,120.7,111.6,126.0,114.9,1.0,0.0,0,1,11.699771241830065,24.433815350389324,23.361116931931935,29.461820340068886,-11.408838544426779,8.31426385823821,16.44,26.67241379310345,7.05,9.137931034482758,3.4004579411892255,10.69391909122289,0.5039,0.45970000000000005,0.3623,0.3735
22201124,2023-03-27,2022-23,NYK,HOU,137,115,1,4.0,3.0,-1.3,-9.1,115.9,112.0,117.2,121.1,3.0,0.0,0,1,14.44465811965812,17.59543561522151,31.589140392445568,30.718808271450996,12.14222491956149,-26.32203595784901,9.984615384615385,18.263157894736842,4.822784810126582,9.746835443037975,7.336767301893269,4.4698146952915,0.4681,0.47220000000000006,0.3334,0.3217
22201127,2023-03-27,2022-23,POR,NOP,90,124,0,2.0,6.0,-10.1,6.3,108.8,114.6,118.9,108.3,0.0,1.0,1,0,6.3243700743700755,17.285497076023393,15.725912779586704,30.044349140054436,-12.954926271622192,2.812754062575794,8.820512820512821,23.763157894736842,5.857142857142857,4.071428571428571,2.3643480871768174,7.154976693622541,0.45729999999999993,0.49090000000000006,0.3359,0.41509999999999997
22201128,2023-03-27,2022-23,SAC,MIN,115,119,0,7.0,5.0,1.2,-1.4,120.9,119.5,119.7,120.9,1.0,0.0,0,1,19.314227877385772,14.878594042773146,31.665605511151067,30.602776458588398,14.984081975898137,2.4160850057843968,18.57894736842105,11.896103896103897,13.226666666666667,11.464788732394366,4.600206127012839,5.284714579398188,0.47779999999999995,0.49590000000000006,0.3959,0.39580000000000004
22201125,2023-03-27,2022-23,UTA,PHX,103,117,0,4.0,4.0,-4.2,0.3,119.0,119.6,123.2,119.3,1.0,1.0,0,0,14.404900304716483,19.73342261904762,24.361159872522922,26.861873066378063,-1.144224667071306,7.177640985140984,25.13235294117647,27.64,2.857142857142857,7.918918918918919,7.663066274218507,7.7418637891144435,0.475,0.4949,0.34909999999999997,0.3605
22201130,2023-03-28,2022-23,WAS,BOS,130,111,1,2.0,7.0,-6.7,13.2,110.5,120.8,117.2,107.6,1.0,1.0,0,0,14.003862150920975,22.509411276948594,27.45683290177839,32.253453196500985,-1.5870405239721457,27.459134332884513,9.0,29.625,2.7916666666666665,12.468354430379748,6.7436179825502185,9.302745401923664,0.4944,0.48180000000000006,0.32430000000000003,0.3797
22201132,2023-03-28,2022-23,TOR,MIA,106,92,1,5.0,6.0,4.4,-1.1,115.7,115.8,111.3,116.9,1.0,2.0,0,0,18.415388669301713,17.07890384602713,32.28097990176478,31.890303866987768,5.057358373073604,1.6475516901466751,15.093333333333334,20.349206349206348,9.11320754716981,9.85,5.643741134149423,5.153107246826828,0.47170000000000006,0.5010000000000001,0.3628,0.4042
22201134,2023-03-28,2022-23,OKC,CHA,134,137,0,6.0,5.0,-2.4,-5.1,110.4,106.8,112.8,111.9,1.0,1.0,0,0,14.568626654823838,8.240188906855574,25.503866471913657,18.016189797112347,2.951992769820606,-15.03751738163503,16.173333333333332,5.410256410256411,5.714285714285714,4.0,4.2306055734320465,4.451788602872067,0.43290000000000006,0.46579999999999994,0.34059999999999996,0.3386
22201135,2023-03-28,2022-23,GSW,NOP,120,109,1,5.0,7.0,-1.1,11.2,118.6,116.2,119.7,105.0,1.0,0.0,0,1,19.607620089326407,19.353568328549798,29.8205646186454,29.18999893899503,7.333863493404932,8.523602274188132,28.77358490566038,23.897435897435898,8.82857142857143,14.18421052631579,8.46911790148313,6.4077148500245436,0.4806,0.4941,0.37529999999999997,0.4201
22201131,2023-03-28,2022-23,ATL,CLE,120,118,1,5.0,8.0,0.9,6.5,123.6,113.6,122.7,107.1,1.0,1.0,0,0,20.718678081561265,14.333071895424837,31.473549118129718,30.22292509412379,1.3155808316913342,19.804654719062935,15.470588235294118,21.455882352941178,13.89795918367347,5.407407407407407,5.557274331680181,8.707889517769374,0.48729999999999996,0.4854,0.35469999999999996,0.3529
22201133,2023-03-28,2022-23,MEM,ORL,113,108,1,9.0,5.0,9.2,0.0,124.1,117.0,114.9,117.0,1.0,1.0,0,0,12.589385710075367,17.714129657893178,25.038199821608696,30.20479906066767,20.78312115234101,-8.59861010974926,21.071428571428573,18.493506493506494,17.964912280701753,8.704545454545455,5.447869356310842,3.926170353279987,0.514,0.48360000000000003,0.38780000000000003,0.3507
22201145,2023-03-29,2022-23,POR,SAC,80,120,0,1.0,6.0,-14.1,0.3,106.8,120.2,120.9,119.9,1.0,1.0,0,0,7.0003701236212885,19.376193486195266,15.60542918918252,30.258453274658013,-9.669886267654423,12.645706786699646,8.860759493670885,24.732394366197184,0.15384615384615385,7.788732394366197,3.001074220986353,5.863864134243377,0.44749999999999995,0.4718,0.3116,0.3831
22201137,2023-03-29,2022-23,BKN,HOU,123,114,1,3.0,3.0,-1.9,-10.4,112.2,111.0,114.1,121.4,2.0,1.0,0,0,16.940872751499,14.559098322460393,31.1222028272443,30.736929441941943,3.055151014188739,-27.570249559904735,19.49367088607595,12.743243243243244,8.91891891891892,9.7875,4.487754508795168,4.459225635582326,0.4487,0.4747,0.3546,0.3133
22201140,2023-03-29,2022-23,CHI,LAL,110,121,0,7.0,6.0,5.3,3.7,115.6,114.2,110.3,110.5,1.0,2.0,0,0,22.204047870298538,23.83296172426607,30.907243552814027,30.38861867335563,1.0073516389793802,6.116389929223029,24.774647887323944,25.48076923076923,10.151898734177216,12.741935483870968,7.995061146949788,8.09203050374387,0.5,0.4868,0.4043,0.35690000000000005
22201136,2023-03-29,2022-23,IND,MIL,136,149,0,4.0,7.0,-7.2,5.8,116.8,123.0,124.0,117.2,1.0,1.0,0,0,11.607936001800653,21.44957774465971,22.70879366006057,28.69901181664419,-11.728104187686498,19.97194047514684,16.56578947368421,18.454545454545453,7.065573770491803,13.632352941176471,3.766427972707285,7.990045774112871,0.48690000000000005,0.495,0.3504,0.36049999999999993
22201138,2023-03-29,2022-23,NYK,MIA,101,92,1,4.0,5.0,0.7,-2.7,116.5,112.0,115.8,114.7,1.0,0.0,0,1,14.572922742248215,21.252038833188028,28.96691123980397,29.022580324927908,13.243754783244551,3.948130486861228,10.045454545454545,20.546875,9.567567567567568,9.925373134328359,6.91803140352622,6.989754618201175,0.47669999999999996,0.4877999999999999,0.34040000000000004,0.3793
22201142,2023-03-29,2022-23,OKC,DET,107,106,1,6.0,1.0,0.4,-10.1,113.7,107.0,113.3,117.1,0.0,1.0,1,0,14.720584795321637,10.633586200189209,25.435920169869117,22.04597760860864,3.7394945697577273,-24.0318688392354,13.833333333333334,6.491525423728813,6.5285714285714285,6.377777777777778,4.399043925820876,3.4846732219949694,0.44750000000000006,0.4523,0.3424,0.3387
22201139,2023-03-29,2022-23,PHI,DAL,116,108,1,6.0,3.0,7.6,-1.4,116.1,112.3,108.5,113.7,1.0,1.0,0,0,24.6462962962963,24.32832305934738,32.59913308948046,31.537250732671765,23.191774481248167,9.51936692012517,20.892857142857142,26.491525423728813,8.052631578947368,9.016949152542374,8.975527476270832,11.03679763169976,0.4969,0.46909999999999996,0.3632,0.3799
22201144,2023-03-29,2022-23,PHX,MIN,107,100,1,4.0,5.0,1.3,-1.4,118.3,117.6,117.0,119.0,1.0,1.0,0,0,15.979627148057444,19.236177156177153,29.685345967888793,31.24916604783697,7.926745562803829,4.257329973947622,27.568627450980394,23.756410256410255,7.2368421052631575,12.0,9.519531217411446,5.72505037667596,0.4823999999999999,0.4871,0.3558,0.382
22201143,2023-03-29,2022-23,SAS,UTA,117,128,0,3.0,4.0,-12.0,-4.6,111.9,117.4,123.9,122.0,2.0,1.0,0,0,9.568888654254508,7.116239316239316,21.61367174551679,15.757604118104116,-26.94817079939031,-8.504662004662006,11.253968253968255,9.215384615384615,5.5,2.6333333333333333,2.8962748522746025,4.048309448346855,0.44899999999999995,0.47030000000000005,0.3647,0.3444
22201146,2023-03-30,2022-23,MIL,BOS,99,140,0,7.0,7.0,6.6,11.7,126.1,120.5,119.5,108.8,0.0,1.0,1,0,20.181528284340562,23.483147347772647,27.872311756273252,31.573572607007907,20.92397138190178,23.642436861133607,30.919354838709676,26.558823529411764,15.5,8.324675324675324,8.069179117208805,8.796209759306914,0.5151,0.48860000000000003,0.3625,0.37139999999999995
22201147,2023-03-30,2022-23,DEN,NOP,88,107,0,5.0,6.0,1.5,9.4,114.6,115.8,113.1,106.4,2.0,1.0,0,0,14.565685282103194,19.377453102453103,27.93411984511983,30.08363811778499,23.93587981828458,7.347411616161615,19.6984126984127,13.974025974025974,17.03174603174603,7.0476190476190474,4.555707185636007,6.394763749867349,0.5066999999999999,0.4902,0.3822,0.4164
22201151,2023-03-31,2022-23,WAS,ORL,109,116,0,3.0,5.0,-4.6,0.6,111.5,115.5,116.1,114.9,2.0,2.0,0,0,8.565258072718027,17.322610722610722,21.844219166305894,30.192655647057006,-3.3168847937340007,-9.020272385348699,10.18840579710145,19.5,5.931034482758621,9.26,2.611455226191841,3.79606120898505,0.4923,0.4746,0.318,0.3493
22201159,2023-03-31,2022-23,POR,SAC,114,138,0,1.0,6.0,-15.9,3.4,105.5,119.4,121.4,116.0,1.0,1.0,0,0,5.016350210970464,15.097345928924875,13.297761770696932,30.189636230071102,-14.804547425004335,15.596717449817664,9.125,18.602564102564102,4.1506849315068495,15.136986301369863,3.2867107875719404,4.606536425733722,0.44320000000000004,0.46930000000000005,0.3065,0.3777
22201157,2023-03-31,2022-23,MIN,LAL,111,123,0,5.0,6.0,0.2,3.9,118.2,115.1,118.0,111.2,1.0,1.0,0,0,18.7317429406037,23.88760107816712,31.17898284295048,30.41178271622452,3.7708941217455334,7.593336673050551,23.848101265822784,25.71698113207547,13.611940298507463,12.666666666666666,5.8170684985346055,8.116409696324546,0.492,0.49350000000000005,0.38570000000000004,0.36689999999999995
22201160,2023-03-31,2022-23,PHX,DEN,100,93,1,4.0,5.0,-1.1,1.7,115.8,113.8,116.9,112.1,1.0,0.0,0,1,23.076927779972536,11.009068627450981,29.719021063533354,19.04666125371361,12.137790295099,-3.2029604872251927,27.596153846153847,10.9125,4.224137931034483,5.333333333333333,10.11701342537928,5.0684597844267465,0.472,0.5046999999999999,0.3393,0.359
22201150,2023-03-31,2022-23,PHI,TOR,117,110,1,6.0,6.0,8.3,6.3,115.7,115.0,107.4,108.7,1.0,2.0,0,0,24.580780845556514,19.780657636188803,31.207199147193183,33.59029795053921,16.834991187700723,4.899531407867088,20.789473684210527,19.073529411764707,9.20253164556962,9.356164383561644,10.56729865630086,5.042704603056681,0.49139999999999995,0.4701000000000001,0.37370000000000003,0.348
22201149,2023-03-31,2022-23,IND,OKC,121,117,1,3.0,6.0,-9.4,-0.9,117.0,113.4,126.4,114.3,1.0,1.0,0,0,11.447597157274577,20.534764536262823,22.40789898770097,28.852382452547896,-12.856448657456259,6.845335533635055,16.727272727272727,31.296875,9.957142857142857,9.408450704225352,3.21761255239738,8.590229618768277,0.49139999999999995,0.446,0.35710000000000003,0.3448
22201153,2023-03-31,2022-23,BKN,ATL,124,107,1,4.0,5.0,-0.5,0.9,113.2,123.4,113.7,122.5,1.0,2.0,0,0,17.127901265401267,20.203556570268898,31.473716545954044,31.074678932014205,4.0824808524808525,-1.7877560339204173,19.5875,20.47222222222222,8.061538461538461,11.80952380952381,4.54359768721984,5.635278963144613,0.4630000000000001,0.4805,0.36429999999999996,0.3577
22201158,2023-03-31,2022-23,GSW,SAS,130,115,1,6.0,2.0,2.1,-13.9,119.6,110.8,117.5,124.7,2.0,1.0,0,0,19.64537437870771,13.236436863302535,29.869471392496393,23.73927328547627,8.99851491101491,-26.64435494853405,21.53030303030303,21.904761904761905,7.0875,7.586666666666667,8.83911826162136,5.842445748993782,0.4891,0.44210000000000005,0.387,0.3539
22201154,2023-03-31,2022-23,CLE,NYK,116,130,0,7.0,5.0,5.9,2.3,113.6,116.1,107.7,113.8,2.0,1.0,0,0,21.66300608725565,15.870078180525944,30.35997723885925,31.426111638477494,21.168285630925947,13.708380936017752,16.276315789473685,23.271428571428572,8.710526315789474,4.8765432098765435,8.19301396956384,6.8265662655745585,0.4911,0.484,0.3536,0.3548
22201148,2023-03-31,2022-23,CHA,CHI,91,121,0,5.0,6.0,-5.5,2.1,109.3,114.9,114.8,112.8,2.0,1.0,0,0,6.161255411255412,22.20203703703704,14.634573752597216,31.199846203703704,-12.446606547757444,-0.1525252525252523,8.090909090909092,24.73611111111111,4.1521739130434785,6.333333333333333,1.6256860479954411,7.987268189929526,0.47169999999999995,0.49939999999999996,0.3411,0.3983
22201152,2023-03-31,2022-23,BOS,UTA,122,114,1,7.0,5.0,13.6,-3.1,123.0,118.6,109.4,121.7,0.0,1.0,1,0,23.545173661656463,8.133773286028925,31.527765072034185,20.3869551183598,25.334471105237302,-6.548259459464711,29.743243243243242,9.092105263157896,4.447368421052632,11.5,9.722501596099098,2.531382033092138,0.49689999999999995,0.4801,0.3859,0.34900000000000003
22201155,2023-03-31,2022-23,HOU,DET,121,115,1,3.0,1.0,-10.5,-10.0,111.3,105.9,121.8,115.9,1.0,1.0,0,0,17.75005649717514,11.121911366172485,30.807755491538796,24.46707722266989,-28.033336945024892,-29.81161269678269,18.610169491525422,15.583333333333334,9.666666666666666,8.6875,4.4833793339326204,3.4376224260107358,0.4734,0.4511,0.29619999999999996,0.3439
22201161,2023-04-01,2022-23,MIA,DAL,129,122,1,5.0,3.0,-3.2,-1.5,111.2,112.5,114.4,114.0,2.0,2.0,0,0,17.49051808757691,24.298015873015874,27.466796089477658,31.583673645683017,-0.25356255668988326,8.902281746031745,22.126984126984127,32.375,11.314814814814815,8.966666666666667,6.793691154309094,10.99460532156056,0.4821000000000001,0.47170000000000006,0.385,0.3842
22201170,2023-04-02,2022-23,SAC,SAS,134,142,0,7.0,2.0,6.7,-14.2,120.8,113.3,114.1,127.5,1.0,1.0,0,0,19.266844633971775,10.200104646109914,31.542787668024136,20.858360858718882,15.317682770818429,-28.37809235906031,18.620253164556964,12.294117647058824,2.8285714285714287,5.4375,7.218472451722462,3.3387722744376442,0.48650000000000004,0.4508,0.38439999999999996,0.36560000000000004
22201169,2023-04-02,2022-23,ORL,DET,128,102,1,6.0,1.0,2.0,-9.6,114.7,107.1,112.7,116.7,1.0,1.0,0,0,17.024548795426703,10.691965938541282,28.92834277119722,23.054600280897187,-8.360005499746459,-28.05835180335021,18.59493670886076,9.95945945945946,15.11864406779661,8.723076923076922,3.8251994522508403,3.235997386462601,0.47779999999999995,0.4545,0.3355,0.34199999999999997
22201172,2023-04-02,2022-23,OKC,PHX,118,128,0,5.0,5.0,-2.5,0.5,114.9,113.9,117.4,113.4,1.0,1.0,0,0,20.585331485331483,23.03795348754575,28.910524283774283,29.747256970846177,6.741622941622941,12.38873326565266,13.891891891891891,27.58490566037736,9.375,4.305084745762712,8.626720715233832,10.08963679522902,0.4558,0.4646,0.3325,0.3468
22201168,2023-04-02,2022-23,NYK,WAS,118,109,1,6.0,3.0,4.2,-4.6,117.4,111.7,113.2,116.3,1.0,1.0,0,0,16.00420046300558,8.978412698412699,26.648325317450617,22.09867944304062,15.064443589372686,-3.649462056720282,10.294117647058824,9.173333333333334,9.631578947368421,5.9491525423728815,6.277498051186738,2.575554312437315,0.4951,0.48240000000000005,0.376,0.3261
22201166,2023-04-02,2022-23,MIN,POR,105,107,0,5.0,1.0,-0.9,-18.2,117.0,105.0,117.9,123.2,1.0,1.0,0,0,15.731818181818182,9.182793905016128,30.736868003565057,20.32973650811828,3.3244358854652973,-25.45767553267553,23.6875,9.345679012345679,20.51851851851852,3.517857142857143,5.732194251221976,3.9216003532501142,0.4862,0.4378,0.38899999999999996,0.3148
22201174,2023-04-02,2022-23,MIL,PHI,117,104,1,7.0,6.0,3.4,7.1,124.4,116.2,121.0,109.1,2.0,1.0,0,0,21.65962621607783,24.514985311314565,28.7681153833758,32.18857380204025,19.612877239187892,23.036808419611532,18.75,20.20967741935484,8.207317073170731,10.282051282051283,7.601718489989613,10.017107159595572,0.5096999999999999,0.4963,0.3539,0.3745
22201173,2023-04-02,2022-23,CLE,IND,115,105,1,6.0,3.0,4.1,-9.6,114.8,117.0,110.7,126.6,1.0,1.0,0,0,21.717447769621682,11.782400958457295,30.842636364891142,23.383229345875822,24.17305986426191,-13.305072185248243,27.391304347826086,8.698412698412698,14.264705882352942,16.625,7.812942783630424,3.853118113487732,0.49350000000000005,0.49110000000000004,0.3674,0.36069999999999997
22201175,2023-04-02,2022-23,DEN,GSW,112,110,1,5.0,6.0,1.8,2.7,111.1,120.1,109.3,117.4,1.0,1.0,0,0,17.60001509661836,19.696095705849753,27.50203948684278,29.48146401711074,22.04973344556678,10.201485412129378,19.71875,21.671641791044777,10.61038961038961,9.880597014925373,4.555499679456771,9.040186070589046,0.4958,0.49850000000000005,0.345,0.3881
22201165,2023-04-02,2022-23,CHI,MEM,128,107,1,6.0,8.0,4.3,6.1,115.1,124.7,110.8,118.6,1.0,1.0,0,0,22.202517646221082,20.571966850053613,31.164772250260352,27.95793496813703,5.377639659588782,24.475805577999644,24.30263157894737,26.403225806451612,5.880597014925373,10.80952380952381,8.07304360344558,7.073744079540522,0.49929999999999997,0.5107999999999999,0.3933,0.3811
22201163,2023-04-02,2022-23,CHA,TOR,108,128,0,4.0,6.0,-9.5,6.4,107.1,116.0,116.6,109.6,1.0,1.0,0,0,4.8545836837678715,19.323770466452643,13.658489406582945,33.675202152957525,-12.369349109763204,4.508289602216334,5.829268292682927,23.535211267605632,8.044444444444444,9.35135135135135,1.7782484996954835,4.993905871108607,0.46719999999999995,0.4816000000000001,0.3456,0.3382
22201164,2023-04-02,2022-23,BKN,UTA,111,110,1,4.0,4.0,1.1,-4.6,113.2,116.9,112.1,121.5,1.0,1.0,0,0,16.42841672081438,15.660978992505504,31.21655169065827,24.773494289668,5.891331897472249,-6.8645853665497345,19.864197530864196,25.130434782608695,8.868421052631579,3.019230769230769,4.575348476071791,7.513490909934954,0.4725,0.47230000000000005,0.36269999999999997,0.3418
22201167,2023-04-02,2022-23,ATL,DAL,132,130,1,4.0,3.0,-1.5,-1.8,122.7,113.9,124.2,115.7,1.0,0.0,0,1,20.1420364127646,22.57326607818411,30.714571132869366,26.33795699319066,-3.1978767826868872,3.6432610364602276,20.47945205479452,26.37704918032787,13.823529411764707,7.243589743589744,5.592305696622204,11.37537732441518,0.47920000000000007,0.4868,0.3309,0.39049999999999996
22201171,2023-04-02,2022-23,HOU,LAL,109,134,0,3.0,6.0,-10.1,4.1,112.3,115.2,122.4,111.1,1.0,1.0,0,0,18.45865339023234,21.950712250712247,30.88215006919628,28.770351602758705,-27.1626293816281,5.616255301177952,22.039473684210527,11.907692307692308,9.609756097560975,12.564102564102564,4.5732184012977735,8.613159983112306,0.4748,0.4872000000000001,0.3003,0.3645
22201178,2023-04-04,2022-23,ORL,CLE,113,117,0,6.0,7.0,3.4,5.5,114.9,114.8,111.5,109.3,1.0,1.0,0,0,17.387792397660817,20.359181404214763,30.153875247145642,33.438382276187596,-6.804648640832851,24.787159198674676,19.56578947368421,27.571428571428573,9.403846153846153,4.790697674418604,3.7458062750816334,7.856385970775606,0.4866,0.49590000000000006,0.3519,0.363
22201181,2023-04-04,2022-23,PHI,BOS,103,101,1,5.0,7.0,4.9,13.5,114.8,121.8,109.9,108.3,1.0,3.0,0,0,24.483205745917612,17.3292852303523,32.16699731470003,30.601974545049508,21.62424911465664,27.05660981980525,20.661016949152543,12.402439024390244,10.189873417721518,14.352941176470589,10.004621986388939,7.891042553868681,0.49030000000000007,0.48600000000000004,0.3606,0.3716
22201185,2023-04-04,2022-23,NOP,SAC,103,121,0,7.0,6.0,11.8,5.6,116.4,122.5,104.6,116.9,2.0,1.0,0,0,19.561708181961347,15.180068271836562,30.22470017263688,30.220750514891062,3.0225778291442857,15.57267371499079,24.404761904761905,12.217948717948717,10.34375,15.093333333333334,5.8384468794353666,4.571784418285011,0.49449999999999994,0.4854,0.4229,0.3665
22201186,2023-04-04,2022-23,UTA,LAL,133,135,0,3.0,7.0,-5.5,7.0,116.0,117.8,121.5,110.8,1.0,1.0,0,0,9.707651076422573,16.887179487179488,20.277912037388358,30.027635016835013,-5.624368994253443,9.868123543123541,7.017241379310345,26.2,3.8,11.435483870967742,3.969323585567337,8.606945191880403,0.4716,0.4948,0.3387,0.3612
22201179,2023-04-04,2022-23,WAS,MIL,128,140,0,3.0,7.0,-3.6,3.8,113.3,122.8,116.9,119.0,1.0,1.0,0,0,6.809059294035819,19.88054577464789,13.419745574682665,26.927394665790636,6.059158655637528,18.61681594665736,3.7037037037037037,30.84375,2.6666666666666665,6.837209302325581,3.5355735208309365,9.69744550839721,0.4913,0.5091,0.34619999999999995,0.34409999999999996
22201184,2023-04-04,2022-23,MEM,POR,119,109,1,8.0,2.0,5.9,-16.3,123.5,104.7,117.6,121.0,1.0,1.0,0,0,19.366371544337646,9.73637458596808,26.420083838050846,20.284971093044266,21.226696521364104,-15.252371273712738,21.25423728813559,13.5,9.3375,0.8125,7.69469334653081,4.583760329435784,0.5067,0.4351,0.3862,0.3145
22201188,2023-04-04,2022-23,PHX,SAS,115,94,1,6.0,2.0,2.6,-15.2,115.5,114.3,112.9,129.5,1.0,1.0,0,0,23.06446208112875,9.206141558347918,31.05227349873845,19.666416742763413,9.222980837904782,-22.282756716632733,28.428571428571427,9.597014925373134,7.185714285714286,8.852941176470589,9.469042191471907,2.3963838981817167,0.473,0.4474,0.366,0.35009999999999997
22201187,2023-04-04,2022-23,GSW,OKC,136,125,1,5.0,4.0,1.4,-4.9,118.8,114.6,117.4,119.5,1.0,1.0,0,0,15.372137058780893,19.842066822066823,26.838260559250244,29.0576542802584,8.084358874410661,6.159115310445291,28.892857142857142,13.893333333333333,7.060975609756097,6.876712328767123,9.439939842091762,8.655179732763195,0.4843,0.45119999999999993,0.36079999999999995,0.3336
22201177,2023-04-04,2022-23,DET,MIA,105,118,0,1.0,5.0,-11.6,-2.9,105.8,112.2,117.4,115.1,1.0,2.0,0,0,11.461632541632541,17.375016489522086,24.036589435770082,31.62161316391937,-26.318445483606773,2.337145768194601,10.093333333333334,20.393939393939394,7.545454545454546,11.7,3.1367514575491677,6.02570205700145,0.4497999999999999,0.48319999999999996,0.3369,0.3718
22201182,2023-04-04,2022-23,CHI,ATL,105,123,0,7.0,5.0,6.7,-0.4,116.5,123.4,109.8,123.8,1.0,1.0,0,0,22.26280937256547,16.12232137232137,31.882894289974637,27.471743995976873,2.2561911023173575,-3.134078405653748,24.7972972972973,20.54054054054054,9.486486486486486,12.777777777777779,8.019223479605815,3.9144365508102466,0.5133,0.47639999999999993,0.3842,0.3358
22201176,2023-04-04,2022-23,CHA,TOR,100,120,0,4.0,7.0,-10.7,9.4,106.8,117.6,117.5,108.2,1.0,1.0,0,0,4.672171920411357,18.57483277591973,15.577203187741707,32.39260255693582,-13.783996660177005,5.59845729150077,5.880952380952381,23.708333333333332,3.25531914893617,12.375,1.729036735739861,5.051854218816313,0.4758,0.4854,0.35150000000000003,0.3311
22201180,2023-04-04,2022-23,BKN,MIN,102,107,0,4.0,4.0,1.0,-3.2,112.1,113.9,111.1,117.1,1.0,1.0,0,0,15.260004223418855,12.346934143026147,31.671449163647566,30.802494464617933,5.922487437313739,3.1811697086646586,19.98780487804878,11.938271604938272,12.441558441558442,20.071428571428573,4.629361006708651,5.694861725332206,0.4667,0.4756,0.35219999999999996,0.38839999999999997
22201183,2023-04-04,2022-23,HOU,DEN,124,103,1,2.0,6.0,-13.0,2.2,111.8,110.3,124.8,108.1,1.0,1.0,0,0,16.450505050505047,14.744724381309746,29.64633767444485,29.94282661484857,-27.989108214847896,29.460342096927462,22.064935064935064,17.107692307692307,12.578313253012048,4.545454545454546,4.585166101600339,6.7486419883040565,0.46510000000000007,0.48979999999999996,0.3109,0.3336
22201194,2023-04-05,2022-23,NOP,MEM,138,131,1,7.0,8.0,11.5,6.3,115.9,122.8,104.4,116.5,0.0,0.0,1,1,19.518779069767444,16.444942023190723,29.452702049574185,26.12785521250759,7.751776897752254,14.690391439383841,24.348837209302324,9.951219512195122,14.25,3.909090909090909,6.517866234559285,6.70909039643328,0.49560000000000004,0.5065,0.43229999999999996,0.3869
22201190,2023-04-05,2022-23,IND,NYK,129,138,0,3.0,7.0,-8.6,6.2,117.8,119.7,126.4,113.5,2.0,2.0,0,0,11.719892528611597,10.53300029803367,23.504811418414718,26.235123803080416,-13.25939312873918,15.138142273238532,16.734177215189874,10.53623188405797,8.423076923076923,4.927710843373494,3.1491303223906657,3.257347514618321,0.49260000000000004,0.5118,0.36879999999999996,0.394
22201189,2023-04-05,2022-23,DET,BKN,108,123,0,0.0,4.0,-14.9,1.9,104.6,111.6,119.5,109.7,0.0,0.0,1,1,11.568323295801692,13.725723406446297,23.60944937219856,31.586519399760213,-29.687495372342042,5.18132186279364,15.786666666666667,20.03614457831325,10.304347826086957,7.4520547945205475,3.4306220268783325,4.855862738161639,0.4511,0.4673,0.33730000000000004,0.36
22201193,2023-04-05,2022-23,MIL,CHI,105,92,1,7.0,6.0,3.8,4.1,125.2,113.1,121.4,109.0,0.0,0.0,1,1,15.924985302763082,22.258414169498508,25.06228946577441,31.89278650799407,15.162956684844236,1.2750493613248983,13.722222222222221,24.474358974358974,6.954545454545454,9.453333333333333,5.813720175291033,7.994199212764524,0.5163,0.5051,0.3681,0.361
22201192,2023-04-05,2022-23,BOS,TOR,97,93,1,7.0,7.0,13.5,9.9,121.0,117.1,107.5,107.2,0.0,0.0,1,1,17.79068738723008,16.956278599869258,25.34807515913456,33.62242217866473,22.19016975949052,4.908943350078844,12.566265060240964,16.7,6.234567901234568,9.105263157894736,7.798567273290515,5.108449662699647,0.483,0.48040000000000005,0.37629999999999997,0.3366
22201191,2023-04-05,2022-23,ATL,WAS,134,116,1,6.0,2.0,3.5,-6.8,124.2,114.4,120.7,121.2,0.0,0.0,1,1,19.72200913242009,4.983216237314598,30.10656398513488,15.17134326481048,-1.9394557878536436,0.23484257090814475,25.946666666666665,4.285714285714286,5.507246376811594,7.291666666666667,7.376300964701345,2.6154723169652967,0.4868,0.49000000000000005,0.35330000000000006,0.37239999999999995
22201195,2023-04-05,2022-23,DAL,SAC,123,119,1,3.0,6.0,-0.4,6.9,118.1,124.5,118.5,117.6,2.0,0.0,0,1,24.394957640925384,19.439495343296514,30.776340625752617,31.592802160766837,8.008567374348882,16.260631410087754,26.612903225806452,18.679012345679013,7.253164556962025,13.417721518987342,9.944739593440962,4.5361242159053035,0.49949999999999994,0.4969,0.3907,0.3753
22201197,2023-04-06,2022-23,ORL,CLE,94,118,0,6.0,7.0,4.8,5.3,114.8,115.1,110.0,109.8,1.0,1.0,0,0,5.6529494686618955,3.3244047619047614,13.727157313687423,10.556502691798942,-3.2739804401483,-2.450316558441558,4.586206896551724,5.1875,9.377358490566039,4.75,3.044657816602297,1.2582770941840669,0.4917999999999999,0.4988,0.3609,0.3855
22201198,2023-04-06,2022-23,PHI,MIA,101,129,0,5.0,6.0,1.2,-0.4,113.0,112.6,111.8,113.0,1.0,1.0,0,0,20.49075079149706,17.51464108031272,29.280918932210447,32.13481004315157,16.358062002310273,4.21261451615602,32.73134328358209,9.785714285714286,3.5064935064935066,11.214285714285714,10.597731338626819,5.701959056708685,0.49030000000000007,0.48979999999999996,0.36719999999999997,0.3782
22201201,2023-04-06,2022-23,PHX,DEN,119,115,1,7.0,6.0,5.9,1.6,116.6,109.6,110.7,108.0,1.0,1.0,0,0,23.039652260308,7.31726907630522,31.04248022176505,16.643620494686694,10.234303415581941,-12.575772357723576,28.22,10.951807228915662,7.098591549295775,3.2888888888888888,9.404031720860203,2.956828172981303,0.47809999999999997,0.4816,0.36150000000000004,0.3402
22201199,2023-04-06,2022-23,SAS,POR,129,127,1,2.0,2.0,-16.4,-15.7,110.9,104.9,127.3,120.6,1.0,1.0,0,0,15.23871336996337,4.341224294595887,23.967675987031285,15.462413067497815,-30.005405487166996,-6.76336021372384,21.90625,1.3529411764705883,9.764705882352942,4.8,5.2898850863638875,2.257148360586382,0.44049999999999995,0.43999999999999995,0.3385,0.31
22201200,2023-04-06,2022-23,UTA,OKC,98,114,0,3.0,4.0,-5.3,-4.3,117.8,116.0,123.1,120.3,1.0,1.0,0,0,10.326485705789898,18.298248621756084,19.715708494563223,25.73556809007865,-8.41080966312902,1.2933271174014904,11.736842105263158,31.53731343283582,2.8181818181818183,5.574074074074074,3.7061154531790574,9.918746216918295,0.476,0.4559,0.34209999999999996,0.32609999999999995
22201208,2023-04-07,2022-23,MIL,MEM,114,137,0,8.0,7.0,6.7,4.2,123.4,122.6,116.7,118.4,1.0,1.0,0,0,3.1931419457735246,15.5466637906241,9.730453872354229,26.924866592766186,-6.807746011793736,26.24022555509088,4.963636363636364,11.0,5.4375,26.203125,1.8903939738806692,7.58740817204533,0.5058999999999999,0.49989999999999996,0.3728,0.37279999999999996
22201204,2023-04-07,2022-23,WAS,MIA,114,108,1,2.0,6.0,-6.3,2.0,116.6,113.6,122.9,111.6,1.0,0.0,0,1,8.11787120138561,5.671122250069619,16.93708274200038,20.476388855607855,1.407110428803863,-4.191310283485313,4.827586206896552,4.473684210526316,2.25,9.521739130434783,3.097983298725979,2.7572346578359896,0.4918,0.49870000000000003,0.359,0.3832
22201211,2023-04-07,2022-23,SAC,GSW,97,119,0,5.0,6.0,5.1,3.3,123.2,119.8,118.1,116.5,1.0,2.0,0,0,11.30835137085137,19.713800180009518,20.602709245937955,29.591472574655864,10.498838724686854,11.840719716546992,12.3125,21.720588235294116,7.618421052631579,4.35,4.381371989428109,9.782098889824496,0.4845,0.47809999999999997,0.3482,0.35619999999999996
22201209,2023-04-07,2022-23,NOP,NYK,113,105,1,8.0,7.0,12.4,6.7,118.5,122.3,106.1,115.6,1.0,1.0,0,0,19.629339200976627,13.30239316239316,30.42819035469938,27.64763901538592,8.688810043869115,8.834726959011924,24.34090909090909,19.52,6.880597014925373,7.231884057971015,6.485581445517163,5.6746833943098185,0.49800000000000005,0.5161,0.44320000000000004,0.4034
22201212,2023-04-07,2022-23,LAL,PHX,121,107,1,7.0,7.0,5.4,6.0,119.8,116.9,114.4,110.9,1.0,0.0,0,1,18.593253884105913,7.028016866631891,30.722779120082613,18.614202808496223,7.36875272079974,2.8507215396939767,25.94736842105263,6.71830985915493,7.121621621621622,5.16,8.282816062959794,1.5417321230266765,0.5088,0.4821999999999999,0.36669999999999997,0.3716
22201205,2023-04-07,2022-23,ATL,PHI,131,136,0,6.0,4.0,4.5,-3.6,124.9,109.0,120.4,112.6,1.0,0.0,0,1,19.379746006808066,7.214862147645914,30.745855555374895,16.21174704797096,-1.8168086031714477,0.02734885315169361,25.93421052631579,9.060240963855422,15.347826086956522,3.9295774647887325,5.444811530824106,2.8296858914669683,0.491,0.48019999999999996,0.35760000000000003,0.35209999999999997
22201210,2023-04-07,2022-23,DAL,CHI,112,115,0,3.0,5.0,-0.9,1.4,116.7,111.0,117.6,109.6,1.0,1.0,0,0,3.878827913279133,9.425988752368726,15.12687887476215,24.851600652129214,-8.463348222008056,4.811299372986598,7.2,9.513157894736842,2.625,5.782608695652174,1.9434657737478593,4.510394510200788,0.49770000000000003,0.49219999999999997,0.3847,0.3443
22201202,2023-04-07,2022-23,CHA,HOU,109,112,0,4.0,2.0,-12.1,-11.1,106.0,112.8,118.1,123.9,2.0,2.0,0,0,5.612387790825257,17.88361101264327,15.889941698930965,30.990518330047614,-17.16170226872689,-26.352431948357243,6.046511627906977,12.571428571428571,5.405405405405405,9.619047619047619,1.4752815892427475,4.61811663787758,0.47129999999999994,0.46229999999999993,0.3426,0.31520000000000004
22201207,2023-04-07,2022-23,BKN,ORL,101,84,1,5.0,6.0,3.9,2.7,114.3,112.9,110.4,110.2,1.0,0.0,0,1,16.52495739661703,7.025700379867047,31.6241900668138,20.687154057850584,6.288224800490525,-1.612229938271605,20.107142857142858,12.9375,8.308823529411764,3.5277777777777777,4.632148298632474,6.307603365134724,0.47829999999999995,0.4816,0.36360000000000003,0.3656
22201206,2023-04-07,2022-23,BOS,TOR,121,102,1,7.0,6.0,13.7,7.8,120.3,113.6,106.6,105.8,1.0,1.0,0,0,9.517543702909556,16.89043427230047,22.223239195663254,32.489268814528465,20.35128532340565,4.9943697886813485,6.195121951219512,18.875,5.655737704918033,12.31081081081081,2.8787224412648724,5.076387528683155,0.4852,0.473,0.3752,0.311
22201203,2023-04-07,2022-23,IND,DET,115,122,0,2.0,0.0,-11.1,-14.4,116.8,105.7,127.9,120.1,1.0,1.0,0,0,11.644101731601731,9.685201640464799,20.902283753746254,21.09784484259892,8.523670536780294,-21.966875536099607,16.7375,15.881578947368421,16.5,9.0,4.230037191383635,4.268498024678839,0.48860000000000003,0.4614999999999999,0.371,0.3543
22201214,2023-04-08,2022-23,SAS,MIN,131,151,0,3.0,5.0,-15.6,-2.5,111.8,114.4,127.4,116.9,1.0,3.0,0,0,8.253712626637016,15.21879931114582,19.28643580221476,30.174365948776483,-25.79206804518952,3.022761223917658,4.475,13.542857142857143,5.782608695652174,9.097222222222221,3.413830917695269,6.124379502561811,0.445,0.4798,0.3286,0.38839999999999997
22201213,2023-04-08,2022-23,UTA,DEN,118,114,1,2.0,5.0,-7.0,-0.7,115.8,109.2,122.8,109.9,1.0,1.0,0,0,8.396031746031746,15.365629912964556,16.43209290807232,28.249517329652384,-12.699160144332176,19.926683229410983,12.25,10.481012658227849,5.773584905660377,7.428571428571429,3.402630900572162,7.448303927827109,0.4821,0.48180000000000006,0.3167,0.3417
22201225,2023-04-09,2022-23,MIN,NOP,113,108,1,6.0,8.0,0.3,12.2,116.4,118.1,116.1,105.9,0.0,1.0,1,0,17.74010012653353,16.15197360669259,29.397631331339802,30.218952166438545,6.797444306341485,3.3479824690204394,23.951807228915662,24.2,3.7555555555555555,14.048780487804878,7.624414129075334,5.726668162985281,0.48919999999999997,0.5018,0.4013,0.43699999999999994
22201222,2023-04-09,2022-23,WAS,HOU,109,114,0,3.0,3.0,-4.3,-9.8,116.2,113.3,120.5,123.1,1.0,1.0,0,0,3.103703703703704,13.694250267649096,11.725235449735449,25.53334226765814,-4.464350064350064,-24.641678120503652,1.0,12.79746835443038,7.391891891891892,12.588235294117647,2.278924697539683,5.44354797978562,0.4931,0.4687,0.34409999999999996,0.3212
22201221,2023-04-09,2022-23,TOR,MIL,121,105,1,5.0,7.0,4.4,3.7,111.6,123.0,107.2,119.3,1.0,1.0,0,0,10.236866376533511,3.44490231990232,16.486017294735554,11.799208004413888,1.7665338573922855,-10.522803177214943,4.415094339622642,4.125,15.074074074074074,3.450980392156863,6.5478084538935395,1.9299807653995664,0.4627,0.4992000000000001,0.30670000000000003,0.3801
22201230,2023-04-09,2022-23,POR,GSW,101,157,0,2.0,7.0,-14.1,6.3,108.7,119.8,122.8,113.5,0.0,1.0,1,0,9.929100529100529,14.557711254262978,22.430243386243387,25.46351145332096,-14.476608187134502,7.857455557935318,14.2,4.8307692307692305,2.210526315789474,7.011904761904762,4.178090040426981,9.550212555444888,0.4527,0.4827,0.332,0.3731
22201226,2023-04-09,2022-23,OKC,MEM,115,100,1,4.0,7.0,-3.1,6.1,115.0,125.1,118.1,119.0,2.0,1.0,0,0,5.90041216289988,2.6459989401165873,13.97830868592997,13.719223264440913,4.170862493623041,-9.292853532265298,8.070422535211268,1.2352941176470589,5.630434782608695,5.589743589743589,1.9219081438845593,2.6246520892688405,0.44609999999999994,0.5107999999999999,0.3201,0.3918
22201220,2023-04-09,2022-23,NYK,IND,136,141,0,6.0,2.0,4.3,-9.8,120.5,116.2,116.2,126.0,1.0,1.0,0,0,13.836716791979951,10.613839077891365,26.785825757411857,22.457645602135795,14.28677803642469,-10.885211324911301,19.63157894736842,9.23076923076923,9.468354430379748,16.566265060240966,4.7626469672084095,4.643964017008663,0.5074,0.48629999999999995,0.3931,0.3678
22201219,2023-04-09,2022-23,MIA,ORL,123,110,1,5.0,5.0,-0.5,0.5,110.6,110.0,111.1,109.5,1.0,1.0,0,0,3.9360319840079954,5.668111806821483,15.5730158628696,15.948339491691105,-8.152315843487697,-6.180536181342633,6.739130434782608,3.690909090909091,6.045454545454546,4.625,3.2223748893614848,1.943789906772706,0.4828,0.46720000000000006,0.3703,0.3517
22201216,2023-04-09,2022-23,BOS,ATL,120,114,1,7.0,6.0,14.2,4.8,119.8,126.2,105.6,121.4,1.0,1.0,0,0,4.339651214208266,7.601124497991968,11.775633001572777,15.807374648704709,5.586183150350636,-0.13333108399567778,5.431372549019608,4.2,2.3333333333333335,1.4193548387096775,2.0930242331714086,3.242969057959594,0.4937,0.49890000000000007,0.3736,0.3652
22201227,2023-04-09,2022-23,DEN,SAC,109,95,1,5.0,5.0,-0.5,3.7,109.6,120.9,110.1,117.2,0.0,1.0,1,0,6.46384479717813,9.499192988081877,16.86524308456326,22.660090777304596,-12.116959953074176,11.553656779745847,11.19047619047619,12.271604938271604,3.4680851063829787,7.014925373134329,3.017011895576751,6.273454329539575,0.47619999999999996,0.481,0.3379,0.3399
22201224,2023-04-09,2022-23,DAL,SAS,117,138,0,2.0,2.0,-1.3,-18.4,116.8,112.3,118.1,130.7,1.0,0.0,0,1,2.9744897959183674,5.580025231286796,11.375212994405704,16.686141892039025,-4.62124285186769,-25.995507529726435,2.816326530612245,3.4827586206896552,3.9210526315789473,9.757142857142858,2.2777424463285816,2.6087200811768065,0.4923,0.44329999999999997,0.37029999999999996,0.3234
22201218,2023-04-09,2022-23,CLE,CHA,95,106,0,7.0,4.0,6.1,-10.8,114.9,106.5,108.8,117.3,2.0,1.0,0,0,4.271130952380953,6.005530303030302,12.964101719576718,16.24378368665156,6.033730158730159,-17.153293686957785,5.15625,6.409090909090909,3.3333333333333335,5.421052631578948,1.062649678499388,1.5111899192418878,0.5,0.4579,0.3862,0.34819999999999995
22201223,2023-04-09,2022-23,CHI,DET,103,81,1,5.0,1.0,1.3,-11.8,111.6,107.9,110.3,119.7,1.0,1.0,0,0,13.106778651677233,11.095948495948496,30.49478493526336,23.13002947686371,-2.5138229166111588,-23.88248363954886,24.329113924050635,10.205128205128204,17.623529411764707,10.270833333333334,8.02057570961209,4.117297685690509,0.503,0.46449999999999997,0.3586,0.3518
22201217,2023-04-09,2022-23,BKN,PHI,105,134,0,6.0,5.0,6.2,-2.7,114.2,112.1,108.0,114.8,1.0,1.0,0,0,6.2274895646988675,6.371729957805907,11.536098999644825,10.133343237224565,-11.84400525804621,6.420227702604394,2.9615384615384617,8.215189873417721,5.098039215686274,4.758620689655173,3.312359217307094,2.857778487432972,0.4713,0.488,0.3507,0.3743
22201228,2023-04-09,2022-23,LAL,UTA,128,117,1,8.0,2.0,6.9,-7.4,120.9,114.8,114.0,122.2,1.0,0.0,0,1,18.600566833700267,8.755291005291005,30.71930952624105,20.979504624284868,8.547551811032266,-5.769399579016295,12.492753623188406,12.571428571428571,11.4,3.2285714285714286,7.2334901558216895,3.5781106322826273,0.5065000000000001,0.47380000000000005,0.3917,0.30369999999999997
52200121,2023-04-11,2022-23,LAL,MIN,108,102,1,8.0,7.0,7.4,2.3,122.6,117.0,115.2,114.7,1.0,1.0,0,0,22.020661824051654,9.995357919495852,29.874477141367777,29.514737798158876,12.208404203941772,3.6611266200253967,28.0,9.054054054054054,17.56,5.809523809523809,7.2509110430737485,7.210066893799917,0.5088,0.49090000000000006,0.39109999999999995,0.4157
52200101,2023-04-11,2022-23,MIA,ATL,105,116,0,6.0,5.0,2.2,2.0,113.0,124.7,110.8,122.7,1.0,1.0,0,0,21.007077463599202,20.105392549836996,32.34392401897528,30.46255397265528,6.687487783061162,-0.9507635699985881,20.423076923076923,20.454545454545453,9.366197183098592,15.309859154929578,6.09983956617902,5.3109928624845475,0.49429999999999996,0.49800000000000005,0.3842,0.3566
52200131,2023-04-12,2022-23,NOP,OKC,118,123,0,7.0,4.0,8.2,-1.7,117.0,116.4,108.8,118.1,2.0,2.0,0,0,14.857754828839164,20.643052529653836,30.594390719303398,29.029328475660748,4.9454567707729415,4.370198035443133,14.55421686746988,16.432098765432098,5.081632653061225,9.426666666666666,7.037562810066749,8.843774163004452,0.4906,0.4542,0.4095999999999999,0.3264
52200111,2023-04-12,2022-23,TOR,CHI,105,109,0,6.0,6.0,6.7,6.0,112.6,112.8,105.9,106.8,2.0,2.0,0,0,19.653607305936074,22.054904107520386,33.49946120402121,30.83178614463384,4.241642137139262,1.3931181167342321,23.68,24.2375,17.042857142857144,10.19767441860465,3.894931724714061,8.541642686025975,0.4688,0.5041,0.2988,0.35459999999999997
52200211,2023-04-14,2022-23,MIN,OKC,120,95,1,6.0,5.0,1.1,1.0,113.2,118.2,112.1,117.2,2.0,1.0,0,0,14.341319444444444,19.818234994563497,27.807969303350056,29.162091424750315,3.2572160660038665,5.0295609847036795,23.8,13.987179487179487,20.625,9.342105263157896,6.8436914829615185,8.850700876008673,0.47289999999999993,0.4558,0.3964,0.3228
52200201,2023-04-14,2022-23,MIA,CHI,102,91,1,5.0,6.0,-0.1,3.6,112.3,111.3,112.4,107.7,2.0,1.0,0,0,20.99219454265742,22.096151117223915,31.14714119537816,30.19764116182845,3.101791829845808,5.176863002466815,22.402985074626866,24.419753086419753,9.513513513513514,6.222222222222222,6.0651875852887525,8.638154817475868,0.4891,0.4958,0.3833,0.32080000000000003
42200111,2023-04-15,2022-23,BOS,ATL,112,99,1,8.0,6.0,14.9,3.2,120.1,123.9,105.2,120.7,5.0,3.0,0,0,17.28932178932179,20.51317663817664,32.413452058073126,31.743875210267316,29.810298666558904,1.6291829579014934,29.61038961038961,20.423076923076923,7.9714285714285715,11.623188405797102,9.269687871682793,5.457345559293909,0.4932,0.4920000000000001,0.3768,0.3348
42200131,2023-04-15,2022-23,CLE,NYK,97,101,0,7.0,5.0,5.9,3.2,113.5,122.5,107.6,119.3,5.0,5.0,0,0,21.10133020344288,17.880315055315055,31.75401038080334,32.90053356648495,25.002649539210573,16.20792047458714,27.788732394366196,24.555555555555557,8.703703703703704,7.603174603174603,7.90340692951937,7.511720745262846,0.4922000000000001,0.5061,0.3791,0.4025
42200121,2023-04-15,2022-23,PHI,BKN,121,101,1,5.0,6.0,-2.3,3.9,113.9,113.8,116.2,109.9,5.0,5.0,0,0,24.403060711989713,16.416030913216108,32.15364984862955,31.56919501409443,21.076931762558367,7.198372190174701,20.540983606557376,16.890243902439025,9.975308641975309,8.26086956521739,10.032958469127815,4.574445453244591,0.4929,0.4689,0.3749,0.3609
42200161,2023-04-15,2022-23,SAC,GSW,126,123,1,5.0,8.0,4.6,13.3,119.5,123.6,114.9,110.3,5.0,5.0,0,0,19.257058436100184,19.683691148775896,29.968007730572044,30.592555316431657,14.282900629356218,15.81659331529222,24.493506493506494,28.864406779661017,5.690476190476191,20.11764705882353,6.204229604295674,8.345373373028018,0.47639999999999993,0.5002,0.32689999999999997,0.3911
42200141,2023-04-16,2022-23,DEN,MIN,109,80,1,5.0,6.0,0.3,3.5,109.7,112.7,109.4,109.2,6.0,1.0,0,0,15.776305970149252,17.903697315876016,30.44883205378337,31.41892392535455,33.15232050531655,5.051195176912385,19.55223880597015,20.848484848484848,16.055555555555557,5.984615384615385,4.986196570015045,6.840578318798635,0.4737,0.4757999999999999,0.3107,0.3947
42200151,2023-04-16,2022-23,MEM,LAL,112,128,0,6.0,8.0,4.1,6.9,122.1,121.2,118.0,114.3,6.0,4.0,0,0,21.98616723778014,23.646198830409357,29.20704180052325,30.400457402387623,25.642907361455748,8.516226353918157,18.61904761904762,25.55,9.988095238095237,7.698795180722891,6.190691924863513,8.161229333638259,0.5025999999999999,0.49440000000000006,0.3774,0.37629999999999997
42200101,2023-04-16,2022-23,MIL,MIA,117,130,0,6.0,5.0,-1.5,0.3,120.5,109.8,122.0,109.5,6.0,1.0,0,0,16.420408134939226,14.465203730424953,27.804321656523644,30.100357800041433,18.687896857416,2.904122064073013,15.341463414634147,22.529411764705884,8.186046511627907,8.138461538461538,3.7961517507117954,6.210025994357174,0.49349999999999994,0.47309999999999997,0.3805,0.35950000000000004
42200122,2023-04-17,2022-23,PHI,BKN,96,84,1,6.0,6.0,0.5,2.1,114.8,112.5,114.3,110.4,1.0,1.0,0,0,24.34813775907745,17.266749757651297,32.13964052359702,31.634942133430638,18.506707776389504,6.164668306504617,20.0,16.85542168674699,9.174418604651162,12.37037037037037,10.100925156297869,4.630086289535006,0.49139999999999995,0.47650000000000003,0.3961,0.3704
42200162,2023-04-17,2022-23,SAC,GSW,114,106,1,5.0,7.0,4.1,11.7,118.6,123.8,114.5,112.1,1.0,1.0,0,0,19.282156540777233,22.435404023054314,30.02130855298545,29.256384105398887,14.082195381577815,17.162600521823638,18.547619047619047,28.883333333333333,5.658823529411765,6.988372093023256,6.245201786952961,9.532256571747975,0.4685,0.49800000000000005,0.3311,0.3877
42200132,2023-04-18,2022-23,CLE,NYK,107,90,1,6.0,6.0,3.2,4.2,111.5,119.2,108.3,115.0,2.0,2.0,0,0,18.626899335232668,22.54961719796334,33.42288023509694,30.928545487892062,25.55000037282307,14.496106284174147,11.987179487179487,23.71232876712329,8.707317073170731,14.651162790697674,6.945680469542357,7.8485036848473415,0.48039999999999994,0.49160000000000004,0.3903,0.3801
42200112,2023-04-18,2022-23,BOS,ATL,119,106,1,8.0,5.0,13.9,0.6,118.1,119.5,104.2,118.9,2.0,2.0,0,0,22.866710875331563,20.467256227963702,32.47561084978145,31.73922172466572,28.199218998840244,1.8520181911192715,29.55128205128205,20.468354430379748,14.47887323943662,9.790697674418604,8.436180895707519,5.811401393720303,0.48760000000000003,0.4756,0.3753,0.302
42200152,2023-04-19,2022-23,MEM,LAL,103,93,1,5.0,8.0,-1.2,8.0,118.2,122.4,119.4,114.4,2.0,2.0,0,0,16.718016651104886,22.011612021857925,25.549902792950512,30.442883552369448,19.71385571536307,9.532335338506988,18.8125,27.918032786885245,14.166666666666666,7.654761904761905,5.52466119913515,8.076857577013207,0.4885,0.5015,0.354,0.3842
42200102,2023-04-19,2022-23,MIL,MIA,138,122,1,5.0,6.0,-5.6,4.5,117.8,112.8,123.4,108.3,2.0,2.0,0,0,14.861131661147512,14.627267506597576,27.89199344631363,26.602823481022646,19.150137897898535,0.6479623248804449,15.27710843373494,11.632183908045977,7.587301587301587,20.185185185185187,4.000724188948223,6.366198445607599,0.48739999999999994,0.4851,0.3609,0.3795
42200142,2023-04-19,2022-23,DEN,MIN,122,113,1,5.0,5.0,1.8,0.3,108.8,110.8,107.0,110.5,2.0,2.0,0,0,17.966917360551523,16.333976631331378,30.678535276847164,31.34867255830911,34.170882897777,3.5849050495887025,10.666666666666666,23.67816091954023,17.176470588235293,6.0,4.933258544559238,6.764078050674527,0.4687,0.47029999999999994,0.3048,0.3828
42200123,2023-04-20,2022-23,BKN,PHI,97,102,0,5.0,7.0,-2.0,3.7,108.0,113.9,110.0,110.2,2.0,2.0,0,0,17.345912541564715,22.315061327561327,31.725299960554697,32.56832027170732,4.9276547569099804,22.482065274083347,15.217391304347826,32.285714285714285,12.21951219512195,3.475,4.659618333537358,9.945676932937845,0.46460000000000007,0.4928,0.3564,0.3856
42200163,2023-04-20,2022-23,GSW,SAC,114,97,1,6.0,5.0,10.7,4.1,121.7,117.9,111.0,113.8,2.0,2.0,0,0,22.46951166623298,19.294542972539997,30.34192942497331,30.07053358409608,11.94683071152828,15.189402451262925,28.868852459016395,24.658227848101266,9.025641025641026,12.047619047619047,8.196452766140391,4.593735879944415,0.49000000000000005,0.46790000000000004,0.3894,0.3176
42200113,2023-04-21,2022-23,ATL,BOS,130,122,1,5.0,8.0,-0.3,12.7,118.2,118.0,118.5,105.3,2.0,2.0,0,0,20.50822072072072,22.418254856524317,31.07716154638038,32.503015502913655,-2.4223699216110584,28.724600591848574,20.575,29.544303797468356,9.770114942528735,14.458333333333334,6.026453189896057,8.393019476232643,0.47230000000000005,0.49609999999999993,0.31270000000000003,0.3779
42200143,2023-04-21,2022-23,MIN,DEN,111,120,0,4.0,5.0,-1.0,0.4,110.2,108.1,111.2,107.7,1.0,1.0,0,0,18.70620978120978,20.244875310092702,31.411023956148956,30.797272582232285,2.9818919758472,30.764423644388064,23.875,17.159420289855074,5.985074626865671,7.854838709677419,6.762816546557677,5.837659567876322,0.4697,0.4699999999999999,0.3905,0.30860000000000004
42200133,2023-04-21,2022-23,NYK,CLE,99,79,1,6.0,6.0,3.2,4.3,116.2,110.7,113.0,106.4,2.0,2.0,0,0,22.4999134409688,19.245016148791624,32.2394271472577,33.47951068906095,15.436154544560484,26.520713933678127,23.66216216216216,27.78082191780822,14.620689655172415,8.662650602409638,7.161197271463954,6.913180075848543,0.47709999999999997,0.47920000000000007,0.36419999999999997,0.38439999999999996
42200124,2023-04-22,2022-23,BKN,PHI,88,96,0,5.0,8.0,-1.2,4.7,107.1,113.0,108.3,108.3,1.0,1.0,0,0,17.393500302344222,18.37613917296235,31.736356518320612,27.575741324141962,3.6873146582665024,16.004147950203034,15.25531914893617,20.390625,9.206349206349206,9.952380952380953,4.4754662866099,7.501730565311138,0.46690000000000004,0.49329999999999996,0.3668,0.4008
42200153,2023-04-22,2022-23,LAL,MEM,111,101,1,8.0,5.0,8.0,-0.6,120.9,116.2,112.9,116.8,2.0,2.0,0,0,21.942038591839736,18.073705808080806,31.66964537964613,27.151337750097127,12.75553350438939,23.783738215898026,25.29032258064516,25.863636363636363,11.797101449275363,14.139240506329115,7.105738451194975,6.904433999344594,0.492,0.47729999999999995,0.375,0.3452
42200103,2023-04-22,2022-23,MIA,MIL,121,99,1,6.0,6.0,4.3,-1.7,115.8,121.0,111.5,122.7,2.0,2.0,0,0,17.503927779537538,16.627756033920416,28.73836476028935,27.48152660688341,2.069833878047321,20.15148718816031,9.61038961038961,18.89041095890411,11.545454545454545,14.013157894736842,6.257354614087877,3.950835060826703,0.49870000000000003,0.49660000000000004,0.3936,0.3869
42200114,2023-04-23,2022-23,ATL,BOS,121,129,0,5.0,7.0,0.3,7.5,119.2,116.5,118.9,109.0,1.0,1.0,0,0,20.53349794238683,21.77944085389738,31.450496943272384,32.5075955178515,-2.5535673772556375,29.074480833034116,25.864197530864196,26.14864864864865,13.705882352941176,7.973684210526316,5.542981671677129,9.169152351097893,0.4822,0.48789999999999994,0.3124,0.3808
42200164,2023-04-23,2022-23,GSW,SAC,126,125,1,6.0,5.0,11.6,2.8,121.1,116.1,109.5,113.3,2.0,2.0,0,0,22.492871505547622,18.40707934336525,30.740159023327482,29.29651199015848,16.121328154935014,11.694455404139797,28.983870967741936,24.675,19.852272727272727,13.464285714285714,8.364315275930647,6.378883415210611,0.48229999999999995,0.45949999999999996,0.3854,0.3225
42200144,2023-04-23,2022-23,MIN,DEN,114,108,1,4.0,5.0,-1.2,0.8,111.3,108.5,112.5,107.7,1.0,1.0,0,0,16.499300873907615,17.6968253968254,29.05184649738652,30.857272510996363,1.1001902034221929,34.186667449016845,24.01123595505618,15.933333333333334,9.015873015873016,11.284090909090908,6.848472828891387,4.98196053869445,0.47090000000000004,0.47650000000000003,0.3932,0.31479999999999997
42200134,2023-04-23,2022-23,NYK,CLE,102,93,1,7.0,5.0,5.7,2.1,115.5,107.0,109.8,104.9,1.0,1.0,0,0,17.51862784471218,17.94054054054054,32.24129071389454,33.5104182269619,14.543849457365432,24.703125668697957,23.626666666666665,27.7027027027027,4.98876404494382,8.55952380952381,8.559078945271526,6.892788331227962,0.4821,0.4708,0.36449999999999994,0.3681
42200154,2023-04-24,2022-23,LAL,MEM,117,111,1,8.0,4.0,7.9,-2.1,119.9,115.0,112.0,117.1,1.0,1.0,0,0,21.958529958529954,22.035842929872775,31.690754101566103,28.294844470682715,13.048325257738702,17.635183783877814,27.873015873015873,21.246153846153845,11.857142857142858,6.67948717948718,7.112565827339897,7.848665824790601,0.48529999999999995,0.46719999999999995,0.36500000000000005,0.3432
42200104,2023-04-24,2022-23,MIA,MIL,119,114,1,7.0,5.0,7.4,-4.8,118.7,118.3,111.3,123.1,1.0,1.0,0,0,16.74843712879688,21.532829085770263,27.826158721971574,29.16018058424529,4.546427948043692,23.615274674098206,22.845070422535212,18.89189189189189,11.095238095238095,7.861538461538461,6.431843052866974,7.886323118751363,0.508,0.4939,0.4088,0.39430000000000004
42200145,2023-04-25,2022-23,DEN,MIN,112,109,1,5.0,5.0,2.1,0.6,110.5,111.6,108.4,111.0,1.0,1.0,0,0,20.327032369656536,16.56922103237893,30.414644530002807,29.210569697372783,33.28533134545495,1.2551427765100533,23.86842105263158,13.506493506493506,10.607142857142858,8.96875,5.070034012440546,6.858009815791869,0.4807,0.4729,0.3348,0.3981
42200115,2023-04-25,2022-23,BOS,ATL,117,119,0,8.0,5.0,10.2,1.2,118.3,120.6,108.1,119.4,1.0,1.0,0,0,21.761058201058205,18.37902424519339,30.872213209424324,29.118532398327943,29.22971565834311,-0.22947037364195566,26.213333333333335,25.975609756097562,11.705882352941176,13.604651162790697,9.169803702391558,5.61388983369967,0.49119999999999997,0.48319999999999996,0.3958,0.3286
42200135,2023-04-26,2022-23,CLE,NYK,95,106,0,4.0,7.0,-0.5,4.4,105.5,112.0,106.0,107.6,2.0,2.0,0,0,21.55264828738513,13.638757964563148,33.57413522664687,30.973737440943363,22.819175717070454,14.772615901341169,27.48,9.666666666666666,6.595238095238095,7.626666666666667,7.3125871107991,6.701353054416086,0.4706,0.4692,0.36419999999999997,0.3485
42200155,2023-04-26,2022-23,MEM,LAL,116,99,1,4.0,8.0,-1.8,7.3,112.9,119.3,114.7,112.0,1.0,1.0,0,0,22.05186855384397,21.904374999999998,28.50863714462283,30.638662609546166,22.437672430648725,13.483669796557122,21.46969696969697,12.76,10.785714285714286,12.180555555555555,7.029959133795932,7.034609321170879,0.45519999999999994,0.4789,0.3302,0.3519
42200105,2023-04-26,2022-23,MIL,MIA,126,128,0,4.0,7.0,-6.6,7.2,114.8,117.7,121.4,110.5,1.0,1.0,0,0,21.569377145281347,17.526094276094277,29.30613718426382,28.151949192755712,22.51342375199813,3.0881265679834753,18.826666666666668,23.305555555555557,3.490566037735849,9.670886075949367,8.944797994870315,6.382080832662377,0.47479999999999994,0.5051,0.3868,0.4143
42200165,2023-04-26,2022-23,SAC,GSW,116,123,0,4.0,7.0,-1.3,12.0,116.6,124.1,117.9,112.1,2.0,2.0,0,0,18.487132904980182,17.616812858385895,30.1718438479026,30.828918970225153,11.241924369725211,16.416174345949628,24.839506172839506,29.03174603174603,5.818181818181818,19.876404494382022,6.391424797113128,8.37298108636747,0.4609,0.49079999999999996,0.325,0.3891
42200116,2023-04-27,2022-23,ATL,BOS,120,128,0,5.0,7.0,1.2,5.9,119.3,116.0,118.1,110.1,1.0,1.0,0,0,20.670928248947646,22.478978685667865,31.535558366115538,32.04249371858482,-2.9938413380609417,27.661523840242076,26.120481927710845,29.426829268292682,13.586206896551724,12.87912087912088,5.659011908412343,8.362715690640238,0.48290000000000005,0.48850000000000005,0.3406,0.3762
42200166,2023-04-28,2022-23,GSW,SAC,99,118,0,7.0,3.0,11.6,-4.4,124.4,114.4,112.8,118.8,1.0,1.0,0,0,22.58527777777778,16.830374470545024,30.52637974537037,26.045985309202855,16.91407964135021,12.254923593220134,29.0625,12.080459770114942,8.531645569620252,18.545454545454547,8.353875082756923,5.926333364649762,0.49050000000000005,0.4462,0.373,0.30569999999999997
42200156,2023-04-28,2022-23,LAL,MEM,125,85,1,7.0,4.0,3.1,-1.5,115.8,113.7,112.7,115.2,1.0,1.0,0,0,19.1787357758118,22.130028671646034,31.787099278848295,28.913379798000456,12.909317663475317,20.406077659112633,12.81578947368421,21.64179104477612,11.75,9.696629213483146,7.025255384926531,6.827358979148918,0.46320000000000006,0.4548,0.34750000000000003,0.3379
42200221,2023-04-29,2022-23,DEN,PHX,125,107,1,6.0,7.0,3.1,4.8,112.4,119.3,109.3,114.5,3.0,3.0,0,0,19.96284271284271,23.309171356333092,31.06290308476926,31.535343510936904,32.92572998896529,11.93091257424565,15.883116883116884,28.065573770491802,11.311111111111112,7.189873417721519,5.1071471556517745,9.428588815594205,0.48069999999999996,0.4978999999999999,0.34700000000000003,0.3797
42200201,2023-04-30,2022-23,NYK,MIA,101,108,0,7.0,7.0,4.6,6.1,112.5,118.7,107.9,112.6,3.0,3.0,0,0,17.58797381480308,17.665847090504624,28.613825208237103,30.47004101608504,15.216955958872447,3.0894663924579318,9.6,23.561643835616437,14.466666666666667,11.384615384615385,6.6859224394907075,6.058452529546212,0.46270000000000006,0.4993,0.3376,0.41600000000000004
42200167,2023-04-30,2022-23,SAC,GSW,100,120,0,4.0,6.0,-1.7,8.2,112.8,121.3,114.5,113.1,1.0,1.0,0,0,19.002076755945392,18.128121516164995,29.59401350534987,30.91799188544103,12.513847577372198,15.36936341690346,18.415730337078653,8.475,6.830985915492958,19.626373626373628,6.087806230465145,8.35737303607568,0.43899999999999995,0.47719999999999996,0.3185,0.36140000000000005
42200211,2023-05-01,2022-23,BOS,PHI,115,119,0,7.0,8.0,5.9,4.7,116.6,111.0,110.7,106.3,3.0,8.0,0,0,22.55496792364262,13.095557288240215,32.07248467016848,27.683510488961065,27.778084042113157,16.47854871097339,29.433734939759034,14.597560975609756,12.815217391304348,10.011764705882353,8.363783735863896,7.46721660304937,0.49470000000000003,0.48660000000000003,0.38580000000000003,0.3911
42200222,2023-05-01,2022-23,DEN,PHX,97,87,1,6.0,6.0,4.7,2.0,113.7,117.2,109.0,115.2,1.0,1.0,0,0,18.26335759387687,24.669637804187886,30.922429090324915,30.617877210663618,33.989030826877276,12.836307228314034,23.923076923076923,28.048387096774192,17.027397260273972,7.125,5.126551108457923,9.421283895622393,0.4842000000000001,0.4923,0.3629,0.3719
42200231,2023-05-02,2022-23,GSW,LAL,112,117,0,7.0,7.0,10.4,6.9,122.3,114.8,111.9,107.9,1.0,3.0,0,0,19.845411789856232,21.804473304473305,31.996127133114026,31.751116856958323,17.00102707618896,12.523814942559802,29.37878787878788,25.12121212121212,6.967391304347826,7.662921348314606,8.42370428855207,7.840961244164508,0.48020000000000007,0.46699999999999997,0.37260000000000004,0.3463
42200202,2023-05-02,2022-23,NYK,MIA,111,105,1,6.0,7.0,2.5,4.0,109.6,116.6,107.1,112.6,1.0,1.0,0,0,22.408153783889286,13.030336619941826,30.992270767339924,29.434313782440977,13.7506490266811,3.790563187979802,23.705128205128204,9.569620253164556,10.710526315789474,8.267605633802816,8.075409133054652,4.229362342342787,0.4577,0.48599999999999993,0.311,0.40310000000000007
42200212,2023-05-03,2022-23,BOS,PHI,121,87,1,7.0,8.0,5.7,4.4,118.0,111.2,112.3,106.8,1.0,1.0,0,0,15.685471986918037,18.546843500484147,29.357079244712008,32.30940811988886,23.345242884204218,22.704072260944677,26.358974358974358,14.63855421686747,9.452054794520548,10.093023255813954,6.575635294552436,9.879180758204459,0.5115999999999999,0.481,0.391,0.3971
42200232,2023-05-04,2022-23,GSW,LAL,127,100,1,6.0,8.0,8.8,8.1,119.9,114.7,111.1,106.6,1.0,1.0,0,0,22.628850937619593,23.312413834442243,31.188192963697112,30.682157255494605,15.810481871409793,10.988848367269515,21.73076923076923,25.19402985074627,5.136986301369863,7.666666666666667,9.327969209096532,7.875506815185939,0.4713,0.4631,0.36960000000000004,0.3289
42200213,2023-05-05,2022-23,PHI,BOS,102,114,0,8.0,7.0,2.3,8.7,109.5,120.4,107.2,111.7,1.0,1.0,0,0,24.18649016820659,22.4997083643584,32.59801896190911,32.52895004605967,20.79311263877656,28.074388364848357,20.582089552238806,29.28235294117647,3.4404761904761907,14.692307692307692,9.796251698353032,8.30426096953325,0.4742,0.5156,0.38380000000000003,0.4013
42200223,2023-05-05,2022-23,PHX,DEN,121,114,1,5.0,7.0,-1.1,7.8,114.4,113.1,115.5,105.3,3.0,3.0,0,0,22.072103286481948,20.07458091002395,27.27347949606359,31.165806845037963,11.294514529062349,33.891367521849745,28.189655172413794,24.11392405063291,7.979166666666667,11.315217391304348,9.779178765336942,5.155737598625849,0.484,0.4845,0.361,0.35819999999999996
42200233,2023-05-06,2022-23,LAL,GSW,127,97,1,7.0,6.0,4.0,9.3,112.6,120.7,108.6,111.4,1.0,1.0,0,0,21.673926532638372,22.578400980645423,30.27655815556708,31.966683628840123,9.000578366756429,17.18853712229816,24.985294117647058,21.835443037974684,11.868421052631579,8.635294117647058,7.067238597903594,8.000025299303674,0.45680000000000004,0.4692,0.3083,0.37520000000000003
42200203,2023-05-06,2022-23,MIA,NYK,105,86,1,7.0,6.0,4.0,2.2,116.3,108.9,112.3,106.7,3.0,3.0,0,0,17.73004426840634,19.13899801154275,30.420753937876707,31.036188852201775,3.5707250943769964,14.062385821985096,19.896551724137932,9.655172413793103,8.26388888888889,10.61038961038961,6.219119974692057,8.109578267925563,0.48679999999999995,0.4505,0.40590000000000004,0.3104
42200214,2023-05-07,2022-23,PHI,BOS,116,115,1,7.0,7.0,0.9,8.0,109.4,119.7,108.5,111.7,1.0,1.0,0,0,22.282178350792375,22.491207390888817,32.287594857811925,32.06283863622504,19.773094139520296,28.491400453925554,20.514705882352942,29.25581395348837,10.045454545454545,12.74736842105263,9.756423320709507,8.26193212137203,0.46390000000000003,0.5042,0.3891,0.40280000000000005
42200224,2023-05-07,2022-23,PHX,DEN,129,124,1,5.0,7.0,-0.8,7.5,114.6,113.0,115.4,105.5,1.0,1.0,0,0,21.574655179868557,20.466944444444447,28.053200829206865,31.260544671717174,11.655244300863247,33.36184506353861,28.372881355932204,20.293333333333333,6.8311688311688314,11.311827956989248,9.969563157073631,5.225797293513657,0.4826,0.4758,0.3459,0.3567
42200234,2023-05-08,2022-23,LAL,GSW,104,101,1,7.0,5.0,5.9,0.7,112.5,114.7,106.6,114.0,1.0,1.0,0,0,21.372168893908025,22.515314009661836,31.7209345528264,29.327217126494354,10.542016881243224,14.023424497428701,24.985507246376812,29.115942028985508,11.061538461538461,5.2,7.043074002435385,9.872007805624497,0.4608,0.4484,0.3167,0.3496
42200204,2023-05-08,2022-23,MIA,NYK,109,101,1,7.0,5.0,4.6,-0.6,114.5,103.7,109.9,104.3,1.0,1.0,0,0,18.330999355254672,19.377534965034965,30.990761947403524,31.729419786595162,5.758631504401232,14.876462163216512,23.64,23.7375,8.205479452054794,9.715909090909092,6.2414214831748795,7.404403249553907,0.4715,0.43260000000000004,0.38689999999999997,0.2913
42200215,2023-05-09,2022-23,BOS,PHI,103,115,0,6.0,8.0,7.3,3.8,119.2,110.9,111.9,107.1,1.0,1.0,0,0,22.49840069955012,24.207794751273013,31.775195196561498,32.42800288445675,28.115304956347757,19.566461216445315,29.195402298850574,20.0,9.5,9.932584269662922,8.215748062399692,9.795669662167807,0.5041,0.4588,0.3951,0.3995
42200225,2023-05-09,2022-23,DEN,PHX,118,102,1,7.0,6.0,7.4,1.1,114.0,116.8,106.6,115.7,1.0,1.0,0,0,20.255035737491877,24.8078870496592,31.346898692667303,28.153390020556095,32.985100588927274,9.610838619889254,24.54320987654321,28.5,11.24468085106383,8.166666666666666,5.360783047396513,9.752852019484388,0.48640000000000005,0.4981,0.3559,0.3657
42200235,2023-05-10,2022-23,GSW,LAL,121,106,1,5.0,7.0,0.7,5.6,112.5,112.1,111.8,106.5,1.0,1.0,0,0,22.47390808175122,21.655790711346267,29.45501579585538,31.79612210264613,13.672352552131965,10.691226947040898,29.142857142857142,27.257142857142856,19.020833333333332,11.121212121212121,8.783691681376744,7.016219995825599,0.4471000000000001,0.4648,0.34690000000000004,0.30839999999999995
42200205,2023-05-10,2022-23,NYK,MIA,112,103,1,5.0,8.0,-0.6,6.5,103.3,114.9,103.9,108.4,1.0,1.0,0,0,17.996497151323304,18.23784057113962,31.817093300916497,31.020178320128604,12.731591344785006,4.023743064931742,23.839506172839506,23.68421052631579,4.768421052631579,9.573170731707316,8.44883302509073,6.018394384771837,0.43810000000000004,0.47569999999999996,0.29080000000000006,0.38780000000000003
42200216,2023-05-11,2022-23,PHI,BOS,86,95,0,8.0,5.0,4.5,4.8,108.8,118.3,104.3,113.5,1.0,1.0,0,0,22.367334428024083,16.905339105339106,32.783636339883984,32.17440718333809,20.216321089292276,25.572984237330296,20.771428571428572,29.272727272727273,3.528735632183908,7.608695652173913,9.815415275933853,9.063112603219258,0.45940000000000003,0.4962,0.38950000000000007,0.3873
42200226,2023-05-11,2022-23,PHX,DEN,100,125,0,6.0,7.0,0.0,7.6,115.6,114.9,115.6,107.3,1.0,1.0,0,0,15.405339731521025,18.48769108037401,25.08205236978679,31.131851168077866,12.386535062166349,33.91968946757137,9.678571428571429,24.597560975609756,7.0212765957446805,16.87012987012987,10.690843414098214,5.357272092857571,0.4989,0.48580000000000007,0.36119999999999997,0.379
42200206,2023-05-12,2022-23,MIA,NYK,96,92,1,7.0,6.0,4.5,0.8,115.0,100.9,110.5,100.1,1.0,1.0,0,0,18.354551467051465,19.11887985546522,30.479212475587776,32.94088012802542,3.690947281614361,14.70794092665773,23.623376623376622,24.01219512195122,9.658823529411764,7.506849315068493,6.000496165055811,7.5030895650460705,0.47669999999999996,0.43929999999999997,0.3847,0.2915
42200236,2023-05-12,2022-23,LAL,GSW,122,101,1,6.0,6.0,2.5,3.0,109.9,114.0,107.4,111.0,1.0,1.0,0,0,23.086125951108954,22.47001647156233,31.81431605388459,29.693842342244956,13.273908220874686,17.79978798154543,27.225352112676056,29.112676056338028,11.41025641025641,8.523255813953488,6.941731918236309,8.87442025450061,0.4598,0.4506,0.30219999999999997,0.35150000000000003
42200217,2023-05-14,2022-23,BOS,PHI,112,88,1,5.0,7.0,4.4,0.7,115.9,104.0,111.5,103.3,2.0,2.0,0,0,22.491717906516666,18.417729349067375,31.629444760629838,32.85096138636706,26.03617033424455,19.551209774338016,29.15730337078652,20.216216216216218,14.670731707317072,3.5795454545454546,8.99856091877909,9.796987851925406,0.4827,0.44299999999999995,0.38470000000000004,0.36920000000000003
42200311,2023-05-16,2022-23,DEN,LAL,132,126,1,7.0,7.0,7.2,5.6,116.5,112.8,109.3,107.2,4.0,3.0,0,0,20.266038513026462,21.662315930388218,31.38799360813216,30.149654561000688,34.59052556379363,14.582997891065606,24.686746987951807,12.903614457831326,11.40625,17.125,5.367348886012426,6.936004817746845,0.4939,0.4706,0.37439999999999996,0.32530000000000003
42200301,2023-05-17,2022-23,BOS,MIA,116,123,0,6.0,7.0,7.6,3.6,114.9,111.6,107.3,108.0,2.0,4.0,0,0,23.38189902467011,17.680097680097678,32.30983245228526,30.351208492837777,27.691584789483986,3.776303552833146,29.4,23.628205128205128,7.625,11.098591549295774,9.08551336759324,6.014074564051667,0.48089999999999994,0.4574,0.38639999999999997,0.35059999999999997
42200312,2023-05-18,2022-23,DEN,LAL,108,103,1,7.0,6.0,6.9,4.0,117.5,114.3,110.6,110.3,1.0,1.0,0,0,20.33298171589311,21.765927375516416,30.81377859442093,30.780169699690454,34.85324273369737,13.938738755154665,20.582278481012658,25.027397260273972,10.717391304347826,11.691358024691358,5.387384348992044,6.960302608233323,0.4946999999999999,0.4798,0.3758,0.3461
42200302,2023-05-19,2022-23,BOS,MIA,105,111,0,5.0,8.0,6.1,5.9,113.6,111.7,107.5,105.8,1.0,1.0,0,0,22.535480859010267,17.74996708644933,32.35849045015442,30.41676361139867,25.17346734680494,3.628440009537295,29.406593406593405,23.772151898734176,7.695652173913044,7.084745762711864,9.064695057050058,6.6508722288490745,0.48109999999999997,0.4579000000000001,0.3809,0.3578
42200313,2023-05-20,2022-23,LAL,DEN,108,119,0,5.0,7.0,2.9,6.5,112.9,116.3,110.0,109.8,1.0,1.0,0,0,21.745839957604662,20.771323529411763,30.30052459109835,31.515099625764282,13.655518742080195,34.75064832384567,27.175675675675677,20.7875,16.944444444444443,11.459183673469388,6.903316591448301,5.419552732136536,0.4801,0.4814,0.345,0.372
42200303,2023-05-21,2022-23,MIA,BOS,128,102,1,8.0,5.0,4.3,5.7,110.7,112.4,106.4,106.7,1.0,1.0,0,0,14.415213178294573,16.414049508524627,30.728265782318346,31.54167531996392,4.408163471959728,25.70866390510722,9.55813953488372,29.456521739130434,11.616161616161616,9.123456790123457,6.039953437281069,9.201810630789574,0.45,0.47459999999999997,0.3439,0.3779
42200314,2023-05-22,2022-23,LAL,DEN,111,113,0,5.0,8.0,3.5,8.2,113.8,117.4,110.3,109.2,1.0,1.0,0,0,17.31651730005672,20.823715188056273,30.379359456065895,31.579291763642242,12.856186288727619,34.973233072936196,27.12,24.767441860465116,16.791208791208792,11.494949494949495,6.895894737964303,5.430530780145027,0.4851,0.48719999999999997,0.3507,0.3792
42200304,2023-05-23,2022-23,MIA,BOS,99,116,0,8.0,4.0,6.4,2.3,111.6,109.8,105.2,107.5,1.0,1.0,0,0,15.094113839182505,22.365643925349158,30.47793176267668,31.516427489211036,5.878051362245651,24.26437321303003,23.71604938271605,29.29032258064516,10.945945945945946,9.109756097560975,5.955337438937738,9.120508987814208,0.4574,0.46440000000000003,0.3576,0.3612
42200305,2023-05-25,2022-23,BOS,MIA,110,97,1,5.0,7.0,4.4,4.5,109.9,108.7,105.5,104.2,1.0,1.0,0,0,22.508722840885614,15.903270371049574,32.686503384082314,28.717251512521138,25.009429882611293,4.907646719736661,29.329787234042552,4.171428571428572,7.821052631578947,7.370967741935484,9.091975742392039,7.539103608528328,0.4569,0.45549999999999996,0.36269999999999997,0.34480000000000005
42200306,2023-05-27,2022-23,MIA,BOS,103,104,0,6.0,5.0,2.5,2.3,107.6,108.8,105.1,106.5,1.0,1.0,0,0,17.74834565534867,18.004482242190843,30.51377416194277,32.70565477728329,4.0269651134950575,25.557285682110077,23.662650602409638,29.242105263157896,7.5396825396825395,7.802083333333333,6.421106337950046,9.044146918165522,0.46440000000000003,0.46080000000000004,0.3506,0.3645
42200307,2023-05-29,2022-23,BOS,MIA,84,103,0,5.0,6.0,1.2,3.0,107.8,107.4,106.6,104.4,1.0,1.0,0,0,22.501091269841268,17.830394939987052,32.78139250618253,30.618763136760663,25.24712214461821,4.074196701882125,25.633333333333333,10.195652173913043,7.731958762886598,10.753246753246753,9.064558978789293,5.877096258516098,0.46020000000000005,0.45520000000000005,0.3489,0.3626
42200401,2023-06-01,2022-23,DEN,MIA,104,93,1,8.0,6.0,8.1,3.0,117.5,107.2,109.4,104.2,9.0,2.0,0,0,20.853097841323244,17.730296563069675,31.699331005956157,30.896843224910583,34.84882253994954,4.651458416286283,21.036585365853657,19.551020408163264,11.44,4.291666666666667,5.458206136396945,7.144888222354721,0.49540000000000006,0.46509999999999996,0.38029999999999997,0.3907
42200402,2023-06-04,2022-23,DEN,MIA,108,111,0,8.0,5.0,7.4,1.1,115.4,105.6,108.0,104.5,2.0,2.0,0,0,20.494249726177436,17.743720964651196,31.460461298539496,30.702748107498213,35.192599832272386,4.241683138690302,24.852272727272727,23.593023255813954,16.662650602409638,7.888888888888889,5.4861791861230875,6.238003542343424,0.49849999999999994,0.4586,0.36669999999999997,0.3907
42200403,2023-06-07,2022-23,MIA,DEN,94,109,0,6.0,7.0,2.3,6.1,106.4,116.5,104.1,110.4,2.0,2.0,0,0,17.78542062302182,20.529204565721418,30.924220962479286,31.51653573748508,4.636674165399922,34.38422503253589,19.63,21.05952380952381,11.358490566037736,16.523809523809526,5.826681924842307,5.548222467537434,0.46530000000000005,0.5031000000000001,0.4091,0.3801
42200404,2023-06-09,2022-23,MIA,DEN,95,108,0,5.0,8.0,0.4,8.3,106.2,116.0,105.8,107.7,1.0,1.0,0,0,17.82514501450145,20.589106753812633,29.03303749131041,31.56545346470843,4.547125598005099,34.8398687630392,23.613636363636363,21.211764705882352,11.280373831775702,16.352941176470587,6.284639297249593,5.621593202553033,0.46210000000000007,0.5101,0.41459999999999997,0.3746
42200405,2023-06-12,2022-23,DEN,MIA,94,89,1,9.0,4.0,10.1,-1.6,114.4,103.4,104.3,105.0,2.0,2.0,0,0,18.944502525897875,17.993732726487874,31.91926788457021,31.264384798247768,35.442280587629426,3.3241219572894507,25.087912087912088,19.65686274509804,11.451923076923077,10.042553191489361,5.589019437954897,5.886620438848507,0.5033,0.45289999999999997,0.3928,0.395
