SEASON_YEAR,TEAM_ID,TEAM_ABBREVIATION,TEAM_NAME,GAME_ID,GAME_DATE,MATCHUP,WL,MIN,FGM,FGA,FG_PCT,FG3M,FG3A,FG3_PCT,FTM,FTA,FT_PCT,OREB,DREB,REB,AST,TOV,STL,BLK,BLKA,PF,PFD,PTS,PLUS_MINUS,GP_RANK,W_RANK,L_RANK,W_PCT_RANK,MIN_RANK,FGM_RANK,FGA_RANK,FG_PCT_RANK,FG3M_RANK,FG3A_RANK,FG3_PCT_RANK,FTM_RANK,FTA_RANK,FT_PCT_RANK,OREB_RANK,DREB_RANK,REB_RANK,AST_RANK,TOV_RANK,STL_RANK,BLK_RANK,BLKA_RANK,PF_RANK,PFD_RANK,PTS_RANK,PLUS_MINUS_RANK,AVAILABLE_FLAG
2012-13,1610612737,ATL,Atlanta Hawks,0041200126,2013-05-03T00:00:00,ATL vs. IND,L,48.0,26,78,0.333,3,19,0.158,18,20,0.9,3,32,35,12,10.0,5,4,9,19,20,73,-8.0,1,52,52,52,6,96,57,98,96,76,98,23,50,5,98,40,83,98,6,83,43,91,51,41,97,71,1.0
2012-13,1610612737,ATL,Atlanta Hawks,0041200125,2013-05-01T00:00:00,ATL @ IND,L,48.0,25,75,0.333,3,14,0.214,30,37,0.811,6,22,28,14,6.0,6,2,2,24,30,83,-23.0,1,52,52,52,6,98,76,98,96,94,94,1,3,20,81,96,98,95,1,72,76,15,83,3,84,99,1.0
2012-13,1610612737,ATL,Atlanta Hawks,0041200124,2013-04-29T00:00:00,ATL vs. IND,W,48.0,33,74,0.446,11,24,0.458,25,38,0.658,11,35,46,24,13.0,10,4,4,25,28,102,11.0,1,1,1,1,6,79,84,52,13,30,15,6,2,70,25,15,16,42,24,23,43,45,87,5,35,18,1.0
2012-13,1610612737,ATL,Atlanta Hawks,0041200123,2013-04-27T00:00:00,ATL vs. IND,W,48.0,35,82,0.427,4,15,0.267,16,28,0.571,13,35,48,17,14.0,11,6,5,27,27,90,21.0,1,1,1,1,6,63,35,69,93,90,92,39,12,86,14,15,9,87,34,13,14,61,96,7,71,5,1.0
2012-13,1610612737,ATL,Atlanta Hawks,0041200122,2013-04-24T00:00:00,ATL @ IND,L,48.0,39,79,0.494,9,23,0.391,11,20,0.55,11,30,41,25,14.0,7,4,5,24,19,98,-15.0,1,52,52,52,6,32,50,28,30,42,35,71,50,90,25,56,43,39,34,56,43,61,83,47,48,87,1.0
2012-13,1610612737,ATL,Atlanta Hawks,0041200121,2013-04-21T00:00:00,ATL @ IND,L,48.0,38,76,0.5,7,17,0.412,7,14,0.5,6,26,32,23,16.0,5,3,4,26,19,90,-17.0,1,52,52,52,6,37,74,20,64,84,28,93,84,93,81,83,90,50,61,83,62,45,93,47,71,91,1.0
2012-13,1610612737,ATL,Atlanta Hawks,0021201218,2013-04-17T00:00:00,ATL @ NYK,L,48.0,37,90,0.411,2,21,0.095,16,17,0.941,15,38,53,14,13.0,7,2,3,15,16,92,-6.0,1,52,52,52,6,47,12,83,98,61,100,39,65,3,6,6,2,95,24,56,76,30,15,77,66,65,1.0
2012-13,1610612737,ATL,Atlanta Hawks,0021201213,2013-04-16T00:00:00,ATL vs. TOR,L,48.0,35,88,0.398,9,28,0.321,17,23,0.739,14,28,42,22,11.0,8,1,10,19,20,96,-17.0,1,52,52,52,6,63,17,88,30,11,69,30,29,44,10,72,39,58,10,40,95,96,51,41,55,91,1.0
2012-13,1610612737,ATL,Atlanta Hawks,0021201179,2013-04-12T00:00:00,ATL vs. MIL,W,48.0,43,85,0.506,6,20,0.3,17,25,0.68,8,38,46,26,17.0,14,5,4,13,19,109,5.0,1,1,1,1,6,7,23,19,79,72,77,30,21,65,56,6,16,29,70,1,29,45,10,47,11,41,1.0
2012-13,1610612737,ATL,Atlanta Hawks,0021201164,2013-04-10T00:00:00,ATL @ PHI,W,48.0,49,91,0.538,8,22,0.364,18,19,0.947,9,35,44,34,10.0,8,2,0,17,17,124,23.0,1,1,1,1,6,1,10,10,48,48,51,23,57,2,47,15,25,2,6,40,76,1,32,66,2,3,1.0
2012-13,1610612737,ATL,Atlanta Hawks,0021201143,2013-04-06T00:00:00,ATL @ SAS,L,48.0,35,83,0.422,5,12,0.417,22,25,0.88,9,29,38,23,13.0,10,2,12,23,21,97,-2.0,1,52,52,52,6,63,31,73,85,98,26,12,21,8,47,65,62,50,24,23,76,97,77,34,52,54,1.0
2012-13,1610612737,ATL,Atlanta Hawks,0021201129,2013-04-05T00:00:00,ATL vs. PHI,L,48.0,34,73,0.466,5,17,0.294,17,27,0.63,6,35,41,23,13.0,5,4,4,19,19,90,-11.0,1,52,52,52,6,72,87,44,85,84,80,30,14,78,81,15,43,50,24,83,43,45,51,47,71,77,1.0
2012-13,1610612737,ATL,Atlanta Hawks,0021201113,2013-04-03T00:00:00,ATL vs. NYK,L,48.0,32,66,0.485,9,26,0.346,9,19,0.474,7,28,35,22,16.0,7,2,0,10,20,82,-13.0,1,52,52,52,6,82,97,35,30,16,61,84,57,97,71,72,83,58,61,56,76,1,2,41,87,82,1.0
2012-13,1610612737,ATL,Atlanta Hawks,0021201101,2013-04-01T00:00:00,ATL vs. CLE,W,48.0,37,81,0.457,9,30,0.3,19,26,0.731,10,27,37,26,12.0,8,3,1,17,24,102,8.0,1,1,1,1,6,47,38,45,30,6,77,19,17,48,31,80,70,29,20,40,62,4,32,17,35,32,1.0
2012-13,1610612737,ATL,Atlanta Hawks,0021201086,2013-03-30T00:00:00,ATL vs. ORL,W,48.0,34,78,0.436,6,21,0.286,23,31,0.742,9,35,44,18,18.0,9,6,4,24,25,97,9.0,1,1,1,1,6,72,57,64,79,61,87,7,9,40,47,15,25,83,84,33,14,45,83,13,52,26,1.0
2012-13,1610612737,ATL,Atlanta Hawks,0021201075,2013-03-29T00:00:00,ATL @ BOS,L,48.0,40,88,0.455,8,20,0.4,19,24,0.792,10,30,40,28,13.0,6,2,9,15,20,107,-11.0,1,52,52,52,6,24,17,47,48,72,32,19,26,26,31,56,54,17,24,72,76,91,15,41,16,77,1.0
2012-13,1610612737,ATL,Atlanta Hawks,0021201057,2013-03-27T00:00:00,ATL @ TOR,W,48.0,40,81,0.494,10,21,0.476,17,20,0.85,8,32,40,27,11.0,11,0,1,21,18,107,19.0,1,1,1,1,6,24,38,27,17,61,13,30,50,10,56,40,54,24,10,13,100,4,71,59,16,7,1.0
2012-13,1610612737,ATL,Atlanta Hawks,0021201050,2013-03-25T00:00:00,ATL @ IND,L,48.0,36,80,0.45,7,21,0.333,15,25,0.6,10,28,38,18,16.0,11,7,6,17,17,94,-6.0,1,52,52,52,6,53,43,49,64,61,65,49,21,83,31,72,62,83,61,13,10,74,32,66,59,65,1.0
2012-13,1610612737,ATL,Atlanta Hawks,0021201040,2013-03-24T00:00:00,ATL @ MIL,W,48.0,39,78,0.5,10,26,0.385,16,21,0.762,7,30,37,28,15.0,9,4,5,12,17,104,5.0,1,1,1,1,6,32,57,20,17,16,37,39,45,34,71,56,70,17,48,33,43,61,6,66,22,41,1.0
2012-13,1610612737,ATL,Atlanta Hawks,0021201025,2013-03-22T00:00:00,ATL vs. POR,L,48.0,37,83,0.446,7,24,0.292,12,16,0.75,6,35,41,27,11.0,8,6,2,14,16,93,-11.0,1,52,52,52,6,47,31,53,64,30,83,64,73,35,81,15,43,24,10,40,14,15,11,77,61,77,1.0
2012-13,1610612737,ATL,Atlanta Hawks,0021201011,2013-03-20T00:00:00,ATL vs. MIL,W,48.0,38,79,0.481,8,18,0.444,14,17,0.824,9,38,47,26,17.0,7,6,8,15,17,98,8.0,1,1,1,1,6,37,50,37,48,80,19,54,65,14,47,6,12,29,70,56,14,88,15,66,48,32,1.0
2012-13,1610612737,ATL,Atlanta Hawks,0021200996,2013-03-18T00:00:00,ATL vs. DAL,L,48.0,42,75,0.56,8,21,0.381,21,29,0.724,5,26,31,26,15.0,7,2,3,15,20,113,-14.0,1,52,52,52,6,12,76,5,48,61,40,13,11,49,90,83,93,29,48,56,76,30,15,41,6,86,1.0
2012-13,1610612737,ATL,Atlanta Hawks,0021200991,2013-03-17T00:00:00,ATL @ BKN,W,48.0,44,84,0.524,8,21,0.381,9,13,0.692,9,29,38,30,11.0,14,5,1,20,14,105,12.0,1,1,1,1,6,5,27,14,48,61,40,84,90,60,47,65,62,12,10,1,29,4,62,91,20,15,1.0
2012-13,1610612737,ATL,Atlanta Hawks,0021200972,2013-03-15T00:00:00,ATL vs. PHX,W,48.0,41,84,0.488,12,23,0.522,13,16,0.813,8,33,41,27,20.0,14,4,2,19,24,107,13.0,1,1,1,1,6,17,27,31,6,42,6,59,73,18,56,34,43,24,90,1,43,15,51,17,16,13,1.0
2012-13,1610612737,ATL,Atlanta Hawks,0021200960,2013-03-13T00:00:00,ATL vs. LAL,W,48.0,37,79,0.468,8,22,0.364,14,21,0.667,9,43,52,22,13.0,1,2,1,17,21,96,4.0,1,1,1,1,6,47,50,43,48,48,51,54,45,68,47,1,3,58,24,100,76,4,32,34,55,44,1.0
2012-13,1610612737,ATL,Atlanta Hawks,0021200952,2013-03-12T00:00:00,ATL @ MIA,L,48.0,33,78,0.423,5,22,0.227,10,14,0.714,10,33,43,19,24.0,11,1,4,25,14,81,-17.0,1,52,52,52,6,79,57,72,85,48,93,79,84,54,31,34,33,79,100,13,95,45,87,91,88,91,1.0
2012-13,1610612737,ATL,Atlanta Hawks,0021200927,2013-03-09T00:00:00,ATL vs. BKN,L,48.0,32,77,0.416,5,18,0.278,11,16,0.688,13,31,44,20,17.0,3,2,6,20,15,80,-13.0,1,52,52,52,6,82,69,77,85,80,89,71,73,62,14,48,25,68,70,95,76,74,62,83,91,82,1.0
2012-13,1610612737,ATL,Atlanta Hawks,0021200917,2013-03-08T00:00:00,ATL @ BOS,L,53.0,40,88,0.455,9,27,0.333,13,17,0.765,10,31,41,32,15.0,7,3,3,17,17,102,-5.0,1,52,52,52,3,24,17,47,30,14,65,59,65,32,31,48,43,6,48,56,62,30,32,66,35,60,1.0
2012-13,1610612737,ATL,Atlanta Hawks,0021200902,2013-03-06T00:00:00,ATL vs. PHI,W,48.0,43,80,0.538,11,24,0.458,10,17,0.588,7,31,38,28,14.0,5,5,2,17,15,107,11.0,1,1,1,1,6,7,43,12,13,30,15,79,65,85,71,48,62,17,34,83,29,15,32,83,16,18,1.0
2012-13,1610612737,ATL,Atlanta Hawks,0021200893,2013-03-04T00:00:00,ATL @ DEN,L,48.0,36,89,0.404,7,24,0.292,9,11,0.818,10,25,35,20,15.0,4,8,6,11,19,88,-16.0,1,52,52,52,6,53,15,84,64,30,83,84,95,16,31,87,83,68,48,91,7,74,3,47,78,88,1.0
2012-13,1610612737,ATL,Atlanta Hawks,0021200888,2013-03-03T00:00:00,ATL @ LAL,L,48.0,41,82,0.5,8,22,0.364,8,15,0.533,3,33,36,34,15.0,13,8,1,19,19,98,-1.0,1,52,52,52,6,17,35,20,48,48,51,89,81,91,98,34,75,2,48,5,7,4,51,47,48,52,1.0
2012-13,1610612737,ATL,Atlanta Hawks,0021200874,2013-03-01T00:00:00,ATL @ PHX,L,48.0,31,73,0.425,8,23,0.348,17,22,0.773,8,35,43,21,21.0,9,6,3,19,17,87,-5.0,1,52,52,52,6,85,87,71,48,42,60,30,41,31,56,15,33,62,91,33,14,30,51,66,81,60,1.0
2012-13,1610612737,ATL,Atlanta Hawks,0021200859,2013-02-27T00:00:00,ATL @ UTA,W,48.0,38,78,0.487,5,17,0.294,21,26,0.808,8,30,38,23,11.0,8,5,5,20,23,102,11.0,1,1,1,1,6,37,57,32,85,84,80,13,17,22,56,56,62,50,10,40,29,61,62,21,35,18,1.0
2012-13,1610612737,ATL,Atlanta Hawks,0021200840,2013-02-25T00:00:00,ATL @ DET,W,48.0,40,79,0.506,14,33,0.424,20,24,0.833,8,29,37,31,14.0,10,4,1,16,18,114,11.0,1,1,1,1,6,24,50,18,1,3,25,16,26,12,56,65,70,9,34,23,43,4,25,59,5,18,1.0
2012-13,1610612737,ATL,Atlanta Hawks,0021200828,2013-02-23T00:00:00,ATL @ MIL,W,48.0,39,91,0.429,14,28,0.5,11,14,0.786,10,31,41,27,11.0,10,4,2,16,14,103,1.0,1,1,1,1,6,32,10,68,1,11,8,71,84,28,31,48,43,24,10,23,43,15,25,91,30,49,1.0
2012-13,1610612737,ATL,Atlanta Hawks,0021200816,2013-02-22T00:00:00,ATL vs. SAC,W,48.0,49,92,0.533,12,27,0.444,12,19,0.632,10,35,45,33,6.0,7,9,2,25,18,122,14.0,1,1,1,1,6,1,7,13,6,14,19,64,57,76,31,15,20,4,1,56,3,15,87,59,4,11,1.0
2012-13,1610612737,ATL,Atlanta Hawks,0021200802,2013-02-20T00:00:00,ATL vs. MIA,L,48.0,36,72,0.5,7,26,0.269,11,16,0.688,5,37,42,28,21.0,6,2,1,20,15,90,-13.0,1,52,52,52,6,53,89,20,64,16,91,71,73,62,90,9,39,17,91,72,76,4,62,83,71,82,1.0
2012-13,1610612737,ATL,Atlanta Hawks,0021200775,2013-02-13T00:00:00,ATL @ ORL,W,48.0,41,92,0.446,10,34,0.294,16,23,0.696,17,37,54,32,9.0,6,3,2,12,21,108,32.0,1,1,1,1,6,17,7,54,17,2,80,39,29,57,3,9,1,6,4,72,62,15,6,34,14,1,1.0
2012-13,1610612737,ATL,Atlanta Hawks,0021200768,2013-02-11T00:00:00,ATL @ DAL,W,48.0,40,77,0.519,9,26,0.346,16,23,0.696,8,40,48,26,18.0,7,2,3,20,20,105,4.0,1,1,1,1,6,24,69,15,30,16,61,39,29,57,56,2,9,29,84,56,76,30,62,41,20,44,1.0
2012-13,1610612737,ATL,Atlanta Hawks,0021200738,2013-02-08T00:00:00,ATL vs. NOH,L,48.0,35,74,0.473,13,24,0.542,17,23,0.739,5,28,33,30,17.0,8,6,5,15,19,100,-11.0,1,52,52,52,6,63,84,40,4,30,3,30,29,44,90,72,87,12,70,40,14,61,15,47,45,77,1.0
2012-13,1610612737,ATL,Atlanta Hawks,0021200725,2013-02-06T00:00:00,ATL vs. MEM,W,48.0,38,74,0.514,10,24,0.417,17,23,0.739,6,40,46,28,13.0,4,5,4,16,19,103,11.0,1,1,1,1,6,37,84,16,17,30,26,30,29,44,81,2,16,17,24,91,29,45,25,47,30,18,1.0
2012-13,1610612737,ATL,Atlanta Hawks,0021200715,2013-02-05T00:00:00,ATL @ IND,L,48.0,36,81,0.444,8,21,0.381,23,28,0.821,5,34,39,26,18.0,5,3,8,33,26,103,-11.0,1,52,52,52,6,53,38,55,48,61,40,7,12,15,90,29,57,29,84,83,62,88,99,11,30,77,1.0
2012-13,1610612737,ATL,Atlanta Hawks,0021200696,2013-02-02T00:00:00,ATL vs. CHI,L,48.0,31,79,0.392,6,19,0.316,8,15,0.533,12,33,45,17,14.0,3,7,5,12,14,76,-17.0,1,52,52,52,6,85,50,89,79,76,75,89,81,91,20,34,20,87,34,95,10,61,6,91,94,91,1.0
2012-13,1610612737,ATL,Atlanta Hawks,0021200674,2013-01-30T00:00:00,ATL vs. TOR,W,48.0,36,75,0.48,10,26,0.385,11,18,0.611,3,33,36,26,17.0,10,8,5,18,18,93,1.0,1,1,1,1,6,53,76,38,17,16,37,71,63,81,98,34,75,29,70,23,7,61,40,59,61,49,1.0
2012-13,1610612737,ATL,Atlanta Hawks,0021200656,2013-01-27T00:00:00,ATL @ NYK,L,48.0,39,65,0.6,10,23,0.435,16,20,0.8,7,23,30,21,19.0,7,2,3,21,17,104,-2.0,1,52,52,52,6,32,98,1,17,42,23,39,50,24,71,94,94,62,88,56,76,30,71,66,22,54,1.0
2012-13,1610612737,ATL,Atlanta Hawks,0021200633,2013-01-25T00:00:00,ATL vs. BOS,W,58.0,42,94,0.447,12,36,0.333,27,36,0.75,12,37,49,31,12.0,10,6,1,21,30,123,12.0,1,1,1,1,1,12,3,50,6,1,65,3,4,35,20,9,7,9,20,23,14,4,71,3,3,15,1.0
2012-13,1610612737,ATL,Atlanta Hawks,0021200618,2013-01-23T00:00:00,ATL @ CHA,W,48.0,43,87,0.494,12,25,0.48,6,12,0.5,13,32,45,31,18.0,7,6,8,22,15,104,12.0,1,1,1,1,6,7,20,24,6,23,12,95,92,93,14,40,20,9,84,56,14,88,74,83,22,15,1.0
2012-13,1610612737,ATL,Atlanta Hawks,0021200608,2013-01-21T00:00:00,ATL vs. MIN,W,48.0,41,71,0.577,10,16,0.625,12,21,0.571,7,25,32,32,22.0,11,5,6,23,21,104,8.0,1,1,1,1,6,17,94,2,17,89,1,64,45,86,71,87,90,6,95,13,29,74,77,34,22,32,1.0
2012-13,1610612737,ATL,Atlanta Hawks,0021200594,2013-01-19T00:00:00,ATL vs. SAS,L,48.0,35,85,0.412,8,21,0.381,15,22,0.682,13,37,50,20,15.0,2,2,4,14,15,93,-5.0,1,52,52,52,6,63,23,81,48,61,40,49,41,64,14,9,5,68,48,99,76,45,11,83,61,60,1.0
2012-13,1610612737,ATL,Atlanta Hawks,0021200588,2013-01-18T00:00:00,ATL @ BKN,L,48.0,35,80,0.438,9,21,0.429,10,14,0.714,5,30,35,22,16.0,6,3,2,26,22,89,-5.0,1,52,52,52,6,63,43,60,30,61,24,79,84,54,90,56,83,58,61,72,62,15,93,26,75,60,1.0
2012-13,1610612737,ATL,Atlanta Hawks,0021200572,2013-01-16T00:00:00,ATL vs. BKN,W,48.0,45,78,0.577,8,21,0.381,11,17,0.647,16,25,41,33,16.0,8,2,2,18,19,109,14.0,1,1,1,1,6,4,57,3,48,61,40,71,65,72,5,87,43,4,61,40,76,15,40,47,11,11,1.0
2012-13,1610612737,ATL,Atlanta Hawks,0021200558,2013-01-14T00:00:00,ATL @ CHI,L,48.0,24,82,0.293,2,14,0.143,8,10,0.8,11,28,39,15,15.0,5,6,13,24,16,58,-39.0,1,52,52,52,6,99,35,100,98,94,99,89,96,24,25,72,57,93,48,83,14,99,83,77,100,100,1.0
2012-13,1610612737,ATL,Atlanta Hawks,0021200542,2013-01-12T00:00:00,ATL @ WAS,L,48.0,30,78,0.385,7,24,0.292,16,25,0.64,6,32,38,23,16.0,8,4,4,20,27,83,-10.0,1,52,52,52,6,90,57,92,64,30,83,39,21,74,81,40,62,50,61,40,43,45,62,7,84,76,1.0
2012-13,1610612737,ATL,Atlanta Hawks,0021200533,2013-01-11T00:00:00,ATL vs. UTA,W,48.0,40,72,0.556,9,19,0.474,14,23,0.609,4,29,33,24,15.0,10,5,4,18,22,103,8.0,1,1,1,1,6,24,89,6,30,76,14,54,29,82,96,65,87,42,48,23,29,45,40,26,30,32,1.0
2012-13,1610612737,ATL,Atlanta Hawks,0021200518,2013-01-09T00:00:00,ATL @ CLE,L,48.0,37,84,0.44,7,22,0.318,2,5,0.4,11,35,46,19,13.0,4,7,3,17,13,83,-16.0,1,52,52,52,6,47,27,59,64,48,72,100,100,100,25,15,16,79,24,91,10,30,32,98,84,88,1.0
2012-13,1610612737,ATL,Atlanta Hawks,0021200515,2013-01-08T00:00:00,ATL @ MIN,L,48.0,38,77,0.494,10,22,0.455,17,21,0.81,10,34,44,21,16.0,5,6,3,23,16,103,-5.0,1,52,52,52,6,37,69,29,17,48,17,30,45,21,31,29,25,62,61,83,14,30,77,77,30,60,1.0
2012-13,1610612737,ATL,Atlanta Hawks,0021200489,2013-01-05T00:00:00,ATL vs. BOS,L,48.0,28,68,0.412,10,29,0.345,15,19,0.789,8,28,36,18,21.0,8,4,4,19,15,81,-8.0,1,52,52,52,6,95,96,81,17,8,63,49,57,27,56,72,75,83,91,40,43,45,51,83,88,71,1.0
2012-13,1610612737,ATL,Atlanta Hawks,0021200482,2013-01-04T00:00:00,ATL @ DET,L,48.0,31,75,0.413,10,29,0.345,12,20,0.6,6,32,38,26,17.0,7,4,9,20,17,84,-1.0,1,52,52,52,6,85,76,79,17,8,63,64,50,83,81,40,62,29,70,56,43,91,62,66,83,52,1.0
2012-13,1610612737,ATL,Atlanta Hawks,0021200461,2013-01-01T00:00:00,ATL @ NOH,W,48.0,41,83,0.494,9,22,0.409,4,8,0.5,9,30,39,30,7.0,7,7,5,11,17,95,9.0,1,1,1,1,6,17,31,25,30,48,31,99,98,93,47,56,57,12,3,56,10,61,3,66,57,26,1.0
2012-13,1610612737,ATL,Atlanta Hawks,0021200455,2012-12-31T00:00:00,ATL @ HOU,L,48.0,43,90,0.478,12,23,0.522,6,7,0.857,4,32,36,24,14.0,6,6,5,16,11,104,-19.0,1,52,52,52,6,7,12,39,6,42,6,95,99,9,96,40,75,42,34,72,14,61,25,99,22,96,1.0
2012-13,1610612737,ATL,Atlanta Hawks,0021200438,2012-12-29T00:00:00,ATL vs. IND,W,48.0,44,80,0.55,10,20,0.5,11,14,0.786,10,26,36,26,17.0,8,2,6,23,15,109,9.0,1,1,1,1,6,5,43,8,17,72,8,71,84,28,31,83,75,29,70,40,76,74,77,83,11,26,1.0
2012-13,1610612737,ATL,Atlanta Hawks,0021200429,2012-12-28T00:00:00,ATL @ CLE,W,48.0,38,78,0.487,13,24,0.542,13,16,0.813,8,35,43,27,15.0,8,11,4,15,16,102,8.0,1,1,1,1,6,37,57,32,4,30,3,59,73,18,56,15,33,24,48,40,2,45,15,77,35,32,1.0
2012-13,1610612737,ATL,Atlanta Hawks,0021200414,2012-12-26T00:00:00,ATL vs. DET,W,58.0,46,98,0.469,11,33,0.333,23,31,0.742,8,39,47,35,10.0,11,6,5,18,23,126,7.0,1,1,1,1,1,3,1,42,13,3,65,7,9,40,56,5,12,1,6,13,14,61,40,21,1,38,1.0
2012-13,1610612737,ATL,Atlanta Hawks,0021200391,2012-12-22T00:00:00,ATL vs. CHI,W,48.0,38,77,0.494,7,19,0.368,9,10,0.9,12,33,45,24,17.0,7,4,3,9,14,92,17.0,1,1,1,1,6,37,69,29,64,76,50,84,96,5,20,34,20,42,70,56,43,30,1,91,66,8,1.0
2012-13,1610612737,ATL,Atlanta Hawks,0021200381,2012-12-21T00:00:00,ATL @ PHI,L,48.0,31,79,0.392,9,25,0.36,9,12,0.75,13,24,37,20,17.0,7,3,4,15,11,80,-19.0,1,52,52,52,6,85,50,89,30,23,55,84,92,35,14,91,70,68,70,56,62,45,15,99,91,96,1.0
2012-13,1610612737,ATL,Atlanta Hawks,0021200371,2012-12-19T00:00:00,ATL vs. OKC,L,48.0,36,94,0.383,9,24,0.375,11,17,0.647,14,30,44,21,11.0,11,6,12,19,16,92,-8.0,1,52,52,52,6,53,3,93,30,30,46,71,65,72,10,56,25,62,10,13,14,97,51,77,66,71,1.0
2012-13,1610612737,ATL,Atlanta Hawks,0021200356,2012-12-18T00:00:00,ATL @ WAS,W,53.0,34,78,0.436,9,24,0.375,23,34,0.676,9,40,49,20,17.0,10,9,7,20,24,100,5.0,1,1,1,1,3,72,57,64,30,30,46,7,6,66,47,2,7,68,70,23,3,84,62,17,45,41,1.0
2012-13,1610612737,ATL,Atlanta Hawks,0021200337,2012-12-15T00:00:00,ATL vs. GSW,L,48.0,31,84,0.369,5,26,0.192,26,36,0.722,10,35,45,21,11.0,6,3,3,15,25,93,-22.0,1,52,52,52,6,85,27,96,85,16,96,4,4,50,31,15,20,62,10,72,62,30,15,13,61,98,1.0
2012-13,1610612737,ATL,Atlanta Hawks,0021200322,2012-12-13T00:00:00,ATL vs. CHA,W,48.0,43,75,0.573,14,29,0.483,13,23,0.565,7,34,41,28,14.0,8,3,1,14,18,113,23.0,1,1,1,1,6,7,76,4,1,8,11,59,29,89,71,29,43,17,34,40,62,4,11,59,6,3,1.0
2012-13,1610612737,ATL,Atlanta Hawks,0021200310,2012-12-12T00:00:00,ATL @ ORL,W,48.0,35,80,0.438,6,22,0.273,10,16,0.625,8,35,43,16,14.0,11,6,3,11,14,86,6.0,1,1,1,1,6,63,43,60,79,48,90,79,73,79,56,15,33,89,34,13,14,30,3,91,82,39,1.0
2012-13,1610612737,ATL,Atlanta Hawks,0021200300,2012-12-10T00:00:00,ATL @ MIA,L,48.0,32,75,0.427,9,28,0.321,19,20,0.95,8,24,32,16,14.0,8,1,3,16,18,92,-9.0,1,52,52,52,6,82,76,70,30,11,69,19,50,1,56,91,90,89,34,40,95,30,25,59,66,75,1.0
2012-13,1610612737,ATL,Atlanta Hawks,0021200289,2012-12-08T00:00:00,ATL @ MEM,W,48.0,34,77,0.442,7,17,0.412,18,25,0.72,14,30,44,20,16.0,10,3,5,16,19,93,10.0,1,1,1,1,6,72,69,58,64,84,28,23,21,52,10,56,25,68,61,23,62,61,25,47,61,24,1.0
2012-13,1610612737,ATL,Atlanta Hawks,0021200273,2012-12-07T00:00:00,ATL vs. WAS,W,48.0,41,85,0.482,10,26,0.385,12,19,0.632,15,32,47,23,14.0,7,1,4,19,17,104,9.0,1,1,1,1,6,17,23,36,17,16,37,64,57,76,6,40,12,50,34,56,95,45,51,66,22,26,1.0
2012-13,1610612737,ATL,Atlanta Hawks,0021200260,2012-12-05T00:00:00,ATL vs. DEN,W,48.0,42,95,0.442,8,22,0.364,16,19,0.842,19,28,47,24,14.0,13,5,4,19,25,108,4.0,1,1,1,1,6,12,2,57,48,48,51,39,57,11,1,72,12,42,34,5,29,45,51,13,14,44,1.0
2012-13,1610612737,ATL,Atlanta Hawks,0021200227,2012-11-30T00:00:00,ATL vs. CLE,L,48.0,38,78,0.487,12,20,0.6,23,32,0.719,10,18,28,25,12.0,12,5,3,18,25,111,-2.0,1,52,52,52,6,37,57,32,6,72,2,7,8,53,31,100,98,39,20,8,29,30,40,13,9,54,1.0
2012-13,1610612737,ATL,Atlanta Hawks,0021200212,2012-11-28T00:00:00,ATL vs. CHA,W,48.0,36,90,0.4,12,32,0.375,10,15,0.667,15,29,44,28,9.0,9,9,7,18,21,94,3.0,1,1,1,1,6,53,12,86,6,5,46,79,81,68,6,65,25,17,4,33,3,84,40,34,59,47,1.0
2012-13,1610612737,ATL,Atlanta Hawks,0021200185,2012-11-24T00:00:00,ATL vs. LAC,W,48.0,38,75,0.507,7,17,0.412,21,26,0.808,8,31,39,26,19.0,5,2,3,18,22,104,11.0,1,1,1,1,6,37,76,17,64,84,28,13,17,22,56,48,57,29,88,83,76,30,40,26,22,18,1.0
2012-13,1610612737,ATL,Atlanta Hawks,0021200171,2012-11-23T00:00:00,ATL @ CHA,W,48.0,42,78,0.538,11,22,0.5,6,14,0.429,7,34,41,29,22.0,6,15,9,18,15,101,10.0,1,1,1,1,6,12,57,10,13,48,8,95,84,99,71,29,43,16,95,72,1,91,40,83,43,24,1.0
2012-13,1610612737,ATL,Atlanta Hawks,0021200162,2012-11-21T00:00:00,ATL vs. WAS,W,53.0,40,92,0.435,9,25,0.36,12,21,0.571,10,27,37,30,14.0,12,5,6,25,27,101,1.0,1,1,1,1,3,24,7,67,30,23,55,64,45,86,31,80,70,12,34,8,29,74,87,7,43,49,1.0
2012-13,1610612737,ATL,Atlanta Hawks,0021200149,2012-11-19T00:00:00,ATL vs. ORL,W,48.0,34,89,0.382,5,25,0.2,8,13,0.615,11,37,48,18,15.0,12,4,5,18,19,81,9.0,1,1,1,1,6,72,15,95,85,23,95,89,90,80,25,9,9,83,48,8,43,61,40,47,88,26,1.0
2012-13,1610612737,ATL,Atlanta Hawks,0021200128,2012-11-16T00:00:00,ATL @ SAC,W,48.0,42,76,0.553,8,15,0.533,20,27,0.741,10,32,42,24,15.0,8,5,0,14,22,112,16.0,1,1,1,1,6,12,74,7,48,90,5,16,14,42,31,40,39,42,48,40,29,1,11,26,8,9,1.0
2012-13,1610612737,ATL,Atlanta Hawks,0021200118,2012-11-14T00:00:00,ATL @ GSW,L,48.0,34,78,0.436,7,23,0.304,13,18,0.722,5,24,29,21,12.0,11,4,1,18,22,88,-4.0,1,52,52,52,6,72,57,64,64,42,76,59,63,50,90,91,97,62,20,13,43,4,40,26,78,58,1.0
2012-13,1610612737,ATL,Atlanta Hawks,0021200102,2012-11-12T00:00:00,ATL @ POR,W,48.0,35,79,0.443,7,18,0.389,18,22,0.818,6,35,41,20,17.0,14,4,6,22,19,95,8.0,1,1,1,1,6,63,50,56,64,80,36,23,41,16,81,15,43,68,70,1,43,74,74,47,57,32,1.0
2012-13,1610612737,ATL,Atlanta Hawks,0021200091,2012-11-11T00:00:00,ATL @ LAC,L,48.0,30,72,0.417,9,25,0.36,7,16,0.438,10,31,41,20,22.0,3,9,6,12,22,76,-13.0,1,52,52,52,6,90,89,76,30,23,55,93,73,98,31,48,43,68,95,95,3,74,6,26,94,82,1.0
2012-13,1610612737,ATL,Atlanta Hawks,0021200072,2012-11-09T00:00:00,ATL vs. MIA,L,48.0,34,81,0.42,9,25,0.36,12,16,0.75,7,29,36,20,13.0,4,5,2,16,22,89,-6.0,1,52,52,52,6,72,38,74,30,23,55,64,73,35,71,65,75,68,24,91,29,15,25,26,75,65,1.0
2012-13,1610612737,ATL,Atlanta Hawks,0021200055,2012-11-07T00:00:00,ATL vs. IND,W,48.0,38,87,0.437,7,22,0.318,6,12,0.5,17,34,51,24,17.0,8,3,7,15,14,89,3.0,1,1,1,1,6,37,20,63,64,48,72,95,92,93,3,29,4,42,70,40,62,84,15,91,75,47,1.0
2012-13,1610612737,ATL,Atlanta Hawks,0021200040,2012-11-04T00:00:00,ATL @ OKC,W,48.0,41,83,0.494,8,25,0.32,14,20,0.7,12,26,38,20,11.0,12,1,9,20,21,104,9.0,1,1,1,1,6,17,31,25,48,23,71,54,50,56,20,83,62,68,10,8,95,91,62,34,22,26,1.0
2012-13,1610612737,ATL,Atlanta Hawks,0021200018,2012-11-02T00:00:00,ATL vs. HOU,L,48.0,40,85,0.471,7,22,0.318,15,17,0.882,7,29,36,23,13.0,12,4,2,26,18,102,-7.0,1,52,52,52,6,24,23,41,64,48,72,49,65,7,71,65,75,50,24,8,43,15,93,59,35,70,1.0
2012-13,1610612737,ATL,Atlanta Hawks,0011200114,2012-10-26T00:00:00,ATL @ DET,L,48.0,30,75,0.4,10,22,0.455,18,23,0.783,7,23,30,19,21.0,8,4,6,25,26,88,-16.0,1,52,52,52,6,90,76,86,17,48,17,23,29,30,71,94,94,79,91,40,43,74,87,11,78,88,
2012-13,1610612737,ATL,Atlanta Hawks,0011200078,2012-10-20T00:00:00,ATL vs. DAL,W,48.0,37,81,0.457,7,24,0.292,29,43,0.674,15,35,50,24,22.0,9,5,2,31,33,110,16.0,1,1,1,1,6,47,38,45,64,30,83,2,1,67,6,15,5,42,95,33,29,15,98,1,10,9,
2012-13,1610612737,ATL,Atlanta Hawks,0011200068,2012-10-18T00:00:00,ATL vs. NOH,W,48.0,36,86,0.419,9,30,0.3,16,23,0.696,8,36,44,25,10.0,6,3,2,23,23,97,29.0,1,1,1,1,6,53,22,75,30,6,77,39,29,57,56,14,25,39,6,72,62,15,77,21,52,2,
2012-13,1610612737,ATL,Atlanta Hawks,0011200053,2012-10-16T00:00:00,ATL @ IND,L,48.0,36,93,0.387,9,24,0.375,17,23,0.739,13,30,43,16,11.0,10,4,13,25,24,98,-4.0,1,52,52,52,6,53,6,91,30,30,46,30,29,44,14,56,33,89,10,23,43,99,87,17,48,58,
2012-13,1610612737,ATL,Atlanta Hawks,0011200045,2012-10-14T00:00:00,ATL @ MEM,L,48.0,35,80,0.438,6,15,0.4,26,34,0.765,9,31,40,20,14.0,9,3,4,23,28,102,-8.0,1,52,52,52,6,63,43,60,79,90,32,4,6,32,47,48,54,68,34,33,62,45,77,5,35,71,
2012-13,1610612737,ATL,Atlanta Hawks,0011200024,2012-10-10T00:00:00,ATL @ SAS,L,48.0,36,94,0.383,8,18,0.444,19,23,0.826,18,25,43,23,14.0,11,3,5,22,17,99,-2.0,1,52,52,52,6,53,3,93,48,80,19,19,29,13,2,87,33,50,34,13,62,61,74,66,47,54,
2012-13,1610612737,ATL,Atlanta Hawks,0011200008,2012-10-07T00:00:00,ATL vs. MIA,W,48.0,33,80,0.413,8,21,0.381,18,24,0.75,12,27,39,19,17.0,13,5,2,15,23,92,13.0,1,1,1,1,6,79,43,80,48,61,40,23,26,35,20,80,57,79,70,5,29,15,15,21,66,13,
2012-13,1610612738,BOS,Boston Celtics,0041200116,2013-05-03T00:00:00,BOS vs. NYK,L,48.0,24,63,0.381,6,22,0.273,26,33,0.788,5,30,35,13,20.0,9,1,8,20,23,80,-8.0,1,53,53,53,14,105,104,96,45,13,78,6,4,52,87,60,83,96,93,26,97,96,37,16,91,73,1.0
2012-13,1610612738,BOS,Boston Celtics,0041200115,2013-05-01T00:00:00,BOS @ NYK,W,48.0,32,70,0.457,11,22,0.5,17,17,1.0,5,36,41,20,17.0,3,3,1,16,19,92,6.0,1,1,1,1,14,74,93,48,2,13,11,47,77,1,87,16,37,59,74,102,71,2,10,53,59,33,0.0
2012-13,1610612738,BOS,Boston Celtics,0041200114,2013-04-28T00:00:00,BOS vs. NYK,W,53.0,34,76,0.447,8,22,0.364,21,24,0.875,3,37,40,22,16.0,7,4,3,26,27,97,7.0,1,1,1,1,5,61,54,57,22,13,50,17,35,15,98,13,43,45,63,57,54,22,93,2,42,32,1.0
2012-13,1610612738,BOS,Boston Celtics,0041200113,2013-04-26T00:00:00,BOS vs. NYK,L,48.0,28,70,0.4,6,19,0.316,14,18,0.778,11,30,41,14,18.0,6,1,4,14,19,76,-14.0,1,53,53,53,14,95,93,89,45,42,63,68,73,54,18,60,37,92,82,72,97,47,3,53,100,90,1.0
2012-13,1610612738,BOS,Boston Celtics,0041200112,2013-04-23T00:00:00,BOS @ NYK,L,48.0,26,70,0.371,5,19,0.263,14,18,0.778,3,34,37,14,12.0,3,4,6,20,17,71,-16.0,1,53,53,53,14,101,93,101,65,42,83,68,73,54,98,24,65,92,11,102,54,69,37,77,104,97,1.0
2012-13,1610612738,BOS,Boston Celtics,0041200111,2013-04-20T00:00:00,BOS @ NYK,L,48.0,27,65,0.415,5,20,0.25,19,19,1.0,4,36,40,18,21.0,5,5,4,17,23,78,-7.0,1,53,53,53,14,99,102,78,65,30,86,32,65,1,93,16,43,74,96,86,34,47,15,16,96,71,1.0
2012-13,1610612738,BOS,Boston Celtics,0021201216,2013-04-17T00:00:00,BOS @ TOR,L,48.0,37,84,0.44,7,17,0.412,9,13,0.692,9,29,38,19,13.0,7,2,5,22,14,90,-24.0,1,53,53,53,14,40,19,62,29,55,30,96,95,85,36,70,55,68,23,57,85,60,57,98,64,102,1.0
2012-13,1610612738,BOS,Boston Celtics,0021201191,2013-04-13T00:00:00,BOS @ ORL,W,48.0,48,81,0.593,10,16,0.625,14,19,0.737,7,31,38,27,13.0,10,4,4,15,16,120,32.0,1,1,1,1,14,1,29,2,8,65,2,68,65,71,57,50,55,11,23,17,54,47,5,88,1,1,1.0
2012-13,1610612738,BOS,Boston Celtics,0021201180,2013-04-12T00:00:00,BOS @ MIA,L,48.0,41,85,0.482,6,23,0.261,13,13,1.0,9,25,34,15,13.0,9,1,5,18,14,101,-8.0,1,53,53,53,14,15,14,37,45,9,84,78,95,1,36,89,90,87,23,26,97,60,20,98,28,73,1.0
2012-13,1610612738,BOS,Boston Celtics,0021201168,2013-04-10T00:00:00,BOS vs. BKN,L,48.0,37,81,0.457,6,16,0.375,13,17,0.765,10,27,37,20,13.0,4,2,3,21,21,93,-8.0,1,53,53,53,14,40,29,49,45,65,43,78,77,60,26,83,65,59,23,94,85,22,46,38,56,73,1.0
2012-13,1610612738,BOS,Boston Celtics,0021201147,2013-04-07T00:00:00,BOS vs. WAS,W,48.0,43,77,0.558,4,11,0.364,17,21,0.81,6,32,38,26,17.0,11,2,6,19,17,107,11.0,1,1,1,1,14,7,47,5,81,96,50,47,50,38,74,38,55,15,74,11,85,69,28,77,15,19,1.0
2012-13,1610612738,BOS,Boston Celtics,0021201127,2013-04-05T00:00:00,BOS vs. CLE,L,48.0,36,89,0.404,6,22,0.273,13,22,0.591,10,32,42,23,12.0,7,7,7,24,20,91,-6.0,1,53,53,53,14,45,7,85,45,13,78,78,44,101,26,38,28,39,11,57,15,83,80,49,61,67,1.0
2012-13,1610612738,BOS,Boston Celtics,0021201115,2013-04-03T00:00:00,BOS vs. DET,W,48.0,36,71,0.507,7,20,0.35,19,22,0.864,4,30,34,20,16.0,7,9,1,26,20,98,5.0,1,1,1,1,14,45,89,24,29,30,55,32,44,20,93,60,90,59,63,57,1,2,93,49,40,38,1.0
2012-13,1610612738,BOS,Boston Celtics,0021201105,2013-04-01T00:00:00,BOS @ MIN,L,48.0,42,81,0.519,7,16,0.438,9,14,0.643,7,30,37,25,17.0,4,3,4,21,11,100,-10.0,1,53,53,53,14,11,29,19,29,65,25,96,92,95,57,60,65,22,74,94,71,47,46,105,30,78,0.0
2012-13,1610612738,BOS,Boston Celtics,0021201099,2013-03-31T00:00:00,BOS @ NYK,L,48.0,32,74,0.432,7,25,0.28,18,23,0.783,9,28,37,12,12.0,3,3,1,22,22,89,-19.0,1,53,53,53,14,74,70,63,29,5,76,38,42,53,36,75,65,98,11,102,71,2,57,27,67,99,1.0
2012-13,1610612738,BOS,Boston Celtics,0021201075,2013-03-29T00:00:00,BOS vs. ATL,W,48.0,45,83,0.542,11,23,0.478,17,21,0.81,9,28,37,25,13.0,8,9,2,20,15,118,11.0,1,1,1,1,14,5,23,8,2,9,14,47,50,38,36,75,65,22,23,42,1,13,37,93,2,19,1.0
2012-13,1610612738,BOS,Boston Celtics,0021201060,2013-03-27T00:00:00,BOS @ CLE,W,48.0,34,76,0.447,5,14,0.357,20,28,0.714,2,35,37,27,16.0,10,4,6,15,22,93,1.0,1,1,1,1,14,61,54,57,65,83,53,26,15,76,101,21,65,11,63,17,54,69,5,27,56,52,1.0
2012-13,1610612738,BOS,Boston Celtics,0021201054,2013-03-26T00:00:00,BOS vs. NYK,L,48.0,31,69,0.449,6,20,0.3,17,22,0.773,7,33,40,20,20.0,6,6,3,16,24,85,-15.0,1,53,53,53,14,83,96,55,45,30,68,47,44,59,57,30,43,59,93,72,22,22,10,12,82,93,1.0
2012-13,1610612738,BOS,Boston Celtics,0021201036,2013-03-23T00:00:00,BOS @ MEM,L,48.0,38,74,0.514,9,20,0.45,21,28,0.75,7,30,37,19,15.0,5,9,6,21,19,106,-4.0,1,53,53,53,14,35,70,21,14,30,20,17,15,65,57,60,65,68,53,86,1,69,46,53,19,63,1.0
2012-13,1610612738,BOS,Boston Celtics,0021201029,2013-03-22T00:00:00,BOS @ DAL,L,48.0,32,77,0.416,5,17,0.294,25,27,0.926,10,28,38,19,14.0,8,5,3,26,22,94,-10.0,1,53,53,53,14,74,47,76,65,55,70,7,21,7,26,75,55,68,41,42,34,22,93,27,50,78,1.0
2012-13,1610612738,BOS,Boston Celtics,0021201013,2013-03-20T00:00:00,BOS @ NOH,L,48.0,33,72,0.458,4,14,0.286,16,17,0.941,4,24,28,20,14.0,13,6,7,18,17,86,-1.0,1,53,53,53,14,69,81,47,81,83,73,56,77,6,93,96,103,59,41,6,22,83,20,77,79,53,1.0
2012-13,1610612738,BOS,Boston Celtics,0021200998,2013-03-18T00:00:00,BOS vs. MIA,L,48.0,39,72,0.542,10,21,0.476,15,24,0.625,4,29,33,24,21.0,9,7,7,26,18,103,-2.0,1,53,53,53,14,26,81,9,8,24,15,61,35,98,93,70,95,28,96,26,15,83,93,69,24,58,1.0
2012-13,1610612738,BOS,Boston Celtics,0021200980,2013-03-16T00:00:00,BOS vs. CHA,W,48.0,41,79,0.519,10,15,0.667,13,20,0.65,10,32,42,28,13.0,6,8,7,21,17,105,17.0,1,1,1,1,14,15,40,17,8,74,1,78,54,94,26,38,28,7,23,72,7,83,46,77,21,13,1.0
2012-13,1610612738,BOS,Boston Celtics,0021200959,2013-03-13T00:00:00,BOS vs. TOR,W,48.0,39,76,0.513,6,15,0.4,28,35,0.8,6,34,40,29,14.0,11,7,6,19,23,112,24.0,1,1,1,1,14,26,54,22,45,74,33,2,1,42,74,24,43,6,41,11,15,69,28,16,9,5,1.0
2012-13,1610612738,BOS,Boston Celtics,0021200948,2013-03-12T00:00:00,BOS @ CHA,L,48.0,27,66,0.409,4,13,0.308,16,25,0.64,6,23,29,15,13.0,4,4,3,21,18,74,-26.0,1,53,53,53,14,99,100,81,81,90,66,56,30,97,74,103,101,87,23,94,54,22,46,69,102,103,1.0
2012-13,1610612738,BOS,Boston Celtics,0021200934,2013-03-10T00:00:00,BOS @ OKC,L,48.0,29,77,0.377,7,20,0.35,14,20,0.7,10,34,44,17,19.0,5,5,6,23,22,79,-12.0,1,53,53,53,14,91,47,100,29,30,55,68,54,83,26,24,17,82,89,86,34,69,67,27,92,83,1.0
2012-13,1610612738,BOS,Boston Celtics,0021200917,2013-03-08T00:00:00,BOS vs. ATL,W,53.0,40,78,0.513,10,20,0.5,17,20,0.85,2,33,35,23,16.0,9,3,3,17,17,107,5.0,1,1,1,1,5,22,45,23,8,30,11,47,54,24,101,30,83,39,63,26,71,22,15,77,15,38,1.0
2012-13,1610612738,BOS,Boston Celtics,0021200901,2013-03-06T00:00:00,BOS @ IND,W,48.0,34,83,0.41,7,17,0.412,8,9,0.889,9,38,47,18,13.0,9,8,11,19,13,83,2.0,1,1,1,1,14,61,23,80,29,55,30,100,104,13,36,8,12,74,23,26,7,104,28,101,84,47,1.0
2012-13,1610612738,BOS,Boston Celtics,0021200896,2013-03-05T00:00:00,BOS @ PHI,W,48.0,42,83,0.506,11,19,0.579,14,16,0.875,12,37,49,34,22.0,7,5,3,16,18,109,8.0,1,1,1,1,14,11,23,26,2,42,6,68,84,15,9,13,6,2,104,57,34,22,10,69,12,25,1.0
2012-13,1610612738,BOS,Boston Celtics,0021200867,2013-03-01T00:00:00,BOS vs. GSW,W,48.0,36,75,0.48,3,15,0.2,19,28,0.679,2,42,44,24,17.0,6,5,1,20,24,94,8.0,1,1,1,1,14,45,64,38,96,74,99,32,15,90,101,4,17,28,74,72,34,2,37,12,50,25,1.0
2012-13,1610612738,BOS,Boston Celtics,0021200842,2013-02-25T00:00:00,BOS @ UTA,W,53.0,41,86,0.477,10,27,0.37,18,20,0.9,8,29,37,19,13.0,8,5,6,24,19,110,3.0,1,1,1,1,5,15,11,40,8,2,48,38,54,9,47,70,65,68,23,42,34,69,80,53,11,45,1.0
2012-13,1610612738,BOS,Boston Celtics,0021200837,2013-02-24T00:00:00,BOS @ POR,L,48.0,36,85,0.424,2,13,0.154,12,15,0.8,6,30,36,16,9.0,9,2,2,18,16,86,-6.0,1,53,53,53,14,45,14,70,103,90,104,86,90,42,74,60,77,85,2,26,85,13,20,88,79,67,1.0
2012-13,1610612738,BOS,Boston Celtics,0021200820,2013-02-22T00:00:00,BOS @ PHX,W,48.0,44,79,0.557,10,22,0.455,15,23,0.652,9,36,45,19,12.0,8,6,3,20,19,113,25.0,1,1,1,1,14,6,40,6,8,13,18,61,42,93,36,16,15,68,11,42,22,22,37,53,8,4,1.0
2012-13,1610612738,BOS,Boston Celtics,0021200807,2013-02-20T00:00:00,BOS @ LAL,L,48.0,39,82,0.476,9,20,0.45,12,20,0.6,7,27,34,24,14.0,5,4,3,25,21,99,-14.0,1,53,53,53,14,26,27,41,14,30,20,86,54,100,57,83,90,28,41,86,54,22,91,38,36,90,1.0
2012-13,1610612738,BOS,Boston Celtics,0021200794,2013-02-19T00:00:00,BOS @ DEN,L,48.0,35,79,0.443,7,20,0.35,13,16,0.813,8,31,39,22,13.0,6,2,3,24,17,90,-7.0,1,53,53,53,14,56,40,61,29,30,55,78,84,37,47,50,50,45,23,72,85,22,80,77,64,71,1.0
2012-13,1610612738,BOS,Boston Celtics,0021200778,2013-02-13T00:00:00,BOS vs. CHI,W,48.0,28,76,0.368,5,15,0.333,10,12,0.833,8,31,39,18,12.0,9,4,4,21,19,71,2.0,1,1,1,1,14,95,54,102,65,74,58,92,99,27,47,50,50,74,11,26,54,47,46,53,104,47,1.0
2012-13,1610612738,BOS,Boston Celtics,0021200762,2013-02-11T00:00:00,BOS @ CHA,L,48.0,32,77,0.416,6,14,0.429,21,26,0.808,8,36,44,26,10.0,6,7,7,24,19,91,-3.0,1,53,53,53,14,74,47,76,45,83,27,17,28,41,47,16,17,15,8,72,15,83,80,53,61,59,1.0
2012-13,1610612738,BOS,Boston Celtics,0021200754,2013-02-10T00:00:00,BOS vs. DEN,W,63.0,43,108,0.398,13,30,0.433,19,24,0.792,8,43,51,34,16.0,14,8,11,19,19,118,4.0,1,1,1,1,1,7,1,91,1,1,26,32,35,48,47,3,3,2,63,5,7,104,28,53,2,42,1.0
2012-13,1610612738,BOS,Boston Celtics,0021200733,2013-02-07T00:00:00,BOS vs. LAL,W,48.0,46,87,0.529,5,11,0.455,19,25,0.76,12,36,48,25,9.0,10,5,3,28,19,116,21.0,1,1,1,1,14,4,10,13,65,96,18,32,30,63,9,16,8,22,2,17,34,22,99,53,5,6,1.0
2012-13,1610612738,BOS,Boston Celtics,0021200720,2013-02-06T00:00:00,BOS @ TOR,W,48.0,35,73,0.479,4,19,0.211,25,30,0.833,6,35,41,21,14.0,4,5,2,20,23,99,4.0,1,1,1,1,14,56,76,39,81,42,97,7,10,27,74,21,37,57,41,94,34,13,37,16,36,42,1.0
2012-13,1610612738,BOS,Boston Celtics,0021200705,2013-02-03T00:00:00,BOS vs. LAC,W,48.0,36,72,0.5,11,18,0.611,23,27,0.852,6,23,29,23,17.0,8,2,2,22,26,106,2.0,1,1,1,1,14,45,81,27,2,49,3,10,21,22,74,103,101,39,74,42,85,13,57,6,19,47,1.0
2012-13,1610612738,BOS,Boston Celtics,0021200686,2013-02-01T00:00:00,BOS vs. ORL,W,48.0,42,84,0.5,4,18,0.222,9,14,0.643,10,38,48,30,15.0,9,5,6,13,13,97,13.0,1,1,1,1,14,11,19,27,81,49,93,96,92,95,26,8,8,5,53,26,34,69,2,101,42,15,1.0
2012-13,1610612738,BOS,Boston Celtics,0021200672,2013-01-30T00:00:00,BOS vs. SAC,W,48.0,39,73,0.534,5,16,0.313,16,20,0.8,6,32,38,22,18.0,9,4,1,22,19,99,18.0,1,1,1,1,14,26,76,10,65,65,65,56,54,42,74,38,55,45,82,26,54,2,57,53,36,9,1.0
2012-13,1610612738,BOS,Boston Celtics,0021200652,2013-01-27T00:00:00,BOS vs. MIA,W,58.0,36,88,0.409,5,20,0.25,23,27,0.852,8,38,46,24,17.0,11,8,6,20,27,100,2.0,1,1,1,1,2,45,9,81,65,30,86,10,21,22,47,8,13,28,74,11,7,69,37,2,30,47,1.0
2012-13,1610612738,BOS,Boston Celtics,0021200633,2013-01-25T00:00:00,BOS @ ATL,L,58.0,42,93,0.452,7,19,0.368,20,20,1.0,10,38,48,28,21.0,8,1,6,30,21,111,-12.0,1,53,53,53,2,11,5,51,29,42,49,26,54,1,26,8,8,7,96,42,97,69,103,38,10,83,1.0
2012-13,1610612738,BOS,Boston Celtics,0021200630,2013-01-24T00:00:00,BOS vs. NYK,L,48.0,31,76,0.408,3,18,0.167,21,28,0.75,7,39,46,18,12.0,6,3,5,23,23,86,-3.0,1,53,53,53,14,83,54,83,96,49,103,17,15,65,57,6,13,74,11,72,71,60,67,16,79,59,1.0
2012-13,1610612738,BOS,Boston Celtics,0021200614,2013-01-22T00:00:00,BOS @ CLE,L,48.0,32,84,0.381,7,17,0.412,19,22,0.864,16,32,48,24,18.0,5,8,7,18,22,90,-5.0,1,53,53,53,14,74,19,96,29,55,30,32,44,20,2,38,8,28,82,86,7,83,20,27,64,64,1.0
2012-13,1610612738,BOS,Boston Celtics,0021200603,2013-01-20T00:00:00,BOS @ DET,L,48.0,33,83,0.398,4,15,0.267,18,25,0.72,11,31,42,22,18.0,13,4,7,33,23,88,-15.0,1,53,53,53,14,69,23,92,81,74,82,38,30,74,18,50,28,45,82,6,54,83,104,16,72,93,1.0
2012-13,1610612738,BOS,Boston Celtics,0021200584,2013-01-18T00:00:00,BOS vs. CHI,L,53.0,38,91,0.418,3,14,0.214,20,28,0.714,11,31,42,15,12.0,10,3,1,28,22,99,-1.0,1,53,53,53,5,35,6,75,96,83,95,26,15,76,18,50,28,87,11,17,71,2,99,27,36,53,1.0
2012-13,1610612738,BOS,Boston Celtics,0021200573,2013-01-16T00:00:00,BOS vs. NOH,L,48.0,34,74,0.459,4,18,0.222,6,16,0.375,6,27,33,22,15.0,11,4,3,21,21,78,-12.0,1,53,53,53,14,61,70,45,81,49,93,104,84,105,74,83,95,45,53,11,54,22,46,38,96,83,1.0
2012-13,1610612738,BOS,Boston Celtics,0021200557,2013-01-14T00:00:00,BOS vs. CHA,W,48.0,39,80,0.488,8,21,0.381,14,20,0.7,14,28,42,27,15.0,6,8,4,21,20,100,11.0,1,1,1,1,14,26,38,34,22,24,40,68,54,83,5,75,28,11,53,72,7,47,46,49,30,19,1.0
2012-13,1610612738,BOS,Boston Celtics,0021200531,2013-01-11T00:00:00,BOS vs. HOU,W,48.0,41,79,0.519,9,23,0.391,12,16,0.75,8,35,43,22,16.0,8,6,1,29,21,103,12.0,1,1,1,1,14,15,40,17,14,9,38,86,84,65,47,21,25,45,63,42,22,2,102,38,24,17,1.0
2012-13,1610612738,BOS,Boston Celtics,0021200519,2013-01-09T00:00:00,BOS vs. PHX,W,48.0,37,81,0.457,3,14,0.214,10,12,0.833,12,30,42,23,13.0,12,5,5,15,18,87,8.0,1,1,1,1,14,40,29,49,96,83,95,92,99,27,9,60,28,39,23,8,34,60,5,69,76,25,1.0
2012-13,1610612738,BOS,Boston Celtics,0021200505,2013-01-07T00:00:00,BOS @ NYK,W,48.0,39,74,0.527,6,18,0.333,18,20,0.9,9,27,36,26,11.0,8,1,3,21,21,102,6.0,1,1,1,1,14,26,70,14,45,49,58,38,54,9,36,83,77,15,10,42,97,22,46,38,27,33,1.0
2012-13,1610612738,BOS,Boston Celtics,0021200489,2013-01-05T00:00:00,BOS @ ATL,W,48.0,39,85,0.459,3,16,0.188,8,12,0.667,16,28,44,27,13.0,11,4,4,15,19,89,8.0,1,1,1,1,14,26,14,46,96,65,101,100,99,91,2,75,17,11,23,11,54,47,5,53,67,25,1.0
2012-13,1610612738,BOS,Boston Celtics,0021200483,2013-01-04T00:00:00,BOS vs. IND,W,48.0,40,89,0.449,4,9,0.444,10,18,0.556,12,37,49,22,14.0,9,8,7,28,15,94,19.0,1,1,1,1,14,22,7,54,81,103,24,92,73,103,9,13,6,45,41,26,7,83,99,93,50,8,1.0
2012-13,1610612738,BOS,Boston Celtics,0021200468,2013-01-02T00:00:00,BOS vs. MEM,L,48.0,32,71,0.451,8,22,0.364,11,16,0.688,3,24,27,22,12.0,8,1,3,22,17,83,-10.0,1,53,53,53,14,74,89,52,22,13,50,89,84,89,98,96,104,45,11,42,97,22,57,77,84,78,1.0
2012-13,1610612738,BOS,Boston Celtics,0021200450,2012-12-30T00:00:00,BOS @ SAC,L,48.0,36,86,0.419,7,22,0.318,17,19,0.895,10,25,35,25,13.0,7,3,8,23,21,96,-22.0,1,53,53,53,14,45,11,73,29,13,61,47,65,12,26,89,83,22,23,57,71,96,67,38,45,101,1.0
2012-13,1610612738,BOS,Boston Celtics,0021200447,2012-12-29T00:00:00,BOS @ GSW,L,48.0,31,86,0.36,5,22,0.227,16,21,0.762,13,25,38,18,13.0,10,3,10,15,22,83,-18.0,1,53,53,53,14,83,11,104,65,13,92,56,50,62,6,89,55,74,23,17,71,101,5,27,84,98,1.0
2012-13,1610612738,BOS,Boston Celtics,0021200424,2012-12-27T00:00:00,BOS @ LAC,L,48.0,29,72,0.403,6,16,0.375,13,15,0.867,7,33,40,20,18.0,5,3,7,23,18,77,-29.0,1,53,53,53,14,91,81,86,45,65,43,78,90,19,57,30,43,59,82,86,71,83,67,69,98,104,0.0
2012-13,1610612738,BOS,Boston Celtics,0021200405,2012-12-25T00:00:00,BOS @ BKN,W,48.0,38,77,0.494,6,10,0.6,11,13,0.846,9,32,41,25,12.0,10,4,5,25,22,93,17.0,1,1,1,1,14,35,47,32,45,98,4,89,95,26,36,38,37,22,11,17,54,60,91,27,56,13,1.0
2012-13,1610612738,BOS,Boston Celtics,0021200382,2012-12-21T00:00:00,BOS vs. MIL,L,53.0,36,94,0.383,5,24,0.208,17,20,0.85,12,32,44,23,15.0,16,5,3,22,15,94,-5.0,1,53,53,53,5,45,4,95,65,7,98,47,54,24,9,38,17,39,53,1,34,22,57,93,50,64,1.0
2012-13,1610612738,BOS,Boston Celtics,0021200370,2012-12-19T00:00:00,BOS vs. CLE,W,48.0,37,62,0.597,9,17,0.529,20,27,0.741,2,33,35,23,14.0,9,7,2,24,22,103,12.0,1,1,1,1,14,40,105,1,14,55,9,26,21,70,101,30,83,39,41,26,15,13,80,27,24,17,1.0
2012-13,1610612738,BOS,Boston Celtics,0021200360,2012-12-18T00:00:00,BOS @ CHI,L,48.0,35,81,0.432,5,10,0.5,14,19,0.737,11,24,35,18,9.0,7,2,10,18,15,89,-11.0,1,53,53,53,14,56,29,64,65,98,11,68,65,71,18,96,83,74,2,57,85,101,20,93,67,81,1.0
2012-13,1610612738,BOS,Boston Celtics,0021200344,2012-12-15T00:00:00,BOS @ SAS,L,48.0,38,81,0.469,6,16,0.375,6,8,0.75,11,27,38,22,20.0,6,3,4,20,12,88,-15.0,1,53,53,53,14,35,29,42,45,65,43,104,105,65,18,83,55,45,93,72,71,47,37,104,72,93,1.0
2012-13,1610612738,BOS,Boston Celtics,0021200332,2012-12-14T00:00:00,BOS @ HOU,L,48.0,34,85,0.4,8,20,0.4,13,17,0.765,9,32,41,22,13.0,15,5,8,16,16,89,-12.0,1,53,53,53,14,61,14,89,22,30,33,78,77,60,36,38,37,45,23,4,34,96,10,88,67,83,1.0
2012-13,1610612738,BOS,Boston Celtics,0021200315,2012-12-12T00:00:00,BOS vs. DAL,W,58.0,43,100,0.43,6,22,0.273,25,30,0.833,9,33,42,24,13.0,16,5,7,22,27,117,2.0,1,1,1,1,2,7,3,66,45,13,78,7,10,27,36,30,28,28,23,1,34,83,57,2,4,47,1.0
2012-13,1610612738,BOS,Boston Celtics,0021200285,2012-12-08T00:00:00,BOS vs. PHI,W,48.0,40,75,0.533,4,14,0.286,8,12,0.667,7,25,32,25,12.0,6,2,3,19,19,92,13.0,1,1,1,1,14,22,64,11,81,83,73,100,99,91,57,89,98,22,11,72,85,22,28,53,59,15,1.0
2012-13,1610612738,BOS,Boston Celtics,0021200270,2012-12-07T00:00:00,BOS @ PHI,L,53.0,35,81,0.432,6,22,0.273,18,25,0.72,7,46,53,24,19.0,6,7,4,23,26,94,-1.0,1,53,53,53,5,56,29,64,45,13,78,38,30,74,57,1,2,28,89,72,15,47,67,6,50,53,1.0
2012-13,1610612738,BOS,Boston Celtics,0021200259,2012-12-05T00:00:00,BOS vs. MIN,W,48.0,41,78,0.526,4,17,0.235,18,26,0.692,6,39,45,24,16.0,6,6,3,24,19,104,10.0,1,1,1,1,14,15,45,15,81,55,89,38,28,85,74,6,15,28,63,72,22,22,80,53,23,23,1.0
2012-13,1610612738,BOS,Boston Celtics,0021200238,2012-12-01T00:00:00,BOS @ MIL,L,48.0,34,82,0.415,6,19,0.316,14,17,0.824,11,32,43,26,16.0,8,9,6,19,13,88,-3.0,1,53,53,53,14,61,27,79,45,42,63,68,77,31,18,38,25,15,63,42,1,69,28,101,72,59,1.0
2012-13,1610612738,BOS,Boston Celtics,0021200225,2012-11-30T00:00:00,BOS vs. POR,W,48.0,36,73,0.493,6,16,0.375,18,20,0.9,5,31,36,20,21.0,16,4,4,27,19,96,18.0,1,1,1,1,14,45,76,33,45,65,43,38,54,9,87,50,77,59,96,1,54,47,98,53,45,9,1.0
2012-13,1610612738,BOS,Boston Celtics,0021200211,2012-11-28T00:00:00,BOS vs. BKN,L,48.0,32,75,0.427,1,7,0.143,18,24,0.75,8,32,40,14,17.0,7,6,3,24,24,83,-12.0,1,53,53,53,14,74,64,68,105,105,105,38,35,65,47,38,43,92,74,57,22,22,80,12,84,83,1.0
2012-13,1610612738,BOS,Boston Celtics,0021200195,2012-11-25T00:00:00,BOS @ ORL,W,53.0,47,105,0.448,7,18,0.389,15,19,0.789,17,34,51,26,15.0,9,2,8,22,19,116,6.0,1,1,1,1,5,3,2,56,29,49,39,61,65,49,1,24,3,15,53,26,85,96,57,53,5,33,1.0
2012-13,1610612738,BOS,Boston Celtics,0021200173,2012-11-23T00:00:00,BOS vs. OKC,W,48.0,39,80,0.488,9,17,0.529,21,24,0.875,8,28,36,28,16.0,10,1,7,23,23,108,8.0,1,1,1,1,14,26,38,34,14,55,9,17,35,15,47,75,77,7,63,17,97,83,67,16,14,25,1.0
2012-13,1610612738,BOS,Boston Celtics,0021200161,2012-11-21T00:00:00,BOS vs. SAS,L,48.0,41,77,0.532,3,8,0.375,15,17,0.882,1,24,25,21,12.0,9,5,2,18,17,100,-12.0,1,53,53,53,14,15,47,12,96,104,43,61,77,14,105,96,105,57,11,26,34,13,20,77,30,83,1.0
2012-13,1610612738,BOS,Boston Celtics,0021200144,2012-11-18T00:00:00,BOS @ DET,L,48.0,32,71,0.451,4,17,0.235,15,19,0.789,7,23,30,12,18.0,7,0,1,21,22,83,-20.0,1,53,53,53,14,74,89,52,81,55,89,61,65,49,57,103,100,98,82,57,105,2,46,27,84,100,1.0
2012-13,1610612738,BOS,Boston Celtics,0021200131,2012-11-17T00:00:00,BOS vs. TOR,W,48.0,43,76,0.566,6,15,0.4,15,19,0.789,7,30,37,37,13.0,7,2,4,23,23,107,18.0,1,1,1,1,14,7,54,3,45,74,33,61,65,49,57,60,65,1,23,57,85,47,67,16,15,9,1.0
2012-13,1610612738,BOS,Boston Celtics,0021200119,2012-11-15T00:00:00,BOS @ BKN,L,48.0,35,75,0.467,7,13,0.538,20,25,0.8,12,32,44,17,14.0,8,3,7,24,18,97,-5.0,1,53,53,53,14,56,64,43,29,90,8,26,30,42,9,38,17,82,41,42,71,83,80,69,42,64,1.0
2012-13,1610612738,BOS,Boston Celtics,0021200110,2012-11-14T00:00:00,BOS vs. UTA,W,48.0,36,72,0.5,4,10,0.4,22,29,0.759,4,29,33,24,9.0,8,4,6,17,19,98,5.0,1,1,1,1,14,45,81,27,81,98,33,13,13,64,93,70,95,28,2,42,54,69,15,53,40,38,1.0
2012-13,1610612738,BOS,Boston Celtics,0021200098,2012-11-12T00:00:00,BOS @ CHI,W,48.0,41,81,0.506,3,16,0.188,16,16,1.0,6,28,34,28,8.0,9,5,1,24,15,101,6.0,1,1,1,1,14,15,29,25,96,65,101,56,84,1,74,75,90,7,1,26,34,2,80,93,28,33,1.0
2012-13,1610612738,BOS,Boston Celtics,0021200086,2012-11-10T00:00:00,BOS @ MIL,W,48.0,32,72,0.444,5,15,0.333,27,34,0.794,7,33,40,20,14.0,4,4,3,22,25,96,4.0,1,1,1,1,14,74,81,60,65,74,58,4,2,47,57,30,43,59,41,94,54,22,57,10,45,42,1.0
2012-13,1610612738,BOS,Boston Celtics,0021200070,2012-11-09T00:00:00,BOS vs. PHI,L,48.0,37,76,0.487,4,10,0.4,22,31,0.71,7,24,31,31,14.0,7,3,7,19,22,100,-6.0,1,53,53,53,14,40,54,36,81,98,33,13,7,79,57,96,99,4,41,57,71,83,28,27,30,67,1.0
2012-13,1610612738,BOS,Boston Celtics,0021200054,2012-11-07T00:00:00,BOS vs. WAS,W,53.0,34,81,0.42,4,13,0.308,28,34,0.824,6,38,44,26,19.0,9,5,6,17,27,100,6.0,1,1,1,1,5,61,29,71,81,90,66,2,2,31,74,8,17,15,89,26,34,69,15,2,30,33,1.0
2012-13,1610612738,BOS,Boston Celtics,0021200027,2012-11-03T00:00:00,BOS @ WAS,W,48.0,36,84,0.429,8,21,0.381,9,13,0.692,6,29,35,24,9.0,8,4,4,12,14,89,3.0,1,1,1,1,14,45,19,67,22,24,40,96,95,85,74,70,83,28,2,42,54,47,1,98,67,45,1.0
2012-13,1610612738,BOS,Boston Celtics,0021200017,2012-11-02T00:00:00,BOS vs. MIL,L,48.0,33,74,0.446,5,14,0.357,17,21,0.81,6,30,36,22,18.0,9,4,5,18,17,88,-11.0,1,53,53,53,14,69,70,59,65,83,53,47,50,38,74,60,77,45,82,26,54,60,20,77,72,81,1.0
2012-13,1610612738,BOS,Boston Celtics,0021200002,2012-10-30T00:00:00,BOS @ MIA,L,48.0,39,75,0.52,6,13,0.462,23,28,0.821,7,34,41,24,16.0,4,2,5,23,20,107,-13.0,1,53,53,53,14,26,64,16,45,90,17,10,15,34,57,24,37,28,63,94,85,60,67,49,15,89,1.0
2012-13,1610612738,BOS,Boston Celtics,0011200088,2012-10-21T00:00:00,BOS vs. PHI,L,48.0,28,66,0.424,2,10,0.2,21,27,0.778,7,31,38,18,21.0,6,9,4,16,26,79,-9.0,1,53,53,53,14,95,100,69,103,98,99,17,21,54,57,50,55,74,96,72,1,47,10,6,92,76,
2012-13,1610612738,BOS,Boston Celtics,0011200081,2012-10-20T00:00:00,BOS vs. NYK,W,48.0,40,73,0.548,7,15,0.467,22,31,0.71,5,34,39,18,21.0,12,5,3,19,23,109,11.0,1,1,1,1,14,22,76,7,29,74,16,13,7,79,87,24,50,74,96,8,34,22,28,16,12,19,
2012-13,1610612738,BOS,Boston Celtics,0011200070,2012-10-18T00:00:00,BOS @ BKN,W,48.0,48,85,0.565,11,19,0.579,8,10,0.8,10,33,43,26,15.0,12,2,9,24,16,115,30.0,1,1,1,1,14,1,14,4,2,42,6,100,103,42,26,30,25,15,53,8,85,100,80,88,7,2,
2012-13,1610612738,BOS,Boston Celtics,0011200058,2012-10-16T00:00:00,BOS vs. BKN,L,48.0,33,71,0.465,9,20,0.45,21,24,0.875,5,30,35,22,17.0,8,6,2,23,21,96,-1.0,1,53,53,53,14,69,89,44,14,30,20,17,35,15,87,60,83,45,74,42,22,13,67,38,45,53,
2012-13,1610612738,BOS,Boston Celtics,0011200046,2012-10-15T00:00:00,BOS @ PHI,L,48.0,30,79,0.38,4,17,0.235,11,18,0.611,9,33,42,20,21.0,3,3,5,21,18,75,-32.0,1,53,53,53,14,89,40,98,81,55,89,89,73,99,36,30,28,59,96,102,71,60,46,69,101,105,
2012-13,1610612738,BOS,Boston Celtics,0011200039,2012-10-13T00:00:00,BOS vs. NYK,L,53.0,31,76,0.408,6,23,0.261,27,33,0.818,8,42,50,15,19.0,6,6,3,33,26,95,-3.0,1,53,53,53,5,83,54,83,45,9,84,4,4,35,47,4,5,87,89,72,22,22,104,6,49,59,
2012-13,1610612738,BOS,Boston Celtics,0011200010,2012-10-07T00:00:00,BOS @ EAM,W,48.0,38,76,0.5,9,15,0.6,20,29,0.69,10,44,54,19,14.0,7,6,2,23,23,105,30.0,1,1,1,1,14,35,54,27,14,74,4,26,13,88,26,2,1,68,41,57,22,13,67,16,21,2,
2012-13,1610612738,BOS,Boston Celtics,0011200001,2012-10-05T00:00:00,BOS @ FBU,L,48.0,34,68,0.5,5,12,0.417,18,22,0.818,12,25,37,17,25.0,5,6,0,26,23,91,-6.0,1,53,53,53,14,61,98,27,65,95,29,38,44,35,9,89,65,82,105,86,22,1,93,16,61,67,
2012-13,1610612739,CLE,Cleveland Cavaliers,0021201219,2013-04-17T00:00:00,CLE @ CHA,L,48.0,39,80,0.488,8,23,0.348,12,18,0.667,4,31,35,24,12.0,9,3,4,24,14,98,-7.0,1,31,31,31,3,17,66,16,21,17,45,78,69,71,93,28,74,14,27,24,57,9,61,89,34,53,1.0
2012-13,1610612739,CLE,Cleveland Cavaliers,0021201204,2013-04-15T00:00:00,CLE vs. MIA,L,48.0,39,86,0.453,5,13,0.385,12,19,0.632,13,25,38,20,6.0,8,5,8,22,19,95,-1.0,1,31,31,31,3,17,25,34,58,82,35,78,66,86,33,68,64,41,1,39,23,63,48,55,42,31,1.0
2012-13,1610612739,CLE,Cleveland Cavaliers,0021201197,2013-04-14T00:00:00,CLE @ PHI,L,48.0,31,85,0.365,5,16,0.313,10,15,0.667,13,36,49,22,19.0,5,6,9,12,12,77,-14.0,1,31,31,31,3,79,34,86,58,58,53,86,78,71,33,6,7,28,81,81,13,73,1,93,91,78,1.0
2012-13,1610612739,CLE,Cleveland Cavaliers,0021201182,2013-04-12T00:00:00,CLE vs. NYK,L,48.0,34,79,0.43,6,22,0.273,17,24,0.708,16,30,46,17,14.0,7,2,5,16,21,91,-10.0,1,31,31,31,3,60,71,47,46,23,72,47,41,62,15,34,20,74,41,54,69,20,12,37,66,64,1.0
2012-13,1610612739,CLE,Cleveland Cavaliers,0021201167,2013-04-10T00:00:00,CLE vs. DET,L,48.0,40,82,0.488,3,15,0.2,21,26,0.808,13,36,49,21,13.0,3,8,1,28,20,104,-7.0,1,31,31,31,3,10,52,14,82,69,87,23,27,31,33,6,7,31,35,89,3,1,85,48,17,53,1.0
2012-13,1610612739,CLE,Cleveland Cavaliers,0021201154,2013-04-09T00:00:00,CLE @ IND,L,48.0,39,85,0.459,3,10,0.3,13,15,0.867,14,25,39,18,17.0,5,7,6,29,14,94,-5.0,1,31,31,31,3,17,34,29,82,92,61,70,78,13,27,68,53,66,69,81,6,34,89,89,51,48,1.0
2012-13,1610612739,CLE,Cleveland Cavaliers,0021201148,2013-04-07T00:00:00,CLE vs. ORL,W,48.0,32,89,0.36,7,17,0.412,20,24,0.833,17,35,52,24,14.0,7,8,7,18,17,91,6.0,1,1,1,1,3,73,14,89,29,53,25,28,41,21,11,12,5,14,41,54,3,51,22,70,66,12,1.0
2012-13,1610612739,CLE,Cleveland Cavaliers,0021201127,2013-04-05T00:00:00,CLE @ BOS,W,48.0,36,89,0.404,3,13,0.231,22,26,0.846,15,43,58,16,16.0,5,7,7,20,24,97,6.0,1,1,1,1,3,45,14,69,82,82,80,16,27,17,21,1,1,77,57,81,6,51,35,16,37,12,1.0
2012-13,1610612739,CLE,Cleveland Cavaliers,0021201114,2013-04-03T00:00:00,CLE vs. BKN,L,48.0,34,89,0.382,4,14,0.286,23,26,0.885,13,23,36,18,11.0,8,4,4,17,20,95,-18.0,1,31,31,31,3,60,14,78,72,75,67,11,27,9,33,78,70,66,15,39,35,9,18,48,42,85,1.0
2012-13,1610612739,CLE,Cleveland Cavaliers,0021201101,2013-04-01T00:00:00,CLE @ ATL,L,48.0,41,81,0.506,3,12,0.25,9,15,0.6,8,36,44,29,14.0,9,1,3,24,17,94,-8.0,1,31,31,31,3,8,60,6,82,86,73,87,78,91,81,6,30,3,41,24,85,4,61,70,51,58,1.0
2012-13,1610612739,CLE,Cleveland Cavaliers,0021201096,2013-03-31T00:00:00,CLE @ NOH,L,48.0,38,82,0.463,7,18,0.389,9,12,0.75,3,28,31,20,14.0,6,5,5,23,19,92,-20.0,1,31,31,31,3,27,52,27,29,45,34,87,91,49,94,49,89,41,41,68,23,20,56,55,60,89,1.0
2012-13,1610612739,CLE,Cleveland Cavaliers,0021201078,2013-03-29T00:00:00,CLE vs. PHI,L,48.0,37,86,0.43,4,18,0.222,9,15,0.6,11,29,40,24,10.0,6,6,6,15,13,87,-10.0,1,31,31,31,3,33,25,48,72,45,82,87,78,91,49,43,44,14,8,68,13,34,6,91,76,64,1.0
2012-13,1610612739,CLE,Cleveland Cavaliers,0021201060,2013-03-27T00:00:00,CLE vs. BOS,L,48.0,38,86,0.442,7,17,0.412,9,14,0.643,9,37,46,26,19.0,10,6,4,22,15,92,-1.0,1,31,31,31,3,27,25,38,29,53,25,87,86,81,72,4,20,9,81,15,13,9,48,82,60,31,1.0
2012-13,1610612739,CLE,Cleveland Cavaliers,0021201028,2013-03-22T00:00:00,CLE @ HOU,L,48.0,31,86,0.36,4,20,0.2,12,15,0.8,10,22,32,14,15.0,9,3,6,24,18,78,-38.0,1,31,31,31,3,79,25,88,72,34,87,78,78,33,62,81,85,85,50,24,57,34,61,63,88,94,1.0
2012-13,1610612739,CLE,Cleveland Cavaliers,0021201009,2013-03-20T00:00:00,CLE vs. MIA,L,48.0,37,81,0.457,7,21,0.333,14,17,0.824,15,27,42,20,17.0,8,2,6,25,20,95,-3.0,1,31,31,31,3,33,60,31,29,26,47,61,71,24,21,53,38,41,69,39,69,34,69,48,42,38,1.0
2012-13,1610612739,CLE,Cleveland Cavaliers,0021200995,2013-03-18T00:00:00,CLE vs. IND,L,48.0,35,92,0.38,6,24,0.25,14,21,0.667,16,29,45,21,11.0,6,7,9,21,16,90,-21.0,1,31,31,31,3,55,6,79,46,12,73,61,60,71,15,43,24,31,15,68,6,73,42,77,72,91,1.0
2012-13,1610612739,CLE,Cleveland Cavaliers,0021200982,2013-03-16T00:00:00,CLE @ SAS,L,48.0,43,85,0.506,7,15,0.467,20,31,0.645,9,20,29,22,11.0,13,4,7,27,21,113,-6.0,1,31,31,31,3,4,34,7,29,69,11,28,8,80,72,91,94,28,15,3,35,51,82,37,8,50,1.0
2012-13,1610612739,CLE,Cleveland Cavaliers,0021200976,2013-03-15T00:00:00,CLE @ DAL,L,48.0,34,78,0.436,7,16,0.438,11,18,0.611,7,32,39,18,18.0,11,2,6,12,19,86,-10.0,1,31,31,31,3,60,76,42,29,58,16,84,69,90,86,26,53,66,74,7,69,34,1,55,78,64,1.0
2012-13,1610612739,CLE,Cleveland Cavaliers,0021200950,2013-03-12T00:00:00,CLE vs. WAS,W,48.0,34,83,0.41,8,26,0.308,19,25,0.76,14,34,48,24,11.0,8,2,5,25,22,95,5.0,1,1,1,1,3,60,47,62,21,8,57,36,37,47,27,17,13,14,15,39,69,20,69,30,42,17,1.0
2012-13,1610612739,CLE,Cleveland Cavaliers,0021200936,2013-03-10T00:00:00,CLE @ TOR,L,48.0,36,86,0.419,7,21,0.333,17,27,0.63,10,35,45,20,13.0,6,2,5,29,22,96,-4.0,1,31,31,31,3,45,25,54,29,26,47,47,23,87,62,12,24,41,35,68,69,20,89,30,40,42,1.0
2012-13,1610612739,CLE,Cleveland Cavaliers,0021200920,2013-03-08T00:00:00,CLE vs. MEM,L,48.0,33,72,0.458,6,14,0.429,20,26,0.769,7,26,33,19,16.0,5,7,6,17,15,92,-11.0,1,31,31,31,3,69,89,30,46,75,21,28,27,41,86,62,82,51,57,81,6,34,18,82,60,71,1.0
2012-13,1610612739,CLE,Cleveland Cavaliers,0021200900,2013-03-06T00:00:00,CLE vs. UTA,W,48.0,37,90,0.411,7,16,0.438,23,29,0.793,16,33,49,23,12.0,6,12,11,18,23,104,3.0,1,1,1,1,3,33,12,59,29,58,16,11,15,36,15,20,7,24,27,68,1,87,22,24,17,23,1.0
2012-13,1610612739,CLE,Cleveland Cavaliers,0021200889,2013-03-04T00:00:00,CLE vs. NYK,L,48.0,37,73,0.507,6,20,0.3,17,24,0.708,6,25,31,25,15.0,9,2,5,18,18,97,-5.0,1,31,31,31,3,33,86,4,46,34,61,47,41,62,90,68,89,12,50,24,69,20,22,63,37,48,1.0
2012-13,1610612739,CLE,Cleveland Cavaliers,0021200869,2013-03-01T00:00:00,CLE vs. LAC,L,48.0,33,74,0.446,5,16,0.313,18,28,0.643,11,21,32,18,16.0,5,2,9,23,20,89,-16.0,1,31,31,31,3,69,85,36,58,58,53,42,18,81,49,89,85,66,57,81,69,73,56,48,73,83,1.0
2012-13,1610612739,CLE,Cleveland Cavaliers,0021200852,2013-02-27T00:00:00,CLE vs. TOR,W,48.0,34,82,0.415,5,13,0.385,30,32,0.938,13,27,40,26,11.0,7,5,8,19,25,103,11.0,1,1,1,1,3,60,52,57,58,82,35,3,6,3,33,53,44,9,15,54,23,63,30,11,21,7,1.0
2012-13,1610612739,CLE,Cleveland Cavaliers,0021200846,2013-02-26T00:00:00,CLE @ CHI,W,48.0,40,81,0.494,5,17,0.294,16,19,0.842,13,26,39,18,12.0,9,5,8,19,17,101,3.0,1,1,1,1,3,10,60,11,58,53,64,51,66,20,33,62,53,66,27,24,23,63,30,70,25,23,1.0
2012-13,1610612739,CLE,Cleveland Cavaliers,0021200833,2013-02-24T00:00:00,CLE @ MIA,L,48.0,39,78,0.5,8,20,0.4,19,24,0.792,9,26,35,18,11.0,7,4,9,19,17,105,-4.0,1,31,31,31,3,17,76,8,21,34,29,36,41,37,72,62,74,66,15,54,35,73,30,70,14,42,1.0
2012-13,1610612739,CLE,Cleveland Cavaliers,0021200825,2013-02-23T00:00:00,CLE @ ORL,W,48.0,43,87,0.494,9,21,0.429,23,28,0.821,18,29,47,28,11.0,8,4,7,20,20,118,24.0,1,1,1,1,3,4,20,10,12,26,21,11,18,26,6,43,18,4,15,39,35,51,35,48,3,3,1.0
2012-13,1610612739,CLE,Cleveland Cavaliers,0021200800,2013-02-20T00:00:00,CLE vs. NOH,W,48.0,38,77,0.494,5,14,0.357,24,34,0.706,12,22,34,20,8.0,6,3,6,18,28,105,5.0,1,1,1,1,3,27,82,12,58,75,43,8,3,64,44,81,79,41,4,68,57,34,22,4,14,17,1.0
2012-13,1610612739,CLE,Cleveland Cavaliers,0021200776,2013-02-13T00:00:00,CLE vs. SAS,L,48.0,40,97,0.412,2,11,0.182,13,15,0.867,16,32,48,24,11.0,8,4,10,15,15,95,-1.0,1,31,31,31,3,10,2,58,91,90,90,70,78,13,15,26,13,14,15,39,35,83,6,82,42,31,1.0
2012-13,1610612739,CLE,Cleveland Cavaliers,0021200763,2013-02-11T00:00:00,CLE vs. MIN,L,48.0,40,79,0.506,5,18,0.278,7,11,0.636,9,22,31,24,20.0,12,7,6,15,17,92,-8.0,1,31,31,31,3,10,71,5,58,45,70,93,93,84,72,81,89,14,86,4,6,34,6,70,60,58,1.0
2012-13,1610612739,CLE,Cleveland Cavaliers,0021200747,2013-02-09T00:00:00,CLE vs. DEN,L,48.0,37,84,0.44,9,20,0.45,20,26,0.769,11,27,38,24,16.0,9,5,8,23,21,103,-8.0,1,31,31,31,3,33,42,39,12,34,13,28,27,41,49,53,64,14,57,24,23,63,56,37,21,58,1.0
2012-13,1610612739,CLE,Cleveland Cavaliers,0021200740,2013-02-08T00:00:00,CLE vs. ORL,W,48.0,39,80,0.488,7,14,0.5,34,41,0.829,7,25,32,23,6.0,10,3,7,15,26,119,11.0,1,1,1,1,3,17,66,16,29,75,4,2,2,22,86,68,85,24,1,15,57,51,6,9,2,7,1.0
2012-13,1610612739,CLE,Cleveland Cavaliers,0021200724,2013-02-06T00:00:00,CLE vs. CHA,W,48.0,52,92,0.565,9,24,0.375,9,13,0.692,10,35,45,33,6.0,6,5,5,20,10,122,27.0,1,1,1,1,3,1,6,1,12,12,38,87,90,68,62,12,24,1,1,68,23,20,35,94,1,2,1.0
2012-13,1610612739,CLE,Cleveland Cavaliers,0021200698,2013-02-02T00:00:00,CLE vs. OKC,W,48.0,43,90,0.478,9,18,0.5,20,23,0.87,14,30,44,27,13.0,9,2,11,16,20,115,5.0,1,1,1,1,3,4,12,22,12,45,4,28,47,12,27,34,30,6,35,24,69,87,12,48,6,17,1.0
2012-13,1610612739,CLE,Cleveland Cavaliers,0021200690,2013-02-01T00:00:00,CLE @ DET,L,48.0,35,88,0.398,6,20,0.3,23,26,0.885,13,29,42,19,15.0,5,6,11,33,21,99,-18.0,1,31,31,31,3,55,17,72,46,34,61,11,27,9,33,43,38,51,50,81,13,87,94,37,29,85,1.0
2012-13,1610612739,CLE,Cleveland Cavaliers,0021200666,2013-01-29T00:00:00,CLE vs. GSW,L,48.0,36,84,0.429,4,18,0.222,19,25,0.76,12,24,36,27,12.0,8,4,9,13,23,95,-13.0,1,31,31,31,3,45,42,49,72,45,82,36,37,47,44,75,70,6,27,39,35,73,3,24,42,74,1.0
2012-13,1610612739,CLE,Cleveland Cavaliers,0021200642,2013-01-26T00:00:00,CLE @ TOR,W,48.0,37,78,0.474,6,11,0.545,19,22,0.864,10,29,39,12,15.0,8,4,4,22,23,99,1.0,1,1,1,1,3,33,76,23,46,90,2,36,51,15,62,43,53,89,50,39,35,9,48,24,29,30,1.0
2012-13,1610612739,CLE,Cleveland Cavaliers,0021200635,2013-01-25T00:00:00,CLE vs. MIL,W,48.0,45,86,0.523,6,15,0.4,17,22,0.773,8,36,44,27,16.0,10,5,6,17,20,113,5.0,1,1,1,1,3,2,25,2,46,69,29,47,51,40,81,6,30,6,57,15,23,34,18,48,8,17,1.0
2012-13,1610612739,CLE,Cleveland Cavaliers,0021200614,2013-01-22T00:00:00,CLE vs. BOS,W,48.0,37,82,0.451,2,12,0.167,19,22,0.864,8,31,39,28,13.0,7,7,8,22,18,95,5.0,1,1,1,1,3,33,52,35,91,86,91,36,51,15,81,28,53,4,35,54,6,63,48,63,42,17,1.0
2012-13,1610612739,CLE,Cleveland Cavaliers,0021200598,2013-01-19T00:00:00,CLE @ UTA,L,48.0,34,83,0.41,6,21,0.286,24,30,0.8,12,28,40,20,10.0,3,6,5,18,24,98,-11.0,1,31,31,31,3,60,47,62,46,26,67,8,11,33,44,49,44,41,8,89,13,20,22,16,34,71,1.0
2012-13,1610612739,CLE,Cleveland Cavaliers,0021200578,2013-01-16T00:00:00,CLE @ POR,W,48.0,32,83,0.386,4,17,0.235,25,32,0.781,10,30,40,16,8.0,11,4,7,16,25,93,5.0,1,1,1,1,3,73,47,76,72,53,79,4,6,39,62,34,44,77,4,7,35,51,12,11,58,17,1.0
2012-13,1610612739,CLE,Cleveland Cavaliers,0021200563,2013-01-14T00:00:00,CLE @ SAC,L,48.0,44,92,0.478,8,16,0.5,22,30,0.733,19,19,38,18,10.0,6,5,7,24,28,118,-6.0,1,31,31,31,3,3,6,21,21,58,4,16,11,53,5,93,64,66,8,68,23,51,61,4,3,50,1.0
2012-13,1610612739,CLE,Cleveland Cavaliers,0021200555,2013-01-13T00:00:00,CLE @ LAL,L,48.0,39,95,0.411,4,21,0.19,11,12,0.917,17,22,39,24,16.0,10,2,5,21,13,93,-20.0,1,31,31,31,3,17,4,61,72,26,89,84,91,6,11,81,53,14,57,15,69,20,42,91,58,89,1.0
2012-13,1610612739,CLE,Cleveland Cavaliers,0021200538,2013-01-11T00:00:00,CLE @ DEN,L,48.0,37,85,0.435,5,24,0.208,12,16,0.75,10,25,35,12,15.0,14,4,7,30,21,91,-7.0,1,31,31,31,3,33,34,43,58,12,86,78,76,49,62,68,74,89,50,2,35,51,92,37,66,53,1.0
2012-13,1610612739,CLE,Cleveland Cavaliers,0021200518,2013-01-09T00:00:00,CLE vs. ATL,W,48.0,37,81,0.457,12,23,0.522,13,20,0.65,12,33,45,25,10.0,10,3,7,13,17,99,16.0,1,1,1,1,3,33,60,31,5,17,3,70,63,79,44,20,24,12,8,15,57,51,3,70,29,4,1.0
2012-13,1610612739,CLE,Cleveland Cavaliers,0021200506,2013-01-07T00:00:00,CLE @ CHI,L,48.0,33,78,0.423,7,14,0.5,19,23,0.826,11,20,31,19,16.0,8,5,9,24,21,92,-26.0,1,31,31,31,3,69,76,53,29,75,4,36,47,23,49,91,89,51,57,39,23,73,61,37,60,92,0.0
2012-13,1610612739,CLE,Cleveland Cavaliers,0021200493,2013-01-05T00:00:00,CLE vs. HOU,L,48.0,36,91,0.396,7,23,0.304,25,28,0.893,17,27,44,20,14.0,11,3,4,25,23,104,-8.0,1,31,31,31,3,45,10,73,29,17,59,4,18,7,11,53,30,41,41,7,57,9,69,24,17,58,1.0
2012-13,1610612739,CLE,Cleveland Cavaliers,0021200480,2013-01-04T00:00:00,CLE @ CHA,W,48.0,39,78,0.5,7,16,0.438,21,29,0.724,6,34,40,23,13.0,9,10,3,22,24,106,2.0,1,1,1,1,3,17,76,8,29,58,16,23,15,58,90,17,44,24,35,24,2,4,48,16,13,28,1.0
2012-13,1610612739,CLE,Cleveland Cavaliers,0021200466,2013-01-02T00:00:00,CLE vs. SAC,L,48.0,34,87,0.391,5,21,0.238,21,24,0.875,15,35,50,19,14.0,2,4,6,20,19,94,-3.0,1,31,31,31,3,60,20,75,58,26,78,23,41,11,21,12,6,51,41,94,35,34,35,55,51,38,1.0
2012-13,1610612739,CLE,Cleveland Cavaliers,0021200440,2012-12-29T00:00:00,CLE @ BKN,L,48.0,38,82,0.463,9,20,0.45,15,19,0.789,13,27,40,21,18.0,7,2,4,24,16,100,-3.0,1,31,31,31,3,27,52,27,12,34,13,56,66,38,33,53,44,31,74,54,69,9,61,77,27,38,1.0
2012-13,1610612739,CLE,Cleveland Cavaliers,0021200429,2012-12-28T00:00:00,CLE vs. ATL,L,48.0,36,86,0.419,8,21,0.381,14,14,1.0,10,30,40,19,11.0,11,4,11,16,15,94,-8.0,1,31,31,31,3,45,25,54,21,26,37,61,86,1,62,34,44,51,15,7,35,87,12,82,51,58,1.0
2012-13,1610612739,CLE,Cleveland Cavaliers,0021200410,2012-12-26T00:00:00,CLE @ WAS,W,48.0,31,82,0.378,10,27,0.37,15,23,0.652,12,26,38,20,10.0,9,3,6,16,21,87,3.0,1,1,1,1,3,79,52,80,9,5,42,56,47,78,44,62,64,41,8,24,57,34,12,37,76,23,1.0
2012-13,1610612739,CLE,Cleveland Cavaliers,0021200395,2012-12-22T00:00:00,CLE @ MIL,W,48.0,38,88,0.432,5,17,0.294,13,16,0.813,11,37,48,16,12.0,7,3,7,26,15,94,12.0,1,1,1,1,3,27,17,46,58,53,64,70,76,30,49,4,13,77,27,54,57,51,76,82,51,6,1.0
2012-13,1610612739,CLE,Cleveland Cavaliers,0021200385,2012-12-21T00:00:00,CLE vs. IND,L,48.0,32,80,0.4,5,16,0.313,20,26,0.769,6,30,36,19,17.0,4,6,5,22,21,89,-10.0,1,31,31,31,3,73,66,70,58,58,53,28,27,41,90,34,70,51,69,88,13,20,48,37,73,64,1.0
2012-13,1610612739,CLE,Cleveland Cavaliers,0021200370,2012-12-19T00:00:00,CLE @ BOS,L,48.0,36,88,0.409,5,18,0.278,14,21,0.667,13,22,35,16,9.0,7,2,7,22,24,91,-12.0,1,31,31,31,3,45,17,65,58,45,70,61,60,71,33,81,74,77,6,54,69,51,48,16,66,73,1.0
2012-13,1610612739,CLE,Cleveland Cavaliers,0021200357,2012-12-18T00:00:00,CLE vs. TOR,L,48.0,36,70,0.514,7,16,0.438,20,30,0.667,11,22,33,19,16.0,6,7,2,26,24,99,-14.0,1,31,31,31,3,45,90,3,29,58,16,28,11,71,49,81,82,51,57,68,6,2,76,16,29,78,1.0
2012-13,1610612739,CLE,Cleveland Cavaliers,0021200338,2012-12-15T00:00:00,CLE @ NYK,L,48.0,40,82,0.488,9,24,0.375,13,17,0.765,9,36,45,15,12.0,5,0,6,23,18,102,-1.0,1,31,31,31,3,10,52,14,12,12,38,70,71,45,72,6,24,82,27,81,89,34,56,63,23,31,1.0
2012-13,1610612739,CLE,Cleveland Cavaliers,0021200329,2012-12-14T00:00:00,CLE vs. MIL,L,48.0,32,81,0.395,9,18,0.5,13,14,0.929,15,31,46,21,27.0,11,4,7,22,18,86,-4.0,1,31,31,31,3,73,60,74,12,45,4,70,86,5,21,28,20,31,94,7,35,51,48,63,78,42,1.0
2012-13,1610612739,CLE,Cleveland Cavaliers,0021200311,2012-12-12T00:00:00,CLE @ IND,L,48.0,27,81,0.333,9,22,0.409,18,25,0.72,13,27,40,19,12.0,7,6,8,28,21,81,-15.0,1,31,31,31,3,90,60,94,12,23,27,42,37,59,33,53,44,51,27,54,13,63,85,37,84,81,1.0
2012-13,1610612739,CLE,Cleveland Cavaliers,0021200305,2012-12-11T00:00:00,CLE vs. LAL,W,48.0,37,84,0.44,11,27,0.407,15,26,0.577,8,35,43,24,14.0,8,4,3,26,22,100,6.0,1,1,1,1,3,33,42,39,6,5,28,56,27,93,81,12,35,14,41,39,35,4,76,30,27,12,1.0
2012-13,1610612739,CLE,Cleveland Cavaliers,0021200287,2012-12-08T00:00:00,CLE vs. DET,L,48.0,39,91,0.429,6,27,0.222,13,17,0.765,20,26,46,19,14.0,3,8,5,27,22,97,-7.0,1,31,31,31,3,17,10,49,46,5,82,70,71,45,1,62,20,51,41,89,3,20,82,30,37,53,1.0
2012-13,1610612739,CLE,Cleveland Cavaliers,0021200276,2012-12-07T00:00:00,CLE @ MIN,L,48.0,30,87,0.345,7,24,0.292,6,9,0.667,11,30,41,15,20.0,15,2,8,24,17,73,-18.0,1,31,31,31,3,84,20,92,29,12,66,94,94,71,49,34,41,82,86,1,69,63,61,70,92,85,1.0
2012-13,1610612739,CLE,Cleveland Cavaliers,0021200262,2012-12-05T00:00:00,CLE vs. CHI,L,48.0,31,85,0.365,5,16,0.313,18,25,0.72,14,27,41,15,10.0,8,2,6,18,24,85,-10.0,1,31,31,31,3,79,34,86,58,58,53,42,37,59,27,53,41,82,8,39,69,34,22,16,82,64,1.0
2012-13,1610612739,CLE,Cleveland Cavaliers,0021200246,2012-12-03T00:00:00,CLE @ DET,L,48.0,32,95,0.337,3,20,0.15,12,17,0.706,20,33,53,19,11.0,7,5,13,20,16,79,-10.0,1,31,31,31,3,73,4,93,82,34,92,78,71,64,1,20,4,51,15,54,23,92,35,77,86,64,1.0
2012-13,1610612739,CLE,Cleveland Cavaliers,0021200234,2012-12-01T00:00:00,CLE vs. POR,L,58.0,43,99,0.434,13,35,0.371,18,22,0.818,15,33,48,32,18.0,6,4,9,21,21,117,-1.0,1,31,31,31,1,4,1,45,3,1,41,42,51,27,21,20,13,2,74,68,35,73,42,37,5,31,1.0
2012-13,1610612739,CLE,Cleveland Cavaliers,0021200227,2012-11-30T00:00:00,CLE @ ATL,W,48.0,41,85,0.482,10,23,0.435,21,22,0.955,18,31,49,21,19.0,8,3,5,25,18,113,2.0,1,1,1,1,3,8,34,19,9,17,20,23,51,2,6,28,7,31,81,39,57,20,69,63,8,28,1.0
2012-13,1610612739,CLE,Cleveland Cavaliers,0021200205,2012-11-27T00:00:00,CLE vs. PHX,L,48.0,30,84,0.357,2,15,0.133,16,22,0.727,14,31,45,21,19.0,9,4,8,21,19,78,-13.0,1,31,31,31,3,84,42,90,91,69,93,51,51,55,27,28,24,31,81,24,35,63,42,55,88,74,1.0
2012-13,1610612739,CLE,Cleveland Cavaliers,0021200200,2012-11-26T00:00:00,CLE @ MEM,L,48.0,31,76,0.408,4,16,0.25,12,15,0.8,14,27,41,12,18.0,10,5,5,23,15,78,-6.0,1,31,31,31,3,79,84,66,72,58,73,78,78,33,27,53,41,89,74,15,23,20,56,82,88,50,1.0
2012-13,1610612739,CLE,Cleveland Cavaliers,0021200186,2012-11-24T00:00:00,CLE @ MIA,L,48.0,35,79,0.443,14,31,0.452,24,33,0.727,10,22,32,21,11.0,9,0,5,29,25,108,-2.0,1,31,31,31,3,55,71,37,1,3,12,8,5,55,62,81,85,31,15,24,89,20,89,11,11,36,1.0
2012-13,1610612739,CLE,Cleveland Cavaliers,0021200172,2012-11-23T00:00:00,CLE @ ORL,L,48.0,37,87,0.425,8,26,0.308,22,30,0.733,17,21,38,19,13.0,8,1,3,24,30,104,-4.0,1,31,31,31,3,33,20,52,21,8,57,16,11,53,11,89,64,51,35,39,85,4,61,2,17,42,1.0
2012-13,1610612739,CLE,Cleveland Cavaliers,0021200159,2012-11-21T00:00:00,CLE vs. PHI,W,48.0,35,86,0.407,13,23,0.565,9,14,0.643,15,40,55,17,18.0,3,6,11,14,16,92,9.0,1,1,1,1,3,55,25,67,3,17,1,87,86,81,21,2,2,74,74,89,13,87,5,77,60,10,1.0
2012-13,1610612739,CLE,Cleveland Cavaliers,0021200141,2012-11-18T00:00:00,CLE @ PHI,L,48.0,30,84,0.357,5,20,0.25,14,15,0.933,18,30,48,14,16.0,6,4,9,16,15,79,-7.0,1,31,31,31,3,84,42,90,58,34,73,61,78,4,6,34,13,85,57,68,35,73,12,82,86,53,1.0
2012-13,1610612739,CLE,Cleveland Cavaliers,0021200135,2012-11-17T00:00:00,CLE vs. DAL,L,48.0,36,96,0.375,8,25,0.32,15,20,0.75,13,25,38,21,11.0,12,4,14,15,19,95,-8.0,1,31,31,31,3,45,3,81,21,10,51,56,63,49,33,68,64,31,15,4,35,94,6,55,42,58,1.0
2012-13,1610612739,CLE,Cleveland Cavaliers,0021200106,2012-11-13T00:00:00,CLE @ BKN,L,48.0,38,87,0.437,3,14,0.214,22,26,0.846,16,19,35,16,12.0,10,0,10,26,23,101,-13.0,1,31,31,31,3,27,20,41,82,75,85,16,27,17,15,93,74,77,27,15,89,83,76,24,25,74,1.0
2012-13,1610612739,CLE,Cleveland Cavaliers,0021200093,2012-11-11T00:00:00,CLE @ OKC,L,48.0,34,83,0.41,7,23,0.304,16,23,0.696,10,26,36,19,15.0,11,0,10,19,22,91,-15.0,1,31,31,31,3,60,47,62,29,17,59,51,47,67,62,62,70,51,50,7,89,83,30,30,66,81,1.0
2012-13,1610612739,CLE,Cleveland Cavaliers,0021200077,2012-11-09T00:00:00,CLE @ PHX,L,48.0,37,77,0.481,9,21,0.429,22,27,0.815,9,30,39,19,21.0,11,4,6,25,19,105,-2.0,1,31,31,31,3,33,82,20,12,26,21,16,23,28,72,34,53,51,89,7,35,34,69,55,14,36,1.0
2012-13,1610612739,CLE,Cleveland Cavaliers,0021200065,2012-11-07T00:00:00,CLE @ GSW,L,48.0,36,86,0.419,11,32,0.344,13,21,0.619,11,28,39,20,16.0,7,1,4,26,22,96,-10.0,1,31,31,31,3,45,25,54,6,2,46,70,60,89,49,49,53,41,57,54,85,9,76,30,40,64,1.0
2012-13,1610612739,CLE,Cleveland Cavaliers,0021200049,2012-11-05T00:00:00,CLE @ LAC,W,48.0,40,92,0.435,14,29,0.483,14,22,0.636,18,25,43,24,19.0,12,2,13,18,24,108,7.0,1,1,1,1,3,10,6,44,1,4,10,61,51,84,6,68,35,14,81,4,69,92,22,16,11,11,1.0
2012-13,1610612739,CLE,Cleveland Cavaliers,0021200033,2012-11-03T00:00:00,CLE @ MIL,L,48.0,39,83,0.47,6,16,0.375,18,29,0.621,9,33,42,19,16.0,9,0,9,21,18,102,-3.0,1,31,31,31,3,17,47,25,46,58,38,42,15,88,72,20,38,51,57,24,89,73,42,63,23,38,1.0
2012-13,1610612739,CLE,Cleveland Cavaliers,0021200019,2012-11-02T00:00:00,CLE vs. CHI,L,48.0,32,79,0.405,8,20,0.4,14,27,0.519,11,22,33,23,17.0,7,1,4,25,21,86,-29.0,1,31,31,31,3,73,71,68,21,34,29,61,23,94,49,81,82,24,69,54,85,9,69,37,78,93,1.0
2012-13,1610612739,CLE,Cleveland Cavaliers,0021200001,2012-10-30T00:00:00,CLE vs. WAS,W,48.0,36,79,0.456,7,20,0.35,15,22,0.682,18,36,54,22,21.0,7,5,10,21,19,94,10.0,1,1,1,1,3,45,71,33,29,34,44,56,51,69,6,6,3,28,89,54,23,83,42,55,51,9,1.0
2012-13,1610612739,CLE,Cleveland Cavaliers,0011200096,2012-10-23T00:00:00,CLE vs. IND,L,48.0,27,73,0.37,3,13,0.231,25,31,0.806,9,30,39,13,17.0,10,2,6,26,25,82,-18.0,1,31,31,31,3,90,86,85,82,82,80,4,8,32,72,34,53,87,69,15,69,34,76,11,83,85,
2012-13,1610612739,CLE,Cleveland Cavaliers,0011200061,2012-10-17T00:00:00,CLE @ PHI,L,48.0,35,82,0.427,7,22,0.318,22,31,0.71,8,31,39,21,15.0,9,4,6,17,22,99,-14.0,1,31,31,31,3,55,52,51,29,23,52,16,8,61,81,28,53,31,50,24,35,34,18,30,29,78,
2012-13,1610612739,CLE,Cleveland Cavaliers,0011200047,2012-10-15T00:00:00,CLE vs. ORL,W,53.0,40,85,0.471,11,25,0.44,23,34,0.676,11,38,49,26,16.0,8,2,6,19,29,114,3.0,1,1,1,1,2,10,34,24,6,10,15,11,3,70,49,3,7,9,57,39,69,34,30,3,7,23,
2012-13,1610612739,CLE,Cleveland Cavaliers,0011200040,2012-10-13T00:00:00,CLE vs. WAS,L,48.0,34,85,0.4,6,18,0.333,21,28,0.75,20,24,44,20,18.0,8,6,4,25,26,95,-4.0,1,31,31,31,3,60,34,70,46,45,47,23,18,49,1,75,30,41,74,39,13,9,69,9,42,42,
2012-13,1610612739,CLE,Cleveland Cavaliers,0011200032,2012-10-12T00:00:00,CLE @ CHI,W,48.0,30,73,0.411,10,20,0.5,16,24,0.667,10,24,34,17,25.0,10,3,9,28,28,86,3.0,1,1,1,1,3,84,86,60,9,34,4,51,41,71,62,75,79,74,93,15,57,73,85,4,78,23,
2012-13,1610612739,CLE,Cleveland Cavaliers,0011200014,2012-10-09T00:00:00,CLE vs. MIL,L,48.0,30,78,0.385,6,15,0.4,14,20,0.7,11,29,40,19,22.0,9,4,8,20,16,80,-17.0,1,31,31,31,3,84,76,77,46,69,29,61,63,66,49,43,44,51,91,24,35,63,35,77,85,84,
2012-13,1610612739,CLE,Cleveland Cavaliers,0011200012,2012-10-08T00:00:00,CLE vs. MPS,W,48.0,33,67,0.493,3,7,0.429,22,27,0.815,9,34,43,18,20.0,11,4,4,20,24,91,6.0,1,1,1,1,3,69,91,13,82,94,21,16,23,28,72,17,35,66,86,7,35,9,35,16,66,12,
2012-13,1610612741,CHI,Chicago Bulls,0041200205,2013-05-15T00:00:00,CHI @ MIA,L,48.0,33,75,0.44,8,19,0.421,17,24,0.708,15,25,40,14,16.0,5,5,5,21,24,91,-3.0,1,57,57,57,8,66,80,48,16,21,24,45,38,74,22,93,73,98,66,81,42,38,63,18,62,61,1.0
2012-13,1610612741,CHI,Chicago Bulls,0041200204,2013-05-13T00:00:00,CHI vs. MIA,L,48.0,19,74,0.257,2,17,0.118,25,32,0.781,19,27,46,12,17.0,10,3,9,19,23,65,-23.0,1,57,57,57,8,105,89,105,89,32,102,9,14,44,6,74,30,102,77,10,75,89,41,29,105,100,1.0
2012-13,1610612741,CHI,Chicago Bulls,0041200203,2013-05-10T00:00:00,CHI vs. MIA,L,48.0,35,77,0.455,7,22,0.318,17,25,0.68,11,26,37,21,11.0,7,4,4,30,20,94,-10.0,1,57,57,57,8,49,71,38,25,8,64,45,31,86,66,82,86,54,18,42,58,23,101,47,43,85,1.0
2012-13,1610612741,CHI,Chicago Bulls,0041200202,2013-05-08T00:00:00,CHI @ MIA,L,48.0,27,76,0.355,9,23,0.391,15,21,0.714,12,16,28,17,19.0,8,0,5,27,24,78,-37.0,1,57,57,57,8,98,75,97,9,5,36,60,52,71,54,106,106,89,91,30,105,38,97,18,93,104,1.0
2012-13,1610612741,CHI,Chicago Bulls,0041200201,2013-05-06T00:00:00,CHI @ MIA,W,48.0,31,71,0.437,7,18,0.389,24,29,0.828,9,37,46,20,16.0,5,3,8,20,24,93,7.0,1,1,1,1,8,82,97,52,25,25,37,16,21,28,84,8,30,66,66,81,75,80,51,18,46,23,1.0
2012-13,1610612741,CHI,Chicago Bulls,0041200137,2013-05-04T00:00:00,CHI @ BKN,W,48.0,40,82,0.488,7,21,0.333,12,13,0.923,13,27,40,20,9.0,6,7,4,14,16,99,6.0,1,1,1,1,8,13,41,18,25,10,55,82,95,6,43,74,73,66,7,62,15,23,4,87,23,32,1.0
2012-13,1610612741,CHI,Chicago Bulls,0041200136,2013-05-02T00:00:00,CHI vs. BKN,L,48.0,36,89,0.404,7,18,0.389,13,18,0.722,15,31,46,23,16.0,4,7,2,26,18,92,-3.0,1,57,57,57,8,42,11,74,25,25,37,71,71,65,22,49,30,38,66,94,15,5,94,71,56,61,1.0
2012-13,1610612741,CHI,Chicago Bulls,0041200135,2013-04-29T00:00:00,CHI @ BKN,L,48.0,37,75,0.493,4,12,0.333,13,18,0.722,11,22,33,20,13.0,8,4,2,20,19,91,-19.0,1,57,57,57,8,32,80,14,54,74,55,71,71,65,66,102,100,66,31,30,58,5,51,55,62,97,0.0
2012-13,1610612741,CHI,Chicago Bulls,0041200134,2013-04-27T00:00:00,CHI vs. BKN,W,63.0,58,109,0.532,6,19,0.316,20,29,0.69,9,37,46,34,15.0,8,7,10,35,27,142,8.0,1,1,1,1,1,1,1,5,33,21,65,31,21,82,84,8,30,2,50,30,15,96,105,9,1,19,1.0
2012-13,1610612741,CHI,Chicago Bulls,0041200133,2013-04-25T00:00:00,CHI vs. BKN,W,48.0,31,78,0.397,3,15,0.2,14,21,0.667,9,39,48,17,15.0,6,3,11,15,19,79,3.0,1,1,1,1,8,82,62,78,76,47,89,64,52,88,84,4,21,89,50,62,75,100,9,55,91,44,1.0
2012-13,1610612741,CHI,Chicago Bulls,0041200132,2013-04-22T00:00:00,CHI @ BKN,W,48.0,37,77,0.481,3,12,0.25,13,23,0.565,9,35,44,21,14.0,6,7,5,25,19,90,8.0,1,1,1,1,8,32,71,19,76,74,74,71,44,105,84,18,49,54,41,62,15,38,88,55,65,19,1.0
2012-13,1610612741,CHI,Chicago Bulls,0041200131,2013-04-20T00:00:00,CHI @ BKN,L,48.0,36,76,0.474,2,8,0.25,15,22,0.682,9,26,35,15,10.0,4,5,5,17,21,89,-17.0,1,57,57,57,8,42,75,25,89,103,74,60,45,85,84,82,90,95,14,94,42,38,25,40,66,94,1.0
2012-13,1610612741,CHI,Chicago Bulls,0021201222,2013-04-17T00:00:00,CHI vs. WAS,W,48.0,37,78,0.474,7,18,0.389,14,19,0.737,12,33,45,26,15.0,5,2,5,22,17,95,3.0,1,1,1,1,8,32,62,23,25,25,37,64,65,62,54,31,42,18,50,81,90,38,74,79,38,44,1.0
2012-13,1610612741,CHI,Chicago Bulls,0021201203,2013-04-15T00:00:00,CHI @ ORL,W,48.0,42,75,0.56,9,17,0.529,9,13,0.692,8,27,35,33,16.0,6,4,6,25,14,102,18.0,1,1,1,1,8,9,80,3,9,32,8,99,95,80,94,74,90,5,66,62,58,62,88,99,16,6,1.0
2012-13,1610612741,CHI,Chicago Bulls,0021201194,2013-04-14T00:00:00,CHI @ MIA,L,48.0,29,82,0.354,11,26,0.423,24,31,0.774,11,34,45,16,14.0,7,1,8,30,27,93,-12.0,1,57,57,57,8,91,41,98,2,3,23,16,17,46,66,23,42,94,41,42,98,80,101,9,46,89,1.0
2012-13,1610612741,CHI,Chicago Bulls,0021201176,2013-04-12T00:00:00,CHI @ TOR,L,48.0,34,77,0.442,9,18,0.5,11,14,0.786,10,29,39,22,18.0,6,1,7,24,13,88,-9.0,1,57,57,57,8,57,71,47,9,25,10,89,91,43,75,59,79,45,86,62,98,72,84,103,73,81,1.0
2012-13,1610612741,CHI,Chicago Bulls,0021201174,2013-04-11T00:00:00,CHI vs. NYK,W,53.0,39,87,0.448,10,27,0.37,30,37,0.811,10,43,53,23,9.0,7,9,5,21,28,118,7.0,1,1,1,1,2,16,22,43,3,1,44,1,3,35,75,2,4,38,7,42,8,38,63,4,2,23,1.0
2012-13,1610612741,CHI,Chicago Bulls,0021201158,2013-04-09T00:00:00,CHI vs. TOR,L,48.0,37,86,0.43,10,17,0.588,14,20,0.7,13,27,40,24,10.0,3,2,3,21,21,98,-3.0,1,57,57,57,8,32,25,60,3,32,3,64,58,78,43,74,73,31,14,104,90,13,63,40,25,61,1.0
2012-13,1610612741,CHI,Chicago Bulls,0021201150,2013-04-07T00:00:00,CHI @ DET,L,48.0,33,73,0.452,3,15,0.2,16,25,0.64,8,25,33,20,11.0,7,5,2,18,23,85,-14.0,1,57,57,57,8,66,93,40,76,47,89,52,31,96,94,93,100,66,18,42,42,5,32,29,80,91,1.0
2012-13,1610612741,CHI,Chicago Bulls,0021201131,2013-04-05T00:00:00,CHI vs. ORL,W,48.0,33,82,0.402,8,20,0.4,13,14,0.929,9,28,37,19,12.0,10,6,7,12,15,87,1.0,1,1,1,1,8,66,41,75,16,15,29,71,91,5,84,68,86,74,24,10,26,72,1,96,75,52,1.0
2012-13,1610612741,CHI,Chicago Bulls,0021201123,2013-04-04T00:00:00,CHI @ BKN,W,48.0,38,82,0.463,4,11,0.364,12,19,0.632,13,33,46,21,13.0,5,4,3,28,19,92,2.0,1,1,1,1,8,25,41,33,54,82,46,82,65,100,43,31,30,54,31,81,58,13,99,55,56,49,1.0
2012-13,1610612741,CHI,Chicago Bulls,0021201108,2013-04-02T00:00:00,CHI @ WAS,L,48.0,35,89,0.393,5,23,0.217,11,16,0.688,12,33,45,21,7.0,6,2,4,20,14,86,-4.0,1,57,57,57,8,49,11,80,40,5,85,89,87,84,54,31,42,54,2,62,90,23,51,99,79,67,1.0
2012-13,1610612741,CHI,Chicago Bulls,0021201097,2013-03-31T00:00:00,CHI vs. DET,W,48.0,30,76,0.395,8,23,0.348,27,40,0.675,10,27,37,19,9.0,10,4,5,18,23,95,1.0,1,1,1,1,8,86,75,79,16,5,54,4,1,87,75,74,86,74,7,10,58,38,32,29,38,52,1.0
2012-13,1610612741,CHI,Chicago Bulls,0021201085,2013-03-30T00:00:00,CHI @ DAL,L,48.0,38,80,0.475,12,21,0.571,10,18,0.556,11,28,39,24,13.0,6,4,9,14,17,98,-2.0,1,57,57,57,8,25,52,22,1,10,4,96,71,106,66,68,79,31,31,62,58,89,4,79,25,59,1.0
2012-13,1610612741,CHI,Chicago Bulls,0021201062,2013-03-27T00:00:00,CHI vs. MIA,W,48.0,40,85,0.471,8,22,0.364,13,18,0.722,12,31,43,27,20.0,9,3,12,18,17,101,4.0,1,1,1,1,8,13,29,27,16,8,46,71,71,65,54,49,53,14,97,23,75,104,32,79,17,39,1.0
2012-13,1610612741,CHI,Chicago Bulls,0021201044,2013-03-24T00:00:00,CHI @ MIN,W,48.0,41,89,0.461,10,26,0.385,12,17,0.706,20,32,52,25,15.0,7,3,4,16,19,104,7.0,1,1,1,1,8,11,11,34,3,3,41,82,84,76,4,40,9,25,50,42,75,23,15,55,13,23,1.0
2012-13,1610612741,CHI,Chicago Bulls,0021201035,2013-03-23T00:00:00,CHI vs. IND,W,48.0,35,81,0.432,3,11,0.273,14,22,0.636,12,34,46,21,10.0,4,5,5,22,20,87,3.0,1,1,1,1,8,49,48,58,76,82,70,64,45,98,54,23,30,54,14,94,42,38,74,47,75,44,1.0
2012-13,1610612741,CHI,Chicago Bulls,0021201019,2013-03-21T00:00:00,CHI vs. POR,L,48.0,39,89,0.438,4,14,0.286,7,11,0.636,9,32,41,30,8.0,8,4,5,16,16,89,-10.0,1,57,57,57,8,16,11,50,54,54,69,105,103,98,84,40,65,7,4,30,58,38,15,87,66,85,1.0
2012-13,1610612741,CHI,Chicago Bulls,0021200999,2013-03-18T00:00:00,CHI vs. DEN,L,53.0,47,96,0.49,8,21,0.381,16,19,0.842,12,30,42,29,14.0,7,11,5,21,19,118,-1.0,1,57,57,57,2,2,2,17,16,10,43,52,65,24,54,55,61,9,41,42,4,38,63,55,2,57,1.0
2012-13,1610612741,CHI,Chicago Bulls,0021200978,2013-03-15T00:00:00,CHI @ GSW,W,48.0,43,83,0.518,8,16,0.5,19,22,0.864,11,32,43,28,16.0,8,0,7,22,17,113,18.0,1,1,1,1,8,7,35,8,16,39,10,36,45,18,66,40,53,10,66,30,105,72,74,79,6,6,1.0
2012-13,1610612741,CHI,Chicago Bulls,0021200963,2013-03-13T00:00:00,CHI @ SAC,L,48.0,32,83,0.386,2,21,0.095,13,15,0.867,12,27,39,19,17.0,2,3,3,19,16,79,-42.0,1,57,57,57,8,76,35,83,89,10,103,71,89,17,54,74,79,74,77,106,75,13,41,87,91,105,1.0
2012-13,1610612741,CHI,Chicago Bulls,0021200935,2013-03-10T00:00:00,CHI @ LAL,L,48.0,33,89,0.371,4,16,0.25,11,12,0.917,18,28,46,17,13.0,8,4,9,17,16,81,-9.0,1,57,57,57,8,66,11,88,54,39,74,89,99,8,9,68,30,89,31,30,58,89,25,87,87,81,1.0
2012-13,1610612741,CHI,Chicago Bulls,0021200922,2013-03-08T00:00:00,CHI vs. UTA,W,48.0,30,81,0.37,4,17,0.235,25,30,0.833,21,29,50,19,13.0,8,1,11,16,22,89,1.0,1,1,1,1,8,86,48,89,54,32,81,9,19,26,2,59,11,74,31,30,98,100,15,33,66,52,1.0
2012-13,1610612741,CHI,Chicago Bulls,0021200909,2013-03-06T00:00:00,CHI @ SAS,L,48.0,33,90,0.367,9,20,0.45,8,8,1.0,14,27,41,23,8.0,9,5,7,15,9,83,-18.0,1,57,57,57,8,66,10,91,9,15,17,103,105,1,34,74,65,38,4,23,42,72,9,105,82,96,1.0
2012-13,1610612741,CHI,Chicago Bulls,0021200887,2013-03-03T00:00:00,CHI @ IND,L,48.0,35,81,0.432,8,19,0.421,14,18,0.778,8,26,34,25,13.0,9,5,6,27,21,92,-5.0,1,57,57,57,8,49,48,58,16,21,24,64,71,45,94,82,95,25,31,23,42,62,97,40,56,71,1.0
2012-13,1610612741,CHI,Chicago Bulls,0021200877,2013-03-02T00:00:00,CHI vs. BKN,W,48.0,38,73,0.521,6,15,0.4,14,14,1.0,6,28,34,25,19.0,11,7,4,24,20,96,11.0,1,1,1,1,8,25,93,7,33,47,29,64,91,1,102,68,95,25,91,6,15,23,84,47,31,12,1.0
2012-13,1610612741,CHI,Chicago Bulls,0021200862,2013-02-28T00:00:00,CHI vs. PHI,W,48.0,32,83,0.386,3,14,0.214,26,33,0.788,15,38,53,19,11.0,6,15,8,12,24,93,11.0,1,1,1,1,8,76,35,83,76,54,86,7,8,42,22,6,4,74,18,62,1,80,1,18,46,12,1.0
2012-13,1610612741,CHI,Chicago Bulls,0021200846,2013-02-26T00:00:00,CHI vs. CLE,L,48.0,39,78,0.5,9,21,0.429,11,15,0.733,11,23,34,33,15.0,5,8,5,17,19,98,-3.0,1,57,57,57,8,16,62,10,9,10,21,89,89,64,66,100,95,5,50,81,12,38,25,55,25,61,1.0
2012-13,1610612741,CHI,Chicago Bulls,0021200838,2013-02-24T00:00:00,CHI @ OKC,L,48.0,25,86,0.291,4,18,0.222,18,24,0.75,16,28,44,14,18.0,10,5,9,18,19,72,-30.0,1,57,57,57,8,102,25,104,54,25,83,40,38,58,15,68,49,98,86,10,42,89,32,55,100,102,1.0
2012-13,1610612741,CHI,Chicago Bulls,0021200813,2013-02-22T00:00:00,CHI @ CHA,W,48.0,42,83,0.506,5,14,0.357,16,20,0.8,10,36,46,37,6.0,6,7,6,26,17,105,30.0,1,1,1,1,8,9,35,9,40,54,50,52,58,38,75,12,30,1,1,62,15,62,94,79,12,2,1.0
2012-13,1610612741,CHI,Chicago Bulls,0021200809,2013-02-21T00:00:00,CHI vs. MIA,L,48.0,28,75,0.373,2,10,0.2,9,11,0.818,13,26,39,20,27.0,10,4,6,15,15,67,-19.0,1,57,57,57,8,95,80,86,89,92,89,99,103,29,43,82,79,66,106,10,58,62,9,96,104,97,1.0
2012-13,1610612741,CHI,Chicago Bulls,0021200793,2013-02-19T00:00:00,CHI @ NOH,W,48.0,39,84,0.464,5,13,0.385,13,17,0.765,14,33,47,30,16.0,10,6,7,19,16,96,9.0,1,1,1,1,8,16,31,32,40,67,41,71,84,52,34,31,25,7,66,10,26,72,41,87,31,18,1.0
2012-13,1610612741,CHI,Chicago Bulls,0021200778,2013-02-13T00:00:00,CHI @ BOS,L,48.0,27,74,0.365,3,17,0.176,12,17,0.706,13,36,49,15,22.0,5,4,4,19,21,69,-2.0,1,57,57,57,8,98,89,92,76,32,95,82,84,76,43,12,16,95,103,81,58,23,41,40,102,59,1.0
2012-13,1610612741,CHI,Chicago Bulls,0021200766,2013-02-11T00:00:00,CHI vs. SAS,L,48.0,37,78,0.474,2,12,0.167,13,20,0.65,17,32,49,18,19.0,7,5,1,23,18,89,-14.0,1,57,57,57,8,32,62,23,89,74,97,71,58,94,13,40,16,81,91,42,42,1,82,71,66,91,1.0
2012-13,1610612741,CHI,Chicago Bulls,0021200746,2013-02-08T00:00:00,CHI @ UTA,W,48.0,36,79,0.456,5,12,0.417,16,18,0.889,15,26,41,25,12.0,6,2,10,16,22,93,4.0,1,1,1,1,8,42,56,36,40,74,26,52,71,12,22,82,65,25,24,62,90,96,15,33,46,39,1.0
2012-13,1610612741,CHI,Chicago Bulls,0021200734,2013-02-07T00:00:00,CHI @ DEN,L,48.0,38,91,0.418,10,27,0.37,10,14,0.714,16,18,34,26,15.0,5,4,8,16,16,96,-32.0,1,57,57,57,8,25,8,69,3,1,44,96,91,71,15,103,95,18,50,81,58,80,15,87,31,103,1.0
2012-13,1610612741,CHI,Chicago Bulls,0021200413,2013-02-04T00:00:00,CHI @ IND,L,48.0,39,88,0.443,4,16,0.25,19,22,0.864,12,23,35,18,10.0,7,6,8,25,19,101,-10.0,1,57,57,57,8,16,17,46,54,39,74,36,45,18,54,100,90,81,14,42,26,80,88,55,17,85,1.0
2012-13,1610612741,CHI,Chicago Bulls,0021200696,2013-02-02T00:00:00,CHI @ ATL,W,48.0,38,93,0.409,8,20,0.4,9,13,0.692,18,35,53,26,9.0,12,5,7,14,12,93,17.0,1,1,1,1,8,25,6,72,16,15,29,99,95,80,9,18,4,18,7,4,42,72,4,104,46,8,1.0
2012-13,1610612741,CHI,Chicago Bulls,0021200687,2013-02-01T00:00:00,CHI @ BKN,L,48.0,34,78,0.436,1,14,0.071,20,22,0.909,11,18,29,23,14.0,9,3,4,17,18,89,-4.0,1,57,57,57,8,57,62,54,103,54,105,31,45,10,66,103,105,38,41,23,75,23,25,71,66,67,1.0
2012-13,1610612741,CHI,Chicago Bulls,0021200676,2013-01-30T00:00:00,CHI @ MIL,W,48.0,45,91,0.495,4,13,0.308,10,13,0.769,15,30,45,27,12.0,10,5,7,22,19,104,16.0,1,1,1,1,8,3,8,13,54,67,66,96,95,48,22,55,42,14,24,10,42,72,74,55,13,9,1.0
2012-13,1610612741,CHI,Chicago Bulls,0021200663,2013-01-28T00:00:00,CHI vs. CHA,W,48.0,35,78,0.449,7,18,0.389,16,25,0.64,15,33,48,22,11.0,5,14,5,20,20,93,8.0,1,1,1,1,8,49,62,42,25,25,37,52,31,96,22,31,21,45,18,81,2,38,51,47,46,19,1.0
2012-13,1610612741,CHI,Chicago Bulls,0021200644,2013-01-26T00:00:00,CHI @ WAS,L,48.0,29,71,0.408,4,15,0.267,11,12,0.917,7,34,41,19,17.0,5,6,2,16,14,73,-13.0,1,57,57,57,8,91,97,73,54,47,72,89,99,8,99,23,65,74,77,81,26,5,15,99,99,90,1.0
2012-13,1610612741,CHI,Chicago Bulls,0021200636,2013-01-25T00:00:00,CHI vs. GSW,W,48.0,41,88,0.466,9,20,0.45,12,18,0.667,16,40,56,22,15.0,4,8,5,26,19,103,16.0,1,1,1,1,8,11,17,31,9,15,17,82,71,88,15,3,2,45,50,94,12,38,94,55,15,9,1.0
2012-13,1610612741,CHI,Chicago Bulls,0021200620,2013-01-23T00:00:00,CHI vs. DET,W,48.0,31,71,0.437,3,14,0.214,20,26,0.769,14,29,43,21,15.0,5,5,4,18,22,85,3.0,1,1,1,1,8,82,97,52,76,54,86,31,28,48,34,59,53,54,50,81,42,23,32,33,80,44,1.0
2012-13,1610612741,CHI,Chicago Bulls,0021200612,2013-01-21T00:00:00,CHI vs. LAL,W,48.0,39,93,0.419,9,17,0.529,8,12,0.667,14,26,40,25,8.0,9,11,9,20,16,95,12.0,1,1,1,1,8,16,6,65,9,32,8,103,99,88,34,82,73,25,4,23,4,89,51,87,38,11,1.0
2012-13,1610612741,CHI,Chicago Bulls,0021200595,2013-01-19T00:00:00,CHI vs. MEM,L,53.0,31,85,0.365,3,14,0.214,17,21,0.81,15,35,50,22,15.0,6,6,8,25,22,82,-3.0,1,57,57,57,2,82,29,93,76,54,86,45,52,36,22,18,11,45,50,62,26,80,88,33,85,61,1.0
2012-13,1610612741,CHI,Chicago Bulls,0021200584,2013-01-18T00:00:00,CHI @ BOS,W,53.0,36,75,0.48,5,15,0.333,23,32,0.719,8,35,43,21,21.0,4,1,3,22,28,100,1.0,1,1,1,1,2,42,80,20,40,47,55,21,14,70,94,18,53,54,100,94,98,13,74,4,20,52,1.0
2012-13,1610612741,CHI,Chicago Bulls,0021200570,2013-01-16T00:00:00,CHI @ TOR,W,53.0,39,86,0.453,3,11,0.273,26,36,0.722,14,32,46,26,14.0,7,2,5,30,29,107,2.0,1,1,1,1,2,16,25,39,76,82,70,7,4,65,34,40,30,18,41,42,90,38,101,2,11,49,1.0
2012-13,1610612741,CHI,Chicago Bulls,0021200558,2013-01-14T00:00:00,CHI vs. ATL,W,48.0,33,79,0.418,6,14,0.429,25,33,0.758,15,44,59,18,14.0,6,13,6,16,24,97,39.0,1,1,1,1,8,66,56,66,33,54,21,9,8,55,22,1,1,81,41,62,3,62,15,18,28,1,1.0
2012-13,1610612741,CHI,Chicago Bulls,0021200546,2013-01-12T00:00:00,CHI vs. PHX,L,48.0,32,88,0.364,2,11,0.182,15,21,0.714,18,24,42,18,11.0,6,6,11,18,20,81,-16.0,1,57,57,57,8,76,17,94,89,82,93,60,52,71,9,96,61,81,18,62,26,100,32,47,87,93,1.0
2012-13,1610612741,CHI,Chicago Bulls,0021200534,2013-01-11T00:00:00,CHI @ NYK,W,48.0,39,68,0.574,5,11,0.455,25,34,0.735,6,33,39,26,18.0,8,6,3,23,28,108,7.0,1,1,1,1,8,16,103,2,40,82,15,9,7,63,102,31,79,18,86,30,26,13,82,4,9,23,1.0
2012-13,1610612741,CHI,Chicago Bulls,0021200520,2013-01-09T00:00:00,CHI vs. MIL,L,48.0,39,95,0.411,4,10,0.4,14,20,0.7,16,29,45,23,15.0,9,2,15,18,18,96,-8.0,1,57,57,57,8,16,3,71,54,92,29,64,58,78,15,59,42,38,50,23,90,106,32,71,31,78,1.0
2012-13,1610612741,CHI,Chicago Bulls,0021200506,2013-01-07T00:00:00,CHI vs. CLE,W,48.0,44,82,0.537,10,14,0.714,20,24,0.833,16,31,47,34,20.0,10,9,5,21,24,118,26.0,1,1,1,1,8,4,41,4,3,54,1,31,38,26,15,49,25,2,97,10,8,38,63,18,2,4,0.0
2012-13,1610612741,CHI,Chicago Bulls,0021200481,2013-01-04T00:00:00,CHI @ MIA,W,48.0,36,80,0.45,5,14,0.357,19,24,0.792,19,29,48,22,15.0,7,2,2,20,22,96,7.0,1,1,1,1,8,42,52,41,40,54,50,36,38,40,6,59,21,45,50,42,90,5,51,33,31,23,1.0
2012-13,1610612741,CHI,Chicago Bulls,0021200465,2013-01-02T00:00:00,CHI @ ORL,W,48.0,36,77,0.468,5,12,0.417,19,25,0.76,9,26,35,27,7.0,7,5,4,16,22,96,2.0,1,1,1,1,8,42,71,30,40,74,26,36,31,53,84,82,90,14,2,42,42,23,15,33,31,49,1.0
2012-13,1610612741,CHI,Chicago Bulls,0021200453,2012-12-31T00:00:00,CHI vs. CHA,L,48.0,33,94,0.351,4,16,0.25,11,18,0.611,15,34,49,24,11.0,13,5,9,31,19,81,-10.0,1,57,57,57,8,66,5,99,54,39,74,89,71,103,22,23,16,31,18,2,42,89,104,55,87,85,1.0
2012-13,1610612741,CHI,Chicago Bulls,0021200441,2012-12-29T00:00:00,CHI vs. WAS,W,48.0,34,87,0.391,7,16,0.438,12,18,0.667,13,36,49,24,9.0,6,6,4,22,16,87,10.0,1,1,1,1,8,57,22,81,25,39,20,82,71,88,43,12,16,31,7,62,26,23,74,87,75,16,1.0
2012-13,1610612741,CHI,Chicago Bulls,0021200408,2012-12-25T00:00:00,CHI vs. HOU,L,48.0,37,83,0.446,6,20,0.3,17,20,0.85,7,24,31,22,12.0,6,3,5,19,21,97,-23.0,1,57,57,57,8,32,35,44,33,15,68,45,58,22,99,96,103,45,24,62,75,38,41,40,28,100,1.0
2012-13,1610612741,CHI,Chicago Bulls,0021200391,2012-12-22T00:00:00,CHI @ ATL,L,48.0,32,76,0.421,5,14,0.357,6,8,0.75,6,25,31,20,16.0,10,3,4,14,9,75,-17.0,1,57,57,57,8,76,75,63,40,54,50,106,105,58,102,93,103,66,66,10,75,23,4,105,96,94,1.0
2012-13,1610612741,CHI,Chicago Bulls,0021200383,2012-12-21T00:00:00,CHI @ NYK,W,48.0,37,83,0.446,8,18,0.444,28,33,0.848,12,39,51,22,17.0,7,4,3,25,25,110,4.0,1,1,1,1,8,32,35,44,16,25,19,3,8,23,54,4,10,45,77,42,58,13,88,15,8,39,1.0
2012-13,1610612741,CHI,Chicago Bulls,0021200360,2012-12-18T00:00:00,CHI vs. BOS,W,48.0,37,74,0.5,5,9,0.556,21,24,0.875,12,31,43,28,13.0,4,10,2,15,18,100,11.0,1,1,1,1,8,32,89,10,40,99,6,28,38,16,54,49,53,10,31,94,6,5,9,71,20,12,1.0
2012-13,1610612741,CHI,Chicago Bulls,0021200353,2012-12-17T00:00:00,CHI @ MEM,L,48.0,28,75,0.373,2,11,0.182,13,20,0.65,10,29,39,14,16.0,10,1,5,21,19,71,-9.0,1,57,57,57,8,95,80,86,89,82,93,71,58,94,75,59,79,98,66,10,98,38,63,55,101,81,1.0
2012-13,1610612741,CHI,Chicago Bulls,0021200341,2012-12-15T00:00:00,CHI vs. BKN,W,48.0,33,75,0.44,2,10,0.2,15,19,0.789,7,26,33,21,14.0,10,6,8,17,18,83,1.0,1,1,1,1,8,66,80,48,89,92,89,60,65,41,99,82,100,54,41,10,26,80,25,71,82,52,1.0
2012-13,1610612741,CHI,Chicago Bulls,0021200312,2012-12-12T00:00:00,CHI @ PHI,W,48.0,34,78,0.436,4,11,0.364,24,26,0.923,9,30,39,24,13.0,7,3,8,14,24,96,7.0,1,1,1,1,8,57,62,54,54,82,46,16,28,6,84,55,79,31,31,42,75,80,4,18,31,23,1.0
2012-13,1610612741,CHI,Chicago Bulls,0021200308,2012-12-11T00:00:00,CHI vs. LAC,L,48.0,35,87,0.402,10,20,0.5,9,12,0.75,18,32,50,26,17.0,8,4,5,18,15,89,-5.0,1,57,57,57,8,49,22,76,3,15,10,99,99,58,9,40,11,18,77,30,58,38,32,96,66,71,1.0
2012-13,1610612741,CHI,Chicago Bulls,0021200288,2012-12-08T00:00:00,CHI vs. NYK,W,48.0,34,78,0.436,7,13,0.538,18,18,1.0,10,37,47,18,19.0,10,6,6,20,17,93,8.0,1,1,1,1,8,57,62,54,25,67,7,40,71,1,75,8,25,81,91,10,26,62,51,79,46,19,1.0
2012-13,1610612741,CHI,Chicago Bulls,0021200274,2012-12-07T00:00:00,CHI @ DET,W,48.0,43,82,0.524,5,14,0.357,17,21,0.81,13,28,41,23,9.0,6,4,1,20,19,108,4.0,1,1,1,1,8,7,41,6,40,54,50,45,52,36,43,68,65,38,7,62,58,1,51,55,9,39,1.0
2012-13,1610612741,CHI,Chicago Bulls,0021200262,2012-12-05T00:00:00,CHI @ CLE,W,48.0,34,72,0.472,4,15,0.267,23,27,0.852,10,35,45,22,16.0,5,6,2,24,18,95,10.0,1,1,1,1,8,57,96,26,54,47,72,21,26,21,75,18,42,45,66,81,26,5,84,71,38,16,1.0
2012-13,1610612741,CHI,Chicago Bulls,0021200254,2012-12-04T00:00:00,CHI vs. IND,L,48.0,28,73,0.384,4,12,0.333,16,20,0.8,13,33,46,18,19.0,3,7,4,21,21,76,-4.0,1,57,57,57,8,95,93,85,54,74,55,52,58,38,43,31,30,81,91,104,15,23,63,40,95,67,1.0
2012-13,1610612741,CHI,Chicago Bulls,0021200235,2012-12-01T00:00:00,CHI vs. PHI,W,48.0,38,81,0.469,4,7,0.571,13,21,0.619,12,38,50,28,13.0,4,6,5,16,19,93,5.0,1,1,1,1,8,25,48,28,54,104,4,71,52,102,54,6,11,10,31,94,26,38,15,55,46,37,1.0
2012-13,1610612741,CHI,Chicago Bulls,0021200214,2012-11-28T00:00:00,CHI vs. DAL,W,48.0,34,69,0.493,6,10,0.6,27,33,0.818,10,34,44,24,21.0,8,6,6,19,26,101,23.0,1,1,1,1,8,57,101,16,33,92,2,4,8,29,75,23,49,31,100,30,26,62,41,12,17,5,1.0
2012-13,1610612741,CHI,Chicago Bulls,0021200199,2012-11-26T00:00:00,CHI vs. MIL,L,48.0,35,80,0.438,5,11,0.455,17,19,0.895,14,26,40,21,15.0,8,6,12,21,17,92,-1.0,1,57,57,57,8,49,52,51,40,82,15,45,65,11,34,82,73,54,50,30,26,104,63,79,56,57,1.0
2012-13,1610612741,CHI,Chicago Bulls,0021200188,2012-11-24T00:00:00,CHI @ MIL,W,48.0,32,82,0.39,4,16,0.25,25,26,0.962,20,34,54,17,16.0,4,2,10,18,20,93,7.0,1,1,1,1,8,76,41,82,54,39,74,9,28,4,4,23,3,89,66,94,90,96,32,47,46,23,1.0
2012-13,1610612741,CHI,Chicago Bulls,0021200165,2012-11-21T00:00:00,CHI @ HOU,L,48.0,38,95,0.4,2,16,0.125,11,19,0.579,16,32,48,20,15.0,11,7,6,22,18,89,-4.0,1,57,57,57,8,25,3,77,89,39,101,89,65,104,15,40,21,66,50,6,15,62,74,71,66,67,1.0
2012-13,1610612741,CHI,Chicago Bulls,0021200145,2012-11-18T00:00:00,CHI @ POR,L,48.0,37,75,0.493,4,16,0.25,16,18,0.889,6,29,35,25,19.0,9,3,1,20,17,94,-8.0,1,57,57,57,8,32,80,14,54,39,74,52,71,12,102,59,90,25,91,23,75,1,51,79,43,78,1.0
2012-13,1610612741,CHI,Chicago Bulls,0021200132,2012-11-17T00:00:00,CHI @ LAC,L,48.0,30,89,0.337,2,14,0.143,18,22,0.818,21,24,45,18,16.0,7,4,10,20,20,80,-21.0,1,57,57,57,8,86,11,102,89,54,99,40,45,29,2,96,42,81,66,42,58,96,51,47,90,99,1.0
2012-13,1610612741,CHI,Chicago Bulls,0021200116,2012-11-14T00:00:00,CHI @ PHX,W,53.0,44,88,0.5,6,12,0.5,18,25,0.72,15,31,46,26,15.0,7,5,6,21,27,112,6.0,1,1,1,1,2,4,17,10,33,74,10,40,31,69,22,49,30,18,50,42,42,62,63,9,7,32,1.0
2012-13,1610612741,CHI,Chicago Bulls,0021200098,2012-11-12T00:00:00,CHI vs. BOS,L,48.0,34,74,0.459,3,9,0.333,24,31,0.774,8,32,40,24,14.0,6,1,5,15,24,95,-6.0,1,57,57,57,8,57,89,35,76,99,55,16,17,46,94,40,73,31,41,62,98,38,9,18,38,74,1.0
2012-13,1610612741,CHI,Chicago Bulls,0021200084,2012-11-10T00:00:00,CHI vs. MIN,W,48.0,34,80,0.425,6,13,0.462,13,16,0.813,14,33,47,19,14.0,6,9,3,19,20,87,7.0,1,1,1,1,8,57,52,62,33,67,14,71,87,34,34,31,25,74,41,62,8,13,41,47,75,23,1.0
2012-13,1610612741,CHI,Chicago Bulls,0021200066,2012-11-08T00:00:00,CHI vs. OKC,L,48.0,35,84,0.417,5,15,0.333,16,18,0.889,12,29,41,22,21.0,6,3,8,19,19,91,-6.0,1,57,57,57,8,49,31,70,40,47,55,52,71,12,54,59,65,45,100,62,75,80,41,55,62,74,1.0
2012-13,1610612741,CHI,Chicago Bulls,0021200050,2012-11-06T00:00:00,CHI vs. ORL,W,48.0,40,84,0.476,2,6,0.333,17,24,0.708,9,34,43,27,9.0,7,7,5,12,22,99,6.0,1,1,1,1,8,13,31,21,89,105,55,45,38,74,84,23,53,14,7,42,15,38,1,33,23,32,1.0
2012-13,1610612741,CHI,Chicago Bulls,0021200031,2012-11-03T00:00:00,CHI vs. NOH,L,48.0,29,88,0.33,3,17,0.176,21,25,0.84,15,26,41,21,12.0,11,6,9,20,21,82,-7.0,1,57,57,57,8,91,17,103,76,32,95,28,31,25,22,82,65,54,24,6,26,89,51,40,85,76,1.0
2012-13,1610612741,CHI,Chicago Bulls,0021200019,2012-11-02T00:00:00,CHI @ CLE,W,48.0,44,69,0.638,4,10,0.4,23,30,0.767,5,36,41,34,17.0,7,4,1,21,25,115,29.0,1,1,1,1,8,4,101,1,54,92,29,21,19,51,106,12,65,2,77,42,58,1,63,15,5,3,1.0
2012-13,1610612741,CHI,Chicago Bulls,0021200007,2012-10-31T00:00:00,CHI vs. SAC,W,48.0,33,79,0.418,2,9,0.222,25,33,0.758,14,32,46,21,18.0,8,10,5,19,29,93,6.0,1,1,1,1,8,66,56,66,89,99,83,9,8,55,34,40,30,54,86,30,6,38,41,2,46,32,1.0
2012-13,1610612741,CHI,Chicago Bulls,0011200111,2012-10-26T00:00:00,CHI vs. IND,W,48.0,36,79,0.456,4,10,0.4,21,32,0.656,13,37,50,21,12.0,7,5,3,22,26,97,7.0,1,1,1,1,8,42,56,36,54,92,29,28,14,93,43,8,11,54,24,42,42,13,74,12,28,23,
2012-13,1610612741,CHI,Chicago Bulls,0011200097,2012-10-23T00:00:00,CHI vs. OKC,W,48.0,32,76,0.421,5,12,0.417,25,33,0.758,13,36,49,20,13.0,12,6,4,16,25,94,5.0,1,1,1,1,8,76,75,63,40,74,26,9,8,55,43,12,16,66,31,4,26,23,15,15,43,37,
2012-13,1610612741,CHI,Chicago Bulls,0011200073,2012-10-19T00:00:00,CHI vs. MIN,W,48.0,33,79,0.418,4,11,0.364,22,27,0.815,14,33,47,23,17.0,13,8,4,20,24,92,11.0,1,1,1,1,8,66,56,66,54,82,46,24,26,33,34,31,25,38,77,2,12,23,51,18,56,12,
2012-13,1610612741,CHI,Chicago Bulls,0011200054,2012-10-16T00:00:00,CHI vs. MIL,W,48.0,37,79,0.468,4,10,0.4,22,25,0.88,10,34,44,28,15.0,7,1,5,19,24,100,6.0,1,1,1,1,8,32,56,29,54,92,29,24,31,15,75,23,49,10,50,42,98,38,41,18,20,32,
2012-13,1610612741,CHI,Chicago Bulls,0011200038,2012-10-13T00:00:00,CHI @ MIN,L,48.0,25,68,0.368,3,13,0.231,22,35,0.629,13,30,43,10,23.0,10,7,4,39,30,75,-7.0,1,57,57,57,8,102,103,90,76,67,82,24,6,101,43,55,53,104,104,10,15,23,106,1,96,76,
2012-13,1610612741,CHI,Chicago Bulls,0011200032,2012-10-12T00:00:00,CHI vs. CLE,L,48.0,30,86,0.349,1,19,0.053,22,29,0.759,24,29,53,17,25.0,11,9,3,28,28,83,-3.0,1,57,57,57,8,86,25,100,103,21,106,24,21,54,1,59,4,89,105,6,8,13,99,4,82,61,
2012-13,1610612741,CHI,Chicago Bulls,0011200015,2012-10-09T00:00:00,CHI vs. MEM,W,48.0,30,84,0.357,2,14,0.143,30,39,0.769,17,36,53,18,18.0,17,7,3,24,28,92,4.0,1,1,1,1,8,86,31,95,89,54,99,1,2,48,13,12,4,81,86,1,15,13,84,4,56,39,
2012-13,1610612742,DAL,Dallas Mavericks,0021201224,2013-04-17T00:00:00,DAL vs. NOH,W,48.0,42,82,0.512,6,16,0.375,9,11,0.818,7,30,37,24,11.0,12,5,3,23,17,99,12.0,1,1,1,1,12,16,50,14,54,72,43,82,87,38,71,60,71,33,19,4,47,29,60,59,47,18,0.0
2012-13,1610612742,DAL,Dallas Mavericks,0021201208,2013-04-15T00:00:00,DAL vs. MEM,L,48.0,34,76,0.447,9,19,0.474,20,25,0.8,8,28,36,18,15.0,7,3,3,22,22,97,-6.0,1,50,50,50,12,68,81,58,24,50,15,21,22,43,56,78,78,77,58,54,70,29,52,26,53,63,1.0
2012-13,1610612742,DAL,Dallas Mavericks,0021201199,2013-04-14T00:00:00,DAL @ NOH,W,48.0,45,86,0.523,9,21,0.429,8,8,1.0,9,32,41,27,9.0,6,6,2,16,12,107,18.0,1,1,1,1,12,9,29,11,24,29,26,88,94,1,43,45,46,15,3,70,31,11,11,91,26,9,0.0
2012-13,1610612742,DAL,Dallas Mavericks,0021201185,2013-04-12T00:00:00,DAL vs. DEN,W,53.0,43,95,0.453,11,23,0.478,11,19,0.579,15,37,52,29,21.0,7,9,4,16,18,108,3.0,1,1,1,1,2,13,3,55,6,19,13,72,51,91,3,13,4,9,86,54,10,40,11,52,25,45,1.0
2012-13,1610612742,DAL,Dallas Mavericks,0021201169,2013-04-10T00:00:00,DAL vs. PHX,L,48.0,34,85,0.4,6,17,0.353,17,21,0.81,14,36,50,21,13.0,6,8,11,17,17,91,-11.0,1,50,50,50,12,68,33,78,54,69,53,36,36,40,7,19,9,55,40,70,16,94,15,59,70,77,1.0
2012-13,1610612742,DAL,Dallas Mavericks,0021201153,2013-04-07T00:00:00,DAL @ POR,W,48.0,42,90,0.467,3,13,0.231,9,12,0.75,13,35,48,28,12.0,9,7,3,11,16,96,5.0,1,1,1,1,12,16,16,42,85,85,82,82,85,67,11,28,13,13,27,27,19,29,1,66,57,37,1.0
2012-13,1610612742,DAL,Dallas Mavericks,0021201135,2013-04-05T00:00:00,DAL @ SAC,W,48.0,46,90,0.511,6,20,0.3,19,19,1.0,9,34,43,30,9.0,7,4,1,20,16,117,9.0,1,1,1,1,12,7,16,16,54,42,69,26,51,1,43,36,34,8,3,54,64,2,40,66,6,24,1.0
2012-13,1610612742,DAL,Dallas Mavericks,0021201124,2013-04-04T00:00:00,DAL @ DEN,L,48.0,41,88,0.466,4,18,0.222,8,10,0.8,9,32,41,26,10.0,6,7,6,24,15,94,-1.0,1,50,50,50,12,23,21,43,76,61,84,88,90,43,43,45,46,19,10,70,19,73,72,75,62,50,1.0
2012-13,1610612742,DAL,Dallas Mavericks,0021201110,2013-04-02T00:00:00,DAL @ LAL,L,48.0,34,81,0.42,7,19,0.368,6,12,0.5,8,29,37,23,13.0,11,6,8,24,16,81,-20.0,1,50,50,50,12,68,57,71,46,50,45,93,85,94,56,68,71,40,40,11,31,87,72,66,89,84,1.0
2012-13,1610612742,DAL,Dallas Mavericks,0021201085,2013-03-30T00:00:00,DAL vs. CHI,W,48.0,40,79,0.506,6,18,0.333,14,18,0.778,9,30,39,24,11.0,3,9,4,17,14,100,2.0,1,1,1,1,12,32,71,18,54,61,57,59,59,60,43,60,63,33,19,94,10,40,15,84,45,49,1.0
2012-13,1610612742,DAL,Dallas Mavericks,0021201072,2013-03-28T00:00:00,DAL vs. IND,L,48.0,32,83,0.386,4,14,0.286,10,14,0.714,7,27,34,18,11.0,8,7,4,24,19,78,-25.0,1,50,50,50,12,80,45,82,76,81,70,80,78,71,71,83,84,77,19,41,19,40,72,48,90,91,1.0
2012-13,1610612742,DAL,Dallas Mavericks,0021201056,2013-03-26T00:00:00,DAL vs. LAC,W,53.0,40,82,0.488,6,23,0.261,23,27,0.852,8,34,42,23,16.0,12,7,4,21,24,109,7.0,1,1,1,1,2,32,50,29,54,19,78,13,17,25,56,36,40,40,65,4,19,40,48,12,21,29,0.0
2012-13,1610612742,DAL,Dallas Mavericks,0021201045,2013-03-24T00:00:00,DAL vs. UTA,W,48.0,38,70,0.543,9,18,0.5,28,33,0.848,7,27,34,23,19.0,8,7,3,18,24,113,5.0,1,1,1,1,12,47,89,6,24,61,7,6,6,28,71,83,84,40,79,41,19,29,22,12,15,37,1.0
2012-13,1610612742,DAL,Dallas Mavericks,0021201029,2013-03-22T00:00:00,DAL vs. BOS,W,48.0,38,82,0.463,6,19,0.316,22,28,0.786,13,35,48,26,14.0,7,3,5,22,26,104,10.0,1,1,1,1,12,47,50,46,54,50,66,16,16,57,11,28,13,19,51,54,70,60,52,7,34,20,1.0
2012-13,1610612742,DAL,Dallas Mavericks,0021201015,2013-03-20T00:00:00,DAL vs. BKN,L,48.0,40,80,0.5,7,19,0.368,9,15,0.6,7,27,34,19,11.0,5,3,2,20,15,96,-17.0,1,50,50,50,12,32,65,19,46,50,45,82,72,89,71,83,84,71,19,84,70,11,40,75,57,82,1.0
2012-13,1610612742,DAL,Dallas Mavericks,0021200996,2013-03-18T00:00:00,DAL @ ATL,W,48.0,51,89,0.573,13,22,0.591,12,14,0.857,10,29,39,33,12.0,7,3,2,20,15,127,14.0,1,1,1,1,12,1,19,4,2,23,3,68,78,22,36,68,63,2,27,54,70,11,40,75,1,15,1.0
2012-13,1610612742,DAL,Dallas Mavericks,0021200990,2013-03-17T00:00:00,DAL vs. OKC,L,48.0,38,83,0.458,9,21,0.429,16,16,1.0,8,26,34,18,16.0,13,2,8,20,17,101,-6.0,1,50,50,50,12,47,45,51,24,29,26,46,69,1,56,86,84,77,65,1,82,87,40,59,42,63,0.0
2012-13,1610612742,DAL,Dallas Mavericks,0021200976,2013-03-15T00:00:00,DAL vs. CLE,W,48.0,41,82,0.5,7,21,0.333,7,11,0.636,8,38,46,25,16.0,7,6,2,19,12,96,10.0,1,1,1,1,12,23,50,19,46,29,57,92,87,81,56,10,21,26,65,54,31,11,32,91,57,20,1.0
2012-13,1610612742,DAL,Dallas Mavericks,0021200967,2013-03-14T00:00:00,DAL @ SAS,L,48.0,37,83,0.446,8,19,0.421,9,10,0.9,6,29,35,21,13.0,10,10,4,23,10,91,-1.0,1,50,50,50,12,57,45,59,32,50,32,82,90,8,80,68,80,55,40,17,6,40,60,93,70,50,1.0
2012-13,1610612742,DAL,Dallas Mavericks,0021200953,2013-03-12T00:00:00,DAL @ MIL,W,48.0,41,82,0.5,11,29,0.379,22,27,0.815,3,38,41,23,10.0,5,5,6,19,22,115,7.0,1,1,1,1,12,23,50,19,6,2,41,16,17,39,94,10,46,40,10,84,47,73,32,26,10,29,1.0
2012-13,1610612742,DAL,Dallas Mavericks,0021200940,2013-03-10T00:00:00,DAL @ MIN,W,48.0,42,92,0.457,8,21,0.381,8,10,0.8,15,44,59,27,12.0,7,5,4,15,18,100,23.0,1,1,1,1,12,16,9,53,32,29,38,88,90,43,3,1,1,15,27,54,47,40,6,52,45,3,1.0
2012-13,1610612742,DAL,Dallas Mavericks,0021200919,2013-03-08T00:00:00,DAL @ DET,W,48.0,41,78,0.526,11,22,0.5,9,15,0.6,4,37,41,29,12.0,6,5,3,15,20,102,3.0,1,1,1,1,12,23,74,10,6,23,7,82,72,89,90,13,46,9,27,70,47,29,6,41,41,45,1.0
2012-13,1610612742,DAL,Dallas Mavericks,0021200908,2013-03-06T00:00:00,DAL vs. HOU,W,48.0,45,83,0.542,11,26,0.423,11,14,0.786,5,28,33,35,11.0,5,3,5,22,18,112,4.0,1,1,1,1,12,9,45,7,6,10,31,72,78,57,88,78,90,1,19,84,70,60,52,52,17,43,1.0
2012-13,1610612742,DAL,Dallas Mavericks,0021200885,2013-03-03T00:00:00,DAL @ HOU,L,48.0,38,80,0.475,12,27,0.444,15,24,0.625,9,23,32,19,18.0,8,3,0,33,21,103,-33.0,1,50,50,50,12,47,65,36,5,9,22,52,29,83,43,92,93,71,77,41,70,1,94,33,38,94,1.0
2012-13,1610612742,DAL,Dallas Mavericks,0021200870,2013-03-01T00:00:00,DAL @ BKN,W,48.0,39,78,0.5,9,21,0.429,11,14,0.786,5,26,31,18,14.0,13,6,1,18,16,98,8.0,1,1,1,1,12,39,74,19,24,29,26,72,78,57,88,86,94,77,51,1,31,2,22,66,51,26,1.0
2012-13,1610612742,DAL,Dallas Mavericks,0021200855,2013-02-27T00:00:00,DAL @ MEM,L,48.0,33,76,0.434,3,12,0.25,15,19,0.789,6,29,35,20,21.0,9,9,2,23,23,84,-6.0,1,50,50,50,12,76,81,62,85,89,79,52,51,55,80,68,80,62,86,27,10,11,60,20,84,63,0.0
2012-13,1610612742,DAL,Dallas Mavericks,0021200848,2013-02-26T00:00:00,DAL vs. MIL,L,48.0,36,85,0.424,1,17,0.059,17,21,0.81,16,40,56,20,20.0,7,4,1,21,20,90,-5.0,1,50,50,50,12,62,33,69,93,69,94,36,36,40,1,4,2,62,82,54,64,2,48,41,74,62,1.0
2012-13,1610612742,DAL,Dallas Mavericks,0021200830,2013-02-24T00:00:00,DAL vs. LAL,L,48.0,39,87,0.448,8,18,0.444,13,19,0.684,12,32,44,19,12.0,11,1,2,23,16,99,-4.0,1,50,50,50,12,39,26,57,32,61,22,64,51,75,18,45,27,71,27,11,89,11,60,66,47,58,1.0
2012-13,1610612742,DAL,Dallas Mavericks,0021200818,2013-02-22T00:00:00,DAL @ NOH,W,48.0,40,84,0.476,8,20,0.4,16,19,0.842,13,31,44,26,13.0,9,17,4,18,20,104,4.0,1,1,1,1,12,32,39,34,32,42,34,46,51,30,11,52,27,19,40,27,1,40,22,41,34,43,1.0
2012-13,1610612742,DAL,Dallas Mavericks,0021200806,2013-02-20T00:00:00,DAL vs. ORL,W,48.0,42,88,0.477,11,29,0.379,16,18,0.889,7,37,44,32,9.0,6,8,4,19,13,111,15.0,1,1,1,1,12,16,21,32,6,2,41,46,59,13,71,13,27,4,3,70,16,40,32,89,18,11,1.0
2012-13,1610612742,DAL,Dallas Mavericks,0021200785,2013-02-13T00:00:00,DAL vs. SAC,W,48.0,43,92,0.467,13,34,0.382,24,26,0.923,15,36,51,27,12.0,12,10,2,27,22,123,23.0,1,1,1,1,12,13,9,41,2,1,37,11,19,6,3,19,7,15,27,4,6,11,87,26,3,3,1.0
2012-13,1610612742,DAL,Dallas Mavericks,0021200768,2013-02-11T00:00:00,DAL vs. ATL,L,48.0,38,89,0.427,9,21,0.429,16,20,0.8,8,29,37,25,12.0,9,3,2,20,20,101,-4.0,1,50,50,50,12,47,19,68,24,29,26,46,43,43,56,68,71,26,27,27,70,11,40,41,42,58,1.0
2012-13,1610612742,DAL,Dallas Mavericks,0021200750,2013-02-09T00:00:00,DAL vs. GSW,W,48.0,38,77,0.494,11,20,0.55,29,38,0.763,6,38,44,25,10.0,9,6,1,23,26,116,25.0,1,1,1,1,12,47,79,28,6,42,4,4,3,65,80,10,27,26,10,27,31,2,60,7,8,2,1.0
2012-13,1610612742,DAL,Dallas Mavericks,0021200730,2013-02-06T00:00:00,DAL vs. POR,W,48.0,41,86,0.477,10,20,0.5,13,19,0.684,11,35,46,22,8.0,5,3,1,16,20,105,6.0,1,1,1,1,12,23,29,33,16,42,7,64,51,75,24,28,21,48,1,84,70,2,11,41,31,33,0.0
2012-13,1610612742,DAL,Dallas Mavericks,0021200712,2013-02-04T00:00:00,DAL @ OKC,L,48.0,36,87,0.414,3,16,0.188,16,20,0.8,6,34,40,21,14.0,7,9,8,18,19,91,-21.0,1,50,50,50,12,62,26,72,85,72,89,46,43,43,80,36,53,55,51,54,10,87,22,48,70,86,1.0
2012-13,1610612742,DAL,Dallas Mavericks,0021200694,2013-02-01T00:00:00,DAL @ PHX,W,48.0,40,88,0.455,8,21,0.381,21,25,0.84,12,39,51,25,15.0,10,12,7,18,21,109,10.0,1,1,1,1,12,32,21,54,32,29,38,18,22,31,18,8,7,26,58,17,4,82,22,33,21,20,1.0
2012-13,1610612742,DAL,Dallas Mavericks,0021200683,2013-01-31T00:00:00,DAL @ GSW,L,48.0,36,81,0.444,8,25,0.32,17,24,0.708,12,35,47,25,15.0,8,5,4,18,21,97,-3.0,1,50,50,50,12,62,57,60,32,13,65,36,29,73,18,28,16,26,58,41,47,40,22,33,53,55,1.0
2012-13,1610612742,DAL,Dallas Mavericks,0021200668,2013-01-29T00:00:00,DAL @ POR,L,48.0,42,84,0.5,8,15,0.533,12,15,0.8,10,30,40,31,16.0,8,2,5,21,14,104,-2.0,1,50,50,50,12,16,39,19,32,77,5,68,72,43,36,60,53,5,65,41,82,60,48,84,34,52,1.0
2012-13,1610612742,DAL,Dallas Mavericks,0021200657,2013-01-27T00:00:00,DAL vs. PHX,W,48.0,45,88,0.511,5,11,0.455,15,18,0.833,12,32,44,26,15.0,8,0,6,24,15,110,15.0,1,1,1,1,12,9,21,15,66,91,19,52,59,34,18,45,27,19,58,41,95,73,72,75,20,11,1.0
2012-13,1610612742,DAL,Dallas Mavericks,0021200639,2013-01-25T00:00:00,DAL vs. SAS,L,48.0,42,91,0.462,6,18,0.333,17,18,0.944,10,37,47,20,14.0,8,7,1,19,17,107,-6.0,1,50,50,50,12,16,13,48,54,61,57,36,59,4,36,13,16,62,51,41,19,2,32,59,26,63,1.0
2012-13,1610612742,DAL,Dallas Mavericks,0021200602,2013-01-20T00:00:00,DAL @ ORL,W,48.0,45,90,0.5,8,15,0.533,13,15,0.867,10,33,43,29,8.0,9,7,3,13,14,111,6.0,1,1,1,1,12,9,16,19,32,77,5,64,72,18,36,43,34,9,1,27,19,29,3,84,18,33,1.0
2012-13,1610612742,DAL,Dallas Mavericks,0021200592,2013-01-18T00:00:00,DAL vs. OKC,L,53.0,41,91,0.451,7,20,0.35,25,30,0.833,11,35,46,24,16.0,11,3,2,23,23,114,-3.0,1,50,50,50,2,23,13,56,46,42,54,9,10,34,24,28,21,33,65,11,70,11,60,20,12,55,0.0
2012-13,1610612742,DAL,Dallas Mavericks,0021200575,2013-01-16T00:00:00,DAL vs. HOU,W,48.0,33,86,0.384,5,22,0.227,34,43,0.791,11,36,47,22,10.0,7,5,6,19,29,105,5.0,1,1,1,1,12,76,29,84,66,23,83,1,1,54,24,19,16,48,10,54,47,73,32,2,31,37,1.0
2012-13,1610612742,DAL,Dallas Mavericks,0021200560,2013-01-14T00:00:00,DAL vs. MIN,W,48.0,46,77,0.597,6,13,0.462,15,16,0.938,4,29,33,33,10.0,7,1,2,23,15,113,15.0,1,1,1,1,12,7,79,3,54,85,17,52,69,5,90,68,90,2,10,54,89,11,60,75,15,11,1.0
2012-13,1610612742,DAL,Dallas Mavericks,0021200547,2013-01-12T00:00:00,DAL vs. MEM,W,48.0,39,80,0.488,11,17,0.647,15,21,0.714,11,37,48,26,9.0,6,5,5,22,15,104,21.0,1,1,1,1,12,39,65,30,6,69,1,52,36,71,24,13,13,19,3,70,47,60,52,75,34,7,1.0
2012-13,1610612742,DAL,Dallas Mavericks,0021200528,2013-01-10T00:00:00,DAL @ SAC,W,53.0,41,96,0.427,5,21,0.238,30,35,0.857,15,37,52,20,13.0,6,6,7,24,29,117,5.0,1,1,1,1,2,23,1,67,66,29,81,2,4,22,3,13,4,62,40,70,31,82,72,2,6,37,1.0
2012-13,1610612742,DAL,Dallas Mavericks,0021200525,2013-01-09T00:00:00,DAL @ LAC,L,48.0,36,84,0.429,6,18,0.333,15,18,0.833,10,24,34,21,13.0,10,3,6,17,16,93,-6.0,1,50,50,50,12,62,39,66,54,61,57,52,59,34,36,90,84,55,40,17,70,73,15,66,68,63,1.0
2012-13,1610612742,DAL,Dallas Mavericks,0021200508,2013-01-07T00:00:00,DAL @ UTA,L,48.0,35,81,0.432,6,19,0.316,18,20,0.9,6,40,46,20,11.0,5,5,8,26,22,94,-6.0,1,50,50,50,12,66,57,63,54,50,66,30,43,8,80,4,21,62,19,84,47,87,84,26,62,63,1.0
2012-13,1610612742,DAL,Dallas Mavericks,0021200495,2013-01-05T00:00:00,DAL vs. NOH,L,53.0,39,85,0.459,7,19,0.368,11,13,0.846,6,36,42,21,9.0,6,10,3,20,10,96,-3.0,1,50,50,50,2,39,33,50,46,50,45,72,82,29,80,19,40,55,3,70,6,29,40,93,57,55,1.0
2012-13,1610612742,DAL,Dallas Mavericks,0021200469,2013-01-02T00:00:00,DAL @ MIA,L,53.0,41,94,0.436,10,28,0.357,17,20,0.85,8,39,47,19,14.0,7,5,8,24,16,109,-10.0,1,50,50,50,2,23,6,61,16,5,49,36,43,26,56,8,16,71,51,54,47,87,72,66,21,74,1.0
2012-13,1610612742,DAL,Dallas Mavericks,0021200458,2013-01-01T00:00:00,DAL @ WAS,W,48.0,41,82,0.5,10,22,0.455,11,17,0.647,8,34,42,25,12.0,6,4,4,25,23,103,9.0,1,1,1,1,12,23,50,19,16,23,19,72,66,80,56,36,40,26,27,70,64,40,82,20,38,24,1.0
2012-13,1610612742,DAL,Dallas Mavericks,0021200449,2012-12-30T00:00:00,DAL vs. SAS,L,48.0,38,95,0.4,1,16,0.063,9,10,0.9,14,32,46,23,11.0,6,6,5,21,9,86,-25.0,1,50,50,50,12,47,3,78,93,72,93,82,90,8,7,45,21,40,19,70,31,60,48,95,80,91,1.0
2012-13,1610612742,DAL,Dallas Mavericks,0021200431,2012-12-28T00:00:00,DAL vs. DEN,L,48.0,33,88,0.375,5,25,0.2,14,21,0.667,13,30,43,17,15.0,9,5,2,15,24,85,-21.0,1,50,50,50,12,76,21,86,66,13,87,59,36,78,11,60,34,83,58,27,47,11,6,12,81,86,1.0
2012-13,1610612742,DAL,Dallas Mavericks,0021200423,2012-12-27T00:00:00,DAL @ OKC,L,53.0,40,95,0.421,11,24,0.458,14,16,0.875,10,36,46,22,13.0,9,5,13,19,18,105,-6.0,1,50,50,50,2,32,3,70,6,17,18,59,69,15,36,19,21,48,40,27,47,95,32,52,31,63,1.0
2012-13,1610612742,DAL,Dallas Mavericks,0021200402,2012-12-23T00:00:00,DAL @ SAS,L,48.0,34,74,0.459,5,14,0.357,18,29,0.621,9,30,39,22,20.0,10,1,5,18,22,91,-38.0,1,50,50,50,12,68,85,49,66,81,49,30,13,85,43,60,63,48,82,17,89,60,22,26,70,95,1.0
2012-13,1610612742,DAL,Dallas Mavericks,0021200386,2012-12-21T00:00:00,DAL @ MEM,L,48.0,31,76,0.408,6,21,0.286,14,17,0.824,11,31,42,20,24.0,7,6,3,19,16,82,-10.0,1,50,50,50,12,85,81,74,54,29,70,59,66,37,24,52,40,62,93,54,31,29,32,66,86,74,1.0
2012-13,1610612742,DAL,Dallas Mavericks,0021200378,2012-12-20T00:00:00,DAL vs. MIA,L,48.0,37,96,0.385,3,22,0.136,18,21,0.857,13,23,36,23,9.0,10,6,4,17,14,95,-15.0,1,50,50,50,12,57,1,83,85,23,92,30,36,22,11,92,78,40,3,17,31,40,15,84,61,80,1.0
2012-13,1610612742,DAL,Dallas Mavericks,0021200362,2012-12-18T00:00:00,DAL vs. PHI,W,48.0,39,72,0.542,4,11,0.364,25,29,0.862,6,29,35,19,11.0,9,4,2,13,21,107,7.0,1,1,1,1,12,39,87,8,76,91,48,9,13,21,80,68,80,71,19,27,64,11,3,33,26,29,0.0
2012-13,1610612742,DAL,Dallas Mavericks,0021200342,2012-12-15T00:00:00,DAL @ MIN,L,53.0,39,84,0.464,7,14,0.5,21,25,0.84,11,30,41,24,20.0,10,8,5,29,18,106,-8.0,1,50,50,50,2,39,39,44,46,81,7,18,22,31,24,60,46,33,82,17,16,60,92,52,30,72,1.0
2012-13,1610612742,DAL,Dallas Mavericks,0021200325,2012-12-14T00:00:00,DAL @ TOR,L,48.0,27,69,0.391,0,13,0.0,20,23,0.87,4,34,38,17,17.0,4,1,3,17,20,74,-21.0,1,50,50,50,12,92,91,81,95,85,95,21,33,16,90,36,69,83,73,91,89,29,15,41,94,86,1.0
2012-13,1610612742,DAL,Dallas Mavericks,0021200315,2012-12-12T00:00:00,DAL @ BOS,L,58.0,47,92,0.511,8,23,0.348,13,17,0.765,7,43,50,27,28.0,8,7,5,27,22,115,-2.0,1,50,50,50,1,6,9,17,32,19,56,64,66,64,71,2,9,15,95,41,19,60,87,26,10,52,1.0
2012-13,1610612742,DAL,Dallas Mavericks,0021200302,2012-12-10T00:00:00,DAL vs. SAC,W,48.0,48,87,0.552,7,20,0.35,16,21,0.762,7,31,38,26,10.0,10,7,4,14,16,119,23.0,1,1,1,1,12,3,26,5,46,42,54,46,36,66,71,52,69,19,10,17,19,40,5,66,5,3,1.0
2012-13,1610612742,DAL,Dallas Mavericks,0021200290,2012-12-08T00:00:00,DAL @ HOU,W,48.0,43,91,0.473,10,24,0.417,20,25,0.8,11,29,40,24,12.0,7,2,4,24,26,116,7.0,1,1,1,1,12,13,13,38,16,17,33,21,22,43,24,68,53,33,27,54,82,40,72,7,8,29,1.0
2012-13,1610612742,DAL,Dallas Mavericks,0021200269,2012-12-06T00:00:00,DAL @ PHX,W,48.0,37,78,0.474,4,12,0.333,19,24,0.792,11,33,44,15,17.0,8,4,4,23,20,97,3.0,1,1,1,1,12,57,74,37,76,89,57,26,29,53,24,43,27,91,73,41,64,40,60,41,53,45,0.0
2012-13,1610612742,DAL,Dallas Mavericks,0021200267,2012-12-05T00:00:00,DAL @ LAC,L,48.0,34,84,0.405,5,19,0.263,17,19,0.895,11,30,41,20,22.0,8,6,6,18,17,90,-22.0,1,50,50,50,12,68,39,77,66,50,76,36,51,12,24,60,46,62,90,41,31,73,22,59,74,89,1.0
2012-13,1610612742,DAL,Dallas Mavericks,0021200240,2012-12-01T00:00:00,DAL vs. DET,W,48.0,38,93,0.409,11,25,0.44,5,8,0.625,13,36,49,28,13.0,8,9,7,18,15,92,15.0,1,1,1,1,12,47,7,73,6,13,24,94,94,83,11,19,12,13,40,41,10,82,22,75,69,11,1.0
2012-13,1610612742,DAL,Dallas Mavericks,0021200214,2012-11-28T00:00:00,DAL @ CHI,L,48.0,28,81,0.346,4,18,0.222,18,20,0.9,11,19,30,18,14.0,10,6,6,26,19,78,-23.0,1,50,50,50,12,91,57,95,76,61,84,30,43,8,24,95,95,77,51,17,31,73,84,48,90,90,1.0
2012-13,1610612742,DAL,Dallas Mavericks,0021200204,2012-11-27T00:00:00,DAL @ PHI,L,48.0,37,81,0.457,5,19,0.263,19,22,0.864,9,28,37,23,15.0,11,1,3,22,25,98,-2.0,1,50,50,50,12,57,57,52,66,50,76,26,35,20,43,78,71,40,58,11,89,29,52,10,51,52,1.0
2012-13,1610612742,DAL,Dallas Mavericks,0021200187,2012-11-24T00:00:00,DAL vs. LAL,L,48.0,34,92,0.37,10,28,0.357,11,20,0.55,9,30,39,22,15.0,9,6,4,28,23,89,-26.0,1,50,50,50,12,68,9,91,16,5,49,72,43,93,43,60,63,48,58,27,31,40,90,20,76,93,1.0
2012-13,1610612742,DAL,Dallas Mavericks,0021200167,2012-11-21T00:00:00,DAL vs. NYK,W,48.0,42,85,0.494,13,29,0.448,17,21,0.81,11,31,42,22,14.0,8,1,2,18,17,114,3.0,1,1,1,1,12,16,33,27,2,2,21,36,36,40,24,52,40,48,51,41,89,11,22,59,12,45,1.0
2012-13,1610612742,DAL,Dallas Mavericks,0021200151,2012-11-19T00:00:00,DAL vs. GSW,L,53.0,37,86,0.43,10,21,0.476,17,24,0.708,7,36,43,24,17.0,12,11,2,22,24,101,-4.0,1,50,50,50,2,57,29,65,16,29,14,36,29,73,71,19,34,33,73,4,5,11,52,12,42,58,1.0
2012-13,1610612742,DAL,Dallas Mavericks,0021200135,2012-11-17T00:00:00,DAL @ CLE,W,48.0,38,74,0.514,10,23,0.435,17,20,0.85,8,34,42,26,22.0,6,14,4,19,15,103,8.0,1,1,1,1,12,47,85,13,16,19,25,36,43,26,56,36,40,19,90,70,2,40,32,75,38,26,1.0
2012-13,1610612742,DAL,Dallas Mavericks,0021200124,2012-11-16T00:00:00,DAL @ IND,L,48.0,30,81,0.37,2,13,0.154,21,25,0.84,8,36,44,16,12.0,3,5,5,23,15,83,-20.0,1,50,50,50,12,87,57,89,92,85,91,18,22,31,56,19,27,88,27,94,47,60,60,75,85,84,1.0
2012-13,1610612742,DAL,Dallas Mavericks,0021200115,2012-11-14T00:00:00,DAL vs. WAS,W,48.0,39,78,0.5,3,11,0.273,26,33,0.788,14,26,40,20,13.0,6,4,4,15,24,107,6.0,1,1,1,1,12,39,74,19,85,91,74,7,6,56,7,86,53,62,40,70,64,40,6,12,26,33,1.0
2012-13,1610612742,DAL,Dallas Mavericks,0021200100,2012-11-12T00:00:00,DAL vs. MIN,L,48.0,29,80,0.363,4,16,0.25,20,25,0.8,7,28,35,16,10.0,7,2,7,20,22,82,-8.0,1,50,50,50,12,90,65,93,76,72,79,21,22,43,71,78,80,88,10,54,82,82,40,26,86,72,1.0
2012-13,1610612742,DAL,Dallas Mavericks,0021200083,2012-11-10T00:00:00,DAL @ CHA,L,53.0,32,79,0.405,9,19,0.474,24,30,0.8,8,35,43,21,19.0,9,7,6,24,24,97,-4.0,1,50,50,50,2,80,71,76,24,50,15,11,10,43,56,28,34,55,79,27,19,73,72,12,53,58,1.0
2012-13,1610612742,DAL,Dallas Mavericks,0021200071,2012-11-09T00:00:00,DAL @ NYK,L,48.0,33,81,0.407,8,28,0.286,20,23,0.87,9,41,50,17,20.0,4,3,4,28,21,94,-10.0,1,50,50,50,12,76,57,75,32,5,70,21,33,16,43,3,9,83,82,91,70,40,90,33,62,74,1.0
2012-13,1610612742,DAL,Dallas Mavericks,0021200061,2012-11-07T00:00:00,DAL vs. TOR,W,48.0,39,84,0.464,8,21,0.381,23,35,0.657,16,31,47,21,12.0,4,6,1,23,28,109,5.0,1,1,1,1,12,39,39,44,32,29,38,13,4,79,1,52,16,55,27,91,31,2,60,4,21,37,1.0
2012-13,1610612742,DAL,Dallas Mavericks,0021200046,2012-11-05T00:00:00,DAL vs. POR,W,48.0,48,78,0.615,10,20,0.5,8,13,0.615,2,35,37,29,9.0,12,5,3,15,13,114,23.0,1,1,1,1,12,3,74,1,16,42,7,88,82,87,95,28,71,9,3,4,47,29,6,89,12,3,1.0
2012-13,1610612742,DAL,Dallas Mavericks,0021200034,2012-11-03T00:00:00,DAL vs. CHA,W,48.0,49,80,0.613,16,25,0.64,12,15,0.8,8,35,43,31,22.0,6,7,2,23,14,126,27.0,1,1,1,1,12,2,65,2,1,13,2,68,72,43,56,28,34,5,90,70,19,11,60,84,2,1,1.0
2012-13,1610612742,DAL,Dallas Mavericks,0021200009,2012-10-31T00:00:00,DAL @ UTA,L,48.0,32,85,0.376,11,22,0.5,19,26,0.731,8,32,40,20,16.0,8,5,8,32,25,94,-19.0,1,50,50,50,12,80,33,85,6,23,7,26,19,70,56,45,53,62,65,41,47,87,93,10,62,83,1.0
2012-13,1610612742,DAL,Dallas Mavericks,0021200003,2012-10-30T00:00:00,DAL @ LAL,W,48.0,40,85,0.471,5,15,0.333,14,18,0.778,9,31,40,22,12.0,9,5,5,25,21,99,8.0,1,1,1,1,12,32,33,40,66,77,57,59,59,60,43,52,53,48,27,27,47,60,82,33,47,26,1.0
2012-13,1610612742,DAL,Dallas Mavericks,0011200115,2012-10-26T00:00:00,DAL vs. CHA,W,48.0,34,79,0.43,8,28,0.286,23,26,0.885,12,40,52,25,21.0,5,13,2,24,24,99,17.0,1,1,1,1,12,68,71,64,32,5,70,13,19,14,18,4,4,26,86,84,3,11,72,12,47,10,
2012-13,1610612742,DAL,Dallas Mavericks,0011200101,2012-10-24T00:00:00,DAL @ OKC,L,48.0,31,83,0.373,3,16,0.188,11,18,0.611,9,31,40,18,16.0,12,5,8,11,18,76,-12.0,1,50,50,50,12,85,45,87,85,72,89,72,59,88,43,52,53,77,65,4,47,87,1,52,93,78,
2012-13,1610612742,DAL,Dallas Mavericks,0011200093,2012-10-22T00:00:00,DAL vs. NOH,W,48.0,27,75,0.36,7,26,0.269,26,30,0.867,4,36,40,23,10.0,9,6,7,16,18,87,13.0,1,1,1,1,12,92,84,94,46,10,75,7,10,18,90,19,53,40,10,27,31,82,11,52,79,16,
2012-13,1610612742,DAL,Dallas Mavericks,0011200078,2012-10-20T00:00:00,DAL @ ATL,L,48.0,30,81,0.37,4,19,0.211,30,39,0.769,12,29,41,17,19.0,13,2,5,33,31,94,-16.0,1,50,50,50,12,87,57,89,76,50,86,2,2,62,18,68,46,83,79,1,82,60,94,1,62,81,
2012-13,1610612742,DAL,Dallas Mavericks,0011200065,2012-10-17T00:00:00,DAL vs. PHX,L,48.0,38,82,0.463,8,26,0.308,10,13,0.769,9,28,37,24,21.0,10,6,5,20,19,94,-6.0,1,50,50,50,12,47,50,46,32,10,68,80,82,62,43,78,71,33,86,17,31,60,40,48,62,63,
2012-13,1610612742,DAL,Dallas Mavericks,0011200052,2012-10-15T00:00:00,DAL vs. HOU,W,48.0,48,93,0.516,9,21,0.429,18,29,0.621,14,40,54,31,16.0,12,10,2,17,21,123,19.0,1,1,1,1,12,3,7,12,24,29,26,30,13,85,7,4,3,5,65,4,6,11,15,33,3,8,
2012-13,1610612742,DAL,Dallas Mavericks,0011200018,2012-10-09T00:00:00,DAL @ FCB,L,48.0,32,80,0.4,3,8,0.375,18,32,0.563,8,32,40,14,13.0,9,2,5,24,23,85,-14.0,1,50,50,50,12,80,65,78,85,95,43,30,8,92,56,45,53,92,40,27,82,60,72,20,81,79,
2012-13,1610612742,DAL,Dallas Mavericks,0011200002,2012-10-06T00:00:00,DAL @ ALB,W,48.0,35,66,0.53,8,20,0.4,11,15,0.733,6,34,40,19,27.0,10,5,1,22,24,89,5.0,1,1,1,1,12,66,92,9,32,42,34,72,72,69,80,36,53,71,94,17,47,2,52,12,76,37,
2012-13,1610612743,DEN,Denver Nuggets,0041200166,2013-05-02T00:00:00,DEN @ GSW,L,48.0,34,98,0.347,7,28,0.25,13,21,0.619,20,24,44,18,7.0,10,3,5,22,19,88,-4.0,1,64,64,64,7,85,7,99,34,3,81,76,71,76,7,91,49,83,1,32,83,19,57,74,89,72,0.0
2012-13,1610612743,DEN,Denver Nuggets,0041200165,2013-04-30T00:00:00,DEN vs. GSW,W,48.0,38,89,0.427,10,27,0.37,21,27,0.778,15,31,46,26,13.0,12,6,9,25,23,107,7.0,1,1,1,1,7,61,23,84,7,7,36,30,40,20,31,42,36,25,26,14,44,74,81,35,42,33,1.0
2012-13,1610612743,DEN,Denver Nuggets,0041200164,2013-04-28T00:00:00,DEN @ GSW,L,48.0,33,71,0.465,6,20,0.3,29,38,0.763,12,25,37,14,23.0,6,2,5,27,26,101,-14.0,1,64,64,64,7,87,92,54,52,37,70,4,6,27,57,83,83,94,95,81,91,19,91,17,62,92,1.0
2012-13,1610612743,DEN,Denver Nuggets,0041200163,2013-04-26T00:00:00,DEN @ GSW,L,48.0,40,86,0.465,7,18,0.389,21,27,0.778,11,23,34,26,18.0,11,1,7,25,20,108,-2.0,1,64,64,64,7,43,33,50,34,48,29,30,40,20,64,93,90,25,69,21,98,53,81,66,36,67,1.0
2012-13,1610612743,DEN,Denver Nuggets,0041200162,2013-04-23T00:00:00,DEN vs. GSW,L,48.0,40,80,0.5,9,26,0.346,28,37,0.757,6,20,26,27,15.0,6,1,4,22,32,117,-14.0,1,64,64,64,7,43,67,32,12,9,52,7,7,29,97,98,99,19,38,81,98,10,57,1,13,92,1.0
2012-13,1610612743,DEN,Denver Nuggets,0041200161,2013-04-20T00:00:00,DEN vs. GSW,W,48.0,38,85,0.447,3,16,0.188,18,28,0.643,7,38,45,16,11.0,9,4,10,18,21,97,2.0,1,1,1,1,7,61,42,68,89,66,91,47,38,70,92,11,43,91,15,44,69,84,23,51,74,55,1.0
2012-13,1610612743,DEN,Denver Nuggets,0021201227,2013-04-17T00:00:00,DEN vs. PHX,W,48.0,49,93,0.527,4,16,0.25,16,20,0.8,15,39,54,28,16.0,8,8,5,13,18,118,20.0,1,1,1,1,7,3,15,20,78,66,81,63,79,16,31,9,8,17,52,58,17,19,3,80,10,9,1.0
2012-13,1610612743,DEN,Denver Nuggets,0021201207,2013-04-15T00:00:00,DEN @ MIL,W,48.0,37,85,0.435,6,14,0.429,32,46,0.696,18,40,58,21,17.0,5,5,6,24,24,112,1.0,1,1,1,1,7,69,42,80,52,84,19,1,1,53,12,7,5,69,58,90,56,39,72,26,25,59,1.0
2012-13,1610612743,DEN,Denver Nuggets,0021201198,2013-04-14T00:00:00,DEN vs. POR,W,48.0,43,81,0.531,8,22,0.364,24,27,0.889,9,30,39,30,21.0,15,7,3,22,21,118,9.0,1,1,1,1,7,22,64,17,21,21,39,15,40,1,81,50,75,8,85,2,27,5,57,51,10,29,1.0
2012-13,1610612743,DEN,Denver Nuggets,0021201185,2013-04-12T00:00:00,DEN @ DAL,L,53.0,41,93,0.441,8,24,0.333,15,21,0.714,13,33,46,22,20.0,14,4,9,18,16,105,-3.0,1,64,64,64,3,35,15,73,21,15,53,68,71,43,43,30,36,60,78,3,69,74,23,92,48,69,1.0
2012-13,1610612743,DEN,Denver Nuggets,0021201172,2013-04-10T00:00:00,DEN vs. SAS,W,48.0,39,86,0.453,6,15,0.4,12,21,0.571,16,37,53,26,17.0,8,9,6,16,17,96,10.0,1,1,1,1,7,57,33,60,52,78,25,82,71,92,24,13,11,25,58,58,15,39,8,86,80,26,1.0
2012-13,1610612743,DEN,Denver Nuggets,0021201144,2013-04-06T00:00:00,DEN vs. HOU,W,48.0,54,99,0.545,11,25,0.44,13,21,0.619,13,33,46,40,11.0,12,4,10,26,22,132,18.0,1,1,1,1,7,1,5,8,5,12,15,76,71,76,43,30,36,1,15,14,69,84,86,40,1,12,1.0
2012-13,1610612743,DEN,Denver Nuggets,0021201124,2013-04-04T00:00:00,DEN vs. DAL,W,48.0,35,89,0.393,6,17,0.353,19,30,0.633,18,32,50,22,9.0,7,6,7,15,24,95,1.0,1,1,1,1,7,81,23,91,52,55,45,42,31,71,12,38,23,60,6,74,44,53,4,26,81,59,1.0
2012-13,1610612743,DEN,Denver Nuggets,0021201118,2013-04-03T00:00:00,DEN @ UTA,W,48.0,41,73,0.562,7,18,0.389,24,32,0.75,8,34,42,22,14.0,7,8,4,19,21,113,17.0,1,1,1,1,7,35,88,3,34,48,29,15,20,30,89,27,58,60,28,74,17,10,29,51,20,14,1.0
2012-13,1610612743,DEN,Denver Nuggets,0021201083,2013-03-29T00:00:00,DEN vs. BKN,W,48.0,42,74,0.568,4,14,0.286,21,31,0.677,8,25,33,23,12.0,12,5,6,28,22,109,22.0,1,1,1,1,7,29,86,2,78,84,74,30,26,61,89,83,94,51,20,14,56,39,93,40,34,6,1.0
2012-13,1610612743,DEN,Denver Nuggets,0021201067,2013-03-27T00:00:00,DEN @ SAS,L,48.0,42,88,0.477,0,10,0.0,15,17,0.882,14,27,41,26,15.0,8,3,8,24,17,99,-1.0,1,64,64,64,7,29,26,45,99,99,99,68,89,3,39,74,63,25,38,58,83,62,72,86,71,64,1.0
2012-13,1610612743,DEN,Denver Nuggets,0021201051,2013-03-25T00:00:00,DEN @ NOH,L,48.0,25,66,0.379,5,16,0.313,31,39,0.795,11,21,32,14,14.0,8,5,10,15,24,86,-24.0,1,64,64,64,7,99,97,96,65,66,65,2,4,17,64,96,96,94,28,58,56,84,4,26,91,99,1.0
2012-13,1610612743,DEN,Denver Nuggets,0021201037,2013-03-23T00:00:00,DEN vs. SAC,W,48.0,37,85,0.435,4,14,0.286,23,32,0.719,13,33,46,25,17.0,8,7,10,19,26,101,6.0,1,1,1,1,7,69,42,80,78,84,74,21,20,41,43,30,36,37,58,58,27,84,29,17,62,41,1.0
2012-13,1610612743,DEN,Denver Nuggets,0021201020,2013-03-21T00:00:00,DEN vs. PHI,W,48.0,37,76,0.487,7,11,0.636,20,27,0.741,11,23,34,18,20.0,13,8,5,19,22,101,1.0,1,1,1,1,7,69,82,38,34,95,2,38,40,32,64,93,90,83,78,6,17,19,29,40,62,59,1.0
2012-13,1610612743,DEN,Denver Nuggets,0021201006,2013-03-19T00:00:00,DEN @ OKC,W,48.0,43,96,0.448,4,21,0.19,24,29,0.828,17,35,52,23,14.0,10,4,8,23,24,114,10.0,1,1,1,1,7,22,9,67,78,29,90,15,35,9,18,19,17,51,28,32,69,62,64,26,18,26,1.0
2012-13,1610612743,DEN,Denver Nuggets,0021200999,2013-03-18T00:00:00,DEN @ CHI,W,53.0,46,100,0.46,7,20,0.35,20,27,0.741,20,33,53,26,16.0,10,5,11,19,21,119,1.0,1,1,1,1,3,10,4,57,34,37,50,38,40,32,7,30,11,25,52,32,56,92,29,51,8,59,1.0
2012-13,1610612743,DEN,Denver Nuggets,0021200977,2013-03-15T00:00:00,DEN vs. MEM,W,48.0,35,77,0.455,1,12,0.083,16,22,0.727,13,29,42,18,17.0,8,10,5,17,22,87,7.0,1,1,1,1,7,81,78,59,98,92,98,63,63,37,43,62,58,83,58,58,9,19,15,40,90,33,1.0
2012-13,1610612743,DEN,Denver Nuggets,0021200964,2013-03-13T00:00:00,DEN vs. NYK,W,48.0,41,84,0.488,9,21,0.429,26,37,0.703,18,35,53,22,15.0,11,8,9,18,25,117,23.0,1,1,1,1,7,35,50,36,12,29,19,11,7,50,12,19,11,60,38,21,17,74,23,22,13,4,0.0
2012-13,1610612743,DEN,Denver Nuggets,0021200946,2013-03-11T00:00:00,DEN @ PHX,W,48.0,44,86,0.512,3,12,0.25,17,25,0.68,14,31,45,25,14.0,12,2,5,16,21,108,15.0,1,1,1,1,7,17,33,29,89,92,81,56,53,59,39,42,43,37,28,14,91,19,8,51,36,16,1.0
2012-13,1610612743,DEN,Denver Nuggets,0021200931,2013-03-09T00:00:00,DEN vs. MIN,W,48.0,42,78,0.538,9,17,0.529,18,22,0.818,6,37,43,23,19.0,13,8,7,21,21,111,23.0,1,1,1,1,7,29,75,12,12,55,4,47,63,12,97,13,54,51,73,6,17,53,47,51,29,4,1.0
2012-13,1610612743,DEN,Denver Nuggets,0021200914,2013-03-07T00:00:00,DEN vs. LAC,W,48.0,43,77,0.558,11,23,0.478,10,12,0.833,7,31,38,33,13.0,7,10,3,17,17,107,15.0,1,1,1,1,7,22,78,4,5,19,7,94,97,8,92,42,80,4,26,74,9,5,15,86,42,16,0.0
2012-13,1610612743,DEN,Denver Nuggets,0021200898,2013-03-05T00:00:00,DEN @ SAC,W,48.0,46,85,0.541,8,16,0.5,20,32,0.625,13,27,40,30,12.0,12,6,7,26,23,120,7.0,1,1,1,1,7,10,42,9,21,66,5,38,20,75,43,74,69,8,20,14,44,53,86,35,7,33,1.0
2012-13,1610612743,DEN,Denver Nuggets,0021200893,2013-03-04T00:00:00,DEN vs. ATL,W,48.0,46,86,0.535,5,15,0.333,7,9,0.778,12,36,48,30,17.0,10,6,8,19,11,104,16.0,1,1,1,1,7,10,33,13,65,78,53,99,100,20,57,18,27,8,58,32,44,62,29,100,53,15,1.0
2012-13,1610612743,DEN,Denver Nuggets,0021200875,2013-03-01T00:00:00,DEN vs. OKC,W,48.0,43,95,0.453,7,21,0.333,12,17,0.706,10,33,43,26,14.0,14,7,12,23,18,105,2.0,1,1,1,1,7,22,10,61,34,29,53,82,89,48,75,30,54,25,28,3,27,98,64,80,48,55,0.0
2012-13,1610612743,DEN,Denver Nuggets,0021200860,2013-02-27T00:00:00,DEN @ POR,W,48.0,45,87,0.517,3,14,0.214,18,31,0.581,13,29,42,29,15.0,16,6,4,24,24,111,2.0,1,1,1,1,7,14,31,24,89,84,88,47,26,91,43,62,58,14,38,1,44,10,72,26,29,55,1.0
2012-13,1610612743,DEN,Denver Nuggets,0021200841,2013-02-25T00:00:00,DEN vs. LAL,W,48.0,49,88,0.557,5,18,0.278,16,27,0.593,13,31,44,30,10.0,13,7,5,25,17,119,11.0,1,1,1,1,7,3,26,5,65,48,77,63,40,87,43,42,49,8,10,6,27,19,81,86,8,23,1.0
2012-13,1610612743,DEN,Denver Nuggets,0021200824,2013-02-23T00:00:00,DEN @ CHA,W,48.0,44,83,0.53,7,19,0.368,18,22,0.818,11,29,40,30,18.0,11,10,10,28,20,113,14.0,1,1,1,1,7,17,57,18,34,44,37,47,63,12,64,62,69,8,69,21,9,84,93,66,20,19,1.0
2012-13,1610612743,DEN,Denver Nuggets,0021200812,2013-02-22T00:00:00,DEN @ WAS,L,48.0,39,81,0.481,4,22,0.182,31,37,0.838,8,28,36,27,11.0,11,5,8,24,26,113,-6.0,1,64,64,64,7,57,64,41,78,21,93,2,7,7,89,67,86,19,15,21,56,62,72,17,20,78,1.0
2012-13,1610612743,DEN,Denver Nuggets,0021200794,2013-02-19T00:00:00,DEN vs. BOS,W,48.0,33,77,0.429,7,20,0.35,24,36,0.667,10,35,45,21,7.0,7,3,2,17,24,97,7.0,1,1,1,1,7,87,78,83,34,37,50,15,12,63,75,19,43,69,1,74,83,2,15,26,74,33,1.0
2012-13,1610612743,DEN,Denver Nuggets,0021200779,2013-02-13T00:00:00,DEN @ BKN,L,48.0,42,79,0.532,12,17,0.706,12,22,0.545,11,18,29,25,14.0,8,5,3,24,21,108,-11.0,1,64,64,64,7,29,72,16,2,55,1,82,63,98,64,99,98,37,28,58,56,5,72,51,36,85,1.0
2012-13,1610612743,DEN,Denver Nuggets,0021200769,2013-02-12T00:00:00,DEN @ TOR,L,48.0,44,85,0.518,6,16,0.375,14,20,0.7,18,27,45,24,19.0,13,5,5,20,21,108,-1.0,1,64,64,64,7,17,42,23,52,66,34,73,79,51,12,74,43,45,73,6,56,19,40,51,36,64,1.0
2012-13,1610612743,DEN,Denver Nuggets,0021200754,2013-02-10T00:00:00,DEN @ BOS,L,63.0,48,113,0.425,8,26,0.308,10,17,0.588,15,50,65,25,21.0,10,11,8,19,19,114,-4.0,1,64,64,64,1,6,1,86,21,9,68,94,89,89,31,1,1,37,85,32,6,62,29,74,18,72,1.0
2012-13,1610612743,DEN,Denver Nuggets,0021200747,2013-02-09T00:00:00,DEN @ CLE,W,48.0,40,80,0.5,6,17,0.353,25,34,0.735,15,31,46,23,20.0,9,8,5,21,23,111,8.0,1,1,1,1,7,43,67,32,52,55,45,13,16,34,31,42,36,51,78,44,17,19,47,35,29,30,1.0
2012-13,1610612743,DEN,Denver Nuggets,0021200734,2013-02-07T00:00:00,DEN vs. CHI,W,48.0,50,86,0.581,9,19,0.474,19,23,0.826,16,30,46,29,10.0,11,8,4,16,16,128,32.0,1,1,1,1,7,2,33,1,12,44,10,42,61,10,24,50,36,14,10,21,17,10,8,92,2,1,1.0
2012-13,1610612743,DEN,Denver Nuggets,0021200719,2013-02-05T00:00:00,DEN vs. MIL,W,48.0,40,91,0.44,5,16,0.313,27,37,0.73,16,37,53,26,17.0,9,12,11,19,28,112,8.0,1,1,1,1,7,43,21,74,65,66,65,9,7,36,24,13,11,25,58,44,1,92,29,8,25,30,1.0
2012-13,1610612743,DEN,Denver Nuggets,0021200692,2013-02-01T00:00:00,DEN vs. NOH,W,48.0,44,84,0.524,7,22,0.318,18,22,0.818,7,25,32,29,9.0,14,6,8,20,20,113,15.0,1,1,1,1,7,17,50,21,34,21,64,47,63,12,92,83,96,14,6,3,44,62,40,66,20,16,1.0
2012-13,1610612743,DEN,Denver Nuggets,0021200679,2013-01-30T00:00:00,DEN vs. HOU,W,48.0,42,82,0.512,8,28,0.286,26,36,0.722,9,31,40,21,20.0,9,7,6,23,29,118,8.0,1,1,1,1,7,29,59,28,21,3,74,11,12,39,81,42,69,69,78,44,27,39,64,7,10,30,1.0
2012-13,1610612743,DEN,Denver Nuggets,0021200664,2013-01-28T00:00:00,DEN vs. IND,W,48.0,37,78,0.474,7,14,0.5,21,30,0.7,9,32,41,23,15.0,10,4,5,23,27,102,1.0,1,1,1,1,7,69,75,48,34,84,5,30,31,51,81,38,63,51,38,32,69,19,64,14,59,59,1.0
2012-13,1610612743,DEN,Denver Nuggets,0021200649,2013-01-26T00:00:00,DEN vs. SAC,W,48.0,47,89,0.528,13,31,0.419,14,17,0.824,10,41,51,34,17.0,13,7,5,21,16,121,28.0,1,1,1,1,7,7,23,19,1,1,23,73,89,11,75,6,22,3,58,6,27,19,47,92,5,2,1.0
2012-13,1610612743,DEN,Denver Nuggets,0021200622,2013-01-23T00:00:00,DEN @ HOU,W,48.0,40,86,0.465,8,21,0.381,17,25,0.68,11,30,41,22,15.0,13,8,7,12,21,105,10.0,1,1,1,1,7,43,33,50,21,29,33,56,53,59,64,50,63,60,38,6,17,53,2,51,48,26,1.0
2012-13,1610612743,DEN,Denver Nuggets,0021200604,2013-01-20T00:00:00,DEN vs. OKC,W,53.0,45,93,0.484,8,18,0.444,23,34,0.676,20,30,50,26,24.0,9,6,5,33,28,121,3.0,1,1,1,1,3,14,15,40,21,48,13,21,16,62,7,50,23,25,96,44,44,19,99,8,5,51,1.0
2012-13,1610612743,DEN,Denver Nuggets,0021200591,2013-01-18T00:00:00,DEN vs. WAS,L,48.0,41,84,0.488,7,16,0.438,19,31,0.613,9,25,34,17,14.0,13,4,9,23,20,108,-4.0,1,64,64,64,7,35,50,36,34,66,16,42,26,81,81,83,90,88,28,6,69,74,64,66,36,72,1.0
2012-13,1610612743,DEN,Denver Nuggets,0021200574,2013-01-16T00:00:00,DEN @ OKC,L,48.0,33,73,0.452,2,15,0.133,29,37,0.784,11,24,35,21,21.0,7,8,11,23,27,97,-20.0,1,64,64,64,7,87,88,64,95,78,96,4,7,19,64,91,87,69,85,74,17,92,64,14,74,97,1.0
2012-13,1610612743,DEN,Denver Nuggets,0021200568,2013-01-15T00:00:00,DEN vs. POR,W,53.0,47,99,0.475,9,25,0.36,12,19,0.632,11,28,39,31,10.0,12,2,7,23,20,115,4.0,1,1,1,1,3,7,5,47,12,12,43,82,84,72,64,67,75,6,10,14,91,53,64,66,17,49,1.0
2012-13,1610612743,DEN,Denver Nuggets,0021200553,2013-01-13T00:00:00,DEN vs. GSW,W,48.0,43,90,0.478,9,27,0.333,21,27,0.778,14,30,44,27,8.0,11,2,5,16,24,116,11.0,1,1,1,1,7,22,22,44,12,7,53,30,40,20,39,50,49,19,3,21,91,19,8,26,15,23,1.0
2012-13,1610612743,DEN,Denver Nuggets,0021200538,2013-01-11T00:00:00,DEN vs. CLE,W,48.0,36,82,0.439,4,16,0.25,22,31,0.71,19,37,56,24,22.0,4,7,4,21,30,98,7.0,1,1,1,1,7,77,59,75,78,66,81,25,26,45,11,13,7,45,89,96,27,10,47,2,73,33,1.0
2012-13,1610612743,DEN,Denver Nuggets,0021200524,2013-01-09T00:00:00,DEN vs. ORL,W,48.0,41,94,0.436,4,12,0.333,22,36,0.611,18,30,48,24,10.0,6,6,11,7,27,108,3.0,1,1,1,1,7,35,12,78,78,92,53,25,12,82,12,50,27,45,10,81,44,92,1,14,36,51,1.0
2012-13,1610612743,DEN,Denver Nuggets,0021200503,2013-01-06T00:00:00,DEN @ LAL,W,48.0,44,101,0.436,9,24,0.375,15,23,0.652,17,27,44,33,10.0,10,6,11,21,20,112,7.0,1,1,1,1,7,17,3,79,12,15,34,68,61,67,18,74,49,4,10,32,44,92,47,66,25,33,1.0
2012-13,1610612743,DEN,Denver Nuggets,0021200497,2013-01-05T00:00:00,DEN vs. UTA,W,48.0,39,76,0.513,4,11,0.364,28,39,0.718,13,35,48,20,19.0,7,7,6,22,28,110,19.0,1,1,1,1,7,57,82,27,78,95,39,7,4,42,43,19,27,75,73,74,27,39,57,8,32,11,1.0
2012-13,1610612743,DEN,Denver Nuggets,0021200477,2013-01-03T00:00:00,DEN vs. MIN,L,48.0,40,86,0.465,6,22,0.273,11,20,0.55,11,28,39,27,8.0,11,11,3,26,17,97,-4.0,1,64,64,64,7,43,33,50,52,21,78,90,79,97,64,67,75,19,3,21,6,5,86,86,74,72,1.0
2012-13,1610612743,DEN,Denver Nuggets,0021200462,2013-01-01T00:00:00,DEN vs. LAC,W,48.0,37,82,0.451,7,23,0.304,11,21,0.524,15,37,52,28,16.0,11,4,7,26,18,92,14.0,1,1,1,1,7,69,59,65,34,19,69,90,71,99,31,13,17,17,52,21,69,53,86,80,86,19,0.0
2012-13,1610612743,DEN,Denver Nuggets,0021200442,2012-12-29T00:00:00,DEN @ MEM,L,48.0,29,68,0.426,3,16,0.188,11,18,0.611,10,31,41,17,17.0,5,7,6,17,17,72,-9.0,1,64,64,64,7,96,95,85,89,66,91,90,87,82,75,42,63,88,58,90,27,39,15,86,99,82,1.0
2012-13,1610612743,DEN,Denver Nuggets,0021200431,2012-12-28T00:00:00,DEN @ DAL,W,48.0,43,94,0.457,12,28,0.429,8,14,0.571,17,43,60,25,19.0,10,2,5,24,15,106,21.0,1,1,1,1,7,22,12,58,2,3,19,97,95,92,18,3,3,37,73,32,91,19,72,97,45,8,1.0
2012-13,1610612743,DEN,Denver Nuggets,0021200419,2012-12-26T00:00:00,DEN vs. LAL,W,48.0,45,94,0.479,12,22,0.545,24,32,0.75,20,28,48,31,11.0,10,7,8,23,23,126,12.0,1,1,1,1,7,14,12,43,2,21,3,15,20,30,7,67,27,6,15,32,27,62,64,35,3,21,1.0
2012-13,1610612743,DEN,Denver Nuggets,0021200409,2012-12-25T00:00:00,DEN @ LAC,L,48.0,40,80,0.5,3,13,0.231,17,24,0.708,9,33,42,26,18.0,8,4,6,16,21,100,-12.0,1,64,64,64,7,43,67,32,89,90,86,56,57,46,81,30,58,25,69,58,69,39,8,51,68,87,1.0
2012-13,1610612743,DEN,Denver Nuggets,0021200396,2012-12-22T00:00:00,DEN vs. CHA,W,48.0,47,92,0.511,6,20,0.3,10,15,0.667,12,34,46,36,12.0,8,12,14,21,16,110,22.0,1,1,1,1,7,7,18,30,52,37,70,94,94,63,57,27,36,2,20,58,1,100,47,92,32,6,1.0
2012-13,1610612743,DEN,Denver Nuggets,0021200379,2012-12-20T00:00:00,DEN @ POR,L,48.0,38,98,0.388,0,22,0.0,17,24,0.708,17,42,59,20,9.0,5,6,7,20,21,93,-8.0,1,64,64,64,7,61,7,92,99,21,99,56,57,46,18,4,4,75,6,90,44,53,40,51,83,81,1.0
2012-13,1610612743,DEN,Denver Nuggets,0021200363,2012-12-18T00:00:00,DEN vs. SAS,W,48.0,38,87,0.437,7,19,0.368,29,42,0.69,13,45,58,23,15.0,11,10,9,17,25,112,6.0,1,1,1,1,7,61,31,77,34,44,37,4,3,55,43,2,5,51,38,21,9,74,15,22,25,41,1.0
2012-13,1610612743,DEN,Denver Nuggets,0021200348,2012-12-16T00:00:00,DEN @ SAC,W,48.0,46,85,0.541,8,18,0.444,22,29,0.759,17,35,52,27,11.0,6,5,1,25,19,122,25.0,1,1,1,1,7,10,42,9,21,48,13,25,35,28,18,19,17,19,15,81,56,1,81,74,4,3,1.0
2012-13,1610612743,DEN,Denver Nuggets,0021200335,2012-12-14T00:00:00,DEN vs. MEM,W,48.0,36,69,0.522,4,10,0.4,23,26,0.885,7,28,35,20,20.0,8,10,8,19,28,99,5.0,1,1,1,1,7,77,94,22,78,99,25,21,49,2,92,67,87,75,78,58,9,62,29,8,71,47,1.0
2012-13,1610612743,DEN,Denver Nuggets,0021200319,2012-12-12T00:00:00,DEN @ MIN,L,48.0,42,83,0.506,7,16,0.438,14,24,0.583,12,30,42,24,19.0,8,5,6,30,22,105,-3.0,1,64,64,64,7,29,57,31,34,66,16,73,57,90,57,50,58,45,73,58,56,39,97,40,48,69,1.0
2012-13,1610612743,DEN,Denver Nuggets,0021200306,2012-12-11T00:00:00,DEN @ DET,W,48.0,37,80,0.463,6,17,0.353,21,34,0.618,7,30,37,22,9.0,10,12,10,19,28,101,7.0,1,1,1,1,7,69,67,55,52,55,45,30,16,79,92,50,83,60,6,32,1,84,29,8,62,33,1.0
2012-13,1610612743,DEN,Denver Nuggets,0021200295,2012-12-09T00:00:00,DEN @ NYK,L,48.0,40,72,0.556,5,17,0.294,21,29,0.724,5,35,40,18,16.0,4,6,2,22,22,106,-6.0,1,64,64,64,7,43,91,6,65,55,73,30,35,38,99,19,69,83,52,96,44,2,57,40,45,78,1.0
2012-13,1610612743,DEN,Denver Nuggets,0021200271,2012-12-07T00:00:00,DEN @ IND,W,48.0,38,86,0.442,3,17,0.176,13,20,0.65,10,27,37,24,8.0,10,4,9,17,22,92,3.0,1,1,1,1,7,61,33,72,89,55,95,76,79,68,75,74,83,45,3,32,69,74,15,40,86,51,1.0
2012-13,1610612743,DEN,Denver Nuggets,0021200260,2012-12-05T00:00:00,DEN @ ATL,L,48.0,38,79,0.481,7,17,0.412,21,25,0.84,11,29,40,24,20.0,10,4,5,25,19,104,-4.0,1,64,64,64,7,61,72,42,34,55,24,30,53,6,64,62,69,45,78,32,69,19,81,74,53,72,1.0
2012-13,1610612743,DEN,Denver Nuggets,0021200248,2012-12-03T00:00:00,DEN vs. TOR,W,48.0,40,85,0.471,6,15,0.4,27,43,0.628,23,30,53,25,17.0,11,7,9,20,30,113,3.0,1,1,1,1,7,43,42,49,52,78,25,9,2,74,1,50,11,37,58,21,27,74,40,2,20,51,1.0
2012-13,1610612743,DEN,Denver Nuggets,0021200232,2012-11-30T00:00:00,DEN @ LAL,L,48.0,40,86,0.465,8,24,0.333,15,22,0.682,13,25,38,22,16.0,8,1,6,19,22,103,-19.0,1,64,64,64,7,43,33,50,21,15,53,68,63,57,43,83,80,60,52,58,98,39,29,40,57,96,1.0
2012-13,1610612743,DEN,Denver Nuggets,0021200221,2012-11-29T00:00:00,DEN @ GSW,L,48.0,38,84,0.452,10,21,0.476,19,24,0.792,10,30,40,25,15.0,9,7,5,16,22,105,-1.0,1,64,64,64,7,61,50,62,7,29,8,42,57,18,75,50,69,37,38,44,27,19,8,40,48,64,1.0
2012-13,1610612743,DEN,Denver Nuggets,0021200202,2012-11-26T00:00:00,DEN @ UTA,L,48.0,40,73,0.548,5,14,0.357,18,32,0.563,13,25,38,22,17.0,6,5,6,26,30,103,-2.0,1,64,64,64,7,43,88,7,65,84,44,47,20,96,43,83,80,60,58,81,56,39,86,2,57,67,1.0
2012-13,1610612743,DEN,Denver Nuggets,0021200196,2012-11-25T00:00:00,DEN vs. NOH,W,48.0,40,75,0.533,5,13,0.385,17,21,0.81,9,32,41,27,15.0,9,12,6,20,18,102,18.0,1,1,1,1,7,43,85,14,65,90,32,56,71,15,81,38,63,19,38,44,1,39,40,80,59,12,1.0
2012-13,1610612743,DEN,Denver Nuggets,0021200179,2012-11-23T00:00:00,DEN vs. GSW,W,48.0,40,84,0.476,5,19,0.263,17,30,0.567,11,28,39,21,12.0,9,7,5,18,30,102,11.0,1,1,1,1,7,43,50,46,65,44,80,56,31,95,64,67,75,69,20,44,27,19,23,2,59,23,1.0
2012-13,1610612743,DEN,Denver Nuggets,0021200166,2012-11-21T00:00:00,DEN @ MIN,W,48.0,35,79,0.443,9,21,0.429,22,26,0.846,14,35,49,16,20.0,5,8,4,24,21,101,7.0,1,1,1,1,7,81,72,71,12,29,19,25,49,5,39,19,25,91,78,90,17,10,72,51,62,33,1.0
2012-13,1610612743,DEN,Denver Nuggets,0021200150,2012-11-19T00:00:00,DEN @ MEM,W,48.0,36,81,0.444,5,15,0.333,20,28,0.714,21,26,47,21,17.0,9,3,4,15,20,97,5.0,1,1,1,1,7,77,64,70,65,78,53,38,38,43,4,81,34,69,58,44,83,10,4,66,74,47,1.0
2012-13,1610612743,DEN,Denver Nuggets,0021200137,2012-11-17T00:00:00,DEN @ SAS,L,48.0,39,78,0.5,4,11,0.364,18,26,0.692,12,27,39,19,22.0,8,2,6,19,21,100,-26.0,1,64,64,64,7,57,75,32,78,95,39,47,49,54,57,74,75,79,89,58,91,39,29,51,68,100,1.0
2012-13,1610612743,DEN,Denver Nuggets,0021200121,2012-11-15T00:00:00,DEN vs. MIA,L,48.0,37,88,0.42,6,20,0.3,13,19,0.684,21,27,48,19,14.0,6,7,9,20,14,93,-5.0,1,64,64,64,7,69,26,88,52,37,70,76,84,56,4,74,27,79,28,81,27,74,40,98,83,77,0.0
2012-13,1610612743,DEN,Denver Nuggets,0021200101,2012-11-12T00:00:00,DEN @ PHX,L,48.0,41,76,0.539,7,16,0.438,11,18,0.611,9,34,43,26,15.0,2,10,4,21,19,100,-10.0,1,64,64,64,7,35,82,11,34,66,16,90,87,82,81,27,54,25,38,100,9,10,47,74,68,84,1.0
2012-13,1610612743,DEN,Denver Nuggets,0021200089,2012-11-10T00:00:00,DEN @ GSW,W,58.0,43,113,0.381,5,24,0.208,16,27,0.593,23,42,65,30,15.0,9,9,5,21,26,107,6.0,1,1,1,1,2,22,1,94,65,15,89,63,40,87,1,4,1,8,38,44,15,19,47,17,42,41,1.0
2012-13,1610612743,DEN,Denver Nuggets,0021200079,2012-11-09T00:00:00,DEN vs. UTA,W,48.0,40,92,0.435,6,17,0.353,18,25,0.72,13,40,53,26,12.0,11,12,12,17,21,104,20.0,1,1,1,1,7,43,18,82,52,55,45,47,53,40,43,7,11,25,20,21,1,98,15,51,53,9,0.0
2012-13,1610612743,DEN,Denver Nuggets,0021200059,2012-11-07T00:00:00,DEN @ HOU,W,48.0,37,82,0.451,7,18,0.389,12,21,0.571,16,33,49,20,22.0,9,5,2,16,22,93,6.0,1,1,1,1,7,69,59,65,34,48,29,82,71,92,24,30,25,75,89,44,56,2,8,40,83,41,1.0
2012-13,1610612743,DEN,Denver Nuggets,0021200052,2012-11-06T00:00:00,DEN vs. DET,W,48.0,41,92,0.446,10,30,0.333,17,22,0.773,21,31,52,23,15.0,9,11,9,21,19,109,12.0,1,1,1,1,7,35,18,69,7,2,53,56,63,25,4,42,17,51,38,44,6,74,47,74,34,21,1.0
2012-13,1610612743,DEN,Denver Nuggets,0021200030,2012-11-03T00:00:00,DEN @ MIA,L,48.0,49,95,0.516,5,21,0.238,13,20,0.65,18,29,47,13,15.0,5,3,8,21,16,116,-3.0,1,64,64,64,7,3,10,25,65,29,85,76,79,68,12,62,34,97,38,90,83,62,47,92,15,69,1.0
2012-13,1610612743,DEN,Denver Nuggets,0021200016,2012-11-02T00:00:00,DEN @ ORL,L,48.0,32,84,0.381,7,26,0.269,18,27,0.667,15,30,45,22,14.0,5,5,8,17,24,89,-13.0,1,64,64,64,7,92,50,93,34,9,79,47,40,63,31,50,43,60,28,90,56,62,15,26,88,89,1.0
2012-13,1610612743,DEN,Denver Nuggets,0021200005,2012-10-31T00:00:00,DEN @ PHI,L,48.0,33,88,0.375,4,18,0.222,5,11,0.455,16,38,54,19,22.0,9,5,11,22,14,75,-9.0,1,64,64,64,7,87,26,97,78,48,87,100,99,100,24,11,8,79,89,44,56,92,57,98,97,82,1.0
2012-13,1610612743,DEN,Denver Nuggets,0011200117,2012-10-26T00:00:00,DEN @ PHX,L,48.0,31,85,0.365,2,11,0.182,8,12,0.667,15,39,54,19,27.0,9,6,10,18,18,72,-16.0,1,64,64,64,7,94,42,98,95,95,93,97,97,63,31,9,8,79,99,44,44,84,23,80,99,94,
2012-13,1610612743,DEN,Denver Nuggets,0011200109,2012-10-25T00:00:00,DEN vs. LAC,L,48.0,32,80,0.4,8,22,0.364,22,36,0.611,22,26,48,23,12.0,3,7,8,22,23,94,-12.0,1,64,64,64,7,92,67,89,21,21,39,25,12,82,3,81,27,51,20,99,27,62,57,35,82,87,
2012-13,1610612743,DEN,Denver Nuggets,0011200087,2012-10-21T00:00:00,DEN @ OKC,L,48.0,38,84,0.452,10,22,0.455,15,22,0.682,16,28,44,26,15.0,8,4,10,15,22,101,-7.0,1,64,64,64,7,61,50,62,7,21,12,68,63,57,24,67,49,25,38,58,69,84,4,40,62,80,
2012-13,1610612743,DEN,Denver Nuggets,0011200064,2012-10-17T00:00:00,DEN @ POR,L,48.0,27,71,0.38,2,20,0.1,24,31,0.774,13,32,45,14,22.0,8,3,6,18,24,80,-17.0,1,64,64,64,7,98,92,95,95,37,97,15,26,24,43,38,43,94,89,58,83,39,23,26,95,95,
2012-13,1610612743,DEN,Denver Nuggets,0011200049,2012-10-15T00:00:00,DEN vs. GSW,W,48.0,35,88,0.398,9,28,0.321,25,34,0.735,17,35,52,23,16.0,8,7,6,20,30,104,6.0,1,1,1,1,7,81,26,90,12,3,62,13,16,34,18,19,17,51,52,58,27,39,40,2,53,41,
2012-13,1610612743,DEN,Denver Nuggets,0011200036,2012-10-12T00:00:00,DEN @ SAS,W,48.0,36,82,0.439,6,17,0.353,19,32,0.594,15,33,48,16,25.0,12,3,9,27,25,97,6.0,1,1,1,1,7,77,59,75,52,55,45,42,20,86,31,30,27,91,97,14,83,74,91,22,74,41,
2012-13,1610612743,DEN,Denver Nuggets,0011200005,2012-10-06T00:00:00,DEN @ LAC,W,48.0,41,77,0.532,8,17,0.471,16,26,0.615,9,25,34,25,26.0,13,3,8,24,25,106,2.0,1,1,1,1,7,35,78,15,21,55,11,63,49,80,81,83,90,37,98,6,83,62,72,22,45,55,
2012-13,1610612744,GSW,Golden State Warriors,0041200236,2013-05-16T00:00:00,GSW vs. SAS,L,48.0,33,85,0.388,4,16,0.25,12,19,0.632,11,29,40,18,12.0,7,3,4,25,20,82,-12.0,1,65,65,65,7,85,35,93,96,83,92,88,71,95,47,82,73,82,17,46,70,39,77,49,101,94,1.0
2012-13,1610612744,GSW,Golden State Warriors,0041200235,2013-05-14T00:00:00,GSW @ SAS,L,48.0,35,75,0.467,6,16,0.375,15,23,0.652,7,29,36,18,14.0,8,5,3,20,20,91,-18.0,1,65,65,65,7,71,85,48,74,83,64,59,41,91,85,82,92,82,34,32,27,22,32,49,86,100,1.0
2012-13,1610612744,GSW,Golden State Warriors,0041200234,2013-05-12T00:00:00,GSW vs. SAS,W,53.0,35,92,0.38,7,18,0.389,20,25,0.8,19,46,65,19,18.0,6,1,7,26,25,97,10.0,1,1,1,1,3,71,12,97,59,64,62,26,28,44,1,3,1,74,77,59,98,83,87,14,64,23,1.0
2012-13,1610612744,GSW,Golden State Warriors,0041200233,2013-05-10T00:00:00,GSW vs. SAS,L,48.0,35,89,0.393,6,19,0.316,16,20,0.8,16,32,48,20,11.0,3,1,3,24,19,92,-10.0,1,65,65,65,7,71,21,92,74,55,81,53,59,44,6,60,30,68,9,99,98,22,68,58,81,86,0.0
2012-13,1610612744,GSW,Golden State Warriors,0041200232,2013-05-08T00:00:00,GSW @ SAS,W,48.0,38,84,0.452,11,23,0.478,13,20,0.65,13,37,50,19,10.0,6,4,5,20,19,100,9.0,1,1,1,1,7,43,40,59,13,23,26,75,59,92,20,28,22,74,3,59,47,58,32,58,54,29,1.0
2012-13,1610612744,GSW,Golden State Warriors,0041200231,2013-05-06T00:00:00,GSW @ SAS,L,58.0,51,100,0.51,11,30,0.367,14,24,0.583,12,43,55,23,21.0,8,5,3,29,21,127,-2.0,1,65,65,65,1,1,3,24,13,1,71,67,34,107,35,8,7,41,96,32,27,22,100,42,2,65,0.0
2012-13,1610612744,GSW,Golden State Warriors,0041200166,2013-05-02T00:00:00,GSW vs. DEN,W,48.0,31,77,0.403,7,25,0.28,23,24,0.958,13,42,55,17,21.0,3,5,3,19,22,92,4.0,1,1,1,1,7,97,80,89,59,12,87,14,34,2,20,11,7,88,96,99,27,22,23,30,81,48,0.0
2012-13,1610612744,GSW,Golden State Warriors,0041200165,2013-04-30T00:00:00,GSW @ DEN,L,48.0,35,81,0.432,11,28,0.393,19,25,0.76,9,33,42,20,17.0,5,9,6,23,25,100,-7.0,1,65,65,65,7,71,58,73,13,3,60,32,28,67,64,48,60,68,67,71,5,74,61,14,54,76,1.0
2012-13,1610612744,GSW,Golden State Warriors,0041200164,2013-04-28T00:00:00,GSW vs. DEN,W,48.0,44,79,0.557,11,26,0.423,16,23,0.696,7,22,29,27,16.0,13,5,2,26,27,115,14.0,1,1,1,1,7,14,68,6,13,7,42,53,41,87,85,106,107,16,55,4,27,12,87,6,9,15,1.0
2012-13,1610612744,GSW,Golden State Warriors,0041200163,2013-04-26T00:00:00,GSW vs. DEN,W,48.0,42,80,0.525,8,20,0.4,18,23,0.783,12,30,42,26,23.0,7,7,1,20,25,110,2.0,1,1,1,1,7,23,62,13,49,40,54,39,41,55,35,76,60,20,106,46,13,3,32,14,18,60,1.0
2012-13,1610612744,GSW,Golden State Warriors,0041200162,2013-04-23T00:00:00,GSW @ DEN,W,48.0,51,79,0.646,14,25,0.56,15,20,0.75,6,30,36,26,17.0,7,4,1,32,22,131,14.0,1,1,1,1,7,1,68,1,2,12,8,59,59,68,97,76,92,20,67,46,47,3,104,30,1,15,1.0
2012-13,1610612744,GSW,Golden State Warriors,0041200161,2013-04-20T00:00:00,GSW @ DEN,L,48.0,38,92,0.413,8,22,0.364,11,15,0.733,13,42,55,27,18.0,4,10,4,21,18,95,-2.0,1,65,65,65,7,43,12,85,49,30,72,95,90,76,20,11,7,16,77,88,2,39,38,63,71,65,1.0
2012-13,1610612744,GSW,Golden State Warriors,0021201230,2013-04-17T00:00:00,GSW @ POR,W,48.0,40,93,0.43,9,21,0.429,10,13,0.769,14,38,52,21,12.0,7,3,5,17,13,99,11.0,1,1,1,1,7,34,9,75,32,34,40,98,97,62,15,24,15,57,17,46,70,58,12,100,58,19,1.0
2012-13,1610612744,GSW,Golden State Warriors,0021201212,2013-04-15T00:00:00,GSW vs. SAS,W,48.0,46,85,0.541,9,20,0.45,15,18,0.833,9,44,53,26,21.0,9,7,1,17,18,116,10.0,1,1,1,1,7,6,35,7,32,40,33,59,76,30,64,5,13,20,96,22,13,3,12,63,6,23,1.0
2012-13,1610612744,GSW,Golden State Warriors,0021201189,2013-04-12T00:00:00,GSW @ LAL,L,48.0,46,97,0.474,11,26,0.423,13,16,0.813,15,29,44,25,8.0,7,4,2,33,17,116,-2.0,1,65,65,65,7,6,5,44,13,7,42,75,85,40,10,82,50,26,1,46,47,12,105,75,6,65,1.0
2012-13,1610612744,GSW,Golden State Warriors,0021201175,2013-04-11T00:00:00,GSW vs. OKC,L,48.0,37,84,0.44,7,16,0.438,16,26,0.615,7,32,39,16,16.0,10,3,10,19,21,97,-19.0,1,65,65,65,7,52,40,67,59,83,38,53,22,97,85,60,78,93,55,12,70,101,23,42,64,102,0.0
2012-13,1610612744,GSW,Golden State Warriors,0021201163,2013-04-09T00:00:00,GSW vs. MIN,W,48.0,39,91,0.429,10,24,0.417,17,22,0.773,12,48,60,24,13.0,7,6,6,19,18,105,16.0,1,1,1,1,7,37,16,76,21,16,45,45,51,59,35,1,3,36,24,46,18,74,23,63,35,12,1.0
2012-13,1610612744,GSW,Golden State Warriors,0021201151,2013-04-07T00:00:00,GSW vs. UTA,L,48.0,35,74,0.473,7,17,0.412,13,18,0.722,8,33,41,21,17.0,5,2,6,15,14,90,-7.0,1,65,65,65,7,71,91,45,59,72,47,75,76,78,75,48,68,57,67,71,87,74,4,95,89,76,1.0
2012-13,1610612744,GSW,Golden State Warriors,0021201134,2013-04-05T00:00:00,GSW @ PHX,W,48.0,44,86,0.512,9,16,0.563,14,16,0.875,12,18,30,26,14.0,15,1,5,21,17,111,4.0,1,1,1,1,7,14,27,21,32,83,6,67,85,12,35,107,105,20,34,1,98,58,38,75,17,48,1.0
2012-13,1610612744,GSW,Golden State Warriors,0021201122,2013-04-03T00:00:00,GSW vs. NOH,W,48.0,36,78,0.462,7,19,0.368,19,22,0.864,11,36,47,25,13.0,5,8,4,21,23,98,10.0,1,1,1,1,7,63,72,52,59,55,69,32,51,18,47,32,36,26,24,71,9,39,38,24,59,23,1.0
2012-13,1610612744,GSW,Golden State Warriors,0021201094,2013-03-30T00:00:00,GSW vs. POR,W,48.0,47,87,0.54,9,20,0.45,22,27,0.815,11,41,52,22,10.0,6,8,1,24,18,125,27.0,1,1,1,1,7,4,24,8,32,40,33,17,18,38,47,14,15,49,3,59,9,3,68,63,4,4,1.0
2012-13,1610612744,GSW,Golden State Warriors,0021201069,2013-03-27T00:00:00,GSW vs. SAC,L,48.0,41,90,0.456,5,24,0.208,11,13,0.846,13,28,41,30,14.0,9,4,1,19,14,98,-7.0,1,65,65,65,7,27,18,57,87,16,103,95,97,27,20,88,68,6,34,22,47,3,23,95,59,76,1.0
2012-13,1610612744,GSW,Golden State Warriors,0021201053,2013-03-25T00:00:00,GSW vs. LAL,W,48.0,43,90,0.478,10,23,0.435,13,19,0.684,9,39,48,22,11.0,3,4,2,27,15,109,6.0,1,1,1,1,7,19,18,40,21,23,39,75,71,90,64,21,30,49,9,99,47,12,94,88,20,44,1.0
2012-13,1610612744,GSW,Golden State Warriors,0021201039,2013-03-23T00:00:00,GSW vs. WAS,W,48.0,37,75,0.493,10,20,0.5,17,22,0.773,8,34,42,25,22.0,5,4,1,17,22,101,9.0,1,1,1,1,7,52,85,34,21,40,17,45,51,59,75,40,60,26,103,71,47,3,12,30,48,29,1.0
2012-13,1610612744,GSW,Golden State Warriors,0021201016,2013-03-20T00:00:00,GSW @ SAS,L,48.0,37,84,0.44,6,12,0.5,13,15,0.867,12,27,39,16,17.0,9,4,7,17,13,93,-11.0,1,65,65,65,7,52,40,67,74,104,17,75,90,15,35,92,78,93,67,22,47,83,12,100,77,90,1.0
2012-13,1610612744,GSW,Golden State Warriors,0021201001,2013-03-18T00:00:00,GSW @ NOH,W,48.0,35,70,0.5,10,19,0.526,13,15,0.867,6,38,44,21,16.0,6,7,5,20,13,93,21.0,1,1,1,1,7,71,103,27,21,55,14,75,90,15,97,24,50,57,55,59,13,58,32,100,77,7,1.0
2012-13,1610612744,GSW,Golden State Warriors,0021200988,2013-03-17T00:00:00,GSW @ HOU,W,48.0,44,96,0.458,13,26,0.5,7,9,0.778,8,42,50,27,10.0,7,6,5,17,15,108,30.0,1,1,1,1,7,14,6,53,4,7,17,103,105,56,75,11,22,16,3,46,18,58,12,88,24,2,1.0
2012-13,1610612744,GSW,Golden State Warriors,0021200978,2013-03-15T00:00:00,GSW vs. CHI,L,48.0,34,76,0.447,3,14,0.214,24,30,0.8,7,27,34,16,12.0,8,7,0,17,22,95,-18.0,1,65,65,65,7,79,83,64,100,102,101,7,9,44,85,92,100,93,17,32,13,1,12,30,71,100,1.0
2012-13,1610612744,GSW,Golden State Warriors,0021200966,2013-03-13T00:00:00,GSW vs. DET,W,48.0,41,72,0.569,8,18,0.444,15,25,0.6,11,31,42,27,13.0,5,9,0,15,22,105,8.0,1,1,1,1,7,27,97,3,49,64,36,59,28,100,47,71,60,16,24,71,5,1,4,30,35,33,0.0
2012-13,1610612744,GSW,Golden State Warriors,0021200947,2013-03-11T00:00:00,GSW vs. NYK,W,48.0,32,78,0.41,11,20,0.55,17,24,0.708,13,46,59,16,14.0,7,4,2,25,27,92,29.0,1,1,1,1,7,94,72,86,13,40,10,45,34,81,20,3,4,93,34,46,47,12,77,6,81,3,1.0
2012-13,1610612744,GSW,Golden State Warriors,0021200933,2013-03-09T00:00:00,GSW vs. MIL,L,48.0,37,82,0.451,6,15,0.4,13,20,0.65,12,35,47,21,17.0,4,1,5,21,20,93,-10.0,1,65,65,65,7,52,53,62,74,94,54,75,59,92,35,36,36,57,67,88,98,58,38,49,77,86,1.0
2012-13,1610612744,GSW,Golden State Warriors,0021200926,2013-03-08T00:00:00,GSW vs. HOU,L,48.0,33,87,0.379,9,21,0.429,13,20,0.65,12,39,51,18,16.0,6,4,2,25,17,88,-6.0,1,65,65,65,7,85,24,98,32,34,40,75,59,92,35,21,21,82,55,59,47,12,77,75,92,72,0.0
2012-13,1610612744,GSW,Golden State Warriors,0021200912,2013-03-06T00:00:00,GSW vs. SAC,W,48.0,27,75,0.36,8,23,0.348,25,29,0.862,6,40,46,19,18.0,9,4,4,14,24,87,4.0,1,1,1,1,7,104,85,101,49,23,78,6,13,20,97,19,43,74,77,22,47,39,1,19,94,48,1.0
2012-13,1610612744,GSW,Golden State Warriors,0021200895,2013-03-04T00:00:00,GSW vs. TOR,W,48.0,47,82,0.573,8,17,0.471,23,28,0.821,6,32,38,33,14.0,3,4,5,27,26,125,7.0,1,1,1,1,7,4,53,2,49,72,29,14,15,36,97,60,86,2,34,99,47,58,94,8,4,38,1.0
2012-13,1610612744,GSW,Golden State Warriors,0021200876,2013-03-02T00:00:00,GSW @ PHI,L,48.0,36,86,0.419,10,26,0.385,15,19,0.789,11,24,35,22,20.0,14,3,5,14,18,97,-7.0,1,65,65,65,7,63,27,83,21,7,63,59,71,53,47,102,95,49,94,3,70,58,1,63,64,76,1.0
2012-13,1610612744,GSW,Golden State Warriors,0021200867,2013-03-01T00:00:00,GSW @ BOS,L,48.0,32,94,0.34,5,23,0.217,17,22,0.773,13,41,54,17,12.0,6,1,5,24,20,86,-8.0,1,65,65,65,7,94,7,103,87,23,100,45,51,59,20,14,10,88,17,59,98,58,68,49,98,83,1.0
2012-13,1610612744,GSW,Golden State Warriors,0021200853,2013-02-27T00:00:00,GSW @ NYK,L,48.0,36,72,0.5,15,27,0.556,18,21,0.857,5,33,38,14,18.0,6,4,3,23,23,105,-4.0,1,65,65,65,7,63,97,27,1,5,9,39,58,21,104,48,86,99,77,59,47,22,61,24,35,70,1.0
2012-13,1610612744,GSW,Golden State Warriors,0021200844,2013-02-26T00:00:00,GSW @ IND,L,48.0,33,76,0.434,12,21,0.571,19,24,0.792,15,31,46,16,20.0,11,6,9,23,17,97,-11.0,1,65,65,65,7,85,83,72,8,34,5,32,34,52,10,71,43,93,94,6,18,98,61,75,64,90,1.0
2012-13,1610612744,GSW,Golden State Warriors,0021200832,2013-02-24T00:00:00,GSW @ MIN,W,48.0,37,81,0.457,7,17,0.412,19,23,0.826,14,34,48,18,22.0,11,4,2,28,21,100,1.0,1,1,1,1,7,52,58,54,59,72,47,32,41,34,15,40,30,82,103,6,47,12,98,42,54,63,1.0
2012-13,1610612744,GSW,Golden State Warriors,0021200822,2013-02-22T00:00:00,GSW vs. SAS,W,53.0,39,94,0.415,5,21,0.238,24,30,0.8,9,48,57,25,13.0,6,5,7,23,22,107,6.0,1,1,1,1,3,37,7,84,87,34,98,7,9,44,64,1,5,26,24,59,27,83,61,30,28,44,1.0
2012-13,1610612744,GSW,Golden State Warriors,0021200808,2013-02-20T00:00:00,GSW vs. PHX,W,48.0,42,87,0.483,10,20,0.5,14,17,0.824,13,31,44,29,10.0,6,6,8,16,18,108,10.0,1,1,1,1,7,23,24,38,21,40,17,67,83,35,20,71,50,7,3,59,18,94,9,63,24,23,1.0
2012-13,1610612744,GSW,Golden State Warriors,0021200795,2013-02-19T00:00:00,GSW @ UTA,L,48.0,39,83,0.47,5,17,0.294,18,24,0.75,13,29,42,17,14.0,5,3,8,22,23,101,-14.0,1,65,65,65,7,37,51,46,87,72,83,39,34,68,20,82,60,88,34,71,70,94,50,24,48,95,1.0
2012-13,1610612744,GSW,Golden State Warriors,0021200774,2013-02-12T00:00:00,GSW vs. HOU,L,48.0,38,84,0.452,8,20,0.4,23,31,0.742,8,38,46,25,13.0,6,6,3,22,21,107,-9.0,1,65,65,65,7,43,40,59,49,40,54,14,8,74,75,24,43,26,24,59,18,22,50,42,28,85,1.0
2012-13,1610612744,GSW,Golden State Warriors,0021200750,2013-02-09T00:00:00,GSW @ DAL,L,48.0,34,89,0.382,6,16,0.375,17,24,0.708,17,35,52,12,16.0,4,1,6,26,23,91,-25.0,1,65,65,65,7,79,21,96,74,83,64,45,34,81,3,36,15,101,55,88,98,74,87,24,86,105,1.0
2012-13,1610612744,GSW,Golden State Warriors,0021200742,2013-02-08T00:00:00,GSW @ MEM,L,48.0,36,74,0.486,6,17,0.353,15,20,0.75,7,27,34,18,16.0,5,4,4,25,22,93,-6.0,1,65,65,65,7,63,91,36,74,72,74,59,59,68,85,92,100,82,55,71,47,39,77,30,77,72,1.0
2012-13,1610612744,GSW,Golden State Warriors,0021200729,2013-02-06T00:00:00,GSW @ OKC,L,48.0,38,93,0.409,10,20,0.5,12,16,0.75,13,36,49,25,19.0,7,4,16,15,12,98,-21.0,1,65,65,65,7,43,9,87,21,40,17,88,85,68,20,32,26,26,84,46,47,107,4,106,59,103,1.0
2012-13,1610612744,GSW,Golden State Warriors,0021200718,2013-02-05T00:00:00,GSW @ HOU,L,48.0,41,86,0.477,3,15,0.2,24,30,0.8,11,29,40,21,12.0,2,5,2,26,24,109,-31.0,1,65,65,65,7,27,27,41,100,94,104,7,9,44,47,82,73,57,17,106,27,12,87,19,20,107,1.0
2012-13,1610612744,GSW,Golden State Warriors,0021200704,2013-02-02T00:00:00,GSW vs. PHX,W,48.0,45,89,0.506,9,19,0.474,14,20,0.7,14,33,47,34,13.0,5,3,1,24,21,113,20.0,1,1,1,1,7,12,21,26,32,55,27,67,59,84,15,48,36,1,24,71,70,3,68,42,16,10,1.0
2012-13,1610612744,GSW,Golden State Warriors,0021200683,2013-01-31T00:00:00,GSW vs. DAL,W,48.0,36,84,0.429,7,20,0.35,21,25,0.84,12,34,46,26,13.0,6,4,5,21,18,100,3.0,1,1,1,1,7,63,40,76,59,40,76,22,28,28,35,40,43,20,24,59,47,58,38,63,54,57,1.0
2012-13,1610612744,GSW,Golden State Warriors,0021200666,2013-01-29T00:00:00,GSW @ CLE,W,48.0,45,84,0.536,11,16,0.688,7,10,0.7,7,32,39,31,14.0,8,9,4,23,13,108,13.0,1,1,1,1,7,12,40,10,13,83,1,103,102,84,85,60,78,4,34,32,5,39,61,100,24,17,1.0
2012-13,1610612744,GSW,Golden State Warriors,0021200659,2013-01-28T00:00:00,GSW @ TOR,W,48.0,46,86,0.535,6,15,0.4,16,20,0.8,13,36,49,22,14.0,4,8,4,19,18,114,12.0,1,1,1,1,7,6,27,11,74,94,54,53,59,44,20,32,26,49,34,88,9,39,23,63,14,18,1.0
2012-13,1610612744,GSW,Golden State Warriors,0021200647,2013-01-26T00:00:00,GSW @ MIL,L,48.0,39,93,0.419,13,28,0.464,11,11,1.0,12,38,50,25,16.0,8,4,7,25,15,102,-7.0,1,65,65,65,7,37,9,82,4,3,31,95,100,1,35,24,22,26,55,32,47,83,77,88,46,76,1.0
2012-13,1610612744,GSW,Golden State Warriors,0021200636,2013-01-25T00:00:00,GSW @ CHI,L,48.0,27,78,0.346,4,19,0.211,29,33,0.879,10,27,37,12,11.0,6,5,8,19,26,87,-16.0,1,65,65,65,7,104,72,102,96,55,102,2,5,11,58,92,90,101,9,59,27,94,23,8,94,97,1.0
2012-13,1610612744,GSW,Golden State Warriors,0021200628,2013-01-23T00:00:00,GSW vs. OKC,W,48.0,37,84,0.44,6,23,0.261,24,27,0.889,11,29,40,20,15.0,10,3,7,21,20,104,5.0,1,1,1,1,7,52,40,67,74,23,91,7,18,8,47,82,73,68,50,12,70,83,38,49,40,47,1.0
2012-13,1610612744,GSW,Golden State Warriors,0021200610,2013-01-21T00:00:00,GSW vs. LAC,W,48.0,39,75,0.52,12,22,0.545,16,18,0.889,6,33,39,25,17.0,4,2,5,21,16,106,7.0,1,1,1,1,7,37,85,16,8,30,12,53,76,8,97,48,78,26,67,88,87,58,38,83,31,38,1.0
2012-13,1610612744,GSW,Golden State Warriors,0021200596,2013-01-19T00:00:00,GSW @ NOH,W,48.0,38,77,0.494,10,22,0.455,30,35,0.857,10,23,33,25,14.0,10,1,6,19,26,116,4.0,1,1,1,1,7,43,80,33,21,30,32,1,2,21,58,105,102,26,34,12,98,74,23,8,6,48,1.0
2012-13,1610612744,GSW,Golden State Warriors,0021200590,2013-01-18T00:00:00,GSW @ SAS,L,48.0,36,84,0.429,4,16,0.25,12,14,0.857,7,35,42,23,9.0,4,2,4,21,12,88,-7.0,1,65,65,65,7,63,40,76,96,83,92,88,95,21,85,36,60,41,2,88,87,39,38,106,92,76,1.0
2012-13,1610612744,GSW,Golden State Warriors,0021200579,2013-01-16T00:00:00,GSW vs. MIA,L,48.0,29,80,0.363,3,12,0.25,14,18,0.778,11,41,52,17,21.0,5,2,5,21,22,75,-17.0,1,65,65,65,7,100,62,100,100,104,92,67,76,56,47,14,15,88,96,71,87,58,38,30,104,98,0.0
2012-13,1610612744,GSW,Golden State Warriors,0021200553,2013-01-13T00:00:00,GSW @ DEN,L,48.0,43,83,0.518,13,24,0.542,6,8,0.75,6,33,39,28,18.0,3,5,2,24,16,105,-11.0,1,65,65,65,7,19,51,17,4,16,13,106,106,68,97,48,78,10,77,99,27,12,68,83,35,90,1.0
2012-13,1610612744,GSW,Golden State Warriors,0021200540,2013-01-11T00:00:00,GSW vs. POR,W,48.0,41,86,0.477,6,15,0.4,15,18,0.833,8,39,47,28,11.0,10,5,3,16,14,103,6.0,1,1,1,1,7,27,27,41,74,94,54,59,76,30,75,21,36,10,9,12,27,22,9,95,43,44,1.0
2012-13,1610612744,GSW,Golden State Warriors,0021200526,2013-01-09T00:00:00,GSW vs. MEM,L,48.0,33,71,0.465,7,17,0.412,14,20,0.7,6,32,38,23,15.0,8,2,2,21,17,87,-7.0,1,65,65,65,7,85,101,49,59,72,47,67,59,84,97,60,86,41,50,32,87,12,38,75,94,76,1.0
2012-13,1610612744,GSW,Golden State Warriors,0021200498,2013-01-05T00:00:00,GSW @ LAC,L,48.0,32,72,0.444,5,20,0.25,20,26,0.769,5,25,30,19,16.0,4,8,4,17,21,89,-26.0,1,65,65,65,7,94,97,66,87,40,92,26,22,62,104,99,105,74,55,88,9,39,12,42,91,106,1.0
2012-13,1610612744,GSW,Golden State Warriors,0021200475,2013-01-02T00:00:00,GSW vs. LAC,W,48.0,42,84,0.5,12,23,0.522,19,22,0.864,13,40,53,29,21.0,11,4,4,27,18,115,21.0,1,1,1,1,7,23,40,27,8,23,15,32,51,18,20,19,13,7,96,6,47,39,94,63,9,7,1.0
2012-13,1610612744,GSW,Golden State Warriors,0021200447,2012-12-29T00:00:00,GSW vs. BOS,W,48.0,38,73,0.521,12,19,0.632,13,16,0.813,5,41,46,21,19.0,8,10,3,22,15,101,18.0,1,1,1,1,7,43,94,15,8,55,3,75,85,40,104,14,43,57,84,32,2,22,50,88,48,11,1.0
2012-13,1610612744,GSW,Golden State Warriors,0021200436,2012-12-28T00:00:00,GSW vs. PHI,W,48.0,34,80,0.425,7,17,0.412,21,26,0.808,9,43,52,20,18.0,5,3,3,19,19,96,7.0,1,1,1,1,7,79,62,79,59,72,47,22,22,43,64,8,15,68,77,71,70,22,23,58,69,38,1.0
2012-13,1610612744,GSW,Golden State Warriors,0021200420,2012-12-26T00:00:00,GSW @ UTA,W,48.0,33,82,0.402,9,18,0.5,19,20,0.95,9,34,43,19,10.0,10,6,2,18,17,94,11.0,1,1,1,1,7,85,53,90,32,64,17,32,59,4,64,40,56,74,3,12,18,12,21,75,74,19,1.0
2012-13,1610612744,GSW,Golden State Warriors,0021200398,2012-12-22T00:00:00,GSW vs. LAL,L,53.0,46,103,0.447,10,29,0.345,13,15,0.867,15,32,47,26,19.0,13,5,3,22,20,115,-3.0,1,65,65,65,3,6,1,65,21,2,79,75,90,15,10,60,36,20,84,4,27,22,50,49,9,69,1.0
2012-13,1610612744,GSW,Golden State Warriors,0021200389,2012-12-21T00:00:00,GSW vs. CHA,W,48.0,44,85,0.518,14,27,0.519,13,16,0.813,12,36,48,31,11.0,4,9,4,24,17,115,15.0,1,1,1,1,7,14,35,18,2,5,16,75,85,40,35,32,30,4,9,88,5,39,68,75,9,13,1.0
2012-13,1610612744,GSW,Golden State Warriors,0021200375,2012-12-19T00:00:00,GSW @ SAC,L,48.0,46,92,0.5,13,26,0.5,22,25,0.88,14,28,42,21,12.0,4,6,7,27,18,127,-4.0,1,65,65,65,7,6,12,27,4,7,17,17,28,10,15,88,60,57,17,88,18,83,94,63,2,70,1.0
2012-13,1610612744,GSW,Golden State Warriors,0021200365,2012-12-18T00:00:00,GSW vs. NOH,W,48.0,34,78,0.436,6,18,0.333,29,34,0.853,16,28,44,25,14.0,8,2,3,15,24,103,7.0,1,1,1,1,7,79,72,71,74,64,80,2,3,26,6,88,50,26,34,32,87,22,4,19,43,38,1.0
2012-13,1610612744,GSW,Golden State Warriors,0021200337,2012-12-15T00:00:00,GSW @ ATL,W,48.0,49,99,0.495,10,24,0.417,7,8,0.875,10,44,54,32,11.0,10,3,3,25,15,115,22.0,1,1,1,1,7,3,4,32,21,16,45,103,106,12,58,5,10,3,9,12,70,22,77,88,9,6,1.0
2012-13,1610612744,GSW,Golden State Warriors,0021200330,2012-12-14T00:00:00,GSW @ ORL,L,48.0,34,92,0.37,7,20,0.35,10,11,0.909,16,33,49,19,12.0,5,2,11,15,15,85,-14.0,1,65,65,65,7,79,12,99,59,40,76,98,100,7,6,48,26,74,17,71,87,103,4,88,99,95,1.0
2012-13,1610612744,GSW,Golden State Warriors,0021200314,2012-12-12T00:00:00,GSW @ MIA,W,48.0,38,82,0.463,9,24,0.375,12,14,0.857,8,33,41,20,15.0,9,2,3,14,13,97,2.0,1,1,1,1,7,43,53,51,32,16,64,88,95,21,75,48,68,68,50,22,87,22,1,100,64,60,1.0
2012-13,1610612744,GSW,Golden State Warriors,0021200299,2012-12-10T00:00:00,GSW @ CHA,W,48.0,38,84,0.452,8,20,0.4,20,23,0.87,14,32,46,28,17.0,9,4,10,26,20,104,8.0,1,1,1,1,7,43,40,59,49,40,54,26,41,14,15,60,43,10,67,22,47,101,87,49,40,33,1.0
2012-13,1610612744,GSW,Golden State Warriors,0021200283,2012-12-08T00:00:00,GSW @ WAS,W,48.0,35,81,0.432,9,22,0.409,22,27,0.815,13,44,57,22,19.0,4,5,4,16,20,101,4.0,1,1,1,1,7,71,58,73,32,30,53,17,18,38,20,5,5,49,84,88,27,39,9,49,48,48,1.0
2012-13,1610612744,GSW,Golden State Warriors,0021200272,2012-12-07T00:00:00,GSW @ BKN,W,48.0,46,90,0.511,9,19,0.474,8,10,0.8,15,32,47,24,11.0,9,1,4,21,13,109,7.0,1,1,1,1,7,6,18,23,32,55,27,102,102,44,10,60,36,36,9,22,98,39,38,100,20,38,1.0
2012-13,1610612744,GSW,Golden State Warriors,0021200261,2012-12-05T00:00:00,GSW @ DET,W,48.0,34,75,0.453,9,24,0.375,27,34,0.794,9,26,35,24,10.0,9,7,5,22,26,104,7.0,1,1,1,1,7,79,85,58,32,16,64,5,3,51,64,98,95,36,3,22,13,58,50,8,40,38,1.0
2012-13,1610612744,GSW,Golden State Warriors,0021200250,2012-12-03T00:00:00,GSW vs. ORL,L,48.0,37,81,0.457,7,17,0.412,13,18,0.722,9,34,43,23,14.0,5,5,4,20,19,94,-8.0,1,65,65,65,7,52,58,54,59,72,47,75,76,78,64,40,56,41,34,71,27,39,32,58,74,83,1.0
2012-13,1610612744,GSW,Golden State Warriors,0021200242,2012-12-01T00:00:00,GSW vs. IND,W,48.0,38,80,0.475,9,20,0.45,18,19,0.947,11,30,41,22,17.0,5,3,7,22,19,103,11.0,1,1,1,1,7,43,62,43,32,40,33,39,71,5,47,76,68,49,67,71,70,83,50,58,43,19,1.0
2012-13,1610612744,GSW,Golden State Warriors,0021200221,2012-11-29T00:00:00,GSW vs. DEN,W,48.0,44,86,0.512,8,18,0.444,10,13,0.769,9,34,43,29,16.0,10,5,7,22,16,106,1.0,1,1,1,1,7,14,27,21,49,64,36,98,97,62,64,40,56,7,55,12,27,83,50,83,31,63,1.0
2012-13,1610612744,GSW,Golden State Warriors,0021200190,2012-11-24T00:00:00,GSW vs. MIN,W,48.0,33,78,0.423,6,21,0.286,24,29,0.828,13,35,48,18,13.0,1,3,3,25,24,96,11.0,1,1,1,1,7,85,72,81,74,34,85,7,13,33,20,36,30,82,24,107,70,22,77,19,69,19,1.0
2012-13,1610612744,GSW,Golden State Warriors,0021200179,2012-11-23T00:00:00,GSW @ DEN,L,48.0,35,80,0.438,7,17,0.412,14,18,0.778,8,37,45,22,14.0,8,5,7,30,18,91,-11.0,1,65,65,65,7,71,62,70,59,72,47,67,76,56,75,28,49,49,34,32,27,83,101,63,86,90,1.0
2012-13,1610612744,GSW,Golden State Warriors,0021200170,2012-11-21T00:00:00,GSW vs. BKN,W,48.0,40,75,0.533,7,15,0.467,15,19,0.789,12,31,43,24,16.0,3,1,6,17,16,102,9.0,1,1,1,1,7,34,85,12,59,94,30,59,71,53,35,71,56,36,55,99,98,74,12,83,46,29,1.0
2012-13,1610612744,GSW,Golden State Warriors,0021200151,2012-11-19T00:00:00,GSW @ DAL,W,53.0,37,91,0.407,9,24,0.375,22,30,0.733,19,43,62,19,21.0,10,2,11,24,22,105,4.0,1,1,1,1,3,52,16,88,32,16,64,17,9,76,1,8,2,74,96,12,87,103,68,30,35,48,1.0
2012-13,1610612744,GSW,Golden State Warriors,0021200143,2012-11-18T00:00:00,GSW @ OKC,L,48.0,43,82,0.524,5,16,0.313,18,22,0.818,8,27,35,23,13.0,8,4,3,18,16,109,-10.0,1,65,65,65,7,19,53,14,87,83,82,39,51,37,75,92,95,41,24,32,47,22,21,83,20,86,1.0
2012-13,1610612744,GSW,Golden State Warriors,0021200126,2012-11-16T00:00:00,GSW @ MIN,W,48.0,43,85,0.506,2,15,0.133,18,26,0.692,17,33,50,21,16.0,3,5,12,26,23,106,8.0,1,1,1,1,7,19,35,25,105,94,106,39,22,89,3,48,22,57,55,99,27,105,87,24,31,33,1.0
2012-13,1610612744,GSW,Golden State Warriors,0021200118,2012-11-14T00:00:00,GSW vs. ATL,W,48.0,33,71,0.465,5,18,0.278,21,25,0.84,10,34,44,23,23.0,7,1,4,22,18,92,4.0,1,1,1,1,7,85,101,49,87,64,89,22,28,28,58,40,50,41,106,46,98,39,50,63,81,48,1.0
2012-13,1610612744,GSW,Golden State Warriors,0021200089,2012-11-10T00:00:00,GSW vs. DEN,L,58.0,39,102,0.382,9,25,0.36,14,23,0.609,13,41,54,23,14.0,11,5,9,26,21,101,-6.0,1,65,65,65,1,37,2,95,32,12,73,67,41,98,20,14,10,41,34,6,27,98,87,42,48,72,1.0
2012-13,1610612744,GSW,Golden State Warriors,0021200080,2012-11-09T00:00:00,GSW @ LAL,L,48.0,29,86,0.337,7,25,0.28,12,20,0.6,13,34,47,12,19.0,5,3,6,25,14,77,-24.0,1,65,65,65,7,100,27,104,59,12,87,88,59,100,20,40,36,101,84,71,70,74,77,95,103,104,1.0
2012-13,1610612744,GSW,Golden State Warriors,0021200065,2012-11-07T00:00:00,GSW vs. CLE,W,48.0,42,78,0.538,5,18,0.278,17,23,0.739,7,37,44,28,17.0,11,4,1,22,26,106,10.0,1,1,1,1,7,23,72,9,87,64,89,45,41,75,85,28,50,10,67,6,47,3,50,8,31,23,1.0
2012-13,1610612744,GSW,Golden State Warriors,0021200048,2012-11-05T00:00:00,GSW @ SAC,L,48.0,31,78,0.397,6,21,0.286,24,28,0.857,7,31,38,21,13.0,5,2,5,17,25,92,-2.0,1,65,65,65,7,97,72,91,74,34,85,7,15,21,85,71,86,57,24,71,87,58,12,14,81,65,1.0
2012-13,1610612744,GSW,Golden State Warriors,0021200036,2012-11-03T00:00:00,GSW @ LAC,W,48.0,41,84,0.488,4,16,0.25,28,39,0.718,16,32,48,22,14.0,7,2,5,34,31,114,4.0,1,1,1,1,7,27,40,35,96,83,92,4,1,80,6,60,30,49,34,46,87,58,106,1,14,48,1.0
2012-13,1610612744,GSW,Golden State Warriors,0021200026,2012-11-02T00:00:00,GSW vs. MEM,L,48.0,36,80,0.45,10,20,0.5,12,17,0.706,9,27,36,21,19.0,5,5,4,24,22,94,-10.0,1,65,65,65,7,63,62,63,21,40,17,88,83,83,64,92,92,57,84,71,27,39,68,30,74,86,1.0
2012-13,1610612744,GSW,Golden State Warriors,0021200010,2012-10-31T00:00:00,GSW @ PHX,W,48.0,33,86,0.384,5,17,0.294,16,23,0.696,17,32,49,19,18.0,9,3,12,20,23,87,2.0,1,1,1,1,7,85,27,94,87,72,83,53,41,87,3,60,26,74,77,22,70,105,32,24,94,60,1.0
2012-13,1610612744,GSW,Golden State Warriors,0011200098,2012-10-23T00:00:00,GSW vs. PHX,W,48.0,41,72,0.569,8,16,0.5,17,28,0.607,4,33,37,28,19.0,8,3,3,22,24,107,15.0,1,1,1,1,7,27,97,3,49,83,17,45,15,99,107,48,90,10,84,32,70,22,50,19,28,13,
2012-13,1610612744,GSW,Golden State Warriors,0011200094,2012-10-22T00:00:00,GSW @ LAC,L,48.0,28,85,0.329,6,17,0.353,9,15,0.6,15,37,52,16,22.0,7,4,7,21,14,71,-17.0,1,65,65,65,7,103,35,106,74,72,74,101,90,100,10,28,15,93,103,46,47,83,38,95,105,98,
2012-13,1610612744,GSW,Golden State Warriors,0011200076,2012-10-19T00:00:00,GSW @ POR,W,48.0,37,74,0.5,7,19,0.368,20,26,0.769,11,28,39,23,17.0,9,3,6,25,22,101,4.0,1,1,1,1,7,52,91,27,59,55,69,26,22,62,47,88,78,41,67,22,70,74,77,30,48,48,
2012-13,1610612744,GSW,Golden State Warriors,0011200063,2012-10-17T00:00:00,GSW @ SAC,W,48.0,36,79,0.456,9,23,0.391,17,27,0.63,12,30,42,20,21.0,10,3,9,35,28,98,10.0,1,1,1,1,7,63,68,56,32,23,61,45,18,96,35,76,60,68,96,12,70,98,107,3,59,23,
2012-13,1610612744,GSW,Golden State Warriors,0011200049,2012-10-15T00:00:00,GSW @ DEN,L,48.0,37,77,0.481,11,20,0.55,13,22,0.591,8,33,41,17,19.0,7,6,7,30,20,98,-6.0,1,65,65,65,7,52,80,39,13,40,10,75,51,106,75,48,68,88,84,46,18,83,101,49,59,72,
2012-13,1610612744,GSW,Golden State Warriors,0011200029,2012-10-11T00:00:00,GSW vs. MAC,W,48.0,40,78,0.513,8,19,0.421,20,24,0.833,9,30,39,24,14.0,10,5,5,24,22,108,8.0,1,1,1,1,7,34,72,20,49,55,44,26,34,30,64,76,78,36,34,12,27,58,68,30,24,33,
2012-13,1610612744,GSW,Golden State Warriors,0011200013,2012-10-08T00:00:00,GSW vs. UTA,W,48.0,37,79,0.468,3,15,0.2,6,10,0.6,7,32,39,28,16.0,11,10,6,19,17,83,3.0,1,1,1,1,7,52,68,47,100,94,104,106,102,100,85,60,78,10,55,6,2,74,23,75,100,57,
2012-13,1610612744,GSW,Golden State Warriors,0011200009,2012-10-07T00:00:00,GSW @ LAL,W,48.0,41,73,0.562,9,16,0.563,19,32,0.594,7,33,40,21,15.0,5,5,4,22,25,110,27.0,1,1,1,1,7,27,94,5,32,83,6,32,6,105,85,48,73,57,50,71,27,39,50,14,18,4,
2012-13,1610612745,HOU,Houston Rockets,0041200146,2013-05-03T00:00:00,HOU vs. OKC,L,48.0,30,73,0.411,14,32,0.438,20,31,0.645,11,32,43,16,16.0,5,5,5,17,24,94,-9.0,1,57,57,57,5,92,95,78,11,27,19,41,20,87,44,53,48,90,42,83,28,31,17,20,81,81,0.0
2012-13,1610612745,HOU,Houston Rockets,0041200145,2013-05-01T00:00:00,HOU @ OKC,W,48.0,34,72,0.472,14,35,0.4,25,37,0.676,6,36,42,15,15.0,4,5,10,22,28,107,7.0,1,1,1,1,5,74,97,44,11,7,33,14,5,78,91,15,54,93,33,93,28,90,62,5,45,40,1.0
2012-13,1610612745,HOU,Houston Rockets,0041200144,2013-04-29T00:00:00,HOU vs. OKC,W,48.0,37,76,0.487,12,27,0.444,19,24,0.792,14,25,39,21,22.0,10,7,5,26,26,105,2.0,1,1,1,1,5,49,80,35,21,56,16,47,56,32,20,92,75,60,89,24,11,31,85,8,51,53,0.0
2012-13,1610612745,HOU,Houston Rockets,0041200143,2013-04-27T00:00:00,HOU vs. OKC,L,48.0,36,83,0.434,12,37,0.324,17,25,0.68,5,36,41,23,11.0,6,12,6,25,24,101,-3.0,1,57,57,57,5,60,39,64,21,4,71,62,50,76,96,15,63,45,7,69,1,48,83,20,58,60,0.0
2012-13,1610612745,HOU,Houston Rockets,0041200142,2013-04-24T00:00:00,HOU @ OKC,L,48.0,36,91,0.396,10,35,0.286,20,25,0.8,18,39,57,16,16.0,4,3,9,23,22,102,-3.0,1,57,57,57,5,60,9,87,45,7,81,41,50,29,7,7,2,90,42,93,59,79,72,33,57,60,1.0
2012-13,1610612745,HOU,Houston Rockets,0041200141,2013-04-21T00:00:00,HOU @ OKC,L,48.0,33,91,0.363,8,36,0.222,17,24,0.708,11,28,39,17,15.0,6,1,9,26,24,91,-29.0,1,57,57,57,5,81,9,95,72,6,92,62,56,71,44,77,75,86,33,69,87,79,85,20,88,98,1.0
2012-13,1610612745,HOU,Houston Rockets,0021201228,2013-04-17T00:00:00,HOU @ LAL,L,53.0,35,84,0.417,8,33,0.242,17,24,0.708,9,37,46,21,14.0,6,5,6,28,17,95,-4.0,1,57,57,57,1,67,32,74,72,20,90,62,56,71,68,14,27,60,22,69,28,48,92,81,77,64,1.0
2012-13,1610612745,HOU,Houston Rockets,0021201211,2013-04-15T00:00:00,HOU @ PHX,L,48.0,43,92,0.467,11,29,0.379,15,23,0.652,8,35,43,21,16.0,5,11,9,21,19,112,-7.0,1,57,57,57,5,20,7,48,32,43,41,74,63,85,75,28,48,60,42,83,3,79,53,65,26,73,1.0
2012-13,1610612745,HOU,Houston Rockets,0021201200,2013-04-14T00:00:00,HOU vs. SAC,W,48.0,45,83,0.542,13,27,0.481,18,24,0.75,6,40,46,28,17.0,11,12,10,17,21,121,21.0,1,1,1,1,5,9,39,9,16,56,9,53,56,53,91,4,27,16,54,13,1,90,17,46,11,11,1.0
2012-13,1610612745,HOU,Houston Rockets,0021201184,2013-04-12T00:00:00,HOU vs. MEM,L,48.0,23,74,0.311,11,32,0.344,21,28,0.75,15,36,51,18,20.0,4,7,8,26,22,78,-4.0,1,57,57,57,5,100,90,100,32,27,62,31,33,53,13,15,8,79,79,93,11,69,85,33,98,64,1.0
2012-13,1610612745,HOU,Houston Rockets,0021201160,2013-04-09T00:00:00,HOU vs. PHX,W,48.0,37,86,0.43,6,30,0.2,21,24,0.875,15,29,44,19,18.0,11,5,5,16,20,101,3.0,1,1,1,1,5,49,25,67,89,36,97,31,56,3,13,69,40,71,62,13,28,31,10,57,58,50,1.0
2012-13,1610612745,HOU,Houston Rockets,0021201144,2013-04-06T00:00:00,HOU @ DEN,L,48.0,39,83,0.47,14,34,0.412,22,32,0.688,11,30,41,30,19.0,5,10,4,22,26,114,-18.0,1,57,57,57,5,39,39,46,11,12,28,28,16,74,44,66,63,7,73,83,4,18,62,8,24,94,1.0
2012-13,1610612745,HOU,Houston Rockets,0021201136,2013-04-05T00:00:00,HOU @ POR,W,48.0,39,76,0.513,12,28,0.429,26,35,0.743,10,34,44,24,14.0,8,4,2,18,21,116,18.0,1,1,1,1,5,39,80,19,21,51,21,8,9,58,58,36,40,38,22,39,45,2,27,46,19,14,1.0
2012-13,1610612745,HOU,Houston Rockets,0021201119,2013-04-03T00:00:00,HOU @ SAC,W,48.0,42,86,0.488,10,30,0.333,18,21,0.857,12,35,47,32,19.0,7,4,4,28,20,112,10.0,1,1,1,1,5,23,25,33,45,36,65,53,78,8,32,28,21,2,73,53,45,18,92,57,26,30,1.0
2012-13,1610612745,HOU,Houston Rockets,0021201104,2013-04-01T00:00:00,HOU vs. ORL,W,48.0,44,98,0.449,9,29,0.31,14,22,0.636,20,34,54,27,9.0,4,6,9,19,22,111,8.0,1,1,1,1,5,13,3,54,57,43,73,78,72,90,6,36,4,21,2,93,19,79,37,33,29,34,1.0
2012-13,1610612745,HOU,Houston Rockets,0021201088,2013-03-30T00:00:00,HOU vs. LAC,W,48.0,35,80,0.438,9,24,0.375,19,27,0.704,12,36,48,17,22.0,7,5,7,18,26,98,17.0,1,1,1,1,5,67,61,62,57,76,43,47,38,73,32,15,16,86,89,53,28,59,27,8,69,16,1.0
2012-13,1610612745,HOU,Houston Rockets,0021201079,2013-03-29T00:00:00,HOU @ MEM,L,48.0,34,81,0.42,9,27,0.333,17,21,0.81,15,20,35,19,14.0,10,5,4,26,19,94,-9.0,1,57,57,57,5,74,57,73,57,56,65,62,78,21,13,99,96,71,22,24,28,18,85,65,81,81,1.0
2012-13,1610612745,HOU,Houston Rockets,0021201064,2013-03-27T00:00:00,HOU vs. IND,L,48.0,32,83,0.386,6,21,0.286,21,26,0.808,15,27,42,18,14.0,7,4,5,25,21,91,-9.0,1,57,57,57,5,86,39,91,89,87,81,31,44,23,13,82,54,79,22,53,45,31,83,46,88,81,1.0
2012-13,1610612745,HOU,Houston Rockets,0021201042,2013-03-24T00:00:00,HOU vs. SAS,W,48.0,32,80,0.4,9,26,0.346,23,27,0.852,12,32,44,19,14.0,7,7,9,22,17,96,1.0,1,1,1,1,5,86,61,84,57,67,56,25,38,9,32,53,40,71,22,53,11,79,62,81,72,56,1.0
2012-13,1610612745,HOU,Houston Rockets,0021201028,2013-03-22T00:00:00,HOU vs. CLE,W,48.0,44,77,0.571,10,29,0.345,18,27,0.667,13,41,54,26,22.0,8,6,3,18,24,116,38.0,1,1,1,1,5,13,77,3,45,43,58,53,38,79,26,2,4,26,89,39,19,9,27,20,19,2,1.0
2012-13,1610612745,HOU,Houston Rockets,0021201014,2013-03-20T00:00:00,HOU vs. UTA,W,48.0,34,76,0.447,6,23,0.261,26,32,0.813,9,35,44,15,16.0,10,4,5,23,22,100,7.0,1,1,1,1,5,74,80,56,89,81,86,8,16,19,68,28,40,93,42,24,45,31,72,33,61,40,1.0
2012-13,1610612745,HOU,Houston Rockets,0021200988,2013-03-17T00:00:00,HOU vs. GSW,L,48.0,28,86,0.326,9,35,0.257,13,16,0.813,12,36,48,16,17.0,6,5,6,15,17,78,-30.0,1,57,57,57,5,96,25,98,57,7,88,82,90,19,32,15,16,90,54,69,28,48,7,81,98,99,1.0
2012-13,1610612745,HOU,Houston Rockets,0021200973,2013-03-15T00:00:00,HOU vs. MIN,W,48.0,36,74,0.486,11,31,0.355,25,31,0.806,12,32,44,25,18.0,7,2,7,20,25,108,8.0,1,1,1,1,5,60,90,37,32,33,51,14,20,28,32,53,40,33,62,53,72,59,46,14,40,34,1.0
2012-13,1610612745,HOU,Houston Rockets,0021200961,2013-03-13T00:00:00,HOU vs. PHX,W,48.0,39,76,0.513,10,21,0.476,23,30,0.767,11,35,46,26,23.0,10,5,7,12,20,111,30.0,1,1,1,1,5,39,80,19,45,87,10,25,26,48,44,28,27,26,94,24,28,59,2,57,29,5,1.0
2012-13,1610612745,HOU,Houston Rockets,0021200932,2013-03-09T00:00:00,HOU @ PHX,L,48.0,37,86,0.43,19,41,0.463,12,18,0.667,15,24,39,22,21.0,10,5,4,24,20,105,-2.0,1,57,57,57,5,49,25,67,2,2,13,86,83,79,13,95,75,54,85,24,28,18,79,57,51,57,1.0
2012-13,1610612745,HOU,Houston Rockets,0021200926,2013-03-08T00:00:00,HOU @ GSW,W,48.0,27,74,0.365,15,35,0.429,25,34,0.735,7,38,45,21,15.0,11,2,4,17,25,94,6.0,1,1,1,1,5,97,90,94,8,7,21,14,13,65,83,8,31,60,33,13,72,18,17,14,81,45,0.0
2012-13,1610612745,HOU,Houston Rockets,0021200908,2013-03-06T00:00:00,HOU @ DAL,L,48.0,35,78,0.449,12,32,0.375,26,33,0.788,8,32,40,22,13.0,5,5,3,18,22,108,-4.0,1,57,57,57,5,67,72,55,21,27,43,8,14,34,75,53,68,54,16,83,28,9,27,33,40,64,1.0
2012-13,1610612745,HOU,Houston Rockets,0021200885,2013-03-03T00:00:00,HOU vs. DAL,W,48.0,46,80,0.575,14,34,0.412,30,40,0.75,10,35,45,30,13.0,13,0,3,21,33,136,33.0,1,1,1,1,5,4,61,2,11,12,28,2,2,53,58,28,31,7,16,3,99,9,53,2,2,3,1.0
2012-13,1610612745,HOU,Houston Rockets,0021200866,2013-03-01T00:00:00,HOU @ ORL,W,48.0,42,77,0.545,15,32,0.469,19,28,0.679,9,25,34,28,13.0,8,1,1,16,21,118,8.0,1,1,1,1,5,23,77,8,8,27,12,47,33,77,68,92,98,16,16,39,87,1,10,46,15,34,0.0
2012-13,1610612745,HOU,Houston Rockets,0021200856,2013-02-27T00:00:00,HOU vs. MIL,L,48.0,42,89,0.472,7,23,0.304,16,25,0.64,13,34,47,26,19.0,11,1,6,20,23,107,-3.0,1,57,57,57,5,23,15,45,83,81,74,72,50,89,26,36,21,26,73,13,87,48,46,28,45,60,1.0
2012-13,1610612745,HOU,Houston Rockets,0021200823,2013-02-23T00:00:00,HOU @ WAS,L,48.0,38,84,0.452,19,46,0.413,8,14,0.571,13,26,39,24,16.0,7,3,6,19,18,103,-2.0,1,57,57,57,5,45,32,51,2,1,27,98,96,97,26,88,75,38,42,53,59,48,37,76,56,57,1.0
2012-13,1610612745,HOU,Houston Rockets,0021200815,2013-02-22T00:00:00,HOU @ BKN,W,48.0,41,77,0.532,16,30,0.533,8,12,0.667,7,30,37,25,17.0,5,4,5,22,19,106,10.0,1,1,1,1,5,29,77,13,4,36,4,98,99,79,83,66,91,33,54,83,45,31,62,65,50,30,1.0
2012-13,1610612745,HOU,Houston Rockets,0021200804,2013-02-20T00:00:00,HOU vs. OKC,W,48.0,44,92,0.478,15,33,0.455,19,23,0.826,11,31,42,26,19.0,14,4,11,23,22,122,3.0,1,1,1,1,5,13,7,42,8,20,15,47,63,16,44,59,54,26,73,2,45,96,72,33,10,50,1.0
2012-13,1610612745,HOU,Houston Rockets,0021200786,2013-02-13T00:00:00,HOU @ LAC,L,48.0,36,82,0.439,5,24,0.208,19,22,0.864,13,28,41,18,21.0,10,2,6,23,19,96,-10.0,1,57,57,57,5,60,50,61,94,76,94,47,72,6,26,77,63,79,85,24,72,48,72,65,72,86,1.0
2012-13,1610612745,HOU,Houston Rockets,0021200774,2013-02-12T00:00:00,HOU @ GSW,W,48.0,43,91,0.473,10,34,0.294,20,25,0.8,10,38,48,32,13.0,8,3,6,21,22,116,9.0,1,1,1,1,5,20,9,43,45,12,78,41,50,29,58,8,16,2,16,39,59,48,53,33,19,32,1.0
2012-13,1610612745,HOU,Houston Rockets,0021200760,2013-02-10T00:00:00,HOU @ SAC,L,48.0,44,89,0.494,10,33,0.303,13,17,0.765,14,29,43,29,16.0,6,7,2,21,21,111,-6.0,1,57,57,57,5,13,15,27,45,20,76,82,89,50,20,69,48,13,42,69,11,2,53,46,29,68,1.0
2012-13,1610612745,HOU,Houston Rockets,0021200743,2013-02-08T00:00:00,HOU vs. POR,W,48.0,47,79,0.595,12,26,0.462,12,16,0.75,7,32,39,27,11.0,5,9,4,19,12,118,15.0,1,1,1,1,5,2,69,1,21,67,14,86,90,53,83,53,75,21,7,83,6,18,37,97,15,19,1.0
2012-13,1610612745,HOU,Houston Rockets,0021200726,2013-02-06T00:00:00,HOU @ MIA,L,48.0,39,80,0.488,9,25,0.36,21,25,0.84,8,31,39,19,16.0,6,2,6,26,16,108,-6.0,1,57,57,57,5,39,61,34,57,72,49,31,50,10,75,59,75,71,42,69,72,48,85,86,40,68,1.0
2012-13,1610612745,HOU,Houston Rockets,0021200718,2013-02-05T00:00:00,HOU vs. GSW,W,48.0,46,91,0.505,23,40,0.575,25,35,0.714,14,34,48,35,9.0,6,2,5,24,26,140,31.0,1,1,1,1,5,4,9,25,1,3,1,14,9,68,20,36,16,1,2,69,72,31,79,8,1,4,1.0
2012-13,1610612745,HOU,Houston Rockets,0021200699,2013-02-02T00:00:00,HOU vs. CHA,W,48.0,42,82,0.512,7,20,0.35,18,23,0.783,14,36,50,27,15.0,5,5,7,19,23,109,14.0,1,1,1,1,5,23,50,23,83,93,55,53,63,36,20,15,9,21,33,83,28,59,37,28,34,20,1.0
2012-13,1610612745,HOU,Houston Rockets,0021200679,2013-01-30T00:00:00,HOU @ DEN,L,48.0,39,81,0.481,8,27,0.296,24,35,0.686,10,32,42,22,22.0,11,6,7,29,23,110,-8.0,1,57,57,57,5,39,57,39,72,56,77,21,9,75,58,53,54,54,89,13,19,59,95,28,32,77,1.0
2012-13,1610612745,HOU,Houston Rockets,0021200665,2013-01-28T00:00:00,HOU @ UTA,W,48.0,47,89,0.528,16,34,0.471,15,18,0.833,10,34,44,27,6.0,12,4,9,18,19,125,45.0,1,1,1,1,5,2,15,15,4,12,11,74,83,12,58,36,40,21,1,8,45,79,27,65,5,1,1.0
2012-13,1610612745,HOU,Houston Rockets,0021200646,2013-01-26T00:00:00,HOU vs. BKN,W,48.0,43,87,0.494,12,28,0.429,21,27,0.778,14,36,50,31,12.0,6,3,10,18,20,119,13.0,1,1,1,1,5,20,22,28,21,51,21,31,38,40,20,15,9,5,12,69,59,90,27,57,14,23,1.0
2012-13,1610612745,HOU,Houston Rockets,0021200638,2013-01-25T00:00:00,HOU @ NOH,W,48.0,34,71,0.479,11,21,0.524,21,26,0.808,13,31,44,23,22.0,8,7,7,24,26,100,18.0,1,1,1,1,5,74,99,41,32,87,6,31,44,23,26,59,40,45,89,39,11,59,79,8,61,14,1.0
2012-13,1610612745,HOU,Houston Rockets,0021200622,2013-01-23T00:00:00,HOU vs. DEN,L,48.0,37,83,0.446,11,34,0.324,10,13,0.769,7,31,38,24,23.0,8,7,8,21,12,95,-10.0,1,57,57,57,5,49,39,58,32,12,72,95,97,46,83,59,86,38,94,39,11,69,53,97,77,86,1.0
2012-13,1610612745,HOU,Houston Rockets,0021200607,2013-01-21T00:00:00,HOU @ CHA,W,48.0,29,74,0.392,10,29,0.345,32,41,0.78,11,36,47,20,13.0,7,3,10,23,27,100,6.0,1,1,1,1,5,95,90,89,45,43,58,1,1,39,44,15,21,68,16,53,59,90,72,6,61,45,1.0
2012-13,1610612745,HOU,Houston Rockets,0021200597,2013-01-19T00:00:00,HOU @ MIN,L,48.0,25,78,0.321,8,31,0.258,21,28,0.75,21,22,43,14,20.0,8,2,4,29,19,79,-13.0,1,57,57,57,5,99,72,99,72,33,87,31,33,53,3,96,48,97,79,39,72,18,95,65,96,93,1.0
2012-13,1610612745,HOU,Houston Rockets,0021200587,2013-01-18T00:00:00,HOU @ IND,L,48.0,34,83,0.41,13,30,0.433,14,16,0.875,11,25,36,21,18.0,7,10,9,17,20,95,-10.0,1,57,57,57,5,74,39,80,16,36,20,78,90,3,44,92,94,60,62,53,4,79,17,57,77,86,1.0
2012-13,1610612745,HOU,Houston Rockets,0021200575,2013-01-16T00:00:00,HOU @ DAL,L,48.0,33,84,0.393,11,27,0.407,23,30,0.767,9,43,52,17,16.0,6,6,5,29,19,100,-5.0,1,57,57,57,5,81,32,88,32,56,31,25,26,48,68,1,6,86,42,69,19,31,95,65,61,67,1.0
2012-13,1610612745,HOU,Houston Rockets,0021200567,2013-01-15T00:00:00,HOU vs. LAC,L,48.0,41,82,0.5,13,37,0.351,14,25,0.56,12,22,34,25,16.0,10,1,2,23,21,109,-8.0,1,57,57,57,5,29,50,26,16,4,54,78,50,98,32,96,98,33,42,24,87,2,72,46,34,77,1.0
2012-13,1610612745,HOU,Houston Rockets,0021200544,2013-01-12T00:00:00,HOU @ PHI,L,48.0,37,84,0.44,8,32,0.25,18,22,0.818,9,33,42,21,17.0,6,0,5,18,18,100,-7.0,1,57,57,57,5,49,32,59,72,27,89,53,72,17,68,45,54,60,54,69,99,31,27,76,61,73,1.0
2012-13,1610612745,HOU,Houston Rockets,0021200531,2013-01-11T00:00:00,HOU @ BOS,L,48.0,35,80,0.438,9,33,0.273,12,29,0.414,12,26,38,23,14.0,9,1,6,21,29,91,-12.0,1,57,57,57,5,67,61,62,57,20,83,86,30,99,32,88,86,45,22,35,87,48,53,4,88,92,1.0
2012-13,1610612745,HOU,Houston Rockets,0021200521,2013-01-09T00:00:00,HOU @ NOH,L,48.0,30,75,0.4,9,27,0.333,10,13,0.769,10,29,39,15,23.0,9,3,10,20,17,79,-9.0,1,57,57,57,5,92,87,84,57,56,65,95,97,46,58,69,75,93,94,35,59,90,46,81,96,81,1.0
2012-13,1610612745,HOU,Houston Rockets,0021200514,2013-01-08T00:00:00,HOU vs. LAL,W,48.0,48,87,0.552,11,25,0.44,18,23,0.783,9,33,42,26,18.0,8,4,5,15,21,125,13.0,1,1,1,1,5,1,22,7,32,72,18,53,63,36,68,45,54,26,62,39,45,31,7,46,5,23,1.0
2012-13,1610612745,HOU,Houston Rockets,0021200493,2013-01-05T00:00:00,HOU @ CLE,W,48.0,37,79,0.468,12,34,0.353,26,36,0.722,12,31,43,23,17.0,11,4,3,23,25,112,8.0,1,1,1,1,5,49,69,47,21,12,52,8,6,67,32,59,48,45,54,13,45,9,72,14,26,34,1.0
2012-13,1610612745,HOU,Houston Rockets,0021200486,2013-01-04T00:00:00,HOU @ MIL,W,48.0,45,83,0.542,13,33,0.394,12,19,0.632,8,27,35,30,19.0,13,3,7,20,21,115,14.0,1,1,1,1,5,9,39,9,16,20,35,86,82,91,75,82,96,7,73,3,59,59,46,46,23,20,1.0
2012-13,1610612745,HOU,Houston Rockets,0021200471,2013-01-02T00:00:00,HOU vs. NOH,W,48.0,41,83,0.494,5,24,0.208,17,23,0.739,11,38,49,21,11.0,5,3,4,16,20,104,12.0,1,1,1,1,5,29,39,29,94,76,94,62,63,61,44,8,12,60,7,83,59,18,10,57,54,26,1.0
2012-13,1610612745,HOU,Houston Rockets,0021200455,2012-12-31T00:00:00,HOU vs. ATL,W,48.0,45,84,0.536,16,29,0.552,17,22,0.773,4,36,40,30,11.0,10,5,6,11,16,123,19.0,1,1,1,1,5,9,32,12,4,43,3,62,72,44,97,15,68,7,7,24,28,48,1,86,9,13,1.0
2012-13,1610612745,HOU,Houston Rockets,0021200443,2012-12-29T00:00:00,HOU vs. OKC,L,48.0,33,83,0.398,8,30,0.267,20,27,0.741,6,30,36,18,24.0,13,2,9,19,18,94,-30.0,1,57,57,57,5,81,39,86,72,36,84,41,38,59,91,66,94,79,99,3,72,79,37,76,81,99,1.0
2012-13,1610612745,HOU,Houston Rockets,0021200432,2012-12-28T00:00:00,HOU @ SAS,L,48.0,45,86,0.523,11,32,0.344,15,26,0.577,12,27,39,27,24.0,11,1,5,22,21,116,-6.0,1,57,57,57,5,9,25,17,32,27,62,74,44,96,32,82,75,21,99,13,87,31,62,46,19,68,1.0
2012-13,1610612745,HOU,Houston Rockets,0021200417,2012-12-26T00:00:00,HOU @ MIN,W,48.0,33,81,0.407,9,31,0.29,12,15,0.8,7,40,47,19,17.0,7,2,4,19,12,87,3.0,1,1,1,1,5,81,57,82,57,33,80,86,93,29,83,4,21,71,54,53,72,18,37,97,92,50,1.0
2012-13,1610612745,HOU,Houston Rockets,0021200408,2012-12-25T00:00:00,HOU @ CHI,W,48.0,46,82,0.561,8,20,0.4,20,24,0.833,10,35,45,25,10.0,8,5,3,21,19,120,23.0,1,1,1,1,5,4,50,4,72,93,33,41,56,12,58,28,31,33,4,39,28,9,53,65,13,8,1.0
2012-13,1610612745,HOU,Houston Rockets,0021200394,2012-12-22T00:00:00,HOU vs. MEM,W,48.0,44,82,0.537,12,28,0.429,21,26,0.808,9,29,38,32,16.0,11,5,5,13,19,121,25.0,1,1,1,1,5,13,50,11,21,51,21,31,44,23,68,69,86,2,42,13,28,31,3,65,11,7,1.0
2012-13,1610612745,HOU,Houston Rockets,0021200372,2012-12-19T00:00:00,HOU vs. PHI,W,48.0,42,75,0.56,11,27,0.407,30,36,0.833,7,34,41,29,10.0,4,3,3,20,21,125,22.0,1,1,1,1,5,23,87,5,32,56,31,2,6,12,83,36,63,13,4,93,59,9,46,46,5,9,1.0
2012-13,1610612745,HOU,Houston Rockets,0021200351,2012-12-17T00:00:00,HOU @ NYK,W,48.0,40,78,0.513,10,29,0.345,19,24,0.792,6,36,42,18,18.0,13,4,2,16,18,109,13.0,1,1,1,1,5,38,72,21,45,43,58,47,56,32,91,15,54,79,62,3,45,2,10,76,34,23,1.0
2012-13,1610612745,HOU,Houston Rockets,0021200346,2012-12-16T00:00:00,HOU @ TOR,L,48.0,32,78,0.41,7,23,0.304,25,32,0.781,8,36,44,14,12.0,6,1,13,19,24,96,-7.0,1,57,57,57,5,86,72,79,83,81,74,14,16,38,75,15,40,97,12,69,87,100,37,20,72,73,1.0
2012-13,1610612745,HOU,Houston Rockets,0021200332,2012-12-14T00:00:00,HOU vs. BOS,W,48.0,37,76,0.487,10,27,0.37,17,23,0.739,7,38,45,23,17.0,7,8,5,16,16,101,12.0,1,1,1,1,5,49,80,35,45,56,46,62,63,61,83,8,31,45,54,53,8,31,10,86,58,26,1.0
2012-13,1610612745,HOU,Houston Rockets,0021200317,2012-12-12T00:00:00,HOU vs. WAS,W,48.0,34,76,0.447,9,24,0.375,22,30,0.733,6,41,47,19,18.0,6,8,8,19,20,99,6.0,1,1,1,1,5,74,80,56,57,76,43,28,26,66,91,2,21,71,62,69,8,69,37,57,67,45,1.0
2012-13,1610612745,HOU,Houston Rockets,0021200301,2012-12-10T00:00:00,HOU vs. SAS,L,53.0,41,97,0.423,16,30,0.533,28,36,0.778,11,29,40,24,15.0,12,8,8,21,22,126,-8.0,1,57,57,57,1,29,4,71,4,36,4,5,6,40,44,69,68,38,33,8,8,69,53,33,4,77,1.0
2012-13,1610612745,HOU,Houston Rockets,0021200290,2012-12-08T00:00:00,HOU vs. DAL,L,48.0,35,72,0.486,12,35,0.343,27,38,0.711,4,33,37,28,20.0,8,4,2,26,24,109,-7.0,1,57,57,57,5,67,97,38,21,7,64,6,3,69,97,45,91,16,79,39,45,2,85,20,34,73,1.0
2012-13,1610612745,HOU,Houston Rockets,0021200278,2012-12-07T00:00:00,HOU @ SAS,L,48.0,37,95,0.389,11,33,0.333,7,8,0.875,10,27,37,23,19.0,11,2,7,14,10,92,-22.0,1,57,57,57,5,49,6,90,32,20,65,100,100,3,58,82,91,45,73,13,72,59,4,100,87,96,1.0
2012-13,1610612745,HOU,Houston Rockets,0021200256,2012-12-04T00:00:00,HOU vs. LAL,W,48.0,38,101,0.376,7,34,0.206,24,31,0.774,21,29,50,22,10.0,7,4,11,28,25,107,2.0,1,1,1,1,5,45,2,92,83,12,96,21,20,42,3,69,9,54,4,53,45,96,92,14,45,53,1.0
2012-13,1610612745,HOU,Houston Rockets,0021200237,2012-12-01T00:00:00,HOU vs. UTA,W,48.0,46,83,0.554,11,22,0.5,21,26,0.808,10,28,38,26,16.0,9,7,6,17,22,124,8.0,1,1,1,1,5,4,39,6,32,85,7,31,44,23,58,77,86,26,42,35,11,48,17,33,8,34,1.0
2012-13,1610612745,HOU,Houston Rockets,0021200218,2012-11-28T00:00:00,HOU @ OKC,L,48.0,36,87,0.414,8,21,0.381,18,30,0.6,16,22,38,20,16.0,11,2,11,16,22,98,-22.0,1,57,57,57,5,60,22,75,72,87,39,53,26,94,9,96,86,68,42,13,72,96,10,33,69,96,1.0
2012-13,1610612745,HOU,Houston Rockets,0021200206,2012-11-27T00:00:00,HOU vs. TOR,W,48.0,44,83,0.53,13,26,0.5,16,21,0.762,12,33,45,30,14.0,11,1,2,15,15,117,16.0,1,1,1,1,5,13,39,14,16,67,7,72,78,52,32,45,31,7,22,13,87,2,7,93,17,17,1.0
2012-13,1610612745,HOU,Houston Rockets,0021200178,2012-11-23T00:00:00,HOU vs. NYK,W,48.0,46,89,0.517,14,25,0.56,25,28,0.893,11,38,49,22,14.0,8,6,9,17,21,131,28.0,1,1,1,1,5,4,15,18,11,72,2,14,33,2,44,8,12,54,22,39,19,79,17,46,3,6,1.0
2012-13,1610612745,HOU,Houston Rockets,0021200165,2012-11-21T00:00:00,HOU vs. CHI,W,48.0,32,74,0.432,7,19,0.368,22,31,0.71,10,35,45,15,23.0,8,6,7,18,22,93,4.0,1,1,1,1,5,86,90,65,83,95,48,28,20,70,58,28,31,93,94,39,19,59,27,33,85,48,1.0
2012-13,1610612745,HOU,Houston Rockets,0021200153,2012-11-19T00:00:00,HOU @ UTA,L,48.0,30,86,0.349,7,21,0.333,24,31,0.774,15,34,49,18,14.0,4,9,11,22,23,91,-11.0,1,57,57,57,5,92,25,97,83,87,65,21,20,42,13,36,12,79,22,93,6,96,62,28,88,90,1.0
2012-13,1610612745,HOU,Houston Rockets,0021200146,2012-11-18T00:00:00,HOU @ LAL,L,48.0,44,90,0.489,9,23,0.391,11,18,0.611,11,31,42,30,15.0,8,1,3,22,15,108,-11.0,1,57,57,57,5,13,13,32,57,81,37,93,83,92,44,59,54,7,33,39,87,9,62,93,40,90,1.0
2012-13,1610612745,HOU,Houston Rockets,0021200129,2012-11-16T00:00:00,HOU @ POR,L,53.0,41,88,0.466,9,25,0.36,26,31,0.839,16,31,47,24,18.0,9,3,8,29,24,117,-2.0,1,57,57,57,1,29,19,49,57,72,49,8,20,11,9,59,21,38,62,35,59,69,95,20,17,57,1.0
2012-13,1610612745,HOU,Houston Rockets,0021200112,2012-11-14T00:00:00,HOU vs. NOH,W,48.0,36,80,0.45,10,29,0.345,18,22,0.818,7,33,40,19,12.0,3,7,8,17,16,100,4.0,1,1,1,1,5,60,61,52,45,43,58,53,72,17,83,45,68,71,12,99,11,69,17,86,61,48,1.0
2012-13,1610612745,HOU,Houston Rockets,0021200099,2012-11-12T00:00:00,HOU vs. MIA,L,48.0,36,80,0.45,12,34,0.353,26,33,0.788,11,29,40,25,11.0,5,6,4,20,24,110,-3.0,1,57,57,57,5,60,61,52,21,12,52,8,14,34,44,69,68,33,7,83,19,18,46,20,32,60,1.0
2012-13,1610612745,HOU,Houston Rockets,0021200085,2012-11-10T00:00:00,HOU vs. DET,W,48.0,33,82,0.402,9,26,0.346,21,26,0.808,8,34,42,23,15.0,10,3,9,17,16,96,14.0,1,1,1,1,5,81,50,83,57,67,56,31,44,23,75,36,54,45,33,24,59,79,17,86,72,20,1.0
2012-13,1610612745,HOU,Houston Rockets,0021200073,2012-11-09T00:00:00,HOU @ MEM,L,48.0,31,76,0.408,9,27,0.333,14,15,0.933,8,33,41,17,20.0,5,6,8,17,16,85,-8.0,1,57,57,57,5,90,80,81,57,56,65,78,93,1,75,45,63,86,79,83,19,69,17,86,94,77,1.0
2012-13,1610612745,HOU,Houston Rockets,0021200059,2012-11-07T00:00:00,HOU vs. DEN,L,48.0,31,84,0.369,8,33,0.242,17,23,0.739,16,27,43,18,20.0,15,2,5,22,16,87,-6.0,1,57,57,57,5,90,32,93,72,20,90,62,63,61,9,82,48,79,79,1,72,31,62,86,92,68,1.0
2012-13,1610612745,HOU,Houston Rockets,0021200032,2012-11-03T00:00:00,HOU vs. POR,L,53.0,34,96,0.354,5,26,0.192,12,18,0.667,16,40,56,19,18.0,12,4,8,16,18,85,-10.0,1,57,57,57,1,74,5,96,94,67,98,86,83,79,9,4,3,71,62,8,45,69,10,76,94,86,1.0
2012-13,1610612745,HOU,Houston Rockets,0021200018,2012-11-02T00:00:00,HOU @ ATL,W,48.0,38,90,0.422,8,30,0.267,25,29,0.862,23,35,58,22,21.0,8,2,4,18,26,109,7.0,1,1,1,1,5,45,13,72,72,36,84,14,30,7,1,28,1,54,85,39,72,18,27,8,34,40,1.0
2012-13,1610612745,HOU,Houston Rockets,0021200006,2012-10-31T00:00:00,HOU @ DET,W,48.0,39,79,0.494,10,27,0.37,17,23,0.739,12,33,45,28,20.0,12,3,4,24,15,105,9.0,1,1,1,1,5,39,69,30,45,56,46,62,63,61,32,45,31,16,79,8,59,18,79,93,51,32,1.0
2012-13,1610612745,HOU,Houston Rockets,0011200110,2012-10-26T00:00:00,HOU @ ORL,W,48.0,41,80,0.513,11,29,0.379,15,23,0.652,4,36,40,31,12.0,6,2,3,14,23,108,16.0,1,1,1,1,5,29,61,22,32,43,41,74,63,85,97,15,68,5,12,69,72,9,4,28,40,17,
2012-13,1610612745,HOU,Houston Rockets,0011200100,2012-10-24T00:00:00,HOU @ NOH,W,48.0,37,84,0.44,12,27,0.444,11,18,0.611,14,26,40,24,23.0,13,6,8,22,19,97,7.0,1,1,1,1,5,49,32,59,21,56,16,93,83,92,20,88,68,38,94,3,19,69,62,65,71,40,
2012-13,1610612745,HOU,Houston Rockets,0011200062,2012-10-17T00:00:00,HOU vs. MEM,W,48.0,41,81,0.506,9,22,0.409,18,28,0.643,8,38,46,29,18.0,12,5,3,34,25,109,7.0,1,1,1,1,5,29,57,24,57,85,30,53,33,88,75,8,27,13,62,8,28,9,100,14,34,40,
2012-13,1610612745,HOU,Houston Rockets,0011200052,2012-10-15T00:00:00,HOU @ DAL,L,48.0,42,102,0.412,10,24,0.417,10,15,0.667,15,33,48,28,18.0,7,2,10,21,17,104,-19.0,1,57,57,57,5,23,1,77,45,76,26,95,93,79,13,45,16,16,62,53,72,90,53,81,54,95,
2012-13,1610612745,HOU,Houston Rockets,0011200044,2012-10-14T00:00:00,HOU vs. SAS,L,48.0,38,88,0.432,11,28,0.393,20,27,0.741,17,28,45,23,15.0,7,1,8,18,22,107,-9.0,1,57,57,57,5,45,19,66,32,51,36,41,38,59,8,77,31,45,33,53,87,69,27,33,45,81,
2012-13,1610612745,HOU,Houston Rockets,0011200033,2012-10-12T00:00:00,HOU vs. NOH,W,48.0,37,75,0.493,8,21,0.381,13,22,0.591,3,36,39,24,13.0,10,4,5,19,19,95,20.0,1,1,1,1,5,49,87,31,72,87,39,82,72,95,100,15,75,38,16,24,45,31,37,65,77,12,
2012-13,1610612745,HOU,Houston Rockets,0011200019,2012-10-10T00:00:00,HOU vs. OKC,W,48.0,37,86,0.43,6,28,0.214,27,35,0.771,21,28,49,26,18.0,7,5,5,14,27,107,2.0,1,1,1,1,5,49,25,67,89,51,93,6,9,45,3,77,12,26,62,53,28,31,4,6,45,53,
2012-13,1610612746,LAC,Los Angeles Clippers,0041200176,2013-05-03T00:00:00,LAC @ MEM,L,48.0,41,78,0.526,7,20,0.35,16,24,0.667,8,27,35,19,13.0,3,0,3,33,26,105,-13.0,1,66,66,66,3,22,57,15,43,51,50,46,43,63,83,77,84,71,30,99,100,22,101,9,30,91,0.0
2012-13,1610612746,LAC,Los Angeles Clippers,0041200175,2013-04-30T00:00:00,LAC vs. MEM,L,48.0,34,77,0.442,6,17,0.353,19,25,0.76,12,28,40,19,13.0,6,5,7,23,25,93,-10.0,1,66,66,66,3,77,69,76,57,70,46,28,34,35,34,64,56,71,30,77,53,89,62,14,70,85,1.0
2012-13,1610612746,LAC,Los Angeles Clippers,0041200174,2013-04-27T00:00:00,LAC @ MEM,L,48.0,32,78,0.41,4,21,0.19,15,17,0.882,5,23,28,17,10.0,8,5,6,27,20,83,-21.0,1,66,66,66,3,86,57,89,81,41,95,54,82,8,98,94,101,87,9,60,53,76,91,61,92,97,0.0
2012-13,1610612746,LAC,Los Angeles Clippers,0041200173,2013-04-25T00:00:00,LAC @ MEM,L,48.0,26,67,0.388,9,23,0.391,21,23,0.913,5,28,33,14,18.0,5,10,3,29,22,82,-12.0,1,66,66,66,3,99,98,95,23,27,32,17,51,4,98,64,96,96,76,89,7,22,97,39,93,89,1.0
2012-13,1610612746,LAC,Los Angeles Clippers,0041200172,2013-04-22T00:00:00,LAC vs. MEM,W,48.0,37,78,0.474,2,15,0.133,17,22,0.773,9,31,40,19,13.0,5,10,5,27,21,93,2.0,1,1,1,1,3,52,57,49,98,85,100,38,55,28,69,37,56,71,30,89,7,60,91,50,70,62,1.0
2012-13,1610612746,LAC,Los Angeles Clippers,0041200171,2013-04-20T00:00:00,LAC vs. MEM,W,48.0,41,74,0.554,7,19,0.368,23,31,0.742,14,33,47,20,13.0,4,4,1,28,29,112,21.0,1,1,1,1,3,22,84,6,43,58,38,10,11,42,18,23,16,64,30,98,67,3,95,3,10,14,0.0
2012-13,1610612746,LAC,Los Angeles Clippers,0021201229,2013-04-17T00:00:00,LAC @ SAC,W,48.0,44,88,0.5,12,24,0.5,12,18,0.667,11,33,44,25,13.0,5,3,4,20,20,112,4.0,1,1,1,1,3,11,11,29,7,23,7,73,78,63,43,23,31,33,30,89,82,37,39,61,10,59,1.0
2012-13,1610612746,LAC,Los Angeles Clippers,0021201215,2013-04-16T00:00:00,LAC vs. POR,W,48.0,37,79,0.468,7,27,0.259,12,15,0.8,14,37,51,30,16.0,10,4,0,12,16,93,16.0,1,1,1,1,3,52,49,52,43,15,81,73,90,22,18,5,6,11,67,35,67,1,1,90,70,20,1.0
2012-13,1610612746,LAC,Los Angeles Clippers,0021201192,2013-04-13T00:00:00,LAC @ MEM,W,48.0,37,80,0.463,6,16,0.375,11,18,0.611,12,33,45,18,8.0,9,8,5,20,20,91,4.0,1,1,1,1,3,52,40,62,57,78,36,84,78,81,34,23,24,82,3,48,17,60,39,61,79,59,1.0
2012-13,1610612746,LAC,Los Angeles Clippers,0021201183,2013-04-12T00:00:00,LAC @ NOH,W,48.0,35,78,0.449,7,26,0.269,19,28,0.679,10,31,41,28,13.0,6,5,1,24,23,96,3.0,1,1,1,1,3,70,57,73,43,16,79,28,21,61,58,37,46,19,30,77,53,3,72,32,63,61,1.0
2012-13,1610612746,LAC,Los Angeles Clippers,0021201173,2013-04-10T00:00:00,LAC vs. MIN,W,48.0,44,77,0.571,11,21,0.524,12,16,0.75,10,38,48,34,20.0,8,11,4,19,14,111,16.0,1,1,1,1,3,11,69,3,12,41,5,73,85,37,58,3,12,3,88,60,4,37,33,94,14,20,1.0
2012-13,1610612746,LAC,Los Angeles Clippers,0021201146,2013-04-07T00:00:00,LAC vs. LAL,W,48.0,42,84,0.5,8,21,0.381,17,21,0.81,16,34,50,26,10.0,6,1,5,22,14,109,14.0,1,1,1,1,3,18,21,29,32,41,35,38,62,19,10,19,8,27,9,77,96,60,53,94,18,26,1.0
2012-13,1610612746,LAC,Los Angeles Clippers,0021201121,2013-04-03T00:00:00,LAC vs. PHX,W,48.0,52,93,0.559,9,21,0.429,13,18,0.722,13,24,37,39,6.0,14,5,3,23,16,126,25.0,1,1,1,1,3,1,1,4,23,41,20,66,78,49,26,88,72,1,2,6,53,22,62,90,2,9,1.0
2012-13,1610612746,LAC,Los Angeles Clippers,0021201107,2013-04-01T00:00:00,LAC vs. IND,L,48.0,39,80,0.488,5,16,0.313,23,26,0.885,14,22,36,24,14.0,7,1,4,23,25,106,-3.0,1,66,66,66,3,36,40,42,69,78,65,10,27,6,18,98,80,41,40,73,96,37,62,14,24,70,1.0
2012-13,1610612746,LAC,Los Angeles Clippers,0021201088,2013-03-30T00:00:00,LAC @ HOU,L,48.0,31,78,0.397,7,22,0.318,12,14,0.857,7,31,38,15,19.0,10,7,5,26,18,81,-17.0,1,66,66,66,3,90,57,94,43,34,62,73,93,12,91,37,64,90,83,35,25,60,84,73,94,96,1.0
2012-13,1610612746,LAC,Los Angeles Clippers,0021201082,2013-03-29T00:00:00,LAC @ SAS,L,48.0,41,81,0.506,8,19,0.421,12,21,0.571,12,26,38,26,11.0,8,4,5,23,20,102,-2.0,1,66,66,66,3,22,37,28,32,58,23,73,62,90,34,81,64,27,15,60,67,60,62,61,40,67,1.0
2012-13,1610612746,LAC,Los Angeles Clippers,0021201063,2013-03-27T00:00:00,LAC @ NOH,W,48.0,34,73,0.466,13,29,0.448,24,28,0.857,12,23,35,18,9.0,9,3,2,18,25,105,14.0,1,1,1,1,3,77,88,57,4,7,15,5,21,12,34,94,84,82,5,48,82,11,27,14,30,26,1.0
2012-13,1610612746,LAC,Los Angeles Clippers,0021201056,2013-03-26T00:00:00,LAC @ DAL,L,53.0,38,85,0.447,10,33,0.303,16,25,0.64,11,33,44,19,18.0,6,4,7,24,21,102,-7.0,1,66,66,66,1,43,16,75,17,2,72,46,34,70,43,23,31,71,76,77,67,89,72,50,40,78,0.0
2012-13,1610612746,LAC,Los Angeles Clippers,0021201038,2013-03-23T00:00:00,LAC vs. BKN,W,48.0,37,79,0.468,9,26,0.346,18,24,0.75,12,29,41,19,16.0,11,6,2,23,21,101,6.0,1,1,1,1,3,52,49,52,23,16,54,35,43,37,34,56,46,71,67,25,37,11,62,50,44,49,1.0
2012-13,1610612746,LAC,Los Angeles Clippers,0021201018,2013-03-20T00:00:00,LAC vs. PHI,W,48.0,41,78,0.526,6,20,0.3,13,19,0.684,8,36,44,24,14.0,13,3,4,16,19,101,29.0,1,1,1,1,3,22,57,15,57,51,73,66,71,59,83,10,31,41,40,8,82,37,9,68,44,3,1.0
2012-13,1610612746,LAC,Los Angeles Clippers,0021201007,2013-03-19T00:00:00,LAC @ SAC,L,48.0,36,80,0.45,9,26,0.346,20,26,0.769,11,26,37,30,18.0,10,4,1,24,25,101,-15.0,1,66,66,66,3,66,40,72,23,16,54,24,27,30,43,81,72,11,76,35,67,3,72,14,44,94,1.0
2012-13,1610612746,LAC,Los Angeles Clippers,0021200987,2013-03-17T00:00:00,LAC vs. NYK,W,48.0,34,75,0.453,8,28,0.286,17,31,0.548,12,39,51,20,12.0,5,8,1,18,27,93,13.0,1,1,1,1,3,77,79,70,32,11,75,38,11,93,34,1,6,64,23,89,17,3,27,6,70,29,1.0
2012-13,1610612746,LAC,Los Angeles Clippers,0021200965,2013-03-13T00:00:00,LAC vs. MEM,L,48.0,31,72,0.431,6,26,0.231,17,18,0.944,13,21,34,22,14.0,5,4,3,22,25,85,-11.0,1,66,66,66,3,90,90,80,57,16,87,38,78,3,26,99,95,49,40,89,67,22,53,14,91,87,1.0
2012-13,1610612746,LAC,Los Angeles Clippers,0021200942,2013-03-10T00:00:00,LAC vs. DET,W,48.0,50,80,0.625,14,28,0.5,15,25,0.6,6,29,35,37,14.0,13,4,4,28,21,129,32.0,1,1,1,1,3,2,40,1,3,11,7,54,34,82,95,56,84,2,40,8,67,37,95,50,1,2,1.0
2012-13,1610612746,LAC,Los Angeles Clippers,0021200914,2013-03-07T00:00:00,LAC @ DEN,L,48.0,36,85,0.424,7,22,0.318,13,16,0.813,10,26,36,21,11.0,5,3,10,17,17,92,-15.0,1,66,66,66,3,66,16,87,43,34,62,66,85,18,58,81,80,54,15,89,82,101,21,82,76,94,0.0
2012-13,1610612746,LAC,Los Angeles Clippers,0021200911,2013-03-06T00:00:00,LAC vs. MIL,W,48.0,47,87,0.54,12,29,0.414,11,14,0.786,9,33,42,33,11.0,10,9,1,15,14,117,16.0,1,1,1,1,3,4,13,8,7,7,27,84,93,26,69,23,43,5,15,35,12,3,4,94,4,20,1.0
2012-13,1610612746,LAC,Los Angeles Clippers,0021200881,2013-03-03T00:00:00,LAC vs. OKC,L,48.0,38,82,0.463,9,24,0.375,19,22,0.864,13,28,41,22,21.0,9,2,5,26,22,104,-4.0,1,66,66,66,3,43,30,60,23,23,36,28,55,11,26,64,46,49,93,48,91,60,84,39,35,73,1.0
2012-13,1610612746,LAC,Los Angeles Clippers,0021200869,2013-03-01T00:00:00,LAC @ CLE,W,48.0,43,83,0.518,7,25,0.28,12,20,0.6,11,28,39,26,13.0,10,9,2,20,23,105,16.0,1,1,1,1,3,15,25,18,43,20,76,73,69,82,43,64,60,27,30,35,12,11,39,32,30,20,1.0
2012-13,1610612746,LAC,Los Angeles Clippers,0021200861,2013-02-28T00:00:00,LAC @ IND,W,48.0,39,80,0.488,4,23,0.174,17,21,0.81,9,27,36,18,12.0,8,6,4,26,22,99,8.0,1,1,1,1,3,36,40,42,81,27,97,38,62,19,69,77,80,82,23,60,37,37,84,39,54,45,1.0
2012-13,1610612746,LAC,Los Angeles Clippers,0021200850,2013-02-26T00:00:00,LAC vs. CHA,W,48.0,41,76,0.539,12,22,0.545,12,26,0.462,9,34,43,34,15.0,11,10,4,17,21,106,22.0,1,1,1,1,3,22,75,9,7,34,3,73,27,99,69,19,39,3,51,25,7,37,21,50,24,11,1.0
2012-13,1610612746,LAC,Los Angeles Clippers,0021200829,2013-02-23T00:00:00,LAC vs. UTA,W,48.0,40,78,0.513,8,20,0.4,19,24,0.792,10,36,46,22,22.0,9,2,6,24,21,107,13.0,1,1,1,1,3,31,57,23,32,51,30,28,43,24,58,10,20,49,96,48,91,76,72,50,19,29,1.0
2012-13,1610612746,LAC,Los Angeles Clippers,0021200810,2013-02-21T00:00:00,LAC vs. SAS,L,48.0,32,76,0.421,5,16,0.313,21,25,0.84,13,20,33,21,20.0,5,1,6,22,20,90,-26.0,1,66,66,66,3,86,75,88,69,78,65,17,34,16,26,101,96,54,88,89,96,76,53,61,81,101,1.0
2012-13,1610612746,LAC,Los Angeles Clippers,0021200788,2013-02-14T00:00:00,LAC @ LAL,W,48.0,46,89,0.517,16,30,0.533,17,22,0.773,17,30,47,25,15.0,9,8,2,25,17,125,24.0,1,1,1,1,3,7,8,19,2,4,4,38,55,28,3,48,16,33,51,48,17,11,79,82,3,10,0.0
2012-13,1610612746,LAC,Los Angeles Clippers,0021200786,2013-02-13T00:00:00,LAC vs. HOU,W,48.0,37,75,0.493,13,32,0.406,19,26,0.731,6,31,37,28,19.0,12,6,2,19,23,106,10.0,1,1,1,1,3,52,79,39,4,3,29,28,27,46,95,37,72,19,83,14,37,11,33,32,24,40,1.0
2012-13,1610612746,LAC,Los Angeles Clippers,0021200761,2013-02-11T00:00:00,LAC @ PHI,W,48.0,44,75,0.587,8,19,0.421,11,22,0.5,11,32,43,29,13.0,8,7,0,16,18,107,17.0,1,1,1,1,3,11,79,2,32,58,23,84,55,97,43,30,39,16,30,60,25,1,9,73,19,18,1.0
2012-13,1610612746,LAC,Los Angeles Clippers,0021200752,2013-02-10T00:00:00,LAC @ NYK,W,48.0,41,80,0.513,10,28,0.357,10,16,0.625,13,30,43,21,18.0,10,6,3,19,18,102,14.0,1,1,1,1,3,22,40,24,17,11,43,93,85,74,26,48,39,54,76,35,37,22,33,73,40,26,1.0
2012-13,1610612746,LAC,Los Angeles Clippers,0021200741,2013-02-08T00:00:00,LAC @ MIA,L,48.0,34,77,0.442,7,16,0.438,14,19,0.737,11,24,35,23,19.0,9,5,4,24,21,89,-22.0,1,66,66,66,3,77,69,76,43,78,18,60,71,43,43,88,84,46,83,48,53,37,72,50,84,99,1.0
2012-13,1610612746,LAC,Los Angeles Clippers,0021200723,2013-02-06T00:00:00,LAC @ ORL,W,48.0,33,82,0.402,6,18,0.333,14,22,0.636,13,35,48,17,14.0,16,6,5,16,20,86,10.0,1,1,1,1,3,84,30,92,57,66,56,60,55,72,26,14,12,87,40,3,37,60,9,61,89,40,1.0
2012-13,1610612746,LAC,Los Angeles Clippers,0021200709,2013-02-04T00:00:00,LAC @ WAS,L,48.0,37,79,0.468,4,17,0.235,12,15,0.8,9,35,44,21,20.0,6,6,8,24,16,90,-8.0,1,66,66,66,3,52,49,52,81,70,84,73,90,22,69,14,31,54,88,77,37,95,72,90,81,82,1.0
2012-13,1610612746,LAC,Los Angeles Clippers,0021200705,2013-02-03T00:00:00,LAC @ BOS,L,48.0,40,79,0.506,9,21,0.429,15,21,0.714,13,28,41,27,21.0,9,2,2,26,22,104,-2.0,1,66,66,66,3,31,49,27,23,41,20,54,62,52,26,64,46,23,93,48,91,11,84,39,35,67,1.0
2012-13,1610612746,LAC,Los Angeles Clippers,0021200684,2013-02-01T00:00:00,LAC @ TOR,L,48.0,25,72,0.347,3,19,0.158,20,31,0.645,9,28,37,12,15.0,6,4,6,16,25,73,-25.0,1,66,66,66,3,100,90,101,93,58,99,24,11,69,69,64,72,99,51,77,67,76,9,14,99,100,1.0
2012-13,1610612746,LAC,Los Angeles Clippers,0021200677,2013-01-30T00:00:00,LAC @ MIN,W,48.0,35,76,0.461,3,9,0.333,23,36,0.639,14,31,45,16,15.0,11,4,3,18,25,96,6.0,1,1,1,1,3,70,75,64,93,100,56,10,5,71,18,37,24,89,51,25,67,22,27,14,63,49,1.0
2012-13,1610612746,LAC,Los Angeles Clippers,0021200658,2013-01-27T00:00:00,LAC vs. POR,W,48.0,42,82,0.512,6,17,0.353,6,9,0.667,8,29,37,33,13.0,8,2,4,23,13,96,13.0,1,1,1,1,3,18,30,25,57,70,46,98,97,63,83,56,72,5,30,60,91,37,62,97,63,29,1.0
2012-13,1610612746,LAC,Los Angeles Clippers,0021200651,2013-01-26T00:00:00,LAC @ POR,L,48.0,40,81,0.494,7,16,0.438,13,17,0.765,15,26,41,25,15.0,6,4,1,22,19,100,-1.0,1,66,66,66,3,31,37,37,43,78,18,66,82,32,14,81,46,33,51,77,67,3,53,68,52,66,1.0
2012-13,1610612746,LAC,Los Angeles Clippers,0021200631,2013-01-24T00:00:00,LAC @ PHX,L,48.0,33,83,0.398,6,18,0.333,16,26,0.615,14,31,45,20,15.0,5,4,4,25,23,88,-5.0,1,66,66,66,3,84,25,93,57,66,56,46,27,77,18,37,24,64,51,89,67,37,79,32,86,75,1.0
2012-13,1610612746,LAC,Los Angeles Clippers,0021200617,2013-01-22T00:00:00,LAC vs. OKC,L,48.0,39,84,0.464,4,16,0.25,15,21,0.714,12,23,35,15,11.0,8,7,4,17,26,97,-12.0,1,66,66,66,3,36,21,59,81,78,82,54,62,52,34,94,84,90,15,60,25,37,21,9,60,89,0.0
2012-13,1610612746,LAC,Los Angeles Clippers,0021200610,2013-01-21T00:00:00,LAC @ GSW,L,48.0,38,83,0.458,11,30,0.367,12,22,0.545,10,29,39,32,14.0,10,5,2,16,21,99,-7.0,1,66,66,66,3,43,25,66,12,4,39,73,55,94,58,56,60,8,40,35,53,11,9,50,54,78,1.0
2012-13,1610612746,LAC,Los Angeles Clippers,0021200600,2013-01-19T00:00:00,LAC vs. WAS,W,48.0,34,93,0.366,5,21,0.238,21,31,0.677,22,36,58,18,11.0,9,9,6,23,24,94,7.0,1,1,1,1,3,77,1,98,69,41,83,17,11,62,1,10,1,82,15,48,12,76,62,25,67,47,1.0
2012-13,1610612746,LAC,Los Angeles Clippers,0021200581,2013-01-17T00:00:00,LAC @ MIN,W,48.0,35,77,0.455,5,13,0.385,15,23,0.652,11,37,48,18,18.0,10,5,5,20,17,90,13.0,1,1,1,1,3,70,69,69,69,92,34,54,51,68,43,5,12,82,76,35,53,60,39,82,81,29,1.0
2012-13,1610612746,LAC,Los Angeles Clippers,0021200567,2013-01-15T00:00:00,LAC @ HOU,W,48.0,42,78,0.538,11,19,0.579,22,26,0.846,10,25,35,21,18.0,7,2,1,21,23,117,8.0,1,1,1,1,3,18,57,10,12,58,2,14,27,14,58,87,84,54,76,73,91,3,47,32,4,45,1.0
2012-13,1610612746,LAC,Los Angeles Clippers,0021200559,2013-01-14T00:00:00,LAC @ MEM,W,48.0,35,76,0.461,5,14,0.357,24,32,0.75,11,33,44,20,10.0,8,9,3,19,26,99,26.0,1,1,1,1,3,70,75,64,69,89,43,5,9,37,43,23,31,64,9,60,12,22,33,9,54,5,1.0
2012-13,1610612746,LAC,Los Angeles Clippers,0021200541,2013-01-12T00:00:00,LAC vs. ORL,L,48.0,43,88,0.489,9,22,0.409,6,6,1.0,9,26,35,32,9.0,8,6,1,15,12,101,-3.0,1,66,66,66,3,15,11,41,23,34,28,98,101,1,69,81,84,8,5,60,37,3,4,98,44,70,1.0
2012-13,1610612746,LAC,Los Angeles Clippers,0021200525,2013-01-09T00:00:00,LAC vs. DAL,W,48.0,38,79,0.481,10,24,0.417,13,21,0.619,15,32,47,25,21.0,9,6,3,16,17,99,6.0,1,1,1,1,3,43,49,48,17,23,26,66,62,76,14,30,16,33,93,48,37,22,9,82,54,49,1.0
2012-13,1610612746,LAC,Los Angeles Clippers,0021200498,2013-01-05T00:00:00,LAC vs. GSW,W,48.0,47,90,0.522,10,28,0.357,11,15,0.733,9,32,41,29,9.0,12,4,8,21,17,115,26.0,1,1,1,1,3,4,6,17,17,11,43,84,90,44,69,30,46,16,5,14,67,95,47,82,9,5,1.0
2012-13,1610612746,LAC,Los Angeles Clippers,0021200488,2013-01-04T00:00:00,LAC vs. LAL,W,48.0,41,82,0.5,6,14,0.429,19,25,0.76,15,32,47,27,16.0,8,7,6,31,22,107,5.0,1,1,1,1,3,22,30,29,57,89,20,28,34,35,14,30,16,23,67,60,25,76,99,39,19,56,1.0
2012-13,1610612746,LAC,Los Angeles Clippers,0021200475,2013-01-02T00:00:00,LAC @ GSW,L,48.0,29,80,0.363,8,29,0.276,28,39,0.718,11,27,38,24,15.0,14,4,4,18,27,94,-21.0,1,66,66,66,3,95,40,99,32,7,78,3,3,51,43,77,64,41,51,6,67,37,27,6,67,97,1.0
2012-13,1610612746,LAC,Los Angeles Clippers,0021200462,2013-01-01T00:00:00,LAC @ DEN,L,48.0,30,78,0.385,5,29,0.172,13,29,0.448,14,32,46,15,15.0,10,7,4,18,26,78,-14.0,1,66,66,66,3,93,57,97,69,7,98,66,17,100,18,30,20,90,51,35,25,37,27,9,96,92,0.0
2012-13,1610612746,LAC,Los Angeles Clippers,0021200451,2012-12-30T00:00:00,LAC vs. UTA,W,48.0,39,78,0.5,8,18,0.444,21,29,0.724,9,32,41,25,14.0,10,10,6,26,24,107,11.0,1,1,1,1,3,36,57,29,32,66,16,17,17,48,69,30,46,33,40,35,7,76,84,25,19,39,1.0
2012-13,1610612746,LAC,Los Angeles Clippers,0021200433,2012-12-28T00:00:00,LAC @ UTA,W,48.0,38,77,0.494,7,23,0.304,33,41,0.805,11,24,35,20,16.0,11,0,7,29,32,116,2.0,1,1,1,1,3,43,69,38,43,27,69,2,2,21,43,88,84,64,67,25,100,89,97,2,7,62,1.0
2012-13,1610612746,LAC,Los Angeles Clippers,0021200424,2012-12-27T00:00:00,LAC vs. BOS,W,48.0,41,85,0.482,12,30,0.4,12,24,0.5,10,34,44,31,8.0,12,7,3,18,23,106,29.0,1,1,1,1,3,22,16,47,7,4,30,73,43,97,58,19,31,10,3,14,25,22,27,32,24,3,0.0
2012-13,1610612746,LAC,Los Angeles Clippers,0021200409,2012-12-25T00:00:00,LAC vs. DEN,W,48.0,45,93,0.484,11,25,0.44,11,19,0.579,16,29,45,29,15.0,12,6,4,21,16,112,12.0,1,1,1,1,3,9,1,46,12,20,17,84,71,86,10,56,24,16,51,14,37,37,47,90,10,35,1.0
2012-13,1610612746,LAC,Los Angeles Clippers,0021200403,2012-12-23T00:00:00,LAC @ PHX,W,48.0,38,71,0.535,11,21,0.524,16,29,0.552,5,39,44,26,16.0,12,7,2,19,21,103,26.0,1,1,1,1,3,43,95,12,12,41,5,46,17,92,98,1,31,27,67,14,25,11,33,50,38,5,1.0
2012-13,1610612746,LAC,Los Angeles Clippers,0021200388,2012-12-21T00:00:00,LAC vs. SAC,W,48.0,37,87,0.425,7,23,0.304,16,24,0.667,16,37,53,24,20.0,13,13,9,17,25,97,12.0,1,1,1,1,3,52,13,86,43,27,69,46,43,63,10,5,2,41,88,8,1,97,21,14,60,35,1.0
2012-13,1610612746,LAC,Los Angeles Clippers,0021200376,2012-12-19T00:00:00,LAC vs. NOH,W,48.0,37,74,0.5,4,20,0.2,15,19,0.789,9,28,37,28,12.0,8,7,5,21,18,93,16.0,1,1,1,1,3,52,84,29,81,51,92,54,71,25,69,64,72,19,23,60,25,60,47,73,70,20,1.0
2012-13,1610612746,LAC,Los Angeles Clippers,0021200352,2012-12-17T00:00:00,LAC @ DET,W,48.0,35,78,0.449,5,22,0.227,13,17,0.765,12,30,42,19,12.0,9,5,7,15,17,88,12.0,1,1,1,1,3,70,57,73,69,34,89,66,82,32,34,48,43,71,23,48,53,89,4,82,86,35,1.0
2012-13,1610612746,LAC,Los Angeles Clippers,0021200343,2012-12-15T00:00:00,LAC @ MIL,W,48.0,44,82,0.537,5,11,0.455,18,24,0.75,11,38,49,33,12.0,10,3,5,22,22,111,26.0,1,1,1,1,3,11,30,11,69,96,14,35,43,37,43,3,9,5,23,35,82,60,53,39,14,5,1.0
2012-13,1610612746,LAC,Los Angeles Clippers,0021200313,2012-12-12T00:00:00,LAC @ CHA,W,48.0,37,85,0.435,9,23,0.391,17,25,0.68,17,31,48,26,11.0,6,11,5,16,24,100,6.0,1,1,1,1,3,52,16,79,23,27,32,38,34,60,3,37,12,27,15,77,4,60,9,25,52,49,1.0
2012-13,1610612746,LAC,Los Angeles Clippers,0021200308,2012-12-11T00:00:00,LAC @ CHI,W,48.0,37,80,0.463,4,11,0.364,16,23,0.696,11,31,42,19,15.0,11,5,4,15,18,94,5.0,1,1,1,1,3,52,40,62,81,96,40,46,51,57,43,37,43,71,51,25,53,37,4,73,67,56,1.0
2012-13,1610612746,LAC,Los Angeles Clippers,0021200292,2012-12-09T00:00:00,LAC vs. TOR,W,48.0,36,79,0.456,6,19,0.316,24,34,0.706,15,30,45,21,9.0,11,6,5,17,22,102,19.0,1,1,1,1,3,66,49,68,57,58,64,5,7,55,14,48,24,54,5,25,37,60,21,39,40,16,1.0
2012-13,1610612746,LAC,Los Angeles Clippers,0021200282,2012-12-08T00:00:00,LAC vs. PHX,W,48.0,48,93,0.516,7,23,0.304,14,24,0.583,17,24,41,30,11.0,12,5,6,16,22,117,18.0,1,1,1,1,3,3,1,20,43,27,69,60,43,85,3,88,46,11,15,14,53,76,9,39,4,17,1.0
2012-13,1610612746,LAC,Los Angeles Clippers,0021200267,2012-12-05T00:00:00,LAC vs. DAL,W,48.0,45,90,0.5,6,20,0.3,16,21,0.762,12,37,49,30,18.0,18,6,6,17,18,112,22.0,1,1,1,1,3,9,6,29,57,51,73,46,62,34,34,5,9,11,76,1,37,76,21,73,10,11,1.0
2012-13,1610612746,LAC,Los Angeles Clippers,0021200249,2012-12-03T00:00:00,LAC @ UTA,W,48.0,42,89,0.472,4,21,0.19,17,24,0.708,13,23,36,19,10.0,9,3,5,14,26,105,1.0,1,1,1,1,3,18,8,50,81,41,95,38,43,54,26,94,80,71,9,48,82,60,2,9,30,65,1.0
2012-13,1610612746,LAC,Los Angeles Clippers,0021200241,2012-12-01T00:00:00,LAC vs. SAC,W,48.0,47,86,0.547,12,24,0.5,10,16,0.625,8,33,41,27,5.0,12,6,3,15,19,116,35.0,1,1,1,1,3,4,15,7,7,23,7,93,85,74,83,23,46,23,1,14,37,22,4,68,7,1,1.0
2012-13,1610612746,LAC,Los Angeles Clippers,0021200219,2012-11-28T00:00:00,LAC vs. MIN,W,48.0,37,81,0.457,4,19,0.211,23,26,0.885,11,24,35,28,10.0,11,6,6,25,25,101,6.0,1,1,1,1,3,52,37,67,81,58,91,10,27,6,43,88,84,19,9,25,37,76,79,14,44,49,1.0
2012-13,1610612746,LAC,Los Angeles Clippers,0021200203,2012-11-26T00:00:00,LAC vs. NOH,L,48.0,37,79,0.468,18,37,0.486,6,11,0.545,8,24,32,26,15.0,11,5,3,26,19,98,-7.0,1,66,66,66,3,52,49,52,1,1,10,98,96,94,83,88,100,27,51,25,53,22,84,68,59,78,1.0
2012-13,1610612746,LAC,Los Angeles Clippers,0021200185,2012-11-24T00:00:00,LAC @ ATL,L,48.0,32,75,0.427,8,19,0.421,21,25,0.84,7,30,37,19,15.0,13,3,2,22,18,93,-11.0,1,66,66,66,3,86,79,85,32,58,23,17,34,16,91,48,72,71,51,8,82,11,53,73,70,87,1.0
2012-13,1610612746,LAC,Los Angeles Clippers,0021200174,2012-11-23T00:00:00,LAC @ BKN,L,48.0,29,72,0.403,4,17,0.235,14,22,0.636,17,28,45,15,20.0,8,7,3,22,22,76,-10.0,1,66,66,66,3,95,90,91,81,70,84,60,55,72,3,64,24,90,88,60,25,22,53,39,97,85,1.0
2012-13,1610612746,LAC,Los Angeles Clippers,0021200164,2012-11-21T00:00:00,LAC @ OKC,L,53.0,40,93,0.43,7,20,0.35,24,33,0.727,17,28,45,19,15.0,16,5,5,27,24,111,-6.0,1,66,66,66,1,31,1,82,43,51,50,5,8,47,3,64,24,71,51,3,53,60,91,25,14,76,1.0
2012-13,1610612746,LAC,Los Angeles Clippers,0021200152,2012-11-19T00:00:00,LAC @ SAS,W,48.0,40,85,0.471,1,12,0.083,11,19,0.579,17,35,52,13,17.0,7,7,3,20,19,92,5.0,1,1,1,1,3,31,16,51,101,95,101,84,71,86,3,14,3,97,73,73,25,22,39,68,76,56,1.0
2012-13,1610612746,LAC,Los Angeles Clippers,0021200132,2012-11-17T00:00:00,LAC vs. CHI,W,48.0,37,75,0.493,5,16,0.313,22,30,0.733,10,31,41,21,14.0,10,10,4,20,20,101,21.0,1,1,1,1,3,52,79,39,69,78,65,14,16,44,58,37,46,54,40,35,7,37,39,61,44,14,1.0
2012-13,1610612746,LAC,Los Angeles Clippers,0021200117,2012-11-14T00:00:00,LAC vs. MIA,W,48.0,35,72,0.486,10,21,0.476,27,32,0.844,9,29,38,22,19.0,11,8,6,25,25,107,7.0,1,1,1,1,3,70,90,45,17,41,11,4,9,15,69,56,64,49,83,25,17,76,79,14,19,47,1.0
2012-13,1610612746,LAC,Los Angeles Clippers,0021200091,2012-11-11T00:00:00,LAC vs. ATL,W,48.0,38,82,0.463,5,15,0.333,8,8,1.0,8,30,38,21,15.0,12,6,9,22,12,89,13.0,1,1,1,1,3,43,30,60,69,85,56,95,100,1,83,48,64,54,51,14,37,97,53,98,84,29,1.0
2012-13,1610612746,LAC,Los Angeles Clippers,0021200067,2012-11-08T00:00:00,LAC @ POR,W,48.0,41,77,0.532,3,13,0.231,18,25,0.72,10,34,44,20,14.0,9,3,4,22,22,103,13.0,1,1,1,1,3,22,69,13,93,92,87,35,34,50,58,19,31,64,40,48,82,37,53,39,38,29,1.0
2012-13,1610612746,LAC,Los Angeles Clippers,0021200064,2012-11-07T00:00:00,LAC vs. SAS,W,48.0,46,83,0.554,6,17,0.353,8,9,0.889,9,37,46,30,15.0,13,8,4,19,11,106,22.0,1,1,1,1,3,7,25,5,57,70,46,95,97,5,69,5,20,11,51,8,17,37,33,100,24,11,0.0
2012-13,1610612746,LAC,Los Angeles Clippers,0021200049,2012-11-05T00:00:00,LAC vs. CLE,L,48.0,39,74,0.527,9,25,0.36,14,16,0.875,9,29,38,23,25.0,7,13,2,24,18,101,-7.0,1,66,66,66,3,36,84,14,23,20,42,60,85,10,69,56,64,46,100,73,1,11,72,73,44,78,1.0
2012-13,1610612746,LAC,Los Angeles Clippers,0021200036,2012-11-03T00:00:00,LAC vs. GSW,L,48.0,30,70,0.429,10,21,0.476,40,52,0.769,7,26,33,21,16.0,6,5,2,31,34,110,-4.0,1,66,66,66,3,93,96,83,17,41,11,1,1,30,91,81,96,54,67,77,53,11,99,1,17,73,1.0
2012-13,1610612746,LAC,Los Angeles Clippers,0021200025,2012-11-02T00:00:00,LAC @ LAL,W,48.0,38,84,0.452,8,22,0.364,21,27,0.778,9,28,37,24,12.0,12,4,7,26,23,105,10.0,1,1,1,1,3,43,21,71,32,34,40,17,24,27,69,64,72,41,23,14,67,89,84,32,30,40,1.0
2012-13,1610612746,LAC,Los Angeles Clippers,0021200011,2012-10-31T00:00:00,LAC vs. MEM,W,48.0,38,74,0.514,5,15,0.333,20,29,0.69,8,31,39,25,22.0,12,9,4,27,25,101,9.0,1,1,1,1,3,43,84,22,69,85,56,24,17,58,83,37,60,33,96,14,12,37,91,14,44,44,1.0
2012-13,1610612746,LAC,Los Angeles Clippers,0011200109,2012-10-25T00:00:00,LAC @ DEN,W,48.0,39,80,0.488,6,17,0.353,22,25,0.88,11,28,39,27,10.0,8,8,7,23,22,106,12.0,1,1,1,1,3,36,40,42,57,70,46,14,34,9,43,64,60,23,9,60,17,89,62,39,24,35,
2012-13,1610612746,LAC,Los Angeles Clippers,0011200105,2012-10-24T00:00:00,LAC vs. LAL,W,48.0,37,79,0.468,2,10,0.2,21,28,0.75,10,28,38,25,17.0,17,3,5,21,24,97,6.0,1,1,1,1,3,52,49,52,98,98,92,17,21,37,58,64,64,33,73,2,82,60,47,25,60,49,
2012-13,1610612746,LAC,Los Angeles Clippers,0011200094,2012-10-22T00:00:00,LAC vs. GSW,W,48.0,36,89,0.404,4,17,0.235,12,23,0.522,17,35,52,25,13.0,10,7,4,14,21,88,17.0,1,1,1,1,3,66,8,90,81,70,84,73,51,96,3,14,3,33,30,35,25,37,2,50,86,18,
2012-13,1610612746,LAC,Los Angeles Clippers,0011200080,2012-10-20T00:00:00,LAC @ UTA,L,48.0,34,66,0.515,3,14,0.214,20,35,0.571,4,31,35,19,19.0,11,11,4,23,24,91,-8.0,1,66,66,66,3,77,99,21,93,89,90,24,6,90,101,37,84,71,83,25,4,37,62,25,79,82,
2012-13,1610612746,LAC,Los Angeles Clippers,0011200066,2012-10-17T00:00:00,LAC vs. UTA,W,48.0,35,82,0.427,2,10,0.2,24,39,0.615,14,32,46,23,12.0,13,12,9,21,27,96,2.0,1,1,1,1,3,70,30,84,98,98,92,5,3,77,18,30,20,46,23,8,3,97,47,6,63,62,
2012-13,1610612746,LAC,Los Angeles Clippers,0011200043,2012-10-14T00:00:00,LAC @ MIA,W,48.0,39,78,0.5,5,18,0.278,16,27,0.593,14,35,49,20,24.0,12,6,3,20,18,99,10.0,1,1,1,1,3,36,57,29,69,66,77,46,24,84,18,14,9,64,98,14,37,22,39,73,54,40,
2012-13,1610612746,LAC,Los Angeles Clippers,0011200028,2012-10-11T00:00:00,LAC vs. MIA,L,48.0,31,72,0.431,7,20,0.35,11,27,0.407,16,36,52,15,25.0,5,5,6,20,28,80,-14.0,1,66,66,66,3,90,90,80,43,51,50,84,24,101,10,10,3,90,100,89,53,76,39,4,95,92,
2012-13,1610612746,LAC,Los Angeles Clippers,0011200005,2012-10-06T00:00:00,LAC vs. DEN,L,48.0,43,84,0.512,4,15,0.267,14,20,0.7,10,30,40,21,24.0,15,8,3,25,24,104,-2.0,1,66,66,66,3,15,21,26,81,85,80,60,69,56,58,48,56,54,98,5,17,22,79,25,35,67,
2012-13,1610612747,LAL,Los Angeles Lakers,0041200154,2013-04-28T00:00:00,LAL vs. SAS,L,48.0,36,76,0.474,5,17,0.294,5,12,0.417,7,34,41,22,22.0,2,5,3,15,14,82,-21.0,1,47,47,47,4,46,65,32,79,82,68,99,99,98,77,35,63,41,95,93,43,17,17,96,87,91,1.0
2012-13,1610612747,LAL,Los Angeles Lakers,0041200153,2013-04-26T00:00:00,LAL vs. SAS,L,48.0,35,81,0.432,4,20,0.2,15,25,0.6,9,26,35,19,13.0,8,3,7,15,20,89,-31.0,1,47,47,47,4,59,42,64,87,69,89,75,61,86,59,88,92,63,21,30,75,74,17,69,80,96,1.0
2012-13,1610612747,LAL,Los Angeles Lakers,0041200152,2013-04-24T00:00:00,LAL @ SAS,L,48.0,37,82,0.451,8,22,0.364,9,13,0.692,12,28,40,18,13.0,5,9,7,20,17,91,-11.0,1,47,47,47,4,40,35,52,40,51,39,95,96,55,38,79,70,70,21,70,5,74,59,86,73,75,0.0
2012-13,1610612747,LAL,Los Angeles Lakers,0041200151,2013-04-21T00:00:00,LAL @ SAS,L,48.0,30,73,0.411,3,15,0.2,16,24,0.667,6,38,44,15,18.0,8,4,3,20,21,79,-12.0,1,47,47,47,4,85,76,79,90,91,89,70,64,63,87,12,49,85,68,30,62,17,59,62,92,78,1.0
2012-13,1610612747,LAL,Los Angeles Lakers,0021201228,2013-04-17T00:00:00,LAL vs. HOU,W,53.0,33,90,0.367,10,32,0.313,23,34,0.676,17,40,57,27,13.0,6,6,5,17,28,99,4.0,1,1,1,1,1,71,10,91,24,6,61,18,16,61,5,7,4,15,21,52,30,48,37,6,55,36,1.0
2012-13,1610612747,LAL,Los Angeles Lakers,0021201201,2013-04-14T00:00:00,LAL vs. SAS,W,48.0,31,85,0.365,9,27,0.333,20,31,0.645,16,42,58,18,14.0,6,7,8,14,23,91,5.0,1,1,1,1,4,79,21,92,33,26,46,39,25,73,9,2,2,70,35,52,20,87,7,44,73,32,0.0
2012-13,1610612747,LAL,Los Angeles Lakers,0021201189,2013-04-12T00:00:00,LAL vs. GSW,W,48.0,34,66,0.515,12,25,0.48,38,50,0.76,3,33,36,22,12.0,2,2,4,17,33,118,2.0,1,1,1,1,4,65,94,13,11,38,9,1,1,26,99,45,86,41,15,93,87,28,37,2,4,41,1.0
2012-13,1610612747,LAL,Los Angeles Lakers,0021201171,2013-04-10T00:00:00,LAL @ POR,W,48.0,43,73,0.589,6,19,0.316,21,24,0.875,6,33,39,19,15.0,7,9,0,17,24,113,7.0,1,1,1,1,4,7,76,1,67,76,59,30,64,3,87,45,75,63,42,38,5,1,37,38,11,24,1.0
2012-13,1610612747,LAL,Los Angeles Lakers,0021201162,2013-04-09T00:00:00,LAL vs. NOH,W,48.0,40,79,0.506,7,25,0.28,17,22,0.773,9,33,42,26,16.0,9,8,4,16,24,104,8.0,1,1,1,1,4,17,51,15,55,38,74,64,73,20,59,45,58,22,53,18,12,28,27,38,33,23,1.0
2012-13,1610612747,LAL,Los Angeles Lakers,0021201146,2013-04-07T00:00:00,LAL @ LAC,L,48.0,33,76,0.434,7,24,0.292,22,30,0.733,10,26,36,25,11.0,6,5,1,14,22,95,-14.0,1,47,47,47,4,71,65,62,55,45,69,22,33,35,55,88,86,25,9,52,43,3,7,51,64,86,1.0
2012-13,1610612747,LAL,Los Angeles Lakers,0021201137,2013-04-05T00:00:00,LAL vs. MEM,W,48.0,34,74,0.459,5,20,0.25,13,18,0.722,8,35,43,22,18.0,5,2,4,17,16,86,2.0,1,1,1,1,4,65,71,48,79,69,78,81,82,38,68,26,52,41,68,70,87,28,37,92,81,41,1.0
2012-13,1610612747,LAL,Los Angeles Lakers,0021201110,2013-04-02T00:00:00,LAL vs. DAL,W,48.0,36,81,0.444,8,24,0.333,21,33,0.636,19,38,57,23,18.0,8,8,6,16,24,101,20.0,1,1,1,1,4,46,42,58,40,45,46,30,20,77,1,12,4,32,68,30,12,64,27,38,47,5,1.0
2012-13,1610612747,LAL,Los Angeles Lakers,0021201093,2013-03-30T00:00:00,LAL @ SAC,W,48.0,38,82,0.463,10,30,0.333,17,26,0.654,15,27,42,28,7.0,9,7,2,16,18,103,5.0,1,1,1,1,4,32,35,43,24,11,46,64,56,69,16,83,58,13,1,18,20,7,27,81,36,32,1.0
2012-13,1610612747,LAL,Los Angeles Lakers,0021201071,2013-03-28T00:00:00,LAL @ MIL,L,48.0,34,77,0.442,5,20,0.25,30,39,0.769,11,29,40,19,18.0,7,6,4,20,25,103,-10.0,1,47,47,47,4,65,58,60,79,69,78,4,8,22,48,78,70,63,68,38,30,28,59,27,36,70,1.0
2012-13,1610612747,LAL,Los Angeles Lakers,0021201066,2013-03-27T00:00:00,LAL @ MIN,W,48.0,44,82,0.537,10,22,0.455,22,38,0.579,12,32,44,27,21.0,10,9,3,25,26,120,3.0,1,1,1,1,4,4,35,9,24,51,15,22,11,89,38,53,49,15,90,9,5,17,91,20,2,39,1.0
2012-13,1610612747,LAL,Los Angeles Lakers,0021201053,2013-03-25T00:00:00,LAL @ GSW,L,48.0,36,91,0.396,6,26,0.231,25,36,0.694,15,36,51,17,9.0,6,2,4,15,27,103,-6.0,1,47,47,47,4,46,7,84,67,33,82,11,13,54,16,21,12,75,4,52,87,28,17,14,36,57,1.0
2012-13,1610612747,LAL,Los Angeles Lakers,0021201032,2013-03-22T00:00:00,LAL vs. WAS,L,48.0,39,81,0.481,11,23,0.478,11,17,0.647,9,39,48,27,17.0,5,3,5,15,18,100,-3.0,1,47,47,47,4,24,42,29,20,48,10,90,88,70,59,10,20,15,64,70,75,48,17,81,52,50,1.0
2012-13,1610612747,LAL,Los Angeles Lakers,0021201002,2013-03-18T00:00:00,LAL @ PHX,L,48.0,29,87,0.333,5,22,0.227,13,16,0.813,14,31,45,15,18.0,10,1,7,13,16,76,-23.0,1,47,47,47,4,87,15,95,79,51,85,81,90,10,28,62,42,85,68,9,95,74,3,92,94,93,1.0
2012-13,1610612747,LAL,Los Angeles Lakers,0021200992,2013-03-17T00:00:00,LAL vs. SAC,W,48.0,41,72,0.569,12,28,0.429,19,29,0.655,6,37,43,28,15.0,2,7,3,12,22,113,11.0,1,1,1,1,4,14,81,3,11,18,24,49,38,67,87,18,52,13,42,93,20,17,2,51,11,16,1.0
2012-13,1610612747,LAL,Los Angeles Lakers,0021200971,2013-03-15T00:00:00,LAL @ IND,W,48.0,33,78,0.423,13,26,0.5,20,30,0.667,7,41,48,27,15.0,9,8,6,17,26,99,6.0,1,1,1,1,4,71,53,72,7,33,7,39,33,63,77,4,20,15,42,18,12,64,37,20,55,26,1.0
2012-13,1610612747,LAL,Los Angeles Lakers,0021200960,2013-03-13T00:00:00,LAL @ ATL,L,48.0,36,92,0.391,8,29,0.276,12,16,0.75,12,33,45,17,8.0,6,1,2,21,17,92,-4.0,1,47,47,47,4,46,5,88,40,13,75,84,90,27,38,45,42,75,3,52,95,7,70,86,70,52,1.0
2012-13,1610612747,LAL,Los Angeles Lakers,0021200949,2013-03-12T00:00:00,LAL @ ORL,W,48.0,34,73,0.466,9,25,0.36,29,47,0.617,7,34,41,20,10.0,8,5,4,16,35,106,9.0,1,1,1,1,4,65,76,41,33,38,42,5,2,83,77,35,63,59,6,30,43,28,27,1,26,19,1.0
2012-13,1610612747,LAL,Los Angeles Lakers,0021200935,2013-03-10T00:00:00,LAL vs. CHI,W,48.0,39,86,0.453,5,26,0.192,7,14,0.5,19,31,50,21,13.0,5,9,4,16,17,90,9.0,1,1,1,1,4,24,18,51,79,33,91,97,94,96,1,62,13,51,21,70,5,28,27,86,78,19,1.0
2012-13,1610612747,LAL,Los Angeles Lakers,0021200925,2013-03-08T00:00:00,LAL vs. TOR,W,53.0,39,91,0.429,14,39,0.359,26,36,0.722,14,33,47,23,13.0,10,5,6,14,27,118,2.0,1,1,1,1,1,24,7,67,4,1,43,8,13,38,28,45,28,32,21,9,43,64,7,14,4,41,1.0
2012-13,1610612747,LAL,Los Angeles Lakers,0021200906,2013-03-06T00:00:00,LAL @ NOH,W,48.0,38,78,0.487,11,28,0.393,21,29,0.724,6,30,36,26,11.0,9,6,8,17,23,108,6.0,1,1,1,1,4,32,53,27,20,18,33,30,38,37,87,70,86,22,9,18,30,87,37,44,21,26,1.0
2012-13,1610612747,LAL,Los Angeles Lakers,0021200897,2013-03-05T00:00:00,LAL @ OKC,L,48.0,31,77,0.403,12,29,0.414,31,40,0.775,16,30,46,11,16.0,0,1,5,21,27,105,-17.0,1,47,47,47,4,79,58,80,11,13,27,3,6,19,9,70,31,93,53,99,95,48,70,14,28,89,1.0
2012-13,1610612747,LAL,Los Angeles Lakers,0021200888,2013-03-03T00:00:00,LAL vs. ATL,W,48.0,38,78,0.487,10,21,0.476,13,18,0.722,7,36,43,21,21.0,9,1,8,19,19,99,1.0,1,1,1,1,4,32,53,27,24,61,11,81,82,38,77,21,52,51,90,18,95,87,54,78,55,44,1.0
2012-13,1610612747,LAL,Los Angeles Lakers,0021200863,2013-02-28T00:00:00,LAL vs. MIN,W,48.0,44,83,0.53,16,32,0.5,12,21,0.571,13,36,49,30,16.0,7,6,6,20,19,116,22.0,1,1,1,1,4,4,29,10,2,6,7,84,78,90,33,21,17,5,53,38,30,64,59,78,7,4,1.0
2012-13,1610612747,LAL,Los Angeles Lakers,0021200841,2013-02-25T00:00:00,LAL @ DEN,L,48.0,43,78,0.551,8,19,0.421,14,31,0.452,8,28,36,21,15.0,6,5,7,17,25,108,-11.0,1,47,47,47,4,7,53,5,40,76,26,78,25,97,68,79,86,51,42,52,43,74,37,27,21,75,1.0
2012-13,1610612747,LAL,Los Angeles Lakers,0021200830,2013-02-24T00:00:00,LAL @ DAL,W,48.0,34,72,0.472,13,25,0.52,22,31,0.71,7,38,45,17,16.0,7,2,1,16,23,103,4.0,1,1,1,1,4,65,81,34,7,38,4,22,25,45,77,12,42,75,53,38,87,3,27,44,36,36,1.0
2012-13,1610612747,LAL,Los Angeles Lakers,0021200821,2013-02-22T00:00:00,LAL vs. POR,W,48.0,40,85,0.471,6,18,0.333,25,34,0.735,12,35,47,18,16.0,8,5,2,14,28,111,4.0,1,1,1,1,4,17,21,36,67,79,46,11,16,34,38,26,28,70,53,30,43,7,7,6,16,36,1.0
2012-13,1610612747,LAL,Los Angeles Lakers,0021200807,2013-02-20T00:00:00,LAL vs. BOS,W,48.0,42,83,0.506,7,22,0.318,22,31,0.71,14,35,49,24,12.0,5,3,4,21,25,113,14.0,1,1,1,1,4,11,29,16,55,51,58,22,25,45,28,26,17,28,15,70,75,28,70,27,11,12,1.0
2012-13,1610612747,LAL,Los Angeles Lakers,0021200788,2013-02-14T00:00:00,LAL vs. LAC,L,48.0,38,75,0.507,6,20,0.3,19,27,0.704,10,27,37,30,16.0,9,2,8,17,25,101,-24.0,1,47,47,47,4,32,69,14,67,69,63,49,51,48,55,83,82,5,53,18,87,87,37,27,47,94,0.0
2012-13,1610612747,LAL,Los Angeles Lakers,0021200773,2013-02-12T00:00:00,LAL vs. PHX,W,48.0,36,83,0.434,7,21,0.333,12,18,0.667,12,36,48,23,19.0,9,5,8,15,21,91,6.0,1,1,1,1,4,46,29,63,55,61,46,84,82,63,38,21,20,32,79,18,43,87,17,62,73,26,1.0
2012-13,1610612747,LAL,Los Angeles Lakers,0021200753,2013-02-10T00:00:00,LAL @ MIA,L,48.0,35,70,0.5,7,12,0.583,20,26,0.769,5,24,29,16,15.0,9,3,6,17,27,97,-10.0,1,47,47,47,4,59,88,17,55,96,1,39,56,22,96,94,97,81,42,18,75,64,37,14,62,70,1.0
2012-13,1610612747,LAL,Los Angeles Lakers,0021200736,2013-02-08T00:00:00,LAL @ CHA,W,48.0,36,80,0.45,8,26,0.308,20,25,0.8,6,40,46,23,13.0,6,10,4,17,20,100,7.0,1,1,1,1,4,46,47,55,40,33,62,39,61,13,87,7,31,32,21,52,3,28,37,69,52,24,1.0
2012-13,1610612747,LAL,Los Angeles Lakers,0021200733,2013-02-07T00:00:00,LAL @ BOS,L,48.0,36,87,0.414,5,23,0.217,18,30,0.6,13,30,43,16,13.0,2,3,5,19,28,95,-21.0,1,47,47,47,4,46,15,77,79,48,86,57,33,86,33,70,52,81,21,93,75,48,54,6,64,91,1.0
2012-13,1610612747,LAL,Los Angeles Lakers,0021200716,2013-02-05T00:00:00,LAL @ BKN,W,48.0,37,82,0.451,3,13,0.231,15,18,0.833,5,35,40,20,13.0,5,5,5,18,18,92,9.0,1,1,1,1,4,40,35,52,90,94,82,75,82,7,96,26,70,59,21,70,43,48,50,81,70,19,1.0
2012-13,1610612747,LAL,Los Angeles Lakers,0021200706,2013-02-03T00:00:00,LAL @ DET,W,48.0,39,83,0.47,6,20,0.3,14,22,0.636,7,34,41,24,14.0,9,3,8,15,18,98,1.0,1,1,1,1,4,24,29,39,67,69,63,78,73,77,77,35,63,28,35,18,75,87,17,81,59,44,1.0
2012-13,1610612747,LAL,Los Angeles Lakers,0021200695,2013-02-01T00:00:00,LAL @ MIN,W,48.0,39,92,0.424,12,32,0.375,21,25,0.84,17,40,57,27,13.0,6,6,4,14,18,111,11.0,1,1,1,1,4,24,5,71,11,6,38,30,61,6,5,7,4,15,21,52,30,28,7,81,16,16,1.0
2012-13,1610612747,LAL,Los Angeles Lakers,0021200681,2013-01-30T00:00:00,LAL @ PHX,L,48.0,33,78,0.423,8,27,0.296,12,19,0.632,11,35,46,19,20.0,7,4,2,16,20,86,-6.0,1,47,47,47,4,71,53,72,40,26,66,84,81,81,48,26,31,63,85,38,62,7,27,69,81,57,1.0
2012-13,1610612747,LAL,Los Angeles Lakers,0021200669,2013-01-29T00:00:00,LAL vs. NOH,W,48.0,39,79,0.494,12,33,0.364,21,33,0.636,9,41,50,34,15.0,7,4,0,17,25,111,5.0,1,1,1,1,4,24,51,22,11,4,39,30,20,77,59,4,13,1,42,38,62,1,37,27,16,32,1.0
2012-13,1610612747,LAL,Los Angeles Lakers,0021200653,2013-01-27T00:00:00,LAL vs. OKC,W,48.0,41,74,0.554,7,17,0.412,16,29,0.552,6,37,43,29,14.0,6,3,6,20,26,105,9.0,1,1,1,1,4,14,71,4,55,82,28,70,38,92,87,18,52,9,35,52,75,64,59,20,28,19,0.0
2012-13,1610612747,LAL,Los Angeles Lakers,0021200641,2013-01-25T00:00:00,LAL vs. UTA,W,48.0,43,80,0.538,9,21,0.429,7,13,0.538,12,33,45,26,18.0,7,3,4,14,14,102,18.0,1,1,1,1,4,7,47,8,33,61,24,97,96,93,38,45,42,22,68,38,75,28,7,96,44,8,1.0
2012-13,1610612747,LAL,Los Angeles Lakers,0021200621,2013-01-23T00:00:00,LAL @ MEM,L,48.0,31,73,0.425,7,17,0.412,24,32,0.75,7,27,34,15,15.0,5,8,8,13,28,93,-13.0,1,47,47,47,4,79,76,69,55,82,28,17,23,27,77,83,93,85,42,70,12,87,3,6,69,83,1.0
2012-13,1610612747,LAL,Los Angeles Lakers,0021200612,2013-01-21T00:00:00,LAL @ CHI,L,48.0,32,81,0.395,3,17,0.176,16,23,0.696,15,35,50,15,16.0,5,9,11,16,20,83,-12.0,1,47,47,47,4,77,42,85,90,82,92,70,69,52,16,26,13,85,53,70,5,99,27,69,85,78,1.0
2012-13,1610612747,LAL,Los Angeles Lakers,0021200601,2013-01-20T00:00:00,LAL @ TOR,L,48.0,38,88,0.432,9,27,0.333,18,21,0.857,12,25,37,20,13.0,7,4,2,15,22,103,-5.0,1,47,47,47,4,32,13,65,33,26,46,57,78,5,38,92,82,59,21,38,62,7,17,51,36,54,1.0
2012-13,1610612747,LAL,Los Angeles Lakers,0021200583,2013-01-17T00:00:00,LAL vs. MIA,L,48.0,31,72,0.431,10,22,0.455,18,28,0.643,8,34,42,22,20.0,3,1,2,23,27,90,-9.0,1,47,47,47,4,79,81,66,24,51,15,57,43,74,68,35,58,41,85,91,95,7,84,14,78,67,1.0
2012-13,1610612747,LAL,Los Angeles Lakers,0021200569,2013-01-15T00:00:00,LAL vs. MIL,W,48.0,42,84,0.5,10,29,0.345,10,18,0.556,8,38,46,30,10.0,5,7,4,20,14,104,16.0,1,1,1,1,4,11,26,17,24,13,45,94,82,91,68,12,31,5,6,70,20,28,59,96,33,10,0.0
2012-13,1610612747,LAL,Los Angeles Lakers,0021200555,2013-01-13T00:00:00,LAL vs. CLE,W,48.0,40,69,0.58,13,25,0.52,20,27,0.741,7,34,41,32,22.0,11,5,2,13,21,113,20.0,1,1,1,1,4,17,89,2,7,38,4,39,51,31,77,35,63,4,95,3,43,7,3,62,11,5,1.0
2012-13,1610612747,LAL,Los Angeles Lakers,0021200539,2013-01-11T00:00:00,LAL vs. OKC,L,48.0,39,98,0.398,6,28,0.214,17,22,0.773,16,30,46,23,12.0,7,5,6,19,22,101,-15.0,1,47,47,47,4,24,2,82,67,18,87,64,73,20,9,70,31,32,15,38,43,64,54,51,47,87,0.0
2012-13,1610612747,LAL,Los Angeles Lakers,0021200522,2013-01-09T00:00:00,LAL @ SAS,L,48.0,44,95,0.463,8,27,0.296,9,15,0.6,6,34,40,22,10.0,12,2,7,14,14,105,-3.0,1,47,47,47,4,4,3,45,40,26,66,95,93,86,87,35,70,41,6,2,87,74,7,96,28,50,1.0
2012-13,1610612747,LAL,Los Angeles Lakers,0021200514,2013-01-08T00:00:00,LAL @ HOU,L,48.0,43,91,0.473,14,31,0.452,12,13,0.923,9,28,37,25,16.0,10,5,4,21,15,112,-13.0,1,47,47,47,4,7,7,33,4,9,19,84,96,1,59,79,82,25,53,9,43,28,70,95,15,83,1.0
2012-13,1610612747,LAL,Los Angeles Lakers,0021200503,2013-01-06T00:00:00,LAL vs. DEN,L,48.0,38,82,0.463,10,30,0.333,19,27,0.704,13,35,48,30,18.0,4,11,6,20,21,105,-7.0,1,47,47,47,4,32,35,43,24,11,46,49,51,48,33,26,20,5,68,86,1,64,59,62,28,62,1.0
2012-13,1610612747,LAL,Los Angeles Lakers,0021200488,2013-01-04T00:00:00,LAL @ LAC,L,48.0,35,76,0.461,6,25,0.24,26,36,0.722,10,26,36,19,13.0,9,6,7,22,31,102,-5.0,1,47,47,47,4,59,65,47,67,38,80,8,13,38,55,88,86,63,21,18,30,74,79,4,44,54,1.0
2012-13,1610612747,LAL,Los Angeles Lakers,0021200463,2013-01-01T00:00:00,LAL vs. PHI,L,48.0,37,94,0.394,3,22,0.136,22,33,0.667,14,38,52,17,7.0,5,6,7,17,22,99,-4.0,1,47,47,47,4,40,4,87,90,51,98,22,20,63,28,12,10,75,1,70,30,74,37,51,55,52,1.0
2012-13,1610612747,LAL,Los Angeles Lakers,0021200435,2012-12-28T00:00:00,LAL vs. POR,W,48.0,40,86,0.465,7,24,0.292,17,28,0.607,16,36,52,29,11.0,4,7,5,15,23,104,17.0,1,1,1,1,4,17,18,42,55,45,69,64,43,85,9,21,10,9,9,86,20,48,17,44,33,9,1.0
2012-13,1610612747,LAL,Los Angeles Lakers,0021200419,2012-12-26T00:00:00,LAL @ DEN,L,48.0,41,83,0.494,11,29,0.379,21,30,0.7,11,27,38,29,15.0,2,8,7,23,23,114,-12.0,1,47,47,47,4,14,29,21,20,13,37,30,33,51,48,83,77,9,42,93,12,74,84,44,9,78,1.0
2012-13,1610612747,LAL,Los Angeles Lakers,0021200406,2012-12-25T00:00:00,LAL vs. NYK,W,48.0,37,77,0.481,5,21,0.238,21,31,0.677,8,34,42,22,12.0,4,4,3,17,25,100,6.0,1,1,1,1,4,40,58,30,79,61,81,30,25,60,68,35,58,41,15,86,62,17,37,27,52,26,1.0
2012-13,1610612747,LAL,Los Angeles Lakers,0021200398,2012-12-22T00:00:00,LAL @ GSW,W,53.0,49,107,0.458,9,27,0.333,11,14,0.786,15,34,49,33,20.0,9,3,5,20,22,118,3.0,1,1,1,1,1,1,1,49,33,26,46,90,94,15,16,35,17,2,85,18,75,48,59,51,4,39,1.0
2012-13,1610612747,LAL,Los Angeles Lakers,0021200364,2012-12-18T00:00:00,LAL vs. CHA,W,48.0,35,88,0.398,10,31,0.323,21,27,0.778,16,32,48,21,11.0,6,10,8,18,23,101,1.0,1,1,1,1,4,59,13,83,24,9,56,30,51,18,9,53,20,51,9,52,3,87,50,44,47,44,1.0
2012-13,1610612747,LAL,Los Angeles Lakers,0021200347,2012-12-16T00:00:00,LAL @ PHI,W,48.0,39,80,0.488,14,34,0.412,19,24,0.792,11,30,41,22,15.0,13,4,7,9,17,111,13.0,1,1,1,1,4,24,47,26,4,3,28,49,64,14,48,70,63,41,42,1,62,74,1,86,16,13,1.0
2012-13,1610612747,LAL,Los Angeles Lakers,0021200326,2012-12-14T00:00:00,LAL @ WAS,W,48.0,37,82,0.451,8,29,0.276,20,28,0.714,13,32,45,18,13.0,10,6,4,20,24,102,6.0,1,1,1,1,4,40,35,52,40,13,75,39,43,42,33,53,42,70,21,9,30,28,59,38,44,26,1.0
2012-13,1610612747,LAL,Los Angeles Lakers,0021200323,2012-12-13T00:00:00,LAL @ NYK,L,48.0,35,84,0.417,12,37,0.324,25,29,0.862,12,32,44,13,14.0,4,4,2,21,20,107,-9.0,1,47,47,47,4,59,26,76,11,2,55,11,38,4,38,53,49,91,35,86,62,7,70,69,25,67,1.0
2012-13,1610612747,LAL,Los Angeles Lakers,0021200305,2012-12-11T00:00:00,LAL @ CLE,L,48.0,31,75,0.413,7,27,0.259,25,40,0.625,15,39,54,11,19.0,7,3,4,22,26,94,-6.0,1,47,47,47,4,79,69,78,55,26,77,11,6,82,16,10,8,93,79,38,75,28,79,20,68,57,1.0
2012-13,1610612747,LAL,Los Angeles Lakers,0021200297,2012-12-09T00:00:00,LAL vs. UTA,L,48.0,40,85,0.471,15,28,0.536,15,18,0.833,17,22,39,29,14.0,5,7,7,21,22,110,-7.0,1,47,47,47,4,17,21,36,3,18,3,75,82,7,5,95,75,9,35,70,20,74,70,51,20,62,1.0
2012-13,1610612747,LAL,Los Angeles Lakers,0021200280,2012-12-07T00:00:00,LAL @ OKC,L,48.0,36,84,0.429,11,28,0.393,25,31,0.806,15,30,45,17,17.0,11,5,3,23,24,108,-6.0,1,47,47,47,4,46,26,67,20,18,33,11,25,12,16,70,42,75,64,3,43,17,84,38,21,57,0.0
2012-13,1610612747,LAL,Los Angeles Lakers,0021200263,2012-12-05T00:00:00,LAL @ NOH,W,48.0,37,80,0.463,13,28,0.464,16,22,0.727,9,37,46,24,9.0,11,8,7,16,20,103,16.0,1,1,1,1,4,40,47,46,7,18,13,70,73,36,59,18,31,28,4,3,12,74,27,69,36,10,1.0
2012-13,1610612747,LAL,Los Angeles Lakers,0021200256,2012-12-04T00:00:00,LAL @ HOU,L,48.0,38,83,0.458,7,21,0.333,22,34,0.647,15,38,53,16,19.0,7,11,4,25,28,105,-2.0,1,47,47,47,4,32,29,50,55,61,46,22,16,70,16,12,9,81,79,38,1,28,91,6,28,47,1.0
2012-13,1610612747,LAL,Los Angeles Lakers,0021200244,2012-12-02T00:00:00,LAL vs. ORL,L,48.0,36,86,0.419,6,17,0.353,25,39,0.641,12,34,46,20,11.0,5,2,10,16,28,103,-10.0,1,47,47,47,4,46,18,75,67,82,44,11,8,76,38,35,31,59,9,70,87,98,27,6,36,70,1.0
2012-13,1610612747,LAL,Los Angeles Lakers,0021200232,2012-11-30T00:00:00,LAL vs. DEN,W,48.0,47,87,0.54,17,33,0.515,11,17,0.647,15,31,46,33,15.0,11,6,1,22,19,122,19.0,1,1,1,1,4,2,15,7,1,4,6,90,88,70,16,62,31,2,42,3,30,3,79,78,1,7,1.0
2012-13,1610612747,LAL,Los Angeles Lakers,0021200208,2012-11-27T00:00:00,LAL vs. IND,L,48.0,24,76,0.316,6,28,0.214,23,43,0.535,15,41,56,13,21.0,10,5,6,25,32,77,-2.0,1,47,47,47,4,97,65,96,67,18,87,18,4,94,16,4,7,91,90,9,43,64,91,3,93,47,1.0
2012-13,1610612747,LAL,Los Angeles Lakers,0021200187,2012-11-24T00:00:00,LAL @ DAL,W,48.0,40,82,0.488,12,22,0.545,23,34,0.676,11,50,61,21,19.0,11,4,6,23,28,115,26.0,1,1,1,1,4,17,35,25,11,51,2,18,16,61,48,1,1,51,79,3,62,64,84,6,8,2,1.0
2012-13,1610612747,LAL,Los Angeles Lakers,0021200177,2012-11-23T00:00:00,LAL @ MEM,L,48.0,33,74,0.446,12,27,0.444,20,24,0.833,11,17,28,19,18.0,6,5,3,28,26,98,-8.0,1,47,47,47,4,71,71,57,11,26,21,39,64,7,48,99,98,63,68,52,43,17,96,20,59,65,1.0
2012-13,1610612747,LAL,Los Angeles Lakers,0021200169,2012-11-21T00:00:00,LAL @ SAC,L,48.0,29,65,0.446,12,26,0.462,27,39,0.692,6,27,33,16,20.0,6,4,4,22,27,97,-16.0,1,47,47,47,4,87,96,56,11,33,14,7,8,55,87,83,94,81,85,52,62,28,79,14,62,88,1.0
2012-13,1610612747,LAL,Los Angeles Lakers,0021200156,2012-11-20T00:00:00,LAL vs. BKN,W,48.0,35,73,0.479,6,21,0.286,19,37,0.514,8,35,43,23,11.0,5,5,3,18,26,95,5.0,1,1,1,1,4,59,76,31,67,61,71,49,12,95,68,26,52,32,9,70,43,17,50,20,64,32,1.0
2012-13,1610612747,LAL,Los Angeles Lakers,0021200146,2012-11-18T00:00:00,LAL vs. HOU,W,48.0,46,85,0.541,9,20,0.45,18,28,0.643,9,32,41,27,13.0,10,3,1,15,22,119,11.0,1,1,1,1,4,3,21,6,33,69,20,57,43,74,59,53,63,15,21,9,75,3,17,51,3,16,1.0
2012-13,1610612747,LAL,Los Angeles Lakers,0021200130,2012-11-16T00:00:00,LAL vs. PHX,W,48.0,42,89,0.472,8,21,0.381,22,28,0.786,17,31,48,25,12.0,7,9,8,15,25,114,12.0,1,1,1,1,4,11,12,35,40,61,35,22,43,15,5,62,20,25,15,38,5,87,17,27,9,15,1.0
2012-13,1610612747,LAL,Los Angeles Lakers,0021200108,2012-11-13T00:00:00,LAL vs. SAS,L,48.0,31,74,0.419,6,20,0.3,14,22,0.636,13,35,48,18,17.0,5,9,5,14,17,82,-2.0,1,47,47,47,4,79,71,74,67,69,63,78,73,77,33,26,20,70,64,70,5,48,7,86,87,47,1.0
2012-13,1610612747,LAL,Los Angeles Lakers,0021200094,2012-11-11T00:00:00,LAL vs. SAC,W,48.0,36,81,0.444,8,25,0.32,23,30,0.767,18,32,50,23,18.0,6,7,5,13,24,103,13.0,1,1,1,1,4,46,42,58,40,38,57,18,33,25,4,53,13,32,68,52,20,48,3,38,36,13,1.0
2012-13,1610612747,LAL,Los Angeles Lakers,0021200080,2012-11-09T00:00:00,LAL vs. GSW,W,48.0,36,90,0.4,8,28,0.286,21,28,0.75,16,42,58,22,16.0,9,6,3,14,25,101,24.0,1,1,1,1,4,46,10,81,40,18,71,30,43,27,9,2,2,41,53,18,30,17,7,27,47,3,1.0
2012-13,1610612747,LAL,Los Angeles Lakers,0021200062,2012-11-07T00:00:00,LAL @ UTA,L,48.0,25,74,0.338,4,23,0.174,32,46,0.696,15,33,48,11,19.0,10,3,7,14,30,86,-9.0,1,47,47,47,4,96,71,94,87,48,93,2,3,52,16,45,20,93,79,9,75,74,7,5,81,67,1.0
2012-13,1610612747,LAL,Los Angeles Lakers,0021200041,2012-11-04T00:00:00,LAL vs. DET,W,48.0,40,77,0.519,10,22,0.455,18,26,0.692,16,30,46,27,15.0,11,8,5,20,20,108,29.0,1,1,1,1,4,17,58,11,24,51,15,57,56,55,9,70,31,15,42,3,12,48,59,69,21,1,1.0
2012-13,1610612747,LAL,Los Angeles Lakers,0021200025,2012-11-02T00:00:00,LAL vs. LAC,L,48.0,34,68,0.5,7,16,0.438,20,28,0.714,7,31,38,15,20.0,7,7,4,23,26,95,-10.0,1,47,47,47,4,65,90,17,55,89,23,39,43,42,77,62,77,85,85,38,20,28,84,20,64,70,1.0
2012-13,1610612747,LAL,Los Angeles Lakers,0021200012,2012-10-31T00:00:00,LAL @ POR,L,48.0,36,72,0.5,8,18,0.444,26,32,0.813,15,30,45,21,25.0,6,2,5,29,20,106,-10.0,1,47,47,47,4,46,81,17,40,79,21,8,23,10,16,70,42,51,99,52,87,48,98,69,26,70,1.0
2012-13,1610612747,LAL,Los Angeles Lakers,0021200003,2012-10-30T00:00:00,LAL vs. DAL,L,48.0,38,77,0.494,3,13,0.231,12,31,0.387,15,31,46,24,14.0,6,5,5,21,25,91,-8.0,1,47,47,47,4,32,58,23,90,94,82,84,25,99,16,62,31,28,35,52,43,48,70,27,73,65,1.0
2012-13,1610612747,LAL,Los Angeles Lakers,0011200108,2012-10-25T00:00:00,LAL vs. SAC,L,48.0,28,66,0.424,6,19,0.316,20,26,0.769,8,34,42,23,21.0,5,6,2,20,22,82,-12.0,1,47,47,47,4,89,94,70,67,76,59,39,56,22,68,35,58,32,90,70,30,7,59,51,87,78,
2012-13,1610612747,LAL,Los Angeles Lakers,0011200105,2012-10-24T00:00:00,LAL @ LAC,L,48.0,32,68,0.471,8,21,0.381,19,27,0.704,10,26,36,23,21.0,6,5,3,24,21,91,-6.0,1,47,47,47,4,77,90,36,40,61,35,49,51,48,55,88,86,32,90,52,43,17,89,62,73,57,
2012-13,1610612747,LAL,Los Angeles Lakers,0011200086,2012-10-21T00:00:00,LAL vs. SAC,L,48.0,33,67,0.493,7,17,0.412,19,29,0.655,9,32,41,22,22.0,8,4,5,19,28,92,-7.0,1,47,47,47,4,71,93,24,55,82,28,49,38,67,59,53,63,41,95,30,62,48,54,6,70,62,
2012-13,1610612747,LAL,Los Angeles Lakers,0011200075,2012-10-19T00:00:00,LAL vs. SAC,L,48.0,36,77,0.468,8,22,0.364,18,23,0.783,9,31,40,22,18.0,8,6,5,24,22,98,-5.0,1,47,47,47,4,46,58,40,40,51,39,57,69,17,59,62,70,41,68,30,30,48,89,51,59,54,
2012-13,1610612747,LAL,Los Angeles Lakers,0011200057,2012-10-16T00:00:00,LAL vs. UTA,L,48.0,27,72,0.375,9,22,0.409,17,23,0.739,8,20,28,17,18.0,6,5,7,22,20,80,-34.0,1,47,47,47,4,92,81,90,33,51,32,64,69,32,68,98,98,75,68,52,43,74,79,69,91,97,
2012-13,1610612747,LAL,Los Angeles Lakers,0011200042,2012-10-13T00:00:00,LAL vs. UTA,L,48.0,27,77,0.351,4,14,0.286,28,41,0.683,14,32,46,21,16.0,6,8,9,26,25,86,-13.0,1,47,47,47,4,92,58,93,87,92,71,6,5,59,28,53,31,51,53,52,12,97,95,27,81,83,
2012-13,1610612747,LAL,Los Angeles Lakers,0011200022,2012-10-10T00:00:00,LAL vs. POR,L,48.0,27,71,0.38,2,16,0.125,19,21,0.905,5,33,38,19,17.0,10,5,5,19,21,75,-18.0,1,47,47,47,4,92,86,89,96,89,99,49,78,2,96,45,77,63,64,9,43,48,54,62,95,90,
2012-13,1610612747,LAL,Los Angeles Lakers,0011200009,2012-10-07T00:00:00,LAL vs. GSW,L,48.0,28,71,0.394,5,11,0.455,22,31,0.71,6,32,38,21,16.0,3,4,5,25,22,83,-27.0,1,47,47,47,4,89,86,86,79,98,15,22,25,45,87,53,77,51,53,91,62,48,91,51,85,95,
2012-13,1610612748,MIA,Miami Heat,0041200407,2013-06-20T00:00:00,MIA vs. SAS,W,48.0,36,82,0.439,12,32,0.375,11,16,0.688,11,32,43,14,16.0,8,4,3,19,19,95,7.0,1,1,1,1,9,71,24,94,14,6,66,104,97,87,24,34,26,111,77,65,71,48,52,73,83,61,1.0
2012-13,1610612748,MIA,Miami Heat,0041200406,2013-06-18T00:00:00,MIA vs. SAS,W,53.0,38,81,0.469,11,19,0.579,16,21,0.762,12,30,42,23,15.0,10,6,2,26,21,103,3.0,1,1,1,1,3,51,30,71,21,75,3,64,68,56,15,51,34,43,67,32,31,20,100,45,47,77,1.0
2012-13,1610612748,MIA,Miami Heat,0041200405,2013-06-16T00:00:00,MIA @ SAS,L,48.0,37,86,0.43,11,23,0.478,19,23,0.826,12,22,34,25,15.0,8,3,8,24,21,104,-10.0,1,90,90,90,9,64,9,99,21,37,22,39,54,29,15,109,84,22,67,65,88,114,88,45,43,105,1.0
2012-13,1610612748,MIA,Miami Heat,0041200404,2013-06-13T00:00:00,MIA @ SAS,W,48.0,45,85,0.529,4,12,0.333,15,17,0.882,7,34,41,23,9.0,13,7,4,26,18,109,16.0,1,1,1,1,9,3,15,26,109,114,80,72,94,7,72,23,36,43,9,6,24,72,100,85,22,25,1.0
2012-13,1610612748,MIA,Miami Heat,0041200403,2013-06-11T00:00:00,MIA @ SAS,L,48.0,31,76,0.408,8,18,0.444,7,10,0.7,9,27,36,21,16.0,9,8,4,21,13,77,-36.0,1,90,90,90,9,103,65,105,51,87,31,117,117,80,47,80,64,67,77,48,12,72,66,114,113,118,1.0
2012-13,1610612748,MIA,Miami Heat,0041200402,2013-06-09T00:00:00,MIA vs. SAS,W,48.0,41,83,0.494,10,19,0.526,11,14,0.786,9,27,36,22,6.0,9,6,4,17,14,103,19.0,1,1,1,1,9,23,19,53,28,75,11,104,109,49,47,80,64,57,2,48,31,72,31,109,47,17,1.0
2012-13,1610612748,MIA,Miami Heat,0041200401,2013-06-06T00:00:00,MIA vs. SAS,L,48.0,34,78,0.436,8,25,0.32,12,17,0.706,9,37,46,20,9.0,4,2,5,12,12,88,-4.0,1,90,90,90,9,85,44,95,51,30,85,99,94,79,47,12,15,78,9,112,107,86,5,117,102,94,1.0
2012-13,1610612748,MIA,Miami Heat,0041200307,2013-06-03T00:00:00,MIA vs. IND,W,48.0,30,77,0.39,6,16,0.375,33,38,0.868,15,28,43,14,11.0,11,5,3,22,28,99,23.0,1,1,1,1,9,107,52,111,87,97,66,1,3,13,5,70,26,111,25,17,49,48,78,8,63,11,1.0
2012-13,1610612748,MIA,Miami Heat,0041200306,2013-06-01T00:00:00,MIA @ IND,L,48.0,26,72,0.361,10,18,0.556,15,19,0.789,9,24,33,10,14.0,10,6,3,21,19,77,-14.0,1,90,90,90,9,115,85,115,28,87,7,72,77,46,47,100,93,116,56,32,31,48,66,73,113,112,1.0
2012-13,1610612748,MIA,Miami Heat,0041200305,2013-05-30T00:00:00,MIA vs. IND,W,48.0,38,75,0.507,7,18,0.389,7,12,0.583,6,26,32,19,10.0,6,7,5,11,19,90,11.0,1,1,1,1,9,51,70,43,72,87,59,117,116,115,86,86,101,91,17,95,24,86,4,73,94,47,1.0
2012-13,1610612748,MIA,Miami Heat,0041200304,2013-05-28T00:00:00,MIA @ IND,L,48.0,30,77,0.39,8,23,0.348,24,27,0.889,12,18,30,15,6.0,7,5,5,30,25,92,-7.0,1,90,90,90,9,107,52,111,51,37,78,12,30,5,15,116,110,108,2,80,49,86,117,13,91,98,1.0
2012-13,1610612748,MIA,Miami Heat,0041200303,2013-05-26T00:00:00,MIA @ IND,W,48.0,42,77,0.545,6,14,0.429,24,28,0.857,6,30,36,21,5.0,6,5,3,30,25,114,18.0,1,1,1,1,9,14,52,18,87,106,37,12,26,16,86,51,64,67,1,95,49,48,117,13,10,21,1.0
2012-13,1610612748,MIA,Miami Heat,0041200302,2013-05-24T00:00:00,MIA vs. IND,L,48.0,34,73,0.466,7,22,0.318,18,26,0.692,10,22,32,14,15.0,4,4,3,27,23,93,-4.0,1,90,90,90,9,85,80,76,72,50,86,52,37,84,33,109,101,111,67,112,71,48,106,30,90,94,1.0
2012-13,1610612748,MIA,Miami Heat,0041200301,2013-05-22T00:00:00,MIA vs. IND,W,53.0,41,86,0.477,5,18,0.278,16,25,0.64,16,22,38,24,21.0,9,9,2,28,30,103,1.0,1,1,1,1,3,23,9,61,100,87,103,64,41,106,3,109,54,34,108,48,7,20,113,2,47,87,1.0
2012-13,1610612748,MIA,Miami Heat,0041200205,2013-05-15T00:00:00,MIA vs. CHI,W,48.0,32,70,0.457,6,21,0.286,24,33,0.727,6,26,32,20,10.0,10,5,5,24,21,94,3.0,1,1,1,1,9,97,94,85,87,56,99,12,10,74,86,86,101,78,17,32,49,86,88,45,86,77,1.0
2012-13,1610612748,MIA,Miami Heat,0041200204,2013-05-13T00:00:00,MIA @ CHI,W,48.0,33,68,0.485,6,18,0.333,16,21,0.762,7,29,36,24,17.0,9,9,3,23,19,88,23.0,1,1,1,1,9,89,104,57,87,87,80,64,68,56,72,63,64,34,87,48,7,48,85,73,102,11,1.0
2012-13,1610612748,MIA,Miami Heat,0041200203,2013-05-10T00:00:00,MIA @ CHI,W,48.0,35,70,0.5,8,20,0.4,26,30,0.867,9,30,39,21,12.0,4,4,4,20,30,104,10.0,1,1,1,1,9,78,94,48,51,65,53,8,19,14,47,51,45,67,34,112,71,72,60,2,43,51,1.0
2012-13,1610612748,MIA,Miami Heat,0041200202,2013-05-08T00:00:00,MIA vs. CHI,W,48.0,42,70,0.6,9,18,0.5,22,29,0.759,8,33,41,29,17.0,9,5,0,24,27,115,37.0,1,1,1,1,9,14,94,2,41,87,17,24,22,60,59,28,36,9,87,48,49,1,88,9,9,2,1.0
2012-13,1610612748,MIA,Miami Heat,0041200201,2013-05-06T00:00:00,MIA vs. CHI,L,48.0,31,78,0.397,7,24,0.292,17,25,0.68,7,25,32,20,9.0,8,8,3,24,20,86,-7.0,1,90,90,90,9,103,44,110,72,34,98,58,41,94,72,91,101,78,9,65,12,48,88,58,106,98,1.0
2012-13,1610612748,MIA,Miami Heat,0041200104,2013-04-28T00:00:00,MIA @ MIL,W,48.0,34,73,0.466,7,26,0.269,13,19,0.684,8,34,42,24,16.0,8,8,6,21,14,88,11.0,1,1,1,1,9,85,80,76,72,27,105,89,77,89,59,23,34,34,77,65,12,101,66,109,102,47,0.0
2012-13,1610612748,MIA,Miami Heat,0041200103,2013-04-25T00:00:00,MIA @ MIL,W,48.0,41,79,0.519,8,19,0.421,14,25,0.56,12,31,43,31,19.0,11,3,2,24,21,104,13.0,1,1,1,1,9,23,38,34,51,75,43,82,41,117,15,41,26,4,98,17,88,20,88,45,43,35,1.0
2012-13,1610612748,MIA,Miami Heat,0041200102,2013-04-23T00:00:00,MIA vs. MIL,W,48.0,35,78,0.449,6,19,0.316,22,26,0.846,12,31,43,17,14.0,10,3,2,17,21,98,12.0,1,1,1,1,9,78,44,91,87,75,89,24,37,23,15,41,26,105,56,32,88,20,31,45,69,42,
2012-13,1610612748,MIA,Miami Heat,0041200101,2013-04-21T00:00:00,MIA vs. MIL,W,48.0,38,68,0.559,7,23,0.304,27,33,0.818,11,35,46,22,19.0,8,3,0,19,23,110,23.0,1,1,1,1,9,51,104,9,72,37,93,3,10,33,24,18,15,57,98,65,88,1,52,30,17,11,1.0
2012-13,1610612748,MIA,Miami Heat,0021201220,2013-04-17T00:00:00,MIA vs. ORL,W,48.0,42,78,0.538,12,29,0.414,9,19,0.474,6,28,34,31,12.0,7,12,1,18,22,105,12.0,1,1,1,1,9,14,44,21,14,8,49,114,77,118,86,70,84,4,34,80,2,6,41,38,34,42,1.0
2012-13,1610612748,MIA,Miami Heat,0021201204,2013-04-15T00:00:00,MIA @ CLE,W,48.0,33,66,0.5,13,28,0.464,17,27,0.63,10,35,45,25,18.0,2,8,5,19,22,96,1.0,1,1,1,1,9,89,115,48,8,13,27,58,30,109,33,18,19,22,93,118,12,86,52,38,82,87,1.0
2012-13,1610612748,MIA,Miami Heat,0021201194,2013-04-14T00:00:00,MIA vs. CHI,W,48.0,36,70,0.514,6,17,0.353,27,41,0.659,4,40,44,23,15.0,7,8,1,27,30,105,12.0,1,1,1,1,9,71,94,39,87,95,73,3,1,101,105,5,22,43,67,80,12,6,106,2,34,42,1.0
2012-13,1610612748,MIA,Miami Heat,0021201180,2013-04-12T00:00:00,MIA vs. BOS,W,48.0,39,71,0.549,12,23,0.522,19,28,0.679,5,32,37,28,17.0,6,5,1,14,18,109,8.0,1,1,1,1,9,40,88,15,14,37,13,39,26,95,97,34,59,10,87,95,49,6,11,85,22,60,1.0
2012-13,1610612748,MIA,Miami Heat,0021201165,2013-04-10T00:00:00,MIA @ WAS,W,48.0,33,75,0.44,17,41,0.415,20,23,0.87,12,35,47,19,25.0,7,6,5,18,20,103,5.0,1,1,1,1,9,89,70,93,1,1,48,35,54,11,15,18,13,91,117,80,31,86,41,58,47,70,1.0
2012-13,1610612748,MIA,Miami Heat,0021201157,2013-04-09T00:00:00,MIA vs. MIL,W,48.0,38,88,0.432,8,35,0.229,10,10,1.0,14,35,49,22,18.0,12,3,2,13,15,94,11.0,1,1,1,1,9,51,7,98,51,3,112,108,117,1,7,18,8,57,93,8,88,20,7,102,86,47,1.0
2012-13,1610612748,MIA,Miami Heat,0021201140,2013-04-06T00:00:00,MIA vs. PHI,W,48.0,40,83,0.482,14,25,0.56,12,14,0.857,11,37,48,25,11.0,5,3,2,16,14,106,19.0,1,1,1,1,9,31,19,58,6,30,6,99,109,16,24,12,10,22,25,106,88,20,24,109,31,17,1.0
2012-13,1610612748,MIA,Miami Heat,0021201126,2013-04-05T00:00:00,MIA @ CHA,W,48.0,31,69,0.449,13,33,0.394,14,17,0.824,11,30,41,26,21.0,6,8,4,17,11,89,10.0,1,1,1,1,9,103,99,90,8,4,57,82,94,32,24,51,36,16,108,95,12,72,31,118,97,51,1.0
2012-13,1610612748,MIA,Miami Heat,0021201109,2013-04-02T00:00:00,MIA vs. NYK,L,48.0,30,60,0.5,8,20,0.4,22,27,0.815,7,25,32,18,20.0,7,3,3,19,25,90,-12.0,1,90,90,90,9,107,117,48,51,65,53,24,30,36,72,91,101,98,104,80,88,48,52,13,94,109,0.0
2012-13,1610612748,MIA,Miami Heat,0021201098,2013-03-31T00:00:00,MIA @ SAS,W,48.0,33,71,0.465,12,28,0.429,10,15,0.667,3,30,33,23,11.0,7,8,2,15,13,88,2.0,1,1,1,1,9,89,88,79,14,13,37,108,107,96,113,51,93,43,25,80,12,20,19,114,102,83,1.0
2012-13,1610612748,MIA,Miami Heat,0021201080,2013-03-29T00:00:00,MIA @ NOH,W,48.0,42,69,0.609,14,27,0.519,10,16,0.625,3,24,27,30,14.0,11,3,3,19,21,108,19.0,1,1,1,1,9,14,99,1,6,21,16,108,97,110,113,100,114,8,56,17,88,48,52,45,26,17,1.0
2012-13,1610612748,MIA,Miami Heat,0021201062,2013-03-27T00:00:00,MIA @ CHI,L,48.0,37,77,0.481,7,20,0.35,16,23,0.696,6,25,31,15,13.0,11,12,3,17,18,97,-4.0,1,90,90,90,9,64,52,60,72,65,74,64,54,83,86,91,109,108,48,17,2,48,31,85,77,94,1.0
2012-13,1610612748,MIA,Miami Heat,0021201049,2013-03-25T00:00:00,MIA @ ORL,W,48.0,37,78,0.474,15,28,0.536,19,29,0.655,11,33,44,31,12.0,7,6,6,14,18,108,14.0,1,1,1,1,9,64,44,66,3,13,9,39,22,103,24,28,22,4,34,80,31,101,11,85,26,31,1.0
2012-13,1610612748,MIA,Miami Heat,0021201041,2013-03-24T00:00:00,MIA vs. CHA,W,48.0,38,76,0.5,13,30,0.433,20,23,0.87,4,44,48,28,10.0,9,10,2,16,20,109,32.0,1,1,1,1,9,51,65,48,8,7,36,35,54,11,105,1,10,10,17,48,5,20,24,58,22,3,1.0
2012-13,1610612748,MIA,Miami Heat,0021201026,2013-03-22T00:00:00,MIA vs. DET,W,48.0,38,68,0.559,8,15,0.533,19,26,0.731,4,29,33,21,20.0,15,6,5,14,24,103,14.0,1,1,1,1,9,51,104,9,51,102,10,39,37,73,105,63,93,67,104,2,31,86,11,23,47,31,1.0
2012-13,1610612748,MIA,Miami Heat,0021201009,2013-03-20T00:00:00,MIA @ CLE,W,48.0,32,72,0.444,12,29,0.414,22,30,0.733,11,23,34,21,13.0,9,6,2,20,25,98,3.0,1,1,1,1,9,97,85,92,14,8,49,24,19,71,24,107,84,67,48,48,31,20,60,13,69,77,1.0
2012-13,1610612748,MIA,Miami Heat,0021200998,2013-03-18T00:00:00,MIA @ BOS,W,48.0,42,85,0.494,7,20,0.35,14,21,0.667,10,29,39,25,16.0,11,7,7,18,26,105,2.0,1,1,1,1,9,14,15,52,72,65,74,82,68,96,33,63,45,22,77,17,24,110,41,10,34,83,1.0
2012-13,1610612748,MIA,Miami Heat,0021200985,2013-03-17T00:00:00,MIA @ TOR,W,48.0,39,67,0.582,10,22,0.455,20,29,0.69,2,24,26,31,12.0,8,2,2,14,21,108,17.0,1,1,1,1,9,40,112,4,28,50,30,35,22,86,116,100,115,4,34,65,107,20,11,45,26,22,1.0
2012-13,1610612748,MIA,Miami Heat,0021200975,2013-03-15T00:00:00,MIA @ MIL,W,48.0,41,79,0.519,7,15,0.467,18,22,0.818,8,33,41,24,12.0,7,5,4,13,16,107,13.0,1,1,1,1,9,23,38,34,72,102,26,52,63,33,59,28,36,34,34,80,49,72,7,99,29,35,1.0
2012-13,1610612748,MIA,Miami Heat,0021200956,2013-03-13T00:00:00,MIA @ PHI,W,48.0,35,75,0.467,5,20,0.25,23,27,0.852,10,29,39,25,13.0,7,6,3,10,22,98,4.0,1,1,1,1,9,78,70,74,100,65,107,19,30,19,33,63,45,22,48,80,31,48,2,38,69,75,1.0
2012-13,1610612748,MIA,Miami Heat,0021200952,2013-03-12T00:00:00,MIA vs. ATL,W,48.0,35,82,0.427,6,20,0.3,22,30,0.733,14,31,45,27,16.0,14,4,1,14,25,98,17.0,1,1,1,1,9,78,24,100,87,65,94,24,19,71,7,41,19,12,77,3,71,6,11,13,69,22,1.0
2012-13,1610612748,MIA,Miami Heat,0021200938,2013-03-10T00:00:00,MIA vs. IND,W,48.0,38,68,0.559,7,14,0.5,22,31,0.71,4,24,28,20,12.0,10,5,1,29,23,105,14.0,1,1,1,1,9,51,104,9,72,106,17,24,15,78,105,100,112,78,34,32,49,6,115,30,34,31,1.0
2012-13,1610612748,MIA,Miami Heat,0021200921,2013-03-08T00:00:00,MIA vs. PHI,W,48.0,42,79,0.532,8,21,0.381,10,13,0.769,10,29,39,23,15.0,10,7,3,9,20,102,9.0,1,1,1,1,9,14,38,25,51,56,63,108,114,55,33,63,45,43,67,32,24,48,1,58,56,56,1.0
2012-13,1610612748,MIA,Miami Heat,0021200903,2013-03-06T00:00:00,MIA vs. ORL,W,48.0,32,74,0.432,6,28,0.214,27,31,0.871,7,26,33,20,16.0,11,7,3,17,30,97,1.0,1,1,1,1,9,97,75,97,87,13,114,3,15,10,72,86,93,78,77,17,24,48,31,2,77,87,0.0
2012-13,1610612748,MIA,Miami Heat,0021200892,2013-03-04T00:00:00,MIA @ MIN,W,48.0,38,74,0.514,5,21,0.238,16,19,0.842,9,39,48,22,24.0,11,5,3,15,18,97,16.0,1,1,1,1,9,51,75,40,100,56,110,64,77,25,47,7,10,57,116,17,49,48,19,85,77,25,0.0
2012-13,1610612748,MIA,Miami Heat,0021200880,2013-03-03T00:00:00,MIA @ NYK,W,48.0,39,84,0.464,8,20,0.4,13,19,0.684,10,31,41,20,16.0,10,4,4,20,19,99,6.0,1,1,1,1,9,40,18,81,51,65,53,89,77,89,33,41,36,78,77,32,71,72,60,73,63,65,1.0
2012-13,1610612748,MIA,Miami Heat,0021200868,2013-03-01T00:00:00,MIA vs. MEM,W,48.0,34,73,0.466,10,19,0.526,20,27,0.741,5,30,35,26,9.0,7,3,3,19,24,98,7.0,1,1,1,1,9,85,80,76,28,75,11,35,30,68,97,51,80,16,9,80,88,48,52,23,69,61,1.0
2012-13,1610612748,MIA,Miami Heat,0021200845,2013-02-26T00:00:00,MIA vs. SAC,W,58.0,56,101,0.554,10,23,0.435,19,24,0.792,8,33,41,35,13.0,13,9,5,22,25,141,12.0,1,1,1,1,1,1,1,13,28,37,33,39,46,43,59,28,36,1,48,6,7,86,78,13,1,42,1.0
2012-13,1610612748,MIA,Miami Heat,0021200833,2013-02-24T00:00:00,MIA vs. CLE,W,48.0,39,75,0.52,12,19,0.632,19,24,0.792,6,28,34,23,12.0,8,9,4,17,19,109,4.0,1,1,1,1,9,40,70,32,14,75,2,39,46,43,86,70,84,43,34,65,7,72,31,73,22,75,1.0
2012-13,1610612748,MIA,Miami Heat,0021200826,2013-02-23T00:00:00,MIA @ PHI,W,48.0,45,77,0.584,9,21,0.429,15,18,0.833,5,32,37,27,7.0,9,2,3,10,15,114,24.0,1,1,1,1,9,3,52,3,41,56,37,72,89,27,97,34,59,12,5,48,107,48,2,102,10,10,1.0
2012-13,1610612748,MIA,Miami Heat,0021200809,2013-02-21T00:00:00,MIA @ CHI,W,48.0,37,73,0.507,3,13,0.231,9,14,0.643,8,28,36,20,18.0,14,6,4,15,15,86,19.0,1,1,1,1,9,64,80,42,113,110,111,114,109,105,59,70,64,78,93,3,31,72,19,102,106,17,1.0
2012-13,1610612748,MIA,Miami Heat,0021200802,2013-02-20T00:00:00,MIA @ ATL,W,48.0,37,78,0.474,10,23,0.435,19,25,0.76,5,28,33,23,11.0,11,1,2,15,20,103,13.0,1,1,1,1,9,64,44,66,28,37,33,39,41,58,97,70,93,43,25,17,117,20,19,58,47,35,1.0
2012-13,1610612748,MIA,Miami Heat,0021200787,2013-02-14T00:00:00,MIA @ OKC,W,48.0,41,88,0.466,11,29,0.379,17,22,0.773,13,33,46,23,14.0,10,4,5,29,23,110,10.0,1,1,1,1,9,23,7,75,21,8,65,58,63,54,9,28,15,43,56,32,71,86,115,30,17,51,1.0
2012-13,1610612748,MIA,Miami Heat,0021200770,2013-02-12T00:00:00,MIA vs. POR,W,48.0,43,74,0.581,8,19,0.421,23,27,0.852,10,22,32,22,9.0,9,7,2,21,18,117,13.0,1,1,1,1,9,9,75,6,51,75,43,19,30,19,33,109,101,57,9,48,24,20,66,85,8,35,1.0
2012-13,1610612748,MIA,Miami Heat,0021200753,2013-02-10T00:00:00,MIA vs. LAL,W,48.0,44,80,0.55,6,16,0.375,13,14,0.929,10,28,38,19,11.0,10,6,3,27,17,107,10.0,1,1,1,1,9,8,33,14,87,97,66,89,109,4,33,70,54,91,25,32,31,48,106,96,29,51,1.0
2012-13,1610612748,MIA,Miami Heat,0021200741,2013-02-08T00:00:00,MIA vs. LAC,W,48.0,36,68,0.529,15,27,0.556,24,32,0.75,8,28,36,22,14.0,11,4,5,21,24,111,22.0,1,1,1,1,9,71,104,26,3,21,7,12,13,61,59,70,64,57,56,17,71,86,66,23,16,14,1.0
2012-13,1610612748,MIA,Miami Heat,0021200726,2013-02-06T00:00:00,MIA vs. HOU,W,48.0,40,82,0.488,10,23,0.435,24,28,0.857,8,30,38,23,10.0,9,6,2,16,26,114,6.0,1,1,1,1,9,31,24,55,28,37,33,12,26,16,59,51,54,43,17,48,31,20,24,10,10,65,1.0
2012-13,1610612748,MIA,Miami Heat,0021200711,2013-02-04T00:00:00,MIA vs. CHA,W,48.0,41,81,0.506,1,12,0.083,16,24,0.667,12,27,39,23,11.0,6,5,5,18,24,99,5.0,1,1,1,1,9,23,30,46,118,114,118,64,46,96,15,80,45,43,25,95,49,86,41,23,63,70,1.0
2012-13,1610612748,MIA,Miami Heat,0021200707,2013-02-03T00:00:00,MIA @ TOR,W,48.0,40,75,0.533,3,12,0.25,17,23,0.739,7,27,34,19,13.0,10,4,3,23,24,100,15.0,1,1,1,1,9,31,70,24,113,114,107,58,54,69,72,80,84,91,48,32,71,48,85,23,61,29,1.0
2012-13,1610612748,MIA,Miami Heat,0021200685,2013-02-01T00:00:00,MIA @ IND,L,48.0,33,70,0.471,5,14,0.357,18,24,0.75,6,19,25,21,11.0,7,6,3,22,22,89,-13.0,1,90,90,90,9,89,94,69,100,106,71,52,46,61,86,114,116,67,25,80,31,48,78,38,97,110,1.0
2012-13,1610612748,MIA,Miami Heat,0021200675,2013-01-30T00:00:00,MIA @ BKN,W,48.0,43,83,0.518,11,19,0.579,8,14,0.571,13,25,38,21,15.0,10,3,6,20,13,105,20.0,1,1,1,1,9,9,19,36,21,75,3,116,109,116,9,91,54,67,67,32,88,101,60,114,34,16,1.0
2012-13,1610612748,MIA,Miami Heat,0021200652,2013-01-27T00:00:00,MIA @ BOS,L,58.0,39,96,0.406,5,23,0.217,15,20,0.75,17,36,53,19,21.0,6,6,8,27,20,98,-2.0,1,90,90,90,1,40,2,106,100,37,113,72,73,61,2,16,2,91,108,95,31,114,106,58,69,90,1.0
2012-13,1610612748,MIA,Miami Heat,0021200634,2013-01-25T00:00:00,MIA vs. DET,W,48.0,43,77,0.558,5,17,0.294,19,23,0.826,9,27,36,24,12.0,12,4,2,17,18,110,22.0,1,1,1,1,9,9,52,12,100,95,97,39,54,29,47,80,64,34,34,8,71,20,31,85,17,14,1.0
2012-13,1610612748,MIA,Miami Heat,0021200619,2013-01-23T00:00:00,MIA vs. TOR,W,53.0,45,82,0.549,9,22,0.409,24,38,0.632,16,37,53,26,14.0,5,3,1,21,30,123,7.0,1,1,1,1,3,3,24,16,41,50,51,12,3,108,3,12,2,16,56,106,88,6,66,2,4,61,1.0
2012-13,1610612748,MIA,Miami Heat,0021200583,2013-01-17T00:00:00,MIA @ LAL,W,48.0,40,83,0.482,2,13,0.154,17,23,0.739,4,31,35,22,6.0,14,2,1,27,23,99,9.0,1,1,1,1,9,31,19,58,116,110,116,58,54,69,105,41,80,57,2,3,107,6,106,30,63,56,1.0
2012-13,1610612748,MIA,Miami Heat,0021200579,2013-01-16T00:00:00,MIA @ GSW,W,48.0,36,90,0.4,8,29,0.276,12,18,0.667,13,38,51,24,13.0,11,5,2,22,21,92,17.0,1,1,1,1,9,71,3,108,51,8,104,99,89,96,9,10,4,34,48,17,49,20,78,45,91,22,0.0
2012-13,1610612748,MIA,Miami Heat,0021200561,2013-01-14T00:00:00,MIA @ UTA,L,48.0,39,72,0.542,9,23,0.391,10,16,0.625,5,18,23,25,15.0,8,4,2,24,20,97,-7.0,1,90,90,90,9,40,85,20,41,37,58,108,97,110,97,116,118,22,67,65,71,20,88,58,77,98,1.0
2012-13,1610612748,MIA,Miami Heat,0021200548,2013-01-12T00:00:00,MIA @ SAC,W,48.0,45,80,0.563,17,37,0.459,21,24,0.875,10,26,36,35,10.0,11,11,2,19,19,128,29.0,1,1,1,1,9,3,33,8,1,2,28,32,46,8,33,86,64,1,17,17,4,20,52,73,2,6,1.0
2012-13,1610612748,MIA,Miami Heat,0021200529,2013-01-10T00:00:00,MIA @ POR,L,48.0,35,77,0.455,6,19,0.316,14,20,0.7,8,37,45,20,17.0,9,6,2,21,15,90,-2.0,1,90,90,90,9,78,52,87,87,75,89,82,73,80,59,12,19,78,87,48,31,20,66,102,94,90,1.0
2012-13,1610612748,MIA,Miami Heat,0021200512,2013-01-08T00:00:00,MIA @ IND,L,48.0,28,68,0.412,8,19,0.421,13,18,0.722,7,29,36,13,14.0,5,10,2,21,21,77,-10.0,1,90,90,90,9,114,104,104,51,75,43,89,89,76,72,63,64,114,56,106,5,20,66,45,113,105,1.0
2012-13,1610612748,MIA,Miami Heat,0021200500,2013-01-06T00:00:00,MIA vs. WAS,W,48.0,38,82,0.463,8,21,0.381,15,16,0.938,10,40,50,20,9.0,6,8,2,12,15,99,28.0,1,1,1,1,9,51,24,82,51,56,63,72,97,3,33,5,7,78,9,95,12,20,5,102,63,7,1.0
2012-13,1610612748,MIA,Miami Heat,0021200481,2013-01-04T00:00:00,MIA vs. CHI,L,48.0,30,65,0.462,5,20,0.25,24,31,0.774,4,24,28,17,12.0,8,2,2,22,20,89,-7.0,1,90,90,90,9,107,116,83,100,65,107,12,15,53,105,100,112,105,34,65,107,20,78,58,97,98,1.0
2012-13,1610612748,MIA,Miami Heat,0021200469,2013-01-02T00:00:00,MIA vs. DAL,W,53.0,42,89,0.472,10,26,0.385,25,31,0.806,7,39,46,21,10.0,12,8,5,16,24,119,10.0,1,1,1,1,3,14,4,68,28,27,61,11,15,41,72,7,15,67,17,8,12,86,24,23,6,51,1.0
2012-13,1610612748,MIA,Miami Heat,0021200454,2012-12-31T00:00:00,MIA @ ORL,W,53.0,40,85,0.471,6,21,0.286,26,35,0.743,9,24,33,24,7.0,9,3,4,17,24,112,2.0,1,1,1,1,3,31,15,70,87,56,99,8,8,67,47,100,93,34,5,48,88,72,31,23,15,83,1.0
2012-13,1610612748,MIA,Miami Heat,0021200445,2012-12-29T00:00:00,MIA @ MIL,L,48.0,33,76,0.434,4,13,0.308,15,24,0.625,13,38,51,18,21.0,3,5,8,17,19,85,-19.0,1,90,90,90,9,89,65,96,109,110,92,72,46,110,9,10,4,98,108,117,49,114,31,73,109,114,1.0
2012-13,1610612748,MIA,Miami Heat,0021200428,2012-12-28T00:00:00,MIA @ DET,L,48.0,39,77,0.506,9,29,0.31,12,16,0.75,10,25,35,18,14.0,6,5,2,16,20,99,-10.0,1,90,90,90,9,40,52,44,41,8,91,99,97,61,33,91,80,98,56,95,49,20,24,58,63,105,1.0
2012-13,1610612748,MIA,Miami Heat,0021200411,2012-12-26T00:00:00,MIA @ CHA,W,48.0,37,81,0.457,12,23,0.522,19,25,0.76,9,35,44,21,13.0,9,5,6,25,22,105,13.0,1,1,1,1,9,64,30,86,14,37,13,39,41,58,47,18,22,67,48,48,49,101,96,38,34,35,1.0
2012-13,1610612748,MIA,Miami Heat,0021200407,2012-12-25T00:00:00,MIA vs. OKC,W,48.0,38,80,0.475,8,28,0.286,19,19,1.0,9,25,34,20,14.0,6,5,1,26,25,103,6.0,1,1,1,1,9,51,33,64,51,13,99,39,77,1,47,91,84,78,56,95,49,6,100,13,47,65,0.0
2012-13,1610612748,MIA,Miami Heat,0021200392,2012-12-22T00:00:00,MIA vs. UTA,W,48.0,38,73,0.521,11,24,0.458,18,22,0.818,6,33,39,23,16.0,12,5,2,19,18,105,16.0,1,1,1,1,9,51,80,31,21,34,29,52,63,33,86,28,45,43,77,8,49,20,52,85,34,25,1.0
2012-13,1610612748,MIA,Miami Heat,0021200378,2012-12-20T00:00:00,MIA @ DAL,W,48.0,42,78,0.538,10,28,0.357,16,18,0.889,8,39,47,25,20.0,8,4,6,14,17,110,15.0,1,1,1,1,9,14,44,21,28,13,71,64,89,5,59,7,13,22,104,65,71,101,11,96,17,29,1.0
2012-13,1610612748,MIA,Miami Heat,0021200359,2012-12-18T00:00:00,MIA vs. MIN,W,48.0,36,77,0.468,13,25,0.52,18,23,0.783,6,18,24,25,9.0,12,14,1,18,21,103,11.0,1,1,1,1,9,71,52,72,8,30,15,52,54,52,86,116,117,22,9,8,1,6,41,45,47,47,1.0
2012-13,1610612748,MIA,Miami Heat,0021200339,2012-12-15T00:00:00,MIA vs. WAS,W,48.0,40,79,0.506,8,27,0.296,14,21,0.667,11,32,43,25,12.0,9,2,0,15,18,102,30.0,1,1,1,1,9,31,38,45,51,21,96,82,68,96,24,34,26,22,34,48,107,1,19,85,56,4,1.0
2012-13,1610612748,MIA,Miami Heat,0021200314,2012-12-12T00:00:00,MIA vs. GSW,L,48.0,38,80,0.475,7,22,0.318,12,15,0.8,6,32,38,18,18.0,6,3,2,13,14,95,-2.0,1,90,90,90,9,51,33,64,72,50,86,99,107,42,86,34,54,98,93,95,88,20,7,109,83,90,1.0
2012-13,1610612748,MIA,Miami Heat,0021200300,2012-12-10T00:00:00,MIA vs. ATL,W,48.0,39,67,0.582,9,21,0.429,14,22,0.636,2,30,32,23,16.0,10,3,1,18,16,101,9.0,1,1,1,1,9,40,112,4,41,56,37,82,63,107,116,51,101,43,77,32,88,6,41,99,59,56,1.0
2012-13,1610612748,MIA,Miami Heat,0021200286,2012-12-08T00:00:00,MIA vs. NOH,W,48.0,40,69,0.58,7,11,0.636,19,24,0.792,2,31,33,23,16.0,12,7,3,18,23,106,16.0,1,1,1,1,9,31,99,7,72,117,1,39,46,43,116,41,93,43,77,8,24,48,41,30,31,25,1.0
2012-13,1610612748,MIA,Miami Heat,0021200268,2012-12-06T00:00:00,MIA vs. NYK,L,48.0,32,76,0.421,6,16,0.375,22,28,0.786,7,36,43,17,14.0,7,4,4,21,19,92,-20.0,1,90,90,90,9,97,65,102,87,97,66,24,26,49,72,16,26,105,56,80,71,72,66,73,91,115,1.0
2012-13,1610612748,MIA,Miami Heat,0021200252,2012-12-04T00:00:00,MIA @ WAS,L,48.0,41,89,0.461,8,28,0.286,11,16,0.688,12,31,43,27,12.0,6,2,3,20,14,101,-4.0,1,90,90,90,9,23,4,84,51,13,99,104,97,87,15,41,26,12,34,95,107,48,60,109,59,94,1.0
2012-13,1610612748,MIA,Miami Heat,0021200233,2012-12-01T00:00:00,MIA vs. BKN,W,48.0,40,78,0.513,7,20,0.35,15,19,0.789,8,27,35,20,10.0,12,3,4,25,21,102,13.0,1,1,1,1,9,31,44,41,72,65,74,72,77,46,59,80,80,78,17,8,88,72,96,45,56,35,1.0
2012-13,1610612748,MIA,Miami Heat,0021200220,2012-11-29T00:00:00,MIA vs. SAS,W,48.0,42,86,0.488,5,13,0.385,16,19,0.842,7,30,37,22,10.0,11,2,2,18,20,105,5.0,1,1,1,1,9,14,9,54,100,110,61,64,77,25,72,51,59,57,17,17,107,20,41,58,34,70,1.0
2012-13,1610612748,MIA,Miami Heat,0021200186,2012-11-24T00:00:00,MIA vs. CLE,W,48.0,36,69,0.522,9,19,0.474,29,37,0.784,9,30,39,21,18.0,5,5,0,25,29,110,2.0,1,1,1,1,9,71,99,30,41,75,25,2,5,51,47,51,45,67,93,106,49,1,96,7,17,83,1.0
2012-13,1610612748,MIA,Miami Heat,0021200163,2012-11-21T00:00:00,MIA vs. MIL,W,53.0,41,86,0.477,8,18,0.444,23,33,0.697,12,42,54,25,17.0,7,4,3,13,21,113,7.0,1,1,1,1,3,23,9,61,51,87,31,19,10,82,15,3,1,22,87,80,71,48,7,45,13,61,1.0
2012-13,1610612748,MIA,Miami Heat,0021200138,2012-11-17T00:00:00,MIA @ PHX,W,48.0,38,71,0.535,8,19,0.421,13,19,0.684,4,32,36,20,19.0,10,3,3,21,18,97,9.0,1,1,1,1,9,51,88,23,51,75,43,89,77,89,105,34,64,78,98,32,88,48,66,85,77,56,1.0
2012-13,1610612748,MIA,Miami Heat,0021200121,2012-11-15T00:00:00,MIA @ DEN,W,48.0,36,77,0.468,13,27,0.481,13,16,0.813,5,24,29,24,11.0,5,9,7,14,20,98,5.0,1,1,1,1,9,71,52,72,8,21,20,89,97,37,97,100,111,34,25,106,7,110,11,58,69,70,0.0
2012-13,1610612748,MIA,Miami Heat,0021200117,2012-11-14T00:00:00,MIA @ LAC,L,48.0,35,77,0.455,9,21,0.429,21,29,0.724,11,25,36,22,19.0,11,6,8,25,25,100,-7.0,1,90,90,90,9,78,52,87,41,56,37,32,22,75,24,91,64,57,98,17,31,114,96,13,61,98,1.0
2012-13,1610612748,MIA,Miami Heat,0021200099,2012-11-12T00:00:00,MIA @ HOU,W,48.0,45,89,0.506,10,21,0.476,13,20,0.65,13,31,44,26,11.0,4,4,6,24,20,113,3.0,1,1,1,1,9,3,4,47,28,56,24,89,73,104,9,41,22,16,25,112,71,101,88,58,13,77,1.0
2012-13,1610612748,MIA,Miami Heat,0021200092,2012-11-11T00:00:00,MIA @ MEM,L,48.0,30,79,0.38,4,15,0.267,22,36,0.611,15,28,43,18,14.0,8,6,4,16,22,86,-18.0,1,90,90,90,9,107,38,114,109,102,106,24,6,114,5,70,26,98,56,65,31,72,24,38,106,113,1.0
2012-13,1610612748,MIA,Miami Heat,0021200072,2012-11-09T00:00:00,MIA @ ATL,W,48.0,37,76,0.487,7,22,0.318,14,16,0.875,8,28,36,22,15.0,8,2,5,22,16,95,6.0,1,1,1,1,9,64,65,56,72,50,86,82,97,8,59,70,64,57,67,65,107,86,78,99,83,65,1.0
2012-13,1610612748,MIA,Miami Heat,0021200056,2012-11-07T00:00:00,MIA vs. BKN,W,48.0,40,77,0.519,10,24,0.417,13,16,0.813,8,32,40,25,12.0,8,5,1,18,15,103,30.0,1,1,1,1,9,31,52,33,28,34,47,89,97,37,59,34,44,22,34,65,49,6,41,102,47,4,0.0
2012-13,1610612748,MIA,Miami Heat,0021200044,2012-11-05T00:00:00,MIA vs. PHX,W,48.0,47,86,0.547,15,26,0.577,15,19,0.789,7,42,49,33,15.0,7,4,7,22,19,124,25.0,1,1,1,1,9,2,9,17,3,27,5,72,77,46,72,3,8,3,67,80,71,110,78,73,3,9,1.0
2012-13,1610612748,MIA,Miami Heat,0021200030,2012-11-03T00:00:00,MIA vs. DEN,W,48.0,43,83,0.518,10,25,0.4,23,27,0.852,7,25,32,26,8.0,9,8,3,16,21,119,3.0,1,1,1,1,9,9,19,36,28,30,53,19,30,19,72,91,101,16,7,48,12,48,24,45,6,77,1.0
2012-13,1610612748,MIA,Miami Heat,0021200020,2012-11-02T00:00:00,MIA @ NYK,L,48.0,33,71,0.465,7,20,0.35,11,13,0.846,7,34,41,18,21.0,4,5,0,18,22,84,-20.0,1,90,90,90,9,89,88,79,72,65,74,104,114,23,72,23,36,98,108,112,49,1,41,38,110,115,1.0
2012-13,1610612748,MIA,Miami Heat,0021200002,2012-10-30T00:00:00,MIA vs. BOS,W,48.0,43,79,0.544,8,16,0.5,26,32,0.813,5,31,36,25,8.0,8,5,2,20,23,120,13.0,1,1,1,1,9,9,38,19,51,97,17,8,13,37,97,41,64,22,7,65,49,20,60,30,5,35,1.0
2012-13,1610612748,MIA,Miami Heat,0011200118,2012-10-26T00:00:00,MIA vs. NOH,L,48.0,33,86,0.384,8,23,0.348,15,18,0.833,10,29,39,21,17.0,9,1,6,27,20,89,-7.0,1,90,90,90,9,89,9,113,51,37,78,72,89,27,33,63,45,67,87,48,117,101,106,58,97,98,
2012-13,1610612748,MIA,Miami Heat,0011200104,2012-10-24T00:00:00,MIA vs. WAS,L,48.0,30,71,0.423,7,18,0.389,27,36,0.75,5,34,39,19,19.0,10,4,2,21,25,94,-7.0,1,90,90,90,9,107,88,101,72,87,59,3,6,61,97,23,45,91,98,32,71,20,66,13,86,98,
2012-13,1610612748,MIA,Miami Heat,0011200095,2012-10-23T00:00:00,MIA @ CHA,W,48.0,35,68,0.515,11,33,0.333,17,20,0.85,3,34,37,26,22.0,5,6,1,24,19,98,6.0,1,1,1,1,9,78,104,38,21,4,80,58,73,22,113,23,59,16,113,106,31,6,88,73,69,65,
2012-13,1610612748,MIA,Miami Heat,0011200082,2012-10-20T00:00:00,MIA vs. SAS,W,48.0,39,74,0.527,13,27,0.481,13,19,0.684,6,30,36,23,26.0,12,3,2,21,17,104,3.0,1,1,1,1,9,40,75,28,8,21,20,89,77,89,86,51,64,43,118,8,88,20,66,96,43,77,
2012-13,1610612748,MIA,Miami Heat,0011200069,2012-10-18T00:00:00,MIA vs. DET,W,48.0,39,82,0.476,9,28,0.321,18,24,0.75,7,44,51,24,13.0,11,5,1,27,23,105,27.0,1,1,1,1,9,40,24,63,41,13,84,52,46,61,72,1,4,34,48,17,49,6,106,30,34,8,
2012-13,1610612748,MIA,Miami Heat,0011200043,2012-10-14T00:00:00,MIA vs. LAC,L,48.0,32,80,0.4,10,27,0.37,15,21,0.714,10,26,36,18,19.0,16,3,6,18,20,89,-10.0,1,90,90,90,9,97,33,108,28,21,70,72,68,77,33,86,64,98,98,1,88,101,41,58,97,105,
2012-13,1610612748,MIA,Miami Heat,0011200028,2012-10-11T00:00:00,MIA @ LAC,W,48.0,31,77,0.403,11,23,0.478,21,26,0.808,9,25,34,19,12.0,12,6,5,28,20,94,14.0,1,1,1,1,9,103,52,107,21,37,22,32,37,40,47,91,84,91,34,8,31,86,113,58,86,31,
2012-13,1610612748,MIA,Miami Heat,0011200008,2012-10-07T00:00:00,MIA @ ATL,L,48.0,32,71,0.451,5,15,0.333,10,16,0.625,10,31,41,20,23.0,10,2,5,23,15,79,-13.0,1,90,90,90,9,97,88,89,100,102,80,108,97,110,33,41,36,78,115,32,107,86,85,102,112,110,
2012-13,1610612749,MIL,Milwaukee Bucks,0041200104,2013-04-28T00:00:00,MIL vs. MIA,L,48.0,30,81,0.37,6,22,0.273,11,15,0.733,12,25,37,19,16.0,7,6,8,14,21,77,-11.0,1,46,46,46,7,91,74,92,53,33,77,80,80,49,50,86,82,73,62,52,48,92,7,28,95,76,0.0
2012-13,1610612749,MIL,Milwaukee Bucks,0041200103,2013-04-25T00:00:00,MIL vs. MIA,L,48.0,33,72,0.458,7,26,0.269,18,29,0.621,9,29,38,23,20.0,14,2,3,21,24,91,-13.0,1,46,46,46,7,79,93,40,37,17,78,22,11,87,76,60,79,44,92,3,90,19,60,10,69,82,1.0
2012-13,1610612749,MIL,Milwaukee Bucks,0041200102,2013-04-23T00:00:00,MIL @ MIA,L,48.0,36,72,0.5,4,18,0.222,10,17,0.588,4,29,33,23,17.0,9,2,3,21,17,86,-12.0,1,46,46,46,7,57,93,8,84,57,86,83,71,94,98,60,95,44,71,34,90,19,60,71,81,79,
2012-13,1610612749,MIL,Milwaukee Bucks,0041200101,2013-04-21T00:00:00,MIL @ MIA,L,48.0,34,82,0.415,7,26,0.269,12,20,0.6,10,21,31,14,12.0,10,0,3,23,19,87,-23.0,1,46,46,46,7,71,68,66,37,17,78,72,47,90,67,98,99,94,20,22,99,19,82,53,79,96,1.0
2012-13,1610612749,MIL,Milwaukee Bucks,0021201226,2013-04-17T00:00:00,MIL @ OKC,W,48.0,36,85,0.424,10,27,0.37,13,18,0.722,17,36,53,18,12.0,5,3,2,11,14,95,6.0,1,1,1,1,7,57,55,56,14,14,46,64,64,55,16,8,9,78,20,81,81,9,2,86,55,29,1.0
2012-13,1610612749,MIL,Milwaukee Bucks,0021201207,2013-04-15T00:00:00,MIL vs. DEN,L,48.0,42,100,0.42,12,35,0.343,15,23,0.652,18,26,44,25,12.0,10,6,5,24,24,111,-1.0,1,46,46,46,7,16,5,60,8,1,57,41,27,81,13,79,36,29,20,22,48,60,85,10,9,46,1.0
2012-13,1610612749,MIL,Milwaukee Bucks,0021201190,2013-04-13T00:00:00,MIL @ CHA,L,48.0,34,87,0.391,9,29,0.31,8,12,0.667,9,27,36,23,12.0,6,3,5,20,18,85,-10.0,1,46,46,46,7,71,46,82,20,5,67,92,90,74,76,75,88,44,20,66,81,60,51,61,85,70,1.0
2012-13,1610612749,MIL,Milwaukee Bucks,0021201179,2013-04-12T00:00:00,MIL @ ATL,L,48.0,38,92,0.413,17,33,0.515,11,16,0.688,13,35,48,27,19.0,14,4,5,19,13,104,-5.0,1,46,46,46,7,43,24,69,1,2,7,80,77,72,40,13,15,18,88,3,71,60,43,92,28,55,1.0
2012-13,1610612749,MIL,Milwaukee Bucks,0021201166,2013-04-10T00:00:00,MIL @ ORL,L,53.0,39,101,0.386,8,28,0.286,17,26,0.654,15,41,56,26,13.0,7,11,3,16,19,103,-10.0,1,46,46,46,1,34,2,83,28,10,73,28,17,80,26,3,6,22,36,52,11,19,19,53,32,70,1.0
2012-13,1610612749,MIL,Milwaukee Bucks,0021201157,2013-04-09T00:00:00,MIL @ MIA,L,48.0,33,75,0.44,9,25,0.36,8,14,0.571,5,32,37,19,20.0,13,2,3,15,13,83,-11.0,1,46,46,46,7,79,90,49,20,19,49,92,84,97,95,32,82,73,92,6,90,19,14,92,88,76,1.0
2012-13,1610612749,MIL,Milwaukee Bucks,0021201142,2013-04-06T00:00:00,MIL vs. TOR,W,48.0,36,76,0.474,6,19,0.316,22,29,0.759,9,31,40,27,15.0,11,12,4,22,21,100,17.0,1,1,1,1,7,57,86,22,53,47,64,11,11,35,76,40,66,18,52,16,5,37,72,28,39,5,1.0
2012-13,1610612749,MIL,Milwaukee Bucks,0021201128,2013-04-05T00:00:00,MIL @ NYK,L,48.0,29,76,0.382,12,30,0.4,13,18,0.722,8,32,40,16,13.0,5,2,2,16,18,83,-18.0,1,46,46,46,7,95,86,85,8,3,33,64,64,55,84,32,66,88,36,81,90,9,19,61,88,93,1.0
2012-13,1610612749,MIL,Milwaukee Bucks,0021201116,2013-04-03T00:00:00,MIL vs. MIN,L,48.0,42,96,0.438,8,23,0.348,6,9,0.667,20,25,45,19,20.0,10,9,3,15,15,98,-9.0,1,46,46,46,7,16,12,50,28,27,56,98,99,74,8,86,31,73,92,22,21,19,14,82,48,68,1.0
2012-13,1610612749,MIL,Milwaukee Bucks,0021201102,2013-04-01T00:00:00,MIL vs. CHA,W,48.0,51,100,0.51,14,27,0.519,15,17,0.882,14,31,45,32,11.0,7,2,5,21,20,131,29.0,1,1,1,1,7,1,5,7,2,14,6,41,71,12,32,40,31,2,16,52,90,60,60,36,1,2,1.0
2012-13,1610612749,MIL,Milwaukee Bucks,0021201090,2013-03-30T00:00:00,MIL vs. OKC,L,48.0,37,98,0.378,12,29,0.414,13,15,0.867,19,26,45,24,9.0,7,2,12,20,20,99,-10.0,1,46,46,46,7,50,9,89,8,5,31,64,80,13,9,79,31,33,5,52,90,97,51,36,42,70,1.0
2012-13,1610612749,MIL,Milwaukee Bucks,0021201071,2013-03-28T00:00:00,MIL vs. LAL,W,48.0,45,93,0.484,7,19,0.368,16,22,0.727,15,28,43,22,13.0,12,4,6,25,20,113,10.0,1,1,1,1,7,8,19,12,37,47,47,32,33,51,26,65,43,54,36,10,71,77,92,36,7,14,1.0
2012-13,1610612749,MIL,Milwaukee Bucks,0021201058,2013-03-27T00:00:00,MIL @ PHI,L,48.0,37,89,0.416,6,24,0.25,12,13,0.923,14,30,44,18,14.0,9,3,3,9,14,92,-8.0,1,46,46,46,7,50,36,65,53,22,81,72,85,4,32,49,36,78,44,34,81,19,1,86,67,64,1.0
2012-13,1610612749,MIL,Milwaukee Bucks,0021201040,2013-03-24T00:00:00,MIL vs. ATL,L,48.0,42,92,0.457,5,21,0.238,10,18,0.556,19,31,50,26,16.0,6,5,4,17,12,99,-5.0,1,46,46,46,7,16,24,42,70,35,85,83,64,98,9,40,12,22,62,66,60,37,27,99,42,55,1.0
2012-13,1610612749,MIL,Milwaukee Bucks,0021201024,2013-03-22T00:00:00,MIL @ IND,L,48.0,31,101,0.307,3,19,0.158,13,22,0.591,22,30,52,17,9.0,4,6,11,21,20,78,-24.0,1,46,46,46,7,88,2,99,89,47,95,64,33,91,3,49,10,85,5,89,48,96,60,36,94,97,1.0
2012-13,1610612749,MIL,Milwaukee Bucks,0021201011,2013-03-20T00:00:00,MIL @ ATL,L,48.0,37,99,0.374,8,19,0.421,8,11,0.727,16,30,46,20,12.0,7,8,6,17,15,90,-8.0,1,46,46,46,7,50,8,90,28,47,26,92,94,51,20,49,26,68,20,52,30,77,27,82,71,64,1.0
2012-13,1610612749,MIL,Milwaukee Bucks,0021201005,2013-03-19T00:00:00,MIL vs. POR,W,48.0,42,87,0.483,9,19,0.474,9,13,0.692,15,28,43,29,12.0,8,8,1,12,14,102,7.0,1,1,1,1,7,16,46,15,20,47,11,87,85,68,26,65,43,6,20,41,30,3,3,86,34,27,1.0
2012-13,1610612749,MIL,Milwaukee Bucks,0021200986,2013-03-17T00:00:00,MIL vs. ORL,W,48.0,40,90,0.444,12,27,0.444,23,26,0.885,13,33,46,25,14.0,6,3,4,13,21,115,6.0,1,1,1,1,7,27,34,46,8,14,15,10,17,11,40,25,26,29,44,66,81,37,4,28,5,29,1.0
2012-13,1610612749,MIL,Milwaukee Bucks,0021200975,2013-03-15T00:00:00,MIL vs. MIA,L,48.0,33,89,0.371,9,25,0.36,19,21,0.905,19,29,48,18,10.0,6,4,5,16,13,94,-13.0,1,46,46,46,7,79,36,91,20,19,49,17,40,7,9,60,15,78,10,66,71,60,19,92,58,82,1.0
2012-13,1610612749,MIL,Milwaukee Bucks,0021200957,2013-03-13T00:00:00,MIL @ WAS,L,48.0,39,85,0.459,6,18,0.333,9,12,0.75,11,33,44,23,15.0,8,4,0,22,17,93,-13.0,1,46,46,46,7,34,55,38,53,57,58,87,90,37,59,25,36,44,52,41,71,1,72,71,65,82,1.0
2012-13,1610612749,MIL,Milwaukee Bucks,0021200953,2013-03-12T00:00:00,MIL vs. DAL,L,48.0,43,89,0.483,8,21,0.381,14,17,0.824,7,35,42,30,9.0,8,6,5,22,19,108,-7.0,1,46,46,46,7,11,36,13,28,35,40,53,71,17,88,13,51,5,5,41,48,60,72,53,17,60,1.0
2012-13,1610612749,MIL,Milwaukee Bucks,0021200941,2013-03-10T00:00:00,MIL @ SAC,W,48.0,40,87,0.46,7,19,0.368,28,38,0.737,11,33,44,22,9.0,6,8,3,24,25,115,2.0,1,1,1,1,7,27,46,37,37,47,47,1,1,45,59,25,36,54,5,66,30,19,85,7,5,41,1.0
2012-13,1610612749,MIL,Milwaukee Bucks,0021200933,2013-03-09T00:00:00,MIL @ GSW,W,48.0,38,78,0.487,13,28,0.464,14,19,0.737,6,36,42,29,15.0,8,5,1,20,21,103,10.0,1,1,1,1,7,43,82,11,4,10,12,53,55,45,90,8,51,6,52,41,60,3,51,28,32,14,1.0
2012-13,1610612749,MIL,Milwaukee Bucks,0021200911,2013-03-06T00:00:00,MIL @ LAC,L,48.0,38,79,0.481,13,29,0.448,12,15,0.8,5,29,34,29,14.0,6,1,9,14,15,101,-16.0,1,46,46,46,7,43,77,16,4,5,14,72,80,21,95,60,94,6,44,66,97,94,7,82,36,89,1.0
2012-13,1610612749,MIL,Milwaukee Bucks,0021200890,2013-03-04T00:00:00,MIL vs. UTA,W,53.0,45,95,0.474,10,24,0.417,9,13,0.692,12,30,42,29,17.0,13,10,2,23,17,109,1.0,1,1,1,1,1,8,15,22,14,22,29,87,85,68,50,49,51,6,71,6,15,9,82,71,15,43,1.0
2012-13,1610612749,MIL,Milwaukee Bucks,0021200878,2013-03-02T00:00:00,MIL vs. TOR,W,53.0,46,92,0.5,5,14,0.357,25,30,0.833,13,35,48,32,14.0,8,7,3,20,26,122,8.0,1,1,1,1,1,4,24,8,70,85,51,5,9,14,40,13,15,2,44,41,38,19,51,3,2,23,1.0
2012-13,1610612749,MIL,Milwaukee Bucks,0021200856,2013-02-27T00:00:00,MIL @ HOU,W,48.0,43,89,0.483,9,24,0.375,15,20,0.75,9,34,43,27,17.0,10,6,1,23,20,110,3.0,1,1,1,1,7,11,36,13,20,22,42,41,47,37,76,20,43,18,71,22,48,3,82,36,11,38,1.0
2012-13,1610612749,MIL,Milwaukee Bucks,0021200848,2013-02-26T00:00:00,MIL @ DAL,W,48.0,34,82,0.415,7,18,0.389,20,26,0.769,8,31,39,22,12.0,10,1,4,20,21,95,5.0,1,1,1,1,7,71,68,66,37,57,37,15,17,31,84,40,76,54,20,22,97,37,51,28,55,32,1.0
2012-13,1610612749,MIL,Milwaukee Bucks,0021200828,2013-02-23T00:00:00,MIL vs. ATL,L,48.0,41,89,0.461,4,12,0.333,16,20,0.8,17,41,58,28,18.0,8,2,4,14,16,102,-1.0,1,46,46,46,7,22,36,36,84,94,58,32,47,21,16,3,3,15,82,41,90,37,7,80,34,46,1.0
2012-13,1610612749,MIL,Milwaukee Bucks,0021200803,2013-02-20T00:00:00,MIL vs. BKN,L,48.0,35,75,0.467,6,14,0.429,18,31,0.581,7,41,48,22,17.0,5,9,6,24,23,94,-3.0,1,46,46,46,7,66,90,28,53,85,21,22,7,96,88,3,15,54,71,81,21,77,85,13,58,50,1.0
2012-13,1610612749,MIL,Milwaukee Bucks,0021200791,2013-02-19T00:00:00,MIL @ BKN,L,53.0,46,96,0.479,7,20,0.35,12,18,0.667,12,31,43,23,8.0,4,10,4,21,17,111,-2.0,1,46,46,46,1,4,12,18,37,41,54,72,64,74,50,40,43,44,3,89,15,37,60,71,9,48,1.0
2012-13,1610612749,MIL,Milwaukee Bucks,0021200782,2013-02-13T00:00:00,MIL vs. PHI,W,48.0,37,88,0.42,4,18,0.222,16,21,0.762,16,25,41,21,13.0,9,10,4,21,22,94,2.0,1,1,1,1,7,50,41,59,84,57,86,32,40,32,20,86,59,63,36,34,15,37,60,18,58,41,1.0
2012-13,1610612749,MIL,Milwaukee Bucks,0021200767,2013-02-11T00:00:00,MIL vs. WAS,L,48.0,36,95,0.379,5,23,0.217,13,22,0.591,17,26,43,23,9.0,13,5,4,17,16,90,-12.0,1,46,46,46,7,57,15,87,70,27,88,64,33,91,16,79,43,44,5,6,60,37,27,80,71,79,0.0
2012-13,1610612749,MIL,Milwaukee Bucks,0021200749,2013-02-09T00:00:00,MIL vs. DET,L,48.0,34,86,0.395,7,17,0.412,25,28,0.893,12,30,42,19,14.0,12,7,2,14,20,100,-5.0,1,46,46,46,7,71,50,79,37,66,32,5,15,9,50,49,51,73,44,10,38,9,7,36,39,55,1.0
2012-13,1610612749,MIL,Milwaukee Bucks,0021200732,2013-02-06T00:00:00,MIL @ UTA,L,48.0,29,82,0.354,6,19,0.316,22,29,0.759,9,28,37,15,16.0,12,9,12,21,23,86,-14.0,1,46,46,46,7,95,68,97,53,47,64,11,11,35,76,65,82,91,62,10,21,97,60,13,81,85,0.0
2012-13,1610612749,MIL,Milwaukee Bucks,0021200719,2013-02-05T00:00:00,MIL @ DEN,L,48.0,48,100,0.48,3,16,0.188,5,11,0.455,12,32,44,27,17.0,6,11,12,28,19,104,-8.0,1,46,46,46,7,3,5,17,89,72,91,99,94,99,50,32,36,18,71,66,11,97,96,53,28,64,1.0
2012-13,1610612749,MIL,Milwaukee Bucks,0021200701,2013-02-02T00:00:00,MIL vs. ORL,W,48.0,42,90,0.467,9,24,0.375,14,20,0.7,14,28,42,26,16.0,6,9,5,16,17,107,9.0,1,1,1,1,7,16,34,28,20,22,42,53,47,63,32,65,51,22,62,66,21,60,19,71,23,18,1.0
2012-13,1610612749,MIL,Milwaukee Bucks,0021200688,2013-02-01T00:00:00,MIL @ NYK,L,48.0,33,83,0.398,8,20,0.4,12,17,0.706,12,28,40,18,13.0,7,3,4,22,15,86,-10.0,1,46,46,46,7,79,63,76,28,41,33,72,71,60,50,65,66,78,36,52,81,37,72,82,81,70,1.0
2012-13,1610612749,MIL,Milwaukee Bucks,0021200676,2013-01-30T00:00:00,MIL vs. CHI,L,48.0,34,82,0.415,6,14,0.429,14,19,0.737,15,26,41,17,19.0,3,7,5,19,22,88,-16.0,1,46,46,46,7,71,68,66,53,85,21,53,55,45,26,79,59,85,88,96,38,60,43,18,75,89,1.0
2012-13,1610612749,MIL,Milwaukee Bucks,0021200667,2013-01-29T00:00:00,MIL @ DET,W,48.0,46,98,0.469,11,23,0.478,14,22,0.636,21,27,48,28,10.0,13,8,4,21,20,117,27.0,1,1,1,1,7,4,9,25,12,27,9,53,33,84,5,75,15,15,10,6,30,37,60,36,3,3,1.0
2012-13,1610612749,MIL,Milwaukee Bucks,0021200647,2013-01-26T00:00:00,MIL vs. GSW,W,48.0,41,101,0.406,13,30,0.433,14,20,0.7,22,36,58,24,12.0,7,7,4,15,25,109,7.0,1,1,1,1,7,22,2,72,4,3,20,53,47,63,3,8,3,33,20,52,38,37,14,7,15,27,1.0
2012-13,1610612749,MIL,Milwaukee Bucks,0021200635,2013-01-25T00:00:00,MIL @ CLE,L,48.0,43,92,0.467,14,28,0.5,8,13,0.615,11,30,41,34,17.0,6,6,5,20,17,108,-5.0,1,46,46,46,7,11,24,27,2,10,8,92,85,88,59,49,59,1,71,66,48,60,51,71,17,55,1.0
2012-13,1610612749,MIL,Milwaukee Bucks,0021200616,2013-01-22T00:00:00,MIL vs. PHI,W,48.0,41,79,0.519,7,16,0.438,21,33,0.636,12,26,38,24,15.0,10,5,3,13,22,110,8.0,1,1,1,1,7,22,77,3,37,72,17,14,4,84,50,79,79,33,52,22,60,19,4,18,11,23,0.0
2012-13,1610612749,MIL,Milwaukee Bucks,0021200599,2013-01-19T00:00:00,MIL @ POR,W,48.0,39,88,0.443,6,18,0.333,26,32,0.813,10,33,43,26,15.0,12,4,4,22,25,110,6.0,1,1,1,1,7,34,41,47,53,57,58,3,5,18,67,25,43,22,52,10,71,37,72,7,11,29,1.0
2012-13,1610612749,MIL,Milwaukee Bucks,0021200582,2013-01-17T00:00:00,MIL @ PHX,W,48.0,39,92,0.424,6,16,0.375,14,20,0.7,13,38,51,24,18.0,7,11,4,18,22,98,4.0,1,1,1,1,7,34,24,55,53,72,42,53,47,63,40,6,11,33,82,52,11,37,34,18,48,35,1.0
2012-13,1610612749,MIL,Milwaukee Bucks,0021200569,2013-01-15T00:00:00,MIL @ LAL,L,48.0,34,95,0.358,7,28,0.25,13,22,0.591,21,33,54,15,12.0,4,4,7,14,20,88,-16.0,1,46,46,46,7,71,15,96,37,10,81,64,33,91,5,25,8,91,20,89,71,88,7,36,75,89,0.0
2012-13,1610612749,MIL,Milwaukee Bucks,0021200550,2013-01-13T00:00:00,MIL @ TOR,W,48.0,40,77,0.519,8,19,0.421,19,23,0.826,8,24,32,29,12.0,5,6,2,25,21,107,11.0,1,1,1,1,7,27,84,2,28,47,26,17,27,16,84,95,98,6,20,81,48,9,92,28,23,12,1.0
2012-13,1610612749,MIL,Milwaukee Bucks,0021200537,2013-01-11T00:00:00,MIL vs. DET,L,48.0,36,91,0.396,1,16,0.063,14,19,0.737,13,35,48,16,12.0,6,12,8,19,13,87,-16.0,1,46,46,46,7,57,30,78,98,72,99,53,55,45,40,13,15,88,20,66,5,92,43,92,79,89,1.0
2012-13,1610612749,MIL,Milwaukee Bucks,0021200520,2013-01-09T00:00:00,MIL @ CHI,W,48.0,39,84,0.464,10,22,0.455,16,21,0.762,11,37,48,21,16.0,11,15,2,18,18,104,8.0,1,1,1,1,7,34,59,32,14,33,13,32,40,32,59,7,15,63,62,16,1,9,34,61,28,23,1.0
2012-13,1610612749,MIL,Milwaukee Bucks,0021200513,2013-01-08T00:00:00,MIL vs. PHX,W,48.0,42,91,0.462,9,17,0.529,15,19,0.789,18,28,46,25,12.0,6,10,5,18,22,108,9.0,1,1,1,1,7,16,30,35,20,66,3,41,55,27,13,65,26,29,20,66,15,60,34,18,17,18,1.0
2012-13,1610612749,MIL,Milwaukee Bucks,0021200491,2013-01-05T00:00:00,MIL @ IND,L,48.0,31,82,0.378,5,18,0.278,13,18,0.722,13,26,39,18,13.0,7,10,6,14,18,80,-15.0,1,46,46,46,7,88,68,88,70,57,75,64,64,55,40,79,76,78,36,52,15,77,7,61,92,88,1.0
2012-13,1610612749,MIL,Milwaukee Bucks,0021200486,2013-01-04T00:00:00,MIL vs. HOU,L,48.0,39,87,0.448,6,14,0.429,17,23,0.739,17,32,49,23,25.0,10,7,3,21,20,101,-14.0,1,46,46,46,7,34,46,45,53,85,21,28,27,44,16,32,13,44,99,22,38,19,60,36,36,85,1.0
2012-13,1610612749,MIL,Milwaukee Bucks,0021200470,2013-01-02T00:00:00,MIL vs. SAS,L,48.0,43,88,0.489,5,17,0.294,19,24,0.792,13,34,47,24,16.0,4,9,3,16,23,110,-7.0,1,46,46,46,7,11,41,10,70,66,72,17,24,26,40,20,23,33,62,89,21,19,19,13,11,60,1.0
2012-13,1610612749,MIL,Milwaukee Bucks,0021200448,2012-12-30T00:00:00,MIL @ DET,L,48.0,36,77,0.468,10,23,0.435,12,17,0.706,10,23,33,19,13.0,7,5,5,18,13,94,-2.0,1,46,46,46,7,57,84,26,14,27,19,72,71,60,67,96,95,73,36,52,60,60,34,92,58,48,1.0
2012-13,1610612749,MIL,Milwaukee Bucks,0021200445,2012-12-29T00:00:00,MIL vs. MIA,W,48.0,40,98,0.408,8,21,0.381,16,17,0.941,14,31,45,29,6.0,17,8,5,19,17,104,19.0,1,1,1,1,7,27,9,70,28,35,40,32,71,2,32,40,31,6,1,1,30,60,43,71,28,4,1.0
2012-13,1610612749,MIL,Milwaukee Bucks,0021200415,2012-12-26T00:00:00,MIL vs. BKN,W,48.0,40,84,0.476,10,17,0.588,18,19,0.947,14,35,49,24,18.0,12,5,7,20,18,108,15.0,1,1,1,1,7,27,59,20,14,66,2,22,55,1,32,13,13,33,82,10,60,88,51,61,17,8,1.0
2012-13,1610612749,MIL,Milwaukee Bucks,0021200395,2012-12-22T00:00:00,MIL vs. CLE,L,48.0,31,79,0.392,4,20,0.2,16,23,0.696,9,32,41,17,14.0,5,7,3,15,26,82,-12.0,1,46,46,46,7,88,77,81,84,41,89,32,27,67,76,32,59,85,44,81,38,19,14,3,90,79,1.0
2012-13,1610612749,MIL,Milwaukee Bucks,0021200382,2012-12-21T00:00:00,MIL @ BOS,W,53.0,36,83,0.434,5,16,0.313,22,36,0.611,15,42,57,22,23.0,8,3,5,15,22,99,5.0,1,1,1,1,1,57,63,51,70,72,66,11,2,89,26,1,5,54,96,41,81,60,14,18,42,32,1.0
2012-13,1610612749,MIL,Milwaukee Bucks,0021200374,2012-12-19T00:00:00,MIL @ MEM,L,48.0,30,85,0.353,5,20,0.25,15,19,0.789,11,33,44,11,17.0,10,5,6,19,17,80,-10.0,1,46,46,46,7,91,55,98,70,41,81,41,55,27,59,25,36,97,71,22,60,77,43,71,92,70,1.0
2012-13,1610612749,MIL,Milwaukee Bucks,0021200361,2012-12-18T00:00:00,MIL vs. IND,W,48.0,37,86,0.43,6,14,0.429,18,26,0.692,12,25,37,18,15.0,10,12,3,29,22,98,5.0,1,1,1,1,7,50,50,54,53,85,21,22,17,68,50,86,82,78,52,22,5,19,97,18,48,32,1.0
2012-13,1610612749,MIL,Milwaukee Bucks,0021200343,2012-12-15T00:00:00,MIL vs. LAC,L,48.0,30,83,0.361,7,21,0.333,18,25,0.72,14,26,40,15,13.0,6,5,3,22,22,85,-26.0,1,46,46,46,7,91,63,94,37,35,58,22,22,59,32,79,66,91,36,66,60,19,72,18,85,99,1.0
2012-13,1610612749,MIL,Milwaukee Bucks,0021200329,2012-12-14T00:00:00,MIL @ CLE,W,48.0,33,83,0.398,5,15,0.333,19,27,0.704,18,25,43,23,17.0,16,7,4,18,22,90,4.0,1,1,1,1,7,79,63,76,70,80,58,17,16,62,13,86,43,44,71,2,38,37,34,18,71,35,1.0
2012-13,1610612749,MIL,Milwaukee Bucks,0021200316,2012-12-12T00:00:00,MIL vs. SAC,W,48.0,39,96,0.406,6,17,0.353,14,24,0.583,24,36,60,22,10.0,8,6,6,18,20,98,13.0,1,1,1,1,7,34,12,71,53,66,53,53,24,95,1,8,1,54,10,41,48,77,34,36,48,11,1.0
2012-13,1610612749,MIL,Milwaukee Bucks,0021200293,2012-12-09T00:00:00,MIL @ BKN,W,48.0,33,71,0.465,7,16,0.438,24,30,0.8,6,27,33,21,19.0,14,7,5,19,20,97,9.0,1,1,1,1,7,79,96,31,37,72,17,7,9,21,90,75,95,63,88,3,38,60,43,36,53,18,1.0
2012-13,1610612749,MIL,Milwaukee Bucks,0021200277,2012-12-07T00:00:00,MIL vs. CHA,W,48.0,38,94,0.404,6,14,0.429,26,32,0.813,23,36,59,20,10.0,5,14,6,17,23,108,15.0,1,1,1,1,7,43,18,73,53,85,21,3,5,18,2,8,2,68,10,81,2,77,27,13,17,8,1.0
2012-13,1610612749,MIL,Milwaukee Bucks,0021200264,2012-12-05T00:00:00,MIL @ SAS,L,48.0,35,84,0.417,5,12,0.417,24,29,0.828,8,28,36,24,11.0,11,4,4,21,20,99,-11.0,1,46,46,46,7,66,59,64,70,94,29,7,11,15,84,65,88,33,16,16,71,37,60,36,42,76,1.0
2012-13,1610612749,MIL,Milwaukee Bucks,0021200247,2012-12-03T00:00:00,MIL @ NOH,L,48.0,29,76,0.382,8,19,0.421,15,23,0.652,19,21,40,20,16.0,5,9,2,16,23,81,-21.0,1,46,46,46,7,95,86,85,28,47,26,41,27,81,9,98,66,68,62,81,21,9,19,13,91,95,1.0
2012-13,1610612749,MIL,Milwaukee Bucks,0021200238,2012-12-01T00:00:00,MIL vs. BOS,W,48.0,36,79,0.456,4,13,0.308,15,20,0.75,9,33,42,24,15.0,6,6,9,13,19,91,3.0,1,1,1,1,7,57,77,43,84,92,68,41,47,37,76,25,51,33,52,66,48,94,4,53,69,38,1.0
2012-13,1610612749,MIL,Milwaukee Bucks,0021200230,2012-11-30T00:00:00,MIL @ MIN,L,48.0,34,93,0.366,5,18,0.278,12,16,0.75,13,34,47,14,12.0,10,14,6,24,13,85,-10.0,1,46,46,46,7,71,19,93,70,57,75,72,77,37,40,20,23,94,20,22,2,77,85,92,85,70,1.0
2012-13,1610612749,MIL,Milwaukee Bucks,0021200215,2012-11-28T00:00:00,MIL vs. NYK,L,48.0,33,72,0.458,5,13,0.385,17,21,0.81,5,31,36,24,18.0,8,4,1,20,20,88,-14.0,1,46,46,46,7,79,93,40,70,92,39,28,40,20,95,40,88,33,82,41,71,3,51,36,75,85,1.0
2012-13,1610612749,MIL,Milwaukee Bucks,0021200199,2012-11-26T00:00:00,MIL @ CHI,W,48.0,39,85,0.459,3,15,0.2,12,19,0.632,13,23,36,23,12.0,4,12,6,17,21,93,1.0,1,1,1,1,7,34,55,38,89,80,89,72,55,86,40,96,88,44,20,89,5,77,27,28,65,43,1.0
2012-13,1610612749,MIL,Milwaukee Bucks,0021200188,2012-11-24T00:00:00,MIL vs. CHI,L,48.0,38,88,0.432,3,17,0.176,7,10,0.7,10,30,40,20,10.0,10,10,2,20,18,86,-7.0,1,46,46,46,7,43,41,53,89,66,93,97,98,63,67,49,66,68,10,22,15,9,51,61,81,60,1.0
2012-13,1610612749,MIL,Milwaukee Bucks,0021200163,2012-11-21T00:00:00,MIL @ MIA,L,53.0,46,109,0.422,5,29,0.172,9,12,0.75,16,31,47,18,11.0,9,3,4,21,13,106,-7.0,1,46,46,46,1,4,1,57,70,5,94,87,90,37,20,40,23,78,16,34,81,37,60,92,25,60,1.0
2012-13,1610612749,MIL,Milwaukee Bucks,0021200148,2012-11-19T00:00:00,MIL @ CHA,L,48.0,44,93,0.473,2,16,0.125,8,11,0.727,9,30,39,26,14.0,5,12,5,27,14,98,-4.0,1,46,46,46,7,10,19,24,96,72,98,92,94,51,76,49,76,22,44,81,5,60,95,86,48,53,1.0
2012-13,1610612749,MIL,Milwaukee Bucks,0021200136,2012-11-17T00:00:00,MIL vs. NOH,W,48.0,43,93,0.462,13,25,0.52,18,24,0.75,16,25,41,28,12.0,9,4,2,18,26,117,4.0,1,1,1,1,7,11,19,34,4,19,5,22,24,37,20,86,59,15,20,34,71,9,34,3,3,35,1.0
2012-13,1610612749,MIL,Milwaukee Bucks,0021200111,2012-11-14T00:00:00,MIL vs. IND,W,48.0,38,91,0.418,3,16,0.188,20,25,0.8,14,32,46,24,6.0,11,8,4,22,18,99,14.0,1,1,1,1,7,43,30,63,89,72,91,15,22,21,32,32,26,33,1,16,30,37,72,61,42,10,1.0
2012-13,1610612749,MIL,Milwaukee Bucks,0021200096,2012-11-12T00:00:00,MIL @ PHI,W,48.0,41,80,0.513,7,20,0.35,16,18,0.889,6,42,48,25,23.0,8,7,3,19,14,105,9.0,1,1,1,1,7,22,76,6,37,41,54,32,64,10,90,1,15,29,96,41,38,19,43,86,26,18,1.0
2012-13,1610612749,MIL,Milwaukee Bucks,0021200086,2012-11-10T00:00:00,MIL vs. BOS,L,48.0,35,88,0.398,3,19,0.158,19,26,0.731,16,28,44,20,11.0,7,3,4,25,22,92,-4.0,1,46,46,46,7,66,41,75,89,47,95,17,17,50,20,65,36,68,16,52,81,37,92,18,67,53,1.0
2012-13,1610612749,MIL,Milwaukee Bucks,0021200068,2012-11-09T00:00:00,MIL @ WAS,W,48.0,40,78,0.513,6,15,0.4,15,19,0.789,6,32,38,21,21.0,11,6,4,21,24,101,10.0,1,1,1,1,7,27,82,5,53,80,33,41,55,27,90,32,79,63,95,16,48,37,60,10,36,14,1.0
2012-13,1610612749,MIL,Milwaukee Bucks,0021200057,2012-11-07T00:00:00,MIL vs. MEM,L,48.0,35,91,0.385,6,15,0.4,14,21,0.667,16,25,41,22,10.0,10,9,5,18,20,90,-18.0,1,46,46,46,7,66,30,84,53,80,33,53,40,74,20,86,59,54,10,22,21,60,34,36,71,93,1.0
2012-13,1610612749,MIL,Milwaukee Bucks,0021200033,2012-11-03T00:00:00,MIL vs. CLE,W,48.0,41,79,0.519,9,24,0.375,14,21,0.667,3,34,37,32,17.0,8,9,0,18,21,105,3.0,1,1,1,1,7,22,77,3,20,22,42,53,40,74,99,20,82,2,71,41,21,1,34,28,26,38,1.0
2012-13,1610612749,MIL,Milwaukee Bucks,0021200017,2012-11-02T00:00:00,MIL @ BOS,W,48.0,40,86,0.465,8,18,0.444,11,12,0.917,11,35,46,26,19.0,12,5,4,17,18,99,11.0,1,1,1,1,7,27,50,30,28,57,15,80,90,5,59,13,26,22,88,10,60,37,27,61,42,12,1.0
2012-13,1610612749,MIL,Milwaukee Bucks,0011200112,2012-10-26T00:00:00,MIL vs. MIN,L,48.0,30,83,0.361,7,23,0.304,9,13,0.692,12,28,40,23,18.0,7,8,3,22,18,76,-24.0,1,46,46,46,7,91,63,94,37,27,69,87,85,68,50,65,66,44,82,52,30,19,72,61,97,97,
2012-13,1610612749,MIL,Milwaukee Bucks,0011200106,2012-10-25T00:00:00,MIL @ CHA,W,48.0,39,93,0.419,7,29,0.241,15,20,0.75,21,35,56,26,15.0,6,11,2,22,20,100,10.0,1,1,1,1,7,34,19,61,37,5,84,41,47,37,5,13,6,22,52,66,11,9,72,36,39,14,
2012-13,1610612749,MIL,Milwaukee Bucks,0011200089,2012-10-22T00:00:00,MIL @ TOR,L,48.0,37,92,0.402,6,23,0.261,15,16,0.938,10,30,40,29,15.0,4,4,7,29,19,95,-9.0,1,46,46,46,7,50,24,74,53,27,80,41,77,3,67,49,66,6,52,89,71,88,97,53,55,68,
2012-13,1610612749,MIL,Milwaukee Bucks,0011200084,2012-10-20T00:00:00,MIL vs. WAS,L,48.0,34,86,0.395,10,21,0.476,16,22,0.727,15,25,40,24,18.0,3,12,4,24,26,94,-8.0,1,46,46,46,7,71,50,79,14,35,10,32,33,51,26,86,66,33,82,96,5,37,85,3,58,64,
2012-13,1610612749,MIL,Milwaukee Bucks,0011200067,2012-10-18T00:00:00,MIL vs. MEM,L,48.0,35,81,0.432,11,21,0.524,13,18,0.722,10,27,37,22,16.0,9,6,7,19,18,94,-3.0,1,46,46,46,7,66,74,52,12,35,4,64,64,55,67,75,82,54,62,34,48,88,43,61,58,50,
2012-13,1610612749,MIL,Milwaukee Bucks,0011200054,2012-10-16T00:00:00,MIL @ CHI,L,48.0,36,86,0.419,7,18,0.389,15,22,0.682,14,28,42,21,14.0,3,5,1,24,19,94,-6.0,1,46,46,46,7,57,50,62,37,57,37,41,33,73,32,65,51,63,44,96,60,3,85,53,58,59,
2012-13,1610612749,MIL,Milwaukee Bucks,0011200041,2012-10-13T00:00:00,MIL vs. DET,W,48.0,38,82,0.463,5,15,0.333,27,34,0.794,11,34,45,29,16.0,9,14,4,22,31,108,17.0,1,1,1,1,7,43,68,33,70,80,58,2,3,25,59,20,31,6,62,34,2,37,72,1,17,5,
2012-13,1610612749,MIL,Milwaukee Bucks,0011200014,2012-10-09T00:00:00,MIL @ CLE,W,48.0,37,84,0.44,6,20,0.3,17,19,0.895,10,32,42,22,12.0,11,8,4,16,20,97,17.0,1,1,1,1,7,50,59,48,53,41,70,28,55,8,67,32,51,54,20,16,30,37,19,36,53,5,
2012-13,1610612750,MIN,Minnesota Timberwolves,0021201225,2013-04-17T00:00:00,MIN @ SAS,W,48.0,42,91,0.462,12,29,0.414,12,16,0.75,8,37,45,26,12.0,11,2,2,17,22,108,13.0,1,1,1,1,3,8,5,31,3,1,17,82,84,44,71,14,32,17,18,17,77,3,26,50,10,12,1.0
2012-13,1610612750,MIN,Minnesota Timberwolves,0021201210,2013-04-15T00:00:00,MIN vs. UTA,L,48.0,32,75,0.427,2,17,0.118,14,18,0.778,3,35,38,21,12.0,7,3,2,18,18,80,-16.0,1,41,41,41,3,66,71,61,84,48,87,68,71,34,94,19,64,48,18,57,60,3,37,81,87,81,1.0
2012-13,1610612750,MIN,Minnesota Timberwolves,0021201193,2013-04-13T00:00:00,MIN vs. PHX,W,48.0,41,83,0.494,6,15,0.4,17,19,0.895,11,25,36,19,18.0,17,6,3,14,22,105,12.0,1,1,1,1,3,11,41,17,27,65,19,47,65,3,48,77,73,61,73,1,19,14,11,50,17,15,1.0
2012-13,1610612750,MIN,Minnesota Timberwolves,0021201187,2013-04-12T00:00:00,MIN @ UTA,L,48.0,36,78,0.462,8,22,0.364,20,21,0.952,9,22,31,21,11.0,10,3,4,18,19,100,-7.0,1,41,41,41,3,40,60,31,10,13,27,32,59,1,65,91,87,48,11,25,60,25,37,71,24,58,1.0
2012-13,1610612750,MIN,Minnesota Timberwolves,0021201173,2013-04-10T00:00:00,MIN @ LAC,L,48.0,35,90,0.389,6,23,0.261,19,22,0.864,13,25,38,23,11.0,12,4,11,14,19,95,-16.0,1,41,41,41,3,46,7,76,27,11,59,40,57,9,30,77,64,31,11,11,42,87,11,71,42,81,1.0
2012-13,1610612750,MIN,Minnesota Timberwolves,0021201163,2013-04-09T00:00:00,MIN @ GSW,L,48.0,33,90,0.367,7,19,0.368,16,20,0.8,6,38,44,29,10.0,6,6,6,18,19,89,-16.0,1,41,41,41,3,59,7,87,18,27,26,50,60,21,86,11,39,6,3,68,19,50,37,71,68,81,1.0
2012-13,1610612750,MIN,Minnesota Timberwolves,0021201141,2013-04-06T00:00:00,MIN vs. DET,W,48.0,36,83,0.434,6,14,0.429,29,38,0.763,15,23,38,23,15.0,16,6,6,20,25,107,6.0,1,1,1,1,3,40,41,55,27,74,14,8,6,41,19,85,64,31,42,2,19,50,61,29,13,31,1.0
2012-13,1610612750,MIN,Minnesota Timberwolves,0021201132,2013-04-05T00:00:00,MIN vs. TOR,L,48.0,30,67,0.448,3,15,0.2,30,40,0.75,7,33,40,23,14.0,9,3,6,17,26,93,-2.0,1,41,41,41,3,79,85,42,75,65,80,5,4,44,80,25,55,31,35,34,60,50,26,17,54,44,1.0
2012-13,1610612750,MIN,Minnesota Timberwolves,0021201116,2013-04-03T00:00:00,MIN @ MIL,W,48.0,44,84,0.524,8,13,0.615,11,16,0.688,13,29,42,33,20.0,12,3,9,15,15,107,9.0,1,1,1,1,3,5,33,8,10,83,1,85,84,69,30,47,45,1,82,11,60,80,17,88,13,21,1.0
2012-13,1610612750,MIN,Minnesota Timberwolves,0021201105,2013-04-01T00:00:00,MIN vs. BOS,W,48.0,40,83,0.482,5,18,0.278,25,27,0.926,4,27,31,30,10.0,10,4,3,11,21,110,10.0,1,1,1,1,3,17,41,22,45,39,50,17,35,2,93,64,87,2,3,25,42,14,3,59,9,19,0.0
2012-13,1610612750,MIN,Minnesota Timberwolves,0021201089,2013-03-30T00:00:00,MIN vs. MEM,L,48.0,29,67,0.433,5,16,0.313,23,34,0.676,8,27,35,19,17.0,3,2,5,22,28,86,-13.0,1,41,41,41,3,85,85,56,45,58,43,22,16,75,71,64,78,61,63,92,77,39,73,11,74,75,1.0
2012-13,1610612750,MIN,Minnesota Timberwolves,0021201081,2013-03-29T00:00:00,MIN vs. OKC,W,48.0,37,83,0.446,5,15,0.333,22,27,0.815,13,33,46,20,11.0,10,1,10,16,28,101,8.0,1,1,1,1,3,30,41,44,45,65,34,25,35,15,30,25,26,55,11,25,92,84,22,11,20,23,1.0
2012-13,1610612750,MIN,Minnesota Timberwolves,0021201066,2013-03-27T00:00:00,MIN vs. LAL,L,48.0,45,97,0.464,5,17,0.294,22,30,0.733,17,28,45,23,15.0,15,3,9,26,25,117,-3.0,1,41,41,41,3,2,2,29,45,48,46,25,25,52,7,55,32,31,42,3,60,80,90,29,1,47,1.0
2012-13,1610612750,MIN,Minnesota Timberwolves,0021201055,2013-03-26T00:00:00,MIN @ DET,W,48.0,42,79,0.532,14,26,0.538,7,8,0.875,8,33,41,26,16.0,10,3,4,14,12,105,23.0,1,1,1,1,3,8,57,6,1,5,4,92,93,6,71,25,48,17,53,25,60,25,11,94,17,6,1.0
2012-13,1610612750,MIN,Minnesota Timberwolves,0021201044,2013-03-24T00:00:00,MIN vs. CHI,L,48.0,39,78,0.5,6,12,0.5,13,19,0.684,6,26,32,27,13.0,8,4,3,19,16,97,-7.0,1,41,41,41,3,20,60,14,27,89,7,75,65,70,86,71,85,12,25,45,42,14,53,85,35,58,1.0
2012-13,1610612750,MIN,Minnesota Timberwolves,0021201031,2013-03-22T00:00:00,MIN @ PHX,W,48.0,42,79,0.532,2,12,0.167,31,40,0.775,10,40,50,28,15.0,10,4,2,18,29,117,31.0,1,1,1,1,3,8,57,6,84,89,83,4,4,35,54,3,14,9,42,25,42,3,37,7,1,2,1.0
2012-13,1610612750,MIN,Minnesota Timberwolves,0021201021,2013-03-21T00:00:00,MIN @ SAC,L,48.0,41,98,0.418,1,19,0.053,15,18,0.833,17,28,45,27,12.0,7,2,6,23,23,98,-3.0,1,41,41,41,3,11,1,63,91,27,94,62,71,11,7,55,32,12,18,57,77,50,78,43,31,47,1.0
2012-13,1610612750,MIN,Minnesota Timberwolves,0021201000,2013-03-18T00:00:00,MIN @ MEM,L,48.0,29,86,0.337,6,24,0.25,13,18,0.722,14,31,45,14,12.0,7,4,10,12,21,77,-15.0,1,41,41,41,3,85,24,93,27,9,61,75,71,55,24,36,32,91,18,57,42,84,5,59,91,78,1.0
2012-13,1610612750,MIN,Minnesota Timberwolves,0021200989,2013-03-17T00:00:00,MIN vs. NOH,W,48.0,36,64,0.563,5,15,0.333,20,27,0.741,7,20,27,18,18.0,8,10,3,19,26,97,2.0,1,1,1,1,3,40,89,2,45,65,34,32,35,48,80,92,94,74,73,45,6,14,53,17,35,39,1.0
2012-13,1610612750,MIN,Minnesota Timberwolves,0021200973,2013-03-15T00:00:00,MIN @ HOU,L,48.0,39,81,0.481,6,24,0.25,16,20,0.8,9,27,36,25,13.0,6,7,2,25,20,100,-8.0,1,41,41,41,3,20,50,23,27,9,61,50,60,21,65,64,73,22,25,68,13,3,86,64,24,62,1.0
2012-13,1610612750,MIN,Minnesota Timberwolves,0021200958,2013-03-13T00:00:00,MIN @ IND,L,48.0,35,80,0.438,6,19,0.316,15,18,0.833,10,26,36,19,12.0,4,4,6,26,26,91,-16.0,1,41,41,41,3,46,55,50,27,27,41,62,71,11,54,71,73,61,18,85,42,50,90,17,61,81,1.0
2012-13,1610612750,MIN,Minnesota Timberwolves,0021200954,2013-03-12T00:00:00,MIN vs. SAS,W,48.0,44,82,0.537,12,20,0.6,7,18,0.389,11,38,49,30,16.0,6,11,4,21,21,107,24.0,1,1,1,1,3,5,48,3,3,20,2,92,71,94,48,11,16,2,53,68,4,25,66,59,13,4,1.0
2012-13,1610612750,MIN,Minnesota Timberwolves,0021200940,2013-03-10T00:00:00,MIN vs. DAL,L,48.0,32,88,0.364,2,18,0.111,11,14,0.786,8,32,40,21,9.0,6,4,5,18,15,77,-23.0,1,41,41,41,3,66,14,88,84,39,90,85,91,31,71,32,55,48,2,68,42,39,37,88,91,93,1.0
2012-13,1610612750,MIN,Minnesota Timberwolves,0021200931,2013-03-09T00:00:00,MIN @ DEN,L,48.0,35,84,0.417,5,18,0.278,13,19,0.684,10,30,40,23,23.0,5,7,8,21,21,88,-23.0,1,41,41,41,3,46,33,65,45,39,50,75,65,70,54,42,55,31,93,81,13,71,66,59,69,93,1.0
2012-13,1610612750,MIN,Minnesota Timberwolves,0021200907,2013-03-06T00:00:00,MIN vs. WAS,W,48.0,31,76,0.408,4,14,0.286,21,31,0.677,9,25,34,16,14.0,11,1,5,14,29,87,5.0,1,1,1,1,3,73,67,68,65,74,48,30,21,74,65,77,81,85,35,17,92,39,11,7,72,34,1.0
2012-13,1610612750,MIN,Minnesota Timberwolves,0021200892,2013-03-04T00:00:00,MIN vs. MIA,L,48.0,33,88,0.375,5,20,0.25,10,15,0.667,15,24,39,23,19.0,14,3,5,18,15,81,-16.0,1,41,41,41,3,59,14,83,45,20,61,88,87,76,19,83,62,31,78,5,60,39,37,88,85,81,0.0
2012-13,1610612750,MIN,Minnesota Timberwolves,0021200879,2013-03-02T00:00:00,MIN @ POR,L,48.0,34,87,0.391,1,12,0.083,25,36,0.694,14,33,47,19,8.0,8,5,7,17,30,94,-15.0,1,41,41,41,3,52,19,74,91,89,92,17,11,67,24,25,22,61,1,45,30,65,26,3,47,78,1.0
2012-13,1610612750,MIN,Minnesota Timberwolves,0021200863,2013-02-28T00:00:00,MIN @ LAL,L,48.0,37,81,0.457,7,21,0.333,13,15,0.867,6,29,35,26,13.0,9,6,6,19,20,94,-22.0,1,41,41,41,3,30,50,38,18,19,34,75,87,8,86,47,78,17,25,34,19,50,53,64,47,90,1.0
2012-13,1610612750,MIN,Minnesota Timberwolves,0021200849,2013-02-26T00:00:00,MIN @ PHX,L,53.0,31,90,0.344,5,19,0.263,16,25,0.64,12,40,52,21,17.0,14,7,11,17,26,83,-1.0,1,41,41,41,1,73,7,91,45,27,56,50,46,82,41,3,6,48,63,5,13,87,26,17,82,41,1.0
2012-13,1610612750,MIN,Minnesota Timberwolves,0021200832,2013-02-24T00:00:00,MIN vs. GSW,L,48.0,37,85,0.435,1,11,0.091,24,31,0.774,14,27,41,23,17.0,12,2,4,21,28,99,-1.0,1,41,41,41,3,30,27,53,91,93,91,19,21,36,24,64,48,31,63,11,77,25,66,11,29,41,1.0
2012-13,1610612750,MIN,Minnesota Timberwolves,0021200819,2013-02-22T00:00:00,MIN @ OKC,L,48.0,41,85,0.482,6,17,0.353,23,29,0.793,9,23,32,26,10.0,11,5,7,23,26,111,-16.0,1,41,41,41,3,11,27,21,27,48,31,22,30,25,65,85,85,17,3,17,30,65,78,17,7,81,1.0
2012-13,1610612750,MIN,Minnesota Timberwolves,0021200805,2013-02-20T00:00:00,MIN vs. PHI,W,48.0,28,70,0.4,5,13,0.385,33,44,0.75,10,41,51,21,16.0,9,5,5,23,30,94,7.0,1,1,1,1,3,90,78,73,45,83,22,2,2,44,54,2,10,48,53,34,30,39,78,3,47,29,1.0
2012-13,1610612750,MIN,Minnesota Timberwolves,0021200784,2013-02-13T00:00:00,MIN vs. UTA,L,48.0,29,85,0.341,5,22,0.227,30,38,0.789,14,35,49,18,10.0,8,3,9,19,22,93,-4.0,1,41,41,41,3,85,27,92,45,13,73,5,6,28,24,19,16,74,3,45,60,80,53,50,54,52,1.0
2012-13,1610612750,MIN,Minnesota Timberwolves,0021200763,2013-02-11T00:00:00,MIN @ CLE,W,48.0,39,75,0.52,8,14,0.571,14,17,0.824,10,26,36,25,22.0,10,6,7,17,15,100,8.0,1,1,1,1,3,20,71,9,10,74,3,68,80,14,54,71,73,22,91,25,19,65,26,88,24,23,1.0
2012-13,1610612750,MIN,Minnesota Timberwolves,0021200757,2013-02-10T00:00:00,MIN @ MEM,L,48.0,34,69,0.493,4,16,0.25,16,25,0.64,10,23,33,24,20.0,7,2,4,20,24,88,-17.0,1,41,41,41,3,52,83,19,65,58,61,50,46,82,54,85,84,29,82,57,77,25,61,35,69,87,0.0
2012-13,1610612750,MIN,Minnesota Timberwolves,0021200745,2013-02-08T00:00:00,MIN vs. NYK,L,48.0,37,80,0.463,1,13,0.077,19,27,0.704,12,29,41,19,10.0,6,2,6,18,19,94,-6.0,1,41,41,41,3,30,55,30,91,83,93,40,35,60,41,47,48,61,3,68,77,50,37,71,47,55,1.0
2012-13,1610612750,MIN,Minnesota Timberwolves,0021200731,2013-02-06T00:00:00,MIN vs. SAS,L,48.0,33,81,0.407,8,18,0.444,20,23,0.87,12,37,49,16,16.0,7,5,5,19,22,94,-10.0,1,41,41,41,3,59,50,69,10,39,13,32,51,7,41,14,16,85,53,57,30,39,53,50,47,68,0.0
2012-13,1610612750,MIN,Minnesota Timberwolves,0021200713,2013-02-04T00:00:00,MIN vs. POR,L,48.0,40,85,0.471,3,13,0.231,15,19,0.789,10,19,29,23,13.0,13,2,8,20,24,98,-2.0,1,41,41,41,3,17,27,27,75,83,71,62,65,28,54,94,92,31,25,7,77,71,61,35,31,44,1.0
2012-13,1610612750,MIN,Minnesota Timberwolves,0021200700,2013-02-02T00:00:00,MIN vs. NOH,W,48.0,45,77,0.584,5,15,0.333,20,29,0.69,15,29,44,30,18.0,12,5,4,27,25,115,29.0,1,1,1,1,3,2,63,1,45,65,34,32,30,68,19,47,39,2,73,11,30,25,92,29,3,3,1.0
2012-13,1610612750,MIN,Minnesota Timberwolves,0021200695,2013-02-01T00:00:00,MIN vs. LAL,L,48.0,41,89,0.461,10,22,0.455,8,18,0.444,8,32,40,23,13.0,8,4,6,18,14,100,-11.0,1,41,41,41,3,11,10,34,5,13,11,90,71,93,71,32,55,31,25,45,42,50,37,93,24,70,1.0
2012-13,1610612750,MIN,Minnesota Timberwolves,0021200677,2013-01-30T00:00:00,MIN vs. LAC,L,48.0,33,76,0.434,5,19,0.263,19,27,0.704,8,30,38,20,13.0,9,3,4,25,18,90,-6.0,1,41,41,41,3,59,67,54,45,27,56,40,35,60,71,42,64,55,25,34,60,25,86,81,65,55,1.0
2012-13,1610612750,MIN,Minnesota Timberwolves,0021200645,2013-01-26T00:00:00,MIN @ CHA,L,48.0,37,77,0.481,10,20,0.5,17,23,0.739,7,23,30,23,17.0,8,4,10,24,22,101,-1.0,1,41,41,41,3,30,63,24,5,20,7,47,51,49,80,85,90,31,63,45,42,84,82,50,20,41,1.0
2012-13,1610612750,MIN,Minnesota Timberwolves,0021200632,2013-01-25T00:00:00,MIN @ WAS,L,48.0,39,88,0.443,3,14,0.214,20,33,0.606,22,26,48,27,17.0,8,2,8,20,27,101,-13.0,1,41,41,41,3,20,14,47,75,74,76,32,17,88,1,71,20,12,63,45,77,71,61,15,20,75,1.0
2012-13,1610612750,MIN,Minnesota Timberwolves,0021200623,2013-01-23T00:00:00,MIN vs. BKN,L,48.0,38,83,0.458,3,15,0.2,4,6,0.667,6,31,37,25,13.0,7,7,4,17,16,83,-8.0,1,41,41,41,3,25,41,36,75,65,80,94,94,76,86,36,71,22,25,57,13,25,26,85,82,62,1.0
2012-13,1610612750,MIN,Minnesota Timberwolves,0021200608,2013-01-21T00:00:00,MIN @ ATL,L,48.0,36,74,0.486,5,14,0.357,19,26,0.731,10,20,30,24,20.0,12,6,5,21,23,96,-8.0,1,41,41,41,3,40,74,20,45,74,28,40,42,54,54,92,90,29,82,11,19,39,66,43,40,62,1.0
2012-13,1610612750,MIN,Minnesota Timberwolves,0021200597,2013-01-19T00:00:00,MIN vs. HOU,W,48.0,30,64,0.469,3,14,0.214,29,36,0.806,9,28,37,14,15.0,4,4,2,19,29,92,13.0,1,1,1,1,3,79,89,28,75,74,76,8,11,20,65,55,71,91,42,85,42,3,53,7,57,12,1.0
2012-13,1610612750,MIN,Minnesota Timberwolves,0021200581,2013-01-17T00:00:00,MIN vs. LAC,L,48.0,30,84,0.357,4,19,0.211,13,20,0.65,13,28,41,19,14.0,9,5,5,17,20,77,-13.0,1,41,41,41,3,79,33,89,65,27,78,75,60,81,30,55,48,61,35,34,30,39,26,64,91,75,1.0
2012-13,1610612750,MIN,Minnesota Timberwolves,0021200560,2013-01-14T00:00:00,MIN @ DAL,L,48.0,35,85,0.412,6,20,0.3,22,29,0.759,20,26,46,19,15.0,4,2,1,15,23,98,-15.0,1,41,41,41,3,46,27,66,27,20,45,25,30,42,3,71,26,61,42,85,77,2,17,43,31,78,1.0
2012-13,1610612750,MIN,Minnesota Timberwolves,0021200552,2013-01-13T00:00:00,MIN @ SAS,L,48.0,33,89,0.371,4,16,0.25,18,23,0.783,14,24,38,23,16.0,12,5,13,10,19,88,-18.0,1,41,41,41,3,59,10,85,65,58,61,46,51,33,24,83,64,31,53,11,30,92,2,71,69,88,1.0
2012-13,1610612750,MIN,Minnesota Timberwolves,0021200536,2013-01-11T00:00:00,MIN @ NOH,L,48.0,31,69,0.449,4,18,0.222,26,33,0.788,6,25,31,20,14.0,7,4,3,13,26,92,-12.0,1,41,41,41,3,73,83,41,65,39,74,13,17,30,86,77,87,55,35,57,42,14,8,17,57,74,1.0
2012-13,1610612750,MIN,Minnesota Timberwolves,0021200523,2013-01-09T00:00:00,MIN @ OKC,L,48.0,31,72,0.431,3,12,0.25,19,24,0.792,11,27,38,21,19.0,8,4,7,18,25,84,-22.0,1,41,41,41,3,73,77,57,75,89,61,40,50,27,48,64,64,48,78,45,42,65,37,29,78,90,1.0
2012-13,1610612750,MIN,Minnesota Timberwolves,0021200515,2013-01-08T00:00:00,MIN vs. ATL,W,48.0,40,87,0.46,8,15,0.533,20,26,0.769,13,30,43,29,10.0,9,3,6,16,23,108,5.0,1,1,1,1,3,17,19,35,10,65,5,32,42,39,30,42,43,6,3,34,60,50,22,43,10,34,1.0
2012-13,1610612750,MIN,Minnesota Timberwolves,0021200494,2013-01-05T00:00:00,MIN vs. POR,L,48.0,38,91,0.418,5,16,0.313,16,18,0.889,19,33,52,22,13.0,6,8,8,13,22,97,-5.0,1,41,41,41,3,25,5,64,45,58,43,50,71,4,4,25,6,45,25,68,9,71,8,50,35,53,1.0
2012-13,1610612750,MIN,Minnesota Timberwolves,0021200477,2013-01-03T00:00:00,MIN @ DEN,W,48.0,37,83,0.446,6,16,0.375,21,30,0.7,17,35,52,21,15.0,2,3,11,17,26,101,4.0,1,1,1,1,3,30,41,44,27,58,24,30,25,63,7,19,6,48,42,93,60,87,26,17,20,36,1.0
2012-13,1610612750,MIN,Minnesota Timberwolves,0021200473,2013-01-02T00:00:00,MIN @ UTA,L,48.0,29,84,0.345,2,17,0.118,24,30,0.8,16,25,41,17,12.0,6,12,12,18,26,84,-22.0,1,41,41,41,3,85,33,90,84,48,87,19,25,21,16,77,48,82,18,68,2,90,37,17,78,90,1.0
2012-13,1610612750,MIN,Minnesota Timberwolves,0021200444,2012-12-29T00:00:00,MIN vs. PHX,W,48.0,45,89,0.506,5,18,0.278,16,26,0.615,11,40,51,27,10.0,2,3,5,14,23,111,4.0,1,1,1,1,3,2,10,13,45,39,50,50,42,85,48,3,10,12,3,93,60,39,11,43,7,36,0.0
2012-13,1610612750,MIN,Minnesota Timberwolves,0021200417,2012-12-26T00:00:00,MIN vs. HOU,L,48.0,32,84,0.381,7,28,0.25,13,17,0.765,12,38,50,18,14.0,10,4,2,12,19,84,-3.0,1,41,41,41,3,66,33,81,18,2,61,75,80,40,41,11,14,74,35,25,42,3,5,71,78,47,1.0
2012-13,1610612750,MIN,Minnesota Timberwolves,0021200400,2012-12-23T00:00:00,MIN @ NYK,L,48.0,34,84,0.405,7,22,0.318,16,18,0.889,13,34,47,20,17.0,5,2,2,22,20,91,-3.0,1,41,41,41,3,52,33,72,18,13,40,50,71,4,30,23,22,55,63,81,77,3,73,64,61,47,1.0
2012-13,1610612750,MIN,Minnesota Timberwolves,0021200377,2012-12-20T00:00:00,MIN vs. OKC,W,48.0,37,84,0.44,9,20,0.45,16,23,0.696,12,33,45,27,15.0,6,6,6,19,24,99,6.0,1,1,1,1,3,30,33,48,8,20,12,50,51,65,41,25,32,12,42,68,19,50,53,35,29,31,1.0
2012-13,1610612750,MIN,Minnesota Timberwolves,0021200359,2012-12-18T00:00:00,MIN @ MIA,L,48.0,37,86,0.43,4,17,0.235,14,19,0.737,18,35,53,18,20.0,5,1,14,21,18,92,-11.0,1,41,41,41,3,30,24,59,65,48,69,68,65,50,6,19,2,74,82,81,92,93,66,81,57,70,1.0
2012-13,1610612750,MIN,Minnesota Timberwolves,0021200350,2012-12-17T00:00:00,MIN @ ORL,L,48.0,39,96,0.406,7,25,0.28,8,12,0.667,15,28,43,25,17.0,7,2,3,15,22,93,-9.0,1,41,41,41,3,20,3,70,18,6,49,90,92,76,19,55,43,22,63,57,77,14,17,50,54,67,1.0
2012-13,1610612750,MIN,Minnesota Timberwolves,0021200342,2012-12-15T00:00:00,MIN vs. DAL,W,53.0,41,94,0.436,6,23,0.261,26,32,0.813,17,31,48,28,16.0,15,5,8,18,29,114,8.0,1,1,1,1,1,11,4,52,27,11,59,13,19,16,7,36,20,9,53,3,30,71,37,7,4,23,1.0
2012-13,1610612750,MIN,Minnesota Timberwolves,0021200331,2012-12-14T00:00:00,MIN @ NOH,W,48.0,47,88,0.534,7,17,0.412,12,17,0.706,14,26,40,29,13.0,9,3,6,12,16,113,11.0,1,1,1,1,3,1,14,4,18,48,18,82,80,59,24,71,55,6,25,34,60,50,5,85,6,17,1.0
2012-13,1610612750,MIN,Minnesota Timberwolves,0021200319,2012-12-12T00:00:00,MIN vs. DEN,W,48.0,38,87,0.437,2,14,0.143,30,37,0.811,17,27,44,25,15.0,11,6,5,22,30,108,3.0,1,1,1,1,3,25,19,51,84,74,86,5,8,19,7,64,39,22,42,17,19,39,73,3,10,38,1.0
2012-13,1610612750,MIN,Minnesota Timberwolves,0021200276,2012-12-07T00:00:00,MIN vs. CLE,W,48.0,30,70,0.429,4,19,0.211,27,35,0.771,13,40,53,18,21.0,13,8,2,17,24,91,18.0,1,1,1,1,3,79,78,60,65,27,78,11,14,37,30,3,2,74,89,7,9,3,26,35,61,8,1.0
2012-13,1610612750,MIN,Minnesota Timberwolves,0021200259,2012-12-05T00:00:00,MIN @ BOS,L,48.0,37,84,0.44,6,19,0.316,14,30,0.467,13,28,41,19,13.0,11,3,6,19,24,94,-10.0,1,41,41,41,3,30,33,48,27,27,41,68,25,92,30,55,48,61,25,17,60,50,53,35,47,68,1.0
2012-13,1610612750,MIN,Minnesota Timberwolves,0021200251,2012-12-04T00:00:00,MIN @ PHI,W,48.0,41,77,0.532,13,25,0.52,10,17,0.588,7,40,47,28,16.0,6,2,2,18,15,105,17.0,1,1,1,1,3,11,63,5,2,6,6,88,80,90,80,3,22,9,53,68,77,3,37,88,17,9,1.0
2012-13,1610612750,MIN,Minnesota Timberwolves,0021200230,2012-11-30T00:00:00,MIN vs. MIL,W,48.0,34,87,0.391,8,19,0.421,19,27,0.704,16,40,56,15,16.0,6,6,14,13,24,95,10.0,1,1,1,1,3,52,19,74,10,27,16,40,35,60,16,3,1,88,53,68,19,93,8,35,42,19,1.0
2012-13,1610612750,MIN,Minnesota Timberwolves,0021200219,2012-11-28T00:00:00,MIN @ LAC,L,48.0,31,82,0.378,6,22,0.273,27,35,0.771,21,31,52,18,20.0,5,6,6,25,25,95,-6.0,1,41,41,41,3,73,48,82,27,13,53,11,14,37,2,36,6,74,82,81,19,50,86,29,42,55,1.0
2012-13,1610612750,MIN,Minnesota Timberwolves,0021200207,2012-11-27T00:00:00,MIN @ SAC,W,48.0,38,83,0.458,6,22,0.273,15,18,0.833,12,39,51,25,17.0,8,8,6,16,19,97,8.0,1,1,1,1,3,25,41,36,27,13,53,62,71,11,41,9,10,22,63,45,9,50,22,71,35,23,1.0
2012-13,1610612750,MIN,Minnesota Timberwolves,0021200190,2012-11-24T00:00:00,MIN @ GSW,L,48.0,33,86,0.384,5,27,0.185,14,19,0.737,11,28,39,25,11.0,8,3,3,24,25,85,-11.0,1,41,41,41,3,59,24,78,45,4,82,68,65,50,48,55,62,22,11,45,60,14,82,29,77,70,1.0
2012-13,1610612750,MIN,Minnesota Timberwolves,0021200182,2012-11-23T00:00:00,MIN @ POR,L,48.0,32,78,0.41,3,18,0.167,28,37,0.757,17,30,47,15,14.0,10,2,6,21,26,95,-8.0,1,41,41,41,3,66,60,67,75,39,83,10,8,43,7,42,22,88,35,25,77,50,66,17,42,62,1.0
2012-13,1610612750,MIN,Minnesota Timberwolves,0021200166,2012-11-21T00:00:00,MIN vs. DEN,L,48.0,34,89,0.382,10,28,0.357,16,25,0.64,17,28,45,19,15.0,11,4,8,21,24,94,-7.0,1,41,41,41,3,52,10,80,5,2,28,50,46,82,7,55,32,61,42,17,42,71,66,35,47,58,1.0
2012-13,1610612750,MIN,Minnesota Timberwolves,0021200126,2012-11-16T00:00:00,MIN vs. GSW,L,48.0,34,79,0.43,7,18,0.389,23,29,0.793,11,23,34,19,12.0,6,12,5,23,26,98,-8.0,1,41,41,41,3,52,57,58,18,39,21,22,30,25,48,85,81,61,18,68,2,39,78,17,31,62,1.0
2012-13,1610612750,MIN,Minnesota Timberwolves,0021200114,2012-11-14T00:00:00,MIN vs. CHA,L,48.0,31,81,0.383,5,19,0.263,20,37,0.541,19,34,53,20,17.0,7,11,12,14,26,87,-2.0,1,41,41,41,3,73,50,79,45,27,56,32,8,91,4,23,2,55,63,57,4,90,11,17,72,44,1.0
2012-13,1610612750,MIN,Minnesota Timberwolves,0021200100,2012-11-12T00:00:00,MIN @ DAL,W,48.0,30,65,0.462,4,15,0.267,26,32,0.813,7,42,49,20,18.0,8,7,2,22,20,90,8.0,1,1,1,1,3,79,88,31,65,65,55,13,19,16,80,1,16,55,73,45,13,3,73,64,65,23,1.0
2012-13,1610612750,MIN,Minnesota Timberwolves,0021200084,2012-11-10T00:00:00,MIN @ CHI,L,48.0,33,85,0.388,3,13,0.231,11,15,0.733,13,27,40,23,11.0,7,3,9,20,19,80,-7.0,1,41,41,41,3,59,27,77,75,83,71,85,87,52,30,64,55,31,11,57,60,80,61,71,87,58,1.0
2012-13,1610612750,MIN,Minnesota Timberwolves,0021200076,2012-11-09T00:00:00,MIN vs. IND,W,48.0,35,70,0.5,2,9,0.222,24,28,0.857,5,29,34,23,16.0,7,5,4,16,21,96,2.0,1,1,1,1,3,46,78,14,84,94,74,19,34,10,92,47,81,31,53,57,30,25,22,59,40,39,0.0
2012-13,1610612750,MIN,Minnesota Timberwolves,0021200060,2012-11-07T00:00:00,MIN vs. ORL,W,48.0,34,76,0.447,7,20,0.35,15,22,0.682,13,33,46,22,20.0,11,9,7,18,22,90,15.0,1,1,1,1,3,52,67,43,18,20,32,62,57,72,30,25,26,45,82,17,8,65,37,50,65,10,1.0
2012-13,1610612750,MIN,Minnesota Timberwolves,0021200043,2012-11-05T00:00:00,MIN @ BKN,W,48.0,44,88,0.5,7,20,0.35,12,15,0.8,16,29,45,30,11.0,9,7,4,18,17,107,11.0,1,1,1,1,3,5,14,14,18,20,32,82,87,21,16,47,32,2,11,34,13,25,37,84,13,17,1.0
2012-13,1610612750,MIN,Minnesota Timberwolves,0021200038,2012-11-04T00:00:00,MIN @ TOR,L,48.0,29,64,0.453,6,16,0.375,22,31,0.71,8,28,36,18,24.0,8,8,3,17,24,86,-19.0,1,41,41,41,3,85,89,40,27,58,24,25,21,57,71,55,73,74,94,45,9,14,26,35,74,89,1.0
2012-13,1610612750,MIN,Minnesota Timberwolves,0021200023,2012-11-02T00:00:00,MIN vs. SAC,W,48.0,32,87,0.368,2,17,0.118,26,36,0.722,17,36,53,17,11.0,4,10,4,17,34,92,12.0,1,1,1,1,3,66,19,86,84,48,87,13,11,55,7,18,2,82,11,85,6,25,26,2,57,15,1.0
2012-13,1610612750,MIN,Minnesota Timberwolves,0011200112,2012-10-26T00:00:00,MIN @ MIL,W,48.0,36,70,0.514,6,14,0.429,22,31,0.71,7,37,44,26,18.0,13,3,8,18,22,100,24.0,1,1,1,1,3,40,78,12,27,74,14,25,21,57,80,14,39,17,73,7,60,71,37,50,24,4,
2012-13,1610612750,MIN,Minnesota Timberwolves,0011200102,2012-10-24T00:00:00,MIN vs. DET,W,48.0,37,81,0.457,8,25,0.32,13,16,0.813,12,39,51,23,15.0,6,2,3,24,19,95,19.0,1,1,1,1,3,30,50,38,10,6,39,75,84,16,41,9,10,31,42,68,77,14,82,71,42,7,
2012-13,1610612750,MIN,Minnesota Timberwolves,0011200073,2012-10-19T00:00:00,MIN @ CHI,L,48.0,32,75,0.427,3,19,0.158,14,20,0.7,10,31,41,19,21.0,10,4,8,24,20,81,-11.0,1,41,41,41,3,66,71,61,75,27,85,68,60,63,54,36,48,61,89,25,42,71,82,64,85,70,
2012-13,1610612750,MIN,Minnesota Timberwolves,0011200056,2012-10-16T00:00:00,MIN vs. MAC,W,48.0,36,76,0.474,9,19,0.474,33,42,0.786,9,37,46,22,16.0,9,6,4,15,30,114,33.0,1,1,1,1,3,40,67,26,8,27,9,2,3,31,65,14,26,45,53,34,19,25,17,3,4,1,
2012-13,1610612750,MIN,Minnesota Timberwolves,0011200038,2012-10-13T00:00:00,MIN vs. CHI,W,48.0,22,67,0.328,4,16,0.25,34,51,0.667,15,31,46,11,19.0,11,4,7,30,39,82,7.0,1,1,1,1,3,94,85,94,65,58,61,1,1,76,19,36,26,93,78,17,42,65,94,1,84,29,
2012-13,1610612750,MIN,Minnesota Timberwolves,0011200031,2012-10-12T00:00:00,MIN @ IND,L,48.0,35,73,0.479,6,18,0.333,15,20,0.75,8,30,38,19,20.0,9,13,4,18,20,91,-5.0,1,41,41,41,3,46,76,25,27,39,34,62,60,44,71,42,64,61,82,34,1,25,37,64,61,53,
2012-13,1610612750,MIN,Minnesota Timberwolves,0011200020,2012-10-10T00:00:00,MIN vs. IND,W,48.0,30,74,0.405,4,17,0.235,20,30,0.667,13,29,42,17,19.0,13,4,4,22,27,84,14.0,1,1,1,1,3,79,74,71,65,48,69,32,25,76,30,47,45,82,78,7,42,25,73,15,78,11,
2012-13,1610612751,BKN,Brooklyn Nets,0041200137,2013-05-04T00:00:00,BKN vs. CHI,L,48.0,35,86,0.407,8,25,0.32,15,20,0.75,19,24,43,21,9.0,6,4,7,16,14,93,-6.0,1,57,57,57,9,51,19,75,32,18,61,65,74,43,6,86,41,37,5,66,50,76,20,97,61,67,1.0
2012-13,1610612751,BKN,Brooklyn Nets,0041200136,2013-05-02T00:00:00,BKN @ CHI,W,48.0,34,79,0.43,5,14,0.357,22,33,0.667,10,31,41,21,10.0,5,2,7,18,26,95,3.0,1,1,1,1,9,57,52,61,69,90,41,21,8,78,72,34,51,37,9,81,82,76,38,9,52,45,1.0
2012-13,1610612751,BKN,Brooklyn Nets,0041200135,2013-04-29T00:00:00,BKN vs. CHI,W,48.0,42,84,0.5,6,17,0.353,20,23,0.87,17,27,44,19,11.0,7,2,4,19,20,110,19.0,1,1,1,1,9,10,25,13,54,73,42,31,49,9,15,64,33,52,17,44,82,35,49,62,14,9,0.0
2012-13,1610612751,BKN,Brooklyn Nets,0041200134,2013-04-27T00:00:00,BKN @ CHI,L,63.0,48,97,0.495,9,24,0.375,29,45,0.644,12,35,47,23,20.0,7,10,7,27,35,134,-8.0,1,57,57,57,1,1,1,19,22,23,34,1,1,83,43,12,20,19,89,44,3,76,98,1,1,72,1.0
2012-13,1610612751,BKN,Brooklyn Nets,0041200133,2013-04-25T00:00:00,BKN @ CHI,L,48.0,28,81,0.346,5,21,0.238,15,17,0.882,7,35,42,15,11.0,5,11,3,19,15,76,-3.0,1,57,57,57,9,95,39,99,69,46,87,65,84,6,94,12,49,84,17,81,1,19,49,94,93,62,1.0
2012-13,1610612751,BKN,Brooklyn Nets,0041200132,2013-04-22T00:00:00,BKN vs. CHI,L,48.0,29,82,0.354,4,21,0.19,20,23,0.87,11,28,39,22,12.0,8,5,7,19,25,82,-8.0,1,57,57,57,9,88,33,97,87,46,94,31,49,9,59,56,67,27,24,29,40,76,49,14,89,72,1.0
2012-13,1610612751,BKN,Brooklyn Nets,0041200131,2013-04-20T00:00:00,BKN vs. CHI,W,48.0,43,77,0.558,6,14,0.429,14,17,0.824,6,33,39,18,8.0,6,5,5,21,17,106,17.0,1,1,1,1,9,6,60,2,54,90,18,76,84,21,99,20,67,64,3,66,40,49,70,84,23,12,1.0
2012-13,1610612751,BKN,Brooklyn Nets,0021201217,2013-04-17T00:00:00,BKN vs. DET,W,48.0,39,81,0.481,8,24,0.333,17,23,0.739,11,27,38,28,24.0,13,3,5,24,24,103,4.0,1,1,1,1,9,24,39,27,32,23,49,50,49,50,59,64,76,3,99,1,67,49,88,20,28,42,1.0
2012-13,1610612751,BKN,Brooklyn Nets,0021201205,2013-04-15T00:00:00,BKN vs. WAS,W,48.0,43,92,0.467,7,15,0.467,13,27,0.481,20,25,45,12,14.0,13,2,6,18,23,106,5.0,1,1,1,1,9,6,5,33,44,85,12,80,33,99,4,82,28,92,41,1,82,63,38,34,23,38,1.0
2012-13,1610612751,BKN,Brooklyn Nets,0021201195,2013-04-14T00:00:00,BKN @ TOR,L,48.0,34,84,0.405,8,30,0.267,11,19,0.579,10,28,38,23,7.0,8,5,1,20,19,87,-6.0,1,57,57,57,9,57,25,82,32,5,78,89,77,91,72,56,76,19,2,29,40,3,64,69,79,67,1.0
2012-13,1610612751,BKN,Brooklyn Nets,0021201178,2013-04-12T00:00:00,BKN @ IND,W,48.0,42,82,0.512,12,25,0.48,21,26,0.808,12,27,39,24,14.0,8,6,7,24,24,117,8.0,1,1,1,1,9,10,33,10,7,18,10,25,37,25,43,64,67,14,41,29,29,76,88,20,4,30,1.0
2012-13,1610612751,BKN,Brooklyn Nets,0021201168,2013-04-10T00:00:00,BKN @ BOS,W,48.0,34,74,0.459,8,19,0.421,25,28,0.893,9,30,39,19,14.0,8,3,2,21,21,101,8.0,1,1,1,1,9,57,79,40,32,64,22,6,28,4,82,41,67,52,41,29,67,8,70,50,33,30,1.0
2012-13,1610612751,BKN,Brooklyn Nets,0021201155,2013-04-09T00:00:00,BKN vs. PHI,W,48.0,42,93,0.452,5,20,0.25,15,23,0.652,24,43,67,16,10.0,7,7,2,16,17,104,21.0,1,1,1,1,9,10,3,47,69,57,84,65,49,82,1,1,1,79,9,44,17,8,20,84,27,3,1.0
2012-13,1610612751,BKN,Brooklyn Nets,0021201139,2013-04-06T00:00:00,BKN vs. CHA,W,48.0,39,80,0.488,5,21,0.238,22,30,0.733,11,29,40,17,9.0,8,7,6,17,24,105,9.0,1,1,1,1,9,24,47,22,69,46,87,21,20,54,59,46,60,71,5,29,17,63,30,20,26,28,1.0
2012-13,1610612751,BKN,Brooklyn Nets,0021201123,2013-04-04T00:00:00,BKN vs. CHI,L,48.0,31,70,0.443,5,13,0.385,23,30,0.767,7,23,30,17,16.0,8,3,4,19,28,90,-2.0,1,57,57,57,9,79,91,55,69,94,30,14,20,39,94,93,99,71,60,29,67,35,49,6,69,59,1.0
2012-13,1610612751,BKN,Brooklyn Nets,0021201114,2013-04-03T00:00:00,BKN @ CLE,W,48.0,43,76,0.566,10,21,0.476,17,22,0.773,8,36,44,31,19.0,6,4,4,20,17,113,18.0,1,1,1,1,9,6,64,1,14,46,11,50,61,34,90,11,33,1,81,66,50,35,64,84,7,10,1.0
2012-13,1610612751,BKN,Brooklyn Nets,0021201091,2013-03-30T00:00:00,BKN @ UTA,L,48.0,42,81,0.519,8,23,0.348,15,19,0.789,15,28,43,25,17.0,5,11,6,19,18,107,-9.0,1,57,57,57,9,10,39,8,32,32,44,65,77,29,24,56,41,12,71,81,1,63,49,76,19,76,1.0
2012-13,1610612751,BKN,Brooklyn Nets,0021201083,2013-03-29T00:00:00,BKN @ DEN,L,48.0,32,79,0.405,5,20,0.25,18,36,0.5,24,25,49,18,21.0,7,6,5,22,28,87,-22.0,1,57,57,57,9,75,52,80,69,57,84,44,5,97,1,82,14,64,95,44,29,49,81,6,79,95,1.0
2012-13,1610612751,BKN,Brooklyn Nets,0021201070,2013-03-27T00:00:00,BKN @ POR,W,48.0,46,95,0.484,5,20,0.25,14,25,0.56,19,35,54,24,10.0,8,1,5,20,23,111,18.0,1,1,1,1,9,2,2,25,69,57,84,76,40,93,6,12,4,14,9,29,94,49,64,34,12,10,0.0
2012-13,1610612751,BKN,Brooklyn Nets,0021201046,2013-03-24T00:00:00,BKN @ PHX,W,48.0,35,76,0.461,4,14,0.286,28,31,0.903,15,29,44,19,16.0,7,7,8,18,23,102,2.0,1,1,1,1,9,51,64,39,87,90,74,3,15,3,24,46,33,52,60,44,17,90,38,34,30,52,1.0
2012-13,1610612751,BKN,Brooklyn Nets,0021201038,2013-03-23T00:00:00,BKN @ LAC,L,48.0,34,74,0.459,9,25,0.36,18,24,0.75,10,23,33,27,15.0,9,2,6,21,23,95,-6.0,1,57,57,57,9,57,79,40,22,18,40,44,46,43,72,93,96,6,54,14,82,63,70,34,52,67,1.0
2012-13,1610612751,BKN,Brooklyn Nets,0021201015,2013-03-20T00:00:00,BKN @ DAL,W,48.0,45,89,0.506,7,21,0.333,16,21,0.762,13,32,45,21,10.0,6,2,3,15,20,113,17.0,1,1,1,1,9,3,12,12,44,46,49,61,68,41,38,26,28,37,9,66,82,19,14,62,7,12,1.0
2012-13,1610612751,BKN,Brooklyn Nets,0021200997,2013-03-18T00:00:00,BKN @ DET,W,48.0,45,83,0.542,9,21,0.429,20,23,0.87,13,28,41,21,10.0,9,8,4,17,21,119,37.0,1,1,1,1,9,3,28,5,22,46,18,31,49,9,38,56,51,37,9,14,11,35,30,50,2,2,1.0
2012-13,1610612751,BKN,Brooklyn Nets,0021200991,2013-03-17T00:00:00,BKN vs. ATL,L,48.0,36,86,0.419,8,23,0.348,13,16,0.813,17,33,50,17,16.0,7,1,5,14,20,93,-12.0,1,57,57,57,9,43,19,70,32,32,44,80,90,23,15,20,10,71,60,44,94,49,9,62,61,86,1.0
2012-13,1610612751,BKN,Brooklyn Nets,0021200951,2013-03-12T00:00:00,BKN vs. NOH,W,48.0,40,80,0.5,5,16,0.313,23,31,0.742,19,23,42,17,12.0,8,4,9,14,25,108,10.0,1,1,1,1,9,19,47,13,69,82,64,14,15,49,6,93,49,71,24,29,50,95,9,14,17,25,1.0
2012-13,1610612751,BKN,Brooklyn Nets,0021200943,2013-03-11T00:00:00,BKN @ PHI,L,48.0,40,81,0.494,6,19,0.316,11,16,0.688,11,29,40,28,11.0,3,3,4,19,15,97,-9.0,1,57,57,57,9,19,39,20,54,64,62,89,90,71,59,46,60,3,17,94,67,35,49,94,41,76,1.0
2012-13,1610612751,BKN,Brooklyn Nets,0021200927,2013-03-09T00:00:00,BKN @ ATL,W,48.0,36,83,0.434,6,23,0.261,15,22,0.682,9,34,43,20,9.0,12,6,2,15,20,93,13.0,1,1,1,1,9,43,28,60,54,32,80,65,61,75,82,17,41,45,5,4,29,8,14,62,61,17,1.0
2012-13,1610612751,BKN,Brooklyn Nets,0021200918,2013-03-08T00:00:00,BKN vs. WAS,W,48.0,32,81,0.395,12,27,0.444,19,33,0.576,18,43,61,14,19.0,4,2,8,19,28,95,17.0,1,1,1,1,9,75,39,86,7,10,16,38,8,92,9,1,2,87,81,91,82,90,49,6,52,12,1.0
2012-13,1610612751,BKN,Brooklyn Nets,0021200899,2013-03-06T00:00:00,BKN @ CHA,W,48.0,34,67,0.507,13,27,0.481,18,22,0.818,6,43,49,23,25.0,7,10,3,16,21,99,21.0,1,1,1,1,9,57,95,11,4,10,9,44,61,22,99,1,14,19,100,44,3,19,20,50,35,3,1.0
2012-13,1610612751,BKN,Brooklyn Nets,0021200877,2013-03-02T00:00:00,BKN @ CHI,L,48.0,32,72,0.444,5,15,0.333,16,23,0.696,8,26,34,19,21.0,12,4,7,20,24,85,-11.0,1,57,57,57,9,75,88,54,69,85,49,61,49,69,90,78,93,52,95,4,50,76,64,20,85,84,1.0
2012-13,1610612751,BKN,Brooklyn Nets,0021200870,2013-03-01T00:00:00,BKN vs. DAL,L,48.0,36,78,0.462,7,23,0.304,11,14,0.786,9,35,44,18,20.0,8,1,6,16,18,90,-8.0,1,57,57,57,9,43,55,36,44,32,65,89,95,31,82,12,33,64,89,29,94,63,20,76,69,72,1.0
2012-13,1610612751,BKN,Brooklyn Nets,0021200847,2013-02-26T00:00:00,BKN @ NOH,W,48.0,37,76,0.487,12,20,0.6,15,18,0.833,12,29,41,28,14.0,3,9,8,14,22,101,4.0,1,1,1,1,9,34,64,23,7,57,1,65,82,18,43,46,51,3,41,94,8,90,9,43,33,42,1.0
2012-13,1610612751,BKN,Brooklyn Nets,0021200831,2013-02-24T00:00:00,BKN vs. MEM,L,48.0,29,77,0.377,9,21,0.429,5,13,0.385,17,27,44,18,18.0,7,4,11,14,19,72,-4.0,1,57,57,57,9,88,60,92,22,46,18,100,96,100,15,64,33,64,74,44,50,100,9,69,99,64,1.0
2012-13,1610612751,BKN,Brooklyn Nets,0021200815,2013-02-22T00:00:00,BKN vs. HOU,L,48.0,40,91,0.44,10,30,0.333,6,11,0.545,14,27,41,24,14.0,9,5,4,19,22,96,-10.0,1,57,57,57,9,19,7,59,14,5,49,98,99,95,32,64,51,14,41,14,40,35,49,43,48,82,1.0
2012-13,1610612751,BKN,Brooklyn Nets,0021200803,2013-02-20T00:00:00,BKN @ MIL,W,48.0,34,85,0.4,9,26,0.346,20,26,0.769,9,34,43,23,12.0,10,6,9,23,24,97,3.0,1,1,1,1,9,57,22,85,22,14,47,31,37,37,82,17,41,19,24,10,29,95,86,20,41,45,1.0
2012-13,1610612751,BKN,Brooklyn Nets,0021200791,2013-02-19T00:00:00,BKN vs. MIL,W,53.0,43,91,0.473,10,19,0.526,17,23,0.739,17,32,49,25,16.0,6,4,10,17,21,113,2.0,1,1,1,1,4,6,7,31,14,64,6,50,49,50,15,26,14,12,60,66,50,98,30,50,7,52,1.0
2012-13,1610612751,BKN,Brooklyn Nets,0021200779,2013-02-13T00:00:00,BKN vs. DEN,W,48.0,41,75,0.547,16,27,0.593,21,30,0.7,11,26,37,29,13.0,5,3,5,21,24,119,11.0,1,1,1,1,9,16,72,3,1,10,2,25,20,65,59,78,83,2,35,81,67,49,70,20,2,23,1.0
2012-13,1610612751,BKN,Brooklyn Nets,0021200764,2013-02-11T00:00:00,BKN @ IND,W,53.0,31,80,0.388,4,12,0.333,23,32,0.719,11,41,52,9,12.0,6,6,7,21,26,89,5.0,1,1,1,1,4,79,47,87,87,97,49,14,11,58,59,6,6,99,24,66,29,76,70,9,74,38,1.0
2012-13,1610612751,BKN,Brooklyn Nets,0021200758,2013-02-10T00:00:00,BKN vs. SAS,L,48.0,34,72,0.472,6,19,0.316,12,17,0.706,12,27,39,12,18.0,2,4,3,17,14,86,-25.0,1,57,57,57,9,57,88,32,54,64,62,87,84,64,43,64,67,92,74,100,50,19,30,97,81,97,1.0
2012-13,1610612751,BKN,Brooklyn Nets,0021200735,2013-02-08T00:00:00,BKN @ WAS,L,48.0,25,76,0.329,5,18,0.278,19,32,0.594,10,37,47,17,15.0,9,5,4,14,25,74,-15.0,1,57,57,57,9,98,64,100,69,70,77,38,11,88,72,8,20,71,54,14,40,35,9,14,95,91,1.0
2012-13,1610612751,BKN,Brooklyn Nets,0021200727,2013-02-06T00:00:00,BKN @ DET,W,48.0,34,82,0.415,6,16,0.375,19,25,0.76,15,31,46,22,14.0,6,5,7,19,29,93,3.0,1,1,1,1,9,57,33,71,54,82,34,38,40,42,24,34,25,27,41,66,40,76,49,4,61,45,1.0
2012-13,1610612751,BKN,Brooklyn Nets,0021200716,2013-02-05T00:00:00,BKN vs. LAL,L,48.0,31,89,0.348,6,23,0.261,15,19,0.789,20,32,52,16,17.0,7,5,5,18,18,83,-9.0,1,57,57,57,9,79,12,98,54,32,80,65,77,29,4,26,6,79,71,44,40,49,38,76,88,76,1.0
2012-13,1610612751,BKN,Brooklyn Nets,0021200687,2013-02-01T00:00:00,BKN vs. CHI,W,48.0,39,75,0.52,5,11,0.455,10,20,0.5,11,29,40,19,18.0,7,4,3,18,17,93,4.0,1,1,1,1,9,24,72,7,69,98,14,95,74,97,59,46,60,52,74,44,50,19,38,84,61,42,1.0
2012-13,1610612751,BKN,Brooklyn Nets,0021200675,2013-01-30T00:00:00,BKN vs. MIA,L,48.0,31,69,0.449,5,17,0.294,18,24,0.75,10,24,34,20,19.0,7,6,3,13,20,85,-20.0,1,57,57,57,9,79,93,50,69,73,68,44,46,43,72,86,93,45,81,44,29,19,4,62,85,94,1.0
2012-13,1610612751,BKN,Brooklyn Nets,0021200662,2013-01-28T00:00:00,BKN vs. ORL,W,48.0,37,74,0.5,13,29,0.448,10,12,0.833,12,33,45,23,20.0,8,3,5,13,12,97,20.0,1,1,1,1,9,34,79,13,4,7,15,95,98,18,43,20,28,19,89,29,67,49,4,99,41,5,1.0
2012-13,1610612751,BKN,Brooklyn Nets,0021200646,2013-01-26T00:00:00,BKN @ HOU,L,48.0,36,80,0.45,16,36,0.444,18,21,0.857,7,24,31,21,10.0,7,10,3,20,18,106,-13.0,1,57,57,57,9,43,47,49,1,1,16,44,68,14,94,86,98,37,9,44,3,19,64,76,23,87,1.0
2012-13,1610612751,BKN,Brooklyn Nets,0021200637,2013-01-25T00:00:00,BKN @ MEM,L,48.0,29,71,0.408,3,17,0.176,16,25,0.64,9,28,37,16,14.0,6,8,3,11,21,77,-24.0,1,57,57,57,9,88,90,73,95,73,97,61,40,84,82,56,83,79,41,66,11,19,1,50,92,96,1.0
2012-13,1610612751,BKN,Brooklyn Nets,0021200623,2013-01-23T00:00:00,BKN @ MIN,W,48.0,37,84,0.44,6,20,0.3,11,16,0.688,14,31,45,19,15.0,9,4,7,16,17,91,8.0,1,1,1,1,9,34,25,57,54,57,67,89,90,71,32,34,28,52,54,14,50,76,20,84,68,30,1.0
2012-13,1610612751,BKN,Brooklyn Nets,0021200609,2013-01-21T00:00:00,BKN @ NYK,W,48.0,31,74,0.419,12,24,0.5,14,20,0.7,12,40,52,23,19.0,3,4,2,22,20,88,3.0,1,1,1,1,9,79,79,69,7,23,8,76,74,65,43,7,6,19,81,94,50,8,81,62,76,45,1.0
2012-13,1610612751,BKN,Brooklyn Nets,0021200588,2013-01-18T00:00:00,BKN vs. ATL,W,48.0,30,74,0.405,9,26,0.346,25,38,0.658,11,37,48,18,18.0,8,2,3,22,26,94,5.0,1,1,1,1,9,84,79,79,22,14,47,6,3,80,59,8,17,64,74,29,82,19,81,9,59,38,1.0
2012-13,1610612751,BKN,Brooklyn Nets,0021200572,2013-01-16T00:00:00,BKN @ ATL,L,48.0,37,87,0.425,4,26,0.154,17,17,1.0,18,19,37,17,14.0,9,2,2,19,18,95,-14.0,1,57,57,57,9,34,16,65,87,14,99,50,84,1,9,99,83,71,41,14,82,8,49,76,52,89,1.0
2012-13,1610612751,BKN,Brooklyn Nets,0021200566,2013-01-15T00:00:00,BKN vs. TOR,W,48.0,40,81,0.494,8,21,0.381,25,28,0.893,10,24,34,22,6.0,9,4,1,21,21,113,7.0,1,1,1,1,9,19,39,20,32,46,33,6,28,4,72,86,93,27,1,14,50,3,70,50,7,34,1.0
2012-13,1610612751,BKN,Brooklyn Nets,0021200551,2013-01-13T00:00:00,BKN vs. IND,W,48.0,33,81,0.407,6,14,0.429,25,31,0.806,16,31,47,19,12.0,4,3,9,15,21,97,11.0,1,1,1,1,9,70,39,74,54,90,18,6,15,26,21,34,20,52,24,91,67,95,14,50,41,23,1.0
2012-13,1610612751,BKN,Brooklyn Nets,0021200532,2013-01-11T00:00:00,BKN vs. PHX,W,48.0,34,75,0.453,6,13,0.462,25,32,0.781,13,31,44,12,12.0,10,2,5,15,30,99,20.0,1,1,1,1,9,57,72,45,54,94,13,6,11,33,38,34,33,92,24,10,82,49,14,3,35,5,1.0
2012-13,1610612751,BKN,Brooklyn Nets,0021200511,2013-01-08T00:00:00,BKN @ PHI,W,48.0,40,83,0.482,10,24,0.417,19,22,0.864,15,35,50,27,16.0,9,2,3,15,16,109,20.0,1,1,1,1,9,19,28,26,14,23,23,38,61,12,24,12,10,6,60,14,82,19,14,91,16,5,1.0
2012-13,1610612751,BKN,Brooklyn Nets,0021200492,2013-01-05T00:00:00,BKN vs. SAC,W,48.0,44,85,0.518,7,24,0.292,18,21,0.857,21,30,51,26,12.0,3,10,10,19,16,113,20.0,1,1,1,1,9,5,22,9,44,23,72,44,68,14,3,41,9,9,24,94,3,98,49,91,7,5,1.0
2012-13,1610612751,BKN,Brooklyn Nets,0021200479,2013-01-04T00:00:00,BKN @ WAS,W,58.0,41,89,0.461,8,24,0.333,25,36,0.694,12,42,54,22,21.0,8,7,4,28,26,115,2.0,1,1,1,1,2,16,12,38,32,23,49,6,5,70,43,5,4,27,95,29,17,35,99,9,5,52,1.0
2012-13,1610612751,BKN,Brooklyn Nets,0021200472,2013-01-02T00:00:00,BKN @ OKC,W,48.0,38,76,0.5,9,17,0.529,25,29,0.862,10,28,38,22,13.0,11,3,8,13,23,110,17.0,1,1,1,1,9,30,64,13,22,73,5,6,24,13,72,56,76,27,35,8,67,90,4,34,14,12,1.0
2012-13,1610612751,BKN,Brooklyn Nets,0021200457,2012-12-31T00:00:00,BKN @ SAS,L,48.0,28,74,0.378,4,17,0.235,13,17,0.765,10,25,35,14,18.0,9,4,6,18,16,73,-31.0,1,57,57,57,9,95,79,91,87,73,89,80,84,40,72,82,90,87,74,14,50,63,38,91,96,100,1.0
2012-13,1610612751,BKN,Brooklyn Nets,0021200440,2012-12-29T00:00:00,BKN vs. CLE,W,48.0,35,75,0.467,4,15,0.267,29,39,0.744,12,27,39,15,14.0,12,4,2,16,24,103,3.0,1,1,1,1,9,51,72,34,87,85,78,1,2,47,43,64,67,84,41,4,50,8,20,20,28,45,1.0
2012-13,1610612751,BKN,Brooklyn Nets,0021200427,2012-12-28T00:00:00,BKN vs. CHA,W,48.0,34,76,0.447,9,27,0.333,20,26,0.769,12,31,43,19,14.0,7,7,0,24,23,97,16.0,1,1,1,1,9,57,64,52,22,10,49,31,37,37,43,34,41,52,41,44,17,1,88,34,41,16,1.0
2012-13,1610612751,BKN,Brooklyn Nets,0021200415,2012-12-26T00:00:00,BKN @ MIL,L,48.0,34,88,0.386,4,21,0.19,21,24,0.875,15,28,43,17,16.0,9,7,5,18,20,93,-15.0,1,57,57,57,9,57,15,90,87,46,94,25,46,8,24,56,41,71,60,14,17,49,38,62,61,91,1.0
2012-13,1610612751,BKN,Brooklyn Nets,0021200405,2012-12-25T00:00:00,BKN vs. BOS,L,48.0,26,64,0.406,7,20,0.35,17,29,0.586,11,25,36,14,20.0,6,5,4,22,25,76,-17.0,1,57,57,57,9,97,98,78,44,57,43,50,24,90,59,82,88,87,89,66,40,35,81,14,93,93,1.0
2012-13,1610612751,BKN,Brooklyn Nets,0021200399,2012-12-23T00:00:00,BKN vs. PHI,W,48.0,33,74,0.446,8,22,0.364,21,30,0.7,11,32,43,18,9.0,7,3,2,11,22,95,3.0,1,1,1,1,9,70,79,53,32,43,38,25,20,65,59,26,41,64,5,44,67,8,1,43,52,45,1.0
2012-13,1610612751,BKN,Brooklyn Nets,0021200367,2012-12-19T00:00:00,BKN @ NYK,L,48.0,35,78,0.449,10,25,0.4,6,9,0.667,10,28,38,19,14.0,3,2,5,16,11,86,-14.0,1,57,57,57,9,51,55,51,14,18,27,98,100,78,72,56,76,52,41,94,82,49,20,100,81,89,1.0
2012-13,1610612751,BKN,Brooklyn Nets,0021200358,2012-12-18T00:00:00,BKN vs. UTA,L,48.0,33,77,0.429,7,17,0.412,17,22,0.773,12,26,38,16,14.0,8,3,8,19,24,90,-2.0,1,57,57,57,9,70,60,62,44,73,25,50,61,34,43,78,76,79,41,29,67,90,49,20,69,59,1.0
2012-13,1610612751,BKN,Brooklyn Nets,0021200341,2012-12-15T00:00:00,BKN @ CHI,L,48.0,29,75,0.387,7,19,0.368,17,22,0.773,14,27,41,15,18.0,9,8,6,18,17,82,-1.0,1,57,57,57,9,88,72,89,44,64,37,50,61,34,32,64,51,84,74,14,11,63,38,84,89,57,1.0
2012-13,1610612751,BKN,Brooklyn Nets,0021200328,2012-12-14T00:00:00,BKN vs. DET,W,58.0,42,93,0.452,10,26,0.385,13,16,0.813,10,33,43,20,11.0,8,8,4,24,21,107,2.0,1,1,1,1,2,10,3,47,14,14,30,80,90,23,72,20,41,45,17,29,11,35,88,50,19,52,1.0
2012-13,1610612751,BKN,Brooklyn Nets,0021200309,2012-12-12T00:00:00,BKN @ TOR,W,48.0,29,64,0.453,10,19,0.526,26,35,0.743,8,30,38,20,18.0,5,1,3,16,25,94,6.0,1,1,1,1,9,88,98,46,14,64,6,5,7,48,90,41,76,45,74,81,94,19,20,14,59,37,1.0
2012-13,1610612751,BKN,Brooklyn Nets,0021200304,2012-12-11T00:00:00,BKN vs. NYK,L,48.0,36,68,0.529,4,18,0.222,21,28,0.75,7,30,37,21,12.0,5,3,2,21,21,97,-3.0,1,57,57,57,9,43,94,6,87,70,91,25,28,43,94,41,83,37,24,81,67,8,70,50,41,62,1.0
2012-13,1610612751,BKN,Brooklyn Nets,0021200293,2012-12-09T00:00:00,BKN vs. MIL,L,48.0,32,79,0.405,7,25,0.28,17,23,0.739,12,32,44,22,22.0,9,5,7,20,19,88,-9.0,1,57,57,57,9,75,52,80,44,18,76,50,49,50,43,26,33,27,98,14,40,76,64,69,76,76,1.0
2012-13,1610612751,BKN,Brooklyn Nets,0021200272,2012-12-07T00:00:00,BKN vs. GSW,L,48.0,37,87,0.425,11,33,0.333,17,23,0.739,15,29,44,23,13.0,5,4,1,13,21,102,-7.0,1,57,57,57,9,34,16,65,11,4,49,50,49,50,24,46,33,19,35,81,50,3,4,50,30,71,1.0
2012-13,1610612751,BKN,Brooklyn Nets,0021200253,2012-12-04T00:00:00,BKN vs. OKC,L,48.0,39,91,0.429,14,34,0.412,19,23,0.826,16,24,40,22,12.0,7,1,7,25,19,111,-6.0,1,57,57,57,9,24,7,62,3,2,25,38,49,20,21,86,60,27,24,44,94,76,95,69,12,67,1.0
2012-13,1610612751,BKN,Brooklyn Nets,0021200233,2012-12-01T00:00:00,BKN @ MIA,L,48.0,33,75,0.44,6,28,0.214,17,27,0.63,9,29,38,20,19.0,6,4,3,21,25,89,-13.0,1,57,57,57,9,70,72,58,54,8,92,50,33,86,82,46,76,45,81,66,50,19,70,14,74,87,1.0
2012-13,1610612751,BKN,Brooklyn Nets,0021200224,2012-11-30T00:00:00,BKN @ ORL,W,48.0,38,83,0.458,11,20,0.55,11,13,0.846,11,30,41,22,8.0,4,6,2,17,19,98,12.0,1,1,1,1,9,30,28,42,11,57,4,89,96,17,59,41,51,27,3,91,29,8,30,69,38,21,1.0
2012-13,1610612751,BKN,Brooklyn Nets,0021200211,2012-11-28T00:00:00,BKN @ BOS,W,48.0,33,82,0.402,10,24,0.417,19,29,0.655,17,33,50,21,16.0,12,3,6,24,24,95,12.0,1,1,1,1,9,70,33,83,14,23,23,38,24,81,15,20,10,37,60,4,67,63,88,20,52,21,1.0
2012-13,1610612751,BKN,Brooklyn Nets,0021200013,2012-11-26T00:00:00,BKN vs. NYK,W,53.0,37,91,0.407,9,28,0.321,13,19,0.684,18,32,50,23,13.0,5,7,2,21,24,96,7.0,1,1,1,1,4,34,7,76,22,8,60,80,77,73,9,26,10,19,35,81,17,8,70,20,48,34,1.0
2012-13,1610612751,BKN,Brooklyn Nets,0021200193,2012-11-25T00:00:00,BKN vs. POR,W,48.0,39,92,0.424,5,17,0.294,15,21,0.714,17,31,48,26,12.0,10,9,6,11,19,98,13.0,1,1,1,1,9,24,5,67,69,73,68,65,68,60,15,34,17,9,24,10,8,63,1,69,38,17,1.0
2012-13,1610612751,BKN,Brooklyn Nets,0021200174,2012-11-23T00:00:00,BKN vs. LAC,W,48.0,34,73,0.466,5,13,0.385,13,19,0.684,11,24,35,19,16.0,6,3,7,22,22,86,10.0,1,1,1,1,9,57,86,35,69,94,30,80,77,73,59,86,90,52,60,66,67,76,81,43,81,25,1.0
2012-13,1610612751,BKN,Brooklyn Nets,0021200170,2012-11-21T00:00:00,BKN @ GSW,L,48.0,38,83,0.458,6,23,0.261,11,15,0.733,14,21,35,26,11.0,7,6,1,16,17,93,-9.0,1,57,57,57,9,30,28,42,54,32,80,89,94,54,32,97,90,9,17,44,29,3,20,84,61,76,1.0
2012-13,1610612751,BKN,Brooklyn Nets,0021200156,2012-11-20T00:00:00,BKN @ LAL,L,48.0,34,82,0.415,7,23,0.304,15,21,0.714,14,32,46,24,14.0,7,3,5,26,18,90,-5.0,1,57,57,57,9,57,33,71,44,32,65,65,68,60,32,26,25,14,41,44,67,49,97,76,69,66,1.0
2012-13,1610612751,BKN,Brooklyn Nets,0021200142,2012-11-18T00:00:00,BKN @ SAC,W,48.0,36,75,0.48,5,17,0.294,22,25,0.88,7,26,33,22,10.0,8,6,4,18,24,99,9.0,1,1,1,1,9,43,72,28,69,73,68,21,40,7,94,78,96,27,9,29,29,35,38,20,35,28,1.0
2012-13,1610612751,BKN,Brooklyn Nets,0021200119,2012-11-15T00:00:00,BKN vs. BOS,W,48.0,36,85,0.424,8,22,0.364,22,28,0.786,18,29,47,19,11.0,7,7,3,18,24,102,5.0,1,1,1,1,9,43,22,68,32,43,38,21,28,31,9,46,20,52,17,44,17,19,38,20,30,38,1.0
2012-13,1610612751,BKN,Brooklyn Nets,0021200106,2012-11-13T00:00:00,BKN vs. CLE,W,48.0,42,77,0.545,5,22,0.227,25,31,0.806,12,27,39,27,13.0,5,10,0,23,26,114,13.0,1,1,1,1,9,10,60,4,69,43,90,6,15,26,43,64,67,6,35,81,3,1,86,9,6,17,1.0
2012-13,1610612751,BKN,Brooklyn Nets,0021200090,2012-11-11T00:00:00,BKN vs. ORL,W,48.0,29,78,0.372,7,24,0.292,17,25,0.68,12,43,55,20,15.0,5,8,4,17,22,82,8.0,1,1,1,1,9,88,55,94,44,23,72,50,40,76,43,1,3,45,54,81,11,35,30,43,89,30,1.0
2012-13,1610612751,BKN,Brooklyn Nets,0021200069,2012-11-09T00:00:00,BKN @ ORL,W,48.0,41,82,0.5,9,23,0.391,16,25,0.64,15,33,48,21,11.0,9,6,6,13,22,107,39.0,1,1,1,1,9,16,33,13,22,32,29,61,40,84,24,20,17,37,17,14,29,63,4,43,19,1,1.0
2012-13,1610612751,BKN,Brooklyn Nets,0021200056,2012-11-07T00:00:00,BKN @ MIA,L,48.0,30,80,0.375,3,21,0.143,10,17,0.588,13,27,40,12,19.0,7,1,5,15,18,73,-30.0,1,57,57,57,9,84,47,93,95,46,100,95,84,89,38,64,60,92,81,44,94,49,14,76,96,98,0.0
2012-13,1610612751,BKN,Brooklyn Nets,0021200043,2012-11-05T00:00:00,BKN vs. MIN,L,48.0,35,73,0.479,13,23,0.565,13,18,0.722,8,21,29,24,15.0,7,4,7,17,18,96,-11.0,1,57,57,57,9,51,86,29,4,32,3,80,82,57,90,97,100,14,54,44,50,76,30,76,48,84,1.0
2012-13,1610612751,BKN,Brooklyn Nets,0021200029,2012-11-03T00:00:00,BKN vs. TOR,W,48.0,37,81,0.457,6,15,0.4,27,37,0.73,9,32,41,20,17.0,6,5,5,19,31,107,7.0,1,1,1,1,9,34,39,44,54,85,27,4,4,56,82,26,51,45,71,66,40,49,49,2,19,34,1.0
2012-13,1610612751,BKN,Brooklyn Nets,0011200017,2012-10-24T00:00:00,BKN vs. NYK,L,53.0,35,87,0.402,5,17,0.294,20,22,0.909,18,29,47,8,20.0,9,4,4,25,19,95,-2.0,1,57,57,57,4,51,16,84,69,73,68,31,61,2,9,46,20,100,89,14,50,35,95,69,52,59,
2012-13,1610612751,BKN,Brooklyn Nets,0011200077,2012-10-19T00:00:00,BKN vs. PHI,L,48.0,38,86,0.442,6,23,0.261,14,23,0.609,14,27,41,19,12.0,11,3,6,21,24,96,-10.0,1,57,57,57,9,30,19,56,54,32,80,76,49,87,32,64,51,52,24,8,67,63,70,20,48,82,
2012-13,1610612751,BKN,Brooklyn Nets,0011200070,2012-10-18T00:00:00,BKN vs. BOS,L,48.0,29,78,0.372,6,21,0.286,21,31,0.677,16,24,40,16,19.0,7,9,2,16,24,85,-30.0,1,57,57,57,9,88,55,94,54,46,74,25,15,77,21,86,60,79,81,44,8,8,20,20,85,98,
2012-13,1610612751,BKN,Brooklyn Nets,0011200058,2012-10-16T00:00:00,BKN @ BOS,W,48.0,37,76,0.487,8,24,0.333,15,27,0.556,12,29,41,18,16.0,9,2,6,21,23,97,1.0,1,1,1,1,9,34,64,23,32,23,49,65,33,94,43,46,51,64,60,14,82,63,70,34,41,56,
2012-13,1610612751,BKN,Brooklyn Nets,0011200051,2012-10-15T00:00:00,BKN vs. WAS,W,48.0,39,78,0.5,8,23,0.348,12,23,0.522,11,34,45,22,13.0,6,7,1,24,21,98,10.0,1,1,1,1,9,24,55,13,32,32,44,87,49,96,59,17,28,27,35,66,17,3,88,50,38,25,
2012-13,1610612751,BKN,Brooklyn Nets,0011200037,2012-10-13T00:00:00,BKN @ PHI,W,53.0,37,91,0.407,11,34,0.324,23,27,0.852,9,37,46,17,16.0,10,7,3,24,22,108,3.0,1,1,1,1,4,34,7,76,11,2,59,14,33,16,82,8,25,71,60,10,17,19,88,43,17,45,
2012-13,1610612752,NYK,New York Knicks,0041200216,2013-05-18T00:00:00,NYK @ IND,L,48.0,34,85,0.4,13,30,0.433,18,18,1.0,14,22,36,19,9.0,3,0,7,34,16,99,-7.0,1,64,64,64,6,64,28,86,20,34,23,33,66,1,18,99,78,43,15,101,102,92,105,81,49,79,1.0
2012-13,1610612752,NYK,New York Knicks,0041200215,2013-05-16T00:00:00,NYK vs. IND,W,48.0,32,78,0.41,7,18,0.389,14,17,0.824,10,30,40,12,11.0,12,5,3,30,18,85,10.0,1,1,1,1,6,78,69,79,81,100,41,62,71,25,54,45,47,93,36,7,17,31,104,64,92,29,1.0
2012-13,1610612752,NYK,New York Knicks,0041200214,2013-05-14T00:00:00,NYK @ IND,L,48.0,31,87,0.356,8,28,0.286,12,14,0.857,11,25,36,14,10.0,7,9,8,29,18,82,-11.0,1,64,64,64,6,88,20,96,68,48,79,76,89,15,42,79,78,81,27,60,1,97,102,64,96,89,1.0
2012-13,1610612752,NYK,New York Knicks,0041200213,2013-05-11T00:00:00,NYK @ IND,L,48.0,25,71,0.352,3,11,0.273,18,25,0.72,11,30,41,11,15.0,7,3,1,23,23,71,-11.0,1,64,64,64,6,103,97,98,102,104,90,33,27,64,42,45,36,99,76,60,50,6,72,15,103,89,1.0
2012-13,1610612752,NYK,New York Knicks,0041200212,2013-05-07T00:00:00,NYK vs. IND,W,48.0,44,89,0.494,10,30,0.333,7,10,0.7,13,24,37,20,7.0,11,4,5,20,18,105,26.0,1,1,1,1,6,5,14,20,51,34,67,101,102,75,24,86,70,35,4,12,32,68,45,64,25,3,1.0
2012-13,1610612752,NYK,New York Knicks,0041200211,2013-05-05T00:00:00,NYK vs. IND,L,48.0,35,81,0.432,7,19,0.368,18,23,0.783,6,24,30,15,10.0,4,4,8,21,21,95,-7.0,1,64,64,64,6,55,48,53,81,95,50,33,37,42,94,86,100,76,27,98,32,97,56,38,65,79,0.0
2012-13,1610612752,NYK,New York Knicks,0041200116,2013-05-03T00:00:00,NYK @ BOS,W,48.0,33,79,0.418,9,21,0.429,13,16,0.813,15,27,42,18,17.0,10,8,1,23,20,88,8.0,1,1,1,1,6,71,58,72,58,89,24,70,78,31,12,67,30,52,91,25,4,6,72,48,84,38,1.0
2012-13,1610612752,NYK,New York Knicks,0041200115,2013-05-01T00:00:00,NYK vs. BOS,L,48.0,32,81,0.395,5,22,0.227,17,20,0.85,9,30,39,13,9.0,8,1,3,19,16,86,-6.0,1,64,64,64,6,78,48,88,94,83,97,46,55,20,71,45,58,91,15,48,92,31,32,81,91,75,0.0
2012-13,1610612752,NYK,New York Knicks,0041200114,2013-04-28T00:00:00,NYK @ BOS,L,53.0,31,90,0.344,7,30,0.233,21,28,0.75,16,38,54,10,16.0,10,3,4,27,26,90,-7.0,1,64,64,64,1,88,7,101,81,34,95,19,16,56,8,2,1,102,85,25,50,45,94,5,76,79,1.0
2012-13,1610612752,NYK,New York Knicks,0041200113,2013-04-26T00:00:00,NYK @ BOS,W,48.0,38,76,0.5,11,27,0.407,3,8,0.375,6,31,37,22,11.0,14,4,1,19,14,90,14.0,1,1,1,1,6,30,76,18,38,58,34,105,103,105,94,35,70,24,36,2,32,6,32,94,76,20,1.0
2012-13,1610612752,NYK,New York Knicks,0041200112,2013-04-23T00:00:00,NYK vs. BOS,W,48.0,32,76,0.421,7,19,0.368,16,22,0.727,7,35,42,14,11.0,5,6,4,17,20,87,16.0,1,1,1,1,6,78,76,69,81,95,50,53,45,62,88,11,30,81,36,89,10,45,14,48,89,15,1.0
2012-13,1610612752,NYK,New York Knicks,0041200111,2013-04-20T00:00:00,NYK vs. BOS,W,48.0,32,79,0.405,9,25,0.36,12,15,0.8,10,30,40,13,13.0,15,4,5,23,17,85,7.0,1,1,1,1,6,78,58,82,58,73,57,76,85,35,54,45,47,91,58,1,32,68,72,76,92,41,1.0
2012-13,1610612752,NYK,New York Knicks,0021201218,2013-04-17T00:00:00,NYK vs. ATL,W,48.0,39,91,0.429,9,24,0.375,11,16,0.688,16,34,50,21,12.0,8,3,2,16,15,98,6.0,1,1,1,1,6,20,4,60,58,78,45,83,78,81,8,15,7,30,44,48,50,13,10,89,55,46,1.0
2012-13,1610612752,NYK,New York Knicks,0021201202,2013-04-15T00:00:00,NYK @ CHA,L,48.0,34,79,0.43,14,37,0.378,13,13,1.0,3,22,25,27,9.0,5,1,6,15,15,95,-11.0,1,64,64,64,6,64,58,56,12,5,44,70,95,1,104,99,104,3,15,89,92,79,6,89,65,89,1.0
2012-13,1610612752,NYK,New York Knicks,0021201196,2013-04-14T00:00:00,NYK vs. IND,W,48.0,35,82,0.427,11,31,0.355,9,11,0.818,8,24,32,15,12.0,11,2,3,24,19,90,10.0,1,1,1,1,6,55,44,65,38,28,61,95,100,28,81,86,94,76,44,12,75,31,79,56,76,29,1.0
2012-13,1610612752,NYK,New York Knicks,0021201182,2013-04-12T00:00:00,NYK @ CLE,W,48.0,40,79,0.506,10,28,0.357,11,17,0.647,11,33,44,15,15.0,11,5,2,21,16,101,10.0,1,1,1,1,6,15,58,17,51,48,59,83,71,92,42,19,24,76,76,12,17,13,56,81,37,29,1.0
2012-13,1610612752,NYK,New York Knicks,0021201174,2013-04-11T00:00:00,NYK @ CHI,L,53.0,42,104,0.404,10,30,0.333,17,22,0.773,12,40,52,18,7.0,2,5,9,28,21,111,-7.0,1,64,64,64,1,7,1,85,51,34,67,46,45,48,33,1,2,52,4,103,17,103,99,38,11,79,1.0
2012-13,1610612752,NYK,New York Knicks,0021201156,2013-04-09T00:00:00,NYK vs. WAS,W,48.0,45,80,0.563,20,36,0.556,10,14,0.714,5,34,39,26,13.0,7,3,2,24,14,120,21.0,1,1,1,1,6,4,57,2,1,7,2,89,89,67,100,15,58,5,58,60,50,13,79,94,3,7,1.0
2012-13,1610612752,NYK,New York Knicks,0021201145,2013-04-07T00:00:00,NYK @ OKC,W,48.0,46,93,0.495,15,34,0.441,18,24,0.75,19,22,41,22,6.0,5,4,11,19,22,125,5.0,1,1,1,1,6,3,2,19,9,14,19,33,32,56,2,99,36,24,2,89,32,105,32,27,1,50,1.0
2012-13,1610612752,NYK,New York Knicks,0021201128,2013-04-05T00:00:00,NYK vs. MIL,W,48.0,41,89,0.461,12,36,0.333,7,8,0.875,12,38,50,17,12.0,6,2,2,18,16,101,18.0,1,1,1,1,6,10,14,37,28,7,67,101,103,9,33,2,7,63,44,79,75,13,21,81,37,13,1.0
2012-13,1610612752,NYK,New York Knicks,0021201113,2013-04-03T00:00:00,NYK @ ATL,W,48.0,40,77,0.519,7,22,0.318,8,12,0.667,8,30,38,16,11.0,7,0,2,20,10,95,13.0,1,1,1,1,6,15,72,10,81,83,73,99,99,85,81,45,66,74,36,60,102,13,45,104,65,24,1.0
2012-13,1610612752,NYK,New York Knicks,0021201109,2013-04-02T00:00:00,NYK @ MIA,W,48.0,37,71,0.521,14,27,0.519,14,20,0.7,6,18,24,17,14.0,8,3,3,25,19,102,12.0,1,1,1,1,6,40,97,9,12,58,6,62,55,75,94,104,105,63,65,48,50,31,84,56,32,26,0.0
2012-13,1610612752,NYK,New York Knicks,0021201099,2013-03-31T00:00:00,NYK vs. BOS,W,48.0,35,72,0.486,14,27,0.519,24,31,0.774,10,31,41,23,13.0,7,1,3,22,22,108,19.0,1,1,1,1,6,55,90,24,12,58,6,10,9,47,54,35,36,18,58,60,92,31,68,27,17,12,1.0
2012-13,1610612752,NYK,New York Knicks,0021201076,2013-03-29T00:00:00,NYK vs. CHA,W,48.0,38,77,0.494,9,19,0.474,26,30,0.867,12,25,37,14,14.0,8,4,3,27,26,111,9.0,1,1,1,1,6,30,72,22,58,95,14,5,13,11,33,79,70,81,65,48,32,31,94,5,11,36,1.0
2012-13,1610612752,NYK,New York Knicks,0021201061,2013-03-27T00:00:00,NYK vs. MEM,W,48.0,38,74,0.514,13,31,0.419,19,22,0.864,7,24,31,18,12.0,9,2,2,25,24,108,7.0,1,1,1,1,6,30,85,13,20,28,26,26,45,13,88,86,98,52,44,36,75,13,84,12,17,41,1.0
2012-13,1610612752,NYK,New York Knicks,0021201054,2013-03-26T00:00:00,NYK @ BOS,W,48.0,39,90,0.433,8,28,0.286,14,18,0.778,15,26,41,11,8.0,12,3,6,24,16,100,15.0,1,1,1,1,6,20,7,50,68,48,79,62,66,44,12,70,36,99,9,7,50,79,79,81,40,18,1.0
2012-13,1610612752,NYK,New York Knicks,0021201034,2013-03-23T00:00:00,NYK vs. TOR,W,48.0,41,79,0.519,7,19,0.368,21,23,0.913,11,33,44,20,11.0,14,3,2,20,20,110,26.0,1,1,1,1,6,10,58,11,81,95,50,19,37,5,42,19,24,35,36,2,50,13,45,48,14,3,1.0
2012-13,1610612752,NYK,New York Knicks,0021201022,2013-03-22T00:00:00,NYK @ TOR,W,48.0,38,71,0.535,10,22,0.455,13,24,0.542,9,31,40,16,14.0,8,5,1,24,23,99,5.0,1,1,1,1,6,30,97,5,51,83,16,70,32,103,71,35,47,74,65,48,17,6,79,15,49,50,1.0
2012-13,1610612752,NYK,New York Knicks,0021201010,2013-03-20T00:00:00,NYK vs. ORL,W,48.0,40,76,0.526,15,34,0.441,11,16,0.688,10,24,34,20,12.0,8,2,0,18,13,106,12.0,1,1,1,1,6,15,76,8,9,14,19,83,78,81,54,86,88,35,44,48,75,1,21,99,21,26,1.0
2012-13,1610612752,NYK,New York Knicks,0021201003,2013-03-18T00:00:00,NYK @ UTA,W,48.0,32,69,0.464,8,23,0.348,18,25,0.72,8,26,34,18,14.0,9,5,5,21,23,90,7.0,1,1,1,1,6,78,102,34,68,80,63,33,27,64,81,70,88,52,65,36,17,68,56,15,76,41,0.0
2012-13,1610612752,NYK,New York Knicks,0021200987,2013-03-17T00:00:00,NYK @ LAC,L,48.0,29,81,0.358,12,26,0.462,10,14,0.714,7,32,39,21,9.0,7,1,8,27,18,80,-13.0,1,64,64,64,6,95,48,95,28,67,15,89,89,67,88,23,58,30,15,60,92,97,94,64,98,93,1.0
2012-13,1610612752,NYK,New York Knicks,0021200968,2013-03-14T00:00:00,NYK @ POR,L,48.0,36,82,0.439,7,25,0.28,11,17,0.647,11,29,40,20,12.0,10,2,6,21,16,90,-15.0,1,64,64,64,6,47,44,48,81,73,87,83,71,92,42,54,47,35,44,25,75,79,56,81,76,96,1.0
2012-13,1610612752,NYK,New York Knicks,0021200964,2013-03-13T00:00:00,NYK @ DEN,L,48.0,34,79,0.43,11,28,0.393,15,22,0.682,7,26,33,22,19.0,7,9,8,25,18,94,-23.0,1,64,64,64,6,64,58,56,38,48,40,58,45,84,88,70,91,24,100,60,1,97,84,64,69,100,0.0
2012-13,1610612752,NYK,New York Knicks,0021200947,2013-03-11T00:00:00,NYK @ GSW,L,48.0,20,73,0.274,5,27,0.185,18,28,0.643,11,31,42,12,13.0,7,2,4,27,25,63,-29.0,1,64,64,64,6,105,88,105,94,58,100,33,16,95,42,35,30,93,58,60,75,45,94,8,105,103,1.0
2012-13,1610612752,NYK,New York Knicks,0021200928,2013-03-09T00:00:00,NYK vs. UTA,W,48.0,38,75,0.507,13,32,0.406,24,30,0.8,8,31,39,21,12.0,11,3,2,19,23,113,29.0,1,1,1,1,6,30,81,14,20,23,36,10,13,35,81,35,58,30,44,12,50,13,32,15,7,2,1.0
2012-13,1610612752,NYK,New York Knicks,0021200913,2013-03-07T00:00:00,NYK vs. OKC,L,48.0,35,86,0.407,10,31,0.323,14,14,1.0,12,26,38,10,14.0,10,3,8,21,17,94,-1.0,1,64,64,64,6,55,22,81,51,28,71,62,89,1,33,70,66,102,65,25,50,97,56,76,69,64,1.0
2012-13,1610612752,NYK,New York Knicks,0021200904,2013-03-06T00:00:00,NYK @ DET,W,48.0,31,75,0.413,13,35,0.371,12,15,0.8,14,34,48,23,21.0,11,5,6,15,14,87,10.0,1,1,1,1,6,88,81,77,20,11,47,76,85,35,18,15,13,18,104,12,17,79,6,94,89,29,1.0
2012-13,1610612752,NYK,New York Knicks,0021200889,2013-03-04T00:00:00,NYK @ CLE,W,48.0,36,78,0.462,12,30,0.4,18,21,0.857,12,28,40,23,16.0,9,5,2,18,18,102,5.0,1,1,1,1,6,47,69,35,28,34,38,33,52,15,33,59,47,18,85,36,17,13,21,64,32,50,1.0
2012-13,1610612752,NYK,New York Knicks,0021200880,2013-03-03T00:00:00,NYK vs. MIA,L,48.0,32,74,0.432,8,29,0.276,21,26,0.808,9,31,40,18,18.0,9,4,4,19,20,93,-6.0,1,64,64,64,6,78,85,52,68,42,89,19,22,33,71,35,47,52,97,36,32,45,32,48,73,75,1.0
2012-13,1610612752,NYK,New York Knicks,0021200865,2013-03-01T00:00:00,NYK @ WAS,W,48.0,35,81,0.432,8,28,0.286,18,21,0.857,9,32,41,18,12.0,8,3,4,23,18,96,8.0,1,1,1,1,6,55,48,53,68,48,79,33,52,15,71,23,36,52,44,48,50,45,72,64,60,38,1.0
2012-13,1610612752,NYK,New York Knicks,0021200853,2013-02-27T00:00:00,NYK vs. GSW,W,48.0,36,87,0.414,11,34,0.324,26,33,0.788,16,30,46,19,10.0,12,3,4,23,23,109,4.0,1,1,1,1,6,47,20,76,38,14,70,5,7,40,8,45,18,43,27,7,50,45,72,15,16,53,1.0
2012-13,1610612752,NYK,New York Knicks,0021200835,2013-02-24T00:00:00,NYK vs. PHI,W,48.0,32,75,0.427,8,33,0.242,27,35,0.771,11,37,48,17,12.0,7,3,2,18,22,99,6.0,1,1,1,1,6,78,81,66,68,19,94,4,6,49,42,6,13,63,44,60,50,13,21,27,49,46,1.0
2012-13,1610612752,NYK,New York Knicks,0021200811,2013-02-22T00:00:00,NYK @ TOR,L,48.0,35,75,0.467,10,28,0.357,18,23,0.783,10,32,42,19,17.0,5,8,3,28,22,98,-2.0,1,64,64,64,6,55,81,31,51,48,59,33,37,42,54,23,30,43,91,89,4,31,99,27,55,66,1.0
2012-13,1610612752,NYK,New York Knicks,0021200801,2013-02-20T00:00:00,NYK @ IND,L,48.0,29,86,0.337,5,28,0.179,28,36,0.778,13,26,39,17,15.0,13,3,9,29,25,91,-34.0,1,64,64,64,6,95,22,103,94,48,102,2,4,44,24,70,58,63,76,5,50,103,102,8,75,104,1.0
2012-13,1610612752,NYK,New York Knicks,0021200780,2013-02-13T00:00:00,NYK vs. TOR,L,48.0,28,79,0.354,9,25,0.36,23,32,0.719,20,32,52,12,12.0,7,2,8,21,20,88,-4.0,1,64,64,64,6,98,58,97,58,73,57,14,8,66,1,23,2,93,44,60,75,97,56,48,84,70,1.0
2012-13,1610612752,NYK,New York Knicks,0021200752,2013-02-10T00:00:00,NYK vs. LAC,L,48.0,33,74,0.446,7,23,0.304,15,18,0.833,10,25,35,11,16.0,10,3,6,18,19,88,-14.0,1,64,64,64,6,71,85,44,81,80,77,58,66,23,54,79,82,99,85,25,50,79,21,56,84,95,1.0
2012-13,1610612752,NYK,New York Knicks,0021200745,2013-02-08T00:00:00,NYK @ MIN,W,48.0,38,81,0.469,8,26,0.308,16,20,0.8,10,32,42,19,10.0,5,6,2,19,18,100,6.0,1,1,1,1,6,30,48,30,68,67,75,53,55,35,54,23,30,43,27,89,10,13,32,64,40,46,1.0
2012-13,1610612752,NYK,New York Knicks,0021200722,2013-02-06T00:00:00,NYK @ WAS,L,48.0,34,84,0.405,9,28,0.321,19,23,0.826,12,29,41,14,9.0,5,3,4,12,17,96,-10.0,1,64,64,64,6,64,31,83,58,48,72,26,37,24,33,54,36,81,15,89,50,45,3,76,60,87,1.0
2012-13,1610612752,NYK,New York Knicks,0021200710,2013-02-04T00:00:00,NYK vs. DET,W,48.0,36,79,0.456,14,34,0.412,13,16,0.813,14,32,46,22,15.0,6,2,5,16,13,99,14.0,1,1,1,1,6,47,58,40,12,14,30,70,78,31,18,23,18,24,76,79,75,68,10,99,49,20,1.0
2012-13,1610612752,NYK,New York Knicks,0021200697,2013-02-02T00:00:00,NYK vs. SAC,W,48.0,47,86,0.547,19,43,0.442,7,13,0.538,15,37,52,34,17.0,8,1,2,19,15,120,39.0,1,1,1,1,6,1,22,3,2,2,18,101,95,104,12,6,2,1,91,48,92,13,32,89,3,1,1.0
2012-13,1610612752,NYK,New York Knicks,0021200688,2013-02-01T00:00:00,NYK vs. MIL,W,48.0,32,76,0.421,13,35,0.371,19,26,0.731,14,36,50,17,16.0,5,4,3,15,22,96,10.0,1,1,1,1,6,78,76,69,20,11,47,26,22,61,18,9,7,63,85,89,32,31,6,27,60,29,1.0
2012-13,1610612752,NYK,New York Knicks,0021200673,2013-01-30T00:00:00,NYK vs. ORL,W,48.0,47,82,0.573,14,34,0.412,5,8,0.625,10,26,36,30,9.0,4,4,0,18,13,113,16.0,1,1,1,1,6,1,44,1,12,14,30,104,103,97,54,70,78,2,15,98,32,1,21,99,7,15,1.0
2012-13,1610612752,NYK,New York Knicks,0021200656,2013-01-27T00:00:00,NYK vs. ATL,W,48.0,39,72,0.542,16,27,0.593,12,17,0.706,6,20,26,22,14.0,6,3,2,17,21,106,2.0,1,1,1,1,6,20,90,4,8,58,1,76,71,72,94,102,103,24,65,79,50,13,14,38,21,59,1.0
2012-13,1610612752,NYK,New York Knicks,0021200643,2013-01-26T00:00:00,NYK @ PHI,L,48.0,28,81,0.346,4,27,0.148,20,23,0.87,15,32,47,17,18.0,6,4,5,17,22,80,-17.0,1,64,64,64,6,98,48,100,99,58,103,23,37,10,12,23,17,63,97,79,32,68,14,27,98,98,1.0
2012-13,1610612752,NYK,New York Knicks,0021200630,2013-01-24T00:00:00,NYK @ BOS,W,48.0,32,83,0.386,8,28,0.286,17,20,0.85,11,38,49,12,12.0,7,5,3,23,23,89,3.0,1,1,1,1,6,78,40,91,68,48,79,46,55,20,42,2,11,93,44,60,17,31,72,15,82,55,1.0
2012-13,1610612752,NYK,New York Knicks,0021200609,2013-01-21T00:00:00,NYK vs. BKN,L,48.0,34,84,0.405,6,21,0.286,11,17,0.647,7,30,37,14,5.0,11,2,4,20,22,85,-3.0,1,64,64,64,6,64,31,83,90,89,79,83,71,92,88,45,70,81,1,12,75,45,45,27,92,68,1.0
2012-13,1610612752,NYK,New York Knicks,0021200580,2013-01-17T00:00:00,NYK @ DET,W,48.0,33,72,0.458,11,31,0.355,25,31,0.806,10,34,44,17,16.0,9,5,4,22,21,102,15.0,1,1,1,1,6,71,90,38,38,28,61,9,9,34,54,15,24,63,85,36,17,45,68,38,32,18,1.0
2012-13,1610612752,NYK,New York Knicks,0021200549,2013-01-13T00:00:00,NYK vs. NOH,W,48.0,35,81,0.432,11,30,0.367,19,25,0.76,10,35,45,24,9.0,6,5,4,21,23,100,13.0,1,1,1,1,6,55,48,53,38,34,53,26,27,55,54,11,22,13,15,79,17,45,56,15,40,24,1.0
2012-13,1610612752,NYK,New York Knicks,0021200534,2013-01-11T00:00:00,NYK vs. CHI,L,48.0,37,90,0.411,11,22,0.5,16,23,0.696,18,23,41,17,12.0,11,3,6,28,23,101,-7.0,1,64,64,64,6,40,7,78,38,83,9,53,37,78,4,96,36,63,44,12,50,79,99,15,37,79,1.0
2012-13,1610612752,NYK,New York Knicks,0021200527,2013-01-10T00:00:00,NYK @ IND,L,48.0,31,89,0.348,4,20,0.2,10,13,0.769,19,32,51,14,13.0,2,7,5,18,19,76,-5.0,1,64,64,64,6,88,14,99,99,94,98,89,95,50,2,23,6,81,58,103,8,68,21,56,101,73,1.0
2012-13,1610612752,NYK,New York Knicks,0021200505,2013-01-07T00:00:00,NYK vs. BOS,L,48.0,31,76,0.408,14,32,0.438,20,26,0.769,14,28,42,19,14.0,7,3,1,21,21,96,-6.0,1,64,64,64,6,88,76,80,12,23,21,23,22,50,18,59,30,43,65,60,50,6,56,38,60,75,1.0
2012-13,1610612752,NYK,New York Knicks,0021200490,2013-01-05T00:00:00,NYK @ ORL,W,48.0,42,88,0.477,12,33,0.364,18,22,0.818,9,31,40,24,8.0,7,1,4,19,19,114,8.0,1,1,1,1,6,7,18,27,28,19,55,33,45,28,71,35,47,13,9,60,92,45,32,56,6,38,1.0
2012-13,1610612752,NYK,New York Knicks,0021200476,2013-01-03T00:00:00,NYK vs. SAS,W,48.0,39,82,0.476,12,27,0.444,10,16,0.625,10,38,48,26,13.0,10,5,5,18,11,100,17.0,1,1,1,1,6,20,44,28,28,58,17,89,78,97,54,2,13,5,58,25,17,68,21,103,40,14,1.0
2012-13,1610612752,NYK,New York Knicks,0021200459,2013-01-01T00:00:00,NYK vs. POR,L,48.0,36,84,0.429,10,37,0.27,18,24,0.75,13,24,37,18,10.0,9,2,0,19,22,100,-5.0,1,64,64,64,6,47,31,60,51,5,91,33,32,56,24,86,70,52,27,36,75,1,32,27,40,73,1.0
2012-13,1610612752,NYK,New York Knicks,0021200434,2012-12-28T00:00:00,NYK @ SAC,L,48.0,41,83,0.494,11,30,0.367,12,20,0.6,18,28,46,26,17.0,4,8,6,16,19,105,-1.0,1,64,64,64,6,10,40,21,38,34,53,76,55,100,4,59,18,5,91,98,4,79,10,56,25,64,1.0
2012-13,1610612752,NYK,New York Knicks,0021200421,2012-12-26T00:00:00,NYK @ PHX,W,48.0,40,88,0.455,9,22,0.409,10,14,0.714,9,32,41,21,11.0,8,6,5,17,12,99,2.0,1,1,1,1,6,15,18,41,58,83,32,89,89,67,71,23,36,30,36,48,10,68,14,102,49,59,0.0
2012-13,1610612752,NYK,New York Knicks,0021200406,2012-12-25T00:00:00,NYK @ LAL,L,48.0,38,89,0.427,9,26,0.346,9,16,0.563,11,29,40,20,11.0,9,3,4,25,17,94,-6.0,1,64,64,64,6,30,14,64,58,67,65,95,78,101,42,54,47,35,36,36,50,45,84,76,69,75,1.0
2012-13,1610612752,NYK,New York Knicks,0021200400,2012-12-23T00:00:00,NYK vs. MIN,W,48.0,32,72,0.444,6,26,0.231,24,28,0.857,4,31,35,17,14.0,11,2,2,20,22,94,3.0,1,1,1,1,6,78,90,46,90,67,96,10,16,15,102,35,82,63,65,12,75,13,45,27,69,55,1.0
2012-13,1610612752,NYK,New York Knicks,0021200383,2012-12-21T00:00:00,NYK vs. CHI,L,48.0,38,91,0.418,8,26,0.308,22,25,0.88,10,30,40,14,10.0,11,3,4,25,25,106,-4.0,1,64,64,64,6,30,4,73,68,67,75,17,27,8,54,45,47,81,27,12,50,45,84,8,21,70,1.0
2012-13,1610612752,NYK,New York Knicks,0021200367,2012-12-19T00:00:00,NYK vs. BKN,W,48.0,38,83,0.458,11,29,0.379,13,17,0.765,11,28,39,19,8.0,7,5,2,11,16,100,14.0,1,1,1,1,6,30,40,39,38,42,43,70,71,52,42,59,58,43,9,60,17,13,2,81,40,20,1.0
2012-13,1610612752,NYK,New York Knicks,0021200351,2012-12-17T00:00:00,NYK vs. HOU,L,48.0,39,90,0.433,9,31,0.29,9,16,0.563,13,32,45,15,17.0,8,2,4,18,16,96,-13.0,1,64,64,64,6,20,7,50,58,28,78,95,78,101,24,23,22,76,91,48,75,45,21,81,60,93,1.0
2012-13,1610612752,NYK,New York Knicks,0021200338,2012-12-15T00:00:00,NYK vs. CLE,W,48.0,37,85,0.435,13,35,0.371,16,23,0.696,13,28,41,26,9.0,5,6,0,18,23,103,1.0,1,1,1,1,6,40,28,49,20,11,47,53,37,78,24,59,36,5,15,89,10,1,21,15,30,63,1.0
2012-13,1610612752,NYK,New York Knicks,0021200323,2012-12-13T00:00:00,NYK vs. LAL,W,48.0,42,79,0.532,12,25,0.48,20,30,0.667,4,29,33,25,6.0,10,2,4,20,21,116,9.0,1,1,1,1,6,7,58,6,28,73,13,23,13,85,102,54,91,11,2,25,75,45,45,38,5,36,1.0
2012-13,1610612752,NYK,New York Knicks,0021200304,2012-12-11T00:00:00,NYK @ BKN,W,48.0,36,78,0.462,14,28,0.5,14,18,0.778,10,25,35,20,10.0,5,2,3,21,21,100,3.0,1,1,1,1,6,47,69,35,12,48,9,62,66,44,54,79,82,35,27,89,75,31,56,38,40,55,1.0
2012-13,1610612752,NYK,New York Knicks,0021200295,2012-12-09T00:00:00,NYK vs. DEN,W,48.0,37,86,0.43,12,30,0.4,26,37,0.703,13,26,39,20,9.0,9,2,6,22,22,112,6.0,1,1,1,1,6,40,22,58,28,34,38,5,3,74,24,70,58,35,15,36,75,79,68,27,9,46,1.0
2012-13,1610612752,NYK,New York Knicks,0021200288,2012-12-08T00:00:00,NYK @ CHI,L,48.0,27,84,0.321,8,23,0.348,23,28,0.821,14,26,40,14,15.0,10,6,6,17,20,85,-8.0,1,64,64,64,6,100,31,104,68,80,63,14,16,27,18,70,47,81,76,25,10,79,14,48,92,85,1.0
2012-13,1610612752,NYK,New York Knicks,0021200268,2012-12-06T00:00:00,NYK @ MIA,W,48.0,41,91,0.451,18,44,0.409,12,19,0.632,11,35,46,20,7.0,9,4,4,19,21,112,20.0,1,1,1,1,6,10,4,43,4,1,32,76,62,96,42,11,18,35,4,36,32,45,32,38,9,10,1.0
2012-13,1610612752,NYK,New York Knicks,0021200257,2012-12-05T00:00:00,NYK @ CHA,W,48.0,39,92,0.424,13,41,0.317,9,13,0.692,10,26,36,23,8.0,9,8,4,18,14,100,2.0,1,1,1,1,6,20,3,68,20,3,74,95,95,80,54,70,78,18,9,36,4,45,21,94,40,59,1.0
2012-13,1610612752,NYK,New York Knicks,0021200243,2012-12-02T00:00:00,NYK vs. PHX,W,48.0,40,90,0.444,12,29,0.414,14,17,0.824,16,27,43,21,8.0,7,5,0,13,23,106,7.0,1,1,1,1,6,15,7,46,28,42,27,62,71,25,8,67,28,30,9,60,17,1,4,15,21,41,1.0
2012-13,1610612752,NYK,New York Knicks,0021200226,2012-11-30T00:00:00,NYK vs. WAS,W,48.0,43,81,0.531,12,29,0.414,10,15,0.667,3,29,32,24,8.0,7,1,4,20,14,108,21.0,1,1,1,1,6,6,48,7,28,42,27,89,85,85,104,54,94,13,9,60,92,45,45,94,17,7,1.0
2012-13,1610612752,NYK,New York Knicks,0021200215,2012-11-28T00:00:00,NYK @ MIL,W,48.0,35,73,0.479,11,21,0.524,21,25,0.84,8,30,38,18,15.0,11,1,4,20,20,102,14.0,1,1,1,1,6,55,88,26,38,89,5,19,27,22,81,45,66,52,76,12,92,45,45,48,32,20,1.0
2012-13,1610612752,NYK,New York Knicks,0021200013,2012-11-26T00:00:00,NYK @ BKN,L,53.0,33,85,0.388,6,21,0.286,17,24,0.708,17,33,50,14,14.0,9,2,7,24,21,89,-7.0,1,64,64,64,1,71,28,89,90,89,79,46,32,70,7,19,7,81,65,36,75,92,79,38,82,79,1.0
2012-13,1610612752,NYK,New York Knicks,0021200192,2012-11-25T00:00:00,NYK vs. DET,W,48.0,38,79,0.481,17,33,0.515,28,31,0.903,10,27,37,24,11.0,13,4,4,19,22,121,21.0,1,1,1,1,6,30,58,25,6,19,8,2,9,6,54,67,70,13,36,5,32,45,32,27,2,7,1.0
2012-13,1610612752,NYK,New York Knicks,0021200178,2012-11-23T00:00:00,NYK @ HOU,L,48.0,37,86,0.43,17,39,0.436,12,14,0.857,6,24,30,22,16.0,8,9,6,21,17,103,-28.0,1,64,64,64,6,40,22,58,6,4,22,76,89,15,94,86,100,24,85,48,1,79,56,76,30,102,1.0
2012-13,1610612752,NYK,New York Knicks,0021200167,2012-11-21T00:00:00,NYK @ DAL,L,48.0,39,77,0.506,15,31,0.484,18,22,0.818,5,32,37,25,14.0,10,2,1,17,18,111,-3.0,1,64,64,64,6,20,72,15,9,28,12,33,45,28,100,23,70,11,65,25,75,6,14,64,11,68,1.0
2012-13,1610612752,NYK,New York Knicks,0021200155,2012-11-20T00:00:00,NYK @ NOH,W,48.0,37,83,0.446,14,36,0.389,14,19,0.737,13,36,49,19,10.0,6,3,3,20,21,102,22.0,1,1,1,1,6,40,40,45,12,7,41,62,62,60,24,9,11,43,27,79,50,31,45,38,32,5,1.0
2012-13,1610612752,NYK,New York Knicks,0021200139,2012-11-18T00:00:00,NYK vs. IND,W,48.0,33,90,0.367,7,25,0.28,15,19,0.789,15,33,48,19,9.0,9,4,7,15,18,88,12.0,1,1,1,1,6,71,7,93,81,73,87,58,62,39,12,19,13,43,15,36,32,92,6,64,84,26,1.0
2012-13,1610612752,NYK,New York Knicks,0021200127,2012-11-16T00:00:00,NYK @ MEM,L,48.0,37,72,0.514,5,19,0.263,16,21,0.762,10,24,34,18,13.0,7,6,6,26,24,95,-10.0,1,64,64,64,6,40,90,12,94,95,92,53,52,54,54,86,88,52,58,60,10,79,91,12,65,87,1.0
2012-13,1610612752,NYK,New York Knicks,0021200120,2012-11-15T00:00:00,NYK @ SAS,W,48.0,39,86,0.453,11,26,0.423,15,23,0.652,10,31,41,17,7.0,6,6,7,19,20,104,4.0,1,1,1,1,6,20,22,42,38,67,25,58,37,91,54,35,36,63,4,79,10,92,32,48,27,53,1.0
2012-13,1610612752,NYK,New York Knicks,0021200104,2012-11-13T00:00:00,NYK @ ORL,W,48.0,41,84,0.488,9,24,0.375,8,11,0.727,6,25,31,15,9.0,11,1,5,14,9,99,10.0,1,1,1,1,6,10,31,23,58,78,45,99,100,62,94,79,98,76,15,12,92,68,5,105,49,29,1.0
2012-13,1610612752,NYK,New York Knicks,0021200071,2012-11-09T00:00:00,NYK vs. DAL,W,48.0,35,84,0.417,8,22,0.364,26,38,0.684,11,32,43,17,9.0,12,4,3,21,28,104,10.0,1,1,1,1,6,55,31,74,68,83,55,5,1,83,42,23,28,63,15,7,32,31,56,4,27,29,1.0
2012-13,1610612752,NYK,New York Knicks,0021200042,2012-11-05T00:00:00,NYK @ PHI,W,48.0,39,84,0.464,13,32,0.406,19,19,1.0,9,35,44,24,7.0,7,5,2,17,19,110,22.0,1,1,1,1,6,20,31,33,20,23,36,26,62,1,71,11,24,13,4,60,17,13,14,56,14,5,1.0
2012-13,1610612752,NYK,New York Knicks,0021200037,2012-11-04T00:00:00,NYK vs. PHI,W,48.0,39,77,0.506,11,27,0.407,11,18,0.611,8,31,39,18,15.0,12,5,2,10,18,100,16.0,1,1,1,1,6,20,72,15,38,58,34,83,66,99,81,35,58,52,76,7,17,13,1,64,40,15,1.0
2012-13,1610612752,NYK,New York Knicks,0021200020,2012-11-02T00:00:00,NYK vs. MIA,W,48.0,36,84,0.429,19,36,0.528,13,15,0.867,13,28,41,27,14.0,10,0,5,22,18,104,20.0,1,1,1,1,6,47,31,60,2,7,4,70,85,11,24,59,36,3,65,25,102,68,68,64,27,10,1.0
2012-13,1610612752,NYK,New York Knicks,0011200017,2012-10-24T00:00:00,NYK @ BKN,W,53.0,34,81,0.42,12,29,0.414,17,26,0.654,9,28,37,26,19.0,11,4,4,19,25,97,2.0,1,1,1,1,1,64,48,71,28,42,27,46,22,89,71,59,70,5,100,12,32,45,32,8,59,59,
2012-13,1610612752,NYK,New York Knicks,0011200092,2012-10-22T00:00:00,NYK @ PHI,L,48.0,30,79,0.38,11,32,0.344,19,27,0.704,13,25,38,23,12.0,10,1,4,20,24,90,-8.0,1,64,64,64,6,93,58,92,38,23,66,26,21,73,24,79,66,18,44,25,92,45,45,12,76,85,
2012-13,1610612752,NYK,New York Knicks,0011200081,2012-10-20T00:00:00,NYK @ BOS,L,48.0,36,84,0.429,8,32,0.25,18,20,0.9,9,24,33,23,19.0,14,3,5,23,19,98,-11.0,1,64,64,64,6,47,31,60,68,23,93,33,55,7,71,86,91,18,100,2,50,68,72,56,55,89,
2012-13,1610612752,NYK,New York Knicks,0011200071,2012-10-19T00:00:00,NYK @ TOR,L,48.0,33,71,0.465,5,27,0.185,17,26,0.654,7,25,32,19,19.0,6,7,6,21,23,88,-19.0,1,64,64,64,6,71,97,32,94,58,100,46,22,89,88,79,94,43,100,79,8,79,56,15,84,99,
2012-13,1610612752,NYK,New York Knicks,0011200039,2012-10-13T00:00:00,NYK @ BOS,W,53.0,33,90,0.367,3,29,0.103,29,38,0.763,15,37,52,18,12.0,7,3,6,26,33,98,3.0,1,1,1,1,1,71,7,93,102,42,104,1,1,53,12,6,2,52,44,60,50,79,91,1,55,55,
2012-13,1610612752,NYK,New York Knicks,0011200025,2012-10-11T00:00:00,NYK @ WAS,W,48.0,34,72,0.472,18,33,0.545,22,28,0.786,8,24,32,26,17.0,8,0,1,25,26,108,7.0,1,1,1,1,6,64,90,29,4,19,3,17,16,41,81,86,94,5,91,48,102,6,84,5,17,41,
2012-13,1610612753,ORL,Orlando Magic,0021201220,2013-04-17T00:00:00,ORL @ MIA,L,48.0,40,77,0.519,2,14,0.143,11,25,0.44,8,33,41,23,15.0,5,1,12,22,18,93,-12.0,1,25,25,25,6,27,79,9,85,69,87,58,7,94,70,29,56,42,44,59,86,95,60,30,51,66,1.0
2012-13,1610612753,ORL,Orlando Magic,0021201203,2013-04-15T00:00:00,ORL vs. CHI,L,48.0,31,74,0.419,2,10,0.2,20,33,0.606,15,24,39,16,17.0,8,6,4,14,25,84,-18.0,1,25,25,25,6,80,86,68,85,92,81,5,2,82,10,91,72,83,66,19,23,28,14,4,74,81,1.0
2012-13,1610612753,ORL,Orlando Magic,0021201191,2013-04-13T00:00:00,ORL vs. BOS,L,48.0,35,83,0.422,5,14,0.357,13,15,0.867,12,28,40,23,20.0,5,4,4,16,15,88,-32.0,1,25,25,25,6,64,46,65,46,69,36,42,65,16,28,71,66,42,87,59,41,28,24,61,65,92,1.0
2012-13,1610612753,ORL,Orlando Magic,0021201166,2013-04-10T00:00:00,ORL vs. MIL,W,53.0,51,109,0.468,8,15,0.533,3,8,0.375,18,44,62,27,17.0,6,3,11,19,16,113,10.0,1,1,1,1,1,1,1,39,21,55,4,95,88,95,3,1,1,18,66,41,57,93,36,50,3,8,1.0
2012-13,1610612753,ORL,Orlando Magic,0021201148,2013-04-07T00:00:00,ORL @ CLE,L,48.0,34,90,0.378,1,13,0.077,16,22,0.727,19,34,53,21,14.0,9,7,8,17,18,85,-6.0,1,25,25,25,6,70,18,86,90,76,92,21,11,57,2,23,3,55,31,11,11,82,28,30,73,39,1.0
2012-13,1610612753,ORL,Orlando Magic,0021201131,2013-04-05T00:00:00,ORL @ CHI,L,48.0,34,80,0.425,4,10,0.4,14,17,0.824,10,35,45,18,13.0,6,7,6,15,12,86,-1.0,1,25,25,25,6,70,61,63,67,92,19,34,49,29,50,18,27,70,22,41,11,54,20,86,68,25,1.0
2012-13,1610612753,ORL,Orlando Magic,0021201117,2013-04-03T00:00:00,ORL @ SAS,L,48.0,35,90,0.389,6,17,0.353,8,9,0.889,9,38,47,24,13.0,12,7,4,16,8,84,-14.0,1,25,25,25,6,64,18,82,37,47,40,79,83,11,64,8,16,35,22,1,11,28,24,93,74,72,1.0
2012-13,1610612753,ORL,Orlando Magic,0021201104,2013-04-01T00:00:00,ORL @ HOU,L,48.0,39,93,0.419,6,15,0.4,19,21,0.905,14,34,48,22,10.0,6,9,6,22,19,103,-8.0,1,25,25,25,6,37,7,67,37,55,19,6,19,6,14,23,14,49,6,41,4,54,60,21,24,51,1.0
2012-13,1610612753,ORL,Orlando Magic,0021201086,2013-03-30T00:00:00,ORL @ ATL,L,48.0,34,87,0.391,4,13,0.308,16,27,0.593,17,36,53,12,19.0,10,4,6,25,24,88,-9.0,1,25,25,25,6,70,27,80,67,76,57,21,5,83,7,12,3,91,83,4,41,54,82,5,65,57,1.0
2012-13,1610612753,ORL,Orlando Magic,0021201074,2013-03-29T00:00:00,ORL vs. WAS,W,48.0,37,86,0.43,5,15,0.333,18,22,0.818,13,28,41,23,9.0,7,7,2,21,18,97,5.0,1,1,1,1,6,49,31,59,46,55,44,10,11,32,20,71,56,42,4,30,11,7,52,30,37,17,1.0
2012-13,1610612753,ORL,Orlando Magic,0021201059,2013-03-27T00:00:00,ORL @ CHA,L,48.0,44,84,0.524,7,19,0.368,13,18,0.722,7,27,34,33,10.0,6,6,8,21,12,108,-6.0,1,25,25,25,6,9,42,7,31,38,32,42,39,59,81,78,89,4,6,41,23,82,52,86,13,39,1.0
2012-13,1610612753,ORL,Orlando Magic,0021201049,2013-03-25T00:00:00,ORL vs. MIA,L,48.0,37,86,0.43,9,24,0.375,11,18,0.611,10,33,43,25,13.0,9,6,6,18,14,94,-14.0,1,25,25,25,6,49,31,59,14,15,29,58,39,80,50,29,40,28,22,11,23,54,33,68,46,72,1.0
2012-13,1610612753,ORL,Orlando Magic,0021201023,2013-03-22T00:00:00,ORL vs. OKC,L,48.0,38,92,0.413,5,16,0.313,8,10,0.8,11,33,44,20,14.0,10,5,11,26,14,89,-8.0,1,25,25,25,6,41,14,73,46,51,54,79,80,37,35,29,33,58,31,4,30,93,84,68,62,51,1.0
2012-13,1610612753,ORL,Orlando Magic,0021201010,2013-03-20T00:00:00,ORL @ NYK,L,48.0,38,79,0.481,5,17,0.294,13,18,0.722,14,28,42,18,16.0,7,0,2,13,18,94,-12.0,1,25,25,25,6,41,68,31,46,47,61,42,39,59,14,71,46,70,56,30,92,7,7,30,46,66,1.0
2012-13,1610612753,ORL,Orlando Magic,0021201004,2013-03-19T00:00:00,ORL @ IND,L,48.0,28,88,0.318,3,15,0.2,14,21,0.667,10,32,42,12,10.0,7,7,6,22,21,73,-22.0,1,25,25,25,6,90,25,95,78,55,81,34,19,73,50,43,46,91,6,30,11,54,60,10,91,85,1.0
2012-13,1610612753,ORL,Orlando Magic,0021200986,2013-03-17T00:00:00,ORL @ MIL,L,48.0,47,93,0.505,5,21,0.238,10,15,0.667,11,33,44,21,13.0,10,4,3,21,13,109,-6.0,1,25,25,25,6,2,7,12,46,24,77,69,65,73,35,29,33,55,22,4,41,19,52,78,12,39,1.0
2012-13,1610612753,ORL,Orlando Magic,0021200974,2013-03-15T00:00:00,ORL @ OKC,L,48.0,40,92,0.435,7,27,0.259,17,21,0.81,7,26,33,12,10.0,12,0,4,23,16,104,-13.0,1,25,25,25,6,27,14,54,31,7,72,15,19,36,81,83,90,91,6,1,92,28,73,50,21,69,1.0
2012-13,1610612753,ORL,Orlando Magic,0021200949,2013-03-12T00:00:00,ORL vs. LAL,L,48.0,37,93,0.398,10,32,0.313,13,17,0.765,13,31,44,18,14.0,5,4,5,35,16,97,-9.0,1,25,25,25,6,49,7,77,10,1,54,42,49,51,20,57,33,70,31,59,41,43,95,50,37,57,1.0
2012-13,1610612753,ORL,Orlando Magic,0021200937,2013-03-10T00:00:00,ORL vs. PHI,W,48.0,41,83,0.494,12,27,0.444,5,7,0.714,5,36,41,28,16.0,4,9,6,14,13,99,8.0,1,1,1,1,6,20,46,21,1,7,7,90,94,65,92,12,56,15,56,78,4,54,14,78,32,12,0.0
2012-13,1610612753,ORL,Orlando Magic,0021200916,2013-03-08T00:00:00,ORL vs. IND,L,48.0,32,82,0.39,5,15,0.333,17,19,0.895,12,26,38,16,21.0,8,5,9,22,19,86,-29.0,1,25,25,25,6,77,50,81,46,55,44,15,32,9,28,83,75,83,92,19,30,87,60,21,68,90,1.0
2012-13,1610612753,ORL,Orlando Magic,0021200903,2013-03-06T00:00:00,ORL @ MIA,L,48.0,40,89,0.449,6,28,0.214,10,12,0.833,15,30,45,26,18.0,10,3,7,30,17,96,-1.0,1,25,25,25,6,27,22,47,37,5,79,69,75,27,10,62,27,21,75,4,57,71,92,41,42,25,0.0
2012-13,1610612753,ORL,Orlando Magic,0021200891,2013-03-04T00:00:00,ORL @ NOH,W,48.0,43,87,0.494,7,21,0.333,12,16,0.75,11,29,40,26,8.0,8,3,10,20,21,105,3.0,1,1,1,1,6,14,27,20,31,24,44,53,58,53,35,68,66,21,2,19,57,91,43,10,18,22,1.0
2012-13,1610612753,ORL,Orlando Magic,0021200883,2013-03-03T00:00:00,ORL vs. MEM,L,48.0,29,73,0.397,2,15,0.133,22,26,0.846,12,25,37,19,16.0,6,4,5,14,19,82,-26.0,1,25,25,25,6,89,89,78,85,55,88,2,6,21,28,86,79,66,56,41,41,43,14,21,77,88,0.0
2012-13,1610612753,ORL,Orlando Magic,0021200866,2013-03-01T00:00:00,ORL vs. HOU,L,48.0,44,78,0.564,9,22,0.409,13,16,0.813,6,25,31,30,17.0,8,1,1,21,16,110,-8.0,1,25,25,25,6,9,75,1,14,22,18,42,58,35,86,86,92,10,66,19,86,1,52,50,7,51,0.0
2012-13,1610612753,ORL,Orlando Magic,0021200851,2013-02-27T00:00:00,ORL vs. SAC,L,48.0,37,83,0.446,6,19,0.316,21,25,0.84,8,30,38,25,18.0,6,2,3,30,22,101,-24.0,1,25,25,25,6,49,46,49,37,38,53,4,7,26,70,62,75,28,75,41,75,19,92,8,29,86,1.0
2012-13,1610612753,ORL,Orlando Magic,0021200843,2013-02-26T00:00:00,ORL @ PHI,W,48.0,41,76,0.539,5,13,0.385,11,16,0.688,6,39,45,33,15.0,4,3,1,18,15,98,14.0,1,1,1,1,6,20,83,5,46,76,24,58,58,71,86,6,27,4,44,78,57,1,33,61,34,4,1.0
2012-13,1610612753,ORL,Orlando Magic,0021200825,2013-02-23T00:00:00,ORL vs. CLE,L,48.0,38,79,0.481,4,14,0.286,14,22,0.636,11,25,36,22,15.0,5,7,4,20,20,94,-24.0,1,25,25,25,6,41,68,31,67,69,63,34,11,77,35,86,80,49,44,59,11,28,43,16,46,86,1.0
2012-13,1610612753,ORL,Orlando Magic,0021200817,2013-02-22T00:00:00,ORL @ MEM,L,48.0,35,84,0.417,5,15,0.333,7,9,0.778,11,31,42,19,12.0,6,8,6,26,15,82,-6.0,1,25,25,25,6,64,42,70,46,55,44,86,83,46,35,57,46,66,15,41,6,54,84,61,77,39,1.0
2012-13,1610612753,ORL,Orlando Magic,0021200806,2013-02-20T00:00:00,ORL @ DAL,L,48.0,39,85,0.459,5,16,0.313,13,22,0.591,10,33,43,24,12.0,5,4,8,13,19,96,-15.0,1,25,25,25,6,37,40,41,46,51,54,42,11,84,50,29,40,35,15,59,41,82,7,21,42,74,1.0
2012-13,1610612753,ORL,Orlando Magic,0021200790,2013-02-19T00:00:00,ORL vs. CHA,L,48.0,37,89,0.416,4,25,0.16,14,17,0.824,13,33,46,26,14.0,7,2,5,20,18,92,-13.0,1,25,25,25,6,49,22,71,67,13,85,34,49,29,20,29,20,21,31,30,75,43,43,30,54,69,1.0
2012-13,1610612753,ORL,Orlando Magic,0021200775,2013-02-13T00:00:00,ORL vs. ATL,L,48.0,34,82,0.415,3,14,0.214,5,9,0.556,7,34,41,18,15.0,7,2,3,21,12,76,-32.0,1,25,25,25,6,70,50,72,78,69,79,90,83,88,81,23,56,70,44,30,75,19,52,86,85,92,1.0
2012-13,1610612753,ORL,Orlando Magic,0021200756,2013-02-10T00:00:00,ORL vs. POR,W,48.0,47,93,0.505,5,15,0.333,11,18,0.611,17,33,50,34,10.0,5,3,3,16,13,110,6.0,1,1,1,1,6,2,7,12,46,55,44,58,39,80,7,29,10,2,6,59,57,19,24,78,7,16,1.0
2012-13,1610612753,ORL,Orlando Magic,0021200740,2013-02-08T00:00:00,ORL @ CLE,L,48.0,45,86,0.523,8,21,0.381,10,13,0.769,9,30,39,30,19.0,3,7,3,26,15,108,-11.0,1,25,25,25,6,5,31,8,21,24,28,69,73,50,64,62,72,10,83,89,11,19,84,61,13,64,1.0
2012-13,1610612753,ORL,Orlando Magic,0021200723,2013-02-06T00:00:00,ORL vs. LAC,L,48.0,30,87,0.345,6,20,0.3,10,14,0.714,14,36,50,16,18.0,6,5,6,20,16,76,-10.0,1,25,25,25,6,83,27,93,37,33,60,69,70,65,14,12,10,83,75,41,30,54,43,50,85,62,1.0
2012-13,1610612753,ORL,Orlando Magic,0021200708,2013-02-04T00:00:00,ORL @ PHI,L,48.0,27,80,0.338,1,12,0.083,6,8,0.75,10,36,46,20,13.0,5,2,7,5,10,61,-17.0,1,25,25,25,6,92,61,94,90,85,91,88,88,53,50,12,20,58,22,59,75,71,1,92,95,80,0.0
2012-13,1610612753,ORL,Orlando Magic,0021200701,2013-02-02T00:00:00,ORL @ MIL,L,48.0,41,94,0.436,5,19,0.263,11,22,0.5,20,32,52,32,17.0,9,5,9,17,16,98,-9.0,1,25,25,25,6,20,6,53,46,38,71,58,11,91,1,43,7,7,66,11,30,87,28,50,34,57,1.0
2012-13,1610612753,ORL,Orlando Magic,0021200686,2013-02-01T00:00:00,ORL @ BOS,L,48.0,36,95,0.379,3,19,0.158,9,9,1.0,15,32,47,19,14.0,10,6,5,13,13,84,-13.0,1,25,25,25,6,58,3,84,78,38,86,75,83,1,10,43,16,66,31,4,23,43,7,78,74,69,1.0
2012-13,1610612753,ORL,Orlando Magic,0021200673,2013-01-30T00:00:00,ORL @ NYK,L,48.0,38,77,0.494,7,26,0.269,14,16,0.875,8,23,31,14,11.0,4,0,4,13,18,97,-16.0,1,25,25,25,6,41,79,23,31,10,69,34,58,14,70,93,92,89,12,78,92,28,7,30,37,78,1.0
2012-13,1610612753,ORL,Orlando Magic,0021200662,2013-01-28T00:00:00,ORL @ BKN,L,48.0,32,79,0.405,6,27,0.222,7,9,0.778,11,25,36,24,15.0,9,5,3,12,13,77,-20.0,1,25,25,25,6,77,68,75,37,7,78,86,83,46,35,86,80,35,44,11,30,19,3,78,83,82,1.0
2012-13,1610612753,ORL,Orlando Magic,0021200654,2013-01-27T00:00:00,ORL vs. DET,L,48.0,40,90,0.444,10,23,0.435,12,16,0.75,18,33,51,26,15.0,9,2,7,21,14,102,-2.0,1,25,25,25,6,27,18,50,10,18,10,53,58,53,3,29,8,21,44,11,75,71,52,68,25,27,1.0
2012-13,1610612753,ORL,Orlando Magic,0021200629,2013-01-24T00:00:00,ORL vs. TOR,L,48.0,35,81,0.432,8,18,0.444,17,20,0.85,10,31,41,22,14.0,6,4,7,12,20,95,-2.0,1,25,25,25,6,64,55,57,21,43,7,15,27,19,50,57,56,49,31,41,41,71,3,16,44,27,1.0
2012-13,1610612753,ORL,Orlando Magic,0021200615,2013-01-22T00:00:00,ORL @ DET,L,48.0,38,84,0.452,8,20,0.4,6,8,0.75,6,35,41,27,13.0,4,2,5,20,13,90,-15.0,1,25,25,25,6,41,42,45,21,33,19,88,88,53,86,18,56,18,22,78,75,43,43,78,58,74,1.0
2012-13,1610612753,ORL,Orlando Magic,0021200602,2013-01-20T00:00:00,ORL vs. DAL,L,48.0,40,79,0.506,9,21,0.429,16,20,0.8,5,37,42,26,14.0,5,3,7,14,13,105,-6.0,1,25,25,25,6,27,68,11,14,24,11,21,27,37,92,10,46,21,31,59,57,71,14,78,18,39,1.0
2012-13,1610612753,ORL,Orlando Magic,0021200586,2013-01-18T00:00:00,ORL vs. CHA,L,48.0,37,79,0.468,11,31,0.355,15,21,0.714,10,26,36,20,15.0,3,3,4,28,24,100,-6.0,1,25,25,25,6,49,68,38,4,2,39,29,19,65,50,83,80,58,44,89,57,28,88,5,30,39,0.0
2012-13,1610612753,ORL,Orlando Magic,0021200571,2013-01-16T00:00:00,ORL vs. IND,W,48.0,40,86,0.465,12,21,0.571,5,5,1.0,8,32,40,29,12.0,10,2,7,20,17,97,11.0,1,1,1,1,6,27,31,40,1,24,2,90,95,1,70,43,66,13,15,4,75,71,43,41,37,7,1.0
2012-13,1610612753,ORL,Orlando Magic,0021200556,2013-01-14T00:00:00,ORL @ WAS,L,48.0,37,87,0.425,5,18,0.278,12,15,0.8,11,27,38,23,14.0,7,3,6,16,21,91,-29.0,1,25,25,25,6,49,27,62,46,43,65,53,65,37,35,78,75,42,31,30,57,54,24,10,57,90,1.0
2012-13,1610612753,ORL,Orlando Magic,0021200541,2013-01-12T00:00:00,ORL @ LAC,W,48.0,39,81,0.481,11,25,0.44,15,19,0.789,10,31,41,28,13.0,6,1,6,12,15,104,3.0,1,1,1,1,6,37,55,30,4,13,9,29,32,41,50,57,56,15,22,41,86,54,3,61,21,22,1.0
2012-13,1610612753,ORL,Orlando Magic,0021200524,2013-01-09T00:00:00,ORL @ DEN,L,48.0,44,93,0.473,8,24,0.333,9,10,0.9,11,32,43,23,11.0,5,11,6,27,7,105,-3.0,1,25,25,25,6,9,7,37,21,15,44,75,80,7,35,43,40,42,12,59,1,54,87,95,18,31,1.0
2012-13,1610612753,ORL,Orlando Magic,0021200510,2013-01-07T00:00:00,ORL @ POR,L,53.0,46,93,0.495,11,30,0.367,16,18,0.889,6,30,36,35,10.0,4,4,4,24,14,119,-6.0,1,25,25,25,1,4,7,18,4,3,33,21,39,11,86,62,80,1,6,78,41,28,77,68,1,39,1.0
2012-13,1610612753,ORL,Orlando Magic,0021200490,2013-01-05T00:00:00,ORL vs. NYK,L,48.0,41,85,0.482,10,26,0.385,14,18,0.778,12,33,45,23,14.0,5,4,1,19,19,106,-8.0,1,25,25,25,6,20,40,29,10,10,24,34,39,46,28,29,27,42,31,59,41,1,36,21,17,51,1.0
2012-13,1610612753,ORL,Orlando Magic,0021200465,2013-01-02T00:00:00,ORL vs. CHI,L,48.0,37,78,0.474,9,24,0.375,11,14,0.786,8,28,36,16,12.0,4,4,5,22,16,94,-2.0,1,25,25,25,6,49,75,35,14,15,29,58,70,43,70,71,80,83,15,78,41,43,60,50,46,27,1.0
2012-13,1610612753,ORL,Orlando Magic,0021200454,2012-12-31T00:00:00,ORL vs. MIA,L,53.0,42,88,0.477,8,23,0.348,18,22,0.818,18,32,50,24,17.0,5,4,3,24,17,110,-2.0,1,25,25,25,1,17,25,33,21,18,41,10,11,32,3,43,10,35,66,59,41,19,77,41,7,27,1.0
2012-13,1610612753,ORL,Orlando Magic,0021200439,2012-12-29T00:00:00,ORL vs. TOR,L,48.0,36,81,0.444,5,18,0.278,11,22,0.5,10,25,35,18,7.0,6,8,2,13,18,88,-35.0,1,25,25,25,6,58,55,50,46,43,65,58,11,91,50,86,87,70,1,41,6,7,7,30,65,94,1.0
2012-13,1610612753,ORL,Orlando Magic,0021200425,2012-12-28T00:00:00,ORL @ WAS,L,48.0,39,86,0.453,10,28,0.357,9,11,0.818,9,32,41,25,14.0,5,2,8,13,14,97,-8.0,1,25,25,25,6,37,31,44,10,5,36,75,77,32,64,43,56,28,31,59,75,82,7,68,37,51,1.0
2012-13,1610612753,ORL,Orlando Magic,0021200412,2012-12-26T00:00:00,ORL vs. NOH,L,48.0,36,79,0.456,11,30,0.367,11,13,0.846,11,27,38,25,14.0,5,5,7,17,17,94,-3.0,1,25,25,25,6,58,68,42,4,3,33,58,73,21,35,78,75,28,31,59,30,71,28,41,46,31,1.0
2012-13,1610612753,ORL,Orlando Magic,0021200401,2012-12-23T00:00:00,ORL vs. UTA,L,48.0,38,76,0.5,9,20,0.45,8,15,0.533,12,33,45,25,20.0,4,3,3,22,17,93,-4.0,1,25,25,25,6,41,83,14,14,33,6,79,65,89,28,29,27,28,87,78,57,19,60,41,51,35,1.0
2012-13,1610612753,ORL,Orlando Magic,0021200380,2012-12-21T00:00:00,ORL @ TOR,L,48.0,35,70,0.5,4,14,0.286,16,19,0.842,8,37,45,22,18.0,4,2,4,15,20,90,-3.0,1,25,25,25,6,64,92,14,67,69,63,21,32,23,70,10,27,49,75,78,75,28,20,16,58,31,1.0
2012-13,1610612753,ORL,Orlando Magic,0021200368,2012-12-19T00:00:00,ORL vs. WAS,W,48.0,34,81,0.42,8,20,0.4,14,17,0.824,10,38,48,18,13.0,11,3,5,12,21,90,7.0,1,1,1,1,6,70,55,66,21,33,19,34,49,29,50,8,14,70,22,3,57,43,3,10,58,15,1.0
2012-13,1610612753,ORL,Orlando Magic,0021200350,2012-12-17T00:00:00,ORL vs. MIN,W,48.0,44,82,0.537,6,14,0.429,8,8,1.0,6,36,42,31,17.0,9,3,2,22,15,102,9.0,1,1,1,1,6,9,50,6,37,69,11,79,88,1,86,12,46,8,66,11,57,7,60,61,25,10,1.0
2012-13,1610612753,ORL,Orlando Magic,0021200336,2012-12-15T00:00:00,ORL @ CHA,W,48.0,43,79,0.544,5,17,0.294,16,19,0.842,11,32,43,25,14.0,1,8,7,25,16,107,9.0,1,1,1,1,6,14,68,3,46,47,61,21,32,23,35,43,40,28,31,95,6,71,82,50,16,10,1.0
2012-13,1610612753,ORL,Orlando Magic,0021200330,2012-12-14T00:00:00,ORL vs. GSW,W,48.0,41,86,0.477,9,21,0.429,8,11,0.727,13,40,53,26,15.0,8,11,2,15,15,99,14.0,1,1,1,1,6,20,31,34,14,24,11,79,77,57,20,4,3,21,44,19,1,7,20,61,32,4,1.0
2012-13,1610612753,ORL,Orlando Magic,0021200310,2012-12-12T00:00:00,ORL vs. ATL,L,48.0,31,81,0.383,7,22,0.318,11,11,1.0,10,29,39,17,16.0,9,3,6,14,11,80,-6.0,1,25,25,25,6,80,55,83,31,22,52,58,77,1,50,68,72,78,56,11,57,54,14,91,81,39,1.0
2012-13,1610612753,ORL,Orlando Magic,0021200296,2012-12-09T00:00:00,ORL @ PHX,W,48.0,40,77,0.519,5,15,0.333,13,18,0.722,9,35,44,31,18.0,7,0,3,15,19,98,8.0,1,1,1,1,6,27,79,9,46,55,44,42,39,59,64,18,33,8,75,30,92,19,20,21,34,12,1.0
2012-13,1610612753,ORL,Orlando Magic,0021200281,2012-12-07T00:00:00,ORL @ SAC,L,48.0,30,80,0.375,4,15,0.267,18,21,0.857,6,34,40,17,16.0,6,3,6,24,19,82,-9.0,1,25,25,25,6,83,61,87,67,55,70,10,19,17,86,23,66,78,56,41,57,54,77,21,77,57,1.0
2012-13,1610612753,ORL,Orlando Magic,0021200265,2012-12-05T00:00:00,ORL @ UTA,L,48.0,34,77,0.442,1,15,0.067,12,17,0.706,13,33,46,15,20.0,6,7,4,20,16,81,-6.0,1,25,25,25,6,70,79,52,90,55,95,53,49,69,20,29,20,88,87,41,11,28,43,50,80,39,1.0
2012-13,1610612753,ORL,Orlando Magic,0021200250,2012-12-03T00:00:00,ORL @ GSW,W,48.0,40,92,0.435,8,23,0.348,14,16,0.875,11,32,43,29,8.0,8,4,5,19,20,102,8.0,1,1,1,1,6,27,14,54,21,18,41,34,58,14,35,43,40,13,2,19,41,43,36,16,25,12,1.0
2012-13,1610612753,ORL,Orlando Magic,0021200244,2012-12-02T00:00:00,ORL @ LAL,W,48.0,43,86,0.5,8,23,0.348,19,20,0.95,5,39,44,34,12.0,5,10,2,28,16,113,10.0,1,1,1,1,6,14,31,14,21,18,41,6,27,5,92,6,33,2,15,59,3,7,88,50,3,8,1.0
2012-13,1610612753,ORL,Orlando Magic,0021200224,2012-11-30T00:00:00,ORL vs. BKN,L,48.0,35,78,0.449,1,11,0.091,15,19,0.789,8,28,36,20,9.0,5,2,6,19,17,86,-12.0,1,25,25,25,6,64,75,48,90,88,90,29,32,41,70,71,80,58,4,59,75,54,36,41,68,66,1.0
2012-13,1610612753,ORL,Orlando Magic,0021200210,2012-11-28T00:00:00,ORL vs. SAS,L,48.0,41,95,0.432,2,15,0.133,5,8,0.625,18,28,46,16,17.0,8,3,9,14,8,89,-21.0,1,25,25,25,6,20,3,58,85,55,88,90,88,78,3,71,20,83,66,19,57,87,14,93,62,83,1.0
2012-13,1610612753,ORL,Orlando Magic,0021200195,2012-11-25T00:00:00,ORL vs. BOS,L,53.0,41,90,0.456,11,26,0.423,17,19,0.895,10,32,42,20,19.0,9,8,2,19,22,110,-6.0,1,25,25,25,1,20,18,43,4,10,15,15,32,9,50,43,46,58,83,11,6,7,36,8,7,39,1.0
2012-13,1610612753,ORL,Orlando Magic,0021200172,2012-11-23T00:00:00,ORL vs. CLE,W,48.0,40,80,0.5,11,21,0.524,17,20,0.85,12,24,36,21,18.0,5,3,1,30,24,108,4.0,1,1,1,1,6,27,61,14,4,24,5,15,27,19,28,91,80,55,75,59,57,1,92,5,13,18,1.0
2012-13,1610612753,ORL,Orlando Magic,0021200158,2012-11-21T00:00:00,ORL vs. DET,W,48.0,36,83,0.434,5,20,0.25,13,18,0.722,9,44,53,24,15.0,3,5,2,23,16,90,16.0,1,1,1,1,6,58,46,56,46,33,73,42,39,59,64,1,3,35,44,89,30,7,73,50,58,2,1.0
2012-13,1610612753,ORL,Orlando Magic,0021200149,2012-11-19T00:00:00,ORL @ ATL,L,48.0,31,82,0.378,2,10,0.2,8,14,0.571,11,44,55,17,19.0,6,5,4,19,18,72,-9.0,1,25,25,25,6,80,50,85,85,92,81,79,70,87,35,1,2,78,83,41,30,28,36,30,93,57,1.0
2012-13,1610612753,ORL,Orlando Magic,0021200140,2012-11-18T00:00:00,ORL @ TOR,L,48.0,32,80,0.4,4,13,0.308,18,21,0.857,8,32,40,18,16.0,2,1,6,22,21,86,-11.0,1,25,25,25,6,77,61,76,67,76,57,10,19,17,70,43,66,70,56,94,86,54,60,10,68,64,1.0
2012-13,1610612753,ORL,Orlando Magic,0021200123,2012-11-16T00:00:00,ORL @ DET,W,48.0,44,89,0.494,7,17,0.412,15,17,0.882,14,30,44,27,15.0,7,3,4,17,18,110,4.0,1,1,1,1,6,9,22,19,31,47,17,29,49,13,14,62,33,18,44,30,57,28,28,30,7,18,1.0
2012-13,1610612753,ORL,Orlando Magic,0021200104,2012-11-13T00:00:00,ORL vs. NYK,L,48.0,37,75,0.493,5,14,0.357,10,17,0.588,9,33,42,28,20.0,7,5,1,9,14,89,-10.0,1,25,25,25,6,49,85,24,46,69,36,69,49,85,64,29,46,15,87,30,30,1,2,68,62,62,1.0
2012-13,1610612753,ORL,Orlando Magic,0021200090,2012-11-11T00:00:00,ORL @ BKN,L,48.0,30,84,0.357,1,13,0.077,13,18,0.722,11,31,42,22,12.0,6,4,8,22,17,74,-8.0,1,25,25,25,6,83,42,91,90,76,92,42,39,59,35,57,46,49,15,41,41,82,60,41,89,51,1.0
2012-13,1610612753,ORL,Orlando Magic,0021200069,2012-11-09T00:00:00,ORL vs. BKN,L,48.0,30,70,0.429,4,11,0.364,4,8,0.5,7,28,35,19,18.0,3,6,6,22,13,68,-39.0,1,25,25,25,6,83,92,61,67,88,35,94,88,91,81,71,87,66,75,89,23,54,60,78,94,95,1.0
2012-13,1610612753,ORL,Orlando Magic,0021200060,2012-11-07T00:00:00,ORL @ MIN,L,48.0,28,80,0.35,3,12,0.25,16,20,0.8,12,29,41,17,20.0,6,7,9,22,18,75,-15.0,1,25,25,25,6,90,61,92,78,85,73,21,27,37,28,68,56,78,87,41,11,87,60,30,87,74,1.0
2012-13,1610612753,ORL,Orlando Magic,0021200050,2012-11-06T00:00:00,ORL @ CHI,L,48.0,36,86,0.419,8,19,0.421,13,17,0.765,11,32,43,23,12.0,4,5,7,22,12,93,-6.0,1,25,25,25,6,58,31,69,21,38,16,42,49,51,35,43,40,42,15,78,30,71,60,86,51,39,1.0
2012-13,1610612753,ORL,Orlando Magic,0021200039,2012-11-04T00:00:00,ORL vs. PHX,W,48.0,45,92,0.489,9,11,0.818,16,19,0.842,13,33,46,26,11.0,7,1,10,17,17,115,21.0,1,1,1,1,6,5,14,25,14,88,1,21,32,23,20,29,20,21,12,30,86,91,28,41,2,1,1.0
2012-13,1610612753,ORL,Orlando Magic,0021200016,2012-11-02T00:00:00,ORL vs. DEN,W,48.0,42,86,0.488,5,15,0.333,13,18,0.722,11,35,46,24,13.0,8,8,5,24,17,102,13.0,1,1,1,1,6,17,31,26,46,55,44,42,39,59,35,18,20,35,22,19,6,43,77,41,25,6,1.0
2012-13,1610612753,ORL,Orlando Magic,0011200110,2012-10-26T00:00:00,ORL vs. HOU,L,48.0,38,96,0.396,5,18,0.278,11,16,0.688,17,34,51,18,14.0,5,3,2,23,14,92,-16.0,1,25,25,25,6,41,2,79,46,43,65,58,58,71,7,23,8,70,31,59,57,7,73,68,54,78,
2012-13,1610612753,ORL,Orlando Magic,0011200099,2012-10-24T00:00:00,ORL @ MEM,L,48.0,38,78,0.487,12,21,0.571,12,17,0.706,10,30,40,25,17.0,5,6,1,20,12,100,-15.0,1,25,25,25,6,41,75,27,1,24,2,53,49,69,50,62,66,28,66,59,23,1,43,86,30,74,
2012-13,1610612753,ORL,Orlando Magic,0011200085,2012-10-21T00:00:00,ORL vs. SAS,W,48.0,40,81,0.494,5,13,0.385,19,23,0.826,8,34,42,24,16.0,10,4,2,24,19,104,4.0,1,1,1,1,6,27,55,22,46,76,24,6,9,28,70,23,46,35,56,4,41,7,77,21,21,18,
2012-13,1610612753,ORL,Orlando Magic,0011200072,2012-10-19T00:00:00,ORL vs. IND,W,48.0,45,82,0.549,5,13,0.385,17,22,0.773,8,36,44,30,17.0,6,7,4,23,20,112,16.0,1,1,1,1,6,5,50,2,46,76,24,15,11,49,70,12,33,10,66,41,11,28,73,16,5,2,
2012-13,1610612753,ORL,Orlando Magic,0011200059,2012-10-16T00:00:00,ORL @ DET,L,48.0,36,74,0.486,4,13,0.308,10,15,0.667,4,27,31,22,22.0,7,7,4,19,14,86,-26.0,1,25,25,25,6,58,86,28,67,76,57,69,65,73,95,78,92,49,94,30,11,28,36,68,68,88,
2012-13,1610612753,ORL,Orlando Magic,0011200047,2012-10-15T00:00:00,ORL @ CLE,L,53.0,45,95,0.474,6,16,0.375,15,21,0.714,10,32,42,33,15.0,8,6,2,29,19,111,-3.0,1,25,25,25,1,5,3,36,37,51,29,29,19,65,50,43,46,4,44,19,23,7,90,21,6,31,
2012-13,1610612753,ORL,Orlando Magic,0011200026,2012-10-11T00:00:00,ORL vs. PHI,L,48.0,42,93,0.452,3,12,0.25,8,12,0.667,14,35,49,20,16.0,4,4,4,20,14,95,-7.0,1,25,25,25,6,17,7,46,78,85,73,79,75,73,14,18,13,58,56,78,41,28,43,68,44,50,
2012-13,1610612753,ORL,Orlando Magic,0011200007,2012-10-07T00:00:00,ORL @ NOH,L,48.0,27,72,0.375,4,21,0.19,22,28,0.786,13,33,46,20,21.0,8,2,7,29,27,80,-5.0,1,25,25,25,6,92,90,87,67,24,84,2,4,43,20,29,20,58,92,19,75,71,90,3,81,37,
2012-13,1610612754,IND,Indiana Pacers,0041200307,2013-06-03T00:00:00,IND @ MIA,L,48.0,28,69,0.406,6,20,0.3,14,20,0.7,8,29,37,14,21.0,3,3,5,28,22,76,-23.0,1,67,67,67,7,96,97,78,52,44,71,78,78,74,97,79,92,94,101,101,88,44,108,56,104,111,1.0
2012-13,1610612754,IND,Indiana Pacers,0041200306,2013-06-01T00:00:00,IND vs. MIA,W,48.0,37,74,0.5,6,11,0.545,11,18,0.611,15,38,53,19,21.0,5,3,6,19,21,91,14.0,1,1,1,1,7,31,81,11,52,105,8,98,86,102,29,14,14,55,101,82,88,61,32,71,63,22,1.0
2012-13,1610612754,IND,Indiana Pacers,0041200305,2013-05-30T00:00:00,IND @ MIA,L,48.0,31,69,0.449,5,13,0.385,12,15,0.8,6,27,33,11,18.0,6,5,7,19,11,79,-11.0,1,67,67,67,7,83,97,43,69,100,35,91,101,34,106,87,107,106,79,61,55,78,32,112,97,92,1.0
2012-13,1610612754,IND,Indiana Pacers,0041200304,2013-05-28T00:00:00,IND vs. MIA,W,48.0,35,70,0.5,3,14,0.214,26,33,0.788,15,34,49,18,13.0,3,5,5,25,30,99,7.0,1,1,1,1,7,47,92,11,100,91,100,14,15,43,29,38,27,64,22,101,55,44,90,4,35,42,1.0
2012-13,1610612754,IND,Indiana Pacers,0041200303,2013-05-26T00:00:00,IND vs. MIA,L,48.0,29,73,0.397,8,14,0.571,30,44,0.682,18,27,45,16,11.0,1,3,5,25,30,96,-18.0,1,67,67,67,7,91,85,85,23,91,4,6,4,80,6,87,56,84,15,111,88,44,90,4,46,104,1.0
2012-13,1610612754,IND,Indiana Pacers,0041200302,2013-05-24T00:00:00,IND @ MIA,W,48.0,33,66,0.5,5,12,0.417,26,32,0.813,11,28,39,18,17.0,6,3,4,23,27,97,4.0,1,1,1,1,7,69,105,11,69,103,27,14,19,30,63,83,86,64,70,61,88,25,80,17,41,57,1.0
2012-13,1610612754,IND,Indiana Pacers,0041200301,2013-05-22T00:00:00,IND @ MIA,L,53.0,37,83,0.446,4,14,0.286,24,32,0.75,17,26,43,18,20.0,10,2,9,30,28,102,-1.0,1,67,67,67,2,31,30,50,88,91,75,20,19,56,13,96,69,64,93,9,103,100,110,14,24,67,1.0
2012-13,1610612754,IND,Indiana Pacers,0041200216,2013-05-18T00:00:00,IND vs. NYK,W,48.0,34,67,0.507,4,15,0.267,34,46,0.739,11,32,43,17,9.0,4,7,0,16,34,106,7.0,1,1,1,1,7,57,102,9,88,83,82,1,1,62,63,56,69,75,4,92,29,1,14,1,16,42,1.0
2012-13,1610612754,IND,Indiana Pacers,0041200215,2013-05-16T00:00:00,IND @ NYK,L,48.0,25,69,0.362,6,19,0.316,19,33,0.576,12,31,43,12,19.0,6,3,5,18,30,75,-10.0,1,67,67,67,7,107,97,103,52,53,64,44,15,111,56,66,69,104,85,61,88,44,24,4,106,89,1.0
2012-13,1610612754,IND,Indiana Pacers,0041200214,2013-05-14T00:00:00,IND vs. NYK,W,48.0,31,76,0.408,8,25,0.32,23,30,0.767,16,38,54,17,16.0,4,8,9,18,29,93,11.0,1,1,1,1,7,83,73,75,23,13,62,23,25,50,21,14,10,75,60,92,23,100,24,9,57,25,1.0
2012-13,1610612754,IND,Indiana Pacers,0041200213,2013-05-11T00:00:00,IND vs. NYK,W,48.0,28,80,0.35,10,33,0.303,16,23,0.696,18,35,53,14,17.0,7,1,3,23,23,82,11.0,1,1,1,1,7,96,44,105,10,1,70,69,66,75,6,33,14,94,70,48,110,15,80,45,87,25,1.0
2012-13,1610612754,IND,Indiana Pacers,0041200212,2013-05-07T00:00:00,IND @ NYK,L,48.0,30,66,0.455,8,25,0.32,11,18,0.611,7,28,35,19,21.0,4,5,4,18,20,79,-26.0,1,67,67,67,7,86,105,38,23,13,62,98,86,102,104,83,100,55,101,92,55,25,24,82,97,112,1.0
2012-13,1610612754,IND,Indiana Pacers,0041200211,2013-05-05T00:00:00,IND @ NYK,W,48.0,37,76,0.487,8,23,0.348,20,26,0.769,11,33,44,21,16.0,3,8,4,21,21,102,7.0,1,1,1,1,7,31,73,19,23,24,53,37,47,48,63,47,65,36,60,101,23,25,57,71,24,42,0.0
2012-13,1610612754,IND,Indiana Pacers,0041200126,2013-05-03T00:00:00,IND @ ATL,W,48.0,32,76,0.421,3,15,0.2,14,21,0.667,7,46,53,17,16.0,7,9,4,20,19,81,8.0,1,1,1,1,7,76,73,69,100,83,102,78,72,85,104,2,14,75,60,48,11,25,47,87,89,36,1.0
2012-13,1610612754,IND,Indiana Pacers,0041200125,2013-05-01T00:00:00,IND vs. ATL,W,48.0,35,69,0.507,7,19,0.368,29,35,0.829,8,43,51,24,17.0,2,2,2,30,24,106,23.0,1,1,1,1,7,47,97,10,39,53,40,9,9,24,97,5,23,17,70,109,103,4,110,38,16,8,1.0
2012-13,1610612754,IND,Indiana Pacers,0041200124,2013-04-29T00:00:00,IND @ ATL,L,48.0,32,84,0.381,7,23,0.304,20,25,0.8,15,30,45,22,14.0,8,4,4,28,25,91,-11.0,1,67,67,67,7,76,25,93,39,24,69,37,52,34,29,73,56,29,32,29,71,25,108,31,63,92,1.0
2012-13,1610612754,IND,Indiana Pacers,0041200123,2013-04-27T00:00:00,IND @ ATL,L,48.0,22,81,0.272,4,25,0.16,21,28,0.75,17,35,52,10,22.0,6,5,6,27,27,69,-21.0,1,67,67,67,7,112,40,112,88,13,105,30,32,56,13,33,20,110,107,61,55,61,104,17,111,108,1.0
2012-13,1610612754,IND,Indiana Pacers,0041200122,2013-04-24T00:00:00,IND vs. ATL,W,48.0,41,87,0.471,10,25,0.4,21,29,0.724,15,32,47,22,10.0,10,5,4,19,24,113,15.0,1,1,1,1,7,4,15,30,10,13,31,30,27,66,29,56,43,29,11,9,55,25,32,38,6,19,1.0
2012-13,1610612754,IND,Indiana Pacers,0041200121,2013-04-21T00:00:00,IND vs. ATL,W,48.0,35,78,0.449,7,19,0.368,30,34,0.882,15,33,48,23,14.0,8,4,3,19,26,107,17.0,1,1,1,1,7,47,64,44,39,53,40,6,11,7,29,47,33,21,32,29,71,15,32,21,14,17,1.0
2012-13,1610612754,IND,Indiana Pacers,0021201221,2013-04-17T00:00:00,IND vs. PHI,L,48.0,36,80,0.45,6,26,0.231,17,27,0.63,13,29,42,17,16.0,8,4,6,14,23,95,-10.0,1,67,67,67,7,40,44,41,52,8,97,61,40,95,48,79,75,75,60,29,71,61,5,45,52,89,1.0
2012-13,1610612754,IND,Indiana Pacers,0021201196,2013-04-14T00:00:00,IND @ NYK,L,48.0,28,65,0.431,8,28,0.286,16,26,0.615,13,32,45,20,26.0,6,3,2,19,24,80,-10.0,1,67,67,67,7,96,108,63,23,2,75,69,47,98,48,56,56,44,112,61,88,4,32,38,94,89,1.0
2012-13,1610612754,IND,Indiana Pacers,0021201178,2013-04-12T00:00:00,IND vs. BKN,L,48.0,40,80,0.5,8,19,0.421,21,26,0.808,12,23,35,25,16.0,9,7,6,24,24,109,-8.0,1,67,67,67,7,11,44,11,23,53,26,30,47,33,56,110,100,13,60,18,29,61,84,38,11,85,1.0
2012-13,1610612754,IND,Indiana Pacers,0021201154,2013-04-09T00:00:00,IND vs. CLE,W,48.0,32,79,0.405,4,16,0.25,31,46,0.674,18,27,45,13,14.0,14,6,7,14,29,99,5.0,1,1,1,1,7,76,58,79,88,74,87,3,1,84,6,87,56,100,32,1,41,78,5,9,35,51,1.0
2012-13,1610612754,IND,Indiana Pacers,0021201138,2013-04-06T00:00:00,IND @ WAS,L,48.0,35,86,0.407,3,20,0.15,12,15,0.8,10,37,47,17,15.0,2,1,7,21,22,85,-19.0,1,67,67,67,7,47,19,76,100,44,107,91,101,34,74,21,43,75,49,109,110,78,57,56,82,105,1.0
2012-13,1610612754,IND,Indiana Pacers,0021201130,2013-04-05T00:00:00,IND vs. OKC,L,48.0,27,72,0.375,2,21,0.095,19,24,0.792,9,22,31,13,11.0,6,3,4,19,21,75,-22.0,1,67,67,67,7,101,87,95,107,40,112,44,59,41,85,111,110,100,15,61,88,25,32,71,106,109,1.0
2012-13,1610612754,IND,Indiana Pacers,0021201107,2013-04-01T00:00:00,IND @ LAC,W,48.0,39,71,0.549,10,23,0.435,21,28,0.75,9,26,35,29,15.0,8,4,1,25,23,109,3.0,1,1,1,1,7,17,89,3,10,24,23,30,32,56,85,96,100,2,49,29,71,2,90,45,11,62,1.0
2012-13,1610612754,IND,Indiana Pacers,0021201092,2013-03-30T00:00:00,IND @ PHX,W,48.0,37,80,0.463,4,15,0.267,34,46,0.739,19,26,45,18,14.0,12,5,3,20,30,112,8.0,1,1,1,1,7,31,44,34,88,83,82,1,1,62,4,96,56,64,32,3,55,15,47,4,7,36,1.0
2012-13,1610612754,IND,Indiana Pacers,0021201072,2013-03-28T00:00:00,IND @ DAL,W,48.0,40,84,0.476,7,15,0.467,16,26,0.615,15,40,55,22,13.0,8,4,7,19,24,103,25.0,1,1,1,1,7,11,25,25,39,83,14,69,47,98,29,10,8,29,22,29,71,78,32,38,21,5,1.0
2012-13,1610612754,IND,Indiana Pacers,0021201064,2013-03-27T00:00:00,IND @ HOU,W,48.0,35,78,0.449,6,18,0.333,24,28,0.857,9,36,45,20,14.0,9,5,4,21,25,100,9.0,1,1,1,1,7,47,64,44,52,63,57,20,32,16,85,29,56,44,32,18,55,25,57,31,31,35,1.0
2012-13,1610612754,IND,Indiana Pacers,0021201050,2013-03-25T00:00:00,IND vs. ATL,W,48.0,40,84,0.476,8,23,0.348,12,15,0.8,15,34,49,18,21.0,7,6,7,17,17,100,6.0,1,1,1,1,7,11,25,25,23,24,53,91,101,34,29,38,27,64,101,48,41,78,20,95,31,47,1.0
2012-13,1610612754,IND,Indiana Pacers,0021201035,2013-03-23T00:00:00,IND @ CHI,L,48.0,30,78,0.385,5,14,0.357,19,24,0.792,9,34,43,13,9.0,8,5,5,20,22,84,-3.0,1,67,67,67,7,86,64,92,69,91,48,44,59,41,85,38,69,100,4,29,55,44,47,56,84,74,1.0
2012-13,1610612754,IND,Indiana Pacers,0021201024,2013-03-22T00:00:00,IND vs. MIL,W,48.0,38,79,0.481,3,12,0.25,23,30,0.767,11,45,56,23,14.0,6,11,6,20,21,102,24.0,1,1,1,1,7,25,58,23,100,103,87,23,25,50,63,4,6,21,32,61,4,61,47,71,24,6,1.0
2012-13,1610612754,IND,Indiana Pacers,0021201004,2013-03-19T00:00:00,IND vs. ORL,W,48.0,34,87,0.391,6,23,0.261,21,24,0.875,15,48,63,18,15.0,4,6,7,21,22,95,22.0,1,1,1,1,7,57,15,90,52,24,85,30,59,9,29,1,2,64,49,92,41,78,57,56,52,9,1.0
2012-13,1610612754,IND,Indiana Pacers,0021200995,2013-03-18T00:00:00,IND @ CLE,W,48.0,39,88,0.443,8,22,0.364,25,29,0.862,15,42,57,29,14.0,8,9,7,16,21,111,21.0,1,1,1,1,7,17,12,53,23,32,42,17,27,14,29,7,5,2,32,29,11,78,14,71,8,10,1.0
2012-13,1610612754,IND,Indiana Pacers,0021200981,2013-03-16T00:00:00,IND @ PHI,L,48.0,34,88,0.386,6,16,0.375,17,21,0.81,18,29,47,25,14.0,5,3,14,20,21,91,-7.0,1,67,67,67,7,57,12,91,52,74,37,61,72,31,6,79,43,13,32,82,88,112,47,71,63,82,1.0
2012-13,1610612754,IND,Indiana Pacers,0021200971,2013-03-15T00:00:00,IND vs. LAL,L,48.0,37,99,0.374,12,27,0.444,7,9,0.778,17,37,54,17,16.0,6,6,8,26,17,93,-6.0,1,67,67,67,7,31,1,98,2,4,19,111,111,46,13,21,10,75,60,61,41,92,98,95,57,80,1.0
2012-13,1610612754,IND,Indiana Pacers,0021200958,2013-03-13T00:00:00,IND vs. MIN,W,48.0,41,82,0.5,9,25,0.36,16,26,0.615,15,34,49,22,12.0,8,6,4,26,26,107,16.0,1,1,1,1,7,4,37,11,16,13,46,69,47,98,29,38,27,29,17,29,41,25,98,21,14,18,1.0
2012-13,1610612754,IND,Indiana Pacers,0021200938,2013-03-10T00:00:00,IND @ MIA,L,48.0,26,63,0.413,10,27,0.37,29,34,0.853,6,27,33,14,18.0,8,1,5,23,29,91,-14.0,1,67,67,67,7,104,110,72,10,4,39,9,11,17,106,87,107,94,79,29,110,44,80,9,63,100,1.0
2012-13,1610612754,IND,Indiana Pacers,0021200916,2013-03-08T00:00:00,IND @ ORL,W,48.0,43,83,0.518,11,19,0.579,18,23,0.783,13,32,45,33,13.0,5,9,5,19,22,115,29.0,1,1,1,1,7,2,30,7,4,53,2,57,66,45,48,56,56,1,22,82,11,44,32,56,2,3,1.0
2012-13,1610612754,IND,Indiana Pacers,0021200901,2013-03-06T00:00:00,IND vs. BOS,L,48.0,32,88,0.364,6,27,0.222,11,14,0.786,16,34,50,12,14.0,9,11,8,13,19,81,-2.0,1,67,67,67,7,76,12,100,52,4,99,98,104,44,21,38,25,104,32,18,4,92,4,87,89,70,1.0
2012-13,1610612754,IND,Indiana Pacers,0021200887,2013-03-03T00:00:00,IND vs. CHI,W,48.0,33,71,0.465,6,13,0.462,25,33,0.758,10,32,42,19,15.0,10,6,5,21,27,97,5.0,1,1,1,1,7,69,89,32,52,100,15,17,15,55,74,56,75,55,49,9,41,44,57,17,41,51,1.0
2012-13,1610612754,IND,Indiana Pacers,0021200864,2013-03-01T00:00:00,IND @ TOR,W,48.0,34,70,0.486,7,20,0.35,18,22,0.818,10,33,43,20,20.0,7,4,6,24,25,93,12.0,1,1,1,1,7,57,92,21,39,44,51,57,68,29,74,47,69,44,93,48,71,61,84,31,57,24,1.0
2012-13,1610612754,IND,Indiana Pacers,0021200861,2013-02-28T00:00:00,IND vs. LAC,L,48.0,32,75,0.427,9,25,0.36,18,25,0.72,14,26,40,18,20.0,6,4,6,22,26,91,-8.0,1,67,67,67,7,76,77,66,16,13,46,57,52,70,40,96,85,64,93,61,71,61,73,21,63,85,1.0
2012-13,1610612754,IND,Indiana Pacers,0021200844,2013-02-26T00:00:00,IND vs. GSW,W,48.0,41,84,0.488,6,21,0.286,20,27,0.741,14,28,42,22,13.0,14,9,6,17,23,108,11.0,1,1,1,1,7,4,25,17,52,40,75,37,40,60,40,83,75,29,22,1,11,61,20,45,13,25,1.0
2012-13,1610612754,IND,Indiana Pacers,0021200827,2013-02-23T00:00:00,IND @ DET,W,48.0,34,75,0.453,8,22,0.364,14,19,0.737,10,38,48,21,20.0,8,6,2,25,22,90,18.0,1,1,1,1,7,57,77,40,23,32,42,78,81,64,74,14,33,36,93,29,41,4,90,56,68,15,1.0
2012-13,1610612754,IND,Indiana Pacers,0021200814,2013-02-22T00:00:00,IND vs. DET,W,48.0,41,73,0.562,10,14,0.714,22,33,0.667,4,43,47,29,14.0,10,6,5,25,26,114,32.0,1,1,1,1,7,4,85,1,10,91,1,28,15,85,111,5,43,2,32,9,41,44,90,21,4,2,1.0
2012-13,1610612754,IND,Indiana Pacers,0021200801,2013-02-20T00:00:00,IND vs. NYK,W,48.0,42,79,0.532,11,24,0.458,30,39,0.769,14,40,54,28,21.0,8,9,3,25,29,125,34.0,1,1,1,1,7,3,58,5,4,21,16,6,7,48,40,10,10,5,101,29,11,15,90,9,1,1,1.0
2012-13,1610612754,IND,Indiana Pacers,0021200777,2013-02-13T00:00:00,IND vs. CHA,W,48.0,41,95,0.432,6,19,0.316,13,19,0.684,18,35,53,24,7.0,7,9,8,21,20,101,24.0,1,1,1,1,7,4,4,62,52,53,64,88,81,78,6,33,14,17,1,48,11,92,57,82,29,6,1.0
2012-13,1610612754,IND,Indiana Pacers,0021200764,2013-02-11T00:00:00,IND vs. BKN,L,53.0,33,96,0.344,5,22,0.227,13,18,0.722,17,36,53,16,8.0,6,7,6,26,21,84,-5.0,1,67,67,67,2,69,3,107,69,32,98,88,86,68,13,29,14,84,3,61,29,61,98,71,84,78,1.0
2012-13,1610612754,IND,Indiana Pacers,0021200737,2013-02-08T00:00:00,IND vs. TOR,L,53.0,35,78,0.449,9,22,0.409,19,28,0.679,10,32,42,23,19.0,6,7,9,22,31,98,-2.0,1,67,67,67,2,47,64,44,16,32,29,44,32,82,74,56,75,21,85,61,29,100,73,3,39,70,1.0
2012-13,1610612754,IND,Indiana Pacers,0021200721,2013-02-06T00:00:00,IND @ PHI,W,48.0,32,81,0.395,5,17,0.294,19,25,0.76,16,38,54,20,10.0,10,4,8,8,17,88,19.0,1,1,1,1,7,76,40,86,69,66,73,44,52,52,21,14,10,44,11,9,71,92,1,95,75,13,1.0
2012-13,1610612754,IND,Indiana Pacers,0021200715,2013-02-05T00:00:00,IND vs. ATL,W,48.0,36,75,0.48,11,25,0.44,31,40,0.775,5,32,37,28,12.0,7,8,3,26,33,114,11.0,1,1,1,1,7,40,77,24,4,13,20,3,6,47,109,56,92,5,17,48,23,15,98,2,4,25,1.0
2012-13,1610612754,IND,Indiana Pacers,0021200413,2013-02-04T00:00:00,IND vs. CHI,W,48.0,39,74,0.527,6,14,0.429,27,34,0.794,13,34,47,23,16.0,6,8,6,19,25,111,10.0,1,1,1,1,7,17,81,6,52,91,25,12,11,39,48,38,43,21,60,61,23,61,32,31,8,30,1.0
2012-13,1610612754,IND,Indiana Pacers,0021200685,2013-02-01T00:00:00,IND vs. MIA,W,48.0,39,70,0.557,7,17,0.412,17,24,0.708,8,26,34,21,17.0,5,3,6,22,22,102,13.0,1,1,1,1,7,17,92,2,39,66,28,61,59,72,97,96,103,36,70,82,88,61,73,56,24,23,1.0
2012-13,1610612754,IND,Indiana Pacers,0021200671,2013-01-30T00:00:00,IND vs. DET,W,48.0,36,81,0.444,7,14,0.5,19,21,0.905,15,41,56,23,17.0,8,4,10,18,17,98,19.0,1,1,1,1,7,40,40,51,39,91,9,44,72,3,29,9,6,21,70,29,71,104,24,95,39,13,1.0
2012-13,1610612754,IND,Indiana Pacers,0021200664,2013-01-28T00:00:00,IND @ DEN,L,48.0,39,85,0.459,11,23,0.478,12,17,0.706,16,27,43,23,18.0,6,5,4,27,23,101,-1.0,1,67,67,67,7,17,20,37,4,24,12,91,94,73,21,87,69,21,79,61,55,25,104,45,29,67,1.0
2012-13,1610612754,IND,Indiana Pacers,0021200650,2013-01-26T00:00:00,IND @ UTA,L,53.0,44,82,0.537,7,21,0.333,15,18,0.833,17,25,42,21,22.0,9,5,6,24,18,110,-4.0,1,67,67,67,2,1,37,4,39,40,57,76,86,20,13,104,75,36,107,18,55,61,84,90,10,77,1.0
2012-13,1610612754,IND,Indiana Pacers,0021200627,2013-01-23T00:00:00,IND @ POR,L,48.0,30,80,0.375,6,23,0.261,14,17,0.824,10,24,34,16,13.0,8,2,4,20,17,80,-20.0,1,67,67,67,7,86,44,95,52,24,85,78,94,25,74,108,103,84,22,29,103,25,47,95,94,107,1.0
2012-13,1610612754,IND,Indiana Pacers,0021200605,2013-01-21T00:00:00,IND @ MEM,W,48.0,34,69,0.493,8,17,0.471,6,11,0.545,9,25,34,22,20.0,8,11,2,14,12,82,1.0,1,1,1,1,7,57,97,16,23,66,13,112,110,112,85,104,103,29,93,29,4,4,5,111,87,66,1.0
2012-13,1610612754,IND,Indiana Pacers,0021200587,2013-01-18T00:00:00,IND vs. HOU,W,48.0,40,87,0.46,11,19,0.579,14,17,0.824,14,27,41,21,14.0,11,9,10,20,17,105,10.0,1,1,1,1,7,11,15,35,4,53,2,78,94,25,40,87,82,36,32,4,11,104,47,95,19,30,1.0
2012-13,1610612754,IND,Indiana Pacers,0021200571,2013-01-16T00:00:00,IND @ ORL,L,48.0,37,85,0.435,2,17,0.118,10,12,0.833,12,32,44,18,15.0,6,7,2,17,20,86,-11.0,1,67,67,67,7,31,20,57,107,66,109,106,107,20,56,56,65,64,49,61,29,4,20,82,79,92,1.0
2012-13,1610612754,IND,Indiana Pacers,0021200565,2013-01-15T00:00:00,IND @ CHA,W,48.0,36,87,0.414,8,22,0.364,23,28,0.821,18,42,60,25,16.0,5,9,6,24,23,103,27.0,1,1,1,1,7,40,15,70,23,32,42,23,32,27,6,7,3,13,60,82,11,61,84,45,21,4,1.0
2012-13,1610612754,IND,Indiana Pacers,0021200551,2013-01-13T00:00:00,IND @ BKN,L,48.0,35,83,0.422,6,24,0.25,10,12,0.833,9,30,39,18,9.0,8,9,3,21,15,86,-11.0,1,67,67,67,7,47,30,68,52,21,87,106,107,20,85,73,86,64,4,29,11,15,57,106,79,92,1.0
2012-13,1610612754,IND,Indiana Pacers,0021200543,2013-01-12T00:00:00,IND vs. CHA,W,48.0,38,89,0.427,11,28,0.393,9,12,0.75,17,31,48,24,14.0,11,6,7,21,20,96,8.0,1,1,1,1,7,25,10,65,4,2,34,108,107,56,13,66,33,17,32,4,41,78,57,82,46,36,1.0
2012-13,1610612754,IND,Indiana Pacers,0021200527,2013-01-10T00:00:00,IND vs. NYK,W,48.0,31,79,0.392,5,21,0.238,14,16,0.875,12,36,48,16,10.0,8,5,7,19,18,81,5.0,1,1,1,1,7,83,58,89,69,40,93,78,98,9,56,29,33,84,11,29,55,78,32,90,89,51,1.0
2012-13,1610612754,IND,Indiana Pacers,0021200512,2013-01-08T00:00:00,IND vs. MIA,W,48.0,33,91,0.363,9,22,0.409,12,19,0.632,22,33,55,20,9.0,9,2,10,21,21,87,10.0,1,1,1,1,7,69,9,101,16,32,29,91,81,94,1,47,8,44,4,18,103,104,57,71,78,30,1.0
2012-13,1610612754,IND,Indiana Pacers,0021200491,2013-01-05T00:00:00,IND vs. MIL,W,48.0,40,92,0.435,3,20,0.15,12,20,0.6,22,37,59,19,13.0,5,6,10,18,14,95,15.0,1,1,1,1,7,11,6,59,100,44,107,91,78,107,1,21,4,55,22,82,41,104,24,110,52,19,1.0
2012-13,1610612754,IND,Indiana Pacers,0021200483,2013-01-04T00:00:00,IND @ BOS,L,48.0,27,85,0.318,4,17,0.235,17,28,0.607,16,31,47,14,19.0,8,7,8,15,28,75,-19.0,1,67,67,67,7,101,20,111,88,66,94,61,32,106,21,66,43,94,85,29,29,92,10,14,106,105,1.0
2012-13,1610612754,IND,Indiana Pacers,0021200467,2013-01-02T00:00:00,IND vs. WAS,W,48.0,29,77,0.377,5,16,0.313,26,31,0.839,11,37,48,17,17.0,9,3,6,14,25,89,8.0,1,1,1,1,7,91,69,94,69,74,66,14,21,19,63,21,33,75,70,18,88,61,5,31,71,36,1.0
2012-13,1610612754,IND,Indiana Pacers,0021200452,2012-12-31T00:00:00,IND vs. MEM,W,48.0,28,70,0.4,12,25,0.48,20,24,0.833,11,27,38,21,18.0,9,9,5,19,22,88,5.0,1,1,1,1,7,96,92,81,2,13,11,37,59,20,63,87,90,36,79,18,11,44,32,56,75,51,1.0
2012-13,1610612754,IND,Indiana Pacers,0021200438,2012-12-29T00:00:00,IND @ ATL,L,48.0,38,80,0.475,5,15,0.333,19,22,0.864,11,25,36,20,10.0,6,6,2,15,23,100,-9.0,1,67,67,67,7,25,44,27,69,83,57,44,68,11,63,104,97,44,11,61,41,4,10,45,31,88,1.0
2012-13,1610612754,IND,Indiana Pacers,0021200426,2012-12-28T00:00:00,IND vs. PHX,W,48.0,34,77,0.442,8,16,0.5,21,29,0.724,16,32,48,19,15.0,6,2,2,22,26,97,6.0,1,1,1,1,7,57,69,54,23,74,9,30,27,66,21,56,33,55,49,61,103,4,73,21,41,47,1.0
2012-13,1610612754,IND,Indiana Pacers,0021200393,2012-12-22T00:00:00,IND @ NOH,W,48.0,33,77,0.429,4,17,0.235,11,18,0.611,13,31,44,20,14.0,5,10,10,21,24,81,6.0,1,1,1,1,7,69,69,64,88,66,94,98,86,102,48,66,65,44,32,82,7,104,57,38,89,47,1.0
2012-13,1610612754,IND,Indiana Pacers,0021200385,2012-12-21T00:00:00,IND @ CLE,W,48.0,39,80,0.488,5,16,0.313,16,25,0.64,11,33,44,24,18.0,9,5,6,21,22,99,10.0,1,1,1,1,7,17,44,18,69,74,66,69,52,93,63,47,65,17,79,18,55,61,57,56,35,30,1.0
2012-13,1610612754,IND,Indiana Pacers,0021200369,2012-12-19T00:00:00,IND vs. UTA,W,48.0,41,80,0.513,9,16,0.563,13,18,0.722,6,31,37,21,15.0,7,8,6,26,23,104,20.0,1,1,1,1,7,4,44,8,16,74,6,88,86,68,106,66,92,36,49,48,23,61,98,45,20,11,1.0
2012-13,1610612754,IND,Indiana Pacers,0021200361,2012-12-18T00:00:00,IND @ MIL,L,48.0,32,80,0.4,2,8,0.25,27,34,0.794,18,33,51,15,20.0,7,3,12,22,29,93,-5.0,1,67,67,67,7,76,44,81,107,112,87,12,11,39,6,47,23,91,93,48,88,109,73,9,57,78,1.0
2012-13,1610612754,IND,Indiana Pacers,0021200340,2012-12-15T00:00:00,IND @ DET,W,48.0,35,72,0.486,7,24,0.292,11,16,0.688,5,37,42,25,14.0,8,9,4,21,16,88,11.0,1,1,1,1,7,47,87,20,39,21,74,98,98,76,109,21,75,13,32,29,11,25,57,103,75,25,1.0
2012-13,1610612754,IND,Indiana Pacers,0021200327,2012-12-14T00:00:00,IND vs. PHI,W,48.0,35,77,0.455,8,14,0.571,17,27,0.63,14,34,48,19,16.0,4,10,4,21,20,95,10.0,1,1,1,1,7,47,69,38,23,91,4,61,40,95,40,38,33,55,60,92,7,25,57,82,52,30,1.0
2012-13,1610612754,IND,Indiana Pacers,0021200311,2012-12-12T00:00:00,IND vs. CLE,W,48.0,34,83,0.41,5,18,0.278,23,28,0.821,13,35,48,23,14.0,7,8,6,21,28,96,15.0,1,1,1,1,7,57,30,74,69,63,78,23,32,27,48,33,33,21,32,48,23,61,57,14,46,19,1.0
2012-13,1610612754,IND,Indiana Pacers,0021200294,2012-12-09T00:00:00,IND @ OKC,L,48.0,38,82,0.463,6,17,0.353,11,13,0.846,9,25,34,13,7.0,4,4,5,20,16,93,-11.0,1,67,67,67,7,25,37,33,52,66,50,98,106,18,85,104,103,100,1,92,71,44,47,103,57,92,1.0
2012-13,1610612754,IND,Indiana Pacers,0021200271,2012-12-07T00:00:00,IND vs. DEN,L,48.0,34,76,0.447,10,23,0.435,11,18,0.611,9,33,42,27,19.0,5,9,4,22,17,89,-3.0,1,67,67,67,7,57,73,48,10,24,23,98,86,102,85,47,75,7,85,82,11,25,73,95,71,74,1.0
2012-13,1610612754,IND,Indiana Pacers,0021200258,2012-12-05T00:00:00,IND vs. POR,W,48.0,36,80,0.45,9,26,0.346,18,19,0.947,13,33,46,20,15.0,6,7,3,12,15,99,7.0,1,1,1,1,7,40,44,41,16,8,55,57,81,1,48,47,51,44,49,61,29,15,2,106,35,42,1.0
2012-13,1610612754,IND,Indiana Pacers,0021200254,2012-12-04T00:00:00,IND @ CHI,W,48.0,29,80,0.363,2,10,0.2,20,27,0.741,16,30,46,17,12.0,10,4,7,21,21,80,4.0,1,1,1,1,7,91,44,102,107,109,102,37,40,60,21,73,51,75,17,9,71,78,57,71,94,57,1.0
2012-13,1610612754,IND,Indiana Pacers,0021200242,2012-12-01T00:00:00,IND @ GSW,L,48.0,34,74,0.459,8,22,0.364,16,20,0.8,8,28,36,20,16.0,6,7,3,19,22,92,-11.0,1,67,67,67,7,57,81,36,23,32,42,69,78,34,97,83,97,44,60,61,29,15,32,56,62,92,1.0
2012-13,1610612754,IND,Indiana Pacers,0021200231,2012-11-30T00:00:00,IND @ SAC,W,48.0,37,85,0.435,9,26,0.346,14,19,0.737,10,31,41,27,9.0,7,6,4,19,19,97,5.0,1,1,1,1,7,31,20,57,16,8,55,78,81,64,74,66,82,7,4,48,41,25,32,87,41,51,1.0
2012-13,1610612754,IND,Indiana Pacers,0021200208,2012-11-27T00:00:00,IND @ LAL,W,48.0,29,79,0.367,4,19,0.211,17,27,0.63,10,40,50,17,17.0,9,6,5,32,25,79,2.0,1,1,1,1,7,91,58,99,88,53,101,61,40,95,74,10,25,75,70,18,41,44,112,31,97,64,1.0
2012-13,1610612754,IND,Indiana Pacers,0021200176,2012-11-23T00:00:00,IND vs. SAS,L,48.0,38,92,0.413,7,16,0.438,14,21,0.667,19,30,49,27,14.0,1,5,2,23,21,97,-7.0,1,67,67,67,7,25,6,71,39,74,21,78,72,85,4,73,27,7,32,111,55,4,80,71,41,82,1.0
2012-13,1610612754,IND,Indiana Pacers,0021200160,2012-11-21T00:00:00,IND vs. NOH,W,53.0,40,92,0.435,15,27,0.556,20,28,0.714,17,32,49,26,9.0,6,16,7,24,26,115,8.0,1,1,1,1,2,11,6,59,1,4,7,37,32,71,13,56,27,10,4,61,1,78,84,21,2,36,1.0
2012-13,1610612754,IND,Indiana Pacers,0021200147,2012-11-19T00:00:00,IND @ WAS,W,48.0,34,70,0.486,3,19,0.158,25,29,0.862,8,38,46,20,21.0,5,10,2,27,27,96,7.0,1,1,1,1,7,57,92,21,100,53,106,17,27,14,97,14,51,44,101,82,7,4,104,17,46,42,0.0
2012-13,1610612754,IND,Indiana Pacers,0021200139,2012-11-18T00:00:00,IND @ NYK,L,48.0,28,71,0.394,8,20,0.4,12,18,0.667,9,38,47,21,19.0,4,7,4,18,15,76,-12.0,1,67,67,67,7,96,89,87,23,44,31,91,86,85,85,14,43,36,85,92,29,25,24,106,104,98,1.0
2012-13,1610612754,IND,Indiana Pacers,0021200124,2012-11-16T00:00:00,IND vs. DAL,W,48.0,39,83,0.47,6,16,0.375,19,31,0.613,10,36,46,23,9.0,11,5,5,15,23,103,20.0,1,1,1,1,7,17,30,31,52,74,37,44,21,101,74,29,51,21,4,4,55,44,10,45,21,11,1.0
2012-13,1610612754,IND,Indiana Pacers,0021200111,2012-11-14T00:00:00,IND @ MIL,L,48.0,30,80,0.375,5,20,0.25,20,31,0.645,16,37,53,19,20.0,3,4,8,18,22,85,-14.0,1,67,67,67,7,86,44,95,69,44,87,37,21,91,21,21,14,55,93,101,71,92,24,56,82,100,1.0
2012-13,1610612754,IND,Indiana Pacers,0021200105,2012-11-13T00:00:00,IND vs. TOR,L,48.0,24,75,0.32,5,15,0.333,19,25,0.76,14,35,49,14,12.0,8,7,1,16,23,72,-2.0,1,67,67,67,7,108,77,110,69,83,57,44,52,52,40,33,27,94,17,29,29,2,14,45,109,70,1.0
2012-13,1610612754,IND,Indiana Pacers,0021200082,2012-11-10T00:00:00,IND vs. WAS,W,48.0,34,80,0.425,7,16,0.438,14,24,0.583,14,34,48,16,13.0,4,4,5,12,21,89,4.0,1,1,1,1,7,57,44,67,39,74,21,78,59,110,40,38,33,84,22,92,71,44,2,71,71,57,1.0
2012-13,1610612754,IND,Indiana Pacers,0021200076,2012-11-09T00:00:00,IND @ MIN,L,48.0,37,84,0.44,5,18,0.278,15,17,0.882,11,26,37,18,13.0,7,4,5,21,16,94,-2.0,1,67,67,67,7,31,25,55,69,63,78,76,94,7,63,96,92,64,22,48,71,44,57,103,56,70,0.0
2012-13,1610612754,IND,Indiana Pacers,0021200055,2012-11-07T00:00:00,IND @ ATL,L,48.0,35,85,0.412,8,26,0.308,8,9,0.889,11,30,41,18,15.0,10,7,3,14,15,86,-3.0,1,67,67,67,7,47,20,73,23,8,68,110,111,4,63,73,82,64,49,9,29,15,5,106,79,74,1.0
2012-13,1610612754,IND,Indiana Pacers,0021200047,2012-11-05T00:00:00,IND @ SAS,L,48.0,27,79,0.342,6,20,0.3,19,22,0.864,17,31,48,11,19.0,3,7,2,17,17,79,-22.0,1,67,67,67,7,101,58,109,52,44,71,44,68,11,13,66,33,106,85,101,29,4,20,95,97,109,1.0
2012-13,1610612754,IND,Indiana Pacers,0021200028,2012-11-03T00:00:00,IND vs. SAC,W,58.0,39,99,0.394,4,22,0.182,24,27,0.889,21,46,67,16,24.0,10,14,13,19,26,106,8.0,1,1,1,1,1,17,1,88,88,32,104,20,40,4,3,2,1,84,109,9,2,110,32,21,16,36,1.0
2012-13,1610612754,IND,Indiana Pacers,0021200015,2012-11-02T00:00:00,IND @ CHA,L,48.0,33,83,0.398,7,26,0.269,16,27,0.593,14,38,52,19,19.0,5,5,9,16,22,89,-1.0,1,67,67,67,7,69,30,84,39,8,81,69,40,108,40,14,20,55,85,82,55,100,14,56,71,67,1.0
2012-13,1610612754,IND,Indiana Pacers,0021200004,2012-10-31T00:00:00,IND @ TOR,W,48.0,37,78,0.474,5,11,0.455,11,16,0.688,9,37,46,22,19.0,3,10,8,16,18,90,2.0,1,1,1,1,7,31,64,29,69,105,17,98,98,76,85,21,51,29,85,101,7,92,14,90,68,64,1.0
2012-13,1610612754,IND,Indiana Pacers,0011200111,2012-10-26T00:00:00,IND @ CHI,L,48.0,36,81,0.444,1,10,0.1,17,21,0.81,8,29,37,26,14.0,6,3,5,26,22,90,-7.0,1,67,67,67,7,40,40,51,112,109,111,61,72,31,97,79,92,10,32,61,88,44,98,56,68,82,
2012-13,1610612754,IND,Indiana Pacers,0011200096,2012-10-23T00:00:00,IND @ CLE,W,48.0,38,80,0.475,7,20,0.35,17,25,0.68,12,33,45,26,15.0,7,6,2,25,26,100,18.0,1,1,1,1,7,25,44,27,39,44,51,61,52,81,56,47,56,10,49,48,41,4,90,21,31,15,
2012-13,1610612754,IND,Indiana Pacers,0011200079,2012-10-20T00:00:00,IND vs. MEM,W,48.0,30,83,0.361,4,10,0.4,19,22,0.864,13,39,52,10,18.0,4,3,7,25,24,83,3.0,1,1,1,1,7,86,30,104,88,109,31,44,68,11,48,13,20,110,79,92,88,78,90,38,86,62,
2012-13,1610612754,IND,Indiana Pacers,0011200072,2012-10-19T00:00:00,IND @ ORL,L,48.0,36,89,0.404,2,19,0.105,22,24,0.917,12,26,38,15,15.0,9,4,7,20,23,96,-16.0,1,67,67,67,7,40,10,80,107,53,110,28,59,2,56,96,90,91,49,18,71,78,47,45,46,103,
2012-13,1610612754,IND,Indiana Pacers,0011200053,2012-10-16T00:00:00,IND vs. ATL,W,48.0,33,74,0.446,5,13,0.385,31,35,0.886,10,37,47,19,20.0,3,13,4,24,25,102,4.0,1,1,1,1,7,69,81,49,69,100,35,3,9,6,74,21,43,55,93,101,3,25,84,31,24,57,
2012-13,1610612754,IND,Indiana Pacers,0011200031,2012-10-12T00:00:00,IND vs. MIN,W,48.0,41,94,0.436,5,14,0.357,9,14,0.643,12,27,39,20,13.0,11,4,13,20,18,96,5.0,1,1,1,1,7,4,5,56,69,91,48,108,104,92,56,87,86,44,22,4,71,110,47,90,46,51,
2012-13,1610612754,IND,Indiana Pacers,0011200020,2012-10-10T00:00:00,IND @ MIN,L,48.0,23,66,0.348,5,15,0.333,19,25,0.76,9,30,39,14,25.0,7,4,4,27,22,70,-14.0,1,67,67,67,7,110,105,106,69,83,57,44,52,52,85,73,86,94,111,48,71,25,104,56,110,100,
2012-13,1610612755,PHI,Philadelphia 76ers,0021201221,2013-04-17T00:00:00,PHI @ IND,W,48.0,43,85,0.506,8,19,0.421,11,14,0.786,10,32,42,16,16.0,9,6,4,23,14,105,10.0,1,1,1,1,5,10,36,13,21,35,30,57,57,32,49,33,42,81,73,19,20,37,79,67,11,12,1.0
2012-13,1610612755,PHI,Philadelphia 76ers,0021201206,2013-04-15T00:00:00,PHI @ DET,L,48.0,39,87,0.448,6,22,0.273,17,21,0.81,13,26,39,25,13.0,10,5,3,15,21,101,-8.0,1,42,42,42,5,32,20,44,48,11,74,16,25,23,22,77,59,32,41,13,32,13,16,10,21,64,1.0
2012-13,1610612755,PHI,Philadelphia 76ers,0021201197,2013-04-14T00:00:00,PHI vs. CLE,W,48.0,38,86,0.442,8,21,0.381,7,11,0.636,10,29,39,27,12.0,9,9,6,12,12,91,14.0,1,1,1,1,5,38,25,48,21,18,41,76,67,74,49,54,59,18,30,19,6,65,4,80,52,6,1.0
2012-13,1610612755,PHI,Philadelphia 76ers,0021201177,2013-04-12T00:00:00,PHI @ WAS,W,48.0,40,93,0.43,7,22,0.318,10,11,0.909,11,36,47,29,13.0,11,3,7,13,13,97,11.0,1,1,1,1,5,22,7,58,34,11,58,60,67,3,37,12,17,10,41,12,62,77,5,74,39,9,1.0
2012-13,1610612755,PHI,Philadelphia 76ers,0021201164,2013-04-10T00:00:00,PHI vs. ATL,L,48.0,37,88,0.42,7,21,0.333,20,22,0.909,12,29,41,21,15.0,5,0,2,17,17,101,-23.0,1,42,42,42,5,44,16,65,34,18,54,7,21,3,28,54,45,55,62,68,93,5,31,41,21,90,1.0
2012-13,1610612755,PHI,Philadelphia 76ers,0021201155,2013-04-09T00:00:00,PHI @ BKN,L,48.0,30,80,0.375,7,14,0.5,16,20,0.8,8,26,34,16,7.0,6,2,7,17,16,83,-21.0,1,42,42,42,5,85,68,83,34,71,8,24,31,25,72,77,83,81,2,51,79,77,31,49,79,87,1.0
2012-13,1610612755,PHI,Philadelphia 76ers,0021201140,2013-04-06T00:00:00,PHI @ MIA,L,48.0,33,82,0.402,6,20,0.3,15,20,0.75,12,29,41,12,11.0,6,2,3,14,16,87,-19.0,1,42,42,42,5,73,58,74,48,28,67,27,31,40,28,54,45,92,17,51,79,13,8,49,66,84,1.0
2012-13,1610612755,PHI,Philadelphia 76ers,0021201129,2013-04-05T00:00:00,PHI @ ATL,W,48.0,37,80,0.463,9,16,0.563,18,24,0.75,11,37,48,24,12.0,8,4,4,19,19,101,11.0,1,1,1,1,5,44,68,37,11,60,2,14,12,40,37,7,10,38,30,31,43,37,49,24,21,9,1.0
2012-13,1610612755,PHI,Philadelphia 76ers,0021201112,2013-04-03T00:00:00,PHI @ CHA,L,48.0,33,94,0.351,4,16,0.25,13,16,0.813,19,28,47,16,15.0,12,1,5,16,13,83,-5.0,1,42,42,42,5,73,6,89,71,60,75,38,49,21,1,60,17,81,62,6,90,50,26,74,79,53,1.0
2012-13,1610612755,PHI,Philadelphia 76ers,0021201087,2013-03-30T00:00:00,PHI vs. CHA,W,48.0,38,73,0.521,5,16,0.313,19,27,0.704,7,26,33,28,10.0,7,1,3,24,22,100,8.0,1,1,1,1,5,38,87,7,62,60,61,9,6,61,79,77,86,14,14,47,90,13,83,7,26,21,1.0
2012-13,1610612755,PHI,Philadelphia 76ers,0021201078,2013-03-29T00:00:00,PHI @ CLE,W,48.0,42,86,0.488,7,18,0.389,6,10,0.6,12,31,43,26,9.0,5,6,6,13,15,97,10.0,1,1,1,1,5,15,25,23,34,41,38,81,75,80,28,41,33,25,8,68,20,65,5,59,39,12,1.0
2012-13,1610612755,PHI,Philadelphia 76ers,0021201058,2013-03-27T00:00:00,PHI vs. MIL,W,48.0,42,89,0.472,8,16,0.5,8,9,0.889,14,34,48,28,15.0,5,3,3,14,9,100,8.0,1,1,1,1,5,15,12,31,21,60,8,71,87,8,13,23,10,14,62,68,62,13,8,90,26,21,1.0
2012-13,1610612755,PHI,Philadelphia 76ers,0021201052,2013-03-25T00:00:00,PHI @ UTA,L,48.0,32,83,0.386,4,14,0.286,23,28,0.821,14,24,38,9,13.0,6,5,10,18,23,91,-16.0,1,42,42,42,5,78,54,81,71,71,70,3,4,18,13,89,66,94,41,51,32,91,37,3,52,78,1.0
2012-13,1610612755,PHI,Philadelphia 76ers,0021201047,2013-03-24T00:00:00,PHI @ SAC,W,48.0,47,96,0.49,8,21,0.381,15,21,0.714,17,31,48,31,9.0,9,4,3,15,15,117,14.0,1,1,1,1,5,1,3,21,21,18,41,27,25,55,5,41,10,2,8,19,43,13,16,59,1,6,1.0
2012-13,1610612755,PHI,Philadelphia 76ers,0021201020,2013-03-21T00:00:00,PHI @ DEN,L,48.0,43,78,0.551,7,18,0.389,7,11,0.636,7,27,34,27,23.0,13,5,8,22,19,100,-1.0,1,42,42,42,5,10,78,1,34,41,38,76,67,74,79,64,83,18,93,3,32,87,68,24,26,42,1.0
2012-13,1610612755,PHI,Philadelphia 76ers,0021201018,2013-03-20T00:00:00,PHI @ LAC,L,48.0,29,79,0.367,6,20,0.3,8,10,0.8,10,27,37,22,20.0,6,4,3,19,16,72,-29.0,1,42,42,42,5,88,72,86,48,28,67,71,75,25,49,64,71,50,89,51,43,13,49,49,90,94,1.0
2012-13,1610612755,PHI,Philadelphia 76ers,0021200993,2013-03-18T00:00:00,PHI vs. POR,W,48.0,43,86,0.5,5,16,0.313,10,13,0.769,8,35,43,31,14.0,7,8,6,15,14,101,1.0,1,1,1,1,5,10,25,14,62,60,61,60,59,35,72,15,33,2,54,47,8,65,16,67,21,40,1.0
2012-13,1610612755,PHI,Philadelphia 76ers,0021200981,2013-03-16T00:00:00,PHI vs. IND,W,48.0,39,79,0.494,6,13,0.462,14,19,0.737,9,32,41,28,14.0,6,14,3,21,20,98,7.0,1,1,1,1,5,32,72,20,48,80,19,34,38,50,60,33,45,14,54,51,1,13,63,16,36,27,1.0
2012-13,1610612755,PHI,Philadelphia 76ers,0021200956,2013-03-13T00:00:00,PHI vs. MIA,L,48.0,40,85,0.471,7,18,0.389,7,12,0.583,13,27,40,29,13.0,10,3,6,22,10,94,-4.0,1,42,42,42,5,22,36,32,34,41,38,76,63,87,22,64,54,10,41,13,62,65,68,86,45,49,1.0
2012-13,1610612755,PHI,Philadelphia 76ers,0021200943,2013-03-11T00:00:00,PHI vs. BKN,W,48.0,40,76,0.526,8,15,0.533,18,27,0.667,9,26,35,31,7.0,5,4,3,15,19,106,9.0,1,1,1,1,5,22,81,5,21,69,6,14,6,68,60,77,81,2,2,68,43,13,16,24,7,17,1.0
2012-13,1610612755,PHI,Philadelphia 76ers,0021200937,2013-03-10T00:00:00,PHI @ ORL,L,48.0,40,86,0.465,5,12,0.417,6,10,0.6,8,30,38,26,12.0,9,6,9,13,14,91,-8.0,1,42,42,42,5,22,25,36,62,86,32,81,75,80,72,46,66,25,30,19,20,88,5,67,52,64,0.0
2012-13,1610612755,PHI,Philadelphia 76ers,0021200921,2013-03-08T00:00:00,PHI @ MIA,L,48.0,37,77,0.481,10,21,0.476,9,11,0.818,6,27,33,22,17.0,10,3,7,20,9,93,-9.0,1,42,42,42,5,44,80,27,7,18,14,66,67,19,87,64,86,50,80,13,62,77,61,90,46,68,1.0
2012-13,1610612755,PHI,Philadelphia 76ers,0021200902,2013-03-06T00:00:00,PHI @ ATL,L,48.0,37,86,0.43,6,17,0.353,16,21,0.762,15,33,48,30,15.0,8,2,5,15,17,96,-11.0,1,42,42,42,5,44,25,56,48,51,51,24,25,38,10,29,10,8,62,31,79,50,16,41,42,72,1.0
2012-13,1610612755,PHI,Philadelphia 76ers,0021200896,2013-03-05T00:00:00,PHI vs. BOS,L,48.0,41,100,0.41,5,21,0.238,14,18,0.778,19,26,45,24,14.0,14,3,5,18,16,101,-8.0,1,42,42,42,5,18,1,71,62,18,81,34,44,33,1,77,25,38,54,1,62,50,37,49,21,64,1.0
2012-13,1610612755,PHI,Philadelphia 76ers,0021200882,2013-03-03T00:00:00,PHI @ WAS,L,48.0,33,85,0.388,6,19,0.316,15,20,0.75,9,33,42,20,9.0,8,3,7,19,20,87,-3.0,1,42,42,42,5,73,36,79,48,35,59,27,31,40,60,29,42,61,8,31,62,77,49,16,66,45,1.0
2012-13,1610612755,PHI,Philadelphia 76ers,0021200876,2013-03-02T00:00:00,PHI vs. GSW,W,48.0,44,85,0.518,12,18,0.667,4,9,0.444,11,37,48,29,23.0,9,5,3,18,14,104,7.0,1,1,1,1,5,5,36,8,2,41,1,91,87,93,37,7,10,10,93,19,32,13,37,67,13,27,1.0
2012-13,1610612755,PHI,Philadelphia 76ers,0021200862,2013-02-28T00:00:00,PHI @ CHI,L,48.0,33,85,0.388,4,11,0.364,12,21,0.571,12,35,47,16,12.0,5,8,15,24,12,82,-11.0,1,42,42,42,5,73,36,79,71,89,45,48,25,88,28,15,17,81,30,68,8,94,83,80,82,72,1.0
2012-13,1610612755,PHI,Philadelphia 76ers,0021200843,2013-02-26T00:00:00,PHI vs. ORL,L,48.0,32,81,0.395,7,21,0.333,13,18,0.722,8,29,37,26,11.0,6,1,3,15,18,84,-14.0,1,42,42,42,5,78,63,76,34,18,54,38,44,53,72,54,71,25,17,51,90,13,16,34,76,77,1.0
2012-13,1610612755,PHI,Philadelphia 76ers,0021200835,2013-02-24T00:00:00,PHI @ NYK,L,48.0,36,85,0.424,4,13,0.308,17,20,0.85,11,33,44,18,12.0,8,2,3,22,18,93,-6.0,1,42,42,42,5,54,36,61,71,80,64,16,31,11,37,29,29,73,30,31,79,13,68,34,46,56,1.0
2012-13,1610612755,PHI,Philadelphia 76ers,0021200826,2013-02-23T00:00:00,PHI vs. MIA,L,48.0,35,78,0.449,11,28,0.393,9,10,0.9,7,25,32,25,12.0,1,3,2,15,10,90,-24.0,1,42,42,42,5,60,78,43,4,2,37,66,75,5,79,85,89,32,30,94,62,5,16,86,55,92,1.0
2012-13,1610612755,PHI,Philadelphia 76ers,0021200805,2013-02-20T00:00:00,PHI @ MIN,L,48.0,31,81,0.383,4,13,0.308,21,32,0.656,10,29,39,18,10.0,8,5,5,30,23,87,-7.0,1,42,42,42,5,80,63,82,71,80,64,5,1,70,49,54,59,73,14,31,32,50,94,3,66,59,1.0
2012-13,1610612755,PHI,Philadelphia 76ers,0021200782,2013-02-13T00:00:00,PHI @ MIL,L,48.0,34,76,0.447,4,13,0.308,20,24,0.833,11,30,41,18,15.0,5,4,10,22,21,92,-2.0,1,42,42,42,5,68,81,45,71,80,64,7,12,15,37,46,45,73,62,68,43,91,68,10,49,43,1.0
2012-13,1610612755,PHI,Philadelphia 76ers,0021200761,2013-02-11T00:00:00,PHI vs. LAC,L,48.0,35,84,0.417,9,18,0.5,11,16,0.688,16,21,37,27,14.0,8,0,7,18,16,90,-17.0,1,42,42,42,5,60,47,67,11,41,8,57,49,65,7,93,71,18,54,31,93,77,37,49,55,80,1.0
2012-13,1610612755,PHI,Philadelphia 76ers,0021200748,2013-02-09T00:00:00,PHI vs. CHA,W,48.0,39,93,0.419,2,16,0.125,7,10,0.7,16,44,60,24,11.0,2,2,3,19,17,87,11.0,1,1,1,1,5,32,7,66,90,60,94,76,75,63,7,2,1,38,17,93,79,13,49,41,66,9,1.0
2012-13,1610612755,PHI,Philadelphia 76ers,0021200721,2013-02-06T00:00:00,PHI vs. IND,L,48.0,31,89,0.348,2,8,0.25,5,7,0.714,16,35,51,20,15.0,8,8,4,17,8,69,-19.0,1,42,42,42,5,80,12,90,90,94,75,89,91,55,7,15,5,61,62,31,8,37,31,93,92,84,1.0
2012-13,1610612755,PHI,Philadelphia 76ers,0021200708,2013-02-04T00:00:00,PHI vs. ORL,W,48.0,36,79,0.456,3,20,0.15,3,5,0.6,7,39,46,26,11.0,8,7,2,10,5,78,17.0,1,1,1,1,5,54,72,39,85,28,92,92,93,80,79,4,22,25,17,31,13,5,2,94,86,3,0.0
2012-13,1610612755,PHI,Philadelphia 76ers,0021200689,2013-02-01T00:00:00,PHI vs. SAC,W,48.0,36,76,0.474,3,14,0.214,14,19,0.737,9,38,47,20,20.0,6,4,4,18,15,89,9.0,1,1,1,1,5,54,81,30,85,71,86,34,38,50,60,5,17,61,89,51,43,37,37,59,57,17,1.0
2012-13,1610612755,PHI,Philadelphia 76ers,0021200670,2013-01-30T00:00:00,PHI vs. WAS,W,48.0,40,95,0.421,6,13,0.462,6,10,0.6,11,32,43,27,11.0,9,6,6,17,15,92,8.0,1,1,1,1,5,22,4,64,48,80,19,81,75,80,37,33,33,18,17,19,20,65,31,59,49,21,1.0
2012-13,1610612755,PHI,Philadelphia 76ers,0021200660,2013-01-28T00:00:00,PHI vs. MEM,L,48.0,45,83,0.542,4,9,0.444,6,9,0.667,6,21,27,25,10.0,8,4,4,14,15,100,-3.0,1,42,42,42,5,3,54,2,71,93,23,81,87,68,87,93,94,32,14,31,43,37,8,59,26,45,1.0
2012-13,1610612755,PHI,Philadelphia 76ers,0021200643,2013-01-26T00:00:00,PHI vs. NYK,W,48.0,38,75,0.507,6,19,0.316,15,22,0.682,4,30,34,16,11.0,6,5,4,22,17,97,17.0,1,1,1,1,5,38,84,12,48,35,59,27,21,66,93,46,83,81,17,51,32,37,68,41,39,3,1.0
2012-13,1610612755,PHI,Philadelphia 76ers,0021200616,2013-01-22T00:00:00,PHI @ MIL,L,48.0,42,95,0.442,8,16,0.5,10,13,0.769,19,27,46,29,16.0,6,3,5,22,13,102,-8.0,1,42,42,42,5,15,4,47,21,60,8,60,59,35,1,64,22,10,73,51,62,50,68,74,19,64,0.0
2012-13,1610612755,PHI,Philadelphia 76ers,0021200611,2013-01-21T00:00:00,PHI vs. SAS,L,48.0,37,84,0.44,4,14,0.286,7,11,0.636,7,35,42,25,16.0,6,6,3,16,12,85,-5.0,1,42,42,42,5,44,47,49,71,71,70,76,67,74,79,15,42,32,73,51,20,13,26,80,72,53,1.0
2012-13,1610612755,PHI,Philadelphia 76ers,0021200585,2013-01-18T00:00:00,PHI vs. TOR,W,53.0,47,91,0.516,4,19,0.211,10,14,0.714,10,29,39,30,13.0,6,6,5,19,19,108,7.0,1,1,1,1,1,1,9,9,71,35,87,60,57,55,49,54,59,8,41,51,20,50,49,24,4,27,1.0
2012-13,1610612755,PHI,Philadelphia 76ers,0021200564,2013-01-15T00:00:00,PHI vs. NOH,L,48.0,39,82,0.476,11,21,0.524,10,13,0.769,10,22,32,28,13.0,5,2,6,21,18,99,-12.0,1,42,42,42,5,32,58,29,4,18,7,60,59,35,49,92,89,14,41,68,79,65,63,34,32,74,1.0
2012-13,1610612755,PHI,Philadelphia 76ers,0021200544,2013-01-12T00:00:00,PHI vs. HOU,W,48.0,43,87,0.494,6,18,0.333,15,19,0.789,8,35,43,26,11.0,8,5,0,18,18,107,7.0,1,1,1,1,5,10,20,17,48,41,54,27,38,30,72,15,33,25,17,31,32,1,37,34,5,27,1.0
2012-13,1610612755,PHI,Philadelphia 76ers,0021200516,2013-01-09T00:00:00,PHI @ TOR,L,48.0,29,74,0.392,2,10,0.2,12,19,0.632,9,28,37,15,15.0,3,6,3,14,16,72,-18.0,1,42,42,42,5,88,86,78,90,92,88,48,38,77,60,60,71,88,62,88,20,13,8,49,90,82,1.0
2012-13,1610612755,PHI,Philadelphia 76ers,0021200511,2013-01-08T00:00:00,PHI vs. BKN,L,48.0,38,79,0.481,7,17,0.412,6,10,0.6,7,25,32,24,13.0,3,3,2,16,15,89,-20.0,1,42,42,42,5,38,72,26,34,51,34,81,75,80,79,85,89,38,41,88,62,5,26,59,57,86,1.0
2012-13,1610612755,PHI,Philadelphia 76ers,0021200496,2013-01-05T00:00:00,PHI @ SAS,L,48.0,35,84,0.417,3,17,0.176,13,20,0.65,5,36,41,19,14.0,10,7,5,17,17,86,-23.0,1,42,42,42,5,60,47,67,85,51,91,38,31,72,92,12,45,66,54,13,13,50,31,41,70,90,1.0
2012-13,1610612755,PHI,Philadelphia 76ers,0021200485,2013-01-04T00:00:00,PHI @ OKC,L,48.0,34,84,0.405,11,24,0.458,6,8,0.75,12,28,40,21,20.0,8,4,3,19,12,85,-24.0,1,42,42,42,5,68,47,72,4,7,21,81,90,40,28,60,54,55,89,31,43,13,49,80,72,92,1.0
2012-13,1610612755,PHI,Philadelphia 76ers,0021200474,2013-01-02T00:00:00,PHI @ PHX,L,48.0,37,84,0.44,5,14,0.357,10,12,0.833,10,34,44,21,17.0,7,3,7,18,16,89,-6.0,1,42,42,42,5,44,47,49,62,71,50,60,63,15,49,23,29,55,80,47,62,77,37,49,57,56,1.0
2012-13,1610612755,PHI,Philadelphia 76ers,0021200463,2013-01-01T00:00:00,PHI @ LAL,W,48.0,41,86,0.477,8,22,0.364,13,20,0.65,6,45,51,27,11.0,6,7,6,22,17,103,4.0,1,1,1,1,5,18,25,28,21,11,45,38,31,72,87,1,5,18,17,51,13,65,68,41,17,37,1.0
2012-13,1610612755,PHI,Philadelphia 76ers,0021200446,2012-12-29T00:00:00,PHI @ POR,L,48.0,36,85,0.424,4,17,0.235,9,11,0.818,14,31,45,19,13.0,5,3,6,14,14,85,-4.0,1,42,42,42,5,54,36,61,71,51,82,66,67,19,13,41,25,66,41,68,62,65,8,67,72,49,1.0
2012-13,1610612755,PHI,Philadelphia 76ers,0021200436,2012-12-28T00:00:00,PHI @ GSW,L,48.0,35,87,0.402,5,20,0.25,14,23,0.609,9,34,43,25,11.0,14,3,3,19,19,89,-7.0,1,42,42,42,5,60,20,75,62,28,75,34,15,79,60,23,33,32,17,1,62,13,49,24,57,59,1.0
2012-13,1610612755,PHI,Philadelphia 76ers,0021200416,2012-12-26T00:00:00,PHI @ MEM,W,48.0,37,71,0.521,9,16,0.563,16,23,0.696,8,30,38,23,17.0,9,12,4,15,18,99,10.0,1,1,1,1,5,44,90,6,11,60,2,24,15,64,72,46,66,45,80,19,2,37,16,34,32,12,1.0
2012-13,1610612755,PHI,Philadelphia 76ers,0021200399,2012-12-23T00:00:00,PHI @ BKN,L,48.0,38,88,0.432,8,18,0.444,8,10,0.8,14,35,49,19,9.0,4,2,3,22,11,92,-3.0,1,42,42,42,5,38,16,54,21,41,23,71,75,25,13,15,8,66,8,85,79,13,68,85,49,45,1.0
2012-13,1610612755,PHI,Philadelphia 76ers,0021200381,2012-12-21T00:00:00,PHI vs. ATL,W,48.0,44,86,0.512,8,19,0.421,3,7,0.429,15,30,45,31,12.0,9,4,3,11,15,99,19.0,1,1,1,1,5,5,25,10,21,35,30,92,91,94,10,46,25,2,30,19,43,13,3,59,32,2,1.0
2012-13,1610612755,PHI,Philadelphia 76ers,0021200372,2012-12-19T00:00:00,PHI @ HOU,L,48.0,40,89,0.449,6,17,0.353,17,24,0.708,14,25,39,21,11.0,6,3,3,21,20,103,-22.0,1,42,42,42,5,22,12,41,48,51,51,16,12,58,13,85,59,55,17,51,62,13,63,16,17,88,1.0
2012-13,1610612755,PHI,Philadelphia 76ers,0021200362,2012-12-18T00:00:00,PHI @ DAL,L,48.0,37,86,0.43,13,35,0.371,13,15,0.867,14,26,40,23,14.0,6,2,4,21,13,100,-7.0,1,42,42,42,5,44,25,56,1,1,44,38,55,9,13,77,54,45,54,51,79,37,63,74,26,59,0.0
2012-13,1610612755,PHI,Philadelphia 76ers,0021200347,2012-12-16T00:00:00,PHI vs. LAL,L,48.0,41,83,0.494,10,25,0.4,6,11,0.545,10,27,37,23,18.0,6,7,4,17,9,98,-13.0,1,42,42,42,5,18,54,18,7,3,36,81,67,90,49,64,71,45,85,51,13,37,31,90,36,75,1.0
2012-13,1610612755,PHI,Philadelphia 76ers,0021200327,2012-12-14T00:00:00,PHI @ IND,L,48.0,35,81,0.432,3,12,0.25,12,16,0.75,9,27,36,20,12.0,5,4,10,20,21,85,-10.0,1,42,42,42,5,60,63,53,85,86,75,48,49,40,60,64,79,61,30,68,43,91,61,10,72,71,1.0
2012-13,1610612755,PHI,Philadelphia 76ers,0021200312,2012-12-12T00:00:00,PHI vs. CHI,L,48.0,41,91,0.451,2,14,0.143,5,11,0.455,14,30,44,19,13.0,5,8,3,24,14,89,-7.0,1,42,42,42,5,18,9,40,90,71,93,89,67,92,13,46,29,66,41,68,8,13,83,67,57,59,1.0
2012-13,1610612755,PHI,Philadelphia 76ers,0021200298,2012-12-10T00:00:00,PHI vs. DET,W,48.0,44,82,0.537,4,11,0.364,12,23,0.522,13,32,45,23,12.0,8,7,5,25,20,104,7.0,1,1,1,1,5,5,58,4,71,89,45,48,15,91,22,33,25,45,30,31,13,50,88,16,13,27,1.0
2012-13,1610612755,PHI,Philadelphia 76ers,0021200285,2012-12-08T00:00:00,PHI @ BOS,L,48.0,31,79,0.392,4,17,0.235,13,16,0.813,12,24,36,16,8.0,4,3,2,19,19,79,-13.0,1,42,42,42,5,80,72,77,71,51,82,38,49,21,28,89,79,81,5,85,62,5,49,24,84,75,1.0
2012-13,1610612755,PHI,Philadelphia 76ers,0021200270,2012-12-07T00:00:00,PHI vs. BOS,W,53.0,37,99,0.374,2,11,0.182,19,26,0.731,17,37,54,19,9.0,12,4,7,26,23,95,1.0,1,1,1,1,1,44,2,84,90,89,89,9,9,52,5,7,2,66,8,6,43,77,90,3,44,40,1.0
2012-13,1610612755,PHI,Philadelphia 76ers,0021200251,2012-12-04T00:00:00,PHI vs. MIN,L,48.0,35,83,0.422,5,20,0.25,13,23,0.565,13,27,40,24,13.0,9,2,2,15,18,88,-17.0,1,42,42,42,5,60,54,63,62,28,75,38,15,89,22,64,54,38,41,19,79,5,16,34,62,80,1.0
2012-13,1610612755,PHI,Philadelphia 76ers,0021200235,2012-12-01T00:00:00,PHI @ CHI,L,48.0,36,82,0.439,3,12,0.25,13,18,0.722,11,26,37,17,11.0,10,5,6,19,16,88,-5.0,1,42,42,42,5,54,58,51,85,86,75,38,44,53,37,77,71,79,17,13,32,65,49,49,62,53,1.0
2012-13,1610612755,PHI,Philadelphia 76ers,0021200223,2012-11-30T00:00:00,PHI @ CHA,W,48.0,44,86,0.512,8,17,0.471,8,10,0.8,13,26,39,26,11.0,5,6,6,18,10,104,6.0,1,1,1,1,5,5,25,10,21,51,16,71,75,25,22,77,59,25,17,68,20,65,37,86,13,34,1.0
2012-13,1610612755,PHI,Philadelphia 76ers,0021200204,2012-11-27T00:00:00,PHI vs. DAL,W,48.0,35,75,0.467,6,14,0.429,24,32,0.75,13,27,40,22,17.0,9,3,1,25,22,100,2.0,1,1,1,1,5,60,84,34,48,71,26,2,1,40,22,64,54,50,80,19,62,2,88,7,26,39,1.0
2012-13,1610612755,PHI,Philadelphia 76ers,0021200194,2012-11-25T00:00:00,PHI vs. PHX,W,48.0,39,81,0.481,9,19,0.474,17,23,0.739,6,27,33,23,8.0,4,4,5,18,23,104,3.0,1,1,1,1,5,32,63,25,11,35,15,16,15,49,87,64,86,45,5,85,43,50,37,3,13,38,1.0
2012-13,1610612755,PHI,Philadelphia 76ers,0021200183,2012-11-24T00:00:00,PHI vs. OKC,L,53.0,45,91,0.495,7,20,0.35,12,17,0.706,12,31,43,31,16.0,7,4,5,28,20,109,-7.0,1,42,42,42,1,3,9,16,34,28,53,48,47,59,28,41,33,2,73,47,43,50,93,16,3,59,1.0
2012-13,1610612755,PHI,Philadelphia 76ers,0021200159,2012-11-21T00:00:00,PHI @ CLE,L,48.0,31,86,0.36,4,17,0.235,17,22,0.773,11,28,39,18,7.0,12,11,6,16,14,83,-9.0,1,42,42,42,5,80,25,87,71,51,82,16,21,34,37,60,59,73,2,6,3,65,26,67,79,68,1.0
2012-13,1610612755,PHI,Philadelphia 76ers,0021200154,2012-11-20T00:00:00,PHI vs. TOR,W,48.0,40,85,0.471,9,24,0.375,17,19,0.895,9,32,41,25,8.0,6,10,5,23,20,106,8.0,1,1,1,1,5,22,36,32,11,7,43,16,38,7,60,33,45,32,5,51,5,50,79,16,7,21,1.0
2012-13,1610612755,PHI,Philadelphia 76ers,0021200141,2012-11-18T00:00:00,PHI vs. CLE,W,48.0,34,80,0.425,9,20,0.45,9,12,0.75,9,32,41,27,12.0,8,9,4,15,16,86,7.0,1,1,1,1,5,68,68,60,11,28,22,66,63,40,60,33,45,18,30,31,6,37,16,49,70,27,1.0
2012-13,1610612755,PHI,Philadelphia 76ers,0021200122,2012-11-16T00:00:00,PHI vs. UTA,W,48.0,40,87,0.46,10,18,0.556,9,10,0.9,11,32,43,20,11.0,5,7,6,19,15,99,6.0,1,1,1,1,5,22,20,38,7,41,4,66,75,5,37,33,33,61,17,68,13,65,49,59,32,34,1.0
2012-13,1610612755,PHI,Philadelphia 76ers,0021200109,2012-11-14T00:00:00,PHI vs. DET,L,48.0,25,84,0.298,5,16,0.313,21,32,0.656,11,27,38,15,4.0,10,4,7,21,25,76,-18.0,1,42,42,42,5,92,47,94,62,60,61,5,1,70,37,64,66,88,1,13,43,77,63,1,88,82,1.0
2012-13,1610612755,PHI,Philadelphia 76ers,0021200096,2012-11-12T00:00:00,PHI vs. MIL,L,48.0,37,85,0.435,10,24,0.417,12,16,0.75,4,27,31,22,15.0,13,3,7,14,19,96,-9.0,1,42,42,42,5,44,36,52,7,7,32,48,49,40,93,64,93,50,62,3,62,77,8,24,42,68,1.0
2012-13,1610612755,PHI,Philadelphia 76ers,0021200081,2012-11-10T00:00:00,PHI @ TOR,W,48.0,34,73,0.466,6,14,0.429,19,25,0.76,9,37,46,21,15.0,8,4,4,19,21,93,10.0,1,1,1,1,5,68,87,35,48,71,26,9,11,39,60,7,22,55,62,31,43,37,49,10,46,12,1.0
2012-13,1610612755,PHI,Philadelphia 76ers,0021200070,2012-11-09T00:00:00,PHI @ BOS,W,48.0,40,82,0.488,7,13,0.538,19,23,0.826,8,30,38,27,16.0,12,7,3,22,19,106,6.0,1,1,1,1,5,22,58,24,34,80,5,9,15,17,72,46,66,18,73,6,13,13,68,24,7,34,1.0
2012-13,1610612755,PHI,Philadelphia 76ers,0021200058,2012-11-07T00:00:00,PHI @ NOH,W,48.0,35,84,0.417,4,22,0.182,3,5,0.6,9,34,43,19,15.0,5,6,9,16,12,77,15.0,1,1,1,1,5,60,47,67,71,11,89,92,93,80,60,23,33,66,62,68,20,88,26,80,87,5,1.0
2012-13,1610612755,PHI,Philadelphia 76ers,0021200042,2012-11-05T00:00:00,PHI vs. NYK,L,48.0,29,86,0.337,8,22,0.364,22,26,0.846,19,35,54,19,13.0,3,2,5,19,17,88,-22.0,1,42,42,42,5,88,25,92,21,11,45,4,9,13,1,15,2,66,41,88,79,50,49,41,62,88,1.0
2012-13,1610612755,PHI,Philadelphia 76ers,0021200037,2012-11-04T00:00:00,PHI @ NYK,L,48.0,34,79,0.43,8,17,0.471,8,10,0.8,10,31,41,14,18.0,8,2,5,18,10,84,-16.0,1,42,42,42,5,68,72,55,21,51,16,71,75,25,49,41,45,90,85,31,79,50,37,86,76,78,1.0
2012-13,1610612755,PHI,Philadelphia 76ers,0021200005,2012-10-31T00:00:00,PHI vs. DEN,W,48.0,30,85,0.353,7,25,0.28,17,21,0.81,14,33,47,18,16.0,13,11,5,14,22,84,9.0,1,1,1,1,5,85,36,88,34,3,73,16,25,23,13,29,17,73,73,3,3,50,8,7,76,17,1.0
2012-13,1610612755,PHI,Philadelphia 76ers,0011200092,2012-10-22T00:00:00,PHI vs. NYK,W,48.0,39,72,0.542,9,21,0.429,11,13,0.846,6,35,41,26,17.0,5,4,1,24,20,98,8.0,1,1,1,1,5,32,89,3,11,18,26,57,59,13,87,15,45,25,80,68,43,2,83,16,36,21,
2012-13,1610612755,PHI,Philadelphia 76ers,0011200088,2012-10-21T00:00:00,PHI @ BOS,W,48.0,33,80,0.413,7,24,0.292,15,22,0.682,10,27,37,22,16.0,12,4,9,26,16,88,9.0,1,1,1,1,5,73,68,70,34,7,69,27,21,66,49,64,71,50,73,6,43,88,90,49,62,17,
2012-13,1610612755,PHI,Philadelphia 76ers,0011200077,2012-10-19T00:00:00,PHI @ BKN,W,48.0,40,81,0.494,7,21,0.333,19,27,0.704,15,34,49,24,13.0,9,6,3,24,21,106,10.0,1,1,1,1,5,22,63,19,34,18,54,9,6,61,10,23,8,38,41,19,20,13,83,10,7,12,
2012-13,1610612755,PHI,Philadelphia 76ers,0011200061,2012-10-17T00:00:00,PHI vs. CLE,W,48.0,44,88,0.5,12,25,0.48,13,21,0.619,14,36,50,31,19.0,9,6,4,22,17,113,14.0,1,1,1,1,5,5,16,14,2,3,13,38,25,78,13,12,7,2,87,19,20,37,68,41,2,6,
2012-13,1610612755,PHI,Philadelphia 76ers,0011200046,2012-10-15T00:00:00,PHI vs. BOS,W,48.0,43,88,0.489,6,14,0.429,15,19,0.789,10,38,48,32,12.0,12,5,3,18,21,107,32.0,1,1,1,1,5,10,16,22,48,71,26,27,38,30,49,5,10,1,30,6,32,13,37,10,5,1,
2012-13,1610612755,PHI,Philadelphia 76ers,0011200037,2012-10-13T00:00:00,PHI vs. BKN,L,53.0,36,89,0.404,7,15,0.467,26,28,0.929,12,41,53,24,19.0,3,3,7,22,24,105,-3.0,1,42,42,42,1,54,12,73,34,69,18,1,4,2,28,3,4,38,87,88,62,77,68,2,11,45,
2012-13,1610612755,PHI,Philadelphia 76ers,0011200026,2012-10-11T00:00:00,PHI @ ORL,W,48.0,38,85,0.447,9,18,0.5,17,20,0.85,9,34,43,17,15.0,5,4,4,14,20,102,7.0,1,1,1,1,5,38,36,46,11,41,8,16,31,11,60,23,33,79,62,68,43,37,8,16,19,27,
2012-13,1610612756,PHX,Phoenix Suns,0021201227,2013-04-17T00:00:00,PHX @ DEN,L,48.0,40,104,0.385,7,25,0.28,11,17,0.647,20,27,47,29,13.0,8,5,8,18,13,98,-20.0,1,32,32,32,6,22,2,82,21,4,68,65,57,73,3,69,18,8,24,41,37,80,19,87,37,80,1.0
2012-13,1610612756,PHX,Phoenix Suns,0021201211,2013-04-15T00:00:00,PHX vs. HOU,W,48.0,47,95,0.495,7,23,0.304,18,23,0.783,11,33,44,29,11.0,11,9,11,19,21,119,7.0,1,1,1,1,6,1,5,11,21,9,54,19,20,33,44,21,31,8,9,12,11,90,31,20,2,16,1.0
2012-13,1610612756,PHX,Phoenix Suns,0021201193,2013-04-13T00:00:00,PHX @ MIN,L,48.0,37,73,0.507,9,20,0.45,10,14,0.714,5,29,34,28,28.0,10,3,6,22,14,93,-12.0,1,32,32,32,6,44,87,7,8,33,13,75,80,60,90,48,83,15,93,22,69,58,61,85,56,65,1.0
2012-13,1610612756,PHX,Phoenix Suns,0021201169,2013-04-10T00:00:00,PHX @ DAL,W,48.0,37,89,0.416,12,27,0.444,16,17,0.941,12,36,48,25,10.0,7,11,8,17,17,102,11.0,1,1,1,1,6,44,20,66,2,2,14,34,57,5,32,7,11,26,6,50,3,80,11,59,20,10,1.0
2012-13,1610612756,PHX,Phoenix Suns,0021201160,2013-04-09T00:00:00,PHX @ HOU,L,48.0,38,86,0.442,7,12,0.583,15,19,0.789,11,30,41,24,19.0,9,5,5,20,16,98,-3.0,1,32,32,32,6,35,31,52,21,83,2,38,42,31,44,41,43,29,76,31,37,44,41,70,37,35,1.0
2012-13,1610612756,PHX,Phoenix Suns,0021201152,2013-04-07T00:00:00,PHX vs. NOH,L,48.0,34,80,0.425,7,21,0.333,17,19,0.895,9,29,38,20,16.0,8,4,6,24,25,92,-3.0,1,32,32,32,6,71,64,60,21,20,44,25,42,10,68,48,63,59,48,41,53,58,77,2,61,35,1.0
2012-13,1610612756,PHX,Phoenix Suns,0021201134,2013-04-05T00:00:00,PHX vs. GSW,L,48.0,44,72,0.611,5,14,0.357,14,17,0.824,7,29,36,19,22.0,6,5,1,17,21,107,-4.0,1,32,32,32,6,6,90,1,55,69,37,44,57,21,81,48,77,67,87,60,37,4,11,20,8,40,1.0
2012-13,1610612756,PHX,Phoenix Suns,0021201121,2013-04-03T00:00:00,PHX @ LAC,L,48.0,35,77,0.455,7,17,0.412,24,25,0.96,11,30,41,23,21.0,3,3,5,16,23,101,-25.0,1,32,32,32,6,62,79,43,21,50,21,4,13,2,44,41,43,36,84,89,69,44,7,12,23,85,1.0
2012-13,1610612756,PHX,Phoenix Suns,0021201092,2013-03-30T00:00:00,PHX vs. IND,L,48.0,40,82,0.488,6,12,0.5,18,19,0.947,9,26,35,30,17.0,8,3,5,30,20,104,-8.0,1,32,32,32,6,22,52,16,37,83,5,19,42,4,68,76,80,3,55,41,69,44,93,30,16,50,1.0
2012-13,1610612756,PHX,Phoenix Suns,0021201073,2013-03-28T00:00:00,PHX vs. SAC,L,48.0,42,94,0.447,7,20,0.35,12,23,0.522,14,23,37,29,9.0,11,6,3,18,21,103,-14.0,1,32,32,32,6,13,8,49,21,33,42,61,20,88,21,86,73,8,4,12,29,15,19,20,18,70,1.0
2012-13,1610612756,PHX,Phoenix Suns,0021201068,2013-03-27T00:00:00,PHX @ UTA,L,48.0,34,76,0.447,6,16,0.375,14,19,0.737,8,28,36,27,17.0,7,4,6,18,17,88,-15.0,1,32,32,32,6,71,83,48,37,59,31,44,42,50,77,59,77,19,55,50,53,58,19,59,70,72,1.0
2012-13,1610612756,PHX,Phoenix Suns,0021201046,2013-03-24T00:00:00,PHX vs. BKN,L,48.0,41,99,0.414,6,21,0.286,12,17,0.706,25,23,48,22,11.0,5,8,7,23,18,100,-2.0,1,32,32,32,6,18,3,67,37,20,59,61,57,63,1,86,11,43,9,73,13,71,68,44,26,32,1.0
2012-13,1610612756,PHX,Phoenix Suns,0021201031,2013-03-22T00:00:00,PHX vs. MIN,L,48.0,36,95,0.379,4,22,0.182,10,21,0.476,17,31,48,24,16.0,9,2,4,29,18,86,-31.0,1,32,32,32,6,55,5,85,69,14,87,75,32,90,8,32,11,29,48,31,81,26,91,44,75,92,1.0
2012-13,1610612756,PHX,Phoenix Suns,0021201017,2013-03-20T00:00:00,PHX vs. WAS,L,48.0,28,83,0.337,3,15,0.2,20,22,0.909,13,27,40,17,15.0,11,2,4,17,22,79,-9.0,1,32,32,32,6,90,46,92,81,63,84,12,25,7,25,69,50,83,35,12,81,26,11,14,85,53,1.0
2012-13,1610612756,PHX,Phoenix Suns,0021201002,2013-03-18T00:00:00,PHX vs. LAL,W,48.0,42,87,0.483,8,20,0.4,7,15,0.467,14,41,55,21,16.0,10,7,1,16,13,99,23.0,1,1,1,1,6,13,27,18,13,33,23,88,72,91,21,1,3,51,48,22,22,4,7,87,28,3,1.0
2012-13,1610612756,PHX,Phoenix Suns,0021200979,2013-03-16T00:00:00,PHX @ WAS,L,48.0,42,88,0.477,6,21,0.286,15,20,0.75,17,31,48,19,15.0,5,4,3,15,18,105,-22.0,1,32,32,32,6,13,25,23,37,20,59,38,36,46,8,32,11,67,35,73,53,15,3,44,14,84,0.0
2012-13,1610612756,PHX,Phoenix Suns,0021200972,2013-03-15T00:00:00,PHX @ ATL,L,48.0,35,79,0.443,3,19,0.158,21,31,0.677,11,35,46,20,24.0,10,2,4,24,19,94,-13.0,1,32,32,32,6,62,68,51,81,40,91,10,5,69,44,10,23,59,92,22,81,26,77,38,52,68,1.0
2012-13,1610612756,PHX,Phoenix Suns,0021200961,2013-03-13T00:00:00,PHX @ HOU,L,48.0,34,81,0.42,6,21,0.286,7,10,0.7,5,24,29,20,22.0,13,7,5,20,12,81,-30.0,1,32,32,32,6,71,59,62,37,20,59,88,93,65,90,84,92,59,87,3,22,44,41,90,81,91,1.0
2012-13,1610612756,PHX,Phoenix Suns,0021200946,2013-03-11T00:00:00,PHX vs. DEN,L,48.0,35,84,0.417,6,20,0.3,17,22,0.773,12,31,43,25,19.0,11,5,2,21,16,93,-15.0,1,32,32,32,6,62,41,63,37,33,57,25,25,35,32,32,36,26,76,12,37,9,53,70,56,72,1.0
2012-13,1610612756,PHX,Phoenix Suns,0021200932,2013-03-09T00:00:00,PHX vs. HOU,W,48.0,37,82,0.451,8,18,0.444,25,39,0.641,17,30,47,18,17.0,13,4,5,20,24,107,2.0,1,1,1,1,6,44,52,45,13,46,14,2,1,77,8,41,18,76,55,3,53,44,41,7,8,28,1.0
2012-13,1610612756,PHX,Phoenix Suns,0021200924,2013-03-08T00:00:00,PHX @ SAC,L,48.0,43,90,0.478,7,23,0.304,19,23,0.826,12,26,38,33,13.0,9,6,4,17,21,112,-9.0,1,32,32,32,6,9,16,21,21,9,54,13,20,20,32,76,63,1,24,31,29,26,11,20,5,53,1.0
2012-13,1610612756,PHX,Phoenix Suns,0021200910,2013-03-06T00:00:00,PHX vs. TOR,L,48.0,28,74,0.378,7,23,0.304,8,15,0.533,11,29,40,21,29.0,11,3,4,18,17,71,-27.0,1,32,32,32,6,90,86,86,21,9,54,85,72,87,44,48,50,51,94,12,69,26,19,59,92,89,1.0
2012-13,1610612756,PHX,Phoenix Suns,0021200874,2013-03-01T00:00:00,PHX vs. ATL,W,48.0,36,81,0.444,10,22,0.455,10,12,0.833,7,31,38,16,18.0,9,3,6,17,19,92,5.0,1,1,1,1,6,55,59,50,5,14,12,75,88,18,81,32,63,85,68,31,69,58,11,38,61,22,1.0
2012-13,1610612756,PHX,Phoenix Suns,0021200858,2013-02-27T00:00:00,PHX @ SAS,W,53.0,44,95,0.463,3,12,0.25,14,21,0.667,16,33,49,26,15.0,6,4,2,29,21,105,4.0,1,1,1,1,1,6,5,33,81,83,74,44,32,70,13,21,10,23,35,60,53,9,91,20,14,24,1.0
2012-13,1610612756,PHX,Phoenix Suns,0021200849,2013-02-26T00:00:00,PHX vs. MIN,W,53.0,37,91,0.407,5,13,0.385,5,14,0.357,16,40,56,23,21.0,5,11,7,26,17,84,1.0,1,1,1,1,1,44,13,73,55,78,28,93,80,94,13,2,2,36,84,73,3,71,84,59,78,31,1.0
2012-13,1610612756,PHX,Phoenix Suns,0021200836,2013-02-24T00:00:00,PHX vs. SAS,L,48.0,30,81,0.37,3,9,0.333,24,33,0.727,13,34,47,24,20.0,11,8,5,27,26,87,-10.0,1,32,32,32,6,85,59,88,81,94,44,4,3,54,25,14,18,29,82,12,13,44,87,1,74,59,1.0
2012-13,1610612756,PHX,Phoenix Suns,0021200820,2013-02-22T00:00:00,PHX vs. BOS,L,48.0,35,84,0.417,4,19,0.211,14,23,0.609,12,28,40,26,13.0,8,3,6,19,20,88,-25.0,1,32,32,32,6,62,41,63,69,40,83,44,20,86,32,59,50,23,24,41,69,58,31,30,70,85,1.0
2012-13,1610612756,PHX,Phoenix Suns,0021200808,2013-02-20T00:00:00,PHX @ GSW,L,48.0,40,84,0.476,9,17,0.529,9,14,0.643,11,30,41,28,15.0,7,8,6,18,16,98,-10.0,1,32,32,32,6,22,41,24,8,50,4,82,80,75,44,41,43,15,35,50,13,58,19,70,37,59,1.0
2012-13,1610612756,PHX,Phoenix Suns,0021200797,2013-02-19T00:00:00,PHX @ POR,W,48.0,41,82,0.5,3,13,0.231,17,20,0.85,14,37,51,30,18.0,8,2,1,28,15,102,4.0,1,1,1,1,6,18,52,10,81,78,79,25,36,16,21,4,6,3,68,41,81,4,89,78,20,24,1.0
2012-13,1610612756,PHX,Phoenix Suns,0021200773,2013-02-12T00:00:00,PHX @ LAL,L,48.0,35,85,0.412,3,13,0.231,12,17,0.706,12,36,48,27,19.0,10,8,5,21,15,85,-6.0,1,32,32,32,6,62,34,70,81,78,79,61,57,63,32,7,11,19,76,22,13,44,53,78,76,44,1.0
2012-13,1610612756,PHX,Phoenix Suns,0021200759,2013-02-10T00:00:00,PHX vs. OKC,L,48.0,30,91,0.33,4,14,0.286,5,5,1.0,17,36,53,18,23.0,6,8,9,22,7,69,-28.0,1,32,32,32,6,85,13,94,69,69,59,93,94,1,8,7,4,76,91,60,13,83,61,94,93,90,1.0
2012-13,1610612756,PHX,Phoenix Suns,0021200744,2013-02-08T00:00:00,PHX @ OKC,L,48.0,39,83,0.47,7,18,0.389,11,15,0.733,11,28,39,18,17.0,4,4,11,18,20,96,-31.0,1,32,32,32,6,28,46,26,21,46,26,65,72,52,44,59,57,76,55,84,53,90,19,30,45,92,1.0
2012-13,1610612756,PHX,Phoenix Suns,0021200728,2013-02-06T00:00:00,PHX @ NOH,L,48.0,35,78,0.449,1,15,0.067,13,15,0.867,11,29,40,19,17.0,4,4,7,17,17,84,-9.0,1,32,32,32,6,62,74,47,94,63,94,54,72,13,44,48,50,67,55,84,53,71,11,59,78,53,1.0
2012-13,1610612756,PHX,Phoenix Suns,0021200717,2013-02-05T00:00:00,PHX @ MEM,W,48.0,37,73,0.507,4,10,0.4,18,22,0.818,11,29,40,19,22.0,9,2,0,23,20,96,6.0,1,1,1,1,6,44,87,7,69,92,23,19,25,25,44,48,50,67,87,31,81,1,68,30,45,18,1.0
2012-13,1610612756,PHX,Phoenix Suns,0021200704,2013-02-02T00:00:00,PHX @ GSW,L,48.0,35,86,0.407,5,15,0.333,18,24,0.75,15,33,48,22,12.0,7,1,3,21,24,93,-20.0,1,32,32,32,6,62,31,72,55,63,44,19,17,46,17,21,11,43,14,50,91,15,53,7,56,80,1.0
2012-13,1610612756,PHX,Phoenix Suns,0021200694,2013-02-01T00:00:00,PHX vs. DAL,L,48.0,38,89,0.427,4,15,0.267,19,25,0.76,12,34,46,20,13.0,9,7,12,21,18,99,-10.0,1,32,32,32,6,35,20,59,69,63,70,13,13,39,32,14,23,59,24,31,22,93,53,44,28,59,1.0
2012-13,1610612756,PHX,Phoenix Suns,0021200681,2013-01-30T00:00:00,PHX vs. LAL,W,48.0,38,83,0.458,3,12,0.25,13,15,0.867,7,29,36,21,12.0,11,2,4,20,16,92,6.0,1,1,1,1,6,35,46,39,81,83,74,54,72,13,81,48,77,51,14,12,81,26,41,70,61,18,1.0
2012-13,1610612756,PHX,Phoenix Suns,0021200657,2013-01-27T00:00:00,PHX @ DAL,L,48.0,34,77,0.442,4,17,0.235,23,28,0.821,8,30,38,22,18.0,7,6,0,15,24,95,-15.0,1,32,32,32,6,71,79,54,69,50,78,6,9,24,77,41,63,43,68,50,29,1,3,7,50,72,1.0
2012-13,1610612756,PHX,Phoenix Suns,0021200648,2013-01-26T00:00:00,PHX @ SAS,L,48.0,41,81,0.506,6,12,0.5,11,14,0.786,9,35,44,30,17.0,4,0,1,19,16,99,-9.0,1,32,32,32,6,18,59,9,37,83,5,65,80,32,68,10,31,3,55,84,93,4,31,70,28,53,1.0
2012-13,1610612756,PHX,Phoenix Suns,0021200631,2013-01-24T00:00:00,PHX vs. LAC,W,48.0,30,71,0.423,5,16,0.313,28,37,0.757,8,35,43,18,17.0,7,4,4,23,25,93,5.0,1,1,1,1,6,85,91,61,55,59,53,1,2,45,77,10,36,76,55,50,53,26,68,2,56,22,1.0
2012-13,1610612756,PHX,Phoenix Suns,0021200626,2013-01-23T00:00:00,PHX @ SAC,W,48.0,43,90,0.478,6,19,0.316,14,16,0.875,10,20,30,30,12.0,14,4,9,22,22,106,10.0,1,1,1,1,6,9,16,21,37,40,52,44,67,12,60,93,91,3,14,1,53,83,61,14,12,13,1.0
2012-13,1610612756,PHX,Phoenix Suns,0021200582,2013-01-17T00:00:00,PHX vs. MIL,L,48.0,34,89,0.382,4,14,0.286,22,29,0.759,10,34,44,20,18.0,13,4,11,22,18,94,-4.0,1,32,32,32,6,71,20,83,69,69,59,7,6,41,60,14,31,59,68,3,53,90,61,44,52,40,1.0
2012-13,1610612756,PHX,Phoenix Suns,0021200562,2013-01-14T00:00:00,PHX vs. OKC,L,48.0,35,84,0.417,9,25,0.36,11,18,0.611,14,34,48,18,15.0,3,7,6,20,18,90,-12.0,1,32,32,32,6,62,41,63,8,4,36,65,50,82,21,14,11,76,35,89,22,58,41,44,68,65,1.0
2012-13,1610612756,PHX,Phoenix Suns,0021200546,2013-01-12T00:00:00,PHX @ CHI,W,48.0,36,73,0.493,6,14,0.429,19,25,0.76,9,37,46,23,18.0,5,11,6,20,18,97,16.0,1,1,1,1,6,55,87,13,37,69,18,13,13,39,68,4,23,36,68,73,3,58,41,44,41,5,1.0
2012-13,1610612756,PHX,Phoenix Suns,0021200532,2013-01-11T00:00:00,PHX @ BKN,L,48.0,31,79,0.392,7,14,0.5,10,16,0.625,13,26,39,20,18.0,5,5,2,30,15,79,-20.0,1,32,32,32,6,83,68,79,21,69,5,75,67,79,25,76,57,59,68,73,37,9,93,78,85,80,1.0
2012-13,1610612756,PHX,Phoenix Suns,0021200519,2013-01-09T00:00:00,PHX @ BOS,L,48.0,33,84,0.393,2,12,0.167,11,18,0.611,19,28,47,21,16.0,5,5,5,18,15,79,-8.0,1,32,32,32,6,80,41,78,90,83,90,65,50,82,5,59,18,51,48,73,37,44,19,78,85,50,1.0
2012-13,1610612756,PHX,Phoenix Suns,0021200513,2013-01-08T00:00:00,PHX @ MIL,L,48.0,37,90,0.411,4,20,0.2,21,26,0.808,16,34,50,21,16.0,6,5,10,22,18,99,-9.0,1,32,32,32,6,44,16,71,69,33,84,10,11,30,13,14,8,51,48,60,37,88,61,44,28,53,1.0
2012-13,1610612756,PHX,Phoenix Suns,0021200502,2013-01-06T00:00:00,PHX vs. MEM,L,48.0,31,79,0.392,5,14,0.357,14,18,0.778,11,21,32,18,14.0,10,5,4,21,19,81,-11.0,1,32,32,32,6,83,68,79,55,69,37,44,50,34,44,90,87,76,31,22,37,26,53,38,81,64,1.0
2012-13,1610612756,PHX,Phoenix Suns,0021200487,2013-01-04T00:00:00,PHX vs. UTA,L,48.0,34,75,0.453,4,15,0.267,8,11,0.727,7,33,40,23,21.0,5,10,3,18,16,80,-7.0,1,32,32,32,6,71,85,44,69,63,70,85,89,54,81,21,50,36,84,73,7,15,19,70,84,48,1.0
2012-13,1610612756,PHX,Phoenix Suns,0021200474,2013-01-02T00:00:00,PHX vs. PHI,W,48.0,39,85,0.459,3,13,0.231,14,20,0.7,12,33,45,24,13.0,11,7,3,16,18,95,6.0,1,1,1,1,6,28,34,37,81,78,79,44,36,65,32,21,27,29,24,12,22,15,7,44,50,18,1.0
2012-13,1610612756,PHX,Phoenix Suns,0021200456,2012-12-31T00:00:00,PHX @ OKC,L,48.0,37,78,0.474,8,24,0.333,14,17,0.824,10,31,41,19,15.0,3,3,7,20,15,96,-18.0,1,32,32,32,6,44,74,25,13,7,44,44,57,21,60,32,43,67,35,89,69,71,41,78,45,78,1.0
2012-13,1610612756,PHX,Phoenix Suns,0021200444,2012-12-29T00:00:00,PHX @ MIN,L,48.0,45,97,0.464,2,17,0.118,15,24,0.625,11,35,46,29,5.0,7,5,3,23,14,107,-4.0,1,32,32,32,6,4,4,30,90,50,93,38,17,79,44,10,23,8,1,50,37,15,68,85,8,40,0.0
2012-13,1610612756,PHX,Phoenix Suns,0021200426,2012-12-28T00:00:00,PHX @ IND,L,48.0,38,82,0.463,2,14,0.143,13,16,0.813,10,27,37,20,11.0,5,2,2,26,22,91,-6.0,1,32,32,32,6,35,52,31,90,69,92,54,67,27,60,69,73,59,9,73,81,9,84,14,66,44,1.0
2012-13,1610612756,PHX,Phoenix Suns,0021200421,2012-12-26T00:00:00,PHX vs. NYK,L,48.0,38,83,0.458,8,21,0.381,13,16,0.813,5,33,38,21,14.0,7,5,6,12,17,97,-2.0,1,32,32,32,6,35,46,39,13,20,29,54,67,27,90,21,63,51,31,50,37,58,1,59,41,32,0.0
2012-13,1610612756,PHX,Phoenix Suns,0021200403,2012-12-23T00:00:00,PHX vs. LAC,L,48.0,29,80,0.363,3,17,0.176,16,24,0.667,12,29,41,18,16.0,10,2,7,21,19,77,-26.0,1,32,32,32,6,88,64,90,81,50,89,34,17,70,32,48,43,76,48,22,81,71,53,38,88,88,1.0
2012-13,1610612756,PHX,Phoenix Suns,0021200397,2012-12-22T00:00:00,PHX @ POR,L,48.0,40,89,0.449,5,19,0.263,8,11,0.727,11,21,32,26,11.0,12,1,4,18,12,93,-3.0,1,32,32,32,6,22,20,46,55,40,72,85,89,54,44,90,87,23,9,7,91,26,19,90,56,35,1.0
2012-13,1610612756,PHX,Phoenix Suns,0021200373,2012-12-19T00:00:00,PHX vs. CHA,W,48.0,47,85,0.553,17,28,0.607,10,11,0.909,10,23,33,31,11.0,7,6,4,22,11,121,17.0,1,1,1,1,6,1,34,3,1,1,1,75,89,7,60,86,86,2,9,50,29,26,61,93,1,4,1.0
2012-13,1610612756,PHX,Phoenix Suns,0021200355,2012-12-17T00:00:00,PHX vs. SAC,W,48.0,41,85,0.482,8,22,0.364,11,15,0.733,7,31,38,29,8.0,5,10,5,17,17,101,11.0,1,1,1,1,6,18,34,19,13,14,34,65,72,52,81,32,63,8,3,73,7,44,11,59,23,10,1.0
2012-13,1610612756,PHX,Phoenix Suns,0021200334,2012-12-14T00:00:00,PHX vs. UTA,W,48.0,38,83,0.458,6,13,0.462,17,22,0.773,12,31,43,23,12.0,9,9,8,16,17,99,15.0,1,1,1,1,6,35,46,39,37,78,11,25,25,35,32,32,36,36,14,31,11,80,7,59,28,7,1.0
2012-13,1610612756,PHX,Phoenix Suns,0021200320,2012-12-12T00:00:00,PHX vs. MEM,W,48.0,34,89,0.382,5,22,0.227,9,11,0.818,19,25,44,20,12.0,9,7,9,13,17,82,2.0,1,1,1,1,6,71,20,83,55,14,82,82,89,25,5,81,31,59,14,31,22,83,2,59,80,28,0.0
2012-13,1610612756,PHX,Phoenix Suns,0021200296,2012-12-09T00:00:00,PHX vs. ORL,L,48.0,36,78,0.462,5,20,0.25,13,18,0.722,5,24,29,22,12.0,4,3,0,19,15,90,-8.0,1,32,32,32,6,55,74,35,55,33,74,54,50,58,90,84,92,43,14,84,69,1,31,78,68,50,1.0
2012-13,1610612756,PHX,Phoenix Suns,0021200282,2012-12-08T00:00:00,PHX @ LAC,L,48.0,36,78,0.462,9,24,0.375,18,20,0.9,9,28,37,24,20.0,6,6,5,22,16,99,-18.0,1,32,32,32,6,55,74,35,8,7,31,19,36,9,68,59,73,29,82,60,29,44,61,70,28,78,1.0
2012-13,1610612756,PHX,Phoenix Suns,0021200269,2012-12-06T00:00:00,PHX vs. DAL,L,48.0,34,85,0.4,8,21,0.381,18,25,0.72,13,29,42,19,13.0,11,4,4,20,23,94,-3.0,1,32,32,32,6,71,34,74,13,20,29,19,13,59,25,48,40,67,24,12,53,26,41,12,52,35,0.0
2012-13,1610612756,PHX,Phoenix Suns,0021200255,2012-12-04T00:00:00,PHX @ MEM,L,53.0,38,82,0.463,6,14,0.429,16,22,0.727,9,23,32,22,18.0,12,5,9,26,22,98,-10.0,1,32,32,32,1,35,52,31,37,69,18,34,25,54,68,86,87,43,68,7,37,83,84,14,37,59,1.0
2012-13,1610612756,PHX,Phoenix Suns,0021200243,2012-12-02T00:00:00,PHX @ NYK,L,48.0,39,80,0.488,8,23,0.348,13,19,0.684,11,34,45,21,17.0,5,0,5,23,13,99,-7.0,1,32,32,32,6,28,64,17,13,9,43,54,42,67,44,14,27,51,55,73,93,44,68,87,28,48,1.0
2012-13,1610612756,PHX,Phoenix Suns,0021200222,2012-11-30T00:00:00,PHX @ TOR,L,48.0,37,77,0.481,6,16,0.375,17,19,0.895,4,30,34,28,14.0,6,8,4,20,20,97,-4.0,1,32,32,32,6,44,79,20,37,59,31,25,42,10,94,41,83,15,31,60,13,26,41,30,41,40,1.0
2012-13,1610612756,PHX,Phoenix Suns,0021200213,2012-11-28T00:00:00,PHX @ DET,L,48.0,28,82,0.341,6,21,0.286,15,20,0.75,13,26,39,11,19.0,7,5,5,23,19,77,-40.0,1,32,32,32,6,90,52,91,37,20,59,38,36,46,25,76,57,92,76,50,37,44,68,38,88,94,1.0
2012-13,1610612756,PHX,Phoenix Suns,0021200205,2012-11-27T00:00:00,PHX @ CLE,W,48.0,37,79,0.468,6,17,0.353,11,18,0.611,7,32,39,22,15.0,10,8,4,19,21,91,13.0,1,1,1,1,6,44,68,29,37,50,40,65,50,82,81,29,57,43,35,22,13,26,31,20,66,9,1.0
2012-13,1610612756,PHX,Phoenix Suns,0021200194,2012-11-25T00:00:00,PHX @ PHI,L,48.0,39,83,0.47,4,11,0.364,19,20,0.95,9,32,41,24,12.0,3,5,4,23,18,101,-3.0,1,32,32,32,6,28,46,26,69,90,34,13,36,3,68,29,43,29,14,89,37,26,68,44,23,35,1.0
2012-13,1610612756,PHX,Phoenix Suns,0021200181,2012-11-23T00:00:00,PHX vs. NOH,W,53.0,44,90,0.489,11,25,0.44,12,19,0.632,10,25,35,28,10.0,10,5,6,19,24,111,3.0,1,1,1,1,1,6,16,15,4,4,17,61,42,78,60,81,80,15,6,22,37,58,31,7,6,26,1.0
2012-13,1610612756,PHX,Phoenix Suns,0021200168,2012-11-21T00:00:00,PHX vs. POR,W,48.0,46,77,0.597,7,17,0.412,15,18,0.833,7,28,35,22,13.0,12,3,2,18,21,114,27.0,1,1,1,1,6,3,79,2,21,50,21,38,50,18,81,59,80,43,24,7,69,9,19,20,4,1,1.0
2012-13,1610612756,PHX,Phoenix Suns,0021200138,2012-11-17T00:00:00,PHX vs. MIA,L,48.0,34,79,0.43,5,18,0.278,15,21,0.714,9,29,38,16,17.0,13,3,3,18,21,88,-9.0,1,32,32,32,6,71,68,57,55,46,69,38,32,60,68,48,63,85,55,3,69,15,19,20,70,53,1.0
2012-13,1610612756,PHX,Phoenix Suns,0021200130,2012-11-16T00:00:00,PHX @ LAL,L,48.0,45,92,0.489,5,14,0.357,7,15,0.467,12,26,38,27,15.0,8,8,9,25,15,102,-12.0,1,32,32,32,6,4,11,14,55,69,37,88,72,91,32,76,63,19,35,41,13,83,81,78,20,65,1.0
2012-13,1610612756,PHX,Phoenix Suns,0021200116,2012-11-14T00:00:00,PHX vs. CHI,L,53.0,42,105,0.4,6,21,0.286,16,17,0.941,20,31,51,19,15.0,6,6,5,27,21,106,-6.0,1,32,32,32,1,13,1,74,37,20,59,34,57,5,3,32,6,67,35,60,29,44,87,20,12,44,1.0
2012-13,1610612756,PHX,Phoenix Suns,0021200101,2012-11-12T00:00:00,PHX vs. DEN,W,48.0,43,94,0.457,7,12,0.583,17,21,0.81,15,25,40,29,6.0,6,4,10,19,21,110,10.0,1,1,1,1,6,9,8,42,21,83,2,25,32,29,17,81,50,8,2,60,53,88,31,20,7,13,1.0
2012-13,1610612756,PHX,Phoenix Suns,0021200087,2012-11-10T00:00:00,PHX @ UTA,L,48.0,32,87,0.368,4,16,0.25,13,17,0.765,10,27,37,15,10.0,12,4,7,25,18,81,-13.0,1,32,32,32,6,81,27,89,69,59,74,54,57,38,60,69,73,89,6,7,53,71,81,44,81,68,1.0
2012-13,1610612756,PHX,Phoenix Suns,0021200077,2012-11-09T00:00:00,PHX vs. CLE,W,48.0,38,81,0.469,6,17,0.353,25,33,0.758,12,30,42,21,17.0,12,6,4,19,25,107,2.0,1,1,1,1,6,35,59,28,37,50,40,2,3,44,32,41,40,51,55,7,29,26,31,2,8,28,1.0
2012-13,1610612756,PHX,Phoenix Suns,0021200053,2012-11-07T00:00:00,PHX @ CHA,W,48.0,43,93,0.462,12,27,0.444,19,28,0.679,22,28,50,29,12.0,8,11,12,24,20,117,7.0,1,1,1,1,6,9,10,34,2,2,14,13,9,68,2,59,8,8,14,41,3,93,77,30,3,16,1.0
2012-13,1610612756,PHX,Phoenix Suns,0021200044,2012-11-05T00:00:00,PHX @ MIA,L,48.0,35,88,0.398,7,21,0.333,22,29,0.759,10,28,38,22,12.0,11,7,4,19,22,99,-25.0,1,32,32,32,6,62,25,77,21,20,44,7,6,41,60,59,63,43,14,12,22,26,31,14,28,85,1.0
2012-13,1610612756,PHX,Phoenix Suns,0021200039,2012-11-04T00:00:00,PHX @ ORL,L,48.0,39,91,0.429,5,19,0.263,11,18,0.611,17,28,45,19,16.0,3,10,1,17,17,94,-21.0,1,32,32,32,6,28,13,58,55,40,72,65,50,82,8,59,27,67,48,89,7,4,11,59,52,83,1.0
2012-13,1610612756,PHX,Phoenix Suns,0021200024,2012-11-02T00:00:00,PHX vs. DET,W,48.0,40,92,0.435,2,11,0.182,10,14,0.714,15,37,52,15,14.0,6,5,5,20,19,92,3.0,1,1,1,1,6,22,11,56,90,90,87,75,80,60,17,4,5,89,31,60,37,44,41,38,61,26,1.0
2012-13,1610612756,PHX,Phoenix Suns,0021200010,2012-10-31T00:00:00,PHX vs. GSW,L,48.0,32,80,0.4,4,21,0.19,17,22,0.773,11,33,44,16,18.0,10,12,3,23,20,85,-2.0,1,32,32,32,6,81,64,74,69,20,86,25,25,35,44,21,31,85,68,22,1,15,68,30,76,32,1.0
2012-13,1610612756,PHX,Phoenix Suns,0011200117,2012-10-26T00:00:00,PHX vs. DEN,W,48.0,36,87,0.414,9,23,0.391,7,15,0.467,8,33,41,23,15.0,9,10,6,18,18,88,16.0,1,1,1,1,6,55,27,68,8,9,25,88,72,91,77,21,43,36,35,31,7,58,19,44,70,5,
2012-13,1610612756,PHX,Phoenix Suns,0011200098,2012-10-23T00:00:00,PHX @ GSW,L,48.0,39,85,0.459,7,22,0.318,7,14,0.5,11,28,39,27,17.0,6,3,3,24,22,92,-15.0,1,32,32,32,6,28,34,37,21,14,50,88,80,89,44,59,57,19,55,60,69,15,77,14,61,72,
2012-13,1610612756,PHX,Phoenix Suns,0011200090,2012-10-22T00:00:00,PHX vs. SAC,W,48.0,37,85,0.435,7,18,0.389,22,29,0.759,18,40,58,23,22.0,9,12,7,20,25,103,15.0,1,1,1,1,6,44,34,55,21,46,26,7,6,41,7,2,1,36,87,31,1,71,41,2,18,7,
2012-13,1610612756,PHX,Phoenix Suns,0011200074,2012-10-19T00:00:00,PHX @ OKC,L,48.0,39,79,0.494,5,10,0.5,14,17,0.824,11,27,38,19,17.0,8,4,2,20,17,97,-10.0,1,32,32,32,6,28,68,12,55,92,5,44,57,21,44,69,63,67,55,41,53,9,41,59,41,59,
2012-13,1610612756,PHX,Phoenix Suns,0011200065,2012-10-17T00:00:00,PHX @ DAL,W,48.0,38,86,0.442,5,15,0.333,19,22,0.864,13,32,45,25,19.0,14,5,6,19,20,100,6.0,1,1,1,1,6,35,31,52,55,63,44,13,25,15,25,29,27,26,76,1,37,58,31,30,26,18,
2012-13,1610612756,PHX,Phoenix Suns,0011200035,2012-10-12T00:00:00,PHX vs. POR,W,48.0,42,82,0.512,10,20,0.5,10,16,0.625,9,34,43,30,19.0,8,4,4,21,18,104,11.0,1,1,1,1,6,13,52,6,5,33,5,75,67,79,68,14,36,3,76,41,53,26,53,44,16,10,
2012-13,1610612756,PHX,Phoenix Suns,0011200021,2012-10-10T00:00:00,PHX @ SAC,L,48.0,36,87,0.414,7,22,0.318,17,26,0.654,16,31,47,24,17.0,6,6,7,21,25,96,-6.0,1,32,32,32,6,55,27,68,21,14,50,25,11,72,13,32,18,29,55,60,29,71,53,2,45,44,
2012-13,1610612757,POR,Portland Trail Blazers,0021201230,2013-04-17T00:00:00,POR vs. GSW,L,48.0,35,82,0.427,6,12,0.5,12,14,0.857,6,36,42,18,14.0,2,5,3,13,17,88,-11.0,1,41,41,41,7,52,44,59,69,93,7,65,78,19,83,12,36,70,34,91,32,22,6,63,72,70,1.0
2012-13,1610612757,POR,Portland Trail Blazers,0021201215,2013-04-16T00:00:00,POR @ LAC,L,48.0,30,73,0.411,7,21,0.333,10,15,0.667,5,28,33,18,14.0,6,0,4,16,12,77,-16.0,1,41,41,41,7,84,80,70,57,57,52,80,75,78,91,52,81,70,34,46,91,40,22,88,91,80,1.0
2012-13,1610612757,POR,Portland Trail Blazers,0021201198,2013-04-14T00:00:00,POR @ DEN,L,48.0,38,82,0.463,12,32,0.375,21,26,0.808,12,25,37,26,23.0,5,3,7,21,22,109,-9.0,1,41,41,41,7,30,44,33,9,5,34,18,21,43,27,73,64,12,90,59,57,78,62,19,11,66,1.0
2012-13,1610612757,POR,Portland Trail Blazers,0021201188,2013-04-12T00:00:00,POR vs. OKC,L,48.0,36,88,0.409,6,20,0.3,12,18,0.667,10,26,36,20,11.0,4,1,9,15,17,90,-16.0,1,41,41,41,7,44,15,71,69,65,67,65,55,78,49,68,71,53,10,71,82,89,17,63,69,80,1.0
2012-13,1610612757,POR,Portland Trail Blazers,0021201171,2013-04-10T00:00:00,POR vs. LAL,L,48.0,38,85,0.447,12,26,0.462,18,20,0.9,9,22,31,24,11.0,10,0,9,24,17,106,-7.0,1,41,41,41,7,30,31,42,9,26,13,35,45,9,58,88,86,24,10,7,91,89,80,63,17,61,1.0
2012-13,1610612757,POR,Portland Trail Blazers,0021201153,2013-04-07T00:00:00,POR vs. DAL,L,48.0,37,80,0.463,4,22,0.182,13,16,0.813,6,33,39,23,14.0,8,3,7,16,11,91,-5.0,1,41,41,41,7,36,52,34,83,51,87,60,68,37,83,26,54,31,34,26,57,78,22,91,66,52,1.0
2012-13,1610612757,POR,Portland Trail Blazers,0021201136,2013-04-05T00:00:00,POR vs. HOU,L,48.0,38,91,0.418,2,20,0.1,20,24,0.833,14,30,44,23,13.0,8,2,4,21,18,98,-18.0,1,41,41,41,7,30,9,66,91,65,93,23,29,23,15,42,28,31,27,26,71,40,62,52,41,84,1.0
2012-13,1610612757,POR,Portland Trail Blazers,0021201120,2013-04-03T00:00:00,POR vs. MEM,L,48.0,33,80,0.413,4,29,0.138,6,10,0.6,8,22,30,21,19.0,5,2,4,22,18,76,-18.0,1,41,41,41,7,63,52,68,83,9,91,94,93,91,70,88,89,48,77,59,71,40,69,52,93,84,1.0
2012-13,1610612757,POR,Portland Trail Blazers,0021201106,2013-04-01T00:00:00,POR @ UTA,L,48.0,39,67,0.582,13,23,0.565,11,17,0.647,3,27,30,25,16.0,2,2,3,17,17,102,-10.0,1,41,41,41,7,25,90,4,5,47,3,76,64,85,94,58,89,15,55,91,71,22,30,63,29,68,1.0
2012-13,1610612757,POR,Portland Trail Blazers,0021201094,2013-03-30T00:00:00,POR @ GSW,L,48.0,33,86,0.384,8,23,0.348,24,29,0.828,11,27,38,23,11.0,6,1,8,18,24,98,-27.0,1,41,41,41,7,63,23,84,46,47,48,6,9,30,36,58,60,31,10,46,82,85,38,10,41,92,1.0
2012-13,1610612757,POR,Portland Trail Blazers,0021201084,2013-03-29T00:00:00,POR vs. UTA,L,48.0,33,67,0.493,6,13,0.462,23,32,0.719,6,29,35,22,16.0,3,3,4,18,23,95,-10.0,1,41,41,41,7,63,90,19,69,92,13,8,3,70,83,49,74,39,55,85,57,40,38,14,52,68,1.0
2012-13,1610612757,POR,Portland Trail Blazers,0021201070,2013-03-27T00:00:00,POR vs. BKN,L,48.0,36,82,0.439,8,18,0.444,13,21,0.619,13,27,40,22,14.0,1,5,1,23,20,93,-18.0,1,41,41,41,7,44,44,49,46,81,17,60,40,89,19,58,47,39,34,94,32,1,75,37,58,84,0.0
2012-13,1610612757,POR,Portland Trail Blazers,0021201043,2013-03-24T00:00:00,POR @ OKC,L,48.0,32,79,0.405,10,26,0.385,9,13,0.692,7,27,34,22,17.0,7,5,5,16,14,83,-20.0,1,41,41,41,7,72,57,74,20,26,31,89,80,75,76,58,78,39,68,40,32,61,22,81,83,89,1.0
2012-13,1610612757,POR,Portland Trail Blazers,0021201025,2013-03-22T00:00:00,POR @ ATL,W,48.0,41,87,0.471,10,18,0.556,12,16,0.75,10,38,48,22,9.0,8,2,6,16,14,104,11.0,1,1,1,1,7,17,20,30,20,81,4,65,68,61,49,5,8,39,3,26,71,71,22,81,22,13,1.0
2012-13,1610612757,POR,Portland Trail Blazers,0021201019,2013-03-21T00:00:00,POR @ CHI,W,48.0,41,84,0.488,10,21,0.476,7,10,0.7,8,37,45,19,14.0,4,5,4,16,16,99,10.0,1,1,1,1,7,17,37,23,20,57,11,91,93,74,70,9,23,57,34,71,32,40,22,69,39,15,1.0
2012-13,1610612757,POR,Portland Trail Blazers,0021201005,2013-03-19T00:00:00,POR @ MIL,L,48.0,36,83,0.434,13,26,0.5,10,13,0.769,13,27,40,24,17.0,6,1,8,14,12,95,-7.0,1,41,41,41,7,44,40,55,5,26,7,80,80,54,19,58,47,24,68,46,82,85,10,88,52,61,1.0
2012-13,1610612757,POR,Portland Trail Blazers,0021200993,2013-03-18T00:00:00,POR @ PHI,L,48.0,38,90,0.422,12,28,0.429,12,14,0.857,12,34,46,26,13.0,5,6,8,14,15,100,-1.0,1,41,41,41,7,30,10,62,9,14,21,65,78,19,27,22,18,12,27,59,18,85,10,77,35,41,1.0
2012-13,1610612757,POR,Portland Trail Blazers,0021200984,2013-03-16T00:00:00,POR vs. DET,W,48.0,41,86,0.477,7,19,0.368,23,24,0.958,12,33,45,25,11.0,6,4,3,20,22,112,11.0,1,1,1,1,7,17,23,28,57,76,39,8,29,3,27,26,23,15,10,46,44,22,56,19,9,13,1.0
2012-13,1610612757,POR,Portland Trail Blazers,0021200968,2013-03-14T00:00:00,POR vs. NYK,W,48.0,40,78,0.513,10,28,0.357,15,21,0.714,9,35,44,24,14.0,8,6,2,16,21,105,15.0,1,1,1,1,7,22,64,9,20,14,41,46,40,71,58,16,28,24,34,26,18,5,22,29,19,10,1.0
2012-13,1610612757,POR,Portland Trail Blazers,0021200955,2013-03-12T00:00:00,POR vs. MEM,L,48.0,32,79,0.405,5,16,0.313,28,29,0.966,14,32,46,17,16.0,6,6,7,23,24,97,-5.0,1,41,41,41,7,72,57,74,79,88,63,2,9,2,15,33,18,76,55,46,18,78,75,10,45,52,1.0
2012-13,1610612757,POR,Portland Trail Blazers,0021200939,2013-03-10T00:00:00,POR @ NOH,L,48.0,37,76,0.487,11,25,0.44,11,12,0.917,6,24,30,20,11.0,8,1,4,10,11,96,-2.0,1,41,41,41,7,36,69,24,15,31,18,76,85,6,83,82,89,53,10,26,82,40,1,91,49,42,1.0
2012-13,1610612757,POR,Portland Trail Blazers,0021200923,2013-03-08T00:00:00,POR @ SAS,W,48.0,53,86,0.616,13,21,0.619,17,21,0.81,8,30,38,27,10.0,8,6,3,17,17,136,30.0,1,1,1,1,7,1,23,1,5,57,2,40,40,41,70,42,60,10,8,26,18,22,30,63,1,1,1.0
2012-13,1610612757,POR,Portland Trail Blazers,0021200905,2013-03-06T00:00:00,POR @ MEM,L,48.0,31,76,0.408,6,20,0.3,17,28,0.607,7,31,38,19,9.0,6,4,6,18,22,85,-6.0,1,41,41,41,7,78,69,72,69,65,67,40,14,90,76,36,60,57,3,46,44,71,38,19,79,55,1.0
2012-13,1610612757,POR,Portland Trail Blazers,0021200894,2013-03-04T00:00:00,POR vs. CHA,W,48.0,49,82,0.598,12,24,0.5,12,17,0.706,11,30,41,29,11.0,3,9,2,16,16,122,17.0,1,1,1,1,7,2,44,2,9,38,7,65,64,73,36,42,43,5,10,85,1,5,22,69,3,7,1.0
2012-13,1610612757,POR,Portland Trail Blazers,0021200879,2013-03-02T00:00:00,POR vs. MIN,W,48.0,44,90,0.489,7,20,0.35,14,22,0.636,17,38,55,32,13.0,4,7,5,30,17,109,15.0,1,1,1,1,7,6,10,22,57,65,43,56,36,86,3,5,1,2,27,71,11,61,94,63,11,10,1.0
2012-13,1610612757,POR,Portland Trail Blazers,0021200860,2013-02-27T00:00:00,POR vs. DEN,L,48.0,38,85,0.447,10,25,0.4,23,27,0.852,13,26,39,26,19.0,9,4,6,24,24,109,-2.0,1,41,41,41,7,30,31,42,20,31,26,8,19,21,19,68,54,12,77,16,44,71,80,10,11,42,1.0
2012-13,1610612757,POR,Portland Trail Blazers,0021200837,2013-02-24T00:00:00,POR vs. BOS,W,48.0,35,79,0.443,7,21,0.333,15,19,0.789,11,36,47,21,16.0,4,2,2,16,18,92,6.0,1,1,1,1,7,52,57,45,57,57,52,46,51,47,36,12,13,48,55,71,71,5,22,52,61,22,1.0
2012-13,1610612757,POR,Portland Trail Blazers,0021200821,2013-02-22T00:00:00,POR @ LAL,L,48.0,46,94,0.489,8,20,0.4,7,12,0.583,7,35,42,25,15.0,9,2,5,28,14,107,-4.0,1,41,41,41,7,4,1,20,46,65,26,91,85,92,76,16,36,15,45,16,71,61,91,81,16,47,1.0
2012-13,1610612757,POR,Portland Trail Blazers,0021200797,2013-02-19T00:00:00,POR vs. PHX,L,48.0,33,80,0.413,6,20,0.3,26,32,0.813,12,25,37,18,14.0,7,1,2,15,28,98,-4.0,1,41,41,41,7,63,52,68,69,65,67,5,3,37,27,73,64,70,34,40,82,5,17,5,41,47,1.0
2012-13,1610612757,POR,Portland Trail Blazers,0021200783,2013-02-13T00:00:00,POR @ NOH,L,48.0,24,74,0.324,2,17,0.118,13,13,1.0,6,29,35,19,18.0,4,9,6,12,13,63,-36.0,1,41,41,41,7,93,78,94,91,85,92,60,80,1,83,49,74,57,74,71,1,71,2,86,94,94,1.0
2012-13,1610612757,POR,Portland Trail Blazers,0021200770,2013-02-12T00:00:00,POR @ MIA,L,48.0,39,73,0.534,8,24,0.333,18,20,0.9,4,21,25,15,15.0,3,2,7,18,21,104,-13.0,1,41,41,41,7,25,80,8,46,38,52,35,45,9,93,92,94,81,45,85,71,78,38,29,22,74,1.0
2012-13,1610612757,POR,Portland Trail Blazers,0021200756,2013-02-10T00:00:00,POR @ ORL,L,48.0,42,83,0.506,10,27,0.37,10,12,0.833,5,33,38,31,14.0,4,3,3,13,16,104,-6.0,1,41,41,41,7,11,40,14,20,18,37,80,85,23,91,26,60,3,34,71,57,22,6,69,22,55,1.0
2012-13,1610612757,POR,Portland Trail Blazers,0021200743,2013-02-08T00:00:00,POR @ HOU,L,48.0,40,88,0.455,8,26,0.308,15,20,0.75,15,25,40,21,11.0,4,4,9,12,19,103,-15.0,1,41,41,41,7,22,15,37,46,26,66,46,45,61,10,73,47,48,10,71,44,89,2,46,26,79,1.0
2012-13,1610612757,POR,Portland Trail Blazers,0021200730,2013-02-06T00:00:00,POR @ DAL,L,48.0,36,84,0.429,10,30,0.333,17,19,0.895,7,35,42,20,6.0,6,1,3,20,16,99,-6.0,1,41,41,41,7,44,37,58,20,8,52,40,51,11,76,16,36,53,1,46,82,22,56,69,39,55,0.0
2012-13,1610612757,POR,Portland Trail Blazers,0021200713,2013-02-04T00:00:00,POR @ MIN,W,48.0,41,70,0.586,7,18,0.389,11,16,0.688,8,31,39,23,28.0,5,8,2,24,20,100,2.0,1,1,1,1,7,17,85,3,57,81,29,76,68,76,70,36,54,31,94,59,5,5,80,37,35,33,1.0
2012-13,1610612757,POR,Portland Trail Blazers,0021200703,2013-02-02T00:00:00,POR vs. UTA,W,48.0,38,75,0.507,10,18,0.556,19,28,0.679,10,39,49,25,16.0,2,6,2,17,22,105,6.0,1,1,1,1,7,30,74,12,20,81,4,30,14,77,49,2,7,15,55,91,18,5,30,19,19,22,1.0
2012-13,1610612757,POR,Portland Trail Blazers,0021200693,2013-02-01T00:00:00,POR @ UTA,L,48.0,29,79,0.367,7,20,0.35,12,16,0.75,12,28,40,15,15.0,6,8,7,22,21,77,-9.0,1,41,41,41,7,88,57,87,57,65,43,65,68,61,27,52,47,81,45,46,5,78,69,29,91,66,1.0
2012-13,1610612757,POR,Portland Trail Blazers,0021200668,2013-01-29T00:00:00,POR vs. DAL,W,48.0,39,86,0.453,10,28,0.357,18,23,0.783,15,31,46,24,16.0,8,5,2,14,21,106,2.0,1,1,1,1,7,25,23,39,20,14,41,35,33,49,10,36,18,24,55,26,32,5,10,29,17,33,1.0
2012-13,1610612757,POR,Portland Trail Blazers,0021200658,2013-01-27T00:00:00,POR @ LAC,L,48.0,29,66,0.439,3,15,0.2,22,29,0.759,9,30,39,28,19.0,9,4,2,13,23,83,-13.0,1,41,41,41,7,88,92,48,87,90,84,16,9,60,58,42,54,7,77,16,44,5,6,14,83,74,1.0
2012-13,1610612757,POR,Portland Trail Blazers,0021200651,2013-01-26T00:00:00,POR vs. LAC,W,48.0,35,75,0.467,11,25,0.44,20,21,0.952,9,23,32,23,15.0,10,1,4,19,22,101,1.0,1,1,1,1,7,52,74,32,15,31,18,23,40,4,58,84,83,31,45,7,82,40,49,19,32,38,1.0
2012-13,1610612757,POR,Portland Trail Blazers,0021200627,2013-01-23T00:00:00,POR vs. IND,W,48.0,44,78,0.564,2,11,0.182,10,12,0.833,7,35,42,29,17.0,4,4,2,17,20,100,20.0,1,1,1,1,7,6,64,6,91,94,87,80,85,23,76,16,36,5,68,71,44,5,30,37,35,3,1.0
2012-13,1610612757,POR,Portland Trail Blazers,0021200613,2013-01-21T00:00:00,POR vs. WAS,L,48.0,37,81,0.457,7,24,0.292,14,18,0.778,10,32,42,25,14.0,5,3,1,17,18,95,-3.0,1,41,41,41,7,36,48,36,57,38,71,56,55,51,49,33,36,15,34,59,57,1,30,52,52,45,1.0
2012-13,1610612757,POR,Portland Trail Blazers,0021200599,2013-01-19T00:00:00,POR vs. MIL,L,48.0,34,81,0.42,8,28,0.286,28,32,0.875,8,38,46,19,19.0,8,4,4,25,22,104,-6.0,1,41,41,41,7,57,48,64,46,14,73,2,3,16,70,5,18,57,77,26,44,40,87,19,22,55,1.0
2012-13,1610612757,POR,Portland Trail Blazers,0021200578,2013-01-16T00:00:00,POR vs. CLE,L,48.0,31,79,0.392,9,29,0.31,17,26,0.654,15,39,54,19,19.0,6,7,4,25,16,88,-5.0,1,41,41,41,7,78,57,80,34,9,64,40,21,84,10,2,2,57,77,46,11,40,87,69,72,52,1.0
2012-13,1610612757,POR,Portland Trail Blazers,0021200568,2013-01-15T00:00:00,POR @ DEN,L,53.0,42,88,0.477,8,27,0.296,19,23,0.826,9,37,46,25,19.0,5,7,2,20,23,111,-4.0,1,41,41,41,2,11,15,27,46,18,70,30,33,32,58,9,18,15,77,59,11,5,56,14,10,47,1.0
2012-13,1610612757,POR,Portland Trail Blazers,0021200554,2013-01-13T00:00:00,POR vs. OKC,L,48.0,31,86,0.36,6,21,0.286,15,18,0.833,12,30,42,17,12.0,3,6,3,18,19,83,-4.0,1,41,41,41,7,78,23,89,69,57,73,46,55,23,27,42,36,76,21,85,18,22,38,46,83,47,1.0
2012-13,1610612757,POR,Portland Trail Blazers,0021200540,2013-01-11T00:00:00,POR @ GSW,L,48.0,35,92,0.38,15,43,0.349,12,19,0.632,17,35,52,18,13.0,5,3,5,14,16,97,-6.0,1,41,41,41,7,52,6,85,2,1,47,65,51,88,3,16,5,70,27,59,57,61,10,69,45,55,1.0
2012-13,1610612757,POR,Portland Trail Blazers,0021200529,2013-01-10T00:00:00,POR vs. MIA,W,48.0,30,80,0.375,9,27,0.333,23,30,0.767,11,34,45,18,14.0,10,2,6,15,21,92,2.0,1,1,1,1,7,84,52,86,34,18,52,8,7,59,36,22,23,70,34,7,71,71,17,29,61,33,1.0
2012-13,1610612757,POR,Portland Trail Blazers,0021200510,2013-01-07T00:00:00,POR vs. ORL,W,53.0,48,94,0.511,8,24,0.333,21,24,0.875,11,33,44,34,9.0,6,4,4,14,24,125,6.0,1,1,1,1,2,3,1,11,46,38,52,18,29,16,36,26,28,1,3,46,44,40,10,10,2,22,1.0
2012-13,1610612757,POR,Portland Trail Blazers,0021200494,2013-01-05T00:00:00,POR @ MIN,W,48.0,37,86,0.43,16,24,0.667,12,13,0.923,11,28,39,22,13.0,3,8,8,22,13,102,5.0,1,1,1,1,7,36,23,57,1,38,1,65,80,5,36,52,54,39,27,85,5,85,69,86,29,28,1.0
2012-13,1610612757,POR,Portland Trail Blazers,0021200484,2013-01-04T00:00:00,POR @ MEM,W,48.0,33,81,0.407,10,27,0.37,10,15,0.667,13,28,41,22,15.0,9,7,9,14,18,86,2.0,1,1,1,1,7,63,48,73,20,18,37,80,75,78,19,52,43,39,45,16,11,89,10,52,78,33,1.0
2012-13,1610612757,POR,Portland Trail Blazers,0021200464,2013-01-02T00:00:00,POR @ TOR,L,48.0,31,70,0.443,4,22,0.182,13,16,0.813,9,27,36,19,18.0,4,2,2,18,20,79,-23.0,1,41,41,41,7,78,85,46,83,51,87,60,68,37,58,58,71,57,74,71,71,5,38,37,89,90,1.0
2012-13,1610612757,POR,Portland Trail Blazers,0021200459,2013-01-01T00:00:00,POR @ NYK,W,48.0,41,81,0.506,11,33,0.333,12,18,0.667,13,34,47,22,16.0,6,0,2,22,19,105,5.0,1,1,1,1,7,17,48,13,15,4,52,65,55,78,19,22,13,39,55,46,91,5,69,46,19,28,1.0
2012-13,1610612757,POR,Portland Trail Blazers,0021200446,2012-12-29T00:00:00,POR vs. PHI,W,48.0,34,76,0.447,8,23,0.348,13,16,0.813,6,33,39,19,11.0,8,6,3,14,14,89,4.0,1,1,1,1,7,57,69,41,46,47,48,60,68,37,83,26,54,57,10,26,18,22,10,81,71,30,1.0
2012-13,1610612757,POR,Portland Trail Blazers,0021200435,2012-12-28T00:00:00,POR @ LAL,L,48.0,36,87,0.414,3,19,0.158,12,16,0.75,13,31,44,24,9.0,7,5,7,23,15,87,-17.0,1,41,41,41,7,44,20,67,87,76,90,65,68,61,19,36,28,24,3,40,32,78,75,77,75,82,1.0
2012-13,1610612757,POR,Portland Trail Blazers,0021200422,2012-12-26T00:00:00,POR vs. SAC,W,48.0,44,87,0.506,6,21,0.286,15,20,0.75,17,36,53,31,17.0,5,4,3,17,18,109,18.0,1,1,1,1,7,6,20,16,69,57,73,46,45,61,3,12,3,3,68,59,44,22,30,52,11,4,1.0
2012-13,1610612757,POR,Portland Trail Blazers,0021200404,2012-12-23T00:00:00,POR @ SAC,L,48.0,37,85,0.435,7,24,0.292,15,17,0.882,15,26,41,24,17.0,11,5,2,17,18,96,-12.0,1,41,41,41,7,36,31,52,57,38,71,46,64,14,10,68,43,24,68,4,32,5,30,52,49,73,1.0
2012-13,1610612757,POR,Portland Trail Blazers,0021200397,2012-12-22T00:00:00,POR vs. PHX,W,48.0,33,69,0.478,7,20,0.35,23,28,0.821,11,34,45,21,22.0,5,4,1,12,18,96,3.0,1,1,1,1,7,63,88,26,57,65,43,8,14,33,36,22,23,48,88,59,44,1,2,52,49,31,1.0
2012-13,1610612757,POR,Portland Trail Blazers,0021200379,2012-12-20T00:00:00,POR vs. DEN,W,48.0,33,92,0.359,14,36,0.389,21,26,0.808,12,38,50,25,11.0,5,7,6,21,20,101,8.0,1,1,1,1,7,63,6,91,3,2,29,18,21,43,27,5,6,15,10,59,11,71,62,37,32,18,1.0
2012-13,1610612757,POR,Portland Trail Blazers,0021200349,2012-12-16T00:00:00,POR vs. NOH,W,48.0,37,80,0.463,11,29,0.379,10,12,0.833,14,22,36,25,10.0,9,8,1,12,15,95,1.0,1,1,1,1,7,36,52,34,15,9,33,80,85,23,15,88,71,15,8,16,5,1,2,77,52,38,1.0
2012-13,1610612757,POR,Portland Trail Blazers,0021200324,2012-12-13T00:00:00,POR vs. SAS,W,48.0,40,88,0.455,7,27,0.259,11,12,0.917,9,31,40,19,15.0,11,5,2,19,11,98,8.0,1,1,1,1,7,22,15,37,57,18,80,76,85,6,58,36,47,57,45,4,32,5,49,91,41,18,1.0
2012-13,1610612757,POR,Portland Trail Blazers,0021200303,2012-12-10T00:00:00,POR vs. TOR,W,48.0,36,89,0.404,0,20,0.0,20,22,0.909,11,37,48,16,7.0,8,3,5,18,20,92,18.0,1,1,1,1,7,44,12,76,94,65,94,23,36,8,36,9,8,79,2,26,57,61,38,37,61,4,1.0
2012-13,1610612757,POR,Portland Trail Blazers,0021200291,2012-12-08T00:00:00,POR vs. SAC,L,48.0,29,75,0.387,8,21,0.381,14,18,0.778,11,36,47,16,19.0,4,6,4,23,16,80,-19.0,1,41,41,41,7,88,74,82,46,57,32,56,55,51,36,12,13,79,77,71,18,40,75,69,88,88,1.0
2012-13,1610612757,POR,Portland Trail Blazers,0021200258,2012-12-05T00:00:00,POR @ IND,L,48.0,34,79,0.43,6,22,0.273,18,22,0.818,9,28,37,18,12.0,5,3,7,15,12,92,-7.0,1,41,41,41,7,57,57,56,69,51,77,35,36,35,58,52,64,70,21,59,57,78,17,88,61,61,1.0
2012-13,1610612757,POR,Portland Trail Blazers,0021200245,2012-12-03T00:00:00,POR @ CHA,W,53.0,43,92,0.467,12,35,0.343,20,26,0.769,13,35,48,28,16.0,8,7,6,20,19,118,6.0,1,1,1,1,2,10,6,31,9,3,51,23,21,54,19,16,8,7,55,26,11,71,56,46,6,22,1.0
2012-13,1610612757,POR,Portland Trail Blazers,0021200234,2012-12-01T00:00:00,POR @ CLE,W,58.0,46,94,0.489,9,25,0.36,17,21,0.81,12,29,41,25,14.0,7,9,4,21,21,118,1.0,1,1,1,1,1,4,1,20,34,31,40,40,40,41,27,49,43,15,34,40,1,40,62,29,6,38,1.0
2012-13,1610612757,POR,Portland Trail Blazers,0021200225,2012-11-30T00:00:00,POR @ BOS,L,48.0,24,69,0.348,3,15,0.2,27,37,0.73,10,27,37,12,23.0,12,4,4,19,27,78,-18.0,1,41,41,41,7,93,88,93,87,90,84,4,1,68,49,58,64,93,90,3,44,40,49,6,90,84,1.0
2012-13,1610612757,POR,Portland Trail Blazers,0021200209,2012-11-28T00:00:00,POR @ WAS,L,48.0,30,86,0.349,10,31,0.323,12,18,0.667,18,27,45,14,11.0,10,3,2,20,19,82,-2.0,1,41,41,41,7,84,23,92,20,6,61,65,55,78,2,58,23,88,10,7,57,5,56,46,86,42,1.0
2012-13,1610612757,POR,Portland Trail Blazers,0021200198,2012-11-26T00:00:00,POR @ DET,L,48.0,36,85,0.424,6,19,0.316,23,31,0.742,17,25,42,23,11.0,10,9,5,24,25,101,-7.0,1,41,41,41,7,44,31,61,69,76,62,8,6,67,3,73,36,31,10,7,1,61,80,8,32,61,1.0
2012-13,1610612757,POR,Portland Trail Blazers,0021200193,2012-11-25T00:00:00,POR @ BKN,L,48.0,34,78,0.436,7,17,0.412,10,13,0.769,9,25,34,22,18.0,8,6,9,19,11,85,-13.0,1,41,41,41,7,57,64,51,57,85,24,80,80,54,58,73,78,39,74,26,18,89,49,91,79,74,1.0
2012-13,1610612757,POR,Portland Trail Blazers,0021200182,2012-11-23T00:00:00,POR vs. MIN,W,48.0,42,78,0.538,11,25,0.44,8,18,0.444,6,27,33,24,12.0,7,6,2,26,21,103,8.0,1,1,1,1,7,11,64,7,15,31,18,90,55,94,83,58,81,24,21,40,18,5,90,29,26,18,1.0
2012-13,1610612757,POR,Portland Trail Blazers,0021200168,2012-11-21T00:00:00,POR @ PHX,L,48.0,31,77,0.403,5,19,0.263,20,26,0.769,13,19,32,14,22.0,7,2,3,21,18,87,-27.0,1,41,41,41,7,78,68,77,79,76,78,23,21,54,19,94,83,88,88,40,71,22,62,52,75,92,1.0
2012-13,1610612757,POR,Portland Trail Blazers,0021200145,2012-11-18T00:00:00,POR vs. CHI,W,48.0,39,79,0.494,9,22,0.409,15,20,0.75,10,24,34,15,16.0,8,1,3,17,20,102,8.0,1,1,1,1,7,25,57,18,34,51,25,46,45,61,49,82,78,81,55,26,82,22,30,37,29,18,1.0
2012-13,1610612757,POR,Portland Trail Blazers,0021200129,2012-11-16T00:00:00,POR vs. HOU,W,53.0,44,86,0.512,10,25,0.4,21,29,0.724,10,27,37,21,16.0,4,8,3,24,29,119,2.0,1,1,1,1,2,6,23,10,20,31,26,18,9,69,49,58,64,48,55,71,5,22,80,3,5,33,1.0
2012-13,1610612757,POR,Portland Trail Blazers,0021200107,2012-11-13T00:00:00,POR @ SAC,W,48.0,35,72,0.486,14,27,0.519,19,22,0.864,11,33,44,20,17.0,9,5,4,18,20,103,17.0,1,1,1,1,7,52,83,25,3,18,6,30,36,18,36,26,28,53,68,16,32,40,38,37,26,7,1.0
2012-13,1610612757,POR,Portland Trail Blazers,0021200102,2012-11-12T00:00:00,POR vs. ATL,L,48.0,30,83,0.361,6,23,0.261,21,26,0.808,16,31,47,15,20.0,13,6,4,19,22,87,-8.0,1,41,41,41,7,84,40,88,69,47,79,18,21,43,9,36,13,81,87,2,18,40,49,19,75,65,1.0
2012-13,1610612757,POR,Portland Trail Blazers,0021200088,2012-11-10T00:00:00,POR vs. SAS,L,48.0,42,89,0.472,10,22,0.455,15,19,0.789,12,25,37,23,15.0,14,5,5,23,20,109,-3.0,1,41,41,41,7,11,12,29,20,51,15,46,51,47,27,73,64,31,45,1,32,61,75,37,11,45,1.0
2012-13,1610612757,POR,Portland Trail Blazers,0021200067,2012-11-08T00:00:00,POR vs. LAC,L,48.0,32,75,0.427,7,20,0.35,19,30,0.633,9,22,31,19,13.0,10,4,3,22,22,90,-13.0,1,41,41,41,7,72,74,60,57,65,43,30,7,87,58,88,86,57,27,7,44,22,69,19,69,74,1.0
2012-13,1610612757,POR,Portland Trail Blazers,0021200046,2012-11-05T00:00:00,POR @ DAL,L,48.0,36,93,0.387,5,22,0.227,14,18,0.778,23,25,48,13,13.0,5,3,5,13,15,91,-23.0,1,41,41,41,7,44,4,81,79,51,83,56,55,51,1,73,8,91,27,59,57,61,6,77,66,90,1.0
2012-13,1610612757,POR,Portland Trail Blazers,0021200032,2012-11-03T00:00:00,POR @ HOU,W,53.0,39,93,0.419,10,24,0.417,7,12,0.583,10,43,53,28,16.0,11,8,4,18,16,95,10.0,1,1,1,1,2,25,4,65,20,38,23,91,85,92,49,1,3,7,55,4,5,40,38,69,52,15,1.0
2012-13,1610612757,POR,Portland Trail Blazers,0021200022,2012-11-02T00:00:00,POR @ OKC,L,48.0,32,89,0.36,9,26,0.346,19,24,0.792,11,33,44,17,12.0,4,0,10,25,22,92,-14.0,1,41,41,41,7,72,12,90,34,26,50,30,29,46,36,26,28,76,21,71,91,94,87,19,61,78,1.0
2012-13,1610612757,POR,Portland Trail Blazers,0021200012,2012-10-31T00:00:00,POR vs. LAL,W,48.0,42,83,0.506,9,20,0.45,23,28,0.821,10,20,30,19,12.0,10,5,2,20,29,116,10.0,1,1,1,1,7,11,40,14,34,65,16,8,14,33,49,93,89,57,21,7,32,5,56,3,8,15,1.0
2012-13,1610612757,POR,Portland Trail Blazers,0011200107,2012-10-25T00:00:00,POR @ UTA,L,48.0,33,74,0.446,5,21,0.238,20,26,0.769,11,32,43,14,25.0,10,7,5,24,23,91,-6.0,1,41,41,41,7,63,78,44,79,57,81,23,21,54,36,33,35,88,92,7,11,61,80,14,66,55,
2012-13,1610612757,POR,Portland Trail Blazers,0011200091,2012-10-22T00:00:00,POR vs. UTA,W,48.0,42,73,0.575,12,25,0.48,24,29,0.828,7,25,32,22,25.0,10,3,3,29,26,120,6.0,1,1,1,1,7,11,80,5,9,31,10,6,9,30,76,73,83,39,92,7,57,22,93,7,4,22,
2012-13,1610612757,POR,Portland Trail Blazers,0011200076,2012-10-19T00:00:00,POR vs. GSW,L,48.0,31,71,0.437,4,17,0.235,31,35,0.886,7,28,35,15,16.0,6,6,3,22,25,97,-4.0,1,41,41,41,7,78,84,50,83,85,82,1,2,12,76,52,74,81,55,46,18,22,69,8,45,47,
2012-13,1610612757,POR,Portland Trail Blazers,0011200064,2012-10-17T00:00:00,POR vs. DEN,W,48.0,37,84,0.44,13,31,0.419,10,15,0.667,14,30,44,27,19.0,9,6,3,24,18,97,17.0,1,1,1,1,7,36,37,47,5,6,22,80,75,78,15,42,28,10,77,16,18,22,80,52,45,7,
2012-13,1610612757,POR,Portland Trail Blazers,0011200050,2012-10-15T00:00:00,POR @ SAC,L,48.0,34,85,0.4,9,29,0.31,23,26,0.885,17,23,40,19,19.0,4,3,4,19,23,100,-17.0,1,41,41,41,7,57,31,78,34,9,64,8,21,13,3,84,47,57,77,71,57,40,49,14,35,82,
2012-13,1610612757,POR,Portland Trail Blazers,0011200035,2012-10-12T00:00:00,POR @ PHX,L,48.0,34,88,0.386,8,29,0.276,17,20,0.85,17,30,47,19,19.0,9,4,4,18,21,93,-11.0,1,41,41,41,7,57,15,83,46,9,76,40,45,22,3,42,13,57,77,16,44,40,38,29,58,70,
2012-13,1610612757,POR,Portland Trail Blazers,0011200022,2012-10-10T00:00:00,POR @ LAL,W,48.0,37,85,0.435,9,24,0.375,10,12,0.833,9,39,48,23,15.0,8,5,5,21,19,93,18.0,1,1,1,1,7,36,31,52,34,38,34,80,85,23,58,2,8,31,45,26,32,61,62,46,58,4,
2012-13,1610612758,SAC,Sacramento Kings,0021201229,2013-04-17T00:00:00,SAC vs. LAC,L,48.0,40,89,0.449,9,26,0.346,19,25,0.76,12,32,44,23,11.0,5,4,3,20,20,108,-4.0,1,36,36,36,5,20,14,44,20,13,51,36,33,55,35,21,20,24,12,73,36,8,36,40,19,39,1.0
2012-13,1610612758,SAC,Sacramento Kings,0021201209,2013-04-15T00:00:00,SAC @ OKC,L,48.0,38,87,0.437,7,27,0.259,12,21,0.571,12,33,45,19,15.0,8,0,6,15,18,95,-9.0,1,36,36,36,5,39,20,52,44,8,72,75,56,90,35,14,15,53,48,39,93,41,2,62,57,55,1.0
2012-13,1610612758,SAC,Sacramento Kings,0021201200,2013-04-14T00:00:00,SAC @ HOU,L,48.0,39,100,0.39,8,25,0.32,14,17,0.824,15,30,45,24,15.0,10,10,12,21,17,100,-21.0,1,36,36,36,5,29,2,80,33,16,60,64,72,21,16,39,15,16,48,26,2,89,43,71,42,83,1.0
2012-13,1610612758,SAC,Sacramento Kings,0021201186,2013-04-12T00:00:00,SAC @ SAS,L,48.0,39,89,0.438,11,20,0.55,12,15,0.8,9,25,34,26,14.0,13,4,12,16,14,101,-7.0,1,36,36,36,5,29,14,50,10,46,4,75,83,38,68,74,84,10,36,5,36,89,6,88,39,48,1.0
2012-13,1610612758,SAC,Sacramento Kings,0021201170,2013-04-10T00:00:00,SAC vs. NOH,W,48.0,47,85,0.553,10,20,0.5,17,23,0.739,9,28,37,26,12.0,10,7,5,28,18,121,11.0,1,1,1,1,5,2,39,2,15,46,9,52,46,62,68,51,69,10,18,26,10,32,86,62,5,13,1.0
2012-13,1610612758,SAC,Sacramento Kings,0021201149,2013-04-07T00:00:00,SAC vs. MEM,L,48.0,29,81,0.358,7,25,0.28,22,28,0.786,10,31,41,18,15.0,9,4,12,24,25,87,-2.0,1,36,36,36,5,86,62,90,44,16,69,22,23,45,55,30,40,62,48,33,36,89,66,13,79,36,1.0
2012-13,1610612758,SAC,Sacramento Kings,0021201135,2013-04-05T00:00:00,SAC vs. DAL,L,48.0,39,87,0.448,6,26,0.231,24,31,0.774,12,33,45,20,12.0,5,1,4,16,20,108,-9.0,1,36,36,36,5,29,20,45,55,13,79,17,17,51,35,14,15,46,18,73,84,16,6,40,19,55,1.0
2012-13,1610612758,SAC,Sacramento Kings,0021201119,2013-04-03T00:00:00,SAC vs. HOU,L,48.0,34,87,0.391,6,21,0.286,28,34,0.824,13,27,40,19,12.0,12,4,4,20,28,102,-10.0,1,36,36,36,5,67,20,79,55,39,66,7,6,21,31,60,45,53,18,8,36,16,36,5,33,60,1.0
2012-13,1610612758,SAC,Sacramento Kings,0021201093,2013-03-30T00:00:00,SAC vs. LAL,L,48.0,39,86,0.453,7,24,0.292,13,16,0.813,16,28,44,19,12.0,1,2,7,18,16,98,-5.0,1,36,36,36,5,29,26,39,44,19,65,68,75,32,7,51,20,53,18,94,71,61,16,80,47,41,1.0
2012-13,1610612758,SAC,Sacramento Kings,0021201073,2013-03-28T00:00:00,SAC @ PHX,W,48.0,44,83,0.53,7,18,0.389,22,24,0.917,13,37,50,21,18.0,5,3,6,21,18,117,14.0,1,1,1,1,5,7,52,11,44,64,36,22,41,5,31,4,6,39,74,73,56,41,43,62,11,9,1.0
2012-13,1610612758,SAC,Sacramento Kings,0021201069,2013-03-27T00:00:00,SAC @ GSW,W,48.0,41,90,0.456,11,28,0.393,12,21,0.571,16,29,45,24,15.0,6,1,4,14,19,105,7.0,1,1,1,1,5,18,9,38,10,5,32,75,56,90,7,42,15,16,48,65,84,16,1,48,26,20,1.0
2012-13,1610612758,SAC,Sacramento Kings,0021201047,2013-03-24T00:00:00,SAC vs. PHI,L,48.0,42,85,0.494,9,24,0.375,10,12,0.833,9,28,37,18,13.0,5,3,4,15,15,103,-14.0,1,36,36,36,5,15,39,19,20,19,38,84,91,17,68,51,69,62,25,73,56,16,2,84,30,73,1.0
2012-13,1610612758,SAC,Sacramento Kings,0021201037,2013-03-23T00:00:00,SAC @ DEN,L,48.0,39,86,0.453,8,28,0.286,9,17,0.529,10,26,36,24,14.0,5,10,7,26,19,95,-6.0,1,36,36,36,5,29,26,39,33,5,66,88,72,92,55,68,77,16,36,73,2,61,81,48,57,44,1.0
2012-13,1610612758,SAC,Sacramento Kings,0021201021,2013-03-21T00:00:00,SAC vs. MIN,W,48.0,40,75,0.533,6,18,0.333,15,18,0.833,4,36,40,21,17.0,4,6,2,23,23,101,3.0,1,1,1,1,5,20,84,10,55,64,53,59,70,17,94,6,45,39,62,87,19,3,60,24,39,29,1.0
2012-13,1610612758,SAC,Sacramento Kings,0021201007,2013-03-19T00:00:00,SAC vs. LAC,W,48.0,37,73,0.507,14,28,0.5,28,34,0.824,8,29,37,25,17.0,8,1,4,25,24,116,15.0,1,1,1,1,5,46,89,16,2,5,9,7,6,21,76,42,69,13,62,39,84,16,73,16,14,8,1.0
2012-13,1610612758,SAC,Sacramento Kings,0021200992,2013-03-17T00:00:00,SAC @ LAL,L,48.0,42,96,0.438,10,31,0.323,8,8,1.0,7,26,33,21,6.0,7,3,7,22,12,102,-11.0,1,36,36,36,5,15,3,51,15,2,59,93,94,1,81,68,86,39,2,56,56,61,51,94,33,65,1.0
2012-13,1610612758,SAC,Sacramento Kings,0021200963,2013-03-13T00:00:00,SAC vs. CHI,W,48.0,45,83,0.542,9,23,0.391,22,26,0.846,7,33,40,17,5.0,9,3,3,16,19,121,42.0,1,1,1,1,5,4,52,7,20,26,33,22,29,16,81,14,45,70,1,33,56,8,6,48,5,1,1.0
2012-13,1610612758,SAC,Sacramento Kings,0021200941,2013-03-10T00:00:00,SAC vs. MIL,L,48.0,44,94,0.468,6,22,0.273,19,25,0.76,10,33,43,23,10.0,7,3,8,25,24,113,-2.0,1,36,36,36,5,7,4,26,55,30,71,36,33,55,55,14,25,24,5,56,56,70,73,16,15,36,1.0
2012-13,1610612758,SAC,Sacramento Kings,0021200924,2013-03-08T00:00:00,SAC vs. PHX,W,48.0,45,82,0.549,13,27,0.481,18,21,0.857,6,32,38,30,16.0,8,4,6,21,17,121,9.0,1,1,1,1,5,4,57,4,4,8,15,42,56,12,87,21,64,4,55,39,36,41,43,71,5,16,1.0
2012-13,1610612758,SAC,Sacramento Kings,0021200912,2013-03-06T00:00:00,SAC @ GSW,L,48.0,33,83,0.398,8,24,0.333,9,12,0.75,6,34,40,28,15.0,12,4,4,24,14,83,-4.0,1,36,36,36,5,73,52,76,33,19,53,88,91,58,87,10,45,5,48,8,36,16,66,88,87,39,1.0
2012-13,1610612758,SAC,Sacramento Kings,0021200898,2013-03-05T00:00:00,SAC vs. DEN,L,48.0,39,85,0.459,12,31,0.387,23,28,0.821,14,29,43,23,18.0,5,7,6,23,26,113,-7.0,1,36,36,36,5,29,39,33,6,2,37,19,23,24,22,42,25,24,74,73,10,41,60,11,15,48,1.0
2012-13,1610612758,SAC,Sacramento Kings,0021200884,2013-03-03T00:00:00,SAC vs. CHA,W,48.0,42,90,0.467,13,33,0.394,22,27,0.815,18,42,60,26,18.0,8,4,3,23,18,119,36.0,1,1,1,1,5,15,9,28,4,1,31,22,26,30,3,1,1,10,74,39,36,8,60,62,9,2,1.0
2012-13,1610612758,SAC,Sacramento Kings,0021200872,2013-03-01T00:00:00,SAC @ SAS,L,48.0,39,85,0.459,7,21,0.333,17,19,0.895,5,23,28,20,20.0,14,2,6,18,15,102,-28.0,1,36,36,36,5,29,39,33,44,39,53,52,65,7,92,85,94,46,87,2,71,41,16,84,33,88,1.0
2012-13,1610612758,SAC,Sacramento Kings,0021200851,2013-02-27T00:00:00,SAC @ ORL,W,48.0,46,84,0.548,10,22,0.455,23,29,0.793,7,33,40,31,13.0,12,3,2,22,30,125,24.0,1,1,1,1,5,3,47,5,15,30,20,19,21,42,81,14,45,2,25,8,56,3,51,3,3,3,1.0
2012-13,1610612758,SAC,Sacramento Kings,0021200845,2013-02-26T00:00:00,SAC @ MIA,L,58.0,48,93,0.516,14,27,0.519,19,26,0.731,14,26,40,33,19.0,12,5,9,25,22,129,-12.0,1,36,36,36,1,1,5,14,2,8,8,36,29,68,22,68,45,1,82,8,26,77,73,29,2,68,1.0
2012-13,1610612758,SAC,Sacramento Kings,0021200834,2013-02-24T00:00:00,SAC @ NOH,L,48.0,35,83,0.422,12,19,0.632,13,13,1.0,11,27,38,20,13.0,5,4,9,16,13,95,-15.0,1,36,36,36,5,62,52,58,6,53,1,68,89,1,43,60,64,46,25,73,36,77,6,92,57,75,1.0
2012-13,1610612758,SAC,Sacramento Kings,0021200816,2013-02-22T00:00:00,SAC @ ATL,L,48.0,38,88,0.432,12,22,0.545,20,25,0.8,14,32,46,24,16.0,3,2,9,18,25,108,-14.0,1,36,36,36,5,39,17,54,6,30,6,32,33,38,22,21,11,16,55,91,71,77,16,13,19,73,1.0
2012-13,1610612758,SAC,Sacramento Kings,0021200796,2013-02-19T00:00:00,SAC vs. SAS,L,48.0,34,90,0.378,9,25,0.36,25,29,0.862,10,32,42,21,10.0,8,2,8,23,21,102,-6.0,1,36,36,36,5,67,9,83,20,16,46,14,21,11,55,21,34,39,5,39,71,70,60,36,33,44,1.0
2012-13,1610612758,SAC,Sacramento Kings,0021200785,2013-02-13T00:00:00,SAC @ DAL,L,48.0,33,80,0.413,4,16,0.25,30,36,0.833,12,32,44,17,18.0,8,2,10,22,27,100,-23.0,1,36,36,36,5,73,70,65,77,75,74,3,4,17,35,21,20,70,74,39,71,82,51,6,42,85,1.0
2012-13,1610612758,SAC,Sacramento Kings,0021200771,2013-02-12T00:00:00,SAC @ MEM,L,48.0,40,86,0.465,4,16,0.25,17,24,0.708,12,24,36,20,14.0,12,2,4,24,22,101,-7.0,1,36,36,36,5,20,26,29,77,75,74,52,41,73,35,78,77,46,36,8,71,16,66,29,39,48,1.0
2012-13,1610612758,SAC,Sacramento Kings,0021200760,2013-02-10T00:00:00,SAC vs. HOU,W,48.0,40,87,0.46,11,20,0.55,26,27,0.963,15,31,46,22,13.0,9,2,7,21,21,117,6.0,1,1,1,1,5,20,20,32,10,46,4,10,26,4,16,30,11,34,25,33,71,61,43,36,11,23,1.0
2012-13,1610612758,SAC,Sacramento Kings,0021200751,2013-02-09T00:00:00,SAC vs. UTA,W,48.0,44,85,0.518,8,19,0.421,24,35,0.686,16,28,44,27,17.0,11,6,7,24,27,120,11.0,1,1,1,1,5,7,39,13,33,53,25,17,5,78,7,51,20,9,62,14,19,61,66,6,8,13,1.0
2012-13,1610612758,SAC,Sacramento Kings,0021200714,2013-02-04T00:00:00,SAC @ UTA,L,53.0,35,87,0.402,3,20,0.15,18,25,0.72,15,24,39,13,13.0,11,4,8,21,19,91,-7.0,1,36,36,36,3,62,20,72,83,46,91,42,33,70,16,78,59,87,25,14,36,70,43,48,67,48,1.0
2012-13,1610612758,SAC,Sacramento Kings,0021200697,2013-02-02T00:00:00,SAC @ NYK,L,48.0,32,76,0.421,6,21,0.286,11,15,0.733,5,25,30,14,19.0,8,2,1,15,19,81,-39.0,1,36,36,36,5,78,80,59,55,39,66,80,83,66,92,74,92,82,82,39,71,1,2,48,88,94,1.0
2012-13,1610612758,SAC,Sacramento Kings,0021200689,2013-02-01T00:00:00,SAC @ PHI,L,48.0,30,79,0.38,1,10,0.1,19,25,0.76,9,26,35,21,13.0,12,4,4,15,18,80,-9.0,1,36,36,36,5,85,74,82,93,92,93,36,33,55,68,68,81,39,25,8,36,16,2,62,92,55,1.0
2012-13,1610612758,SAC,Sacramento Kings,0021200672,2013-01-30T00:00:00,SAC @ BOS,L,48.0,29,73,0.397,6,17,0.353,17,26,0.654,11,27,38,13,19.0,11,1,4,19,22,81,-18.0,1,36,36,36,5,86,89,77,55,69,47,52,29,81,43,60,64,87,82,14,84,16,24,29,88,80,1.0
2012-13,1610612758,SAC,Sacramento Kings,0021200661,2013-01-28T00:00:00,SAC @ WAS,W,48.0,36,82,0.439,9,23,0.391,15,25,0.6,7,28,35,24,11.0,14,3,2,19,19,96,2.0,1,1,1,1,5,54,57,49,20,26,33,59,33,88,81,51,81,16,12,2,56,3,24,48,53,31,1.0
2012-13,1610612758,SAC,Sacramento Kings,0021200649,2013-01-26T00:00:00,SAC @ DEN,L,48.0,37,88,0.42,8,22,0.364,11,22,0.5,13,27,40,20,20.0,8,5,7,16,21,93,-28.0,1,36,36,36,5,46,17,60,33,30,42,80,52,94,31,60,45,46,87,39,26,61,6,36,64,88,1.0
2012-13,1610612758,SAC,Sacramento Kings,0021200640,2013-01-25T00:00:00,SAC vs. OKC,L,48.0,36,86,0.419,8,15,0.533,15,21,0.714,8,31,39,15,18.0,11,3,6,27,20,95,-10.0,1,36,36,36,5,54,26,61,33,82,7,59,56,71,76,30,59,77,74,14,56,41,83,40,57,60,1.0
2012-13,1610612758,SAC,Sacramento Kings,0021200626,2013-01-23T00:00:00,SAC vs. PHX,L,48.0,38,79,0.481,5,11,0.455,15,24,0.625,18,31,49,23,25.0,8,9,4,22,22,96,-10.0,1,36,36,36,5,39,74,23,71,89,20,59,41,85,3,30,8,24,94,39,5,16,51,29,53,60,1.0
2012-13,1610612758,SAC,Sacramento Kings,0021200606,2013-01-21T00:00:00,SAC @ NOH,L,48.0,38,81,0.469,3,15,0.2,26,32,0.813,12,24,36,18,11.0,5,1,4,22,27,105,-9.0,1,36,36,36,5,39,62,25,83,82,84,10,13,32,35,78,77,62,12,73,84,16,51,6,26,55,1.0
2012-13,1610612758,SAC,Sacramento Kings,0021200593,2013-01-19T00:00:00,SAC @ CHA,W,48.0,37,81,0.457,5,18,0.278,18,21,0.857,10,29,39,24,12.0,6,2,8,27,18,97,4.0,1,1,1,1,5,46,62,36,71,64,70,42,56,12,55,42,59,16,18,65,71,70,83,62,49,27,1.0
2012-13,1610612758,SAC,Sacramento Kings,0021200589,2013-01-18T00:00:00,SAC @ MEM,L,48.0,29,85,0.341,2,10,0.2,9,15,0.6,14,29,43,9,17.0,8,7,10,16,16,69,-16.0,1,36,36,36,5,86,39,92,92,92,84,88,83,88,22,42,25,92,62,39,10,82,6,80,94,77,1.0
2012-13,1610612758,SAC,Sacramento Kings,0021200577,2013-01-16T00:00:00,SAC vs. WAS,W,48.0,41,85,0.482,5,11,0.455,8,13,0.615,11,32,43,23,18.0,10,1,5,22,17,95,1.0,1,1,1,1,5,18,39,22,71,89,20,93,89,87,43,21,25,24,74,26,84,32,51,71,57,34,1.0
2012-13,1610612758,SAC,Sacramento Kings,0021200563,2013-01-14T00:00:00,SAC vs. CLE,W,48.0,43,84,0.512,9,19,0.474,29,33,0.879,16,24,40,24,13.0,8,7,5,28,24,124,6.0,1,1,1,1,5,13,47,15,20,53,16,5,11,9,7,78,45,16,25,39,10,32,86,16,4,23,1.0
2012-13,1610612758,SAC,Sacramento Kings,0021200548,2013-01-12T00:00:00,SAC vs. MIA,L,48.0,38,87,0.437,9,18,0.5,14,19,0.737,16,24,40,23,17.0,4,2,11,19,19,99,-29.0,1,36,36,36,5,39,20,52,20,64,9,64,65,63,7,78,45,24,62,87,71,88,24,48,44,90,1.0
2012-13,1610612758,SAC,Sacramento Kings,0021200528,2013-01-10T00:00:00,SAC vs. DAL,L,53.0,40,81,0.494,7,27,0.259,25,32,0.781,7,34,41,23,20.0,8,7,6,29,24,112,-5.0,1,36,36,36,3,20,62,20,44,8,72,14,13,49,81,10,40,24,87,39,10,41,90,16,18,41,1.0
2012-13,1610612758,SAC,Sacramento Kings,0021200509,2013-01-07T00:00:00,SAC vs. MEM,L,48.0,28,76,0.368,5,21,0.238,20,23,0.87,11,26,37,14,14.0,5,1,6,19,24,81,-32.0,1,36,36,36,5,91,80,87,71,39,77,32,46,10,43,68,69,82,36,73,84,41,24,16,88,91,1.0
2012-13,1610612758,SAC,Sacramento Kings,0021200492,2013-01-05T00:00:00,SAC @ BKN,L,48.0,36,90,0.4,6,19,0.316,15,23,0.652,22,19,41,18,9.0,7,10,10,16,19,93,-20.0,1,36,36,36,5,54,9,73,55,53,61,59,46,82,1,94,40,62,4,56,2,82,6,48,64,82,1.0
2012-13,1610612758,SAC,Sacramento Kings,0021200478,2013-01-04T00:00:00,SAC @ TOR,W,48.0,40,76,0.526,4,12,0.333,21,30,0.7,11,32,43,23,17.0,9,5,5,24,27,105,9.0,1,1,1,1,5,20,80,12,77,88,53,29,20,74,43,21,25,24,62,33,26,32,66,6,26,16,1.0
2012-13,1610612758,SAC,Sacramento Kings,0021200466,2013-01-02T00:00:00,SAC @ CLE,W,48.0,38,88,0.432,3,16,0.188,18,23,0.783,15,31,46,22,10.0,8,6,4,19,20,97,3.0,1,1,1,1,5,39,17,54,83,75,87,42,46,47,16,30,11,34,5,39,19,16,24,40,49,29,1.0
2012-13,1610612758,SAC,Sacramento Kings,0021200460,2013-01-01T00:00:00,SAC @ DET,L,48.0,36,86,0.419,9,26,0.346,16,21,0.762,16,21,37,19,14.0,10,3,8,20,15,97,-6.0,1,36,36,36,5,54,26,61,20,13,51,56,56,54,7,92,69,53,36,26,56,70,36,84,49,44,1.0
2012-13,1610612758,SAC,Sacramento Kings,0021200450,2012-12-30T00:00:00,SAC vs. BOS,W,48.0,44,82,0.537,10,20,0.5,20,25,0.8,10,35,45,28,14.0,8,8,3,21,23,118,22.0,1,1,1,1,5,7,57,9,15,46,9,32,33,38,55,7,15,5,36,39,9,8,43,24,10,4,1.0
2012-13,1610612758,SAC,Sacramento Kings,0021200434,2012-12-28T00:00:00,SAC vs. NYK,W,48.0,39,86,0.453,15,30,0.5,13,17,0.765,11,23,34,28,11.0,11,6,8,19,16,106,1.0,1,1,1,1,5,29,26,39,1,4,9,68,72,52,43,85,84,5,12,14,19,70,24,80,25,34,1.0
2012-13,1610612758,SAC,Sacramento Kings,0021200422,2012-12-26T00:00:00,SAC @ POR,L,48.0,35,86,0.407,9,24,0.375,12,16,0.75,12,23,35,28,10.0,8,3,4,18,17,91,-18.0,1,36,36,36,5,62,26,67,20,19,38,75,75,58,35,85,81,5,5,39,56,16,16,71,67,80,1.0
2012-13,1610612758,SAC,Sacramento Kings,0021200404,2012-12-23T00:00:00,SAC vs. POR,W,48.0,45,81,0.556,9,19,0.474,9,11,0.818,6,31,37,31,15.0,10,2,5,18,17,108,12.0,1,1,1,1,5,4,62,1,20,53,16,88,93,26,87,30,69,2,48,26,71,32,16,71,19,10,1.0
2012-13,1610612758,SAC,Sacramento Kings,0021200388,2012-12-21T00:00:00,SAC @ LAC,L,48.0,33,79,0.418,8,22,0.364,11,16,0.688,8,24,32,18,17.0,7,9,13,25,17,85,-12.0,1,36,36,36,5,73,74,64,33,30,42,80,75,76,76,78,89,62,62,56,5,93,73,71,84,68,1.0
2012-13,1610612758,SAC,Sacramento Kings,0021200375,2012-12-19T00:00:00,SAC vs. GSW,W,48.0,43,86,0.5,11,19,0.579,34,42,0.81,11,29,40,25,10.0,7,7,6,18,27,131,4.0,1,1,1,1,5,13,26,17,10,53,3,2,1,37,43,42,45,13,5,56,10,41,16,6,1,27,1.0
2012-13,1610612758,SAC,Sacramento Kings,0021200355,2012-12-17T00:00:00,SAC @ PHX,L,48.0,34,83,0.41,3,13,0.231,19,24,0.792,18,33,51,15,19.0,5,5,10,17,17,90,-11.0,1,36,36,36,5,67,52,66,83,87,79,36,41,43,3,14,3,77,82,73,26,82,15,71,72,65,1.0
2012-13,1610612758,SAC,Sacramento Kings,0021200348,2012-12-16T00:00:00,SAC vs. DEN,L,48.0,31,91,0.341,6,24,0.25,29,34,0.853,21,21,42,13,10.0,7,1,5,19,25,97,-25.0,1,36,36,36,5,84,6,93,55,19,74,5,6,15,2,92,34,87,5,56,84,32,24,13,49,87,1.0
2012-13,1610612758,SAC,Sacramento Kings,0021200333,2012-12-14T00:00:00,SAC @ OKC,L,48.0,34,75,0.453,7,19,0.368,28,31,0.903,7,22,29,18,14.0,11,5,6,19,24,103,-10.0,1,36,36,36,5,67,84,43,44,53,41,7,17,6,81,91,93,62,36,14,26,41,24,16,30,60,1.0
2012-13,1610612758,SAC,Sacramento Kings,0021200316,2012-12-12T00:00:00,SAC @ MIL,L,48.0,32,86,0.372,3,19,0.158,18,21,0.857,16,34,50,14,17.0,3,6,6,20,18,85,-13.0,1,36,36,36,5,78,26,86,83,53,90,42,56,12,7,10,6,82,62,91,19,41,36,62,84,71,1.0
2012-13,1610612758,SAC,Sacramento Kings,0021200302,2012-12-10T00:00:00,SAC @ DAL,L,48.0,37,84,0.44,12,27,0.444,10,16,0.625,14,29,43,22,20.0,4,4,7,16,14,96,-23.0,1,36,36,36,5,46,47,47,6,8,23,84,75,85,22,42,25,34,87,87,36,61,6,88,53,85,1.0
2012-13,1610612758,SAC,Sacramento Kings,0021200291,2012-12-08T00:00:00,SAC @ POR,W,48.0,36,86,0.419,9,19,0.474,18,22,0.818,9,35,44,22,10.0,14,4,6,16,23,99,19.0,1,1,1,1,5,54,26,61,20,53,16,42,52,26,68,7,20,34,5,2,36,41,6,24,44,5,1.0
2012-13,1610612758,SAC,Sacramento Kings,0021200281,2012-12-07T00:00:00,SAC vs. ORL,W,48.0,32,79,0.405,4,21,0.19,23,28,0.821,10,41,51,20,18.0,11,6,3,19,24,91,9.0,1,1,1,1,5,78,74,70,77,39,86,19,23,24,55,2,3,46,74,14,19,8,24,16,67,16,1.0
2012-13,1610612758,SAC,Sacramento Kings,0021200266,2012-12-05T00:00:00,SAC vs. TOR,W,48.0,38,82,0.463,6,15,0.4,25,34,0.735,10,37,47,18,16.0,5,7,9,18,23,107,7.0,1,1,1,1,5,39,57,30,55,82,28,14,6,65,55,4,9,62,55,73,10,77,16,24,24,20,1.0
2012-13,1610612758,SAC,Sacramento Kings,0021200241,2012-12-01T00:00:00,SAC @ LAC,L,48.0,29,76,0.382,9,23,0.391,14,18,0.778,10,30,40,23,17.0,2,3,6,19,15,81,-35.0,1,36,36,36,5,86,80,81,20,26,33,64,70,50,55,39,45,24,62,93,56,41,24,84,88,93,1.0
2012-13,1610612758,SAC,Sacramento Kings,0021200231,2012-11-30T00:00:00,SAC vs. IND,L,48.0,32,75,0.427,6,17,0.353,22,25,0.88,8,34,42,15,13.0,6,4,6,19,19,92,-5.0,1,36,36,36,5,78,84,56,55,69,47,22,33,8,76,10,34,77,25,65,36,41,24,48,66,41,1.0
2012-13,1610612758,SAC,Sacramento Kings,0021200207,2012-11-27T00:00:00,SAC vs. MIN,L,48.0,37,84,0.44,6,17,0.353,9,14,0.643,8,28,36,21,14.0,11,6,8,19,16,89,-8.0,1,36,36,36,5,46,47,47,55,69,47,88,86,84,76,51,77,39,36,14,19,70,24,80,75,53,1.0
2012-13,1610612758,SAC,Sacramento Kings,0021200189,2012-11-24T00:00:00,SAC vs. UTA,W,48.0,40,74,0.541,6,16,0.375,22,32,0.688,14,23,37,19,14.0,8,2,4,20,26,108,11.0,1,1,1,1,5,20,88,8,55,75,38,22,13,76,22,85,69,53,36,39,71,16,36,11,19,13,1.0
2012-13,1610612758,SAC,Sacramento Kings,0021200180,2012-11-23T00:00:00,SAC @ UTA,L,48.0,40,80,0.5,10,17,0.588,12,16,0.75,6,25,31,21,14.0,5,3,6,23,22,102,-2.0,1,36,36,36,5,20,70,17,15,69,2,75,75,58,87,74,91,39,36,73,56,41,60,29,33,36,1.0
2012-13,1610612758,SAC,Sacramento Kings,0021200169,2012-11-21T00:00:00,SAC vs. LAL,W,48.0,44,81,0.543,7,15,0.467,18,22,0.818,9,32,41,23,17.0,9,4,4,27,22,113,16.0,1,1,1,1,5,7,62,6,44,82,19,42,52,26,68,21,40,24,62,33,36,16,83,29,15,7,1.0
2012-13,1610612758,SAC,Sacramento Kings,0021200142,2012-11-18T00:00:00,SAC vs. BKN,L,48.0,37,80,0.463,6,18,0.333,10,19,0.526,15,27,42,13,17.0,6,4,6,24,18,90,-9.0,1,36,36,36,5,46,70,31,55,64,53,84,65,93,16,60,34,87,62,65,36,41,66,62,72,55,1.0
2012-13,1610612758,SAC,Sacramento Kings,0021200128,2012-11-16T00:00:00,SAC vs. ATL,L,48.0,39,85,0.459,8,20,0.4,10,14,0.714,10,27,37,25,14.0,11,0,5,22,14,96,-16.0,1,36,36,36,5,29,39,33,33,46,28,84,86,71,55,60,69,13,36,14,93,32,51,88,53,77,1.0
2012-13,1610612758,SAC,Sacramento Kings,0021200107,2012-11-13T00:00:00,SAC vs. POR,L,48.0,36,77,0.468,1,11,0.091,13,19,0.684,10,23,33,19,13.0,7,4,5,20,18,86,-17.0,1,36,36,36,5,54,79,27,93,89,94,68,65,79,55,85,86,53,25,56,36,32,36,62,82,79,1.0
2012-13,1610612758,SAC,Sacramento Kings,0021200094,2012-11-11T00:00:00,SAC @ LAL,L,48.0,36,90,0.4,7,23,0.304,11,14,0.786,14,25,39,20,13.0,10,5,7,24,13,90,-13.0,1,36,36,36,5,54,9,73,44,26,63,80,86,45,22,74,59,46,25,26,26,61,66,92,72,71,1.0
2012-13,1610612758,SAC,Sacramento Kings,0021200078,2012-11-09T00:00:00,SAC vs. SAS,L,48.0,32,91,0.352,3,16,0.188,19,26,0.731,15,28,43,18,11.0,11,3,9,18,19,86,-11.0,1,36,36,36,5,78,6,91,83,75,87,36,29,68,16,51,25,62,12,14,56,77,16,48,82,65,1.0
2012-13,1610612758,SAC,Sacramento Kings,0021200063,2012-11-07T00:00:00,SAC vs. DET,W,48.0,40,82,0.488,7,16,0.438,18,24,0.75,14,28,42,15,15.0,8,3,6,21,20,105,2.0,1,1,1,1,5,20,57,21,44,75,24,42,41,58,22,51,34,77,48,39,56,41,43,40,26,31,0.0
2012-13,1610612758,SAC,Sacramento Kings,0021200048,2012-11-05T00:00:00,SAC vs. GSW,W,48.0,37,81,0.457,4,19,0.211,16,23,0.696,10,33,43,13,14.0,7,5,2,25,17,94,2.0,1,1,1,1,5,46,62,36,77,53,82,56,46,75,55,14,25,87,36,56,26,3,73,71,62,31,1.0
2012-13,1610612758,SAC,Sacramento Kings,0021200028,2012-11-03T00:00:00,SAC @ IND,L,58.0,37,102,0.363,8,22,0.364,16,20,0.8,16,31,47,19,16.0,15,13,14,26,19,98,-8.0,1,36,36,36,1,46,1,88,33,30,42,56,64,38,7,30,9,53,55,1,1,94,81,48,47,53,1.0
2012-13,1610612758,SAC,Sacramento Kings,0021200023,2012-11-02T00:00:00,SAC @ MIN,L,48.0,32,89,0.36,3,16,0.188,13,16,0.813,11,32,43,17,12.0,7,4,10,34,17,80,-12.0,1,36,36,36,5,78,14,89,83,75,87,68,75,32,43,21,25,70,18,56,36,82,94,71,92,68,1.0
2012-13,1610612758,SAC,Sacramento Kings,0021200007,2012-10-31T00:00:00,SAC @ CHI,L,48.0,34,84,0.405,6,17,0.353,13,16,0.813,11,29,40,14,21.0,10,5,10,29,19,87,-6.0,1,36,36,36,5,67,47,71,55,69,47,68,75,32,43,42,45,82,91,26,26,82,90,48,79,44,1.0
2012-13,1610612758,SAC,Sacramento Kings,0011200108,2012-10-25T00:00:00,SAC @ LAL,W,48.0,39,86,0.453,3,14,0.214,13,16,0.813,11,29,40,17,7.0,13,2,6,22,20,94,12.0,1,1,1,1,5,29,26,39,83,86,81,68,75,32,43,42,45,70,3,5,71,41,51,40,62,10,
2012-13,1610612758,SAC,Sacramento Kings,0011200090,2012-10-22T00:00:00,SAC @ PHX,L,48.0,34,91,0.374,6,19,0.316,14,19,0.737,18,28,46,19,16.0,13,7,12,25,20,88,-15.0,1,36,36,36,5,67,6,85,55,53,61,64,65,63,3,51,11,53,55,5,10,89,73,40,77,75,
2012-13,1610612758,SAC,Sacramento Kings,0011200086,2012-10-21T00:00:00,SAC @ LAL,W,48.0,35,86,0.407,8,24,0.333,21,21,1.0,12,26,38,17,13.0,11,5,4,28,19,99,7.0,1,1,1,1,5,62,26,67,33,19,53,29,56,1,35,68,64,70,25,14,26,16,86,48,44,20,
2012-13,1610612758,SAC,Sacramento Kings,0011200075,2012-10-19T00:00:00,SAC @ LAL,W,48.0,36,81,0.444,9,22,0.409,22,27,0.815,11,31,42,19,16.0,11,5,6,22,24,103,5.0,1,1,1,1,5,54,62,46,20,30,27,22,26,30,43,30,34,53,55,14,26,41,51,16,30,26,
2012-13,1610612758,SAC,Sacramento Kings,0011200063,2012-10-17T00:00:00,SAC vs. GSW,L,48.0,25,75,0.333,3,21,0.143,35,42,0.833,13,27,40,9,23.0,6,9,3,28,35,88,-10.0,1,36,36,36,5,94,84,94,83,39,92,1,1,17,31,60,45,92,92,65,5,8,86,1,77,60,
2012-13,1610612758,SAC,Sacramento Kings,0011200050,2012-10-15T00:00:00,SAC vs. POR,W,48.0,44,80,0.55,11,22,0.5,18,23,0.783,9,30,39,22,16.0,6,4,3,23,19,117,17.0,1,1,1,1,5,7,70,3,10,30,9,42,46,47,68,39,59,34,55,65,36,8,60,48,11,6,
2012-13,1610612758,SAC,Sacramento Kings,0011200021,2012-10-10T00:00:00,SAC vs. PHX,W,48.0,35,86,0.407,6,20,0.3,26,34,0.765,16,35,51,24,18.0,9,7,6,25,21,102,6.0,1,1,1,1,5,62,26,67,55,46,64,10,6,52,7,7,3,16,74,33,10,41,73,36,33,23,
2012-13,1610612759,SAS,San Antonio Spurs,0041200407,2013-06-20T00:00:00,SAS @ MIA,L,48.0,31,82,0.378,6,19,0.316,20,22,0.909,12,31,43,13,15.0,12,3,4,19,19,88,-7.0,1,80,80,80,13,108,47,109,74,66,74,26,52,10,17,65,47,113,55,11,83,41,55,59,98,99,1.0
2012-13,1610612759,SAS,San Antonio Spurs,0041200406,2013-06-18T00:00:00,SAS @ MIA,L,53.0,37,85,0.435,5,18,0.278,21,28,0.75,12,33,45,13,15.0,8,2,6,21,26,100,-3.0,1,80,80,80,3,65,26,88,94,78,93,22,15,65,17,49,34,113,55,52,97,75,76,7,62,83,1.0
2012-13,1610612759,SAS,San Antonio Spurs,0041200405,2013-06-16T00:00:00,SAS vs. MIA,W,48.0,42,70,0.6,9,22,0.409,21,26,0.808,5,31,36,21,19.0,5,8,3,21,24,114,10.0,1,1,1,1,13,29,109,3,25,42,38,22,22,44,101,65,89,76,98,99,16,26,76,14,14,40,1.0
2012-13,1610612759,SAS,San Antonio Spurs,0041200404,2013-06-13T00:00:00,SAS vs. MIA,L,48.0,31,70,0.443,8,16,0.5,23,31,0.742,5,31,36,21,19.0,5,4,7,18,26,93,-16.0,1,80,80,80,13,108,109,83,36,96,12,13,8,74,101,65,89,76,98,99,65,87,48,7,85,110,1.0
2012-13,1610612759,SAS,San Antonio Spurs,0041200403,2013-06-11T00:00:00,SAS vs. MIA,W,48.0,43,88,0.489,16,32,0.5,11,19,0.579,19,33,52,29,13.0,10,4,8,13,21,113,36.0,1,1,1,1,13,22,17,45,3,4,12,96,76,109,1,49,3,19,34,26,65,101,16,39,17,3,1.0
2012-13,1610612759,SAS,San Antonio Spurs,0041200402,2013-06-09T00:00:00,SAS @ MIA,L,48.0,32,78,0.41,10,20,0.5,10,14,0.714,15,29,44,16,17.0,3,4,6,14,17,84,-19.0,1,80,80,80,13,103,72,100,15,55,12,105,101,89,4,85,41,104,74,113,65,75,19,80,107,112,1.0
2012-13,1610612759,SAS,San Antonio Spurs,0041200401,2013-06-06T00:00:00,SAS @ MIA,W,48.0,35,84,0.417,7,23,0.304,15,18,0.833,6,31,37,16,4.0,6,5,2,12,12,92,4.0,1,1,1,1,13,78,32,97,61,35,81,66,81,29,87,65,84,104,1,91,44,10,11,114,89,64,1.0
2012-13,1610612759,SAS,San Antonio Spurs,0041200314,2013-05-27T00:00:00,SAS @ MEM,W,48.0,39,76,0.513,3,13,0.231,12,13,0.923,4,30,34,23,16.0,10,8,5,25,22,93,7.0,1,1,1,1,13,51,85,34,109,110,106,89,105,6,105,78,103,61,66,26,16,59,107,32,85,49,1.0
2012-13,1610612759,SAS,San Antonio Spurs,0041200313,2013-05-25T00:00:00,SAS @ MEM,W,53.0,41,82,0.5,6,18,0.333,16,22,0.727,13,37,50,20,17.0,6,7,6,21,24,104,11.0,1,1,1,1,3,33,47,42,74,78,64,56,52,82,9,25,7,88,74,91,26,75,76,14,42,34,1.0
2012-13,1610612759,SAS,San Antonio Spurs,0041200312,2013-05-21T00:00:00,SAS vs. MEM,W,53.0,36,83,0.434,9,25,0.36,12,17,0.706,4,42,46,29,13.0,5,12,6,23,22,93,4.0,1,1,1,1,3,72,42,89,25,20,54,89,87,93,105,5,26,19,34,99,2,75,102,32,85,64,0.0
2012-13,1610612759,SAS,San Antonio Spurs,0041200311,2013-05-19T00:00:00,SAS vs. MEM,W,48.0,40,76,0.526,14,29,0.483,11,14,0.786,7,26,33,28,11.0,5,4,6,18,17,105,22.0,1,1,1,1,13,42,85,25,5,9,20,96,101,55,70,101,106,27,21,99,65,75,48,80,40,16,1.0
2012-13,1610612759,SAS,San Antonio Spurs,0041200236,2013-05-16T00:00:00,SAS @ GSW,W,48.0,33,73,0.452,7,19,0.368,21,25,0.84,6,40,46,27,14.0,6,4,3,20,25,94,12.0,1,1,1,1,13,92,98,73,61,66,52,22,27,28,87,13,26,32,47,91,65,26,63,11,84,30,1.0
2012-13,1610612759,SAS,San Antonio Spurs,0041200235,2013-05-14T00:00:00,SAS vs. GSW,W,48.0,40,77,0.519,10,21,0.476,19,25,0.76,8,30,38,30,10.0,12,3,5,20,20,109,18.0,1,1,1,1,13,42,79,31,15,47,23,34,27,63,53,78,75,14,17,11,83,59,63,49,27,23,1.0
2012-13,1610612759,SAS,San Antonio Spurs,0041200234,2013-05-12T00:00:00,SAS @ GSW,L,53.0,33,93,0.355,7,27,0.259,14,25,0.56,15,36,51,17,12.0,11,7,1,25,26,87,-10.0,1,80,80,80,3,92,6,113,61,14,101,77,27,112,4,27,5,102,26,19,26,3,107,7,101,103,1.0
2012-13,1610612759,SAS,San Antonio Spurs,0041200233,2013-05-10T00:00:00,SAS @ GSW,W,48.0,40,79,0.506,6,20,0.3,16,23,0.696,8,33,41,21,11.0,4,3,1,19,24,102,10.0,1,1,1,1,13,42,67,39,74,55,82,56,41,95,53,49,56,76,21,108,83,3,55,14,53,40,0.0
2012-13,1610612759,SAS,San Antonio Spurs,0041200232,2013-05-08T00:00:00,SAS vs. GSW,L,48.0,35,89,0.393,5,21,0.238,16,24,0.667,17,31,48,14,10.0,7,5,4,19,20,91,-9.0,1,80,80,80,13,78,11,106,94,47,105,56,33,100,2,65,17,110,17,69,44,41,55,49,92,102,1.0
2012-13,1610612759,SAS,San Antonio Spurs,0041200231,2013-05-06T00:00:00,SAS vs. GSW,W,58.0,46,105,0.438,13,26,0.5,24,28,0.857,13,32,45,26,14.0,9,3,5,21,29,129,2.0,1,1,1,1,1,8,1,86,8,17,12,8,15,21,9,60,34,37,47,33,83,59,76,1,4,71,0.0
2012-13,1610612759,SAS,San Antonio Spurs,0041200154,2013-04-28T00:00:00,SAS @ LAL,W,48.0,39,84,0.464,5,16,0.313,20,23,0.87,10,30,40,24,8.0,13,3,5,14,15,103,21.0,1,1,1,1,13,51,32,63,94,96,77,26,41,19,33,78,62,55,3,5,83,59,19,101,49,19,1.0
2012-13,1610612759,SAS,San Antonio Spurs,0041200153,2013-04-26T00:00:00,SAS @ LAL,W,48.0,52,85,0.612,5,16,0.313,11,15,0.733,8,41,49,30,14.0,9,7,3,20,15,120,31.0,1,1,1,1,13,1,26,1,94,96,77,96,96,79,53,9,11,14,47,33,26,26,63,101,8,4,1.0
2012-13,1610612759,SAS,San Antonio Spurs,0041200152,2013-04-24T00:00:00,SAS vs. LAL,W,48.0,42,82,0.512,7,14,0.5,11,14,0.786,9,28,37,21,9.0,7,7,9,17,20,102,11.0,1,1,1,1,13,29,47,37,61,107,12,96,101,55,42,91,84,76,9,69,26,107,34,49,53,34,0.0
2012-13,1610612759,SAS,San Antonio Spurs,0041200151,2013-04-21T00:00:00,SAS vs. LAL,W,48.0,32,85,0.376,7,22,0.318,20,25,0.8,8,35,43,20,9.0,12,3,4,21,20,91,12.0,1,1,1,1,13,103,26,110,61,42,73,26,27,46,53,35,47,88,9,11,83,41,76,49,92,30,1.0
2012-13,1610612759,SAS,San Antonio Spurs,0021201225,2013-04-17T00:00:00,SAS vs. MIN,L,48.0,33,79,0.418,7,18,0.389,22,22,1.0,4,36,40,20,18.0,5,2,2,22,17,95,-13.0,1,80,80,80,13,92,67,96,61,78,44,18,52,1,105,27,62,88,85,99,97,10,92,80,81,108,1.0
2012-13,1610612759,SAS,San Antonio Spurs,0021201212,2013-04-15T00:00:00,SAS @ GSW,L,48.0,45,98,0.459,8,24,0.333,8,13,0.615,10,29,39,30,15.0,13,1,7,18,17,106,-10.0,1,80,80,80,13,11,3,67,36,30,64,110,105,106,33,85,68,14,55,5,111,87,48,80,34,103,1.0
2012-13,1610612759,SAS,San Antonio Spurs,0021201201,2013-04-14T00:00:00,SAS @ LAL,L,48.0,33,89,0.371,6,18,0.333,14,19,0.737,10,36,46,25,9.0,11,8,7,23,14,86,-5.0,1,80,80,80,13,92,11,111,74,78,64,77,76,77,33,27,26,43,9,19,16,87,102,107,103,90,0.0
2012-13,1610612759,SAS,San Antonio Spurs,0021201186,2013-04-12T00:00:00,SAS vs. SAC,W,48.0,42,77,0.545,6,17,0.353,18,21,0.857,4,37,41,28,18.0,7,12,4,14,16,108,7.0,1,1,1,1,13,29,79,19,74,89,55,43,58,21,105,25,56,27,85,69,2,41,19,91,30,49,1.0
2012-13,1610612759,SAS,San Antonio Spurs,0021201172,2013-04-10T00:00:00,SAS @ DEN,L,48.0,35,87,0.402,4,21,0.19,12,17,0.706,12,31,43,24,15.0,10,6,9,17,16,86,-10.0,1,80,80,80,13,78,19,103,105,47,110,89,87,93,17,65,47,55,55,26,37,107,34,91,103,103,1.0
2012-13,1610612759,SAS,San Antonio Spurs,0021201143,2013-04-06T00:00:00,SAS vs. ATL,W,48.0,36,80,0.45,3,15,0.2,24,29,0.828,9,40,49,24,15.0,5,12,2,21,23,99,2.0,1,1,1,1,13,72,60,75,109,103,109,8,11,33,42,13,11,55,55,99,2,10,76,20,69,71,1.0
2012-13,1610612759,SAS,San Antonio Spurs,0021201125,2013-04-04T00:00:00,SAS @ OKC,L,48.0,33,83,0.398,8,21,0.381,14,17,0.824,11,33,44,21,10.0,7,5,13,10,17,88,-12.0,1,80,80,80,13,92,42,105,36,47,48,77,87,39,21,49,41,76,17,69,44,115,5,80,98,107,0.0
2012-13,1610612759,SAS,San Antonio Spurs,0021201117,2013-04-03T00:00:00,SAS vs. ORL,W,48.0,40,90,0.444,10,29,0.345,8,13,0.615,12,41,53,26,16.0,7,4,7,8,16,98,14.0,1,1,1,1,13,42,8,78,15,9,63,110,105,106,17,9,1,37,66,69,65,87,1,91,73,28,1.0
2012-13,1610612759,SAS,San Antonio Spurs,0021201103,2013-04-01T00:00:00,SAS @ MEM,L,48.0,36,75,0.48,8,23,0.348,10,11,0.909,7,33,40,21,16.0,8,8,5,23,14,90,-2.0,1,80,80,80,13,72,91,52,36,35,59,105,111,10,70,49,62,76,66,52,16,59,102,107,95,81,1.0
2012-13,1610612759,SAS,San Antonio Spurs,0021201098,2013-03-31T00:00:00,SAS vs. MIA,L,48.0,35,79,0.443,7,24,0.292,9,16,0.563,13,36,49,26,17.0,7,2,8,13,15,86,-2.0,1,80,80,80,13,78,67,81,61,30,89,109,91,111,9,27,11,37,74,69,97,101,16,101,103,81,1.0
2012-13,1610612759,SAS,San Antonio Spurs,0021201082,2013-03-29T00:00:00,SAS vs. LAC,W,48.0,39,74,0.527,6,15,0.4,20,21,0.952,6,26,32,29,9.0,3,5,4,20,23,104,2.0,1,1,1,1,13,51,95,24,74,103,39,26,58,2,87,101,110,19,9,113,44,41,63,20,42,71,1.0
2012-13,1610612759,SAS,San Antonio Spurs,0021201067,2013-03-27T00:00:00,SAS vs. DEN,W,48.0,35,76,0.461,10,15,0.667,20,27,0.741,11,27,38,20,18.0,7,8,3,17,24,100,1.0,1,1,1,1,13,78,85,65,15,103,1,26,21,75,21,97,75,88,85,69,16,26,34,14,62,77,1.0
2012-13,1610612759,SAS,San Antonio Spurs,0021201042,2013-03-24T00:00:00,SAS @ HOU,L,48.0,33,78,0.423,10,22,0.455,19,21,0.905,7,31,38,19,18.0,9,9,7,17,22,95,-1.0,1,80,80,80,13,92,72,93,15,42,27,34,58,13,70,65,75,97,85,33,8,87,34,32,81,80,1.0
2012-13,1610612759,SAS,San Antonio Spurs,0021201030,2013-03-22T00:00:00,SAS vs. UTA,W,53.0,39,84,0.464,8,20,0.4,18,24,0.75,8,38,46,23,18.0,8,10,9,17,27,104,7.0,1,1,1,1,3,51,32,63,36,55,39,43,33,65,53,20,26,61,85,52,5,107,34,3,42,49,1.0
2012-13,1610612759,SAS,San Antonio Spurs,0021201016,2013-03-20T00:00:00,SAS vs. GSW,W,48.0,41,85,0.482,8,26,0.308,14,15,0.933,8,30,38,27,12.0,9,7,4,13,17,104,11.0,1,1,1,1,13,33,26,50,36,17,80,77,96,5,53,78,75,32,26,33,26,41,16,80,42,34,1.0
2012-13,1610612759,SAS,San Antonio Spurs,0021200982,2013-03-16T00:00:00,SAS vs. CLE,W,48.0,45,78,0.577,6,17,0.353,23,29,0.793,11,32,43,32,18.0,7,7,4,21,27,119,6.0,1,1,1,1,13,11,72,9,74,89,55,13,11,52,21,60,47,8,85,69,26,41,76,3,9,55,1.0
2012-13,1610612759,SAS,San Antonio Spurs,0021200967,2013-03-14T00:00:00,SAS vs. DAL,W,48.0,37,84,0.44,5,13,0.385,13,17,0.765,11,38,49,31,16.0,7,4,10,10,23,92,1.0,1,1,1,1,13,65,32,84,94,110,47,84,87,61,21,20,11,11,66,69,65,112,5,20,89,77,1.0
2012-13,1610612759,SAS,San Antonio Spurs,0021200954,2013-03-12T00:00:00,SAS @ MIN,L,48.0,29,82,0.354,9,29,0.31,16,18,0.889,8,31,39,19,17.0,9,4,11,21,21,83,-24.0,1,80,80,80,13,112,47,114,25,9,79,56,81,15,53,65,68,97,74,33,65,114,76,39,110,114,1.0
2012-13,1610612759,SAS,San Antonio Spurs,0021200944,2013-03-11T00:00:00,SAS vs. OKC,W,48.0,43,82,0.524,8,21,0.381,11,14,0.786,9,26,35,25,12.0,7,1,7,20,18,105,12.0,1,1,1,1,13,22,47,26,36,47,48,96,101,55,42,101,97,43,26,69,111,87,63,69,40,30,1.0
2012-13,1610612759,SAS,San Antonio Spurs,0021200923,2013-03-08T00:00:00,SAS vs. POR,L,48.0,44,84,0.524,6,19,0.316,12,15,0.8,7,22,29,22,12.0,5,3,6,17,17,106,-30.0,1,80,80,80,13,17,32,27,74,66,74,89,96,46,70,113,112,66,26,99,83,75,34,80,34,115,1.0
2012-13,1610612759,SAS,San Antonio Spurs,0021200909,2013-03-06T00:00:00,SAS vs. CHI,W,48.0,40,74,0.541,8,14,0.571,13,18,0.722,5,42,47,22,13.0,7,7,5,9,15,101,18.0,1,1,1,1,13,42,95,20,36,107,5,84,81,85,101,5,23,66,34,69,26,59,3,101,56,23,1.0
2012-13,1610612759,SAS,San Antonio Spurs,0021200886,2013-03-03T00:00:00,SAS vs. DET,W,48.0,45,89,0.506,9,20,0.45,15,20,0.75,8,41,49,35,11.0,12,9,1,18,23,114,39.0,1,1,1,1,13,11,11,41,25,55,28,66,68,65,53,9,11,3,21,11,8,3,48,20,14,1,1.0
2012-13,1610612759,SAS,San Antonio Spurs,0021200872,2013-03-01T00:00:00,SAS vs. SAC,W,48.0,51,84,0.607,9,20,0.45,19,23,0.826,9,34,43,41,19.0,12,6,2,15,18,130,28.0,1,1,1,1,13,2,32,2,25,55,28,34,41,35,42,41,47,1,98,11,37,10,24,69,3,8,1.0
2012-13,1610612759,SAS,San Antonio Spurs,0021200858,2013-02-27T00:00:00,SAS vs. PHX,L,53.0,35,81,0.432,6,17,0.353,25,35,0.714,10,34,44,24,17.0,9,2,4,21,29,101,-4.0,1,80,80,80,3,78,53,90,74,89,55,5,1,89,33,41,41,55,74,33,97,41,76,1,56,87,1.0
2012-13,1610612759,SAS,San Antonio Spurs,0021200836,2013-02-24T00:00:00,SAS @ PHX,W,48.0,32,72,0.444,5,17,0.294,28,35,0.8,4,32,36,22,17.0,10,5,8,26,27,97,10.0,1,1,1,1,13,103,104,78,94,89,88,1,1,46,105,60,89,66,74,26,44,101,112,3,76,40,1.0
2012-13,1610612759,SAS,San Antonio Spurs,0021200822,2013-02-22T00:00:00,SAS @ GSW,L,53.0,37,95,0.389,4,22,0.182,23,32,0.719,10,40,50,17,9.0,7,7,5,22,23,101,-6.0,1,80,80,80,3,65,4,107,105,42,111,13,5,87,33,13,7,102,9,69,26,59,92,20,56,94,1.0
2012-13,1610612759,SAS,San Antonio Spurs,0021200810,2013-02-21T00:00:00,SAS @ LAC,W,48.0,43,73,0.589,8,17,0.471,22,28,0.786,8,26,34,30,18.0,7,6,1,20,22,116,26.0,1,1,1,1,13,22,98,4,36,89,24,18,15,55,53,101,103,14,85,69,37,3,63,32,12,9,1.0
2012-13,1610612759,SAS,San Antonio Spurs,0021200796,2013-02-19T00:00:00,SAS @ SAC,W,48.0,35,75,0.467,10,30,0.333,28,35,0.8,7,39,46,25,17.0,9,8,2,21,23,108,6.0,1,1,1,1,13,78,91,61,15,5,64,1,1,46,70,17,26,43,74,33,16,10,76,20,30,55,1.0
2012-13,1610612759,SAS,San Antonio Spurs,0021200776,2013-02-13T00:00:00,SAS @ CLE,W,48.0,38,84,0.452,5,19,0.263,15,18,0.833,11,33,44,25,13.0,7,10,4,15,15,96,1.0,1,1,1,1,13,58,32,72,94,66,99,66,81,29,21,49,41,43,34,69,5,41,24,101,78,77,1.0
2012-13,1610612759,SAS,San Antonio Spurs,0021200766,2013-02-11T00:00:00,SAS @ CHI,W,48.0,39,75,0.52,8,16,0.5,17,20,0.85,2,24,26,21,8.0,10,1,5,18,23,103,14.0,1,1,1,1,13,51,91,30,36,96,12,52,68,25,114,107,115,76,3,26,111,59,48,20,49,28,1.0
2012-13,1610612759,SAS,San Antonio Spurs,0021200758,2013-02-10T00:00:00,SAS @ BKN,W,48.0,43,73,0.589,12,19,0.632,13,20,0.65,6,22,28,22,7.0,10,3,4,14,17,111,25.0,1,1,1,1,13,22,98,4,10,66,3,84,68,104,87,113,114,66,2,26,83,41,19,80,21,12,1.0
2012-13,1610612759,SAS,San Antonio Spurs,0021200739,2013-02-08T00:00:00,SAS @ DET,L,48.0,37,81,0.457,10,24,0.417,25,30,0.833,9,24,33,20,8.0,8,9,4,16,20,109,-10.0,1,80,80,80,13,65,53,69,15,30,37,5,10,29,42,107,106,88,3,52,8,41,30,49,27,103,1.0
2012-13,1610612759,SAS,San Antonio Spurs,0021200731,2013-02-06T00:00:00,SAS @ MIN,W,48.0,37,81,0.457,10,25,0.4,20,21,0.952,7,34,41,24,13.0,13,5,5,22,19,104,10.0,1,1,1,1,13,65,53,69,15,20,39,26,58,2,70,41,56,55,34,5,44,59,92,59,42,40,0.0
2012-13,1610612759,SAS,San Antonio Spurs,0021200702,2013-02-02T00:00:00,SAS vs. WAS,W,48.0,38,78,0.487,5,20,0.25,15,16,0.938,3,42,45,25,16.0,5,4,2,17,23,96,10.0,1,1,1,1,13,58,72,47,94,55,102,66,91,4,113,5,34,43,66,99,65,10,34,20,78,40,1.0
2012-13,1610612759,SAS,San Antonio Spurs,0021200678,2013-01-30T00:00:00,SAS vs. CHA,W,48.0,38,69,0.551,9,16,0.563,17,21,0.81,6,29,35,28,23.0,16,5,2,20,16,102,24.0,1,1,1,1,13,58,112,18,25,96,7,52,58,43,87,85,97,27,115,2,44,10,63,91,53,14,1.0
2012-13,1610612759,SAS,San Antonio Spurs,0021200648,2013-01-26T00:00:00,SAS vs. PHX,W,48.0,41,83,0.494,7,24,0.292,19,23,0.826,7,31,38,20,9.0,7,1,0,16,19,108,9.0,1,1,1,1,13,33,42,43,61,30,89,34,41,35,70,65,75,88,9,69,111,1,30,59,30,46,1.0
2012-13,1610612759,SAS,San Antonio Spurs,0021200639,2013-01-25T00:00:00,SAS @ DAL,W,48.0,43,89,0.483,9,23,0.391,18,24,0.75,8,38,46,29,15.0,11,1,7,17,19,113,6.0,1,1,1,1,13,22,11,49,25,35,43,43,33,65,53,20,26,19,55,19,111,87,34,59,17,55,1.0
2012-13,1610612759,SAS,San Antonio Spurs,0021200624,2013-01-23T00:00:00,SAS vs. NOH,W,48.0,43,80,0.538,8,25,0.32,12,23,0.522,6,33,39,29,9.0,9,3,4,20,20,106,4.0,1,1,1,1,13,22,60,21,36,20,70,89,41,113,87,49,68,19,9,33,83,41,63,49,34,64,1.0
2012-13,1610612759,SAS,San Antonio Spurs,0021200611,2013-01-21T00:00:00,SAS @ PHI,W,48.0,34,81,0.42,3,18,0.167,19,26,0.731,9,38,47,22,14.0,8,3,6,12,16,90,5.0,1,1,1,1,13,90,53,95,109,78,112,34,22,81,42,20,23,66,47,52,83,75,11,91,95,60,1.0
2012-13,1610612759,SAS,San Antonio Spurs,0021200594,2013-01-19T00:00:00,SAS @ ATL,W,48.0,41,86,0.477,8,24,0.333,8,11,0.727,5,34,39,21,9.0,8,4,2,15,14,98,5.0,1,1,1,1,13,33,25,55,36,30,64,110,111,82,101,41,68,76,9,52,65,10,24,107,73,60,1.0
2012-13,1610612759,SAS,San Antonio Spurs,0021200590,2013-01-18T00:00:00,SAS vs. GSW,W,48.0,36,80,0.45,5,22,0.227,18,20,0.9,7,39,46,19,11.0,2,4,2,12,21,95,7.0,1,1,1,1,13,72,60,75,94,42,107,43,68,14,70,17,26,97,21,115,65,10,11,39,81,49,1.0
2012-13,1610612759,SAS,San Antonio Spurs,0021200576,2013-01-16T00:00:00,SAS vs. MEM,W,48.0,44,76,0.579,9,18,0.5,6,10,0.6,4,29,33,33,13.0,7,9,3,22,16,103,21.0,1,1,1,1,13,17,85,8,25,78,12,115,115,108,105,85,106,4,34,69,8,26,92,91,49,19,1.0
2012-13,1610612759,SAS,San Antonio Spurs,0021200552,2013-01-13T00:00:00,SAS vs. MIN,W,48.0,45,80,0.563,8,21,0.381,8,11,0.727,7,36,43,31,18.0,9,13,5,19,10,106,18.0,1,1,1,1,13,11,60,13,36,47,48,110,111,82,70,27,47,11,85,33,1,59,55,115,34,23,1.0
2012-13,1610612759,SAS,San Antonio Spurs,0021200535,2013-01-11T00:00:00,SAS @ MEM,L,53.0,35,76,0.461,10,25,0.4,18,22,0.818,7,28,35,25,18.0,9,4,4,21,21,98,-3.0,1,80,80,80,3,78,85,65,15,20,39,43,52,41,70,91,97,43,85,33,65,41,76,39,73,83,1.0
2012-13,1610612759,SAS,San Antonio Spurs,0021200522,2013-01-09T00:00:00,SAS vs. LAL,W,48.0,41,84,0.488,12,25,0.48,14,16,0.875,8,40,48,25,19.0,9,7,2,14,14,108,3.0,1,1,1,1,13,33,32,46,10,20,21,77,91,17,53,13,17,43,98,33,26,10,19,107,30,69,1.0
2012-13,1610612759,SAS,San Antonio Spurs,0021200507,2013-01-07T00:00:00,SAS @ NOH,L,48.0,33,73,0.452,6,21,0.286,16,20,0.8,9,23,32,20,19.0,7,6,3,15,15,88,-7.0,1,80,80,80,13,92,98,73,74,47,91,56,68,46,42,111,110,88,98,69,37,26,24,101,98,99,0.0
2012-13,1610612759,SAS,San Antonio Spurs,0021200496,2013-01-05T00:00:00,SAS vs. PHI,W,48.0,41,85,0.482,8,25,0.32,19,23,0.826,8,42,50,24,15.0,11,5,7,17,17,109,23.0,1,1,1,1,13,33,26,50,36,20,70,34,41,35,53,5,7,55,55,19,44,87,34,80,27,15,1.0
2012-13,1610612759,SAS,San Antonio Spurs,0021200476,2013-01-03T00:00:00,SAS @ NYK,L,48.0,28,77,0.364,9,34,0.265,18,21,0.857,7,28,35,14,14.0,8,5,5,11,18,83,-17.0,1,80,80,80,13,115,79,112,25,2,98,43,58,21,70,91,97,110,47,52,44,59,8,69,110,111,1.0
2012-13,1610612759,SAS,San Antonio Spurs,0021200470,2013-01-02T00:00:00,SAS @ MIL,W,48.0,46,89,0.517,9,17,0.529,16,23,0.696,8,32,40,32,8.0,8,3,9,23,16,117,7.0,1,1,1,1,13,8,11,33,25,89,10,56,41,95,53,60,62,8,3,52,83,107,102,91,11,49,1.0
2012-13,1610612759,SAS,San Antonio Spurs,0021200457,2012-12-31T00:00:00,SAS vs. BKN,W,48.0,43,73,0.589,6,14,0.429,12,16,0.75,4,32,36,25,13.0,9,6,4,16,18,104,31.0,1,1,1,1,13,22,98,4,74,107,33,89,91,65,105,60,89,43,34,33,37,41,30,69,42,4,1.0
2012-13,1610612759,SAS,San Antonio Spurs,0021200449,2012-12-30T00:00:00,SAS @ DAL,W,48.0,41,81,0.506,8,19,0.421,21,24,0.875,6,38,44,21,12.0,6,5,6,9,21,111,25.0,1,1,1,1,13,33,53,40,36,66,34,22,33,17,87,20,41,76,26,91,44,75,3,39,21,12,1.0
2012-13,1610612759,SAS,San Antonio Spurs,0021200432,2012-12-28T00:00:00,SAS vs. HOU,W,48.0,44,77,0.571,12,23,0.522,22,24,0.917,4,30,34,21,20.0,14,5,1,21,22,122,6.0,1,1,1,1,13,17,79,10,10,35,11,18,33,9,105,78,103,76,106,4,44,3,76,32,7,55,1.0
2012-13,1610612759,SAS,San Antonio Spurs,0021200418,2012-12-26T00:00:00,SAS vs. TOR,W,48.0,34,71,0.479,8,19,0.421,24,29,0.828,10,34,44,25,17.0,11,5,2,16,19,100,20.0,1,1,1,1,13,90,108,53,36,66,34,8,11,33,33,41,41,43,74,19,44,10,30,59,62,22,1.0
2012-13,1610612759,SAS,San Antonio Spurs,0021200402,2012-12-23T00:00:00,SAS vs. DAL,W,48.0,47,84,0.56,20,30,0.667,15,19,0.789,8,33,41,33,17.0,17,5,1,22,18,129,38.0,1,1,1,1,13,6,32,15,1,5,1,66,76,53,53,49,56,4,74,1,44,3,92,69,4,2,1.0
2012-13,1610612759,SAS,San Antonio Spurs,0021200387,2012-12-21T00:00:00,SAS vs. NOH,W,48.0,39,76,0.513,4,18,0.222,17,23,0.739,2,34,36,29,12.0,7,5,3,12,18,99,5.0,1,1,1,1,13,51,85,34,105,78,108,52,41,76,114,41,89,19,26,69,44,26,11,69,69,60,1.0
2012-13,1610612759,SAS,San Antonio Spurs,0021200363,2012-12-18T00:00:00,SAS @ DEN,L,48.0,38,95,0.4,14,36,0.389,16,18,0.889,9,36,45,28,15.0,12,9,10,25,17,106,-6.0,1,80,80,80,13,58,4,104,5,1,44,56,81,15,42,27,34,27,55,11,8,112,107,80,34,94,1.0
2012-13,1610612759,SAS,San Antonio Spurs,0021200354,2012-12-17T00:00:00,SAS @ OKC,L,48.0,36,79,0.456,6,20,0.3,15,21,0.714,9,28,37,23,17.0,9,4,7,19,21,93,-14.0,1,80,80,80,13,72,67,71,74,55,82,66,58,89,42,91,84,61,74,33,65,87,55,39,85,109,1.0
2012-13,1610612759,SAS,San Antonio Spurs,0021200344,2012-12-15T00:00:00,SAS vs. BOS,W,48.0,38,81,0.469,12,25,0.48,15,20,0.75,11,27,38,28,13.0,9,4,3,12,20,103,15.0,1,1,1,1,13,58,53,60,10,20,21,66,68,65,21,97,75,27,34,33,65,26,11,49,49,26,1.0
2012-13,1610612759,SAS,San Antonio Spurs,0021200324,2012-12-13T00:00:00,SAS @ POR,L,48.0,33,72,0.458,6,19,0.316,18,25,0.72,7,31,38,23,19.0,8,2,5,11,19,90,-8.0,1,80,80,80,13,92,104,68,74,66,74,43,27,86,70,65,75,61,98,52,97,59,8,59,95,101,1.0
2012-13,1610612759,SAS,San Antonio Spurs,0021200321,2012-12-12T00:00:00,SAS @ UTA,L,48.0,37,87,0.425,8,19,0.421,14,18,0.778,13,35,48,18,13.0,9,10,6,15,16,96,-3.0,1,80,80,80,13,65,19,92,36,66,34,77,81,59,9,35,17,101,34,33,5,75,24,91,78,83,0.0
2012-13,1610612759,SAS,San Antonio Spurs,0021200301,2012-12-10T00:00:00,SAS @ HOU,W,53.0,48,92,0.522,14,30,0.467,24,26,0.923,6,43,49,31,19.0,6,8,8,22,21,134,8.0,1,1,1,1,3,4,7,29,5,5,25,8,22,6,87,3,11,11,98,91,16,101,92,39,1,48,1.0
2012-13,1610612759,SAS,San Antonio Spurs,0021200284,2012-12-08T00:00:00,SAS @ CHA,W,48.0,50,90,0.556,19,34,0.559,13,15,0.867,9,36,45,38,11.0,7,5,7,22,16,132,30.0,1,1,1,1,13,3,8,16,2,2,8,84,96,20,42,27,34,2,21,69,44,87,92,91,2,6,1.0
2012-13,1610612759,SAS,San Antonio Spurs,0021200278,2012-12-07T00:00:00,SAS vs. HOU,W,48.0,48,87,0.552,6,20,0.3,12,13,0.923,6,44,50,33,18.0,10,7,2,10,14,114,22.0,1,1,1,1,13,4,19,17,74,55,82,89,105,6,87,2,7,4,85,26,26,10,5,107,14,16,1.0
2012-13,1610612759,SAS,San Antonio Spurs,0021200264,2012-12-05T00:00:00,SAS vs. MIL,W,48.0,40,85,0.471,6,21,0.286,24,28,0.857,14,39,53,27,17.0,6,4,4,20,21,110,11.0,1,1,1,1,13,42,26,58,74,47,91,8,15,21,7,17,1,32,74,91,65,41,63,39,24,34,1.0
2012-13,1610612759,SAS,San Antonio Spurs,0021200239,2012-12-01T00:00:00,SAS vs. MEM,W,53.0,37,89,0.416,7,29,0.241,18,24,0.75,13,35,48,21,18.0,12,5,4,22,24,99,4.0,1,1,1,1,3,65,11,98,61,9,103,43,33,65,9,35,17,76,85,11,44,41,92,14,69,64,1.0
2012-13,1610612759,SAS,San Antonio Spurs,0021200220,2012-11-29T00:00:00,SAS @ MIA,L,48.0,36,80,0.45,10,30,0.333,18,24,0.75,11,34,45,22,20.0,5,2,2,20,18,100,-5.0,1,80,80,80,13,72,60,75,15,5,64,43,33,65,21,41,34,66,106,99,97,10,63,69,62,90,1.0
2012-13,1610612759,SAS,San Antonio Spurs,0021200210,2012-11-28T00:00:00,SAS @ ORL,W,48.0,44,84,0.524,11,25,0.44,11,15,0.733,8,31,39,26,16.0,12,9,3,8,14,110,21.0,1,1,1,1,13,17,32,27,14,20,32,96,96,79,53,65,68,37,66,11,8,26,1,107,24,19,1.0
2012-13,1610612759,SAS,San Antonio Spurs,0021200197,2012-11-26T00:00:00,SAS @ WAS,W,48.0,45,80,0.563,13,23,0.565,15,20,0.75,10,33,43,32,15.0,4,5,2,15,18,118,26.0,1,1,1,1,13,11,60,13,8,35,6,66,68,65,33,49,47,8,55,108,44,10,24,69,10,9,1.0
2012-13,1610612759,SAS,San Antonio Spurs,0021200191,2012-11-25T00:00:00,SAS @ TOR,W,58.0,44,103,0.427,8,27,0.296,15,19,0.789,7,45,52,25,12.0,4,5,8,18,25,111,5.0,1,1,1,1,1,17,2,91,36,14,87,66,76,53,70,1,3,43,26,108,44,101,48,11,21,60,1.0
2012-13,1610612759,SAS,San Antonio Spurs,0021200176,2012-11-23T00:00:00,SAS @ IND,W,48.0,41,83,0.494,2,17,0.118,20,22,0.909,6,31,37,19,10.0,8,2,5,21,23,104,7.0,1,1,1,1,13,33,42,43,114,89,114,26,52,10,87,65,84,97,17,52,97,59,76,20,42,49,1.0
2012-13,1610612759,SAS,San Antonio Spurs,0021200161,2012-11-21T00:00:00,SAS @ BOS,W,48.0,45,77,0.584,8,16,0.5,14,19,0.737,6,35,41,26,18.0,8,2,5,17,18,112,12.0,1,1,1,1,13,11,79,7,36,96,12,77,76,77,87,35,56,37,85,52,97,59,34,69,19,30,1.0
2012-13,1610612759,SAS,San Antonio Spurs,0021200152,2012-11-19T00:00:00,SAS vs. LAC,L,48.0,29,82,0.354,6,20,0.3,23,28,0.821,13,29,42,16,14.0,7,3,7,19,20,87,-5.0,1,80,80,80,13,112,47,114,74,55,82,13,15,40,9,85,55,104,47,69,83,87,55,49,101,90,1.0
2012-13,1610612759,SAS,San Antonio Spurs,0021200137,2012-11-17T00:00:00,SAS vs. DEN,W,48.0,47,88,0.534,16,27,0.593,16,20,0.8,14,26,40,33,14.0,11,6,2,21,19,126,26.0,1,1,1,1,13,6,17,22,3,14,4,56,68,46,7,101,62,4,47,19,37,10,76,59,6,9,1.0
2012-13,1610612759,SAS,San Antonio Spurs,0021200120,2012-11-15T00:00:00,SAS vs. NYK,L,48.0,38,87,0.437,8,29,0.276,16,21,0.762,13,35,48,21,13.0,4,7,6,20,19,100,-4.0,1,80,80,80,13,58,19,87,36,9,95,56,58,62,9,35,17,76,34,108,26,75,63,59,62,87,1.0
2012-13,1610612759,SAS,San Antonio Spurs,0021200108,2012-11-13T00:00:00,SAS @ LAL,W,48.0,35,90,0.389,7,20,0.35,7,11,0.636,11,27,38,22,8.0,13,5,9,17,14,84,2.0,1,1,1,1,13,78,8,108,61,55,58,114,111,105,21,97,75,66,3,5,44,107,34,107,107,71,1.0
2012-13,1610612759,SAS,San Antonio Spurs,0021200088,2012-11-10T00:00:00,SAS @ POR,W,48.0,40,70,0.571,7,18,0.389,25,31,0.806,6,30,36,20,21.0,9,5,5,20,23,112,3.0,1,1,1,1,13,42,109,10,61,78,44,5,8,45,87,78,89,88,111,33,44,59,63,20,19,69,1.0
2012-13,1610612759,SAS,San Antonio Spurs,0021200078,2012-11-09T00:00:00,SAS @ SAC,W,48.0,35,72,0.486,5,18,0.278,22,26,0.846,7,41,48,27,20.0,8,9,3,19,18,97,11.0,1,1,1,1,13,78,104,48,94,78,93,18,22,26,70,9,17,32,106,52,8,26,55,69,76,34,1.0
2012-13,1610612759,SAS,San Antonio Spurs,0021200064,2012-11-07T00:00:00,SAS @ LAC,L,48.0,30,73,0.411,8,23,0.348,16,24,0.667,6,23,29,25,20.0,7,4,8,11,19,84,-22.0,1,80,80,80,13,111,98,99,36,35,59,56,33,100,87,111,112,43,106,69,65,101,8,59,107,113,0.0
2012-13,1610612759,SAS,San Antonio Spurs,0021200047,2012-11-05T00:00:00,SAS vs. IND,W,48.0,41,87,0.471,8,18,0.444,11,13,0.846,11,34,45,25,8.0,11,2,7,17,17,101,22.0,1,1,1,1,13,33,19,57,36,78,30,96,105,26,21,41,34,43,3,19,97,87,34,80,56,16,1.0
2012-13,1610612759,SAS,San Antonio Spurs,0021200035,2012-11-03T00:00:00,SAS vs. UTA,W,48.0,42,74,0.568,7,13,0.538,19,23,0.826,7,26,33,29,18.0,8,6,7,18,22,110,10.0,1,1,1,1,13,29,95,12,61,110,9,34,41,35,70,101,106,19,85,52,37,87,48,32,24,40,1.0
2012-13,1610612759,SAS,San Antonio Spurs,0021200014,2012-11-01T00:00:00,SAS vs. OKC,W,48.0,35,79,0.443,5,19,0.263,11,16,0.688,6,33,39,27,13.0,9,4,5,21,20,86,2.0,1,1,1,1,13,78,67,81,94,66,99,96,91,98,87,49,68,32,34,33,65,59,76,49,103,71,1.0
2012-13,1610612759,SAS,San Antonio Spurs,0021200008,2012-10-31T00:00:00,SAS @ NOH,W,48.0,38,80,0.475,6,20,0.3,17,26,0.654,10,33,43,22,16.0,9,8,6,21,20,99,4.0,1,1,1,1,13,58,60,56,74,55,82,52,22,102,33,49,47,66,66,33,16,75,76,49,69,64,1.0
2012-13,1610612759,SAS,San Antonio Spurs,0011200116,2012-10-26T00:00:00,SAS vs. WAS,W,48.0,35,75,0.467,3,19,0.158,27,35,0.771,11,35,46,23,13.0,6,3,0,20,23,100,15.0,1,1,1,1,13,78,91,61,109,66,113,3,1,60,21,35,26,61,34,91,83,1,63,20,62,26,
2012-13,1610612759,SAS,San Antonio Spurs,0011200085,2012-10-21T00:00:00,SAS @ ORL,L,48.0,33,81,0.407,8,25,0.32,26,32,0.813,8,30,38,22,15.0,8,2,4,19,24,100,-4.0,1,80,80,80,13,92,53,102,36,20,70,4,5,42,53,78,75,66,55,52,97,41,55,14,62,87,
2012-13,1610612759,SAS,San Antonio Spurs,0011200082,2012-10-20T00:00:00,SAS @ MIA,L,48.0,39,83,0.47,8,23,0.348,15,23,0.652,9,27,36,26,19.0,8,2,3,17,21,101,-3.0,1,80,80,80,13,51,42,59,36,35,59,66,41,103,42,97,89,37,98,52,97,26,34,39,56,83,
2012-13,1610612759,SAS,San Antonio Spurs,0011200044,2012-10-14T00:00:00,SAS @ HOU,W,48.0,46,87,0.529,9,26,0.346,15,21,0.714,10,31,41,29,14.0,8,8,1,22,18,116,9.0,1,1,1,1,13,8,19,23,25,17,62,66,58,89,33,65,56,19,47,52,16,3,92,69,12,46,
2012-13,1610612759,SAS,San Antonio Spurs,0011200036,2012-10-12T00:00:00,SAS vs. DEN,L,48.0,33,78,0.423,6,25,0.24,19,25,0.76,11,28,39,22,22.0,13,9,3,25,27,91,-6.0,1,80,80,80,13,92,72,93,74,20,104,34,27,63,21,91,68,66,114,5,8,26,107,3,92,94,
2012-13,1610612759,SAS,San Antonio Spurs,0011200024,2012-10-10T00:00:00,SAS vs. ATL,W,48.0,40,77,0.519,8,18,0.444,13,23,0.565,11,36,47,30,21.0,9,5,3,17,22,101,2.0,1,1,1,1,13,42,79,31,36,78,30,84,41,110,21,27,23,14,111,33,44,26,34,32,56,71,
2012-13,1610612759,SAS,San Antonio Spurs,0011200003,2012-10-06T00:00:00,SAS vs. MPS,W,48.0,40,78,0.513,3,11,0.273,23,32,0.719,8,43,51,20,20.0,16,3,6,24,25,106,29.0,1,1,1,1,13,42,72,36,109,114,96,13,5,87,53,3,5,88,106,2,83,75,106,11,34,7,
2012-13,1610612760,OKC,Oklahoma City Thunder,0041200225,2013-05-15T00:00:00,OKC vs. MEM,L,48.0,31,85,0.365,6,25,0.24,16,21,0.762,13,31,44,19,13.0,3,6,4,25,17,84,-4.0,1,73,73,73,8,92,21,102,57,13,93,82,81,82,23,58,42,67,28,100,59,41,84,85,99,81,1.0
2012-13,1610612760,OKC,Oklahoma City Thunder,0041200224,2013-05-13T00:00:00,OKC @ MEM,L,53.0,34,79,0.43,9,20,0.45,20,22,0.909,8,36,44,19,15.0,4,10,7,30,23,97,-6.0,1,73,73,73,1,77,51,81,22,48,23,58,71,18,78,28,42,67,49,96,19,91,104,21,71,87,1.0
2012-13,1610612760,OKC,Oklahoma City Thunder,0041200223,2013-05-11T00:00:00,OKC @ MEM,L,48.0,32,88,0.364,5,18,0.278,12,19,0.632,14,37,51,10,14.0,7,4,6,23,19,81,-6.0,1,73,73,73,8,86,10,103,70,59,81,97,90,104,11,21,10,101,37,63,86,82,69,59,102,87,1.0
2012-13,1610612760,OKC,Oklahoma City Thunder,0041200222,2013-05-07T00:00:00,OKC vs. MEM,L,48.0,30,70,0.429,9,24,0.375,24,27,0.889,8,27,35,17,21.0,3,7,2,26,23,93,-6.0,1,73,73,73,8,95,94,83,22,21,50,27,38,22,78,90,98,79,95,100,45,14,89,21,82,87,1.0
2012-13,1610612760,OKC,Oklahoma City Thunder,0041200221,2013-05-05T00:00:00,OKC vs. MEM,W,48.0,33,80,0.413,5,15,0.333,22,25,0.88,7,36,43,13,10.0,2,6,2,22,22,93,2.0,1,1,1,1,8,81,46,92,70,79,60,38,53,28,89,28,48,97,6,104,59,14,55,37,82,69,1.0
2012-13,1610612760,OKC,Oklahoma City Thunder,0041200146,2013-05-03T00:00:00,OKC @ HOU,W,48.0,38,83,0.458,11,27,0.407,16,16,1.0,9,32,41,21,10.0,9,5,5,24,17,103,9.0,1,1,1,1,8,45,30,62,11,8,41,82,98,1,69,52,63,46,6,32,73,61,75,85,56,51,0.0
2012-13,1610612760,OKC,Oklahoma City Thunder,0041200145,2013-05-01T00:00:00,OKC vs. HOU,L,48.0,36,86,0.419,8,33,0.242,20,28,0.714,12,31,43,20,9.0,5,10,5,28,22,100,-7.0,1,73,73,73,8,61,19,90,38,2,92,58,31,97,31,58,48,56,5,85,19,61,99,37,63,93,1.0
2012-13,1610612760,OKC,Oklahoma City Thunder,0041200144,2013-04-29T00:00:00,OKC @ HOU,L,48.0,35,72,0.486,11,25,0.44,22,25,0.88,9,27,36,18,22.0,9,5,7,26,26,103,-2.0,1,73,73,73,8,72,86,43,11,13,30,38,53,28,69,90,93,73,100,32,73,91,89,9,56,74,0.0
2012-13,1610612760,OKC,Oklahoma City Thunder,0041200143,2013-04-27T00:00:00,OKC @ HOU,W,48.0,33,87,0.379,10,26,0.385,28,30,0.933,13,36,49,14,11.0,7,6,12,24,25,104,3.0,1,1,1,1,8,81,12,98,17,12,47,14,24,9,23,28,14,95,10,63,59,105,75,15,51,66,0.0
2012-13,1610612760,OKC,Oklahoma City Thunder,0041200142,2013-04-24T00:00:00,OKC vs. HOU,W,48.0,37,85,0.435,11,35,0.314,20,24,0.833,10,30,40,20,12.0,8,9,3,22,23,105,3.0,1,1,1,1,8,52,21,77,11,1,70,58,58,50,52,68,71,56,18,47,26,26,55,21,47,66,1.0
2012-13,1610612760,OKC,Oklahoma City Thunder,0041200141,2013-04-21T00:00:00,OKC vs. HOU,W,48.0,44,83,0.53,10,24,0.417,22,28,0.786,5,41,46,28,13.0,9,9,1,24,26,120,29.0,1,1,1,1,8,10,30,17,17,21,36,38,31,71,99,3,32,9,28,32,26,6,75,9,5,6,1.0
2012-13,1610612760,OKC,Oklahoma City Thunder,0021201226,2013-04-17T00:00:00,OKC vs. MIL,L,48.0,37,89,0.416,3,21,0.143,12,14,0.857,13,31,44,16,8.0,8,2,3,14,11,89,-6.0,1,73,73,73,8,52,8,91,97,38,101,97,100,38,23,58,42,84,3,47,101,26,4,103,92,87,1.0
2012-13,1610612760,OKC,Oklahoma City Thunder,0021201209,2013-04-15T00:00:00,OKC vs. SAC,W,48.0,42,92,0.457,5,23,0.217,15,20,0.75,17,32,49,23,11.0,10,6,0,18,15,104,9.0,1,1,1,1,8,16,6,64,70,28,98,90,85,84,3,52,14,29,10,18,59,1,21,96,51,51,1.0
2012-13,1610612760,OKC,Oklahoma City Thunder,0021201188,2013-04-12T00:00:00,OKC @ POR,W,48.0,40,77,0.519,9,22,0.409,17,21,0.81,7,33,40,16,14.0,8,9,1,17,15,106,16.0,1,1,1,1,8,29,63,22,22,34,38,76,81,63,89,47,71,84,37,47,26,6,15,96,41,27,1.0
2012-13,1610612760,OKC,Oklahoma City Thunder,0021201175,2013-04-11T00:00:00,OKC @ GSW,W,48.0,42,83,0.506,12,27,0.444,20,23,0.87,10,36,46,30,18.0,10,10,3,21,19,116,19.0,1,1,1,1,8,16,30,28,8,8,26,58,64,34,52,28,32,5,78,18,19,26,49,59,19,23,0.0
2012-13,1610612760,OKC,Oklahoma City Thunder,0021201161,2013-04-09T00:00:00,OKC @ UTA,W,48.0,32,81,0.395,9,21,0.429,17,18,0.944,10,36,46,18,11.0,12,7,8,19,19,90,10.0,1,1,1,1,8,86,43,96,22,38,33,76,91,8,52,28,32,73,10,7,45,99,31,59,91,45,1.0
2012-13,1610612760,OKC,Oklahoma City Thunder,0021201145,2013-04-07T00:00:00,OKC vs. NYK,L,48.0,45,78,0.577,9,17,0.529,21,25,0.84,10,27,37,23,13.0,5,11,4,22,19,120,-5.0,1,73,73,73,8,8,57,4,22,63,10,48,53,47,52,90,90,29,28,85,11,41,55,59,5,83,1.0
2012-13,1610612760,OKC,Oklahoma City Thunder,0021201130,2013-04-05T00:00:00,OKC @ IND,W,48.0,37,78,0.474,4,12,0.333,19,23,0.826,15,38,53,18,13.0,4,4,3,21,19,97,22.0,1,1,1,1,8,52,57,51,87,97,60,70,64,56,6,16,3,73,28,96,86,26,49,59,71,11,1.0
2012-13,1610612760,OKC,Oklahoma City Thunder,0021201125,2013-04-04T00:00:00,OKC vs. SAS,W,48.0,38,82,0.463,12,24,0.5,12,13,0.923,9,38,47,21,12.0,7,13,5,17,10,100,12.0,1,1,1,1,8,45,39,57,8,21,13,97,103,10,69,16,25,46,18,63,3,61,15,105,63,36,0.0
2012-13,1610612760,OKC,Oklahoma City Thunder,0021201090,2013-03-30T00:00:00,OKC @ MIL,W,48.0,40,75,0.533,4,16,0.25,25,32,0.781,10,38,48,24,13.0,7,12,2,20,20,109,10.0,1,1,1,1,8,29,75,16,87,71,86,20,19,72,52,16,19,23,28,63,6,14,40,48,32,45,1.0
2012-13,1610612760,OKC,Oklahoma City Thunder,0021201081,2013-03-29T00:00:00,OKC @ MIN,L,48.0,36,79,0.456,5,16,0.313,16,20,0.8,11,30,41,16,16.0,5,10,1,28,16,93,-8.0,1,73,73,73,8,61,51,65,70,71,71,82,85,67,42,68,63,84,58,85,19,6,99,89,82,94,1.0
2012-13,1610612760,OKC,Oklahoma City Thunder,0021201065,2013-03-27T00:00:00,OKC vs. WAS,W,48.0,29,63,0.46,8,14,0.571,37,41,0.902,7,34,41,20,16.0,9,8,2,21,28,103,23.0,1,1,1,1,8,100,104,61,38,88,5,2,4,20,89,42,63,56,58,32,35,14,49,3,56,9,1.0
2012-13,1610612760,OKC,Oklahoma City Thunder,0021201043,2013-03-24T00:00:00,OKC vs. POR,W,48.0,43,82,0.524,4,11,0.364,13,18,0.722,9,34,43,23,11.0,12,5,5,14,16,103,20.0,1,1,1,1,8,14,39,19,87,99,51,92,91,94,69,42,48,29,10,7,73,61,4,89,56,20,1.0
2012-13,1610612760,OKC,Oklahoma City Thunder,0021201023,2013-03-22T00:00:00,OKC @ ORL,W,48.0,34,80,0.425,5,21,0.238,24,33,0.727,10,39,49,17,13.0,8,11,5,14,26,97,8.0,1,1,1,1,8,77,46,86,70,38,95,27,15,90,52,9,14,79,28,47,11,61,4,9,71,53,1.0
2012-13,1610612760,OKC,Oklahoma City Thunder,0021201012,2013-03-20T00:00:00,OKC @ MEM,L,53.0,30,84,0.357,2,18,0.111,27,32,0.844,14,32,46,9,15.0,7,7,5,28,27,89,-1.0,1,73,73,73,1,95,26,104,101,59,103,15,19,45,11,52,32,104,49,63,45,61,99,6,92,73,1.0
2012-13,1610612760,OKC,Oklahoma City Thunder,0021201006,2013-03-19T00:00:00,OKC vs. DEN,L,48.0,37,85,0.435,4,25,0.16,26,31,0.839,12,33,45,21,15.0,8,8,4,24,23,104,-10.0,1,73,73,73,8,52,21,77,87,13,100,19,23,49,31,47,39,46,49,47,35,41,75,21,51,99,1.0
2012-13,1610612760,OKC,Oklahoma City Thunder,0021200990,2013-03-17T00:00:00,OKC @ DAL,W,48.0,39,80,0.488,5,21,0.238,24,30,0.8,12,34,46,17,16.0,9,8,2,17,20,107,6.0,1,1,1,1,8,38,46,40,70,38,95,27,24,67,31,42,32,79,58,32,35,14,15,48,38,57,0.0
2012-13,1610612760,OKC,Oklahoma City Thunder,0021200974,2013-03-15T00:00:00,OKC vs. ORL,W,48.0,42,76,0.553,4,13,0.308,29,43,0.674,8,44,52,21,18.0,6,4,0,16,23,117,13.0,1,1,1,1,8,16,67,9,87,93,75,11,2,103,78,2,7,46,78,76,86,1,10,21,14,35,1.0
2012-13,1610612760,OKC,Oklahoma City Thunder,0021200962,2013-03-13T00:00:00,OKC vs. UTA,W,48.0,37,69,0.536,7,16,0.438,29,33,0.879,11,37,48,20,25.0,9,7,6,27,25,110,23.0,1,1,1,1,8,52,97,14,48,71,31,11,15,30,42,21,19,56,105,32,45,82,94,15,29,9,1.0
2012-13,1610612760,OKC,Oklahoma City Thunder,0021200944,2013-03-11T00:00:00,OKC @ SAS,L,48.0,33,77,0.429,6,17,0.353,21,24,0.875,13,30,43,16,19.0,5,7,1,18,20,93,-12.0,1,73,73,73,8,81,63,83,57,63,55,48,58,31,23,68,48,84,84,85,45,6,21,48,82,102,1.0
2012-13,1610612760,OKC,Oklahoma City Thunder,0021200934,2013-03-10T00:00:00,OKC vs. BOS,W,48.0,30,68,0.441,4,16,0.25,27,33,0.818,3,38,41,21,15.0,9,6,5,22,23,91,12.0,1,1,1,1,8,95,100,74,87,71,86,15,15,61,104,16,63,46,49,32,59,61,55,21,90,36,1.0
2012-13,1610612760,OKC,Oklahoma City Thunder,0021200915,2013-03-08T00:00:00,OKC @ CHA,W,48.0,46,81,0.568,12,24,0.5,12,16,0.75,12,37,49,28,12.0,5,8,6,19,15,116,22.0,1,1,1,1,8,6,43,6,8,21,13,97,98,84,31,21,14,9,18,85,35,82,31,96,19,11,1.0
2012-13,1610612760,OKC,Oklahoma City Thunder,0021200913,2013-03-07T00:00:00,OKC @ NYK,W,48.0,31,70,0.443,8,21,0.381,25,29,0.862,7,35,42,16,16.0,8,8,3,17,21,95,1.0,1,1,1,1,8,92,94,73,38,38,49,20,30,37,89,35,59,84,58,47,35,26,15,42,79,71,1.0
2012-13,1610612760,OKC,Oklahoma City Thunder,0021200897,2013-03-05T00:00:00,OKC vs. LAL,W,48.0,46,96,0.479,8,23,0.348,22,24,0.917,14,28,42,20,2.0,10,5,1,27,21,122,17.0,1,1,1,1,8,6,1,46,38,28,58,38,58,12,11,86,59,56,1,18,73,6,94,42,4,25,1.0
2012-13,1610612760,OKC,Oklahoma City Thunder,0021200881,2013-03-03T00:00:00,OKC @ LAC,W,48.0,38,80,0.475,7,21,0.333,25,34,0.735,14,24,38,23,15.0,12,5,2,22,26,108,4.0,1,1,1,1,8,45,46,50,48,38,60,20,10,89,11,99,86,29,49,7,73,14,55,9,35,63,1.0
2012-13,1610612760,OKC,Oklahoma City Thunder,0021200875,2013-03-01T00:00:00,OKC @ DEN,L,48.0,36,83,0.434,7,20,0.35,24,34,0.706,10,40,50,19,19.0,7,12,7,18,23,103,-2.0,1,73,73,73,8,61,30,80,48,48,57,27,10,99,52,6,12,67,84,63,6,91,21,21,56,74,0.0
2012-13,1610612760,OKC,Oklahoma City Thunder,0021200857,2013-02-27T00:00:00,OKC vs. NOH,W,48.0,42,76,0.553,8,18,0.444,27,28,0.964,13,35,48,27,11.0,7,9,4,14,23,119,45.0,1,1,1,1,8,16,67,9,38,59,26,15,31,5,23,35,19,13,10,63,26,41,4,21,9,1,1.0
2012-13,1610612760,OKC,Oklahoma City Thunder,0021200838,2013-02-24T00:00:00,OKC vs. CHI,W,48.0,36,79,0.456,6,17,0.353,24,27,0.889,14,38,52,17,19.0,9,9,5,19,18,102,30.0,1,1,1,1,8,61,51,65,57,63,55,27,38,22,11,16,7,79,84,32,26,61,31,77,61,4,1.0
2012-13,1610612760,OKC,Oklahoma City Thunder,0021200819,2013-02-22T00:00:00,OKC vs. MIN,W,48.0,48,83,0.578,9,14,0.643,22,22,1.0,8,33,41,28,18.0,7,7,5,26,23,127,16.0,1,1,1,1,8,2,30,3,22,88,3,38,71,1,78,47,63,9,78,63,45,61,89,21,1,27,1.0
2012-13,1610612760,OKC,Oklahoma City Thunder,0021200804,2013-02-20T00:00:00,OKC @ HOU,L,48.0,42,87,0.483,11,28,0.393,24,27,0.889,13,35,48,25,23.0,6,11,4,22,23,119,-3.0,1,73,73,73,8,16,12,45,11,7,46,27,38,22,23,35,19,19,103,76,11,41,55,21,9,79,1.0
2012-13,1610612760,OKC,Oklahoma City Thunder,0021200787,2013-02-14T00:00:00,OKC vs. MIA,L,48.0,32,73,0.438,3,13,0.231,33,34,0.971,5,30,35,16,16.0,5,5,4,23,29,100,-10.0,1,73,73,73,8,86,81,75,97,93,97,6,10,4,99,68,98,84,58,85,73,41,69,2,63,99,1.0
2012-13,1610612760,OKC,Oklahoma City Thunder,0021200772,2013-02-12T00:00:00,OKC @ UTA,L,48.0,38,68,0.559,5,15,0.333,13,23,0.565,7,19,26,15,20.0,11,13,3,16,21,94,-15.0,1,73,73,73,8,45,100,7,70,79,60,92,64,105,89,104,105,93,91,12,3,26,10,42,81,103,1.0
2012-13,1610612760,OKC,Oklahoma City Thunder,0021200759,2013-02-10T00:00:00,OKC @ PHX,W,48.0,34,76,0.447,9,17,0.529,20,27,0.741,5,35,40,23,14.0,15,9,8,7,22,97,28.0,1,1,1,1,8,77,67,69,22,63,10,58,38,87,99,35,71,29,37,2,26,99,1,37,71,7,1.0
2012-13,1610612760,OKC,Oklahoma City Thunder,0021200744,2013-02-08T00:00:00,OKC vs. PHX,W,48.0,50,87,0.575,14,21,0.667,13,18,0.722,10,30,40,29,8.0,10,11,4,20,18,127,31.0,1,1,1,1,8,1,12,5,3,38,1,92,91,94,52,68,71,6,3,18,11,41,40,77,1,3,1.0
2012-13,1610612760,OKC,Oklahoma City Thunder,0021200729,2013-02-06T00:00:00,OKC vs. GSW,W,48.0,48,95,0.505,8,23,0.348,15,20,0.75,10,40,50,29,12.0,12,16,4,12,15,119,21.0,1,1,1,1,8,2,2,32,38,28,58,90,85,84,52,6,12,6,18,7,1,41,2,96,9,16,1.0
2012-13,1610612760,OKC,Oklahoma City Thunder,0021200712,2013-02-04T00:00:00,OKC vs. DAL,W,48.0,41,87,0.471,10,25,0.4,20,27,0.741,8,40,48,25,11.0,11,8,9,19,18,112,21.0,1,1,1,1,8,22,12,54,17,13,42,58,38,87,78,6,19,19,10,12,35,104,31,77,27,16,1.0
2012-13,1610612760,OKC,Oklahoma City Thunder,0021200698,2013-02-02T00:00:00,OKC @ CLE,L,48.0,41,83,0.494,7,21,0.333,21,26,0.808,14,33,47,19,17.0,10,11,2,20,16,110,-5.0,1,73,73,73,8,22,30,33,48,38,60,48,46,64,11,47,25,67,71,18,11,14,40,89,29,83,1.0
2012-13,1610612760,OKC,Oklahoma City Thunder,0021200682,2013-01-31T00:00:00,OKC vs. MEM,W,48.0,40,72,0.556,5,14,0.357,21,25,0.84,4,39,43,25,16.0,5,11,2,18,23,106,17.0,1,1,1,1,8,29,86,8,70,88,54,48,53,47,102,9,48,19,58,85,11,14,21,21,41,25,1.0
2012-13,1610612760,OKC,Oklahoma City Thunder,0021200653,2013-01-27T00:00:00,OKC @ LAL,L,48.0,36,81,0.444,4,16,0.25,20,26,0.769,10,29,39,24,10.0,9,6,3,26,20,96,-9.0,1,73,73,73,8,61,43,71,87,71,86,58,46,78,52,80,80,23,6,32,59,26,89,48,78,97,0.0
2012-13,1610612760,OKC,Oklahoma City Thunder,0021200640,2013-01-25T00:00:00,OKC @ SAC,W,48.0,37,76,0.487,6,23,0.261,25,30,0.833,8,39,47,27,20.0,10,6,3,20,27,105,10.0,1,1,1,1,8,52,67,41,57,28,84,20,24,50,78,9,25,13,91,18,59,26,40,6,47,45,1.0
2012-13,1610612760,OKC,Oklahoma City Thunder,0021200628,2013-01-23T00:00:00,OKC @ GSW,L,48.0,36,78,0.462,5,16,0.313,22,27,0.815,9,30,39,20,19.0,9,7,3,20,21,99,-5.0,1,73,73,73,8,61,57,58,70,71,71,38,38,62,69,68,80,56,84,32,45,26,40,42,69,83,1.0
2012-13,1610612760,OKC,Oklahoma City Thunder,0021200617,2013-01-22T00:00:00,OKC @ LAC,W,48.0,41,78,0.526,15,27,0.556,12,14,0.857,10,27,37,24,16.0,6,4,7,26,17,109,12.0,1,1,1,1,8,22,57,18,1,8,6,97,100,38,52,90,90,23,58,76,86,91,89,85,32,36,0.0
2012-13,1610612760,OKC,Oklahoma City Thunder,0021200604,2013-01-20T00:00:00,OKC @ DEN,L,53.0,35,76,0.461,8,24,0.333,40,48,0.833,11,28,39,22,24.0,10,5,6,28,33,118,-3.0,1,73,73,73,1,72,67,60,38,21,60,1,1,50,42,86,80,38,104,18,73,82,99,1,13,79,1.0
2012-13,1610612760,OKC,Oklahoma City Thunder,0021200592,2013-01-18T00:00:00,OKC @ DAL,W,53.0,39,95,0.411,6,20,0.3,33,36,0.917,18,35,53,13,17.0,8,2,3,23,23,117,3.0,1,1,1,1,1,38,2,93,57,48,76,6,9,12,1,35,3,97,71,47,101,26,69,21,14,66,0.0
2012-13,1610612760,OKC,Oklahoma City Thunder,0021200574,2013-01-16T00:00:00,OKC vs. DEN,W,48.0,44,85,0.518,9,19,0.474,20,26,0.769,15,20,35,24,14.0,11,11,8,27,23,117,20.0,1,1,1,1,8,10,21,23,22,56,19,58,46,78,6,103,98,23,37,12,11,99,94,21,14,20,1.0
2012-13,1610612760,OKC,Oklahoma City Thunder,0021200562,2013-01-14T00:00:00,OKC @ PHX,W,48.0,40,84,0.476,5,17,0.294,17,22,0.773,9,33,42,16,11.0,9,6,7,18,20,102,12.0,1,1,1,1,8,29,26,49,70,63,77,76,71,75,69,47,59,84,10,32,59,91,21,48,61,36,1.0
2012-13,1610612760,OKC,Oklahoma City Thunder,0021200554,2013-01-13T00:00:00,OKC @ POR,W,48.0,32,71,0.451,6,23,0.261,17,22,0.773,6,37,43,20,16.0,6,3,6,19,18,87,4.0,1,1,1,1,8,86,89,68,57,28,84,76,71,75,97,21,48,56,58,76,94,82,31,77,97,63,1.0
2012-13,1610612760,OKC,Oklahoma City Thunder,0021200539,2013-01-11T00:00:00,OKC @ LAL,W,48.0,44,87,0.506,9,29,0.31,19,28,0.679,12,41,53,28,17.0,8,6,5,22,19,116,15.0,1,1,1,1,8,10,12,30,22,4,74,70,31,102,31,3,3,9,71,47,59,61,55,59,19,29,0.0
2012-13,1610612760,OKC,Oklahoma City Thunder,0021200523,2013-01-09T00:00:00,OKC vs. MIN,W,48.0,36,76,0.474,11,20,0.55,23,27,0.852,10,29,39,19,13.0,13,7,4,25,18,106,22.0,1,1,1,1,8,61,67,52,11,48,8,34,38,42,52,80,80,67,28,5,45,41,84,77,41,11,1.0
2012-13,1610612760,OKC,Oklahoma City Thunder,0021200504,2013-01-07T00:00:00,OKC @ WAS,L,48.0,34,80,0.425,6,25,0.24,25,30,0.833,13,31,44,21,13.0,8,5,5,14,20,99,-2.0,1,73,73,73,8,77,46,86,57,13,93,20,24,50,23,58,42,46,28,47,73,61,4,48,69,74,1.0
2012-13,1610612760,OKC,Oklahoma City Thunder,0021200499,2013-01-06T00:00:00,OKC @ TOR,W,48.0,38,77,0.494,6,22,0.273,22,24,0.917,12,29,41,24,16.0,8,4,3,20,18,104,12.0,1,1,1,1,8,45,63,36,57,34,82,38,58,12,31,80,63,23,58,47,86,26,40,77,51,36,1.0
2012-13,1610612760,OKC,Oklahoma City Thunder,0021200485,2013-01-04T00:00:00,OKC vs. PHI,W,48.0,39,75,0.52,10,17,0.588,21,27,0.778,10,37,47,18,18.0,13,3,4,12,19,109,24.0,1,1,1,1,8,38,75,20,17,63,4,48,38,74,52,21,25,73,78,5,94,41,2,59,32,8,1.0
2012-13,1610612760,OKC,Oklahoma City Thunder,0021200472,2013-01-02T00:00:00,OKC vs. BKN,L,48.0,36,73,0.493,8,19,0.421,13,17,0.765,6,28,34,22,20.0,5,8,3,23,13,93,-17.0,1,73,73,73,8,61,81,37,38,56,35,92,95,80,97,86,102,38,91,85,35,26,69,102,82,105,1.0
2012-13,1610612760,OKC,Oklahoma City Thunder,0021200456,2012-12-31T00:00:00,OKC vs. PHX,W,48.0,44,87,0.506,5,15,0.333,21,24,0.875,14,29,43,23,5.0,6,7,3,15,20,114,18.0,1,1,1,1,8,10,12,30,70,79,60,48,58,31,11,80,48,29,2,76,45,26,9,48,23,24,1.0
2012-13,1610612760,OKC,Oklahoma City Thunder,0021200443,2012-12-29T00:00:00,OKC @ HOU,W,48.0,45,94,0.479,13,29,0.448,21,23,0.913,12,41,53,22,22.0,16,9,2,18,19,124,30.0,1,1,1,1,8,8,4,47,5,4,25,48,64,16,31,3,3,38,100,1,26,14,21,59,3,4,1.0
2012-13,1610612760,OKC,Oklahoma City Thunder,0021200423,2012-12-27T00:00:00,OKC vs. DAL,W,53.0,39,93,0.419,10,25,0.4,23,28,0.821,17,39,56,23,13.0,8,13,5,18,19,111,6.0,1,1,1,1,1,38,5,89,17,13,42,34,31,59,3,9,1,29,28,47,3,61,21,59,28,57,1.0
2012-13,1610612760,OKC,Oklahoma City Thunder,0021200407,2012-12-25T00:00:00,OKC @ MIA,L,48.0,30,71,0.423,5,16,0.313,32,38,0.842,11,28,39,14,17.0,8,1,5,25,26,97,-6.0,1,73,73,73,8,95,89,88,70,71,71,8,6,46,42,86,80,95,71,47,105,61,84,9,71,87,0.0
2012-13,1610612760,OKC,Oklahoma City Thunder,0021200377,2012-12-20T00:00:00,OKC @ MIN,L,48.0,33,82,0.402,5,20,0.25,22,26,0.846,11,32,43,17,16.0,10,6,6,24,19,93,-6.0,1,73,73,73,8,81,39,95,70,48,86,38,46,43,42,52,48,79,58,18,59,82,75,59,82,87,1.0
2012-13,1610612760,OKC,Oklahoma City Thunder,0021200371,2012-12-19T00:00:00,OKC @ ATL,W,48.0,36,84,0.429,9,25,0.36,19,20,0.95,13,39,52,20,16.0,8,12,6,16,19,100,8.0,1,1,1,1,8,61,26,83,22,13,52,70,85,7,23,9,7,56,58,47,6,82,10,59,63,53,1.0
2012-13,1610612760,OKC,Oklahoma City Thunder,0021200354,2012-12-17T00:00:00,OKC vs. SAS,W,48.0,38,85,0.447,4,14,0.286,27,30,0.9,15,34,49,22,12.0,9,7,4,21,19,107,14.0,1,1,1,1,8,45,21,70,87,88,79,15,24,21,6,42,14,38,18,32,45,41,49,59,38,32,1.0
2012-13,1610612760,OKC,Oklahoma City Thunder,0021200333,2012-12-14T00:00:00,OKC vs. SAC,W,48.0,41,83,0.494,9,21,0.429,22,22,1.0,14,29,43,29,18.0,10,6,5,24,19,113,10.0,1,1,1,1,8,22,30,33,22,38,33,38,71,1,11,80,48,6,78,18,59,61,75,59,26,45,1.0
2012-13,1610612760,OKC,Oklahoma City Thunder,0021200318,2012-12-12T00:00:00,OKC vs. NOH,W,48.0,31,71,0.437,5,15,0.333,25,32,0.781,8,35,43,19,11.0,9,8,7,18,26,92,4.0,1,1,1,1,8,92,89,76,70,79,60,20,19,72,78,35,48,67,10,32,35,91,21,9,88,63,1.0
2012-13,1610612760,OKC,Oklahoma City Thunder,0021200294,2012-12-09T00:00:00,OKC vs. IND,W,48.0,37,76,0.487,5,19,0.263,25,30,0.833,9,31,40,16,10.0,4,5,4,16,20,104,11.0,1,1,1,1,8,52,67,41,70,56,83,20,24,50,69,58,71,84,6,96,73,41,10,48,51,43,1.0
2012-13,1610612760,OKC,Oklahoma City Thunder,0021200280,2012-12-07T00:00:00,OKC vs. LAL,W,48.0,41,84,0.488,9,17,0.529,23,28,0.821,11,25,36,22,14.0,6,3,5,24,23,114,6.0,1,1,1,1,8,22,26,39,22,63,10,34,31,59,42,95,93,38,37,76,94,61,75,21,23,57,0.0
2012-13,1610612760,OKC,Oklahoma City Thunder,0021200253,2012-12-04T00:00:00,OKC @ BKN,W,48.0,40,66,0.606,7,14,0.5,30,34,0.882,2,31,33,22,14.0,5,7,1,19,25,117,6.0,1,1,1,1,8,29,103,2,48,88,13,10,10,26,105,58,103,38,37,85,45,6,31,15,14,57,1.0
2012-13,1610612760,OKC,Oklahoma City Thunder,0021200236,2012-12-01T00:00:00,OKC @ NOH,W,48.0,40,79,0.506,7,16,0.438,13,17,0.765,11,34,45,21,14.0,10,12,5,17,16,100,21.0,1,1,1,1,8,29,51,27,48,71,31,92,95,80,42,42,39,46,37,18,6,61,15,89,63,16,1.0
2012-13,1610612760,OKC,Oklahoma City Thunder,0021200229,2012-11-30T00:00:00,OKC vs. UTA,W,48.0,39,75,0.52,4,9,0.444,24,33,0.727,16,31,47,21,21.0,11,14,8,19,21,106,12.0,1,1,1,1,8,38,75,20,87,101,26,27,15,90,5,58,25,46,95,12,2,99,31,42,41,36,1.0
2012-13,1610612760,OKC,Oklahoma City Thunder,0021200218,2012-11-28T00:00:00,OKC vs. HOU,W,48.0,47,87,0.54,9,22,0.409,17,22,0.773,15,31,46,26,16.0,10,11,2,22,16,120,22.0,1,1,1,1,8,5,12,13,22,34,38,76,71,75,6,58,32,16,58,18,11,14,55,89,5,11,1.0
2012-13,1610612760,OKC,Oklahoma City Thunder,0021200201,2012-11-26T00:00:00,OKC vs. CHA,W,48.0,40,78,0.513,13,27,0.481,21,23,0.913,9,45,54,31,16.0,3,7,4,21,19,114,45.0,1,1,1,1,8,29,57,25,5,8,17,48,64,16,69,1,2,2,58,100,45,41,49,59,23,1,1.0
2012-13,1610612760,OKC,Oklahoma City Thunder,0021200183,2012-11-24T00:00:00,OKC @ PHI,W,53.0,39,88,0.443,6,21,0.286,32,37,0.865,18,24,42,21,12.0,11,5,4,20,28,116,7.0,1,1,1,1,1,38,10,72,57,38,79,8,8,35,1,99,59,46,18,12,73,41,40,3,19,55,1.0
2012-13,1610612760,OKC,Oklahoma City Thunder,0021200173,2012-11-23T00:00:00,OKC @ BOS,L,48.0,37,79,0.468,6,24,0.25,20,24,0.833,8,32,40,22,17.0,6,7,1,23,23,100,-8.0,1,73,73,73,8,52,51,55,57,21,86,58,58,50,78,52,71,38,71,76,45,6,69,21,63,94,1.0
2012-13,1610612760,OKC,Oklahoma City Thunder,0021200164,2012-11-21T00:00:00,OKC vs. LAC,W,53.0,36,79,0.456,11,23,0.478,34,39,0.872,12,32,44,20,19.0,12,5,5,24,27,117,6.0,1,1,1,1,1,61,51,65,11,28,18,5,5,33,31,52,42,56,84,7,73,61,75,6,14,57,1.0
2012-13,1610612760,OKC,Oklahoma City Thunder,0021200143,2012-11-18T00:00:00,OKC vs. GSW,W,48.0,42,83,0.506,13,20,0.65,22,26,0.846,10,30,40,31,12.0,9,3,4,16,18,119,10.0,1,1,1,1,8,16,30,28,5,48,2,38,46,43,52,68,71,2,18,32,94,41,10,77,9,45,1.0
2012-13,1610612760,OKC,Oklahoma City Thunder,0021200125,2012-11-16T00:00:00,OKC @ NOH,W,48.0,40,74,0.541,14,29,0.483,16,20,0.8,7,29,36,31,14.0,7,7,4,24,20,110,15.0,1,1,1,1,8,29,79,12,3,4,16,82,85,67,89,80,93,2,37,63,45,41,75,48,29,29,1.0
2012-13,1610612760,OKC,Oklahoma City Thunder,0021200113,2012-11-14T00:00:00,OKC vs. MEM,L,48.0,35,72,0.486,6,13,0.462,21,26,0.808,10,30,40,23,15.0,6,6,3,19,23,97,-10.0,1,73,73,73,8,72,86,43,57,93,22,48,46,64,52,68,71,29,49,76,59,26,31,21,71,99,1.0
2012-13,1610612760,OKC,Oklahoma City Thunder,0021200097,2012-11-12T00:00:00,OKC @ DET,W,48.0,27,73,0.37,1,10,0.1,37,42,0.881,9,35,44,10,14.0,7,12,7,20,28,92,2.0,1,1,1,1,8,103,81,101,104,100,104,2,3,27,69,35,42,101,37,63,6,91,40,3,88,69,1.0
2012-13,1610612760,OKC,Oklahoma City Thunder,0021200093,2012-11-11T00:00:00,OKC vs. CLE,W,48.0,40,73,0.548,7,15,0.467,19,22,0.864,4,37,41,20,21.0,7,10,0,22,19,106,15.0,1,1,1,1,8,29,81,11,48,79,21,70,71,36,102,21,63,56,95,63,19,1,55,59,41,29,1.0
2012-13,1610612760,OKC,Oklahoma City Thunder,0021200075,2012-11-09T00:00:00,OKC vs. DET,W,48.0,38,71,0.535,8,20,0.4,21,26,0.808,8,30,38,21,17.0,8,4,4,25,19,105,11.0,1,1,1,1,8,45,89,15,38,48,42,48,46,64,78,68,86,46,71,47,86,41,84,59,47,43,0.0
2012-13,1610612760,OKC,Oklahoma City Thunder,0021200066,2012-11-08T00:00:00,OKC @ CHI,W,48.0,36,73,0.493,5,13,0.385,20,21,0.952,8,30,38,23,22.0,10,8,3,19,19,97,6.0,1,1,1,1,8,61,81,37,70,93,47,58,81,6,78,68,86,29,100,18,35,26,31,59,71,57,1.0
2012-13,1610612760,OKC,Oklahoma City Thunder,0021200051,2012-11-06T00:00:00,OKC vs. TOR,W,48.0,35,74,0.473,9,25,0.36,29,34,0.853,7,39,46,24,19.0,10,9,2,22,24,108,20.0,1,1,1,1,8,72,79,53,22,13,52,11,10,41,89,9,32,23,84,18,26,14,55,20,35,20,1.0
2012-13,1610612760,OKC,Oklahoma City Thunder,0021200040,2012-11-04T00:00:00,OKC vs. ATL,L,48.0,33,71,0.465,9,22,0.409,20,22,0.909,7,30,37,27,21.0,4,9,1,21,20,95,-9.0,1,73,73,73,8,81,89,56,22,34,38,58,71,18,89,68,90,13,95,96,26,6,49,48,79,97,1.0
2012-13,1610612760,OKC,Oklahoma City Thunder,0021200022,2012-11-02T00:00:00,OKC vs. POR,W,48.0,39,76,0.513,5,9,0.556,23,32,0.719,8,39,47,18,12.0,2,10,0,22,25,106,14.0,1,1,1,1,8,38,67,24,70,101,6,34,19,96,78,9,25,73,18,104,19,1,55,15,41,32,1.0
2012-13,1610612760,OKC,Oklahoma City Thunder,0021200014,2012-11-01T00:00:00,OKC @ SAS,L,48.0,29,77,0.377,7,17,0.412,19,23,0.826,12,36,48,18,18.0,6,5,4,20,21,84,-2.0,1,73,73,73,8,100,63,99,48,63,37,70,64,56,31,28,19,73,78,76,73,41,40,42,99,74,1.0
2012-13,1610612760,OKC,Oklahoma City Thunder,0011200101,2012-10-24T00:00:00,OKC vs. DAL,W,48.0,37,86,0.43,6,18,0.333,8,10,0.8,14,37,51,26,19.0,8,8,5,18,11,88,12.0,1,1,1,1,8,52,19,82,57,59,60,105,105,67,11,21,10,16,84,47,35,61,21,103,96,36,
2012-13,1610612760,OKC,Oklahoma City Thunder,0011200097,2012-10-23T00:00:00,OKC @ CHI,L,48.0,32,82,0.39,6,15,0.4,19,23,0.826,12,31,43,20,14.0,7,4,6,25,16,89,-5.0,1,73,73,73,8,86,39,97,57,79,42,70,64,56,31,58,48,56,37,63,86,82,84,89,92,83,
2012-13,1610612760,OKC,Oklahoma City Thunder,0011200087,2012-10-21T00:00:00,OKC vs. DEN,W,48.0,41,89,0.461,15,32,0.469,11,12,0.917,14,31,45,25,14.0,8,10,4,22,15,108,7.0,1,1,1,1,8,22,8,59,1,3,20,104,104,12,11,58,39,19,37,47,19,41,55,96,35,55,
2012-13,1610612760,OKC,Oklahoma City Thunder,0011200074,2012-10-19T00:00:00,OKC vs. PHX,W,48.0,41,83,0.494,9,20,0.45,16,21,0.762,15,26,41,26,17.0,9,2,4,17,20,107,10.0,1,1,1,1,8,22,30,33,22,48,23,82,81,82,6,94,63,16,71,32,101,41,15,48,38,45,
2012-13,1610612760,OKC,Oklahoma City Thunder,0011200055,2012-10-16T00:00:00,OKC vs. CHA,W,48.0,48,75,0.64,8,15,0.533,16,22,0.727,10,30,40,34,15.0,5,6,0,22,17,120,22.0,1,1,1,1,8,2,75,1,38,79,9,82,71,90,52,68,71,1,49,85,59,1,55,85,5,11,
2012-13,1610612760,OKC,Oklahoma City Thunder,0011200034,2012-10-12T00:00:00,OKC @ UTA,L,48.0,29,78,0.372,3,15,0.2,20,28,0.714,11,36,47,16,21.0,10,6,8,27,22,81,-16.0,1,73,73,73,8,100,57,100,97,79,99,58,31,97,42,28,25,84,95,18,59,99,94,37,102,104,
2012-13,1610612760,OKC,Oklahoma City Thunder,0011200019,2012-10-10T00:00:00,OKC @ HOU,L,48.0,43,90,0.478,7,24,0.292,12,14,0.857,14,24,38,22,15.0,11,5,5,27,14,105,-2.0,1,73,73,73,8,14,7,48,48,21,78,97,100,38,11,99,86,38,49,12,73,61,94,101,47,74,
2012-13,1610612761,TOR,Toronto Raptors,0021201216,2013-04-17T00:00:00,TOR vs. BOS,W,48.0,40,80,0.5,12,21,0.571,22,28,0.786,9,37,46,26,11.0,5,5,2,14,22,114,24.0,1,1,1,1,10,16,48,11,3,39,1,23,19,43,55,7,15,14,17,71,37,12,2,30,7,4,1.0
2012-13,1610612761,TOR,Toronto Raptors,0021201213,2013-04-16T00:00:00,TOR @ ATL,W,48.0,40,78,0.513,10,27,0.37,23,27,0.852,10,37,47,24,18.0,7,10,1,20,19,113,17.0,1,1,1,1,10,16,59,8,16,10,38,15,23,18,40,7,11,26,83,40,2,2,20,56,9,11,1.0
2012-13,1610612761,TOR,Toronto Raptors,0021201195,2013-04-14T00:00:00,TOR vs. BKN,W,48.0,36,82,0.439,6,15,0.4,15,21,0.714,10,38,48,19,13.0,4,1,5,19,20,93,6.0,1,1,1,1,10,46,33,55,53,76,27,60,53,73,40,3,7,60,31,80,87,47,15,46,61,27,1.0
2012-13,1610612761,TOR,Toronto Raptors,0021201176,2013-04-12T00:00:00,TOR vs. CHI,W,48.0,34,72,0.472,2,8,0.25,27,33,0.818,11,27,38,22,15.0,10,7,1,13,24,97,9.0,1,1,1,1,10,60,80,28,88,91,72,2,7,33,28,61,58,38,52,16,15,2,1,18,47,19,1.0
2012-13,1610612761,TOR,Toronto Raptors,0021201158,2013-04-09T00:00:00,TOR @ CHI,W,48.0,37,72,0.514,7,18,0.389,20,24,0.833,3,30,33,22,8.0,6,3,2,21,21,101,3.0,1,1,1,1,10,39,80,7,42,54,30,33,39,28,94,36,81,38,4,54,65,12,30,39,28,33,1.0
2012-13,1610612761,TOR,Toronto Raptors,0021201142,2013-04-06T00:00:00,TOR @ MIL,L,48.0,30,83,0.361,3,10,0.3,20,23,0.87,8,27,35,18,18.0,9,4,12,21,22,83,-17.0,1,43,43,43,10,78,30,90,81,88,59,33,43,14,70,61,74,66,83,22,54,94,30,30,82,82,1.0
2012-13,1610612761,TOR,Toronto Raptors,0021201132,2013-04-05T00:00:00,TOR @ MIN,W,48.0,40,85,0.471,4,15,0.267,11,16,0.688,11,29,40,18,14.0,6,6,3,26,17,95,2.0,1,1,1,1,10,16,20,30,70,76,67,81,81,79,28,43,43,66,40,54,21,25,73,73,56,36,1.0
2012-13,1610612761,TOR,Toronto Raptors,0021201111,2013-04-03T00:00:00,TOR vs. WAS,W,48.0,30,66,0.455,1,8,0.125,27,36,0.75,4,40,44,21,16.0,6,6,2,24,27,88,10.0,1,1,1,1,10,78,93,40,92,91,90,2,2,63,93,2,25,47,65,54,21,12,60,8,73,18,1.0
2012-13,1610612761,TOR,Toronto Raptors,0021201100,2013-04-01T00:00:00,TOR vs. DET,L,48.0,41,81,0.506,8,21,0.381,8,10,0.8,6,23,29,24,12.0,6,8,1,17,17,98,-10.0,1,43,43,43,10,12,42,10,27,39,36,92,93,36,89,87,91,26,25,54,7,2,6,73,42,70,1.0
2012-13,1610612761,TOR,Toronto Raptors,0021201095,2013-03-31T00:00:00,TOR @ WAS,L,48.0,32,81,0.395,7,19,0.368,21,26,0.808,13,32,45,21,13.0,2,6,5,26,26,92,-17.0,1,43,43,43,10,73,42,77,42,50,39,25,29,35,18,23,19,47,31,93,21,47,73,10,63,82,1.0
2012-13,1610612761,TOR,Toronto Raptors,0021201077,2013-03-29T00:00:00,TOR @ DET,W,48.0,44,82,0.537,4,13,0.308,7,9,0.778,10,32,42,25,12.0,7,6,4,16,13,99,17.0,1,1,1,1,10,6,33,3,70,80,58,93,94,47,40,23,31,18,25,40,21,33,4,92,38,11,1.0
2012-13,1610612761,TOR,Toronto Raptors,0021201057,2013-03-27T00:00:00,TOR vs. ATL,L,48.0,35,78,0.449,4,17,0.235,14,20,0.7,10,32,42,20,20.0,8,1,0,18,21,88,-19.0,1,43,43,43,10,50,59,46,70,64,76,65,58,76,40,23,31,53,91,32,87,1,8,39,73,87,1.0
2012-13,1610612761,TOR,Toronto Raptors,0021201034,2013-03-23T00:00:00,TOR @ NYK,L,48.0,34,76,0.447,4,23,0.174,12,18,0.667,11,24,35,13,18.0,6,2,3,20,20,84,-26.0,1,43,43,43,10,60,71,49,70,26,88,76,69,86,28,80,74,85,83,54,75,25,20,46,80,93,1.0
2012-13,1610612761,TOR,Toronto Raptors,0021201022,2013-03-22T00:00:00,TOR vs. NYK,L,48.0,36,79,0.456,11,32,0.344,11,14,0.786,9,24,33,19,13.0,7,1,5,23,24,94,-5.0,1,43,43,43,10,46,54,38,10,4,50,81,86,43,55,80,81,60,31,40,87,47,50,18,59,53,1.0
2012-13,1610612761,TOR,Toronto Raptors,0021201008,2013-03-20T00:00:00,TOR @ CHA,L,48.0,35,83,0.422,5,22,0.227,26,26,1.0,15,30,45,18,17.0,7,9,7,27,26,101,-6.0,1,43,43,43,10,50,30,68,63,33,80,6,29,1,11,36,19,66,72,40,3,69,78,10,28,56,1.0
2012-13,1610612761,TOR,Toronto Raptors,0021200985,2013-03-17T00:00:00,TOR vs. MIA,L,48.0,39,94,0.415,2,20,0.1,11,12,0.917,24,27,51,15,16.0,5,2,2,21,14,91,-17.0,1,43,43,43,10,26,5,69,88,45,91,81,89,3,1,61,4,81,65,71,75,12,30,88,69,82,1.0
2012-13,1610612761,TOR,Toronto Raptors,0021200969,2013-03-15T00:00:00,TOR vs. CHA,W,48.0,33,68,0.485,3,10,0.3,23,27,0.852,10,36,46,16,20.0,6,8,3,23,18,92,14.0,1,1,1,1,10,66,91,23,81,88,59,15,23,18,40,11,15,76,91,54,7,25,50,66,63,13,1.0
2012-13,1610612761,TOR,Toronto Raptors,0021200959,2013-03-13T00:00:00,TOR @ BOS,L,48.0,34,79,0.43,3,13,0.231,17,19,0.895,7,27,34,17,18.0,11,6,7,23,19,88,-24.0,1,43,43,43,10,60,54,62,81,80,78,50,62,8,76,61,80,74,83,8,21,69,50,56,73,92,1.0
2012-13,1610612761,TOR,Toronto Raptors,0021200936,2013-03-10T00:00:00,TOR vs. CLE,W,48.0,33,84,0.393,8,23,0.348,26,34,0.765,9,38,47,22,11.0,9,5,2,22,29,100,4.0,1,1,1,1,10,66,26,79,27,26,44,6,6,58,55,3,11,38,17,22,37,12,40,2,33,30,1.0
2012-13,1610612761,TOR,Toronto Raptors,0021200925,2013-03-08T00:00:00,TOR @ LAL,L,53.0,48,93,0.516,8,22,0.364,12,16,0.75,7,36,43,32,17.0,8,6,5,27,14,116,-2.0,1,43,43,43,3,2,7,6,27,33,40,76,81,63,76,11,27,3,72,32,21,47,78,88,5,47,1.0
2012-13,1610612761,TOR,Toronto Raptors,0021200910,2013-03-06T00:00:00,TOR @ PHX,W,48.0,37,77,0.481,11,24,0.458,13,15,0.867,7,33,40,24,21.0,11,4,3,17,18,98,27.0,1,1,1,1,10,39,67,25,10,20,15,72,85,16,76,21,43,26,93,8,54,25,6,66,42,2,1.0
2012-13,1610612761,TOR,Toronto Raptors,0021200895,2013-03-04T00:00:00,TOR @ GSW,L,48.0,41,94,0.436,9,26,0.346,27,35,0.771,19,28,47,16,14.0,6,5,4,26,27,118,-7.0,1,43,43,43,10,12,5,60,21,13,48,2,4,55,4,52,11,76,40,54,37,33,73,8,4,60,1.0
2012-13,1610612761,TOR,Toronto Raptors,0021200878,2013-03-02T00:00:00,TOR @ MIL,L,53.0,46,100,0.46,8,22,0.364,14,18,0.778,13,29,42,28,17.0,9,3,7,26,20,114,-8.0,1,43,43,43,3,3,3,34,27,33,40,65,69,47,18,43,31,9,72,22,65,69,73,46,7,67,1.0
2012-13,1610612761,TOR,Toronto Raptors,0021200864,2013-03-01T00:00:00,TOR vs. IND,L,48.0,29,72,0.403,3,11,0.273,20,25,0.8,8,22,30,12,13.0,9,6,4,25,24,81,-12.0,1,43,43,43,10,86,80,75,81,86,66,33,33,36,70,92,90,90,31,22,21,33,67,18,88,75,1.0
2012-13,1610612761,TOR,Toronto Raptors,0021200852,2013-02-27T00:00:00,TOR @ CLE,L,48.0,35,78,0.449,2,20,0.1,20,25,0.8,9,29,38,25,15.0,3,8,5,25,19,92,-11.0,1,43,43,43,10,50,59,46,88,45,91,33,33,36,55,43,58,18,52,83,7,47,67,56,63,73,1.0
2012-13,1610612761,TOR,Toronto Raptors,0021200839,2013-02-25T00:00:00,TOR vs. WAS,L,48.0,29,79,0.367,5,19,0.263,21,27,0.778,9,30,39,13,14.0,9,7,1,18,23,84,-6.0,1,43,43,43,10,86,54,86,63,50,70,25,23,47,55,36,51,85,40,22,15,2,8,22,80,56,1.0
2012-13,1610612761,TOR,Toronto Raptors,0021200811,2013-02-22T00:00:00,TOR vs. NYK,W,48.0,35,80,0.438,7,18,0.389,23,28,0.821,6,25,31,18,10.0,7,3,8,22,28,100,2.0,1,1,1,1,10,50,48,57,42,54,30,15,19,32,89,75,87,66,10,40,65,82,40,5,33,36,1.0
2012-13,1610612761,TOR,Toronto Raptors,0021200798,2013-02-20T00:00:00,TOR vs. MEM,L,48.0,26,71,0.366,8,18,0.444,22,26,0.846,11,31,42,14,15.0,5,4,7,28,23,82,-6.0,1,43,43,43,10,91,85,87,27,54,18,23,29,22,28,29,31,83,52,71,54,69,81,22,85,56,1.0
2012-13,1610612761,TOR,Toronto Raptors,0021200789,2013-02-19T00:00:00,TOR @ WAS,W,48.0,35,78,0.449,8,20,0.4,18,20,0.9,8,34,42,20,17.0,10,5,3,19,20,96,8.0,1,1,1,1,10,50,59,46,27,45,27,48,58,7,70,19,31,53,72,16,37,25,15,46,52,21,1.0
2012-13,1610612761,TOR,Toronto Raptors,0021200780,2013-02-13T00:00:00,TOR @ NYK,W,48.0,31,73,0.425,9,21,0.429,21,24,0.875,8,27,35,12,10.0,3,8,2,20,21,92,4.0,1,1,1,1,10,75,79,65,21,39,22,25,39,12,70,61,74,90,10,83,7,12,20,39,63,30,1.0
2012-13,1610612761,TOR,Toronto Raptors,0021200769,2013-02-12T00:00:00,TOR vs. DEN,W,48.0,39,83,0.47,10,21,0.476,21,23,0.913,15,23,38,23,17.0,10,5,5,21,20,109,1.0,1,1,1,1,10,26,30,31,16,39,9,25,43,4,11,87,58,34,72,16,37,47,30,46,12,42,1.0
2012-13,1610612761,TOR,Toronto Raptors,0021200755,2013-02-10T00:00:00,TOR vs. NOH,W,48.0,40,78,0.513,8,16,0.5,14,18,0.778,12,27,39,24,13.0,7,4,7,21,17,102,13.0,1,1,1,1,10,16,59,8,27,70,5,65,69,47,24,61,51,26,31,40,54,69,30,73,24,16,1.0
2012-13,1610612761,TOR,Toronto Raptors,0021200737,2013-02-08T00:00:00,TOR @ IND,W,53.0,42,96,0.438,2,9,0.222,14,19,0.737,17,29,46,19,14.0,9,9,7,31,22,100,2.0,1,1,1,1,3,8,4,57,88,90,82,65,62,70,5,43,15,60,40,22,3,69,89,30,33,36,1.0
2012-13,1610612761,TOR,Toronto Raptors,0021200720,2013-02-06T00:00:00,TOR vs. BOS,L,48.0,34,82,0.415,4,18,0.222,23,26,0.885,12,31,43,18,15.0,12,2,5,23,20,95,-4.0,1,43,43,43,10,60,33,70,70,54,82,15,29,10,24,29,27,66,52,4,75,47,50,46,56,52,1.0
2012-13,1610612761,TOR,Toronto Raptors,0021200707,2013-02-03T00:00:00,TOR vs. MIA,L,48.0,28,75,0.373,4,18,0.222,25,32,0.781,14,24,38,15,15.0,10,3,4,24,23,85,-15.0,1,43,43,43,10,89,73,85,70,54,82,9,8,45,15,80,58,81,52,16,65,33,60,22,79,80,1.0
2012-13,1610612761,TOR,Toronto Raptors,0021200684,2013-02-01T00:00:00,TOR vs. LAC,W,48.0,38,81,0.469,12,26,0.462,10,17,0.588,11,34,45,30,12.0,7,6,4,25,16,98,25.0,1,1,1,1,10,35,42,32,3,13,11,86,75,90,28,19,19,5,25,40,21,33,67,80,42,3,1.0
2012-13,1610612761,TOR,Toronto Raptors,0021200674,2013-01-30T00:00:00,TOR @ ATL,L,48.0,33,85,0.388,9,22,0.409,17,23,0.739,15,37,52,16,17.0,6,5,8,18,18,92,-1.0,1,43,43,43,10,66,20,82,21,33,26,50,43,69,11,7,2,76,72,54,37,82,8,66,63,43,1.0
2012-13,1610612761,TOR,Toronto Raptors,0021200659,2013-01-28T00:00:00,TOR vs. GSW,L,48.0,38,87,0.437,6,19,0.316,20,23,0.87,11,26,37,28,11.0,7,4,8,18,19,102,-12.0,1,43,43,43,10,35,15,59,53,50,57,33,43,14,28,71,65,9,17,40,54,82,8,56,24,75,1.0
2012-13,1610612761,TOR,Toronto Raptors,0021200642,2013-01-26T00:00:00,TOR vs. CLE,L,48.0,40,82,0.488,5,17,0.294,13,18,0.722,11,28,39,22,15.0,6,4,4,23,22,98,-1.0,1,43,43,43,10,16,33,19,63,64,62,72,69,71,28,52,51,38,52,54,54,33,50,30,42,43,1.0
2012-13,1610612761,TOR,Toronto Raptors,0021200629,2013-01-24T00:00:00,TOR @ ORL,W,48.0,39,78,0.5,4,16,0.25,15,19,0.789,7,31,38,25,10.0,3,7,4,20,12,97,2.0,1,1,1,1,10,26,59,11,70,70,72,60,62,42,76,29,58,18,10,83,15,33,20,94,47,36,1.0
2012-13,1610612761,TOR,Toronto Raptors,0021200619,2013-01-23T00:00:00,TOR @ MIA,L,53.0,44,88,0.5,14,31,0.452,14,18,0.778,7,21,28,26,9.0,8,1,3,30,21,116,-7.0,1,43,43,43,3,6,13,11,2,5,16,65,69,47,76,93,94,14,6,32,87,25,86,39,5,60,1.0
2012-13,1610612761,TOR,Toronto Raptors,0021200601,2013-01-20T00:00:00,TOR vs. LAL,W,48.0,46,84,0.548,6,20,0.3,10,17,0.588,10,30,40,27,15.0,11,2,4,22,15,108,5.0,1,1,1,1,10,3,26,2,53,45,59,86,75,90,40,36,43,13,52,8,75,33,40,85,13,29,1.0
2012-13,1610612761,TOR,Toronto Raptors,0021200585,2013-01-18T00:00:00,TOR @ PHI,L,53.0,40,88,0.455,11,25,0.44,10,13,0.769,10,32,42,29,18.0,6,5,6,19,19,101,-7.0,1,43,43,43,3,16,13,40,10,19,20,86,87,56,40,23,31,7,83,54,37,62,15,56,28,60,1.0
2012-13,1610612761,TOR,Toronto Raptors,0021200570,2013-01-16T00:00:00,TOR vs. CHI,L,53.0,38,85,0.447,6,16,0.375,23,32,0.719,13,30,43,20,13.0,6,5,2,29,30,105,-2.0,1,43,43,43,3,35,20,51,53,70,37,15,8,72,18,36,27,53,31,54,37,12,84,1,17,47,1.0
2012-13,1610612761,TOR,Toronto Raptors,0021200566,2013-01-15T00:00:00,TOR @ BKN,L,48.0,40,82,0.488,7,13,0.538,19,23,0.826,13,28,41,21,14.0,3,1,4,21,21,106,-7.0,1,43,43,43,10,16,33,19,42,80,4,43,43,31,18,52,38,47,40,83,87,33,30,39,15,60,1.0
2012-13,1610612761,TOR,Toronto Raptors,0021200550,2013-01-13T00:00:00,TOR vs. MIL,L,48.0,36,85,0.424,3,13,0.231,21,27,0.778,17,23,40,25,15.0,7,2,6,21,25,96,-11.0,1,43,43,43,10,46,20,66,81,80,78,25,23,47,5,87,43,18,52,40,75,62,30,17,52,73,1.0
2012-13,1610612761,TOR,Toronto Raptors,0021200530,2013-01-11T00:00:00,TOR vs. CHA,W,48.0,39,86,0.453,12,27,0.444,9,11,0.818,21,27,48,25,12.0,7,6,4,22,14,99,21.0,1,1,1,1,10,26,16,43,3,10,18,90,92,33,2,61,7,18,25,40,21,33,40,88,38,6,1.0
2012-13,1610612761,TOR,Toronto Raptors,0021200516,2013-01-09T00:00:00,TOR vs. PHI,W,48.0,39,80,0.488,1,11,0.091,11,13,0.846,10,36,46,26,12.0,9,3,6,16,14,90,18.0,1,1,1,1,10,26,48,21,92,86,93,81,87,22,40,11,15,14,25,22,65,62,4,88,70,10,1.0
2012-13,1610612761,TOR,Toronto Raptors,0021200499,2013-01-06T00:00:00,TOR vs. OKC,L,48.0,34,76,0.447,8,23,0.348,16,21,0.762,7,24,31,28,17.0,7,3,4,18,20,92,-12.0,1,43,43,43,10,60,71,49,27,26,44,56,53,60,76,80,87,9,72,40,65,33,8,46,63,75,1.0
2012-13,1610612761,TOR,Toronto Raptors,0021200478,2013-01-04T00:00:00,TOR vs. SAC,L,48.0,30,79,0.38,11,33,0.333,25,37,0.676,14,25,39,18,15.0,8,5,5,27,24,96,-9.0,1,43,43,43,10,78,54,83,10,3,51,9,1,85,15,75,51,66,52,32,37,47,78,18,52,69,1.0
2012-13,1610612761,TOR,Toronto Raptors,0021200464,2013-01-02T00:00:00,TOR vs. POR,W,48.0,41,77,0.532,8,23,0.348,12,17,0.706,7,29,36,34,11.0,12,2,2,20,18,102,23.0,1,1,1,1,10,12,67,4,27,26,44,76,75,75,76,43,71,1,17,4,75,12,20,66,24,5,1.0
2012-13,1610612761,TOR,Toronto Raptors,0021200439,2012-12-29T00:00:00,TOR @ ORL,W,48.0,46,82,0.561,15,27,0.556,16,21,0.762,9,35,44,33,8.0,3,2,8,18,13,123,35.0,1,1,1,1,10,3,33,1,1,10,3,56,53,60,55,16,25,2,4,83,75,82,8,92,2,1,1.0
2012-13,1610612761,TOR,Toronto Raptors,0021200430,2012-12-28T00:00:00,TOR @ NOH,W,53.0,37,85,0.435,5,24,0.208,25,32,0.781,9,32,41,24,7.0,10,6,6,22,23,104,7.0,1,1,1,1,3,39,20,61,63,20,86,9,8,45,55,23,38,26,2,16,21,62,40,22,19,22,1.0
2012-13,1610612761,TOR,Toronto Raptors,0021200418,2012-12-26T00:00:00,TOR @ SAS,L,48.0,33,78,0.423,7,18,0.389,7,12,0.583,10,25,35,24,15.0,10,2,5,19,16,80,-20.0,1,43,43,43,10,66,59,67,42,54,30,93,89,94,40,75,74,26,52,16,75,47,15,80,90,89,1.0
2012-13,1610612761,TOR,Toronto Raptors,0021200380,2012-12-21T00:00:00,TOR vs. ORL,W,48.0,33,81,0.407,8,19,0.421,19,21,0.905,7,25,32,20,9.0,13,4,2,20,15,93,3.0,1,1,1,1,10,66,42,72,27,50,24,43,53,5,76,75,85,53,6,1,54,12,20,85,61,33,1.0
2012-13,1610612761,TOR,Toronto Raptors,0021200366,2012-12-19T00:00:00,TOR vs. DET,W,48.0,35,72,0.486,10,29,0.345,17,22,0.773,9,24,33,26,6.0,5,6,2,24,19,97,6.0,1,1,1,1,10,50,80,22,16,8,49,50,49,54,55,80,81,14,1,71,21,12,60,56,47,27,1.0
2012-13,1610612761,TOR,Toronto Raptors,0021200357,2012-12-18T00:00:00,TOR @ CLE,W,48.0,39,75,0.52,12,24,0.5,23,27,0.852,13,23,36,25,14.0,8,2,7,24,26,113,14.0,1,1,1,1,10,26,73,5,3,20,5,15,23,18,18,87,71,18,40,32,75,69,60,10,9,13,1.0
2012-13,1610612761,TOR,Toronto Raptors,0021200346,2012-12-16T00:00:00,TOR vs. HOU,W,48.0,39,85,0.459,8,30,0.267,17,20,0.85,5,38,43,29,7.0,6,13,1,24,19,103,7.0,1,1,1,1,10,26,20,35,27,6,67,50,58,21,91,3,27,7,2,54,1,2,60,56,23,22,1.0
2012-13,1610612761,TOR,Toronto Raptors,0021200325,2012-12-14T00:00:00,TOR vs. DAL,W,48.0,34,84,0.405,12,36,0.333,15,22,0.682,14,33,47,22,10.0,11,3,1,20,17,95,21.0,1,1,1,1,10,60,26,74,3,1,51,60,49,82,15,21,11,38,10,8,65,2,20,73,56,6,1.0
2012-13,1610612761,TOR,Toronto Raptors,0021200309,2012-12-12T00:00:00,TOR vs. BKN,L,48.0,37,75,0.493,4,18,0.222,10,17,0.588,7,24,31,21,14.0,11,3,1,25,16,88,-6.0,1,43,43,43,10,39,73,16,70,54,82,86,75,90,76,80,87,47,40,8,65,2,67,80,73,56,1.0
2012-13,1610612761,TOR,Toronto Raptors,0021200303,2012-12-10T00:00:00,TOR @ POR,L,48.0,26,74,0.351,3,21,0.143,19,21,0.905,9,36,45,13,15.0,5,5,3,20,18,74,-18.0,1,43,43,43,10,91,76,94,81,39,89,43,53,5,55,11,19,85,52,71,37,25,20,66,92,85,1.0
2012-13,1610612761,TOR,Toronto Raptors,0021200292,2012-12-09T00:00:00,TOR @ LAC,L,48.0,30,77,0.39,10,26,0.385,13,17,0.765,11,28,39,22,14.0,3,5,6,22,17,83,-19.0,1,43,43,43,10,78,67,81,16,13,35,72,75,58,28,52,51,38,40,83,37,62,40,73,82,87,1.0
2012-13,1610612761,TOR,Toronto Raptors,0021200279,2012-12-07T00:00:00,TOR @ UTA,L,48.0,33,82,0.402,7,24,0.292,26,31,0.839,12,29,41,13,15.0,5,7,8,28,26,99,-32.0,1,43,43,43,10,66,33,76,42,20,65,6,11,27,24,43,38,85,52,71,15,82,81,10,38,94,1.0
2012-13,1610612761,TOR,Toronto Raptors,0021200266,2012-12-05T00:00:00,TOR @ SAC,L,48.0,35,86,0.407,6,23,0.261,24,28,0.857,10,30,40,25,11.0,6,9,7,23,18,100,-7.0,1,43,43,43,10,50,16,73,53,26,71,14,19,17,40,36,43,18,17,54,3,69,50,66,33,60,1.0
2012-13,1610612761,TOR,Toronto Raptors,0021200248,2012-12-03T00:00:00,TOR @ DEN,L,48.0,42,86,0.488,9,28,0.321,17,19,0.895,9,28,37,19,16.0,9,9,7,30,20,110,-3.0,1,43,43,43,10,8,16,17,21,9,56,50,62,8,55,52,65,60,65,22,3,69,86,46,11,51,1.0
2012-13,1610612761,TOR,Toronto Raptors,0021200222,2012-11-30T00:00:00,TOR vs. PHX,W,48.0,39,81,0.481,8,14,0.571,15,22,0.682,10,31,41,24,13.0,7,4,8,20,20,101,4.0,1,1,1,1,10,26,42,24,27,79,1,60,49,82,40,29,38,26,31,40,54,82,20,46,28,30,1.0
2012-13,1610612761,TOR,Toronto Raptors,0021200216,2012-11-28T00:00:00,TOR @ MEM,L,48.0,29,74,0.392,5,17,0.294,19,24,0.792,7,26,33,11,17.0,5,5,7,29,19,82,-21.0,1,43,43,43,10,86,76,80,63,64,62,43,39,41,76,71,81,93,72,71,37,69,84,56,85,91,1.0
2012-13,1610612761,TOR,Toronto Raptors,0021200206,2012-11-27T00:00:00,TOR @ HOU,L,48.0,42,86,0.488,8,23,0.348,9,12,0.75,11,28,39,25,16.0,6,2,1,15,15,101,-16.0,1,43,43,43,10,8,16,17,27,26,44,90,89,63,28,52,51,18,65,54,75,2,3,85,28,81,1.0
2012-13,1610612761,TOR,Toronto Raptors,0021200191,2012-11-25T00:00:00,TOR vs. SAS,L,58.0,40,110,0.364,6,24,0.25,20,24,0.833,17,44,61,21,13.0,6,8,5,25,18,106,-5.0,1,43,43,43,2,16,1,88,53,20,72,33,39,28,5,1,1,47,31,54,7,47,67,66,15,53,1.0
2012-13,1610612761,TOR,Toronto Raptors,0021200175,2012-11-23T00:00:00,TOR @ DET,L,48.0,32,78,0.41,6,18,0.333,20,25,0.8,9,28,37,20,11.0,6,6,2,23,22,90,-1.0,1,43,43,43,10,73,59,71,53,54,51,33,33,36,55,52,65,53,17,54,21,12,50,30,70,43,1.0
2012-13,1610612761,TOR,Toronto Raptors,0021200157,2012-11-21T00:00:00,TOR @ CHA,L,48.0,37,80,0.463,9,23,0.391,14,20,0.7,9,27,36,23,14.0,5,8,9,25,21,97,-1.0,1,43,43,43,10,39,48,33,21,26,29,65,58,76,55,61,71,34,40,71,7,89,67,39,47,43,1.0
2012-13,1610612761,TOR,Toronto Raptors,0021200154,2012-11-20T00:00:00,TOR @ PHI,L,48.0,37,82,0.451,4,16,0.25,20,29,0.69,12,36,48,28,11.0,2,5,10,20,23,98,-8.0,1,43,43,43,10,39,33,44,70,70,72,33,17,78,24,11,7,9,17,93,37,91,20,22,42,67,1.0
2012-13,1610612761,TOR,Toronto Raptors,0021200140,2012-11-18T00:00:00,TOR vs. ORL,W,48.0,38,80,0.475,7,18,0.389,14,23,0.609,10,30,40,22,10.0,8,6,1,21,22,97,11.0,1,1,1,1,10,35,48,26,42,54,30,65,43,89,40,36,43,38,10,32,21,2,30,30,47,17,1.0
2012-13,1610612761,TOR,Toronto Raptors,0021200131,2012-11-17T00:00:00,TOR @ BOS,L,48.0,30,70,0.429,8,22,0.364,21,31,0.677,9,26,35,22,15.0,7,4,2,23,23,89,-18.0,1,43,43,43,10,78,87,63,27,33,40,25,11,84,55,71,74,38,52,40,54,12,50,22,72,85,1.0
2012-13,1610612761,TOR,Toronto Raptors,0021200105,2012-11-13T00:00:00,TOR @ IND,W,48.0,26,72,0.361,6,12,0.5,16,19,0.842,8,37,45,13,14.0,4,1,7,23,16,74,2.0,1,1,1,1,10,91,80,91,53,85,5,56,62,24,70,7,19,85,40,80,87,69,50,80,92,36,1.0
2012-13,1610612761,TOR,Toronto Raptors,0021200095,2012-11-12T00:00:00,TOR vs. UTA,L,63.0,51,108,0.472,8,24,0.333,23,30,0.767,20,32,52,31,18.0,13,5,11,31,26,133,-7.0,1,43,43,43,1,1,2,28,27,20,51,15,15,57,3,23,2,4,83,1,37,93,89,10,1,60,1.0
2012-13,1610612761,TOR,Toronto Raptors,0021200081,2012-11-10T00:00:00,TOR vs. PHI,L,48.0,30,79,0.38,12,26,0.462,11,16,0.688,7,28,35,20,13.0,6,4,4,21,19,83,-10.0,1,43,43,43,10,78,54,83,3,13,11,81,81,79,76,52,74,53,31,54,54,33,30,56,82,70,1.0
2012-13,1610612761,TOR,Toronto Raptors,0021200061,2012-11-07T00:00:00,TOR @ DAL,L,48.0,36,81,0.444,5,22,0.227,27,31,0.871,10,28,38,21,10.0,7,1,6,28,23,104,-5.0,1,43,43,43,10,46,42,52,63,33,80,2,11,13,40,52,58,47,10,40,87,62,81,22,19,53,1.0
2012-13,1610612761,TOR,Toronto Raptors,0021200051,2012-11-06T00:00:00,TOR @ OKC,L,48.0,30,84,0.357,7,30,0.233,21,25,0.84,8,29,37,16,17.0,11,2,9,24,22,88,-20.0,1,43,43,43,10,78,26,92,42,6,77,25,33,26,70,43,65,76,72,8,75,89,60,30,73,89,1.0
2012-13,1610612761,TOR,Toronto Raptors,0021200038,2012-11-04T00:00:00,TOR vs. MIN,W,48.0,40,90,0.444,10,21,0.476,15,17,0.882,16,23,39,18,11.0,9,3,8,24,17,105,19.0,1,1,1,1,10,16,10,52,16,39,9,60,75,11,8,87,51,66,17,22,65,82,60,73,17,8,1.0
2012-13,1610612761,TOR,Toronto Raptors,0021200029,2012-11-03T00:00:00,TOR @ BKN,L,48.0,37,82,0.451,7,18,0.389,19,25,0.76,10,27,37,23,14.0,8,5,5,31,19,100,-7.0,1,43,43,43,10,39,33,44,42,54,30,43,33,62,40,61,65,34,40,32,37,47,89,56,33,60,1.0
2012-13,1610612761,TOR,Toronto Raptors,0021200004,2012-10-31T00:00:00,TOR vs. IND,L,48.0,33,91,0.363,6,17,0.353,16,19,0.842,15,27,42,18,10.0,12,8,10,18,16,88,-2.0,1,43,43,43,10,66,9,89,53,64,43,56,62,24,11,61,31,66,10,4,7,91,8,80,73,47,1.0
2012-13,1610612761,TOR,Toronto Raptors,0011200048,2012-10-26T00:00:00,TOR @ MEM,W,48.0,42,92,0.457,11,34,0.324,25,30,0.833,11,26,37,30,12.0,12,4,4,32,28,120,14.0,1,1,1,1,10,8,8,36,10,2,55,9,15,28,28,71,65,5,25,4,54,33,93,5,3,13,
2012-13,1610612761,TOR,Toronto Raptors,0011200089,2012-10-22T00:00:00,TOR vs. MIL,W,48.0,35,77,0.455,9,20,0.45,25,35,0.714,11,38,49,24,19.0,3,7,4,19,29,104,9.0,1,1,1,1,10,50,67,40,21,45,17,9,4,73,28,3,6,26,89,83,15,33,15,2,19,19,
2012-13,1610612761,TOR,Toronto Raptors,0011200071,2012-10-19T00:00:00,TOR vs. NYK,W,48.0,41,90,0.456,12,26,0.462,13,19,0.684,16,29,45,19,17.0,9,6,7,23,21,107,19.0,1,1,1,1,10,12,10,39,3,13,11,72,62,81,8,43,19,60,72,22,21,69,50,39,14,8,
2012-13,1610612761,TOR,Toronto Raptors,0011200060,2012-10-17T00:00:00,TOR vs. WAS,W,48.0,40,80,0.5,4,15,0.267,20,27,0.741,9,31,40,23,14.0,11,8,5,22,23,104,3.0,1,1,1,1,10,16,48,11,70,76,67,33,23,68,55,29,43,34,40,8,7,47,40,22,19,33,
2012-13,1610612761,TOR,Toronto Raptors,0011200030,2012-10-12T00:00:00,TOR vs. DET,W,48.0,28,71,0.394,5,17,0.294,21,22,0.955,10,31,41,17,19.0,13,6,7,22,28,82,7.0,1,1,1,1,10,89,85,78,63,64,62,25,49,2,40,29,38,74,89,1,21,69,40,5,85,22,
2012-13,1610612761,TOR,Toronto Raptors,0011200023,2012-10-10T00:00:00,TOR @ DET,L,48.0,35,74,0.473,11,26,0.423,18,28,0.643,7,25,32,20,16.0,11,5,5,26,22,99,-2.0,1,43,43,43,10,50,76,27,10,13,23,48,19,88,76,75,85,53,65,8,37,47,73,30,38,47,
2012-13,1610612761,TOR,Toronto Raptors,0011200011,2012-10-08T00:00:00,TOR vs. RMD,W,48.0,39,89,0.438,7,16,0.438,17,29,0.586,16,35,51,19,16.0,8,3,6,30,29,102,7.0,1,1,1,1,10,26,12,56,42,70,21,50,17,93,8,16,4,60,65,32,65,62,86,2,24,22,
2012-13,1610612762,UTA,Utah Jazz,0021201223,2013-04-17T00:00:00,UTA @ MEM,L,48.0,25,78,0.321,3,11,0.273,17,26,0.654,17,30,47,15,14.0,6,6,8,18,24,70,-16.0,1,52,52,52,7,95,64,95,76,77,73,46,32,84,10,42,20,91,30,73,39,73,16,17,95,86,1.0
2012-13,1610612762,UTA,Utah Jazz,0021201210,2013-04-15T00:00:00,UTA @ MIN,W,48.0,36,77,0.468,3,10,0.3,21,23,0.913,3,38,41,21,10.0,11,2,3,18,18,96,16.0,1,1,1,1,7,50,73,40,76,83,65,28,48,4,95,8,43,53,6,16,89,9,16,62,49,6,1.0
2012-13,1610612762,UTA,Utah Jazz,0021201187,2013-04-12T00:00:00,UTA vs. MIN,W,48.0,42,72,0.583,8,13,0.615,15,17,0.882,6,30,36,23,18.0,8,4,3,19,18,107,7.0,1,1,1,1,7,13,84,1,20,68,1,59,76,7,90,42,76,38,71,44,70,9,24,62,19,27,1.0
2012-13,1610612762,UTA,Utah Jazz,0021201161,2013-04-09T00:00:00,UTA vs. OKC,L,48.0,31,79,0.392,7,25,0.28,11,14,0.786,6,37,43,22,17.0,6,8,7,19,19,80,-10.0,1,52,52,52,7,79,60,85,31,5,71,82,86,38,90,11,37,50,61,73,17,59,24,51,89,74,1.0
2012-13,1610612762,UTA,Utah Jazz,0021201151,2013-04-07T00:00:00,UTA @ GSW,W,48.0,40,88,0.455,11,25,0.44,6,7,0.857,13,29,42,29,13.0,10,6,2,14,15,97,7.0,1,1,1,1,7,22,13,46,3,5,25,92,95,13,33,49,40,7,22,26,39,4,2,90,42,27,1.0
2012-13,1610612762,UTA,Utah Jazz,0021201133,2013-04-05T00:00:00,UTA vs. NOH,W,48.0,39,77,0.506,11,26,0.423,6,11,0.545,9,26,35,28,16.0,10,8,5,25,20,95,12.0,1,1,1,1,7,27,73,17,3,2,32,92,92,94,68,72,81,10,51,26,17,33,76,44,53,16,1.0
2012-13,1610612762,UTA,Utah Jazz,0021201118,2013-04-03T00:00:00,UTA vs. DEN,L,48.0,39,84,0.464,6,20,0.3,12,18,0.667,8,25,33,25,10.0,7,4,8,21,19,96,-17.0,1,52,52,52,7,27,26,41,41,18,65,79,68,75,80,76,87,20,6,56,70,73,34,51,49,88,1.0
2012-13,1610612762,UTA,Utah Jazz,0021201106,2013-04-01T00:00:00,UTA vs. POR,W,48.0,45,83,0.542,9,22,0.409,13,18,0.722,10,22,32,26,6.0,7,3,2,17,17,112,10.0,1,1,1,1,7,3,30,4,12,12,37,70,68,58,57,86,89,16,2,56,81,4,9,77,12,20,1.0
2012-13,1610612762,UTA,Utah Jazz,0021201091,2013-03-30T00:00:00,UTA vs. BKN,W,48.0,45,81,0.556,10,17,0.588,16,24,0.667,10,25,35,27,10.0,14,6,11,18,19,116,9.0,1,1,1,1,7,3,46,3,7,36,3,50,41,75,57,76,81,12,6,4,39,88,16,51,4,23,1.0
2012-13,1610612762,UTA,Utah Jazz,0021201084,2013-03-29T00:00:00,UTA @ POR,W,48.0,43,86,0.5,4,19,0.211,15,18,0.833,13,29,42,25,10.0,12,4,3,23,18,105,10.0,1,1,1,1,7,11,20,18,64,23,84,59,68,19,33,49,40,20,6,12,70,9,59,62,23,20,1.0
2012-13,1610612762,UTA,Utah Jazz,0021201068,2013-03-27T00:00:00,UTA vs. PHX,W,48.0,44,85,0.518,6,15,0.4,9,13,0.692,12,34,46,30,16.0,10,6,4,17,18,103,15.0,1,1,1,1,7,8,22,13,41,51,38,87,87,69,42,20,26,2,51,26,39,24,9,62,29,9,1.0
2012-13,1610612762,UTA,Utah Jazz,0021201052,2013-03-25T00:00:00,UTA vs. PHI,W,48.0,41,84,0.488,7,14,0.5,18,21,0.857,14,32,46,22,16.0,7,10,5,23,18,107,16.0,1,1,1,1,7,19,26,27,31,63,12,41,56,13,26,29,26,50,51,56,9,33,59,62,19,6,1.0
2012-13,1610612762,UTA,Utah Jazz,0021201045,2013-03-24T00:00:00,UTA @ DAL,L,48.0,42,82,0.512,7,17,0.412,17,21,0.81,12,26,38,23,19.0,10,3,7,24,18,108,-5.0,1,52,52,52,7,13,39,14,31,36,36,46,56,31,42,72,61,38,81,26,81,59,70,62,17,63,1.0
2012-13,1610612762,UTA,Utah Jazz,0021201030,2013-03-22T00:00:00,UTA @ SAS,L,53.0,41,96,0.427,8,17,0.471,7,12,0.583,11,37,48,23,17.0,11,9,10,27,17,97,-7.0,1,52,52,52,2,19,2,63,20,36,18,91,89,91,48,11,15,38,61,16,11,81,88,77,42,68,1.0
2012-13,1610612762,UTA,Utah Jazz,0021201014,2013-03-20T00:00:00,UTA @ HOU,L,48.0,36,79,0.456,5,17,0.294,16,20,0.8,5,31,36,19,14.0,9,5,4,22,23,93,-7.0,1,52,52,52,7,50,60,45,50,36,68,50,61,32,93,36,76,68,30,35,60,24,43,24,61,68,1.0
2012-13,1610612762,UTA,Utah Jazz,0021201003,2013-03-18T00:00:00,UTA vs. NYK,L,48.0,29,76,0.382,9,19,0.474,16,24,0.667,19,27,46,17,17.0,10,5,5,23,21,83,-7.0,1,52,52,52,7,90,77,88,12,23,16,50,41,75,6,63,26,83,61,26,60,33,59,39,86,68,0.0
2012-13,1610612762,UTA,Utah Jazz,0021200983,2013-03-16T00:00:00,UTA vs. MEM,W,48.0,31,71,0.437,5,16,0.313,23,31,0.742,7,31,38,18,6.0,7,4,6,21,22,90,6.0,1,1,1,1,7,79,86,58,50,44,60,20,18,49,85,36,61,76,2,56,70,48,34,29,68,35,1.0
2012-13,1610612762,UTA,Utah Jazz,0021200962,2013-03-13T00:00:00,UTA @ OKC,L,48.0,28,80,0.35,5,15,0.333,26,33,0.788,13,22,35,21,20.0,13,6,7,25,27,87,-23.0,1,52,52,52,7,91,57,94,50,51,52,11,13,37,33,86,81,53,87,8,39,59,76,7,73,93,1.0
2012-13,1610612762,UTA,Utah Jazz,0021200945,2013-03-11T00:00:00,UTA vs. DET,W,48.0,42,81,0.519,6,16,0.375,13,15,0.867,11,36,47,26,11.0,5,9,5,14,15,103,13.0,1,1,1,1,7,13,46,11,41,44,44,70,83,11,48,14,20,16,12,82,11,33,2,90,29,13,1.0
2012-13,1610612762,UTA,Utah Jazz,0021200928,2013-03-09T00:00:00,UTA @ NYK,L,48.0,30,78,0.385,8,26,0.308,16,21,0.762,11,29,40,13,20.0,4,2,3,23,19,84,-29.0,1,52,52,52,7,85,64,87,20,2,62,50,56,44,48,49,48,93,87,88,89,9,59,51,80,94,1.0
2012-13,1610612762,UTA,Utah Jazz,0021200922,2013-03-08T00:00:00,UTA @ CHI,L,48.0,37,81,0.457,2,10,0.2,12,18,0.667,17,29,46,18,14.0,6,11,1,22,16,88,-1.0,1,52,52,52,7,44,46,44,85,83,85,79,68,75,10,49,26,76,30,73,4,2,43,84,72,52,1.0
2012-13,1610612762,UTA,Utah Jazz,0021200900,2013-03-06T00:00:00,UTA @ CLE,L,48.0,38,87,0.437,9,19,0.474,16,19,0.842,8,30,38,26,15.0,7,11,12,23,18,101,-3.0,1,52,52,52,7,34,15,56,12,23,16,50,63,17,80,42,61,16,40,56,4,90,59,62,32,58,1.0
2012-13,1610612762,UTA,Utah Jazz,0021200890,2013-03-04T00:00:00,UTA @ MIL,L,53.0,40,99,0.404,4,13,0.308,24,31,0.774,23,36,59,18,21.0,14,2,10,17,23,108,-1.0,1,52,52,52,2,22,1,78,64,68,62,17,18,42,2,14,4,76,91,4,89,81,9,24,17,52,1.0
2012-13,1610612762,UTA,Utah Jazz,0021200873,2013-03-01T00:00:00,UTA vs. CHA,W,48.0,38,78,0.487,5,16,0.313,17,23,0.739,20,42,62,23,23.0,8,8,6,20,20,98,30.0,1,1,1,1,7,34,64,30,50,44,60,46,48,50,4,1,1,38,94,44,17,48,30,44,40,3,1.0
2012-13,1610612762,UTA,Utah Jazz,0021200859,2013-02-27T00:00:00,UTA vs. ATL,L,48.0,37,83,0.446,4,15,0.267,13,23,0.565,15,32,47,17,13.0,5,5,5,23,20,91,-11.0,1,52,52,52,7,44,30,49,64,51,75,70,48,93,19,29,20,83,22,82,60,33,59,44,66,76,1.0
2012-13,1610612762,UTA,Utah Jazz,0021200842,2013-02-25T00:00:00,UTA vs. BOS,L,53.0,39,88,0.443,8,17,0.471,21,24,0.875,15,29,44,23,15.0,6,6,5,19,24,107,-3.0,1,52,52,52,2,27,13,54,20,36,18,28,41,10,19,49,33,38,40,73,39,33,24,17,19,58,1.0
2012-13,1610612762,UTA,Utah Jazz,0021200829,2013-02-23T00:00:00,UTA @ LAC,L,48.0,35,84,0.417,1,15,0.067,23,28,0.821,12,27,39,25,16.0,8,6,2,21,24,94,-13.0,1,52,52,52,7,61,26,69,91,51,95,20,22,22,42,63,57,20,51,44,39,4,34,17,56,82,1.0
2012-13,1610612762,UTA,Utah Jazz,0021200795,2013-02-19T00:00:00,UTA vs. GSW,W,48.0,39,78,0.5,10,21,0.476,27,33,0.818,8,27,35,23,11.0,8,8,3,23,22,115,14.0,1,1,1,1,7,27,64,18,7,16,15,9,13,23,80,63,81,38,12,44,17,9,59,29,6,11,1.0
2012-13,1610612762,UTA,Utah Jazz,0021200784,2013-02-13T00:00:00,UTA @ MIN,W,48.0,38,87,0.437,2,11,0.182,19,25,0.76,13,40,53,20,14.0,7,9,3,22,19,97,4.0,1,1,1,1,7,34,15,56,85,77,88,34,37,45,33,6,6,60,30,56,11,9,43,51,42,41,1.0
2012-13,1610612762,UTA,Utah Jazz,0021200772,2013-02-12T00:00:00,UTA vs. OKC,W,48.0,42,87,0.483,7,19,0.368,18,22,0.818,16,22,38,25,18.0,14,3,13,21,16,109,15.0,1,1,1,1,7,13,15,33,31,23,46,41,52,23,15,86,61,20,71,4,81,94,34,84,14,9,1.0
2012-13,1610612762,UTA,Utah Jazz,0021200751,2013-02-09T00:00:00,UTA @ SAC,L,48.0,40,82,0.488,4,15,0.267,25,26,0.962,11,28,39,23,18.0,8,7,6,27,24,109,-11.0,1,52,52,52,7,22,39,29,64,51,75,14,32,1,48,56,57,38,71,44,30,48,88,17,14,76,1.0
2012-13,1610612762,UTA,Utah Jazz,0021200746,2013-02-08T00:00:00,UTA vs. CHI,L,48.0,37,78,0.474,4,16,0.25,11,17,0.647,13,24,37,21,12.0,4,10,2,22,16,89,-4.0,1,52,52,52,7,44,64,37,64,44,78,82,76,86,33,81,72,53,17,88,9,4,43,84,70,62,1.0
2012-13,1610612762,UTA,Utah Jazz,0021200732,2013-02-06T00:00:00,UTA vs. MIL,W,48.0,39,81,0.481,5,10,0.5,17,26,0.654,17,33,50,23,19.0,9,12,9,23,21,100,14.0,1,1,1,1,7,27,46,34,50,83,12,46,32,84,10,25,11,38,81,35,1,78,59,39,33,11,0.0
2012-13,1610612762,UTA,Utah Jazz,0021200714,2013-02-04T00:00:00,UTA vs. SAC,W,53.0,38,72,0.528,7,12,0.583,15,18,0.833,5,36,41,25,22.0,8,8,4,19,21,98,7.0,1,1,1,1,2,34,84,10,31,72,4,59,68,19,93,14,43,20,92,44,17,24,24,39,40,27,1.0
2012-13,1610612762,UTA,Utah Jazz,0021200703,2013-02-02T00:00:00,UTA @ POR,L,48.0,39,90,0.433,8,19,0.421,13,16,0.813,10,27,37,24,5.0,9,2,6,22,17,99,-6.0,1,52,52,52,7,27,8,61,20,23,33,70,80,28,57,63,72,30,1,35,89,48,43,77,36,65,1.0
2012-13,1610612762,UTA,Utah Jazz,0021200693,2013-02-01T00:00:00,UTA vs. POR,W,48.0,35,81,0.432,4,15,0.267,12,17,0.706,9,38,47,19,13.0,7,7,8,21,22,86,9.0,1,1,1,1,7,61,46,62,64,51,75,79,76,65,68,8,20,68,22,56,30,73,34,29,77,23,1.0
2012-13,1610612762,UTA,Utah Jazz,0021200680,2013-01-30T00:00:00,UTA vs. NOH,W,48.0,34,68,0.5,4,12,0.333,32,46,0.696,7,33,40,24,13.0,6,5,7,24,32,104,5.0,1,1,1,1,7,64,90,18,64,72,52,3,1,68,85,25,48,30,22,73,60,59,70,1,25,40,1.0
2012-13,1610612762,UTA,Utah Jazz,0021200665,2013-01-28T00:00:00,UTA vs. HOU,L,48.0,32,81,0.395,5,18,0.278,11,19,0.579,14,25,39,19,16.0,2,9,4,19,18,80,-45.0,1,52,52,52,7,72,46,83,50,31,72,82,63,92,26,76,57,68,51,95,11,24,24,62,89,95,1.0
2012-13,1610612762,UTA,Utah Jazz,0021200650,2013-01-26T00:00:00,UTA vs. IND,W,53.0,44,83,0.53,3,10,0.3,23,26,0.885,9,19,28,28,14.0,17,6,5,18,24,114,4.0,1,1,1,1,2,8,30,9,76,83,65,20,32,6,68,92,95,10,30,2,39,33,16,17,7,41,1.0
2012-13,1610612762,UTA,Utah Jazz,0021200641,2013-01-25T00:00:00,UTA @ LAL,L,48.0,34,81,0.42,3,14,0.214,13,16,0.813,9,21,30,16,10.0,14,4,3,14,14,84,-18.0,1,52,52,52,7,64,46,66,76,63,83,70,80,28,68,90,93,88,6,4,70,9,2,93,80,89,1.0
2012-13,1610612762,UTA,Utah Jazz,0021200625,2013-01-23T00:00:00,UTA vs. WAS,W,48.0,38,85,0.447,3,12,0.25,13,19,0.684,9,42,51,24,14.0,8,7,7,18,19,92,4.0,1,1,1,1,7,34,22,48,76,72,78,70,63,71,68,1,9,30,30,44,30,59,16,51,64,41,1.0
2012-13,1610612762,UTA,Utah Jazz,0021200598,2013-01-19T00:00:00,UTA vs. CLE,W,48.0,45,90,0.5,6,16,0.375,13,17,0.765,15,31,46,30,9.0,7,5,6,24,18,109,11.0,1,1,1,1,7,3,8,18,41,44,44,70,76,43,19,36,26,2,4,56,60,48,70,62,14,18,1.0
2012-13,1610612762,UTA,Utah Jazz,0021200561,2013-01-14T00:00:00,UTA vs. MIA,W,48.0,36,76,0.474,8,18,0.444,24,28,0.857,13,27,40,25,16.0,9,2,4,20,24,104,7.0,1,1,1,1,7,50,77,38,20,31,23,17,22,13,33,63,48,20,51,35,89,24,30,17,25,27,1.0
2012-13,1610612762,UTA,Utah Jazz,0021200545,2013-01-12T00:00:00,UTA @ DET,W,48.0,36,71,0.507,5,10,0.5,13,18,0.722,9,23,32,21,16.0,12,3,6,22,22,90,3.0,1,1,1,1,7,50,86,16,50,83,12,70,68,58,68,83,89,53,51,12,81,48,43,29,68,47,1.0
2012-13,1610612762,UTA,Utah Jazz,0021200533,2013-01-11T00:00:00,UTA @ ATL,L,48.0,36,76,0.474,8,20,0.4,15,19,0.789,7,28,35,29,17.0,9,4,5,22,18,95,-8.0,1,52,52,52,7,50,77,38,20,18,38,59,63,36,85,56,81,7,61,35,70,33,43,62,53,71,1.0
2012-13,1610612762,UTA,Utah Jazz,0021200517,2013-01-09T00:00:00,UTA @ CHA,W,48.0,44,82,0.537,10,22,0.455,14,21,0.667,10,31,41,30,17.0,8,11,7,22,20,112,10.0,1,1,1,1,7,8,39,6,7,12,21,68,56,75,57,36,43,2,61,44,4,59,43,44,12,20,1.0
2012-13,1610612762,UTA,Utah Jazz,0021200508,2013-01-07T00:00:00,UTA vs. DAL,W,48.0,31,78,0.397,10,19,0.526,28,36,0.778,10,37,47,20,10.0,7,8,5,22,26,100,6.0,1,1,1,1,7,79,64,82,7,23,11,6,7,39,57,11,20,60,6,56,17,33,43,10,33,35,1.0
2012-13,1610612762,UTA,Utah Jazz,0021200497,2013-01-05T00:00:00,UTA @ DEN,L,48.0,28,78,0.359,9,25,0.36,26,35,0.743,14,27,41,20,19.0,16,6,7,28,22,91,-19.0,1,52,52,52,7,91,64,93,12,5,50,11,9,48,26,63,43,60,81,3,39,59,91,29,66,90,1.0
2012-13,1610612762,UTA,Utah Jazz,0021200487,2013-01-04T00:00:00,UTA @ PHX,W,48.0,40,89,0.449,1,9,0.111,6,9,0.667,9,29,38,27,12.0,11,3,10,16,18,87,7.0,1,1,1,1,7,22,11,47,91,89,93,92,94,75,68,49,61,12,17,16,81,81,6,62,73,27,1.0
2012-13,1610612762,UTA,Utah Jazz,0021200473,2013-01-02T00:00:00,UTA vs. MIN,W,48.0,43,87,0.494,4,12,0.333,16,19,0.842,15,34,49,25,13.0,7,12,12,26,18,106,22.0,1,1,1,1,7,11,15,24,64,72,52,50,63,17,19,20,13,20,22,56,1,90,81,62,22,4,1.0
2012-13,1610612762,UTA,Utah Jazz,0021200451,2012-12-30T00:00:00,UTA @ LAC,L,48.0,33,80,0.413,5,13,0.385,25,34,0.735,10,28,38,29,16.0,9,6,10,24,26,96,-11.0,1,52,52,52,7,68,57,72,50,68,42,14,11,53,57,56,61,7,51,35,39,81,70,10,49,76,1.0
2012-13,1610612762,UTA,Utah Jazz,0021200433,2012-12-28T00:00:00,UTA vs. LAC,L,48.0,34,71,0.479,9,15,0.6,37,40,0.925,9,27,36,20,17.0,7,7,0,32,29,114,-2.0,1,52,52,52,7,64,86,36,12,51,2,1,4,2,68,63,76,60,61,56,30,1,94,4,7,55,1.0
2012-13,1610612762,UTA,Utah Jazz,0021200420,2012-12-26T00:00:00,UTA vs. GSW,L,48.0,32,83,0.386,4,17,0.235,15,22,0.682,9,35,44,17,15.0,5,2,6,17,18,83,-11.0,1,52,52,52,7,72,30,86,64,36,81,59,52,72,68,18,33,83,40,82,89,48,9,62,86,76,1.0
2012-13,1610612762,UTA,Utah Jazz,0021200401,2012-12-23T00:00:00,UTA @ ORL,W,48.0,36,83,0.434,7,18,0.389,18,25,0.72,13,23,36,21,12.0,6,3,3,17,22,97,4.0,1,1,1,1,7,50,30,59,31,31,41,41,37,60,33,83,76,53,17,73,81,9,9,29,42,41,1.0
2012-13,1610612762,UTA,Utah Jazz,0021200392,2012-12-22T00:00:00,UTA @ MIA,L,48.0,30,73,0.411,7,16,0.438,22,26,0.846,11,27,38,18,20.0,10,2,5,18,19,89,-16.0,1,52,52,52,7,85,82,74,31,44,27,24,32,16,48,63,61,76,87,26,89,33,16,51,70,86,1.0
2012-13,1610612762,UTA,Utah Jazz,0021200369,2012-12-19T00:00:00,UTA @ IND,L,48.0,32,86,0.372,2,15,0.133,18,25,0.72,16,32,48,19,18.0,4,6,8,23,26,84,-20.0,1,52,52,52,7,72,20,91,85,51,91,41,37,60,15,29,15,68,71,88,39,73,59,10,80,91,1.0
2012-13,1610612762,UTA,Utah Jazz,0021200358,2012-12-18T00:00:00,UTA @ BKN,W,48.0,37,83,0.446,5,20,0.25,13,16,0.813,18,30,48,23,15.0,5,8,3,24,19,92,2.0,1,1,1,1,7,44,30,49,50,18,78,70,80,28,7,42,15,38,40,82,17,9,70,51,64,49,1.0
2012-13,1610612762,UTA,Utah Jazz,0021200345,2012-12-15T00:00:00,UTA vs. MEM,L,48.0,31,74,0.419,5,17,0.294,19,24,0.792,7,28,35,20,15.0,7,4,4,20,16,86,-13.0,1,52,52,52,7,79,80,68,50,36,68,34,41,34,85,56,81,60,40,56,70,24,30,84,77,82,1.0
2012-13,1610612762,UTA,Utah Jazz,0021200334,2012-12-14T00:00:00,UTA @ PHX,L,48.0,33,82,0.402,3,11,0.273,15,21,0.714,15,32,47,19,16.0,11,8,9,17,16,84,-15.0,1,52,52,52,7,68,39,79,76,77,73,59,56,63,19,29,20,68,51,16,17,78,9,84,80,85,1.0
2012-13,1610612762,UTA,Utah Jazz,0021200321,2012-12-12T00:00:00,UTA vs. SAS,W,48.0,41,84,0.488,8,19,0.421,9,15,0.6,7,33,40,27,14.0,7,6,10,16,15,99,3.0,1,1,1,1,7,19,26,27,20,23,33,87,83,90,85,25,48,12,30,56,39,81,6,90,36,47,0.0
2012-13,1610612762,UTA,Utah Jazz,0021200297,2012-12-09T00:00:00,UTA @ LAL,W,48.0,45,83,0.542,6,18,0.333,21,27,0.778,16,24,40,26,9.0,9,7,7,22,21,117,7.0,1,1,1,1,7,3,30,4,41,31,52,28,28,39,15,81,48,16,4,35,30,59,43,39,3,27,1.0
2012-13,1610612762,UTA,Utah Jazz,0021200279,2012-12-07T00:00:00,UTA vs. TOR,W,48.0,45,91,0.495,13,23,0.565,28,35,0.8,15,36,51,31,11.0,10,8,7,26,28,131,32.0,1,1,1,1,7,3,7,23,2,9,5,6,9,32,19,14,9,1,12,26,17,59,81,6,2,2,1.0
2012-13,1610612762,UTA,Utah Jazz,0021200265,2012-12-05T00:00:00,UTA vs. ORL,W,48.0,32,77,0.416,1,10,0.1,22,27,0.815,8,30,38,17,13.0,13,4,7,16,20,87,6.0,1,1,1,1,7,72,73,70,91,83,94,24,28,27,80,42,61,83,22,8,70,59,6,44,73,35,1.0
2012-13,1610612762,UTA,Utah Jazz,0021200249,2012-12-03T00:00:00,UTA vs. LAC,L,48.0,42,74,0.568,9,20,0.45,11,15,0.733,9,32,41,25,17.0,6,5,3,26,14,104,-1.0,1,52,52,52,7,13,80,2,12,18,22,82,83,55,68,29,43,20,61,73,60,9,81,93,25,52,1.0
2012-13,1610612762,UTA,Utah Jazz,0021200237,2012-12-01T00:00:00,UTA @ HOU,L,48.0,48,94,0.511,11,20,0.55,9,11,0.818,12,26,38,25,15.0,8,6,7,22,17,116,-8.0,1,52,52,52,7,1,3,15,3,18,7,87,92,23,42,72,61,20,40,44,39,59,43,77,4,71,1.0
2012-13,1610612762,UTA,Utah Jazz,0021200229,2012-11-30T00:00:00,UTA @ OKC,L,48.0,38,92,0.413,7,23,0.304,11,12,0.917,21,19,40,24,19.0,9,8,14,21,19,94,-12.0,1,52,52,52,7,34,5,71,31,9,64,82,89,3,3,92,48,30,81,35,17,95,34,51,56,81,1.0
2012-13,1610612762,UTA,Utah Jazz,0021200217,2012-11-28T00:00:00,UTA @ NOH,W,48.0,31,63,0.492,6,11,0.545,28,38,0.737,6,33,39,24,16.0,11,4,1,25,27,96,12.0,1,1,1,1,7,79,93,26,41,77,8,6,5,52,90,25,57,30,51,16,70,2,76,7,49,16,1.0
2012-13,1610612762,UTA,Utah Jazz,0021200202,2012-11-26T00:00:00,UTA vs. DEN,W,48.0,36,78,0.462,8,22,0.364,25,34,0.735,13,18,31,19,14.0,9,6,5,30,26,105,2.0,1,1,1,1,7,50,64,42,20,12,47,14,11,53,33,94,92,68,30,35,39,33,92,10,23,49,1.0
2012-13,1610612762,UTA,Utah Jazz,0021200189,2012-11-24T00:00:00,UTA @ SAC,L,48.0,32,79,0.405,11,25,0.44,22,30,0.733,17,21,38,23,18.0,11,4,2,26,20,97,-11.0,1,52,52,52,7,72,60,77,3,5,25,24,21,55,10,90,61,38,71,16,70,4,81,44,42,76,1.0
2012-13,1610612762,UTA,Utah Jazz,0021200180,2012-11-23T00:00:00,UTA vs. SAC,W,48.0,36,83,0.434,3,15,0.2,29,33,0.879,17,26,43,27,11.0,7,6,3,22,23,104,2.0,1,1,1,1,7,50,30,59,76,51,85,5,13,9,10,72,37,12,12,56,39,9,43,24,25,49,1.0
2012-13,1610612762,UTA,Utah Jazz,0021200153,2012-11-19T00:00:00,UTA vs. HOU,W,48.0,37,92,0.402,9,21,0.429,19,23,0.826,14,41,55,30,14.0,4,11,9,23,22,102,11.0,1,1,1,1,7,44,5,81,12,16,28,34,48,21,26,4,5,2,30,88,4,78,59,29,31,18,1.0
2012-13,1610612762,UTA,Utah Jazz,0021200133,2012-11-17T00:00:00,UTA @ WAS,W,48.0,31,82,0.378,2,9,0.222,19,27,0.704,26,34,60,18,19.0,7,6,6,13,20,83,7.0,1,1,1,1,7,79,39,89,85,89,82,34,28,66,1,20,3,76,81,56,39,48,1,44,86,27,1.0
2012-13,1610612762,UTA,Utah Jazz,0021200122,2012-11-16T00:00:00,UTA @ PHI,L,48.0,36,81,0.444,7,22,0.318,14,18,0.778,10,30,40,23,11.0,8,6,7,15,19,93,-6.0,1,52,52,52,7,50,46,52,31,12,58,68,68,39,57,42,48,38,12,44,39,59,5,51,61,65,1.0
2012-13,1610612762,UTA,Utah Jazz,0021200110,2012-11-14T00:00:00,UTA @ BOS,L,48.0,33,82,0.402,7,15,0.467,20,28,0.714,18,30,48,18,13.0,3,6,4,19,17,93,-5.0,1,52,52,52,7,68,39,79,31,51,20,32,22,63,7,42,15,76,22,92,39,24,24,77,61,63,1.0
2012-13,1610612762,UTA,Utah Jazz,0021200095,2012-11-12T00:00:00,UTA @ TOR,W,63.0,46,93,0.495,14,26,0.538,34,43,0.791,11,35,46,30,18.0,10,11,5,26,31,140,7.0,1,1,1,1,1,2,4,22,1,2,9,2,2,35,48,18,26,2,71,26,4,33,81,3,1,27,1.0
2012-13,1610612762,UTA,Utah Jazz,0021200087,2012-11-10T00:00:00,UTA vs. PHX,W,48.0,38,78,0.487,2,14,0.143,16,24,0.667,10,42,52,22,18.0,3,7,4,18,25,94,13.0,1,1,1,1,7,34,64,30,85,63,90,50,41,75,57,1,8,50,71,92,30,24,16,16,56,13,1.0
2012-13,1610612762,UTA,Utah Jazz,0021200079,2012-11-09T00:00:00,UTA @ DEN,L,48.0,32,87,0.368,4,23,0.174,16,22,0.727,14,31,45,19,18.0,5,12,12,21,17,84,-20.0,1,52,52,52,7,72,15,92,64,9,89,50,52,57,26,36,32,68,71,82,1,90,34,77,80,91,0.0
2012-13,1610612762,UTA,Utah Jazz,0021200062,2012-11-07T00:00:00,UTA vs. LAL,W,48.0,37,83,0.446,5,17,0.294,16,18,0.889,9,28,37,21,12.0,12,7,3,30,14,95,9.0,1,1,1,1,7,44,30,49,50,36,68,50,68,5,68,56,72,53,17,12,30,9,92,93,53,23,1.0
2012-13,1610612762,UTA,Utah Jazz,0021200045,2012-11-05T00:00:00,UTA @ MEM,L,48.0,40,90,0.444,5,15,0.333,9,13,0.692,11,31,42,20,15.0,8,8,10,22,17,94,-9.0,1,52,52,52,7,22,8,52,50,51,52,87,87,69,48,36,40,60,40,44,17,81,43,77,56,73,1.0
2012-13,1610612762,UTA,Utah Jazz,0021200035,2012-11-03T00:00:00,UTA @ SAS,L,48.0,38,77,0.494,5,13,0.385,19,22,0.864,9,23,32,17,17.0,11,7,6,22,18,100,-10.0,1,52,52,52,7,34,73,25,50,68,42,34,52,12,68,83,89,83,61,16,30,48,43,62,33,74,1.0
2012-13,1610612762,UTA,Utah Jazz,0021200021,2012-11-02T00:00:00,UTA @ NOH,L,48.0,35,85,0.412,10,28,0.357,6,12,0.5,16,28,44,19,15.0,7,6,4,21,16,86,-2.0,1,52,52,52,7,61,22,73,7,1,51,92,89,95,15,56,33,68,40,56,39,24,34,84,77,55,1.0
2012-13,1610612762,UTA,Utah Jazz,0021200009,2012-10-31T00:00:00,UTA vs. DAL,W,48.0,38,89,0.427,6,14,0.429,31,42,0.738,20,41,61,24,14.0,10,8,5,25,32,113,19.0,1,1,1,1,7,34,11,64,41,63,28,4,3,51,4,4,2,30,30,26,17,33,76,1,11,5,1.0
2012-13,1610612762,UTA,Utah Jazz,0011200107,2012-10-25T00:00:00,UTA vs. POR,W,48.0,38,79,0.481,2,5,0.4,19,28,0.679,11,29,40,23,17.0,18,5,7,23,24,97,6.0,1,1,1,1,7,34,60,35,85,94,38,34,22,73,48,49,48,38,61,1,60,59,59,17,42,35,
2012-13,1610612762,UTA,Utah Jazz,0011200091,2012-10-22T00:00:00,UTA @ POR,L,48.0,42,81,0.519,6,19,0.316,24,36,0.667,14,22,36,24,22.0,11,3,3,26,29,114,-6.0,1,52,52,52,7,13,46,11,41,23,59,17,7,75,26,86,76,30,92,16,81,9,81,4,7,65,
2012-13,1610612762,UTA,Utah Jazz,0011200080,2012-10-20T00:00:00,UTA vs. LAC,W,48.0,36,85,0.424,8,15,0.533,19,28,0.679,18,32,50,24,19.0,13,4,11,24,23,99,8.0,1,1,1,1,7,50,22,65,20,51,10,34,22,73,7,29,11,30,81,8,70,88,70,24,36,26,
2012-13,1610612762,UTA,Utah Jazz,0011200066,2012-10-17T00:00:00,UTA @ LAC,L,48.0,33,81,0.407,8,18,0.444,20,31,0.645,14,34,48,20,17.0,3,9,12,27,21,94,-2.0,1,52,52,52,7,68,46,75,20,31,23,32,18,87,26,20,15,60,61,92,11,90,88,39,56,55,
2012-13,1610612762,UTA,Utah Jazz,0011200057,2012-10-16T00:00:00,UTA @ LAL,W,48.0,39,73,0.534,9,16,0.563,27,33,0.818,10,34,44,25,15.0,12,7,5,20,22,114,34.0,1,1,1,1,7,27,82,7,12,44,6,9,13,23,57,20,33,20,40,12,30,33,30,29,7,1,
2012-13,1610612762,UTA,Utah Jazz,0011200042,2012-10-13T00:00:00,UTA @ LAL,W,48.0,36,82,0.439,4,11,0.364,23,32,0.719,10,39,49,21,13.0,11,9,8,25,26,99,13.0,1,1,1,1,7,50,39,55,64,77,47,20,17,62,57,7,13,53,22,16,11,73,76,10,36,13,
2012-13,1610612762,UTA,Utah Jazz,0011200034,2012-10-12T00:00:00,UTA vs. OKC,W,48.0,34,81,0.42,3,9,0.333,26,37,0.703,15,38,53,16,15.0,13,8,6,22,27,97,16.0,1,1,1,1,7,64,46,66,76,89,52,11,6,67,19,8,6,88,40,8,17,48,43,7,42,6,
2012-13,1610612762,UTA,Utah Jazz,0011200013,2012-10-08T00:00:00,UTA @ GSW,L,48.0,30,80,0.375,5,12,0.417,15,20,0.75,11,32,43,20,18.0,6,6,10,17,19,80,-3.0,1,52,52,52,7,85,57,90,50,72,35,59,61,46,48,29,37,60,71,73,39,81,9,51,89,58,
2012-13,1610612763,MEM,Memphis Grizzlies,0041200314,2013-05-27T00:00:00,MEM vs. SAS,L,48.0,32,86,0.372,5,14,0.357,17,24,0.708,16,25,41,19,13.0,7,5,8,22,25,86,-7.0,1,71,71,71,9,86,24,98,43,46,50,52,42,78,21,89,63,63,45,70,45,86,55,20,85,89,1.0
2012-13,1610612763,MEM,Memphis Grizzlies,0041200313,2013-05-25T00:00:00,MEM vs. SAS,L,53.0,38,97,0.392,7,20,0.35,10,18,0.556,19,29,48,18,10.0,10,6,7,24,21,93,-11.0,1,71,71,71,1,26,3,88,17,12,55,98,82,109,6,57,20,73,15,19,29,75,82,54,52,100,1.0
2012-13,1610612763,MEM,Memphis Grizzlies,0041200312,2013-05-21T00:00:00,MEM @ SAS,L,53.0,33,97,0.34,5,17,0.294,18,26,0.692,19,41,60,19,12.0,9,6,12,22,23,89,-4.0,1,71,71,71,1,75,3,109,43,25,78,44,35,85,6,1,1,63,31,36,29,109,55,32,74,78,0.0
2012-13,1610612763,MEM,Memphis Grizzlies,0041200311,2013-05-19T00:00:00,MEM @ SAS,L,48.0,32,74,0.432,5,12,0.417,14,20,0.7,10,25,35,20,12.0,5,6,4,17,18,83,-22.0,1,71,71,71,9,86,90,64,43,68,25,74,66,81,77,89,93,56,31,97,29,24,18,78,94,108,1.0
2012-13,1610612763,MEM,Memphis Grizzlies,0041200225,2013-05-15T00:00:00,MEM @ OKC,W,48.0,30,81,0.37,3,14,0.214,25,29,0.862,8,38,46,18,10.0,8,4,6,17,25,88,4.0,1,1,1,1,9,99,53,100,79,46,95,11,18,15,92,4,31,73,15,51,61,62,18,20,78,60,1.0
2012-13,1610612763,MEM,Memphis Grizzlies,0041200224,2013-05-13T00:00:00,MEM vs. OKC,W,53.0,36,89,0.404,6,17,0.353,25,29,0.862,13,28,41,18,7.0,8,7,10,23,30,103,6.0,1,1,1,1,1,44,13,83,23,25,53,11,18,15,46,67,63,73,1,51,17,102,73,4,21,49,1.0
2012-13,1610612763,MEM,Memphis Grizzlies,0041200223,2013-05-11T00:00:00,MEM vs. OKC,W,48.0,30,74,0.405,4,14,0.286,23,28,0.821,5,39,44,16,12.0,5,6,4,19,23,87,6.0,1,1,1,1,9,99,90,80,55,46,80,18,25,33,107,2,42,86,31,97,29,24,33,32,82,49,1.0
2012-13,1610612763,MEM,Memphis Grizzlies,0041200222,2013-05-07T00:00:00,MEM @ OKC,W,48.0,36,86,0.419,4,15,0.267,23,32,0.719,16,27,43,22,11.0,13,2,7,23,26,99,6.0,1,1,1,1,9,44,24,72,55,41,86,18,12,75,21,79,51,39,21,6,100,75,73,14,34,49,1.0
2012-13,1610612763,MEM,Memphis Grizzlies,0041200221,2013-05-05T00:00:00,MEM @ OKC,L,48.0,35,82,0.427,7,19,0.368,14,24,0.583,8,33,41,13,12.0,5,2,6,22,22,91,-2.0,1,71,71,71,9,56,48,68,17,16,43,74,42,106,92,29,63,105,31,97,100,62,55,42,63,72,1.0
2012-13,1610612763,MEM,Memphis Grizzlies,0041200176,2013-05-03T00:00:00,MEM vs. LAC,W,48.0,36,71,0.507,8,19,0.421,38,47,0.809,6,28,34,27,12.0,7,3,0,26,33,118,13.0,1,1,1,1,9,44,99,16,10,16,24,1,1,37,105,67,99,11,31,70,82,1,100,2,1,18,0.0
2012-13,1610612763,MEM,Memphis Grizzlies,0041200175,2013-04-30T00:00:00,MEM @ LAC,W,48.0,37,85,0.435,3,10,0.3,26,33,0.788,14,28,42,19,7.0,7,7,5,25,23,103,10.0,1,1,1,1,9,37,31,63,79,89,75,9,11,53,38,67,58,63,1,70,17,44,93,32,21,29,1.0
2012-13,1610612763,MEM,Memphis Grizzlies,0041200174,2013-04-27T00:00:00,MEM vs. LAC,W,48.0,39,77,0.506,4,12,0.333,22,29,0.759,13,32,45,25,13.0,3,6,5,20,27,104,21.0,1,1,1,1,9,21,76,19,55,68,56,23,18,64,46,33,36,21,45,108,29,44,44,11,18,4,0.0
2012-13,1610612763,MEM,Memphis Grizzlies,0041200173,2013-04-25T00:00:00,MEM vs. LAC,W,48.0,31,80,0.388,4,16,0.25,28,38,0.737,17,28,45,18,10.0,11,3,10,22,29,94,12.0,1,1,1,1,9,95,57,90,55,33,89,5,4,70,15,67,36,73,15,12,82,102,55,5,45,22,1.0
2012-13,1610612763,MEM,Memphis Grizzlies,0041200172,2013-04-22T00:00:00,MEM @ LAC,L,48.0,33,73,0.452,2,11,0.182,23,34,0.676,8,30,38,16,13.0,8,5,10,21,27,91,-2.0,1,71,71,71,9,75,92,47,96,79,102,18,6,92,92,48,79,86,45,51,45,102,51,11,63,72,1.0
2012-13,1610612763,MEM,Memphis Grizzlies,0041200171,2013-04-20T00:00:00,MEM @ LAC,L,48.0,33,71,0.465,5,12,0.417,20,25,0.8,4,19,23,22,7.0,3,1,4,29,28,91,-21.0,1,71,71,71,9,75,99,38,43,68,25,30,37,38,110,109,109,39,1,108,107,24,110,7,63,105,0.0
2012-13,1610612763,MEM,Memphis Grizzlies,0021201223,2013-04-17T00:00:00,MEM vs. UTA,W,48.0,34,84,0.405,4,13,0.308,14,20,0.7,19,38,57,22,11.0,7,8,6,24,18,86,16.0,1,1,1,1,9,64,37,81,55,55,70,74,66,81,6,4,2,39,21,70,11,62,82,78,85,12,1.0
2012-13,1610612763,MEM,Memphis Grizzlies,0021201208,2013-04-15T00:00:00,MEM @ DAL,W,48.0,38,80,0.475,7,21,0.333,20,25,0.8,16,34,50,24,17.0,10,3,3,22,22,103,6.0,1,1,1,1,9,26,57,31,17,8,56,30,37,38,21,22,12,25,85,19,82,16,55,42,21,49,1.0
2012-13,1610612763,MEM,Memphis Grizzlies,0021201192,2013-04-13T00:00:00,MEM vs. LAC,L,48.0,34,83,0.41,6,13,0.462,13,20,0.65,12,31,43,19,11.0,6,5,8,20,20,87,-4.0,1,71,71,71,9,64,41,78,23,55,13,86,66,93,54,43,51,63,21,84,45,86,44,61,82,78,1.0
2012-13,1610612763,MEM,Memphis Grizzlies,0021201184,2013-04-12T00:00:00,MEM @ HOU,W,48.0,29,83,0.349,5,17,0.294,19,28,0.679,12,32,44,18,7.0,10,8,7,22,26,82,4.0,1,1,1,1,9,105,41,107,43,25,78,37,25,89,54,33,42,73,1,19,11,75,55,14,100,60,1.0
2012-13,1610612763,MEM,Memphis Grizzlies,0021201159,2013-04-09T00:00:00,MEM vs. CHA,W,48.0,39,82,0.476,3,13,0.231,13,20,0.65,12,36,48,17,7.0,6,7,6,16,17,94,19.0,1,1,1,1,9,21,48,30,79,55,93,86,66,93,54,12,20,80,1,84,17,62,10,84,45,6,0.0
2012-13,1610612763,MEM,Memphis Grizzlies,0021201149,2013-04-07T00:00:00,MEM @ SAC,W,48.0,32,73,0.438,3,7,0.429,22,29,0.759,8,37,45,17,16.0,9,12,4,25,24,89,2.0,1,1,1,1,9,86,92,60,79,104,22,23,18,64,92,10,36,80,74,36,1,24,93,28,74,68,1.0
2012-13,1610612763,MEM,Memphis Grizzlies,0021201137,2013-04-05T00:00:00,MEM @ LAL,L,48.0,38,86,0.442,3,14,0.214,5,7,0.714,8,28,36,24,8.0,12,4,2,16,17,84,-2.0,1,71,71,71,9,26,24,56,79,46,95,108,108,76,92,67,91,25,7,7,61,7,10,84,90,72,1.0
2012-13,1610612763,MEM,Memphis Grizzlies,0021201120,2013-04-03T00:00:00,MEM @ POR,W,48.0,34,67,0.507,4,12,0.333,22,28,0.786,7,30,37,27,12.0,10,4,2,18,22,94,18.0,1,1,1,1,9,64,108,15,55,68,56,23,25,54,99,48,83,11,31,19,61,7,28,42,45,7,1.0
2012-13,1610612763,MEM,Memphis Grizzlies,0021201103,2013-04-01T00:00:00,MEM vs. SAS,W,48.0,36,79,0.456,2,7,0.286,18,24,0.75,10,30,40,15,10.0,9,5,8,14,23,92,2.0,1,1,1,1,9,44,65,42,96,104,80,44,42,66,77,48,67,95,15,36,45,86,4,32,56,68,1.0
2012-13,1610612763,MEM,Memphis Grizzlies,0021201089,2013-03-30T00:00:00,MEM @ MIN,W,48.0,37,73,0.507,6,10,0.6,19,27,0.704,5,30,35,25,10.0,9,5,2,28,22,99,13.0,1,1,1,1,9,37,92,17,23,89,3,37,31,80,107,48,93,21,15,36,45,7,104,42,34,18,1.0
2012-13,1610612763,MEM,Memphis Grizzlies,0021201079,2013-03-29T00:00:00,MEM vs. HOU,W,48.0,40,79,0.506,4,11,0.364,19,21,0.905,13,29,42,24,14.0,8,4,5,19,26,103,9.0,1,1,1,1,9,15,65,20,55,79,45,37,60,6,46,57,58,25,57,51,61,44,33,14,21,37,1.0
2012-13,1610612763,MEM,Memphis Grizzlies,0021201061,2013-03-27T00:00:00,MEM @ NYK,L,48.0,33,70,0.471,6,21,0.286,29,35,0.829,10,24,34,14,17.0,6,2,2,24,25,101,-7.0,1,71,71,71,9,75,104,34,23,8,80,4,5,27,77,93,99,101,85,84,100,7,82,20,31,89,1.0
2012-13,1610612763,MEM,Memphis Grizzlies,0021201048,2013-03-25T00:00:00,MEM @ WAS,L,48.0,34,77,0.442,6,16,0.375,20,22,0.909,9,34,43,17,16.0,8,1,4,25,17,94,-13.0,1,71,71,71,9,64,76,58,23,33,37,30,52,5,84,22,51,80,74,51,107,24,93,84,45,102,1.0
2012-13,1610612763,MEM,Memphis Grizzlies,0021201036,2013-03-23T00:00:00,MEM vs. BOS,W,48.0,43,94,0.457,4,11,0.364,20,24,0.833,16,28,44,26,8.0,8,6,9,19,21,110,4.0,1,1,1,1,9,9,6,41,55,79,45,30,42,23,21,67,42,15,7,51,29,94,33,54,4,60,1.0
2012-13,1610612763,MEM,Memphis Grizzlies,0021201027,2013-03-22T00:00:00,MEM @ NOH,L,48.0,30,73,0.411,3,10,0.3,20,25,0.8,11,22,33,14,11.0,11,3,9,20,22,83,-7.0,1,71,71,71,9,99,92,76,79,89,75,30,37,38,66,98,102,101,21,12,82,94,44,42,94,89,1.0
2012-13,1610612763,MEM,Memphis Grizzlies,0021201012,2013-03-20T00:00:00,MEM vs. OKC,W,53.0,32,89,0.36,6,15,0.4,20,24,0.833,19,35,54,11,19.0,5,5,7,27,28,90,1.0,1,1,1,1,1,86,13,105,23,41,31,30,42,23,6,16,4,108,98,97,45,75,103,7,69,70,1.0
2012-13,1610612763,MEM,Memphis Grizzlies,0021201000,2013-03-18T00:00:00,MEM vs. MIN,W,48.0,40,82,0.488,5,16,0.313,7,11,0.636,11,38,49,19,13.0,6,10,4,21,12,92,15.0,1,1,1,1,9,15,48,23,43,33,69,105,102,95,66,4,15,63,45,84,4,24,51,108,56,15,1.0
2012-13,1610612763,MEM,Memphis Grizzlies,0021200983,2013-03-16T00:00:00,MEM @ UTA,L,48.0,33,77,0.429,4,12,0.333,14,22,0.636,11,31,42,14,12.0,4,6,4,22,21,84,-6.0,1,71,71,71,9,75,76,65,55,68,56,74,52,95,66,43,58,101,31,104,29,24,55,54,90,85,1.0
2012-13,1610612763,MEM,Memphis Grizzlies,0021200977,2013-03-15T00:00:00,MEM @ DEN,L,48.0,30,85,0.353,4,12,0.333,16,19,0.842,20,27,47,16,17.0,8,5,10,22,17,80,-7.0,1,71,71,71,9,99,31,106,55,68,56,60,76,22,4,79,27,86,85,51,45,102,55,84,104,89,1.0
2012-13,1610612763,MEM,Memphis Grizzlies,0021200965,2013-03-13T00:00:00,MEM @ LAC,W,48.0,37,68,0.544,6,12,0.5,16,21,0.762,10,21,31,20,13.0,8,3,4,25,22,96,11.0,1,1,1,1,9,37,107,5,23,68,9,60,60,63,77,101,108,56,45,51,82,24,93,42,40,25,1.0
2012-13,1610612763,MEM,Memphis Grizzlies,0021200955,2013-03-12T00:00:00,MEM @ POR,W,48.0,39,76,0.513,3,11,0.273,21,31,0.677,9,28,37,31,11.0,10,7,6,24,23,102,5.0,1,1,1,1,9,21,82,13,79,79,84,27,14,91,84,67,83,1,21,19,17,62,82,32,29,59,1.0
2012-13,1610612763,MEM,Memphis Grizzlies,0021200930,2013-03-09T00:00:00,MEM vs. NOH,W,48.0,38,81,0.469,4,13,0.308,16,20,0.8,14,29,43,21,10.0,7,11,1,16,19,96,11.0,1,1,1,1,9,26,53,37,55,55,70,60,66,38,38,57,51,48,15,70,2,3,10,66,40,25,1.0
2012-13,1610612763,MEM,Memphis Grizzlies,0021200920,2013-03-08T00:00:00,MEM @ CLE,W,48.0,45,86,0.523,4,11,0.364,9,11,0.818,9,28,37,30,14.0,10,6,7,15,17,103,11.0,1,1,1,1,9,3,24,10,55,79,45,101,102,35,84,67,83,3,57,19,29,75,5,84,21,25,1.0
2012-13,1610612763,MEM,Memphis Grizzlies,0021200905,2013-03-06T00:00:00,MEM vs. POR,W,48.0,38,87,0.437,4,12,0.333,11,18,0.611,16,36,52,20,9.0,5,6,4,22,18,91,6.0,1,1,1,1,9,26,23,61,55,68,56,95,82,99,21,12,5,56,13,97,29,24,55,78,63,49,1.0
2012-13,1610612763,MEM,Memphis Grizzlies,0021200883,2013-03-03T00:00:00,MEM @ ORL,W,48.0,44,83,0.53,11,24,0.458,9,15,0.6,14,28,42,31,14.0,8,5,4,19,14,108,26.0,1,1,1,1,9,6,41,8,2,3,18,101,97,102,38,67,58,1,57,51,45,24,33,100,6,2,0.0
2012-13,1610612763,MEM,Memphis Grizzlies,0021200868,2013-03-01T00:00:00,MEM @ MIA,L,48.0,33,77,0.429,4,13,0.308,21,27,0.778,10,28,38,23,12.0,4,3,3,24,19,91,-7.0,1,71,71,71,9,75,76,65,55,55,70,27,31,55,77,67,79,30,31,104,82,16,82,66,63,89,1.0
2012-13,1610612763,MEM,Memphis Grizzlies,0021200855,2013-02-27T00:00:00,MEM vs. DAL,W,48.0,29,78,0.372,5,14,0.357,27,34,0.794,11,35,46,21,16.0,11,2,9,23,23,90,6.0,1,1,1,1,9,105,71,99,43,46,50,8,6,48,66,16,31,48,74,12,100,94,73,32,69,49,0.0
2012-13,1610612763,MEM,Memphis Grizzlies,0021200831,2013-02-24T00:00:00,MEM @ BKN,W,48.0,32,71,0.451,2,7,0.286,10,12,0.833,7,28,35,16,13.0,6,11,4,19,14,76,4.0,1,1,1,1,9,86,99,49,96,104,80,98,100,23,99,67,93,86,45,84,2,24,33,100,109,60,1.0
2012-13,1610612763,MEM,Memphis Grizzlies,0021200817,2013-02-22T00:00:00,MEM vs. ORL,W,48.0,34,76,0.447,3,16,0.188,17,29,0.586,14,38,52,24,14.0,8,6,8,15,26,88,6.0,1,1,1,1,9,64,82,51,79,33,100,52,18,105,38,4,5,25,57,51,29,86,5,14,78,49,1.0
2012-13,1610612763,MEM,Memphis Grizzlies,0021200798,2013-02-20T00:00:00,MEM @ TOR,W,48.0,29,80,0.363,6,13,0.462,24,34,0.706,20,29,49,20,11.0,7,7,4,23,28,88,6.0,1,1,1,1,9,105,57,104,23,55,13,13,6,79,4,57,15,56,21,70,17,24,73,7,78,49,1.0
2012-13,1610612763,MEM,Memphis Grizzlies,0021200792,2013-02-19T00:00:00,MEM @ DET,W,48.0,45,80,0.563,3,9,0.333,12,20,0.6,12,32,44,29,16.0,14,7,4,20,18,105,14.0,1,1,1,1,9,3,57,1,79,96,56,90,66,102,54,33,42,5,74,3,17,24,44,78,14,17,1.0
2012-13,1610612763,MEM,Memphis Grizzlies,0021200771,2013-02-12T00:00:00,MEM vs. SAC,W,48.0,41,75,0.547,6,13,0.462,20,24,0.833,7,32,39,21,21.0,5,4,2,22,24,108,7.0,1,1,1,1,9,12,87,4,23,55,13,30,42,23,99,33,74,48,106,97,61,7,55,28,6,45,1.0
2012-13,1610612763,MEM,Memphis Grizzlies,0021200757,2013-02-10T00:00:00,MEM vs. MIN,W,48.0,41,79,0.519,6,13,0.462,17,22,0.773,13,23,36,30,13.0,12,4,2,24,20,105,17.0,1,1,1,1,9,12,65,12,23,55,13,52,52,58,46,95,91,3,45,7,61,7,82,61,14,11,0.0
2012-13,1610612763,MEM,Memphis Grizzlies,0021200742,2013-02-08T00:00:00,MEM vs. GSW,W,48.0,36,79,0.456,8,20,0.4,19,23,0.826,9,34,43,26,13.0,6,4,4,22,25,99,6.0,1,1,1,1,9,44,65,42,10,12,31,37,50,28,84,22,51,15,45,84,61,24,55,20,34,49,1.0
2012-13,1610612763,MEM,Memphis Grizzlies,0021200725,2013-02-06T00:00:00,MEM @ ATL,L,48.0,38,84,0.452,5,12,0.417,11,16,0.688,9,29,38,28,8.0,6,4,5,19,16,92,-11.0,1,71,71,71,9,26,37,46,43,68,25,95,94,86,84,57,79,7,7,84,61,44,33,91,56,100,1.0
2012-13,1610612763,MEM,Memphis Grizzlies,0021200717,2013-02-05T00:00:00,MEM vs. PHX,L,48.0,36,82,0.439,3,9,0.333,15,17,0.882,14,20,34,15,17.0,7,0,2,20,23,90,-6.0,1,71,71,71,9,44,48,59,79,96,56,69,88,10,38,107,99,95,85,70,110,7,44,32,69,85,1.0
2012-13,1610612763,MEM,Memphis Grizzlies,0021200691,2013-02-01T00:00:00,MEM vs. WAS,W,48.0,35,78,0.449,1,7,0.143,14,17,0.824,12,34,46,22,19.0,9,6,0,12,19,85,9.0,1,1,1,1,9,56,71,50,108,104,104,74,88,29,54,22,31,39,98,36,29,1,1,66,87,37,1.0
2012-13,1610612763,MEM,Memphis Grizzlies,0021200682,2013-01-31T00:00:00,MEM @ OKC,L,48.0,34,98,0.347,6,25,0.24,15,19,0.789,21,27,48,19,13.0,12,2,11,23,18,89,-17.0,1,71,71,71,9,64,2,108,23,2,92,69,76,50,3,79,20,63,45,7,100,107,73,78,74,104,1.0
2012-13,1610612763,MEM,Memphis Grizzlies,0021200660,2013-01-28T00:00:00,MEM @ PHI,W,48.0,40,73,0.548,8,13,0.615,15,19,0.789,9,29,38,26,17.0,6,4,4,15,14,103,3.0,1,1,1,1,9,15,92,3,10,55,2,69,76,50,84,57,79,15,85,84,61,24,5,100,21,64,1.0
2012-13,1610612763,MEM,Memphis Grizzlies,0021200655,2013-01-27T00:00:00,MEM vs. NOH,L,48.0,32,88,0.364,3,16,0.188,16,18,0.889,22,25,47,18,15.0,10,7,7,17,19,83,-8.0,1,71,71,71,9,86,18,102,79,33,100,60,82,8,2,89,27,73,66,19,17,75,18,66,94,95,1.0
2012-13,1610612763,MEM,Memphis Grizzlies,0021200637,2013-01-25T00:00:00,MEM vs. BKN,W,48.0,47,90,0.522,4,9,0.444,3,8,0.375,15,30,45,25,12.0,6,3,8,21,11,101,24.0,1,1,1,1,9,1,11,11,55,96,19,110,107,110,31,48,36,21,31,84,82,86,51,109,31,3,1.0
2012-13,1610612763,MEM,Memphis Grizzlies,0021200621,2013-01-23T00:00:00,MEM vs. LAL,W,48.0,47,96,0.49,4,13,0.308,8,10,0.8,16,36,52,22,12.0,7,8,8,28,13,106,13.0,1,1,1,1,9,1,5,22,55,55,70,104,104,38,21,12,5,39,31,70,11,86,104,105,11,18,1.0
2012-13,1610612763,MEM,Memphis Grizzlies,0021200605,2013-01-21T00:00:00,MEM vs. IND,L,48.0,35,83,0.422,4,10,0.4,7,7,1.0,14,21,35,16,15.0,10,2,11,12,14,81,-1.0,1,71,71,71,9,56,41,69,55,89,31,105,108,1,38,101,93,86,66,19,100,107,1,100,102,71,1.0
2012-13,1610612763,MEM,Memphis Grizzlies,0021200595,2013-01-19T00:00:00,MEM @ CHI,W,53.0,34,84,0.405,0,5,0.0,17,28,0.607,17,31,48,15,15.0,8,8,6,22,25,85,3.0,1,1,1,1,1,64,37,81,110,109,110,52,25,101,15,43,20,95,66,51,11,62,55,20,87,64,1.0
2012-13,1610612763,MEM,Memphis Grizzlies,0021200589,2013-01-18T00:00:00,MEM vs. SAC,W,48.0,34,78,0.436,3,7,0.429,14,20,0.7,15,33,48,21,16.0,8,10,7,16,16,85,16.0,1,1,1,1,9,64,71,62,79,104,22,74,66,81,31,29,20,48,74,51,4,75,10,91,87,12,1.0
2012-13,1610612763,MEM,Memphis Grizzlies,0021200576,2013-01-16T00:00:00,MEM @ SAS,L,48.0,29,69,0.42,1,9,0.111,23,28,0.821,6,26,32,11,15.0,4,3,9,16,22,82,-21.0,1,71,71,71,9,105,105,71,108,96,109,18,25,33,105,85,106,108,66,104,82,94,10,42,100,105,1.0
2012-13,1610612763,MEM,Memphis Grizzlies,0021200559,2013-01-14T00:00:00,MEM vs. LAC,L,48.0,27,89,0.303,6,20,0.3,13,17,0.765,24,24,48,14,16.0,8,3,9,26,19,73,-26.0,1,71,71,71,9,110,13,110,23,12,75,86,88,61,1,93,20,101,74,51,82,94,100,66,110,110,1.0
2012-13,1610612763,MEM,Memphis Grizzlies,0021200547,2013-01-12T00:00:00,MEM @ DAL,L,48.0,32,84,0.381,3,8,0.375,16,26,0.615,14,27,41,19,8.0,6,5,5,15,22,83,-21.0,1,71,71,71,9,86,37,93,79,100,37,60,35,98,38,79,63,63,7,84,45,44,5,42,94,105,1.0
2012-13,1610612763,MEM,Memphis Grizzlies,0021200535,2013-01-11T00:00:00,MEM vs. SAS,W,53.0,40,85,0.471,3,12,0.25,18,21,0.857,9,26,35,19,14.0,10,4,4,21,21,101,3.0,1,1,1,1,1,15,31,35,79,68,89,44,60,17,84,85,93,63,57,19,61,24,51,54,31,64,1.0
2012-13,1610612763,MEM,Memphis Grizzlies,0021200526,2013-01-09T00:00:00,MEM @ GSW,W,48.0,40,88,0.455,2,17,0.118,12,16,0.75,13,30,43,27,11.0,11,2,2,17,21,94,7.0,1,1,1,1,9,15,18,44,96,25,108,90,94,66,46,48,51,11,21,12,100,7,18,54,45,45,1.0
2012-13,1610612763,MEM,Memphis Grizzlies,0021200509,2013-01-07T00:00:00,MEM @ SAC,W,48.0,39,80,0.488,11,20,0.55,24,27,0.889,11,33,44,29,8.0,8,6,1,24,19,113,32.0,1,1,1,1,9,21,57,24,2,12,6,13,31,8,66,29,42,5,7,51,29,3,82,66,3,1,1.0
2012-13,1610612763,MEM,Memphis Grizzlies,0021200502,2013-01-06T00:00:00,MEM @ PHX,W,48.0,37,69,0.536,2,8,0.25,16,20,0.8,7,35,42,22,20.0,12,4,5,19,21,92,11.0,1,1,1,1,9,37,105,6,96,100,89,60,66,38,99,16,58,39,104,7,61,44,33,54,56,25,1.0
2012-13,1610612763,MEM,Memphis Grizzlies,0021200484,2013-01-04T00:00:00,MEM vs. POR,L,48.0,32,81,0.395,2,5,0.4,18,18,1.0,16,29,45,13,15.0,10,9,7,18,14,84,-2.0,1,71,71,71,9,86,53,87,96,109,31,44,82,1,21,57,36,105,66,19,7,75,28,100,90,72,1.0
2012-13,1610612763,MEM,Memphis Grizzlies,0021200468,2013-01-02T00:00:00,MEM @ BOS,W,48.0,34,71,0.479,8,18,0.444,17,22,0.773,8,31,39,23,17.0,8,3,1,17,22,93,10.0,1,1,1,1,9,64,99,27,10,23,19,52,52,58,92,43,74,30,85,51,82,3,18,42,52,29,1.0
2012-13,1610612763,MEM,Memphis Grizzlies,0021200452,2012-12-31T00:00:00,MEM @ IND,L,48.0,31,82,0.378,3,11,0.273,18,24,0.75,18,26,44,17,17.0,10,5,9,22,19,83,-5.0,1,71,71,71,9,95,48,94,79,79,84,44,42,66,10,85,42,80,85,19,45,94,55,66,94,82,1.0
2012-13,1610612763,MEM,Memphis Grizzlies,0021200442,2012-12-29T00:00:00,MEM vs. DEN,W,48.0,36,89,0.404,5,19,0.263,4,7,0.571,17,32,49,19,11.0,9,6,7,17,17,81,9.0,1,1,1,1,9,44,13,83,43,16,88,109,108,107,15,33,15,63,21,36,29,75,18,84,102,37,1.0
2012-13,1610612763,MEM,Memphis Grizzlies,0021200416,2012-12-26T00:00:00,MEM vs. PHI,L,48.0,35,90,0.389,5,15,0.333,14,17,0.824,15,22,37,22,13.0,10,4,12,18,15,89,-10.0,1,71,71,71,9,56,11,89,43,41,56,74,88,29,31,98,83,39,45,19,61,109,28,96,74,98,1.0
2012-13,1610612763,MEM,Memphis Grizzlies,0021200394,2012-12-22T00:00:00,MEM @ HOU,L,48.0,42,79,0.532,2,13,0.154,10,14,0.714,8,29,37,23,19.0,7,5,5,19,13,96,-25.0,1,71,71,71,9,10,65,7,96,55,103,98,98,76,92,57,83,30,98,70,45,44,33,105,40,109,1.0
2012-13,1610612763,MEM,Memphis Grizzlies,0021200386,2012-12-21T00:00:00,MEM vs. DAL,W,48.0,36,89,0.404,3,13,0.231,17,20,0.85,17,30,47,23,16.0,15,3,6,16,19,92,10.0,1,1,1,1,9,44,13,83,79,55,93,52,66,21,15,48,27,30,74,1,82,62,10,66,56,29,1.0
2012-13,1610612763,MEM,Memphis Grizzlies,0021200374,2012-12-19T00:00:00,MEM vs. MIL,W,48.0,36,88,0.409,3,8,0.375,15,19,0.789,17,39,56,26,16.0,11,6,5,17,19,90,10.0,1,1,1,1,9,44,18,79,79,100,37,69,76,50,15,2,3,15,74,12,29,44,18,66,69,29,1.0
2012-13,1610612763,MEM,Memphis Grizzlies,0021200353,2012-12-17T00:00:00,MEM vs. CHI,W,48.0,30,80,0.375,6,11,0.545,14,19,0.737,18,33,51,16,19.0,7,5,1,19,21,80,9.0,1,1,1,1,9,99,57,95,23,79,7,74,76,70,10,29,9,86,98,70,45,3,33,54,104,37,1.0
2012-13,1610612763,MEM,Memphis Grizzlies,0021200345,2012-12-15T00:00:00,MEM @ UTA,W,48.0,38,85,0.447,4,11,0.364,19,24,0.792,18,30,48,16,12.0,9,4,4,16,20,99,13.0,1,1,1,1,9,26,31,53,55,79,45,37,42,49,10,48,20,86,31,36,61,24,10,61,34,18,1.0
2012-13,1610612763,MEM,Memphis Grizzlies,0021200335,2012-12-14T00:00:00,MEM @ DEN,L,48.0,39,94,0.415,7,19,0.368,9,10,0.9,16,21,37,27,16.0,9,8,10,28,19,94,-5.0,1,71,71,71,9,21,6,75,17,16,43,101,104,7,21,101,83,11,74,36,11,102,104,66,45,82,1.0
2012-13,1610612763,MEM,Memphis Grizzlies,0021200320,2012-12-12T00:00:00,MEM @ PHX,L,48.0,33,73,0.452,2,10,0.2,12,12,1.0,10,30,40,19,17.0,6,9,7,17,13,80,-2.0,1,71,71,71,9,75,92,47,96,89,98,90,100,1,77,48,67,63,85,84,7,75,18,105,104,72,0.0
2012-13,1610612763,MEM,Memphis Grizzlies,0021200289,2012-12-08T00:00:00,MEM vs. ATL,L,48.0,33,77,0.429,6,16,0.375,11,18,0.611,11,29,40,15,16.0,8,5,3,19,16,83,-10.0,1,71,71,71,9,75,76,65,23,33,37,95,82,99,66,57,67,95,74,51,45,16,33,91,94,98,1.0
2012-13,1610612763,MEM,Memphis Grizzlies,0021200275,2012-12-07T00:00:00,MEM @ NOH,W,48.0,36,72,0.5,8,17,0.471,16,22,0.727,11,35,46,23,17.0,9,6,8,17,16,96,7.0,1,1,1,1,9,44,98,21,10,25,12,60,52,73,66,16,31,30,85,36,29,86,18,91,40,45,1.0
2012-13,1610612763,MEM,Memphis Grizzlies,0021200255,2012-12-04T00:00:00,MEM vs. PHX,W,53.0,40,85,0.471,4,19,0.211,24,31,0.774,15,35,50,13,19.0,11,9,5,22,26,108,10.0,1,1,1,1,1,15,31,35,55,16,97,13,14,57,31,16,12,105,98,12,7,44,55,14,6,29,1.0
2012-13,1610612763,MEM,Memphis Grizzlies,0021200239,2012-12-01T00:00:00,MEM @ SAS,L,53.0,36,99,0.364,4,15,0.267,19,22,0.864,18,34,52,25,20.0,10,4,5,24,22,95,-4.0,1,71,71,71,1,44,1,102,55,41,86,37,52,14,10,22,5,21,104,19,61,44,82,42,44,78,1.0
2012-13,1610612763,MEM,Memphis Grizzlies,0021200228,2012-11-30T00:00:00,MEM vs. DET,W,48.0,34,85,0.4,4,12,0.333,18,21,0.857,11,28,39,20,12.0,11,5,5,22,20,90,12.0,1,1,1,1,9,64,31,86,55,68,56,44,60,17,66,67,74,56,31,12,45,44,55,61,69,22,1.0
2012-13,1610612763,MEM,Memphis Grizzlies,0021200216,2012-11-28T00:00:00,MEM vs. TOR,W,48.0,38,80,0.475,8,18,0.444,19,28,0.679,12,34,46,28,13.0,10,7,5,19,29,103,21.0,1,1,1,1,9,26,57,31,10,23,19,37,25,89,54,22,31,7,45,19,17,44,33,5,21,4,1.0
2012-13,1610612763,MEM,Memphis Grizzlies,0021200200,2012-11-26T00:00:00,MEM vs. CLE,W,48.0,33,71,0.465,4,11,0.364,14,18,0.778,10,23,33,16,15.0,8,5,5,15,23,84,6.0,1,1,1,1,9,75,99,38,55,79,45,74,82,55,77,95,102,86,66,51,45,44,5,32,90,49,1.0
2012-13,1610612763,MEM,Memphis Grizzlies,0021200177,2012-11-23T00:00:00,MEM vs. LAL,W,48.0,38,75,0.507,6,11,0.545,24,30,0.8,13,26,39,23,17.0,10,3,5,26,28,106,8.0,1,1,1,1,9,26,87,18,23,79,7,13,16,38,46,85,74,30,85,19,82,44,100,7,11,42,1.0
2012-13,1610612763,MEM,Memphis Grizzlies,0021200150,2012-11-19T00:00:00,MEM vs. DEN,L,48.0,36,78,0.462,6,17,0.353,14,17,0.824,12,21,33,23,17.0,10,4,3,20,15,92,-5.0,1,71,71,71,9,44,71,40,23,25,53,74,88,29,54,101,102,30,85,19,61,16,44,96,56,82,1.0
2012-13,1610612763,MEM,Memphis Grizzlies,0021200134,2012-11-17T00:00:00,MEM @ CHA,W,48.0,31,80,0.388,2,14,0.143,30,34,0.882,12,32,44,17,16.0,10,7,5,23,25,94,7.0,1,1,1,1,9,95,57,90,96,46,104,3,6,10,54,33,42,80,74,19,17,44,73,20,45,45,1.0
2012-13,1610612763,MEM,Memphis Grizzlies,0021200127,2012-11-16T00:00:00,MEM vs. NYK,W,48.0,37,76,0.487,5,15,0.333,26,32,0.813,12,23,35,15,14.0,7,6,6,24,26,105,10.0,1,1,1,1,9,37,82,25,43,41,56,9,12,36,54,95,93,95,57,70,29,62,82,14,14,29,1.0
2012-13,1610612763,MEM,Memphis Grizzlies,0021200113,2012-11-14T00:00:00,MEM @ OKC,W,48.0,44,93,0.473,7,17,0.412,12,14,0.857,12,27,39,22,8.0,6,3,6,23,19,107,10.0,1,1,1,1,9,6,9,33,17,25,29,90,98,17,54,79,74,39,7,84,82,62,73,66,10,29,1.0
2012-13,1610612763,MEM,Memphis Grizzlies,0021200092,2012-11-11T00:00:00,MEM vs. MIA,W,48.0,38,86,0.442,14,24,0.583,14,16,0.875,11,32,43,26,15.0,8,4,6,22,16,104,18.0,1,1,1,1,9,26,24,56,1,3,5,74,94,13,66,33,51,15,66,51,61,62,55,91,18,7,1.0
2012-13,1610612763,MEM,Memphis Grizzlies,0021200073,2012-11-09T00:00:00,MEM vs. HOU,W,48.0,35,94,0.372,6,19,0.316,17,23,0.739,18,22,40,16,9.0,14,8,6,16,17,93,8.0,1,1,1,1,9,56,6,97,23,16,67,52,50,69,10,98,67,86,13,3,11,62,10,84,52,42,1.0
2012-13,1610612763,MEM,Memphis Grizzlies,0021200057,2012-11-07T00:00:00,MEM @ MIL,W,48.0,44,83,0.53,6,16,0.375,14,19,0.737,11,38,49,28,14.0,7,5,9,20,18,108,18.0,1,1,1,1,9,6,41,8,23,33,37,74,76,70,66,4,15,7,57,70,45,94,44,78,6,7,1.0
2012-13,1610612763,MEM,Memphis Grizzlies,0021200045,2012-11-05T00:00:00,MEM vs. UTA,W,48.0,38,91,0.418,5,14,0.357,22,25,0.88,14,37,51,21,12.0,9,10,8,17,22,103,9.0,1,1,1,1,9,26,10,74,43,46,50,23,37,12,38,10,9,48,31,36,4,86,18,42,21,37,1.0
2012-13,1610612763,MEM,Memphis Grizzlies,0021200026,2012-11-02T00:00:00,MEM @ GSW,W,48.0,35,77,0.455,6,13,0.462,28,34,0.824,9,31,40,22,14.0,9,4,5,22,24,104,10.0,1,1,1,1,9,56,76,44,23,55,13,5,6,29,84,43,67,39,57,36,61,44,55,28,18,29,1.0
2012-13,1610612763,MEM,Memphis Grizzlies,0021200011,2012-10-31T00:00:00,MEM @ LAC,L,48.0,33,86,0.384,2,14,0.143,24,30,0.8,17,27,44,24,21.0,14,4,9,25,27,92,-9.0,1,71,71,71,9,75,24,92,96,46,104,13,16,38,15,79,42,25,106,3,61,94,93,11,56,96,1.0
2012-13,1610612763,MEM,Memphis Grizzlies,0011200048,2012-10-26T00:00:00,MEM vs. TOR,L,48.0,34,76,0.447,6,19,0.316,32,40,0.8,12,32,44,21,21.0,3,4,4,28,32,106,-14.0,1,71,71,71,9,64,82,51,23,16,67,2,3,38,54,33,42,48,106,108,61,24,104,3,11,103,
2012-13,1610612763,MEM,Memphis Grizzlies,0011200099,2012-10-24T00:00:00,MEM vs. ORL,W,48.0,45,88,0.511,10,16,0.625,15,22,0.682,13,32,45,28,11.0,7,1,6,12,20,115,15.0,1,1,1,1,9,3,18,14,4,33,1,69,52,88,46,33,36,7,21,70,107,62,1,61,2,15,
2012-13,1610612763,MEM,Memphis Grizzlies,0011200079,2012-10-20T00:00:00,MEM @ IND,L,48.0,30,81,0.37,2,14,0.143,18,29,0.621,11,29,40,20,7.0,6,7,3,24,25,80,-3.0,1,71,71,71,9,99,53,100,96,46,104,44,18,97,66,57,67,56,1,84,17,16,82,20,104,77,
2012-13,1610612763,MEM,Memphis Grizzlies,0011200067,2012-10-18T00:00:00,MEM @ MIL,W,48.0,35,79,0.443,4,8,0.5,23,25,0.92,15,34,49,20,19.0,7,7,6,18,19,97,3.0,1,1,1,1,9,56,65,55,55,100,9,18,37,4,31,22,15,56,98,70,17,62,28,66,38,64,
2012-13,1610612763,MEM,Memphis Grizzlies,0011200062,2012-10-17T00:00:00,MEM @ HOU,L,48.0,33,88,0.375,8,21,0.381,28,41,0.683,15,32,47,18,17.0,9,3,5,25,34,102,-7.0,1,71,71,71,9,75,18,95,10,8,36,5,2,87,31,33,27,73,85,36,82,44,93,1,29,89,
2012-13,1610612763,MEM,Memphis Grizzlies,0011200045,2012-10-14T00:00:00,MEM vs. ATL,W,48.0,41,86,0.477,10,21,0.476,18,21,0.857,12,38,50,23,18.0,9,4,3,28,23,110,8.0,1,1,1,1,9,12,24,29,4,8,11,44,60,17,54,4,12,30,97,36,61,16,104,32,4,42,
2012-13,1610612763,MEM,Memphis Grizzlies,0011200015,2012-10-09T00:00:00,MEM @ CHI,L,48.0,35,83,0.422,2,10,0.2,16,27,0.593,15,36,51,21,23.0,12,3,7,28,24,88,-4.0,1,71,71,71,9,56,41,69,96,89,98,60,31,104,31,12,9,48,110,7,82,75,104,28,78,78,
2012-13,1610612763,MEM,Memphis Grizzlies,0011200004,2012-10-06T00:00:00,MEM vs. RMD,W,48.0,42,75,0.56,4,10,0.4,17,22,0.773,5,35,40,26,21.0,5,7,3,22,22,105,12.0,1,1,1,1,9,10,87,2,55,89,31,52,52,58,107,16,67,15,106,97,17,16,55,42,14,22,
2012-13,1610612764,WAS,Washington Wizards,0021201222,2013-04-17T00:00:00,WAS @ CHI,L,48.0,36,85,0.424,7,16,0.438,13,17,0.765,7,30,37,17,9.0,7,5,2,17,22,92,-3.0,1,36,36,36,6,33,28,56,31,63,20,65,66,39,78,59,82,75,3,43,31,10,16,25,46,42,1.0
2012-13,1610612764,WAS,Washington Wizards,0021201205,2013-04-15T00:00:00,WAS @ BKN,L,48.0,41,77,0.532,4,11,0.364,15,20,0.75,11,33,44,24,20.0,8,6,2,23,18,101,-5.0,1,36,36,36,6,12,71,4,76,89,47,53,54,46,42,36,35,24,80,27,18,10,58,60,21,49,1.0
2012-13,1610612764,WAS,Washington Wizards,0021201177,2013-04-12T00:00:00,WAS vs. PHI,L,48.0,36,87,0.414,1,13,0.077,13,21,0.619,13,34,47,21,17.0,7,7,3,13,13,86,-11.0,1,36,36,36,6,33,18,63,95,78,95,65,46,85,23,29,20,46,57,43,11,23,1,87,66,81,1.0
2012-13,1610612764,WAS,Washington Wizards,0021201165,2013-04-10T00:00:00,WAS vs. MIA,L,48.0,36,80,0.45,11,23,0.478,15,21,0.714,9,25,34,19,16.0,15,5,6,20,18,98,-5.0,1,36,36,36,6,33,51,36,3,16,13,53,46,59,65,87,89,61,48,1,31,66,39,60,30,49,1.0
2012-13,1610612764,WAS,Washington Wizards,0021201156,2013-04-09T00:00:00,WAS @ NYK,L,48.0,35,77,0.455,8,20,0.4,21,30,0.7,11,27,38,18,13.0,6,2,3,14,24,99,-21.0,1,36,36,36,6,45,71,32,21,25,32,16,13,70,42,78,78,69,23,60,75,23,2,16,28,89,1.0
2012-13,1610612764,WAS,Washington Wizards,0021201147,2013-04-07T00:00:00,WAS @ BOS,L,48.0,39,88,0.443,10,26,0.385,8,12,0.667,12,24,36,23,17.0,8,6,2,17,19,96,-11.0,1,36,36,36,6,18,13,40,9,8,39,86,84,76,31,91,85,30,57,27,18,10,16,52,34,81,1.0
2012-13,1610612764,WAS,Washington Wizards,0021201138,2013-04-06T00:00:00,WAS vs. IND,W,48.0,39,79,0.494,4,12,0.333,22,31,0.71,6,35,41,19,9.0,10,7,1,22,21,104,19.0,1,1,1,1,6,18,57,14,76,83,53,12,10,63,86,21,60,61,3,11,11,3,53,30,16,3,1.0
2012-13,1610612764,WAS,Washington Wizards,0021201111,2013-04-03T00:00:00,WAS @ TOR,L,48.0,26,80,0.325,5,19,0.263,21,29,0.724,10,31,41,14,14.0,7,2,6,27,24,78,-10.0,1,36,36,36,6,92,51,93,65,38,77,16,15,56,52,54,60,86,32,43,75,66,82,16,83,75,1.0
2012-13,1610612764,WAS,Washington Wizards,0021201108,2013-04-02T00:00:00,WAS vs. CHI,W,48.0,33,78,0.423,6,13,0.462,18,26,0.692,10,41,51,22,10.0,3,4,2,14,20,90,4.0,1,1,1,1,6,62,65,57,49,78,17,30,31,72,52,1,6,39,9,90,45,10,2,40,51,25,1.0
2012-13,1610612764,WAS,Washington Wizards,0021201095,2013-03-31T00:00:00,WAS vs. TOR,W,48.0,41,85,0.482,9,17,0.529,18,28,0.643,14,34,48,24,9.0,4,5,6,26,26,109,17.0,1,1,1,1,6,12,28,17,16,55,8,30,20,81,18,29,17,24,3,83,31,66,74,7,8,4,1.0
2012-13,1610612764,WAS,Washington Wizards,0021201074,2013-03-29T00:00:00,WAS @ ORL,L,48.0,30,81,0.37,4,20,0.2,28,32,0.875,18,37,55,15,14.0,4,2,7,18,21,92,-5.0,1,36,36,36,6,80,46,80,76,25,88,3,6,7,4,14,4,83,32,83,75,79,23,30,46,49,1.0
2012-13,1610612764,WAS,Washington Wizards,0021201065,2013-03-27T00:00:00,WAS @ OKC,L,48.0,27,84,0.321,5,20,0.25,21,29,0.724,16,27,43,17,17.0,8,2,8,28,21,80,-23.0,1,36,36,36,6,89,33,94,65,25,79,16,15,56,9,78,49,75,57,27,75,86,88,30,82,91,1.0
2012-13,1610612764,WAS,Washington Wizards,0021201048,2013-03-25T00:00:00,WAS vs. MEM,W,48.0,36,72,0.5,5,13,0.385,30,44,0.682,10,32,42,17,12.0,8,4,1,17,25,107,13.0,1,1,1,1,6,33,84,10,65,78,39,2,1,73,52,47,53,75,18,27,45,3,16,8,9,7,1.0
2012-13,1610612764,WAS,Washington Wizards,0021201039,2013-03-23T00:00:00,WAS @ GSW,L,48.0,36,88,0.409,7,17,0.412,13,16,0.813,12,26,38,20,13.0,10,1,4,22,17,92,-9.0,1,36,36,36,6,33,13,67,31,55,30,65,77,22,31,85,78,49,23,11,87,39,53,65,46,70,1.0
2012-13,1610612764,WAS,Washington Wizards,0021201032,2013-03-22T00:00:00,WAS @ LAL,W,48.0,40,87,0.46,11,26,0.423,12,16,0.75,6,33,39,28,9.0,8,5,3,18,15,103,3.0,1,1,1,1,6,16,18,29,3,8,25,69,77,46,86,36,72,8,3,27,31,23,23,77,18,29,1.0
2012-13,1610612764,WAS,Washington Wizards,0021201017,2013-03-20T00:00:00,WAS @ PHX,W,48.0,33,68,0.485,6,15,0.4,16,25,0.64,6,35,41,22,21.0,7,4,2,22,17,88,9.0,1,1,1,1,6,62,90,16,49,71,32,44,34,82,86,21,60,39,88,43,45,10,53,65,57,14,1.0
2012-13,1610612764,WAS,Washington Wizards,0021200994,2013-03-18T00:00:00,WAS @ CHA,L,48.0,43,81,0.531,6,15,0.4,22,29,0.759,14,27,41,27,18.0,6,5,5,26,20,114,-5.0,1,36,36,36,6,4,46,6,49,71,32,12,15,44,18,78,60,10,69,60,31,53,74,40,4,49,1.0
2012-13,1610612764,WAS,Washington Wizards,0021200979,2013-03-16T00:00:00,WAS vs. PHX,W,48.0,48,93,0.516,14,21,0.667,17,20,0.85,15,27,42,30,10.0,6,3,4,18,15,127,22.0,1,1,1,1,6,1,4,7,1,20,1,36,54,11,13,78,53,5,9,60,69,39,23,77,1,2,0.0
2012-13,1610612764,WAS,Washington Wizards,0021200970,2013-03-15T00:00:00,WAS vs. NOH,W,48.0,36,72,0.5,9,20,0.45,15,19,0.789,9,30,39,23,12.0,5,7,0,18,21,96,9.0,1,1,1,1,6,33,84,10,16,25,19,53,60,29,65,59,72,30,18,74,11,1,23,30,34,14,1.0
2012-13,1610612764,WAS,Washington Wizards,0021200957,2013-03-13T00:00:00,WAS vs. MIL,W,48.0,43,86,0.5,8,16,0.5,12,24,0.5,13,35,48,25,13.0,8,0,4,17,22,106,13.0,1,1,1,1,6,4,24,10,21,63,10,69,36,93,23,21,17,20,23,27,92,39,16,25,10,7,1.0
2012-13,1610612764,WAS,Washington Wizards,0021200950,2013-03-12T00:00:00,WAS @ CLE,L,48.0,31,76,0.408,5,17,0.294,23,28,0.821,11,35,46,20,14.0,4,5,2,22,25,90,-5.0,1,36,36,36,6,71,77,69,65,55,69,9,20,17,42,21,24,49,32,83,31,10,53,8,51,49,1.0
2012-13,1610612764,WAS,Washington Wizards,0021200929,2013-03-09T00:00:00,WAS vs. CHA,W,48.0,35,70,0.5,10,18,0.556,24,32,0.75,9,36,45,23,16.0,6,5,2,26,21,104,17.0,1,1,1,1,6,45,88,10,9,45,5,6,6,46,65,16,29,30,48,60,31,10,74,30,16,4,1.0
2012-13,1610612764,WAS,Washington Wizards,0021200918,2013-03-08T00:00:00,WAS @ BKN,L,48.0,32,90,0.356,3,17,0.176,11,17,0.647,14,30,44,18,11.0,10,8,2,28,19,78,-17.0,1,36,36,36,6,66,7,88,85,55,91,76,66,80,18,59,35,69,12,11,5,10,88,52,83,87,1.0
2012-13,1610612764,WAS,Washington Wizards,0021200907,2013-03-06T00:00:00,WAS @ MIN,L,48.0,29,65,0.446,6,19,0.316,18,22,0.818,6,38,44,17,24.0,6,5,1,29,14,82,-5.0,1,36,36,36,6,83,92,39,49,38,62,30,42,19,86,12,35,75,94,60,31,3,91,83,79,49,1.0
2012-13,1610612764,WAS,Washington Wizards,0021200882,2013-03-03T00:00:00,WAS vs. PHI,W,48.0,34,80,0.425,6,15,0.4,16,21,0.762,13,37,50,23,16.0,2,7,3,20,19,90,3.0,1,1,1,1,6,52,51,54,49,71,32,44,46,41,23,14,10,30,48,94,11,23,39,52,51,29,1.0
2012-13,1610612764,WAS,Washington Wizards,0021200865,2013-03-01T00:00:00,WAS vs. NYK,L,48.0,31,74,0.419,7,16,0.438,19,29,0.655,11,33,44,19,14.0,7,4,3,18,23,88,-8.0,1,36,36,36,6,71,81,61,31,63,20,24,15,79,42,36,35,61,32,43,45,23,23,22,57,66,1.0
2012-13,1610612764,WAS,Washington Wizards,0021200854,2013-02-27T00:00:00,WAS vs. DET,L,48.0,40,84,0.476,8,19,0.421,7,10,0.7,9,30,39,27,15.0,8,4,4,15,15,95,-1.0,1,36,36,36,6,16,33,24,21,38,26,90,90,70,65,59,72,10,38,27,45,39,10,77,37,36,1.0
2012-13,1610612764,WAS,Washington Wizards,0021200839,2013-02-25T00:00:00,WAS @ TOR,W,48.0,34,81,0.42,7,12,0.583,15,17,0.882,10,39,49,17,20.0,7,1,7,23,18,90,6.0,1,1,1,1,6,52,46,60,31,83,3,53,66,5,52,5,12,75,80,43,87,79,58,60,51,21,1.0
2012-13,1610612764,WAS,Washington Wizards,0021200823,2013-02-23T00:00:00,WAS vs. HOU,W,48.0,41,80,0.513,7,16,0.438,16,19,0.842,9,28,37,31,15.0,8,6,3,18,19,105,2.0,1,1,1,1,6,12,51,8,31,63,20,44,60,12,65,76,82,3,38,27,18,23,23,52,13,33,1.0
2012-13,1610612764,WAS,Washington Wizards,0021200812,2013-02-22T00:00:00,WAS vs. DEN,W,48.0,42,88,0.477,11,24,0.458,24,33,0.727,18,31,49,27,18.0,7,8,5,26,24,119,6.0,1,1,1,1,6,8,13,22,3,13,18,6,5,54,4,54,12,10,69,43,5,53,74,16,3,21,1.0
2012-13,1610612764,WAS,Washington Wizards,0021200789,2013-02-19T00:00:00,WAS vs. TOR,L,48.0,30,78,0.385,6,15,0.4,22,27,0.815,12,32,44,20,17.0,6,3,5,20,19,88,-8.0,1,36,36,36,6,80,65,76,49,71,32,12,25,21,31,47,35,49,57,60,69,53,39,52,57,66,1.0
2012-13,1610612764,WAS,Washington Wizards,0021200781,2013-02-13T00:00:00,WAS @ DET,L,48.0,34,70,0.486,3,11,0.273,14,22,0.636,5,27,32,22,17.0,7,3,4,18,20,85,-11.0,1,36,36,36,6,52,88,15,85,89,74,61,42,83,92,78,92,39,57,43,69,39,23,40,70,81,1.0
2012-13,1610612764,WAS,Washington Wizards,0021200767,2013-02-11T00:00:00,WAS @ MIL,W,48.0,42,74,0.568,4,12,0.333,14,17,0.824,7,40,47,29,19.0,7,4,5,16,17,102,12.0,1,1,1,1,6,8,81,2,76,83,53,61,66,15,78,2,20,6,74,43,45,53,13,65,19,11,0.0
2012-13,1610612764,WAS,Washington Wizards,0021200735,2013-02-08T00:00:00,WAS vs. BKN,W,48.0,36,80,0.45,7,16,0.438,10,11,0.909,5,40,45,19,13.0,11,4,5,25,14,89,15.0,1,1,1,1,6,33,51,36,31,63,20,79,86,2,92,2,29,61,23,5,45,53,71,83,55,6,1.0
2012-13,1610612764,WAS,Washington Wizards,0021200722,2013-02-06T00:00:00,WAS vs. NYK,W,48.0,42,79,0.532,11,20,0.55,11,14,0.786,7,31,38,23,11.0,3,4,3,17,12,106,10.0,1,1,1,1,6,8,57,5,3,25,7,76,80,31,78,54,78,30,12,90,45,23,16,90,10,12,1.0
2012-13,1610612764,WAS,Washington Wizards,0021200709,2013-02-04T00:00:00,WAS vs. LAC,W,48.0,37,84,0.44,7,12,0.583,17,27,0.63,13,31,44,27,13.0,11,8,6,16,24,98,8.0,1,1,1,1,6,27,33,43,31,83,3,36,25,84,23,54,35,10,23,5,5,66,13,16,30,16,1.0
2012-13,1610612764,WAS,Washington Wizards,0021200702,2013-02-02T00:00:00,WAS @ SAS,L,48.0,36,88,0.409,6,22,0.273,8,17,0.471,12,29,41,24,16.0,8,2,4,23,17,86,-10.0,1,36,36,36,6,33,13,67,49,18,74,86,66,95,31,70,60,24,48,27,75,39,58,65,66,75,1.0
2012-13,1610612764,WAS,Washington Wizards,0021200691,2013-02-01T00:00:00,WAS @ MEM,L,48.0,34,83,0.41,5,20,0.25,3,3,1.0,7,24,31,19,16.0,12,0,6,19,12,76,-9.0,1,36,36,36,6,52,39,66,65,25,79,95,95,1,78,91,94,61,48,4,92,66,34,90,89,70,1.0
2012-13,1610612764,WAS,Washington Wizards,0021200670,2013-01-30T00:00:00,WAS @ PHI,L,48.0,30,75,0.4,7,22,0.318,17,21,0.81,8,38,46,22,19.0,5,6,6,15,17,84,-8.0,1,36,36,36,6,80,79,72,31,18,61,36,46,23,73,12,24,39,74,74,18,66,10,65,73,66,1.0
2012-13,1610612764,WAS,Washington Wizards,0021200661,2013-01-28T00:00:00,WAS vs. SAC,L,48.0,37,77,0.481,3,11,0.273,17,21,0.81,10,35,45,20,20.0,4,2,3,19,19,94,-2.0,1,36,36,36,6,27,71,20,85,89,74,36,46,23,52,21,29,49,80,83,75,23,34,52,40,39,1.0
2012-13,1610612764,WAS,Washington Wizards,0021200644,2013-01-26T00:00:00,WAS vs. CHI,W,48.0,34,79,0.43,3,10,0.3,15,19,0.789,9,33,42,20,9.0,6,2,6,14,16,86,13.0,1,1,1,1,6,52,57,49,85,94,64,53,60,29,65,36,53,49,3,60,75,66,2,73,66,7,1.0
2012-13,1610612764,WAS,Washington Wizards,0021200632,2013-01-25T00:00:00,WAS vs. MIN,W,48.0,48,83,0.578,8,17,0.471,10,17,0.588,6,29,35,29,16.0,8,8,2,27,20,114,13.0,1,1,1,1,6,1,39,1,21,55,15,79,66,88,86,70,88,6,48,27,5,10,82,40,4,7,1.0
2012-13,1610612764,WAS,Washington Wizards,0021200625,2013-01-23T00:00:00,WAS @ UTA,L,48.0,31,86,0.36,7,18,0.389,19,26,0.731,12,39,51,20,15.0,9,7,7,19,18,88,-4.0,1,36,36,36,6,71,24,85,31,45,38,24,31,53,31,5,6,49,38,22,11,79,34,60,57,46,1.0
2012-13,1610612764,WAS,Washington Wizards,0021200613,2013-01-21T00:00:00,WAS @ POR,W,48.0,39,84,0.464,8,19,0.421,12,17,0.706,11,33,44,23,15.0,6,1,3,18,17,98,3.0,1,1,1,1,6,18,33,26,21,38,26,69,66,66,42,36,35,30,38,60,87,23,23,65,30,29,1.0
2012-13,1610612764,WAS,Washington Wizards,0021200600,2013-01-19T00:00:00,WAS @ LAC,L,48.0,32,77,0.416,8,20,0.4,15,27,0.556,11,32,43,21,18.0,8,6,9,24,23,87,-7.0,1,36,36,36,6,66,71,62,21,25,32,53,25,91,42,47,49,46,69,27,18,90,65,22,63,60,1.0
2012-13,1610612764,WAS,Washington Wizards,0021200591,2013-01-18T00:00:00,WAS @ DEN,W,48.0,41,80,0.513,11,23,0.478,19,28,0.679,12,33,45,26,21.0,9,9,4,20,23,112,4.0,1,1,1,1,6,12,51,8,3,16,13,24,20,74,31,36,29,15,88,22,3,39,39,22,7,25,1.0
2012-13,1610612764,WAS,Washington Wizards,0021200577,2013-01-16T00:00:00,WAS @ SAC,L,48.0,39,86,0.453,8,17,0.471,8,11,0.727,11,30,41,32,18.0,7,5,1,17,22,94,-1.0,1,36,36,36,6,18,24,33,21,55,15,86,86,54,42,59,60,1,69,43,31,3,16,25,40,36,1.0
2012-13,1610612764,WAS,Washington Wizards,0021200556,2013-01-14T00:00:00,WAS vs. ORL,W,48.0,46,82,0.561,7,11,0.636,21,25,0.84,9,33,42,32,11.0,8,6,3,21,16,120,29.0,1,1,1,1,6,3,43,3,31,89,2,16,34,13,65,36,53,1,12,27,18,23,48,73,2,1,1.0
2012-13,1610612764,WAS,Washington Wizards,0021200542,2013-01-12T00:00:00,WAS vs. ATL,W,48.0,36,79,0.456,2,11,0.182,19,27,0.704,12,39,51,17,17.0,9,4,4,27,20,93,10.0,1,1,1,1,6,33,57,30,92,89,90,24,25,68,31,5,6,75,57,22,45,39,82,40,44,12,1.0
2012-13,1610612764,WAS,Washington Wizards,0021200504,2013-01-07T00:00:00,WAS vs. OKC,W,48.0,38,87,0.437,10,18,0.556,15,18,0.833,13,32,45,20,14.0,5,5,5,20,14,101,2.0,1,1,1,1,6,24,18,44,9,45,5,53,64,14,23,47,29,49,32,74,31,53,39,83,21,33,1.0
2012-13,1610612764,WAS,Washington Wizards,0021200500,2013-01-06T00:00:00,WAS @ MIA,L,48.0,29,81,0.358,6,21,0.286,7,14,0.5,10,29,39,20,8.0,7,2,8,15,12,71,-28.0,1,36,36,36,6,83,46,86,49,20,70,90,80,93,52,70,72,49,1,43,75,86,10,90,94,93,1.0
2012-13,1610612764,WAS,Washington Wizards,0021200479,2013-01-04T00:00:00,WAS vs. BKN,L,58.0,43,91,0.473,9,18,0.5,18,31,0.581,7,34,41,27,16.0,13,4,7,26,28,113,-2.0,1,36,36,36,1,4,6,25,16,45,10,30,10,89,78,29,60,10,48,2,45,79,74,4,6,39,1.0
2012-13,1610612764,WAS,Washington Wizards,0021200467,2013-01-02T00:00:00,WAS @ IND,L,48.0,35,83,0.422,3,13,0.231,8,10,0.8,8,33,41,24,19.0,9,6,3,25,14,81,-8.0,1,36,36,36,6,45,39,59,85,78,83,86,90,25,73,36,60,24,74,22,18,23,71,83,81,66,1.0
2012-13,1610612764,WAS,Washington Wizards,0021200458,2013-01-01T00:00:00,WAS vs. DAL,L,48.0,32,79,0.405,10,26,0.385,20,26,0.769,12,32,44,23,15.0,3,4,4,23,25,94,-9.0,1,36,36,36,6,66,57,71,9,8,39,22,31,37,31,47,35,30,38,90,45,39,58,8,40,70,1.0
2012-13,1610612764,WAS,Washington Wizards,0021200441,2012-12-29T00:00:00,WAS @ CHI,L,48.0,31,85,0.365,3,10,0.3,12,18,0.667,16,40,56,19,17.0,2,4,6,16,22,77,-10.0,1,36,36,36,6,71,28,83,85,94,64,69,64,76,9,2,2,61,57,94,45,66,13,25,87,75,1.0
2012-13,1610612764,WAS,Washington Wizards,0021200425,2012-12-28T00:00:00,WAS vs. ORL,W,48.0,42,88,0.477,6,20,0.3,15,17,0.882,11,36,47,25,11.0,6,8,2,14,13,105,8.0,1,1,1,1,6,8,13,22,49,25,64,53,66,5,42,16,20,20,12,60,5,10,2,87,13,16,1.0
2012-13,1610612764,WAS,Washington Wizards,0021200410,2012-12-26T00:00:00,WAS vs. CLE,L,48.0,35,76,0.461,4,18,0.222,10,14,0.714,12,39,51,22,20.0,4,6,3,21,16,84,-3.0,1,36,36,36,6,45,77,28,76,45,85,79,80,59,31,5,6,39,80,83,18,23,48,73,73,42,1.0
2012-13,1610612764,WAS,Washington Wizards,0021200390,2012-12-22T00:00:00,WAS vs. DET,L,48.0,29,77,0.377,4,21,0.19,25,32,0.781,10,33,43,20,11.0,7,3,3,18,25,87,-9.0,1,36,36,36,6,83,71,78,76,20,89,5,6,34,52,36,49,49,12,43,69,23,23,8,63,70,1.0
2012-13,1610612764,WAS,Washington Wizards,0021200384,2012-12-21T00:00:00,WAS @ DET,L,48.0,28,85,0.329,2,12,0.167,10,13,0.769,12,34,46,15,13.0,4,4,13,20,18,68,-32.0,1,36,36,36,6,88,28,91,92,83,92,79,83,37,31,29,24,83,23,83,45,95,39,60,95,95,1.0
2012-13,1610612764,WAS,Washington Wizards,0021200368,2012-12-19T00:00:00,WAS @ ORL,L,48.0,34,77,0.442,9,17,0.529,6,8,0.75,5,33,38,20,15.0,5,5,3,21,12,83,-7.0,1,36,36,36,6,52,71,42,16,55,8,92,92,46,92,36,78,49,38,74,31,23,48,90,77,60,1.0
2012-13,1610612764,WAS,Washington Wizards,0021200356,2012-12-18T00:00:00,WAS vs. ATL,L,53.0,36,95,0.379,6,18,0.333,17,22,0.773,15,34,49,28,15.0,10,7,9,24,20,95,-5.0,1,36,36,36,3,33,2,77,49,45,53,36,42,36,13,29,12,8,38,11,11,90,65,40,37,49,1.0
2012-13,1610612764,WAS,Washington Wizards,0021200339,2012-12-15T00:00:00,WAS @ MIA,L,48.0,27,72,0.375,7,20,0.35,11,15,0.733,10,30,40,16,21.0,8,0,2,18,15,72,-30.0,1,36,36,36,6,89,84,79,31,25,49,76,79,52,52,59,69,81,88,27,92,10,23,77,93,94,1.0
2012-13,1610612764,WAS,Washington Wizards,0021200326,2012-12-14T00:00:00,WAS vs. LAL,L,48.0,36,83,0.434,8,21,0.381,16,20,0.8,13,35,48,19,19.0,6,4,6,24,20,96,-6.0,1,36,36,36,6,33,39,48,21,20,42,44,54,25,23,21,17,61,74,60,45,66,65,40,34,56,1.0
2012-13,1610612764,WAS,Washington Wizards,0021200317,2012-12-12T00:00:00,WAS @ HOU,L,48.0,35,89,0.393,7,25,0.28,16,20,0.8,10,36,46,18,13.0,10,8,8,20,19,93,-6.0,1,36,36,36,6,45,11,73,31,11,72,44,54,25,52,16,24,69,23,11,5,86,39,52,44,56,1.0
2012-13,1610612764,WAS,Washington Wizards,0021200307,2012-12-11T00:00:00,WAS @ NOH,W,48.0,27,82,0.329,5,19,0.263,18,23,0.783,10,39,49,14,15.0,3,6,9,22,28,77,7.0,1,1,1,1,6,89,43,92,65,38,77,30,39,32,52,5,12,86,38,90,18,90,53,4,87,19,1.0
2012-13,1610612764,WAS,Washington Wizards,0021200283,2012-12-08T00:00:00,WAS vs. GSW,L,48.0,37,87,0.425,9,25,0.36,14,23,0.609,7,30,37,23,8.0,11,4,5,20,16,97,-4.0,1,36,36,36,6,27,18,52,16,11,48,61,39,86,78,59,82,30,1,5,45,53,39,73,33,46,1.0
2012-13,1610612764,WAS,Washington Wizards,0021200273,2012-12-07T00:00:00,WAS @ ATL,L,48.0,36,79,0.456,7,16,0.438,16,20,0.8,7,25,32,22,12.0,6,4,1,17,19,95,-9.0,1,36,36,36,6,33,57,30,31,63,20,44,54,25,78,87,92,39,18,60,45,3,16,52,37,70,1.0
2012-13,1610612764,WAS,Washington Wizards,0021200252,2012-12-04T00:00:00,WAS vs. MIA,W,48.0,38,79,0.481,7,19,0.368,22,29,0.759,8,36,44,31,12.0,7,3,2,14,20,105,4.0,1,1,1,1,6,24,57,19,31,38,45,12,15,44,73,16,35,3,18,43,69,10,2,40,13,25,1.0
2012-13,1610612764,WAS,Washington Wizards,0021200226,2012-11-30T00:00:00,WAS @ NYK,L,48.0,35,78,0.449,5,18,0.278,12,21,0.571,13,29,42,11,17.0,5,4,1,14,20,87,-21.0,1,36,36,36,6,45,65,38,65,45,73,69,46,90,23,70,53,92,57,74,45,3,2,40,63,89,1.0
2012-13,1610612764,WAS,Washington Wizards,0021200209,2012-11-28T00:00:00,WAS vs. POR,W,48.0,31,71,0.437,5,12,0.417,17,19,0.895,8,34,42,18,17.0,7,2,3,19,20,84,2.0,1,1,1,1,6,71,87,45,65,83,28,36,60,4,73,29,53,69,57,43,75,23,34,40,73,33,1.0
2012-13,1610612764,WAS,Washington Wizards,0021200197,2012-11-26T00:00:00,WAS vs. SAS,L,48.0,37,90,0.411,4,14,0.286,14,17,0.824,15,25,40,14,11.0,10,2,5,18,15,92,-26.0,1,36,36,36,6,27,7,64,76,77,70,61,66,15,13,87,69,86,12,11,75,53,23,77,46,92,1.0
2012-13,1610612764,WAS,Washington Wizards,0021200184,2012-11-24T00:00:00,WAS vs. CHA,L,58.0,34,93,0.366,6,27,0.222,32,39,0.821,18,35,53,21,20.0,11,5,5,28,33,106,-2.0,1,36,36,36,1,52,4,82,49,4,85,1,2,18,4,21,5,46,80,5,31,53,88,1,10,39,1.0
2012-13,1610612764,WAS,Washington Wizards,0021200162,2012-11-21T00:00:00,WAS @ ATL,L,53.0,38,89,0.427,7,20,0.35,17,24,0.708,19,39,58,20,23.0,8,6,5,27,25,100,-1.0,1,36,36,36,3,24,11,51,31,25,49,36,36,64,2,5,1,49,92,27,18,53,82,8,27,36,1.0
2012-13,1610612764,WAS,Washington Wizards,0021200147,2012-11-19T00:00:00,WAS vs. IND,L,48.0,31,87,0.356,4,17,0.235,23,31,0.742,14,22,36,13,10.0,10,2,10,27,27,89,-7.0,1,36,36,36,6,71,18,87,76,55,82,9,10,51,18,93,85,90,9,11,75,93,82,6,55,60,0.0
2012-13,1610612764,WAS,Washington Wizards,0021200133,2012-11-17T00:00:00,WAS vs. UTA,L,48.0,31,85,0.365,5,16,0.313,9,12,0.75,16,28,44,18,15.0,10,6,6,20,13,76,-7.0,1,36,36,36,6,71,28,83,65,63,63,84,84,46,9,76,35,69,38,11,18,66,39,87,89,60,1.0
2012-13,1610612764,WAS,Washington Wizards,0021200115,2012-11-14T00:00:00,WAS @ DAL,L,48.0,39,81,0.481,13,27,0.481,10,11,0.909,9,25,34,24,17.0,8,4,4,24,15,101,-6.0,1,36,36,36,6,18,46,18,2,4,12,79,86,2,65,87,89,24,57,27,45,39,65,77,21,56,1.0
2012-13,1610612764,WAS,Washington Wizards,0021200103,2012-11-13T00:00:00,WAS @ CHA,L,48.0,25,84,0.298,5,31,0.161,21,32,0.656,18,32,50,18,17.0,5,10,7,24,20,76,-16.0,1,36,36,36,6,94,33,95,65,2,93,16,6,78,4,47,10,69,57,74,1,79,65,40,89,86,1.0
2012-13,1610612764,WAS,Washington Wizards,0021200082,2012-11-10T00:00:00,WAS @ IND,L,48.0,35,79,0.443,10,24,0.417,5,7,0.714,5,35,40,26,12.0,5,5,4,21,12,85,-4.0,1,36,36,36,6,45,57,41,9,13,28,94,93,59,92,21,69,15,18,74,31,39,48,90,70,46,1.0
2012-13,1610612764,WAS,Washington Wizards,0021200068,2012-11-09T00:00:00,WAS vs. MIL,L,48.0,34,78,0.436,4,18,0.222,19,22,0.864,10,26,36,23,20.0,13,4,6,24,21,91,-10.0,1,36,36,36,6,52,65,46,76,45,85,24,42,8,52,85,85,30,80,2,45,66,65,30,50,75,1.0
2012-13,1610612764,WAS,Washington Wizards,0021200054,2012-11-07T00:00:00,WAS @ BOS,L,53.0,39,95,0.411,10,29,0.345,6,7,0.857,10,34,44,25,20.0,8,6,5,27,17,94,-6.0,1,36,36,36,3,18,2,65,9,3,52,92,93,9,52,29,35,20,80,27,18,53,82,65,40,56,1.0
2012-13,1610612764,WAS,Washington Wizards,0021200027,2012-11-03T00:00:00,WAS vs. BOS,L,48.0,34,78,0.436,6,20,0.3,12,17,0.706,7,39,46,20,15.0,7,4,4,14,12,86,-3.0,1,36,36,36,6,52,65,46,49,25,64,69,66,66,78,5,24,49,38,43,45,39,2,90,66,42,1.0
2012-13,1610612764,WAS,Washington Wizards,0021200001,2012-10-30T00:00:00,WAS @ CLE,L,48.0,32,90,0.356,8,32,0.25,12,20,0.6,18,21,39,26,13.0,11,10,5,19,21,84,-10.0,1,36,36,36,6,66,7,88,21,1,79,69,54,87,4,94,72,15,23,5,1,53,34,30,73,75,1.0
2012-13,1610612764,WAS,Washington Wizards,0011200116,2012-10-26T00:00:00,WAS @ SAS,L,48.0,31,84,0.369,7,21,0.333,16,21,0.762,14,30,44,19,13.0,4,0,3,23,20,85,-15.0,1,36,36,36,6,71,33,81,31,20,53,44,46,41,18,59,35,61,23,83,92,23,58,40,70,85,
2012-13,1610612764,WAS,Washington Wizards,0011200104,2012-10-24T00:00:00,WAS @ MIA,W,48.0,37,87,0.425,10,27,0.37,17,24,0.708,11,36,47,25,19.0,10,2,4,25,21,101,7.0,1,1,1,1,6,27,18,52,9,4,44,36,36,64,42,16,20,20,74,11,75,39,71,30,21,19,
2012-13,1610612764,WAS,Washington Wizards,0011200084,2012-10-20T00:00:00,WAS @ MIL,W,48.0,43,90,0.478,7,19,0.368,9,11,0.818,12,32,44,26,18.0,9,4,12,26,24,102,8.0,1,1,1,1,6,4,7,21,31,38,45,84,86,19,31,47,35,15,69,22,45,94,74,16,19,16,
2012-13,1610612764,WAS,Washington Wizards,0011200060,2012-10-17T00:00:00,WAS @ TOR,L,48.0,37,86,0.43,6,18,0.333,21,27,0.778,15,29,44,24,16.0,6,5,8,23,22,101,-3.0,1,36,36,36,6,27,24,50,49,45,53,16,25,35,13,70,35,24,48,60,31,86,58,25,21,42,
2012-13,1610612764,WAS,Washington Wizards,0011200051,2012-10-15T00:00:00,WAS @ BKN,L,48.0,32,82,0.39,6,20,0.3,18,23,0.783,11,30,41,15,9.0,6,1,7,21,24,88,-10.0,1,36,36,36,6,66,43,75,49,25,64,30,39,32,42,59,60,83,3,60,87,79,48,16,57,75,
2012-13,1610612764,WAS,Washington Wizards,0011200040,2012-10-13T00:00:00,WAS @ CLE,W,48.0,34,75,0.453,8,24,0.333,23,34,0.676,16,27,43,26,17.0,10,4,6,26,25,99,4.0,1,1,1,1,6,52,79,34,21,13,53,9,4,75,9,78,49,15,57,11,45,66,74,8,28,25,
2012-13,1610612764,WAS,Washington Wizards,0011200025,2012-10-11T00:00:00,WAS vs. NYK,L,48.0,33,78,0.423,11,27,0.407,24,28,0.857,15,30,45,22,16.0,5,1,0,26,25,101,-7.0,1,36,36,36,6,62,65,57,3,4,31,6,20,9,13,59,29,39,48,74,87,1,74,8,21,60,
2012-13,1610612764,WAS,Washington Wizards,0011200006,2012-10-07T00:00:00,WAS @ CHA,L,48.0,33,99,0.333,6,18,0.333,16,21,0.762,19,30,49,14,21.0,11,4,7,31,21,88,-12.0,1,36,36,36,6,62,1,90,49,45,53,44,46,41,2,59,12,86,88,5,45,79,93,30,57,84,
2012-13,1610612765,DET,Detroit Pistons,0021201217,2013-04-17T00:00:00,DET @ BKN,L,48.0,37,78,0.474,1,13,0.077,24,32,0.75,10,29,39,17,24.0,17,5,3,24,24,99,-4.0,1,38,38,38,4,37,59,33,93,78,93,7,10,25,60,50,57,70,92,1,30,7,77,17,33,48,1.0
2012-13,1610612765,DET,Detroit Pistons,0021201206,2013-04-15T00:00:00,DET vs. PHI,W,48.0,41,83,0.494,9,25,0.36,18,22,0.818,12,31,43,23,14.0,7,3,5,21,15,109,8.0,1,1,1,1,4,11,26,25,11,5,38,29,45,9,43,35,41,30,32,43,68,34,52,83,8,20,1.0
2012-13,1610612765,DET,Detroit Pistons,0021201181,2013-04-12T00:00:00,DET vs. CHA,W,48.0,43,83,0.518,12,18,0.667,15,20,0.75,15,30,45,31,22.0,10,3,5,20,17,113,20.0,1,1,1,1,4,6,26,15,2,40,2,49,62,25,16,43,31,2,87,7,68,34,39,71,5,4,1.0
2012-13,1610612765,DET,Detroit Pistons,0021201167,2013-04-10T00:00:00,DET @ CLE,W,48.0,40,80,0.5,4,16,0.25,27,42,0.643,5,28,33,20,5.0,6,1,8,20,28,111,7.0,1,1,1,1,4,16,45,21,65,58,70,2,2,74,92,57,83,53,1,56,87,71,39,4,7,21,1.0
2012-13,1610612765,DET,Detroit Pistons,0021201150,2013-04-07T00:00:00,DET vs. CHI,W,48.0,39,73,0.534,9,18,0.5,12,17,0.706,8,32,40,25,14.0,6,2,5,23,18,99,14.0,1,1,1,1,4,26,79,8,11,40,9,73,78,46,73,31,53,17,32,56,77,34,70,60,33,12,1.0
2012-13,1610612765,DET,Detroit Pistons,0021201141,2013-04-06T00:00:00,DET @ MIN,L,48.0,40,75,0.533,6,15,0.4,15,21,0.714,11,30,41,22,24.0,10,6,6,25,20,101,-6.0,1,38,38,38,4,16,72,9,42,67,26,49,55,38,49,43,46,37,92,7,24,54,79,41,27,53,1.0
2012-13,1610612765,DET,Detroit Pistons,0021201115,2013-04-03T00:00:00,DET @ BOS,L,48.0,34,93,0.366,4,24,0.167,21,30,0.7,25,27,52,20,17.0,10,1,9,20,26,93,-5.0,1,38,38,38,4,59,4,83,65,6,88,14,19,48,1,61,8,53,55,7,87,80,39,8,52,51,1.0
2012-13,1610612765,DET,Detroit Pistons,0021201100,2013-04-01T00:00:00,DET @ TOR,W,48.0,43,77,0.558,7,15,0.467,15,21,0.714,7,22,29,24,9.0,4,1,8,17,17,108,10.0,1,1,1,1,4,6,67,2,30,67,18,49,55,38,82,91,92,23,5,82,87,71,21,71,10,15,1.0
2012-13,1610612765,DET,Detroit Pistons,0021201097,2013-03-31T00:00:00,DET @ CHI,L,48.0,36,72,0.5,7,16,0.438,15,22,0.682,8,37,45,22,17.0,5,5,4,23,18,94,-1.0,1,38,38,38,4,40,82,21,30,58,22,49,45,56,73,9,31,37,55,69,30,18,70,60,48,38,1.0
2012-13,1610612765,DET,Detroit Pistons,0021201077,2013-03-29T00:00:00,DET vs. TOR,L,48.0,31,76,0.408,5,18,0.278,15,23,0.652,11,23,34,25,13.0,4,4,6,13,16,82,-17.0,1,38,38,38,4,77,69,69,52,40,67,49,38,71,49,85,79,17,25,82,49,54,2,77,73,79,1.0
2012-13,1610612765,DET,Detroit Pistons,0021201055,2013-03-26T00:00:00,DET vs. MIN,L,48.0,32,79,0.405,7,20,0.35,11,13,0.846,11,26,37,18,15.0,8,4,3,12,14,82,-23.0,1,38,38,38,4,71,50,72,30,21,42,79,91,5,49,65,67,64,41,24,49,7,1,90,73,88,1.0
2012-13,1610612765,DET,Detroit Pistons,0021201033,2013-03-23T00:00:00,DET @ CHA,W,48.0,36,79,0.456,10,26,0.385,10,14,0.714,8,32,40,31,15.0,8,3,9,18,13,92,1.0,1,1,1,1,4,40,50,42,7,3,29,85,88,38,73,31,53,2,41,24,68,80,25,94,54,34,1.0
2012-13,1610612765,DET,Detroit Pistons,0021201026,2013-03-22T00:00:00,DET @ MIA,L,48.0,34,83,0.41,7,22,0.318,14,18,0.778,18,29,47,21,22.0,9,5,6,24,14,89,-14.0,1,38,38,38,4,59,26,66,30,13,50,61,73,17,6,50,22,44,87,15,30,54,77,90,63,72,1.0
2012-13,1610612765,DET,Detroit Pistons,0021200997,2013-03-18T00:00:00,DET vs. BKN,L,48.0,34,78,0.436,1,18,0.056,13,15,0.867,10,23,33,20,15.0,6,4,8,21,17,82,-37.0,1,38,38,38,4,59,59,51,93,40,94,67,83,1,60,85,83,53,41,56,49,71,52,71,73,94,1.0
2012-13,1610612765,DET,Detroit Pistons,0021200984,2013-03-16T00:00:00,DET @ POR,L,48.0,40,76,0.526,5,17,0.294,16,24,0.667,7,26,33,19,13.0,7,3,4,22,20,101,-11.0,1,38,38,38,4,16,69,10,52,50,63,43,35,64,82,65,83,59,25,43,68,18,60,41,27,64,1.0
2012-13,1610612765,DET,Detroit Pistons,0021200966,2013-03-13T00:00:00,DET @ GSW,L,48.0,40,89,0.449,5,17,0.294,12,14,0.857,14,24,38,26,10.0,6,0,9,22,15,97,-8.0,1,38,38,38,4,16,11,43,52,50,63,73,88,2,23,80,64,9,8,56,95,80,60,83,36,61,0.0
2012-13,1610612765,DET,Detroit Pistons,0021200945,2013-03-11T00:00:00,DET @ UTA,L,48.0,34,80,0.425,7,20,0.35,15,18,0.833,6,24,30,14,7.0,5,5,9,15,14,90,-13.0,1,38,38,38,4,59,45,57,30,21,42,49,73,7,88,80,90,87,2,69,30,80,11,90,59,71,1.0
2012-13,1610612765,DET,Detroit Pistons,0021200942,2013-03-10T00:00:00,DET @ LAC,L,48.0,30,64,0.469,11,23,0.478,26,42,0.619,9,19,28,25,17.0,5,4,4,21,28,97,-32.0,1,38,38,38,4,79,93,36,5,9,12,3,2,78,70,95,94,17,55,69,49,18,52,4,36,92,1.0
2012-13,1610612765,DET,Detroit Pistons,0021200919,2013-03-08T00:00:00,DET vs. DAL,L,48.0,39,96,0.406,9,30,0.3,12,19,0.632,18,34,52,19,11.0,7,3,5,20,15,99,-3.0,1,38,38,38,4,26,3,70,11,1,62,73,67,76,6,22,8,59,12,43,68,34,39,83,33,43,1.0
2012-13,1610612765,DET,Detroit Pistons,0021200904,2013-03-06T00:00:00,DET vs. NYK,L,48.0,32,74,0.432,7,20,0.35,6,10,0.6,8,28,36,23,20.0,8,6,5,14,15,77,-10.0,1,38,38,38,4,71,77,54,30,21,42,92,93,81,73,57,71,30,80,24,24,34,8,83,84,63,1.0
2012-13,1610612765,DET,Detroit Pistons,0021200886,2013-03-03T00:00:00,DET @ SAS,L,48.0,28,86,0.326,6,19,0.316,13,18,0.722,13,33,46,17,19.0,4,1,9,23,18,75,-39.0,1,38,38,38,4,86,18,95,42,31,51,67,73,36,34,28,27,70,76,82,87,80,70,60,90,95,1.0
2012-13,1610612765,DET,Detroit Pistons,0021200871,2013-03-01T00:00:00,DET @ NOH,L,48.0,39,78,0.5,7,19,0.368,10,16,0.625,11,29,40,26,14.0,6,3,7,21,16,95,-5.0,1,38,38,38,4,26,59,21,30,31,33,85,80,77,49,50,53,9,32,56,68,65,52,77,47,51,1.0
2012-13,1610612765,DET,Detroit Pistons,0021200854,2013-02-27T00:00:00,DET @ WAS,W,48.0,39,72,0.542,9,15,0.6,9,16,0.563,5,31,36,35,17.0,10,4,4,15,15,96,1.0,1,1,1,1,4,26,82,5,11,67,4,90,80,91,92,35,71,1,55,7,49,18,11,83,42,34,1.0
2012-13,1610612765,DET,Detroit Pistons,0021200840,2013-02-25T00:00:00,DET vs. ATL,L,48.0,41,84,0.488,3,14,0.214,18,22,0.818,10,31,41,25,17.0,8,1,4,18,16,103,-11.0,1,38,38,38,4,11,22,29,78,73,83,29,45,9,60,35,46,17,55,24,87,18,25,77,21,64,1.0
2012-13,1610612765,DET,Detroit Pistons,0021200827,2013-02-23T00:00:00,DET vs. IND,L,48.0,26,77,0.338,2,14,0.143,18,24,0.75,10,29,39,14,14.0,9,2,6,22,25,72,-18.0,1,38,38,38,4,91,67,92,89,73,91,29,35,25,60,50,57,87,32,15,77,54,60,11,93,81,1.0
2012-13,1610612765,DET,Detroit Pistons,0021200814,2013-02-22T00:00:00,DET @ IND,L,48.0,29,82,0.354,3,19,0.158,21,37,0.568,15,26,41,15,16.0,8,5,6,26,25,82,-32.0,1,38,38,38,4,81,34,87,78,31,90,14,4,90,16,65,46,79,50,24,30,54,84,11,73,92,1.0
2012-13,1610612765,DET,Detroit Pistons,0021200799,2013-02-20T00:00:00,DET @ CHA,W,48.0,40,81,0.494,8,17,0.471,17,23,0.739,8,34,42,26,9.0,4,8,9,23,18,105,6.0,1,1,1,1,4,16,39,27,21,50,16,36,38,32,73,22,44,9,5,82,11,80,70,60,13,24,1.0
2012-13,1610612765,DET,Detroit Pistons,0021200792,2013-02-19T00:00:00,DET vs. MEM,L,48.0,38,82,0.463,9,20,0.45,6,10,0.6,6,23,29,28,17.0,7,4,7,18,20,91,-14.0,1,38,38,38,4,34,34,38,11,21,20,92,93,81,88,85,92,4,55,43,49,65,25,41,55,72,1.0
2012-13,1610612765,DET,Detroit Pistons,0021200781,2013-02-13T00:00:00,DET vs. WAS,W,48.0,35,79,0.443,9,18,0.5,17,25,0.68,14,34,48,19,17.0,10,4,3,20,18,96,11.0,1,1,1,1,4,50,50,46,11,40,9,36,32,59,23,22,18,59,55,7,49,7,39,60,42,14,1.0
2012-13,1610612765,DET,Detroit Pistons,0021200765,2013-02-11T00:00:00,DET vs. NOH,L,48.0,29,81,0.358,5,19,0.263,23,33,0.697,14,27,41,21,13.0,13,3,10,16,25,86,-19.0,1,38,38,38,4,81,39,85,52,31,69,10,7,49,23,61,46,44,25,2,68,90,16,11,69,82,1.0
2012-13,1610612765,DET,Detroit Pistons,0021200749,2013-02-09T00:00:00,DET @ MIL,W,48.0,41,83,0.494,8,17,0.471,15,19,0.789,11,35,46,25,20.0,11,2,7,20,14,105,5.0,1,1,1,1,4,11,26,25,21,50,16,49,67,16,49,16,27,17,80,5,77,65,39,90,13,26,1.0
2012-13,1610612765,DET,Detroit Pistons,0021200739,2013-02-08T00:00:00,DET vs. SAS,W,48.0,46,89,0.517,10,22,0.455,17,20,0.85,15,34,49,26,12.0,5,4,9,20,16,119,10.0,1,1,1,1,4,2,11,16,7,13,19,36,62,3,16,22,15,9,14,69,49,80,39,77,1,15,1.0
2012-13,1610612765,DET,Detroit Pistons,0021200727,2013-02-06T00:00:00,DET vs. BKN,L,48.0,36,83,0.434,3,17,0.176,15,21,0.714,14,27,41,28,14.0,7,7,5,29,19,90,-3.0,1,38,38,38,4,40,26,52,78,50,86,49,55,38,23,61,46,4,32,43,15,34,93,55,59,43,1.0
2012-13,1610612765,DET,Detroit Pistons,0021200710,2013-02-04T00:00:00,DET @ NYK,L,48.0,38,90,0.422,3,13,0.231,6,12,0.5,17,26,43,15,12.0,10,5,2,13,16,85,-14.0,1,38,38,38,4,34,7,58,78,78,78,92,92,93,9,65,41,79,14,7,30,2,2,77,70,72,1.0
2012-13,1610612765,DET,Detroit Pistons,0021200706,2013-02-03T00:00:00,DET vs. LAL,L,48.0,41,92,0.446,5,14,0.357,10,15,0.667,10,37,47,26,15.0,10,8,3,18,15,97,-1.0,1,38,38,38,4,11,5,45,52,73,39,85,83,64,60,9,22,9,41,7,11,7,25,83,36,38,1.0
2012-13,1610612765,DET,Detroit Pistons,0021200690,2013-02-01T00:00:00,DET vs. CLE,W,48.0,45,83,0.542,4,14,0.286,23,43,0.535,13,36,49,27,11.0,8,11,6,21,33,117,18.0,1,1,1,1,4,3,26,4,65,73,65,10,1,92,34,14,15,7,12,24,3,54,52,1,3,6,1.0
2012-13,1610612765,DET,Detroit Pistons,0021200671,2013-01-30T00:00:00,DET @ IND,L,48.0,32,88,0.364,3,18,0.167,12,27,0.444,16,28,44,11,14.0,8,10,4,17,18,79,-19.0,1,38,38,38,4,71,13,84,78,40,88,73,22,95,11,57,35,92,32,24,5,18,21,60,79,82,1.0
2012-13,1610612765,DET,Detroit Pistons,0021200667,2013-01-29T00:00:00,DET vs. MIL,L,48.0,34,84,0.405,2,11,0.182,20,28,0.714,21,30,51,18,21.0,7,4,8,20,21,90,-27.0,1,38,38,38,4,59,22,73,89,91,85,22,21,38,3,43,11,64,85,43,49,71,39,34,59,89,1.0
2012-13,1610612765,DET,Detroit Pistons,0021200654,2013-01-27T00:00:00,DET @ ORL,W,48.0,40,79,0.506,11,23,0.478,13,18,0.722,7,30,37,25,12.0,8,7,2,14,21,104,2.0,1,1,1,1,4,16,50,19,5,9,12,67,73,36,82,43,67,17,14,24,15,2,8,34,17,31,1.0
2012-13,1610612765,DET,Detroit Pistons,0021200634,2013-01-25T00:00:00,DET @ MIA,L,48.0,34,72,0.472,4,12,0.333,16,23,0.696,12,23,35,11,19.0,9,2,4,18,17,88,-22.0,1,38,38,38,4,59,82,35,65,88,47,43,38,50,43,85,75,92,76,15,77,18,25,71,66,87,1.0
2012-13,1610612765,DET,Detroit Pistons,0021200620,2013-01-23T00:00:00,DET @ CHI,L,48.0,34,82,0.415,4,13,0.308,10,14,0.714,13,24,37,20,12.0,6,4,5,22,18,82,-3.0,1,38,38,38,4,59,34,62,65,78,55,85,88,38,34,80,67,53,14,56,49,34,60,60,73,43,1.0
2012-13,1610612765,DET,Detroit Pistons,0021200615,2013-01-22T00:00:00,DET vs. ORL,W,48.0,42,91,0.462,7,23,0.304,14,21,0.667,16,38,54,23,8.0,8,5,2,13,20,105,15.0,1,1,1,1,4,9,6,39,30,9,60,61,55,64,11,7,6,30,3,24,30,2,2,41,13,10,1.0
2012-13,1610612765,DET,Detroit Pistons,0021200603,2013-01-20T00:00:00,DET vs. BOS,W,48.0,36,78,0.462,9,19,0.474,22,31,0.71,12,38,50,24,21.0,9,7,4,23,33,103,15.0,1,1,1,1,4,40,59,39,11,31,15,13,13,45,43,7,14,23,85,15,15,18,70,1,21,10,1.0
2012-13,1610612765,DET,Detroit Pistons,0021200580,2013-01-17T00:00:00,DET vs. NYK,L,48.0,35,79,0.443,6,17,0.353,11,22,0.5,11,25,36,22,15.0,7,4,5,21,22,87,-15.0,1,38,38,38,4,50,50,46,42,50,40,79,45,93,49,75,71,37,41,43,49,34,52,27,67,76,1.0
2012-13,1610612765,DET,Detroit Pistons,0021200545,2013-01-12T00:00:00,DET vs. UTA,L,48.0,34,65,0.523,6,16,0.375,13,21,0.619,7,25,32,21,17.0,9,6,3,22,22,87,-3.0,1,38,38,38,4,59,91,13,42,58,31,67,55,78,82,75,88,44,55,15,24,7,60,27,67,43,1.0
2012-13,1610612765,DET,Detroit Pistons,0021200537,2013-01-11T00:00:00,DET @ MIL,W,48.0,39,90,0.433,8,22,0.364,17,25,0.68,14,37,51,24,12.0,8,8,12,13,19,103,16.0,1,1,1,1,4,26,7,53,21,13,35,36,32,59,23,9,11,23,14,24,11,92,2,55,21,8,1.0
2012-13,1610612765,DET,Detroit Pistons,0021200501,2013-01-06T00:00:00,DET vs. CHA,L,53.0,40,80,0.5,8,26,0.308,13,19,0.684,14,30,44,22,22.0,5,11,5,27,20,101,-7.0,1,38,38,38,3,16,45,21,21,3,55,67,67,54,23,43,35,37,87,69,3,34,88,41,27,55,1.0
2012-13,1610612765,DET,Detroit Pistons,0021200482,2013-01-04T00:00:00,DET vs. ATL,W,48.0,35,85,0.412,3,15,0.2,12,21,0.571,17,39,56,18,14.0,8,9,4,17,20,85,1.0,1,1,1,1,4,50,19,64,78,67,84,73,55,89,9,4,5,64,32,24,8,18,21,41,70,34,1.0
2012-13,1610612765,DET,Detroit Pistons,0021200460,2013-01-01T00:00:00,DET vs. SAC,W,48.0,39,75,0.52,8,20,0.4,17,22,0.773,13,31,44,19,19.0,7,8,3,15,20,103,6.0,1,1,1,1,4,26,72,14,21,21,26,36,45,20,34,35,35,59,76,43,11,7,11,41,21,24,1.0
2012-13,1610612765,DET,Detroit Pistons,0021200448,2012-12-30T00:00:00,DET vs. MIL,W,48.0,39,82,0.476,6,18,0.333,12,15,0.8,16,31,47,16,19.0,5,5,5,13,18,96,2.0,1,1,1,1,4,26,34,32,42,40,47,73,83,12,11,35,22,76,76,69,30,34,2,60,42,31,1.0
2012-13,1610612765,DET,Detroit Pistons,0021200428,2012-12-28T00:00:00,DET vs. MIA,W,48.0,43,74,0.581,12,19,0.632,11,17,0.647,7,31,38,24,14.0,6,2,5,20,16,109,10.0,1,1,1,1,4,6,77,1,2,31,3,79,78,73,82,35,64,23,32,56,77,34,39,77,8,15,1.0
2012-13,1610612765,DET,Detroit Pistons,0021200414,2012-12-26T00:00:00,DET @ ATL,L,58.0,48,109,0.44,14,27,0.519,9,15,0.6,21,41,62,21,18.0,5,5,6,23,18,119,-7.0,1,38,38,38,1,1,1,50,1,2,8,90,83,81,3,3,1,44,73,69,30,54,70,60,1,55,1.0
2012-13,1610612765,DET,Detroit Pistons,0021200390,2012-12-22T00:00:00,DET @ WAS,W,48.0,36,88,0.409,8,19,0.421,16,20,0.8,19,39,58,22,17.0,7,3,3,25,18,96,9.0,1,1,1,1,4,40,13,67,21,31,24,43,62,12,5,4,2,37,55,43,68,7,79,60,42,19,1.0
2012-13,1610612765,DET,Detroit Pistons,0021200384,2012-12-21T00:00:00,DET vs. WAS,W,48.0,38,90,0.422,10,24,0.417,14,21,0.667,16,42,58,24,12.0,4,13,4,18,20,100,32.0,1,1,1,1,4,34,7,58,7,6,25,61,55,64,11,2,2,23,14,82,1,18,25,41,31,2,1.0
2012-13,1610612765,DET,Detroit Pistons,0021200366,2012-12-19T00:00:00,DET @ TOR,L,48.0,35,84,0.417,3,12,0.25,18,30,0.6,22,22,44,15,12.0,4,2,6,19,24,91,-6.0,1,38,38,38,4,50,22,61,78,88,70,29,19,81,2,91,35,79,14,82,77,54,32,17,55,53,1.0
2012-13,1610612765,DET,Detroit Pistons,0021200352,2012-12-17T00:00:00,DET vs. LAC,L,48.0,29,71,0.408,7,20,0.35,11,19,0.579,8,26,34,15,17.0,4,7,5,17,15,76,-12.0,1,38,38,38,4,81,87,68,30,21,42,79,67,86,73,65,79,79,55,82,15,34,21,83,87,68,1.0
2012-13,1610612765,DET,Detroit Pistons,0021200340,2012-12-15T00:00:00,DET vs. IND,L,48.0,32,83,0.386,3,13,0.231,10,15,0.667,11,30,41,18,10.0,5,4,9,16,21,77,-11.0,1,38,38,38,4,71,26,80,78,78,78,85,83,64,49,43,46,64,8,69,49,80,16,34,84,64,1.0
2012-13,1610612765,DET,Detroit Pistons,0021200328,2012-12-14T00:00:00,DET @ BKN,L,58.0,40,99,0.404,5,16,0.313,20,26,0.769,18,36,54,21,13.0,5,4,8,21,24,105,-2.0,1,38,38,38,1,16,2,74,52,58,53,22,26,22,6,14,6,44,25,69,49,71,52,17,13,40,1.0
2012-13,1610612765,DET,Detroit Pistons,0021200306,2012-12-11T00:00:00,DET vs. DEN,L,48.0,34,81,0.42,5,13,0.385,21,31,0.677,14,37,51,18,17.0,8,10,12,28,19,94,-7.0,1,38,38,38,4,59,39,60,52,78,29,14,13,61,23,9,11,64,55,24,5,92,89,55,48,55,1.0
2012-13,1610612765,DET,Detroit Pistons,0021200298,2012-12-10T00:00:00,DET @ PHI,L,48.0,32,81,0.395,5,18,0.278,28,33,0.848,14,26,40,18,13.0,7,5,7,20,25,97,-7.0,1,38,38,38,4,71,39,78,52,40,67,1,7,4,23,65,53,64,25,43,30,65,39,11,36,55,1.0
2012-13,1610612765,DET,Detroit Pistons,0021200287,2012-12-08T00:00:00,DET @ CLE,W,48.0,35,75,0.467,9,15,0.6,25,33,0.758,10,25,35,17,9.0,5,5,8,22,27,104,7.0,1,1,1,1,4,50,72,37,11,67,4,4,7,24,60,75,75,70,5,69,30,71,60,6,17,21,1.0
2012-13,1610612765,DET,Detroit Pistons,0021200274,2012-12-07T00:00:00,DET vs. CHI,L,48.0,36,70,0.514,8,14,0.571,24,31,0.774,5,23,28,14,8.0,6,1,4,19,20,104,-4.0,1,38,38,38,4,40,88,17,21,73,7,7,13,19,92,85,94,87,3,56,87,18,32,41,17,48,1.0
2012-13,1610612765,DET,Detroit Pistons,0021200261,2012-12-05T00:00:00,DET vs. GSW,L,48.0,35,79,0.443,6,21,0.286,21,31,0.677,15,29,44,22,17.0,4,5,7,26,22,97,-7.0,1,38,38,38,4,50,50,46,42,17,65,14,13,61,16,50,35,37,55,82,30,65,84,27,36,55,1.0
2012-13,1610612765,DET,Detroit Pistons,0021200246,2012-12-03T00:00:00,DET vs. CLE,W,48.0,36,84,0.429,4,18,0.222,13,19,0.684,15,34,49,21,12.0,6,13,5,16,20,89,10.0,1,1,1,1,4,40,22,56,65,40,81,67,67,54,16,22,15,44,14,56,1,34,16,41,63,15,1.0
2012-13,1610612765,DET,Detroit Pistons,0021200240,2012-12-01T00:00:00,DET @ DAL,L,48.0,29,85,0.341,5,21,0.238,14,18,0.778,15,37,52,16,16.0,7,7,9,15,18,77,-15.0,1,38,38,38,4,81,19,90,52,17,76,61,73,17,16,9,8,76,50,43,15,80,11,60,84,76,1.0
2012-13,1610612765,DET,Detroit Pistons,0021200228,2012-11-30T00:00:00,DET @ MEM,L,48.0,29,72,0.403,4,16,0.25,16,20,0.8,11,35,46,15,22.0,7,5,5,20,22,78,-12.0,1,38,38,38,4,81,82,75,65,58,70,43,62,12,49,16,27,79,87,43,30,34,39,27,82,68,1.0
2012-13,1610612765,DET,Detroit Pistons,0021200213,2012-11-28T00:00:00,DET vs. PHX,W,48.0,40,76,0.526,12,16,0.75,25,35,0.714,8,35,43,28,12.0,9,5,5,19,23,117,40.0,1,1,1,1,4,16,69,10,2,58,1,4,6,38,73,16,41,4,14,15,30,34,32,23,3,1,1.0
2012-13,1610612765,DET,Detroit Pistons,0021200198,2012-11-26T00:00:00,DET vs. POR,W,48.0,42,80,0.525,9,15,0.6,15,22,0.682,12,35,47,26,17.0,6,5,9,25,24,108,7.0,1,1,1,1,4,9,45,12,11,67,4,49,45,56,43,16,22,9,55,56,30,80,79,17,10,21,1.0
2012-13,1610612765,DET,Detroit Pistons,0021200192,2012-11-25T00:00:00,DET @ NYK,L,48.0,37,78,0.474,9,20,0.45,17,22,0.773,10,28,38,20,20.0,6,4,4,22,19,100,-21.0,1,38,38,38,4,37,59,33,11,21,20,36,45,20,60,57,64,53,80,56,49,18,60,55,31,85,1.0
2012-13,1610612765,DET,Detroit Pistons,0021200175,2012-11-23T00:00:00,DET vs. TOR,W,48.0,36,78,0.462,4,13,0.308,15,26,0.577,15,31,46,17,15.0,4,2,6,22,23,91,1.0,1,1,1,1,4,40,59,39,65,78,55,49,26,88,16,35,27,70,41,82,77,54,60,23,55,34,1.0
2012-13,1610612765,DET,Detroit Pistons,0021200158,2012-11-21T00:00:00,DET @ ORL,L,48.0,28,85,0.329,3,17,0.176,15,22,0.682,13,35,48,15,15.0,5,2,5,16,23,74,-16.0,1,38,38,38,4,86,19,93,78,50,86,49,45,56,34,16,18,79,41,69,77,34,16,23,92,78,1.0
2012-13,1610612765,DET,Detroit Pistons,0021200144,2012-11-18T00:00:00,DET vs. BOS,W,48.0,39,72,0.542,4,11,0.364,21,26,0.808,7,32,39,23,17.0,8,1,0,22,21,103,20.0,1,1,1,1,4,26,82,5,65,91,35,14,26,11,82,31,57,30,55,24,87,1,60,34,21,4,1.0
2012-13,1610612765,DET,Detroit Pistons,0021200123,2012-11-16T00:00:00,DET vs. ORL,L,48.0,44,82,0.537,2,8,0.25,16,20,0.8,6,24,30,21,14.0,8,4,3,18,17,106,-4.0,1,38,38,38,4,4,34,7,89,94,70,43,62,12,88,80,90,44,32,24,49,7,25,71,12,48,1.0
2012-13,1610612765,DET,Detroit Pistons,0021200109,2012-11-14T00:00:00,DET @ PHI,W,48.0,35,73,0.479,3,7,0.429,21,31,0.677,12,45,57,27,18.0,3,7,4,25,21,94,18.0,1,1,1,1,4,50,79,31,78,95,23,14,13,61,43,1,4,7,73,93,15,18,79,34,48,6,1.0
2012-13,1610612765,DET,Detroit Pistons,0021200097,2012-11-12T00:00:00,DET vs. OKC,L,48.0,33,83,0.398,6,17,0.353,18,27,0.667,13,26,39,22,12.0,8,7,12,28,20,90,-2.0,1,38,38,38,4,70,26,77,42,50,40,29,22,64,34,65,57,37,14,24,15,92,89,41,59,40,1.0
2012-13,1610612765,DET,Detroit Pistons,0021200085,2012-11-10T00:00:00,DET @ HOU,L,48.0,32,80,0.4,7,20,0.35,11,16,0.688,11,34,45,17,18.0,8,9,3,16,17,82,-14.0,1,38,38,38,4,71,45,76,30,21,42,79,80,53,49,22,31,70,73,24,8,7,16,71,73,72,1.0
2012-13,1610612765,DET,Detroit Pistons,0021200075,2012-11-09T00:00:00,DET @ OKC,L,48.0,36,87,0.414,6,19,0.316,16,22,0.727,16,25,41,24,15.0,8,4,4,19,25,94,-11.0,1,38,38,38,4,40,16,63,42,31,51,43,45,35,11,75,46,23,41,24,49,18,32,11,48,64,0.0
2012-13,1610612765,DET,Detroit Pistons,0021200063,2012-11-07T00:00:00,DET @ SAC,L,48.0,36,73,0.493,8,22,0.364,23,31,0.742,10,23,33,23,17.0,4,6,3,20,21,103,-2.0,1,38,38,38,4,40,79,28,21,13,35,10,13,30,60,85,83,30,55,82,24,7,39,34,21,40,0.0
2012-13,1610612765,DET,Detroit Pistons,0021200052,2012-11-06T00:00:00,DET @ DEN,L,48.0,35,78,0.449,6,12,0.5,21,25,0.84,8,27,35,26,15.0,6,9,11,19,21,97,-12.0,1,38,38,38,4,50,59,44,42,88,9,14,32,6,73,61,75,9,41,56,8,91,32,34,36,68,1.0
2012-13,1610612765,DET,Detroit Pistons,0021200041,2012-11-04T00:00:00,DET @ LAL,L,48.0,28,79,0.354,4,13,0.308,19,23,0.826,13,20,33,19,17.0,5,5,8,20,20,79,-29.0,1,38,38,38,4,86,50,86,65,78,55,26,38,8,34,94,83,59,55,69,30,71,39,41,79,91,1.0
2012-13,1610612765,DET,Detroit Pistons,0021200024,2012-11-02T00:00:00,DET @ PHX,L,48.0,37,90,0.411,4,13,0.308,11,19,0.579,10,29,39,20,10.0,2,5,5,19,20,89,-3.0,1,38,38,38,4,37,7,65,65,78,55,79,67,86,60,50,57,53,8,95,30,34,32,41,63,43,1.0
2012-13,1610612765,DET,Detroit Pistons,0021200006,2012-10-31T00:00:00,DET vs. HOU,L,48.0,35,79,0.443,6,16,0.375,20,26,0.769,10,26,36,21,16.0,12,4,3,15,24,96,-9.0,1,38,38,38,4,50,50,46,42,58,31,22,26,22,60,65,71,44,50,3,49,7,11,17,42,62,1.0
2012-13,1610612765,DET,Detroit Pistons,0011200114,2012-10-26T00:00:00,DET vs. ATL,W,48.0,40,78,0.513,7,23,0.304,17,23,0.739,13,35,48,21,24.0,9,6,4,26,25,104,16.0,1,1,1,1,4,16,59,18,30,9,60,36,38,32,34,16,18,44,92,15,24,18,84,11,17,8,
2012-13,1610612765,DET,Detroit Pistons,0011200102,2012-10-24T00:00:00,DET @ MIN,L,48.0,23,70,0.329,5,16,0.313,25,36,0.694,4,30,34,13,13.0,8,3,2,19,24,76,-19.0,1,38,38,38,4,94,88,94,52,58,53,4,5,51,95,43,79,91,25,24,68,2,32,17,87,82,
2012-13,1610612765,DET,Detroit Pistons,0011200083,2012-10-20T00:00:00,DET vs. CHA,W,48.0,28,75,0.373,5,20,0.25,24,32,0.75,9,39,48,17,20.0,6,6,6,28,26,85,5.0,1,1,1,1,4,86,72,82,52,21,70,7,10,25,70,4,18,70,80,56,24,54,89,8,70,26,
2012-13,1610612765,DET,Detroit Pistons,0011200069,2012-10-18T00:00:00,DET @ MIA,L,48.0,31,88,0.352,2,16,0.125,14,23,0.609,12,32,44,15,16.0,4,1,5,23,27,78,-27.0,1,38,38,38,4,77,13,88,89,58,92,61,38,80,43,31,35,79,50,82,87,34,70,6,82,89,
2012-13,1610612765,DET,Detroit Pistons,0011200059,2012-10-16T00:00:00,DET vs. ORL,W,48.0,44,81,0.543,10,21,0.476,14,22,0.636,11,26,37,26,17.0,9,4,7,14,19,112,26.0,1,1,1,1,4,4,39,3,7,17,14,61,45,75,49,65,67,9,55,15,49,65,8,55,6,3,
2012-13,1610612765,DET,Detroit Pistons,0011200041,2012-10-13T00:00:00,DET @ MIL,L,48.0,34,87,0.391,8,24,0.333,15,23,0.652,13,29,42,23,20.0,9,4,14,31,22,91,-17.0,1,38,38,38,4,59,16,79,21,6,47,49,38,71,34,50,44,30,80,15,49,95,95,27,55,79,
2012-13,1610612765,DET,Detroit Pistons,0011200030,2012-10-12T00:00:00,DET @ TOR,L,48.0,26,75,0.347,4,18,0.222,19,26,0.731,14,31,45,16,24.0,11,7,6,28,22,75,-7.0,1,38,38,38,4,91,72,89,65,40,81,26,26,34,23,35,31,76,92,5,15,54,89,27,90,55,
2012-13,1610612765,DET,Detroit Pistons,0011200023,2012-10-10T00:00:00,DET vs. TOR,W,48.0,41,81,0.506,0,13,0.0,19,27,0.704,14,33,47,24,16.0,8,5,5,22,26,101,2.0,1,1,1,1,4,11,39,20,95,78,95,26,22,47,23,28,22,23,50,24,30,34,60,8,27,31,
2012-13,1610612766,CHA,Charlotte Bobcats,0021201219,2013-04-17T00:00:00,CHA vs. CLE,W,48.0,37,73,0.507,8,20,0.4,23,30,0.767,7,33,40,28,15.0,8,4,3,14,24,105,7.0,1,1,1,1,5,23,84,4,14,29,20,16,17,46,82,16,49,4,57,26,63,9,8,23,11,10,1.0
2012-13,1610612766,CHA,Charlotte Bobcats,0021201202,2013-04-15T00:00:00,CHA vs. NYK,W,48.0,43,74,0.581,7,18,0.389,13,14,0.929,4,33,37,35,11.0,4,6,1,15,15,106,11.0,1,1,1,1,5,4,83,1,25,40,29,80,92,1,92,16,63,1,10,84,34,1,13,91,9,7,1.0
2012-13,1610612766,CHA,Charlotte Bobcats,0021201190,2013-04-13T00:00:00,CHA vs. MIL,W,48.0,37,80,0.463,4,9,0.444,17,24,0.708,11,41,52,23,16.0,6,5,3,18,20,95,10.0,1,1,1,1,5,23,48,25,60,90,11,59,48,63,45,1,4,16,63,53,47,9,32,60,39,8,1.0
2012-13,1610612766,CHA,Charlotte Bobcats,0021201181,2013-04-12T00:00:00,CHA @ DET,L,48.0,35,78,0.449,9,24,0.375,14,17,0.824,9,24,33,18,24.0,10,5,3,17,20,93,-20.0,1,27,27,27,5,40,64,34,8,11,32,73,85,22,62,74,82,47,94,14,47,9,23,60,48,76,1.0
2012-13,1610612766,CHA,Charlotte Bobcats,0021201159,2013-04-09T00:00:00,CHA @ MEM,L,48.0,30,80,0.375,2,14,0.143,13,18,0.722,11,33,44,13,12.0,2,6,7,17,16,75,-19.0,1,27,27,27,5,75,48,75,89,69,92,80,80,57,45,16,24,83,20,92,34,46,23,84,91,75,0.0
2012-13,1610612766,CHA,Charlotte Bobcats,0021201139,2013-04-06T00:00:00,CHA @ BKN,L,48.0,36,80,0.45,7,21,0.333,17,23,0.739,13,30,43,18,16.0,4,6,7,24,17,96,-9.0,1,27,27,27,5,32,48,33,25,24,43,59,55,54,25,36,31,47,63,84,34,46,78,79,37,51,1.0
2012-13,1610612766,CHA,Charlotte Bobcats,0021201126,2013-04-05T00:00:00,CHA vs. MIA,L,48.0,28,88,0.318,3,16,0.188,20,22,0.909,23,23,46,13,13.0,11,4,8,11,17,79,-10.0,1,27,27,27,5,84,13,90,75,53,86,35,62,3,2,79,12,83,31,9,63,57,3,79,81,54,1.0
2012-13,1610612766,CHA,Charlotte Bobcats,0021201112,2013-04-03T00:00:00,CHA vs. PHI,W,48.0,35,81,0.432,4,14,0.286,14,16,0.875,13,37,50,22,18.0,11,5,1,13,16,88,5.0,1,1,1,1,5,40,39,44,60,69,62,73,87,8,25,6,6,18,80,9,47,1,6,84,66,15,1.0
2012-13,1610612766,CHA,Charlotte Bobcats,0021201102,2013-04-01T00:00:00,CHA @ MIL,L,48.0,37,73,0.507,6,19,0.316,22,28,0.786,4,28,32,18,21.0,7,5,2,20,21,102,-29.0,1,27,27,27,5,23,84,4,33,35,53,22,28,34,92,50,83,47,92,43,47,4,46,51,16,89,1.0
2012-13,1610612766,CHA,Charlotte Bobcats,0021201087,2013-03-30T00:00:00,CHA @ PHI,L,48.0,38,76,0.5,2,8,0.25,14,23,0.609,8,27,35,22,12.0,5,3,1,22,24,92,-8.0,1,27,27,27,5,17,72,8,89,92,72,73,55,88,72,57,75,18,20,68,75,1,69,23,52,46,1.0
2012-13,1610612766,CHA,Charlotte Bobcats,0021201076,2013-03-29T00:00:00,CHA @ NYK,L,48.0,34,73,0.466,10,26,0.385,24,31,0.774,10,24,34,18,17.0,7,3,4,26,27,102,-9.0,1,27,27,27,5,46,84,22,5,3,30,12,15,43,54,74,79,47,72,43,75,16,87,9,16,51,1.0
2012-13,1610612766,CHA,Charlotte Bobcats,0021201059,2013-03-27T00:00:00,CHA vs. ORL,W,48.0,44,85,0.518,6,20,0.3,20,28,0.714,11,32,43,26,10.0,5,8,6,12,21,114,6.0,1,1,1,1,5,3,22,3,33,29,58,35,28,58,45,22,31,7,6,68,17,35,5,51,3,12,1.0
2012-13,1610612766,CHA,Charlotte Bobcats,0021201041,2013-03-24T00:00:00,CHA @ MIA,L,48.0,30,89,0.337,5,25,0.2,12,18,0.667,14,31,45,9,13.0,8,2,10,20,16,77,-32.0,1,27,27,27,5,75,10,87,48,5,85,88,80,75,22,31,17,93,31,26,84,76,46,84,87,93,1.0
2012-13,1610612766,CHA,Charlotte Bobcats,0021201033,2013-03-23T00:00:00,CHA vs. DET,L,48.0,32,75,0.427,4,17,0.235,23,25,0.92,7,34,41,14,15.0,10,9,3,13,18,91,-1.0,1,27,27,27,5,61,77,51,60,46,77,16,44,2,82,14,41,76,57,14,8,9,6,72,57,27,1.0
2012-13,1610612766,CHA,Charlotte Bobcats,0021201008,2013-03-20T00:00:00,CHA vs. TOR,W,48.0,35,75,0.467,8,16,0.5,29,40,0.725,13,29,42,21,13.0,10,7,9,26,27,107,6.0,1,1,1,1,5,40,77,20,14,53,2,2,2,56,25,44,36,25,31,14,22,67,87,9,8,12,1.0
2012-13,1610612766,CHA,Charlotte Bobcats,0021200994,2013-03-18T00:00:00,CHA vs. WAS,W,48.0,42,79,0.532,9,22,0.409,26,33,0.788,8,23,31,32,12.0,9,5,5,20,26,119,5.0,1,1,1,1,5,5,54,2,8,18,19,7,9,33,72,79,87,2,20,22,47,22,46,15,2,15,1.0
2012-13,1610612766,CHA,Charlotte Bobcats,0021200980,2013-03-16T00:00:00,CHA @ BOS,L,48.0,34,76,0.447,7,20,0.35,13,21,0.619,6,29,35,23,14.0,7,7,8,17,21,88,-17.0,1,27,27,27,5,46,72,35,25,29,40,80,70,87,89,44,75,16,48,43,22,57,23,51,66,69,1.0
2012-13,1610612766,CHA,Charlotte Bobcats,0021200969,2013-03-15T00:00:00,CHA @ TOR,L,48.0,26,80,0.325,6,22,0.273,20,29,0.69,15,21,36,14,13.0,14,3,8,18,23,78,-14.0,1,27,27,27,5,90,48,89,33,18,67,35,24,66,13,90,71,76,31,2,75,57,32,37,83,62,1.0
2012-13,1610612766,CHA,Charlotte Bobcats,0021200948,2013-03-12T00:00:00,CHA vs. BOS,W,48.0,35,77,0.455,6,17,0.353,24,30,0.8,16,32,48,20,11.0,8,3,4,18,21,100,26.0,1,1,1,1,5,40,69,28,33,46,39,12,17,30,10,22,9,35,10,26,75,16,32,51,23,2,1.0
2012-13,1610612766,CHA,Charlotte Bobcats,0021200929,2013-03-09T00:00:00,CHA @ WAS,L,48.0,32,79,0.405,5,15,0.333,18,23,0.783,7,25,32,19,13.0,8,2,5,21,26,87,-17.0,1,27,27,27,5,61,54,64,48,62,43,51,55,37,82,71,83,42,31,26,84,22,62,15,70,69,1.0
2012-13,1610612766,CHA,Charlotte Bobcats,0021200915,2013-03-08T00:00:00,CHA vs. OKC,L,48.0,35,85,0.412,7,23,0.304,17,25,0.68,14,23,37,25,9.0,3,6,8,15,19,94,-22.0,1,27,27,27,5,40,22,59,25,15,57,59,44,70,22,79,63,11,4,89,34,57,13,69,43,79,1.0
2012-13,1610612766,CHA,Charlotte Bobcats,0021200899,2013-03-06T00:00:00,CHA vs. BKN,L,48.0,32,84,0.381,4,18,0.222,10,15,0.667,6,23,29,21,14.0,8,3,10,21,16,78,-21.0,1,27,27,27,5,61,26,72,60,40,82,92,89,75,89,79,94,25,48,26,75,76,62,84,83,77,1.0
2012-13,1610612766,CHA,Charlotte Bobcats,0021200894,2013-03-04T00:00:00,CHA @ POR,L,48.0,45,97,0.464,1,10,0.1,14,18,0.778,21,23,44,21,8.0,5,2,9,16,16,105,-17.0,1,27,27,27,5,2,2,24,95,85,94,73,80,40,3,79,24,25,3,68,84,67,18,84,11,69,1.0
2012-13,1610612766,CHA,Charlotte Bobcats,0021200884,2013-03-03T00:00:00,CHA @ SAC,L,48.0,28,77,0.364,6,23,0.261,21,27,0.778,4,27,31,20,13.0,6,3,4,18,23,83,-36.0,1,27,27,27,5,84,69,82,33,15,71,29,38,40,92,57,87,35,31,53,75,16,32,37,75,94,1.0
2012-13,1610612766,CHA,Charlotte Bobcats,0021200873,2013-03-01T00:00:00,CHA @ UTA,L,48.0,28,81,0.346,5,18,0.278,7,12,0.583,8,16,24,16,14.0,10,6,8,20,20,68,-30.0,1,27,27,27,5,84,39,86,48,40,65,95,95,91,72,95,95,70,48,14,34,57,46,60,94,90,1.0
2012-13,1610612766,CHA,Charlotte Bobcats,0021200850,2013-02-26T00:00:00,CHA @ LAC,L,48.0,33,81,0.407,6,16,0.375,12,14,0.857,7,30,37,17,16.0,9,4,10,21,17,84,-22.0,1,27,27,27,5,53,39,63,33,53,32,88,92,15,82,36,63,62,63,22,63,76,62,79,74,79,1.0
2012-13,1610612766,CHA,Charlotte Bobcats,0021200824,2013-02-23T00:00:00,CHA vs. DEN,L,48.0,37,82,0.451,2,11,0.182,23,30,0.767,12,25,37,22,18.0,8,10,10,20,28,99,-14.0,1,27,27,27,5,23,34,30,89,81,87,16,17,46,33,71,63,18,80,26,4,76,46,4,27,62,1.0
2012-13,1610612766,CHA,Charlotte Bobcats,0021200813,2013-02-22T00:00:00,CHA vs. CHI,L,48.0,25,75,0.333,4,16,0.25,21,35,0.6,15,30,45,13,13.0,2,6,7,17,26,75,-30.0,1,27,27,27,5,92,77,88,60,53,72,29,7,89,13,36,17,83,31,92,34,46,23,15,91,90,1.0
2012-13,1610612766,CHA,Charlotte Bobcats,0021200799,2013-02-20T00:00:00,CHA vs. DET,L,48.0,36,89,0.404,11,25,0.44,16,21,0.762,16,30,46,25,9.0,3,9,8,18,23,99,-6.0,1,27,27,27,5,32,10,65,4,5,13,69,70,49,10,36,12,11,4,89,8,57,32,37,27,37,1.0
2012-13,1610612766,CHA,Charlotte Bobcats,0021200790,2013-02-19T00:00:00,CHA @ ORL,W,48.0,38,81,0.469,9,24,0.375,20,27,0.741,10,35,45,18,16.0,6,5,2,18,20,105,13.0,1,1,1,1,5,17,39,16,8,11,32,35,38,53,54,11,17,47,63,53,47,4,32,60,11,4,1.0
2012-13,1610612766,CHA,Charlotte Bobcats,0021200777,2013-02-13T00:00:00,CHA @ IND,L,48.0,26,82,0.317,5,16,0.313,20,28,0.714,16,29,45,14,16.0,5,8,9,20,21,77,-24.0,1,27,27,27,5,90,34,91,48,53,54,35,28,58,10,44,17,76,63,68,17,67,46,51,87,84,1.0
2012-13,1610612766,CHA,Charlotte Bobcats,0021200762,2013-02-11T00:00:00,CHA vs. BOS,W,48.0,33,77,0.429,8,18,0.444,20,30,0.667,10,37,47,22,10.0,6,7,7,19,24,94,3.0,1,1,1,1,5,53,69,47,14,40,11,35,17,75,54,6,10,18,6,53,22,46,40,23,43,20,1.0
2012-13,1610612766,CHA,Charlotte Bobcats,0021200748,2013-02-09T00:00:00,CHA @ PHI,L,48.0,27,88,0.307,2,16,0.125,20,23,0.87,12,28,40,20,7.0,5,3,2,17,19,76,-11.0,1,27,27,27,5,89,13,92,89,53,93,35,55,11,33,50,49,35,1,68,75,4,23,69,89,58,1.0
2012-13,1610612766,CHA,Charlotte Bobcats,0021200736,2013-02-08T00:00:00,CHA vs. LAL,L,48.0,38,89,0.427,4,14,0.286,13,19,0.684,8,38,46,30,11.0,10,4,10,20,17,93,-7.0,1,27,27,27,5,17,10,49,60,69,62,80,79,68,72,4,12,3,10,14,63,76,46,79,48,43,1.0
2012-13,1610612766,CHA,Charlotte Bobcats,0021200724,2013-02-06T00:00:00,CHA @ CLE,L,48.0,37,79,0.468,6,15,0.4,15,25,0.6,9,28,37,21,13.0,5,5,5,10,20,95,-27.0,1,27,27,27,5,23,54,17,33,62,20,71,44,89,62,50,63,25,31,68,47,22,1,60,39,86,1.0
2012-13,1610612766,CHA,Charlotte Bobcats,0021200711,2013-02-04T00:00:00,CHA @ MIA,L,48.0,34,80,0.425,8,25,0.32,18,20,0.9,12,28,40,13,16.0,8,5,5,24,18,94,-5.0,1,27,27,27,5,46,48,52,14,5,50,51,74,4,33,50,49,83,63,26,47,22,78,72,43,35,1.0
2012-13,1610612766,CHA,Charlotte Bobcats,0021200699,2013-02-02T00:00:00,CHA @ HOU,L,48.0,33,79,0.418,8,19,0.421,21,24,0.875,9,26,35,18,14.0,7,7,5,23,19,95,-14.0,1,27,27,27,5,53,54,56,14,35,17,29,48,8,62,63,75,47,48,43,22,22,73,69,39,62,1.0
2012-13,1610612766,CHA,Charlotte Bobcats,0021200678,2013-01-30T00:00:00,CHA @ SAS,L,48.0,30,73,0.411,4,19,0.211,14,17,0.824,9,23,32,13,24.0,12,2,5,16,20,78,-24.0,1,27,27,27,5,75,84,60,60,35,84,73,85,22,62,79,83,83,94,6,84,22,18,60,83,84,1.0
2012-13,1610612766,CHA,Charlotte Bobcats,0021200663,2013-01-28T00:00:00,CHA @ CHI,L,48.0,32,81,0.395,6,12,0.5,15,21,0.714,11,30,41,12,12.0,3,5,14,20,20,85,-8.0,1,27,27,27,5,61,39,68,33,77,2,71,70,58,45,36,41,90,20,89,47,93,46,60,73,46,1.0
2012-13,1610612766,CHA,Charlotte Bobcats,0021200645,2013-01-26T00:00:00,CHA vs. MIN,W,48.0,37,73,0.507,5,11,0.455,23,26,0.885,8,30,38,21,17.0,5,10,4,22,24,102,1.0,1,1,1,1,5,23,84,4,48,81,9,16,42,7,72,36,58,25,72,68,4,16,69,23,16,24,1.0
2012-13,1610612766,CHA,Charlotte Bobcats,0021200618,2013-01-23T00:00:00,CHA vs. ATL,L,48.0,31,76,0.408,6,15,0.4,24,29,0.828,11,30,41,18,19.0,11,8,6,15,22,92,-12.0,1,27,27,27,5,69,72,62,33,62,20,12,24,20,45,36,41,47,89,9,17,35,13,43,52,60,1.0
2012-13,1610612766,CHA,Charlotte Bobcats,0021200607,2013-01-21T00:00:00,CHA vs. HOU,L,48.0,34,81,0.42,6,15,0.4,20,24,0.833,8,32,40,17,10.0,5,10,3,27,23,94,-6.0,1,27,27,27,5,46,39,54,33,62,20,35,48,19,72,22,49,62,6,68,4,9,92,37,43,37,1.0
2012-13,1610612766,CHA,Charlotte Bobcats,0021200593,2013-01-19T00:00:00,CHA vs. SAC,L,48.0,31,72,0.431,5,15,0.333,26,38,0.684,10,28,38,20,15.0,8,8,2,18,27,93,-4.0,1,27,27,27,5,69,90,45,48,62,43,7,3,68,54,50,58,35,57,26,17,4,32,9,48,34,1.0
2012-13,1610612766,CHA,Charlotte Bobcats,0021200586,2013-01-18T00:00:00,CHA @ ORL,W,48.0,37,79,0.468,4,12,0.333,28,38,0.737,11,32,43,16,11.0,5,4,3,24,28,106,6.0,1,1,1,1,5,23,54,17,60,77,43,3,3,55,45,22,31,70,10,68,63,9,78,4,9,12,0.0
2012-13,1610612766,CHA,Charlotte Bobcats,0021200565,2013-01-15T00:00:00,CHA vs. IND,L,48.0,25,72,0.347,3,9,0.333,23,30,0.767,4,27,31,13,12.0,8,6,9,23,24,76,-27.0,1,27,27,27,5,92,90,85,75,90,43,16,17,46,92,57,87,83,20,26,34,67,73,23,89,86,1.0
2012-13,1610612766,CHA,Charlotte Bobcats,0021200557,2013-01-14T00:00:00,CHA @ BOS,L,48.0,33,79,0.418,6,15,0.4,17,24,0.708,10,24,34,15,15.0,8,4,8,20,21,89,-11.0,1,27,27,27,5,53,54,56,33,62,20,59,48,63,54,74,79,73,57,26,63,57,46,51,64,58,1.0
2012-13,1610612766,CHA,Charlotte Bobcats,0021200543,2013-01-12T00:00:00,CHA @ IND,L,48.0,36,78,0.462,3,7,0.429,13,16,0.813,9,29,38,20,14.0,5,7,6,20,21,88,-8.0,1,27,27,27,5,32,64,26,75,95,15,80,87,27,62,44,58,35,48,68,22,35,46,51,66,46,1.0
2012-13,1610612766,CHA,Charlotte Bobcats,0021200530,2013-01-11T00:00:00,CHA @ TOR,L,48.0,28,75,0.373,3,12,0.25,19,22,0.864,15,26,41,14,13.0,7,4,6,14,22,78,-21.0,1,27,27,27,5,84,77,78,75,77,72,44,62,13,13,63,41,76,31,43,63,35,8,43,83,77,1.0
2012-13,1610612766,CHA,Charlotte Bobcats,0021200517,2013-01-09T00:00:00,CHA vs. UTA,L,48.0,42,88,0.477,4,8,0.5,14,22,0.636,13,26,39,26,15.0,7,7,11,20,22,102,-10.0,1,27,27,27,5,5,13,12,60,92,2,73,62,84,25,63,55,7,57,43,22,84,46,43,16,54,1.0
2012-13,1610612766,CHA,Charlotte Bobcats,0021200501,2013-01-06T00:00:00,CHA @ DET,W,53.0,40,92,0.435,3,13,0.231,25,29,0.862,19,26,45,14,13.0,13,5,11,20,27,108,7.0,1,1,1,1,2,9,6,42,75,73,78,10,24,14,7,63,17,76,31,4,47,84,46,9,6,10,1.0
2012-13,1610612766,CHA,Charlotte Bobcats,0021200480,2013-01-04T00:00:00,CHA vs. CLE,L,48.0,37,82,0.451,8,17,0.471,22,28,0.786,8,35,43,25,14.0,5,3,10,24,22,104,-2.0,1,27,27,27,5,23,34,30,14,46,7,22,28,34,72,11,31,11,48,68,75,76,78,43,14,29,1.0
2012-13,1610612766,CHA,Charlotte Bobcats,0021200453,2012-12-31T00:00:00,CHA @ CHI,W,48.0,33,70,0.471,4,10,0.4,21,38,0.553,12,40,52,14,18.0,8,9,5,19,31,91,10.0,1,1,1,1,5,53,94,13,60,85,20,29,3,94,33,2,4,76,80,26,8,22,40,1,57,8,1.0
2012-13,1610612766,CHA,Charlotte Bobcats,0021200437,2012-12-29T00:00:00,CHA vs. NOH,L,48.0,39,79,0.494,4,10,0.4,13,20,0.65,12,30,42,27,16.0,8,7,9,17,20,95,-3.0,1,27,27,27,5,13,54,9,60,85,20,80,74,81,33,36,36,6,63,26,22,67,23,60,39,31,1.0
2012-13,1610612766,CHA,Charlotte Bobcats,0021200427,2012-12-28T00:00:00,CHA @ BKN,L,48.0,28,73,0.384,3,10,0.3,22,32,0.688,12,24,36,11,12.0,6,0,7,23,24,81,-16.0,1,27,27,27,5,84,84,71,75,85,58,22,11,67,33,74,71,92,20,53,94,46,73,23,78,68,1.0
2012-13,1610612766,CHA,Charlotte Bobcats,0021200411,2012-12-26T00:00:00,CHA vs. MIA,L,48.0,34,78,0.436,5,14,0.357,19,28,0.679,10,32,42,18,17.0,6,6,5,22,25,92,-13.0,1,27,27,27,5,46,64,41,48,69,38,44,28,72,54,22,36,47,72,53,34,22,69,20,52,61,1.0
2012-13,1610612766,CHA,Charlotte Bobcats,0021200396,2012-12-22T00:00:00,CHA @ DEN,L,48.0,33,87,0.379,3,20,0.15,19,30,0.633,12,32,44,21,13.0,8,14,12,16,21,88,-22.0,1,27,27,27,5,53,17,73,75,29,90,44,17,86,33,22,24,25,31,26,1,90,18,51,66,79,1.0
2012-13,1610612766,CHA,Charlotte Bobcats,0021200389,2012-12-21T00:00:00,CHA @ GSW,L,48.0,33,90,0.367,8,21,0.381,26,35,0.743,18,26,44,19,7.0,5,4,9,17,24,100,-15.0,1,27,27,27,5,53,8,80,14,24,31,7,7,52,8,63,24,42,1,68,63,67,23,23,23,65,1.0
2012-13,1610612766,CHA,Charlotte Bobcats,0021200373,2012-12-19T00:00:00,CHA @ PHX,L,48.0,40,86,0.465,6,10,0.6,18,22,0.818,15,27,42,19,17.0,6,4,6,11,22,104,-17.0,1,27,27,27,5,9,20,23,33,85,1,51,62,25,13,57,36,42,72,53,63,35,3,43,14,69,1.0
2012-13,1610612766,CHA,Charlotte Bobcats,0021200364,2012-12-18T00:00:00,CHA @ LAL,L,48.0,38,95,0.4,10,24,0.417,14,22,0.636,21,33,54,24,12.0,5,8,10,23,18,100,-1.0,1,27,27,27,5,17,3,66,5,11,18,73,62,84,3,16,2,15,20,68,17,76,73,72,23,27,1.0
2012-13,1610612766,CHA,Charlotte Bobcats,0021200336,2012-12-15T00:00:00,CHA vs. ORL,L,48.0,36,78,0.462,4,12,0.333,22,29,0.759,8,23,31,18,11.0,4,7,8,16,25,98,-9.0,1,27,27,27,5,32,64,26,60,77,43,22,24,50,72,79,87,47,10,84,22,57,18,20,32,51,1.0
2012-13,1610612766,CHA,Charlotte Bobcats,0021200322,2012-12-13T00:00:00,CHA @ ATL,L,48.0,34,79,0.43,6,21,0.286,16,20,0.8,8,23,31,22,14.0,6,1,3,18,14,90,-23.0,1,27,27,27,5,46,54,46,33,24,62,69,74,30,72,79,87,18,48,53,92,9,32,93,61,83,1.0
2012-13,1610612766,CHA,Charlotte Bobcats,0021200313,2012-12-12T00:00:00,CHA vs. LAC,L,48.0,35,82,0.427,5,16,0.313,19,24,0.792,12,32,44,18,13.0,4,5,11,24,16,94,-6.0,1,27,27,27,5,40,34,50,48,53,54,44,48,32,33,22,24,47,31,84,47,84,78,84,43,37,1.0
2012-13,1610612766,CHA,Charlotte Bobcats,0021200299,2012-12-10T00:00:00,CHA vs. GSW,L,48.0,31,83,0.373,9,26,0.346,25,32,0.781,12,27,39,21,18.0,6,10,4,20,26,96,-8.0,1,27,27,27,5,69,28,76,8,3,42,10,11,39,33,57,55,25,80,53,4,16,46,15,37,46,1.0
2012-13,1610612766,CHA,Charlotte Bobcats,0021200284,2012-12-08T00:00:00,CHA vs. SAS,L,48.0,37,79,0.468,6,15,0.4,22,31,0.71,7,23,30,18,12.0,6,7,5,16,22,102,-30.0,1,27,27,27,5,23,54,17,33,62,20,22,15,62,82,79,93,47,20,53,22,22,18,43,16,90,1.0
2012-13,1610612766,CHA,Charlotte Bobcats,0021200277,2012-12-07T00:00:00,CHA @ MIL,L,48.0,36,81,0.444,3,13,0.231,18,32,0.563,14,31,45,18,11.0,9,6,14,23,17,93,-15.0,1,27,27,27,5,32,39,36,75,73,78,51,11,93,22,31,17,47,10,22,34,93,73,79,48,65,1.0
2012-13,1610612766,CHA,Charlotte Bobcats,0021200257,2012-12-05T00:00:00,CHA vs. NYK,L,48.0,39,83,0.47,7,16,0.438,13,15,0.867,12,38,50,26,14.0,2,4,8,14,18,98,-2.0,1,27,27,27,5,13,28,14,25,53,14,80,89,12,33,4,6,7,48,92,63,57,8,72,32,29,1.0
2012-13,1610612766,CHA,Charlotte Bobcats,0021200245,2012-12-03T00:00:00,CHA vs. POR,L,53.0,41,88,0.466,13,27,0.481,17,22,0.773,9,32,41,28,17.0,6,6,7,19,20,112,-6.0,1,27,27,27,2,7,13,21,1,2,6,59,62,44,62,22,41,4,72,53,34,46,40,60,4,37,1.0
2012-13,1610612766,CHA,Charlotte Bobcats,0021200223,2012-11-30T00:00:00,CHA vs. PHI,L,48.0,39,83,0.47,8,17,0.471,12,18,0.667,13,28,41,25,13.0,5,6,6,10,18,98,-6.0,1,27,27,27,5,13,28,14,14,46,7,88,80,75,25,50,41,11,31,68,34,35,1,72,32,37,1.0
2012-13,1610612766,CHA,Charlotte Bobcats,0021200212,2012-11-28T00:00:00,CHA @ ATL,L,48.0,30,76,0.395,12,24,0.5,19,23,0.826,9,36,45,18,17.0,6,7,9,21,18,91,-3.0,1,27,27,27,5,75,72,69,2,11,2,44,55,21,62,9,17,47,72,53,22,67,62,72,57,31,1.0
2012-13,1610612766,CHA,Charlotte Bobcats,0021200201,2012-11-26T00:00:00,CHA @ OKC,L,48.0,23,79,0.291,6,22,0.273,17,22,0.773,11,26,37,12,13.0,9,4,7,19,21,69,-45.0,1,27,27,27,5,94,54,95,33,18,67,59,62,44,45,63,63,90,31,22,63,46,40,51,93,95,1.0
2012-13,1610612766,CHA,Charlotte Bobcats,0021200184,2012-11-24T00:00:00,CHA @ WAS,W,58.0,34,83,0.41,12,28,0.429,28,36,0.778,5,35,40,20,17.0,12,5,5,33,28,108,2.0,1,1,1,1,1,46,28,61,2,1,15,3,6,40,91,11,49,35,72,6,47,22,95,4,6,22,1.0
2012-13,1610612766,CHA,Charlotte Bobcats,0021200171,2012-11-23T00:00:00,CHA vs. ATL,L,48.0,31,83,0.373,8,22,0.364,21,26,0.808,7,29,36,17,15.0,16,9,15,15,18,91,-10.0,1,27,27,27,5,69,28,76,14,18,36,29,42,29,82,44,71,62,57,1,8,95,13,72,57,54,1.0
2012-13,1610612766,CHA,Charlotte Bobcats,0021200157,2012-11-21T00:00:00,CHA vs. TOR,W,48.0,36,86,0.419,3,19,0.158,23,28,0.821,9,28,37,21,14.0,7,9,8,21,25,98,1.0,1,1,1,1,5,32,20,55,75,35,89,16,28,24,62,50,63,25,48,43,8,57,62,20,32,24,1.0
2012-13,1610612766,CHA,Charlotte Bobcats,0021200148,2012-11-19T00:00:00,CHA vs. MIL,W,48.0,36,82,0.439,3,11,0.273,27,30,0.9,11,33,44,22,17.0,7,5,12,14,27,102,4.0,1,1,1,1,5,32,34,39,75,81,67,5,17,4,45,16,24,18,72,43,47,90,8,9,16,17,1.0
2012-13,1610612766,CHA,Charlotte Bobcats,0021200134,2012-11-17T00:00:00,CHA vs. MEM,L,48.0,32,85,0.376,4,13,0.308,19,28,0.679,15,31,46,17,18.0,7,5,7,25,23,87,-7.0,1,27,27,27,5,61,22,74,60,73,56,44,28,72,13,31,12,62,80,43,47,46,85,37,70,43,1.0
2012-13,1610612766,CHA,Charlotte Bobcats,0021200114,2012-11-14T00:00:00,CHA @ MIN,W,48.0,38,84,0.452,4,16,0.25,9,14,0.643,9,34,43,15,18.0,11,12,11,26,14,89,2.0,1,1,1,1,5,17,26,29,60,53,72,93,92,82,62,14,31,73,80,9,2,84,87,93,64,22,1.0
2012-13,1610612766,CHA,Charlotte Bobcats,0021200103,2012-11-13T00:00:00,CHA vs. WAS,W,48.0,31,78,0.397,3,13,0.231,27,32,0.844,13,37,50,17,13.0,8,7,10,20,24,92,16.0,1,1,1,1,5,69,64,67,75,73,78,5,11,18,25,6,6,62,31,26,22,76,46,23,52,3,1.0
2012-13,1610612766,CHA,Charlotte Bobcats,0021200083,2012-11-10T00:00:00,CHA vs. DAL,W,53.0,40,95,0.421,3,20,0.15,18,28,0.643,21,32,53,15,18.0,12,6,7,24,24,101,4.0,1,1,1,1,2,9,3,53,75,29,90,51,28,82,3,22,3,73,80,6,34,46,78,23,22,17,1.0
2012-13,1610612766,CHA,Charlotte Bobcats,0021200074,2012-11-09T00:00:00,CHA @ NOH,L,48.0,40,83,0.482,7,21,0.333,12,18,0.667,15,26,41,17,12.0,7,9,7,17,15,99,-8.0,1,27,27,27,5,9,28,11,25,24,43,88,80,75,13,63,41,62,20,43,8,46,23,91,27,46,0.0
2012-13,1610612766,CHA,Charlotte Bobcats,0021200053,2012-11-07T00:00:00,CHA vs. PHX,L,48.0,38,87,0.437,10,22,0.455,24,27,0.889,15,24,39,26,13.0,4,12,11,20,24,110,-7.0,1,27,27,27,5,17,17,40,5,18,9,12,38,6,13,74,55,7,31,84,2,84,46,23,5,43,1.0
2012-13,1610612766,CHA,Charlotte Bobcats,0021200034,2012-11-03T00:00:00,CHA @ DAL,L,48.0,39,91,0.429,3,17,0.176,18,24,0.75,15,23,38,19,12.0,13,2,7,14,23,99,-27.0,1,27,27,27,5,13,7,47,75,46,88,51,48,51,13,79,58,42,20,4,84,46,8,37,27,86,1.0
2012-13,1610612766,CHA,Charlotte Bobcats,0021200015,2012-11-02T00:00:00,CHA vs. IND,W,48.0,31,85,0.365,7,19,0.368,21,24,0.875,10,31,41,18,11.0,10,9,5,22,16,90,1.0,1,1,1,1,5,69,22,81,25,35,35,29,48,8,54,31,41,47,10,14,8,22,69,84,61,24,1.0
2012-13,1610612766,CHA,Charlotte Bobcats,0011200115,2012-10-26T00:00:00,CHA @ DAL,L,48.0,30,99,0.303,5,18,0.278,17,20,0.85,24,31,55,14,20.0,14,2,13,24,24,82,-17.0,1,27,27,27,5,75,1,94,48,40,65,59,74,16,1,31,1,76,90,2,84,92,78,23,76,69,
2012-13,1610612766,CHA,Charlotte Bobcats,0011200106,2012-10-25T00:00:00,CHA vs. MIL,L,48.0,32,90,0.356,9,23,0.391,17,20,0.85,12,26,38,20,10.0,6,2,11,20,22,90,-10.0,1,27,27,27,5,61,8,84,8,15,28,59,74,16,33,63,58,35,6,53,84,84,46,43,61,54,
2012-13,1610612766,CHA,Charlotte Bobcats,0011200095,2012-10-23T00:00:00,CHA vs. MIA,L,48.0,32,87,0.368,9,25,0.36,19,27,0.704,12,25,37,21,16.0,10,1,6,19,24,92,-6.0,1,27,27,27,5,61,17,79,8,5,37,44,38,65,33,71,63,25,63,14,92,35,40,23,52,37,
2012-13,1610612766,CHA,Charlotte Bobcats,0011200083,2012-10-20T00:00:00,CHA @ DET,L,48.0,29,80,0.363,5,17,0.294,17,25,0.68,10,36,46,16,18.0,8,6,6,26,28,80,-5.0,1,27,27,27,5,83,48,83,48,46,60,59,44,70,54,9,12,70,80,26,34,35,87,4,80,35,
2012-13,1610612766,CHA,Charlotte Bobcats,0011200055,2012-10-16T00:00:00,CHA @ OKC,L,48.0,36,81,0.444,8,25,0.32,18,23,0.783,13,18,31,21,11.0,8,0,6,17,22,98,-22.0,1,27,27,27,5,32,39,36,14,5,50,51,55,37,25,94,87,25,10,26,94,35,23,43,32,79,
2012-13,1610612766,CHA,Charlotte Bobcats,0011200027,2012-10-11T00:00:00,CHA vs. NOH,L,48.0,30,76,0.395,5,22,0.227,22,33,0.667,7,27,34,17,13.0,10,9,5,25,26,87,-3.0,1,27,27,27,5,75,72,69,48,18,81,22,9,75,82,57,79,62,31,14,8,22,85,15,70,31,
2012-13,1610612766,CHA,Charlotte Bobcats,0011200016,2012-10-09T00:00:00,CHA @ NOH,L,48.0,33,75,0.44,8,25,0.32,8,15,0.533,9,33,42,18,20.0,5,9,6,19,14,82,-15.0,1,27,27,27,5,53,77,38,14,5,50,94,89,95,62,16,36,47,90,68,8,35,40,93,76,65,
2012-13,1610612766,CHA,Charlotte Bobcats,0011200006,2012-10-07T00:00:00,CHA vs. WAS,W,48.0,32,71,0.451,5,17,0.294,31,46,0.674,8,39,47,17,21.0,11,7,4,21,31,100,12.0,1,1,1,1,5,61,93,32,48,46,60,1,1,74,72,3,10,62,92,9,22,16,62,1,23,6,
