SEASON_YEAR,TEAM_ID,TEAM_ABBREVIATION,TEAM_NAME,GAME_ID,GAME_DATE,MATCHUP,WL,MIN,FGM,FGA,FG_PCT,FG3M,FG3A,FG3_PCT,FTM,FTA,FT_PCT,OREB,DREB,REB,AST,TOV,STL,BLK,BLKA,PF,PFD,PTS,PLUS_MINUS,GP_RANK,W_RANK,L_RANK,W_PCT_RANK,MIN_RANK,FGM_RANK,FGA_RANK,FG_PCT_RANK,FG3M_RANK,FG3A_RANK,FG3_PCT_RANK,FTM_RANK,FTA_RANK,FT_PCT_RANK,OREB_RANK,DREB_RANK,REB_RANK,AST_RANK,TOV_RANK,STL_RANK,BLK_RANK,BLKA_RANK,PF_RANK,PFD_RANK,PTS_RANK,PLUS_MINUS_RANK,AVAILABLE_FLAG
2022,1610612744,GSW,Golden State Warriors,1322200002,2022-07-02T00:00:00,GSW vs. SAC,L,40.0,24,61,0.393,6,27,0.222,14,26,0.538,6,29,35,9,20.0,9,1,5,15,22,68,-18.0,1,55,55,55,101,107,107,100,107,102,105,67,20,106,94,83,95,107,90,22,99,67,4,23,108,98,
2022,1610612747,LAL,Los Angeles Lakers,1322200001,2022-07-02T00:00:00,LAL @ MIA,W,40.0,32,68,0.471,9,26,0.346,27,32,0.844,9,42,51,18,14.0,4,8,2,18,21,100,34.0,1,1,1,1,107,108,112,61,74,84,53,15,21,26,64,14,27,102,48,86,11,5,49,58,97,2,
2022,1610612748,MIA,Miami Heat,1322200001,2022-07-02T00:00:00,MIA vs. LAL,L,40.0,23,82,0.28,9,30,0.3,11,19,0.579,16,23,39,18,11.0,9,2,8,21,18,66,-34.0,1,66,66,66,113,119,73,119,90,87,89,107,82,119,6,112,69,102,26,32,81,108,80,77,119,120,
2022,1610612758,SAC,Sacramento Kings,1322200002,2022-07-02T00:00:00,SAC @ GSW,W,40.0,34,78,0.436,5,28,0.179,13,16,0.813,14,32,46,21,14.0,13,5,1,22,15,86,18.0,1,1,1,1,95,93,88,80,100,92,101,86,88,43,7,52,28,82,47,5,14,3,63,92,98,15,
2022,1610612744,GSW,Golden State Warriors,1322200004,2022-07-03T00:00:00,GSW vs. LAL,L,40.0,27,66,0.409,10,26,0.385,13,21,0.619,6,20,26,9,13.0,8,3,6,23,22,77,-23.0,1,55,55,55,101,106,105,90,94,106,47,75,45,102,94,107,107,107,16,35,64,81,64,23,105,102,
2022,1610612747,LAL,Los Angeles Lakers,1322200004,2022-07-03T00:00:00,LAL @ GSW,W,40.0,34,67,0.507,11,25,0.44,21,25,0.84,11,31,42,19,16.0,7,6,3,22,23,100,23.0,1,1,1,1,107,103,113,29,37,91,14,48,63,27,29,80,74,97,73,40,32,20,92,36,97,6,
2022,1610612748,MIA,Miami Heat,1322200003,2022-07-03T00:00:00,MIA @ SAC,L,40.0,24,61,0.393,5,28,0.179,11,19,0.579,5,24,29,12,18.0,15,2,4,18,22,64,-17.0,1,66,66,66,113,118,120,101,117,101,118,107,82,119,108,107,118,117,107,5,81,51,46,37,120,112,
2022,1610612758,SAC,Sacramento Kings,1322200003,2022-07-03T00:00:00,SAC vs. MIA,W,40.0,30,64,0.469,7,25,0.28,14,14,1.0,9,30,39,20,19.0,10,4,2,22,18,81,17.0,1,1,1,1,95,100,101,64,98,97,85,81,95,1,59,69,69,88,84,15,30,10,63,75,100,18,
2022,1610612744,GSW,Golden State Warriors,1322200005,2022-07-05T00:00:00,GSW @ MIA,L,40.0,23,61,0.377,9,28,0.321,15,17,0.882,3,20,23,17,15.0,6,4,6,26,14,70,-24.0,1,55,55,55,101,108,107,105,100,101,80,55,73,20,107,107,108,100,36,65,47,81,91,94,107,103,
2022,1610612747,LAL,Los Angeles Lakers,1322200006,2022-07-05T00:00:00,LAL vs. SAC,L,40.0,26,70,0.371,7,22,0.318,16,20,0.8,10,27,37,13,18.0,5,5,5,20,22,75,-12.0,1,59,59,59,107,112,110,108,93,102,68,81,85,42,46,106,100,111,95,70,42,54,75,44,112,91,
2022,1610612763,MEM,Memphis Grizzlies,1622200001,2022-07-05T00:00:00,MEM @ PHI,W,40.0,37,72,0.514,15,30,0.5,14,19,0.737,7,23,30,29,18.0,12,9,4,16,20,103,4.0,1,1,1,1,94,83,100,20,16,76,4,70,68,57,86,97,99,18,82,14,7,26,9,42,79,53,
2022,1610612748,MIA,Miami Heat,1322200005,2022-07-05T00:00:00,MIA vs. GSW,W,40.0,37,75,0.493,10,29,0.345,10,15,0.667,17,30,47,23,14.0,7,6,4,14,26,94,24.0,1,1,1,1,113,73,112,29,80,93,53,112,104,111,3,64,13,56,67,59,5,51,11,8,103,5,
2022,1610612760,OKC,Oklahoma City Thunder,1622200002,2022-07-05T00:00:00,OKC @ UTA,W,40.0,36,73,0.493,8,29,0.276,18,24,0.75,13,37,50,23,18.0,8,9,0,16,23,98,21.0,1,1,1,1,91,80,95,30,85,76,80,46,37,70,21,18,15,52,79,48,3,1,7,24,87,7,
2022,1610612755,PHI,Philadelphia 76ers,1622200001,2022-07-05T00:00:00,PHI vs. MEM,L,40.0,37,84,0.44,8,30,0.267,17,22,0.773,18,25,43,22,16.0,15,4,9,20,16,99,-4.0,1,70,70,70,98,74,39,75,87,67,91,67,58,88,3,94,33,66,68,3,56,98,44,77,87,75,
2022,1610612758,SAC,Sacramento Kings,1322200006,2022-07-05T00:00:00,SAC @ LAL,W,40.0,31,71,0.437,7,25,0.28,18,24,0.75,11,27,38,15,12.0,8,5,5,22,20,87,12.0,1,1,1,1,95,98,95,79,98,97,85,53,55,63,32,88,76,100,32,41,14,63,63,58,97,25,
2022,1610612762,UTA,Utah Jazz,1622200002,2022-07-05T00:00:00,UTA vs. OKC,L,40.0,26,75,0.347,10,29,0.345,15,27,0.556,11,24,35,17,12.0,8,0,9,23,16,77,-21.0,1,42,42,42,87,91,89,91,68,85,42,64,28,90,46,90,89,87,15,21,93,87,64,80,91,88,
2022,1610612763,MEM,Memphis Grizzlies,1622200003,2022-07-06T00:00:00,MEM @ OKC,L,40.0,22,73,0.301,8,39,0.205,19,24,0.792,6,34,40,13,13.0,7,7,6,20,20,71,-16.0,1,61,61,61,94,101,99,101,83,16,94,35,43,28,91,50,81,101,41,61,22,58,47,42,100,90,
2022,1610612760,OKC,Oklahoma City Thunder,1622200003,2022-07-06T00:00:00,OKC vs. MEM,W,40.0,31,78,0.397,11,37,0.297,14,16,0.875,7,44,51,23,14.0,8,6,7,20,20,87,16.0,1,1,1,1,91,94,91,86,49,29,74,75,85,17,87,2,12,52,55,48,14,67,40,50,94,12,
2022,1610612755,PHI,Philadelphia 76ers,1622200004,2022-07-06T00:00:00,PHI @ UTA,W,40.0,30,78,0.385,4,22,0.182,22,28,0.786,15,27,42,18,13.0,17,4,4,32,25,86,4.0,1,1,1,1,98,100,79,102,104,103,104,40,26,82,6,86,40,88,46,2,56,33,104,6,99,52,
2022,1610612762,UTA,Utah Jazz,1622200004,2022-07-06T00:00:00,UTA vs. PHI,L,40.0,31,74,0.419,9,27,0.333,11,17,0.647,13,28,41,18,22.0,8,4,4,25,32,82,-4.0,1,42,42,42,87,85,91,79,78,92,47,81,77,83,31,79,72,85,85,21,56,28,80,2,88,50,
2022,1610612745,HOU,Houston Rockets,1522200001,2022-07-07T00:00:00,HOU @ ORL,L,40.0,26,67,0.388,9,31,0.29,16,23,0.696,6,32,38,15,13.0,1,7,2,26,25,77,-14.0,1,28,28,28,87,90,91,84,54,48,63,60,54,67,88,49,82,86,13,89,10,2,81,12,90,62,
2022,1610612763,MEM,Memphis Grizzlies,1622200006,2022-07-07T00:00:00,MEM @ UTA,W,40.0,38,84,0.452,6,31,0.194,13,14,0.929,16,30,46,20,17.0,12,2,9,25,19,95,11.0,1,1,1,1,94,73,79,63,94,72,95,77,89,4,17,79,49,86,75,14,91,91,91,50,93,29,
2022,1610612760,OKC,Oklahoma City Thunder,1622200005,2022-07-07T00:00:00,OKC @ PHI,L,40.0,28,70,0.4,10,28,0.357,13,18,0.722,9,25,34,18,21.0,12,5,6,24,24,79,-1.0,1,52,52,52,91,97,97,84,67,81,42,83,81,78,68,90,95,89,93,5,30,57,74,16,97,52,
2022,1610612753,ORL,Orlando Magic,1522200001,2022-07-07T00:00:00,ORL vs. HOU,W,40.0,29,74,0.392,14,33,0.424,19,24,0.792,12,34,46,17,10.0,3,2,7,25,26,91,14.0,1,1,1,1,89,90,87,86,12,35,16,43,47,41,25,40,31,83,5,82,73,70,75,5,88,6,
2022,1610612755,PHI,Philadelphia 76ers,1622200005,2022-07-07T00:00:00,PHI vs. OKC,W,40.0,26,67,0.388,6,23,0.261,22,27,0.815,14,29,43,16,21.0,13,6,5,24,24,80,1.0,1,1,1,1,98,105,103,99,96,100,93,40,33,63,9,72,33,99,98,8,28,50,76,9,103,64,
2022,1610612762,UTA,Utah Jazz,1622200006,2022-07-07T00:00:00,UTA vs. MEM,L,40.0,29,79,0.367,11,43,0.256,15,26,0.577,15,24,39,19,13.0,9,9,2,19,25,84,-11.0,1,42,42,42,87,88,85,88,58,19,83,64,32,87,19,90,80,83,24,13,8,4,33,15,86,77,
2022,1610612751,BKN,Brooklyn Nets,1522200006,2022-07-08T00:00:00,BKN @ MIL,L,40.0,33,73,0.452,10,32,0.313,14,19,0.737,6,29,35,11,17.0,6,3,5,27,20,90,-4.0,1,51,51,51,91,86,92,62,68,54,74,65,63,67,57,71,73,95,72,53,76,66,87,36,90,55,
2022,1610612766,CHA,Charlotte Hornets,1522200005,2022-07-08T00:00:00,CHA @ IND,L,40.0,30,74,0.405,7,31,0.226,17,28,0.607,14,37,51,16,18.0,6,6,5,17,24,84,-12.0,1,30,30,30,89,90,90,70,76,53,81,49,23,85,19,18,15,87,70,61,27,38,14,12,90,60,
2022,1610612741,CHI,Chicago Bulls,1522200003,2022-07-08T00:00:00,CHI vs. DAL,W,42.0,33,73,0.452,4,14,0.286,30,36,0.833,10,36,46,21,21.0,6,4,5,35,37,100,1.0,1,1,1,1,89,89,88,73,90,93,69,1,1,37,27,29,25,63,88,62,41,46,93,1,76,47,
2022,1610612739,CLE,Cleveland Cavaliers,1522200004,2022-07-08T00:00:00,CLE vs. SAS,W,40.0,33,65,0.508,12,27,0.444,21,26,0.808,8,26,34,17,9.0,8,6,3,14,21,99,9.0,1,1,1,1,92,89,95,31,36,73,19,18,19,43,62,77,81,88,9,29,22,17,5,34,79,35,
2022,1610612742,DAL,Dallas Mavericks,1522200003,2022-07-08T00:00:00,DAL @ CHI,L,42.0,33,77,0.429,12,40,0.3,21,31,0.677,10,27,37,20,15.0,13,5,4,37,35,99,-1.0,1,41,41,41,86,78,71,72,66,45,76,29,17,65,17,66,50,61,68,3,20,38,89,1,75,41,
2022,1610612743,DEN,Denver Nuggets,1522200008,2022-07-08T00:00:00,DEN @ MIN,L,40.0,30,68,0.441,6,28,0.214,12,18,0.667,11,25,36,20,17.0,8,6,2,20,20,78,-7.0,1,75,75,75,108,109,112,96,101,73,110,93,82,87,37,106,94,103,81,38,22,4,65,47,110,87,
2022,1610612765,DET,Detroit Pistons,1522200002,2022-07-08T00:00:00,DET vs. POR,W,40.0,23,60,0.383,9,29,0.31,26,32,0.813,8,27,35,18,20.0,12,8,5,31,32,81,3.0,1,1,1,1,87,91,90,86,60,66,61,16,18,29,70,72,74,76,78,1,3,34,89,1,89,18,
2022,1610612744,GSW,Golden State Warriors,1522200007,2022-07-08T00:00:00,GSW @ NYK,L,40.0,29,65,0.446,9,25,0.36,21,30,0.7,11,28,39,13,23.0,8,4,3,20,23,88,-13.0,1,55,55,55,101,101,106,71,100,108,60,20,8,85,39,90,85,106,103,35,47,29,28,14,101,90,
2022,1610612754,IND,Indiana Pacers,1522200005,2022-07-08T00:00:00,IND vs. CHA,W,40.0,34,86,0.395,12,29,0.414,16,22,0.727,15,30,45,22,9.0,12,5,6,24,17,96,12.0,1,1,1,1,87,87,54,84,46,78,22,58,54,67,10,52,24,76,4,7,41,49,66,71,85,8,
2022,1610612747,LAL,Los Angeles Lakers,1522200009,2022-07-08T00:00:00,LAL vs. PHX,L,40.0,27,78,0.346,6,23,0.261,24,35,0.686,11,26,37,11,10.0,7,3,7,24,30,84,-20.0,1,59,59,59,107,111,102,111,103,100,93,26,13,98,29,109,100,113,17,40,82,87,102,5,110,108,
2022,1610612749,MIL,Milwaukee Bucks,1522200006,2022-07-08T00:00:00,MIL vs. BKN,W,40.0,31,64,0.484,17,33,0.515,15,21,0.714,2,29,31,19,18.0,8,5,3,20,27,94,4.0,1,1,1,1,93,94,95,34,23,77,3,56,50,61,97,88,97,86,74,19,36,28,60,5,92,54,
2022,1610612750,MIN,Minnesota Timberwolves,1522200008,2022-07-08T00:00:00,MIN vs. DEN,W,40.0,30,70,0.429,7,26,0.269,18,23,0.783,10,24,34,16,13.0,8,2,6,20,20,85,7.0,1,1,1,1,95,95,97,83,92,83,85,48,51,41,30,94,85,96,26,45,86,72,30,50,95,26,
2022,1610612752,NYK,New York Knicks,1522200007,2022-07-08T00:00:00,NYK vs. GSW,W,40.0,37,76,0.487,9,31,0.29,18,23,0.783,6,27,33,24,13.0,16,3,4,23,20,101,13.0,1,1,1,1,98,71,91,37,77,71,72,53,63,39,96,94,100,37,46,1,61,33,70,56,83,22,
2022,1610612756,PHX,Phoenix Suns,1522200009,2022-07-08T00:00:00,PHX @ LAL,W,40.0,39,77,0.506,10,29,0.345,16,24,0.667,12,39,51,25,18.0,8,7,3,30,24,104,20.0,1,1,1,1,98,68,95,21,60,66,59,60,40,96,42,9,15,56,91,29,21,24,97,17,77,10,
2022,1610612757,POR,Portland Trail Blazers,1522200002,2022-07-08T00:00:00,POR @ DET,L,40.0,29,68,0.426,5,26,0.192,15,23,0.652,6,24,30,12,20.0,10,5,8,32,31,78,-3.0,1,39,39,39,88,89,88,75,91,82,90,69,53,86,74,82,87,92,83,11,32,84,92,4,92,44,
2022,1610612759,SAS,San Antonio Spurs,1522200004,2022-07-08T00:00:00,SAS @ CLE,L,40.0,34,75,0.453,13,28,0.464,9,13,0.692,11,25,36,18,12.0,2,3,6,21,14,90,-9.0,1,25,25,25,88,82,90,52,18,66,8,86,87,67,51,85,85,88,12,88,53,50,54,78,86,44,
2022,1610612737,ATL,Atlanta Hawks,1522200014,2022-07-09T00:00:00,ATL @ UTA,L,40.0,25,76,0.329,6,28,0.214,10,18,0.556,12,27,39,14,12.0,9,5,8,23,18,66,-6.0,1,49,49,49,94,98,93,97,89,65,93,91,73,97,35,84,75,97,36,22,34,81,80,61,98,62,
2022,1610612738,BOS,Boston Celtics,1522200012,2022-07-09T00:00:00,BOS @ MIA,L,40.0,23,65,0.354,11,35,0.314,21,23,0.913,5,28,33,19,20.0,5,6,6,25,20,78,-10.0,1,74,74,74,107,111,111,110,90,88,86,29,40,14,97,97,110,101,106,61,36,83,104,38,111,97,
2022,1610612765,DET,Detroit Pistons,1522200013,2022-07-09T00:00:00,DET @ WAS,W,40.0,33,59,0.559,14,29,0.483,25,29,0.862,4,27,31,23,16.0,3,4,2,30,29,105,6.0,1,1,1,1,87,78,91,2,19,66,6,17,28,11,88,72,86,39,48,84,32,6,86,4,58,14,
2022,1610612745,HOU,Houston Rockets,1522200015,2022-07-09T00:00:00,HOU vs. OKC,W,40.0,34,80,0.425,11,36,0.306,11,14,0.786,10,34,44,24,20.0,10,7,6,25,17,90,2.0,1,1,1,1,87,82,80,69,33,23,54,81,86,28,70,36,57,27,74,16,10,40,76,75,87,24,
2022,1610612763,MEM,Memphis Grizzlies,1522200016,2022-07-09T00:00:00,MEM vs. LAC,L,40.0,32,71,0.451,5,19,0.263,7,12,0.583,11,20,31,16,17.0,10,4,8,27,17,76,-18.0,1,61,61,61,94,97,101,65,97,101,79,99,96,97,54,101,97,96,75,29,65,81,97,70,99,96,
2022,1610612748,MIA,Miami Heat,1522200012,2022-07-09T00:00:00,MIA vs. BOS,W,40.0,33,74,0.446,8,25,0.32,14,23,0.609,11,28,39,18,12.0,7,6,6,20,25,88,10.0,1,1,1,1,113,98,113,65,98,112,70,91,49,117,37,78,69,102,44,59,5,92,68,10,112,20,
2022,1610612740,NOP,New Orleans Pelicans,1522200017,2022-07-09T00:00:00,NOP @ POR,L,40.0,19,69,0.275,4,31,0.129,26,34,0.765,9,30,39,10,15.0,8,5,7,24,28,68,-17.0,1,50,50,50,89,93,92,93,90,33,93,12,13,61,57,56,71,93,42,46,25,71,73,4,93,85,
2022,1610612760,OKC,Oklahoma City Thunder,1522200015,2022-07-09T00:00:00,OKC @ HOU,L,40.0,31,81,0.383,4,23,0.174,22,27,0.815,10,31,41,15,14.0,9,6,7,17,25,88,-2.0,1,52,52,52,91,94,85,89,96,96,96,25,25,46,55,52,61,96,55,29,14,67,12,11,93,55,
2022,1610612753,ORL,Orlando Magic,1522200011,2022-07-09T00:00:00,ORL @ SAC,W,44.0,26,64,0.406,8,29,0.276,34,44,0.773,8,32,40,14,18.0,11,3,2,23,29,94,2.0,1,1,1,1,88,92,92,81,70,56,69,1,2,51,63,49,65,89,63,9,59,7,65,2,83,37,
2022,1610612755,PHI,Philadelphia 76ers,1522200010,2022-07-09T00:00:00,PHI vs. TOR,L,40.0,27,67,0.403,10,28,0.357,13,22,0.591,8,28,36,17,25.0,9,4,7,26,30,77,-20.0,1,70,70,70,98,103,103,93,74,80,64,91,58,105,57,79,86,93,105,36,56,83,94,1,104,100,
2022,1610612757,POR,Portland Trail Blazers,1522200017,2022-07-09T00:00:00,POR vs. NOP,W,40.0,30,71,0.423,3,24,0.125,22,30,0.733,6,39,45,16,9.0,6,7,5,28,24,85,17.0,1,1,1,1,88,84,87,76,92,85,92,28,21,69,74,6,20,88,5,45,10,48,87,22,87,6,
2022,1610612758,SAC,Sacramento Kings,1522200011,2022-07-09T00:00:00,SAC vs. ORL,L,44.0,31,74,0.419,11,33,0.333,19,28,0.679,10,28,38,18,18.0,9,2,3,29,23,92,-2.0,1,62,62,62,94,98,92,88,68,67,62,49,34,83,44,81,76,97,78,30,71,20,97,27,95,63,
2022,1610612761,TOR,Toronto Raptors,1522200010,2022-07-09T00:00:00,TOR @ PHI,W,40.0,32,74,0.432,9,31,0.29,24,27,0.889,10,28,38,21,17.0,15,7,4,30,26,97,20.0,1,1,1,1,89,90,91,65,55,49,61,14,29,9,66,59,76,57,83,3,16,33,91,11,84,5,
2022,1610612762,UTA,Utah Jazz,1522200014,2022-07-09T00:00:00,UTA vs. ATL,W,40.0,25,65,0.385,8,30,0.267,14,20,0.7,9,37,46,16,18.0,4,8,5,18,23,72,6.0,1,1,1,1,87,93,94,86,86,82,80,70,66,71,68,25,42,88,67,70,11,43,25,24,93,23,
2022,1610612764,WAS,Washington Wizards,1522200013,2022-07-09T00:00:00,WAS vs. DET,L,40.0,32,74,0.432,9,27,0.333,26,35,0.743,14,19,33,10,11.0,6,2,4,29,30,99,-6.0,1,40,40,40,87,86,88,71,60,67,49,7,6,63,9,90,86,91,22,50,78,27,90,1,76,49,
2022,1610612751,BKN,Brooklyn Nets,1522200019,2022-07-10T00:00:00,BKN vs. PHI,W,40.0,29,67,0.433,5,19,0.263,28,32,0.875,10,33,43,19,23.0,11,3,5,13,26,91,7.0,1,1,1,1,91,93,95,72,93,94,86,2,8,19,23,33,27,87,93,8,76,66,6,2,89,29,
2022,1610612766,CHA,Charlotte Hornets,1522200025,2022-07-10T00:00:00,CHA @ LAL,W,44.0,31,83,0.373,11,33,0.333,16,21,0.762,13,35,48,18,23.0,5,5,7,21,20,89,3.0,1,1,1,1,88,88,76,86,35,36,39,56,61,41,28,36,27,84,91,72,39,58,53,44,86,26,
2022,1610612741,CHI,Chicago Bulls,1522200020,2022-07-10T00:00:00,CHI @ NYK,L,40.0,23,62,0.371,6,26,0.231,17,26,0.654,5,25,30,14,22.0,7,2,4,27,28,69,-32.0,1,49,49,49,90,93,92,92,80,60,84,47,18,89,76,89,91,92,89,49,76,32,88,2,93,92,
2022,1610612739,CLE,Cleveland Cavaliers,1522200022,2022-07-10T00:00:00,CLE vs. DEN,L,40.0,27,64,0.422,6,22,0.273,16,25,0.64,7,24,31,9,15.0,8,2,7,14,22,76,-8.0,1,57,57,57,92,96,96,83,88,91,76,51,26,88,73,90,93,96,64,29,82,82,5,24,96,76,
2022,1610612743,DEN,Denver Nuggets,1522200022,2022-07-10T00:00:00,DEN @ CLE,W,40.0,35,78,0.449,9,32,0.281,5,12,0.417,17,31,48,20,15.0,8,7,2,22,14,84,8.0,1,1,1,1,108,105,99,93,82,48,94,111,111,112,3,68,23,103,63,38,13,4,90,104,108,45,
2022,1610612744,GSW,Golden State Warriors,1522200023,2022-07-10T00:00:00,GSW @ SAS,W,40.0,32,75,0.427,4,27,0.148,18,31,0.581,13,25,38,14,16.0,7,6,5,30,24,86,1.0,1,1,1,1,101,99,99,80,108,102,108,33,7,104,26,99,86,103,47,51,9,67,104,10,102,53,
2022,1610612754,IND,Indiana Pacers,1522200018,2022-07-10T00:00:00,IND @ SAC,L,40.0,37,73,0.507,9,22,0.409,13,22,0.591,14,28,42,16,17.0,8,2,7,21,21,96,-7.0,1,40,40,40,87,73,89,21,73,90,24,75,54,90,13,64,40,89,57,35,86,63,42,37,85,58,
2022,1610612747,LAL,Los Angeles Lakers,1522200025,2022-07-10T00:00:00,LAL vs. CHA,L,44.0,32,80,0.4,10,31,0.323,12,16,0.75,7,30,37,19,15.0,14,7,5,20,21,86,-3.0,1,59,59,59,106,108,97,104,54,53,63,100,103,71,85,88,100,97,60,1,20,54,75,58,108,64,
2022,1610612763,MEM,Memphis Grizzlies,1522200024,2022-07-10T00:00:00,MEM vs. MIN,W,40.0,28,77,0.364,3,31,0.097,11,14,0.786,13,29,42,14,17.0,14,3,5,12,22,70,7.0,1,1,1,1,94,100,94,99,100,72,101,86,89,30,37,83,72,99,75,3,76,40,2,27,101,42,
2022,1610612750,MIN,Minnesota Timberwolves,1522200024,2022-07-10T00:00:00,MIN @ MEM,L,40.0,24,69,0.348,4,33,0.121,11,15,0.733,11,33,44,7,22.0,11,5,3,22,12,63,-7.0,1,51,51,51,95,99,98,99,97,48,99,85,88,63,21,48,35,99,93,17,44,22,50,95,99,66,
2022,1610612752,NYK,New York Knicks,1522200020,2022-07-10T00:00:00,NYK vs. CHI,W,40.0,37,72,0.514,10,31,0.323,17,26,0.654,10,32,42,21,14.0,11,4,2,28,27,101,32.0,1,1,1,1,98,71,99,19,66,71,57,62,41,84,70,61,78,55,56,11,40,7,96,4,83,2,
2022,1610612755,PHI,Philadelphia 76ers,1522200019,2022-07-10T00:00:00,PHI @ BKN,L,40.0,33,81,0.407,9,28,0.321,9,12,0.75,11,24,35,17,18.0,13,5,3,26,13,84,-7.0,1,70,70,70,98,90,64,89,82,80,76,104,103,92,29,99,91,93,83,8,40,17,94,100,102,80,
2022,1610612756,PHX,Phoenix Suns,1522200021,2022-07-10T00:00:00,PHX vs. WAS,L,40.0,22,63,0.349,5,23,0.217,23,33,0.697,12,22,34,11,16.0,6,4,3,25,29,72,-25.0,1,56,56,56,98,102,102,100,100,89,99,15,8,88,42,101,97,102,75,65,61,24,79,4,101,95,
2022,1610612758,SAC,Sacramento Kings,1522200018,2022-07-10T00:00:00,SAC vs. IND,W,40.0,34,69,0.493,18,41,0.439,17,19,0.895,4,22,26,22,14.0,10,7,2,21,21,103,7.0,1,1,1,1,95,93,97,45,13,29,15,57,73,11,94,97,100,76,47,15,4,10,48,46,86,37,
2022,1610612759,SAS,San Antonio Spurs,1522200023,2022-07-10T00:00:00,SAS vs. GSW,L,40.0,25,74,0.338,10,29,0.345,25,37,0.676,15,33,48,14,17.0,7,5,6,24,30,85,-1.0,1,25,25,25,88,92,91,92,50,59,40,3,2,71,17,33,20,91,53,41,25,50,76,2,90,25,
2022,1610612764,WAS,Washington Wizards,1522200021,2022-07-10T00:00:00,WAS @ PHX,W,40.0,33,71,0.465,8,23,0.348,23,23,1.0,11,31,42,14,12.0,7,3,4,29,25,97,25.0,1,1,1,1,87,83,90,55,65,85,45,14,34,1,30,68,50,90,27,37,66,27,90,8,77,1,
2022,1610612737,ATL,Atlanta Hawks,1522200026,2022-07-11T00:00:00,ATL vs. NOP,L,40.0,26,82,0.317,3,24,0.125,18,19,0.947,11,16,27,16,12.0,11,3,8,24,18,73,-28.0,1,49,49,49,94,97,89,98,98,88,98,42,64,6,46,98,98,94,36,8,75,81,88,61,97,97,
2022,1610612738,BOS,Boston Celtics,1522200028,2022-07-11T00:00:00,BOS vs. MIL,W,40.0,35,74,0.473,19,46,0.413,22,26,0.846,12,26,38,23,18.0,8,8,2,29,25,111,2.0,1,1,1,1,107,99,109,56,21,27,37,20,25,38,21,106,87,84,98,23,13,11,109,9,74,70,
2022,1610612742,DAL,Dallas Mavericks,1522200030,2022-07-11T00:00:00,DAL @ UTA,L,40.0,28,67,0.418,8,22,0.364,18,25,0.72,7,30,37,12,15.0,7,10,6,28,24,82,-1.0,1,41,41,41,87,89,89,80,87,90,43,44,44,55,44,45,50,90,68,29,1,75,83,20,89,41,
2022,1610612745,HOU,Houston Rockets,1522200027,2022-07-11T00:00:00,HOU @ SAS,W,40.0,35,80,0.438,10,25,0.4,17,25,0.68,13,25,38,21,12.0,14,7,2,20,18,97,13.0,1,1,1,1,87,77,80,57,46,75,13,51,40,71,45,85,82,52,9,1,10,2,37,68,76,7,
2022,1610612749,MIL,Milwaukee Bucks,1522200028,2022-07-11T00:00:00,MIL @ BOS,L,40.0,38,78,0.487,11,31,0.355,22,29,0.759,10,25,35,19,16.0,6,2,8,25,29,109,-2.0,1,63,63,63,93,68,90,33,78,87,56,15,15,52,48,96,93,86,52,47,79,91,91,3,61,63,
2022,1610612740,NOP,New Orleans Pelicans,1522200026,2022-07-11T00:00:00,NOP @ ATL,W,40.0,34,61,0.557,8,18,0.444,25,31,0.806,10,30,40,18,19.0,5,8,3,18,24,101,28.0,1,1,1,1,89,86,93,7,67,92,14,17,18,41,50,56,68,88,81,77,2,18,19,14,82,6,
2022,1610612752,NYK,New York Knicks,1522200031,2022-07-11T00:00:00,NYK @ POR,L,40.0,29,76,0.382,11,41,0.268,8,16,0.5,7,23,30,14,12.0,10,4,5,21,15,77,-11.0,1,60,60,60,98,98,91,94,54,14,85,101,97,101,88,99,102,99,32,14,40,55,54,96,101,89,
2022,1610612760,OKC,Oklahoma City Thunder,1522200029,2022-07-11T00:00:00,OKC vs. ORL,W,40.0,32,73,0.438,5,25,0.2,15,22,0.682,8,36,44,22,24.0,8,5,3,18,28,84,3.0,1,1,1,1,91,91,95,66,94,88,93,71,52,85,79,24,41,61,98,48,30,15,21,7,96,44,
2022,1610612753,ORL,Orlando Magic,1522200029,2022-07-11T00:00:00,ORL @ OKC,L,40.0,28,77,0.364,9,37,0.243,16,26,0.615,13,23,36,14,17.0,10,3,5,28,18,81,-3.0,1,41,41,41,89,91,82,91,60,13,80,63,32,90,15,88,79,89,56,16,59,43,89,64,92,43,
2022,1610612757,POR,Portland Trail Blazers,1522200031,2022-07-11T00:00:00,POR vs. NYK,W,40.0,30,62,0.484,10,24,0.417,18,25,0.72,9,40,49,17,19.0,6,5,4,15,21,88,11.0,1,1,1,1,88,84,92,34,60,85,25,50,43,72,47,3,5,86,75,45,32,35,5,38,86,16,
2022,1610612759,SAS,San Antonio Spurs,1522200027,2022-07-11T00:00:00,SAS vs. HOU,L,40.0,29,78,0.372,11,32,0.344,15,18,0.833,17,29,46,10,25.0,8,2,7,18,20,84,-13.0,1,25,25,25,88,91,86,86,38,47,43,43,57,17,6,61,31,92,92,25,71,65,26,30,91,59,
2022,1610612762,UTA,Utah Jazz,1522200030,2022-07-11T00:00:00,UTA vs. DAL,W,40.0,26,84,0.31,9,29,0.31,22,29,0.759,22,29,51,16,16.0,11,6,10,24,28,83,1.0,1,1,1,1,87,91,68,94,78,85,60,22,19,56,1,74,17,88,42,3,28,91,75,8,87,34,
2022,1610612737,ATL,Atlanta Hawks,1522200034,2022-07-12T00:00:00,ATL @ MIA,W,40.0,37,69,0.536,8,18,0.444,13,18,0.722,6,26,32,15,15.0,6,4,4,28,22,95,7.0,1,1,1,1,94,88,98,19,74,98,15,84,73,86,83,88,95,96,67,50,51,31,98,20,93,31,
2022,1610612738,BOS,Boston Celtics,1522200035,2022-07-12T00:00:00,BOS @ GSW,W,40.0,37,82,0.451,13,30,0.433,16,22,0.727,14,25,39,24,15.0,5,5,8,17,23,103,11.0,1,1,1,1,107,92,88,72,71,108,27,56,47,89,11,108,82,77,66,61,49,104,32,16,95,36,
2022,1610612751,BKN,Brooklyn Nets,1522200033,2022-07-12T00:00:00,BKN vs. MEM,L,40.0,29,75,0.387,6,25,0.24,20,29,0.69,7,20,27,15,16.0,10,4,8,18,16,84,-36.0,1,51,51,51,91,93,88,93,92,91,90,32,15,81,47,94,95,94,63,14,69,90,18,70,93,93,
2022,1610612741,CHI,Chicago Bulls,1522200032,2022-07-12T00:00:00,CHI @ TOR,W,40.0,33,60,0.55,9,24,0.375,18,28,0.643,4,26,30,20,18.0,9,1,3,14,26,93,10.0,1,1,1,1,90,89,93,13,51,71,40,38,14,91,85,84,91,72,76,24,85,14,7,6,84,28,
2022,1610612742,DAL,Dallas Mavericks,1522200037,2022-07-12T00:00:00,DAL vs. PHX,L,40.0,25,74,0.338,10,31,0.323,18,27,0.667,8,26,34,14,15.0,7,6,8,30,21,78,-27.0,1,41,41,41,87,90,81,89,81,83,67,44,30,66,29,71,69,89,68,29,12,85,86,48,90,88,
2022,1610612765,DET,Detroit Pistons,1522200036,2022-07-12T00:00:00,DET @ IND,L,40.0,31,70,0.443,12,34,0.353,13,16,0.813,4,20,24,23,17.0,11,3,4,22,19,87,-14.0,1,21,21,21,87,84,87,54,41,31,44,76,77,29,88,90,91,39,63,5,47,20,38,60,87,62,
2022,1610612744,GSW,Golden State Warriors,1522200035,2022-07-12T00:00:00,GSW vs. BOS,L,40.0,36,85,0.424,8,27,0.296,12,18,0.667,16,22,38,14,13.0,7,8,5,23,17,92,-11.0,1,55,55,55,101,91,78,83,103,102,89,82,67,90,10,105,86,103,16,51,2,67,64,67,100,86,
2022,1610612754,IND,Indiana Pacers,1522200036,2022-07-12T00:00:00,IND vs. DET,W,40.0,37,69,0.536,7,23,0.304,20,31,0.645,14,30,44,22,19.0,10,4,3,19,22,101,14.0,1,1,1,1,87,73,91,9,85,88,65,36,10,86,13,52,31,76,74,15,64,11,25,27,76,5,
2022,1610612747,LAL,Los Angeles Lakers,1522200038,2022-07-12T00:00:00,LAL @ LAC,W,40.0,33,76,0.434,7,23,0.304,10,14,0.714,12,32,44,16,14.0,4,4,3,24,19,83,11.0,1,1,1,1,107,105,107,89,93,100,75,108,110,86,22,75,57,107,48,86,62,20,102,77,111,19,
2022,1610612763,MEM,Memphis Grizzlies,1522200033,2022-07-12T00:00:00,MEM @ BKN,W,40.0,46,78,0.59,12,24,0.5,16,19,0.842,8,37,45,31,14.0,7,8,4,16,18,120,36.0,1,1,1,1,94,28,92,3,35,95,4,55,68,10,80,29,55,13,48,61,13,26,9,59,36,3,
2022,1610612748,MIA,Miami Heat,1522200034,2022-07-12T00:00:00,MIA vs. ATL,L,40.0,26,70,0.371,6,19,0.316,30,38,0.789,11,24,35,8,11.0,9,4,4,22,29,88,-7.0,1,66,66,66,113,116,115,112,114,119,73,5,3,77,37,107,96,120,26,32,25,51,85,2,112,87,
2022,1610612756,PHX,Phoenix Suns,1522200037,2022-07-12T00:00:00,PHX @ DAL,W,40.0,33,74,0.446,11,25,0.44,28,35,0.8,12,38,50,24,14.0,8,8,6,21,30,105,27.0,1,1,1,1,98,95,98,67,51,84,22,4,3,49,42,14,18,66,48,29,11,77,41,3,74,5,
2022,1610612761,TOR,Toronto Raptors,1522200032,2022-07-12T00:00:00,TOR vs. CHI,L,40.0,32,73,0.438,14,32,0.438,5,9,0.556,7,22,29,17,19.0,8,3,1,26,14,83,-10.0,1,49,49,49,89,90,92,59,9,43,6,90,88,92,84,90,92,84,88,58,69,1,85,80,91,75,
2022,1610612766,CHA,Charlotte Hornets,1522200040,2022-07-13T00:00:00,CHA vs. CLE,W,40.0,33,68,0.485,13,33,0.394,12,17,0.706,13,31,44,17,16.0,5,8,4,16,18,91,11.0,1,1,1,1,89,81,91,28,17,36,18,75,76,56,28,58,46,85,56,72,10,19,11,63,83,5,
2022,1610612739,CLE,Cleveland Cavaliers,1522200040,2022-07-13T00:00:00,CLE @ CHA,L,40.0,31,78,0.397,5,25,0.2,13,18,0.722,14,18,32,18,7.0,8,4,8,18,16,80,-11.0,1,57,57,57,92,91,73,89,92,84,93,75,72,71,8,96,91,83,2,29,50,88,36,79,94,82,
2022,1610612743,DEN,Denver Nuggets,1522200045,2022-07-13T00:00:00,DEN @ LAC,W,40.0,28,73,0.384,11,34,0.324,13,23,0.565,11,39,50,22,15.0,11,10,3,15,22,80,5.0,1,1,1,1,108,110,108,110,59,29,83,85,40,102,37,13,16,91,63,11,3,22,12,30,109,52,
2022,1610612748,MIA,Miami Heat,1522200044,2022-07-13T00:00:00,MIA @ PHI,L,40.0,23,84,0.274,5,31,0.161,20,30,0.667,21,22,43,12,13.0,17,8,12,23,23,71,-4.0,1,66,66,66,113,119,62,120,117,80,119,42,16,111,1,118,43,117,53,1,3,120,97,25,118,75,
2022,1610612749,MIL,Milwaukee Bucks,1522200039,2022-07-13T00:00:00,MIL vs. MIN,W,40.0,30,66,0.455,15,36,0.417,12,18,0.667,8,39,47,25,22.0,4,9,5,17,24,87,12.0,1,1,1,1,93,95,94,57,37,67,26,77,70,75,65,28,50,49,90,76,5,65,36,12,96,24,
2022,1610612750,MIN,Minnesota Timberwolves,1522200039,2022-07-13T00:00:00,MIN @ MIL,L,40.0,28,79,0.354,8,25,0.32,11,14,0.786,7,27,34,22,10.0,13,5,9,24,17,75,-12.0,1,51,51,51,95,97,85,98,83,87,68,85,93,38,67,81,85,73,6,5,44,99,70,76,98,83,
2022,1610612740,NOP,New Orleans Pelicans,1522200041,2022-07-13T00:00:00,NOP vs. WAS,W,40.0,37,78,0.474,11,28,0.393,21,26,0.808,21,25,46,20,15.0,12,6,4,17,23,106,18.0,1,1,1,1,89,76,83,52,42,55,34,32,34,40,1,87,34,81,42,11,14,31,13,21,69,15,
2022,1610612760,OKC,Oklahoma City Thunder,1522200043,2022-07-13T00:00:00,OKC vs. SAC,W,40.0,31,68,0.456,8,23,0.348,16,20,0.8,8,32,40,14,17.0,8,4,6,21,25,86,6.0,1,1,1,1,91,94,98,55,85,96,46,66,68,53,79,47,66,98,75,48,46,57,48,11,95,36,
2022,1610612755,PHI,Philadelphia 76ers,1522200044,2022-07-13T00:00:00,PHI vs. MIA,W,40.0,27,65,0.415,5,21,0.238,16,20,0.8,9,33,42,18,24.0,5,12,8,23,23,75,4.0,1,1,1,1,98,103,105,88,102,105,95,72,72,75,44,39,40,88,104,84,2,93,69,17,105,52,
2022,1610612758,SAC,Sacramento Kings,1522200043,2022-07-13T00:00:00,SAC @ OKC,L,40.0,27,70,0.386,12,34,0.353,14,17,0.824,11,25,36,20,18.0,11,6,4,25,21,80,-6.0,1,62,62,62,95,101,96,99,55,64,56,81,87,41,32,93,85,88,78,7,9,44,85,46,101,76,
2022,1610612761,TOR,Toronto Raptors,1522200042,2022-07-13T00:00:00,TOR @ UTA,W,40.0,30,68,0.441,8,30,0.267,12,16,0.75,12,27,39,14,15.0,8,5,2,20,20,80,6.0,1,1,1,1,89,92,93,55,69,55,75,80,77,55,47,68,71,90,72,58,39,6,43,39,92,36,
2022,1610612762,UTA,Utah Jazz,1522200042,2022-07-13T00:00:00,UTA vs. TOR,L,40.0,29,79,0.367,7,30,0.233,9,11,0.818,21,26,47,14,18.0,9,2,5,20,20,74,-6.0,1,42,42,42,87,88,85,88,89,82,91,88,90,33,2,88,35,93,67,13,79,43,39,47,92,58,
2022,1610612764,WAS,Washington Wizards,1522200041,2022-07-13T00:00:00,WAS @ NOP,L,40.0,33,68,0.485,10,26,0.385,12,18,0.667,7,18,25,23,16.0,7,4,6,23,17,88,-18.0,1,40,40,40,87,83,91,43,49,73,33,74,67,81,57,91,90,56,57,37,54,58,72,62,87,83,
2022,1610612737,ATL,Atlanta Hawks,1522200046,2022-07-14T00:00:00,ATL @ SAS,W,40.0,34,79,0.43,9,22,0.409,10,13,0.769,10,24,34,23,13.0,9,5,7,19,17,87,1.0,1,1,1,1,94,93,91,84,68,90,27,91,93,73,55,95,92,62,54,22,34,74,49,72,96,46,
2022,1610612738,BOS,Boston Celtics,1522200047,2022-07-14T00:00:00,BOS vs. MEM,W,40.0,39,78,0.5,13,36,0.361,17,23,0.739,9,28,37,27,17.0,10,4,5,22,22,108,17.0,1,1,1,1,107,73,101,30,71,84,59,52,40,83,52,97,97,45,89,9,69,72,77,27,85,21,
2022,1610612751,BKN,Brooklyn Nets,1522200052,2022-07-14T00:00:00,BKN @ MIN,W,40.0,33,70,0.471,9,26,0.346,27,34,0.794,11,32,43,22,15.0,6,5,2,20,26,102,19.0,1,1,1,1,91,86,93,52,73,84,55,3,1,48,16,46,27,62,52,53,53,10,38,2,69,7,
2022,1610612766,CHA,Charlotte Hornets,1522200048,2022-07-14T00:00:00,CHA vs. CHI,L,40.0,26,76,0.342,8,34,0.235,13,18,0.722,12,31,43,16,16.0,7,7,8,17,14,73,-16.0,1,30,30,30,89,92,88,91,67,31,79,70,71,52,37,58,53,87,56,50,15,67,14,87,92,68,
2022,1610612741,CHI,Chicago Bulls,1522200048,2022-07-14T00:00:00,CHI @ CHA,W,40.0,34,72,0.472,7,19,0.368,14,20,0.7,11,31,42,20,15.0,8,8,7,14,17,89,16.0,1,1,1,1,90,86,90,60,67,92,42,73,62,82,18,59,43,72,54,37,7,72,7,60,90,17,
2022,1610612739,CLE,Cleveland Cavaliers,1522200049,2022-07-14T00:00:00,CLE @ DET,W,40.0,29,79,0.367,5,25,0.2,19,23,0.826,12,27,39,16,12.0,12,6,5,21,19,82,3.0,1,1,1,1,92,94,71,95,92,84,93,31,36,31,22,73,58,91,33,4,22,49,63,51,92,51,
2022,1610612742,DAL,Dallas Mavericks,1522200050,2022-07-14T00:00:00,DAL @ MIL,L,40.0,35,77,0.455,7,31,0.226,12,18,0.667,12,26,38,19,18.0,9,3,3,39,20,89,-11.0,1,41,41,41,87,65,71,55,89,83,87,75,76,66,7,71,44,69,82,13,44,24,90,58,85,77,
2022,1610612765,DET,Detroit Pistons,1522200049,2022-07-14T00:00:00,DET vs. CLE,L,40.0,29,70,0.414,7,31,0.226,14,17,0.824,8,34,42,16,22.0,6,5,6,19,21,79,-3.0,1,21,21,21,87,90,87,69,77,55,85,68,73,21,70,23,39,84,83,54,23,50,13,38,91,27,
2022,1610612745,HOU,Houston Rockets,1522200053,2022-07-14T00:00:00,HOU vs. POR,L,40.0,26,82,0.317,7,38,0.184,18,30,0.6,18,26,44,18,8.0,14,8,9,27,20,77,-8.0,1,28,28,28,87,90,75,91,71,15,88,42,21,86,7,81,57,73,2,1,6,76,84,45,90,42,
2022,1610612763,MEM,Memphis Grizzlies,1522200047,2022-07-14T00:00:00,MEM @ BOS,L,40.0,33,75,0.44,3,20,0.15,22,28,0.786,11,23,34,22,16.0,5,5,4,22,22,91,-17.0,1,61,61,61,94,96,96,71,100,100,100,18,27,30,54,97,94,75,68,82,52,26,69,27,95,94,
2022,1610612749,MIL,Milwaukee Bucks,1522200050,2022-07-14T00:00:00,MIL vs. DAL,W,40.0,30,62,0.484,11,32,0.344,29,43,0.674,9,29,38,19,21.0,10,3,3,20,39,100,11.0,1,1,1,1,93,95,96,35,78,82,62,3,2,74,57,88,86,86,87,8,64,28,60,1,84,28,
2022,1610612750,MIN,Minnesota Timberwolves,1522200052,2022-07-14T00:00:00,MIN vs. BKN,L,40.0,27,71,0.38,9,29,0.31,20,27,0.741,13,24,37,16,16.0,6,2,5,26,20,83,-19.0,1,51,51,51,95,98,96,96,74,68,72,34,29,60,12,94,70,96,51,69,86,53,84,50,96,93,
2022,1610612752,NYK,New York Knicks,1522200051,2022-07-14T00:00:00,NYK @ ORL,W,40.0,40,76,0.526,7,24,0.292,15,23,0.652,14,29,43,21,15.0,6,3,3,16,20,102,13.0,1,1,1,1,98,54,91,12,93,102,71,74,63,87,28,87,71,55,69,50,61,22,16,56,79,22,
2022,1610612753,ORL,Orlando Magic,1522200051,2022-07-14T00:00:00,ORL vs. NYK,L,40.0,34,86,0.395,12,45,0.267,9,13,0.692,16,20,36,23,12.0,11,3,3,20,16,89,-13.0,1,41,41,41,89,80,40,84,27,4,73,90,90,76,4,90,79,42,21,9,59,13,42,82,89,73,
2022,1610612757,POR,Portland Trail Blazers,1522200053,2022-07-14T00:00:00,POR @ HOU,W,40.0,27,68,0.397,6,23,0.261,25,35,0.714,10,37,47,15,16.0,4,9,8,20,27,85,8.0,1,1,1,1,88,92,88,84,87,89,81,18,8,73,38,10,11,89,49,77,3,84,39,12,87,22,
2022,1610612759,SAS,San Antonio Spurs,1522200046,2022-07-14T00:00:00,SAS vs. ATL,L,40.0,33,74,0.446,6,21,0.286,14,23,0.609,14,26,40,17,18.0,9,7,5,17,19,86,-1.0,1,25,25,25,88,86,91,56,88,87,69,51,31,83,21,80,63,90,63,15,7,37,15,37,89,25,
2022,1610612743,DEN,Denver Nuggets,1522200055,2022-07-15T00:00:00,DEN vs. PHI,L,40.0,26,73,0.356,9,33,0.273,10,18,0.556,8,21,29,20,18.0,14,4,7,16,19,71,-26.0,1,75,75,75,108,111,108,112,82,37,96,104,82,104,75,112,112,103,89,2,55,95,22,57,112,110,
2022,1610612744,GSW,Golden State Warriors,1522200056,2022-07-15T00:00:00,GSW vs. OKC,L,40.0,29,67,0.433,8,27,0.296,16,24,0.667,4,31,35,14,17.0,7,3,4,23,24,82,-8.0,1,55,55,55,101,101,104,75,103,102,89,46,29,90,104,69,95,103,63,51,64,49,64,10,104,76,
2022,1610612754,IND,Indiana Pacers,1522200058,2022-07-15T00:00:00,IND @ WAS,L,40.0,30,77,0.39,6,31,0.194,13,17,0.765,10,27,37,19,19.0,8,4,10,24,19,79,-18.0,1,40,40,40,87,89,87,85,88,69,89,75,77,52,43,71,69,88,74,35,64,88,66,55,90,80,
2022,1610612747,LAL,Los Angeles Lakers,1522200060,2022-07-15T00:00:00,LAL @ NOP,W,40.0,38,82,0.463,17,36,0.472,9,13,0.692,11,32,43,24,13.0,5,10,5,16,18,102,8.0,1,1,1,1,107,83,87,64,5,22,6,112,112,94,29,75,67,59,39,70,4,54,21,86,92,33,
2022,1610612748,MIA,Miami Heat,1522200059,2022-07-15T00:00:00,MIA @ TOR,L,40.0,26,68,0.382,4,27,0.148,22,28,0.786,12,32,44,11,19.0,9,3,8,23,21,78,-10.0,1,66,66,66,113,116,118,111,119,107,120,29,25,80,26,48,34,119,111,32,52,108,97,50,117,97,
2022,1610612740,NOP,New Orleans Pelicans,1522200060,2022-07-15T00:00:00,NOP vs. LAL,L,40.0,34,87,0.391,12,38,0.316,14,17,0.824,16,30,46,25,9.0,8,5,10,18,16,94,-8.0,1,50,50,50,89,86,41,91,28,9,64,77,82,33,6,56,34,46,4,46,25,88,19,82,91,64,
2022,1610612760,OKC,Oklahoma City Thunder,1522200056,2022-07-15T00:00:00,OKC @ GSW,W,40.0,35,80,0.438,13,39,0.333,7,14,0.5,11,28,39,26,14.0,6,4,3,24,23,90,8.0,1,1,1,1,91,86,87,67,31,20,54,96,90,98,44,76,71,29,55,75,46,15,74,24,92,30,
2022,1610612755,PHI,Philadelphia 76ers,1522200055,2022-07-15T00:00:00,PHI @ DEN,W,40.0,36,74,0.486,14,33,0.424,11,17,0.647,17,34,51,15,23.0,12,7,4,19,16,97,26.0,1,1,1,1,98,79,96,47,31,51,36,101,88,104,4,30,10,101,102,10,15,33,32,77,91,5,
2022,1610612756,PHX,Phoenix Suns,1522200057,2022-07-15T00:00:00,PHX vs. SAC,L,40.0,23,66,0.348,11,37,0.297,12,17,0.706,6,25,31,16,13.0,7,2,4,23,21,69,-13.0,1,56,56,56,98,101,101,101,51,19,83,85,78,86,94,94,100,101,39,43,89,45,65,43,102,86,
2022,1610612758,SAC,Sacramento Kings,1522200057,2022-07-15T00:00:00,SAC @ PHX,W,40.0,33,65,0.508,10,24,0.417,6,12,0.5,8,38,46,13,19.0,8,4,2,21,23,82,13.0,1,1,1,1,95,95,100,36,76,101,26,101,99,101,68,14,28,101,84,41,30,10,48,27,99,23,
2022,1610612761,TOR,Toronto Raptors,1522200059,2022-07-15T00:00:00,TOR vs. MIA,W,40.0,33,75,0.44,7,28,0.25,15,22,0.682,12,26,38,14,15.0,11,8,3,21,23,88,10.0,1,1,1,1,89,86,89,57,78,67,78,64,50,82,47,76,76,90,72,24,10,20,53,21,90,23,
2022,1610612762,UTA,Utah Jazz,1522200054,2022-07-15T00:00:00,UTA vs. LAC,L,40.0,21,66,0.318,7,29,0.241,16,32,0.5,11,36,47,13,23.0,7,6,6,22,27,65,-17.0,1,42,42,42,87,94,93,93,89,85,90,60,11,92,46,33,35,94,89,34,28,57,52,9,94,87,
2022,1610612764,WAS,Washington Wizards,1522200058,2022-07-15T00:00:00,WAS vs. IND,W,40.0,34,73,0.466,9,28,0.321,20,26,0.769,8,34,42,25,17.0,11,10,4,19,24,97,18.0,1,1,1,1,87,81,89,54,60,59,53,24,21,55,52,40,50,42,65,6,4,27,42,13,77,11,
2022,1610612737,ATL,Atlanta Hawks,1522200061,2022-07-16T00:00:00,ATL @ CLE,L,40.0,31,71,0.437,9,27,0.333,19,21,0.905,7,27,34,18,10.0,5,4,4,19,19,90,-4.0,1,49,49,49,94,95,97,80,68,71,57,37,51,14,76,84,92,91,19,65,51,31,49,46,94,56,
2022,1610612738,BOS,Boston Celtics,1522200066,2022-07-16T00:00:00,BOS vs. BKN,L,40.0,37,87,0.425,11,34,0.324,10,11,0.909,12,28,40,23,11.0,6,5,3,19,16,95,-7.0,1,74,74,74,107,92,54,94,90,95,81,96,102,15,21,97,78,84,23,47,49,27,54,82,103,92,
2022,1610612751,BKN,Brooklyn Nets,1522200066,2022-07-16T00:00:00,BKN @ BOS,W,40.0,38,75,0.507,7,16,0.438,19,21,0.905,5,31,36,21,12.0,4,3,5,16,19,102,7.0,1,1,1,1,91,61,88,32,89,95,20,38,53,13,65,55,69,74,28,76,76,66,11,40,69,29,
2022,1610612766,CHA,Charlotte Hornets,1522200063,2022-07-16T00:00:00,CHA @ MIN,L,40.0,31,67,0.463,9,29,0.31,15,17,0.882,8,19,27,21,16.0,12,7,4,14,19,86,-3.0,1,30,30,30,89,88,92,41,57,67,54,64,76,9,69,92,92,70,56,6,15,19,3,53,88,31,
2022,1610612741,CHI,Chicago Bulls,1522200065,2022-07-16T00:00:00,CHI @ PHI,W,40.0,44,75,0.587,12,25,0.48,19,22,0.864,9,22,31,22,17.0,10,3,7,24,24,119,15.0,1,1,1,1,90,31,85,6,25,65,9,29,42,26,33,93,89,59,70,14,59,72,80,11,28,19,
2022,1610612739,CLE,Cleveland Cavaliers,1522200061,2022-07-16T00:00:00,CLE vs. ATL,W,40.0,34,76,0.447,8,31,0.258,18,25,0.72,13,28,41,17,12.0,4,4,4,19,19,94,4.0,1,1,1,1,92,84,85,73,72,47,83,36,26,72,10,63,41,88,33,84,50,30,45,51,88,47,
2022,1610612742,DAL,Dallas Mavericks,1522200068,2022-07-16T00:00:00,DAL vs. LAL,L,40.0,29,66,0.439,9,30,0.3,17,26,0.654,8,28,36,16,19.0,6,1,6,18,20,84,-11.0,1,41,41,41,87,87,90,62,85,86,76,54,36,71,29,63,60,82,85,45,78,75,16,58,88,77,
2022,1610612765,DET,Detroit Pistons,1522200062,2022-07-16T00:00:00,DET vs. ORL,W,40.0,36,67,0.537,14,30,0.467,16,20,0.8,7,30,37,23,14.0,8,3,2,20,21,102,16.0,1,1,1,1,87,64,89,4,19,62,8,58,64,36,78,49,69,39,31,28,47,6,23,38,66,5,
2022,1610612745,HOU,Houston Rockets,1522200067,2022-07-16T00:00:00,HOU @ SAC,L,40.0,31,78,0.397,8,31,0.258,11,15,0.733,13,30,43,15,16.0,12,2,4,10,14,81,-11.0,1,28,28,28,87,85,86,82,64,48,77,81,82,51,45,62,64,86,43,6,74,11,1,86,89,56,
2022,1610612747,LAL,Los Angeles Lakers,1522200068,2022-07-16T00:00:00,LAL @ DAL,W,40.0,40,81,0.494,6,24,0.25,9,14,0.643,8,30,38,18,12.0,8,6,1,20,18,95,11.0,1,1,1,1,107,63,93,39,103,96,96,112,110,104,76,88,91,102,31,21,32,2,75,86,106,19,
2022,1610612763,MEM,Memphis Grizzlies,1522200064,2022-07-16T00:00:00,MEM @ SAS,L,40.0,34,74,0.459,8,23,0.348,11,15,0.733,10,32,42,21,19.0,9,3,6,17,12,87,-3.0,1,61,61,61,94,91,98,55,83,96,44,86,85,60,67,67,72,82,88,40,76,58,16,99,97,65,
2022,1610612748,MIA,Miami Heat,1522200069,2022-07-16T00:00:00,MIA @ LAC,W,40.0,28,72,0.389,7,29,0.241,23,24,0.958,9,30,39,13,15.0,6,10,5,15,29,86,3.0,1,1,1,1,113,115,114,105,109,93,110,21,46,6,63,64,69,116,78,86,1,78,17,2,116,48,
2022,1610612750,MIN,Minnesota Timberwolves,1522200063,2022-07-16T00:00:00,MIN vs. CHA,W,40.0,33,67,0.493,7,22,0.318,16,20,0.8,8,25,33,19,19.0,10,4,7,19,14,89,3.0,1,1,1,1,95,93,99,41,92,97,69,59,71,33,52,90,90,88,79,24,60,85,23,92,93,43,
2022,1610612753,ORL,Orlando Magic,1522200062,2022-07-16T00:00:00,ORL @ DET,L,40.0,32,69,0.464,7,31,0.226,15,23,0.652,9,22,31,15,15.0,7,2,3,21,20,86,-16.0,1,41,41,41,89,88,90,49,81,45,86,70,55,83,51,89,89,88,41,50,73,13,50,49,90,78,
2022,1610612755,PHI,Philadelphia 76ers,1522200065,2022-07-16T00:00:00,PHI vs. CHI,L,40.0,36,74,0.486,8,27,0.296,24,28,0.857,12,19,31,18,21.0,6,7,3,24,24,104,-15.0,1,70,70,70,98,79,96,47,87,85,84,26,26,39,23,105,99,88,98,75,15,17,76,9,75,98,
2022,1610612758,SAC,Sacramento Kings,1522200067,2022-07-16T00:00:00,SAC vs. HOU,W,40.0,35,69,0.507,14,33,0.424,8,10,0.8,2,33,35,22,15.0,7,4,2,14,10,92,11.0,1,1,1,1,95,88,97,37,36,67,22,100,101,48,100,43,88,76,56,52,30,10,7,101,95,26,
2022,1610612759,SAS,San Antonio Spurs,1522200064,2022-07-16T00:00:00,SAS vs. MEM,W,40.0,34,84,0.405,13,35,0.371,9,17,0.529,16,27,43,21,13.0,8,6,3,12,17,90,3.0,1,1,1,1,88,82,76,71,18,30,34,86,66,91,13,74,47,81,19,25,14,14,1,56,86,21,
2022,1610612743,DEN,Denver Nuggets,1522200075,2022-07-17T00:00:00,DEN @ UTA,L,40.0,26,69,0.377,6,19,0.316,14,20,0.7,14,30,44,11,19.0,8,5,8,18,19,72,-10.0,1,75,75,75,108,111,111,111,101,109,86,81,67,81,18,75,45,112,95,38,30,107,42,57,111,94,
2022,1610612744,GSW,Golden State Warriors,1522200074,2022-07-17T00:00:00,GSW vs. WAS,L,40.0,29,72,0.403,11,29,0.379,8,12,0.667,12,33,45,15,21.0,6,6,5,20,20,77,-10.0,1,55,55,55,101,101,102,93,89,100,48,104,100,90,30,53,45,102,95,65,9,67,28,41,105,84,
2022,1610612754,IND,Indiana Pacers,1522200072,2022-07-17T00:00:00,IND vs. PHX,L,40.0,24,72,0.333,6,36,0.167,15,18,0.833,7,29,36,16,17.0,10,5,1,27,19,69,-15.0,1,40,40,40,87,91,90,91,88,48,90,62,75,25,67,59,73,89,57,15,41,1,83,55,91,76,
2022,1610612749,MIL,Milwaukee Bucks,1522200071,2022-07-17T00:00:00,MIL @ TOR,L,40.0,24,62,0.387,5,23,0.217,16,21,0.762,4,31,35,13,16.0,6,3,3,6,19,69,-11.0,1,63,63,63,93,97,96,90,97,97,95,49,50,48,94,80,93,97,52,47,64,28,1,47,97,79,
2022,1610612740,NOP,New Orleans Pelicans,1522200073,2022-07-17T00:00:00,NOP vs. OKC,W,40.0,37,73,0.507,18,34,0.529,15,24,0.625,12,45,57,25,13.0,5,5,3,13,18,107,36.0,1,1,1,1,89,76,91,21,4,20,4,73,44,91,30,2,4,46,27,77,25,18,1,63,65,2,
2022,1610612752,NYK,New York Knicks,1522200070,2022-07-17T00:00:00,NYK vs. POR,L,40.0,24,60,0.4,6,25,0.24,23,32,0.719,9,23,32,16,18.0,8,1,7,20,22,77,-8.0,1,60,60,60,98,102,102,90,100,100,94,25,10,64,78,99,101,90,91,25,93,83,46,36,101,82,
2022,1610612760,OKC,Oklahoma City Thunder,1522200073,2022-07-17T00:00:00,OKC @ NOP,L,40.0,23,74,0.311,15,45,0.333,10,14,0.714,5,25,30,19,8.0,4,3,5,18,13,71,-36.0,1,52,52,52,91,98,94,98,18,2,54,90,90,80,95,90,97,80,4,89,61,41,21,96,98,98,
2022,1610612756,PHX,Phoenix Suns,1522200072,2022-07-17T00:00:00,PHX @ IND,W,40.0,29,77,0.377,12,39,0.308,14,20,0.7,13,39,52,23,20.0,14,1,5,19,27,84,15.0,1,1,1,1,98,100,95,98,43,13,73,72,62,87,30,9,13,71,97,1,97,63,27,9,99,18,
2022,1610612757,POR,Portland Trail Blazers,1522200070,2022-07-17T00:00:00,POR @ NYK,W,40.0,28,64,0.438,11,33,0.333,18,20,0.9,11,26,37,18,15.0,13,7,1,22,20,85,8.0,1,1,1,1,88,91,91,68,53,52,54,50,69,14,22,76,64,76,45,2,10,2,58,47,87,22,
2022,1610612761,TOR,Toronto Raptors,1522200071,2022-07-17T00:00:00,TOR vs. MIL,W,40.0,33,88,0.375,9,43,0.209,5,7,0.714,16,33,49,19,12.0,8,3,3,19,6,80,11.0,1,1,1,1,89,86,50,89,55,5,88,90,91,73,18,23,19,75,41,58,69,20,32,93,92,21,
2022,1610612762,UTA,Utah Jazz,1522200075,2022-07-17T00:00:00,UTA vs. DEN,W,40.0,29,68,0.426,13,40,0.325,11,14,0.786,5,27,32,22,14.0,7,8,5,19,18,82,10.0,1,1,1,1,87,88,92,74,39,28,52,81,86,44,94,82,93,69,34,34,11,43,33,66,88,15,
2022,1610612764,WAS,Washington Wizards,1522200074,2022-07-17T00:00:00,WAS @ GSW,W,40.0,30,76,0.395,9,30,0.3,18,20,0.9,7,29,36,21,12.0,10,5,6,20,20,87,10.0,1,1,1,1,87,89,82,84,60,50,63,42,54,11,57,76,79,70,27,8,36,58,50,33,88,19,
2022-23,1610612744,GSW,Golden State Warriors,0012200001,2022-09-30T00:00:00,GSW @ WAS,W,48.0,29,79,0.367,7,26,0.269,31,40,0.775,10,52,62,18,17.0,6,3,10,27,27,96,9.0,1,1,1,1,6,101,95,108,106,106,101,1,1,60,51,1,3,98,63,65,64,106,99,3,97,30,1.0
2022-23,1610612764,WAS,Washington Wizards,0012200001,2022-09-30T00:00:00,WAS vs. GSW,L,48.0,31,84,0.369,6,35,0.171,19,30,0.633,7,37,44,20,14.0,12,10,3,27,27,87,-9.0,1,40,40,40,4,88,50,89,82,23,90,30,12,83,57,21,39,77,38,3,4,15,88,4,88,62,1.0
2022-23,1610612763,MEM,Memphis Grizzlies,0012200003,2022-10-01T00:00:00,MEM @ MIL,W,48.0,38,77,0.494,10,28,0.357,21,29,0.724,10,31,41,25,22.0,13,4,3,19,29,107,5.0,1,1,1,1,6,73,94,33,58,85,39,25,23,68,67,73,78,50,97,7,65,11,34,5,71,48,1.0
2022-23,1610612749,MIL,Milwaukee Bucks,0012200003,2022-10-01T00:00:00,MIL vs. MEM,L,48.0,37,86,0.43,13,37,0.351,15,21,0.714,17,33,50,22,23.0,10,3,4,29,19,102,-5.0,1,63,63,63,7,77,61,75,54,62,58,56,50,61,7,67,34,67,94,8,64,48,97,47,79,67,1.0
2022-23,1610612738,BOS,Boston Celtics,0012200005,2022-10-02T00:00:00,BOS vs. CHA,W,48.0,48,84,0.571,22,47,0.468,16,20,0.8,8,48,56,41,25.0,4,3,2,29,19,134,41.0,1,1,1,1,15,13,73,5,6,23,11,56,62,62,66,2,8,1,111,81,87,11,109,50,7,3,1.0
2022-23,1610612766,CHA,Charlotte Hornets,0012200005,2022-10-02T00:00:00,CHA @ BOS,L,48.0,35,101,0.347,5,33,0.152,18,28,0.643,16,27,43,13,13.0,13,2,3,19,29,93,-41.0,1,30,30,30,6,77,8,89,87,36,90,44,23,78,9,80,53,92,27,5,80,10,40,3,81,92,1.0
2022-23,1610612744,GSW,Golden State Warriors,0012200004,2022-10-02T00:00:00,GSW vs. WAS,W,48.0,38,83,0.458,16,39,0.41,12,18,0.667,11,36,47,29,22.0,6,5,2,25,23,104,9.0,1,1,1,1,6,84,83,64,47,69,33,82,67,90,39,32,36,50,100,65,30,12,86,14,89,30,1.0
2022-23,1610612745,HOU,Houston Rockets,0012200007,2022-10-02T00:00:00,HOU vs. SAS,W,48.0,53,97,0.546,16,35,0.457,12,22,0.545,15,45,60,32,20.0,10,6,8,27,25,134,38.0,1,1,1,1,3,1,9,5,6,28,6,76,59,91,25,3,3,2,74,16,19,68,84,12,2,1,2.0
2022-23,1610612756,PHX,Phoenix Suns,0012200008,2022-10-02T00:00:00,PHX vs. ADL,L,48.0,48,98,0.49,9,34,0.265,19,23,0.826,13,23,36,29,16.0,13,3,5,17,22,124,-10.0,1,56,56,56,5,12,11,32,72,36,90,41,47,39,30,99,87,31,75,4,78,63,14,30,22,79,1.0
2022-23,1610612759,SAS,San Antonio Spurs,0012200007,2022-10-02T00:00:00,SAS @ HOU,L,48.0,33,93,0.355,11,42,0.262,19,29,0.655,17,27,44,21,19.0,10,8,6,25,27,96,-38.0,1,25,25,25,7,86,39,90,38,4,80,22,11,72,6,74,41,81,72,10,4,50,83,4,78,88,2.0
2022-23,1610612761,TOR,Toronto Raptors,0012200006,2022-10-02T00:00:00,TOR vs. UTA,W,48.0,42,87,0.483,12,32,0.375,18,27,0.667,13,48,61,20,23.0,10,7,5,23,22,114,32.0,1,1,1,1,8,37,59,31,24,43,23,41,29,83,37,1,1,67,93,36,16,58,68,28,37,2,1.0
2022-23,1610612762,UTA,Utah Jazz,0012200006,2022-10-02T00:00:00,UTA @ TOR,L,48.0,31,96,0.323,10,40,0.25,10,17,0.588,12,34,46,21,22.0,11,5,7,22,23,82,-32.0,1,42,42,42,6,85,15,92,68,28,84,84,77,86,39,44,42,73,85,3,43,72,52,24,88,94,1.0
2022-23,1610612764,WAS,Washington Wizards,0012200004,2022-10-02T00:00:00,WAS @ GSW,L,48.0,30,85,0.353,8,33,0.242,27,30,0.9,12,34,46,23,17.0,9,2,5,23,25,95,-9.0,1,40,40,40,4,89,44,91,65,33,78,4,12,11,19,40,29,56,65,16,78,39,72,8,80,62,1.0
2022-23,1610612751,BKN,Brooklyn Nets,0012200009,2022-10-03T00:00:00,BKN vs. PHI,L,48.0,36,78,0.462,11,33,0.333,25,34,0.735,8,35,43,25,27.0,9,5,5,21,25,108,-19.0,1,51,51,51,3,72,81,57,60,46,63,8,1,70,40,18,27,42,95,26,53,66,49,4,57,86,1.0
2022-23,1610612743,DEN,Denver Nuggets,0012200011,2022-10-03T00:00:00,DEN vs. OKC,L,48.0,37,90,0.411,10,33,0.303,17,23,0.739,11,32,43,20,17.0,8,6,6,18,23,101,-11.0,1,75,75,75,5,97,22,104,72,37,89,45,40,70,37,60,52,103,81,38,22,82,42,24,95,95,1.0
2022-23,1610612747,LAL,Los Angeles Lakers,0012200012,2022-10-03T00:00:00,LAL vs. SAC,L,48.0,24,77,0.312,7,30,0.233,20,32,0.625,8,41,49,17,23.0,4,8,8,20,25,75,-30.0,1,59,59,59,10,113,105,113,93,60,106,56,21,106,76,21,34,106,110,86,11,100,75,22,112,112,1.0
2022-23,1610612763,MEM,Memphis Grizzlies,0012200010,2022-10-03T00:00:00,MEM vs. ORL,W,48.0,36,82,0.439,10,36,0.278,27,34,0.794,9,41,50,27,27.0,12,6,6,21,27,109,12.0,1,1,1,1,6,86,88,72,58,34,73,9,12,27,75,8,25,32,100,14,38,58,58,8,63,26,1.0
2022-23,1610612760,OKC,Oklahoma City Thunder,0012200011,2022-10-03T00:00:00,OKC @ DEN,W,48.0,41,84,0.488,13,35,0.371,17,25,0.68,13,39,52,25,21.0,9,6,6,23,18,112,11.0,1,1,1,1,7,54,79,32,31,43,37,58,30,86,21,10,9,34,93,29,14,57,66,68,59,23,1.0
2022-23,1610612753,ORL,Orlando Magic,0012200010,2022-10-03T00:00:00,ORL @ MEM,L,48.0,35,89,0.393,18,54,0.333,9,13,0.692,8,30,38,23,25.0,13,6,6,27,21,97,-12.0,1,41,41,41,5,76,28,85,1,1,51,90,90,76,63,63,73,42,91,2,19,58,86,40,80,72,1.0
2022-23,1610612755,PHI,Philadelphia 76ers,0012200009,2022-10-03T00:00:00,PHI @ BKN,W,48.0,44,108,0.407,15,44,0.341,24,25,0.96,22,34,56,26,16.0,20,5,5,25,21,127,19.0,1,1,1,1,8,22,1,89,23,2,69,26,48,6,1,30,2,33,68,1,40,50,88,34,14,14,1.0
2022-23,1610612757,POR,Portland Trail Blazers,0012200013,2022-10-03T00:00:00,POR @ LAC,L,48.0,31,78,0.397,8,28,0.286,27,35,0.771,8,38,46,18,16.0,9,9,7,20,28,97,-5.0,1,39,39,39,3,83,73,83,79,77,75,10,8,51,59,8,15,76,49,17,3,78,39,8,78,47,1.0
2022-23,1610612758,SAC,Sacramento Kings,0012200012,2022-10-03T00:00:00,SAC @ LAL,W,48.0,42,103,0.408,9,39,0.231,12,19,0.632,15,39,54,25,7.0,14,8,8,25,20,105,30.0,1,1,1,1,6,52,4,92,86,39,99,90,73,93,5,12,6,52,5,4,1,95,85,58,81,6,1.0
2022-23,1610612741,CHI,Chicago Bulls,0012200016,2022-10-04T00:00:00,CHI vs. NOP,L,48.0,43,89,0.483,9,27,0.333,30,34,0.882,12,34,46,27,27.0,10,7,8,30,27,125,-4.0,1,49,49,49,8,39,25,54,51,52,51,1,2,14,14,39,25,28,93,14,11,86,91,4,17,56,1.0
2022-23,1610612765,DET,Detroit Pistons,0012200014,2022-10-04T00:00:00,DET @ NYK,L,48.0,33,81,0.407,13,42,0.31,17,23,0.739,8,36,44,19,22.0,5,4,8,19,18,96,-21.0,1,21,21,21,5,78,67,74,31,5,62,54,53,66,70,14,31,72,83,67,32,73,13,64,79,76,1.0
2022-23,1610612748,MIA,Miami Heat,0012200015,2022-10-04T00:00:00,MIA vs. MIN,L,48.0,42,98,0.429,10,35,0.286,17,18,0.944,16,33,49,25,15.0,7,2,2,26,16,111,-10.0,1,66,66,66,7,29,5,83,80,46,92,68,91,12,6,39,9,39,78,59,81,15,113,100,44,97,1.0
2022-23,1610612750,MIN,Minnesota Timberwolves,0012200015,2022-10-04T00:00:00,MIN @ MIA,W,48.0,41,80,0.513,13,33,0.394,26,35,0.743,5,34,39,22,15.0,10,2,2,16,26,121,10.0,1,1,1,1,8,51,77,28,28,48,28,4,3,59,84,41,61,73,41,24,86,12,5,3,23,15,1.0
2022-23,1610612740,NOP,New Orleans Pelicans,0012200016,2022-10-04T00:00:00,NOP @ CHI,W,48.0,46,93,0.495,11,37,0.297,26,36,0.722,15,29,44,29,22.0,13,8,7,27,30,129,4.0,1,1,1,1,8,15,16,33,42,14,70,12,5,71,9,68,43,22,90,5,2,71,89,2,7,43,1.0
2022-23,1610612752,NYK,New York Knicks,0012200014,2022-10-04T00:00:00,NYK vs. DET,W,48.0,46,90,0.511,14,37,0.378,11,15,0.733,6,36,42,27,13.0,14,8,4,18,19,117,21.0,1,1,1,1,11,15,38,23,31,34,36,96,102,58,96,24,78,14,46,2,5,33,32,64,38,10,1.0
2022-23,1610612757,POR,Portland Trail Blazers,0012200017,2022-10-04T00:00:00,POR vs. UTA,L,48.0,36,81,0.444,11,32,0.344,18,29,0.621,10,28,38,21,19.0,6,6,5,29,25,101,-17.0,1,39,39,39,3,68,62,60,53,61,52,50,24,90,38,63,57,59,75,45,22,48,89,18,71,72,1.0
2022-23,1610612762,UTA,Utah Jazz,0012200017,2022-10-04T00:00:00,UTA @ POR,W,48.0,39,81,0.481,15,33,0.455,25,37,0.676,15,30,45,24,19.0,8,5,6,25,29,118,17.0,1,1,1,1,6,62,82,34,25,66,5,10,3,75,19,71,50,49,75,21,43,57,80,7,36,7,1.0
2022-23,1610612738,BOS,Boston Celtics,0012200020,2022-10-05T00:00:00,BOS vs. TOR,L,53.0,44,99,0.444,16,52,0.308,15,21,0.714,7,38,45,31,10.0,3,4,3,22,18,119,-6.0,1,74,74,74,2,31,10,75,45,8,89,65,51,92,78,33,49,12,17,96,69,27,77,58,48,89,1.0
2022-23,1610612766,CHA,Charlotte Hornets,0012200018,2022-10-05T00:00:00,CHA vs. IND,L,48.0,33,96,0.344,9,43,0.209,22,36,0.611,16,33,49,20,18.0,7,4,8,24,30,97,-25.0,1,30,30,30,6,81,16,90,57,4,84,16,1,83,9,46,20,77,70,50,54,67,73,2,74,86,1.0
2022-23,1610612739,CLE,Cleveland Cavaliers,0012200019,2022-10-05T00:00:00,CLE @ PHI,L,48.0,42,91,0.462,14,33,0.424,14,19,0.737,7,36,43,22,16.0,5,7,5,19,17,112,-1.0,1,57,57,57,8,35,14,63,20,30,24,68,62,65,73,16,29,61,71,72,7,49,45,71,52,57,1.0
2022-23,1610612742,DAL,Dallas Mavericks,0012200021,2022-10-05T00:00:00,DAL @ OKC,W,48.0,35,82,0.427,13,41,0.317,15,16,0.938,9,35,44,20,24.0,13,2,5,25,21,98,2.0,1,1,1,1,10,65,50,74,55,41,69,62,83,5,25,20,14,61,90,3,70,60,72,48,78,34,1.0
2022-23,1610612754,IND,Indiana Pacers,0012200018,2022-10-05T00:00:00,IND @ CHA,W,48.0,45,93,0.484,6,30,0.2,26,27,0.963,7,46,53,27,19.0,7,8,4,30,24,122,25.0,1,1,1,1,4,18,27,34,88,73,88,8,27,2,67,1,4,39,74,47,13,25,89,12,26,1,1.0
2022-23,1610612747,LAL,Los Angeles Lakers,0012200022,2022-10-05T00:00:00,LAL vs. PHX,L,48.0,35,82,0.427,13,41,0.317,32,44,0.727,6,41,47,26,17.0,8,7,5,25,30,115,-4.0,1,59,59,59,10,100,87,93,18,9,69,4,2,83,95,21,42,40,87,21,20,54,108,5,53,66,1.0
2022-23,1610612760,OKC,Oklahoma City Thunder,0012200021,2022-10-05T00:00:00,OKC vs. DAL,L,48.0,32,80,0.4,6,32,0.188,26,34,0.765,13,32,45,17,23.0,16,5,2,21,25,96,-2.0,1,52,52,52,7,91,87,84,92,61,95,16,9,66,21,47,36,91,97,1,30,5,48,11,88,55,1.0
2022-23,1610612755,PHI,Philadelphia 76ers,0012200019,2022-10-05T00:00:00,PHI vs. CLE,W,48.0,46,96,0.479,9,31,0.29,12,16,0.75,11,35,46,26,16.0,10,5,7,17,19,113,1.0,1,1,1,1,8,11,8,51,82,58,85,97,92,92,29,24,18,33,68,21,40,83,19,54,50,64,1.0
2022-23,1610612756,PHX,Phoenix Suns,0012200022,2022-10-05T00:00:00,PHX @ LAL,W,48.0,39,105,0.371,13,41,0.317,28,33,0.848,16,39,55,21,11.0,10,5,7,30,25,119,4.0,1,1,1,1,5,68,1,99,29,9,67,4,8,30,12,9,4,93,22,12,45,91,97,15,33,47,1.0
2022-23,1610612761,TOR,Toronto Raptors,0012200020,2022-10-05T00:00:00,TOR @ BOS,W,53.0,50,109,0.459,7,32,0.219,18,25,0.72,13,46,59,22,7.0,6,3,4,18,22,125,6.0,1,1,1,1,1,3,3,38,78,43,85,41,40,70,37,2,2,50,4,75,69,33,24,28,10,36,1.0
2022-23,1610612737,ATL,Atlanta Hawks,0012200023,2022-10-06T00:00:00,ATL vs. MIL,W,48.0,47,86,0.547,7,22,0.318,22,28,0.786,3,36,39,23,8.0,4,2,1,17,22,123,10.0,1,1,1,1,7,25,74,16,82,90,65,18,14,67,97,26,75,62,6,84,87,3,26,20,30,19,1.0
2022-23,1610612751,BKN,Brooklyn Nets,0012200024,2022-10-06T00:00:00,BKN vs. MIA,L,48.0,29,74,0.392,5,28,0.179,17,22,0.773,11,36,47,16,26.0,3,6,4,25,23,80,-29.0,1,51,51,51,3,93,90,91,93,73,94,50,45,60,16,15,11,93,94,85,37,46,73,12,95,90,1.0
2022-23,1610612747,LAL,Los Angeles Lakers,0012200028,2022-10-06T00:00:00,LAL vs. MIN,L,48.0,33,97,0.34,11,49,0.224,22,30,0.733,15,39,54,23,18.0,7,8,6,22,31,99,-15.0,1,59,59,59,10,105,4,112,37,1,107,39,31,80,5,29,12,72,95,40,11,75,92,2,101,103,1.0
2022-23,1610612748,MIA,Miami Heat,0012200024,2022-10-06T00:00:00,MIA @ BKN,W,48.0,41,95,0.432,11,36,0.306,16,25,0.64,14,32,46,31,11.0,17,4,6,23,25,109,29.0,1,1,1,1,7,39,10,80,65,39,83,76,39,116,11,48,18,10,26,1,25,92,97,10,58,1,1.0
2022-23,1610612749,MIL,Milwaukee Bucks,0012200023,2022-10-06T00:00:00,MIL @ ATL,L,48.0,41,97,0.423,14,40,0.35,17,21,0.81,17,35,52,22,16.0,4,1,2,22,17,113,-10.0,1,63,63,63,7,50,19,79,44,42,59,39,50,26,7,54,22,67,52,76,88,11,76,68,53,77,1.0
2022-23,1610612750,MIN,Minnesota Timberwolves,0012200028,2022-10-06T00:00:00,MIN @ LAL,W,48.0,42,95,0.442,10,32,0.313,20,26,0.769,9,50,59,29,16.0,11,6,8,31,22,114,15.0,1,1,1,1,8,41,12,73,59,56,70,34,32,46,40,1,2,21,51,17,29,93,99,28,43,8,1.0
2022-23,1610612760,OKC,Oklahoma City Thunder,0012200025,2022-10-06T00:00:00,OKC vs. ADL,W,48.0,42,80,0.525,20,40,0.5,27,29,0.931,10,44,54,27,15.0,4,8,4,20,19,131,33.0,1,1,1,1,7,44,87,11,3,13,5,13,21,5,55,2,6,23,64,89,7,25,40,58,15,3,1.0
2022-23,1610612753,ORL,Orlando Magic,0012200026,2022-10-06T00:00:00,ORL @ SAS,W,48.0,36,81,0.444,9,37,0.243,21,27,0.778,8,35,43,21,17.0,12,7,3,27,26,102,3.0,1,1,1,1,5,68,65,63,60,13,80,32,28,47,63,30,45,58,56,5,10,13,86,5,68,34,1.0
2022-23,1610612757,POR,Portland Trail Blazers,0012200027,2022-10-06T00:00:00,POR vs. MRA,W,48.0,46,67,0.687,9,17,0.529,37,47,0.787,6,34,40,29,21.0,12,12,1,23,34,138,53.0,1,1,1,1,3,11,90,1,69,91,2,2,2,46,74,26,49,11,88,3,2,2,68,2,3,1,1.0
2022-23,1610612759,SAS,San Antonio Spurs,0012200026,2022-10-06T00:00:00,SAS vs. ORL,L,48.0,34,76,0.447,13,31,0.419,18,26,0.692,5,37,42,29,21.0,7,3,7,26,27,99,-3.0,1,25,25,25,7,82,89,55,18,51,16,27,21,67,91,16,52,27,88,41,53,65,89,4,73,29,1.0
2022-23,1610612738,BOS,Boston Celtics,0012200029,2022-10-07T00:00:00,BOS @ CHA,W,48.0,39,89,0.438,19,44,0.432,15,17,0.882,11,46,57,27,20.0,7,5,8,21,18,112,9.0,1,1,1,1,15,73,40,82,21,42,31,65,78,22,29,3,5,45,106,36,49,104,69,58,69,42,1.0
2022-23,1610612766,CHA,Charlotte Hornets,0012200029,2022-10-07T00:00:00,CHA vs. BOS,L,48.0,39,102,0.382,10,37,0.27,15,22,0.682,17,35,52,23,10.0,11,8,5,18,21,103,-9.0,1,30,30,30,6,52,5,82,46,19,65,64,56,71,5,36,8,58,8,10,10,38,26,35,66,50,1.0
2022-23,1610612741,CHI,Chicago Bulls,0012200031,2022-10-07T00:00:00,CHI vs. DEN,W,48.0,50,83,0.602,15,28,0.536,16,18,0.889,5,27,32,32,14.0,10,6,4,24,19,131,18.0,1,1,1,1,8,4,63,3,10,44,4,56,69,11,76,79,85,6,43,14,19,32,80,39,6,12,1.0
2022-23,1610612742,DAL,Dallas Mavericks,0012200035,2022-10-07T00:00:00,DAL vs. ORL,L,48.0,35,81,0.432,17,47,0.362,18,22,0.818,3,32,35,25,14.0,6,5,3,21,24,105,-5.0,1,41,41,41,10,65,56,68,25,11,45,44,59,26,82,32,65,25,57,45,20,24,44,20,64,58,1.0
2022-23,1610612743,DEN,Denver Nuggets,0012200031,2022-10-07T00:00:00,DEN @ CHI,L,48.0,41,88,0.466,14,34,0.412,17,21,0.81,12,28,40,29,19.0,7,4,6,19,24,113,-18.0,1,75,75,75,5,69,38,78,26,29,33,45,56,39,30,92,71,43,95,54,55,82,53,15,62,101,1.0
2022-23,1610612765,DET,Detroit Pistons,0012200034,2022-10-07T00:00:00,DET @ NOP,L,48.0,31,85,0.365,14,49,0.286,25,31,0.806,9,36,45,22,22.0,3,5,5,31,24,101,-6.0,1,21,21,21,5,84,51,90,19,2,66,17,22,33,55,14,27,54,83,84,23,34,89,18,69,34,1.0
2022-23,1610612745,HOU,Houston Rockets,0012200032,2022-10-07T00:00:00,HOU vs. TOR,W,48.0,38,87,0.437,12,31,0.387,28,37,0.757,15,37,52,22,17.0,11,1,9,23,24,116,16.0,1,1,1,1,3,56,52,59,23,48,16,7,7,38,25,18,12,46,52,10,85,76,64,17,25,4,1.0
2022-23,1610612754,IND,Indiana Pacers,0012200030,2022-10-07T00:00:00,IND @ NYK,L,48.0,41,92,0.446,13,33,0.394,19,26,0.731,11,36,47,26,19.0,5,10,5,23,24,114,-17.0,1,40,40,40,4,43,32,60,38,61,28,41,31,66,36,16,17,51,74,69,5,38,59,12,47,79,1.0
2022-23,1610612763,MEM,Memphis Grizzlies,0012200033,2022-10-07T00:00:00,MEM vs. MIA,L,48.0,34,75,0.453,10,33,0.303,30,45,0.667,14,36,50,24,22.0,9,3,5,20,30,108,-3.0,1,61,61,61,6,91,96,62,58,51,69,1,1,84,29,36,25,60,97,40,76,40,47,1,68,65,1.0
2022-23,1610612748,MIA,Miami Heat,0012200033,2022-10-07T00:00:00,MIA @ MEM,W,48.0,37,87,0.425,18,52,0.346,19,22,0.864,10,29,39,29,19.0,12,5,3,30,20,111,3.0,1,1,1,1,7,73,45,88,4,2,51,51,60,39,49,71,69,14,111,11,10,29,117,59,44,48,1.0
2022-23,1610612740,NOP,New Orleans Pelicans,0012200034,2022-10-07T00:00:00,NOP vs. DET,W,48.0,38,85,0.447,8,24,0.333,23,34,0.676,10,37,47,21,16.0,10,5,5,24,31,107,6.0,1,1,1,1,8,71,55,68,67,82,58,23,13,86,50,25,32,76,55,19,25,47,73,1,65,38,1.0
2022-23,1610612752,NYK,New York Knicks,0012200030,2022-10-07T00:00:00,NYK vs. IND,W,48.0,44,100,0.44,17,42,0.405,26,27,0.963,10,33,43,25,10.0,9,5,10,24,23,131,17.0,1,1,1,1,11,30,6,70,8,12,24,11,36,1,70,50,71,29,14,18,25,100,79,24,10,17,1.0
2022-23,1610612753,ORL,Orlando Magic,0012200035,2022-10-07T00:00:00,ORL @ DAL,W,48.0,39,85,0.459,12,35,0.343,20,24,0.833,13,39,52,22,18.0,10,3,5,24,21,110,5.0,1,1,1,1,5,52,46,53,27,22,49,34,47,25,15,11,6,54,63,16,59,43,69,40,46,28,1.0
2022-23,1610612761,TOR,Toronto Raptors,0012200032,2022-10-07T00:00:00,TOR @ HOU,L,48.0,36,83,0.434,6,34,0.176,22,38,0.579,12,28,40,18,19.0,11,9,1,24,23,100,-16.0,1,49,49,49,8,76,83,64,89,26,93,21,5,91,47,59,66,82,88,24,5,1,76,21,77,86,1.0
2022-23,1610612737,ATL,Atlanta Hawks,0012200036,2022-10-08T00:00:00,ATL @ MIL,W,48.0,44,88,0.5,15,31,0.484,15,18,0.833,6,30,36,19,12.0,7,1,3,26,26,118,9.0,1,1,1,1,7,45,65,27,7,40,8,66,73,36,83,70,88,87,36,38,94,14,94,3,45,22,1.0
2022-23,1610612749,MIL,Milwaukee Bucks,0012200036,2022-10-08T00:00:00,MIL vs. ATL,L,48.0,33,74,0.446,15,42,0.357,28,35,0.8,9,33,42,22,22.0,7,3,1,26,26,109,-9.0,1,63,63,63,7,91,93,63,37,37,52,4,5,31,57,67,73,67,90,34,64,4,93,6,61,75,1.0
2022-23,1610612741,CHI,Chicago Bulls,0012200037,2022-10-09T00:00:00,CHI @ TOR,W,48.0,43,85,0.506,13,32,0.406,16,19,0.842,5,47,52,29,24.0,5,3,4,23,23,115,17.0,1,1,1,1,8,39,54,36,18,22,29,56,65,32,76,1,5,16,92,78,59,32,75,16,40,16,1.0
2022-23,1610612744,GSW,Golden State Warriors,0012200040,2022-10-09T00:00:00,GSW vs. LAL,L,48.0,42,88,0.477,13,39,0.333,24,34,0.706,11,34,45,22,19.0,10,3,5,22,26,121,-3.0,1,55,55,55,6,50,59,49,71,69,72,7,4,82,39,44,45,94,84,16,64,67,49,4,39,58,1.0
2022-23,1610612747,LAL,Los Angeles Lakers,0012200040,2022-10-09T00:00:00,LAL @ GSW,W,48.0,45,90,0.5,17,39,0.436,17,18,0.944,8,30,38,24,17.0,6,5,3,26,22,124,3.0,1,1,1,1,10,25,43,32,5,14,15,77,94,3,76,88,91,59,87,53,42,20,110,44,23,49,1.0
2022-23,1610612750,MIN,Minnesota Timberwolves,0012200042,2022-10-09T00:00:00,MIN @ LAC,W,48.0,47,95,0.495,13,37,0.351,12,14,0.857,6,36,42,32,16.0,12,5,7,18,14,119,2.0,1,1,1,1,8,13,12,36,28,25,51,83,93,9,77,23,47,11,51,11,44,85,13,92,28,47,1.0
2022-23,1610612740,NOP,New Orleans Pelicans,0012200039,2022-10-09T00:00:00,NOP @ SAS,W,48.0,40,91,0.44,15,39,0.385,16,19,0.842,11,48,59,28,21.0,9,7,4,25,17,111,14.0,1,1,1,1,8,58,23,75,8,7,35,67,74,25,39,1,2,27,87,30,9,31,82,73,53,20,1.0
2022-23,1610612760,OKC,Oklahoma City Thunder,0012200038,2022-10-09T00:00:00,OKC vs. MRA,W,48.0,51,87,0.586,21,44,0.477,21,25,0.84,17,40,57,42,18.0,7,2,4,16,21,144,47.0,1,1,1,1,7,7,70,3,1,7,9,27,30,36,5,8,2,1,79,62,79,25,7,36,4,1,1.0
2022-23,1610612757,POR,Portland Trail Blazers,0012200041,2022-10-09T00:00:00,POR @ SAC,L,48.0,29,72,0.403,10,29,0.345,26,31,0.839,6,23,29,18,22.0,9,4,7,20,33,94,-32.0,1,39,39,39,3,89,85,81,60,72,50,15,16,28,74,88,89,76,91,17,45,78,39,3,83,88,1.0
2022-23,1610612758,SAC,Sacramento Kings,0012200041,2022-10-09T00:00:00,SAC vs. POR,W,48.0,45,89,0.506,21,45,0.467,15,23,0.652,13,34,47,34,20.0,11,7,4,33,20,126,32.0,1,1,1,1,6,38,39,38,4,10,11,71,60,91,14,38,24,8,92,7,4,44,101,58,28,4,1.0
2022-23,1610612759,SAS,San Antonio Spurs,0012200039,2022-10-09T00:00:00,SAS vs. NOP,L,48.0,34,93,0.366,13,49,0.265,16,21,0.762,10,38,48,22,17.0,9,4,7,17,25,97,-14.0,1,25,25,25,7,82,39,88,18,2,78,35,39,35,57,9,20,74,53,15,34,65,15,10,76,61,1.0
2022-23,1610612761,TOR,Toronto Raptors,0012200037,2022-10-09T00:00:00,TOR vs. CHI,L,48.0,34,96,0.354,8,37,0.216,22,31,0.71,15,32,47,14,14.0,16,4,3,23,23,98,-17.0,1,49,49,49,8,84,19,92,69,15,86,21,16,78,24,27,23,90,60,1,51,20,68,21,81,88,1.0
2022-23,1610612766,CHA,Charlotte Hornets,0012200043,2022-10-10T00:00:00,CHA vs. WAS,L,48.0,39,84,0.464,5,18,0.278,24,26,0.923,14,30,44,15,18.0,5,5,6,20,20,107,-9.0,1,30,30,30,6,52,70,39,87,91,63,7,33,3,19,64,46,90,70,72,39,49,46,44,52,50,1.0
2022-23,1610612739,CLE,Cleveland Cavaliers,0012200044,2022-10-10T00:00:00,CLE vs. PHI,L,48.0,34,78,0.436,5,21,0.238,24,37,0.649,13,36,49,20,18.0,4,6,6,15,31,97,-16.0,1,57,57,57,8,84,73,76,92,94,86,13,3,85,10,16,7,73,81,84,22,65,11,3,81,94,1.0
2022-23,1610612743,DEN,Denver Nuggets,0012200046,2022-10-10T00:00:00,DEN vs. PHX,W,48.0,37,82,0.451,11,33,0.333,22,36,0.611,10,30,40,21,12.0,9,3,5,23,27,107,2.0,1,1,1,1,5,97,81,91,59,37,70,13,3,98,53,75,71,97,30,28,77,64,96,6,87,69,1.0
2022-23,1610612745,HOU,Houston Rockets,0012200045,2022-10-10T00:00:00,HOU @ MIA,L,48.0,41,91,0.451,16,43,0.372,12,17,0.706,14,35,49,27,25.0,9,6,3,25,16,110,-8.0,1,28,28,28,3,36,27,47,6,7,21,76,77,63,35,27,23,12,88,26,19,6,76,79,47,42,1.0
2022-23,1610612748,MIA,Miami Heat,0012200045,2022-10-10T00:00:00,MIA vs. HOU,W,48.0,38,94,0.404,20,51,0.392,22,26,0.846,13,31,44,28,16.0,12,3,6,16,25,118,8.0,1,1,1,1,7,62,14,97,2,3,30,29,33,47,18,58,34,15,89,11,52,92,25,10,25,23,1.0
2022-23,1610612755,PHI,Philadelphia 76ers,0012200044,2022-10-10T00:00:00,PHI @ CLE,W,48.0,40,91,0.44,17,40,0.425,16,18,0.889,11,34,45,23,11.0,12,6,6,31,15,113,16.0,1,1,1,1,8,42,14,78,10,7,35,72,82,24,29,30,23,57,24,10,28,65,103,87,50,19,1.0
2022-23,1610612756,PHX,Phoenix Suns,0012200046,2022-10-10T00:00:00,PHX @ DEN,L,48.0,35,82,0.427,12,37,0.324,23,28,0.821,9,34,43,25,14.0,7,5,3,27,23,105,-2.0,1,56,56,56,5,88,85,79,43,19,64,15,20,42,68,33,53,56,48,43,45,24,90,23,74,60,1.0
2022-23,1610612764,WAS,Washington Wizards,0012200043,2022-10-10T00:00:00,WAS @ CHA,W,48.0,45,93,0.484,12,31,0.387,14,19,0.737,11,25,36,29,12.0,10,6,5,20,20,116,9.0,1,1,1,1,4,19,19,44,31,44,32,63,62,65,30,85,79,16,27,8,24,39,50,33,33,23,1.0
2022-23,1610612741,CHI,Chicago Bulls,0012200049,2022-10-11T00:00:00,CHI vs. MIL,W,48.0,50,94,0.532,10,31,0.323,17,23,0.739,16,41,57,32,15.0,8,4,6,14,21,127,23.0,1,1,1,1,8,4,10,20,44,26,58,47,39,74,1,9,2,6,54,37,41,61,7,27,12,6,1.0
2022-23,1610612765,DET,Detroit Pistons,0012200047,2022-10-11T00:00:00,DET vs. OKC,L,48.0,35,85,0.412,12,36,0.333,17,23,0.739,11,31,42,26,15.0,8,9,6,24,18,99,-16.0,1,21,21,21,5,72,51,70,41,22,49,54,53,66,36,41,39,20,43,28,1,50,59,64,73,67,1.0
2022-23,1610612744,GSW,Golden State Warriors,0012200051,2022-10-11T00:00:00,GSW vs. POR,W,48.0,46,92,0.5,17,42,0.405,22,26,0.846,15,34,49,32,14.0,11,5,4,28,23,131,33.0,1,1,1,1,6,23,32,33,42,55,37,13,20,29,17,44,23,27,27,7,30,49,102,14,9,3,1.0
2022-23,1610612763,MEM,Memphis Grizzlies,0012200048,2022-10-11T00:00:00,MEM @ ORL,L,48.0,37,92,0.402,9,36,0.25,22,27,0.815,13,29,42,19,13.0,11,5,5,18,19,105,-4.0,1,61,61,61,6,83,41,88,68,34,82,18,32,21,37,83,72,89,41,20,52,40,28,50,74,69,1.0
2022-23,1610612749,MIL,Milwaukee Bucks,0012200049,2022-10-11T00:00:00,MIL @ CHI,L,48.0,37,92,0.402,16,51,0.314,14,21,0.667,7,28,35,25,14.0,10,6,4,21,14,104,-23.0,1,63,63,63,7,77,30,88,32,4,75,67,50,75,78,92,93,49,39,8,22,48,68,84,76,91,1.0
2022-23,1610612760,OKC,Oklahoma City Thunder,0012200047,2022-10-11T00:00:00,OKC @ DET,W,48.0,45,86,0.523,13,32,0.406,12,20,0.6,10,38,48,25,19.0,7,6,9,18,24,115,16.0,1,1,1,1,7,24,74,12,31,61,24,87,68,97,55,15,24,34,85,62,14,86,21,16,48,12,1.0
2022-23,1610612753,ORL,Orlando Magic,0012200048,2022-10-11T00:00:00,ORL vs. MEM,W,48.0,40,84,0.476,12,35,0.343,17,18,0.944,8,42,50,30,21.0,8,5,5,19,18,109,4.0,1,1,1,1,5,47,52,39,27,22,49,58,80,4,63,3,10,3,87,35,33,43,31,64,49,32,1.0
2022-23,1610612757,POR,Portland Trail Blazers,0012200051,2022-10-11T00:00:00,POR @ GSW,L,48.0,32,83,0.386,7,25,0.28,27,37,0.73,15,28,43,18,18.0,6,4,5,23,28,98,-33.0,1,39,39,39,3,81,52,87,83,83,78,10,5,71,3,63,33,76,65,45,45,48,68,8,75,89,1.0
2022-23,1610612759,SAS,San Antonio Spurs,0012200050,2022-10-11T00:00:00,SAS @ UTA,W,48.0,42,88,0.477,11,31,0.355,16,22,0.727,9,39,48,24,17.0,6,9,6,22,22,111,7.0,1,1,1,1,7,47,54,36,38,51,39,35,37,49,65,6,20,60,53,57,3,50,65,19,46,16,1.0
2022-23,1610612762,UTA,Utah Jazz,0012200050,2022-10-11T00:00:00,UTA vs. SAS,L,48.0,40,98,0.408,11,42,0.262,13,24,0.542,17,37,54,24,16.0,8,6,9,22,22,104,-7.0,1,42,42,42,6,57,10,81,58,22,81,73,40,91,10,25,9,49,42,21,28,87,52,31,75,62,1.0
2022-23,1610612737,ATL,Atlanta Hawks,0012200052,2022-10-12T00:00:00,ATL @ CLE,L,48.0,30,88,0.341,12,27,0.444,27,32,0.844,20,40,60,17,17.0,3,8,8,15,30,99,-6.0,1,49,49,49,7,96,65,96,29,71,15,4,7,34,3,5,3,92,80,94,6,81,13,1,90,62,1.0
2022-23,1610612751,BKN,Brooklyn Nets,0012200056,2022-10-12T00:00:00,BKN @ MIL,W,48.0,43,84,0.512,9,30,0.3,12,22,0.545,9,32,41,32,15.0,17,8,2,18,19,107,10.0,1,1,1,1,3,27,39,31,73,62,78,78,45,95,30,46,39,7,52,1,15,10,18,40,61,23,1.0
2022-23,1610612766,CHA,Charlotte Hornets,0012200054,2022-10-12T00:00:00,CHA @ PHI,L,48.0,38,79,0.481,7,26,0.269,11,18,0.611,8,41,49,21,24.0,7,12,4,24,16,94,-5.0,1,30,30,30,6,61,83,31,76,77,66,81,71,83,69,8,20,70,92,50,2,19,73,82,79,37,1.0
2022-23,1610612739,CLE,Cleveland Cavaliers,0012200052,2022-10-12T00:00:00,CLE vs. ATL,W,48.0,40,97,0.412,16,39,0.41,9,11,0.818,12,37,49,30,14.0,10,8,8,30,15,105,6.0,1,1,1,1,8,52,2,87,8,7,33,92,93,35,22,12,7,13,53,9,3,88,96,85,66,42,1.0
2022-23,1610612743,DEN,Denver Nuggets,0012200059,2022-10-12T00:00:00,DEN @ LAC,W,48.0,47,87,0.54,10,23,0.435,22,28,0.786,8,36,44,28,21.0,12,4,8,24,23,126,11.0,1,1,1,1,5,20,46,23,72,99,25,13,17,51,75,28,45,50,108,7,55,107,103,24,14,33,1.0
2022-23,1610612754,IND,Indiana Pacers,0012200053,2022-10-12T00:00:00,IND vs. NYK,W,48.0,41,86,0.477,9,30,0.3,18,24,0.75,10,39,49,26,17.0,8,6,6,25,23,109,9.0,1,1,1,1,4,43,54,43,73,73,67,47,38,56,43,7,9,51,57,35,28,49,74,21,61,13,1.0
2022-23,1610612747,LAL,Los Angeles Lakers,0012200057,2022-10-12T00:00:00,LAL vs. MIN,L,48.0,37,83,0.446,10,39,0.256,29,37,0.784,4,48,52,26,20.0,7,5,4,23,25,113,-5.0,1,59,59,59,10,91,83,78,54,14,94,11,7,52,110,3,21,40,101,40,42,39,96,22,60,73,1.0
2022-23,1610612748,MIA,Miami Heat,0012200055,2022-10-12T00:00:00,MIA vs. NOP,W,48.0,40,85,0.471,16,41,0.39,24,32,0.75,8,38,46,27,16.0,6,10,4,24,28,120,17.0,1,1,1,1,7,43,54,44,11,15,32,19,9,90,79,7,18,23,89,86,1,51,103,5,17,11,1.0
2022-23,1610612749,MIL,Milwaukee Bucks,0012200056,2022-10-12T00:00:00,MIL vs. BKN,L,48.0,34,82,0.415,13,33,0.394,16,21,0.762,10,33,43,19,22.0,11,2,8,19,18,97,-10.0,1,63,63,63,7,86,83,81,54,77,36,49,50,48,48,67,69,86,90,3,79,91,56,57,89,77,1.0
2022-23,1610612750,MIN,Minnesota Timberwolves,0012200057,2022-10-12T00:00:00,MIN @ LAL,W,48.0,41,97,0.423,14,39,0.359,22,30,0.733,9,43,52,29,12.0,10,4,5,25,23,118,5.0,1,1,1,1,8,51,10,88,20,19,48,18,16,63,40,2,8,21,18,24,60,53,77,21,31,34,1.0
2022-23,1610612740,NOP,New Orleans Pelicans,0012200055,2022-10-12T00:00:00,NOP @ MIA,L,48.0,35,89,0.393,7,33,0.212,26,32,0.813,10,34,44,24,15.0,8,4,10,28,24,103,-17.0,1,50,50,50,8,84,34,89,81,27,86,12,17,38,50,39,43,58,42,46,43,88,91,14,74,85,1.0
2022-23,1610612752,NYK,New York Knicks,0012200053,2022-10-12T00:00:00,NYK @ IND,L,48.0,36,97,0.371,11,41,0.268,17,22,0.773,16,33,49,24,16.0,5,6,6,23,25,100,-9.0,1,60,60,60,11,87,12,97,54,14,85,62,68,44,19,50,33,37,76,66,18,75,70,8,90,85,1.0
2022-23,1610612755,PHI,Philadelphia 76ers,0012200054,2022-10-12T00:00:00,PHI vs. CHA,W,48.0,35,89,0.393,11,35,0.314,18,22,0.818,8,34,42,17,12.0,10,4,12,16,24,99,5.0,1,1,1,1,8,84,20,97,61,36,77,61,58,60,57,30,40,93,32,21,56,103,15,9,87,46,1.0
2022-23,1610612756,PHX,Phoenix Suns,0012200058,2022-10-12T00:00:00,PHX vs. SAC,L,48.0,33,79,0.418,7,29,0.241,31,35,0.886,11,37,48,22,26.0,12,8,2,25,29,104,-1.0,1,56,56,56,5,95,92,86,89,66,96,2,3,18,53,19,27,82,101,7,11,10,79,4,77,56,1.0
2022-23,1610612758,SAC,Sacramento Kings,0012200058,2022-10-12T00:00:00,SAC @ PHX,W,48.0,36,88,0.409,14,39,0.359,19,29,0.655,8,31,39,24,23.0,15,2,8,29,25,105,1.0,1,1,1,1,6,85,47,91,36,39,54,49,24,89,68,62,69,60,100,2,71,95,97,11,81,56,1.0
2022-23,1610612765,DET,Detroit Pistons,0012200060,2022-10-13T00:00:00,DET vs. MEM,L,48.0,40,102,0.392,15,52,0.288,16,19,0.842,16,39,55,23,19.0,3,4,6,30,17,111,-15.0,1,21,21,21,5,35,2,82,15,1,65,58,68,16,9,6,5,39,72,84,32,50,86,75,39,64,1.0
2022-23,1610612763,MEM,Memphis Grizzlies,0012200060,2022-10-13T00:00:00,MEM @ DET,W,48.0,46,101,0.455,7,32,0.219,27,38,0.711,15,36,51,23,10.0,15,6,4,17,30,126,15.0,1,1,1,1,6,28,9,59,89,59,90,9,5,75,20,36,20,71,12,2,38,26,16,1,21,18,1.0
2022-23,1610612760,OKC,Oklahoma City Thunder,0012200061,2022-10-13T00:00:00,OKC @ SAS,W,48.0,40,86,0.465,10,34,0.294,28,35,0.8,8,31,39,24,12.0,10,5,5,26,24,118,6.0,1,1,1,1,7,63,74,49,67,49,77,8,5,53,79,52,71,44,37,20,30,41,81,16,38,36,1.0
2022-23,1610612759,SAS,San Antonio Spurs,0012200061,2022-10-13T00:00:00,SAS vs. OKC,L,48.0,41,88,0.466,5,26,0.192,25,34,0.735,17,36,53,23,19.0,7,5,5,24,26,112,-6.0,1,25,25,25,7,53,54,41,92,74,91,3,3,47,6,22,5,67,72,41,25,37,76,7,42,34,1.0
2022-23,1610612737,ATL,Atlanta Hawks,0012200067,2022-10-14T00:00:00,ATL @ NOP,L,48.0,42,87,0.483,13,39,0.333,14,21,0.667,6,37,43,33,14.0,7,4,5,23,20,111,-9.0,1,49,49,49,7,65,71,41,18,5,57,77,51,93,83,14,50,1,61,38,51,43,80,38,70,76,1.0
2022-23,1610612738,BOS,Boston Celtics,0012200064,2022-10-14T00:00:00,BOS @ TOR,L,53.0,40,91,0.44,19,54,0.352,35,40,0.875,13,31,44,25,19.0,3,3,7,29,30,134,-3.0,1,74,74,74,2,67,30,81,21,4,67,1,1,27,15,77,54,64,103,96,87,93,109,1,7,81,1.0
2022-23,1610612751,BKN,Brooklyn Nets,0012200066,2022-10-14T00:00:00,BKN @ MIN,W,48.0,37,88,0.42,14,35,0.4,24,28,0.857,5,41,46,22,16.0,10,4,5,29,23,112,10.0,1,1,1,1,3,67,24,79,24,31,30,11,19,26,65,5,16,62,63,14,69,66,93,12,43,23,1.0
2022-23,1610612739,CLE,Cleveland Cavaliers,0012200063,2022-10-14T00:00:00,CLE @ ORL,L,48.0,35,76,0.461,13,30,0.433,25,30,0.833,5,30,35,18,14.0,11,4,9,24,19,108,-6.0,1,57,57,57,8,81,85,65,29,51,21,11,13,29,86,50,75,83,53,7,50,94,88,51,60,71,1.0
2022-23,1610612742,DAL,Dallas Mavericks,0012200068,2022-10-14T00:00:00,DAL @ UTA,W,48.0,38,85,0.447,17,47,0.362,22,33,0.667,6,30,36,28,13.0,17,8,3,23,22,115,14.0,1,1,1,1,10,54,33,60,25,11,45,21,12,66,59,45,60,8,44,1,3,24,58,39,38,10,1.0
2022-23,1610612743,DEN,Denver Nuggets,0012200069,2022-10-14T00:00:00,DEN @ GSW,W,48.0,38,75,0.507,9,31,0.29,34,41,0.829,6,38,44,28,19.0,5,2,3,20,32,119,7.0,1,1,1,1,5,92,106,43,82,57,93,1,1,31,92,17,45,50,95,86,88,22,65,1,40,46,1.0
2022-23,1610612744,GSW,Golden State Warriors,0012200069,2022-10-14T00:00:00,GSW vs. DEN,L,48.0,40,92,0.435,10,42,0.238,22,26,0.846,9,32,41,33,16.0,11,3,2,32,20,112,-7.0,1,55,55,55,6,67,32,74,94,55,103,13,20,29,62,60,71,19,47,7,64,12,107,41,71,72,1.0
2022-23,1610612745,HOU,Houston Rockets,0012200062,2022-10-14T00:00:00,HOU @ IND,W,48.0,42,87,0.483,18,39,0.462,20,22,0.909,12,39,51,20,19.0,4,4,8,21,20,122,8.0,1,1,1,1,3,30,52,23,2,13,5,31,59,5,55,11,16,59,67,74,41,68,46,45,12,12,1.0
2022-23,1610612754,IND,Indiana Pacers,0012200062,2022-10-14T00:00:00,IND vs. HOU,L,48.0,42,95,0.442,12,41,0.293,18,24,0.75,15,23,38,29,9.0,7,8,4,20,21,114,-8.0,1,40,40,40,4,40,19,61,46,22,69,47,38,56,10,83,63,23,4,47,13,25,34,37,47,62,1.0
2022-23,1610612747,LAL,Los Angeles Lakers,0012200070,2022-10-14T00:00:00,LAL @ SAC,L,48.0,29,81,0.358,8,33,0.242,20,31,0.645,6,31,37,18,23.0,8,4,1,26,26,86,-47.0,1,59,59,59,10,110,93,109,82,39,103,56,25,103,95,80,100,102,110,21,62,2,110,15,108,113,1.0
2022-23,1610612750,MIN,Minnesota Timberwolves,0012200066,2022-10-14T00:00:00,MIN vs. BKN,L,48.0,36,82,0.439,7,33,0.212,23,34,0.676,4,42,46,24,16.0,10,5,4,23,29,102,-10.0,1,51,51,51,8,87,68,76,92,48,96,16,5,82,90,4,23,57,51,24,44,37,62,2,84,80,1.0
2022-23,1610612740,NOP,New Orleans Pelicans,0012200067,2022-10-14T00:00:00,NOP vs. ATL,W,48.0,46,95,0.484,10,28,0.357,18,23,0.783,11,39,50,33,10.0,8,5,4,20,23,120,9.0,1,1,1,1,8,15,13,43,52,55,49,52,52,50,39,15,15,5,8,46,25,31,36,21,27,30,1.0
2022-23,1610612752,NYK,New York Knicks,0012200065,2022-10-14T00:00:00,NYK vs. WAS,W,48.0,41,96,0.427,8,33,0.242,15,20,0.75,19,47,66,25,15.0,6,6,13,16,21,105,16.0,1,1,1,1,11,49,16,77,85,61,92,74,81,52,7,1,1,29,69,50,18,102,16,48,73,18,1.0
2022-23,1610612753,ORL,Orlando Magic,0012200063,2022-10-14T00:00:00,ORL vs. CLE,W,48.0,39,89,0.438,12,39,0.308,24,31,0.774,17,35,52,23,15.0,9,9,4,19,24,114,6.0,1,1,1,1,5,52,28,64,27,8,59,18,12,49,3,30,6,42,41,24,5,29,31,13,32,24,1.0
2022-23,1610612758,SAC,Sacramento Kings,0012200070,2022-10-14T00:00:00,SAC vs. LAL,W,48.0,46,94,0.489,20,41,0.488,21,29,0.724,14,41,55,30,17.0,11,1,4,26,26,133,47.0,1,1,1,1,6,28,21,46,7,29,7,36,24,76,7,6,5,22,73,7,89,44,92,3,15,1,1.0
2022-23,1610612761,TOR,Toronto Raptors,0012200064,2022-10-14T00:00:00,TOR vs. BOS,W,53.0,49,108,0.454,7,29,0.241,32,41,0.78,23,34,57,22,12.0,7,7,3,30,29,137,3.0,1,1,1,1,1,6,4,44,78,62,79,4,1,46,2,17,4,50,41,68,16,20,91,2,3,44,1.0
2022-23,1610612762,UTA,Utah Jazz,0012200068,2022-10-14T00:00:00,UTA vs. DAL,L,48.0,41,91,0.451,6,26,0.231,13,17,0.765,12,40,52,25,23.0,6,3,8,22,23,101,-14.0,1,42,42,42,6,49,29,57,91,93,92,73,77,53,39,10,13,45,89,44,68,82,52,24,78,83,1.0
2022-23,1610612764,WAS,Washington Wizards,0012200065,2022-10-14T00:00:00,WAS @ NYK,L,48.0,33,87,0.379,10,45,0.222,13,20,0.65,6,34,40,23,13.0,8,13,6,21,16,89,-16.0,1,40,40,40,4,83,33,88,49,3,82,68,54,82,68,40,60,56,32,28,1,58,59,73,86,81,1.0
2022-23,1610612738,BOS,Boston Celtics,0022200001,2022-10-18T00:00:00,BOS vs. PHI,W,48.0,46,82,0.561,12,35,0.343,22,28,0.786,6,30,36,24,11.0,8,3,3,24,25,126,9.0,1,1,1,1,15,21,88,7,80,88,70,20,16,69,90,85,101,77,23,23,87,27,98,9,22,42,1.0
2022-23,1610612744,GSW,Golden State Warriors,0022200002,2022-10-18T00:00:00,GSW vs. LAL,W,48.0,45,99,0.455,16,45,0.356,17,23,0.739,11,37,48,31,18.0,11,4,4,23,18,123,14.0,1,1,1,1,6,29,13,67,47,36,64,38,37,69,39,29,30,32,74,7,47,49,64,55,27,20,1.0
2022-23,1610612747,LAL,Los Angeles Lakers,0022200002,2022-10-18T00:00:00,LAL @ GSW,L,48.0,40,94,0.426,10,40,0.25,19,25,0.76,9,39,48,23,22.0,12,4,4,18,23,109,-14.0,1,59,59,59,10,63,16,94,54,12,96,65,63,66,64,29,38,72,107,3,62,39,49,36,75,97,1.0
2022-23,1610612755,PHI,Philadelphia 76ers,0022200001,2022-10-18T00:00:00,PHI @ BOS,L,48.0,40,80,0.5,13,34,0.382,24,28,0.857,4,27,31,16,14.0,8,3,3,25,24,117,-9.0,1,70,70,70,8,42,67,34,41,43,53,26,26,39,96,86,99,99,54,46,72,17,88,9,38,85,1.0
2022-23,1610612737,ATL,Atlanta Hawks,0022200005,2022-10-19T00:00:00,ATL vs. HOU,W,48.0,45,90,0.5,7,25,0.28,20,24,0.833,4,34,38,30,9.0,12,5,3,18,20,117,10.0,1,1,1,1,7,32,58,27,82,85,78,29,32,36,94,40,82,6,8,3,34,14,37,38,49,19,1.0
2022-23,1610612751,BKN,Brooklyn Nets,0022200006,2022-10-19T00:00:00,BKN vs. NOP,L,48.0,40,89,0.449,10,33,0.303,18,24,0.75,9,30,39,22,16.0,10,10,4,25,21,108,-22.0,1,51,51,51,3,48,20,64,68,46,77,43,36,65,30,65,52,62,63,14,6,46,73,26,57,88,1.0
2022-23,1610612766,CHA,Charlotte Hornets,0022200011,2022-10-19T00:00:00,CHA @ SAS,W,48.0,48,94,0.511,13,29,0.448,20,23,0.87,14,37,51,26,15.0,7,10,8,20,19,129,27.0,1,1,1,1,6,7,24,18,17,67,6,25,48,12,19,18,15,28,47,50,6,67,46,53,7,2,1.0
2022-23,1610612741,CHI,Chicago Bulls,0022200007,2022-10-19T00:00:00,CHI @ MIA,W,48.0,41,93,0.441,13,36,0.361,21,28,0.75,12,34,46,23,15.0,12,6,2,26,24,116,8.0,1,1,1,1,8,54,14,77,18,6,44,21,14,70,14,39,25,54,54,6,19,6,87,11,39,33,1.0
2022-23,1610612739,CLE,Cleveland Cavaliers,0022200008,2022-10-19T00:00:00,CLE @ TOR,L,48.0,38,77,0.494,10,28,0.357,19,23,0.826,6,32,38,25,17.0,5,5,4,21,23,105,-3.0,1,57,57,57,8,70,80,41,53,63,48,31,36,31,81,34,65,38,75,72,34,30,63,19,66,64,1.0
2022-23,1610612742,DAL,Dallas Mavericks,0022200013,2022-10-19T00:00:00,DAL @ PHX,L,48.0,35,75,0.467,14,35,0.4,21,34,0.618,5,35,40,17,12.0,6,4,5,22,29,105,-2.0,1,41,41,41,10,65,79,43,45,70,29,29,9,81,69,20,31,76,35,45,31,60,52,4,64,47,1.0
2022-23,1610612743,DEN,Denver Nuggets,0022200012,2022-10-19T00:00:00,DEN @ UTA,L,48.0,40,83,0.482,5,22,0.227,17,18,0.944,10,25,35,21,21.0,10,3,1,23,21,102,-21.0,1,75,75,75,5,79,75,68,106,103,108,45,82,2,53,106,101,97,108,17,77,2,96,38,94,106,1.0
2022-23,1610612765,DET,Detroit Pistons,0022200003,2022-10-19T00:00:00,DET vs. ORL,W,48.0,40,94,0.426,14,38,0.368,19,24,0.792,12,29,41,31,13.0,11,4,5,21,24,113,4.0,1,1,1,1,5,35,9,61,19,17,36,41,47,41,28,61,48,2,21,5,32,34,32,18,31,17,1.0
2022-23,1610612745,HOU,Houston Rockets,0022200005,2022-10-19T00:00:00,HOU @ ATL,L,48.0,42,98,0.429,9,35,0.257,14,15,0.933,15,39,54,25,16.0,4,3,5,20,18,107,-10.0,1,28,28,28,3,30,6,65,54,28,78,69,82,2,25,11,10,20,43,74,58,24,37,68,56,54,1.0
2022-23,1610612754,IND,Indiana Pacers,0022200004,2022-10-19T00:00:00,IND vs. WAS,L,48.0,39,97,0.402,15,42,0.357,14,21,0.667,12,30,42,21,15.0,7,5,10,20,19,107,-7.0,1,40,40,40,4,61,13,81,25,17,47,70,62,82,25,52,40,83,40,47,41,88,34,55,66,58,1.0
2022-23,1610612763,MEM,Memphis Grizzlies,0022200009,2022-10-19T00:00:00,MEM vs. NYK,W,53.0,42,108,0.389,17,50,0.34,14,23,0.609,20,44,64,27,14.0,6,7,5,17,26,115,3.0,1,1,1,1,1,49,2,94,11,1,51,70,47,95,3,2,1,32,48,70,22,40,16,11,46,58,1.0
2022-23,1610612748,MIA,Miami Heat,0022200007,2022-10-19T00:00:00,MIA vs. CHI,L,48.0,37,80,0.463,12,28,0.429,22,28,0.786,8,38,46,21,19.0,6,2,6,24,26,108,-8.0,1,66,66,66,7,73,86,49,54,101,19,29,25,80,79,7,18,76,111,86,81,92,103,8,61,89,1.0
2022-23,1610612750,MIN,Minnesota Timberwolves,0022200010,2022-10-19T00:00:00,MIN vs. OKC,W,48.0,39,94,0.415,10,38,0.263,27,33,0.818,14,41,55,25,14.0,6,5,6,21,26,115,7.0,1,1,1,1,8,70,16,91,59,24,90,3,9,28,8,7,3,45,36,69,44,72,39,3,41,26,1.0
2022-23,1610612740,NOP,New Orleans Pelicans,0022200006,2022-10-19T00:00:00,NOP @ BKN,W,48.0,50,102,0.49,12,26,0.462,18,25,0.72,21,40,61,31,13.0,9,4,10,21,25,130,22.0,1,1,1,1,8,3,2,39,28,73,13,52,38,74,1,8,1,10,27,30,43,88,45,8,6,7,1.0
2022-23,1610612752,NYK,New York Knicks,0022200009,2022-10-19T00:00:00,NYK @ MEM,L,53.0,44,109,0.404,9,37,0.243,15,18,0.833,18,36,54,28,12.0,7,5,7,26,17,112,-3.0,1,60,60,60,2,30,1,88,77,34,91,74,89,21,10,24,8,12,32,38,25,83,92,82,51,62,1.0
2022-23,1610612760,OKC,Oklahoma City Thunder,0022200010,2022-10-19T00:00:00,OKC @ MIN,L,48.0,38,99,0.384,14,45,0.311,18,22,0.818,16,41,57,22,14.0,6,6,5,26,21,108,-7.0,1,52,52,52,7,73,9,88,26,2,71,46,52,42,7,5,2,61,55,75,14,41,81,36,69,74,1.0
2022-23,1610612753,ORL,Orlando Magic,0022200003,2022-10-19T00:00:00,ORL @ DET,L,48.0,42,86,0.488,11,30,0.367,14,19,0.737,10,38,48,21,18.0,5,5,4,24,21,109,-4.0,1,41,41,41,5,26,40,33,40,52,37,77,73,68,45,14,17,58,63,73,33,29,69,40,49,48,1.0
2022-23,1610612756,PHX,Phoenix Suns,0022200013,2022-10-19T00:00:00,PHX vs. DAL,W,48.0,40,85,0.471,8,22,0.364,19,22,0.864,8,32,40,25,12.0,4,5,4,29,22,107,2.0,1,1,1,1,5,64,74,49,84,95,51,41,49,26,77,50,70,56,33,84,45,45,95,30,65,53,1.0
2022-23,1610612757,POR,Portland Trail Blazers,0022200014,2022-10-19T00:00:00,POR @ SAC,W,48.0,39,88,0.443,11,28,0.393,26,33,0.788,11,33,44,20,11.0,11,2,5,17,25,115,7.0,1,1,1,1,3,47,26,62,53,77,33,15,13,45,22,32,29,63,18,7,80,48,19,18,33,25,1.0
2022-23,1610612758,SAC,Sacramento Kings,0022200014,2022-10-19T00:00:00,SAC vs. POR,L,48.0,39,85,0.459,17,44,0.386,13,19,0.684,4,37,41,27,16.0,8,5,2,25,17,108,-7.0,1,62,62,62,6,69,64,71,18,13,38,86,73,81,94,19,58,42,67,41,14,10,85,86,75,78,1.0
2022-23,1610612759,SAS,San Antonio Spurs,0022200011,2022-10-19T00:00:00,SAS vs. CHA,L,48.0,40,99,0.404,7,34,0.206,15,21,0.714,14,30,44,22,15.0,8,8,10,19,20,102,-27.0,1,25,25,25,7,59,16,72,80,33,87,43,39,56,21,53,41,74,35,25,4,86,36,30,66,80,1.0
2022-23,1610612761,TOR,Toronto Raptors,0022200008,2022-10-19T00:00:00,TOR vs. CLE,W,48.0,36,86,0.419,13,30,0.433,23,32,0.719,12,29,41,19,13.0,15,4,5,23,21,108,3.0,1,1,1,1,8,76,66,76,18,55,10,17,15,72,47,54,57,75,52,3,51,58,68,34,58,44,1.0
2022-23,1610612762,UTA,Utah Jazz,0022200012,2022-10-19T00:00:00,UTA vs. DEN,W,48.0,42,83,0.506,16,38,0.421,23,31,0.742,11,32,43,27,20.0,10,1,3,21,23,123,21.0,1,1,1,1,6,41,73,21,16,41,18,17,12,61,46,55,63,34,78,7,89,13,49,24,22,3,1.0
2022-23,1610612764,WAS,Washington Wizards,0022200004,2022-10-19T00:00:00,WAS @ IND,W,48.0,42,92,0.457,11,31,0.355,19,24,0.792,14,39,53,21,17.0,5,10,5,19,20,114,7.0,1,1,1,1,4,35,23,61,42,44,42,30,30,43,9,11,5,70,65,63,4,39,42,33,39,28,1.0
2022-23,1610612747,LAL,Los Angeles Lakers,0022200016,2022-10-20T00:00:00,LAL vs. LAC,L,48.0,33,94,0.351,9,45,0.2,22,26,0.846,8,30,38,23,10.0,13,5,7,24,24,97,-6.0,1,59,59,59,10,105,16,110,74,2,109,39,55,25,76,88,91,72,17,2,42,87,102,28,105,77,1.0
2022-23,1610612749,MIL,Milwaukee Bucks,0022200015,2022-10-20T00:00:00,MIL @ PHI,W,48.0,34,84,0.405,13,42,0.31,9,14,0.643,7,41,48,24,14.0,4,6,5,16,14,90,2.0,1,1,1,1,7,86,73,85,54,37,77,86,85,83,78,19,45,52,39,76,22,65,27,84,95,59,1.0
2022-23,1610612755,PHI,Philadelphia 76ers,0022200015,2022-10-20T00:00:00,PHI vs. MIL,L,48.0,36,83,0.434,5,24,0.208,11,13,0.846,6,38,44,17,10.0,6,5,6,14,16,88,-2.0,1,70,70,70,8,79,47,85,102,97,100,101,100,44,81,10,27,93,16,75,40,65,9,77,96,70,1.0
2022-23,1610612737,ATL,Atlanta Hawks,0022200020,2022-10-21T00:00:00,ATL vs. ORL,W,48.0,40,89,0.449,13,31,0.419,15,16,0.938,9,37,46,26,17.0,10,2,7,22,19,108,10.0,1,1,1,1,7,73,60,70,18,40,24,66,83,9,65,14,33,31,80,15,87,74,72,46,75,19,1.0
2022-23,1610612738,BOS,Boston Celtics,0022200022,2022-10-21T00:00:00,BOS @ MIA,W,48.0,41,79,0.519,14,33,0.424,15,15,1.0,12,31,43,17,20.0,4,11,3,23,18,111,7.0,1,1,1,1,15,56,97,23,70,99,36,65,91,1,21,77,62,109,106,81,4,27,92,58,74,53,1.0
2022-23,1610612751,BKN,Brooklyn Nets,0022200021,2022-10-21T00:00:00,BKN vs. TOR,W,48.0,38,80,0.475,13,35,0.371,20,29,0.69,13,31,44,26,13.0,3,13,4,19,21,109,4.0,1,1,1,1,3,61,66,50,36,31,46,32,15,81,9,55,25,31,35,85,1,46,31,26,53,37,1.0
2022-23,1610612766,CHA,Charlotte Hornets,0022200017,2022-10-21T00:00:00,CHA vs. NOP,L,48.0,44,97,0.454,13,34,0.382,11,14,0.786,11,26,37,30,14.0,9,4,7,24,14,112,-12.0,1,30,30,30,6,20,15,48,17,31,23,81,88,32,44,84,77,10,35,28,54,58,73,87,37,60,1.0
2022-23,1610612741,CHI,Chicago Bulls,0022200019,2022-10-21T00:00:00,CHI @ WAS,L,48.0,33,79,0.418,7,27,0.259,27,33,0.818,10,28,38,19,13.0,8,3,8,15,22,100,-2.0,1,49,49,49,8,89,80,84,67,52,77,4,4,44,27,75,64,79,39,37,59,86,11,20,76,52,1.0
2022-23,1610612743,DEN,Denver Nuggets,0022200026,2022-10-21T00:00:00,DEN @ GSW,W,48.0,46,86,0.535,15,34,0.441,21,25,0.84,12,29,41,30,20.0,10,2,3,22,23,128,5.0,1,1,1,1,5,27,51,27,15,29,23,19,28,28,30,83,64,35,103,17,88,22,90,24,11,52,1.0
2022-23,1610612765,DET,Detroit Pistons,0022200023,2022-10-21T00:00:00,DET @ NYK,L,48.0,39,90,0.433,9,36,0.25,19,32,0.594,13,36,49,26,15.0,6,2,6,21,26,106,-24.0,1,21,21,21,5,42,25,57,60,22,78,41,18,87,21,14,14,20,43,54,70,50,32,10,53,81,1.0
2022-23,1610612744,GSW,Golden State Warriors,0022200026,2022-10-21T00:00:00,GSW vs. DEN,L,48.0,42,88,0.477,15,44,0.341,24,27,0.889,7,28,35,34,19.0,10,3,2,23,22,123,-5.0,1,55,55,55,6,50,59,49,54,41,70,7,13,18,87,90,95,15,84,16,64,12,64,23,27,67,1.0
2022-23,1610612745,HOU,Houston Rockets,0022200024,2022-10-21T00:00:00,HOU vs. MEM,L,48.0,44,93,0.473,16,35,0.457,18,30,0.6,13,32,45,18,14.0,4,6,10,22,21,122,-7.0,1,28,28,28,3,19,20,29,6,28,6,42,21,86,45,49,51,73,23,74,19,84,53,34,12,39,1.0
2022-23,1610612754,IND,Indiana Pacers,0022200018,2022-10-21T00:00:00,IND vs. SAS,L,48.0,51,104,0.49,11,35,0.314,21,22,0.955,14,28,42,32,16.0,8,6,4,34,22,134,-3.0,1,40,40,40,4,5,2,31,58,51,61,29,54,3,13,64,40,12,50,35,28,25,90,27,7,42,1.0
2022-23,1610612763,MEM,Memphis Grizzlies,0022200024,2022-10-21T00:00:00,MEM @ HOU,W,48.0,45,98,0.459,19,42,0.452,20,29,0.69,17,33,50,26,12.0,8,10,6,21,22,129,7.0,1,1,1,1,6,34,15,56,3,8,11,29,23,80,11,58,25,40,31,47,4,58,58,27,16,42,1.0
2022-23,1610612748,MIA,Miami Heat,0022200022,2022-10-21T00:00:00,MIA vs. BOS,L,48.0,42,92,0.457,8,26,0.308,12,15,0.8,11,25,36,23,10.0,8,3,11,18,23,104,-7.0,1,66,66,66,7,29,22,55,98,109,81,100,104,69,37,98,90,56,17,49,52,118,46,25,75,87,1.0
2022-23,1610612750,MIN,Minnesota Timberwolves,0022200025,2022-10-21T00:00:00,MIN vs. UTA,L,53.0,49,107,0.458,11,33,0.333,17,23,0.739,21,39,60,20,20.0,5,7,8,22,23,126,-6.0,1,51,51,51,2,7,1,65,50,48,56,53,51,61,1,12,1,85,86,81,20,93,50,21,16,63,1.0
2022-23,1610612740,NOP,New Orleans Pelicans,0022200017,2022-10-21T00:00:00,NOP @ CHA,W,48.0,42,89,0.472,8,22,0.364,32,37,0.865,15,38,53,23,16.0,9,7,4,14,24,124,12.0,1,1,1,1,8,36,34,55,67,87,47,2,4,20,9,19,7,65,55,30,9,31,2,14,18,23,1.0
2022-23,1610612752,NYK,New York Knicks,0022200023,2022-10-21T00:00:00,NYK vs. DET,W,48.0,50,95,0.526,16,38,0.421,14,22,0.636,11,39,50,29,12.0,4,6,2,26,21,130,24.0,1,1,1,1,11,7,21,12,16,32,18,84,68,93,62,15,25,9,32,79,18,7,92,48,12,4,1.0
2022-23,1610612753,ORL,Orlando Magic,0022200020,2022-10-21T00:00:00,ORL @ ATL,L,48.0,33,80,0.413,8,34,0.235,24,30,0.8,10,34,44,16,19.0,9,7,2,19,22,98,-10.0,1,41,41,41,5,83,71,76,70,28,84,18,18,35,45,40,40,85,76,24,10,7,31,29,78,66,1.0
2022-23,1610612756,PHX,Phoenix Suns,0022200027,2022-10-21T00:00:00,PHX @ POR,L,53.0,43,94,0.457,10,27,0.37,15,21,0.714,9,32,41,31,17.0,14,1,5,29,19,111,-2.0,1,56,56,56,1,33,22,62,60,78,45,68,57,80,68,50,64,13,83,1,97,63,95,63,58,60,1.0
2022-23,1610612757,POR,Portland Trail Blazers,0022200027,2022-10-21T00:00:00,POR vs. PHX,W,53.0,36,82,0.439,10,29,0.345,31,36,0.861,13,35,48,14,21.0,8,5,1,19,29,113,2.0,1,1,1,1,1,68,58,66,60,72,50,4,7,23,5,20,9,91,88,29,32,2,31,6,35,35,1.0
2022-23,1610612759,SAS,San Antonio Spurs,0022200018,2022-10-21T00:00:00,SAS @ IND,W,48.0,44,81,0.543,17,31,0.548,32,44,0.727,7,30,37,34,17.0,9,4,6,22,34,137,3.0,1,1,1,1,7,36,83,11,4,51,1,1,1,49,79,53,82,5,53,15,34,50,65,1,4,21,1.0
2022-23,1610612761,TOR,Toronto Raptors,0022200021,2022-10-21T00:00:00,TOR @ BKN,L,48.0,41,84,0.488,11,28,0.393,12,18,0.667,8,33,41,25,15.0,9,4,13,21,19,105,-4.0,1,49,49,49,8,45,75,26,33,67,20,80,69,83,79,23,57,29,72,48,51,93,53,50,66,59,1.0
2022-23,1610612762,UTA,Utah Jazz,0022200025,2022-10-21T00:00:00,UTA @ MIN,W,53.0,49,111,0.441,20,50,0.4,14,21,0.667,19,35,54,39,13.0,11,8,7,23,22,132,6.0,1,1,1,1,1,5,1,63,1,1,25,70,59,76,6,38,9,1,24,3,11,72,64,31,5,23,1.0
2022-23,1610612764,WAS,Washington Wizards,0022200019,2022-10-21T00:00:00,WAS vs. CHI,W,48.0,41,80,0.513,10,26,0.385,10,11,0.909,5,34,39,26,17.0,8,8,3,22,15,102,2.0,1,1,1,1,4,46,71,23,49,73,33,86,90,9,81,40,63,35,65,28,14,15,70,80,72,36,1.0
2022-23,1610612738,BOS,Boston Celtics,0022200030,2022-10-22T00:00:00,BOS @ ORL,W,48.0,42,87,0.483,19,47,0.404,23,28,0.821,7,30,37,24,8.0,5,6,7,21,24,126,6.0,1,1,1,1,15,47,54,47,21,23,42,18,16,55,78,85,97,77,7,61,36,93,69,11,22,55,1.0
2022-23,1610612741,CHI,Chicago Bulls,0022200032,2022-10-22T00:00:00,CHI vs. CLE,L,48.0,34,84,0.405,7,29,0.241,21,25,0.84,10,25,35,19,10.0,12,7,5,19,17,96,-32.0,1,49,49,49,8,86,58,89,67,41,80,21,21,35,27,89,76,79,14,6,11,46,43,60,82,92,1.0
2022-23,1610612739,CLE,Cleveland Cavaliers,0022200032,2022-10-22T00:00:00,CLE @ CHI,W,48.0,48,85,0.565,16,27,0.593,16,18,0.889,8,40,48,32,18.0,4,5,7,17,19,128,32.0,1,1,1,1,8,4,45,5,8,73,2,51,72,8,62,6,10,7,81,84,34,82,23,51,4,1,1.0
2022-23,1610612742,DAL,Dallas Mavericks,0022200034,2022-10-22T00:00:00,DAL vs. MEM,W,48.0,45,90,0.5,17,39,0.436,30,36,0.833,15,37,52,23,15.0,7,7,8,24,29,137,41.0,1,1,1,1,10,14,14,28,25,51,14,4,5,22,3,10,2,42,68,29,6,85,65,4,2,1,1.0
2022-23,1610612743,DEN,Denver Nuggets,0022200035,2022-10-22T00:00:00,DEN vs. OKC,W,48.0,42,85,0.494,20,38,0.526,18,31,0.581,9,37,46,33,18.0,5,6,5,21,27,122,5.0,1,1,1,1,5,58,56,61,1,9,5,36,12,100,67,22,41,14,89,86,22,64,76,6,24,52,1.0
2022-23,1610612765,DET,Detroit Pistons,0022200029,2022-10-22T00:00:00,DET @ IND,L,48.0,37,95,0.389,18,42,0.429,23,30,0.767,17,36,53,26,14.0,5,3,15,20,21,115,-9.0,1,21,21,21,5,53,7,83,2,5,18,27,25,54,5,14,6,20,31,67,47,91,23,38,26,46,1.0
2022-23,1610612745,HOU,Houston Rockets,0022200033,2022-10-22T00:00:00,HOU @ MIL,L,48.0,36,93,0.387,16,37,0.432,17,22,0.773,15,32,47,20,14.0,9,6,10,22,22,105,-20.0,1,28,28,28,3,71,20,85,6,20,10,51,59,33,25,49,42,59,23,26,19,84,53,27,62,77,1.0
2022-23,1610612754,IND,Indiana Pacers,0022200029,2022-10-22T00:00:00,IND vs. DET,W,48.0,45,103,0.437,16,42,0.381,18,24,0.75,20,39,59,28,11.0,7,15,3,21,20,124,9.0,1,1,1,1,4,18,3,64,19,17,36,47,38,56,1,7,1,27,15,47,1,11,42,46,23,13,1.0
2022-23,1610612763,MEM,Memphis Grizzlies,0022200034,2022-10-22T00:00:00,MEM @ DAL,L,48.0,34,79,0.43,9,33,0.273,19,24,0.792,6,23,29,20,18.0,4,8,7,29,24,96,-41.0,1,61,61,61,6,91,91,77,68,51,74,35,43,28,91,97,100,86,82,92,13,69,100,22,92,101,1.0
2022-23,1610612748,MIA,Miami Heat,0022200031,2022-10-22T00:00:00,MIA vs. TOR,W,48.0,38,76,0.5,11,30,0.367,25,27,0.926,6,38,44,28,16.0,2,2,5,26,25,112,3.0,1,1,1,1,7,62,111,25,65,87,42,17,29,16,103,7,34,15,89,118,81,78,113,10,40,48,1.0
2022-23,1610612749,MIL,Milwaukee Bucks,0022200033,2022-10-22T00:00:00,MIL vs. HOU,W,48.0,48,85,0.565,16,31,0.516,13,21,0.619,8,39,47,29,16.0,6,10,6,22,22,125,20.0,1,1,1,1,7,14,68,5,32,87,2,72,50,87,65,28,50,17,52,47,4,80,76,23,25,8,1.0
2022-23,1610612760,OKC,Oklahoma City Thunder,0022200035,2022-10-22T00:00:00,OKC @ DEN,L,48.0,42,94,0.447,15,38,0.395,18,23,0.783,10,37,47,29,13.0,10,5,6,27,21,117,-5.0,1,52,52,52,7,44,29,62,18,23,30,46,43,61,55,18,27,13,46,20,30,57,90,36,42,66,1.0
2022-23,1610612753,ORL,Orlando Magic,0022200030,2022-10-22T00:00:00,ORL vs. BOS,L,48.0,45,95,0.474,15,34,0.441,15,23,0.652,12,36,48,21,9.0,5,7,6,24,21,120,-6.0,1,41,41,41,5,9,10,41,8,28,12,70,55,83,25,25,17,58,3,73,10,58,69,40,16,55,1.0
2022-23,1610612755,PHI,Philadelphia 76ers,0022200028,2022-10-22T00:00:00,PHI vs. SAS,L,48.0,37,84,0.44,10,31,0.323,21,28,0.75,12,28,40,26,12.0,6,5,7,15,20,105,-9.0,1,70,70,70,8,74,39,75,74,58,74,47,26,92,23,79,58,33,32,75,40,83,11,43,69,85,1.0
2022-23,1610612758,SAC,Sacramento Kings,0022200036,2022-10-22T00:00:00,SAC vs. LAC,L,48.0,40,85,0.471,14,35,0.4,15,26,0.577,9,30,39,24,12.0,5,5,3,21,21,109,-2.0,1,62,62,62,6,63,64,61,36,59,30,71,43,98,59,69,69,60,32,71,14,20,48,46,72,63,1.0
2022-23,1610612759,SAS,San Antonio Spurs,0022200028,2022-10-22T00:00:00,SAS @ PHI,W,48.0,43,89,0.483,16,38,0.421,12,15,0.8,12,31,43,27,14.0,5,7,5,20,15,114,9.0,1,1,1,1,7,40,51,32,6,13,13,68,77,23,46,41,47,36,29,68,7,37,44,71,36,7,1.0
2022-23,1610612761,TOR,Toronto Raptors,0022200031,2022-10-22T00:00:00,TOR @ MIA,L,48.0,37,87,0.425,14,39,0.359,21,28,0.75,8,29,37,24,6.0,9,5,2,25,26,109,-3.0,1,49,49,49,8,70,59,70,9,11,32,29,25,55,79,54,80,37,2,48,39,6,79,11,56,54,1.0
2022-23,1610612737,ATL,Atlanta Hawks,0022200038,2022-10-23T00:00:00,ATL vs. CHA,L,48.0,39,95,0.411,8,35,0.229,23,28,0.821,16,29,45,23,12.0,8,9,6,21,24,109,-17.0,1,49,49,49,7,77,31,91,74,21,88,14,14,43,13,75,39,62,36,32,3,58,63,11,71,89,1.0
2022-23,1610612766,CHA,Charlotte Hornets,0022200038,2022-10-23T00:00:00,CHA @ ATL,W,48.0,47,90,0.522,11,26,0.423,21,30,0.7,14,38,52,28,14.0,7,6,9,24,21,126,17.0,1,1,1,1,6,9,40,11,35,77,9,21,10,59,19,16,8,14,35,50,27,76,73,35,8,3,1.0
2022-23,1610612739,CLE,Cleveland Cavaliers,0022200039,2022-10-23T00:00:00,CLE vs. WAS,W,53.0,41,96,0.427,13,33,0.394,22,25,0.88,16,32,48,19,13.0,10,5,4,20,24,117,10.0,1,1,1,1,2,44,3,81,29,30,35,15,26,11,3,34,10,81,39,9,34,30,52,16,22,31,1.0
2022-23,1610612744,GSW,Golden State Warriors,0022200042,2022-10-23T00:00:00,GSW vs. SAC,W,48.0,45,87,0.517,14,33,0.424,26,36,0.722,6,31,37,24,13.0,7,5,2,21,29,130,5.0,1,1,1,1,6,29,68,21,62,91,26,4,2,78,94,69,89,87,16,51,30,12,39,1,10,44,1.0
2022-23,1610612747,LAL,Los Angeles Lakers,0022200037,2022-10-23T00:00:00,LAL vs. POR,L,48.0,41,92,0.446,6,33,0.182,16,20,0.8,10,30,40,26,13.0,9,9,5,24,20,104,-2.0,1,59,59,59,10,58,29,79,103,39,110,81,85,42,46,88,84,40,39,16,7,54,102,67,87,62,1.0
2022-23,1610612750,MIN,Minnesota Timberwolves,0022200041,2022-10-23T00:00:00,MIN @ OKC,W,48.0,46,88,0.523,10,34,0.294,14,22,0.636,12,42,54,24,15.0,9,3,4,17,15,116,10.0,1,1,1,1,8,17,37,21,59,41,80,72,57,88,14,4,4,57,41,35,77,37,11,89,39,15,1.0
2022-23,1610612740,NOP,New Orleans Pelicans,0022200040,2022-10-23T00:00:00,NOP vs. UTA,L,53.0,48,102,0.471,8,27,0.296,17,22,0.773,14,31,45,30,17.0,8,6,6,22,20,121,-1.0,1,50,50,50,1,8,2,56,67,62,71,60,57,57,16,53,40,15,67,46,14,63,59,51,23,50,1.0
2022-23,1610612760,OKC,Oklahoma City Thunder,0022200041,2022-10-23T00:00:00,OKC vs. MIN,L,48.0,41,94,0.436,9,41,0.22,15,21,0.714,11,31,42,24,11.0,7,4,3,15,17,106,-10.0,1,52,52,52,7,54,29,68,78,12,90,71,58,80,44,52,51,44,23,62,46,15,5,78,73,82,1.0
2022-23,1610612756,PHX,Phoenix Suns,0022200043,2022-10-23T00:00:00,PHX @ LAC,W,48.0,43,93,0.462,15,42,0.357,11,12,0.917,13,36,49,29,13.0,5,3,0,18,18,112,17.0,1,1,1,1,5,33,30,57,16,7,53,93,96,11,30,22,20,31,39,74,78,1,21,74,52,14,1.0
2022-23,1610612757,POR,Portland Trail Blazers,0022200037,2022-10-23T00:00:00,POR @ LAL,W,48.0,37,84,0.44,10,27,0.37,22,27,0.815,13,39,52,19,19.0,6,5,9,20,24,106,2.0,1,1,1,1,3,61,50,64,60,80,40,28,31,33,5,6,2,71,75,45,32,91,39,22,61,35,1.0
2022-23,1610612758,SAC,Sacramento Kings,0022200042,2022-10-23T00:00:00,SAC @ GSW,L,48.0,47,100,0.47,11,43,0.256,20,25,0.8,13,38,51,31,16.0,10,2,5,29,21,125,-5.0,1,62,62,62,6,18,7,63,68,17,90,44,48,48,14,14,11,17,67,15,71,63,97,46,32,74,1.0
2022-23,1610612762,UTA,Utah Jazz,0022200040,2022-10-23T00:00:00,UTA @ NOP,W,53.0,43,98,0.439,13,38,0.342,23,28,0.821,15,29,44,29,17.0,13,6,6,20,22,122,1.0,1,1,1,1,1,35,10,66,39,41,44,17,22,31,19,74,58,21,58,1,28,57,39,31,25,34,1.0
2022-23,1610612764,WAS,Washington Wizards,0022200039,2022-10-23T00:00:00,WAS @ CLE,L,53.0,43,87,0.494,12,28,0.429,9,15,0.6,4,31,35,25,20.0,9,4,5,24,20,107,-10.0,1,40,40,40,1,31,33,36,31,59,20,89,82,86,86,68,82,42,86,16,54,39,82,33,62,69,1.0
2022-23,1610612738,BOS,Boston Celtics,0022200047,2022-10-24T00:00:00,BOS @ CHI,L,48.0,37,100,0.37,18,48,0.375,10,12,0.833,14,31,45,26,11.0,5,7,6,24,18,102,-18.0,1,74,74,74,15,92,7,109,30,18,55,96,98,46,11,77,49,55,23,61,23,83,98,58,98,106,1.0
2022-23,1610612751,BKN,Brooklyn Nets,0022200049,2022-10-24T00:00:00,BKN @ MEM,L,48.0,47,87,0.54,9,29,0.31,21,26,0.808,9,26,35,27,11.0,4,7,3,30,22,124,-10.0,1,51,51,51,3,10,29,18,73,67,75,25,27,41,30,84,73,22,20,76,24,23,94,18,12,74,1.0
2022-23,1610612741,CHI,Chicago Bulls,0022200047,2022-10-24T00:00:00,CHI vs. BOS,W,48.0,42,87,0.483,10,21,0.476,26,29,0.897,14,46,60,29,14.0,4,6,7,18,24,120,18.0,1,1,1,1,8,49,42,55,44,86,10,7,10,9,7,2,1,16,43,87,19,72,32,11,26,12,1.0
2022-23,1610612743,DEN,Denver Nuggets,0022200051,2022-10-24T00:00:00,DEN @ POR,L,48.0,45,91,0.495,12,31,0.387,8,14,0.571,10,28,38,28,8.0,4,1,6,28,15,110,-25.0,1,75,75,75,5,30,18,58,46,57,45,108,105,101,53,92,84,50,4,97,103,82,110,98,71,109,1.0
2022-23,1610612745,HOU,Houston Rockets,0022200048,2022-10-24T00:00:00,HOU vs. UTA,W,48.0,38,90,0.422,11,35,0.314,27,32,0.844,17,30,47,17,16.0,7,7,10,20,27,114,6.0,1,1,1,1,3,56,32,70,33,28,47,9,12,16,11,62,42,79,43,46,10,84,37,5,28,14,1.0
2022-23,1610612754,IND,Indiana Pacers,0022200044,2022-10-24T00:00:00,IND @ PHI,L,48.0,38,90,0.422,12,44,0.273,18,23,0.783,14,33,47,27,13.0,3,4,7,23,20,106,-14.0,1,40,40,40,4,68,38,74,46,11,79,47,46,47,13,35,17,39,23,86,64,63,59,46,69,72,1.0
2022-23,1610612763,MEM,Memphis Grizzlies,0022200049,2022-10-24T00:00:00,MEM vs. BKN,W,48.0,47,94,0.5,16,34,0.471,24,31,0.774,12,26,38,21,9.0,7,3,7,22,30,134,10.0,1,1,1,1,6,24,30,27,13,46,9,13,16,37,46,90,90,82,10,61,76,69,69,1,6,33,1.0
2022-23,1610612748,MIA,Miami Heat,0022200045,2022-10-24T00:00:00,MIA vs. TOR,L,48.0,29,83,0.349,8,34,0.235,24,27,0.889,8,38,46,19,12.0,5,3,6,15,22,90,-8.0,1,66,66,66,7,114,67,117,98,59,112,19,29,29,79,7,18,95,44,98,52,92,17,37,109,89,1.0
2022-23,1610612750,MIN,Minnesota Timberwolves,0022200050,2022-10-24T00:00:00,MIN vs. SAS,L,48.0,38,86,0.442,8,31,0.258,22,24,0.917,10,40,50,24,16.0,7,5,0,18,21,106,-9.0,1,51,51,51,8,77,48,74,83,60,92,18,42,5,30,9,11,57,51,54,44,1,13,34,76,74,1.0
2022-23,1610612752,NYK,New York Knicks,0022200046,2022-10-24T00:00:00,NYK vs. ORL,W,48.0,43,93,0.462,11,37,0.297,18,25,0.72,18,32,50,24,14.0,7,3,4,24,23,115,13.0,1,1,1,1,11,36,27,54,54,34,68,53,50,63,10,61,25,37,56,38,61,33,79,24,45,22,1.0
2022-23,1610612753,ORL,Orlando Magic,0022200046,2022-10-24T00:00:00,ORL @ NYK,L,48.0,36,86,0.419,7,35,0.2,23,27,0.852,13,28,41,14,13.0,6,4,3,23,24,102,-13.0,1,41,41,41,5,68,40,75,81,22,88,24,28,20,15,76,58,89,25,63,48,13,65,13,68,73,1.0
2022-23,1610612755,PHI,Philadelphia 76ers,0022200044,2022-10-24T00:00:00,PHI vs. IND,W,48.0,38,80,0.475,19,43,0.442,25,28,0.893,7,32,39,25,8.0,8,7,4,20,23,120,14.0,1,1,1,1,8,70,67,56,2,3,24,18,26,22,72,50,61,41,4,46,15,33,44,17,24,20,1.0
2022-23,1610612757,POR,Portland Trail Blazers,0022200051,2022-10-24T00:00:00,POR vs. DEN,W,48.0,48,83,0.578,16,35,0.457,23,31,0.742,9,36,45,23,10.0,3,6,1,15,28,135,25.0,1,1,1,1,3,6,52,4,16,43,11,27,16,64,47,16,20,47,11,83,22,2,5,8,5,3,1.0
2022-23,1610612759,SAS,San Antonio Spurs,0022200050,2022-10-24T00:00:00,SAS @ MIN,W,48.0,48,105,0.457,12,37,0.324,7,13,0.538,14,36,50,37,13.0,11,0,5,21,18,115,9.0,1,1,1,1,7,13,8,48,31,20,56,90,87,90,21,22,12,2,19,3,88,37,54,47,33,7,1.0
2022-23,1610612761,TOR,Toronto Raptors,0022200045,2022-10-24T00:00:00,TOR @ MIA,W,48.0,34,86,0.395,14,32,0.438,16,20,0.8,10,42,52,22,12.0,6,6,3,22,15,98,8.0,1,1,1,1,8,84,66,84,9,43,6,59,59,33,66,3,7,50,41,75,31,20,60,79,81,31,1.0
2022-23,1610612762,UTA,Utah Jazz,0022200048,2022-10-24T00:00:00,UTA @ HOU,L,48.0,44,93,0.473,11,32,0.344,9,16,0.563,18,31,49,23,20.0,8,10,7,27,20,108,-6.0,1,42,42,42,6,29,21,43,58,69,43,88,81,89,8,63,24,62,78,21,5,72,87,47,68,58,1.0
2022-23,1610612742,DAL,Dallas Mavericks,0022200053,2022-10-25T00:00:00,DAL @ NOP,L,48.0,41,82,0.5,12,39,0.308,17,24,0.708,11,26,37,18,12.0,8,5,3,16,21,111,-2.0,1,41,41,41,10,34,50,28,66,51,72,54,51,60,12,71,50,73,35,18,20,24,9,48,47,47,1.0
2022-23,1610612765,DET,Detroit Pistons,0022200052,2022-10-25T00:00:00,DET @ WAS,L,48.0,36,88,0.409,8,28,0.286,19,25,0.76,11,30,41,12,13.0,6,1,7,26,21,99,-21.0,1,21,21,21,5,64,39,73,69,72,66,41,45,57,36,49,48,91,21,54,80,64,71,38,73,76,1.0
2022-23,1610612744,GSW,Golden State Warriors,0022200055,2022-10-25T00:00:00,GSW @ PHX,L,48.0,41,91,0.451,10,35,0.286,13,17,0.765,10,30,40,28,16.0,7,7,4,28,19,105,-29.0,1,55,55,55,6,60,39,68,94,83,96,75,73,61,51,79,78,55,47,51,4,49,102,50,86,104,1.0
2022-23,1610612740,NOP,New Orleans Pelicans,0022200053,2022-10-25T00:00:00,NOP vs. DAL,W,48.0,44,76,0.579,12,27,0.444,13,18,0.722,4,22,26,25,14.0,7,3,5,21,16,113,2.0,1,1,1,1,8,27,87,3,28,62,14,82,77,71,88,92,93,46,35,60,63,47,45,82,45,48,1.0
2022-23,1610612760,OKC,Oklahoma City Thunder,0022200054,2022-10-25T00:00:00,OKC vs. LAC,W,48.0,42,110,0.382,4,30,0.133,20,25,0.8,21,39,60,19,6.0,12,8,14,13,18,108,14.0,1,1,1,1,7,44,3,90,96,72,97,32,30,53,2,10,1,80,1,5,7,97,2,68,69,17,1.0
2022-23,1610612756,PHX,Phoenix Suns,0022200055,2022-10-25T00:00:00,PHX vs. GSW,W,48.0,47,92,0.511,12,29,0.414,28,34,0.824,14,34,48,31,14.0,8,4,7,19,28,134,29.0,1,1,1,1,5,18,36,20,43,66,28,4,7,40,24,33,27,13,48,29,61,91,27,7,2,4,1.0
2022-23,1610612764,WAS,Washington Wizards,0022200052,2022-10-25T00:00:00,WAS vs. DET,W,48.0,44,85,0.518,10,33,0.303,22,26,0.846,9,38,47,26,12.0,7,7,1,21,26,120,21.0,1,1,1,1,4,23,44,21,49,33,62,20,21,29,40,13,26,35,27,37,21,2,59,5,18,5,1.0
2022-23,1610612737,ATL,Atlanta Hawks,0022200057,2022-10-26T00:00:00,ATL @ DET,W,48.0,45,91,0.495,8,22,0.364,20,25,0.8,10,36,46,22,12.0,6,12,6,20,25,118,5.0,1,1,1,1,7,32,51,35,74,90,45,29,25,54,55,26,33,72,36,50,1,58,57,8,45,34,1.0
2022-23,1610612751,BKN,Brooklyn Nets,0022200060,2022-10-26T00:00:00,BKN @ MIL,L,48.0,34,86,0.395,7,27,0.259,24,30,0.8,7,30,37,23,14.0,7,6,12,24,22,99,-11.0,1,51,51,51,3,83,33,87,89,80,87,11,13,43,47,65,66,57,46,42,37,94,67,18,78,76,1.0
2022-23,1610612766,CHA,Charlotte Hornets,0022200058,2022-10-26T00:00:00,CHA @ NYK,L,53.0,49,99,0.495,13,31,0.419,20,30,0.667,9,33,42,31,15.0,9,5,11,24,24,131,-3.0,1,30,30,30,2,5,11,22,17,53,10,25,10,73,65,46,59,8,47,28,39,89,73,12,6,31,1.0
2022-23,1610612741,CHI,Chicago Bulls,0022200061,2022-10-26T00:00:00,CHI vs. IND,W,48.0,43,87,0.494,16,30,0.533,22,24,0.917,9,35,44,34,18.0,10,5,12,25,18,124,15.0,1,1,1,1,8,39,42,44,6,36,5,14,31,6,33,35,34,1,76,14,34,92,84,48,18,19,1.0
2022-23,1610612739,CLE,Cleveland Cavaliers,0022200056,2022-10-26T00:00:00,CLE vs. ORL,W,48.0,36,87,0.414,10,33,0.303,21,30,0.7,12,31,43,25,13.0,6,3,6,22,29,103,11.0,1,1,1,1,8,76,32,86,53,30,68,18,13,75,22,43,29,38,39,61,68,65,72,5,70,27,1.0
2022-23,1610612743,DEN,Denver Nuggets,0022200064,2022-10-26T00:00:00,DEN vs. LAL,W,48.0,42,92,0.457,9,34,0.265,17,21,0.81,9,45,54,34,11.0,12,5,4,17,16,110,11.0,1,1,1,1,5,58,15,86,82,29,98,45,56,39,67,3,8,8,18,7,30,44,31,87,71,33,1.0
2022-23,1610612765,DET,Detroit Pistons,0022200057,2022-10-26T00:00:00,DET vs. ATL,L,48.0,42,91,0.462,14,32,0.438,15,22,0.682,10,30,40,23,14.0,4,6,12,25,20,113,-5.0,1,21,21,21,5,26,23,39,19,47,14,64,58,81,45,49,53,39,31,76,13,89,66,49,31,32,1.0
2022-23,1610612745,HOU,Houston Rockets,0022200063,2022-10-26T00:00:00,HOU @ UTA,L,48.0,36,94,0.383,11,40,0.275,18,24,0.75,14,35,49,19,19.0,7,2,5,30,28,101,-8.0,1,28,28,28,3,71,14,87,33,12,70,42,46,40,35,27,23,68,67,46,74,24,90,2,68,42,1.0
2022-23,1610612754,IND,Indiana Pacers,0022200061,2022-10-26T00:00:00,IND @ CHI,L,48.0,37,86,0.43,16,40,0.4,19,24,0.792,6,32,38,31,20.0,5,12,5,18,25,109,-15.0,1,40,40,40,4,73,54,70,19,28,26,41,38,40,73,45,63,14,84,69,3,38,11,8,61,76,1.0
2022-23,1610612747,LAL,Los Angeles Lakers,0022200064,2022-10-26T00:00:00,LAL @ DEN,L,48.0,40,90,0.444,8,30,0.267,11,16,0.688,7,40,47,25,14.0,8,4,5,16,17,99,-11.0,1,59,59,59,10,63,43,80,82,60,91,105,103,97,85,24,42,48,48,21,62,54,21,96,101,88,1.0
2022-23,1610612748,MIA,Miami Heat,0022200065,2022-10-26T00:00:00,MIA @ POR,W,48.0,44,87,0.506,15,38,0.395,16,19,0.842,15,31,46,34,18.0,13,2,4,22,17,119,21.0,1,1,1,1,7,22,45,23,21,31,27,76,82,50,9,58,18,3,107,8,81,51,85,95,20,7,1.0
2022-23,1610612749,MIL,Milwaukee Bucks,0022200060,2022-10-26T00:00:00,MIL vs. BKN,W,48.0,39,88,0.443,10,36,0.278,22,29,0.759,14,40,54,21,19.0,8,12,6,22,24,110,11.0,1,1,1,1,7,58,50,64,85,67,84,15,15,52,18,25,17,79,79,19,1,80,76,12,59,28,1.0
2022-23,1610612750,MIN,Minnesota Timberwolves,0022200062,2022-10-26T00:00:00,MIN vs. SAS,W,48.0,52,80,0.65,20,34,0.588,10,16,0.625,0,30,30,37,17.0,9,6,2,19,18,134,12.0,1,1,1,1,8,5,77,2,4,41,1,90,83,89,99,63,96,5,63,35,29,12,23,71,7,12,1.0
2022-23,1610612752,NYK,New York Knicks,0022200058,2022-10-26T00:00:00,NYK vs. CHA,W,53.0,52,97,0.536,11,30,0.367,19,22,0.864,12,34,46,26,16.0,5,11,5,24,24,134,3.0,1,1,1,1,2,3,12,9,54,80,40,47,68,15,50,36,52,21,76,66,1,55,79,16,7,50,1.0
2022-23,1610612753,ORL,Orlando Magic,0022200056,2022-10-26T00:00:00,ORL @ CLE,L,48.0,35,81,0.432,6,24,0.25,16,21,0.762,10,33,43,19,17.0,6,6,3,29,22,92,-11.0,1,41,41,41,5,76,65,66,86,82,78,63,63,57,45,48,45,77,56,63,19,13,92,29,87,68,1.0
2022-23,1610612755,PHI,Philadelphia 76ers,0022200059,2022-10-26T00:00:00,PHI @ TOR,L,48.0,40,79,0.506,16,36,0.444,13,19,0.684,4,30,34,29,13.0,6,2,5,12,21,109,-10.0,1,70,70,70,8,42,75,29,16,24,22,91,76,101,96,64,93,15,46,75,91,50,2,34,63,90,1.0
2022-23,1610612757,POR,Portland Trail Blazers,0022200065,2022-10-26T00:00:00,POR vs. MIA,L,48.0,34,78,0.436,12,37,0.324,18,26,0.692,11,27,38,20,19.0,9,4,2,17,22,98,-21.0,1,39,39,39,3,78,73,69,47,31,61,50,38,80,22,68,57,63,75,17,45,7,19,29,75,83,1.0
2022-23,1610612759,SAS,San Antonio Spurs,0022200062,2022-10-26T00:00:00,SAS @ MIN,L,48.0,43,95,0.453,16,36,0.444,20,22,0.909,14,27,41,34,16.0,6,2,6,18,19,122,-12.0,1,25,25,25,7,40,32,53,6,26,10,20,37,4,21,74,57,5,48,57,71,50,26,37,21,54,1.0
2022-23,1610612761,TOR,Toronto Raptors,0022200059,2022-10-26T00:00:00,TOR vs. PHI,W,48.0,46,84,0.548,16,37,0.432,11,14,0.786,6,33,39,32,9.0,9,5,2,21,12,119,10.0,1,1,1,1,8,18,75,3,3,15,11,83,82,43,90,23,71,2,19,48,39,6,53,85,24,23,1.0
2022-23,1610612762,UTA,Utah Jazz,0022200063,2022-10-26T00:00:00,UTA vs. HOU,W,48.0,38,90,0.422,13,45,0.289,20,30,0.667,11,42,53,28,16.0,11,5,2,28,30,109,8.0,1,1,1,1,6,70,38,75,39,12,73,33,14,76,46,2,12,29,42,3,43,4,88,4,67,16,1.0
2022-23,1610612751,BKN,Brooklyn Nets,0022200066,2022-10-27T00:00:00,BKN vs. DAL,L,53.0,43,93,0.462,12,35,0.343,27,30,0.9,13,32,45,20,15.0,10,6,4,28,23,125,-4.0,1,51,51,51,1,27,6,56,45,31,60,3,13,14,9,46,18,80,52,14,37,46,90,12,9,55,1.0
2022-23,1610612742,DAL,Dallas Mavericks,0022200066,2022-10-27T00:00:00,DAL @ BKN,W,53.0,41,81,0.506,20,40,0.5,27,35,0.771,7,30,37,25,18.0,8,4,6,23,28,129,4.0,1,1,1,1,2,34,56,25,6,45,4,9,8,44,44,45,50,25,82,18,31,75,58,8,8,27,1.0
2022-23,1610612744,GSW,Golden State Warriors,0022200068,2022-10-27T00:00:00,GSW vs. MIA,W,48.0,46,92,0.5,18,46,0.391,13,15,0.867,16,34,50,30,21.0,4,2,5,13,15,123,13.0,1,1,1,1,6,23,32,33,27,33,46,75,87,25,10,44,20,47,95,94,85,67,1,86,27,22,1.0
2022-23,1610612763,MEM,Memphis Grizzlies,0022200069,2022-10-27T00:00:00,MEM @ SAC,W,48.0,49,92,0.533,14,33,0.424,13,18,0.722,11,32,43,27,14.0,5,3,2,18,20,125,15.0,1,1,1,1,6,15,41,13,21,51,21,77,74,70,54,67,70,32,48,82,76,5,28,42,23,18,1.0
2022-23,1610612748,MIA,Miami Heat,0022200068,2022-10-27T00:00:00,MIA @ GSW,L,48.0,39,88,0.443,14,43,0.326,18,22,0.818,8,23,31,25,12.0,16,5,2,15,13,110,-13.0,1,66,66,66,7,49,40,67,27,11,66,59,60,60,79,112,115,39,44,3,10,15,17,112,52,104,1.0
2022-23,1610612760,OKC,Oklahoma City Thunder,0022200067,2022-10-27T00:00:00,OKC vs. LAC,W,48.0,47,95,0.495,17,38,0.447,7,8,0.875,13,23,36,27,12.0,10,4,5,21,17,118,8.0,1,1,1,1,7,15,22,27,8,23,15,96,98,17,21,97,91,23,37,20,46,41,48,78,38,30,1.0
2022-23,1610612758,SAC,Sacramento Kings,0022200069,2022-10-27T00:00:00,SAC vs. MEM,L,48.0,40,83,0.482,12,38,0.316,18,22,0.818,9,31,40,28,13.0,5,2,3,20,18,110,-15.0,1,62,62,62,6,63,76,51,55,46,70,53,63,42,59,62,63,35,43,71,71,20,41,75,69,93,1.0
2022-23,1610612737,ATL,Atlanta Hawks,0022200070,2022-10-28T00:00:00,ATL @ DET,W,48.0,55,97,0.567,12,29,0.414,14,18,0.778,10,35,45,31,7.0,5,8,4,26,22,136,24.0,1,1,1,1,7,2,22,7,29,54,25,77,73,69,55,33,39,5,3,65,6,31,94,20,6,3,1.0
2022-23,1610612738,BOS,Boston Celtics,0022200072,2022-10-28T00:00:00,BOS vs. CLE,L,53.0,42,82,0.512,13,33,0.394,26,32,0.813,5,29,34,28,19.0,9,2,2,27,28,123,-9.0,1,74,74,74,2,47,88,27,71,99,47,7,8,59,97,94,107,33,103,14,100,11,107,2,34,96,1.0
2022-23,1610612766,CHA,Charlotte Hornets,0022200071,2022-10-28T00:00:00,CHA @ ORL,L,48.0,33,86,0.384,11,38,0.289,16,24,0.667,10,37,47,21,15.0,3,4,5,18,22,93,-20.0,1,30,30,30,6,81,59,80,35,15,60,56,42,73,56,18,31,70,47,82,54,38,26,24,81,81,1.0
2022-23,1610612741,CHI,Chicago Bulls,0022200077,2022-10-28T00:00:00,CHI @ SAS,L,48.0,47,99,0.475,9,27,0.333,21,26,0.808,15,27,42,20,13.0,13,3,3,19,17,124,-5.0,1,49,49,49,8,16,3,59,51,52,51,21,18,52,2,79,43,72,39,3,59,14,43,60,18,61,1.0
2022-23,1610612739,CLE,Cleveland Cavaliers,0022200072,2022-10-28T00:00:00,CLE @ BOS,W,53.0,45,87,0.517,16,35,0.457,26,34,0.765,9,33,42,18,16.0,5,2,2,28,27,132,9.0,1,1,1,1,2,14,32,25,8,22,16,6,5,61,52,30,37,83,71,72,82,8,95,6,2,35,1.0
2022-23,1610612743,DEN,Denver Nuggets,0022200078,2022-10-28T00:00:00,DEN vs. UTA,W,48.0,39,85,0.459,17,37,0.459,22,34,0.647,17,41,58,18,12.0,2,4,8,18,30,117,16.0,1,1,1,1,5,84,56,84,3,14,18,13,6,93,3,6,1,110,30,112,55,107,42,3,51,16,1.0
2022-23,1610612765,DET,Detroit Pistons,0022200070,2022-10-28T00:00:00,DET vs. ATL,L,48.0,37,86,0.43,7,32,0.219,31,38,0.816,14,28,42,18,11.0,2,4,8,22,26,112,-24.0,1,21,21,21,5,53,47,59,77,47,87,4,8,26,18,69,39,76,9,88,32,73,38,10,34,81,1.0
2022-23,1610612745,HOU,Houston Rockets,0022200080,2022-10-28T00:00:00,HOU @ POR,L,48.0,40,94,0.426,14,38,0.368,17,21,0.81,13,26,39,23,17.0,10,6,6,18,19,111,-14.0,1,28,28,28,3,42,14,67,16,15,22,51,65,24,45,81,78,37,52,16,19,40,19,56,42,62,1.0
2022-23,1610612754,IND,Indiana Pacers,0022200074,2022-10-28T00:00:00,IND @ WAS,W,48.0,41,81,0.506,15,29,0.517,30,33,0.909,5,36,41,30,14.0,4,7,3,19,23,127,10.0,1,1,1,1,4,43,79,22,25,78,4,2,7,10,79,16,50,17,33,81,24,11,25,21,17,11,1.0
2022-23,1610612747,LAL,Los Angeles Lakers,0022200076,2022-10-28T00:00:00,LAL @ MIN,L,48.0,37,89,0.416,9,29,0.31,19,27,0.704,12,43,55,20,22.0,8,5,8,21,21,102,-9.0,1,59,59,59,10,91,51,98,74,69,74,65,50,92,22,10,10,92,107,21,42,100,85,58,92,82,1.0
2022-23,1610612749,MIL,Milwaukee Bucks,0022200075,2022-10-28T00:00:00,MIL vs. NYK,W,48.0,42,109,0.385,13,45,0.289,22,27,0.815,19,41,60,23,7.0,8,8,5,23,19,119,11.0,1,1,1,1,7,44,2,91,54,23,79,15,24,23,5,19,6,63,2,19,8,65,82,47,34,28,1.0
2022-23,1610612750,MIN,Minnesota Timberwolves,0022200076,2022-10-28T00:00:00,MIN vs. LAL,W,48.0,41,99,0.414,13,40,0.325,16,24,0.667,14,35,49,27,10.0,13,8,5,21,21,111,9.0,1,1,1,1,8,51,6,92,28,16,66,59,42,83,8,31,14,35,6,5,10,53,39,34,57,19,1.0
2022-23,1610612740,NOP,New Orleans Pelicans,0022200079,2022-10-28T00:00:00,NOP @ PHX,L,48.0,38,86,0.442,15,37,0.405,20,22,0.909,9,24,33,25,14.0,10,1,7,21,18,111,-13.0,1,50,50,50,8,71,46,71,8,14,31,39,57,6,57,89,88,46,35,19,84,71,45,63,53,79,1.0
2022-23,1610612752,NYK,New York Knicks,0022200075,2022-10-28T00:00:00,NYK @ MIL,L,48.0,37,93,0.398,12,35,0.343,22,32,0.688,13,41,54,19,13.0,6,5,8,19,23,108,-11.0,1,60,60,60,11,71,27,92,44,45,48,33,10,75,40,7,8,72,46,50,25,92,40,24,61,89,1.0
2022-23,1610612753,ORL,Orlando Magic,0022200071,2022-10-28T00:00:00,ORL vs. CHA,W,48.0,42,85,0.494,10,37,0.27,19,26,0.731,5,43,48,28,12.0,8,5,4,22,18,113,20.0,1,1,1,1,5,26,46,27,50,13,72,43,32,70,87,2,17,11,21,35,33,29,56,64,35,2,1.0
2022-23,1610612755,PHI,Philadelphia 76ers,0022200073,2022-10-28T00:00:00,PHI @ TOR,W,48.0,43,82,0.524,16,38,0.421,10,11,0.909,7,34,41,25,15.0,11,6,5,20,15,112,22.0,1,1,1,1,8,25,57,18,16,12,38,103,105,20,72,30,50,41,60,16,28,50,44,87,54,9,1.0
2022-23,1610612756,PHX,Phoenix Suns,0022200079,2022-10-28T00:00:00,PHX vs. NOP,W,48.0,48,92,0.522,10,33,0.303,18,20,0.9,14,33,47,33,12.0,7,7,1,18,21,124,13.0,1,1,1,1,5,12,36,13,60,41,76,46,62,15,24,43,33,7,33,43,21,4,21,43,22,23,1.0
2022-23,1610612757,POR,Portland Trail Blazers,0022200080,2022-10-28T00:00:00,POR vs. HOU,W,48.0,48,90,0.533,13,35,0.371,16,20,0.8,11,34,45,30,16.0,9,6,6,19,18,125,14.0,1,1,1,1,3,6,17,13,35,43,39,61,69,40,22,26,20,7,49,17,22,69,31,66,17,12,1.0
2022-23,1610612759,SAS,San Antonio Spurs,0022200077,2022-10-28T00:00:00,SAS vs. CHI,W,48.0,46,86,0.535,16,38,0.421,21,26,0.808,8,34,42,37,21.0,7,3,3,17,19,129,5.0,1,1,1,1,7,23,66,15,6,13,13,16,21,21,75,31,52,2,88,41,53,14,15,37,8,18,1.0
2022-23,1610612761,TOR,Toronto Raptors,0022200073,2022-10-28T00:00:00,TOR vs. PHI,L,48.0,33,86,0.384,9,39,0.231,15,24,0.625,15,30,45,20,17.0,9,5,6,15,20,90,-22.0,1,49,49,49,8,86,66,88,55,11,83,64,45,88,24,41,33,67,83,48,39,71,6,39,89,92,1.0
2022-23,1610612762,UTA,Utah Jazz,0022200078,2022-10-28T00:00:00,UTA @ DEN,L,48.0,38,91,0.418,10,39,0.256,15,19,0.789,8,30,38,24,10.0,7,8,4,30,18,101,-16.0,1,42,42,42,6,70,29,80,68,37,82,64,70,42,75,71,83,49,6,34,11,28,93,66,78,85,1.0
2022-23,1610612764,WAS,Washington Wizards,0022200074,2022-10-28T00:00:00,WAS vs. IND,L,48.0,41,86,0.477,12,30,0.4,23,28,0.821,9,29,38,25,13.0,5,3,7,23,19,117,-10.0,1,40,40,40,4,46,37,48,31,50,27,14,17,36,40,76,69,42,32,63,66,71,72,43,30,69,1.0
2022-23,1610612737,ATL,Atlanta Hawks,0022200085,2022-10-29T00:00:00,ATL @ MIL,L,48.0,45,94,0.479,13,29,0.448,12,15,0.8,12,30,42,19,13.0,5,2,5,23,18,115,-8.0,1,49,49,49,7,32,37,43,18,54,14,88,91,54,35,70,57,87,54,65,87,43,80,61,56,70,1.0
2022-23,1610612751,BKN,Brooklyn Nets,0022200083,2022-10-29T00:00:00,BKN vs. IND,L,48.0,41,82,0.5,14,39,0.359,20,26,0.769,6,28,34,29,9.0,6,9,1,20,25,116,-9.0,1,51,51,51,3,42,53,35,24,18,51,32,27,61,57,78,80,20,6,53,9,3,38,4,33,70,1.0
2022-23,1610612766,CHA,Charlotte Hornets,0022200082,2022-10-29T00:00:00,CHA vs. GSW,W,53.0,43,102,0.422,10,31,0.323,24,31,0.774,15,40,55,32,10.0,2,2,6,14,31,120,7.0,1,1,1,1,2,23,5,60,46,53,45,7,6,36,12,10,5,5,8,90,80,49,3,1,16,13,1.0
2022-23,1610612741,CHI,Chicago Bulls,0022200084,2022-10-29T00:00:00,CHI vs. PHI,L,48.0,36,80,0.45,11,31,0.355,26,29,0.897,9,31,40,22,18.0,7,3,6,20,22,109,-5.0,1,49,49,49,8,80,76,74,36,26,47,7,10,9,33,59,55,59,76,49,59,61,55,20,60,61,1.0
2022-23,1610612742,DAL,Dallas Mavericks,0022200086,2022-10-29T00:00:00,DAL vs. OKC,L,53.0,38,95,0.4,8,40,0.2,27,34,0.794,12,37,49,17,16.0,8,5,6,30,29,111,-6.0,1,41,41,41,2,54,5,83,87,45,90,9,9,32,7,10,6,76,73,18,20,75,86,4,47,61,1.0
2022-23,1610612744,GSW,Golden State Warriors,0022200082,2022-10-29T00:00:00,GSW @ CHA,L,53.0,44,100,0.44,13,44,0.295,12,16,0.75,10,39,49,31,10.0,8,6,2,31,14,113,-7.0,1,55,55,55,2,39,9,72,71,41,91,82,80,66,51,19,23,32,3,35,9,12,106,94,67,72,1.0
2022-23,1610612754,IND,Indiana Pacers,0022200083,2022-10-29T00:00:00,IND @ BKN,W,48.0,40,94,0.426,23,46,0.5,22,26,0.846,17,36,53,31,12.0,7,1,9,25,20,125,9.0,1,1,1,1,4,53,22,71,1,6,5,21,31,19,6,16,4,14,18,47,91,84,74,46,19,13,1.0
2022-23,1610612763,MEM,Memphis Grizzlies,0022200087,2022-10-29T00:00:00,MEM @ UTA,L,48.0,50,88,0.568,12,27,0.444,11,15,0.733,10,30,40,24,20.0,11,5,6,26,17,123,-1.0,1,61,61,61,6,8,67,6,35,88,14,86,85,60,67,79,81,60,92,20,52,58,94,70,26,61,1.0
2022-23,1610612748,MIA,Miami Heat,0022200081,2022-10-29T00:00:00,MIA @ SAC,L,48.0,38,89,0.427,11,28,0.393,26,31,0.839,9,25,34,18,9.0,7,3,6,25,29,113,-6.0,1,66,66,66,7,62,34,86,65,101,29,13,13,52,63,98,102,102,14,59,52,92,109,2,35,84,1.0
2022-23,1610612749,MIL,Milwaukee Bucks,0022200085,2022-10-29T00:00:00,MIL vs. ATL,W,48.0,45,92,0.489,14,36,0.389,19,29,0.655,14,35,49,24,12.0,8,5,2,18,23,123,8.0,1,1,1,1,7,28,30,32,44,67,38,27,15,81,18,54,41,52,17,19,36,11,44,18,28,43,1.0
2022-23,1610612760,OKC,Oklahoma City Thunder,0022200086,2022-10-29T00:00:00,OKC @ DAL,W,53.0,44,89,0.494,5,25,0.2,24,31,0.774,9,38,47,25,15.0,9,6,5,29,30,117,6.0,1,1,1,1,2,32,58,29,94,88,93,20,17,64,68,15,27,34,64,29,14,41,98,3,42,36,1.0
2022-23,1610612755,PHI,Philadelphia 76ers,0022200084,2022-10-29T00:00:00,PHI @ CHI,W,48.0,39,79,0.494,14,29,0.483,22,27,0.815,8,33,41,28,19.0,8,6,3,22,20,114,5.0,1,1,1,1,8,55,75,42,31,75,8,40,33,63,57,39,50,19,87,46,28,17,61,43,48,46,1.0
2022-23,1610612758,SAC,Sacramento Kings,0022200081,2022-10-29T00:00:00,SAC vs. MIA,W,48.0,42,76,0.553,14,31,0.452,21,29,0.724,6,37,43,27,21.0,1,6,3,29,25,119,6.0,1,1,1,1,6,52,90,12,36,82,13,36,24,76,83,19,44,42,99,100,9,20,97,11,48,42,1.0
2022-23,1610612762,UTA,Utah Jazz,0022200087,2022-10-29T00:00:00,UTA vs. MEM,W,48.0,45,87,0.517,19,44,0.432,15,20,0.75,10,24,34,30,20.0,8,6,5,17,26,124,1.0,1,1,1,1,6,23,54,15,4,14,14,64,66,58,59,90,92,14,78,21,28,43,13,10,19,34,1.0
2022-23,1610612738,BOS,Boston Celtics,0022200089,2022-10-30T00:00:00,BOS vs. WAS,W,48.0,36,79,0.456,21,47,0.447,19,20,0.95,4,43,47,29,14.0,4,5,6,15,20,112,18.0,1,1,1,1,15,97,97,70,10,23,22,44,62,9,109,9,37,23,55,81,49,83,19,38,69,18,1.0
2022-23,1610612739,CLE,Cleveland Cavaliers,0022200090,2022-10-30T00:00:00,CLE vs. NYK,W,48.0,41,89,0.461,23,50,0.46,16,19,0.842,10,33,43,33,14.0,3,5,2,22,25,121,13.0,1,1,1,1,8,44,21,64,1,1,14,51,62,24,39,30,29,2,53,91,34,8,72,14,11,24,1.0
2022-23,1610612742,DAL,Dallas Mavericks,0022200093,2022-10-30T00:00:00,DAL vs. ORL,W,48.0,41,83,0.494,11,35,0.314,21,28,0.75,5,32,37,15,4.0,10,1,5,22,23,114,9.0,1,1,1,1,10,34,47,35,74,70,71,29,24,48,69,32,50,84,1,7,78,60,52,28,42,13,1.0
2022-23,1610612743,DEN,Denver Nuggets,0022200095,2022-10-30T00:00:00,DEN @ LAL,L,48.0,41,96,0.427,15,40,0.375,13,18,0.722,13,35,48,24,9.0,3,8,5,15,17,110,-11.0,1,75,75,75,5,69,7,101,15,4,49,85,82,75,21,38,23,81,6,105,6,64,12,82,71,95,1.0
2022-23,1610612765,DET,Detroit Pistons,0022200091,2022-10-30T00:00:00,DET vs. GSW,W,48.0,40,83,0.482,14,33,0.424,34,38,0.895,12,35,47,24,16.0,4,3,4,25,24,128,14.0,1,1,1,1,5,35,60,27,19,39,21,2,8,7,28,20,22,33,48,76,47,20,66,18,9,6,1.0
2022-23,1610612744,GSW,Golden State Warriors,0022200091,2022-10-30T00:00:00,GSW @ DET,L,48.0,39,92,0.424,12,39,0.308,24,25,0.96,13,29,42,23,15.0,8,4,3,24,25,114,-14.0,1,55,55,55,6,76,32,82,81,69,86,7,25,3,26,83,63,90,36,35,47,29,78,7,64,92,1.0
2022-23,1610612745,HOU,Houston Rockets,0022200094,2022-10-30T00:00:00,HOU @ PHX,L,48.0,38,87,0.437,11,34,0.324,22,26,0.846,17,32,49,18,15.0,7,1,8,25,22,109,-15.0,1,28,28,28,3,56,52,59,33,37,44,23,38,15,11,49,23,73,34,46,85,68,76,27,49,65,1.0
2022-23,1610612747,LAL,Los Angeles Lakers,0022200095,2022-10-30T00:00:00,LAL vs. DEN,W,48.0,46,96,0.479,13,30,0.433,16,20,0.8,13,38,51,24,9.0,5,5,8,17,15,121,11.0,1,1,1,1,10,21,8,55,18,60,16,81,85,42,14,36,27,59,11,70,42,100,33,108,35,19,1.0
2022-23,1610612750,MIN,Minnesota Timberwolves,0022200092,2022-10-30T00:00:00,MIN @ SAS,L,48.0,40,99,0.404,4,29,0.138,14,20,0.7,16,29,45,21,11.0,11,7,7,23,21,98,-9.0,1,51,51,51,8,62,6,94,97,68,98,72,71,78,2,70,27,81,9,17,20,85,62,34,91,74,1.0
2022-23,1610612740,NOP,New Orleans Pelicans,0022200088,2022-10-30T00:00:00,NOP @ LAC,W,48.0,46,93,0.495,15,36,0.417,5,8,0.625,12,38,50,32,13.0,9,1,6,15,15,112,21.0,1,1,1,1,8,15,16,33,8,17,25,93,93,91,30,19,15,7,27,30,84,63,6,87,51,8,1.0
2022-23,1610612752,NYK,New York Knicks,0022200090,2022-10-30T00:00:00,NYK @ CLE,L,48.0,45,92,0.489,10,27,0.37,8,16,0.5,12,33,45,26,14.0,9,2,5,25,22,108,-13.0,1,60,60,60,11,19,32,34,66,95,39,101,97,101,50,50,59,21,56,18,81,55,87,36,61,94,1.0
2022-23,1610612753,ORL,Orlando Magic,0022200093,2022-10-30T00:00:00,ORL @ DAL,L,48.0,37,81,0.457,11,29,0.379,20,27,0.741,11,36,47,20,12.0,2,5,1,23,22,105,-9.0,1,41,41,41,5,65,65,55,40,56,33,34,28,67,35,25,23,69,21,88,33,1,65,29,62,65,1.0
2022-23,1610612756,PHX,Phoenix Suns,0022200094,2022-10-30T00:00:00,PHX vs. HOU,W,48.0,45,84,0.536,12,40,0.3,22,30,0.733,10,26,36,29,12.0,9,8,1,22,25,124,15.0,1,1,1,1,5,26,78,9,43,11,80,19,15,75,62,88,87,31,33,23,11,4,47,15,22,18,1.0
2022-23,1610612759,SAS,San Antonio Spurs,0022200092,2022-10-30T00:00:00,SAS vs. MIN,W,48.0,36,86,0.419,16,40,0.4,19,25,0.76,14,38,52,27,20.0,6,7,7,21,23,107,9.0,1,1,1,1,7,75,66,69,6,8,18,22,27,36,21,9,8,36,84,57,7,65,54,17,58,7,1.0
2022-23,1610612764,WAS,Washington Wizards,0022200089,2022-10-30T00:00:00,WAS @ BOS,L,48.0,38,98,0.388,7,32,0.219,11,16,0.688,15,36,51,22,10.0,5,6,5,20,15,94,-18.0,1,40,40,40,4,67,6,86,73,40,83,80,79,77,5,28,12,63,12,63,24,39,50,80,81,83,1.0
2022-23,1610612737,ATL,Atlanta Hawks,0022200099,2022-10-31T00:00:00,ATL @ TOR,L,48.0,39,84,0.464,11,29,0.379,20,25,0.8,7,30,37,28,18.0,1,4,9,27,22,109,-30.0,1,49,49,49,7,77,83,58,44,54,35,29,25,54,76,70,85,15,88,98,51,86,97,20,71,98,1.0
2022-23,1610612751,BKN,Brooklyn Nets,0022200098,2022-10-31T00:00:00,BKN vs. IND,W,48.0,43,80,0.538,11,30,0.367,19,20,0.95,6,33,39,26,20.0,11,9,5,18,24,116,7.0,1,1,1,1,3,27,66,19,60,62,48,38,57,3,57,33,52,31,88,8,9,66,18,7,33,29,1.0
2022-23,1610612766,CHA,Charlotte Hornets,0022200096,2022-10-31T00:00:00,CHA vs. SAC,L,48.0,43,84,0.512,14,29,0.483,8,14,0.571,6,32,38,31,21.0,11,6,4,26,19,108,-7.0,1,30,30,30,6,23,70,16,10,67,4,91,88,89,80,52,74,8,85,10,27,19,84,53,48,46,1.0
2022-23,1610612765,DET,Detroit Pistons,0022200100,2022-10-31T00:00:00,DET @ MIL,L,48.0,41,92,0.446,8,29,0.276,18,21,0.857,13,30,43,19,12.0,9,3,5,24,21,108,-2.0,1,21,21,21,5,30,17,52,69,66,70,48,61,12,21,49,33,72,14,14,47,34,59,38,48,23,1.0
2022-23,1610612745,HOU,Houston Rockets,0022200102,2022-10-31T00:00:00,HOU @ LAC,L,48.0,34,88,0.386,8,28,0.286,17,23,0.739,7,37,44,17,15.0,9,8,10,16,18,93,-2.0,1,28,28,28,3,82,44,86,64,65,66,51,54,48,87,18,57,79,34,26,6,84,12,68,84,28,1.0
2022-23,1610612754,IND,Indiana Pacers,0022200098,2022-10-31T00:00:00,IND @ BKN,L,48.0,41,87,0.471,11,39,0.282,16,23,0.696,10,28,38,23,24.0,11,5,9,24,18,109,-7.0,1,40,40,40,4,43,49,46,58,32,74,58,46,78,43,64,63,67,90,10,41,84,66,65,61,58,1.0
2022-23,1610612763,MEM,Memphis Grizzlies,0022200101,2022-10-31T00:00:00,MEM @ UTA,L,48.0,38,92,0.413,6,26,0.231,23,42,0.548,18,34,52,14,16.0,8,4,6,17,30,105,-16.0,1,61,61,61,6,73,41,84,94,90,88,15,2,100,7,50,15,99,68,47,65,58,16,1,74,90,1.0
2022-23,1610612749,MIL,Milwaukee Bucks,0022200100,2022-10-31T00:00:00,MIL vs. DET,W,48.0,38,87,0.437,11,40,0.275,23,29,0.793,14,36,50,20,16.0,5,5,3,21,24,110,2.0,1,1,1,1,7,68,55,69,78,42,85,11,15,33,18,47,34,82,52,56,36,28,68,12,59,59,1.0
2022-23,1610612755,PHI,Philadelphia 76ers,0022200097,2022-10-31T00:00:00,PHI @ WAS,W,48.0,46,83,0.554,12,30,0.4,14,20,0.7,4,33,37,26,14.0,14,3,4,20,18,118,7.0,1,1,1,1,8,11,47,9,52,67,45,86,72,98,96,39,78,33,54,4,72,33,44,61,33,40,1.0
2022-23,1610612758,SAC,Sacramento Kings,0022200096,2022-10-31T00:00:00,SAC @ CHA,W,48.0,37,85,0.435,17,44,0.386,24,28,0.857,10,32,42,26,19.0,8,4,6,19,26,115,7.0,1,1,1,1,6,78,64,81,18,13,38,21,34,22,44,52,51,48,84,41,30,74,31,3,61,37,1.0
2022-23,1610612761,TOR,Toronto Raptors,0022200099,2022-10-31T00:00:00,TOR vs. ATL,W,48.0,46,92,0.5,14,34,0.412,33,40,0.825,12,32,44,25,7.0,13,9,4,22,27,139,30.0,1,1,1,1,8,18,33,16,9,26,14,2,3,24,47,27,41,29,4,9,5,33,60,6,2,3,1.0
2022-23,1610612762,UTA,Utah Jazz,0022200101,2022-10-31T00:00:00,UTA vs. MEM,W,48.0,42,89,0.472,19,47,0.404,18,22,0.818,11,37,48,26,16.0,10,6,4,30,17,121,16.0,1,1,1,1,6,41,45,44,4,5,24,44,54,33,46,25,29,39,42,7,28,28,93,72,28,9,1.0
2022-23,1610612764,WAS,Washington Wizards,0022200097,2022-10-31T00:00:00,WAS vs. PHI,L,48.0,38,81,0.469,10,25,0.4,25,26,0.962,9,32,41,22,16.0,8,4,3,18,20,111,-7.0,1,40,40,40,4,67,68,51,49,79,27,12,21,4,40,58,55,63,57,28,54,15,29,33,49,54,1.0
2022-23,1610612751,BKN,Brooklyn Nets,0022200103,2022-11-01T00:00:00,BKN vs. CHI,L,48.0,36,74,0.486,12,32,0.375,15,19,0.789,4,34,38,27,18.0,4,7,4,20,13,99,-9.0,1,51,51,51,3,72,90,45,45,54,43,58,63,50,82,23,58,22,79,76,24,46,38,86,78,70,1.0
2022-23,1610612741,CHI,Chicago Bulls,0022200103,2022-11-01T00:00:00,CHI @ BKN,W,48.0,39,89,0.438,12,30,0.4,18,21,0.857,11,33,44,20,10.0,8,4,7,13,20,108,9.0,1,1,1,1,8,67,25,79,25,36,30,38,53,29,18,46,34,72,14,37,41,72,4,34,63,31,1.0
2022-23,1610612744,GSW,Golden State Warriors,0022200104,2022-11-01T00:00:00,GSW @ MIA,L,48.0,39,84,0.464,18,49,0.367,13,17,0.765,10,31,41,31,20.0,8,5,3,22,16,109,-7.0,1,55,55,55,6,76,82,61,27,19,58,75,73,61,51,69,71,32,90,35,30,29,49,81,80,72,1.0
2022-23,1610612748,MIA,Miami Heat,0022200104,2022-11-01T00:00:00,MIA vs. GSW,W,48.0,40,88,0.455,16,42,0.381,20,20,1.0,9,30,39,32,15.0,7,3,5,16,22,116,7.0,1,1,1,1,7,43,40,57,11,14,36,42,74,1,63,64,69,6,78,59,52,78,25,37,30,29,1.0
2022-23,1610612750,MIN,Minnesota Timberwolves,0022200106,2022-11-01T00:00:00,MIN @ PHX,L,48.0,37,87,0.425,13,34,0.382,20,24,0.833,10,32,42,24,18.0,5,4,8,24,20,107,-9.0,1,51,51,51,8,83,42,85,28,41,31,34,42,18,30,54,47,57,71,81,60,93,70,50,71,74,1.0
2022-23,1610612760,OKC,Oklahoma City Thunder,0022200105,2022-11-01T00:00:00,OKC vs. ORL,W,48.0,45,95,0.474,10,34,0.294,16,20,0.8,8,28,36,28,17.0,13,9,10,17,14,116,8.0,1,1,1,1,7,24,22,44,67,49,77,66,68,53,79,76,91,19,75,3,3,91,12,93,47,30,1.0
2022-23,1610612753,ORL,Orlando Magic,0022200105,2022-11-01T00:00:00,ORL @ OKC,L,48.0,39,87,0.448,10,29,0.345,20,20,1.0,12,37,49,20,25.0,7,10,9,14,17,108,-8.0,1,41,41,41,5,52,33,62,50,56,47,34,68,1,25,19,14,69,91,50,2,86,5,74,53,62,1.0
2022-23,1610612756,PHX,Phoenix Suns,0022200106,2022-11-01T00:00:00,PHX vs. MIN,W,48.0,41,89,0.461,17,43,0.395,17,22,0.773,7,27,34,31,11.0,9,8,4,20,24,116,9.0,1,1,1,1,5,56,48,59,8,5,33,54,49,60,87,84,97,13,22,23,11,45,33,17,41,34,1.0
2022-23,1610612737,ATL,Atlanta Hawks,0022200110,2022-11-02T00:00:00,ATL @ NYK,W,48.0,44,107,0.411,12,34,0.353,12,16,0.75,17,34,51,28,9.0,11,4,9,18,19,112,13.0,1,1,1,1,7,45,5,90,29,27,49,88,83,81,9,40,11,15,8,8,51,86,37,46,68,15,1.0
2022-23,1610612738,BOS,Boston Celtics,0022200107,2022-11-02T00:00:00,BOS @ CLE,L,53.0,38,93,0.409,11,41,0.268,26,27,0.963,8,44,52,26,14.0,5,9,4,24,23,113,-1.0,1,74,74,74,2,83,20,100,90,60,101,7,21,4,66,7,16,55,55,61,8,51,98,16,68,74,1.0
2022-23,1610612766,CHA,Charlotte Hornets,0022200111,2022-11-02T00:00:00,CHA @ CHI,L,48.0,36,92,0.391,7,32,0.219,9,16,0.563,13,34,47,22,17.0,12,12,9,14,18,88,-18.0,1,30,30,30,6,75,34,77,76,44,82,89,79,90,28,41,31,62,65,6,2,76,3,63,87,75,1.0
2022-23,1610612741,CHI,Chicago Bulls,0022200111,2022-11-02T00:00:00,CHI vs. CHA,W,48.0,38,88,0.432,14,31,0.452,16,18,0.889,11,40,51,28,20.0,6,9,12,18,14,106,18.0,1,1,1,1,8,72,33,82,14,26,18,56,69,11,18,12,7,21,83,62,5,92,32,86,65,12,1.0
2022-23,1610612739,CLE,Cleveland Cavaliers,0022200107,2022-11-02T00:00:00,CLE vs. BOS,W,53.0,42,100,0.42,11,39,0.282,19,24,0.792,9,42,51,24,11.0,6,4,9,23,24,114,1.0,1,1,1,1,2,35,1,84,46,7,73,31,33,51,52,2,2,45,25,61,50,94,80,16,34,54,1.0
2022-23,1610612742,DAL,Dallas Mavericks,0022200115,2022-11-02T00:00:00,DAL vs. UTA,W,48.0,42,84,0.5,11,38,0.289,8,15,0.533,7,30,37,20,12.0,9,4,1,14,17,103,3.0,1,1,1,1,10,29,38,28,74,59,79,88,86,86,44,45,50,61,35,13,31,7,5,78,70,32,1.0
2022-23,1610612765,DET,Detroit Pistons,0022200113,2022-11-02T00:00:00,DET @ MIL,L,48.0,33,79,0.418,11,31,0.355,14,15,0.933,2,33,35,18,21.0,7,3,5,22,16,91,-25.0,1,21,21,21,5,78,77,65,45,55,42,68,81,3,91,28,74,76,80,41,47,34,38,81,82,85,1.0
2022-23,1610612745,HOU,Houston Rockets,0022200112,2022-11-02T00:00:00,HOU vs. LAC,L,48.0,37,88,0.42,11,38,0.289,16,21,0.762,16,34,50,17,19.0,9,5,6,22,20,101,-8.0,1,28,28,28,3,67,44,71,33,15,65,60,65,36,17,36,22,79,67,26,34,40,53,45,68,42,1.0
2022-23,1610612747,LAL,Los Angeles Lakers,0022200117,2022-11-02T00:00:00,LAL vs. NOP,W,53.0,45,98,0.459,10,36,0.278,20,23,0.87,11,45,56,30,18.0,6,8,5,17,20,120,3.0,1,1,1,1,2,25,3,68,54,22,85,56,74,18,29,5,4,10,95,53,11,54,33,67,41,49,1.0
2022-23,1610612763,MEM,Memphis Grizzlies,0022200116,2022-11-02T00:00:00,MEM @ POR,W,48.0,38,83,0.458,13,28,0.464,22,27,0.815,10,36,46,28,15.0,7,5,3,19,17,111,5.0,1,1,1,1,6,73,84,57,29,85,10,18,32,21,67,36,49,23,64,61,52,11,34,70,60,48,1.0
2022-23,1610612748,MIA,Miami Heat,0022200109,2022-11-02T00:00:00,MIA vs. SAC,W,48.0,44,89,0.494,11,34,0.324,11,13,0.846,9,37,46,27,11.0,5,5,3,20,18,110,3.0,1,1,1,1,7,22,34,27,65,59,67,107,113,47,63,14,18,23,26,98,10,29,68,77,52,48,1.0
2022-23,1610612749,MIL,Milwaukee Bucks,0022200113,2022-11-02T00:00:00,MIL vs. DET,W,48.0,43,92,0.467,10,38,0.263,20,24,0.833,15,37,52,24,16.0,17,5,3,16,22,116,25.0,1,1,1,1,7,38,30,49,85,58,88,23,37,15,13,43,22,52,52,1,36,28,27,23,45,5,1.0
2022-23,1610612740,NOP,New Orleans Pelicans,0022200117,2022-11-02T00:00:00,NOP @ LAL,L,53.0,47,102,0.461,8,25,0.32,15,21,0.714,11,40,51,35,14.0,10,5,8,20,17,117,-3.0,1,50,50,50,1,11,2,60,67,78,62,73,61,75,39,8,12,2,35,19,25,78,36,73,34,53,1.0
2022-23,1610612752,NYK,New York Knicks,0022200110,2022-11-02T00:00:00,NYK vs. ATL,L,48.0,37,90,0.411,10,36,0.278,15,20,0.75,12,40,52,23,17.0,3,9,4,19,18,99,-13.0,1,60,60,60,11,71,38,86,66,39,78,74,81,52,50,8,17,44,83,88,2,33,40,72,92,94,1.0
2022-23,1610612755,PHI,Philadelphia 76ers,0022200108,2022-11-02T00:00:00,PHI vs. WAS,L,48.0,39,84,0.464,19,36,0.528,14,20,0.7,6,26,32,25,8.0,3,1,9,25,18,111,-10.0,1,70,70,70,8,55,39,60,2,24,2,86,72,98,81,91,95,41,4,99,98,98,88,61,58,90,1.0
2022-23,1610612757,POR,Portland Trail Blazers,0022200116,2022-11-02T00:00:00,POR vs. MEM,L,48.0,36,89,0.404,13,33,0.394,21,26,0.808,16,30,46,27,20.0,5,3,5,17,19,106,-5.0,1,39,39,39,3,68,21,79,35,52,32,37,38,39,2,53,15,23,83,58,63,48,19,52,61,47,1.0
2022-23,1610612758,SAC,Sacramento Kings,0022200109,2022-11-02T00:00:00,SAC @ MIA,L,48.0,41,86,0.477,13,36,0.361,12,14,0.857,4,35,39,29,12.0,4,3,5,18,20,107,-3.0,1,62,62,62,6,57,57,55,48,56,52,90,95,22,94,31,69,28,32,84,54,63,25,58,77,67,1.0
2022-23,1610612759,SAS,San Antonio Spurs,0022200114,2022-11-02T00:00:00,SAS vs. TOR,L,48.0,37,94,0.394,14,43,0.326,12,14,0.857,13,33,46,29,23.0,3,6,6,20,17,100,-43.0,1,25,25,25,7,72,35,75,14,3,54,68,82,13,34,33,31,27,90,84,14,50,44,56,71,91,1.0
2022-23,1610612761,TOR,Toronto Raptors,0022200114,2022-11-02T00:00:00,TOR @ SAS,W,48.0,57,106,0.538,14,33,0.424,15,16,0.938,9,41,50,31,11.0,16,6,6,17,20,143,43.0,1,1,1,1,8,1,6,5,9,34,13,64,77,5,73,5,13,5,34,1,31,71,16,39,1,1,1.0
2022-23,1610612762,UTA,Utah Jazz,0022200115,2022-11-02T00:00:00,UTA @ DAL,L,48.0,39,84,0.464,10,30,0.333,12,14,0.857,12,28,40,28,17.0,6,1,4,17,14,100,-3.0,1,42,42,42,6,62,68,50,68,82,47,79,86,19,39,79,75,29,58,44,89,28,13,88,80,48,1.0
2022-23,1610612764,WAS,Washington Wizards,0022200108,2022-11-02T00:00:00,WAS @ PHI,W,48.0,45,78,0.577,5,21,0.238,26,32,0.813,7,36,43,27,8.0,4,9,1,18,25,121,10.0,1,1,1,1,4,19,80,5,89,88,79,7,10,38,57,28,43,24,4,80,8,2,29,8,15,19,1.0
2022-23,1610612743,DEN,Denver Nuggets,0022200119,2022-11-03T00:00:00,DEN @ OKC,W,48.0,45,84,0.536,18,31,0.581,14,16,0.875,8,39,47,32,20.0,5,2,5,15,19,122,12.0,1,1,1,1,5,30,67,26,2,57,2,81,96,12,75,13,31,19,103,86,88,64,12,57,24,30,1.0
2022-23,1610612744,GSW,Golden State Warriors,0022200118,2022-11-03T00:00:00,GSW @ ORL,L,48.0,50,97,0.515,19,43,0.442,10,15,0.667,9,26,35,31,14.0,5,3,6,32,22,129,-1.0,1,55,55,55,6,7,16,23,22,48,17,97,87,90,62,97,95,32,27,82,64,81,107,23,12,55,1.0
2022-23,1610612760,OKC,Oklahoma City Thunder,0022200119,2022-11-03T00:00:00,OKC vs. DEN,L,48.0,45,93,0.484,6,29,0.207,14,19,0.737,10,30,40,19,10.0,9,5,2,19,15,110,-12.0,1,52,52,52,7,24,36,34,92,76,92,75,78,76,55,57,66,80,14,29,30,5,31,90,65,88,1.0
2022-23,1610612753,ORL,Orlando Magic,0022200118,2022-11-03T00:00:00,ORL vs. GSW,W,48.0,42,78,0.538,13,30,0.433,33,46,0.717,11,35,46,20,19.0,9,6,3,22,32,130,1.0,1,1,1,1,5,26,79,7,19,52,14,2,1,72,35,30,31,69,76,24,19,13,56,1,3,39,1.0
2022-23,1610612738,BOS,Boston Celtics,0022200124,2022-11-04T00:00:00,BOS vs. CHI,W,48.0,41,83,0.494,9,31,0.29,32,39,0.821,7,32,39,24,14.0,5,7,5,23,28,123,4.0,1,1,1,1,15,56,82,37,105,107,93,3,2,57,78,71,82,77,55,61,23,72,92,2,34,60,1.0
2022-23,1610612751,BKN,Brooklyn Nets,0022200123,2022-11-04T00:00:00,BKN @ WAS,W,48.0,50,90,0.556,14,28,0.5,14,14,1.0,7,41,48,32,9.0,8,7,3,19,15,128,42.0,1,1,1,1,3,4,17,11,24,73,9,65,85,1,47,5,9,7,6,31,24,23,31,76,6,1,1.0
2022-23,1610612766,CHA,Charlotte Hornets,0022200125,2022-11-04T00:00:00,CHA @ MEM,L,48.0,33,86,0.384,8,27,0.296,25,31,0.806,12,29,41,22,18.0,11,7,10,17,20,99,-31.0,1,30,30,30,6,81,59,80,67,75,55,4,6,27,37,71,65,62,70,10,15,86,14,44,72,88,1.0
2022-23,1610612741,CHI,Chicago Bulls,0022200124,2022-11-04T00:00:00,CHI @ BOS,L,48.0,43,83,0.518,11,28,0.393,22,25,0.88,4,33,37,21,17.0,8,5,7,28,23,119,-4.0,1,49,49,49,8,39,63,29,36,44,34,14,21,17,85,46,70,63,70,37,34,72,89,16,28,56,1.0
2022-23,1610612739,CLE,Cleveland Cavaliers,0022200120,2022-11-04T00:00:00,CLE @ DET,W,48.0,44,81,0.543,11,26,0.423,13,16,0.813,10,37,47,30,19.0,5,13,6,15,22,112,24.0,1,1,1,1,8,21,67,13,46,78,27,75,82,37,39,12,15,13,86,72,1,65,11,24,52,6,1.0
2022-23,1610612742,DAL,Dallas Mavericks,0022200127,2022-11-04T00:00:00,DAL vs. TOR,W,48.0,39,77,0.506,12,34,0.353,21,25,0.84,6,25,31,23,19.0,12,3,4,21,22,111,1.0,1,1,1,1,10,46,71,23,66,74,51,29,44,20,59,81,79,42,85,5,44,38,44,39,47,37,1.0
2022-23,1610612765,DET,Detroit Pistons,0022200120,2022-11-04T00:00:00,DET vs. CLE,L,48.0,31,83,0.373,13,37,0.351,13,15,0.867,9,25,34,16,19.0,10,6,13,22,15,88,-24.0,1,21,21,21,5,84,60,88,31,20,45,76,81,10,55,79,82,84,72,8,13,90,38,85,86,81,1.0
2022-23,1610612744,GSW,Golden State Warriors,0022200128,2022-11-04T00:00:00,GSW @ NOP,L,48.0,35,71,0.493,12,32,0.375,23,25,0.92,3,26,29,23,23.0,7,1,2,25,21,105,-9.0,1,55,55,55,6,95,103,43,81,94,49,10,25,10,107,97,105,90,103,51,99,12,86,36,86,82,1.0
2022-23,1610612754,IND,Indiana Pacers,0022200121,2022-11-04T00:00:00,IND vs. MIA,W,48.0,37,80,0.463,12,39,0.308,15,23,0.652,5,37,42,28,19.0,7,5,2,19,22,101,2.0,1,1,1,1,4,73,81,50,46,32,62,62,46,84,79,11,40,27,74,47,41,4,25,27,76,35,1.0
2022-23,1610612747,LAL,Los Angeles Lakers,0022200131,2022-11-04T00:00:00,LAL vs. UTA,L,48.0,40,83,0.482,11,26,0.423,25,28,0.893,9,31,40,22,11.0,6,6,3,17,22,116,-14.0,1,59,59,59,10,63,83,52,37,84,22,20,44,8,64,80,84,82,23,53,32,20,33,44,49,97,1.0
2022-23,1610612763,MEM,Memphis Grizzlies,0022200125,2022-11-04T00:00:00,MEM vs. CHA,W,48.0,50,98,0.51,16,36,0.444,14,18,0.778,18,42,60,34,19.0,6,10,7,20,17,130,31.0,1,1,1,1,6,8,15,23,13,34,14,70,74,36,7,5,3,7,88,70,4,69,47,70,13,4,1.0
2022-23,1610612748,MIA,Miami Heat,0022200121,2022-11-04T00:00:00,MIA @ IND,L,48.0,31,81,0.383,11,39,0.282,26,26,1.0,8,34,42,17,19.0,10,2,5,22,19,99,-2.0,1,66,66,66,7,110,80,110,65,21,94,13,33,1,79,31,50,110,111,23,81,78,85,71,92,69,1.0
2022-23,1610612749,MIL,Milwaukee Bucks,0022200129,2022-11-04T00:00:00,MIL @ MIN,W,48.0,41,85,0.482,17,38,0.447,16,28,0.571,7,44,51,29,13.0,7,2,4,22,25,115,13.0,1,1,1,1,7,50,68,36,23,58,15,49,20,92,78,9,30,17,29,34,79,48,76,10,48,17,1.0
2022-23,1610612750,MIN,Minnesota Timberwolves,0022200129,2022-11-04T00:00:00,MIN vs. MIL,L,48.0,39,92,0.424,11,41,0.268,13,17,0.765,10,37,47,22,16.0,2,4,2,25,22,102,-13.0,1,51,51,51,8,70,21,87,50,10,86,77,81,48,30,19,17,73,51,99,60,12,77,28,84,88,1.0
2022-23,1610612740,NOP,New Orleans Pelicans,0022200128,2022-11-04T00:00:00,NOP vs. GSW,W,48.0,41,81,0.506,12,29,0.414,20,29,0.69,9,28,37,24,16.0,10,2,1,21,25,114,9.0,1,1,1,1,8,51,72,23,28,47,27,39,25,85,57,77,78,58,55,19,78,2,45,8,42,30,1.0
2022-23,1610612752,NYK,New York Knicks,0022200122,2022-11-04T00:00:00,NYK @ PHI,W,48.0,37,80,0.463,9,33,0.273,23,27,0.852,10,40,50,24,22.0,5,8,8,21,25,106,2.0,1,1,1,1,11,71,86,53,77,61,83,25,36,19,70,8,25,37,102,66,5,92,54,8,67,55,1.0
2022-23,1610612755,PHI,Philadelphia 76ers,0022200122,2022-11-04T00:00:00,PHI vs. NYK,L,48.0,37,98,0.378,13,47,0.277,17,21,0.81,13,31,44,27,15.0,12,8,8,25,21,104,-2.0,1,70,70,70,8,74,6,103,41,1,89,67,71,69,16,59,27,28,60,10,8,93,88,34,75,70,1.0
2022-23,1610612756,PHX,Phoenix Suns,0022200130,2022-11-04T00:00:00,PHX vs. POR,L,48.0,36,83,0.434,14,34,0.412,20,21,0.952,13,26,39,26,17.0,8,4,3,22,24,106,-2.0,1,56,56,56,5,87,83,74,21,36,29,34,57,3,30,88,74,48,83,29,61,24,47,17,71,60,1.0
2022-23,1610612757,POR,Portland Trail Blazers,0022200130,2022-11-04T00:00:00,POR @ PHX,W,48.0,43,85,0.506,10,23,0.435,12,15,0.8,11,31,42,30,18.0,6,3,4,24,22,108,2.0,1,1,1,1,3,18,42,23,60,89,18,85,86,40,22,44,39,7,65,45,63,35,72,29,54,35,1.0
2022-23,1610612759,SAS,San Antonio Spurs,0022200126,2022-11-04T00:00:00,SAS vs. LAC,L,48.0,42,88,0.477,12,31,0.387,10,18,0.556,6,29,35,23,13.0,7,2,5,17,25,106,-7.0,1,25,25,25,7,47,54,36,31,51,26,82,57,89,87,61,86,67,19,41,71,37,15,10,59,38,1.0
2022-23,1610612761,TOR,Toronto Raptors,0022200127,2022-11-04T00:00:00,TOR @ DAL,L,48.0,39,88,0.443,11,34,0.324,21,25,0.84,18,26,44,20,19.0,10,4,3,22,21,110,-1.0,1,49,49,49,8,59,50,54,33,26,51,29,40,20,9,76,41,67,88,36,51,20,60,34,52,49,1.0
2022-23,1610612762,UTA,Utah Jazz,0022200131,2022-11-04T00:00:00,UTA @ LAL,W,48.0,52,103,0.505,17,40,0.425,9,10,0.9,15,33,48,31,8.0,8,3,6,22,17,130,14.0,1,1,1,1,6,2,4,25,11,28,16,88,92,8,19,49,29,8,2,21,68,57,52,72,10,12,1.0
2022-23,1610612764,WAS,Washington Wizards,0022200123,2022-11-04T00:00:00,WAS vs. BKN,L,48.0,30,83,0.361,8,34,0.235,18,22,0.818,7,32,39,18,13.0,4,3,7,15,19,86,-42.0,1,40,40,40,4,89,58,90,65,27,80,42,42,37,57,58,63,86,32,80,66,71,9,43,90,91,1.0
2022-23,1610612737,ATL,Atlanta Hawks,0022200134,2022-11-05T00:00:00,ATL vs. NOP,W,53.0,47,103,0.456,9,36,0.25,21,25,0.84,12,38,50,28,13.0,12,8,6,23,24,124,3.0,1,1,1,1,2,25,7,66,68,17,83,24,25,35,35,11,15,15,54,3,6,58,80,11,26,37,1.0
2022-23,1610612738,BOS,Boston Celtics,0022200135,2022-11-05T00:00:00,BOS @ NYK,W,48.0,47,88,0.534,27,51,0.529,12,12,1.0,8,26,34,30,13.0,5,2,4,17,14,133,15.0,1,1,1,1,15,16,46,17,1,10,2,85,98,1,66,106,107,17,47,61,100,51,32,96,11,25,1.0
2022-23,1610612751,BKN,Brooklyn Nets,0022200133,2022-11-05T00:00:00,BKN @ CHA,W,48.0,33,84,0.393,12,36,0.333,20,22,0.909,9,32,41,23,11.0,8,10,6,21,21,98,4.0,1,1,1,1,3,86,39,90,45,28,63,32,45,11,30,46,39,57,20,31,6,79,49,26,80,37,1.0
2022-23,1610612766,CHA,Charlotte Hornets,0022200133,2022-11-05T00:00:00,CHA vs. BKN,L,48.0,32,86,0.372,14,42,0.333,16,23,0.696,13,37,50,22,15.0,3,6,10,21,21,94,-4.0,1,30,30,30,6,86,59,87,10,6,39,56,48,61,28,18,18,62,47,82,27,86,53,35,79,34,1.0
2022-23,1610612743,DEN,Denver Nuggets,0022200138,2022-11-05T00:00:00,DEN vs. SAS,W,48.0,53,87,0.609,15,29,0.517,5,10,0.5,10,37,47,37,18.0,10,0,3,15,13,126,25.0,1,1,1,1,5,3,46,4,15,70,7,111,112,110,53,22,31,4,89,17,111,22,12,110,14,5,1.0
2022-23,1610612745,HOU,Houston Rockets,0022200137,2022-11-05T00:00:00,HOU @ MIN,L,48.0,40,84,0.476,16,38,0.421,21,31,0.677,12,21,33,27,23.0,10,0,5,18,27,117,-12.0,1,28,28,28,3,42,69,28,6,15,11,24,14,73,55,91,90,12,83,16,90,24,19,5,22,58,1.0
2022-23,1610612749,MIL,Milwaukee Bucks,0022200136,2022-11-05T00:00:00,MIL vs. OKC,W,48.0,38,90,0.422,17,47,0.362,15,17,0.882,18,37,55,23,19.0,7,6,3,16,18,108,14.0,1,1,1,1,7,68,39,80,23,17,48,56,75,8,6,43,12,63,79,34,22,28,27,57,66,15,1.0
2022-23,1610612750,MIN,Minnesota Timberwolves,0022200137,2022-11-05T00:00:00,MIN vs. HOU,W,48.0,49,80,0.613,15,33,0.455,16,20,0.8,9,27,36,38,24.0,11,5,0,27,18,129,12.0,1,1,1,1,8,7,77,4,17,48,11,59,71,33,40,81,76,3,98,17,44,1,89,71,9,12,1.0
2022-23,1610612740,NOP,New Orleans Pelicans,0022200134,2022-11-05T00:00:00,NOP @ ATL,L,53.0,47,108,0.435,7,23,0.304,20,28,0.714,19,40,59,23,16.0,8,6,8,24,23,121,-3.0,1,50,50,50,1,11,1,79,81,85,66,39,28,75,3,8,2,65,55,46,14,78,73,21,23,53,1.0
2022-23,1610612752,NYK,New York Knicks,0022200135,2022-11-05T00:00:00,NYK vs. BOS,L,48.0,46,90,0.511,11,27,0.407,15,16,0.938,12,32,44,22,14.0,6,4,2,14,17,118,-15.0,1,60,60,60,11,15,38,23,54,95,22,74,97,3,50,61,66,53,56,50,40,7,7,82,35,96,1.0
2022-23,1610612760,OKC,Oklahoma City Thunder,0022200136,2022-11-05T00:00:00,OKC @ MIL,L,48.0,36,84,0.429,12,35,0.343,10,16,0.625,9,29,38,22,16.0,6,3,6,18,16,94,-14.0,1,52,52,52,7,80,79,73,39,43,52,90,85,96,68,67,78,61,69,75,61,57,21,85,91,90,1.0
2022-23,1610612753,ORL,Orlando Magic,0022200132,2022-11-05T00:00:00,ORL vs. SAC,L,53.0,50,92,0.543,4,23,0.174,19,20,0.95,7,41,48,27,18.0,8,4,4,26,20,123,-3.0,1,41,41,41,1,1,19,6,92,85,91,43,68,3,72,6,17,14,63,35,48,29,81,49,12,43,1.0
2022-23,1610612756,PHX,Phoenix Suns,0022200139,2022-11-05T00:00:00,PHX vs. POR,W,48.0,35,82,0.427,11,30,0.367,21,28,0.75,11,33,44,22,14.0,7,14,7,22,26,102,20.0,1,1,1,1,5,88,85,79,51,62,49,24,20,68,53,43,47,82,48,43,1,91,47,12,81,10,1.0
2022-23,1610612757,POR,Portland Trail Blazers,0022200139,2022-11-05T00:00:00,POR @ PHX,L,48.0,30,79,0.38,7,15,0.467,15,24,0.625,8,32,40,22,18.0,5,7,14,26,22,82,-20.0,1,39,39,39,3,84,67,89,83,92,10,69,49,89,59,38,49,51,65,58,10,92,81,29,90,81,1.0
2022-23,1610612758,SAC,Sacramento Kings,0022200132,2022-11-05T00:00:00,SAC @ ORL,W,53.0,47,93,0.505,15,40,0.375,17,26,0.654,6,30,36,24,14.0,5,4,4,20,26,126,3.0,1,1,1,1,2,18,24,40,31,35,42,57,43,90,83,69,85,60,47,71,30,44,41,3,28,51,1.0
2022-23,1610612759,SAS,San Antonio Spurs,0022200138,2022-11-05T00:00:00,SAS @ DEN,L,48.0,39,80,0.488,12,30,0.4,11,19,0.579,6,22,28,28,15.0,8,3,0,13,15,101,-25.0,1,25,25,25,7,64,85,31,31,58,18,74,51,85,87,90,92,32,35,25,53,1,3,71,69,78,1.0
2022-23,1610612741,CHI,Chicago Bulls,0022200141,2022-11-06T00:00:00,CHI @ TOR,L,48.0,40,88,0.455,13,36,0.361,11,13,0.846,15,31,46,27,17.0,5,10,10,20,16,104,-9.0,1,49,49,49,8,62,33,71,18,6,44,82,87,30,2,59,25,28,70,78,2,90,55,71,68,70,1.0
2022-23,1610612739,CLE,Cleveland Cavaliers,0022200140,2022-11-06T00:00:00,CLE @ LAL,W,48.0,37,84,0.44,8,32,0.25,32,36,0.889,9,39,48,19,14.0,7,6,4,20,26,114,14.0,1,1,1,1,8,73,51,75,72,42,85,2,4,8,52,7,10,81,53,43,22,30,52,9,34,21,1.0
2022-23,1610612747,LAL,Los Angeles Lakers,0022200140,2022-11-06T00:00:00,LAL vs. CLE,L,48.0,40,87,0.46,8,27,0.296,12,21,0.571,10,33,43,24,17.0,4,4,6,26,20,100,-14.0,1,59,59,59,10,63,62,67,82,78,79,100,80,113,46,69,67,59,87,86,62,75,110,67,97,97,1.0
2022-23,1610612763,MEM,Memphis Grizzlies,0022200142,2022-11-06T00:00:00,MEM vs. WAS,W,48.0,39,91,0.429,9,29,0.31,16,20,0.8,12,38,50,20,11.0,8,2,5,17,21,103,6.0,1,1,1,1,6,68,51,78,68,81,65,55,64,24,46,23,25,86,17,47,91,40,16,36,79,44,1.0
2022-23,1610612761,TOR,Toronto Raptors,0022200141,2022-11-06T00:00:00,TOR vs. CHI,W,48.0,44,103,0.427,10,37,0.27,15,20,0.75,23,29,52,28,9.0,11,10,10,16,20,113,9.0,1,1,1,1,8,28,9,69,44,15,72,64,59,55,2,54,7,15,19,24,4,89,8,39,41,28,1.0
2022-23,1610612762,UTA,Utah Jazz,0022200143,2022-11-06T00:00:00,UTA @ LAC,W,48.0,35,75,0.467,15,40,0.375,25,26,0.962,7,35,42,18,21.0,5,4,2,15,26,110,8.0,1,1,1,1,6,83,89,49,25,28,33,10,32,1,82,38,65,85,82,54,56,4,6,10,64,16,1.0
2022-23,1610612764,WAS,Washington Wizards,0022200142,2022-11-06T00:00:00,WAS @ MEM,L,48.0,41,96,0.427,8,41,0.195,7,10,0.7,15,34,49,25,10.0,5,5,2,21,17,97,-6.0,1,40,40,40,4,46,11,75,65,8,89,91,91,74,5,40,19,42,12,63,36,7,59,62,77,49,1.0
2022-23,1610612737,ATL,Atlanta Hawks,0022200149,2022-11-07T00:00:00,ATL vs. MIL,W,48.0,46,99,0.465,11,29,0.379,14,17,0.824,12,36,48,23,12.0,11,3,9,18,18,117,19.0,1,1,1,1,7,29,17,57,44,54,35,77,79,40,35,26,21,62,36,8,75,86,37,61,49,5,1.0
2022-23,1610612738,BOS,Boston Celtics,0022200152,2022-11-07T00:00:00,BOS @ MEM,W,48.0,38,82,0.463,12,37,0.324,21,28,0.75,7,38,45,26,15.0,5,6,4,19,23,109,3.0,1,1,1,1,15,83,88,67,80,79,80,29,16,80,78,33,49,55,66,61,36,51,54,16,81,67,1.0
2022-23,1610612751,BKN,Brooklyn Nets,0022200155,2022-11-07T00:00:00,BKN @ DAL,L,48.0,35,80,0.438,10,29,0.345,14,19,0.737,14,20,34,22,14.0,13,5,3,26,20,94,-2.0,1,51,51,51,3,78,66,68,68,67,58,65,63,67,7,94,80,62,46,3,53,23,81,36,87,51,1.0
2022-23,1610612766,CHA,Charlotte Hornets,0022200144,2022-11-07T00:00:00,CHA vs. WAS,L,48.0,42,101,0.416,5,32,0.156,11,16,0.688,17,28,45,27,11.0,8,7,6,23,18,100,-8.0,1,30,30,30,6,33,8,64,87,44,89,81,79,67,5,75,39,20,14,32,15,49,67,63,70,48,1.0
2022-23,1610612741,CHI,Chicago Bulls,0022200151,2022-11-07T00:00:00,CHI vs. TOR,W,48.0,42,80,0.525,9,28,0.321,18,22,0.818,9,40,49,30,22.0,7,7,7,21,20,111,14.0,1,1,1,1,8,49,76,24,51,44,59,38,42,44,33,12,14,12,89,49,11,72,63,34,51,21,1.0
2022-23,1610612739,CLE,Cleveland Cavaliers,0022200158,2022-11-07T00:00:00,CLE @ LAC,L,48.0,43,83,0.518,16,33,0.485,15,21,0.714,10,38,48,29,17.0,6,2,2,21,19,117,-2.0,1,57,57,57,8,30,57,24,8,30,8,59,49,73,39,9,10,17,75,61,82,8,63,51,22,60,1.0
2022-23,1610612742,DAL,Dallas Mavericks,0022200155,2022-11-07T00:00:00,DAL vs. BKN,W,48.0,32,72,0.444,12,28,0.429,20,24,0.833,12,29,41,18,22.0,7,3,5,20,26,96,2.0,1,1,1,1,10,80,86,61,66,89,15,37,51,22,7,55,26,73,89,29,44,60,38,13,81,34,1.0
2022-23,1610612743,DEN,Denver Nuggets,0022200154,2022-11-07T00:00:00,DEN @ SAS,W,48.0,47,88,0.534,8,24,0.333,13,20,0.65,8,32,40,33,22.0,14,7,5,14,17,115,6.0,1,1,1,1,5,20,38,28,89,97,70,85,67,92,75,60,71,14,110,2,13,64,8,82,53,48,1.0
2022-23,1610612765,DET,Detroit Pistons,0022200146,2022-11-07T00:00:00,DET vs. OKC,W,48.0,39,93,0.419,9,33,0.273,25,33,0.758,16,42,58,20,16.0,6,9,11,19,26,112,9.0,1,1,1,1,5,42,13,64,60,39,71,17,17,59,9,3,4,65,48,54,1,88,13,10,34,8,1.0
2022-23,1610612744,GSW,Golden State Warriors,0022200156,2022-11-07T00:00:00,GSW vs. SAC,W,48.0,44,88,0.5,14,38,0.368,14,21,0.667,8,40,48,28,15.0,5,4,0,21,20,116,3.0,1,1,1,1,6,39,59,33,62,76,57,67,45,90,77,14,30,55,36,82,47,1,39,41,59,49,1.0
2022-23,1610612745,HOU,Houston Rockets,0022200145,2022-11-07T00:00:00,HOU @ ORL,W,48.0,46,87,0.529,24,48,0.5,18,25,0.72,14,26,40,31,22.0,9,6,4,23,25,134,7.0,1,1,1,1,3,13,52,7,1,1,2,42,40,58,35,81,73,3,80,26,19,11,64,12,2,13,1.0
2022-23,1610612754,IND,Indiana Pacers,0022200147,2022-11-07T00:00:00,IND vs. NOP,W,48.0,43,86,0.5,22,48,0.458,21,23,0.913,10,35,45,33,17.0,6,8,4,19,20,129,7.0,1,1,1,1,4,29,54,26,2,3,12,29,46,9,43,24,24,6,57,61,13,25,25,46,13,22,1.0
2022-23,1610612747,LAL,Los Angeles Lakers,0022200157,2022-11-07T00:00:00,LAL @ UTA,L,48.0,40,82,0.488,9,24,0.375,27,30,0.9,7,26,33,15,16.0,7,5,7,21,23,116,-23.0,1,59,59,59,10,63,87,43,74,96,40,15,31,7,85,109,111,110,73,40,42,87,85,36,49,109,1.0
2022-23,1610612763,MEM,Memphis Grizzlies,0022200152,2022-11-07T00:00:00,MEM vs. BOS,L,48.0,41,91,0.451,15,44,0.341,9,14,0.643,8,37,45,27,11.0,4,4,6,23,19,106,-3.0,1,61,61,61,6,58,51,66,16,5,49,95,89,91,80,29,55,32,17,92,65,58,80,50,73,65,1.0
2022-23,1610612748,MIA,Miami Heat,0022200150,2022-11-07T00:00:00,MIA vs. POR,L,48.0,40,84,0.476,14,39,0.359,13,15,0.867,5,27,32,28,12.0,11,2,2,18,16,107,-3.0,1,66,66,66,7,43,62,40,27,21,47,94,104,36,108,85,110,15,44,16,81,15,46,100,67,72,1.0
2022-23,1610612749,MIL,Milwaukee Bucks,0022200149,2022-11-07T00:00:00,MIL @ ATL,L,48.0,36,87,0.414,13,40,0.325,13,16,0.813,6,35,41,21,19.0,5,9,3,18,18,98,-19.0,1,63,63,63,7,82,55,83,54,42,69,72,77,24,91,54,79,79,79,56,5,28,44,57,88,88,1.0
2022-23,1610612750,MIN,Minnesota Timberwolves,0022200153,2022-11-07T00:00:00,MIN vs. NYK,L,48.0,38,81,0.469,11,41,0.268,20,24,0.833,4,35,39,28,18.0,7,8,2,18,23,107,-13.0,1,51,51,51,8,77,72,57,50,10,86,34,42,18,90,31,61,29,71,54,10,12,13,21,71,88,1.0
2022-23,1610612740,NOP,New Orleans Pelicans,0022200147,2022-11-07T00:00:00,NOP @ IND,L,48.0,48,97,0.495,14,34,0.412,12,17,0.706,13,30,43,32,10.0,7,4,8,20,19,122,-7.0,1,50,50,50,8,8,11,32,13,20,29,86,82,81,23,56,50,7,8,60,43,78,36,58,21,63,1.0
2022-23,1610612752,NYK,New York Knicks,0022200153,2022-11-07T00:00:00,NYK @ MIN,W,48.0,39,89,0.438,19,48,0.396,23,25,0.92,9,34,43,26,19.0,13,2,8,23,18,120,13.0,1,1,1,1,11,60,45,71,2,4,28,25,50,5,78,36,71,21,96,5,81,92,70,72,31,22,1.0
2022-23,1610612760,OKC,Oklahoma City Thunder,0022200146,2022-11-07T00:00:00,OKC @ DET,L,48.0,41,102,0.402,10,33,0.303,11,17,0.647,16,30,46,23,10.0,9,11,9,26,19,103,-9.0,1,52,52,52,7,54,6,82,67,56,73,88,83,90,7,57,33,52,14,29,1,86,81,58,77,79,1.0
2022-23,1610612753,ORL,Orlando Magic,0022200145,2022-11-07T00:00:00,ORL vs. HOU,L,48.0,45,82,0.549,12,25,0.48,25,31,0.806,11,26,37,27,20.0,7,4,6,25,23,127,-7.0,1,41,41,41,5,9,62,5,27,80,6,13,12,32,35,80,77,14,83,50,48,58,75,20,5,57,1.0
2022-23,1610612755,PHI,Philadelphia 76ers,0022200148,2022-11-07T00:00:00,PHI vs. PHX,W,48.0,31,80,0.388,12,32,0.375,26,31,0.839,15,33,48,22,16.0,5,6,5,17,24,100,12.0,1,1,1,1,8,96,67,100,52,53,57,16,13,47,6,39,16,66,68,84,28,50,19,9,86,21,1.0
2022-23,1610612756,PHX,Phoenix Suns,0022200148,2022-11-07T00:00:00,PHX @ PHI,L,48.0,32,73,0.438,6,19,0.316,18,22,0.818,6,31,37,19,15.0,8,5,6,24,17,88,-12.0,1,56,56,56,5,98,99,71,94,101,68,46,49,44,94,59,81,99,65,29,45,77,71,77,96,84,1.0
2022-23,1610612757,POR,Portland Trail Blazers,0022200150,2022-11-07T00:00:00,POR @ MIA,W,48.0,38,72,0.528,16,37,0.432,18,21,0.857,4,33,37,27,19.0,7,2,2,16,18,110,3.0,1,1,1,1,3,54,85,17,16,31,19,50,64,24,89,32,64,23,75,37,80,7,13,66,47,31,1.0
2022-23,1610612758,SAC,Sacramento Kings,0022200156,2022-11-07T00:00:00,SAC @ GSW,L,48.0,37,91,0.407,14,40,0.35,25,29,0.862,9,34,43,24,11.0,9,0,4,20,21,113,-3.0,1,62,62,62,6,78,31,93,36,35,57,15,24,19,59,38,44,60,25,30,97,44,41,46,65,67,1.0
2022-23,1610612759,SAS,San Antonio Spurs,0022200154,2022-11-07T00:00:00,SAS vs. DEN,L,48.0,43,82,0.524,12,33,0.364,11,18,0.611,10,28,38,31,24.0,14,5,7,17,14,109,-6.0,1,25,25,25,7,40,80,18,31,44,36,74,57,81,57,70,72,14,91,1,25,65,15,78,55,34,1.0
2022-23,1610612761,TOR,Toronto Raptors,0022200151,2022-11-07T00:00:00,TOR @ CHI,L,48.0,36,85,0.424,9,28,0.321,16,22,0.727,5,26,31,24,15.0,10,7,7,20,21,97,-14.0,1,49,49,49,8,76,72,71,55,67,52,59,50,68,92,76,89,37,72,36,16,79,43,34,84,83,1.0
2022-23,1610612762,UTA,Utah Jazz,0022200157,2022-11-07T00:00:00,UTA vs. LAL,W,48.0,53,95,0.558,16,38,0.421,17,22,0.773,10,31,41,30,15.0,10,7,5,23,21,139,23.0,1,1,1,1,6,1,17,2,16,41,18,52,54,50,59,63,72,14,40,7,19,43,64,39,1,1,1.0
2022-23,1610612764,WAS,Washington Wizards,0022200144,2022-11-07T00:00:00,WAS @ CHA,W,48.0,42,80,0.525,5,19,0.263,19,30,0.633,10,37,47,21,15.0,2,6,7,18,23,108,8.0,1,1,1,1,4,35,71,20,89,91,69,30,12,83,36,21,26,70,50,91,24,71,29,17,59,25,1.0
2022-23,1610612737,ATL,Atlanta Hawks,0022200162,2022-11-09T00:00:00,ATL vs. UTA,L,48.0,51,109,0.468,8,28,0.286,9,11,0.818,17,37,54,24,11.0,5,5,6,16,20,119,-6.0,1,49,49,49,7,8,1,56,74,65,76,95,95,46,9,14,5,51,26,65,34,58,21,38,42,62,1.0
2022-23,1610612738,BOS,Boston Celtics,0022200163,2022-11-09T00:00:00,BOS vs. DET,W,48.0,47,88,0.534,18,46,0.391,16,21,0.762,8,35,43,31,13.0,5,4,3,25,19,128,16.0,1,1,1,1,15,16,46,17,30,27,50,56,51,77,66,54,62,12,47,61,69,27,104,50,18,23,1.0
2022-23,1610612751,BKN,Brooklyn Nets,0022200164,2022-11-09T00:00:00,BKN vs. NYK,W,48.0,42,87,0.483,14,34,0.412,14,20,0.7,11,44,55,30,15.0,11,5,4,22,18,112,27.0,1,1,1,1,3,36,29,46,24,40,29,65,57,77,16,1,2,15,52,8,53,46,59,54,43,5,1.0
2022-23,1610612766,CHA,Charlotte Hornets,0022200159,2022-11-09T00:00:00,CHA vs. POR,L,48.0,34,91,0.374,10,40,0.25,17,24,0.708,20,22,42,21,11.0,10,3,4,22,19,95,-10.0,1,30,30,30,6,79,39,85,46,10,73,49,42,55,1,91,59,70,14,22,70,19,61,53,78,54,1.0
2022-23,1610612741,CHI,Chicago Bulls,0022200166,2022-11-09T00:00:00,CHI vs. NOP,L,48.0,44,87,0.506,7,27,0.259,16,18,0.889,6,29,35,23,15.0,5,8,5,23,18,111,-4.0,1,49,49,49,8,31,42,37,67,52,77,56,69,11,61,72,76,54,54,78,7,46,75,48,51,56,1.0
2022-23,1610612739,CLE,Cleveland Cavaliers,0022200171,2022-11-09T00:00:00,CLE @ SAC,L,48.0,46,86,0.535,11,26,0.423,17,20,0.85,12,30,42,24,18.0,4,1,4,23,20,120,-7.0,1,57,57,57,8,11,40,15,46,78,27,43,56,19,22,50,37,45,81,84,93,30,80,43,12,75,1.0
2022-23,1610612742,DAL,Dallas Mavericks,0022200161,2022-11-09T00:00:00,DAL @ ORL,L,48.0,32,85,0.376,11,42,0.262,12,19,0.632,4,25,29,17,6.0,14,4,6,19,20,87,-7.0,1,41,41,41,10,80,33,88,74,35,83,75,68,76,77,81,88,76,4,2,31,75,25,58,87,65,1.0
2022-23,1610612743,DEN,Denver Nuggets,0022200160,2022-11-09T00:00:00,DEN @ IND,W,48.0,43,88,0.489,12,28,0.429,24,26,0.923,11,36,47,27,22.0,10,7,5,15,23,122,3.0,1,1,1,1,5,49,38,65,46,73,28,8,24,4,37,28,31,65,110,17,13,64,12,24,24,65,1.0
2022-23,1610612765,DET,Detroit Pistons,0022200163,2022-11-09T00:00:00,DET @ BOS,L,48.0,37,89,0.416,7,33,0.212,31,40,0.775,15,33,48,15,10.0,7,3,4,19,25,112,-16.0,1,21,21,21,5,53,31,66,77,39,88,4,5,49,13,28,19,87,5,41,47,20,13,16,34,67,1.0
2022-23,1610612745,HOU,Houston Rockets,0022200165,2022-11-09T00:00:00,HOU @ TOR,L,48.0,37,84,0.44,9,35,0.257,26,31,0.839,16,33,49,29,16.0,9,7,9,18,26,109,-7.0,1,28,28,28,3,67,69,54,54,28,78,11,14,18,17,40,23,5,43,26,10,76,19,7,49,39,1.0
2022-23,1610612754,IND,Indiana Pacers,0022200160,2022-11-09T00:00:00,IND vs. DEN,L,48.0,45,96,0.469,14,42,0.333,15,19,0.789,11,33,44,28,18.0,9,5,7,23,15,119,-3.0,1,40,40,40,4,18,15,48,33,17,58,62,72,41,36,35,31,27,68,26,41,63,59,82,34,42,1.0
2022-23,1610612747,LAL,Los Angeles Lakers,0022200170,2022-11-09T00:00:00,LAL @ LAC,L,48.0,40,88,0.455,10,32,0.313,11,17,0.647,8,35,43,26,16.0,7,2,7,20,24,101,-13.0,1,59,59,59,10,63,59,72,54,48,71,105,97,102,76,59,67,40,73,40,97,87,75,28,96,94,1.0
2022-23,1610612763,MEM,Memphis Grizzlies,0022200169,2022-11-09T00:00:00,MEM @ SAS,W,53.0,50,98,0.51,14,32,0.438,10,13,0.769,18,35,53,24,20.0,4,2,2,22,17,124,2.0,1,1,1,1,1,8,15,23,21,59,17,92,95,42,7,46,11,60,92,92,91,5,69,70,25,59,1.0
2022-23,1610612749,MIL,Milwaukee Bucks,0022200168,2022-11-09T00:00:00,MIL @ OKC,W,58.0,50,106,0.472,17,36,0.472,19,22,0.864,11,44,55,27,17.0,8,7,9,23,26,136,4.0,1,1,1,1,1,8,3,44,23,67,9,27,44,11,40,9,12,34,65,19,14,94,82,6,8,54,1.0
2022-23,1610612750,MIN,Minnesota Timberwolves,0022200167,2022-11-09T00:00:00,MIN vs. PHX,L,48.0,41,78,0.526,9,27,0.333,26,32,0.813,8,30,38,26,19.0,4,6,3,22,21,117,-12.0,1,51,51,51,8,51,92,19,74,78,56,4,10,30,52,63,68,39,79,89,29,22,50,34,37,83,1.0
2022-23,1610612740,NOP,New Orleans Pelicans,0022200166,2022-11-09T00:00:00,NOP @ CHI,W,48.0,42,84,0.5,3,19,0.158,28,36,0.778,13,37,50,20,16.0,8,5,8,18,23,115,4.0,1,1,1,1,8,36,63,27,92,91,90,7,5,52,23,25,15,81,55,46,25,78,19,21,40,43,1.0
2022-23,1610612752,NYK,New York Knicks,0022200164,2022-11-09T00:00:00,NYK @ BKN,L,48.0,28,87,0.322,12,43,0.279,17,26,0.654,11,35,46,21,15.0,5,4,5,18,22,85,-27.0,1,60,60,60,11,100,57,102,44,8,77,62,41,84,62,30,52,55,69,66,40,55,32,36,100,102,1.0
2022-23,1610612760,OKC,Oklahoma City Thunder,0022200168,2022-11-09T00:00:00,OKC vs. MIL,L,58.0,50,111,0.45,18,45,0.4,14,19,0.737,16,39,55,24,13.0,9,9,7,26,23,132,-4.0,1,52,52,52,1,8,2,59,6,2,26,75,78,76,7,10,4,44,46,29,3,67,81,24,12,62,1.0
2022-23,1610612753,ORL,Orlando Magic,0022200161,2022-11-09T00:00:00,ORL vs. DAL,W,48.0,36,73,0.493,8,21,0.381,14,21,0.667,4,45,49,20,19.0,1,6,4,20,19,94,7.0,1,1,1,1,5,68,88,32,70,92,31,77,63,79,90,1,14,69,76,92,19,29,42,56,83,21,1.0
2022-23,1610612756,PHX,Phoenix Suns,0022200167,2022-11-09T00:00:00,PHX @ MIN,W,48.0,47,97,0.485,16,35,0.457,19,20,0.95,10,26,36,31,11.0,10,3,6,21,22,129,12.0,1,1,1,1,5,18,12,36,14,31,18,41,62,4,62,88,87,13,22,12,78,77,41,30,10,25,1.0
2022-23,1610612757,POR,Portland Trail Blazers,0022200159,2022-11-09T00:00:00,POR @ CHA,W,48.0,40,75,0.533,11,34,0.324,14,25,0.56,8,37,45,28,18.0,5,4,3,19,22,105,10.0,1,1,1,1,3,42,83,13,53,49,62,77,43,92,59,10,20,17,65,58,45,25,31,29,66,19,1.0
2022-23,1610612758,SAC,Sacramento Kings,0022200171,2022-11-09T00:00:00,SAC vs. CLE,W,48.0,40,76,0.526,17,39,0.436,30,35,0.857,2,22,24,30,9.0,12,4,1,20,23,127,7.0,1,1,1,1,6,63,90,26,18,39,18,4,5,22,100,97,101,22,11,6,30,3,41,27,25,37,1.0
2022-23,1610612759,SAS,San Antonio Spurs,0022200169,2022-11-09T00:00:00,SAS vs. MEM,L,53.0,47,98,0.48,12,37,0.324,16,23,0.696,13,26,39,30,12.0,8,2,2,17,22,122,-2.0,1,25,25,25,2,19,18,34,31,20,56,35,31,64,34,80,69,22,12,25,71,6,15,19,21,28,1.0
2022-23,1610612761,TOR,Toronto Raptors,0022200165,2022-11-09T00:00:00,TOR vs. HOU,W,48.0,42,102,0.412,15,44,0.341,17,20,0.85,22,28,50,19,13.0,12,9,7,26,18,116,7.0,1,1,1,1,8,37,10,78,4,2,44,50,59,17,5,59,13,75,52,13,5,79,85,56,31,33,1.0
2022-23,1610612762,UTA,Utah Jazz,0022200162,2022-11-09T00:00:00,UTA @ ATL,W,48.0,44,94,0.468,17,39,0.436,20,24,0.833,13,34,47,27,13.0,5,6,5,20,16,125,6.0,1,1,1,1,6,29,18,46,11,37,12,33,40,25,31,44,35,34,24,54,28,43,39,80,16,23,1.0
2022-23,1610612737,ATL,Atlanta Hawks,0022200173,2022-11-10T00:00:00,ATL vs. PHI,W,48.0,39,88,0.443,6,26,0.231,20,23,0.87,11,43,54,19,18.0,8,2,5,22,22,104,9.0,1,1,1,1,7,77,65,76,89,78,87,29,36,27,46,1,5,87,88,32,87,43,72,20,83,22,1.0
2022-23,1610612766,CHA,Charlotte Hornets,0022200174,2022-11-10T00:00:00,CHA @ MIA,L,53.0,43,88,0.489,14,39,0.359,12,20,0.6,8,42,50,23,21.0,4,2,1,30,25,112,-5.0,1,30,30,30,2,23,48,25,10,13,33,75,66,86,69,7,18,58,85,78,80,3,90,9,37,37,1.0
2022-23,1610612742,DAL,Dallas Mavericks,0022200172,2022-11-10T00:00:00,DAL @ WAS,L,48.0,37,86,0.43,18,47,0.383,13,21,0.619,7,34,41,19,13.0,9,1,5,13,21,105,-8.0,1,41,41,41,10,59,29,70,15,11,39,73,62,79,44,22,26,69,44,13,78,60,3,48,64,68,1.0
2022-23,1610612748,MIA,Miami Heat,0022200174,2022-11-10T00:00:00,MIA vs. CHA,W,53.0,39,90,0.433,10,36,0.278,29,36,0.806,8,30,38,21,11.0,9,1,2,25,30,117,5.0,1,1,1,1,1,49,29,78,80,39,95,7,5,68,79,64,80,76,26,32,107,15,109,1,27,36,1.0
2022-23,1610612740,NOP,New Orleans Pelicans,0022200175,2022-11-10T00:00:00,NOP vs. POR,L,48.0,33,79,0.418,10,28,0.357,19,24,0.792,9,36,45,19,17.0,3,5,2,21,14,95,-11.0,1,50,50,50,8,91,81,86,52,55,49,46,44,47,57,30,40,85,67,89,25,9,45,88,90,75,1.0
2022-23,1610612755,PHI,Philadelphia 76ers,0022200173,2022-11-10T00:00:00,PHI @ ATL,L,48.0,32,83,0.386,6,30,0.2,25,30,0.833,9,36,45,15,17.0,10,5,2,22,22,95,-9.0,1,70,70,70,8,92,47,101,96,67,101,18,17,49,44,19,23,101,80,21,40,10,61,24,95,85,1.0
2022-23,1610612757,POR,Portland Trail Blazers,0022200175,2022-11-10T00:00:00,POR @ NOP,W,48.0,37,85,0.435,12,34,0.353,20,26,0.769,11,35,46,25,9.0,8,2,5,14,21,106,11.0,1,1,1,1,3,61,42,70,47,49,48,41,38,54,22,20,15,35,5,29,80,48,2,38,61,16,1.0
2022-23,1610612764,WAS,Washington Wizards,0022200172,2022-11-10T00:00:00,WAS vs. DAL,W,48.0,41,84,0.488,12,30,0.4,19,20,0.95,8,44,52,25,17.0,5,5,1,21,13,113,8.0,1,1,1,1,4,46,50,41,31,50,27,30,54,5,52,3,8,42,65,63,36,2,59,91,42,25,1.0
2022-23,1610612738,BOS,Boston Celtics,0022200176,2022-11-11T00:00:00,BOS vs. DEN,W,48.0,50,90,0.556,16,37,0.432,15,20,0.75,10,36,46,30,7.0,3,5,1,19,16,131,19.0,1,1,1,1,15,7,38,10,45,79,28,65,62,80,42,43,43,17,2,96,49,3,54,82,13,16,1.0
2022-23,1610612739,CLE,Cleveland Cavaliers,0022200182,2022-11-11T00:00:00,CLE @ GSW,L,48.0,37,92,0.402,8,30,0.267,19,26,0.731,14,32,46,25,13.0,6,3,3,17,27,101,-5.0,1,57,57,57,8,73,9,88,72,51,79,31,19,69,8,34,19,38,39,61,68,17,23,6,76,69,1.0
2022-23,1610612743,DEN,Denver Nuggets,0022200176,2022-11-11T00:00:00,DEN @ BOS,L,48.0,42,92,0.457,12,29,0.414,16,20,0.8,11,27,38,26,6.0,3,1,5,16,19,112,-19.0,1,75,75,75,5,58,15,86,46,70,32,62,67,44,37,96,84,73,1,105,103,64,22,57,66,104,1.0
2022-23,1610612765,DET,Detroit Pistons,0022200178,2022-11-11T00:00:00,DET @ NYK,L,48.0,37,80,0.463,7,31,0.226,31,41,0.756,12,31,43,22,15.0,6,6,3,23,31,112,-9.0,1,21,21,21,5,53,73,37,77,55,85,4,3,60,28,41,33,54,43,54,13,13,52,3,34,46,1.0
2022-23,1610612744,GSW,Golden State Warriors,0022200182,2022-11-11T00:00:00,GSW vs. CLE,W,48.0,40,82,0.488,15,36,0.417,11,14,0.786,8,36,44,29,15.0,5,3,3,27,17,106,5.0,1,1,1,1,6,67,88,45,54,80,30,89,95,53,77,32,52,50,36,82,64,29,99,67,83,44,1.0
2022-23,1610612747,LAL,Los Angeles Lakers,0022200183,2022-11-11T00:00:00,LAL vs. SAC,L,48.0,42,88,0.477,10,25,0.4,20,26,0.769,14,27,41,22,14.0,11,5,4,22,17,114,-6.0,1,59,59,59,10,46,59,57,54,91,30,56,55,59,8,106,80,82,48,8,42,39,92,96,59,77,1.0
2022-23,1610612763,MEM,Memphis Grizzlies,0022200181,2022-11-11T00:00:00,MEM vs. MIN,W,48.0,44,88,0.5,7,33,0.212,19,27,0.704,15,31,46,25,14.0,8,3,4,19,25,114,11.0,1,1,1,1,6,39,67,27,89,51,93,35,32,76,20,73,49,50,48,47,76,26,34,16,49,29,1.0
2022-23,1610612749,MIL,Milwaukee Bucks,0022200180,2022-11-11T00:00:00,MIL @ SAS,L,48.0,32,98,0.327,12,43,0.279,17,23,0.739,21,27,48,22,17.0,7,5,13,14,22,93,-18.0,1,63,63,63,7,93,13,97,69,30,82,39,42,56,2,94,45,67,65,34,36,97,11,23,93,86,1.0
2022-23,1610612750,MIN,Minnesota Timberwolves,0022200181,2022-11-11T00:00:00,MIN @ MEM,L,48.0,37,79,0.468,10,30,0.333,19,22,0.864,7,26,33,29,15.0,10,4,3,25,19,103,-11.0,1,51,51,51,8,83,85,58,59,63,56,44,57,8,67,87,90,21,41,24,60,22,77,60,83,81,1.0
2022-23,1610612752,NYK,New York Knicks,0022200178,2022-11-11T00:00:00,NYK vs. DET,W,48.0,42,94,0.447,10,40,0.25,27,29,0.931,16,31,47,23,11.0,7,3,6,31,23,121,9.0,1,1,1,1,11,41,24,65,66,22,90,10,28,4,19,75,45,44,25,38,61,75,101,24,27,32,1.0
2022-23,1610612760,OKC,Oklahoma City Thunder,0022200179,2022-11-11T00:00:00,OKC vs. TOR,W,48.0,52,93,0.559,15,36,0.417,13,17,0.765,15,29,44,31,19.0,10,6,4,27,16,132,19.0,1,1,1,1,7,5,36,6,18,38,23,83,83,66,11,67,41,6,85,20,14,25,90,85,12,9,1.0
2022-23,1610612753,ORL,Orlando Magic,0022200177,2022-11-11T00:00:00,ORL vs. PHX,W,48.0,43,82,0.524,15,33,0.455,13,15,0.867,9,41,50,23,15.0,2,4,4,11,14,114,17.0,1,1,1,1,5,19,62,12,8,35,8,82,88,16,51,6,10,42,41,88,48,29,1,90,32,4,1.0
2022-23,1610612756,PHX,Phoenix Suns,0022200177,2022-11-11T00:00:00,PHX @ ORL,L,48.0,38,95,0.4,13,42,0.31,8,9,0.889,11,27,38,22,11.0,7,4,4,14,11,97,-17.0,1,56,56,56,5,78,14,93,29,7,72,98,98,16,53,84,77,82,22,43,61,45,5,100,91,91,1.0
2022-23,1610612758,SAC,Sacramento Kings,0022200183,2022-11-11T00:00:00,SAC @ LAL,W,48.0,45,87,0.517,12,36,0.333,18,21,0.857,10,30,40,27,15.0,10,4,5,17,22,120,6.0,1,1,1,1,6,38,52,32,55,56,62,53,65,22,44,69,63,42,56,15,30,63,17,41,45,42,1.0
2022-23,1610612759,SAS,San Antonio Spurs,0022200180,2022-11-11T00:00:00,SAS vs. MIL,W,48.0,43,85,0.506,12,31,0.387,13,15,0.867,9,41,50,22,19.0,3,13,5,22,14,111,18.0,1,1,1,1,7,40,70,24,31,51,26,57,77,10,65,2,12,74,72,84,1,37,65,78,46,3,1.0
2022-23,1610612761,TOR,Toronto Raptors,0022200179,2022-11-11T00:00:00,TOR @ OKC,L,48.0,38,88,0.432,11,30,0.367,26,36,0.722,14,25,39,20,16.0,13,4,6,16,27,113,-19.0,1,49,49,49,8,63,50,66,33,55,28,11,7,69,31,82,71,67,78,9,51,71,8,6,41,90,1.0
2022-23,1610612737,ATL,Atlanta Hawks,0022200188,2022-11-12T00:00:00,ATL @ PHI,L,48.0,40,89,0.449,6,24,0.25,23,27,0.852,12,31,43,20,19.0,4,2,5,19,26,109,-12.0,1,49,49,49,7,73,60,70,89,88,83,14,19,30,35,63,50,84,93,84,87,43,49,3,71,83,1.0
2022-23,1610612738,BOS,Boston Celtics,0022200186,2022-11-12T00:00:00,BOS @ DET,W,48.0,39,91,0.429,18,48,0.375,21,24,0.875,9,33,42,27,7.0,6,4,3,17,23,117,9.0,1,1,1,1,15,73,30,92,30,18,55,29,38,27,52,66,73,45,2,47,69,27,32,16,51,42,1.0
2022-23,1610612751,BKN,Brooklyn Nets,0022200184,2022-11-12T00:00:00,BKN @ LAC,W,48.0,40,83,0.482,16,35,0.457,14,21,0.667,6,35,41,27,13.0,9,6,6,18,17,110,15.0,1,1,1,1,3,48,47,47,12,31,13,65,53,86,57,18,39,22,35,26,37,79,18,63,52,14,1.0
2022-23,1610612766,CHA,Charlotte Hornets,0022200189,2022-11-12T00:00:00,CHA @ MIA,L,48.0,46,90,0.511,9,31,0.29,14,16,0.875,4,33,37,25,12.0,4,3,5,21,19,115,-17.0,1,30,30,30,6,14,40,17,57,53,57,67,79,10,89,46,77,37,22,78,70,38,53,53,26,73,1.0
2022-23,1610612742,DAL,Dallas Mavericks,0022200190,2022-11-12T00:00:00,DAL vs. POR,W,48.0,41,81,0.506,14,43,0.326,21,26,0.808,7,33,40,26,11.0,8,2,2,27,21,117,5.0,1,1,1,1,10,34,56,25,45,29,64,29,36,28,44,27,31,19,25,18,70,15,82,48,34,22,1.0
2022-23,1610612765,DET,Detroit Pistons,0022200186,2022-11-12T00:00:00,DET vs. BOS,L,48.0,37,89,0.416,16,38,0.421,18,21,0.857,11,39,50,23,14.0,4,3,4,23,17,108,-9.0,1,21,21,21,5,53,31,66,10,17,22,48,61,12,36,6,13,39,31,76,47,20,52,75,48,46,1.0
2022-23,1610612745,HOU,Houston Rockets,0022200191,2022-11-12T00:00:00,HOU @ NOP,L,48.0,40,79,0.506,12,36,0.333,14,18,0.778,10,33,43,24,26.0,7,4,1,23,23,106,-13.0,1,28,28,28,3,42,84,12,23,23,37,69,74,29,70,40,64,27,91,46,41,1,64,21,58,60,1.0
2022-23,1610612754,IND,Indiana Pacers,0022200187,2022-11-12T00:00:00,IND vs. TOR,W,48.0,41,82,0.5,19,43,0.442,17,23,0.739,11,40,51,33,21.0,4,6,8,23,18,118,14.0,1,1,1,1,4,43,74,26,7,15,17,55,46,63,36,3,6,6,86,81,28,74,59,65,37,5,1.0
2022-23,1610612748,MIA,Miami Heat,0022200189,2022-11-12T00:00:00,MIA vs. CHA,W,48.0,49,93,0.527,16,41,0.39,18,21,0.857,9,37,46,32,12.0,7,5,3,19,21,132,17.0,1,1,1,1,7,4,18,13,11,15,32,59,69,44,63,14,18,6,44,59,10,29,57,50,2,11,1.0
2022-23,1610612740,NOP,New Orleans Pelicans,0022200191,2022-11-12T00:00:00,NOP vs. HOU,W,48.0,42,86,0.488,8,29,0.276,27,31,0.871,12,24,36,28,12.0,13,1,4,23,23,119,13.0,1,1,1,1,8,36,46,40,67,47,79,10,18,17,30,89,81,27,22,5,84,31,68,21,28,22,1.0
2022-23,1610612755,PHI,Philadelphia 76ers,0022200188,2022-11-12T00:00:00,PHI vs. ATL,W,48.0,44,80,0.55,8,24,0.333,25,31,0.806,2,29,31,24,12.0,10,5,2,26,19,121,12.0,1,1,1,1,8,22,67,11,87,97,70,18,13,72,105,72,99,49,32,21,40,10,94,54,21,21,1.0
2022-23,1610612757,POR,Portland Trail Blazers,0022200190,2022-11-12T00:00:00,POR @ DAL,L,48.0,36,80,0.45,13,31,0.419,27,35,0.771,12,32,44,20,12.0,6,2,2,21,27,112,-5.0,1,39,39,39,3,68,65,56,35,66,23,10,8,51,13,38,29,63,21,45,80,7,52,12,39,47,1.0
2022-23,1610612761,TOR,Toronto Raptors,0022200187,2022-11-12T00:00:00,TOR @ IND,L,48.0,37,94,0.394,7,35,0.2,23,29,0.793,16,27,43,14,12.0,12,8,6,18,23,104,-14.0,1,49,49,49,8,70,25,85,78,23,90,17,21,41,18,68,45,90,41,13,10,71,24,21,70,83,1.0
2022-23,1610612762,UTA,Utah Jazz,0022200185,2022-11-12T00:00:00,UTA @ WAS,L,48.0,44,94,0.468,14,40,0.35,10,11,0.909,7,35,42,33,12.0,4,3,8,17,14,112,-9.0,1,42,42,42,6,29,18,46,35,28,41,84,90,7,82,38,65,3,15,70,68,82,13,88,57,72,1.0
2022-23,1610612764,WAS,Washington Wizards,0022200185,2022-11-12T00:00:00,WAS vs. UTA,W,48.0,44,88,0.5,16,36,0.444,17,20,0.85,6,40,46,27,9.0,6,8,3,14,17,121,9.0,1,1,1,1,4,23,29,33,8,19,16,48,54,27,68,7,29,24,8,50,14,15,6,62,15,23,1.0
2022-23,1610612751,BKN,Brooklyn Nets,0022200198,2022-11-13T00:00:00,BKN @ LAL,L,48.0,36,80,0.45,7,27,0.259,24,31,0.774,8,33,41,22,13.0,5,5,2,17,22,103,-13.0,1,51,51,51,3,72,66,63,89,80,87,11,10,59,40,33,39,62,35,66,53,10,15,18,68,81,1.0
2022-23,1610612741,CHI,Chicago Bulls,0022200196,2022-11-13T00:00:00,CHI vs. DEN,L,48.0,40,81,0.494,6,22,0.273,17,21,0.81,8,28,36,24,19.0,9,4,3,19,17,103,-23.0,1,49,49,49,8,62,72,46,80,82,71,47,53,51,41,75,73,46,79,24,41,14,43,60,70,88,1.0
2022-23,1610612739,CLE,Cleveland Cavaliers,0022200193,2022-11-13T00:00:00,CLE vs. MIN,L,48.0,40,89,0.449,17,34,0.5,27,39,0.692,16,24,40,22,10.0,6,1,4,22,30,124,-5.0,1,57,57,57,8,52,21,71,6,27,6,5,2,78,3,90,51,61,15,61,93,30,72,4,7,69,1.0
2022-23,1610612743,DEN,Denver Nuggets,0022200196,2022-11-13T00:00:00,DEN @ CHI,W,48.0,48,80,0.6,13,27,0.481,17,21,0.81,5,31,36,33,16.0,11,3,4,17,19,126,23.0,1,1,1,1,5,13,91,5,35,84,11,45,56,39,101,68,94,14,71,11,77,44,31,57,14,7,1.0
2022-23,1610612744,GSW,Golden State Warriors,0022200197,2022-11-13T00:00:00,GSW @ SAC,L,48.0,42,90,0.467,16,47,0.34,15,16,0.938,8,35,43,27,18.0,5,5,2,20,17,115,-7.0,1,55,55,55,6,50,50,58,47,28,71,55,80,5,77,36,57,65,74,82,30,12,28,67,62,72,1.0
2022-23,1610612747,LAL,Los Angeles Lakers,0022200198,2022-11-13T00:00:00,LAL vs. BKN,W,48.0,44,91,0.484,11,27,0.407,17,20,0.85,12,33,45,25,9.0,3,2,5,22,17,116,13.0,1,1,1,1,10,36,38,48,37,78,27,77,85,23,22,69,51,48,11,105,97,54,92,96,49,16,1.0
2022-23,1610612763,MEM,Memphis Grizzlies,0022200194,2022-11-13T00:00:00,MEM @ WAS,L,48.0,38,96,0.396,9,28,0.321,7,10,0.7,14,37,51,21,17.0,7,6,6,24,15,92,-10.0,1,61,61,61,6,73,22,91,68,85,62,99,98,79,29,29,20,82,75,61,38,58,87,90,94,79,1.0
2022-23,1610612750,MIN,Minnesota Timberwolves,0022200193,2022-11-13T00:00:00,MIN @ CLE,W,48.0,46,82,0.561,12,24,0.5,25,34,0.735,11,36,47,30,13.0,5,4,1,30,22,129,5.0,1,1,1,1,8,17,68,12,39,89,7,8,5,62,21,23,17,17,26,81,60,5,97,28,9,34,1.0
2022-23,1610612752,NYK,New York Knicks,0022200192,2022-11-13T00:00:00,NYK vs. OKC,L,48.0,48,97,0.495,10,31,0.323,29,33,0.879,13,22,35,25,13.0,13,2,5,18,27,135,-10.0,1,60,60,60,11,11,12,28,66,71,57,2,8,11,40,102,94,29,46,5,81,55,32,4,6,87,1.0
2022-23,1610612760,OKC,Oklahoma City Thunder,0022200192,2022-11-13T00:00:00,OKC @ NYK,W,48.0,55,88,0.625,17,31,0.548,18,20,0.9,4,34,38,31,19.0,9,5,2,27,18,145,10.0,1,1,1,1,7,3,62,1,8,66,2,46,68,11,97,35,78,6,85,29,30,5,90,68,3,25,1.0
2022-23,1610612755,PHI,Philadelphia 76ers,0022200195,2022-11-13T00:00:00,PHI vs. UTA,W,48.0,40,83,0.482,4,23,0.174,21,26,0.808,8,31,39,21,12.0,12,14,4,19,17,105,7.0,1,1,1,1,8,42,47,50,104,100,105,47,43,70,57,59,61,70,32,10,1,33,32,68,69,40,1.0
2022-23,1610612758,SAC,Sacramento Kings,0022200197,2022-11-13T00:00:00,SAC vs. GSW,W,48.0,47,91,0.516,16,37,0.432,12,19,0.632,9,36,45,31,16.0,8,2,5,17,20,122,7.0,1,1,1,1,6,18,31,34,26,53,19,90,73,93,59,25,34,17,67,41,71,63,17,58,40,37,1.0
2022-23,1610612762,UTA,Utah Jazz,0022200195,2022-11-13T00:00:00,UTA @ PHI,L,48.0,37,94,0.394,11,37,0.297,13,23,0.565,18,32,50,23,18.0,3,4,14,17,19,98,-7.0,1,42,42,42,6,77,18,84,58,46,65,73,46,88,8,55,19,62,67,82,56,93,13,62,82,62,1.0
2022-23,1610612764,WAS,Washington Wizards,0022200194,2022-11-13T00:00:00,WAS vs. MEM,W,48.0,36,86,0.419,19,40,0.475,11,21,0.524,9,38,47,26,15.0,9,6,6,15,24,102,10.0,1,1,1,1,4,76,37,81,1,9,11,80,49,90,40,13,26,35,50,16,24,58,9,13,72,19,1.0
2022-23,1610612737,ATL,Atlanta Hawks,0022200204,2022-11-14T00:00:00,ATL @ MIL,W,48.0,44,92,0.478,7,20,0.35,26,30,0.867,13,32,45,23,9.0,4,4,3,23,26,121,15.0,1,1,1,1,7,45,45,44,82,96,51,6,9,28,29,57,39,62,8,84,51,14,80,3,35,13,1.0
2022-23,1610612738,BOS,Boston Celtics,0022200201,2022-11-14T00:00:00,BOS vs. OKC,W,48.0,46,96,0.479,10,37,0.27,24,29,0.828,10,36,46,25,14.0,15,7,6,20,21,126,4.0,1,1,1,1,15,21,15,49,99,79,100,14,14,51,42,43,43,64,55,1,23,83,63,33,22,60,1.0
2022-23,1610612766,CHA,Charlotte Hornets,0022200200,2022-11-14T00:00:00,CHA @ ORL,W,48.0,42,88,0.477,7,35,0.2,21,24,0.875,14,23,37,22,13.0,15,7,7,23,18,112,7.0,1,1,1,1,6,33,48,34,76,25,86,21,42,10,19,90,77,62,27,2,15,58,67,63,37,13,1.0
2022-23,1610612765,DET,Detroit Pistons,0022200199,2022-11-14T00:00:00,DET vs. TOR,L,48.0,35,77,0.455,10,31,0.323,31,43,0.721,11,28,39,23,19.0,8,2,8,23,27,111,-4.0,1,21,21,21,5,72,84,48,54,55,56,4,2,70,36,69,60,39,72,28,70,73,52,7,39,30,1.0
2022-23,1610612744,GSW,Golden State Warriors,0022200205,2022-11-14T00:00:00,GSW vs. SAS,W,48.0,47,88,0.534,23,45,0.511,15,16,0.938,5,35,40,35,13.0,9,3,6,17,17,132,37.0,1,1,1,1,6,16,59,14,6,36,4,55,80,5,101,36,78,13,16,22,64,81,7,67,8,2,1.0
2022-23,1610612745,HOU,Houston Rockets,0022200203,2022-11-14T00:00:00,HOU vs. LAC,L,48.0,39,86,0.453,9,30,0.3,19,31,0.613,10,30,40,20,14.0,11,3,4,22,23,106,-16.0,1,28,28,28,3,51,60,45,54,55,59,38,14,85,70,62,73,59,23,10,58,11,53,21,58,68,1.0
2022-23,1610612748,MIA,Miami Heat,0022200202,2022-11-14T00:00:00,MIA vs. PHX,W,48.0,38,83,0.458,15,33,0.455,22,25,0.88,17,25,42,23,15.0,6,4,4,10,22,113,1.0,1,1,1,1,7,62,67,53,21,67,14,29,39,32,3,98,50,56,78,86,25,51,3,37,35,64,1.0
2022-23,1610612749,MIL,Milwaukee Bucks,0022200204,2022-11-14T00:00:00,MIL vs. ATL,L,48.0,34,82,0.415,6,29,0.207,32,41,0.78,11,35,46,21,17.0,4,3,4,26,23,106,-15.0,1,63,63,63,7,86,83,81,96,91,96,1,3,38,40,54,53,79,65,76,64,48,93,18,68,82,1.0
2022-23,1610612760,OKC,Oklahoma City Thunder,0022200201,2022-11-14T00:00:00,OKC @ BOS,L,48.0,47,98,0.48,11,30,0.367,17,21,0.81,10,41,51,21,20.0,4,6,7,21,20,122,-4.0,1,52,52,52,7,15,12,40,49,72,40,58,58,48,55,5,12,67,92,89,14,67,48,50,29,62,1.0
2022-23,1610612753,ORL,Orlando Magic,0022200200,2022-11-14T00:00:00,ORL vs. CHA,L,48.0,36,88,0.409,14,36,0.389,19,23,0.826,22,26,48,23,22.0,3,7,7,18,23,105,-7.0,1,41,41,41,5,68,31,80,12,18,26,43,55,28,1,80,17,42,89,82,10,70,21,20,62,57,1.0
2022-23,1610612756,PHX,Phoenix Suns,0022200202,2022-11-14T00:00:00,PHX @ MIA,L,48.0,48,99,0.485,14,36,0.389,2,4,0.5,20,25,45,22,14.0,9,4,4,22,10,112,-1.0,1,56,56,56,5,12,9,35,21,26,37,102,102,102,2,94,42,82,48,23,61,45,47,101,52,56,1.0
2022-23,1610612759,SAS,San Antonio Spurs,0022200205,2022-11-14T00:00:00,SAS @ GSW,L,48.0,36,100,0.36,10,40,0.25,13,19,0.684,22,31,53,18,19.0,6,6,3,17,17,95,-37.0,1,25,25,25,7,75,13,89,50,8,82,57,51,70,1,41,5,88,72,57,14,14,15,56,79,87,1.0
2022-23,1610612761,TOR,Toronto Raptors,0022200199,2022-11-14T00:00:00,TOR @ DET,W,48.0,40,82,0.488,8,27,0.296,27,28,0.964,12,30,42,27,17.0,7,8,2,27,23,115,4.0,1,1,1,1,8,53,87,28,69,78,58,9,25,3,47,41,53,19,83,68,10,6,88,21,35,42,1.0
2022-23,1610612751,BKN,Brooklyn Nets,0022200210,2022-11-15T00:00:00,BKN @ SAC,L,48.0,40,81,0.494,11,28,0.393,30,33,0.909,3,26,29,25,17.0,5,3,4,18,24,121,-32.0,1,51,51,51,3,48,61,42,60,73,32,1,5,11,90,84,93,42,72,66,76,46,18,7,23,92,1.0
2022-23,1610612742,DAL,Dallas Mavericks,0022200207,2022-11-15T00:00:00,DAL vs. LAC,W,48.0,35,80,0.438,17,43,0.395,16,24,0.667,8,26,34,20,12.0,12,1,2,20,27,103,2.0,1,1,1,1,10,65,61,63,25,29,31,60,51,66,29,71,69,61,35,5,78,15,38,12,70,34,1.0
2022-23,1610612763,MEM,Memphis Grizzlies,0022200206,2022-11-15T00:00:00,MEM @ NOP,L,48.0,38,92,0.413,9,35,0.257,17,25,0.68,14,37,51,16,11.0,6,8,8,17,20,102,-11.0,1,61,61,61,6,73,41,84,68,43,81,45,39,81,29,29,20,96,17,70,13,81,16,42,84,83,1.0
2022-23,1610612740,NOP,New Orleans Pelicans,0022200206,2022-11-15T00:00:00,NOP vs. MEM,W,48.0,43,91,0.473,18,38,0.474,9,12,0.75,7,36,43,31,10.0,2,8,8,20,17,113,11.0,1,1,1,1,8,30,23,54,4,9,11,91,91,67,79,30,50,10,8,92,2,78,36,73,45,24,1.0
2022-23,1610612752,NYK,New York Knicks,0022200208,2022-11-15T00:00:00,NYK @ UTA,W,48.0,44,93,0.473,11,32,0.344,19,25,0.76,13,30,43,26,14.0,10,3,5,25,22,118,7.0,1,1,1,1,11,30,27,48,54,66,46,47,50,51,40,81,71,21,56,14,61,55,87,36,35,39,1.0
2022-23,1610612757,POR,Portland Trail Blazers,0022200209,2022-11-15T00:00:00,POR vs. SAS,W,48.0,41,79,0.519,15,32,0.469,20,26,0.769,9,30,39,22,17.0,6,3,5,17,25,117,7.0,1,1,1,1,3,38,67,20,23,61,9,41,38,54,47,53,54,51,59,45,63,48,19,18,29,25,1.0
2022-23,1610612758,SAC,Sacramento Kings,0022200210,2022-11-15T00:00:00,SAC vs. BKN,W,48.0,56,94,0.596,20,41,0.488,21,25,0.84,9,34,43,39,17.0,9,4,3,24,18,153,32.0,1,1,1,1,6,2,21,2,7,29,7,36,48,34,59,38,44,1,73,30,30,20,84,75,2,4,1.0
2022-23,1610612759,SAS,San Antonio Spurs,0022200209,2022-11-15T00:00:00,SAS @ POR,L,48.0,44,85,0.518,9,29,0.31,13,17,0.765,11,27,38,34,19.0,7,5,3,25,17,110,-7.0,1,25,25,25,7,36,70,21,63,59,64,57,66,33,51,74,72,5,72,41,25,14,83,56,49,38,1.0
2022-23,1610612762,UTA,Utah Jazz,0022200208,2022-11-15T00:00:00,UTA vs. NYK,L,48.0,36,83,0.434,14,43,0.326,25,30,0.833,15,34,49,29,21.0,7,5,3,22,25,111,-7.0,1,42,42,42,6,80,73,68,35,19,51,10,14,25,19,44,24,21,82,34,43,13,52,15,60,62,1.0
2022-23,1610612737,ATL,Atlanta Hawks,0022200214,2022-11-16T00:00:00,ATL vs. BOS,L,48.0,42,101,0.416,7,32,0.219,10,13,0.769,14,31,45,21,9.0,5,5,8,11,20,101,-25.0,1,49,49,49,7,65,10,88,82,37,91,91,93,73,20,63,39,78,8,65,34,81,2,38,86,95,1.0
2022-23,1610612738,BOS,Boston Celtics,0022200214,2022-11-16T00:00:00,BOS @ ATL,W,48.0,48,88,0.545,21,46,0.457,9,10,0.9,6,43,49,29,15.0,4,8,5,20,11,126,25.0,1,1,1,1,15,13,46,15,10,27,18,102,105,18,90,9,26,23,66,81,13,72,63,108,22,9,1.0
2022-23,1610612766,CHA,Charlotte Hornets,0022200211,2022-11-16T00:00:00,CHA vs. IND,L,48.0,43,94,0.457,12,33,0.364,15,18,0.833,14,30,44,29,18.0,8,4,9,23,18,113,-12.0,1,30,30,30,6,23,24,43,26,36,31,64,71,20,19,64,46,12,70,32,54,76,67,63,32,60,1.0
2022-23,1610612741,CHI,Chicago Bulls,0022200217,2022-11-16T00:00:00,CHI @ NOP,L,48.0,44,89,0.494,11,32,0.344,11,17,0.647,7,30,37,25,12.0,2,1,6,18,18,110,-14.0,1,49,49,49,8,31,25,43,36,22,49,82,77,90,54,67,70,40,28,93,85,61,32,48,55,80,1.0
2022-23,1610612739,CLE,Cleveland Cavaliers,0022200216,2022-11-16T00:00:00,CLE @ MIL,L,48.0,36,84,0.429,12,28,0.429,14,17,0.824,6,28,34,22,8.0,7,7,6,18,16,98,-15.0,1,57,57,57,8,76,51,79,36,63,22,68,76,34,81,63,81,61,5,43,7,65,36,79,80,92,1.0
2022-23,1610612742,DAL,Dallas Mavericks,0022200218,2022-11-16T00:00:00,DAL vs. HOU,L,48.0,31,102,0.304,12,55,0.218,18,19,0.947,13,25,38,21,6.0,9,2,19,19,19,92,-9.0,1,41,41,41,10,83,2,90,66,2,89,44,68,3,5,81,44,53,4,13,70,90,25,66,83,73,1.0
2022-23,1610612743,DEN,Denver Nuggets,0022200219,2022-11-16T00:00:00,DEN vs. NYK,L,48.0,36,82,0.439,14,38,0.368,17,20,0.85,8,34,42,18,15.0,3,5,5,25,18,103,-3.0,1,75,75,75,5,101,81,98,26,9,54,45,67,23,75,42,58,110,63,105,30,64,107,70,92,80,1.0
2022-23,1610612744,GSW,Golden State Warriors,0022200220,2022-11-16T00:00:00,GSW @ PHX,L,48.0,42,92,0.457,18,42,0.429,17,17,1.0,6,34,40,30,17.0,5,3,8,23,22,119,-11.0,1,55,55,55,6,50,32,65,27,55,20,38,73,1,94,44,78,47,63,82,64,99,64,23,47,86,1.0
2022-23,1610612745,HOU,Houston Rockets,0022200218,2022-11-16T00:00:00,HOU @ DAL,W,48.0,35,75,0.467,10,22,0.455,21,24,0.875,9,47,56,21,23.0,1,19,2,19,19,101,9.0,1,1,1,1,3,77,90,35,46,85,8,24,46,9,80,2,7,52,83,89,1,2,29,56,68,10,1.0
2022-23,1610612754,IND,Indiana Pacers,0022200211,2022-11-16T00:00:00,IND @ CHA,W,48.0,44,82,0.537,11,28,0.393,26,31,0.839,7,27,34,27,14.0,11,9,4,18,23,125,12.0,1,1,1,1,4,27,74,8,58,80,30,8,10,24,67,71,78,39,33,10,10,25,11,21,19,8,1.0
2022-23,1610612748,MIA,Miami Heat,0022200215,2022-11-16T00:00:00,MIA @ TOR,L,48.0,36,66,0.545,13,35,0.371,19,22,0.864,4,19,23,19,23.0,5,4,3,20,23,104,-8.0,1,66,66,66,7,81,119,6,36,46,39,51,60,39,117,119,120,95,119,98,25,29,68,25,75,89,1.0
2022-23,1610612749,MIL,Milwaukee Bucks,0022200216,2022-11-16T00:00:00,MIL vs. CLE,W,48.0,41,86,0.477,16,39,0.41,15,27,0.556,13,39,52,26,14.0,5,6,7,16,18,113,15.0,1,1,1,1,7,50,61,41,32,50,31,56,24,93,26,28,22,42,39,56,22,88,27,57,53,13,1.0
2022-23,1610612750,MIN,Minnesota Timberwolves,0022200212,2022-11-16T00:00:00,MIN @ ORL,W,48.0,46,88,0.523,12,36,0.333,22,28,0.786,8,32,40,28,11.0,15,6,5,15,26,126,18.0,1,1,1,1,8,17,37,21,39,28,56,18,24,38,52,54,56,29,9,2,29,53,3,3,16,7,1.0
2022-23,1610612740,NOP,New Orleans Pelicans,0022200217,2022-11-16T00:00:00,NOP vs. CHI,W,48.0,43,85,0.506,17,33,0.515,21,24,0.875,12,34,46,30,15.0,4,6,1,18,18,124,14.0,1,1,1,1,8,30,55,26,7,27,5,32,44,16,30,39,34,15,42,85,14,2,19,63,18,20,1.0
2022-23,1610612752,NYK,New York Knicks,0022200219,2022-11-16T00:00:00,NYK @ DEN,W,48.0,37,84,0.44,8,34,0.235,24,31,0.774,6,34,40,24,8.0,12,5,5,18,25,106,3.0,1,1,1,1,11,71,68,69,85,52,95,18,18,42,96,36,84,37,4,9,25,55,32,8,67,50,1.0
2022-23,1610612760,OKC,Oklahoma City Thunder,0022200213,2022-11-16T00:00:00,OKC @ WAS,W,48.0,44,81,0.543,16,31,0.516,17,26,0.654,9,28,37,24,15.0,4,7,5,22,20,121,1.0,1,1,1,1,7,32,85,7,14,66,4,58,27,89,68,76,85,44,64,89,10,41,60,50,30,49,1.0
2022-23,1610612753,ORL,Orlando Magic,0022200212,2022-11-16T00:00:00,ORL vs. MIN,L,48.0,42,93,0.452,9,35,0.257,15,17,0.882,12,35,47,21,16.0,6,5,6,26,15,108,-18.0,1,41,41,41,5,26,16,60,60,22,76,70,82,12,25,30,23,58,47,63,33,58,81,87,53,81,1.0
2022-23,1610612756,PHX,Phoenix Suns,0022200220,2022-11-16T00:00:00,PHX vs. GSW,W,48.0,44,86,0.512,21,40,0.525,21,25,0.84,8,39,47,33,16.0,5,8,3,22,23,130,11.0,1,1,1,1,5,29,68,19,3,11,5,24,33,33,77,9,33,7,75,74,11,24,47,23,7,29,1.0
2022-23,1610612761,TOR,Toronto Raptors,0022200215,2022-11-16T00:00:00,TOR vs. MIA,W,48.0,44,86,0.512,7,26,0.269,17,22,0.773,16,26,42,23,14.0,5,3,4,23,20,112,8.0,1,1,1,1,8,28,66,14,78,81,73,50,50,48,18,76,53,45,60,85,69,33,68,39,48,31,1.0
2022-23,1610612764,WAS,Washington Wizards,0022200213,2022-11-16T00:00:00,WAS vs. OKC,L,48.0,44,86,0.512,17,34,0.5,15,17,0.882,11,30,41,32,19.0,8,5,7,20,22,120,-1.0,1,40,40,40,4,23,37,26,5,27,5,56,72,16,30,71,55,7,82,28,36,71,50,24,18,40,1.0
2022-23,1610612751,BKN,Brooklyn Nets,0022200221,2022-11-17T00:00:00,BKN @ POR,W,48.0,40,79,0.506,11,29,0.379,18,23,0.783,5,42,47,32,17.0,4,5,5,24,22,109,2.0,1,1,1,1,3,48,77,33,60,67,42,43,39,54,65,3,11,7,72,76,53,66,67,18,53,44,1.0
2022-23,1610612765,DET,Detroit Pistons,0022200223,2022-11-17T00:00:00,DET @ LAC,L,48.0,33,88,0.375,6,31,0.194,19,24,0.792,10,33,43,15,13.0,9,7,1,26,21,91,-5.0,1,21,21,21,5,78,39,87,85,55,89,41,47,41,45,28,33,87,21,14,5,2,71,38,82,32,1.0
2022-23,1610612757,POR,Portland Trail Blazers,0022200221,2022-11-17T00:00:00,POR vs. BKN,L,48.0,36,93,0.387,13,36,0.361,22,27,0.815,8,31,39,22,10.0,9,5,5,22,24,107,-2.0,1,39,39,39,3,68,7,86,35,36,45,28,31,33,59,44,54,51,11,17,32,48,58,22,56,41,1.0
2022-23,1610612758,SAC,Sacramento Kings,0022200222,2022-11-17T00:00:00,SAC vs. SAS,W,48.0,48,83,0.578,12,30,0.4,22,24,0.917,6,31,37,28,12.0,7,1,6,15,22,130,18.0,1,1,1,1,6,12,76,5,55,86,30,31,55,10,83,62,83,35,32,52,89,74,9,41,21,15,1.0
2022-23,1610612759,SAS,San Antonio Spurs,0022200222,2022-11-17T00:00:00,SAS @ SAC,L,48.0,46,84,0.548,11,26,0.423,9,12,0.75,7,25,32,29,19.0,8,6,1,22,15,112,-18.0,1,25,25,25,7,23,76,9,38,74,12,86,90,40,79,85,91,27,72,25,14,4,65,71,42,67,1.0
2022-23,1610612738,BOS,Boston Celtics,0022200231,2022-11-18T00:00:00,BOS @ NOP,W,48.0,41,85,0.482,20,46,0.435,15,17,0.882,11,35,46,28,17.0,6,3,3,13,18,117,8.0,1,1,1,1,15,56,70,48,16,27,26,65,78,22,29,54,43,33,89,47,87,27,6,58,51,48,1.0
2022-23,1610612766,CHA,Charlotte Hornets,0022200225,2022-11-18T00:00:00,CHA @ CLE,L,58.0,44,110,0.4,14,44,0.318,20,24,0.833,17,36,53,24,16.0,11,6,8,33,25,122,-10.0,1,30,30,30,1,20,3,73,10,3,50,25,42,20,5,25,7,50,56,10,27,67,92,9,10,54,1.0
2022-23,1610612741,CHI,Chicago Bulls,0022200227,2022-11-18T00:00:00,CHI vs. ORL,L,48.0,41,89,0.461,5,21,0.238,20,25,0.8,13,33,46,27,11.0,6,6,7,19,25,107,-1.0,1,49,49,49,8,54,25,68,86,86,82,27,21,54,9,46,25,28,19,62,19,72,43,7,64,49,1.0
2022-23,1610612739,CLE,Cleveland Cavaliers,0022200225,2022-11-18T00:00:00,CLE vs. CHA,W,58.0,49,92,0.533,8,28,0.286,26,32,0.813,7,43,50,25,20.0,8,8,6,25,33,132,10.0,1,1,1,1,1,2,9,16,72,63,70,6,9,37,73,1,4,38,90,29,3,65,92,1,2,31,1.0
2022-23,1610612742,DAL,Dallas Mavericks,0022200230,2022-11-18T00:00:00,DAL vs. DEN,W,48.0,46,77,0.597,13,32,0.406,22,28,0.786,6,38,44,29,10.0,5,3,1,19,20,127,28.0,1,1,1,1,10,9,71,2,55,81,28,21,24,37,59,6,14,6,18,54,44,7,25,58,11,2,1.0
2022-23,1610612743,DEN,Denver Nuggets,0022200230,2022-11-18T00:00:00,DEN @ DAL,L,48.0,38,90,0.422,10,30,0.333,13,18,0.722,13,23,36,24,13.0,4,1,3,20,19,99,-28.0,1,75,75,75,5,92,22,102,72,64,70,85,82,75,21,110,94,81,40,97,103,22,65,57,96,111,1.0
2022-23,1610612765,DET,Detroit Pistons,0022200234,2022-11-18T00:00:00,DET @ LAL,L,48.0,43,92,0.467,11,34,0.324,24,32,0.75,10,27,37,27,11.0,9,4,7,30,24,121,-7.0,1,21,21,21,5,16,17,33,45,31,54,25,18,61,45,72,69,13,9,14,32,64,86,18,13,42,1.0
2022-23,1610612744,GSW,Golden State Warriors,0022200233,2022-11-18T00:00:00,GSW vs. NYK,W,48.0,41,91,0.451,18,50,0.36,11,20,0.55,12,39,51,32,18.0,8,3,7,26,16,111,10.0,1,1,1,1,6,60,39,68,27,12,60,89,52,105,30,19,17,27,74,35,64,91,91,81,74,29,1.0
2022-23,1610612745,HOU,Houston Rockets,0022200228,2022-11-18T00:00:00,HOU vs. IND,L,48.0,29,86,0.337,6,28,0.214,27,32,0.844,14,35,49,15,17.0,8,4,10,24,26,91,-8.0,1,28,28,28,3,88,60,89,81,65,86,9,12,16,35,27,23,86,52,41,41,84,71,7,85,42,1.0
2022-23,1610612754,IND,Indiana Pacers,0022200228,2022-11-18T00:00:00,IND @ HOU,W,48.0,33,82,0.402,12,41,0.293,21,27,0.778,12,33,45,25,15.0,8,10,4,26,24,99,8.0,1,1,1,1,4,88,74,80,46,22,69,29,27,49,25,35,24,56,40,35,5,25,80,12,82,19,1.0
2022-23,1610612747,LAL,Los Angeles Lakers,0022200234,2022-11-18T00:00:00,LAL vs. DET,W,48.0,43,78,0.551,7,20,0.35,35,40,0.875,7,37,44,29,16.0,2,7,4,24,30,128,7.0,1,1,1,1,10,41,102,8,93,107,51,2,5,14,85,41,57,15,73,109,20,39,102,5,14,36,1.0
2022-23,1610612763,MEM,Memphis Grizzlies,0022200229,2022-11-18T00:00:00,MEM vs. OKC,W,48.0,39,93,0.419,14,39,0.359,29,40,0.725,17,40,57,26,11.0,4,7,9,13,28,121,11.0,1,1,1,1,6,68,34,82,21,16,38,3,3,67,11,10,6,40,17,92,22,91,5,7,32,29,1.0
2022-23,1610612748,MIA,Miami Heat,0022200224,2022-11-18T00:00:00,MIA @ WAS,L,53.0,35,98,0.357,11,43,0.256,25,32,0.781,10,43,53,23,10.0,6,4,4,15,25,106,-1.0,1,66,66,66,1,84,5,115,65,11,108,17,9,84,49,1,2,56,17,86,25,51,17,10,69,66,1.0
2022-23,1610612749,MIL,Milwaukee Bucks,0022200226,2022-11-18T00:00:00,MIL @ PHI,L,48.0,41,90,0.456,12,36,0.333,8,21,0.381,8,34,42,22,13.0,8,7,5,18,18,102,-8.0,1,63,63,63,7,50,39,55,69,67,66,92,50,96,65,64,73,67,29,19,14,65,44,57,79,73,1.0
2022-23,1610612740,NOP,New Orleans Pelicans,0022200231,2022-11-18T00:00:00,NOP vs. BOS,L,48.0,43,87,0.494,13,35,0.371,10,13,0.769,7,30,37,24,13.0,13,3,3,18,13,109,-8.0,1,50,50,50,8,30,41,36,19,18,43,89,89,59,79,56,78,58,27,5,63,18,19,91,60,64,1.0
2022-23,1610612752,NYK,New York Knicks,0022200233,2022-11-18T00:00:00,NYK @ GSW,L,48.0,30,87,0.345,9,34,0.265,32,34,0.941,13,32,45,16,16.0,8,7,3,16,26,101,-10.0,1,60,60,60,11,97,57,100,77,52,88,1,5,2,40,61,59,90,76,25,12,22,16,6,83,87,1.0
2022-23,1610612760,OKC,Oklahoma City Thunder,0022200229,2022-11-18T00:00:00,OKC @ MEM,L,48.0,45,96,0.469,11,34,0.324,9,11,0.818,8,35,43,34,11.0,5,9,7,28,13,110,-11.0,1,52,52,52,7,24,20,46,49,49,66,94,95,42,79,28,48,4,23,81,3,67,97,96,65,85,1.0
2022-23,1610612753,ORL,Orlando Magic,0022200227,2022-11-18T00:00:00,ORL @ CHI,W,48.0,38,77,0.494,12,28,0.429,20,22,0.909,6,35,41,25,16.0,4,7,6,25,19,108,1.0,1,1,1,1,5,60,82,31,27,65,15,34,61,6,80,30,58,23,47,79,10,58,75,56,53,39,1.0
2022-23,1610612755,PHI,Philadelphia 76ers,0022200226,2022-11-18T00:00:00,PHI vs. MIL,W,48.0,40,78,0.513,13,28,0.464,17,26,0.654,6,35,41,28,18.0,5,5,7,18,18,110,8.0,1,1,1,1,8,42,79,24,41,80,17,67,43,103,81,24,50,19,83,84,40,83,30,61,61,36,1.0
2022-23,1610612756,PHX,Phoenix Suns,0022200232,2022-11-18T00:00:00,PHX @ UTA,L,48.0,49,94,0.521,9,30,0.3,26,28,0.929,12,30,42,29,14.0,7,6,3,25,28,133,-1.0,1,56,56,56,5,6,22,14,72,62,80,8,20,8,42,66,58,31,48,43,35,24,79,7,3,56,1.0
2022-23,1610612762,UTA,Utah Jazz,0022200232,2022-11-18T00:00:00,UTA vs. PHX,W,48.0,51,91,0.56,16,31,0.516,16,24,0.667,11,25,36,32,17.0,6,3,6,28,25,134,1.0,1,1,1,1,6,3,29,1,16,78,2,60,40,76,46,89,88,6,58,44,68,57,88,15,3,34,1.0
2022-23,1610612764,WAS,Washington Wizards,0022200224,2022-11-18T00:00:00,WAS vs. MIA,W,53.0,41,96,0.427,15,46,0.326,10,14,0.714,8,46,54,33,16.0,6,4,4,25,15,107,1.0,1,1,1,1,1,46,11,75,14,2,52,86,84,70,52,2,3,4,57,50,54,27,84,80,62,38,1.0
2022-23,1610612737,ATL,Atlanta Hawks,0022200235,2022-11-19T00:00:00,ATL vs. TOR,W,53.0,46,92,0.5,7,25,0.28,25,32,0.781,11,39,50,23,15.0,5,5,6,20,25,124,2.0,1,1,1,1,2,29,45,27,82,85,78,10,7,68,46,8,15,62,67,65,34,58,57,8,26,39,1.0
2022-23,1610612754,IND,Indiana Pacers,0022200236,2022-11-19T00:00:00,IND vs. ORL,W,48.0,41,90,0.456,18,46,0.391,14,19,0.737,12,30,42,27,15.0,5,6,6,18,17,114,1.0,1,1,1,1,4,43,38,54,12,6,32,70,72,64,25,52,40,39,40,69,28,49,11,71,47,37,1.0
2022-23,1610612750,MIN,Minnesota Timberwolves,0022200237,2022-11-19T00:00:00,MIN @ PHI,W,48.0,40,85,0.471,12,36,0.333,20,24,0.833,8,35,43,28,20.0,9,2,1,25,24,112,3.0,1,1,1,1,8,62,52,55,39,28,56,34,42,18,52,31,43,29,86,35,86,5,77,15,53,43,1.0
2022-23,1610612753,ORL,Orlando Magic,0022200236,2022-11-19T00:00:00,ORL @ IND,L,48.0,39,91,0.429,16,42,0.381,19,26,0.731,11,30,41,16,11.0,8,6,6,17,18,113,-1.0,1,41,41,41,5,52,20,67,5,6,31,43,32,70,35,63,58,85,9,35,19,58,15,64,35,41,1.0
2022-23,1610612755,PHI,Philadelphia 76ers,0022200237,2022-11-19T00:00:00,PHI vs. MIN,L,48.0,34,71,0.479,14,32,0.438,27,32,0.844,4,35,39,21,22.0,10,1,2,24,25,109,-3.0,1,70,70,70,8,86,102,52,31,53,27,13,11,46,96,24,61,70,101,21,98,10,76,6,63,73,1.0
2022-23,1610612757,POR,Portland Trail Blazers,0022200238,2022-11-19T00:00:00,POR vs. UTA,L,48.0,39,83,0.47,13,42,0.31,22,27,0.815,10,33,43,27,18.0,11,8,4,22,20,113,-5.0,1,39,39,39,3,47,52,47,35,8,66,28,31,33,38,32,33,23,65,7,8,35,58,47,35,47,1.0
2022-23,1610612759,SAS,San Antonio Spurs,0022200239,2022-11-19T00:00:00,SAS @ LAC,L,48.0,36,87,0.414,7,26,0.269,18,21,0.857,15,28,43,22,15.0,4,2,1,13,20,97,-22.0,1,25,25,25,7,75,61,70,80,74,77,27,39,13,17,70,47,74,35,80,71,4,3,30,76,76,1.0
2022-23,1610612761,TOR,Toronto Raptors,0022200235,2022-11-19T00:00:00,TOR @ ATL,L,53.0,48,108,0.444,8,37,0.216,18,22,0.818,17,34,51,27,14.0,11,6,5,25,20,122,-2.0,1,49,49,49,1,8,4,51,69,15,86,41,50,26,13,17,11,19,60,24,31,58,79,39,18,51,1.0
2022-23,1610612762,UTA,Utah Jazz,0022200238,2022-11-19T00:00:00,UTA @ POR,W,48.0,42,91,0.462,14,39,0.359,20,23,0.87,11,31,42,23,13.0,6,4,8,20,22,118,5.0,1,1,1,1,6,41,29,51,35,37,38,33,46,15,46,63,65,62,24,44,56,82,39,31,36,28,1.0
2022-23,1610612751,BKN,Brooklyn Nets,0022200243,2022-11-20T00:00:00,BKN vs. MEM,W,48.0,50,83,0.602,16,34,0.471,11,15,0.733,5,40,45,33,19.0,5,5,0,25,12,127,12.0,1,1,1,1,3,4,47,5,12,40,11,85,81,72,65,7,18,3,84,66,53,1,73,92,7,18,1.0
2022-23,1610612766,CHA,Charlotte Hornets,0022200241,2022-11-20T00:00:00,CHA @ WAS,L,48.0,39,100,0.39,8,32,0.25,16,23,0.696,15,36,51,19,13.0,5,5,13,18,19,102,-4.0,1,30,30,30,6,52,10,79,67,44,73,56,48,61,12,25,15,81,27,72,39,92,26,53,67,34,1.0
2022-23,1610612739,CLE,Cleveland Cavaliers,0022200244,2022-11-20T00:00:00,CLE vs. MIA,W,48.0,44,83,0.53,13,37,0.351,12,16,0.75,13,36,49,31,20.0,7,1,3,23,16,113,26.0,1,1,1,1,8,21,57,17,29,12,51,81,82,63,10,16,7,9,90,43,93,17,80,79,46,4,1.0
2022-23,1610612742,DAL,Dallas Mavericks,0022200246,2022-11-20T00:00:00,DAL vs. DEN,L,48.0,35,78,0.449,15,42,0.357,12,21,0.571,6,30,36,24,13.0,5,3,5,18,20,97,-1.0,1,41,41,41,10,65,69,59,39,35,49,75,62,84,59,45,60,33,44,54,44,60,16,58,80,41,1.0
2022-23,1610612743,DEN,Denver Nuggets,0022200246,2022-11-20T00:00:00,DEN @ DAL,W,48.0,37,78,0.474,9,27,0.333,15,19,0.789,4,40,44,22,16.0,10,5,3,20,18,98,1.0,1,1,1,1,5,97,99,75,82,84,70,74,79,50,108,9,45,91,71,17,30,22,65,70,100,72,1.0
2022-23,1610612765,DET,Detroit Pistons,0022200242,2022-11-20T00:00:00,DET @ SAC,L,48.0,47,89,0.528,15,29,0.517,20,23,0.87,10,25,35,20,12.0,4,3,0,24,18,129,-8.0,1,21,21,21,5,6,31,5,15,66,2,36,53,9,45,79,74,65,14,76,47,1,59,64,8,44,1.0
2022-23,1610612744,GSW,Golden State Warriors,0022200245,2022-11-20T00:00:00,GSW @ HOU,W,48.0,46,86,0.535,24,47,0.511,11,15,0.733,8,32,40,38,17.0,8,5,1,22,12,127,7.0,1,1,1,1,6,23,73,13,5,28,5,89,87,70,77,60,78,5,63,35,30,2,49,103,17,39,1.0
2022-23,1610612745,HOU,Houston Rockets,0022200245,2022-11-20T00:00:00,HOU vs. GSW,L,48.0,41,90,0.456,15,45,0.333,23,27,0.852,12,33,45,24,14.0,13,1,5,12,22,120,-7.0,1,28,28,28,3,36,32,44,14,3,37,19,33,14,55,40,51,27,23,4,85,24,2,27,18,39,1.0
2022-23,1610612747,LAL,Los Angeles Lakers,0022200247,2022-11-20T00:00:00,LAL vs. SAS,W,48.0,45,85,0.529,12,34,0.353,21,24,0.875,5,49,54,29,15.0,5,2,2,10,17,123,31.0,1,1,1,1,10,25,74,20,27,32,48,48,66,14,105,2,12,15,60,70,97,5,3,96,26,3,1.0
2022-23,1610612763,MEM,Memphis Grizzlies,0022200243,2022-11-20T00:00:00,MEM @ BKN,L,48.0,43,99,0.434,12,37,0.324,17,31,0.548,13,31,44,28,10.0,13,0,5,12,25,115,-12.0,1,61,61,61,6,43,13,75,35,27,58,45,16,99,37,73,62,23,12,7,101,40,2,16,46,85,1.0
2022-23,1610612748,MIA,Miami Heat,0022200244,2022-11-20T00:00:00,MIA @ CLE,L,48.0,31,80,0.388,6,31,0.194,19,22,0.864,11,19,30,17,16.0,6,3,1,16,23,87,-26.0,1,66,66,66,7,110,86,108,114,80,117,51,60,39,37,119,117,110,89,86,52,5,25,25,114,117,1.0
2022-23,1610612752,NYK,New York Knicks,0022200240,2022-11-20T00:00:00,NYK @ PHX,L,48.0,34,85,0.4,7,25,0.28,20,25,0.8,10,29,39,20,11.0,4,7,8,15,22,95,-21.0,1,60,60,60,11,93,65,90,93,100,76,38,50,32,70,87,85,67,25,79,12,92,11,36,94,100,1.0
2022-23,1610612756,PHX,Phoenix Suns,0022200240,2022-11-20T00:00:00,PHX vs. NYK,W,48.0,43,101,0.426,17,39,0.436,13,18,0.722,22,38,60,35,13.0,3,8,7,22,15,116,21.0,1,1,1,1,5,33,7,81,8,13,23,79,74,79,1,14,1,3,39,96,11,91,47,87,41,7,1.0
2022-23,1610612758,SAC,Sacramento Kings,0022200242,2022-11-20T00:00:00,SAC vs. DET,W,48.0,47,85,0.553,12,35,0.343,31,35,0.886,8,33,41,29,11.0,4,0,3,18,24,137,8.0,1,1,1,1,6,18,64,10,55,59,60,2,5,15,68,43,58,28,25,84,97,20,25,19,6,33,1.0
2022-23,1610612759,SAS,San Antonio Spurs,0022200247,2022-11-20T00:00:00,SAS @ LAL,L,48.0,41,105,0.39,7,34,0.206,3,10,0.3,13,31,44,26,10.0,7,2,2,17,10,92,-31.0,1,25,25,25,7,53,8,77,80,33,87,92,91,92,34,41,41,44,3,41,71,6,15,91,85,81,1.0
2022-23,1610612764,WAS,Washington Wizards,0022200241,2022-11-20T00:00:00,WAS vs. CHA,W,48.0,40,93,0.43,13,34,0.382,13,18,0.722,14,35,49,19,17.0,6,13,5,19,18,106,4.0,1,1,1,1,4,56,19,72,25,27,35,68,67,68,9,35,19,82,65,50,1,39,42,56,68,32,1.0
2022-23,1610612737,ATL,Atlanta Hawks,0022200248,2022-11-21T00:00:00,ATL @ CLE,L,48.0,38,87,0.437,11,34,0.324,15,17,0.882,10,25,35,24,17.0,11,3,3,21,17,102,-12.0,1,49,49,49,7,85,71,79,44,27,64,66,79,20,55,92,90,51,80,8,75,14,63,72,85,83,1.0
2022-23,1610612738,BOS,Boston Celtics,0022200250,2022-11-21T00:00:00,BOS @ CHI,L,48.0,38,87,0.437,19,50,0.38,12,17,0.706,5,33,38,28,15.0,3,4,1,18,19,107,-14.0,1,74,74,74,15,83,54,84,21,15,54,85,78,95,97,66,87,33,66,96,69,3,43,50,86,102,1.0
2022-23,1610612741,CHI,Chicago Bulls,0022200250,2022-11-21T00:00:00,CHI vs. BOS,W,48.0,46,89,0.517,14,29,0.483,15,20,0.75,8,43,51,26,15.0,10,1,4,19,18,121,14.0,1,1,1,1,8,19,25,30,14,41,8,68,62,70,41,6,7,35,54,14,85,32,43,48,23,21,1.0
2022-23,1610612739,CLE,Cleveland Cavaliers,0022200248,2022-11-21T00:00:00,CLE vs. ATL,W,48.0,42,70,0.6,10,19,0.526,20,23,0.87,3,34,37,24,20.0,8,3,3,17,21,114,12.0,1,1,1,1,8,35,93,3,53,95,4,23,36,14,94,25,68,45,90,29,68,17,23,34,34,25,1.0
2022-23,1610612744,GSW,Golden State Warriors,0022200253,2022-11-21T00:00:00,GSW @ NOP,L,48.0,28,74,0.378,10,43,0.233,17,19,0.895,4,30,34,17,27.0,9,5,5,20,16,83,-45.0,1,55,55,55,6,105,100,104,94,48,104,38,59,17,104,79,100,100,108,22,30,67,28,81,103,108,1.0
2022-23,1610612754,IND,Indiana Pacers,0022200249,2022-11-21T00:00:00,IND vs. ORL,W,48.0,43,86,0.5,13,46,0.283,24,27,0.889,12,36,48,32,21.0,9,5,2,23,25,123,21.0,1,1,1,1,4,29,54,26,38,6,73,15,27,15,25,16,13,12,86,26,41,4,59,8,25,2,1.0
2022-23,1610612748,MIA,Miami Heat,0022200252,2022-11-21T00:00:00,MIA @ MIN,L,48.0,35,90,0.389,11,38,0.289,20,30,0.667,12,34,46,26,15.0,9,5,6,20,25,101,-4.0,1,66,66,66,7,84,29,105,65,31,91,42,16,111,26,31,18,29,78,32,10,92,68,10,85,75,1.0
2022-23,1610612749,MIL,Milwaukee Bucks,0022200251,2022-11-21T00:00:00,MIL vs. POR,W,48.0,47,86,0.547,9,28,0.321,16,25,0.64,10,32,42,31,14.0,12,8,3,17,17,119,8.0,1,1,1,1,7,19,61,12,91,93,73,49,34,84,48,74,73,11,39,2,8,28,36,68,34,43,1.0
2022-23,1610612750,MIN,Minnesota Timberwolves,0022200252,2022-11-21T00:00:00,MIN vs. MIA,W,48.0,37,85,0.435,14,47,0.298,17,20,0.85,6,34,40,30,18.0,9,6,5,25,20,105,4.0,1,1,1,1,8,83,52,77,20,2,79,53,71,13,77,41,56,17,71,35,29,53,77,50,78,40,1.0
2022-23,1610612740,NOP,New Orleans Pelicans,0022200253,2022-11-21T00:00:00,NOP vs. GSW,W,48.0,49,91,0.538,15,42,0.357,15,21,0.714,11,39,50,30,14.0,15,5,5,16,20,128,45.0,1,1,1,1,8,5,23,9,8,3,49,73,61,75,39,15,15,15,35,2,25,47,10,51,11,1,1.0
2022-23,1610612752,NYK,New York Knicks,0022200254,2022-11-21T00:00:00,NYK @ OKC,W,48.0,51,97,0.526,11,34,0.324,16,20,0.8,14,34,48,21,15.0,10,2,5,28,18,129,10.0,1,1,1,1,11,6,12,14,54,52,56,70,81,32,28,36,37,55,69,14,81,55,96,72,14,31,1.0
2022-23,1610612760,OKC,Oklahoma City Thunder,0022200254,2022-11-21T00:00:00,OKC vs. NYK,L,48.0,43,88,0.489,8,24,0.333,25,32,0.781,11,27,38,25,14.0,5,5,2,18,28,119,-10.0,1,52,52,52,7,41,62,31,85,90,54,18,13,62,44,87,78,34,55,81,30,5,21,7,35,82,1.0
2022-23,1610612753,ORL,Orlando Magic,0022200249,2022-11-21T00:00:00,ORL @ IND,L,48.0,36,85,0.424,11,35,0.314,19,25,0.76,12,26,38,20,17.0,10,2,5,25,23,102,-21.0,1,41,41,41,5,68,46,71,40,22,58,43,38,59,25,80,73,69,56,16,73,43,75,20,68,88,1.0
2022-23,1610612757,POR,Portland Trail Blazers,0022200251,2022-11-21T00:00:00,POR @ MIL,L,48.0,44,93,0.473,8,29,0.276,15,19,0.789,12,28,40,19,16.0,5,3,8,17,17,111,-8.0,1,39,39,39,3,14,7,42,79,72,79,69,74,44,13,63,49,71,49,58,63,84,19,77,45,56,1.0
2022-23,1610612762,UTA,Utah Jazz,0022200255,2022-11-21T00:00:00,UTA @ LAC,L,48.0,40,89,0.449,12,38,0.316,22,24,0.917,16,29,45,22,17.0,8,5,6,18,20,114,-7.0,1,42,42,42,6,57,45,59,52,41,55,22,40,6,15,74,50,69,58,21,43,57,25,47,54,62,1.0
2022-23,1610612751,BKN,Brooklyn Nets,0022200256,2022-11-22T00:00:00,BKN @ PHI,L,48.0,44,80,0.55,9,28,0.321,9,13,0.692,4,31,35,31,15.0,5,13,4,15,12,106,-9.0,1,51,51,51,3,20,66,12,73,73,69,91,89,80,82,55,73,12,52,66,1,46,9,92,63,70,1.0
2022-23,1610612743,DEN,Denver Nuggets,0022200258,2022-11-22T00:00:00,DEN vs. DET,L,48.0,43,86,0.5,5,19,0.263,17,26,0.654,15,27,42,28,18.0,7,8,5,21,24,108,-2.0,1,75,75,75,5,49,51,51,106,109,99,45,24,91,11,96,58,50,89,54,6,64,76,15,80,77,1.0
2022-23,1610612765,DET,Detroit Pistons,0022200258,2022-11-22T00:00:00,DET @ DEN,W,48.0,45,88,0.511,8,28,0.286,12,14,0.857,12,28,40,27,16.0,7,5,8,24,21,110,2.0,1,1,1,1,5,8,39,10,69,72,66,81,85,12,28,69,53,13,48,41,23,73,59,38,43,20,1.0
2022-23,1610612747,LAL,Los Angeles Lakers,0022200259,2022-11-22T00:00:00,LAL @ PHX,L,48.0,36,85,0.424,4,22,0.182,29,35,0.829,7,38,45,19,17.0,8,7,7,12,22,105,-10.0,1,59,59,59,10,96,74,97,113,102,110,11,13,32,85,36,51,97,87,21,20,87,6,44,85,85,1.0
2022-23,1610612763,MEM,Memphis Grizzlies,0022200257,2022-11-22T00:00:00,MEM vs. SAC,L,48.0,41,91,0.451,8,30,0.267,19,30,0.633,13,36,49,26,18.0,12,10,2,23,25,109,-4.0,1,61,61,61,6,58,51,66,83,76,76,35,20,93,37,36,35,40,82,14,4,5,80,16,63,69,1.0
2022-23,1610612755,PHI,Philadelphia 76ers,0022200256,2022-11-22T00:00:00,PHI vs. BKN,W,48.0,43,99,0.434,16,32,0.5,13,16,0.813,20,29,49,19,10.0,9,4,13,12,15,115,9.0,1,1,1,1,8,25,4,84,16,53,4,91,92,66,2,72,12,82,16,36,56,105,2,87,45,33,1.0
2022-23,1610612756,PHX,Phoenix Suns,0022200259,2022-11-22T00:00:00,PHX vs. LAL,W,48.0,48,102,0.471,16,34,0.471,3,5,0.6,8,41,49,23,15.0,8,7,7,22,12,115,10.0,1,1,1,1,5,12,6,49,14,36,13,101,100,99,77,4,20,71,65,29,21,91,47,97,47,31,1.0
2022-23,1610612758,SAC,Sacramento Kings,0022200257,2022-11-22T00:00:00,SAC @ MEM,W,48.0,39,90,0.433,15,45,0.333,20,27,0.741,9,36,45,27,20.0,11,2,10,25,23,113,4.0,1,1,1,1,6,69,35,84,31,10,62,44,38,70,59,25,34,42,92,7,71,101,85,27,65,50,1.0
2022-23,1610612737,ATL,Atlanta Hawks,0022200263,2022-11-23T00:00:00,ATL vs. SAC,W,48.0,41,92,0.446,11,30,0.367,22,23,0.957,10,37,47,23,13.0,9,6,2,20,23,115,9.0,1,1,1,1,7,69,45,75,44,45,43,18,36,4,55,14,29,62,54,22,21,5,57,14,56,22,1.0
2022-23,1610612738,BOS,Boston Celtics,0022200264,2022-11-23T00:00:00,BOS vs. DAL,W,48.0,45,84,0.536,17,34,0.5,18,21,0.857,6,32,38,29,12.0,4,4,3,22,23,125,13.0,1,1,1,1,15,27,73,16,41,95,4,48,51,34,90,71,87,23,33,81,69,27,77,16,28,27,1.0
2022-23,1610612751,BKN,Brooklyn Nets,0022200266,2022-11-23T00:00:00,BKN @ TOR,W,48.0,45,82,0.549,17,38,0.447,5,7,0.714,7,32,39,32,21.0,10,11,2,24,13,112,14.0,1,1,1,1,3,16,53,14,6,24,18,95,95,76,47,46,52,7,90,14,5,10,67,86,43,16,1.0
2022-23,1610612766,CHA,Charlotte Hornets,0022200260,2022-11-23T00:00:00,CHA vs. PHI,W,48.0,44,92,0.478,6,23,0.261,13,21,0.619,11,33,44,25,16.0,8,1,3,15,23,107,6.0,1,1,1,1,6,20,34,33,82,87,71,70,61,82,44,46,46,37,56,32,92,10,8,19,52,16,1.0
2022-23,1610612741,CHI,Chicago Bulls,0022200267,2022-11-23T00:00:00,CHI @ MIL,W,48.0,43,87,0.494,18,42,0.429,14,18,0.778,5,30,35,30,13.0,9,12,3,20,17,118,5.0,1,1,1,1,8,39,42,44,3,1,24,73,69,59,76,67,76,12,39,24,1,14,55,60,33,40,1.0
2022-23,1610612739,CLE,Cleveland Cavaliers,0022200261,2022-11-23T00:00:00,CLE vs. POR,W,48.0,41,74,0.554,12,27,0.444,20,23,0.87,11,28,39,22,17.0,4,4,4,14,24,114,18.0,1,1,1,1,8,44,91,11,36,73,19,23,36,14,30,63,58,61,75,84,50,30,5,16,34,14,1.0
2022-23,1610612742,DAL,Dallas Mavericks,0022200264,2022-11-23T00:00:00,DAL @ BOS,L,48.0,44,82,0.537,11,31,0.355,13,21,0.619,5,30,35,20,14.0,4,3,4,23,22,112,-13.0,1,41,41,41,10,17,50,9,74,83,50,73,62,79,69,45,65,61,57,68,44,38,58,39,44,81,1.0
2022-23,1610612743,DEN,Denver Nuggets,0022200268,2022-11-23T00:00:00,DEN @ OKC,W,53.0,42,88,0.477,14,38,0.368,33,41,0.805,17,38,55,31,19.0,4,8,7,24,27,131,5.0,1,1,1,1,1,58,38,72,26,9,54,2,1,43,3,17,5,27,95,97,6,95,103,6,8,52,1.0
2022-23,1610612765,DET,Detroit Pistons,0022200270,2022-11-23T00:00:00,DET @ UTA,W,48.0,44,89,0.494,12,24,0.5,25,27,0.926,8,30,38,24,7.0,9,2,7,20,21,125,9.0,1,1,1,1,5,10,31,18,41,84,3,17,33,5,70,49,65,33,1,14,70,64,23,38,10,8,1.0
2022-23,1610612744,GSW,Golden State Warriors,0022200271,2022-11-23T00:00:00,GSW vs. LAC,W,48.0,48,97,0.495,19,51,0.373,9,13,0.692,12,33,45,36,13.0,11,6,2,25,13,124,17.0,1,1,1,1,6,14,16,38,22,9,54,101,97,87,30,53,45,9,16,7,9,12,86,101,25,13,1.0
2022-23,1610612754,IND,Indiana Pacers,0022200262,2022-11-23T00:00:00,IND vs. MIN,L,48.0,37,96,0.385,16,44,0.364,11,16,0.688,13,17,30,25,13.0,16,5,10,16,18,101,-14.0,1,40,40,40,4,73,15,86,19,11,43,82,79,79,19,90,88,56,23,1,41,88,3,65,76,72,1.0
2022-23,1610612748,MIA,Miami Heat,0022200265,2022-11-23T00:00:00,MIA vs. WAS,W,48.0,39,93,0.419,16,41,0.39,19,22,0.864,14,39,53,20,13.0,7,5,5,18,20,113,8.0,1,1,1,1,7,49,18,92,11,15,32,51,60,39,11,5,2,88,53,59,10,78,46,59,35,23,1.0
2022-23,1610612749,MIL,Milwaukee Bucks,0022200267,2022-11-23T00:00:00,MIL vs. CHI,L,48.0,41,90,0.456,12,38,0.316,19,25,0.76,11,37,48,24,20.0,5,3,12,17,20,113,-5.0,1,63,63,63,7,50,39,55,69,58,74,27,34,51,40,43,45,52,86,56,64,96,36,38,53,67,1.0
2022-23,1610612750,MIN,Minnesota Timberwolves,0022200262,2022-11-23T00:00:00,MIN @ IND,W,48.0,47,77,0.61,8,22,0.364,13,17,0.765,8,42,50,31,23.0,9,10,5,18,16,115,14.0,1,1,1,1,8,13,93,5,83,97,44,77,81,48,52,4,11,12,95,35,4,53,13,84,41,9,1.0
2022-23,1610612740,NOP,New Orleans Pelicans,0022200269,2022-11-23T00:00:00,NOP @ SAS,W,48.0,47,82,0.573,14,33,0.424,21,30,0.7,8,34,42,33,21.0,8,5,1,22,23,129,19.0,1,1,1,1,8,11,69,4,13,27,21,32,22,82,66,39,60,5,87,46,25,2,59,21,7,12,1.0
2022-23,1610612760,OKC,Oklahoma City Thunder,0022200268,2022-11-23T00:00:00,OKC vs. DEN,L,53.0,42,97,0.433,18,40,0.45,24,28,0.857,12,27,39,26,10.0,6,7,8,27,24,126,-5.0,1,52,52,52,2,44,16,71,6,13,14,20,23,28,35,87,71,29,14,75,10,79,90,16,20,66,1.0
2022-23,1610612755,PHI,Philadelphia 76ers,0022200260,2022-11-23T00:00:00,PHI @ CHA,L,48.0,38,86,0.442,9,38,0.237,16,18,0.889,8,37,45,20,19.0,9,3,1,23,15,101,-6.0,1,70,70,70,8,70,33,73,82,12,96,72,82,24,57,14,23,78,87,36,72,4,69,87,83,79,1.0
2022-23,1610612757,POR,Portland Trail Blazers,0022200261,2022-11-23T00:00:00,POR @ CLE,L,48.0,35,78,0.449,13,31,0.419,13,13,1.0,11,21,32,28,17.0,9,4,4,24,14,96,-18.0,1,39,39,39,3,75,73,57,35,66,23,83,89,1,22,92,83,17,59,17,45,35,72,88,80,75,1.0
2022-23,1610612758,SAC,Sacramento Kings,0022200263,2022-11-23T00:00:00,SAC @ ATL,L,48.0,41,89,0.461,9,31,0.29,15,21,0.714,10,38,48,27,19.0,6,2,6,23,20,106,-9.0,1,62,62,62,6,57,39,70,86,82,81,71,65,79,44,14,20,42,84,63,71,74,76,58,78,85,1.0
2022-23,1610612759,SAS,San Antonio Spurs,0022200269,2022-11-23T00:00:00,SAS vs. NOP,L,48.0,41,85,0.482,10,34,0.294,18,28,0.643,8,29,37,31,20.0,11,1,5,23,22,110,-19.0,1,25,25,25,7,53,70,33,50,33,68,27,15,76,75,61,82,14,84,3,81,37,71,19,49,69,1.0
2022-23,1610612761,TOR,Toronto Raptors,0022200266,2022-11-23T00:00:00,TOR vs. BKN,L,48.0,36,101,0.356,7,29,0.241,19,25,0.76,23,29,52,16,14.0,12,2,11,13,24,98,-14.0,1,49,49,49,8,76,11,91,78,62,79,40,40,54,2,54,7,88,60,13,83,91,1,17,81,83,1.0
2022-23,1610612762,UTA,Utah Jazz,0022200270,2022-11-23T00:00:00,UTA vs. DET,L,48.0,41,83,0.494,18,41,0.439,16,19,0.842,7,31,38,31,16.0,4,7,2,21,20,116,-9.0,1,42,42,42,6,49,73,28,9,23,10,60,70,23,82,63,83,8,42,70,19,4,49,47,47,72,1.0
2022-23,1610612764,WAS,Washington Wizards,0022200265,2022-11-23T00:00:00,WAS @ MIA,L,48.0,42,89,0.472,10,38,0.263,11,19,0.579,7,36,43,27,14.0,7,5,5,20,18,105,-8.0,1,40,40,40,4,35,27,50,49,14,69,80,62,88,57,28,43,24,38,37,36,39,50,56,69,59,1.0
2022-23,1610612737,ATL,Atlanta Hawks,0022200278,2022-11-25T00:00:00,ATL @ HOU,L,48.0,39,82,0.476,15,39,0.385,29,36,0.806,6,22,28,14,14.0,9,6,4,26,29,122,-6.0,1,49,49,49,7,77,89,45,7,5,32,2,2,53,83,96,96,97,61,22,21,31,94,2,33,62,1.0
2022-23,1610612738,BOS,Boston Celtics,0022200275,2022-11-25T00:00:00,BOS vs. SAC,W,48.0,41,83,0.494,16,37,0.432,24,27,0.889,4,34,38,27,10.0,9,6,4,24,22,122,18.0,1,1,1,1,15,56,82,37,45,79,28,14,21,21,109,63,87,45,17,14,36,51,98,27,36,18,1.0
2022-23,1610612751,BKN,Brooklyn Nets,0022200276,2022-11-25T00:00:00,BKN @ IND,L,48.0,47,88,0.534,15,41,0.366,8,10,0.8,5,33,38,27,19.0,2,8,4,28,11,117,-11.0,1,51,51,51,3,10,24,23,17,9,49,93,94,43,65,33,58,22,84,94,15,46,90,95,31,76,1.0
2022-23,1610612766,CHA,Charlotte Hornets,0022200272,2022-11-25T00:00:00,CHA vs. MIN,W,48.0,40,89,0.449,8,25,0.32,22,32,0.688,15,40,55,24,18.0,6,4,9,18,27,110,2.0,1,1,1,1,6,47,45,50,67,81,49,16,3,67,12,10,5,50,70,61,54,76,26,5,45,28,1.0
2022-23,1610612741,CHI,Chicago Bulls,0022200281,2022-11-25T00:00:00,CHI @ OKC,L,53.0,44,101,0.436,12,33,0.364,19,23,0.826,14,33,47,25,15.0,5,4,5,24,21,119,-4.0,1,49,49,49,3,31,1,80,25,17,43,29,39,40,7,46,20,40,54,78,41,46,80,27,28,56,1.0
2022-23,1610612739,CLE,Cleveland Cavaliers,0022200280,2022-11-25T00:00:00,CLE @ MIL,L,48.0,34,87,0.391,12,33,0.364,22,26,0.846,10,31,41,12,9.0,9,2,9,17,22,102,-15.0,1,57,57,57,8,84,32,91,36,30,44,15,19,22,39,43,41,95,9,14,82,94,23,24,73,92,1.0
2022-23,1610612743,DEN,Denver Nuggets,0022200285,2022-11-25T00:00:00,DEN @ LAC,W,48.0,44,89,0.494,10,30,0.333,16,23,0.696,10,27,37,27,6.0,9,5,5,24,20,114,10.0,1,1,1,1,5,39,29,59,72,64,70,62,40,82,53,96,92,65,1,28,30,64,103,47,59,37,1.0
2022-23,1610612765,DET,Detroit Pistons,0022200283,2022-11-25T00:00:00,DET @ PHX,L,48.0,39,92,0.424,9,26,0.346,15,16,0.938,19,30,49,21,19.0,6,3,7,22,18,102,-6.0,1,21,21,21,5,42,17,63,60,80,47,64,77,2,2,49,14,62,72,54,47,64,38,64,66,34,1.0
2022-23,1610612744,GSW,Golden State Warriors,0022200284,2022-11-25T00:00:00,GSW vs. UTA,W,48.0,52,101,0.515,20,45,0.444,5,6,0.833,16,33,49,33,21.0,8,3,6,15,15,129,11.0,1,1,1,1,6,5,7,24,14,36,15,105,107,34,10,53,23,19,95,35,64,81,4,86,12,25,1.0
2022-23,1610612745,HOU,Houston Rockets,0022200278,2022-11-25T00:00:00,HOU vs. ATL,W,48.0,41,87,0.471,12,35,0.343,34,41,0.829,22,37,59,25,22.0,9,4,6,29,26,128,6.0,1,1,1,1,3,36,52,32,23,28,35,2,4,21,2,18,4,20,80,26,41,40,88,7,7,14,1.0
2022-23,1610612754,IND,Indiana Pacers,0022200276,2022-11-25T00:00:00,IND vs. BKN,W,48.0,43,86,0.5,12,34,0.353,30,38,0.789,5,36,41,28,10.0,13,4,8,11,28,128,11.0,1,1,1,1,4,29,54,26,46,56,49,2,2,41,79,16,50,27,10,5,64,74,1,2,16,10,1.0
2022-23,1610612747,LAL,Los Angeles Lakers,0022200282,2022-11-25T00:00:00,LAL @ SAS,W,48.0,40,83,0.482,8,27,0.296,17,20,0.85,10,39,49,28,22.0,12,5,3,16,18,105,11.0,1,1,1,1,10,63,83,52,82,78,79,77,85,23,46,29,34,23,107,3,42,20,21,86,85,19,1.0
2022-23,1610612763,MEM,Memphis Grizzlies,0022200279,2022-11-25T00:00:00,MEM vs. NOP,W,48.0,47,91,0.516,18,38,0.474,20,27,0.741,13,33,46,26,14.0,4,4,4,20,22,132,21.0,1,1,1,1,6,24,51,17,5,20,7,29,32,53,37,58,49,40,48,92,65,26,47,27,8,10,1.0
2022-23,1610612748,MIA,Miami Heat,0022200277,2022-11-25T00:00:00,MIA vs. WAS,W,48.0,42,89,0.472,7,26,0.269,19,23,0.826,10,37,47,24,13.0,5,5,9,19,18,110,3.0,1,1,1,1,7,29,34,43,109,109,100,51,49,57,49,14,13,48,53,98,10,114,57,77,52,48,1.0
2022-23,1610612749,MIL,Milwaukee Bucks,0022200280,2022-11-25T00:00:00,MIL vs. CLE,W,48.0,42,83,0.506,15,32,0.469,18,25,0.72,8,35,43,27,13.0,4,9,2,22,17,117,15.0,1,1,1,1,7,44,78,27,37,82,10,35,34,60,65,54,69,34,29,76,5,11,76,68,41,13,1.0
2022-23,1610612750,MIN,Minnesota Timberwolves,0022200272,2022-11-25T00:00:00,MIN @ CHA,L,48.0,41,96,0.427,9,41,0.22,17,18,0.944,11,34,45,24,16.0,7,9,4,27,18,108,-2.0,1,51,51,51,8,51,11,84,74,10,94,53,79,2,21,41,27,57,51,54,8,37,89,71,69,54,1.0
2022-23,1610612740,NOP,New Orleans Pelicans,0022200279,2022-11-25T00:00:00,NOP @ MEM,L,48.0,37,86,0.43,10,31,0.323,27,31,0.871,11,30,41,26,13.0,9,4,4,22,20,111,-21.0,1,50,50,50,8,76,46,81,52,33,60,10,18,17,39,56,63,40,27,30,43,31,59,51,53,89,1.0
2022-23,1610612752,NYK,New York Knicks,0022200274,2022-11-25T00:00:00,NYK vs. POR,L,53.0,46,105,0.438,13,41,0.317,24,28,0.857,12,32,44,27,10.0,7,5,3,35,24,129,-3.0,1,60,60,60,2,15,3,72,35,14,63,18,30,17,50,61,66,14,14,38,25,22,102,16,14,62,1.0
2022-23,1610612760,OKC,Oklahoma City Thunder,0022200281,2022-11-25T00:00:00,OKC vs. CHI,W,53.0,44,95,0.463,7,29,0.241,28,32,0.875,10,40,50,24,13.0,7,5,4,21,24,123,4.0,1,1,1,1,2,32,22,50,90,76,88,8,13,17,55,8,15,44,46,62,30,25,48,16,26,42,1.0
2022-23,1610612753,ORL,Orlando Magic,0022200273,2022-11-25T00:00:00,ORL vs. PHI,L,48.0,34,80,0.425,9,35,0.257,22,27,0.815,9,26,35,20,14.0,7,6,1,15,19,99,-8.0,1,41,41,41,5,80,71,69,60,22,76,27,28,30,51,80,83,69,35,50,19,1,7,56,77,62,1.0
2022-23,1610612755,PHI,Philadelphia 76ers,0022200273,2022-11-25T00:00:00,PHI @ ORL,W,48.0,39,82,0.476,14,36,0.389,15,18,0.833,13,34,47,25,16.0,7,1,6,19,15,107,8.0,1,1,1,1,8,55,57,54,31,24,49,79,82,49,16,30,17,41,68,61,98,65,32,87,67,36,1.0
2022-23,1610612756,PHX,Phoenix Suns,0022200283,2022-11-25T00:00:00,PHX vs. DET,W,48.0,42,87,0.483,7,29,0.241,17,26,0.654,11,32,43,25,13.0,7,7,3,18,22,108,6.0,1,1,1,1,5,46,62,39,89,66,96,54,27,97,53,50,53,56,39,43,21,24,21,30,64,40,1.0
2022-23,1610612757,POR,Portland Trail Blazers,0022200274,2022-11-25T00:00:00,POR @ NYK,W,53.0,42,85,0.494,10,32,0.313,38,51,0.745,13,35,48,24,13.0,3,3,5,24,35,132,3.0,1,1,1,1,1,28,42,28,60,61,64,1,1,63,5,20,9,39,30,83,63,48,72,1,9,31,1.0
2022-23,1610612758,SAC,Sacramento Kings,0022200275,2022-11-25T00:00:00,SAC @ BOS,L,48.0,36,87,0.414,9,36,0.25,23,26,0.885,11,34,45,20,18.0,3,4,6,22,24,104,-18.0,1,62,62,62,6,85,52,89,86,56,93,26,43,16,32,38,34,88,78,90,30,74,63,19,83,95,1.0
2022-23,1610612759,SAS,San Antonio Spurs,0022200282,2022-11-25T00:00:00,SAS vs. LAL,L,48.0,38,100,0.38,6,33,0.182,12,16,0.75,20,30,50,21,16.0,11,3,5,18,16,94,-11.0,1,25,25,25,7,67,13,83,88,44,92,68,72,40,2,53,12,81,48,3,53,37,26,63,81,52,1.0
2022-23,1610612762,UTA,Utah Jazz,0022200284,2022-11-25T00:00:00,UTA @ GSW,L,48.0,46,97,0.474,11,45,0.244,15,17,0.882,15,27,42,28,13.0,12,6,3,15,15,118,-11.0,1,42,42,42,6,14,12,42,58,12,89,64,77,13,19,82,65,29,24,2,28,13,6,84,36,77,1.0
2022-23,1610612764,WAS,Washington Wizards,0022200277,2022-11-25T00:00:00,WAS @ MIA,L,48.0,40,93,0.43,11,39,0.282,16,20,0.8,13,32,45,27,12.0,7,9,5,18,19,107,-3.0,1,40,40,40,4,56,19,72,42,10,68,53,54,40,16,58,36,24,27,37,8,39,29,43,62,45,1.0
2022-23,1610612742,DAL,Dallas Mavericks,0022200286,2022-11-26T00:00:00,DAL @ TOR,L,48.0,35,73,0.479,11,39,0.282,19,24,0.792,4,30,34,28,16.0,7,5,2,26,21,100,-5.0,1,41,41,41,10,65,84,41,74,51,81,41,51,34,77,45,69,8,73,29,20,15,77,48,73,58,1.0
2022-23,1610612745,HOU,Houston Rockets,0022200287,2022-11-26T00:00:00,HOU vs. OKC,W,48.0,45,86,0.523,18,36,0.5,10,14,0.714,11,42,53,25,25.0,9,3,3,19,15,118,13.0,1,1,1,1,3,16,60,9,2,23,2,88,86,59,68,4,11,20,88,26,58,6,29,84,21,7,1.0
2022-23,1610612747,LAL,Los Angeles Lakers,0022200288,2022-11-26T00:00:00,LAL @ SAS,W,48.0,47,81,0.58,17,33,0.515,32,37,0.865,3,36,39,25,17.0,4,7,5,20,32,143,5.0,1,1,1,1,10,18,93,2,5,39,2,4,7,20,113,50,88,48,87,86,20,54,75,1,1,45,1.0
2022-23,1610612760,OKC,Oklahoma City Thunder,0022200287,2022-11-26T00:00:00,OKC @ HOU,L,48.0,38,97,0.392,10,44,0.227,19,23,0.826,16,25,41,19,15.0,12,3,3,15,19,105,-13.0,1,52,52,52,7,73,16,87,67,7,89,43,43,41,7,90,61,80,64,5,61,15,5,58,75,89,1.0
2022-23,1610612756,PHX,Phoenix Suns,0022200289,2022-11-26T00:00:00,PHX vs. UTA,W,48.0,42,92,0.457,6,22,0.273,23,30,0.767,18,30,48,23,6.0,8,6,2,20,19,113,1.0,1,1,1,1,5,46,36,63,94,95,88,15,15,62,7,66,27,71,1,29,35,10,33,63,51,55,1.0
2022-23,1610612759,SAS,San Antonio Spurs,0022200288,2022-11-26T00:00:00,SAS vs. LAL,L,48.0,53,105,0.505,18,37,0.486,14,20,0.7,17,30,47,33,10.0,8,5,7,32,20,138,-5.0,1,25,25,25,7,1,8,27,3,20,6,51,45,62,6,53,27,10,3,25,25,65,91,30,2,31,1.0
2022-23,1610612761,TOR,Toronto Raptors,0022200286,2022-11-26T00:00:00,TOR vs. DAL,W,48.0,38,88,0.432,8,26,0.308,21,26,0.808,17,31,48,20,13.0,10,2,5,21,26,105,5.0,1,1,1,1,8,63,50,66,69,81,54,29,36,31,13,34,21,67,52,36,83,58,53,11,66,40,1.0
2022-23,1610612762,UTA,Utah Jazz,0022200289,2022-11-26T00:00:00,UTA @ PHX,L,48.0,40,79,0.506,13,32,0.406,19,25,0.76,8,32,40,20,12.0,5,2,6,19,20,112,-1.0,1,42,42,42,6,57,85,20,39,69,23,40,37,54,75,55,75,77,15,54,79,57,33,47,57,42,1.0
2022-23,1610612737,ATL,Atlanta Hawks,0022200293,2022-11-27T00:00:00,ATL vs. MIA,L,48.0,35,88,0.398,10,36,0.278,18,19,0.947,8,34,42,24,12.0,6,3,5,12,16,98,-8.0,1,49,49,49,7,92,65,92,56,17,80,42,64,6,70,40,57,51,36,50,75,43,4,82,92,70,1.0
2022-23,1610612738,BOS,Boston Celtics,0022200294,2022-11-27T00:00:00,BOS vs. WAS,W,48.0,44,80,0.55,16,34,0.471,26,26,1.0,10,28,38,25,14.0,2,5,1,23,21,130,9.0,1,1,1,1,15,31,96,13,45,95,10,7,25,1,42,97,87,64,55,104,49,3,92,33,14,42,1.0
2022-23,1610612751,BKN,Brooklyn Nets,0022200290,2022-11-27T00:00:00,BKN vs. POR,W,48.0,41,78,0.526,15,35,0.429,14,18,0.778,4,34,38,27,8.0,6,2,2,24,16,111,14.0,1,1,1,1,3,42,81,26,17,31,24,65,71,57,82,23,58,22,3,53,88,10,67,70,50,16,1.0
2022-23,1610612739,CLE,Cleveland Cavaliers,0022200295,2022-11-27T00:00:00,CLE @ DET,W,48.0,33,77,0.429,8,28,0.286,28,33,0.848,10,31,41,14,14.0,3,4,6,20,26,102,8.0,1,1,1,1,8,89,80,79,72,63,70,3,7,21,39,43,41,94,53,91,50,65,52,9,73,37,1.0
2022-23,1610612742,DAL,Dallas Mavericks,0022200298,2022-11-27T00:00:00,DAL @ MIL,L,48.0,41,80,0.513,17,41,0.415,16,25,0.64,6,26,32,23,13.0,6,2,5,17,24,115,-9.0,1,41,41,41,10,34,61,20,25,41,21,60,44,75,59,71,77,42,44,45,70,60,11,20,38,73,1.0
2022-23,1610612765,DET,Detroit Pistons,0022200295,2022-11-27T00:00:00,DET vs. CLE,L,48.0,36,79,0.456,8,28,0.286,14,26,0.538,7,29,36,14,16.0,9,6,4,26,20,94,-8.0,1,21,21,21,5,64,77,46,69,72,66,68,42,91,78,61,73,90,48,14,13,20,71,49,80,44,1.0
2022-23,1610612744,GSW,Golden State Warriors,0022200291,2022-11-27T00:00:00,GSW @ MIN,W,48.0,50,87,0.575,20,47,0.426,17,20,0.85,8,39,47,36,16.0,7,6,2,26,19,137,23.0,1,1,1,1,6,7,68,4,14,28,23,38,52,28,77,19,36,9,47,51,9,12,91,50,5,8,1.0
2022-23,1610612754,IND,Indiana Pacers,0022200292,2022-11-27T00:00:00,IND @ LAC,L,48.0,36,94,0.383,9,42,0.214,19,23,0.826,9,30,39,23,13.0,14,4,4,28,18,100,-14.0,1,40,40,40,4,80,22,87,73,17,87,41,46,30,53,52,60,67,23,2,64,25,85,65,79,72,1.0
2022-23,1610612763,MEM,Memphis Grizzlies,0022200296,2022-11-27T00:00:00,MEM @ NYK,W,48.0,46,95,0.484,12,32,0.375,23,31,0.742,16,34,50,32,11.0,4,2,7,23,27,127,4.0,1,1,1,1,6,28,25,36,35,59,29,15,16,52,17,50,25,9,17,92,91,69,80,8,20,53,1.0
2022-23,1610612748,MIA,Miami Heat,0022200293,2022-11-27T00:00:00,MIA @ ATL,W,48.0,40,82,0.488,9,33,0.273,17,19,0.895,6,40,46,28,14.0,8,5,3,16,12,106,8.0,1,1,1,1,7,43,73,31,90,67,98,68,82,28,103,4,18,15,67,49,10,29,25,117,69,23,1.0
2022-23,1610612749,MIL,Milwaukee Bucks,0022200298,2022-11-27T00:00:00,MIL vs. DAL,W,48.0,48,86,0.558,17,37,0.459,11,15,0.733,8,32,40,28,14.0,8,5,2,24,17,124,9.0,1,1,1,1,7,14,61,7,23,62,12,82,80,57,65,74,81,24,39,19,36,11,89,68,26,34,1.0
2022-23,1610612750,MIN,Minnesota Timberwolves,0022200291,2022-11-27T00:00:00,MIN vs. GSW,L,48.0,39,88,0.443,14,35,0.4,22,29,0.759,6,25,31,22,14.0,7,2,6,19,26,114,-23.0,1,51,51,51,8,70,37,72,20,35,26,18,20,54,77,90,94,73,36,54,86,72,23,3,43,96,1.0
2022-23,1610612752,NYK,New York Knicks,0022200296,2022-11-27T00:00:00,NYK vs. MEM,L,48.0,44,87,0.506,10,30,0.333,25,30,0.833,12,30,42,30,8.0,3,7,2,27,23,123,-4.0,1,60,60,60,11,30,57,25,66,80,50,13,23,21,50,81,78,5,4,88,12,7,94,24,22,64,1.0
2022-23,1610612753,ORL,Orlando Magic,0022200297,2022-11-27T00:00:00,ORL vs. PHI,L,48.0,36,79,0.456,12,40,0.3,19,25,0.76,7,19,26,21,16.0,9,4,8,20,19,103,-30.0,1,41,41,41,5,68,75,56,27,7,61,43,38,59,72,92,92,58,47,24,48,80,42,56,66,92,1.0
2022-23,1610612755,PHI,Philadelphia 76ers,0022200297,2022-11-27T00:00:00,PHI @ ORL,W,48.0,50,77,0.649,11,27,0.407,22,27,0.815,6,37,43,32,16.0,10,8,4,19,20,133,30.0,1,1,1,1,8,5,89,1,61,85,44,40,33,63,81,14,33,5,68,21,8,33,32,43,8,3,1.0
2022-23,1610612757,POR,Portland Trail Blazers,0022200290,2022-11-27T00:00:00,POR @ BKN,L,48.0,35,79,0.443,12,33,0.364,15,22,0.682,11,31,42,27,13.0,4,2,2,16,24,97,-14.0,1,39,39,39,3,75,67,63,47,52,44,69,59,81,22,44,39,23,30,77,80,7,13,22,78,68,1.0
2022-23,1610612764,WAS,Washington Wizards,0022200294,2022-11-27T00:00:00,WAS @ BOS,L,48.0,44,82,0.537,7,28,0.25,26,33,0.788,6,23,29,23,4.0,8,1,5,21,23,121,-9.0,1,40,40,40,4,23,62,16,73,59,76,7,9,47,68,88,89,56,1,28,88,39,59,17,15,62,1.0
2022-23,1610612737,ATL,Atlanta Hawks,0022200299,2022-11-28T00:00:00,ATL @ PHI,L,48.0,37,74,0.5,12,27,0.444,15,22,0.682,8,34,42,26,20.0,7,6,3,21,19,101,-3.0,1,49,49,49,7,88,96,27,29,71,15,66,42,89,70,40,57,31,97,38,21,14,63,46,86,54,1.0
2022-23,1610612738,BOS,Boston Celtics,0022200301,2022-11-28T00:00:00,BOS vs. CHA,W,48.0,55,93,0.591,24,52,0.462,6,7,0.857,9,30,39,40,16.0,10,5,2,18,14,140,35.0,1,1,1,1,15,1,20,1,5,8,15,111,111,34,52,85,82,2,84,9,49,11,43,96,2,5,1.0
2022-23,1610612751,BKN,Brooklyn Nets,0022200302,2022-11-28T00:00:00,BKN vs. ORL,W,48.0,44,81,0.543,9,28,0.321,12,14,0.857,8,34,42,20,18.0,7,8,5,19,18,109,7.0,1,1,1,1,3,20,61,16,73,73,69,78,85,26,40,23,31,80,79,42,15,66,31,54,53,29,1.0
2022-23,1610612766,CHA,Charlotte Hornets,0022200301,2022-11-28T00:00:00,CHA @ BOS,L,48.0,42,86,0.488,11,29,0.379,10,15,0.667,13,24,37,28,20.0,7,2,5,14,18,105,-35.0,1,30,30,30,6,33,59,26,35,67,25,88,83,73,28,89,77,14,84,50,80,38,3,63,60,90,1.0
2022-23,1610612741,CHI,Chicago Bulls,0022200306,2022-11-28T00:00:00,CHI @ UTA,W,48.0,43,93,0.462,6,22,0.273,22,25,0.88,13,37,50,21,8.0,6,3,4,17,17,114,7.0,1,1,1,1,8,39,14,65,80,82,71,14,21,17,9,23,11,63,7,62,59,32,26,60,43,38,1.0
2022-23,1610612739,CLE,Cleveland Cavaliers,0022200303,2022-11-28T00:00:00,CLE @ TOR,L,48.0,34,90,0.378,7,38,0.184,13,16,0.813,13,34,47,21,10.0,7,3,5,18,17,88,-12.0,1,57,57,57,8,84,17,94,81,9,96,75,82,37,10,25,15,68,15,43,68,49,36,71,91,88,1.0
2022-23,1610612743,DEN,Denver Nuggets,0022200305,2022-11-28T00:00:00,DEN vs. HOU,W,48.0,50,88,0.568,12,30,0.4,17,20,0.85,13,30,43,31,14.0,8,4,2,22,20,129,16.0,1,1,1,1,5,7,38,14,46,64,38,45,67,23,21,75,52,27,52,38,55,4,90,47,9,16,1.0
2022-23,1610612745,HOU,Houston Rockets,0022200305,2022-11-28T00:00:00,HOU @ DEN,L,48.0,39,85,0.459,16,44,0.364,19,25,0.76,12,25,37,25,17.0,4,2,4,20,22,113,-16.0,1,28,28,28,3,51,66,39,6,5,25,38,40,37,55,85,85,20,52,74,74,11,37,27,38,68,1.0
2022-23,1610612754,IND,Indiana Pacers,0022200308,2022-11-28T00:00:00,IND @ LAL,W,48.0,43,105,0.41,17,49,0.347,13,16,0.813,12,37,49,29,10.0,6,10,7,24,16,116,1.0,1,1,1,1,4,29,1,79,17,1,54,75,79,36,25,11,9,23,10,61,5,63,66,78,42,37,1.0
2022-23,1610612747,LAL,Los Angeles Lakers,0022200308,2022-11-28T00:00:00,LAL vs. IND,L,48.0,40,93,0.43,11,31,0.355,24,31,0.774,18,39,57,23,14.0,3,7,10,16,24,115,-1.0,1,59,59,59,10,63,21,91,37,53,46,26,25,57,1,29,2,72,48,105,20,110,21,28,53,59,1.0
2022-23,1610612750,MIN,Minnesota Timberwolves,0022200300,2022-11-28T00:00:00,MIN @ WAS,L,48.0,42,84,0.5,7,27,0.259,36,42,0.857,15,30,45,20,18.0,4,3,5,23,25,127,-15.0,1,51,51,51,8,41,58,35,92,78,91,1,1,9,7,63,27,85,71,89,77,53,62,10,15,90,1.0
2022-23,1610612740,NOP,New Orleans Pelicans,0022200304,2022-11-28T00:00:00,NOP vs. OKC,W,48.0,39,87,0.448,9,32,0.281,18,20,0.9,14,35,49,21,22.0,12,8,4,18,22,105,4.0,1,1,1,1,8,62,41,66,61,31,77,52,68,7,16,36,22,76,90,11,2,31,19,33,72,43,1.0
2022-23,1610612760,OKC,Oklahoma City Thunder,0022200304,2022-11-28T00:00:00,OKC @ NOP,L,48.0,34,92,0.37,12,38,0.316,21,23,0.913,18,29,47,16,19.0,11,4,8,22,18,101,-4.0,1,52,52,52,7,88,45,94,39,23,69,27,43,8,4,67,27,94,85,14,46,79,60,68,81,62,1.0
2022-23,1610612753,ORL,Orlando Magic,0022200302,2022-11-28T00:00:00,ORL @ BKN,L,48.0,38,80,0.475,13,31,0.419,13,22,0.591,9,26,35,18,18.0,9,5,8,18,19,102,-7.0,1,41,41,41,5,60,71,40,19,45,17,82,61,91,51,80,83,82,63,24,33,80,21,56,68,57,1.0
2022-23,1610612755,PHI,Philadelphia 76ers,0022200299,2022-11-28T00:00:00,PHI vs. ATL,W,48.0,39,86,0.453,10,28,0.357,16,18,0.889,10,27,37,23,12.0,10,3,6,19,21,104,3.0,1,1,1,1,8,55,33,66,74,80,64,72,82,24,40,86,78,57,32,21,72,65,32,34,75,57,1.0
2022-23,1610612756,PHX,Phoenix Suns,0022200307,2022-11-28T00:00:00,PHX @ SAC,W,48.0,50,94,0.532,10,32,0.313,12,14,0.857,11,34,45,26,17.0,9,7,7,20,15,122,5.0,1,1,1,1,5,2,22,10,60,46,70,85,89,27,53,33,42,48,83,23,21,91,33,87,28,42,1.0
2022-23,1610612758,SAC,Sacramento Kings,0022200307,2022-11-28T00:00:00,SAC vs. PHX,L,48.0,46,88,0.523,9,25,0.36,16,18,0.889,8,29,37,32,16.0,9,7,7,15,20,117,-5.0,1,62,62,62,6,28,47,31,86,97,53,65,82,13,68,78,83,13,67,30,4,84,9,58,55,74,1.0
2022-23,1610612761,TOR,Toronto Raptors,0022200303,2022-11-28T00:00:00,TOR vs. CLE,W,48.0,37,84,0.44,12,28,0.429,14,17,0.824,7,38,45,23,12.0,4,5,3,17,18,100,12.0,1,1,1,1,8,70,75,56,24,67,12,71,72,25,84,8,33,45,41,91,39,20,16,56,77,18,1.0
2022-23,1610612762,UTA,Utah Jazz,0022200306,2022-11-28T00:00:00,UTA vs. CHI,L,48.0,41,85,0.482,19,49,0.388,6,15,0.4,9,36,45,30,14.0,5,4,3,17,17,107,-7.0,1,42,42,42,6,49,64,33,4,2,28,92,84,94,68,33,50,14,34,54,56,13,13,72,72,62,1.0
2022-23,1610612764,WAS,Washington Wizards,0022200300,2022-11-28T00:00:00,WAS vs. MIN,W,48.0,52,91,0.571,15,31,0.484,23,27,0.852,7,27,34,31,7.0,12,5,3,25,23,142,15.0,1,1,1,1,4,2,24,7,14,44,8,14,19,25,57,81,84,10,2,3,36,15,84,17,1,12,1.0
2022-23,1610612742,DAL,Dallas Mavericks,0022200310,2022-11-29T00:00:00,DAL vs. GSW,W,48.0,42,91,0.462,15,44,0.341,17,27,0.63,8,31,39,21,14.0,7,4,3,21,23,116,3.0,1,1,1,1,10,29,10,49,39,24,57,54,30,78,29,38,36,53,57,29,31,24,44,28,36,32,1.0
2022-23,1610612765,DET,Detroit Pistons,0022200309,2022-11-29T00:00:00,DET vs. NYK,L,48.0,42,83,0.506,13,39,0.333,13,20,0.65,7,23,30,28,16.0,7,4,1,17,19,110,-30.0,1,21,21,21,5,26,60,13,31,13,49,76,64,84,78,84,87,9,48,41,32,2,9,60,43,90,1.0
2022-23,1610612744,GSW,Golden State Warriors,0022200310,2022-11-29T00:00:00,GSW @ DAL,L,48.0,42,88,0.477,11,43,0.256,18,23,0.783,10,40,50,27,18.0,6,3,4,23,21,113,-3.0,1,55,55,55,6,50,59,49,89,48,102,33,37,55,51,14,20,65,74,65,64,49,64,36,67,58,1.0
2022-23,1610612752,NYK,New York Knicks,0022200309,2022-11-29T00:00:00,NYK @ DET,W,48.0,54,96,0.563,16,35,0.457,16,21,0.762,17,34,51,31,14.0,9,1,4,19,17,140,30.0,1,1,1,1,11,1,16,6,16,45,7,70,76,50,14,36,22,3,56,18,93,33,40,82,2,3,1.0
2022-23,1610612757,POR,Portland Trail Blazers,0022200311,2022-11-29T00:00:00,POR vs. LAC,L,48.0,42,90,0.467,17,35,0.486,11,15,0.733,9,34,43,24,11.0,6,7,7,23,18,112,-6.0,1,39,39,39,3,28,17,49,8,43,6,89,86,69,47,26,33,39,18,45,10,78,68,66,39,51,1.0
2022-23,1610612737,ATL,Atlanta Hawks,0022200313,2022-11-30T00:00:00,ATL @ ORL,W,48.0,51,94,0.543,8,32,0.25,15,19,0.789,14,35,49,25,12.0,8,3,3,17,21,125,17.0,1,1,1,1,7,8,37,17,74,37,83,66,64,61,20,33,19,44,36,32,75,14,26,32,21,11,1.0
2022-23,1610612738,BOS,Boston Celtics,0022200314,2022-11-30T00:00:00,BOS vs. MIA,W,48.0,46,83,0.554,22,45,0.489,20,23,0.87,11,30,41,32,18.0,7,0,3,18,21,134,13.0,1,1,1,1,15,21,82,12,6,35,6,38,40,32,29,85,75,10,98,36,110,27,43,33,7,27,1.0
2022-23,1610612751,BKN,Brooklyn Nets,0022200315,2022-11-30T00:00:00,BKN vs. WAS,W,48.0,39,84,0.464,11,26,0.423,24,26,0.923,4,31,35,22,9.0,8,7,5,25,21,113,6.0,1,1,1,1,3,54,39,54,60,84,26,11,27,7,82,55,73,62,6,31,24,66,73,26,41,34,1.0
2022-23,1610612741,CHI,Chicago Bulls,0022200321,2022-11-30T00:00:00,CHI @ PHX,L,48.0,41,82,0.5,4,25,0.16,27,33,0.818,5,30,35,21,12.0,5,6,5,19,28,113,-19.0,1,49,49,49,8,54,69,39,90,65,91,4,4,44,76,67,76,63,28,78,19,46,43,2,46,86,1.0
2022-23,1610612739,CLE,Cleveland Cavaliers,0022200312,2022-11-30T00:00:00,CLE vs. PHI,W,48.0,45,74,0.608,15,29,0.517,8,10,0.8,6,34,40,28,19.0,10,3,1,13,11,113,28.0,1,1,1,1,8,14,91,2,15,57,5,94,94,45,81,25,51,25,86,9,68,2,2,95,46,2,1.0
2022-23,1610612743,DEN,Denver Nuggets,0022200320,2022-11-30T00:00:00,DEN vs. HOU,W,48.0,44,83,0.53,17,32,0.531,15,20,0.75,8,34,42,30,12.0,6,8,6,21,20,120,20.0,1,1,1,1,5,39,75,30,3,48,4,74,67,63,75,42,58,35,30,69,6,82,76,47,35,11,1.0
2022-23,1610612745,HOU,Houston Rockets,0022200320,2022-11-30T00:00:00,HOU @ DEN,L,48.0,37,88,0.42,12,41,0.293,14,18,0.778,10,29,39,18,14.0,5,6,8,20,21,100,-20.0,1,28,28,28,3,67,44,71,23,10,62,69,74,29,70,67,78,73,23,64,19,68,37,34,73,77,1.0
2022-23,1610612754,IND,Indiana Pacers,0022200323,2022-11-30T00:00:00,IND @ SAC,L,48.0,40,100,0.4,12,37,0.324,22,30,0.733,12,35,47,28,15.0,8,5,5,21,25,114,-23.0,1,40,40,40,4,53,7,82,46,43,59,21,13,65,25,24,17,27,40,35,41,38,42,8,47,88,1.0
2022-23,1610612747,LAL,Los Angeles Lakers,0022200324,2022-11-30T00:00:00,LAL vs. POR,W,48.0,48,97,0.495,14,37,0.378,18,26,0.692,13,35,48,28,8.0,5,6,5,18,25,128,19.0,1,1,1,1,10,12,4,38,16,18,39,72,55,94,14,59,38,23,9,70,32,54,49,22,14,8,1.0
2022-23,1610612763,MEM,Memphis Grizzlies,0022200317,2022-11-30T00:00:00,MEM @ MIN,L,48.0,37,87,0.425,9,26,0.346,18,30,0.6,20,39,59,17,27.0,7,4,11,20,25,101,-8.0,1,61,61,61,6,83,71,80,68,90,45,41,20,96,3,15,4,95,100,61,65,97,47,16,85,76,1.0
2022-23,1610612748,MIA,Miami Heat,0022200314,2022-11-30T00:00:00,MIA @ BOS,L,48.0,47,90,0.522,18,40,0.45,9,9,1.0,9,23,32,25,15.0,8,3,0,21,18,121,-13.0,1,66,66,66,7,8,29,15,4,18,16,114,117,1,63,112,110,39,78,49,52,1,80,77,15,104,1.0
2022-23,1610612749,MIL,Milwaukee Bucks,0022200316,2022-11-30T00:00:00,MIL @ NYK,W,48.0,39,90,0.433,10,35,0.286,21,26,0.808,14,38,52,23,6.0,3,6,3,15,20,109,6.0,1,1,1,1,7,58,39,72,85,74,81,20,30,29,18,35,22,63,1,88,22,28,18,38,61,50,1.0
2022-23,1610612750,MIN,Minnesota Timberwolves,0022200317,2022-11-30T00:00:00,MIN vs. MEM,W,48.0,41,89,0.461,12,39,0.308,15,19,0.789,5,24,29,26,13.0,13,11,4,25,20,109,8.0,1,1,1,1,8,51,32,61,39,19,74,68,76,37,84,94,98,39,26,5,1,37,77,50,66,22,1.0
2022-23,1610612740,NOP,New Orleans Pelicans,0022200318,2022-11-30T00:00:00,NOP vs. TOR,W,48.0,45,86,0.523,14,33,0.424,22,26,0.846,12,40,52,28,20.0,10,4,7,16,21,126,18.0,1,1,1,1,8,20,46,16,13,27,21,26,34,24,30,8,10,27,85,19,43,71,10,45,16,15,1.0
2022-23,1610612752,NYK,New York Knicks,0022200316,2022-11-30T00:00:00,NYK vs. MIL,L,48.0,42,100,0.42,6,30,0.2,13,20,0.65,19,36,55,18,8.0,2,3,6,20,15,103,-6.0,1,60,60,60,11,41,6,83,100,80,100,89,81,88,7,24,3,78,4,95,61,75,46,96,78,71,1.0
2022-23,1610612760,OKC,Oklahoma City Thunder,0022200319,2022-11-30T00:00:00,OKC vs. SAS,W,48.0,48,94,0.511,9,27,0.333,14,21,0.667,15,37,52,17,12.0,4,4,2,20,20,119,8.0,1,1,1,1,7,13,29,19,78,85,54,75,58,87,11,18,9,91,37,89,46,5,40,50,35,30,1.0
2022-23,1610612753,ORL,Orlando Magic,0022200313,2022-11-30T00:00:00,ORL vs. ATL,L,48.0,39,79,0.494,8,27,0.296,22,25,0.88,6,27,33,26,18.0,5,3,3,21,17,108,-17.0,1,41,41,41,5,52,75,30,70,72,64,27,38,15,80,78,88,18,63,73,59,13,50,74,53,79,1.0
2022-23,1610612755,PHI,Philadelphia 76ers,0022200312,2022-11-30T00:00:00,PHI @ CLE,L,48.0,32,77,0.416,6,26,0.231,15,18,0.833,7,23,30,19,16.0,7,1,3,11,13,85,-28.0,1,70,70,70,8,92,89,87,96,93,98,79,82,49,72,102,102,82,68,61,98,17,1,100,101,103,1.0
2022-23,1610612756,PHX,Phoenix Suns,0022200321,2022-11-30T00:00:00,PHX vs. CHI,W,48.0,49,93,0.527,15,33,0.455,19,21,0.905,10,36,46,22,14.0,3,5,6,28,19,132,19.0,1,1,1,1,5,6,30,12,16,41,19,41,57,14,62,22,39,82,48,96,45,77,92,63,5,13,1.0
2022-23,1610612757,POR,Portland Trail Blazers,0022200324,2022-11-30T00:00:00,POR @ LAL,L,48.0,42,90,0.467,8,24,0.333,17,21,0.81,12,33,45,21,12.0,4,5,6,25,18,109,-19.0,1,39,39,39,3,28,17,49,79,85,54,56,64,37,13,32,20,59,21,77,32,69,80,66,52,79,1.0
2022-23,1610612758,SAC,Sacramento Kings,0022200323,2022-11-30T00:00:00,SAC vs. IND,W,48.0,48,95,0.505,16,43,0.372,25,29,0.862,11,47,58,28,18.0,8,5,5,25,21,137,23.0,1,1,1,1,6,12,17,41,26,17,45,15,24,19,32,2,2,35,78,41,14,63,85,46,6,11,1.0
2022-23,1610612759,SAS,San Antonio Spurs,0022200319,2022-11-30T00:00:00,SAS @ OKC,L,48.0,41,92,0.446,10,37,0.27,19,25,0.76,13,31,44,27,11.0,5,2,4,20,20,111,-8.0,1,25,25,25,7,53,44,57,50,20,76,22,27,36,34,41,41,36,10,68,71,29,44,30,46,41,1.0
2022-23,1610612761,TOR,Toronto Raptors,0022200318,2022-11-30T00:00:00,TOR @ NOP,L,48.0,42,88,0.477,11,38,0.289,13,19,0.684,3,27,30,29,16.0,12,7,4,21,16,108,-18.0,1,49,49,49,8,37,50,33,33,14,64,73,66,80,93,68,91,10,78,13,16,33,53,73,58,89,1.0
2022-23,1610612762,UTA,Utah Jazz,0022200322,2022-11-30T00:00:00,UTA vs. LAC,W,48.0,45,81,0.556,14,32,0.438,21,28,0.75,13,33,46,24,18.0,4,7,5,24,23,125,13.0,1,1,1,1,6,23,82,4,35,69,11,31,22,58,31,49,42,49,67,70,19,43,75,24,16,13,1.0
2022-23,1610612764,WAS,Washington Wizards,0022200315,2022-11-30T00:00:00,WAS @ BKN,L,48.0,39,89,0.438,6,24,0.25,23,34,0.676,14,37,51,19,14.0,6,5,7,21,25,107,-6.0,1,40,40,40,4,59,27,68,82,82,76,14,8,80,9,21,12,82,38,50,36,71,59,8,62,49,1.0
2022-23,1610612742,DAL,Dallas Mavericks,0022200325,2022-12-01T00:00:00,DAL @ DET,L,53.0,46,86,0.535,19,46,0.413,14,29,0.483,4,26,30,25,13.0,8,7,0,24,26,125,-6.0,1,41,41,41,2,9,29,10,11,14,22,68,21,89,77,71,87,25,44,18,6,1,65,13,18,61,1.0
2022-23,1610612765,DET,Detroit Pistons,0022200325,2022-12-01T00:00:00,DET vs. DAL,W,53.0,51,94,0.543,15,35,0.429,14,24,0.583,13,39,52,29,13.0,9,0,7,26,24,131,6.0,1,1,1,1,2,1,9,3,15,26,18,68,47,89,21,6,7,5,21,14,89,64,71,18,4,14,1.0
2022-23,1610612737,ATL,Atlanta Hawks,0022200327,2022-12-02T00:00:00,ATL vs. DEN,W,48.0,49,88,0.557,10,28,0.357,9,14,0.643,12,31,43,24,12.0,7,3,0,14,12,117,8.0,1,1,1,1,7,18,65,11,56,65,47,95,92,94,35,63,50,51,36,38,75,1,8,97,49,26,1.0
2022-23,1610612738,BOS,Boston Celtics,0022200328,2022-12-02T00:00:00,BOS vs. MIA,L,53.0,40,87,0.46,15,45,0.333,21,28,0.75,7,41,48,26,20.0,6,2,3,18,24,116,-4.0,1,74,74,74,2,67,54,68,60,35,74,29,16,80,78,14,32,55,106,47,100,27,43,11,58,85,1.0
2022-23,1610612751,BKN,Brooklyn Nets,0022200329,2022-12-02T00:00:00,BKN vs. TOR,W,48.0,44,82,0.537,11,32,0.344,15,22,0.682,7,34,41,27,18.0,7,5,2,27,19,114,9.0,1,1,1,1,3,20,53,21,60,54,59,58,45,84,47,23,39,22,79,42,53,10,87,40,39,26,1.0
2022-23,1610612766,CHA,Charlotte Hornets,0022200326,2022-12-02T00:00:00,CHA vs. WAS,W,48.0,40,95,0.421,12,29,0.414,25,31,0.806,19,26,45,25,4.0,6,3,9,24,23,117,1.0,1,1,1,1,6,47,22,61,26,67,14,4,6,27,2,84,39,37,1,61,70,76,73,19,20,29,1.0
2022-23,1610612741,CHI,Chicago Bulls,0022200336,2022-12-02T00:00:00,CHI @ GSW,L,48.0,43,93,0.462,9,27,0.333,16,24,0.667,6,38,44,28,12.0,7,1,5,28,19,111,-8.0,1,49,49,49,8,39,14,65,51,52,51,56,31,84,61,18,34,21,28,49,85,46,89,39,51,66,1.0
2022-23,1610612739,CLE,Cleveland Cavaliers,0022200330,2022-12-02T00:00:00,CLE vs. ORL,W,48.0,41,84,0.488,16,42,0.381,9,9,1.0,5,28,33,22,13.0,7,5,4,14,13,107,11.0,1,1,1,1,8,44,51,46,8,4,38,92,95,1,86,63,86,61,39,43,34,30,5,92,63,27,1.0
2022-23,1610612743,DEN,Denver Nuggets,0022200327,2022-12-02T00:00:00,DEN @ ATL,L,48.0,45,85,0.529,12,32,0.375,7,13,0.538,9,24,33,31,16.0,8,0,3,12,14,109,-8.0,1,75,75,75,5,30,56,32,46,48,49,109,107,107,67,109,107,27,71,38,111,22,4,104,76,91,1.0
2022-23,1610612744,GSW,Golden State Warriors,0022200336,2022-12-02T00:00:00,GSW vs. CHI,W,48.0,42,87,0.483,20,50,0.4,15,23,0.652,7,43,50,32,20.0,2,5,1,19,28,119,8.0,1,1,1,1,6,50,68,46,14,12,38,55,37,97,87,7,20,27,90,105,30,2,19,2,47,36,1.0
2022-23,1610612745,HOU,Houston Rockets,0022200334,2022-12-02T00:00:00,HOU @ PHX,W,48.0,40,81,0.494,8,24,0.333,34,43,0.791,13,28,41,19,17.0,12,2,5,22,28,122,1.0,1,1,1,1,3,42,77,19,64,77,37,2,3,27,45,71,69,68,52,6,74,24,53,2,12,27,1.0
2022-23,1610612754,IND,Indiana Pacers,0022200335,2022-12-02T00:00:00,IND @ UTA,L,48.0,40,92,0.435,12,34,0.353,27,33,0.818,9,26,35,25,19.0,12,5,2,35,28,119,-20.0,1,40,40,40,4,53,32,66,46,56,49,6,7,31,53,79,76,56,74,7,41,4,91,2,34,83,1.0
2022-23,1610612747,LAL,Los Angeles Lakers,0022200331,2022-12-02T00:00:00,LAL @ MIL,W,48.0,52,96,0.542,11,26,0.423,18,24,0.75,12,32,44,32,4.0,6,4,5,16,18,133,4.0,1,1,1,1,10,1,8,13,37,84,22,72,66,71,22,75,57,6,2,53,62,54,21,86,6,48,1.0
2022-23,1610612763,MEM,Memphis Grizzlies,0022200332,2022-12-02T00:00:00,MEM vs. PHI,W,48.0,42,97,0.433,11,30,0.367,22,28,0.786,19,38,57,22,12.0,8,11,5,18,21,117,8.0,1,1,1,1,6,49,20,76,50,76,36,18,27,30,5,23,6,75,31,47,2,40,28,36,42,38,1.0
2022-23,1610612748,MIA,Miami Heat,0022200328,2022-12-02T00:00:00,MIA @ BOS,W,53.0,48,101,0.475,11,35,0.314,13,18,0.722,12,38,50,19,17.0,11,3,2,24,18,120,4.0,1,1,1,1,1,7,3,41,65,46,77,94,91,100,26,7,7,95,102,16,52,15,103,77,17,42,1.0
2022-23,1610612749,MIL,Milwaukee Bucks,0022200331,2022-12-02T00:00:00,MIL vs. LAL,L,48.0,50,94,0.532,17,43,0.395,12,15,0.8,10,32,42,29,10.0,2,5,4,18,16,129,-4.0,1,63,63,63,7,8,25,18,23,30,34,77,80,31,48,74,73,17,8,95,36,48,44,79,17,66,1.0
2022-23,1610612740,NOP,New Orleans Pelicans,0022200333,2022-12-02T00:00:00,NOP @ SAS,W,48.0,40,92,0.435,12,42,0.286,25,26,0.962,10,43,53,25,9.0,9,5,4,18,23,117,18.0,1,1,1,1,8,58,21,80,28,3,75,17,34,1,50,5,7,46,4,30,25,31,19,21,34,15,1.0
2022-23,1610612753,ORL,Orlando Magic,0022200330,2022-12-02T00:00:00,ORL @ CLE,L,48.0,40,81,0.494,8,23,0.348,8,12,0.667,11,29,40,19,18.0,6,4,5,13,14,96,-11.0,1,41,41,41,5,47,65,29,70,85,45,92,92,79,35,68,65,77,63,63,48,43,4,90,81,68,1.0
2022-23,1610612755,PHI,Philadelphia 76ers,0022200332,2022-12-02T00:00:00,PHI @ MEM,L,48.0,40,91,0.44,14,33,0.424,15,17,0.882,10,32,42,23,13.0,7,5,11,21,18,109,-8.0,1,70,70,70,8,42,14,78,31,51,36,79,88,30,40,50,40,57,46,61,40,102,55,61,63,83,1.0
2022-23,1610612756,PHX,Phoenix Suns,0022200334,2022-12-02T00:00:00,PHX vs. HOU,L,48.0,45,85,0.529,17,37,0.459,14,19,0.737,9,28,37,30,18.0,9,5,2,28,22,121,-1.0,1,56,56,56,5,26,74,11,8,19,17,72,68,74,68,77,81,24,91,23,45,10,92,30,29,56,1.0
2022-23,1610612759,SAS,San Antonio Spurs,0022200333,2022-12-02T00:00:00,SAS vs. NOP,L,48.0,38,98,0.388,11,39,0.282,12,16,0.75,10,39,49,26,12.0,4,4,5,23,18,99,-18.0,1,25,25,25,7,67,18,79,38,11,72,68,72,40,57,6,18,44,12,80,34,37,71,47,73,67,1.0
2022-23,1610612761,TOR,Toronto Raptors,0022200329,2022-12-02T00:00:00,TOR @ BKN,L,48.0,38,87,0.437,7,24,0.292,22,30,0.733,11,32,43,16,14.0,7,2,5,19,27,105,-9.0,1,49,49,49,8,63,59,61,78,87,60,21,17,65,58,27,45,88,60,68,83,58,32,6,66,74,1.0
2022-23,1610612762,UTA,Utah Jazz,0022200335,2022-12-02T00:00:00,UTA vs. IND,W,48.0,46,83,0.554,15,34,0.441,32,37,0.865,8,39,47,29,26.0,7,2,5,28,35,139,20.0,1,1,1,1,6,14,73,5,25,60,9,2,3,18,75,15,35,21,93,34,79,43,88,1,1,5,1.0
2022-23,1610612764,WAS,Washington Wizards,0022200326,2022-12-02T00:00:00,WAS @ CHA,L,48.0,39,86,0.453,12,33,0.364,26,35,0.743,18,38,56,23,14.0,3,9,3,23,24,116,-1.0,1,40,40,40,4,59,37,63,31,33,38,7,6,63,2,13,1,56,38,88,8,15,72,13,33,40,1.0
2022-23,1610612766,CHA,Charlotte Hornets,0022200339,2022-12-03T00:00:00,CHA vs. MIL,L,48.0,34,87,0.391,5,24,0.208,23,26,0.885,9,35,44,15,14.0,9,4,8,19,17,96,-9.0,1,30,30,30,6,79,58,78,87,83,85,11,33,8,65,36,46,90,35,28,54,67,40,75,76,50,1.0
2022-23,1610612742,DAL,Dallas Mavericks,0022200337,2022-12-03T00:00:00,DAL @ NYK,W,48.0,43,100,0.43,24,61,0.393,11,14,0.786,14,36,50,27,11.0,7,5,1,20,17,121,21.0,1,1,1,1,10,25,3,71,2,1,33,81,87,37,4,15,4,13,25,29,20,7,38,78,28,6,1.0
2022-23,1610612744,GSW,Golden State Warriors,0022200342,2022-12-03T00:00:00,GSW vs. HOU,W,48.0,45,85,0.529,25,52,0.481,5,10,0.5,6,29,35,34,14.0,8,5,4,24,14,120,19.0,1,1,1,1,6,29,78,16,4,6,11,105,104,107,94,83,95,15,27,35,30,49,78,94,42,11,1.0
2022-23,1610612745,HOU,Houston Rockets,0022200342,2022-12-03T00:00:00,HOU @ GSW,L,48.0,40,91,0.44,3,28,0.107,18,20,0.9,14,31,45,17,15.0,6,4,5,14,24,101,-19.0,1,28,28,28,3,42,27,55,90,65,90,42,69,7,35,57,51,79,34,55,41,24,3,17,68,74,1.0
2022-23,1610612749,MIL,Milwaukee Bucks,0022200339,2022-12-03T00:00:00,MIL @ CHA,W,48.0,39,83,0.47,12,32,0.375,15,19,0.789,8,39,47,24,22.0,5,8,4,17,19,105,9.0,1,1,1,1,7,58,78,46,69,82,46,56,67,34,65,28,50,52,90,56,8,48,36,47,73,34,1.0
2022-23,1610612750,MIN,Minnesota Timberwolves,0022200341,2022-12-03T00:00:00,MIN vs. OKC,L,48.0,47,89,0.528,10,30,0.333,24,30,0.8,12,32,44,25,23.0,13,10,5,23,18,128,-7.0,1,51,51,51,8,13,32,18,59,63,56,10,16,33,14,54,35,45,95,5,4,53,62,71,11,66,1.0
2022-23,1610612752,NYK,New York Knicks,0022200337,2022-12-03T00:00:00,NYK vs. DAL,L,48.0,35,77,0.455,10,31,0.323,20,28,0.714,7,38,45,18,20.0,7,1,5,17,20,100,-21.0,1,60,60,60,11,89,90,57,66,71,57,38,30,68,88,18,59,78,99,38,93,55,22,56,90,100,1.0
2022-23,1610612760,OKC,Oklahoma City Thunder,0022200341,2022-12-03T00:00:00,OKC @ MIN,W,48.0,48,93,0.516,11,26,0.423,28,35,0.8,13,29,42,26,21.0,11,5,10,18,23,135,7.0,1,1,1,1,7,13,36,16,49,86,19,8,5,53,21,67,51,29,93,14,30,91,21,24,7,34,1.0
2022-23,1610612753,ORL,Orlando Magic,0022200340,2022-12-03T00:00:00,ORL @ TOR,L,48.0,38,78,0.487,11,28,0.393,21,26,0.808,5,24,29,23,16.0,9,2,4,20,24,108,-13.0,1,41,41,41,5,60,79,35,40,65,25,32,32,31,87,86,90,42,47,24,73,29,42,13,53,73,1.0
2022-23,1610612757,POR,Portland Trail Blazers,0022200343,2022-12-03T00:00:00,POR @ UTA,W,48.0,41,85,0.482,10,25,0.4,24,31,0.774,12,37,49,19,13.0,5,6,4,20,22,116,5.0,1,1,1,1,3,38,42,38,60,83,29,22,16,49,13,10,5,71,30,58,22,35,39,29,30,29,1.0
2022-23,1610612758,SAC,Sacramento Kings,0022200338,2022-12-03T00:00:00,SAC @ LAC,W,48.0,46,89,0.517,11,32,0.344,20,30,0.667,8,38,46,31,9.0,7,6,3,22,23,123,27.0,1,1,1,1,6,28,39,33,68,74,59,44,20,84,68,14,28,17,11,52,9,20,63,27,37,7,1.0
2022-23,1610612761,TOR,Toronto Raptors,0022200340,2022-12-03T00:00:00,TOR vs. ORL,W,48.0,47,84,0.56,9,29,0.31,18,25,0.72,12,31,43,31,17.0,12,4,2,24,20,121,13.0,1,1,1,1,8,13,75,2,55,62,53,41,40,70,47,34,45,5,83,13,51,6,76,39,21,16,1.0
2022-23,1610612762,UTA,Utah Jazz,0022200343,2022-12-03T00:00:00,UTA vs. POR,L,48.0,38,84,0.452,13,36,0.361,22,28,0.786,10,34,44,20,13.0,8,4,6,22,20,111,-5.0,1,42,42,42,6,70,68,56,39,48,36,22,22,44,59,44,58,77,24,21,56,57,52,47,60,54,1.0
2022-23,1610612738,BOS,Boston Celtics,0022200346,2022-12-04T00:00:00,BOS @ BKN,W,48.0,35,81,0.432,15,38,0.395,18,20,0.9,8,40,48,18,17.0,11,9,7,19,18,103,11.0,1,1,1,1,15,99,93,91,60,74,46,48,62,18,66,17,32,103,89,5,8,93,54,58,95,36,1.0
2022-23,1610612751,BKN,Brooklyn Nets,0022200346,2022-12-04T00:00:00,BKN vs. BOS,L,48.0,34,84,0.405,9,26,0.346,15,22,0.682,11,34,45,17,15.0,6,7,9,18,19,92,-11.0,1,51,51,51,3,83,39,85,73,84,55,58,45,84,16,23,18,91,52,53,24,93,18,40,88,76,1.0
2022-23,1610612741,CHI,Chicago Bulls,0022200350,2022-12-04T00:00:00,CHI @ SAC,L,48.0,38,86,0.442,9,25,0.36,16,19,0.842,7,32,39,17,16.0,9,5,2,16,17,101,-9.0,1,49,49,49,8,72,48,76,51,65,46,56,65,32,54,52,59,86,66,24,34,6,17,60,75,70,1.0
2022-23,1610612739,CLE,Cleveland Cavaliers,0022200348,2022-12-04T00:00:00,CLE @ NYK,L,48.0,29,83,0.349,8,35,0.229,15,20,0.75,8,31,39,17,19.0,7,6,3,15,16,81,-11.0,1,57,57,57,8,94,57,96,72,22,89,59,56,63,62,43,58,88,86,43,22,17,11,79,93,82,1.0
2022-23,1610612743,DEN,Denver Nuggets,0022200344,2022-12-04T00:00:00,DEN @ NOP,L,48.0,41,81,0.506,8,31,0.258,16,24,0.667,9,34,43,24,19.0,5,5,5,22,22,106,-15.0,1,75,75,75,5,69,86,45,89,57,101,62,35,87,67,42,52,81,95,86,30,64,90,30,88,99,1.0
2022-23,1610612765,DET,Detroit Pistons,0022200347,2022-12-04T00:00:00,DET vs. MEM,L,48.0,37,84,0.44,13,35,0.371,25,30,0.833,8,31,39,26,15.0,7,7,5,24,21,112,-10.0,1,21,21,21,5,53,56,55,31,26,34,17,25,17,70,41,60,20,43,41,5,34,59,38,34,51,1.0
2022-23,1610612754,IND,Indiana Pacers,0022200351,2022-12-04T00:00:00,IND @ POR,L,48.0,40,91,0.44,10,33,0.303,10,12,0.833,12,32,44,22,15.0,10,5,3,22,17,100,-16.0,1,40,40,40,4,53,36,63,69,61,66,84,87,25,25,45,31,76,40,15,41,11,51,71,79,78,1.0
2022-23,1610612747,LAL,Los Angeles Lakers,0022200349,2022-12-04T00:00:00,LAL @ WAS,W,48.0,52,96,0.542,10,26,0.385,16,22,0.727,9,42,51,34,15.0,5,5,8,14,23,130,11.0,1,1,1,1,10,1,8,13,54,84,36,81,76,83,64,14,27,2,60,70,42,100,13,36,7,19,1.0
2022-23,1610612763,MEM,Memphis Grizzlies,0022200347,2022-12-04T00:00:00,MEM @ DET,W,48.0,43,92,0.467,15,35,0.429,21,29,0.724,12,34,46,28,14.0,9,5,7,21,24,122,10.0,1,1,1,1,6,43,41,50,16,43,20,25,23,68,46,50,49,23,48,40,52,69,58,22,31,33,1.0
2022-23,1610612740,NOP,New Orleans Pelicans,0022200344,2022-12-04T00:00:00,NOP vs. DEN,W,48.0,41,81,0.506,11,26,0.423,28,36,0.778,6,30,36,29,11.0,10,5,5,22,22,121,15.0,1,1,1,1,8,51,72,23,42,73,23,7,5,52,85,56,81,22,15,19,25,47,59,33,23,19,1.0
2022-23,1610612752,NYK,New York Knicks,0022200348,2022-12-04T00:00:00,NYK vs. CLE,W,48.0,35,86,0.407,5,29,0.172,17,21,0.81,14,40,54,17,21.0,6,3,6,16,15,92,11.0,1,1,1,1,11,89,61,87,102,85,102,62,76,29,28,8,8,86,101,50,61,75,16,96,96,28,1.0
2022-23,1610612756,PHX,Phoenix Suns,0022200345,2022-12-04T00:00:00,PHX @ SAS,W,48.0,49,94,0.521,19,37,0.514,16,20,0.8,14,31,45,38,11.0,5,0,3,18,24,133,38.0,1,1,1,1,5,6,22,14,7,19,6,60,62,49,24,59,42,1,22,74,101,24,21,17,3,1,1.0
2022-23,1610612757,POR,Portland Trail Blazers,0022200351,2022-12-04T00:00:00,POR vs. IND,W,48.0,42,86,0.488,17,40,0.425,15,22,0.682,11,34,45,32,15.0,10,3,5,17,22,116,16.0,1,1,1,1,3,28,36,32,8,14,21,69,59,81,22,26,20,4,45,11,63,48,19,29,30,10,1.0
2022-23,1610612758,SAC,Sacramento Kings,0022200350,2022-12-04T00:00:00,SAC vs. CHI,W,48.0,40,86,0.465,13,43,0.302,17,19,0.895,5,41,46,30,19.0,10,2,5,17,16,110,9.0,1,1,1,1,6,63,57,67,48,17,76,57,73,11,89,6,28,22,84,15,71,63,17,90,69,29,1.0
2022-23,1610612759,SAS,San Antonio Spurs,0022200345,2022-12-04T00:00:00,SAS vs. PHX,L,48.0,38,87,0.437,6,31,0.194,13,18,0.722,12,28,40,19,19.0,5,3,0,24,18,95,-38.0,1,25,25,25,7,67,61,62,88,51,90,57,57,52,46,70,63,87,72,68,53,1,76,47,79,88,1.0
2022-23,1610612764,WAS,Washington Wizards,0022200349,2022-12-04T00:00:00,WAS vs. LAL,L,48.0,49,105,0.467,10,39,0.256,11,15,0.733,11,33,44,24,10.0,10,8,5,23,14,119,-11.0,1,40,40,40,4,7,2,53,49,10,74,80,82,66,30,51,39,51,12,8,14,39,72,88,21,75,1.0
2022-23,1610612737,ATL,Atlanta Hawks,0022200354,2022-12-05T00:00:00,ATL vs. OKC,L,48.0,44,102,0.431,13,38,0.342,13,17,0.765,17,37,54,24,18.0,7,4,4,24,19,114,-7.0,1,49,49,49,7,45,9,83,18,9,56,84,79,76,9,14,5,51,88,38,51,31,88,46,60,68,1.0
2022-23,1610612738,BOS,Boston Celtics,0022200355,2022-12-05T00:00:00,BOS @ TOR,W,48.0,44,90,0.489,13,36,0.361,15,21,0.714,13,36,49,27,11.0,6,3,5,22,20,116,6.0,1,1,1,1,15,31,38,40,71,84,59,65,51,92,15,43,26,45,23,47,87,72,77,38,58,55,1.0
2022-23,1610612766,CHA,Charlotte Hornets,0022200352,2022-12-05T00:00:00,CHA vs. LAC,L,48.0,47,98,0.48,12,34,0.353,11,17,0.647,14,35,49,29,10.0,8,4,5,16,17,117,-2.0,1,30,30,30,6,9,12,32,26,31,35,81,76,77,19,36,20,12,8,32,54,38,11,75,20,30,1.0
2022-23,1610612742,DAL,Dallas Mavericks,0022200358,2022-12-05T00:00:00,DAL vs. PHX,W,48.0,44,84,0.524,20,41,0.488,22,26,0.846,10,31,41,23,13.0,7,6,5,23,16,130,19.0,1,1,1,1,10,17,38,14,6,41,5,21,36,16,17,38,26,42,44,29,12,60,58,85,5,8,1.0
2022-23,1610612744,GSW,Golden State Warriors,0022200359,2022-12-05T00:00:00,GSW vs. IND,L,48.0,38,94,0.404,13,44,0.295,15,19,0.789,12,35,47,26,12.0,6,6,8,19,18,104,-8.0,1,55,55,55,6,84,28,92,71,41,91,55,59,50,30,36,36,72,9,65,9,99,19,55,89,76,1.0
2022-23,1610612745,HOU,Houston Rockets,0022200356,2022-12-05T00:00:00,HOU vs. PHI,W,58.0,42,94,0.447,14,39,0.359,34,44,0.773,16,35,51,19,21.0,9,3,6,27,34,132,9.0,1,1,1,1,1,30,14,50,16,13,27,2,2,33,17,27,16,68,79,26,58,40,84,1,5,10,1.0
2022-23,1610612754,IND,Indiana Pacers,0022200359,2022-12-05T00:00:00,IND @ GSW,W,48.0,43,90,0.478,15,39,0.385,11,18,0.611,7,40,47,26,17.0,3,8,6,18,19,112,8.0,1,1,1,1,4,29,38,41,25,32,35,82,75,88,67,3,17,51,57,86,13,49,11,55,53,19,1.0
2022-23,1610612763,MEM,Memphis Grizzlies,0022200357,2022-12-05T00:00:00,MEM vs. MIA,W,48.0,42,90,0.467,8,32,0.25,9,9,1.0,4,37,41,23,12.0,10,5,3,14,11,101,8.0,1,1,1,1,6,49,60,51,83,59,82,95,100,1,99,29,78,71,31,29,52,11,7,100,85,38,1.0
2022-23,1610612748,MIA,Miami Heat,0022200357,2022-12-05T00:00:00,MIA @ MEM,L,48.0,31,79,0.392,14,40,0.35,17,22,0.773,9,36,45,23,17.0,7,3,5,11,14,93,-8.0,1,66,66,66,7,110,93,102,27,18,49,68,60,86,63,20,29,56,102,59,52,78,6,108,105,89,1.0
2022-23,1610612749,MIL,Milwaukee Bucks,0022200353,2022-12-05T00:00:00,MIL @ ORL,W,48.0,38,85,0.447,13,40,0.325,20,26,0.769,7,38,45,31,17.0,9,4,2,20,19,109,7.0,1,1,1,1,7,68,68,61,54,42,69,23,30,46,78,35,58,11,65,15,50,11,60,47,61,48,1.0
2022-23,1610612760,OKC,Oklahoma City Thunder,0022200354,2022-12-05T00:00:00,OKC @ ATL,W,48.0,43,95,0.453,12,34,0.353,23,24,0.958,14,35,49,25,16.0,8,4,4,19,24,121,7.0,1,1,1,1,7,41,22,58,39,49,44,23,37,1,14,28,21,34,69,48,46,25,31,16,30,34,1.0
2022-23,1610612753,ORL,Orlando Magic,0022200353,2022-12-05T00:00:00,ORL vs. MIL,L,48.0,34,93,0.366,8,32,0.25,26,29,0.897,15,37,52,21,14.0,8,2,4,19,20,102,-7.0,1,41,41,41,5,80,16,90,70,41,78,10,23,10,6,19,6,58,35,35,73,29,31,49,68,57,1.0
2022-23,1610612755,PHI,Philadelphia 76ers,0022200356,2022-12-05T00:00:00,PHI @ HOU,L,58.0,39,87,0.448,17,36,0.472,28,36,0.778,11,28,39,23,20.0,10,6,3,34,27,123,-9.0,1,70,70,70,1,55,30,70,10,24,13,9,4,85,29,79,61,57,94,21,28,17,105,3,17,85,1.0
2022-23,1610612756,PHX,Phoenix Suns,0022200358,2022-12-05T00:00:00,PHX @ DAL,L,48.0,40,91,0.44,13,37,0.351,18,26,0.692,13,28,41,28,13.0,5,5,6,16,23,111,-19.0,1,56,56,56,5,64,41,70,29,19,57,46,27,89,30,77,64,37,39,74,45,77,8,23,58,93,1.0
2022-23,1610612761,TOR,Toronto Raptors,0022200355,2022-12-05T00:00:00,TOR vs. BOS,L,48.0,39,85,0.459,10,28,0.357,22,30,0.733,12,34,46,19,13.0,6,5,3,20,22,110,-6.0,1,49,49,49,8,59,72,37,44,67,33,21,17,65,47,17,28,75,52,75,39,20,43,28,52,66,1.0
2022-23,1610612739,CLE,Cleveland Cavaliers,0022200360,2022-12-06T00:00:00,CLE vs. LAL,W,48.0,48,93,0.516,7,27,0.259,13,17,0.765,9,35,44,25,8.0,11,3,6,20,13,116,14.0,1,1,1,1,8,4,7,26,81,73,81,75,76,61,52,23,24,38,5,7,68,65,52,92,28,21,1.0
2022-23,1610612742,DAL,Dallas Mavericks,0022200362,2022-12-06T00:00:00,DAL @ DEN,W,48.0,36,72,0.5,17,36,0.472,27,31,0.871,4,31,35,27,17.0,10,4,4,32,28,116,1.0,1,1,1,1,10,62,86,28,25,67,10,9,17,11,77,38,65,13,78,7,31,38,88,8,36,37,1.0
2022-23,1610612743,DEN,Denver Nuggets,0022200362,2022-12-06T00:00:00,DEN vs. DAL,L,48.0,40,78,0.513,13,32,0.406,22,28,0.786,8,28,36,30,17.0,8,4,4,28,32,115,-1.0,1,75,75,75,5,79,99,39,35,48,36,13,17,51,75,92,94,35,81,38,55,44,110,1,53,75,1.0
2022-23,1610612765,DET,Detroit Pistons,0022200361,2022-12-06T00:00:00,DET @ MIA,W,48.0,43,87,0.494,19,41,0.463,11,15,0.733,9,31,40,27,13.0,8,1,2,19,20,116,20.0,1,1,1,1,5,16,43,19,1,10,10,84,81,69,55,41,53,13,21,28,80,6,13,49,23,1,1.0
2022-23,1610612747,LAL,Los Angeles Lakers,0022200360,2022-12-06T00:00:00,LAL @ CLE,L,48.0,38,89,0.427,6,36,0.167,20,24,0.833,14,29,43,16,16.0,4,6,3,13,20,102,-14.0,1,59,59,59,10,83,51,92,103,22,113,56,66,29,8,101,67,107,73,86,32,20,10,67,92,97,1.0
2022-23,1610612748,MIA,Miami Heat,0022200361,2022-12-06T00:00:00,MIA vs. DET,L,48.0,33,77,0.429,10,32,0.313,20,26,0.769,7,33,40,21,15.0,7,2,1,20,19,96,-20.0,1,66,66,66,7,98,108,83,80,75,80,42,33,87,94,39,63,76,78,59,81,5,68,71,99,114,1.0
2022-23,1610612737,ATL,Atlanta Hawks,0022200365,2022-12-07T00:00:00,ATL @ NYK,L,48.0,32,85,0.376,6,36,0.167,19,24,0.792,11,28,39,16,11.0,4,6,2,17,23,89,-24.0,1,49,49,49,7,94,77,94,89,17,97,37,32,60,46,78,75,94,26,84,21,5,26,14,95,94,1.0
2022-23,1610612738,BOS,Boston Celtics,0022200373,2022-12-07T00:00:00,BOS @ PHX,W,48.0,49,101,0.485,16,45,0.356,11,13,0.846,11,42,53,29,13.0,14,3,4,20,17,125,27.0,1,1,1,1,15,9,4,43,45,35,65,89,95,38,29,12,13,23,47,2,87,51,63,72,28,8,1.0
2022-23,1610612751,BKN,Brooklyn Nets,0022200364,2022-12-07T00:00:00,BKN vs. CHA,W,48.0,49,86,0.57,12,31,0.387,12,16,0.75,5,34,39,33,11.0,3,8,3,20,18,122,6.0,1,1,1,1,3,6,33,8,45,60,35,78,78,65,65,23,52,3,20,85,15,23,38,54,19,34,1.0
2022-23,1610612766,CHA,Charlotte Hornets,0022200364,2022-12-07T00:00:00,CHA @ BKN,L,48.0,47,88,0.534,10,24,0.417,12,23,0.522,10,30,40,25,11.0,4,3,8,18,20,116,-6.0,1,30,30,30,6,9,48,9,46,83,12,75,48,91,56,64,68,37,14,78,70,67,26,44,24,41,1.0
2022-23,1610612741,CHI,Chicago Bulls,0022200367,2022-12-07T00:00:00,CHI vs. WAS,W,48.0,45,90,0.5,10,23,0.435,15,17,0.882,6,35,41,29,19.0,11,4,6,20,16,115,4.0,1,1,1,1,8,24,24,39,44,77,23,68,77,14,61,35,52,16,79,11,41,61,55,71,40,41,1.0
2022-23,1610612765,DET,Detroit Pistons,0022200371,2022-12-07T00:00:00,DET @ NOP,L,48.0,35,90,0.389,15,42,0.357,13,16,0.813,8,34,42,17,13.0,5,1,9,23,21,98,-6.0,1,21,21,21,5,72,25,84,15,5,41,76,77,29,70,23,39,82,21,67,80,84,52,38,76,34,1.0
2022-23,1610612744,GSW,Golden State Warriors,0022200372,2022-12-07T00:00:00,GSW @ UTA,L,48.0,45,98,0.459,14,42,0.333,19,25,0.76,14,28,42,26,14.0,8,5,7,18,17,123,-1.0,1,55,55,55,6,29,14,63,62,55,72,27,25,64,20,90,63,72,27,35,30,91,11,67,27,55,1.0
2022-23,1610612754,IND,Indiana Pacers,0022200370,2022-12-07T00:00:00,IND @ MIN,L,48.0,39,81,0.481,19,42,0.452,18,24,0.75,4,27,31,22,19.0,10,4,2,17,21,115,-6.0,1,40,40,40,4,61,79,39,7,17,14,47,38,56,88,71,86,76,74,15,64,4,7,37,45,52,1.0
2022-23,1610612747,LAL,Los Angeles Lakers,0022200366,2022-12-07T00:00:00,LAL @ TOR,L,48.0,37,87,0.425,7,33,0.212,32,35,0.914,10,36,46,16,15.0,6,3,5,17,22,113,-13.0,1,59,59,59,10,91,62,96,93,39,108,4,13,5,46,50,47,107,60,53,82,54,33,44,60,94,1.0
2022-23,1610612763,MEM,Memphis Grizzlies,0022200368,2022-12-07T00:00:00,MEM vs. OKC,W,48.0,48,94,0.511,14,38,0.368,13,16,0.813,10,40,50,32,17.0,13,9,3,19,16,123,21.0,1,1,1,1,6,19,30,22,21,20,34,77,83,23,67,10,25,9,75,7,7,11,34,84,26,10,1.0
2022-23,1610612749,MIL,Milwaukee Bucks,0022200369,2022-12-07T00:00:00,MIL vs. SAC,W,48.0,46,96,0.479,14,33,0.424,20,24,0.833,17,33,50,34,7.0,3,2,4,15,17,126,13.0,1,1,1,1,7,23,21,39,44,77,23,23,37,15,7,67,34,5,2,88,79,48,18,68,22,17,1.0
2022-23,1610612750,MIN,Minnesota Timberwolves,0022200370,2022-12-07T00:00:00,MIN vs. IND,W,48.0,44,93,0.473,8,23,0.348,25,27,0.926,16,35,51,25,23.0,15,2,4,21,17,121,6.0,1,1,1,1,8,31,17,52,83,94,52,8,29,4,2,31,9,45,95,2,86,37,39,76,23,31,1.0
2022-23,1610612740,NOP,New Orleans Pelicans,0022200371,2022-12-07T00:00:00,NOP vs. DET,W,48.0,39,85,0.459,8,27,0.296,18,23,0.783,10,40,50,21,19.0,8,9,1,21,23,104,6.0,1,1,1,1,8,62,55,63,67,62,71,52,52,50,50,8,15,76,81,46,1,2,45,21,73,38,1.0
2022-23,1610612752,NYK,New York Knicks,0022200365,2022-12-07T00:00:00,NYK vs. ATL,W,48.0,37,83,0.446,17,36,0.472,22,24,0.917,13,42,55,26,14.0,6,2,6,23,17,113,24.0,1,1,1,1,11,71,71,66,8,39,5,33,58,6,40,6,3,21,56,50,81,75,70,82,50,4,1.0
2022-23,1610612760,OKC,Oklahoma City Thunder,0022200368,2022-12-07T00:00:00,OKC @ MEM,L,48.0,34,92,0.37,14,38,0.368,20,23,0.87,14,34,48,25,19.0,9,3,9,16,19,102,-21.0,1,52,52,52,7,88,45,94,26,23,39,32,43,22,14,35,24,34,85,29,61,86,7,58,78,93,1.0
2022-23,1610612753,ORL,Orlando Magic,0022200363,2022-12-07T00:00:00,ORL vs. LAC,W,53.0,40,95,0.421,8,28,0.286,28,31,0.903,16,37,53,20,13.0,8,5,9,21,19,116,5.0,1,1,1,1,1,47,10,73,70,65,66,6,12,8,4,19,4,69,25,35,33,86,50,56,25,28,1.0
2022-23,1610612756,PHX,Phoenix Suns,0022200373,2022-12-07T00:00:00,PHX vs. BOS,L,48.0,37,93,0.398,8,32,0.25,16,19,0.842,13,36,49,19,18.0,5,4,3,17,20,98,-27.0,1,56,56,56,5,84,30,95,84,46,94,60,68,31,30,22,20,99,91,74,61,24,14,55,89,99,1.0
2022-23,1610612758,SAC,Sacramento Kings,0022200369,2022-12-07T00:00:00,SAC @ MIL,L,48.0,43,91,0.473,12,38,0.316,15,16,0.938,8,32,40,19,8.0,2,4,2,17,15,113,-13.0,1,62,62,62,6,48,31,59,55,46,70,71,88,4,68,52,63,94,7,97,30,10,17,92,65,89,1.0
2022-23,1610612761,TOR,Toronto Raptors,0022200366,2022-12-07T00:00:00,TOR vs. LAL,W,48.0,47,106,0.443,12,43,0.279,20,24,0.833,17,37,54,25,11.0,10,5,3,22,17,126,13.0,1,1,1,1,8,13,6,53,24,5,68,34,45,21,13,10,5,29,34,36,39,20,60,63,8,16,1.0
2022-23,1610612762,UTA,Utah Jazz,0022200372,2022-12-07T00:00:00,UTA vs. GSW,W,48.0,46,86,0.535,15,35,0.429,17,21,0.81,9,31,40,26,17.0,6,7,5,17,18,124,1.0,1,1,1,1,6,14,59,10,25,54,15,52,59,40,68,63,75,39,58,44,19,43,13,66,19,34,1.0
2022-23,1610612764,WAS,Washington Wizards,0022200367,2022-12-07T00:00:00,WAS @ CHI,L,48.0,41,84,0.488,9,31,0.29,20,29,0.69,6,32,38,22,18.0,12,6,4,16,20,111,-4.0,1,40,40,40,4,46,50,41,60,44,66,24,15,76,68,58,69,63,75,3,24,27,17,33,49,46,1.0
2022-23,1610612743,DEN,Denver Nuggets,0022200376,2022-12-08T00:00:00,DEN @ POR,W,48.0,47,91,0.516,12,30,0.4,15,22,0.682,16,32,48,28,16.0,6,5,3,16,20,121,1.0,1,1,1,1,5,20,18,38,46,64,38,74,49,85,7,60,23,50,71,69,30,22,22,47,33,72,1.0
2022-23,1610612745,HOU,Houston Rockets,0022200375,2022-12-08T00:00:00,HOU @ SAS,L,48.0,44,98,0.449,10,29,0.345,11,15,0.733,16,26,42,23,14.0,3,4,7,19,19,109,-9.0,1,28,28,28,3,19,6,49,46,61,33,81,82,51,17,81,67,37,23,88,41,56,29,56,49,50,1.0
2022-23,1610612748,MIA,Miami Heat,0022200374,2022-12-08T00:00:00,MIA vs. LAC,W,48.0,46,90,0.511,12,32,0.375,11,14,0.786,7,36,43,24,8.0,11,1,3,20,16,115,5.0,1,1,1,1,7,10,29,21,54,75,38,107,109,80,94,20,43,48,7,16,107,29,68,100,32,36,1.0
2022-23,1610612757,POR,Portland Trail Blazers,0022200376,2022-12-08T00:00:00,POR vs. DEN,L,48.0,44,91,0.484,16,40,0.4,16,16,1.0,13,25,38,30,13.0,10,3,5,20,16,120,-1.0,1,39,39,39,3,14,14,36,16,14,29,61,85,1,5,79,57,7,30,11,63,48,39,81,27,39,1.0
2022-23,1610612759,SAS,San Antonio Spurs,0022200375,2022-12-08T00:00:00,SAS vs. HOU,W,48.0,46,83,0.554,13,36,0.361,13,15,0.867,7,31,38,25,17.0,5,7,4,19,19,118,9.0,1,1,1,1,7,23,78,5,18,26,38,57,77,10,79,41,72,52,53,68,7,29,36,37,27,7,1.0
2022-23,1610612737,ATL,Atlanta Hawks,0022200380,2022-12-09T00:00:00,ATL @ BKN,L,48.0,46,93,0.495,10,29,0.345,14,16,0.875,12,26,38,21,18.0,12,4,5,18,18,116,-4.0,1,49,49,49,7,29,43,34,56,54,52,77,83,23,35,88,82,78,88,3,51,43,37,61,52,56,1.0
2022-23,1610612751,BKN,Brooklyn Nets,0022200380,2022-12-09T00:00:00,BKN vs. ATL,W,48.0,45,83,0.542,13,30,0.433,17,21,0.81,9,29,38,30,21.0,10,5,4,18,18,120,4.0,1,1,1,1,3,16,47,17,36,62,23,50,53,40,30,71,58,15,90,14,53,46,18,54,25,37,1.0
2022-23,1610612766,CHA,Charlotte Hornets,0022200377,2022-12-09T00:00:00,CHA vs. NYK,L,48.0,37,84,0.44,6,26,0.231,22,28,0.786,12,33,45,16,13.0,8,6,7,26,21,102,-19.0,1,30,30,30,6,72,70,55,82,77,80,16,23,32,37,46,39,87,27,32,27,58,84,35,67,78,1.0
2022-23,1610612739,CLE,Cleveland Cavaliers,0022200381,2022-12-09T00:00:00,CLE vs. SAC,L,48.0,34,79,0.43,10,30,0.333,17,22,0.773,8,28,36,20,20.0,7,4,5,23,22,95,-11.0,1,57,57,57,8,84,71,78,53,51,55,43,42,58,62,63,72,73,90,43,50,49,80,24,85,82,1.0
2022-23,1610612742,DAL,Dallas Mavericks,0022200386,2022-12-09T00:00:00,DAL vs. MIL,L,48.0,41,88,0.466,13,40,0.325,10,24,0.417,12,31,43,21,11.0,8,6,4,21,21,105,-1.0,1,41,41,41,10,34,24,44,55,45,65,84,51,90,7,38,18,53,25,18,12,38,44,48,64,41,1.0
2022-23,1610612765,DET,Detroit Pistons,0022200383,2022-12-09T00:00:00,DET @ MEM,L,48.0,36,90,0.4,11,35,0.314,20,27,0.741,13,34,47,23,19.0,6,7,8,29,19,103,-11.0,1,21,21,21,5,64,25,80,45,26,57,36,33,64,21,23,22,39,72,54,5,73,82,60,64,53,1.0
2022-23,1610612754,IND,Indiana Pacers,0022200378,2022-12-09T00:00:00,IND vs. WAS,W,48.0,43,85,0.506,18,41,0.439,17,20,0.85,13,27,40,23,12.0,7,2,3,21,19,121,10.0,1,1,1,1,4,29,61,23,12,22,18,55,67,18,19,71,58,67,18,47,86,11,42,55,28,11,1.0
2022-23,1610612747,LAL,Los Angeles Lakers,0022200382,2022-12-09T00:00:00,LAL @ PHI,L,53.0,44,88,0.5,11,31,0.355,23,30,0.767,7,30,37,29,21.0,12,4,2,23,30,122,-11.0,1,59,59,59,2,36,59,32,37,53,46,32,31,61,85,88,100,15,103,3,62,5,96,5,30,88,1.0
2022-23,1610612763,MEM,Memphis Grizzlies,0022200383,2022-12-09T00:00:00,MEM vs. DET,W,48.0,44,91,0.484,9,32,0.281,17,32,0.531,12,36,48,30,14.0,11,8,7,19,29,114,11.0,1,1,1,1,6,39,51,37,68,59,72,45,15,101,46,36,44,14,48,20,13,69,34,5,49,29,1.0
2022-23,1610612749,MIL,Milwaukee Bucks,0022200386,2022-12-09T00:00:00,MIL @ DAL,W,48.0,38,87,0.437,11,32,0.344,19,23,0.826,13,38,51,27,17.0,5,4,6,21,21,106,1.0,1,1,1,1,7,68,55,69,78,82,62,27,42,17,26,35,30,34,65,56,50,80,68,30,68,61,1.0
2022-23,1610612750,MIN,Minnesota Timberwolves,0022200385,2022-12-09T00:00:00,MIN @ UTA,W,48.0,42,79,0.532,14,35,0.4,20,26,0.769,6,38,44,30,17.0,7,3,0,21,20,118,10.0,1,1,1,1,8,41,85,17,20,35,26,34,32,46,77,14,35,17,63,54,77,1,39,50,31,15,1.0
2022-23,1610612740,NOP,New Orleans Pelicans,0022200384,2022-12-09T00:00:00,NOP vs. PHX,W,48.0,46,90,0.511,8,27,0.296,28,35,0.8,13,31,44,27,11.0,10,1,3,15,25,128,11.0,1,1,1,1,8,15,30,20,67,62,71,7,10,43,23,53,43,34,15,19,84,18,6,8,11,24,1.0
2022-23,1610612752,NYK,New York Knicks,0022200377,2022-12-09T00:00:00,NYK @ CHA,W,48.0,41,93,0.441,13,34,0.382,26,30,0.867,16,32,48,25,14.0,6,7,6,21,26,121,19.0,1,1,1,1,11,49,27,68,35,52,34,11,23,14,19,61,37,29,56,50,12,75,54,6,27,14,1.0
2022-23,1610612753,ORL,Orlando Magic,0022200379,2022-12-09T00:00:00,ORL vs. TOR,W,48.0,42,71,0.592,10,26,0.385,19,21,0.905,3,40,43,24,20.0,3,4,5,27,17,113,4.0,1,1,1,1,5,26,89,1,50,78,29,43,63,7,91,8,45,30,83,82,48,43,86,74,35,32,1.0
2022-23,1610612755,PHI,Philadelphia 76ers,0022200382,2022-12-09T00:00:00,PHI vs. LAL,W,53.0,48,90,0.533,18,40,0.45,19,22,0.864,7,35,42,30,23.0,14,2,4,30,23,133,11.0,1,1,1,1,3,7,18,14,4,7,20,53,58,35,72,24,40,12,102,4,91,33,102,17,8,28,1.0
2022-23,1610612756,PHX,Phoenix Suns,0022200384,2022-12-09T00:00:00,PHX @ NOP,L,48.0,43,86,0.5,22,44,0.5,9,13,0.692,8,29,37,30,17.0,6,3,1,25,15,117,-11.0,1,56,56,56,5,33,68,24,1,3,8,97,94,89,77,72,81,24,83,65,78,4,79,87,37,81,1.0
2022-23,1610612758,SAC,Sacramento Kings,0022200381,2022-12-09T00:00:00,SAC @ CLE,W,48.0,35,66,0.53,16,33,0.485,20,32,0.625,5,33,38,21,19.0,11,5,4,22,23,106,11.0,1,1,1,1,6,88,99,21,26,67,10,44,10,95,89,43,76,82,84,7,14,44,63,27,78,26,1.0
2022-23,1610612761,TOR,Toronto Raptors,0022200379,2022-12-09T00:00:00,TOR @ ORL,L,48.0,36,85,0.424,10,35,0.286,27,33,0.818,7,26,33,23,7.0,10,5,4,17,27,109,-4.0,1,49,49,49,8,76,72,71,44,23,65,9,14,26,84,76,86,45,4,36,39,33,16,6,56,59,1.0
2022-23,1610612762,UTA,Utah Jazz,0022200385,2022-12-09T00:00:00,UTA vs. MIN,L,48.0,39,90,0.433,13,44,0.295,17,24,0.708,12,28,40,22,11.0,9,0,3,20,21,108,-10.0,1,42,42,42,6,62,38,70,39,14,67,52,40,69,39,79,75,69,8,13,93,13,39,39,68,74,1.0
2022-23,1610612764,WAS,Washington Wizards,0022200378,2022-12-09T00:00:00,WAS @ IND,L,48.0,41,77,0.532,10,29,0.345,19,25,0.76,12,26,38,25,14.0,6,3,2,19,21,111,-10.0,1,40,40,40,4,46,81,17,49,57,47,30,27,59,19,84,69,42,38,50,66,7,42,26,49,69,1.0
2022-23,1610612738,BOS,Boston Celtics,0022200392,2022-12-10T00:00:00,BOS @ GSW,L,48.0,38,87,0.437,12,40,0.3,19,26,0.731,6,33,39,17,10.0,8,6,6,14,20,107,-16.0,1,74,74,74,15,83,54,84,80,64,90,44,25,88,90,66,82,109,17,23,36,83,11,38,86,105,1.0
2022-23,1610612751,BKN,Brooklyn Nets,0022200388,2022-12-10T00:00:00,BKN @ IND,W,48.0,52,100,0.52,9,28,0.321,23,32,0.719,29,30,59,19,18.0,7,3,3,24,27,136,3.0,1,1,1,1,3,3,2,29,73,73,69,19,8,75,1,65,1,87,79,42,76,23,67,1,3,41,1.0
2022-23,1610612741,CHI,Chicago Bulls,0022200391,2022-12-10T00:00:00,CHI vs. DAL,W,48.0,54,85,0.635,19,34,0.559,17,24,0.708,4,40,44,33,10.0,8,5,4,17,17,144,29.0,1,1,1,1,8,1,54,1,2,13,3,47,31,80,85,12,34,3,14,37,34,32,26,60,1,3,1.0
2022-23,1610612739,CLE,Cleveland Cavaliers,0022200390,2022-12-10T00:00:00,CLE vs. OKC,W,48.0,40,85,0.471,12,32,0.375,18,26,0.692,12,36,48,25,13.0,6,4,6,14,26,110,8.0,1,1,1,1,8,52,45,56,36,42,40,36,19,78,22,16,10,38,39,61,50,65,5,9,57,37,1.0
2022-23,1610612742,DAL,Dallas Mavericks,0022200391,2022-12-10T00:00:00,DAL @ CHI,L,48.0,41,90,0.456,11,44,0.25,22,26,0.846,8,29,37,24,8.0,5,4,5,17,17,115,-29.0,1,41,41,41,10,34,14,54,74,24,85,21,36,16,29,55,50,33,8,54,31,60,11,78,38,89,1.0
2022-23,1610612743,DEN,Denver Nuggets,0022200393,2022-12-10T00:00:00,DEN vs. UTA,W,48.0,47,86,0.547,8,26,0.308,13,16,0.813,6,33,39,28,9.0,5,8,6,17,20,115,5.0,1,1,1,1,5,20,51,20,89,93,87,85,96,38,92,55,79,50,6,86,6,82,31,47,53,52,1.0
2022-23,1610612744,GSW,Golden State Warriors,0022200392,2022-12-10T00:00:00,GSW vs. BOS,W,48.0,47,92,0.511,13,39,0.333,16,20,0.8,11,42,53,26,15.0,3,6,6,20,14,123,16.0,1,1,1,1,6,16,32,27,71,69,72,46,52,46,39,9,15,72,36,97,9,81,28,94,27,15,1.0
2022-23,1610612754,IND,Indiana Pacers,0022200388,2022-12-10T00:00:00,IND vs. BKN,L,48.0,47,85,0.553,21,44,0.477,18,24,0.75,7,23,30,30,19.0,10,3,3,27,24,133,-3.0,1,40,40,40,4,12,61,5,5,11,8,47,38,56,67,83,88,17,74,15,78,11,83,12,9,42,1.0
2022-23,1610612748,MIA,Miami Heat,0022200387,2022-12-10T00:00:00,MIA vs. SAS,L,48.0,39,81,0.481,13,34,0.382,20,28,0.714,5,27,32,26,10.0,5,3,4,22,21,111,-4.0,1,66,66,66,7,49,80,35,36,59,35,42,25,103,108,85,110,29,17,98,52,51,85,50,44,75,1.0
2022-23,1610612750,MIN,Minnesota Timberwolves,0022200394,2022-12-10T00:00:00,MIN @ POR,L,48.0,45,83,0.542,10,23,0.435,18,24,0.75,4,24,28,22,13.0,11,4,4,21,24,118,-6.0,1,51,51,51,8,26,60,16,59,94,15,48,42,55,90,94,99,73,26,17,60,37,39,15,31,63,1.0
2022-23,1610612760,OKC,Oklahoma City Thunder,0022200390,2022-12-10T00:00:00,OKC @ CLE,L,48.0,38,83,0.458,10,29,0.345,16,20,0.8,7,33,40,25,11.0,8,6,4,26,14,102,-8.0,1,52,52,52,7,73,82,53,67,76,47,66,68,53,87,42,66,34,23,48,14,25,81,93,78,76,1.0
2022-23,1610612757,POR,Portland Trail Blazers,0022200394,2022-12-10T00:00:00,POR vs. MIN,W,48.0,43,83,0.518,13,34,0.382,25,28,0.893,11,34,45,20,16.0,5,4,4,24,21,124,6.0,1,1,1,1,3,18,52,21,35,49,37,18,29,15,22,26,20,63,49,58,45,35,72,38,20,27,1.0
2022-23,1610612759,SAS,San Antonio Spurs,0022200387,2022-12-10T00:00:00,SAS @ MIA,W,48.0,42,78,0.538,7,21,0.333,24,31,0.774,9,37,46,24,18.0,8,4,3,21,22,115,4.0,1,1,1,1,7,47,86,14,80,87,47,10,9,30,65,16,31,60,63,25,34,14,54,19,33,19,1.0
2022-23,1610612762,UTA,Utah Jazz,0022200393,2022-12-10T00:00:00,UTA @ DEN,L,48.0,39,85,0.459,15,41,0.366,17,21,0.81,10,32,42,20,14.0,5,6,8,20,17,110,-5.0,1,42,42,42,6,62,64,53,25,23,34,52,59,40,59,55,65,77,34,54,28,82,39,72,64,54,1.0
2022-23,1610612764,WAS,Washington Wizards,0022200389,2022-12-10T00:00:00,WAS vs. LAC,L,48.0,37,85,0.435,16,34,0.471,17,19,0.895,8,42,50,24,15.0,8,3,7,15,16,107,-7.0,1,40,40,40,4,74,44,69,8,27,12,48,62,13,52,4,16,51,50,28,66,71,9,73,62,54,1.0
2022-23,1610612737,ATL,Atlanta Hawks,0022200400,2022-12-11T00:00:00,ATL vs. CHI,W,53.0,47,98,0.48,13,39,0.333,16,21,0.762,8,37,45,28,15.0,3,6,6,22,21,123,1.0,1,1,1,1,2,25,18,42,18,5,57,59,51,77,70,14,39,15,67,94,21,58,72,32,30,46,1.0
2022-23,1610612766,CHA,Charlotte Hornets,0022200399,2022-12-11T00:00:00,CHA @ PHI,L,48.0,38,93,0.409,11,30,0.367,26,30,0.867,15,30,45,21,16.0,12,3,6,24,24,113,-18.0,1,30,30,30,6,61,29,67,35,65,30,1,10,13,12,64,39,70,56,6,70,49,73,12,32,75,1.0
2022-23,1610612741,CHI,Chicago Bulls,0022200400,2022-12-11T00:00:00,CHI @ ATL,L,53.0,48,100,0.48,7,27,0.259,19,23,0.826,13,40,53,28,19.0,11,6,6,21,22,122,-1.0,1,49,49,49,3,10,2,58,67,52,77,29,39,40,9,12,4,21,79,11,19,61,63,20,21,49,1.0
2022-23,1610612765,DET,Detroit Pistons,0022200396,2022-12-11T00:00:00,DET vs. LAL,L,48.0,43,93,0.462,17,45,0.378,14,17,0.824,10,30,40,28,12.0,9,3,4,19,14,117,-7.0,1,21,21,21,5,16,13,38,6,3,33,68,73,21,45,49,53,9,14,14,47,20,13,88,19,42,1.0
2022-23,1610612745,HOU,Houston Rockets,0022200401,2022-12-11T00:00:00,HOU vs. MIL,W,48.0,40,91,0.44,6,27,0.222,11,12,0.917,10,39,49,23,12.0,11,8,6,17,12,97,5.0,1,1,1,1,3,42,27,55,81,69,85,81,89,3,70,11,23,37,9,10,6,40,17,89,76,18,1.0
2022-23,1610612747,LAL,Los Angeles Lakers,0022200396,2022-12-11T00:00:00,LAL @ DET,W,48.0,46,84,0.548,11,26,0.423,21,27,0.778,6,36,42,31,11.0,8,4,3,14,19,124,7.0,1,1,1,1,10,21,78,10,37,84,22,48,50,54,95,50,74,9,23,21,62,20,13,77,23,36,1.0
2022-23,1610612749,MIL,Milwaukee Bucks,0022200401,2022-12-11T00:00:00,MIL @ HOU,L,48.0,33,90,0.367,12,43,0.279,14,18,0.778,13,39,52,18,16.0,5,6,8,12,17,92,-5.0,1,63,63,63,7,91,39,95,69,30,82,67,70,39,26,28,22,90,52,56,22,91,2,68,94,67,1.0
2022-23,1610612740,NOP,New Orleans Pelicans,0022200395,2022-12-11T00:00:00,NOP vs. PHX,W,53.0,50,86,0.581,8,25,0.32,21,28,0.75,7,36,43,31,17.0,10,3,5,26,24,129,5.0,1,1,1,1,1,3,46,2,67,78,62,32,28,67,79,30,50,10,67,19,63,47,85,14,7,41,1.0
2022-23,1610612752,NYK,New York Knicks,0022200397,2022-12-11T00:00:00,NYK vs. SAC,W,48.0,40,89,0.449,8,35,0.229,24,27,0.889,15,40,55,19,17.0,8,4,0,22,21,112,13.0,1,1,1,1,11,54,45,63,85,45,96,18,36,9,24,8,3,72,83,25,40,1,64,48,51,22,1.0
2022-23,1610612753,ORL,Orlando Magic,0022200398,2022-12-11T00:00:00,ORL vs. TOR,W,48.0,36,77,0.468,14,31,0.452,25,31,0.806,11,31,42,25,18.0,3,7,7,28,25,111,12.0,1,1,1,1,5,68,82,46,12,45,9,13,12,32,35,61,51,23,63,82,10,70,89,9,43,10,1.0
2022-23,1610612755,PHI,Philadelphia 76ers,0022200399,2022-12-11T00:00:00,PHI vs. CHA,W,48.0,46,83,0.554,13,27,0.481,26,32,0.813,9,32,41,31,16.0,6,6,3,24,24,131,18.0,1,1,1,1,8,11,47,9,41,85,9,16,11,66,44,50,50,7,68,75,28,17,76,9,11,18,1.0
2022-23,1610612756,PHX,Phoenix Suns,0022200395,2022-12-11T00:00:00,PHX @ NOP,L,53.0,49,105,0.467,13,38,0.342,13,17,0.765,19,23,42,34,15.0,7,5,3,24,26,124,-5.0,1,56,56,56,1,6,1,53,29,17,60,79,78,63,3,99,58,5,65,43,45,24,71,12,22,69,1.0
2022-23,1610612758,SAC,Sacramento Kings,0022200397,2022-12-11T00:00:00,SAC @ NYK,L,48.0,33,83,0.398,10,39,0.256,23,35,0.657,11,30,41,20,17.0,7,0,4,21,22,99,-13.0,1,62,62,62,6,95,76,96,76,39,89,26,5,88,32,69,58,88,73,52,97,44,48,41,90,89,1.0
2022-23,1610612761,TOR,Toronto Raptors,0022200398,2022-12-11T00:00:00,TOR @ ORL,L,48.0,30,75,0.4,6,25,0.24,33,38,0.868,7,21,28,18,9.0,9,7,7,25,28,99,-12.0,1,49,49,49,8,92,89,82,89,85,82,2,5,13,84,92,93,82,19,48,16,79,79,4,80,80,1.0
2022-23,1610612737,ATL,Atlanta Hawks,0022200404,2022-12-12T00:00:00,ATL @ MEM,L,48.0,37,104,0.356,12,37,0.324,17,22,0.773,20,19,39,20,16.0,13,1,12,17,17,103,-25.0,1,49,49,49,7,88,6,95,29,12,63,48,42,70,3,97,75,84,72,1,94,96,26,72,84,95,1.0
2022-23,1610612738,BOS,Boston Celtics,0022200408,2022-12-12T00:00:00,BOS @ LAC,L,48.0,33,76,0.434,9,39,0.231,18,26,0.692,5,31,36,27,15.0,5,6,2,17,26,93,-20.0,1,74,74,74,15,104,105,88,105,69,108,48,25,100,97,77,101,45,66,61,36,11,32,5,108,109,1.0
2022-23,1610612751,BKN,Brooklyn Nets,0022200403,2022-12-12T00:00:00,BKN @ WAS,W,48.0,44,89,0.494,8,27,0.296,16,18,0.889,7,34,41,25,13.0,8,7,2,20,16,112,12.0,1,1,1,1,3,20,20,39,87,80,79,54,71,16,47,23,39,42,35,31,24,10,38,70,43,18,1.0
2022-23,1610612739,CLE,Cleveland Cavaliers,0022200406,2022-12-12T00:00:00,CLE @ SAS,L,48.0,45,92,0.489,5,23,0.217,16,17,0.941,15,29,44,21,15.0,7,7,2,13,19,111,-1.0,1,57,57,57,8,14,9,43,92,89,90,51,76,2,6,57,24,68,64,43,7,8,2,51,56,57,1.0
2022-23,1610612742,DAL,Dallas Mavericks,0022200405,2022-12-12T00:00:00,DAL vs. OKC,W,48.0,39,93,0.419,22,54,0.407,21,25,0.84,16,34,50,24,14.0,4,3,1,19,22,121,7.0,1,1,1,1,10,46,7,78,3,4,27,29,44,20,2,22,4,33,57,68,44,7,25,39,28,17,1.0
2022-23,1610612754,IND,Indiana Pacers,0022200402,2022-12-12T00:00:00,IND vs. MIA,L,48.0,28,79,0.354,11,39,0.282,15,20,0.75,8,37,45,16,18.0,7,11,2,18,17,82,-5.0,1,40,40,40,4,90,83,90,58,32,74,62,67,56,58,11,24,89,68,47,4,4,11,71,89,49,1.0
2022-23,1610612763,MEM,Memphis Grizzlies,0022200404,2022-12-12T00:00:00,MEM vs. ATL,W,48.0,50,83,0.602,13,32,0.406,15,18,0.833,5,44,49,36,23.0,8,12,1,17,17,128,25.0,1,1,1,1,6,8,84,2,29,59,24,65,74,14,96,2,35,3,99,47,1,2,16,70,18,6,1.0
2022-23,1610612748,MIA,Miami Heat,0022200402,2022-12-12T00:00:00,MIA @ IND,W,48.0,32,83,0.386,9,34,0.265,14,18,0.778,9,39,48,23,14.0,7,2,11,17,18,87,5.0,1,1,1,1,7,105,67,109,90,59,102,91,91,85,63,5,10,56,67,59,81,118,33,77,114,36,1.0
2022-23,1610612750,MIN,Minnesota Timberwolves,0022200407,2022-12-12T00:00:00,MIN @ POR,L,48.0,46,93,0.495,10,27,0.37,10,19,0.526,7,30,37,25,10.0,12,2,4,19,21,112,-21.0,1,51,51,51,8,17,17,37,59,78,41,90,76,97,67,63,70,45,6,11,86,37,23,34,53,94,1.0
2022-23,1610612760,OKC,Oklahoma City Thunder,0022200405,2022-12-12T00:00:00,OKC @ DAL,L,48.0,42,88,0.477,10,31,0.323,20,21,0.952,10,32,42,21,13.0,4,1,3,22,19,114,-7.0,1,52,52,52,7,44,62,41,67,66,67,32,58,2,55,47,51,67,46,89,90,15,60,58,54,74,1.0
2022-23,1610612757,POR,Portland Trail Blazers,0022200407,2022-12-12T00:00:00,POR vs. MIN,W,48.0,48,89,0.539,21,46,0.457,16,21,0.762,11,43,54,32,19.0,4,4,2,21,19,133,21.0,1,1,1,1,3,6,21,12,2,3,12,61,64,57,22,1,1,4,75,77,45,7,52,52,8,4,1.0
2022-23,1610612759,SAS,San Antonio Spurs,0022200406,2022-12-12T00:00:00,SAS vs. CLE,W,48.0,46,97,0.474,9,27,0.333,11,16,0.688,19,27,46,25,13.0,6,2,7,19,13,112,1.0,1,1,1,1,7,23,23,38,63,71,47,74,72,69,4,74,31,52,19,57,71,65,36,83,42,24,1.0
2022-23,1610612764,WAS,Washington Wizards,0022200403,2022-12-12T00:00:00,WAS vs. BKN,L,48.0,37,79,0.468,11,31,0.355,15,22,0.682,6,38,44,21,20.0,6,2,7,16,20,100,-12.0,1,40,40,40,4,74,75,52,42,44,42,56,42,79,68,13,39,70,86,50,78,71,17,33,74,76,1.0
2022-23,1610612738,BOS,Boston Celtics,0022200413,2022-12-13T00:00:00,BOS @ LAL,W,53.0,46,104,0.442,19,48,0.396,11,16,0.688,13,38,51,27,14.0,6,2,9,22,17,122,4.0,1,1,1,1,2,21,3,77,21,18,45,89,85,101,15,33,20,45,55,47,100,109,77,72,36,60,1.0
2022-23,1610612744,GSW,Golden State Warriors,0022200410,2022-12-13T00:00:00,GSW @ MIL,L,48.0,38,95,0.4,20,50,0.4,15,19,0.789,12,25,37,25,18.0,7,2,5,22,18,111,-17.0,1,55,55,55,6,84,24,94,14,12,38,55,59,50,30,99,89,78,74,51,85,67,49,55,74,96,1.0
2022-23,1610612745,HOU,Houston Rockets,0022200411,2022-12-13T00:00:00,HOU vs. PHX,W,48.0,34,81,0.42,12,35,0.343,31,34,0.912,17,50,67,16,23.0,6,9,7,21,24,111,14.0,1,1,1,1,3,82,77,73,23,28,35,6,9,4,11,1,1,85,83,55,4,56,46,17,42,6,1.0
2022-23,1610612747,LAL,Los Angeles Lakers,0022200413,2022-12-13T00:00:00,LAL vs. BOS,L,53.0,44,93,0.473,8,29,0.276,22,30,0.733,7,42,49,23,12.0,7,9,2,17,22,118,-4.0,1,59,59,59,2,36,21,59,82,69,87,39,31,80,85,14,34,72,31,40,7,5,33,44,45,66,1.0
2022-23,1610612749,MIL,Milwaukee Bucks,0022200410,2022-12-13T00:00:00,MIL vs. GSW,W,48.0,45,82,0.549,12,29,0.414,26,32,0.813,12,43,55,22,23.0,8,5,2,18,22,128,17.0,1,1,1,1,7,28,83,11,69,91,28,7,9,24,35,14,12,67,94,19,36,11,44,23,18,11,1.0
2022-23,1610612740,NOP,New Orleans Pelicans,0022200412,2022-12-13T00:00:00,NOP @ UTA,L,48.0,37,93,0.398,4,27,0.148,22,33,0.667,15,28,43,25,17.0,12,3,10,17,23,100,-21.0,1,50,50,50,8,76,16,87,90,62,91,26,16,87,9,77,50,46,67,11,63,88,13,21,84,89,1.0
2022-23,1610612755,PHI,Philadelphia 76ers,0022200409,2022-12-13T00:00:00,PHI vs. SAC,W,48.0,43,84,0.512,16,35,0.457,21,27,0.778,4,38,42,34,12.0,10,4,4,21,22,123,20.0,1,1,1,1,8,25,39,27,16,36,19,47,33,85,96,10,40,3,32,21,56,33,55,24,17,10,1.0
2022-23,1610612756,PHX,Phoenix Suns,0022200411,2022-12-13T00:00:00,PHX @ HOU,L,48.0,33,103,0.32,13,51,0.255,18,19,0.947,18,26,44,22,10.0,13,7,9,24,21,97,-14.0,1,56,56,56,5,95,4,102,29,1,93,46,68,5,7,88,47,82,17,4,21,102,71,43,91,87,1.0
2022-23,1610612758,SAC,Sacramento Kings,0022200409,2022-12-13T00:00:00,SAC @ PHI,L,48.0,38,92,0.413,10,42,0.238,17,20,0.85,13,35,48,21,17.0,5,4,4,22,21,103,-20.0,1,62,62,62,6,75,26,90,76,24,96,57,69,28,14,31,20,82,73,71,30,44,63,46,86,97,1.0
2022-23,1610612762,UTA,Utah Jazz,0022200412,2022-12-13T00:00:00,UTA vs. NOP,W,48.0,49,103,0.476,15,47,0.319,8,12,0.667,19,40,59,31,22.0,4,10,3,23,17,121,21.0,1,1,1,1,6,5,4,39,25,5,54,91,89,76,6,10,3,8,85,70,5,13,64,72,28,3,1.0
2022-23,1610612737,ATL,Atlanta Hawks,0022200416,2022-12-14T00:00:00,ATL @ ORL,L,48.0,44,88,0.5,12,35,0.343,24,27,0.889,11,28,39,30,13.0,2,6,6,21,22,124,-11.0,1,49,49,49,7,45,65,27,29,21,54,11,19,18,46,78,75,6,54,97,21,58,63,20,26,81,1.0
2022-23,1610612766,CHA,Charlotte Hornets,0022200414,2022-12-14T00:00:00,CHA vs. DET,L,53.0,47,114,0.412,17,51,0.333,23,29,0.793,17,35,52,21,5.0,7,6,8,29,29,134,-7.0,1,30,30,30,2,9,1,66,3,1,39,11,17,31,5,36,8,70,2,50,27,67,89,3,4,46,1.0
2022-23,1610612741,CHI,Chicago Bulls,0022200418,2022-12-14T00:00:00,CHI vs. NYK,L,53.0,46,84,0.548,9,28,0.321,19,22,0.864,3,28,31,25,12.0,6,7,5,18,25,120,-8.0,1,49,49,49,3,19,58,15,51,44,59,29,42,26,92,75,89,40,28,62,11,46,32,7,26,66,1.0
2022-23,1610612739,CLE,Cleveland Cavaliers,0022200421,2022-12-14T00:00:00,CLE @ DAL,W,48.0,41,78,0.526,8,24,0.333,15,19,0.789,5,38,43,26,9.0,5,2,3,20,15,105,15.0,1,1,1,1,8,44,73,18,72,87,55,59,62,52,86,9,29,33,9,72,82,17,52,85,66,19,1.0
2022-23,1610612742,DAL,Dallas Mavericks,0022200421,2022-12-14T00:00:00,DAL vs. CLE,L,48.0,29,74,0.392,13,38,0.342,19,26,0.731,6,27,33,17,13.0,2,3,2,15,20,90,-15.0,1,41,41,41,10,87,81,84,55,59,55,41,36,54,59,66,74,76,44,90,44,15,6,58,84,83,1.0
2022-23,1610612743,DEN,Denver Nuggets,0022200422,2022-12-14T00:00:00,DEN vs. WAS,W,48.0,54,83,0.651,4,16,0.25,29,35,0.829,7,38,45,31,19.0,8,7,5,17,28,141,13.0,1,1,1,1,5,2,75,1,111,112,103,4,5,32,84,17,42,27,95,38,13,64,31,5,2,25,1.0
2022-23,1610612765,DET,Detroit Pistons,0022200414,2022-12-14T00:00:00,DET @ CHA,W,53.0,48,93,0.516,18,40,0.45,27,36,0.75,12,40,52,25,16.0,0,8,6,29,29,141,7.0,1,1,1,1,2,2,13,6,2,11,11,14,10,61,28,5,7,27,48,91,3,50,82,4,1,11,1.0
2022-23,1610612744,GSW,Golden State Warriors,0022200415,2022-12-14T00:00:00,GSW @ IND,L,48.0,40,86,0.465,14,33,0.424,25,29,0.862,12,34,46,27,24.0,5,4,8,20,25,119,-6.0,1,55,55,55,6,67,73,59,62,91,26,5,11,26,30,44,42,65,106,82,47,99,28,7,47,70,1.0
2022-23,1610612754,IND,Indiana Pacers,0022200415,2022-12-14T00:00:00,IND vs. GSW,W,48.0,44,87,0.506,16,39,0.41,21,25,0.84,5,29,34,30,18.0,10,8,4,25,20,125,6.0,1,1,1,1,4,27,49,24,19,32,23,29,36,22,79,59,78,17,68,15,13,25,74,46,19,23,1.0
2022-23,1610612748,MIA,Miami Heat,0022200419,2022-12-14T00:00:00,MIA @ OKC,W,48.0,37,86,0.43,24,56,0.429,12,15,0.8,7,32,39,25,14.0,9,1,4,21,16,110,2.0,1,1,1,1,7,73,51,82,1,1,19,100,104,69,94,48,69,39,67,32,107,51,80,100,52,59,1.0
2022-23,1610612750,MIN,Minnesota Timberwolves,0022200423,2022-12-14T00:00:00,MIN @ LAC,L,48.0,31,74,0.419,4,22,0.182,22,30,0.733,7,36,43,15,17.0,9,4,2,20,21,88,-11.0,1,51,51,51,8,94,95,90,97,97,97,18,16,63,67,23,43,98,63,35,60,12,30,34,94,81,1.0
2022-23,1610612752,NYK,New York Knicks,0022200418,2022-12-14T00:00:00,NYK @ CHI,W,53.0,45,91,0.495,18,34,0.529,20,25,0.8,15,33,48,25,18.0,7,5,7,25,18,128,8.0,1,1,1,1,2,19,36,30,4,52,2,38,50,32,24,50,37,29,91,38,25,83,87,72,16,38,1.0
2022-23,1610612760,OKC,Oklahoma City Thunder,0022200419,2022-12-14T00:00:00,OKC vs. MIA,L,48.0,41,82,0.5,9,24,0.375,17,23,0.739,7,37,44,26,14.0,7,4,1,16,21,108,-2.0,1,52,52,52,7,54,84,23,78,90,36,58,43,74,87,18,41,29,55,62,46,2,7,36,69,55,1.0
2022-23,1610612753,ORL,Orlando Magic,0022200416,2022-12-14T00:00:00,ORL vs. ATL,W,48.0,47,93,0.505,16,36,0.444,25,30,0.833,14,32,46,28,14.0,10,6,6,22,21,135,11.0,1,1,1,1,5,5,16,20,5,18,10,13,18,25,14,49,31,11,35,16,19,58,56,40,1,12,1.0
2022-23,1610612757,POR,Portland Trail Blazers,0022200420,2022-12-14T00:00:00,POR @ SAS,W,48.0,49,81,0.605,18,40,0.45,12,17,0.706,5,35,40,26,17.0,5,3,3,20,16,128,16.0,1,1,1,1,3,4,62,2,7,14,15,85,81,77,84,20,49,29,59,58,63,25,39,81,13,10,1.0
2022-23,1610612758,SAC,Sacramento Kings,0022200417,2022-12-14T00:00:00,SAC @ TOR,W,48.0,45,93,0.484,17,46,0.37,17,20,0.85,13,37,50,29,15.0,3,3,7,16,18,124,1.0,1,1,1,1,6,38,24,49,18,8,47,57,69,28,14,19,13,28,56,90,54,84,13,75,34,56,1.0
2022-23,1610612759,SAS,San Antonio Spurs,0022200420,2022-12-14T00:00:00,SAS vs. POR,L,48.0,45,97,0.464,11,29,0.379,11,19,0.579,14,26,40,23,11.0,9,3,3,16,20,112,-16.0,1,25,25,25,7,29,23,43,38,59,32,74,51,85,21,80,63,67,10,15,53,14,9,30,42,64,1.0
2022-23,1610612761,TOR,Toronto Raptors,0022200417,2022-12-14T00:00:00,TOR vs. SAC,L,48.0,47,94,0.5,6,21,0.286,23,27,0.852,11,28,39,25,7.0,8,7,3,18,16,123,-1.0,1,49,49,49,8,13,25,16,89,92,65,17,29,16,58,59,71,29,4,58,16,20,24,73,14,49,1.0
2022-23,1610612764,WAS,Washington Wizards,0022200422,2022-12-14T00:00:00,WAS @ DEN,L,48.0,48,91,0.527,19,39,0.487,13,23,0.565,4,20,24,40,14.0,10,5,7,28,17,128,-13.0,1,40,40,40,4,9,24,19,1,10,7,68,34,89,86,89,91,1,38,8,36,71,89,62,5,78,1.0
2022-23,1610612745,HOU,Houston Rockets,0022200424,2022-12-15T00:00:00,HOU vs. MIA,L,48.0,44,94,0.468,9,33,0.273,11,17,0.647,18,33,51,22,15.0,10,4,6,19,19,108,-3.0,1,28,28,28,3,19,14,34,54,42,71,81,77,76,7,40,16,46,34,16,41,40,29,56,53,31,1.0
2022-23,1610612763,MEM,Memphis Grizzlies,0022200425,2022-12-15T00:00:00,MEM vs. MIL,W,48.0,56,102,0.549,12,32,0.375,18,23,0.783,14,42,56,30,8.0,5,7,1,19,18,142,41.0,1,1,1,1,6,2,6,8,35,59,29,41,47,35,29,5,10,14,5,82,22,2,34,59,2,1,1.0
2022-23,1610612748,MIA,Miami Heat,0022200424,2022-12-15T00:00:00,MIA @ HOU,W,48.0,39,88,0.443,16,47,0.34,17,23,0.739,14,26,40,21,14.0,10,6,4,19,19,111,3.0,1,1,1,1,7,49,40,67,11,6,57,68,49,95,11,92,63,76,67,23,5,51,57,71,44,48,1.0
2022-23,1610612749,MIL,Milwaukee Bucks,0022200425,2022-12-15T00:00:00,MIL @ MEM,L,48.0,35,94,0.372,13,50,0.26,18,27,0.667,11,28,39,22,9.0,5,1,7,18,19,101,-41.0,1,63,63,63,7,83,25,94,54,6,89,35,24,75,40,92,83,67,5,56,88,88,44,47,83,96,1.0
2022-23,1610612740,NOP,New Orleans Pelicans,0022200426,2022-12-15T00:00:00,NOP @ UTA,L,53.0,47,99,0.475,12,30,0.4,23,28,0.821,19,30,49,24,18.0,8,6,6,30,25,129,-3.0,1,50,50,50,1,11,7,51,28,38,32,23,28,35,3,56,22,58,79,46,14,63,93,8,7,53,1.0
2022-23,1610612756,PHX,Phoenix Suns,0022200427,2022-12-15T00:00:00,PHX @ LAC,W,48.0,44,95,0.463,9,32,0.281,14,18,0.778,15,38,53,27,9.0,8,8,3,18,18,111,16.0,1,1,1,1,5,29,14,56,72,46,86,72,74,56,14,14,10,44,8,29,11,24,21,74,58,16,1.0
2022-23,1610612762,UTA,Utah Jazz,0022200426,2022-12-15T00:00:00,UTA vs. NOP,W,53.0,42,92,0.457,18,47,0.383,30,37,0.811,11,33,44,24,16.0,8,6,6,25,30,132,3.0,1,1,1,1,1,41,26,54,9,5,30,4,3,38,46,49,58,49,42,21,28,57,80,4,5,31,1.0
2022-23,1610612737,ATL,Atlanta Hawks,0022200428,2022-12-16T00:00:00,ATL @ CHA,W,48.0,41,75,0.547,15,29,0.517,28,34,0.824,4,37,41,25,14.0,3,5,5,22,25,125,19.0,1,1,1,1,7,69,95,15,7,54,4,3,4,40,94,14,66,44,61,94,34,43,72,8,21,5,1.0
2022-23,1610612738,BOS,Boston Celtics,0022200430,2022-12-16T00:00:00,BOS vs. ORL,L,48.0,35,84,0.417,11,46,0.239,28,34,0.824,10,28,38,17,14.0,9,12,1,21,26,109,-8.0,1,74,74,74,15,99,73,97,90,27,107,6,5,53,42,97,87,109,55,14,1,3,69,5,81,94,1.0
2022-23,1610612751,BKN,Brooklyn Nets,0022200433,2022-12-16T00:00:00,BKN @ TOR,W,48.0,46,76,0.605,9,26,0.346,18,23,0.783,4,33,37,22,15.0,5,6,1,25,19,119,3.0,1,1,1,1,3,13,85,4,73,84,55,43,39,54,82,33,66,62,52,66,37,3,73,40,27,41,1.0
2022-23,1610612766,CHA,Charlotte Hornets,0022200428,2022-12-16T00:00:00,CHA vs. ATL,L,48.0,39,98,0.398,15,43,0.349,13,19,0.684,15,28,43,26,13.0,8,5,5,25,22,106,-19.0,1,30,30,30,6,52,12,75,6,4,36,70,67,70,12,75,53,28,27,32,39,38,82,24,55,78,1.0
2022-23,1610612741,CHI,Chicago Bulls,0022200434,2022-12-16T00:00:00,CHI vs. NYK,L,48.0,36,77,0.468,12,30,0.4,7,8,0.875,2,37,39,26,20.0,3,2,2,25,13,91,-23.0,1,49,49,49,8,80,83,62,25,36,30,91,92,22,93,23,59,35,83,91,76,6,84,90,86,88,1.0
2022-23,1610612739,CLE,Cleveland Cavaliers,0022200431,2022-12-16T00:00:00,CLE vs. IND,W,48.0,38,76,0.5,14,31,0.452,28,32,0.875,6,28,34,23,10.0,6,2,4,15,22,118,6.0,1,1,1,1,8,70,85,34,20,47,18,3,9,12,81,63,81,55,15,61,82,30,11,24,16,42,1.0
2022-23,1610612742,DAL,Dallas Mavericks,0022200436,2022-12-16T00:00:00,DAL vs. POR,W,48.0,45,81,0.556,18,43,0.419,22,26,0.846,3,37,40,25,13.0,4,5,2,19,22,130,20.0,1,1,1,1,10,14,56,7,15,29,19,21,36,16,82,10,31,25,44,68,20,15,25,39,5,7,1.0
2022-23,1610612743,DEN,Denver Nuggets,0022200437,2022-12-16T00:00:00,DEN @ LAL,L,48.0,39,81,0.481,9,27,0.333,21,28,0.75,9,30,39,25,19.0,7,4,4,17,21,108,-18.0,1,75,75,75,5,84,86,69,82,84,70,19,17,63,67,75,79,78,95,54,55,44,31,38,80,101,1.0
2022-23,1610612765,DET,Detroit Pistons,0022200429,2022-12-16T00:00:00,DET vs. SAC,L,48.0,39,85,0.459,10,29,0.345,25,31,0.806,14,32,46,22,17.0,7,1,1,26,25,113,-9.0,1,21,21,21,5,42,51,40,54,66,48,17,22,33,18,37,25,54,63,41,80,2,71,16,31,46,1.0
2022-23,1610612744,GSW,Golden State Warriors,0022200432,2022-12-16T00:00:00,GSW @ PHI,L,48.0,39,94,0.415,17,43,0.395,11,13,0.846,13,35,48,31,17.0,8,6,5,21,13,106,-12.0,1,55,55,55,6,76,28,87,42,48,43,89,97,29,26,36,30,32,63,35,9,67,39,101,83,88,1.0
2022-23,1610612754,IND,Indiana Pacers,0022200431,2022-12-16T00:00:00,IND @ CLE,L,48.0,42,80,0.525,11,36,0.306,17,19,0.895,5,28,33,34,10.0,6,4,2,22,15,112,-6.0,1,40,40,40,4,40,81,11,58,48,64,55,72,12,79,64,80,4,10,61,64,4,51,82,53,52,1.0
2022-23,1610612747,LAL,Los Angeles Lakers,0022200437,2022-12-16T00:00:00,LAL vs. DEN,W,48.0,48,91,0.527,12,33,0.364,18,24,0.75,11,34,45,29,15.0,11,4,4,21,17,126,18.0,1,1,1,1,10,12,38,21,27,39,42,72,66,71,29,63,51,15,60,8,62,39,85,96,19,10,1.0
2022-23,1610612750,MIN,Minnesota Timberwolves,0022200435,2022-12-16T00:00:00,MIN @ OKC,W,48.0,43,87,0.494,12,25,0.48,14,25,0.56,11,32,43,23,16.0,16,6,4,18,21,112,2.0,1,1,1,1,8,35,42,39,39,87,9,72,38,94,21,54,43,68,51,1,29,37,13,34,53,47,1.0
2022-23,1610612752,NYK,New York Knicks,0022200434,2022-12-16T00:00:00,NYK @ CHI,W,48.0,37,92,0.402,17,44,0.386,23,32,0.719,15,35,50,19,12.0,13,2,2,13,25,114,23.0,1,1,1,1,11,71,32,89,8,7,33,25,10,64,24,30,25,72,32,5,81,7,4,8,49,7,1.0
2022-23,1610612760,OKC,Oklahoma City Thunder,0022200435,2022-12-16T00:00:00,OKC vs. MIN,L,48.0,41,88,0.466,11,37,0.297,17,21,0.81,9,36,45,29,22.0,7,4,6,21,18,110,-2.0,1,52,52,52,7,54,62,48,49,29,74,58,58,48,68,24,36,13,96,62,46,57,48,68,65,55,1.0
2022-23,1610612753,ORL,Orlando Magic,0022200430,2022-12-16T00:00:00,ORL @ BOS,W,48.0,42,91,0.462,9,33,0.273,24,28,0.857,15,38,53,19,18.0,7,1,12,26,21,117,8.0,1,1,1,1,5,26,20,50,60,35,70,18,26,18,6,14,4,77,63,50,87,92,81,40,22,19,1.0
2022-23,1610612755,PHI,Philadelphia 76ers,0022200432,2022-12-16T00:00:00,PHI vs. GSW,W,48.0,39,85,0.459,15,38,0.395,25,31,0.806,11,38,49,23,15.0,11,5,6,13,21,118,12.0,1,1,1,1,8,55,36,65,23,12,48,18,13,72,29,10,12,57,60,16,40,65,5,34,33,21,1.0
2022-23,1610612757,POR,Portland Trail Blazers,0022200436,2022-12-16T00:00:00,POR @ DAL,L,48.0,39,89,0.438,13,37,0.351,19,25,0.76,10,32,42,21,12.0,4,2,5,22,19,110,-20.0,1,39,39,39,3,47,21,67,35,31,49,46,43,58,38,38,39,59,21,77,80,48,58,52,47,81,1.0
2022-23,1610612758,SAC,Sacramento Kings,0022200429,2022-12-16T00:00:00,SAC @ DET,W,48.0,43,82,0.524,12,31,0.387,24,29,0.828,4,29,33,30,14.0,8,1,1,25,26,122,9.0,1,1,1,1,6,48,81,27,55,82,37,21,24,40,94,78,95,22,47,41,89,3,85,3,40,29,1.0
2022-23,1610612761,TOR,Toronto Raptors,0022200433,2022-12-16T00:00:00,TOR vs. BKN,L,48.0,41,84,0.488,9,24,0.375,25,29,0.862,7,25,32,17,9.0,5,1,6,19,25,116,-3.0,1,49,49,49,8,45,75,26,55,87,23,12,21,14,84,82,87,84,19,85,93,71,32,16,31,54,1.0
2022-23,1610612739,CLE,Cleveland Cavaliers,0022200440,2022-12-17T00:00:00,CLE vs. DAL,W,53.0,40,94,0.426,7,36,0.194,13,22,0.591,9,42,51,23,13.0,6,5,6,24,20,100,1.0,1,1,1,1,2,52,6,82,81,17,95,75,42,92,52,2,2,55,39,61,34,65,88,43,77,54,1.0
2022-23,1610612742,DAL,Dallas Mavericks,0022200440,2022-12-17T00:00:00,DAL @ CLE,L,53.0,36,88,0.409,15,49,0.306,12,19,0.632,5,40,45,19,12.0,5,6,5,20,24,99,-1.0,1,41,41,41,2,62,24,81,39,7,73,75,68,76,69,3,12,69,35,54,12,60,38,20,75,41,1.0
2022-23,1610612745,HOU,Houston Rockets,0022200441,2022-12-17T00:00:00,HOU vs. POR,L,48.0,36,90,0.4,3,29,0.103,20,29,0.69,18,33,51,19,17.0,7,6,4,18,20,95,-12.0,1,28,28,28,3,71,32,79,90,61,91,31,24,69,7,40,16,68,52,46,19,11,19,45,81,58,1.0
2022-23,1610612763,MEM,Memphis Grizzlies,0022200443,2022-12-17T00:00:00,MEM @ OKC,L,48.0,34,90,0.378,12,45,0.267,29,37,0.784,10,43,53,15,10.0,5,5,0,20,25,109,-6.0,1,61,61,61,6,91,60,96,35,4,76,3,7,34,67,4,11,98,12,82,52,1,47,16,63,72,1.0
2022-23,1610612748,MIA,Miami Heat,0022200439,2022-12-17T00:00:00,MIA @ SAS,W,48.0,42,82,0.512,11,30,0.367,16,23,0.696,8,32,40,25,14.0,14,3,3,27,19,111,10.0,1,1,1,1,7,29,73,19,65,87,42,76,49,109,79,48,63,39,67,6,52,29,115,71,44,20,1.0
2022-23,1610612749,MIL,Milwaukee Bucks,0022200442,2022-12-17T00:00:00,MIL vs. UTA,W,48.0,48,90,0.533,18,38,0.474,9,11,0.818,15,39,54,30,15.0,5,3,2,13,13,123,26.0,1,1,1,1,7,14,39,17,17,58,8,86,91,18,13,28,17,13,49,56,64,11,4,89,28,4,1.0
2022-23,1610612740,NOP,New Orleans Pelicans,0022200444,2022-12-17T00:00:00,NOP @ PHX,L,48.0,45,77,0.584,14,30,0.467,10,13,0.769,4,32,36,27,17.0,2,5,3,27,13,114,-4.0,1,50,50,50,8,20,85,1,13,38,12,89,89,59,88,51,81,34,67,92,25,18,89,91,42,56,1.0
2022-23,1610612760,OKC,Oklahoma City Thunder,0022200443,2022-12-17T00:00:00,OKC vs. MEM,W,48.0,38,92,0.413,19,45,0.422,20,31,0.645,9,45,54,29,11.0,7,0,5,25,20,115,6.0,1,1,1,1,7,73,45,78,5,2,20,32,17,91,68,1,6,13,23,62,95,41,78,50,48,36,1.0
2022-23,1610612756,PHX,Phoenix Suns,0022200444,2022-12-17T00:00:00,PHX vs. NOP,W,48.0,39,83,0.47,15,41,0.366,25,35,0.714,10,25,35,23,8.0,6,3,5,13,27,118,4.0,1,1,1,1,5,68,83,51,16,9,50,12,3,80,62,94,92,71,4,65,78,63,3,9,36,47,1.0
2022-23,1610612757,POR,Portland Trail Blazers,0022200441,2022-12-17T00:00:00,POR @ HOU,W,48.0,40,85,0.471,13,36,0.361,14,19,0.737,10,26,36,20,14.0,8,4,6,20,18,107,12.0,1,1,1,1,3,42,42,45,35,36,45,77,74,68,38,76,70,63,38,29,45,69,39,66,56,13,1.0
2022-23,1610612759,SAS,San Antonio Spurs,0022200439,2022-12-17T00:00:00,SAS vs. MIA,L,48.0,33,77,0.429,10,27,0.37,25,33,0.758,7,31,38,29,17.0,8,3,3,19,27,101,-10.0,1,25,25,25,7,86,88,65,50,71,35,3,7,39,79,41,72,27,53,25,53,14,36,4,69,48,1.0
2022-23,1610612762,UTA,Utah Jazz,0022200442,2022-12-17T00:00:00,UTA @ MIL,L,48.0,39,86,0.453,16,47,0.34,3,6,0.5,7,22,29,24,14.0,5,2,3,13,13,97,-26.0,1,42,42,42,6,62,59,55,16,5,46,94,93,92,82,93,94,49,34,54,79,13,3,91,84,91,1.0
2022-23,1610612764,WAS,Washington Wizards,0022200438,2022-12-17T00:00:00,WAS @ LAC,L,48.0,36,84,0.429,9,25,0.36,12,13,0.923,7,35,42,20,16.0,10,2,5,21,16,93,-9.0,1,40,40,40,4,76,50,74,60,79,41,74,85,6,57,35,50,77,57,8,78,39,59,73,83,62,1.0
2022-23,1610612738,BOS,Boston Celtics,0022200445,2022-12-18T00:00:00,BOS vs. ORL,L,48.0,31,89,0.348,12,47,0.255,18,21,0.857,11,43,54,22,17.0,7,7,3,17,18,92,-3.0,1,74,74,74,15,109,40,111,80,23,105,48,51,34,29,9,10,88,89,36,23,27,32,58,109,81,1.0
2022-23,1610612751,BKN,Brooklyn Nets,0022200447,2022-12-18T00:00:00,BKN @ DET,W,48.0,44,80,0.55,15,29,0.517,21,23,0.913,4,31,35,26,13.0,5,8,2,24,19,124,3.0,1,1,1,1,3,20,66,12,17,67,7,25,39,10,82,55,73,31,35,66,15,10,67,40,12,41,1.0
2022-23,1610612766,CHA,Charlotte Hornets,0022200450,2022-12-18T00:00:00,CHA @ DEN,L,48.0,41,96,0.427,12,38,0.316,21,23,0.913,12,36,48,26,11.0,7,7,3,26,17,115,-4.0,1,30,30,30,6,40,16,59,26,15,52,21,48,4,37,25,27,28,14,50,15,10,84,75,26,34,1.0
2022-23,1610612741,CHI,Chicago Bulls,0022200449,2022-12-18T00:00:00,CHI @ MIN,L,48.0,46,88,0.523,16,38,0.421,18,24,0.75,6,24,30,31,11.0,6,1,5,16,21,126,-24.0,1,49,49,49,8,19,33,25,6,4,26,38,31,70,61,92,91,10,19,62,85,46,17,27,13,90,1.0
2022-23,1610612743,DEN,Denver Nuggets,0022200450,2022-12-18T00:00:00,DEN vs. CHA,W,48.0,43,94,0.457,11,33,0.333,22,34,0.647,15,40,55,33,14.0,6,3,7,17,26,119,4.0,1,1,1,1,5,49,12,85,59,37,70,13,6,93,11,9,5,14,52,69,77,95,31,11,40,62,1.0
2022-23,1610612765,DET,Detroit Pistons,0022200447,2022-12-18T00:00:00,DET vs. BKN,L,48.0,42,88,0.477,8,30,0.267,29,34,0.853,11,30,41,20,9.0,9,2,8,19,24,121,-3.0,1,21,21,21,5,26,39,30,69,62,76,11,14,15,36,49,48,65,2,14,70,73,13,18,13,27,1.0
2022-23,1610612744,GSW,Golden State Warriors,0022200448,2022-12-18T00:00:00,GSW @ TOR,W,48.0,43,81,0.531,18,39,0.462,22,26,0.846,12,29,41,31,17.0,6,2,2,21,22,126,16.0,1,1,1,1,6,42,94,15,27,69,13,13,20,29,30,83,71,32,63,65,85,12,39,23,21,15,1.0
2022-23,1610612754,IND,Indiana Pacers,0022200446,2022-12-18T00:00:00,IND vs. NYK,L,48.0,39,90,0.433,13,38,0.342,15,23,0.652,12,32,44,20,15.0,5,3,9,28,21,106,-3.0,1,40,40,40,4,61,38,69,38,40,56,62,46,84,25,45,31,86,40,69,78,84,85,37,69,42,1.0
2022-23,1610612747,LAL,Los Angeles Lakers,0022200451,2022-12-18T00:00:00,LAL vs. WAS,W,48.0,46,92,0.5,11,27,0.407,16,22,0.727,6,37,43,29,9.0,4,5,6,18,20,119,2.0,1,1,1,1,10,21,29,32,37,78,27,81,76,83,95,41,67,15,11,86,42,75,49,67,44,54,1.0
2022-23,1610612750,MIN,Minnesota Timberwolves,0022200449,2022-12-18T00:00:00,MIN vs. CHI,W,48.0,57,87,0.655,23,43,0.535,13,16,0.813,4,35,39,38,13.0,5,5,1,21,16,150,24.0,1,1,1,1,8,1,42,1,2,5,4,77,83,30,90,31,61,3,26,81,44,5,39,84,2,4,1.0
2022-23,1610612752,NYK,New York Knicks,0022200446,2022-12-18T00:00:00,NYK @ IND,W,48.0,39,83,0.47,8,26,0.308,23,30,0.767,14,35,49,13,16.0,7,9,3,21,28,109,3.0,1,1,1,1,11,60,71,49,85,97,65,25,23,48,28,30,33,101,76,38,2,22,54,2,59,50,1.0
2022-23,1610612753,ORL,Orlando Magic,0022200445,2022-12-18T00:00:00,ORL @ BOS,W,48.0,33,86,0.384,12,29,0.414,17,19,0.895,6,40,46,20,13.0,9,3,7,18,17,95,3.0,1,1,1,1,5,83,40,88,27,56,19,58,73,11,80,8,31,69,25,24,59,70,21,74,82,34,1.0
2022-23,1610612761,TOR,Toronto Raptors,0022200448,2022-12-18T00:00:00,TOR vs. GSW,L,48.0,40,95,0.421,13,33,0.394,17,22,0.773,18,25,43,21,14.0,6,2,2,22,21,110,-16.0,1,49,49,49,8,53,23,74,18,34,19,50,50,48,9,82,45,57,60,75,83,6,60,34,52,86,1.0
2022-23,1610612764,WAS,Washington Wizards,0022200451,2022-12-18T00:00:00,WAS @ LAL,L,48.0,44,95,0.463,10,39,0.256,19,24,0.792,10,38,48,24,10.0,5,6,5,20,18,117,-2.0,1,40,40,40,4,23,13,58,49,10,74,30,30,43,36,13,22,51,12,63,24,39,50,56,30,42,1.0
2022-23,1610612737,ATL,Atlanta Hawks,0022200454,2022-12-19T00:00:00,ATL vs. ORL,W,48.0,48,94,0.511,12,32,0.375,18,20,0.9,6,35,41,29,10.0,7,3,8,18,17,126,1.0,1,1,1,1,7,21,37,26,29,37,40,42,57,15,83,33,66,13,19,38,75,81,37,72,20,46,1.0
2022-23,1610612766,CHA,Charlotte Hornets,0022200460,2022-12-19T00:00:00,CHA @ SAC,W,48.0,49,95,0.516,10,31,0.323,17,23,0.739,11,45,56,26,14.0,4,7,2,25,23,125,6.0,1,1,1,1,6,5,22,14,46,53,45,49,48,48,44,2,4,28,35,78,15,6,82,19,9,16,1.0
2022-23,1610612739,CLE,Cleveland Cavaliers,0022200452,2022-12-19T00:00:00,CLE vs. UTA,W,48.0,43,70,0.614,15,26,0.577,21,26,0.808,4,41,45,24,23.0,5,4,2,20,22,122,23.0,1,1,1,1,8,30,93,1,15,78,3,18,19,43,91,5,22,45,96,72,50,8,52,24,8,9,1.0
2022-23,1610612742,DAL,Dallas Mavericks,0022200456,2022-12-19T00:00:00,DAL @ MIN,L,48.0,31,76,0.408,19,45,0.422,25,31,0.806,8,34,42,23,16.0,5,5,4,23,24,106,-10.0,1,41,41,41,10,83,78,82,11,21,17,14,17,29,29,22,24,42,73,54,20,38,58,20,62,76,1.0
2022-23,1610612745,HOU,Houston Rockets,0022200455,2022-12-19T00:00:00,HOU vs. SAS,L,48.0,40,94,0.426,5,24,0.208,20,31,0.645,16,25,41,23,11.0,13,3,6,16,23,105,-19.0,1,28,28,28,3,42,14,67,87,77,87,31,14,79,17,85,69,37,7,4,58,40,12,21,62,74,1.0
2022-23,1610612747,LAL,Los Angeles Lakers,0022200459,2022-12-19T00:00:00,LAL @ PHX,L,48.0,39,87,0.448,12,28,0.429,14,17,0.824,10,28,38,13,15.0,5,5,5,16,16,104,-26.0,1,59,59,59,10,78,62,76,27,73,20,95,97,33,46,104,91,111,60,70,42,54,21,104,87,110,1.0
2022-23,1610612749,MIL,Milwaukee Bucks,0022200457,2022-12-19T00:00:00,MIL @ NOP,W,48.0,45,81,0.556,13,40,0.325,25,31,0.806,8,36,44,26,18.0,8,6,0,21,20,128,9.0,1,1,1,1,7,28,88,8,54,42,69,8,11,30,65,47,66,42,74,19,22,1,68,38,18,34,1.0
2022-23,1610612750,MIN,Minnesota Timberwolves,0022200456,2022-12-19T00:00:00,MIN vs. DAL,W,48.0,42,89,0.472,12,31,0.387,20,24,0.833,9,35,44,19,11.0,5,4,5,24,23,116,10.0,1,1,1,1,8,41,32,53,39,60,30,34,42,18,40,31,35,88,9,81,60,53,70,21,39,15,1.0
2022-23,1610612740,NOP,New Orleans Pelicans,0022200457,2022-12-19T00:00:00,NOP vs. MIL,L,48.0,42,99,0.424,18,45,0.4,17,24,0.708,17,27,44,30,15.0,9,0,6,20,21,119,-9.0,1,50,50,50,8,36,7,83,4,1,32,60,44,79,5,82,43,15,42,30,90,63,36,45,28,67,1.0
2022-23,1610612760,OKC,Oklahoma City Thunder,0022200458,2022-12-19T00:00:00,OKC vs. POR,W,48.0,40,88,0.455,11,31,0.355,32,37,0.865,11,28,39,20,12.0,7,5,2,21,28,123,2.0,1,1,1,1,7,63,62,56,49,66,43,3,3,26,44,76,71,77,37,62,30,5,48,7,26,47,1.0
2022-23,1610612753,ORL,Orlando Magic,0022200454,2022-12-19T00:00:00,ORL @ ATL,L,48.0,45,95,0.474,12,34,0.353,23,25,0.92,10,35,45,29,8.0,8,8,3,17,18,125,-1.0,1,41,41,41,5,9,10,41,27,28,42,24,38,5,45,30,37,7,1,35,6,13,15,64,10,41,1.0
2022-23,1610612755,PHI,Philadelphia 76ers,0022200453,2022-12-19T00:00:00,PHI vs. TOR,W,53.0,32,80,0.4,15,42,0.357,25,27,0.926,4,37,41,22,16.0,8,1,3,21,20,104,3.0,1,1,1,1,3,92,67,94,23,5,64,18,33,15,96,14,50,66,68,46,98,17,55,43,75,57,1.0
2022-23,1610612756,PHX,Phoenix Suns,0022200459,2022-12-19T00:00:00,PHX vs. LAL,W,48.0,46,93,0.495,20,39,0.513,18,24,0.75,15,36,51,21,9.0,10,5,5,16,16,130,26.0,1,1,1,1,5,22,30,27,4,13,7,46,40,68,14,22,15,93,8,12,45,63,8,81,7,6,1.0
2022-23,1610612757,POR,Portland Trail Blazers,0022200458,2022-12-19T00:00:00,POR @ OKC,L,48.0,44,88,0.5,16,37,0.432,17,21,0.81,14,31,45,26,16.0,5,2,5,28,21,121,-2.0,1,39,39,39,3,14,26,26,16,31,19,56,64,37,4,44,20,29,49,58,80,48,87,38,25,41,1.0
2022-23,1610612758,SAC,Sacramento Kings,0022200460,2022-12-19T00:00:00,SAC vs. CHA,L,48.0,45,95,0.474,12,33,0.364,17,31,0.548,10,32,42,23,8.0,8,2,7,23,25,119,-6.0,1,62,62,62,6,38,17,58,55,67,50,57,17,100,44,52,51,70,7,41,71,84,76,11,48,76,1.0
2022-23,1610612759,SAS,San Antonio Spurs,0022200455,2022-12-19T00:00:00,SAS @ HOU,W,48.0,46,83,0.554,17,34,0.5,15,19,0.789,9,37,46,30,19.0,6,6,3,23,16,124,19.0,1,1,1,1,7,23,78,5,4,33,4,43,51,25,65,16,31,22,72,57,14,14,71,63,19,2,1.0
2022-23,1610612761,TOR,Toronto Raptors,0022200453,2022-12-19T00:00:00,TOR @ PHI,L,53.0,37,88,0.42,11,40,0.275,16,20,0.8,9,41,50,24,16.0,6,3,1,20,21,101,-3.0,1,49,49,49,1,70,50,75,33,9,69,59,59,33,73,5,13,37,78,75,69,1,43,34,75,54,1.0
2022-23,1610612762,UTA,Utah Jazz,0022200452,2022-12-19T00:00:00,UTA @ CLE,L,48.0,36,93,0.387,10,34,0.294,17,23,0.739,15,20,35,19,14.0,9,2,4,22,20,99,-23.0,1,42,42,42,6,80,21,85,68,60,70,52,46,62,19,94,89,83,34,13,79,28,52,47,81,89,1.0
2022-23,1610612741,CHI,Chicago Bulls,0022200462,2022-12-20T00:00:00,CHI @ MIA,W,48.0,40,73,0.548,13,31,0.419,20,24,0.833,5,34,39,24,17.0,7,0,0,16,16,113,10.0,1,1,1,1,8,62,88,14,18,26,27,27,31,37,76,39,59,46,70,49,93,1,17,71,46,28,1.0
2022-23,1610612743,DEN,Denver Nuggets,0022200465,2022-12-20T00:00:00,DEN vs. MEM,W,48.0,40,89,0.449,10,27,0.37,15,25,0.6,13,35,48,28,17.0,9,5,7,19,21,105,14.0,1,1,1,1,5,79,29,92,72,84,53,74,28,99,21,38,23,50,81,28,30,95,53,38,89,21,1.0
2022-23,1610612765,DET,Detroit Pistons,0022200461,2022-12-20T00:00:00,DET vs. UTA,L,48.0,41,81,0.506,9,25,0.36,20,27,0.741,9,34,43,22,14.0,6,1,5,19,22,111,-15.0,1,21,21,21,5,30,67,12,60,82,38,36,33,64,55,23,33,54,31,54,80,34,13,31,39,64,1.0
2022-23,1610612744,GSW,Golden State Warriors,0022200463,2022-12-20T00:00:00,GSW @ NYK,L,48.0,35,74,0.473,12,35,0.343,12,13,0.923,4,25,29,23,20.0,3,2,1,22,15,94,-38.0,1,55,55,55,6,95,100,56,81,83,69,82,97,9,104,99,105,90,90,97,85,2,49,86,99,107,1.0
2022-23,1610612763,MEM,Memphis Grizzlies,0022200465,2022-12-20T00:00:00,MEM @ DEN,L,48.0,36,81,0.444,5,26,0.192,14,21,0.667,7,35,42,25,16.0,11,7,5,21,19,91,-14.0,1,61,61,61,6,86,89,69,97,90,97,70,58,84,86,46,72,50,68,20,22,40,58,50,95,86,1.0
2022-23,1610612748,MIA,Miami Heat,0022200462,2022-12-20T00:00:00,MIA vs. CHI,L,48.0,38,81,0.469,15,44,0.341,12,17,0.706,9,26,35,26,13.0,9,0,0,16,16,103,-10.0,1,66,66,66,7,62,80,46,21,9,56,100,94,106,63,92,96,29,53,32,116,1,25,100,79,97,1.0
2022-23,1610612752,NYK,New York Knicks,0022200463,2022-12-20T00:00:00,NYK vs. GSW,W,48.0,45,87,0.517,17,40,0.425,25,32,0.781,14,33,47,27,12.0,8,1,2,15,22,132,38.0,1,1,1,1,11,19,57,18,8,22,16,13,10,40,28,50,45,14,32,25,93,7,11,36,9,1,1.0
2022-23,1610612756,PHX,Phoenix Suns,0022200464,2022-12-20T00:00:00,PHX vs. WAS,L,48.0,41,89,0.461,13,32,0.406,15,19,0.789,15,29,44,26,14.0,2,1,4,23,14,110,-3.0,1,56,56,56,5,56,48,59,29,46,31,68,68,54,14,72,47,48,48,100,97,45,65,93,62,64,1.0
2022-23,1610612762,UTA,Utah Jazz,0022200461,2022-12-20T00:00:00,UTA @ DET,W,48.0,47,93,0.505,20,46,0.435,12,19,0.632,12,31,43,27,12.0,7,5,1,22,19,126,15.0,1,1,1,1,6,9,21,23,1,10,13,79,70,84,39,63,63,34,15,34,43,1,52,62,13,11,1.0
2022-23,1610612764,WAS,Washington Wizards,0022200464,2022-12-20T00:00:00,WAS @ PHX,W,48.0,38,80,0.475,11,27,0.407,26,37,0.703,9,32,41,22,10.0,9,4,1,14,23,113,3.0,1,1,1,1,4,67,71,49,42,67,25,7,3,73,40,58,55,63,12,16,54,2,6,17,42,33,1.0
2022-23,1610612737,ATL,Atlanta Hawks,0022200468,2022-12-21T00:00:00,ATL vs. CHI,L,48.0,39,91,0.429,14,37,0.378,16,16,1.0,9,38,47,22,15.0,6,7,4,15,15,108,-2.0,1,49,49,49,7,77,51,85,15,12,38,59,83,1,65,11,29,72,67,50,14,31,13,86,75,51,1.0
2022-23,1610612738,BOS,Boston Celtics,0022200469,2022-12-21T00:00:00,BOS vs. IND,L,48.0,39,101,0.386,13,41,0.317,21,25,0.84,25,37,62,26,17.0,11,5,3,9,22,112,-5.0,1,74,74,74,15,73,4,108,71,60,82,29,32,42,1,39,2,55,89,5,49,27,2,27,69,88,1.0
2022-23,1610612751,BKN,Brooklyn Nets,0022200470,2022-12-21T00:00:00,BKN vs. GSW,W,48.0,54,84,0.643,21,33,0.636,14,16,0.875,3,29,32,42,15.0,10,4,1,23,14,143,30.0,1,1,1,1,3,2,39,2,2,46,1,65,78,19,90,71,87,1,52,14,69,3,64,79,1,3,1.0
2022-23,1610612766,CHA,Charlotte Hornets,0022200476,2022-12-21T00:00:00,CHA @ LAC,L,48.0,37,92,0.402,9,31,0.29,22,29,0.759,11,29,40,25,15.0,15,2,7,18,22,105,-21.0,1,30,30,30,6,72,34,72,57,53,57,16,17,45,44,71,68,37,47,2,80,58,26,24,60,84,1.0
2022-23,1610612741,CHI,Chicago Bulls,0022200468,2022-12-21T00:00:00,CHI @ ATL,W,48.0,43,86,0.5,7,24,0.292,17,22,0.773,8,39,47,20,11.0,9,4,7,15,15,110,2.0,1,1,1,1,8,39,48,39,67,71,67,47,42,61,41,17,20,72,19,24,41,72,11,79,55,45,1.0
2022-23,1610612739,CLE,Cleveland Cavaliers,0022200466,2022-12-21T00:00:00,CLE vs. MIL,W,48.0,41,85,0.482,10,32,0.313,22,28,0.786,9,28,37,22,10.0,8,3,5,21,23,114,8.0,1,1,1,1,8,44,45,50,53,42,65,15,18,55,52,63,68,61,15,29,68,49,63,19,34,37,1.0
2022-23,1610612742,DAL,Dallas Mavericks,0022200473,2022-12-21T00:00:00,DAL @ MIN,W,48.0,34,75,0.453,13,39,0.333,23,27,0.852,7,32,39,17,13.0,6,3,4,12,24,104,5.0,1,1,1,1,10,75,79,56,55,51,58,17,30,14,44,32,36,76,44,45,44,38,2,20,68,22,1.0
2022-23,1610612765,DET,Detroit Pistons,0022200467,2022-12-21T00:00:00,DET @ PHI,L,48.0,31,79,0.392,6,23,0.261,25,34,0.735,11,35,46,15,22.0,6,1,7,15,23,93,-20.0,1,21,21,21,5,84,77,81,85,88,77,17,14,68,36,20,25,87,83,54,80,64,2,27,81,73,1.0
2022-23,1610612744,GSW,Golden State Warriors,0022200470,2022-12-21T00:00:00,GSW @ BKN,L,48.0,41,83,0.494,12,33,0.364,19,25,0.76,9,27,36,32,21.0,6,1,4,14,23,113,-30.0,1,55,55,55,6,60,83,41,81,91,59,27,25,64,62,95,92,27,95,65,99,49,2,14,67,105,1.0
2022-23,1610612745,HOU,Houston Rockets,0022200472,2022-12-21T00:00:00,HOU vs. ORL,L,48.0,41,88,0.466,17,43,0.395,11,17,0.647,9,40,49,22,17.0,6,4,6,23,18,110,-6.0,1,28,28,28,3,36,44,36,4,7,14,81,77,76,80,7,23,46,52,55,41,40,64,68,47,36,1.0
2022-23,1610612754,IND,Indiana Pacers,0022200469,2022-12-21T00:00:00,IND @ BOS,W,48.0,46,98,0.469,18,39,0.462,7,9,0.778,12,35,47,27,14.0,10,3,5,22,9,117,5.0,1,1,1,1,4,14,11,47,12,32,11,90,90,49,25,24,17,39,33,15,78,38,51,91,39,26,1.0
2022-23,1610612747,LAL,Los Angeles Lakers,0022200475,2022-12-21T00:00:00,LAL @ SAC,L,48.0,42,84,0.5,11,24,0.458,25,30,0.833,5,34,39,25,15.0,6,5,2,24,23,120,-14.0,1,59,59,59,10,46,78,32,37,96,9,20,31,29,105,63,88,48,60,53,42,5,102,36,41,97,1.0
2022-23,1610612749,MIL,Milwaukee Bucks,0022200466,2022-12-21T00:00:00,MIL @ CLE,L,48.0,39,83,0.47,13,30,0.433,15,22,0.682,13,33,46,20,21.0,7,5,3,23,21,106,-8.0,1,63,63,63,7,58,78,46,54,89,19,56,44,73,26,67,53,82,87,34,36,28,82,30,68,73,1.0
2022-23,1610612750,MIN,Minnesota Timberwolves,0022200473,2022-12-21T00:00:00,MIN vs. DAL,L,48.0,42,85,0.494,8,30,0.267,7,10,0.7,8,31,39,23,13.0,7,4,3,24,12,99,-5.0,1,51,51,51,8,41,52,40,83,63,88,99,98,78,52,61,61,68,26,54,60,22,70,95,89,60,1.0
2022-23,1610612752,NYK,New York Knicks,0022200471,2022-12-21T00:00:00,NYK vs. TOR,L,48.0,42,76,0.553,11,26,0.423,11,18,0.611,9,29,38,25,17.0,2,3,4,19,16,106,-7.0,1,60,60,60,11,41,91,7,54,97,17,96,89,96,78,87,89,29,83,95,61,33,40,94,67,75,1.0
2022-23,1610612760,OKC,Oklahoma City Thunder,0022200474,2022-12-21T00:00:00,OKC vs. POR,W,48.0,36,77,0.468,8,24,0.333,21,25,0.84,9,28,37,19,18.0,9,3,5,16,22,101,3.0,1,1,1,1,7,80,92,47,85,90,54,27,30,36,68,76,85,80,79,29,61,41,7,30,81,44,1.0
2022-23,1610612753,ORL,Orlando Magic,0022200472,2022-12-21T00:00:00,ORL @ HOU,W,48.0,41,91,0.451,11,37,0.297,23,33,0.697,11,34,45,19,11.0,11,6,4,18,23,116,6.0,1,1,1,1,5,41,20,61,40,13,63,24,10,75,35,40,37,77,9,9,19,29,21,20,25,24,1.0
2022-23,1610612755,PHI,Philadelphia 76ers,0022200467,2022-12-21T00:00:00,PHI vs. DET,W,48.0,41,93,0.441,11,37,0.297,20,22,0.909,13,36,49,27,12.0,8,7,1,23,15,113,20.0,1,1,1,1,8,36,10,74,61,18,82,51,58,20,16,19,12,28,32,46,15,4,69,87,50,10,1.0
2022-23,1610612757,POR,Portland Trail Blazers,0022200474,2022-12-21T00:00:00,POR @ OKC,L,48.0,39,79,0.494,14,36,0.389,6,9,0.667,9,27,36,29,20.0,9,5,3,22,16,98,-3.0,1,39,39,39,3,47,67,29,26,36,34,92,92,83,47,68,70,11,83,17,32,25,58,81,75,44,1.0
2022-23,1610612758,SAC,Sacramento Kings,0022200475,2022-12-21T00:00:00,SAC vs. LAL,W,48.0,48,95,0.505,17,47,0.362,21,28,0.75,10,36,46,29,12.0,6,2,5,23,24,134,14.0,1,1,1,1,6,12,17,41,18,5,51,36,34,63,44,25,28,28,32,63,71,63,76,19,11,21,1.0
2022-23,1610612761,TOR,Toronto Raptors,0022200471,2022-12-21T00:00:00,TOR @ NYK,W,48.0,42,94,0.447,9,34,0.265,20,22,0.909,16,22,38,17,5.0,7,4,3,16,19,113,7.0,1,1,1,1,8,37,25,48,55,26,76,34,50,7,18,90,76,84,1,68,51,20,8,50,41,33,1.0
2022-23,1610612740,NOP,New Orleans Pelicans,0022200477,2022-12-22T00:00:00,NOP vs. SAS,W,48.0,44,91,0.484,13,34,0.382,25,27,0.926,16,30,46,25,17.0,10,6,2,24,24,126,9.0,1,1,1,1,8,27,23,44,19,20,37,17,31,5,6,56,34,46,67,19,14,9,73,14,16,30,1.0
2022-23,1610612759,SAS,San Antonio Spurs,0022200477,2022-12-22T00:00:00,SAS @ NOP,L,48.0,43,90,0.478,9,28,0.321,22,27,0.815,14,30,44,23,17.0,8,2,6,24,24,117,-9.0,1,25,25,25,7,40,47,35,63,66,60,13,19,18,21,53,41,67,53,25,71,50,76,13,29,44,1.0
2022-23,1610612762,UTA,Utah Jazz,0022200478,2022-12-22T00:00:00,UTA vs. WAS,W,48.0,42,86,0.488,16,35,0.457,20,21,0.952,8,32,40,16,11.0,5,3,2,16,15,120,8.0,1,1,1,1,6,41,59,31,16,54,4,33,59,2,75,55,75,88,8,54,68,4,10,84,30,16,1.0
2022-23,1610612764,WAS,Washington Wizards,0022200478,2022-12-22T00:00:00,WAS @ UTA,L,48.0,46,82,0.561,7,21,0.333,13,17,0.765,3,34,37,20,11.0,5,2,3,15,16,112,-8.0,1,40,40,40,4,17,62,10,73,88,49,68,72,57,90,40,74,77,22,63,78,15,9,73,46,59,1.0
2022-23,1610612737,ATL,Atlanta Hawks,0022200481,2022-12-23T00:00:00,ATL vs. DET,W,48.0,49,92,0.533,12,34,0.353,20,24,0.833,8,40,48,30,8.0,10,8,3,20,19,130,25.0,1,1,1,1,7,18,45,21,29,27,49,29,32,36,70,5,21,6,6,15,6,14,57,46,12,2,1.0
2022-23,1610612738,BOS,Boston Celtics,0022200482,2022-12-23T00:00:00,BOS vs. MIN,W,48.0,44,100,0.44,13,46,0.283,20,26,0.769,20,33,53,28,12.0,9,6,8,16,18,121,12.0,1,1,1,1,15,31,7,80,71,27,97,38,25,74,3,66,13,33,33,14,36,104,28,58,41,32,1.0
2022-23,1610612751,BKN,Brooklyn Nets,0022200483,2022-12-23T00:00:00,BKN vs. MIL,W,48.0,46,93,0.495,14,32,0.438,12,13,0.923,12,33,45,30,12.0,11,2,1,18,13,118,18.0,1,1,1,1,3,13,6,38,24,54,20,78,89,7,12,33,18,15,28,8,88,3,18,86,28,8,1.0
2022-23,1610612766,CHA,Charlotte Hornets,0022200492,2022-12-23T00:00:00,CHA @ LAL,W,48.0,52,94,0.553,16,41,0.39,14,18,0.778,11,30,41,30,16.0,11,5,1,21,19,134,4.0,1,1,1,1,6,3,24,3,5,7,21,67,71,35,44,64,65,10,56,10,39,3,53,53,4,24,1.0
2022-23,1610612741,CHI,Chicago Bulls,0022200485,2022-12-23T00:00:00,CHI @ NYK,W,48.0,45,93,0.484,14,31,0.452,14,18,0.778,11,30,41,24,4.0,6,4,4,22,17,118,1.0,1,1,1,1,8,24,14,53,14,26,18,73,69,59,18,67,52,46,2,62,41,32,68,60,33,47,1.0
2022-23,1610612739,CLE,Cleveland Cavaliers,0022200484,2022-12-23T00:00:00,CLE vs. TOR,L,48.0,39,76,0.513,11,33,0.333,18,30,0.6,6,29,35,27,15.0,9,4,2,17,20,107,-11.0,1,57,57,57,8,63,85,27,46,30,55,36,13,91,81,57,75,28,64,14,50,8,23,43,63,82,1.0
2022-23,1610612742,DAL,Dallas Mavericks,0022200487,2022-12-23T00:00:00,DAL @ HOU,W,48.0,36,80,0.45,16,44,0.364,24,27,0.889,7,27,34,20,14.0,10,7,3,21,21,112,6.0,1,1,1,1,10,62,61,58,35,24,43,16,30,7,44,66,69,61,57,7,6,24,44,48,44,19,1.0
2022-23,1610612743,DEN,Denver Nuggets,0022200489,2022-12-23T00:00:00,DEN vs. POR,W,48.0,47,81,0.58,10,21,0.476,16,26,0.615,4,34,38,31,11.0,9,2,3,19,21,120,13.0,1,1,1,1,5,20,86,7,72,107,14,62,24,97,108,42,84,27,18,28,88,22,53,38,35,25,1.0
2022-23,1610612765,DET,Detroit Pistons,0022200481,2022-12-23T00:00:00,DET @ ATL,L,48.0,37,90,0.411,9,33,0.273,22,29,0.759,9,34,43,17,14.0,7,3,8,19,20,105,-25.0,1,21,21,21,5,53,25,71,60,39,71,31,28,58,55,23,33,82,31,41,47,73,13,49,58,85,1.0
2022-23,1610612745,HOU,Houston Rockets,0022200487,2022-12-23T00:00:00,HOU vs. DAL,L,48.0,37,81,0.457,8,26,0.308,24,28,0.857,12,33,45,26,15.0,9,3,7,21,21,106,-6.0,1,28,28,28,3,67,77,43,64,71,53,15,29,11,55,40,51,17,34,26,58,56,46,34,58,36,1.0
2022-23,1610612754,IND,Indiana Pacers,0022200486,2022-12-23T00:00:00,IND @ MIA,W,48.0,40,83,0.482,21,47,0.447,10,14,0.714,9,34,43,26,16.0,5,6,3,23,13,111,3.0,1,1,1,1,4,53,70,38,5,4,16,84,84,69,53,31,38,51,50,69,28,11,59,89,56,32,1.0
2022-23,1610612747,LAL,Los Angeles Lakers,0022200492,2022-12-23T00:00:00,LAL vs. CHA,L,48.0,48,92,0.522,19,44,0.432,15,22,0.682,12,30,42,27,17.0,5,1,5,19,21,130,-4.0,1,59,59,59,10,12,29,25,1,4,19,90,76,99,22,88,74,30,87,70,110,54,62,58,7,66,1.0
2022-23,1610612763,MEM,Memphis Grizzlies,0022200490,2022-12-23T00:00:00,MEM @ PHX,W,48.0,45,91,0.495,7,23,0.304,28,38,0.737,19,34,53,30,12.0,11,5,5,22,26,125,25.0,1,1,1,1,6,34,51,31,89,96,68,5,5,57,5,50,11,14,31,20,52,40,69,11,23,6,1.0
2022-23,1610612748,MIA,Miami Heat,0022200486,2022-12-23T00:00:00,MIA vs. IND,L,48.0,41,95,0.432,13,33,0.394,13,14,0.929,13,25,38,23,10.0,7,3,6,13,23,108,-3.0,1,66,66,66,7,39,10,80,36,67,28,94,109,15,18,98,80,56,17,59,52,92,7,25,61,72,1.0
2022-23,1610612749,MIL,Milwaukee Bucks,0022200483,2022-12-23T00:00:00,MIL @ BKN,L,48.0,37,84,0.44,9,37,0.243,17,22,0.773,13,32,45,17,18.0,7,1,2,13,18,100,-18.0,1,63,63,63,7,77,73,66,91,62,93,39,44,43,26,74,58,93,74,34,88,11,4,57,84,86,1.0
2022-23,1610612750,MIN,Minnesota Timberwolves,0022200482,2022-12-23T00:00:00,MIN @ BOS,L,48.0,44,91,0.484,10,32,0.313,11,15,0.733,11,34,45,25,17.0,3,8,6,18,16,109,-12.0,1,51,51,51,8,31,26,46,59,56,70,85,88,63,21,41,27,45,63,96,10,72,13,84,66,83,1.0
2022-23,1610612740,NOP,New Orleans Pelicans,0022200488,2022-12-23T00:00:00,NOP @ OKC,W,53.0,41,94,0.436,13,37,0.351,33,40,0.825,13,42,55,30,21.0,10,4,5,21,26,128,3.0,1,1,1,1,1,51,14,77,19,14,55,1,2,32,23,6,5,15,87,19,43,47,45,7,11,46,1.0
2022-23,1610612752,NYK,New York Knicks,0022200485,2022-12-23T00:00:00,NYK vs. CHI,L,48.0,43,86,0.5,16,35,0.457,15,26,0.577,12,35,47,23,10.0,2,4,4,17,22,117,-1.0,1,60,60,60,11,36,61,26,16,45,7,74,41,99,50,30,45,44,14,95,40,33,22,36,38,60,1.0
2022-23,1610612760,OKC,Oklahoma City Thunder,0022200488,2022-12-23T00:00:00,OKC vs. NOP,L,53.0,47,102,0.461,13,35,0.371,18,25,0.72,10,37,47,27,18.0,9,5,4,26,21,125,-3.0,1,52,52,52,2,15,6,52,31,43,37,46,30,79,55,18,27,23,79,29,30,25,81,36,22,59,1.0
2022-23,1610612753,ORL,Orlando Magic,0022200479,2022-12-23T00:00:00,ORL vs. SAS,W,48.0,50,87,0.575,17,32,0.531,16,20,0.8,7,37,44,30,19.0,8,2,6,15,18,133,20.0,1,1,1,1,5,1,33,2,2,41,2,63,68,35,72,19,40,3,76,35,73,58,7,64,2,2,1.0
2022-23,1610612755,PHI,Philadelphia 76ers,0022200480,2022-12-23T00:00:00,PHI vs. LAC,W,48.0,47,88,0.534,12,29,0.414,13,14,0.929,6,33,39,31,9.0,7,3,9,20,16,119,5.0,1,1,1,1,8,10,27,13,52,75,42,91,99,14,81,39,61,7,11,61,72,98,44,77,28,46,1.0
2022-23,1610612756,PHX,Phoenix Suns,0022200490,2022-12-23T00:00:00,PHX vs. MEM,L,48.0,38,87,0.437,9,35,0.257,15,26,0.577,11,24,35,23,15.0,6,5,5,26,22,100,-25.0,1,56,56,56,5,78,62,73,72,31,92,68,27,101,53,98,92,71,65,65,45,63,86,30,85,95,1.0
2022-23,1610612757,POR,Portland Trail Blazers,0022200489,2022-12-23T00:00:00,POR @ DEN,L,48.0,39,87,0.448,9,35,0.257,20,26,0.769,13,30,43,24,14.0,5,3,2,21,19,107,-13.0,1,39,39,39,3,47,31,58,69,43,82,41,38,54,5,53,33,39,38,58,63,7,52,52,56,67,1.0
2022-23,1610612758,SAC,Sacramento Kings,0022200491,2022-12-23T00:00:00,SAC vs. WAS,L,48.0,37,84,0.44,10,32,0.313,27,35,0.771,13,34,47,19,13.0,5,2,4,20,23,111,-14.0,1,62,62,62,6,78,72,78,76,74,73,9,5,59,14,38,24,94,43,71,71,44,41,27,68,91,1.0
2022-23,1610612759,SAS,San Antonio Spurs,0022200479,2022-12-23T00:00:00,SAS @ ORL,L,48.0,44,97,0.454,12,38,0.316,13,18,0.722,13,25,38,28,13.0,10,6,2,18,15,113,-20.0,1,25,25,25,7,36,23,50,31,13,62,57,57,52,34,85,72,32,19,10,14,6,26,71,39,71,1.0
2022-23,1610612761,TOR,Toronto Raptors,0022200484,2022-12-23T00:00:00,TOR @ CLE,W,48.0,42,84,0.5,19,37,0.514,15,18,0.833,11,34,45,25,19.0,10,2,4,20,17,118,11.0,1,1,1,1,8,37,75,16,2,15,1,64,69,21,58,17,33,29,88,36,83,33,43,63,26,21,1.0
2022-23,1610612764,WAS,Washington Wizards,0022200491,2022-12-23T00:00:00,WAS @ SAC,W,48.0,49,88,0.557,10,32,0.313,17,24,0.708,5,35,40,30,10.0,9,4,2,23,20,125,14.0,1,1,1,1,4,7,29,13,49,40,55,48,30,72,81,35,60,12,12,16,54,7,72,33,13,13,1.0
2022-23,1610612738,BOS,Boston Celtics,0022200495,2022-12-25T00:00:00,BOS vs. MIL,W,48.0,50,85,0.588,19,39,0.487,20,25,0.8,5,30,35,29,12.0,9,1,1,18,16,139,21.0,1,1,1,1,15,7,70,2,21,69,7,38,32,62,97,85,104,23,33,14,107,3,43,82,4,15,1.0
2022-23,1610612742,DAL,Dallas Mavericks,0022200494,2022-12-25T00:00:00,DAL vs. LAL,W,48.0,44,84,0.524,18,44,0.409,18,25,0.72,11,27,38,31,11.0,6,3,2,26,23,124,9.0,1,1,1,1,10,17,38,14,15,24,25,44,44,55,12,66,44,3,25,45,44,15,77,28,20,13,1.0
2022-23,1610612743,DEN,Denver Nuggets,0022200497,2022-12-25T00:00:00,DEN vs. PHX,W,53.0,45,94,0.479,13,36,0.361,25,34,0.735,12,36,48,29,13.0,8,4,9,23,30,128,3.0,1,1,1,1,1,30,12,71,35,19,60,6,6,73,30,28,23,43,40,38,55,111,96,3,11,65,1.0
2022-23,1610612744,GSW,Golden State Warriors,0022200496,2022-12-25T00:00:00,GSW vs. MEM,W,48.0,43,91,0.473,18,44,0.409,19,26,0.731,9,42,51,31,12.0,6,5,6,18,23,123,14.0,1,1,1,1,6,42,39,57,27,41,34,27,20,75,62,9,17,32,9,65,30,81,11,14,27,20,1.0
2022-23,1610612747,LAL,Los Angeles Lakers,0022200494,2022-12-25T00:00:00,LAL @ DAL,L,48.0,39,80,0.488,9,28,0.321,28,32,0.875,6,29,35,18,10.0,5,2,3,23,26,115,-9.0,1,59,59,59,10,78,97,45,74,73,66,13,21,14,95,101,109,102,17,70,97,20,96,15,53,82,1.0
2022-23,1610612763,MEM,Memphis Grizzlies,0022200496,2022-12-25T00:00:00,MEM @ GSW,L,48.0,39,94,0.415,9,39,0.231,22,30,0.733,9,35,44,19,13.0,5,6,5,23,18,109,-14.0,1,61,61,61,6,68,30,83,68,16,88,18,20,60,75,46,62,89,41,82,38,40,80,59,63,86,1.0
2022-23,1610612749,MIL,Milwaukee Bucks,0022200495,2022-12-25T00:00:00,MIL @ BOS,L,48.0,42,84,0.5,13,36,0.361,21,27,0.778,8,31,39,22,15.0,8,1,1,16,18,118,-21.0,1,63,63,63,7,44,73,28,54,67,49,20,24,39,65,80,83,67,49,19,88,4,27,57,37,89,1.0
2022-23,1610612752,NYK,New York Knicks,0022200493,2022-12-25T00:00:00,NYK vs. PHI,L,48.0,43,90,0.478,12,32,0.375,14,17,0.824,12,34,46,30,8.0,4,6,2,19,19,112,-7.0,1,60,60,60,11,36,38,44,44,66,37,84,94,26,50,36,52,5,4,79,18,7,40,64,51,75,1.0
2022-23,1610612755,PHI,Philadelphia 76ers,0022200493,2022-12-25T00:00:00,PHI @ NYK,W,48.0,39,77,0.506,18,39,0.462,23,29,0.793,5,27,32,22,8.0,5,2,6,19,19,119,7.0,1,1,1,1,8,55,89,28,4,9,18,32,21,77,91,86,95,66,4,84,91,65,32,54,28,40,1.0
2022-23,1610612756,PHX,Phoenix Suns,0022200497,2022-12-25T00:00:00,PHX @ DEN,L,53.0,45,94,0.479,17,35,0.486,18,26,0.692,12,34,46,32,14.0,7,9,4,30,23,125,-3.0,1,56,56,56,1,26,22,41,8,31,10,46,27,89,42,33,39,12,48,43,5,45,97,23,17,64,1.0
2022-23,1610612751,BKN,Brooklyn Nets,0022200498,2022-12-26T00:00:00,BKN @ CLE,W,48.0,47,82,0.573,18,30,0.6,13,17,0.765,7,31,38,27,17.0,7,4,3,25,14,125,8.0,1,1,1,1,3,10,53,7,3,62,2,75,74,62,47,55,58,22,72,42,69,23,73,79,9,28,1.0
2022-23,1610612766,CHA,Charlotte Hornets,0022200504,2022-12-26T00:00:00,CHA @ POR,L,48.0,41,103,0.398,12,36,0.333,19,25,0.76,18,27,45,25,13.0,8,3,9,21,20,113,-11.0,1,30,30,30,6,40,4,74,26,23,39,35,38,43,3,80,39,37,27,32,70,76,53,44,32,57,1.0
2022-23,1610612741,CHI,Chicago Bulls,0022200501,2022-12-26T00:00:00,CHI vs. HOU,L,48.0,45,92,0.489,13,35,0.371,15,21,0.714,8,27,35,27,8.0,6,2,5,19,15,118,-15.0,1,49,49,49,8,24,18,48,18,8,41,68,53,77,41,79,76,28,7,62,76,46,43,79,33,82,1.0
2022-23,1610612739,CLE,Cleveland Cavaliers,0022200498,2022-12-26T00:00:00,CLE vs. BKN,L,48.0,39,82,0.476,13,36,0.361,26,30,0.867,10,23,33,21,12.0,8,3,4,14,25,117,-8.0,1,57,57,57,8,63,64,53,29,17,46,6,13,17,39,92,86,68,33,29,68,30,5,14,22,76,1.0
2022-23,1610612765,DET,Detroit Pistons,0022200499,2022-12-26T00:00:00,DET vs. LAC,L,53.0,44,100,0.44,16,34,0.471,27,34,0.794,16,29,45,32,18.0,10,4,3,23,24,131,-11.0,1,21,21,21,2,10,3,56,10,31,7,14,14,40,9,61,27,1,69,8,32,13,52,18,4,53,1.0
2022-23,1610612745,HOU,Houston Rockets,0022200501,2022-12-26T00:00:00,HOU @ CHI,W,48.0,50,90,0.556,17,44,0.386,16,22,0.727,8,37,45,28,13.0,7,5,2,15,19,133,15.0,1,1,1,1,3,3,32,3,4,5,18,60,59,53,83,18,51,9,13,46,34,2,6,56,4,5,1.0
2022-23,1610612754,IND,Indiana Pacers,0022200502,2022-12-26T00:00:00,IND @ NOP,L,48.0,35,83,0.422,9,35,0.257,14,20,0.7,6,30,36,23,13.0,9,5,6,18,19,93,-20.0,1,40,40,40,4,86,70,75,73,51,81,70,67,76,73,52,73,67,23,26,41,49,11,55,88,83,1.0
2022-23,1610612748,MIA,Miami Heat,0022200500,2022-12-26T00:00:00,MIA vs. MIN,W,48.0,47,102,0.461,13,49,0.265,6,8,0.75,13,27,40,27,10.0,9,3,3,17,14,113,3.0,1,1,1,1,7,8,2,50,36,4,101,118,118,90,18,85,63,23,17,32,52,29,33,108,35,48,1.0
2022-23,1610612750,MIN,Minnesota Timberwolves,0022200500,2022-12-26T00:00:00,MIN @ MIA,L,48.0,43,79,0.544,15,34,0.441,9,14,0.643,8,36,44,31,22.0,4,3,3,14,17,110,-3.0,1,51,51,51,8,35,85,15,17,41,13,95,93,87,52,23,35,12,93,89,77,22,2,76,63,57,1.0
2022-23,1610612740,NOP,New Orleans Pelicans,0022200502,2022-12-26T00:00:00,NOP vs. IND,W,48.0,41,90,0.456,12,40,0.3,19,24,0.792,16,38,54,30,16.0,10,6,5,19,18,113,20.0,1,1,1,1,8,51,30,64,28,5,67,46,44,47,6,19,6,15,55,19,14,47,28,63,45,10,1.0
2022-23,1610612757,POR,Portland Trail Blazers,0022200504,2022-12-26T00:00:00,POR vs. CHA,W,48.0,43,86,0.5,14,38,0.368,24,28,0.857,10,40,50,28,15.0,8,9,3,20,21,124,11.0,1,1,1,1,3,18,36,26,26,26,42,22,29,24,38,3,4,17,45,29,3,25,39,38,20,16,1.0
2022-23,1610612759,SAS,San Antonio Spurs,0022200503,2022-12-26T00:00:00,SAS vs. UTA,W,48.0,48,87,0.552,6,18,0.333,24,34,0.706,6,35,41,27,14.0,11,8,3,25,22,126,4.0,1,1,1,1,7,13,61,8,88,92,47,10,3,59,87,26,57,36,29,3,4,14,83,19,14,19,1.0
2022-23,1610612762,UTA,Utah Jazz,0022200503,2022-12-26T00:00:00,UTA @ SAS,L,48.0,39,97,0.402,13,43,0.302,31,37,0.838,16,29,45,20,12.0,10,3,8,22,25,122,-4.0,1,42,42,42,6,62,12,83,39,19,63,3,3,24,15,74,50,77,15,7,68,82,52,15,25,50,1.0
2022-23,1610612737,ATL,Atlanta Hawks,0022200508,2022-12-27T00:00:00,ATL @ IND,L,48.0,40,89,0.449,12,30,0.4,22,29,0.759,9,33,42,26,9.0,4,3,2,19,16,114,-15.0,1,49,49,49,7,73,60,70,29,45,29,18,12,80,65,50,57,31,8,84,75,5,49,82,60,87,1.0
2022-23,1610612738,BOS,Boston Celtics,0022200507,2022-12-27T00:00:00,BOS vs. HOU,W,48.0,43,91,0.473,20,56,0.357,20,23,0.87,9,40,49,32,11.0,8,5,2,14,16,126,24.0,1,1,1,1,15,40,30,57,16,2,62,38,40,32,52,17,26,10,23,23,49,11,11,82,22,11,1.0
2022-23,1610612766,CHA,Charlotte Hornets,0022200513,2022-12-27T00:00:00,CHA @ GSW,L,48.0,38,92,0.413,10,38,0.263,19,25,0.76,9,38,47,22,14.0,6,7,2,20,22,105,-5.0,1,30,30,30,6,61,34,65,46,15,70,35,38,43,65,16,31,62,35,61,15,6,46,24,60,37,1.0
2022-23,1610612742,DAL,Dallas Mavericks,0022200512,2022-12-27T00:00:00,DAL vs. NYK,W,53.0,44,90,0.489,13,46,0.283,25,33,0.758,7,40,47,20,9.0,4,5,0,25,23,126,5.0,1,1,1,1,2,17,14,38,55,14,80,14,12,47,44,3,9,61,12,68,20,1,72,28,14,22,1.0
2022-23,1610612743,DEN,Denver Nuggets,0022200514,2022-12-27T00:00:00,DEN @ SAC,W,48.0,41,86,0.477,13,37,0.351,18,21,0.857,10,30,40,34,13.0,12,3,2,18,18,113,7.0,1,1,1,1,5,69,51,73,35,14,65,36,56,19,53,75,71,8,40,7,77,4,42,70,62,46,1.0
2022-23,1610612744,GSW,Golden State Warriors,0022200513,2022-12-27T00:00:00,GSW vs. CHA,W,48.0,41,95,0.432,8,37,0.216,20,24,0.833,9,40,49,31,14.0,3,2,7,22,20,110,5.0,1,1,1,1,6,60,24,76,103,79,106,25,29,34,62,14,23,32,27,97,85,91,49,41,77,44,1.0
2022-23,1610612745,HOU,Houston Rockets,0022200507,2022-12-27T00:00:00,HOU @ BOS,L,48.0,38,95,0.4,14,45,0.311,12,14,0.857,13,36,49,24,15.0,5,2,5,16,14,102,-24.0,1,28,28,28,3,56,13,79,16,3,51,76,86,11,45,24,23,27,34,64,74,24,12,86,67,86,1.0
2022-23,1610612754,IND,Indiana Pacers,0022200508,2022-12-27T00:00:00,IND vs. ATL,W,48.0,47,92,0.511,13,35,0.371,22,27,0.815,7,42,49,28,13.0,3,2,3,16,19,129,15.0,1,1,1,1,4,12,32,19,38,51,40,21,27,35,67,2,9,27,23,86,86,11,3,55,13,4,1.0
2022-23,1610612747,LAL,Los Angeles Lakers,0022200505,2022-12-27T00:00:00,LAL @ ORL,W,48.0,49,90,0.544,17,43,0.395,14,17,0.824,9,37,46,32,14.0,4,2,5,16,17,129,19.0,1,1,1,1,10,7,43,12,5,7,34,95,97,33,64,41,47,6,48,86,97,54,21,96,12,8,1.0
2022-23,1610612763,MEM,Memphis Grizzlies,0022200510,2022-12-27T00:00:00,MEM vs. PHX,L,48.0,36,91,0.396,8,30,0.267,28,34,0.824,15,25,40,18,15.0,9,6,9,23,23,108,-17.0,1,61,61,61,6,86,51,92,83,76,76,5,12,18,20,93,81,93,64,40,38,91,80,25,68,94,1.0
2022-23,1610612752,NYK,New York Knicks,0022200512,2022-12-27T00:00:00,NYK @ DAL,L,53.0,45,103,0.437,16,50,0.32,15,24,0.625,17,38,55,27,10.0,5,0,5,23,25,121,-5.0,1,60,60,60,2,19,4,73,16,2,62,74,58,94,14,18,3,14,14,66,101,55,70,8,27,67,1.0
2022-23,1610612760,OKC,Oklahoma City Thunder,0022200511,2022-12-27T00:00:00,OKC vs. SAS,W,48.0,46,86,0.535,13,24,0.542,25,31,0.806,13,32,45,25,14.0,10,10,4,18,21,130,16.0,1,1,1,1,7,21,74,8,31,90,3,18,17,51,21,47,36,34,55,20,2,25,21,36,16,12,1.0
2022-23,1610612753,ORL,Orlando Magic,0022200505,2022-12-27T00:00:00,ORL vs. LAL,L,48.0,42,84,0.5,10,28,0.357,16,25,0.64,8,29,37,25,11.0,8,5,2,17,16,110,-19.0,1,41,41,41,5,26,52,21,50,65,39,63,38,86,63,68,77,23,9,35,33,7,15,82,46,83,1.0
2022-23,1610612755,PHI,Philadelphia 76ers,0022200506,2022-12-27T00:00:00,PHI @ WAS,L,48.0,39,84,0.464,6,31,0.194,27,31,0.871,10,29,39,21,16.0,8,10,8,24,23,111,-5.0,1,70,70,70,8,55,39,60,96,58,103,13,13,32,40,72,61,70,68,46,3,93,76,17,58,77,1.0
2022-23,1610612756,PHX,Phoenix Suns,0022200510,2022-12-27T00:00:00,PHX @ MEM,W,48.0,43,87,0.494,17,31,0.548,22,25,0.88,15,32,47,26,22.0,7,9,6,23,23,125,17.0,1,1,1,1,5,33,62,29,8,54,3,19,33,19,14,50,33,48,99,43,5,77,65,23,17,14,1.0
2022-23,1610612758,SAC,Sacramento Kings,0022200514,2022-12-27T00:00:00,SAC vs. DEN,L,48.0,40,82,0.488,10,35,0.286,16,19,0.842,8,31,39,20,16.0,8,2,3,18,18,106,-7.0,1,62,62,62,6,63,81,47,76,59,82,65,73,33,68,62,69,88,67,41,71,20,25,75,78,78,1.0
2022-23,1610612759,SAS,San Antonio Spurs,0022200511,2022-12-27T00:00:00,SAS @ OKC,L,48.0,46,99,0.465,10,29,0.345,12,14,0.857,16,25,41,20,15.0,9,4,10,21,18,114,-16.0,1,25,25,25,7,23,16,42,50,59,40,68,82,13,13,85,57,86,35,15,34,86,54,47,36,64,1.0
2022-23,1610612761,TOR,Toronto Raptors,0022200509,2022-12-27T00:00:00,TOR vs. LAC,L,48.0,43,84,0.512,6,23,0.261,21,26,0.808,10,29,39,24,12.0,6,4,3,16,17,113,-11.0,1,49,49,49,8,32,75,13,89,90,77,29,36,31,66,54,71,37,41,75,51,20,8,63,41,77,1.0
2022-23,1610612764,WAS,Washington Wizards,0022200506,2022-12-27T00:00:00,WAS vs. PHI,W,48.0,39,85,0.459,11,33,0.333,27,31,0.871,14,25,39,18,18.0,7,8,10,23,24,116,5.0,1,1,1,1,4,59,44,60,42,33,49,4,11,19,9,85,63,86,75,37,14,86,72,13,33,30,1.0
2022-23,1610612737,ATL,Atlanta Hawks,0022200517,2022-12-28T00:00:00,ATL vs. BKN,L,48.0,42,97,0.433,8,22,0.364,15,22,0.682,11,36,47,22,4.0,5,6,13,14,18,107,-1.0,1,49,49,49,7,65,22,82,74,90,45,66,42,89,46,26,29,72,1,65,21,98,8,61,78,49,1.0
2022-23,1610612751,BKN,Brooklyn Nets,0022200517,2022-12-28T00:00:00,BKN @ ATL,W,48.0,42,83,0.506,10,26,0.385,14,17,0.824,5,42,47,22,12.0,0,13,6,18,14,108,1.0,1,1,1,1,3,36,47,34,68,84,38,65,74,35,65,3,11,62,28,95,1,79,18,79,57,47,1.0
2022-23,1610612741,CHI,Chicago Bulls,0022200519,2022-12-28T00:00:00,CHI vs. MIL,W,53.0,42,92,0.457,9,23,0.391,26,30,0.867,7,45,52,21,14.0,5,10,6,23,21,119,6.0,1,1,1,1,3,49,18,70,51,77,36,7,8,24,54,3,5,63,43,78,2,61,75,27,28,39,1.0
2022-23,1610612743,DEN,Denver Nuggets,0022200522,2022-12-28T00:00:00,DEN @ SAC,L,48.0,49,85,0.576,12,27,0.444,16,18,0.889,7,27,34,31,16.0,6,8,6,24,17,126,-1.0,1,75,75,75,5,11,56,9,46,84,21,62,82,7,84,96,103,27,71,69,6,82,103,82,14,75,1.0
2022-23,1610612765,DET,Detroit Pistons,0022200515,2022-12-28T00:00:00,DET vs. ORL,W,48.0,36,80,0.45,18,42,0.429,31,40,0.775,11,38,49,25,13.0,7,4,5,25,26,121,20.0,1,1,1,1,5,64,73,49,2,5,18,4,5,49,36,11,14,27,21,41,32,34,66,10,13,1,1.0
2022-23,1610612744,GSW,Golden State Warriors,0022200521,2022-12-28T00:00:00,GSW vs. UTA,W,48.0,37,87,0.425,16,45,0.356,22,27,0.815,10,41,51,22,13.0,6,3,6,26,22,112,5.0,1,1,1,1,6,88,68,81,47,36,64,13,13,41,51,12,17,94,16,65,64,81,91,23,71,44,1.0
2022-23,1610612747,LAL,Los Angeles Lakers,0022200518,2022-12-28T00:00:00,LAL @ MIA,L,48.0,37,77,0.481,13,36,0.361,11,15,0.733,8,36,44,25,26.0,2,4,4,16,15,98,-14.0,1,59,59,59,10,91,105,54,18,22,44,105,107,80,76,50,57,48,112,109,62,39,21,108,104,97,1.0
2022-23,1610612748,MIA,Miami Heat,0022200518,2022-12-28T00:00:00,MIA vs. LAL,W,48.0,44,92,0.478,11,35,0.314,13,16,0.813,10,27,37,20,6.0,14,4,4,15,16,112,14.0,1,1,1,1,7,22,22,38,65,46,77,94,99,63,49,85,82,88,3,6,25,51,17,100,40,14,1.0
2022-23,1610612749,MIL,Milwaukee Bucks,0022200519,2022-12-28T00:00:00,MIL @ CHI,L,53.0,41,110,0.373,9,44,0.205,22,32,0.688,22,39,61,18,14.0,7,6,10,21,23,113,-6.0,1,63,63,63,2,50,1,93,91,28,97,15,9,72,1,28,4,90,39,34,22,95,68,18,53,71,1.0
2022-23,1610612750,MIN,Minnesota Timberwolves,0022200520,2022-12-28T00:00:00,MIN @ NOP,L,48.0,42,83,0.506,10,29,0.345,24,32,0.75,5,30,35,18,11.0,6,8,4,28,24,118,-1.0,1,51,51,51,8,41,60,33,59,68,54,10,10,55,84,63,82,92,9,69,10,37,95,15,31,51,1.0
2022-23,1610612740,NOP,New Orleans Pelicans,0022200520,2022-12-28T00:00:00,NOP vs. MIN,W,48.0,39,81,0.481,11,23,0.478,30,43,0.698,9,34,43,22,15.0,6,4,8,24,28,119,1.0,1,1,1,1,8,62,72,46,42,85,9,4,1,84,57,39,50,72,42,66,43,78,73,4,28,49,1.0
2022-23,1610612753,ORL,Orlando Magic,0022200515,2022-12-28T00:00:00,ORL @ DET,L,48.0,35,85,0.412,5,22,0.227,26,34,0.765,15,32,47,24,13.0,5,5,4,26,25,101,-20.0,1,41,41,41,5,76,46,77,90,90,85,10,7,54,6,49,23,30,25,73,33,29,81,9,73,86,1.0
2022-23,1610612756,PHX,Phoenix Suns,0022200516,2022-12-28T00:00:00,PHX @ WAS,L,48.0,39,87,0.448,13,31,0.419,11,16,0.688,11,19,30,25,11.0,7,4,6,21,15,102,-25.0,1,56,56,56,5,68,62,66,29,54,25,93,82,92,53,102,101,56,22,43,61,77,41,87,81,95,1.0
2022-23,1610612758,SAC,Sacramento Kings,0022200522,2022-12-28T00:00:00,SAC vs. DEN,W,48.0,47,89,0.528,14,31,0.452,19,25,0.76,11,23,34,32,12.0,10,6,8,17,24,127,1.0,1,1,1,1,6,18,39,24,36,82,13,49,48,60,32,96,90,13,32,15,9,95,17,19,25,56,1.0
2022-23,1610612762,UTA,Utah Jazz,0022200521,2022-12-28T00:00:00,UTA @ GSW,L,48.0,37,91,0.407,15,46,0.326,18,26,0.692,10,40,50,26,12.0,3,6,3,22,26,107,-5.0,1,42,42,42,6,77,29,82,25,10,50,44,32,73,59,10,19,39,15,82,28,13,52,10,72,54,1.0
2022-23,1610612764,WAS,Washington Wizards,0022200516,2022-12-28T00:00:00,WAS vs. PHX,W,48.0,47,82,0.573,8,26,0.308,25,28,0.893,12,34,46,27,13.0,7,6,4,15,21,127,25.0,1,1,1,1,4,14,62,6,65,73,59,12,17,14,19,40,29,24,32,37,24,27,9,26,7,1,1.0
2022-23,1610612738,BOS,Boston Celtics,0022200525,2022-12-29T00:00:00,BOS vs. LAC,W,48.0,44,91,0.484,11,39,0.282,17,22,0.773,11,38,49,22,12.0,3,7,4,17,20,116,6.0,1,1,1,1,15,31,30,45,90,69,98,52,47,73,29,33,26,88,33,96,23,51,32,38,58,55,1.0
2022-23,1610612766,CHA,Charlotte Hornets,0022200523,2022-12-29T00:00:00,CHA vs. OKC,W,48.0,46,84,0.548,10,32,0.313,19,29,0.655,12,40,52,33,18.0,8,11,1,17,27,121,8.0,1,1,1,1,6,14,70,5,46,44,53,35,17,76,37,10,8,3,70,32,5,3,14,5,14,10,1.0
2022-23,1610612739,CLE,Cleveland Cavaliers,0022200524,2022-12-29T00:00:00,CLE @ IND,L,48.0,50,96,0.521,12,28,0.429,14,20,0.7,17,27,44,29,11.0,7,4,8,17,18,126,-9.0,1,57,57,57,8,1,3,23,36,63,22,68,56,75,2,73,24,17,25,43,50,88,23,64,6,79,1.0
2022-23,1610612742,DAL,Dallas Mavericks,0022200528,2022-12-29T00:00:00,DAL vs. HOU,W,48.0,47,91,0.516,18,45,0.4,17,25,0.68,6,38,44,30,9.0,7,8,0,26,23,129,15.0,1,1,1,1,10,4,10,17,15,21,29,54,44,64,59,6,14,5,12,29,3,1,77,28,8,9,1.0
2022-23,1610612745,HOU,Houston Rockets,0022200528,2022-12-29T00:00:00,HOU @ DAL,L,48.0,38,86,0.442,12,34,0.353,26,37,0.703,12,36,48,21,13.0,5,0,8,23,26,114,-15.0,1,28,28,28,3,56,60,53,23,37,30,11,7,64,55,24,33,52,13,64,90,68,64,7,28,65,1.0
2022-23,1610612754,IND,Indiana Pacers,0022200524,2022-12-29T00:00:00,IND vs. CLE,W,48.0,48,85,0.565,19,31,0.613,20,21,0.952,4,28,32,28,9.0,6,8,4,18,17,135,9.0,1,1,1,1,4,8,61,2,7,69,1,36,62,5,88,64,82,27,4,61,13,25,11,71,6,13,1.0
2022-23,1610612763,MEM,Memphis Grizzlies,0022200526,2022-12-29T00:00:00,MEM @ TOR,W,48.0,48,95,0.505,13,29,0.448,10,14,0.714,17,36,53,37,16.0,4,4,7,20,20,119,13.0,1,1,1,1,6,19,25,26,29,81,13,92,89,73,11,36,11,2,68,92,65,69,47,42,38,25,1.0
2022-23,1610612752,NYK,New York Knicks,0022200527,2022-12-29T00:00:00,NYK @ SAS,L,48.0,38,90,0.422,15,41,0.366,24,31,0.774,13,25,38,20,13.0,7,2,7,21,23,115,-7.0,1,60,60,60,11,64,38,80,23,14,41,18,18,42,40,97,89,67,46,38,81,83,54,24,45,75,1.0
2022-23,1610612760,OKC,Oklahoma City Thunder,0022200523,2022-12-29T00:00:00,OKC @ CHA,L,48.0,42,99,0.424,11,36,0.306,18,21,0.857,11,30,41,15,12.0,9,1,11,27,17,113,-8.0,1,52,52,52,7,44,9,75,49,38,72,46,58,28,44,57,61,96,37,29,90,95,90,78,57,76,1.0
2022-23,1610612759,SAS,San Antonio Spurs,0022200527,2022-12-29T00:00:00,SAS vs. NYK,W,48.0,45,88,0.511,11,28,0.393,21,29,0.724,14,34,48,25,13.0,5,7,2,23,21,122,7.0,1,1,1,1,7,29,54,23,38,66,24,16,11,51,21,31,20,52,19,68,7,6,71,26,21,16,1.0
2022-23,1610612761,TOR,Toronto Raptors,0022200526,2022-12-29T00:00:00,TOR vs. MEM,L,48.0,39,96,0.406,10,28,0.357,18,24,0.75,17,30,47,21,8.0,11,7,4,20,20,106,-13.0,1,49,49,49,8,59,19,80,44,67,33,41,45,55,13,41,23,57,11,24,16,33,43,39,62,82,1.0
2022-23,1610612737,ATL,Atlanta Hawks,0022200530,2022-12-30T00:00:00,ATL vs. LAL,L,48.0,48,101,0.475,11,38,0.289,14,20,0.7,12,29,41,22,10.0,6,5,6,19,17,121,-9.0,1,49,49,49,7,21,10,46,44,9,75,77,57,88,35,75,66,72,19,50,34,58,49,72,35,76,1.0
2022-23,1610612741,CHI,Chicago Bulls,0022200532,2022-12-30T00:00:00,CHI vs. DET,W,48.0,53,92,0.576,12,27,0.444,14,15,0.933,12,26,38,21,14.0,10,4,1,20,16,132,14.0,1,1,1,1,8,2,18,7,25,52,21,73,82,4,14,84,64,63,43,14,41,3,55,71,4,21,1.0
2022-23,1610612743,DEN,Denver Nuggets,0022200535,2022-12-30T00:00:00,DEN vs. MIA,W,48.0,45,76,0.592,17,28,0.607,17,22,0.773,5,31,36,34,20.0,6,1,4,19,19,124,5.0,1,1,1,1,5,30,102,6,3,73,1,45,49,56,101,68,94,8,103,69,103,44,53,57,21,52,1.0
2022-23,1610612765,DET,Detroit Pistons,0022200532,2022-12-30T00:00:00,DET @ CHI,L,48.0,41,86,0.477,17,39,0.436,19,24,0.792,13,22,35,28,16.0,8,1,4,16,20,118,-14.0,1,21,21,21,5,30,47,31,6,13,16,41,47,41,21,87,74,9,48,28,80,20,5,49,16,62,1.0
2022-23,1610612744,GSW,Golden State Warriors,0022200536,2022-12-30T00:00:00,GSW vs. POR,W,48.0,42,91,0.462,17,43,0.395,17,21,0.81,17,29,46,29,13.0,9,2,4,22,20,118,6.0,1,1,1,1,6,50,39,62,42,48,43,38,45,43,8,83,42,50,16,22,85,49,49,41,55,41,1.0
2022-23,1610612747,LAL,Los Angeles Lakers,0022200530,2022-12-30T00:00:00,LAL @ ATL,W,48.0,52,96,0.542,10,32,0.313,16,18,0.889,12,43,55,34,16.0,7,6,5,17,19,130,9.0,1,1,1,1,10,1,8,13,54,48,71,81,94,10,22,10,10,2,73,40,32,54,33,77,7,29,1.0
2022-23,1610612748,MIA,Miami Heat,0022200535,2022-12-30T00:00:00,MIA @ DEN,L,48.0,39,87,0.448,14,35,0.4,27,30,0.9,11,25,36,21,15.0,13,4,1,19,19,119,-5.0,1,66,66,66,7,49,45,61,27,46,25,11,16,24,37,98,90,76,78,8,25,5,57,71,20,80,1.0
2022-23,1610612749,MIL,Milwaukee Bucks,0022200533,2022-12-30T00:00:00,MIL vs. MIN,W,48.0,43,93,0.462,14,39,0.359,23,33,0.697,20,48,68,25,21.0,5,8,5,25,28,123,9.0,1,1,1,1,7,38,28,51,44,50,50,11,8,69,3,3,2,49,87,56,8,65,91,4,28,34,1.0
2022-23,1610612750,MIN,Minnesota Timberwolves,0022200533,2022-12-30T00:00:00,MIN @ MIL,L,48.0,40,92,0.435,8,30,0.267,26,34,0.765,7,29,36,18,8.0,10,5,8,28,25,114,-9.0,1,51,51,51,8,62,21,78,83,63,88,4,5,48,67,70,76,92,4,24,44,93,95,10,43,74,1.0
2022-23,1610612740,NOP,New Orleans Pelicans,0022200534,2022-12-30T00:00:00,NOP vs. PHI,W,48.0,43,80,0.538,15,31,0.484,26,36,0.722,7,29,36,19,14.0,14,3,7,20,22,127,11.0,1,1,1,1,8,30,77,10,8,33,6,12,5,71,79,68,81,85,35,3,63,71,36,33,14,24,1.0
2022-23,1610612753,ORL,Orlando Magic,0022200529,2022-12-30T00:00:00,ORL vs. WAS,L,48.0,42,100,0.42,5,27,0.185,11,16,0.688,8,27,35,24,11.0,8,2,10,18,18,100,-19.0,1,41,41,41,5,26,2,74,90,72,89,88,86,78,63,78,83,30,9,35,73,89,21,64,75,83,1.0
2022-23,1610612755,PHI,Philadelphia 76ers,0022200534,2022-12-30T00:00:00,PHI @ NOP,L,48.0,42,75,0.56,14,34,0.412,18,22,0.818,3,26,29,28,19.0,5,7,3,22,20,116,-11.0,1,70,70,70,8,31,93,8,31,43,43,61,58,60,103,91,104,19,87,84,15,17,61,43,41,93,1.0
2022-23,1610612756,PHX,Phoenix Suns,0022200531,2022-12-30T00:00:00,PHX @ TOR,L,48.0,35,71,0.493,14,30,0.467,20,23,0.87,9,33,42,26,27.0,7,1,3,17,22,104,-9.0,1,56,56,56,5,88,100,31,21,62,15,34,47,25,68,43,58,48,102,43,97,24,14,30,77,75,1.0
2022-23,1610612757,POR,Portland Trail Blazers,0022200536,2022-12-30T00:00:00,POR @ GSW,L,48.0,42,91,0.462,12,39,0.308,16,23,0.696,17,32,49,22,16.0,2,4,2,20,22,112,-6.0,1,39,39,39,3,28,14,53,47,20,67,61,53,79,1,38,5,51,49,91,45,7,39,29,39,51,1.0
2022-23,1610612758,SAC,Sacramento Kings,0022200537,2022-12-30T00:00:00,SAC vs. UTA,W,48.0,50,90,0.556,12,30,0.4,14,19,0.737,10,28,38,32,15.0,5,3,2,21,20,126,1.0,1,1,1,1,6,7,35,9,55,86,30,81,73,71,44,81,76,13,56,71,54,10,48,58,28,56,1.0
2022-23,1610612761,TOR,Toronto Raptors,0022200531,2022-12-30T00:00:00,TOR vs. PHX,W,48.0,40,81,0.494,11,33,0.333,22,26,0.846,8,23,31,20,12.0,15,3,1,22,17,113,9.0,1,1,1,1,8,53,88,24,33,34,45,21,36,19,79,88,89,67,41,3,69,1,60,63,41,28,1.0
2022-23,1610612762,UTA,Utah Jazz,0022200537,2022-12-30T00:00:00,UTA @ SAC,L,48.0,46,84,0.548,8,32,0.25,25,30,0.833,7,30,37,30,13.0,7,2,3,20,21,125,-1.0,1,42,42,42,6,14,68,6,86,69,84,10,14,25,82,71,86,14,24,34,79,13,39,39,16,42,1.0
2022-23,1610612764,WAS,Washington Wizards,0022200529,2022-12-30T00:00:00,WAS @ ORL,W,48.0,42,75,0.56,15,35,0.429,20,25,0.8,4,49,53,33,26.0,4,10,2,18,18,119,19.0,1,1,1,1,4,35,85,11,14,23,20,24,27,40,86,1,5,4,91,80,4,7,29,56,21,9,1.0
2022-23,1610612751,BKN,Brooklyn Nets,0022200539,2022-12-31T00:00:00,BKN @ CHA,W,48.0,48,80,0.6,13,34,0.382,14,19,0.737,2,40,42,26,14.0,7,6,2,16,17,123,17.0,1,1,1,1,3,9,66,6,36,40,40,65,63,67,94,7,31,31,46,42,37,10,11,63,16,9,1.0
2022-23,1610612766,CHA,Charlotte Hornets,0022200539,2022-12-31T00:00:00,CHA vs. BKN,L,48.0,38,96,0.396,11,41,0.268,19,21,0.905,14,31,45,28,12.0,7,2,6,17,16,106,-17.0,1,30,30,30,6,61,16,76,35,7,67,35,61,5,19,58,39,14,22,50,80,49,14,82,55,73,1.0
2022-23,1610612741,CHI,Chicago Bulls,0022200540,2022-12-31T00:00:00,CHI vs. CLE,L,48.0,39,81,0.481,7,21,0.333,17,24,0.708,9,31,40,14,15.0,15,6,5,15,18,102,-1.0,1,49,49,49,8,67,72,57,67,86,51,47,31,80,33,59,55,92,54,1,19,46,11,48,73,49,1.0
2022-23,1610612739,CLE,Cleveland Cavaliers,0022200540,2022-12-31T00:00:00,CLE @ CHI,W,48.0,39,85,0.459,13,38,0.342,12,19,0.632,15,35,50,20,21.0,9,5,6,18,15,103,1.0,1,1,1,1,8,63,45,68,29,9,53,81,62,89,6,23,4,73,94,14,34,65,36,85,70,54,1.0
2022-23,1610612742,DAL,Dallas Mavericks,0022200542,2022-12-31T00:00:00,DAL @ SAS,W,48.0,50,86,0.581,14,34,0.412,12,21,0.571,6,20,26,21,5.0,5,3,0,24,21,126,1.0,1,1,1,1,10,1,29,3,45,74,23,75,62,84,59,90,89,53,3,54,44,1,65,48,14,37,1.0
2022-23,1610612765,DET,Detroit Pistons,0022200544,2022-12-31T00:00:00,DET @ MIN,W,48.0,43,89,0.483,10,27,0.37,20,28,0.714,15,37,52,21,14.0,6,6,5,22,22,116,12.0,1,1,1,1,5,16,31,25,54,77,35,36,30,72,13,12,7,62,31,54,13,34,38,31,23,7,1.0
2022-23,1610612745,HOU,Houston Rockets,0022200541,2022-12-31T00:00:00,HOU vs. NYK,L,48.0,29,77,0.377,14,46,0.304,16,23,0.696,12,40,52,20,25.0,4,6,5,24,20,88,-20.0,1,28,28,28,3,88,87,88,16,2,56,60,54,67,55,7,12,59,88,74,19,24,71,45,88,77,1.0
2022-23,1610612754,IND,Indiana Pacers,0022200538,2022-12-31T00:00:00,IND vs. LAC,W,48.0,46,88,0.523,14,38,0.368,25,29,0.862,8,28,36,28,12.0,10,4,6,20,23,131,1.0,1,1,1,1,4,14,48,13,33,40,42,12,15,17,58,64,73,27,18,15,64,49,34,21,10,37,1.0
2022-23,1610612763,MEM,Memphis Grizzlies,0022200543,2022-12-31T00:00:00,MEM vs. NOP,W,48.0,47,92,0.511,5,29,0.172,17,22,0.773,13,39,52,26,19.0,14,11,4,27,21,116,15.0,1,1,1,1,6,24,41,21,97,81,99,45,52,39,37,15,15,40,88,3,2,26,97,36,44,18,1.0
2022-23,1610612748,MIA,Miami Heat,0022200546,2022-12-31T00:00:00,MIA @ UTA,W,48.0,45,89,0.506,13,39,0.333,23,30,0.767,10,27,37,32,12.0,10,1,3,32,23,126,3.0,1,1,1,1,7,13,34,24,36,21,58,21,16,88,49,85,82,6,44,23,107,29,120,25,10,48,1.0
2022-23,1610612750,MIN,Minnesota Timberwolves,0022200544,2022-12-31T00:00:00,MIN vs. DET,L,48.0,36,83,0.434,10,34,0.294,22,26,0.846,9,30,39,17,15.0,6,5,6,22,22,104,-12.0,1,51,51,51,8,87,60,80,59,41,80,18,32,15,40,63,61,95,41,69,44,72,50,28,80,83,1.0
2022-23,1610612740,NOP,New Orleans Pelicans,0022200543,2022-12-31T00:00:00,NOP @ MEM,L,48.0,32,91,0.352,8,30,0.267,29,36,0.806,15,31,46,16,20.0,6,4,11,21,27,101,-15.0,1,50,50,50,8,92,23,92,67,38,81,5,5,42,9,53,34,91,85,66,43,92,45,6,82,82,1.0
2022-23,1610612752,NYK,New York Knicks,0022200541,2022-12-31T00:00:00,NYK @ HOU,W,48.0,35,90,0.389,15,51,0.294,23,32,0.719,16,30,46,20,10.0,10,5,6,20,24,108,20.0,1,1,1,1,11,89,38,93,23,1,70,25,10,64,19,81,52,67,14,14,25,75,46,16,61,12,1.0
2022-23,1610612760,OKC,Oklahoma City Thunder,0022200545,2022-12-31T00:00:00,OKC vs. PHI,L,48.0,35,92,0.38,12,36,0.333,14,22,0.636,15,35,50,16,16.0,7,6,9,21,24,96,-19.0,1,52,52,52,7,86,45,91,39,38,54,75,52,93,11,28,15,94,69,62,14,86,48,16,88,92,1.0
2022-23,1610612755,PHI,Philadelphia 76ers,0022200545,2022-12-31T00:00:00,PHI @ OKC,W,48.0,46,99,0.465,11,34,0.324,12,17,0.706,14,42,56,29,13.0,7,9,6,24,21,115,19.0,1,1,1,1,8,11,4,59,61,43,73,97,88,97,9,6,2,15,46,61,6,65,76,34,45,14,1.0
2022-23,1610612759,SAS,San Antonio Spurs,0022200542,2022-12-31T00:00:00,SAS vs. DAL,L,48.0,47,85,0.553,8,19,0.421,23,32,0.719,15,33,48,28,13.0,1,0,3,21,24,125,-1.0,1,25,25,25,7,19,70,7,70,91,13,12,8,55,17,33,20,32,19,91,88,14,54,13,17,25,1.0
2022-23,1610612762,UTA,Utah Jazz,0022200546,2022-12-31T00:00:00,UTA vs. MIA,L,48.0,35,81,0.432,17,40,0.425,36,44,0.818,16,33,49,23,16.0,6,3,1,23,32,123,-3.0,1,42,42,42,6,83,82,72,11,28,16,1,1,33,15,49,24,62,42,44,68,1,64,2,22,48,1.0
2022-23,1610612738,BOS,Boston Celtics,0022200549,2023-01-01T00:00:00,BOS @ DEN,L,48.0,40,87,0.46,9,33,0.273,22,27,0.815,10,31,41,30,13.0,8,3,4,15,17,111,-12.0,1,74,74,74,15,67,54,68,105,99,99,20,21,58,42,77,75,17,47,23,87,51,19,72,74,99,1.0
2022-23,1610612743,DEN,Denver Nuggets,0022200549,2023-01-01T00:00:00,DEN vs. BOS,W,48.0,45,79,0.57,17,30,0.567,16,18,0.889,1,34,35,31,17.0,5,4,3,17,15,123,12.0,1,1,1,1,5,30,96,13,3,64,3,62,82,7,112,42,101,27,81,86,55,22,31,98,23,30,1.0
2022-23,1610612763,MEM,Memphis Grizzlies,0022200547,2023-01-01T00:00:00,MEM vs. SAC,W,48.0,46,100,0.46,10,32,0.313,16,24,0.667,21,36,57,25,12.0,11,8,4,18,18,118,10.0,1,1,1,1,6,28,12,54,58,59,64,55,43,84,2,36,6,50,31,20,13,26,28,59,41,33,1.0
2022-23,1610612749,MIL,Milwaukee Bucks,0022200548,2023-01-01T00:00:00,MIL vs. WAS,L,48.0,34,96,0.354,13,49,0.265,14,15,0.933,14,30,44,22,16.0,11,3,6,15,10,95,-23.0,1,63,63,63,7,86,21,96,54,9,87,67,80,3,18,84,66,67,52,3,64,80,18,95,90,91,1.0
2022-23,1610612758,SAC,Sacramento Kings,0022200547,2023-01-01T00:00:00,SAC @ MEM,L,48.0,39,96,0.406,15,43,0.349,15,15,1.0,14,33,47,24,16.0,7,4,8,18,18,108,-10.0,1,62,62,62,6,69,15,94,31,17,58,71,90,1,7,43,24,60,67,52,30,95,25,75,75,87,1.0
2022-23,1610612764,WAS,Washington Wizards,0022200548,2023-01-01T00:00:00,WAS @ MIL,W,48.0,50,94,0.532,7,27,0.259,11,16,0.688,12,42,54,29,18.0,9,6,3,10,15,118,23.0,1,1,1,1,4,5,17,18,73,67,71,80,79,77,19,4,3,16,75,16,24,15,1,80,26,4,1.0
2022-23,1610612737,ATL,Atlanta Hawks,0022200558,2023-01-02T00:00:00,ATL @ GSW,L,58.0,53,109,0.486,11,35,0.314,24,29,0.828,10,43,53,30,13.0,9,10,6,17,23,141,-2.0,1,49,49,49,1,3,1,38,44,21,66,11,12,39,55,1,8,6,54,22,2,58,26,14,2,51,1.0
2022-23,1610612751,BKN,Brooklyn Nets,0022200555,2023-01-02T00:00:00,BKN vs. SAS,W,48.0,58,93,0.624,11,20,0.55,12,15,0.8,7,38,45,31,13.0,13,7,4,16,13,139,36.0,1,1,1,1,3,1,6,3,60,93,3,78,81,43,47,10,18,12,35,3,24,46,11,86,2,2,1.0
2022-23,1610612766,CHA,Charlotte Hornets,0022200551,2023-01-02T00:00:00,CHA vs. LAL,L,48.0,42,93,0.452,11,32,0.344,20,29,0.69,8,39,47,24,14.0,8,7,5,22,21,115,-6.0,1,30,30,30,6,33,29,49,35,44,38,25,17,65,69,13,31,50,35,32,15,38,61,35,26,41,1.0
2022-23,1610612741,CHI,Chicago Bulls,0022200552,2023-01-02T00:00:00,CHI @ CLE,L,53.0,47,95,0.495,10,33,0.303,30,34,0.882,6,36,42,22,7.0,8,2,3,33,27,134,-11.0,1,49,49,49,3,16,6,42,44,17,66,1,2,14,61,29,43,59,5,37,76,14,92,4,3,73,1.0
2022-23,1610612739,CLE,Cleveland Cavaliers,0022200552,2023-01-02T00:00:00,CLE vs. CHI,W,53.0,48,92,0.522,16,46,0.348,33,45,0.733,13,34,47,27,10.0,1,3,2,27,33,145,11.0,1,1,1,1,2,4,9,22,8,2,52,1,1,68,10,25,15,28,15,96,68,8,94,1,1,27,1.0
2022-23,1610612742,DAL,Dallas Mavericks,0022200556,2023-01-02T00:00:00,DAL @ HOU,W,48.0,34,81,0.42,13,43,0.302,30,34,0.882,8,33,41,19,8.0,8,6,4,19,28,111,5.0,1,1,1,1,10,75,56,77,55,29,75,4,9,8,29,27,26,69,8,18,12,38,25,8,47,22,1.0
2022-23,1610612743,DEN,Denver Nuggets,0022200557,2023-01-02T00:00:00,DEN @ MIN,L,48.0,42,91,0.462,11,29,0.379,16,20,0.8,18,27,45,27,15.0,8,1,4,21,22,111,-13.0,1,75,75,75,5,58,18,82,59,70,48,62,67,44,1,96,42,65,63,38,103,44,76,30,70,98,1.0
2022-23,1610612765,DET,Detroit Pistons,0022200559,2023-01-02T00:00:00,DET @ POR,L,48.0,34,82,0.415,6,18,0.333,32,41,0.78,9,36,45,16,21.0,8,4,6,27,27,106,-29.0,1,21,21,21,5,76,65,68,85,91,49,3,3,47,55,14,27,84,80,28,32,50,78,7,53,89,1.0
2022-23,1610612744,GSW,Golden State Warriors,0022200558,2023-01-02T00:00:00,GSW vs. ATL,W,58.0,54,121,0.446,19,59,0.322,16,24,0.667,23,46,69,34,19.0,9,6,10,23,17,143,2.0,1,1,1,1,1,4,1,70,22,1,79,46,29,90,1,5,1,15,84,22,9,106,64,67,3,50,1.0
2022-23,1610612745,HOU,Houston Rockets,0022200556,2023-01-02T00:00:00,HOU vs. DAL,L,48.0,38,82,0.463,9,29,0.31,21,29,0.724,8,38,46,21,10.0,4,4,6,28,19,106,-5.0,1,28,28,28,3,56,75,37,54,61,52,24,24,56,83,14,48,52,4,74,41,40,87,56,58,32,1.0
2022-23,1610612754,IND,Indiana Pacers,0022200553,2023-01-02T00:00:00,IND vs. TOR,W,48.0,45,93,0.484,10,27,0.37,22,26,0.846,15,35,50,24,13.0,4,2,11,19,27,122,8.0,1,1,1,1,4,18,27,34,69,83,41,21,31,19,10,24,8,61,23,81,86,91,25,5,26,19,1.0
2022-23,1610612747,LAL,Los Angeles Lakers,0022200551,2023-01-02T00:00:00,LAL @ CHA,W,48.0,45,93,0.484,10,30,0.333,21,30,0.7,9,44,53,26,15.0,6,5,7,21,22,121,6.0,1,1,1,1,10,25,21,47,54,60,56,48,31,93,64,7,16,40,60,53,42,87,85,44,35,38,1.0
2022-23,1610612748,MIA,Miami Heat,0022200560,2023-01-02T00:00:00,MIA @ LAC,W,48.0,39,85,0.459,12,36,0.333,20,24,0.833,12,36,48,22,11.0,7,2,1,23,18,110,10.0,1,1,1,1,7,49,54,51,54,39,58,42,46,54,26,20,10,68,26,59,81,5,97,77,52,20,1.0
2022-23,1610612750,MIN,Minnesota Timberwolves,0022200557,2023-01-02T00:00:00,MIN vs. DEN,W,48.0,45,87,0.517,13,36,0.361,21,27,0.778,11,30,41,29,12.0,7,4,1,22,21,124,13.0,1,1,1,1,8,26,42,26,28,28,46,30,29,43,21,63,52,21,18,54,60,5,50,34,20,10,1.0
2022-23,1610612740,NOP,New Orleans Pelicans,0022200554,2023-01-02T00:00:00,NOP @ PHI,L,48.0,42,84,0.5,11,29,0.379,16,20,0.8,10,39,49,26,17.0,3,6,6,22,22,111,-9.0,1,50,50,50,8,36,63,27,42,47,39,67,68,43,50,15,22,40,67,89,14,63,59,33,53,67,1.0
2022-23,1610612752,NYK,New York Knicks,0022200550,2023-01-02T00:00:00,NYK vs. PHX,W,48.0,36,74,0.486,13,33,0.394,17,25,0.68,5,40,45,26,8.0,1,2,0,13,17,102,19.0,1,1,1,1,11,87,98,39,35,61,30,62,50,79,101,8,59,21,4,100,81,1,4,82,79,14,1.0
2022-23,1610612755,PHI,Philadelphia 76ers,0022200554,2023-01-02T00:00:00,PHI vs. NOP,W,48.0,41,86,0.477,15,35,0.429,23,28,0.821,7,28,35,26,10.0,9,6,6,22,22,120,9.0,1,1,1,1,8,36,33,53,23,36,32,32,26,59,72,79,91,33,16,36,28,65,61,24,24,33,1.0
2022-23,1610612756,PHX,Phoenix Suns,0022200550,2023-01-02T00:00:00,PHX @ NYK,L,48.0,34,87,0.391,10,37,0.27,5,7,0.714,5,31,36,22,8.0,4,0,2,17,13,83,-19.0,1,56,56,56,5,93,62,97,60,19,89,99,99,80,99,59,87,82,4,84,101,10,14,95,100,93,1.0
2022-23,1610612757,POR,Portland Trail Blazers,0022200559,2023-01-02T00:00:00,POR vs. DET,W,48.0,48,84,0.571,14,31,0.452,25,35,0.714,6,38,44,29,18.0,16,6,4,27,27,135,29.0,1,1,1,1,3,6,50,6,26,66,14,18,8,73,74,8,29,11,65,1,22,35,84,12,5,2,1.0
2022-23,1610612759,SAS,San Antonio Spurs,0022200555,2023-01-02T00:00:00,SAS @ BKN,L,48.0,42,97,0.433,8,31,0.258,11,18,0.611,15,28,43,26,18.0,5,4,7,13,16,103,-36.0,1,25,25,25,7,47,23,63,70,51,81,74,57,81,17,70,47,44,63,68,34,65,3,63,65,85,1.0
2022-23,1610612761,TOR,Toronto Raptors,0022200553,2023-01-02T00:00:00,TOR @ IND,L,48.0,41,91,0.451,14,42,0.333,18,23,0.783,12,24,36,26,11.0,5,11,2,27,19,114,-8.0,1,49,49,49,8,45,39,45,9,7,45,41,48,44,47,85,82,24,34,85,2,6,88,50,37,70,1.0
2022-23,1610612738,BOS,Boston Celtics,0022200562,2023-01-03T00:00:00,BOS @ OKC,L,48.0,40,88,0.455,12,40,0.3,25,31,0.806,11,27,38,29,17.0,4,7,3,15,23,117,-33.0,1,74,74,74,15,67,46,71,80,64,90,12,9,61,29,104,87,23,89,81,23,27,19,16,51,111,1.0
2022-23,1610612749,MIL,Milwaukee Bucks,0022200561,2023-01-03T00:00:00,MIL vs. WAS,W,48.0,48,100,0.48,11,40,0.275,16,17,0.941,15,34,49,27,12.0,8,6,4,14,16,123,10.0,1,1,1,1,7,14,8,37,78,42,85,49,75,1,13,64,41,34,17,19,22,48,11,79,28,32,1.0
2022-23,1610612760,OKC,Oklahoma City Thunder,0022200562,2023-01-03T00:00:00,OKC vs. BOS,W,48.0,58,98,0.592,20,40,0.5,14,22,0.636,9,35,44,31,13.0,14,3,7,23,15,150,33.0,1,1,1,1,7,1,12,2,3,13,5,75,52,93,68,28,41,6,46,2,61,67,66,90,2,3,1.0
2022-23,1610612758,SAC,Sacramento Kings,0022200563,2023-01-03T00:00:00,SAC @ UTA,W,48.0,46,86,0.535,9,32,0.281,16,18,0.889,7,33,40,23,18.0,7,4,3,26,19,117,2.0,1,1,1,1,6,28,57,19,86,74,84,65,82,13,79,43,63,70,78,52,30,20,92,68,55,54,1.0
2022-23,1610612762,UTA,Utah Jazz,0022200563,2023-01-03T00:00:00,UTA vs. SAC,L,48.0,38,88,0.432,13,44,0.295,26,29,0.897,12,32,44,21,16.0,9,3,4,19,26,115,-2.0,1,42,42,42,6,70,47,73,39,14,67,7,19,11,39,55,58,73,42,13,68,28,33,10,51,46,1.0
2022-23,1610612764,WAS,Washington Wizards,0022200561,2023-01-03T00:00:00,WAS @ MIL,L,48.0,42,97,0.433,8,27,0.296,21,23,0.913,14,32,46,27,10.0,9,4,6,16,14,113,-10.0,1,40,40,40,4,35,8,70,65,67,64,23,34,8,9,58,29,24,12,16,54,58,17,88,42,69,1.0
2022-23,1610612737,ATL,Atlanta Hawks,0022200575,2023-01-04T00:00:00,ATL @ SAC,W,48.0,45,84,0.536,10,30,0.333,20,22,0.909,7,37,44,21,16.0,9,4,3,21,19,120,3.0,1,1,1,1,7,32,83,20,56,45,57,29,42,13,76,14,49,78,72,22,51,14,63,46,39,37,1.0
2022-23,1610612751,BKN,Brooklyn Nets,0022200570,2023-01-04T00:00:00,BKN @ CHI,L,48.0,42,91,0.462,12,37,0.324,16,21,0.762,5,29,34,24,11.0,9,7,7,22,16,112,-9.0,1,51,51,51,3,36,12,57,45,26,68,54,53,64,65,71,80,51,20,26,24,86,59,70,43,70,1.0
2022-23,1610612766,CHA,Charlotte Hornets,0022200564,2023-01-04T00:00:00,CHA vs. MEM,L,48.0,38,94,0.404,11,38,0.289,20,24,0.833,10,34,44,25,12.0,11,8,8,23,16,107,-24.0,1,30,30,30,6,61,24,71,35,15,60,25,42,20,56,41,46,37,22,10,10,67,67,82,52,85,1.0
2022-23,1610612741,CHI,Chicago Bulls,0022200570,2023-01-04T00:00:00,CHI vs. BKN,W,48.0,43,81,0.531,8,20,0.4,27,29,0.931,6,40,46,21,17.0,7,7,7,16,22,121,9.0,1,1,1,1,8,39,72,22,63,91,30,4,10,5,61,12,25,63,70,49,11,72,17,20,23,31,1.0
2022-23,1610612739,CLE,Cleveland Cavaliers,0022200565,2023-01-04T00:00:00,CLE vs. PHX,W,48.0,30,77,0.39,11,36,0.306,19,23,0.826,7,39,46,15,15.0,9,4,3,17,19,90,2.0,1,1,1,1,8,93,80,92,46,17,67,31,36,31,73,7,19,93,64,14,50,17,23,51,90,52,1.0
2022-23,1610612765,DET,Detroit Pistons,0022200573,2023-01-04T00:00:00,DET @ GSW,W,48.0,45,92,0.489,16,36,0.444,16,23,0.696,11,30,41,29,10.0,9,1,4,11,20,122,3.0,1,1,1,1,5,8,17,22,10,22,12,58,53,79,36,49,48,5,5,14,80,20,1,49,11,18,1.0
2022-23,1610612744,GSW,Golden State Warriors,0022200573,2023-01-04T00:00:00,GSW vs. DET,L,48.0,45,87,0.517,15,40,0.375,14,15,0.933,9,31,40,31,14.0,3,4,1,20,11,119,-3.0,1,55,55,55,6,29,68,21,54,63,49,67,87,7,62,69,78,32,27,97,47,2,28,106,47,58,1.0
2022-23,1610612745,HOU,Houston Rockets,0022200572,2023-01-04T00:00:00,HOU @ NOP,L,48.0,39,88,0.443,12,38,0.316,18,27,0.667,12,31,43,25,13.0,10,4,6,22,19,108,-11.0,1,28,28,28,3,51,44,52,23,15,46,42,33,74,55,57,64,20,13,16,41,40,53,56,53,56,1.0
2022-23,1610612754,IND,Indiana Pacers,0022200567,2023-01-04T00:00:00,IND @ PHI,L,53.0,45,95,0.474,13,36,0.361,23,26,0.885,13,32,45,31,13.0,7,8,7,18,19,126,-3.0,1,40,40,40,1,18,19,45,38,48,46,19,31,16,19,45,24,14,23,47,13,63,11,55,18,42,1.0
2022-23,1610612747,LAL,Los Angeles Lakers,0022200574,2023-01-04T00:00:00,LAL vs. MIA,W,48.0,40,81,0.494,8,27,0.296,24,30,0.8,9,33,42,20,17.0,10,4,4,18,20,112,3.0,1,1,1,1,10,63,93,39,82,78,79,26,31,42,64,69,74,92,87,11,62,39,49,67,64,49,1.0
2022-23,1610612763,MEM,Memphis Grizzlies,0022200564,2023-01-04T00:00:00,MEM @ CHA,W,48.0,47,94,0.5,9,30,0.3,28,37,0.757,11,48,59,28,14.0,10,8,8,16,23,131,24.0,1,1,1,1,6,24,30,27,68,76,70,5,7,49,54,1,4,23,48,29,13,81,9,25,10,8,1.0
2022-23,1610612748,MIA,Miami Heat,0022200574,2023-01-04T00:00:00,MIA @ LAL,L,48.0,43,95,0.453,8,29,0.276,15,21,0.714,14,29,43,24,13.0,9,4,4,20,18,109,-3.0,1,66,66,66,7,25,10,59,98,93,96,84,69,103,11,71,43,48,53,32,25,51,68,77,58,72,1.0
2022-23,1610612749,MIL,Milwaukee Bucks,0022200569,2023-01-04T00:00:00,MIL @ TOR,W,53.0,35,88,0.398,13,39,0.333,21,30,0.7,13,60,73,26,28.0,4,4,4,24,23,104,3.0,1,1,1,1,2,83,50,89,54,50,66,20,13,68,26,1,1,42,97,76,50,48,89,18,76,57,1.0
2022-23,1610612750,MIN,Minnesota Timberwolves,0022200571,2023-01-04T00:00:00,MIN vs. POR,W,48.0,39,76,0.513,9,24,0.375,26,36,0.722,8,25,33,25,15.0,8,6,7,30,30,113,7.0,1,1,1,1,8,70,94,27,74,89,36,4,2,72,52,90,90,45,41,45,29,85,97,1,48,26,1.0
2022-23,1610612740,NOP,New Orleans Pelicans,0022200572,2023-01-04T00:00:00,NOP vs. HOU,W,48.0,41,89,0.461,14,38,0.368,23,26,0.885,15,36,51,25,15.0,6,6,4,19,22,119,11.0,1,1,1,1,8,51,34,61,13,9,45,23,34,14,9,30,12,46,42,66,14,31,28,33,28,24,1.0
2022-23,1610612752,NYK,New York Knicks,0022200568,2023-01-04T00:00:00,NYK vs. SAS,W,48.0,45,94,0.479,10,31,0.323,17,26,0.654,14,33,47,16,14.0,7,6,3,21,24,117,3.0,1,1,1,1,11,19,24,42,66,71,57,62,41,84,28,50,45,90,56,38,18,22,54,16,38,50,1.0
2022-23,1610612760,OKC,Oklahoma City Thunder,0022200566,2023-01-04T00:00:00,OKC @ ORL,L,48.0,36,89,0.404,15,37,0.405,28,31,0.903,9,24,33,23,9.0,9,3,5,23,22,115,-11.0,1,52,52,52,7,80,58,80,18,29,25,8,17,10,68,96,96,52,8,29,61,41,66,30,48,85,1.0
2022-23,1610612753,ORL,Orlando Magic,0022200566,2023-01-04T00:00:00,ORL vs. OKC,W,48.0,42,81,0.519,13,33,0.394,29,36,0.806,13,36,49,26,17.0,6,5,3,22,23,126,11.0,1,1,1,1,5,26,65,14,19,35,24,5,6,34,15,25,14,18,56,63,33,13,56,20,7,12,1.0
2022-23,1610612755,PHI,Philadelphia 76ers,0022200567,2023-01-04T00:00:00,PHI vs. IND,W,53.0,48,98,0.49,14,36,0.389,19,22,0.864,14,32,46,24,11.0,4,7,8,19,18,129,3.0,1,1,1,1,3,7,6,43,31,24,49,53,58,35,9,50,18,49,24,92,15,93,32,61,12,57,1.0
2022-23,1610612756,PHX,Phoenix Suns,0022200565,2023-01-04T00:00:00,PHX @ CLE,L,48.0,32,81,0.395,10,28,0.357,14,18,0.778,8,41,49,24,15.0,8,3,4,19,17,88,-2.0,1,56,56,56,5,98,89,96,60,72,53,72,74,56,77,4,20,66,65,29,78,45,27,77,96,60,1.0
2022-23,1610612757,POR,Portland Trail Blazers,0022200571,2023-01-04T00:00:00,POR @ MIN,L,48.0,33,75,0.44,9,29,0.31,31,42,0.738,12,27,39,18,18.0,8,7,6,30,30,106,-7.0,1,39,39,39,3,80,83,65,69,72,65,4,3,67,13,68,54,76,65,29,10,69,91,5,61,55,1.0
2022-23,1610612758,SAC,Sacramento Kings,0022200575,2023-01-04T00:00:00,SAC vs. ATL,L,48.0,41,88,0.466,10,25,0.4,25,27,0.926,10,32,42,26,11.0,9,3,4,19,21,117,-3.0,1,62,62,62,6,57,47,66,76,97,30,15,38,7,44,52,51,48,25,30,54,44,31,46,55,67,1.0
2022-23,1610612759,SAS,San Antonio Spurs,0022200568,2023-01-04T00:00:00,SAS @ NYK,L,48.0,41,82,0.5,11,28,0.393,21,26,0.808,9,29,38,25,17.0,5,3,6,24,21,114,-3.0,1,25,25,25,7,53,80,28,38,66,24,16,21,21,65,61,72,52,53,68,53,50,76,26,36,29,1.0
2022-23,1610612761,TOR,Toronto Raptors,0022200569,2023-01-04T00:00:00,TOR vs. MIL,L,53.0,38,116,0.328,9,46,0.196,16,20,0.8,14,33,47,22,9.0,10,4,4,23,24,101,-3.0,1,49,49,49,1,63,1,93,55,1,91,59,59,33,31,23,23,50,19,36,51,33,68,17,75,54,1.0
2022-23,1610612738,BOS,Boston Celtics,0022200577,2023-01-05T00:00:00,BOS @ DAL,W,48.0,41,84,0.488,16,43,0.372,26,31,0.839,10,42,52,29,11.0,6,8,3,22,19,124,29.0,1,1,1,1,15,56,73,41,45,49,57,7,9,44,42,12,16,23,23,47,13,27,77,50,33,7,1.0
2022-23,1610612742,DAL,Dallas Mavericks,0022200577,2023-01-05T00:00:00,DAL vs. BOS,L,48.0,34,90,0.378,7,32,0.219,20,25,0.8,11,31,42,15,11.0,4,3,8,19,22,95,-29.0,1,41,41,41,10,75,14,87,89,81,88,37,44,31,12,38,24,84,25,68,44,85,25,39,82,89,1.0
2022-23,1610612743,DEN,Denver Nuggets,0022200579,2023-01-05T00:00:00,DEN vs. LAC,W,48.0,45,89,0.506,14,36,0.389,18,21,0.857,10,47,57,28,12.0,6,5,3,16,14,122,31.0,1,1,1,1,5,30,29,48,26,19,44,36,56,19,53,1,3,50,30,69,30,22,22,104,24,2,1.0
2022-23,1610612745,HOU,Houston Rockets,0022200578,2023-01-05T00:00:00,HOU vs. UTA,L,48.0,38,92,0.413,15,42,0.357,23,26,0.885,14,35,49,19,15.0,4,3,5,21,20,114,-17.0,1,28,28,28,3,56,24,76,14,9,28,19,38,8,35,27,23,68,34,74,58,24,46,45,28,70,1.0
2022-23,1610612763,MEM,Memphis Grizzlies,0022200576,2023-01-05T00:00:00,MEM @ ORL,W,48.0,48,92,0.522,12,36,0.333,15,23,0.652,9,40,49,24,13.0,5,3,3,22,22,123,8.0,1,1,1,1,6,19,41,15,35,34,52,65,47,88,75,10,35,60,41,82,76,11,69,27,26,38,1.0
2022-23,1610612753,ORL,Orlando Magic,0022200576,2023-01-05T00:00:00,ORL vs. MEM,L,48.0,39,84,0.464,11,36,0.306,26,30,0.867,7,32,39,23,11.0,6,3,3,22,22,115,-8.0,1,41,41,41,5,52,52,48,40,18,60,10,18,16,72,49,70,42,9,63,59,13,56,29,29,62,1.0
2022-23,1610612762,UTA,Utah Jazz,0022200578,2023-01-05T00:00:00,UTA @ HOU,W,48.0,46,93,0.495,19,48,0.396,20,21,0.952,9,33,42,33,8.0,10,5,3,20,21,131,17.0,1,1,1,1,6,14,21,26,4,3,27,33,59,2,68,49,65,3,2,7,43,13,39,39,7,7,1.0
2022-23,1610612737,ATL,Atlanta Hawks,0022200590,2023-01-06T00:00:00,ATL @ LAL,L,48.0,44,96,0.458,9,31,0.29,17,22,0.773,7,32,39,24,12.0,8,5,5,15,18,114,-16.0,1,49,49,49,7,45,27,65,68,40,74,48,42,70,76,57,75,51,36,32,34,43,13,61,60,88,1.0
2022-23,1610612751,BKN,Brooklyn Nets,0022200586,2023-01-06T00:00:00,BKN @ NOP,W,48.0,37,85,0.435,15,33,0.455,19,20,0.95,10,33,43,26,13.0,8,12,4,23,20,108,6.0,1,1,1,1,3,67,38,69,17,46,14,38,57,3,23,33,27,31,35,31,4,46,64,36,57,34,1.0
2022-23,1610612766,CHA,Charlotte Hornets,0022200583,2023-01-06T00:00:00,CHA @ MIL,W,48.0,53,102,0.52,20,48,0.417,12,19,0.632,13,36,49,32,5.0,11,3,4,17,18,138,29.0,1,1,1,1,6,1,5,12,1,2,12,75,67,81,28,25,20,5,2,10,70,19,14,63,2,1,1.0
2022-23,1610612741,CHI,Chicago Bulls,0022200581,2023-01-06T00:00:00,CHI @ PHI,W,48.0,48,84,0.571,20,34,0.588,10,17,0.588,8,37,45,33,12.0,3,4,3,14,15,126,14.0,1,1,1,1,8,10,58,8,1,13,2,87,77,93,41,23,32,3,28,91,41,14,7,79,13,21,1.0
2022-23,1610612739,CLE,Cleveland Cavaliers,0022200588,2023-01-06T00:00:00,CLE @ DEN,L,48.0,40,88,0.455,10,26,0.385,18,32,0.563,18,22,40,30,7.0,7,5,4,18,23,108,-13.0,1,57,57,57,8,52,26,69,53,78,37,36,9,94,1,93,51,13,2,43,34,30,36,19,60,90,1.0
2022-23,1610612743,DEN,Denver Nuggets,0022200588,2023-01-06T00:00:00,DEN vs. CLE,W,48.0,43,81,0.531,17,35,0.486,18,23,0.783,13,36,49,28,14.0,5,4,5,23,18,121,13.0,1,1,1,1,5,49,86,29,3,25,10,36,40,54,21,28,19,50,52,86,55,64,96,70,33,25,1.0
2022-23,1610612765,DET,Detroit Pistons,0022200585,2023-01-06T00:00:00,DET @ SAS,L,48.0,44,93,0.473,11,31,0.355,10,17,0.588,15,22,37,23,16.0,11,0,4,22,16,109,-12.0,1,21,21,21,5,10,13,32,45,55,42,86,73,88,13,87,69,39,48,5,89,20,38,81,46,56,1.0
2022-23,1610612754,IND,Indiana Pacers,0022200580,2023-01-06T00:00:00,IND vs. POR,W,48.0,38,84,0.452,7,25,0.28,25,28,0.893,4,37,41,22,14.0,11,6,1,22,19,108,9.0,1,1,1,1,4,68,66,57,85,86,78,12,19,13,88,11,50,76,33,10,28,1,51,55,65,13,1.0
2022-23,1610612747,LAL,Los Angeles Lakers,0022200590,2023-01-06T00:00:00,LAL vs. ATL,W,48.0,51,93,0.548,16,35,0.457,12,16,0.75,7,44,51,33,18.0,6,5,5,18,15,130,16.0,1,1,1,1,10,5,21,9,9,30,11,100,103,71,85,7,27,4,95,53,42,54,49,108,7,12,1.0
2022-23,1610612748,MIA,Miami Heat,0022200589,2023-01-06T00:00:00,MIA @ PHX,W,48.0,33,78,0.423,12,38,0.316,26,31,0.839,5,32,37,19,13.0,10,3,2,14,20,104,8.0,1,1,1,1,7,98,100,90,54,31,73,13,13,52,108,48,82,95,53,23,52,15,11,59,75,23,1.0
2022-23,1610612749,MIL,Milwaukee Bucks,0022200583,2023-01-06T00:00:00,MIL vs. CHA,L,48.0,37,84,0.44,20,48,0.417,15,24,0.625,12,33,45,22,17.0,5,4,3,18,17,109,-29.0,1,63,63,63,7,77,73,66,11,14,26,56,37,85,35,67,58,67,65,56,50,28,44,68,61,95,1.0
2022-23,1610612750,MIN,Minnesota Timberwolves,0022200587,2023-01-06T00:00:00,MIN vs. LAC,W,48.0,46,81,0.568,13,35,0.371,23,29,0.793,10,35,45,28,20.0,4,7,3,22,19,128,13.0,1,1,1,1,8,17,72,10,28,35,39,16,20,36,30,31,27,29,86,89,20,22,50,60,11,10,1.0
2022-23,1610612740,NOP,New Orleans Pelicans,0022200586,2023-01-06T00:00:00,NOP vs. BKN,L,48.0,35,88,0.398,12,29,0.414,20,25,0.8,14,37,51,16,16.0,7,4,12,20,23,102,-6.0,1,50,50,50,8,84,39,88,28,47,27,39,38,43,16,25,12,91,55,60,43,93,36,21,79,62,1.0
2022-23,1610612752,NYK,New York Knicks,0022200582,2023-01-06T00:00:00,NYK @ TOR,W,48.0,39,83,0.47,16,37,0.432,18,26,0.692,13,38,51,19,13.0,3,4,3,23,23,112,4.0,1,1,1,1,11,60,71,49,16,34,14,53,41,73,40,18,22,72,46,88,40,22,70,24,51,45,1.0
2022-23,1610612760,OKC,Oklahoma City Thunder,0022200584,2023-01-06T00:00:00,OKC vs. WAS,W,48.0,50,98,0.51,17,37,0.459,10,14,0.714,11,30,41,30,10.0,9,6,2,26,18,127,17.0,1,1,1,1,7,8,12,20,8,29,10,90,90,80,44,57,61,11,14,29,14,5,81,68,19,11,1.0
2022-23,1610612755,PHI,Philadelphia 76ers,0022200581,2023-01-06T00:00:00,PHI vs. CHI,L,48.0,40,92,0.435,18,41,0.439,14,18,0.778,12,26,38,28,7.0,6,3,4,15,14,112,-14.0,1,70,70,70,8,42,12,83,4,6,26,86,82,85,23,91,71,19,2,75,72,33,11,96,54,97,1.0
2022-23,1610612756,PHX,Phoenix Suns,0022200589,2023-01-06T00:00:00,PHX vs. MIA,L,48.0,34,82,0.415,6,23,0.261,22,25,0.88,8,36,44,22,14.0,5,2,3,20,14,96,-8.0,1,56,56,56,5,93,85,89,94,89,91,19,33,19,77,22,47,82,48,74,89,24,33,93,94,73,1.0
2022-23,1610612757,POR,Portland Trail Blazers,0022200580,2023-01-06T00:00:00,POR @ IND,L,48.0,38,94,0.404,9,33,0.273,14,17,0.824,12,40,52,30,18.0,5,1,6,19,22,99,-9.0,1,39,39,39,3,54,6,80,69,52,80,77,81,31,13,3,2,7,65,58,92,69,31,29,74,58,1.0
2022-23,1610612759,SAS,San Antonio Spurs,0022200585,2023-01-06T00:00:00,SAS vs. DET,W,48.0,45,81,0.556,9,24,0.375,22,26,0.846,7,37,44,27,18.0,8,4,0,16,22,121,12.0,1,1,1,1,7,29,83,4,63,83,33,13,21,16,79,16,41,36,63,25,34,1,9,19,24,5,1.0
2022-23,1610612761,TOR,Toronto Raptors,0022200582,2023-01-06T00:00:00,TOR vs. NYK,L,48.0,35,83,0.422,10,29,0.345,28,35,0.8,12,34,46,22,7.0,7,3,4,23,23,108,-4.0,1,49,49,49,8,83,83,73,44,62,43,6,11,33,47,17,28,50,4,68,69,33,68,21,58,59,1.0
2022-23,1610612764,WAS,Washington Wizards,0022200584,2023-01-06T00:00:00,WAS @ OKC,L,48.0,38,79,0.481,7,24,0.292,27,36,0.75,11,35,46,21,20.0,6,2,6,18,26,110,-17.0,1,40,40,40,4,67,75,46,73,82,65,4,5,61,30,35,29,70,86,50,78,58,29,5,53,82,1.0
2022-23,1610612738,BOS,Boston Celtics,0022200591,2023-01-07T00:00:00,BOS @ SAS,W,48.0,47,95,0.495,15,34,0.441,12,18,0.667,8,35,43,30,14.0,6,10,3,15,20,121,5.0,1,1,1,1,15,16,17,34,60,95,24,85,72,104,66,54,62,17,55,47,6,27,19,38,41,59,1.0
2022-23,1610612741,CHI,Chicago Bulls,0022200592,2023-01-07T00:00:00,CHI vs. UTA,W,48.0,44,83,0.53,13,28,0.464,25,32,0.781,7,37,44,22,10.0,4,4,2,22,24,126,8.0,1,1,1,1,8,31,63,23,18,44,12,11,6,58,54,23,34,59,14,87,41,6,68,11,13,33,1.0
2022-23,1610612742,DAL,Dallas Mavericks,0022200593,2023-01-07T00:00:00,DAL vs. NOP,W,48.0,42,74,0.568,13,29,0.448,30,38,0.789,5,34,39,23,17.0,5,7,4,24,25,127,10.0,1,1,1,1,10,29,81,4,55,88,13,4,2,35,69,22,36,42,78,54,6,38,65,18,11,12,1.0
2022-23,1610612744,GSW,Golden State Warriors,0022200594,2023-01-07T00:00:00,GSW vs. ORL,L,48.0,33,88,0.375,18,58,0.31,17,21,0.81,11,38,49,26,16.0,7,1,2,17,14,101,-14.0,1,55,55,55,6,98,59,106,27,2,85,38,45,43,39,25,23,72,47,51,99,12,7,94,92,92,1.0
2022-23,1610612747,LAL,Los Angeles Lakers,0022200595,2023-01-07T00:00:00,LAL @ SAC,W,48.0,50,82,0.61,9,21,0.429,27,33,0.818,10,28,38,26,17.0,4,3,4,25,26,136,2.0,1,1,1,1,10,6,87,1,74,106,20,15,19,35,46,104,91,40,87,86,82,39,108,15,3,54,1.0
2022-23,1610612740,NOP,New Orleans Pelicans,0022200593,2023-01-07T00:00:00,NOP @ DAL,L,48.0,45,94,0.479,5,29,0.172,22,35,0.629,15,29,44,26,13.0,14,4,7,25,24,117,-10.0,1,50,50,50,8,20,14,47,87,47,89,26,10,90,9,68,43,40,27,3,43,71,82,14,34,72,1.0
2022-23,1610612753,ORL,Orlando Magic,0022200594,2023-01-07T00:00:00,ORL @ GSW,W,48.0,44,87,0.506,13,32,0.406,14,24,0.583,7,37,44,26,11.0,12,2,1,14,17,115,14.0,1,1,1,1,5,15,33,18,19,41,22,77,47,92,72,19,40,18,9,5,73,1,5,74,29,6,1.0
2022-23,1610612758,SAC,Sacramento Kings,0022200595,2023-01-07T00:00:00,SAC vs. LAL,L,48.0,45,86,0.523,14,32,0.438,30,37,0.811,13,21,34,25,14.0,5,4,3,26,25,134,-2.0,1,62,62,62,6,38,57,30,36,74,17,4,2,45,14,100,90,52,47,71,30,20,92,11,11,63,1.0
2022-23,1610612759,SAS,San Antonio Spurs,0022200591,2023-01-07T00:00:00,SAS vs. BOS,L,48.0,49,100,0.49,7,25,0.28,11,14,0.786,12,39,51,25,13.0,6,3,10,20,15,116,-5.0,1,25,25,25,7,11,13,30,80,81,74,74,82,26,46,6,10,52,19,57,53,86,44,71,31,31,1.0
2022-23,1610612762,UTA,Utah Jazz,0022200592,2023-01-07T00:00:00,UTA @ CHI,L,48.0,46,93,0.495,12,41,0.293,14,18,0.778,7,32,39,36,10.0,6,2,4,24,22,118,-8.0,1,42,42,42,6,14,21,26,52,23,72,70,74,48,82,55,80,2,6,44,79,28,75,31,36,68,1.0
2022-23,1610612737,ATL,Atlanta Hawks,0022200604,2023-01-08T00:00:00,ATL @ LAC,W,48.0,44,89,0.494,8,26,0.308,16,20,0.8,7,36,43,22,9.0,7,9,5,18,19,112,4.0,1,1,1,1,7,45,60,36,74,78,68,59,57,54,76,26,50,72,8,38,3,43,37,46,68,36,1.0
2022-23,1610612751,BKN,Brooklyn Nets,0022200599,2023-01-08T00:00:00,BKN @ MIA,W,48.0,39,76,0.513,12,33,0.364,12,15,0.8,6,34,40,22,19.0,8,8,4,21,17,102,1.0,1,1,1,1,3,54,85,30,45,46,50,78,81,43,57,23,48,62,84,31,15,46,49,63,69,47,1.0
2022-23,1610612766,CHA,Charlotte Hornets,0022200598,2023-01-08T00:00:00,CHA @ IND,L,48.0,38,88,0.432,11,33,0.333,24,27,0.889,13,36,49,25,18.0,8,4,7,26,22,111,-5.0,1,30,30,30,6,61,48,56,35,36,39,7,28,7,28,25,20,37,70,32,54,58,84,24,42,37,1.0
2022-23,1610612739,CLE,Cleveland Cavaliers,0022200603,2023-01-08T00:00:00,CLE @ PHX,W,48.0,45,78,0.577,11,29,0.379,11,17,0.647,3,36,39,29,14.0,8,5,2,12,14,112,14.0,1,1,1,1,8,14,73,4,46,57,39,86,76,86,94,16,58,17,53,29,34,8,1,90,52,21,1.0
2022-23,1610612742,DAL,Dallas Mavericks,0022200602,2023-01-08T00:00:00,DAL @ OKC,L,48.0,31,73,0.425,14,39,0.359,33,42,0.786,8,31,39,21,13.0,3,1,8,19,26,109,-11.0,1,41,41,41,10,83,84,76,45,51,47,2,1,37,29,38,36,53,44,82,78,85,25,13,55,77,1.0
2022-23,1610612765,DET,Detroit Pistons,0022200596,2023-01-08T00:00:00,DET vs. PHI,L,48.0,44,87,0.506,8,23,0.348,15,18,0.833,10,33,43,25,23.0,9,2,5,20,17,111,-12.0,1,21,21,21,5,10,43,14,69,88,46,64,70,17,45,28,33,27,88,14,70,34,23,75,39,56,1.0
2022-23,1610612745,HOU,Houston Rockets,0022200601,2023-01-08T00:00:00,HOU vs. MIN,L,48.0,38,89,0.427,11,36,0.306,9,15,0.6,12,29,41,26,20.0,8,7,4,19,18,96,-8.0,1,28,28,28,3,56,39,66,33,23,54,89,82,86,55,67,69,17,74,41,10,11,29,68,78,42,1.0
2022-23,1610612754,IND,Indiana Pacers,0022200598,2023-01-08T00:00:00,IND vs. CHA,W,48.0,38,87,0.437,13,38,0.342,27,33,0.818,8,33,41,27,16.0,14,7,4,22,26,116,5.0,1,1,1,1,4,68,49,65,38,40,56,6,7,31,58,35,50,39,50,2,24,25,51,6,42,26,1.0
2022-23,1610612763,MEM,Memphis Grizzlies,0022200600,2023-01-08T00:00:00,MEM vs. UTA,W,48.0,46,102,0.451,15,38,0.395,16,22,0.727,13,26,39,28,10.0,16,7,9,19,18,123,5.0,1,1,1,1,6,28,6,64,16,20,26,55,52,65,37,90,85,23,12,1,22,91,34,59,26,48,1.0
2022-23,1610612748,MIA,Miami Heat,0022200599,2023-01-08T00:00:00,MIA vs. BKN,L,48.0,38,92,0.413,13,35,0.371,12,17,0.706,16,25,41,22,12.0,8,4,8,17,21,101,-1.0,1,66,66,66,7,62,22,94,36,46,39,100,94,106,6,98,57,68,44,49,25,108,33,50,85,66,1.0
2022-23,1610612750,MIN,Minnesota Timberwolves,0022200601,2023-01-08T00:00:00,MIN @ HOU,W,48.0,38,80,0.475,10,28,0.357,18,22,0.818,9,35,44,23,19.0,8,4,7,18,19,104,8.0,1,1,1,1,8,77,77,51,59,74,49,48,57,28,40,31,35,68,79,45,60,85,13,60,80,22,1.0
2022-23,1610612760,OKC,Oklahoma City Thunder,0022200602,2023-01-08T00:00:00,OKC vs. DAL,W,48.0,46,95,0.484,12,28,0.429,16,20,0.8,13,35,48,27,8.0,5,8,1,26,19,120,11.0,1,1,1,1,7,21,22,33,39,81,17,66,68,53,21,28,24,23,4,81,7,2,81,58,33,23,1.0
2022-23,1610612755,PHI,Philadelphia 76ers,0022200596,2023-01-08T00:00:00,PHI @ DET,W,48.0,46,94,0.489,11,37,0.297,20,23,0.87,14,30,44,24,14.0,12,5,2,17,20,123,12.0,1,1,1,1,8,11,9,44,61,18,82,51,52,33,9,64,27,49,54,10,40,10,19,43,17,21,1.0
2022-23,1610612756,PHX,Phoenix Suns,0022200603,2023-01-08T00:00:00,PHX vs. CLE,L,48.0,37,84,0.44,14,26,0.538,10,11,0.909,6,30,36,22,16.0,7,2,5,14,12,98,-14.0,1,56,56,56,5,84,78,69,21,82,4,95,97,12,94,66,87,82,75,43,89,63,5,97,89,87,1.0
2022-23,1610612757,POR,Portland Trail Blazers,0022200597,2023-01-08T00:00:00,POR @ TOR,L,48.0,34,76,0.447,9,30,0.3,28,37,0.757,10,32,42,19,24.0,5,4,8,24,28,105,-12.0,1,39,39,39,3,78,80,59,69,70,70,8,5,62,38,38,39,71,92,58,45,84,72,8,66,66,1.0
2022-23,1610612761,TOR,Toronto Raptors,0022200597,2023-01-08T00:00:00,TOR vs. POR,W,48.0,40,91,0.44,12,31,0.387,25,29,0.862,13,28,41,26,10.0,12,8,4,28,24,117,12.0,1,1,1,1,8,53,39,58,24,49,21,12,21,14,37,59,57,24,29,13,10,33,90,17,28,18,1.0
2022-23,1610612762,UTA,Utah Jazz,0022200600,2023-01-08T00:00:00,UTA @ MEM,L,48.0,45,88,0.511,10,32,0.313,18,22,0.818,8,38,46,29,21.0,7,9,7,18,19,118,-5.0,1,42,42,42,6,23,47,18,68,69,59,44,54,33,75,19,42,21,82,34,8,72,25,62,36,54,1.0
2022-23,1610612738,BOS,Boston Celtics,0022200606,2023-01-09T00:00:00,BOS vs. CHI,W,48.0,38,87,0.437,11,41,0.268,20,21,0.952,9,41,50,25,9.0,2,7,1,12,18,107,8.0,1,1,1,1,15,83,54,84,90,60,101,38,51,8,52,14,23,64,12,104,23,3,5,58,86,48,1.0
2022-23,1610612741,CHI,Chicago Bulls,0022200606,2023-01-09T00:00:00,CHI @ BOS,L,48.0,39,86,0.453,12,35,0.343,9,14,0.643,6,36,42,19,8.0,6,1,7,18,12,99,-8.0,1,49,49,49,8,67,48,72,25,8,50,89,85,91,61,29,43,79,7,62,85,72,32,92,79,66,1.0
2022-23,1610612743,DEN,Denver Nuggets,0022200609,2023-01-09T00:00:00,DEN vs. LAL,W,48.0,46,99,0.465,15,42,0.357,15,17,0.882,14,41,55,29,17.0,7,11,2,19,14,122,13.0,1,1,1,1,5,27,3,79,15,2,61,74,93,11,18,6,5,43,81,54,2,4,53,104,24,25,1.0
2022-23,1610612747,LAL,Los Angeles Lakers,0022200609,2023-01-09T00:00:00,LAL @ DEN,L,48.0,41,93,0.441,8,28,0.286,19,25,0.76,11,33,44,20,14.0,12,2,11,14,19,109,-13.0,1,59,59,59,10,58,21,86,82,73,83,65,63,66,29,69,57,92,48,3,97,112,13,77,75,94,1.0
2022-23,1610612763,MEM,Memphis Grizzlies,0022200608,2023-01-09T00:00:00,MEM vs. SAS,W,48.0,45,91,0.495,11,26,0.423,20,35,0.571,11,39,50,26,14.0,9,7,1,15,24,121,8.0,1,1,1,1,6,34,51,31,50,90,22,29,11,98,54,15,25,40,48,40,22,2,8,22,32,38,1.0
2022-23,1610612749,MIL,Milwaukee Bucks,0022200607,2023-01-09T00:00:00,MIL @ NYK,W,48.0,39,89,0.438,19,49,0.388,14,18,0.778,12,36,48,27,14.0,3,5,1,17,14,111,4.0,1,1,1,1,7,58,48,68,12,9,39,67,70,39,35,47,45,34,39,88,36,4,36,84,58,54,1.0
2022-23,1610612740,NOP,New Orleans Pelicans,0022200605,2023-01-09T00:00:00,NOP @ WAS,W,48.0,49,93,0.527,10,26,0.385,24,31,0.774,12,32,44,24,10.0,9,5,1,21,25,132,20.0,1,1,1,1,8,5,16,15,52,73,35,22,18,56,30,51,43,58,8,30,25,2,45,8,3,10,1.0
2022-23,1610612752,NYK,New York Knicks,0022200607,2023-01-09T00:00:00,NYK vs. MIL,L,48.0,38,100,0.38,11,41,0.268,20,22,0.909,18,30,48,16,7.0,8,1,5,14,17,107,-4.0,1,60,60,60,11,64,6,96,54,14,85,38,68,7,10,81,37,90,2,25,93,55,7,82,66,64,1.0
2022-23,1610612753,ORL,Orlando Magic,0022200610,2023-01-09T00:00:00,ORL @ SAC,L,48.0,41,90,0.456,14,44,0.318,15,20,0.75,9,32,41,24,13.0,7,7,1,18,16,111,-25.0,1,41,41,41,5,41,24,58,12,5,56,70,68,65,51,49,58,30,25,50,10,1,21,82,43,91,1.0
2022-23,1610612758,SAC,Sacramento Kings,0022200610,2023-01-09T00:00:00,SAC vs. ORL,W,48.0,52,97,0.536,23,46,0.5,9,12,0.75,11,37,48,39,11.0,4,1,7,16,18,136,25.0,1,1,1,1,6,4,13,18,1,8,5,99,99,63,32,19,20,1,25,84,89,84,13,75,8,8,1.0
2022-23,1610612759,SAS,San Antonio Spurs,0022200608,2023-01-09T00:00:00,SAS @ MEM,L,48.0,44,97,0.454,11,32,0.344,14,16,0.875,12,30,42,28,14.0,8,1,7,24,15,113,-8.0,1,25,25,25,7,36,23,50,38,47,43,51,72,9,46,53,52,32,29,25,81,65,76,71,39,41,1.0
2022-23,1610612764,WAS,Washington Wizards,0022200605,2023-01-09T00:00:00,WAS vs. NOP,L,48.0,42,82,0.512,14,34,0.412,14,18,0.778,7,30,37,26,20.0,5,1,5,25,21,112,-20.0,1,40,40,40,4,35,62,24,19,27,24,63,67,53,57,71,74,35,86,63,88,39,84,26,46,87,1.0
2022-23,1610612766,CHA,Charlotte Hornets,0022200613,2023-01-10T00:00:00,CHA @ TOR,L,48.0,47,86,0.547,15,35,0.429,11,15,0.733,6,28,34,33,10.0,6,4,4,19,17,120,-12.0,1,30,30,30,6,9,59,6,6,25,7,81,83,49,80,75,90,3,8,61,54,19,40,75,16,60,1.0
2022-23,1610612739,CLE,Cleveland Cavaliers,0022200614,2023-01-10T00:00:00,CLE @ UTA,L,48.0,42,90,0.467,10,37,0.27,20,24,0.833,7,30,37,18,5.0,7,7,3,25,17,114,-2.0,1,57,57,57,8,35,17,60,53,12,77,23,33,29,73,50,68,83,1,43,7,17,92,71,34,60,1.0
2022-23,1610612742,DAL,Dallas Mavericks,0022200617,2023-01-10T00:00:00,DAL @ LAC,L,48.0,30,69,0.435,12,38,0.316,29,36,0.806,3,29,32,15,12.0,5,6,4,17,23,101,-12.0,1,41,41,41,10,86,88,67,66,59,70,7,5,30,82,55,77,84,35,54,12,38,11,28,72,80,1.0
2022-23,1610612765,DET,Detroit Pistons,0022200612,2023-01-10T00:00:00,DET @ PHI,L,48.0,36,89,0.404,14,39,0.359,30,36,0.833,3,23,26,23,11.0,9,5,8,22,29,116,-31.0,1,21,21,21,5,64,31,77,19,13,39,10,10,17,90,84,90,39,9,14,23,73,38,4,23,91,1.0
2022-23,1610612744,GSW,Golden State Warriors,0022200615,2023-01-10T00:00:00,GSW vs. PHX,L,48.0,37,96,0.385,18,48,0.375,21,27,0.778,16,29,45,24,17.0,13,2,7,26,22,113,-12.0,1,55,55,55,6,88,20,101,27,24,49,20,13,57,10,83,45,87,63,2,85,91,91,23,67,88,1.0
2022-23,1610612748,MIA,Miami Heat,0022200611,2023-01-10T00:00:00,MIA vs. OKC,W,48.0,31,79,0.392,10,33,0.303,40,40,1.0,13,28,41,18,20.0,10,4,3,19,27,112,1.0,1,1,1,1,7,110,93,102,80,67,85,1,1,1,18,78,57,102,115,23,25,29,57,6,40,64,1.0
2022-23,1610612760,OKC,Oklahoma City Thunder,0022200611,2023-01-10T00:00:00,OKC @ MIA,L,48.0,44,91,0.484,9,35,0.257,14,21,0.667,14,30,44,27,19.0,8,3,4,27,19,111,-1.0,1,52,52,52,7,32,52,36,78,43,86,75,58,87,14,57,41,23,85,48,61,25,90,58,62,52,1.0
2022-23,1610612753,ORL,Orlando Magic,0022200616,2023-01-10T00:00:00,ORL @ POR,W,48.0,40,78,0.513,9,24,0.375,20,25,0.8,6,29,35,19,16.0,10,2,7,20,22,109,3.0,1,1,1,1,5,47,79,15,60,82,36,34,38,35,80,68,83,77,47,16,73,70,42,29,49,34,1.0
2022-23,1610612755,PHI,Philadelphia 76ers,0022200612,2023-01-10T00:00:00,PHI vs. DET,W,48.0,54,89,0.607,11,31,0.355,28,30,0.933,10,45,55,36,19.0,7,8,5,29,22,147,31.0,1,1,1,1,8,1,20,3,61,58,67,9,17,12,40,3,5,2,87,61,8,50,100,24,1,2,1.0
2022-23,1610612756,PHX,Phoenix Suns,0022200615,2023-01-10T00:00:00,PHX @ GSW,W,48.0,41,90,0.456,14,31,0.452,29,31,0.935,19,38,57,26,22.0,5,7,2,22,26,125,12.0,1,1,1,1,5,56,43,64,21,54,20,3,12,7,3,14,2,48,99,74,21,10,47,12,17,25,1.0
2022-23,1610612757,POR,Portland Trail Blazers,0022200616,2023-01-10T00:00:00,POR vs. ORL,L,48.0,42,87,0.483,6,35,0.171,16,19,0.842,13,30,43,22,17.0,10,7,2,22,20,106,-3.0,1,39,39,39,3,28,31,37,87,43,91,61,74,26,5,53,33,51,59,11,10,7,58,47,61,44,1.0
2022-23,1610612761,TOR,Toronto Raptors,0022200613,2023-01-10T00:00:00,TOR vs. CHA,W,48.0,45,91,0.495,20,44,0.455,22,27,0.815,18,31,49,32,11.0,4,4,4,17,19,132,12.0,1,1,1,1,8,25,39,23,1,2,3,21,29,28,9,34,19,2,34,91,51,33,16,50,4,18,1.0
2022-23,1610612762,UTA,Utah Jazz,0022200614,2023-01-10T00:00:00,UTA vs. CLE,W,48.0,38,87,0.437,10,36,0.278,30,37,0.811,15,39,54,21,16.0,3,3,7,17,25,116,2.0,1,1,1,1,6,70,54,67,68,48,77,4,3,38,19,15,9,73,42,82,68,72,13,15,47,33,1.0
2022-23,1610612737,ATL,Atlanta Hawks,0022200620,2023-01-11T00:00:00,ATL vs. MIL,L,48.0,39,87,0.448,11,30,0.367,16,18,0.889,6,35,41,25,11.0,5,3,4,12,15,105,-9.0,1,49,49,49,7,77,71,73,44,45,43,59,73,18,83,33,66,44,26,65,75,31,4,86,82,76,1.0
2022-23,1610612738,BOS,Boston Celtics,0022200621,2023-01-11T00:00:00,BOS vs. NOP,W,48.0,44,91,0.484,15,44,0.341,22,25,0.88,11,39,50,24,9.0,7,5,4,16,17,125,11.0,1,1,1,1,15,31,30,45,60,42,71,20,32,25,29,26,23,77,12,36,49,51,28,72,28,36,1.0
2022-23,1610612741,CHI,Chicago Bulls,0022200619,2023-01-11T00:00:00,CHI @ WAS,L,48.0,41,88,0.466,9,29,0.31,6,9,0.667,8,31,39,16,12.0,7,6,3,19,18,97,-3.0,1,49,49,49,8,54,33,63,51,41,63,92,91,84,41,59,59,88,28,49,19,14,43,48,81,53,1.0
2022-23,1610612743,DEN,Denver Nuggets,0022200624,2023-01-11T00:00:00,DEN vs. PHX,W,48.0,48,85,0.565,15,34,0.441,15,21,0.714,7,31,38,30,11.0,9,4,2,20,17,126,29.0,1,1,1,1,5,13,56,16,15,29,23,74,56,78,84,68,84,35,18,28,55,4,65,82,14,3,1.0
2022-23,1610612765,DET,Detroit Pistons,0022200618,2023-01-11T00:00:00,DET vs. MIN,W,48.0,48,80,0.6,17,32,0.531,22,28,0.786,7,31,38,30,17.0,10,7,2,20,22,135,17.0,1,1,1,1,5,2,73,1,6,47,1,31,30,45,78,41,65,3,63,8,5,6,23,31,3,4,1.0
2022-23,1610612745,HOU,Houston Rockets,0022200625,2023-01-11T00:00:00,HOU @ SAC,L,48.0,44,96,0.458,16,41,0.39,11,17,0.647,8,40,48,30,14.0,7,3,4,23,19,115,-20.0,1,28,28,28,3,19,12,40,6,10,15,81,77,76,83,7,33,4,23,46,58,11,64,56,26,77,1.0
2022-23,1610612754,IND,Indiana Pacers,0022200622,2023-01-11T00:00:00,IND @ NYK,L,48.0,43,90,0.478,12,39,0.308,15,21,0.714,8,33,41,27,13.0,8,5,4,25,16,113,-6.0,1,40,40,40,4,29,38,41,46,32,62,62,62,69,58,35,50,39,23,35,41,25,74,78,51,52,1.0
2022-23,1610612763,MEM,Memphis Grizzlies,0022200623,2023-01-11T00:00:00,MEM vs. SAS,W,48.0,52,101,0.515,14,22,0.636,17,25,0.68,17,40,57,19,14.0,6,8,11,17,18,135,6.0,1,1,1,1,6,4,9,19,21,99,1,45,39,81,11,10,6,89,48,70,13,97,16,59,5,44,1.0
2022-23,1610612749,MIL,Milwaukee Bucks,0022200620,2023-01-11T00:00:00,MIL @ ATL,W,48.0,45,98,0.459,18,48,0.375,6,11,0.545,14,43,57,28,11.0,6,4,3,15,12,114,9.0,1,1,1,1,7,28,13,53,17,14,46,96,91,94,18,14,7,24,12,47,50,28,18,91,50,34,1.0
2022-23,1610612750,MIN,Minnesota Timberwolves,0022200618,2023-01-11T00:00:00,MIN @ DET,L,48.0,43,88,0.489,16,33,0.485,16,21,0.762,13,23,36,22,19.0,7,2,7,22,20,118,-17.0,1,51,51,51,8,35,37,44,13,48,8,59,66,51,12,99,76,73,79,54,86,85,50,50,31,92,1.0
2022-23,1610612740,NOP,New Orleans Pelicans,0022200621,2023-01-11T00:00:00,NOP @ BOS,L,48.0,45,87,0.517,11,30,0.367,13,17,0.765,4,29,33,22,9.0,5,4,5,17,16,114,-11.0,1,50,50,50,8,20,41,18,42,38,46,82,82,61,88,68,88,72,4,77,43,47,13,82,42,75,1.0
2022-23,1610612752,NYK,New York Knicks,0022200622,2023-01-11T00:00:00,NYK vs. IND,W,48.0,38,84,0.452,15,42,0.357,28,33,0.848,12,38,50,21,15.0,9,4,5,16,25,119,6.0,1,1,1,1,11,64,68,60,23,12,43,4,8,20,50,18,25,55,69,18,40,55,16,8,34,40,1.0
2022-23,1610612756,PHX,Phoenix Suns,0022200624,2023-01-11T00:00:00,PHX @ DEN,L,48.0,39,90,0.433,9,32,0.281,10,14,0.714,15,29,44,28,20.0,4,2,4,17,20,97,-29.0,1,56,56,56,5,68,43,75,72,46,86,95,89,80,14,72,47,37,97,84,89,45,14,55,91,100,1.0
2022-23,1610612758,SAC,Sacramento Kings,0022200625,2023-01-11T00:00:00,SAC vs. HOU,W,48.0,45,94,0.479,19,48,0.396,26,31,0.839,9,36,45,28,9.0,4,4,3,19,23,135,20.0,1,1,1,1,6,38,21,54,10,3,35,12,17,36,59,25,34,35,11,84,30,20,31,27,9,12,1.0
2022-23,1610612759,SAS,San Antonio Spurs,0022200623,2023-01-11T00:00:00,SAS @ MEM,L,48.0,50,107,0.467,11,34,0.324,18,23,0.783,17,31,48,33,12.0,7,11,8,18,17,129,-6.0,1,25,25,25,7,9,2,40,38,33,58,27,31,28,6,41,20,10,12,41,2,76,26,56,8,34,1.0
2022-23,1610612764,WAS,Washington Wizards,0022200619,2023-01-11T00:00:00,WAS vs. CHI,W,48.0,38,82,0.463,7,23,0.304,17,21,0.81,12,40,52,21,18.0,5,3,6,18,19,100,3.0,1,1,1,1,4,67,62,57,73,85,61,48,49,39,19,7,8,70,75,63,66,58,29,43,74,33,1.0
2022-23,1610612738,BOS,Boston Celtics,0022200627,2023-01-12T00:00:00,BOS @ BKN,W,48.0,41,86,0.477,12,36,0.333,15,17,0.882,12,36,48,23,14.0,4,6,9,15,19,109,11.0,1,1,1,1,15,56,66,53,80,84,74,65,78,22,21,43,32,84,55,81,36,109,19,50,81,36,1.0
2022-23,1610612751,BKN,Brooklyn Nets,0022200627,2023-01-12T00:00:00,BKN vs. BOS,L,48.0,38,84,0.452,13,34,0.382,9,11,0.818,4,27,31,26,12.0,8,9,6,19,15,98,-11.0,1,51,51,51,3,61,39,61,36,40,40,91,93,37,82,81,89,31,28,31,9,79,31,76,80,76,1.0
2022-23,1610612766,CHA,Charlotte Hornets,0022200629,2023-01-12T00:00:00,CHA @ TOR,L,48.0,41,77,0.532,13,33,0.394,19,27,0.704,9,33,42,27,22.0,6,5,4,30,23,114,-10.0,1,30,30,30,6,40,85,10,17,36,18,35,28,58,65,46,59,20,88,61,39,19,90,19,31,54,1.0
2022-23,1610612739,CLE,Cleveland Cavaliers,0022200631,2023-01-12T00:00:00,CLE @ POR,W,48.0,44,89,0.494,7,22,0.318,24,31,0.774,12,32,44,28,11.0,6,1,4,19,27,119,6.0,1,1,1,1,8,21,21,39,81,91,63,13,12,57,22,34,24,25,25,61,93,30,45,6,14,42,1.0
2022-23,1610612742,DAL,Dallas Mavericks,0022200630,2023-01-12T00:00:00,DAL @ LAL,W,58.0,48,96,0.5,14,42,0.333,9,17,0.529,3,51,54,25,19.0,4,9,4,26,18,119,4.0,1,1,1,1,1,3,4,28,45,35,58,87,79,87,82,1,1,25,85,68,2,38,77,73,32,27,1.0
2022-23,1610612747,LAL,Los Angeles Lakers,0022200630,2023-01-12T00:00:00,LAL vs. DAL,L,58.0,44,112,0.393,10,41,0.244,17,27,0.63,14,42,56,24,10.0,7,4,9,18,26,115,-4.0,1,59,59,59,1,36,1,106,54,9,102,77,50,105,8,14,4,59,17,40,62,104,49,15,53,66,1.0
2022-23,1610612748,MIA,Miami Heat,0022200628,2023-01-12T00:00:00,MIA vs. MIL,W,48.0,42,95,0.442,9,34,0.265,15,16,0.938,18,43,61,22,13.0,8,1,2,8,12,108,6.0,1,1,1,1,7,29,10,70,90,59,102,84,99,13,2,1,1,68,53,49,107,15,1,117,61,34,1.0
2022-23,1610612749,MIL,Milwaukee Bucks,0022200628,2023-01-12T00:00:00,MIL @ MIA,L,48.0,35,87,0.402,22,57,0.386,10,15,0.667,8,31,39,20,11.0,10,2,1,12,8,102,-6.0,1,63,63,63,7,83,55,87,6,1,40,84,80,75,65,80,83,82,12,8,79,4,2,97,79,71,1.0
2022-23,1610612760,OKC,Oklahoma City Thunder,0022200626,2023-01-12T00:00:00,OKC @ PHI,W,48.0,44,86,0.512,14,33,0.424,31,33,0.939,5,34,39,28,11.0,7,6,3,22,29,133,19.0,1,1,1,1,7,32,74,17,26,56,18,5,11,4,95,35,71,19,23,62,14,15,60,5,9,9,1.0
2022-23,1610612755,PHI,Philadelphia 76ers,0022200626,2023-01-12T00:00:00,PHI vs. OKC,L,48.0,39,88,0.443,11,36,0.306,25,27,0.926,9,30,39,30,17.0,4,3,6,29,22,114,-19.0,1,70,70,70,8,55,27,72,61,24,81,18,33,15,44,64,61,12,80,92,72,65,100,24,48,99,1.0
2022-23,1610612757,POR,Portland Trail Blazers,0022200631,2023-01-12T00:00:00,POR vs. CLE,L,48.0,40,78,0.513,11,33,0.333,22,29,0.759,5,31,36,17,17.0,6,4,1,27,19,113,-6.0,1,39,39,39,3,42,73,22,53,52,54,28,24,60,84,44,70,86,59,45,45,2,84,52,35,51,1.0
2022-23,1610612761,TOR,Toronto Raptors,0022200629,2023-01-12T00:00:00,TOR vs. CHA,W,48.0,43,83,0.518,10,28,0.357,28,36,0.778,8,24,32,30,9.0,15,4,5,23,30,124,10.0,1,1,1,1,8,32,83,12,44,67,33,6,7,47,79,85,87,8,19,3,51,58,68,1,13,23,1.0
2022-23,1610612737,ATL,Atlanta Hawks,0022200633,2023-01-13T00:00:00,ATL @ IND,W,48.0,41,94,0.436,16,33,0.485,15,21,0.714,14,36,50,26,14.0,6,9,9,22,22,113,2.0,1,1,1,1,7,69,37,81,3,33,7,66,51,87,20,26,15,31,61,50,3,86,72,20,66,39,1.0
2022-23,1610612741,CHI,Chicago Bulls,0022200636,2023-01-13T00:00:00,CHI vs. OKC,L,48.0,38,85,0.447,12,38,0.316,22,24,0.917,10,32,42,30,16.0,7,5,6,17,19,110,-14.0,1,49,49,49,8,72,54,75,25,4,61,14,31,6,27,52,43,12,66,49,34,61,26,39,55,80,1.0
2022-23,1610612743,DEN,Denver Nuggets,0022200639,2023-01-13T00:00:00,DEN @ LAC,W,48.0,41,82,0.5,14,33,0.424,19,25,0.76,10,33,43,24,11.0,7,4,3,11,18,115,12.0,1,1,1,1,5,69,81,51,26,37,29,28,28,62,53,55,52,81,18,54,55,22,3,70,53,30,1.0
2022-23,1610612765,DET,Detroit Pistons,0022200632,2023-01-13T00:00:00,DET vs. NOP,L,48.0,43,90,0.478,7,30,0.233,17,24,0.708,7,35,42,20,13.0,7,3,3,23,21,110,-6.0,1,21,21,21,5,16,25,29,77,62,84,54,47,74,78,20,39,65,21,41,47,13,52,38,43,34,1.0
2022-23,1610612744,GSW,Golden State Warriors,0022200635,2023-01-13T00:00:00,GSW @ SAS,W,48.0,55,101,0.545,18,48,0.375,16,20,0.8,12,43,55,33,13.0,9,6,3,26,19,144,31.0,1,1,1,1,6,3,7,9,27,24,49,46,52,46,30,7,10,19,16,22,9,29,91,50,2,4,1.0
2022-23,1610612745,HOU,Houston Rockets,0022200640,2023-01-13T00:00:00,HOU @ SAC,L,48.0,43,91,0.473,12,37,0.324,16,25,0.64,12,22,34,23,15.0,10,4,8,24,19,114,-25.0,1,28,28,28,3,28,27,30,23,20,43,60,40,80,55,90,88,37,34,16,41,68,71,56,28,87,1.0
2022-23,1610612754,IND,Indiana Pacers,0022200633,2023-01-13T00:00:00,IND vs. ATL,L,48.0,40,101,0.396,7,30,0.233,24,29,0.828,19,32,51,24,12.0,8,9,9,22,22,111,-2.0,1,40,40,40,4,53,5,83,85,73,86,15,15,28,4,45,6,61,18,35,10,84,51,27,56,41,1.0
2022-23,1610612750,MIN,Minnesota Timberwolves,0022200637,2023-01-13T00:00:00,MIN vs. PHX,W,48.0,47,90,0.522,10,28,0.357,17,20,0.85,4,33,37,24,15.0,13,3,3,22,20,121,5.0,1,1,1,1,8,13,28,23,59,74,49,53,71,13,90,48,70,57,41,5,77,22,50,50,23,34,1.0
2022-23,1610612740,NOP,New Orleans Pelicans,0022200632,2023-01-13T00:00:00,NOP @ DET,W,48.0,42,86,0.488,11,31,0.355,21,30,0.7,8,40,48,29,17.0,7,3,3,21,23,116,6.0,1,1,1,1,8,36,46,40,42,33,53,32,22,82,66,8,28,22,67,60,63,18,45,21,38,38,1.0
2022-23,1610612752,NYK,New York Knicks,0022200634,2023-01-13T00:00:00,NYK @ WAS,W,48.0,41,92,0.446,8,29,0.276,22,31,0.71,14,40,54,15,7.0,3,6,4,23,23,112,4.0,1,1,1,1,11,49,32,67,85,85,79,33,18,70,28,8,8,96,2,88,18,33,70,24,51,45,1.0
2022-23,1610612760,OKC,Oklahoma City Thunder,0022200636,2023-01-13T00:00:00,OKC @ CHI,W,48.0,47,92,0.511,11,33,0.333,19,22,0.864,12,34,46,22,11.0,12,6,5,19,17,124,14.0,1,1,1,1,7,15,45,18,49,56,54,43,52,27,35,35,33,61,23,5,14,41,31,78,24,17,1.0
2022-23,1610612753,ORL,Orlando Magic,0022200638,2023-01-13T00:00:00,ORL @ UTA,L,48.0,42,96,0.438,14,36,0.389,10,16,0.625,11,29,40,23,15.0,13,3,11,25,18,108,-4.0,1,41,41,41,5,26,9,65,12,18,26,89,86,88,35,68,65,42,41,2,59,90,75,64,53,48,1.0
2022-23,1610612756,PHX,Phoenix Suns,0022200637,2023-01-13T00:00:00,PHX @ MIN,L,48.0,41,86,0.477,14,23,0.609,20,24,0.833,9,34,43,28,19.0,10,3,3,20,22,116,-5.0,1,56,56,56,5,56,68,45,21,89,1,34,40,37,68,33,53,37,96,12,78,24,33,30,41,69,1.0
2022-23,1610612758,SAC,Sacramento Kings,0022200640,2023-01-13T00:00:00,SAC vs. HOU,W,48.0,47,86,0.547,20,40,0.5,25,29,0.862,14,32,46,34,14.0,10,8,4,19,24,139,25.0,1,1,1,1,6,18,57,16,7,35,5,15,24,19,7,52,28,8,47,15,1,44,31,19,4,8,1.0
2022-23,1610612759,SAS,San Antonio Spurs,0022200635,2023-01-13T00:00:00,SAS vs. GSW,L,48.0,40,88,0.455,8,22,0.364,25,34,0.735,7,31,38,26,15.0,6,3,6,19,26,113,-31.0,1,25,25,25,7,59,54,49,70,86,36,3,3,47,79,41,72,44,35,57,53,50,36,7,39,81,1.0
2022-23,1610612762,UTA,Utah Jazz,0022200638,2023-01-13T00:00:00,UTA vs. ORL,W,48.0,36,83,0.434,11,35,0.314,29,40,0.725,17,42,59,15,24.0,9,11,3,18,25,112,4.0,1,1,1,1,6,80,73,68,58,54,56,6,2,65,10,2,3,91,91,13,2,13,25,15,57,29,1.0
2022-23,1610612764,WAS,Washington Wizards,0022200634,2023-01-13T00:00:00,WAS vs. NYK,L,48.0,36,93,0.387,13,42,0.31,23,26,0.885,12,38,50,18,8.0,3,4,6,23,23,108,-4.0,1,40,40,40,4,76,19,87,25,6,58,14,21,15,19,13,16,86,4,88,54,58,72,17,59,46,1.0
2022-23,1610612737,ATL,Atlanta Hawks,0022200644,2023-01-14T00:00:00,ATL @ TOR,W,48.0,43,84,0.512,11,27,0.407,17,18,0.944,5,35,40,19,12.0,6,4,3,22,19,114,11.0,1,1,1,1,7,59,83,24,44,71,28,48,73,8,92,33,72,87,36,50,51,14,72,46,60,17,1.0
2022-23,1610612738,BOS,Boston Celtics,0022200642,2023-01-14T00:00:00,BOS @ CHA,W,48.0,47,99,0.475,19,53,0.358,9,10,0.9,14,32,46,35,7.0,8,4,2,15,11,122,16.0,1,1,1,1,15,16,10,54,21,7,61,102,105,18,11,71,43,4,2,23,69,11,19,108,36,23,1.0
2022-23,1610612766,CHA,Charlotte Hornets,0022200642,2023-01-14T00:00:00,CHA vs. BOS,L,48.0,41,88,0.466,8,27,0.296,16,19,0.842,10,36,46,21,11.0,3,2,4,11,15,106,-16.0,1,30,30,30,6,40,48,38,67,75,55,56,67,16,56,25,37,70,14,82,80,19,1,85,55,68,1.0
2022-23,1610612739,CLE,Cleveland Cavaliers,0022200645,2023-01-14T00:00:00,CLE @ MIN,L,48.0,37,76,0.487,8,28,0.286,20,23,0.87,8,32,40,24,18.0,5,2,5,17,21,102,-8.0,1,57,57,57,8,73,85,49,72,63,70,23,36,14,62,34,51,45,81,72,82,49,23,34,73,76,1.0
2022-23,1610612742,DAL,Dallas Mavericks,0022200647,2023-01-14T00:00:00,DAL @ POR,L,48.0,43,82,0.524,22,46,0.478,11,19,0.579,2,23,25,28,11.0,4,3,4,18,20,119,-17.0,1,41,41,41,10,25,50,13,3,14,8,81,68,82,89,87,90,8,25,68,44,38,16,58,32,85,1.0
2022-23,1610612754,IND,Indiana Pacers,0022200643,2023-01-14T00:00:00,IND vs. MEM,L,48.0,38,103,0.369,11,47,0.234,25,28,0.893,16,33,49,26,20.0,5,8,8,20,21,112,-18.0,1,40,40,40,4,68,3,89,58,4,85,12,19,13,8,35,9,51,84,69,13,74,34,37,53,80,1.0
2022-23,1610612763,MEM,Memphis Grizzlies,0022200643,2023-01-14T00:00:00,MEM @ IND,W,48.0,48,87,0.552,12,32,0.375,22,28,0.786,7,38,45,32,16.0,11,8,8,21,20,130,18.0,1,1,1,1,6,19,71,7,35,59,29,18,27,30,86,23,55,9,68,20,13,81,58,42,13,14,1.0
2022-23,1610612748,MIA,Miami Heat,0022200641,2023-01-14T00:00:00,MIA vs. MIL,W,48.0,45,87,0.517,11,22,0.5,10,12,0.833,13,38,51,17,11.0,9,3,2,14,13,111,16.0,1,1,1,1,7,13,45,16,65,117,6,112,114,54,18,7,4,110,26,32,52,15,11,112,44,13,1.0
2022-23,1610612749,MIL,Milwaukee Bucks,0022200641,2023-01-14T00:00:00,MIL @ MIA,L,48.0,34,84,0.405,19,48,0.396,8,12,0.667,7,25,32,26,10.0,7,2,3,13,14,95,-16.0,1,63,63,63,7,86,73,85,12,14,33,92,88,75,78,96,96,42,8,34,79,28,4,84,90,83,1.0
2022-23,1610612750,MIN,Minnesota Timberwolves,0022200645,2023-01-14T00:00:00,MIN vs. CLE,W,48.0,45,80,0.563,9,28,0.321,11,15,0.733,4,27,31,22,15.0,10,5,2,21,17,110,8.0,1,1,1,1,8,26,77,11,74,74,67,85,88,63,90,81,94,73,41,24,44,12,39,76,63,22,1.0
2022-23,1610612755,PHI,Philadelphia 76ers,0022200646,2023-01-14T00:00:00,PHI @ UTA,W,48.0,40,89,0.449,17,39,0.436,21,26,0.808,9,28,37,23,8.0,5,5,6,17,24,118,1.0,1,1,1,1,8,42,20,68,10,9,29,47,43,70,44,79,78,57,4,84,40,65,19,9,33,64,1.0
2022-23,1610612757,POR,Portland Trail Blazers,0022200647,2023-01-14T00:00:00,POR vs. DAL,W,48.0,49,88,0.557,17,41,0.415,21,22,0.955,10,37,47,34,12.0,7,4,3,20,18,136,17.0,1,1,1,1,3,4,26,7,8,11,27,37,59,6,38,10,11,1,21,37,45,25,39,66,4,6,1.0
2022-23,1610612761,TOR,Toronto Raptors,0022200644,2023-01-14T00:00:00,TOR vs. ATL,L,48.0,36,87,0.414,7,29,0.241,24,30,0.8,11,32,43,19,14.0,9,3,4,19,22,103,-11.0,1,49,49,49,8,76,59,77,78,62,79,14,17,33,58,27,45,75,60,48,69,33,32,28,73,77,1.0
2022-23,1610612762,UTA,Utah Jazz,0022200646,2023-01-14T00:00:00,UTA vs. PHI,L,48.0,43,90,0.478,12,40,0.3,19,23,0.826,10,38,48,20,12.0,5,6,5,24,17,117,-1.0,1,42,42,42,6,35,38,36,52,28,64,40,46,29,59,19,29,77,15,54,28,43,75,72,45,42,1.0
2022-23,1610612751,BKN,Brooklyn Nets,0022200651,2023-01-15T00:00:00,BKN vs. OKC,L,48.0,39,91,0.429,12,41,0.293,12,19,0.632,14,37,51,24,16.0,4,7,7,21,14,102,-10.0,1,51,51,51,3,54,12,74,45,9,80,78,63,92,7,14,4,51,63,76,24,86,49,79,69,74,1.0
2022-23,1610612741,CHI,Chicago Bulls,0022200650,2023-01-15T00:00:00,CHI vs. GSW,W,48.0,48,95,0.505,15,39,0.385,21,24,0.875,7,31,38,29,10.0,12,1,4,18,22,132,14.0,1,1,1,1,8,10,6,38,10,3,38,21,31,22,54,59,64,16,14,6,85,32,32,20,4,21,1.0
2022-23,1610612742,DAL,Dallas Mavericks,0022200654,2023-01-15T00:00:00,DAL @ POR,L,48.0,41,89,0.461,14,42,0.333,27,33,0.818,13,26,39,31,9.0,3,2,6,29,29,123,-17.0,1,41,41,41,10,34,19,50,45,35,58,9,12,26,5,71,36,3,12,82,70,75,84,4,22,85,1.0
2022-23,1610612743,DEN,Denver Nuggets,0022200653,2023-01-15T00:00:00,DEN vs. ORL,W,48.0,48,89,0.539,13,39,0.333,10,19,0.526,12,29,41,32,16.0,10,5,2,22,17,119,3.0,1,1,1,1,5,13,29,24,35,6,70,104,79,108,30,83,64,19,71,17,30,4,90,82,40,65,1.0
2022-23,1610612765,DET,Detroit Pistons,0022200648,2023-01-15T00:00:00,DET vs. NYK,L,48.0,37,83,0.446,18,44,0.409,12,15,0.8,9,29,38,23,12.0,4,4,6,22,12,104,-13.0,1,21,21,21,5,53,60,51,2,4,24,81,81,36,55,61,65,39,14,76,32,50,38,89,62,60,1.0
2022-23,1610612744,GSW,Golden State Warriors,0022200650,2023-01-15T00:00:00,GSW @ CHI,L,48.0,41,83,0.494,21,51,0.412,15,22,0.682,7,33,40,35,23.0,6,4,1,22,18,118,-14.0,1,55,55,55,6,60,83,41,9,9,31,55,42,89,87,53,78,13,103,65,47,2,49,55,55,92,1.0
2022-23,1610612745,HOU,Houston Rockets,0022200649,2023-01-15T00:00:00,HOU @ LAC,L,48.0,38,84,0.452,7,31,0.226,17,23,0.739,10,29,39,22,20.0,8,6,6,17,16,100,-21.0,1,28,28,28,3,56,69,46,71,48,84,51,54,48,70,67,78,46,74,41,19,40,17,79,73,82,1.0
2022-23,1610612747,LAL,Los Angeles Lakers,0022200655,2023-01-15T00:00:00,LAL vs. PHI,L,48.0,48,87,0.552,6,20,0.3,10,13,0.769,4,34,38,28,11.0,4,6,7,19,16,112,-1.0,1,59,59,59,10,12,62,7,103,107,77,108,112,59,110,63,91,23,23,86,32,87,62,104,64,59,1.0
2022-23,1610612752,NYK,New York Knicks,0022200648,2023-01-15T00:00:00,NYK @ DET,W,48.0,40,88,0.455,12,30,0.4,25,31,0.806,18,34,52,17,8.0,3,6,4,12,22,117,13.0,1,1,1,1,11,54,49,57,44,80,25,13,18,31,10,36,17,86,4,88,18,33,2,36,38,22,1.0
2022-23,1610612760,OKC,Oklahoma City Thunder,0022200651,2023-01-15T00:00:00,OKC @ BKN,W,48.0,40,90,0.444,12,31,0.387,20,26,0.769,11,39,50,21,9.0,5,7,7,14,21,112,10.0,1,1,1,1,7,63,55,63,39,66,34,32,27,65,44,10,15,67,8,81,10,67,4,36,59,25,1.0
2022-23,1610612753,ORL,Orlando Magic,0022200653,2023-01-15T00:00:00,ORL @ DEN,L,48.0,41,84,0.488,7,29,0.241,27,34,0.794,10,29,39,24,13.0,7,2,5,17,22,116,-3.0,1,41,41,41,5,41,52,34,81,56,82,7,7,40,45,68,70,30,25,50,73,43,15,29,25,43,1.0
2022-23,1610612755,PHI,Philadelphia 76ers,0022200655,2023-01-15T00:00:00,PHI @ LAL,W,48.0,43,85,0.506,12,34,0.353,15,19,0.789,5,33,38,29,10.0,3,7,6,16,19,113,1.0,1,1,1,1,8,25,36,32,52,43,68,79,76,80,91,39,71,15,16,99,15,65,15,54,50,64,1.0
2022-23,1610612757,POR,Portland Trail Blazers,0022200654,2023-01-15T00:00:00,POR vs. DAL,W,48.0,43,85,0.506,17,44,0.386,37,42,0.881,8,33,41,28,8.0,3,6,2,29,29,140,17.0,1,1,1,1,3,18,42,23,8,6,36,2,3,18,59,32,45,17,3,83,22,7,89,6,2,6,1.0
2022-23,1610612758,SAC,Sacramento Kings,0022200652,2023-01-15T00:00:00,SAC @ SAS,W,48.0,49,89,0.551,14,30,0.467,20,25,0.8,7,31,38,24,6.0,5,2,3,19,21,132,13.0,1,1,1,1,6,8,39,13,36,86,11,44,48,48,79,62,76,60,2,71,71,20,31,46,19,23,1.0
2022-23,1610612759,SAS,San Antonio Spurs,0022200652,2023-01-15T00:00:00,SAS vs. SAC,L,48.0,48,93,0.516,10,26,0.385,13,20,0.65,11,29,40,27,10.0,1,3,2,21,19,119,-13.0,1,25,25,25,7,13,39,22,50,74,28,57,45,74,51,61,63,36,3,91,53,6,54,37,26,59,1.0
2022-23,1610612737,ATL,Atlanta Hawks,0022200661,2023-01-16T00:00:00,ATL vs. MIA,W,48.0,45,76,0.592,13,27,0.481,18,22,0.818,2,26,28,27,16.0,9,5,4,17,22,121,8.0,1,1,1,1,7,32,93,2,18,71,10,42,42,46,98,88,96,26,72,22,34,31,26,20,35,26,1.0
2022-23,1610612738,BOS,Boston Celtics,0022200656,2023-01-16T00:00:00,BOS @ CHA,W,48.0,43,87,0.494,20,43,0.465,24,25,0.96,14,33,47,34,12.0,1,4,2,21,18,130,12.0,1,1,1,1,15,40,54,36,16,49,13,14,32,5,11,66,37,6,33,110,69,11,69,58,14,32,1.0
2022-23,1610612766,CHA,Charlotte Hornets,0022200656,2023-01-16T00:00:00,CHA vs. BOS,L,48.0,41,90,0.456,13,31,0.419,23,30,0.767,13,25,38,26,5.0,7,2,4,18,21,118,-12.0,1,30,30,30,6,40,40,45,17,53,10,11,10,39,28,88,74,28,2,50,80,19,26,35,19,60,1.0
2022-23,1610612739,CLE,Cleveland Cavaliers,0022200658,2023-01-16T00:00:00,CLE vs. NOP,W,48.0,39,80,0.488,9,28,0.321,26,33,0.788,13,30,43,22,15.0,5,4,1,19,23,113,10.0,1,1,1,1,8,63,68,47,65,63,60,6,7,54,10,50,29,61,64,72,50,2,45,19,46,31,1.0
2022-23,1610612744,GSW,Golden State Warriors,0022200660,2023-01-16T00:00:00,GSW @ WAS,W,48.0,45,91,0.495,18,44,0.409,19,21,0.905,9,34,43,28,12.0,8,1,2,23,21,127,9.0,1,1,1,1,6,29,39,40,27,41,34,27,45,14,62,44,57,55,9,35,99,12,64,36,17,30,1.0
2022-23,1610612745,HOU,Houston Rockets,0022200664,2023-01-16T00:00:00,HOU @ LAL,L,48.0,49,100,0.49,11,30,0.367,23,31,0.742,17,31,48,28,8.0,0,7,5,25,19,132,-8.0,1,28,28,28,3,4,4,20,33,55,23,19,14,45,11,57,33,9,2,91,10,24,76,56,5,42,1.0
2022-23,1610612754,IND,Indiana Pacers,0022200657,2023-01-16T00:00:00,IND @ MIL,L,48.0,43,84,0.512,19,40,0.475,14,15,0.933,4,33,37,29,16.0,6,5,1,17,14,119,-13.0,1,40,40,40,4,29,66,18,7,28,9,70,82,8,88,35,69,23,50,61,41,1,7,86,34,68,1.0
2022-23,1610612747,LAL,Los Angeles Lakers,0022200664,2023-01-16T00:00:00,LAL vs. HOU,W,48.0,49,91,0.538,12,33,0.364,30,35,0.857,9,30,39,23,2.0,4,5,7,19,25,140,8.0,1,1,1,1,10,7,38,16,27,39,42,10,13,22,64,88,88,72,1,86,42,87,62,22,2,33,1.0
2022-23,1610612763,MEM,Memphis Grizzlies,0022200663,2023-01-16T00:00:00,MEM vs. PHX,W,48.0,52,98,0.531,16,37,0.432,16,20,0.8,13,38,51,29,11.0,8,6,4,19,22,136,30.0,1,1,1,1,6,4,15,14,13,27,19,55,64,24,37,23,20,18,17,47,38,26,34,27,4,5,1.0
2022-23,1610612748,MIA,Miami Heat,0022200661,2023-01-16T00:00:00,MIA @ ATL,L,48.0,43,89,0.483,8,31,0.258,19,20,0.95,12,29,41,30,16.0,10,4,5,22,17,113,-8.0,1,66,66,66,7,25,34,34,98,80,105,51,74,8,26,71,57,12,89,23,25,78,85,95,35,89,1.0
2022-23,1610612749,MIL,Milwaukee Bucks,0022200657,2023-01-16T00:00:00,MIL vs. IND,W,48.0,48,91,0.527,23,46,0.5,13,15,0.867,9,32,41,32,14.0,9,1,5,14,17,132,13.0,1,1,1,1,7,14,36,22,3,20,5,72,80,10,57,74,79,8,39,15,88,65,11,68,12,17,1.0
2022-23,1610612750,MIN,Minnesota Timberwolves,0022200662,2023-01-16T00:00:00,MIN vs. UTA,L,48.0,46,101,0.455,18,41,0.439,15,18,0.833,16,25,41,28,6.0,9,6,5,20,12,125,-1.0,1,51,51,51,8,17,3,68,6,10,14,68,79,18,2,90,52,29,1,35,29,53,30,95,18,51,1.0
2022-23,1610612740,NOP,New Orleans Pelicans,0022200658,2023-01-16T00:00:00,NOP @ CLE,L,48.0,38,75,0.507,10,27,0.37,17,22,0.773,3,25,28,26,17.0,9,1,4,23,19,103,-10.0,1,50,50,50,8,71,89,22,52,62,44,60,57,57,93,87,92,40,67,30,84,31,68,58,74,72,1.0
2022-23,1610612752,NYK,New York Knicks,0022200659,2023-01-16T00:00:00,NYK vs. TOR,L,53.0,42,99,0.424,9,31,0.29,28,35,0.8,20,34,54,17,12.0,3,5,12,28,25,121,-2.0,1,60,60,60,2,41,10,79,77,71,72,4,4,32,2,36,8,86,32,88,25,101,96,8,27,61,1.0
2022-23,1610612756,PHX,Phoenix Suns,0022200663,2023-01-16T00:00:00,PHX @ MEM,L,48.0,39,89,0.438,10,33,0.303,18,19,0.947,9,28,37,33,15.0,4,4,6,22,19,106,-30.0,1,56,56,56,5,68,48,72,60,41,76,46,68,5,68,77,81,7,65,84,61,77,47,63,71,101,1.0
2022-23,1610612761,TOR,Toronto Raptors,0022200659,2023-01-16T00:00:00,TOR @ NYK,W,53.0,38,96,0.396,13,44,0.295,34,41,0.829,14,28,42,27,6.0,8,12,5,25,28,123,2.0,1,1,1,1,1,63,19,83,18,2,59,1,1,23,31,59,53,19,2,58,1,58,79,4,14,47,1.0
2022-23,1610612762,UTA,Utah Jazz,0022200662,2023-01-16T00:00:00,UTA @ MIN,W,48.0,45,84,0.536,13,34,0.382,23,28,0.821,14,36,50,25,18.0,0,5,6,12,20,126,1.0,1,1,1,1,6,23,68,9,39,60,31,17,22,31,29,33,19,45,67,94,43,57,1,47,13,34,1.0
2022-23,1610612764,WAS,Washington Wizards,0022200660,2023-01-16T00:00:00,WAS vs. GSW,L,48.0,42,86,0.488,14,35,0.4,20,23,0.87,6,30,36,31,14.0,7,2,1,21,23,118,-9.0,1,40,40,40,4,35,37,40,19,23,27,24,34,20,68,71,79,10,38,37,78,2,59,17,26,62,1.0
2022-23,1610612751,BKN,Brooklyn Nets,0022200666,2023-01-17T00:00:00,BKN @ SAS,L,48.0,37,88,0.42,3,23,0.13,21,24,0.875,10,39,49,22,21.0,10,8,4,26,22,98,-8.0,1,51,51,51,3,67,24,79,95,92,95,25,36,19,23,9,6,62,90,14,15,46,81,18,80,66,1.0
2022-23,1610612743,DEN,Denver Nuggets,0022200667,2023-01-17T00:00:00,DEN vs. POR,W,48.0,44,88,0.5,11,32,0.344,23,28,0.821,11,31,42,32,12.0,8,6,4,15,24,122,9.0,1,1,1,1,5,39,38,51,59,48,67,11,17,36,37,68,58,19,30,38,22,44,12,15,24,40,1.0
2022-23,1610612749,MIL,Milwaukee Bucks,0022200665,2023-01-17T00:00:00,MIL vs. TOR,W,48.0,46,86,0.535,19,39,0.487,19,21,0.905,6,36,42,24,12.0,5,5,5,19,14,130,8.0,1,1,1,1,7,23,61,16,12,50,7,27,50,5,91,47,73,52,17,56,36,65,56,84,14,43,1.0
2022-23,1610612755,PHI,Philadelphia 76ers,0022200668,2023-01-17T00:00:00,PHI @ LAC,W,48.0,39,73,0.534,13,31,0.419,29,34,0.853,8,25,33,25,15.0,12,4,5,17,23,120,10.0,1,1,1,1,8,55,99,12,41,58,39,6,9,41,57,94,94,41,60,10,56,50,19,17,24,31,1.0
2022-23,1610612757,POR,Portland Trail Blazers,0022200667,2023-01-17T00:00:00,POR @ DEN,L,48.0,38,83,0.458,13,40,0.325,24,25,0.96,5,30,35,21,13.0,3,4,6,24,15,113,-9.0,1,39,39,39,3,54,52,54,35,14,60,22,43,5,84,53,76,59,30,83,45,69,72,87,35,58,1.0
2022-23,1610612759,SAS,San Antonio Spurs,0022200666,2023-01-17T00:00:00,SAS vs. BKN,W,48.0,37,97,0.381,7,34,0.206,25,28,0.893,13,41,54,23,16.0,12,4,8,22,26,106,8.0,1,1,1,1,7,72,23,82,80,33,87,3,15,5,34,2,3,67,48,2,34,76,65,7,59,11,1.0
2022-23,1610612761,TOR,Toronto Raptors,0022200665,2023-01-17T00:00:00,TOR @ MIL,L,48.0,46,101,0.455,13,35,0.371,17,27,0.63,20,30,50,20,9.0,7,5,5,14,19,122,-8.0,1,49,49,49,8,18,11,41,18,23,25,50,29,87,6,41,13,67,19,68,39,58,4,50,18,70,1.0
2022-23,1610612737,ATL,Atlanta Hawks,0022200670,2023-01-18T00:00:00,ATL @ DAL,W,48.0,49,86,0.57,13,26,0.5,19,20,0.95,7,28,35,28,12.0,7,4,3,23,19,130,8.0,1,1,1,1,7,18,74,6,18,78,5,37,57,5,76,78,90,15,36,38,51,14,80,46,12,26,1.0
2022-23,1610612766,CHA,Charlotte Hornets,0022200671,2023-01-18T00:00:00,CHA @ HOU,W,48.0,48,96,0.5,9,36,0.25,17,25,0.68,11,26,37,27,10.0,14,10,5,20,22,122,5.0,1,1,1,1,6,7,16,20,57,23,73,49,38,72,44,84,77,20,8,4,6,38,46,24,10,21,1.0
2022-23,1610612739,CLE,Cleveland Cavaliers,0022200672,2023-01-18T00:00:00,CLE @ MEM,L,48.0,42,82,0.512,16,35,0.457,14,21,0.667,11,36,47,29,19.0,4,7,7,17,19,114,-1.0,1,57,57,57,8,35,64,28,8,22,16,68,49,84,30,16,15,17,86,84,7,82,23,51,34,57,1.0
2022-23,1610612742,DAL,Dallas Mavericks,0022200670,2023-01-18T00:00:00,DAL vs. ATL,L,48.0,44,84,0.524,16,42,0.381,18,24,0.75,10,21,31,26,16.0,5,3,4,19,23,122,-8.0,1,41,41,41,10,17,38,14,35,35,41,44,51,48,17,89,79,19,73,54,44,38,25,28,24,68,1.0
2022-23,1610612743,DEN,Denver Nuggets,0022200676,2023-01-18T00:00:00,DEN vs. MIN,W,48.0,45,85,0.529,8,21,0.381,24,32,0.75,8,26,34,27,16.0,10,2,10,19,27,122,4.0,1,1,1,1,5,30,56,32,89,107,47,8,10,63,75,104,103,65,71,17,88,112,53,6,24,62,1.0
2022-23,1610612745,HOU,Houston Rockets,0022200671,2023-01-18T00:00:00,HOU vs. CHA,L,48.0,46,91,0.505,10,32,0.313,15,20,0.75,12,35,47,21,20.0,4,5,10,22,20,117,-5.0,1,28,28,28,3,13,27,14,46,45,50,67,69,40,55,27,42,52,74,74,34,84,53,45,22,32,1.0
2022-23,1610612754,IND,Indiana Pacers,0022200674,2023-01-18T00:00:00,IND @ OKC,L,48.0,39,94,0.415,12,33,0.364,16,24,0.667,20,28,48,23,24.0,9,10,7,19,25,106,-20.0,1,40,40,40,4,61,22,78,46,61,43,58,38,82,1,64,13,67,90,26,5,63,25,8,69,83,1.0
2022-23,1610612747,LAL,Los Angeles Lakers,0022200677,2023-01-18T00:00:00,LAL vs. SAC,L,48.0,43,89,0.483,11,34,0.324,14,18,0.778,6,30,36,26,7.0,9,3,5,20,14,111,-5.0,1,59,59,59,10,41,51,49,37,32,62,95,94,54,95,88,106,40,5,16,82,54,75,112,68,73,1.0
2022-23,1610612763,MEM,Memphis Grizzlies,0022200672,2023-01-18T00:00:00,MEM vs. CLE,W,48.0,44,97,0.454,11,34,0.324,16,22,0.727,15,27,42,22,8.0,10,7,7,19,17,115,1.0,1,1,1,1,6,39,20,61,50,46,60,55,52,65,20,88,72,75,5,29,22,69,34,70,46,60,1.0
2022-23,1610612748,MIA,Miami Heat,0022200673,2023-01-18T00:00:00,MIA @ NOP,W,48.0,50,94,0.532,12,35,0.343,12,16,0.75,10,33,43,37,11.0,11,2,3,17,17,124,26.0,1,1,1,1,7,1,14,12,54,46,54,100,99,90,49,39,43,2,26,16,81,29,33,95,11,3,1.0
2022-23,1610612750,MIN,Minnesota Timberwolves,0022200676,2023-01-18T00:00:00,MIN @ DEN,L,48.0,42,81,0.519,12,32,0.375,22,28,0.786,12,24,36,26,19.0,6,10,2,27,19,118,-4.0,1,51,51,51,8,41,72,24,39,56,36,18,24,38,14,94,76,39,79,69,4,12,89,60,31,59,1.0
2022-23,1610612740,NOP,New Orleans Pelicans,0022200673,2023-01-18T00:00:00,NOP vs. MIA,L,48.0,37,80,0.463,13,30,0.433,11,18,0.611,9,29,38,27,18.0,5,3,2,17,17,98,-26.0,1,50,50,50,8,76,77,59,19,38,17,87,77,93,57,68,75,34,79,77,63,9,13,73,86,93,1.0
2022-23,1610612752,NYK,New York Knicks,0022200669,2023-01-18T00:00:00,NYK vs. WAS,L,48.0,40,96,0.417,7,26,0.269,18,27,0.667,20,29,49,14,9.0,9,4,9,20,23,105,-11.0,1,60,60,60,11,54,16,84,93,97,84,53,36,81,2,87,33,99,12,18,40,97,46,24,73,89,1.0
2022-23,1610612760,OKC,Oklahoma City Thunder,0022200674,2023-01-18T00:00:00,OKC vs. IND,W,48.0,47,93,0.505,16,38,0.421,16,21,0.762,13,29,42,41,19.0,12,7,10,25,19,126,20.0,1,1,1,1,7,15,36,22,14,23,21,66,58,68,21,67,51,2,85,5,10,91,78,58,20,8,1.0
2022-23,1610612758,SAC,Sacramento Kings,0022200677,2023-01-18T00:00:00,SAC @ LAL,W,48.0,43,87,0.494,9,30,0.3,21,27,0.778,14,33,47,23,11.0,3,5,3,14,20,116,5.0,1,1,1,1,6,48,52,44,86,86,77,36,38,58,7,43,24,70,25,90,14,20,7,58,59,45,1.0
2022-23,1610612762,UTA,Utah Jazz,0022200675,2023-01-18T00:00:00,UTA vs. LAC,W,48.0,45,87,0.517,19,32,0.594,17,22,0.773,9,35,44,26,8.0,4,7,6,19,20,126,23.0,1,1,1,1,6,23,54,15,4,69,1,52,54,50,68,38,58,39,2,70,19,57,33,47,13,1,1.0
2022-23,1610612764,WAS,Washington Wizards,0022200669,2023-01-18T00:00:00,WAS @ NYK,W,48.0,42,95,0.442,16,42,0.381,16,19,0.842,18,34,52,28,14.0,5,9,4,23,20,116,11.0,1,1,1,1,4,35,13,66,8,6,36,53,62,30,2,40,8,20,38,63,8,27,72,33,33,17,1.0
2022-23,1610612738,BOS,Boston Celtics,0022200679,2023-01-19T00:00:00,BOS vs. GSW,W,53.0,43,108,0.398,13,41,0.317,22,30,0.733,18,45,63,21,17.0,10,5,7,19,26,121,3.0,1,1,1,1,2,40,2,102,71,60,82,20,12,87,5,6,1,94,89,9,49,93,54,5,41,67,1.0
2022-23,1610612751,BKN,Brooklyn Nets,0022200681,2023-01-19T00:00:00,BKN @ PHX,L,48.0,43,82,0.524,11,26,0.423,15,25,0.6,2,32,34,27,13.0,10,6,3,34,23,112,-5.0,1,51,51,51,3,27,53,27,60,84,26,58,31,93,94,46,80,22,35,14,37,23,95,12,43,59,1.0
2022-23,1610612741,CHI,Chicago Bulls,0022200678,2023-01-19T00:00:00,CHI @ DET,W,48.0,50,92,0.543,7,23,0.304,19,21,0.905,11,37,48,23,14.0,11,8,3,17,15,126,18.0,1,1,1,1,8,4,18,16,67,77,64,29,53,8,18,23,17,54,43,11,7,14,26,79,13,12,1.0
2022-23,1610612765,DET,Detroit Pistons,0022200678,2023-01-19T00:00:00,DET vs. CHI,L,48.0,39,97,0.402,8,34,0.235,22,27,0.815,17,32,49,25,17.0,7,3,8,15,17,108,-18.0,1,21,21,21,5,42,6,79,69,31,83,31,33,27,5,37,14,27,63,41,47,73,2,75,48,70,1.0
2022-23,1610612744,GSW,Golden State Warriors,0022200679,2023-01-19T00:00:00,GSW @ BOS,L,53.0,40,100,0.4,18,52,0.346,20,23,0.87,8,39,47,28,16.0,10,7,5,26,19,118,-3.0,1,55,55,55,2,67,9,94,27,6,67,25,37,24,77,19,36,55,47,16,4,67,91,50,55,58,1.0
2022-23,1610612750,MIN,Minnesota Timberwolves,0022200680,2023-01-19T00:00:00,MIN vs. TOR,W,48.0,45,89,0.506,17,40,0.425,21,23,0.913,8,29,37,31,15.0,12,5,6,20,19,128,2.0,1,1,1,1,8,26,32,34,8,16,18,30,51,6,52,70,70,12,41,11,44,72,30,60,11,47,1.0
2022-23,1610612755,PHI,Philadelphia 76ers,0022200682,2023-01-19T00:00:00,PHI @ POR,W,48.0,41,81,0.506,8,26,0.308,15,19,0.789,5,38,43,24,15.0,8,8,3,23,15,105,10.0,1,1,1,1,8,36,64,31,87,93,80,79,76,80,91,10,33,49,60,46,8,17,69,87,69,31,1.0
2022-23,1610612756,PHX,Phoenix Suns,0022200681,2023-01-19T00:00:00,PHX vs. BKN,W,48.0,39,85,0.459,11,28,0.393,28,41,0.683,12,37,49,30,16.0,4,3,6,23,34,117,5.0,1,1,1,1,5,68,74,61,51,72,34,4,2,94,42,19,20,24,75,84,78,77,65,1,37,42,1.0
2022-23,1610612757,POR,Portland Trail Blazers,0022200682,2023-01-19T00:00:00,POR vs. PHI,L,48.0,32,85,0.376,9,37,0.243,22,29,0.759,13,31,44,19,16.0,4,3,8,15,23,95,-10.0,1,39,39,39,3,81,42,90,69,31,85,28,24,60,5,44,29,71,49,77,63,84,5,28,82,62,1.0
2022-23,1610612761,TOR,Toronto Raptors,0022200680,2023-01-19T00:00:00,TOR @ MIN,L,48.0,46,87,0.529,14,28,0.5,20,27,0.741,8,30,38,26,16.0,8,6,5,19,20,126,-2.0,1,49,49,49,8,18,59,8,9,67,2,34,29,63,79,41,76,24,78,58,31,58,32,39,8,51,1.0
2022-23,1610612737,ATL,Atlanta Hawks,0022200684,2023-01-20T00:00:00,ATL vs. NYK,W,48.0,56,100,0.56,13,34,0.382,14,16,0.875,14,25,39,27,7.0,6,4,3,16,15,139,15.0,1,1,1,1,7,1,14,9,18,27,34,77,83,23,20,92,75,26,3,50,51,14,21,86,3,13,1.0
2022-23,1610612751,BKN,Brooklyn Nets,0022200689,2023-01-20T00:00:00,BKN @ UTA,W,48.0,43,80,0.538,18,41,0.439,13,20,0.65,6,36,42,26,11.0,7,6,1,18,18,117,11.0,1,1,1,1,3,27,66,19,3,9,19,75,57,89,57,15,31,31,20,42,37,3,18,54,31,20,1.0
2022-23,1610612739,CLE,Cleveland Cavaliers,0022200685,2023-01-20T00:00:00,CLE vs. GSW,L,48.0,42,84,0.5,14,33,0.424,16,19,0.842,10,25,35,24,15.0,7,8,4,15,19,114,-6.0,1,57,57,57,8,35,51,34,20,30,24,51,62,24,39,83,75,45,64,43,3,30,11,51,34,71,1.0
2022-23,1610612742,DAL,Dallas Mavericks,0022200686,2023-01-20T00:00:00,DAL vs. MIA,W,48.0,37,80,0.463,18,38,0.474,23,28,0.821,10,27,37,21,10.0,7,1,1,22,22,115,25.0,1,1,1,1,10,59,61,48,15,59,9,17,24,25,17,66,50,53,18,29,78,7,52,39,38,4,1.0
2022-23,1610612743,DEN,Denver Nuggets,0022200688,2023-01-20T00:00:00,DEN vs. IND,W,48.0,51,83,0.614,14,28,0.5,18,26,0.692,12,26,38,38,18.0,16,4,2,28,18,134,23.0,1,1,1,1,5,5,75,3,26,73,8,36,24,83,30,104,84,3,89,1,55,4,110,70,3,7,1.0
2022-23,1610612744,GSW,Golden State Warriors,0022200685,2023-01-20T00:00:00,GSW @ CLE,W,48.0,42,86,0.488,23,43,0.535,13,19,0.684,14,31,45,25,18.0,9,4,8,19,15,120,6.0,1,1,1,1,6,50,73,44,6,48,2,75,59,88,20,69,45,78,74,22,47,99,19,86,42,41,1.0
2022-23,1610612754,IND,Indiana Pacers,0022200688,2023-01-20T00:00:00,IND @ DEN,L,48.0,37,84,0.44,8,32,0.25,29,37,0.784,16,23,39,23,21.0,7,2,4,18,28,111,-23.0,1,40,40,40,4,73,66,62,81,66,83,5,4,46,8,83,60,67,86,47,86,25,11,2,56,88,1.0
2022-23,1610612747,LAL,Los Angeles Lakers,0022200690,2023-01-20T00:00:00,LAL vs. MEM,W,48.0,38,93,0.409,13,41,0.317,33,41,0.805,10,37,47,24,10.0,7,7,7,26,31,122,1.0,1,1,1,1,10,83,21,102,18,9,69,3,4,41,46,41,42,59,17,40,20,87,110,2,30,57,1.0
2022-23,1610612763,MEM,Memphis Grizzlies,0022200690,2023-01-20T00:00:00,MEM @ LAL,L,48.0,43,102,0.422,9,29,0.31,26,40,0.65,24,39,63,24,14.0,6,7,7,31,26,121,-1.0,1,61,61,61,6,43,6,81,68,81,65,11,3,89,1,15,2,60,48,70,22,69,101,11,32,61,1.0
2022-23,1610612748,MIA,Miami Heat,0022200686,2023-01-20T00:00:00,MIA @ DAL,L,48.0,33,69,0.478,4,20,0.2,20,27,0.741,5,34,39,15,16.0,3,1,1,22,22,90,-25.0,1,66,66,66,7,98,117,38,119,118,116,42,29,94,108,31,69,115,89,114,107,5,85,37,109,116,1.0
2022-23,1610612740,NOP,New Orleans Pelicans,0022200683,2023-01-20T00:00:00,NOP @ ORL,L,48.0,41,91,0.451,10,35,0.286,18,24,0.75,11,28,39,29,11.0,9,5,5,21,18,110,-13.0,1,50,50,50,8,51,23,65,52,18,75,52,44,67,39,77,71,22,15,30,25,47,45,63,57,79,1.0
2022-23,1610612752,NYK,New York Knicks,0022200684,2023-01-20T00:00:00,NYK @ ATL,L,48.0,49,83,0.59,13,30,0.433,13,17,0.765,9,25,34,27,12.0,5,3,4,15,16,124,-15.0,1,60,60,60,11,9,71,2,35,80,13,89,94,49,78,97,97,14,32,66,61,33,11,94,20,96,1.0
2022-23,1610612760,OKC,Oklahoma City Thunder,0022200691,2023-01-20T00:00:00,OKC @ SAC,L,48.0,45,93,0.484,16,40,0.4,7,11,0.636,8,28,36,21,9.0,4,1,2,20,17,113,-5.0,1,52,52,52,7,24,36,34,14,13,26,96,95,93,79,76,91,67,8,89,90,5,40,78,57,66,1.0
2022-23,1610612753,ORL,Orlando Magic,0022200683,2023-01-20T00:00:00,ORL vs. NOP,W,48.0,39,75,0.52,15,30,0.5,30,34,0.882,5,37,42,28,15.0,2,5,5,18,21,123,13.0,1,1,1,1,5,52,85,13,8,52,5,4,7,12,87,19,51,11,41,88,33,43,21,40,12,8,1.0
2022-23,1610612758,SAC,Sacramento Kings,0022200691,2023-01-20T00:00:00,SAC vs. OKC,W,48.0,41,87,0.471,12,38,0.316,24,28,0.857,13,40,53,25,15.0,1,2,1,17,20,118,5.0,1,1,1,1,6,57,52,60,55,46,70,21,34,22,14,8,7,52,56,100,71,3,17,58,52,45,1.0
2022-23,1610612759,SAS,San Antonio Spurs,0022200687,2023-01-20T00:00:00,SAS vs. LAC,L,48.0,51,89,0.573,14,26,0.538,10,14,0.714,12,22,34,34,7.0,3,1,2,15,13,126,-5.0,1,25,25,25,7,4,51,2,14,74,2,82,82,56,46,90,90,5,2,84,81,6,8,83,14,31,1.0
2022-23,1610612762,UTA,Utah Jazz,0022200689,2023-01-20T00:00:00,UTA vs. BKN,L,48.0,37,88,0.42,16,39,0.41,16,23,0.696,13,33,46,24,11.0,6,1,6,18,18,106,-11.0,1,42,42,42,6,77,47,76,16,37,22,60,46,72,31,49,42,49,8,44,89,57,25,66,74,77,1.0
2022-23,1610612737,ATL,Atlanta Hawks,0022200694,2023-01-21T00:00:00,ATL vs. CHA,L,48.0,45,83,0.542,11,25,0.44,17,20,0.85,6,34,40,24,18.0,5,4,2,20,18,118,-4.0,1,49,49,49,7,32,88,18,44,85,20,48,57,31,83,40,72,51,88,65,51,5,57,61,45,56,1.0
2022-23,1610612738,BOS,Boston Celtics,0022200692,2023-01-21T00:00:00,BOS @ TOR,W,48.0,38,85,0.447,16,35,0.457,14,15,0.933,11,30,41,25,15.0,9,8,9,17,13,106,2.0,1,1,1,1,15,83,70,74,45,88,17,76,91,13,29,85,75,64,66,14,13,109,32,100,89,70,1.0
2022-23,1610612766,CHA,Charlotte Hornets,0022200694,2023-01-21T00:00:00,CHA @ ATL,W,48.0,45,89,0.506,13,34,0.382,19,22,0.864,6,30,36,28,12.0,11,2,4,18,20,122,4.0,1,1,1,1,6,16,45,19,17,31,23,35,56,15,80,64,86,14,22,10,80,19,26,44,10,24,1.0
2022-23,1610612739,CLE,Cleveland Cavaliers,0022200695,2023-01-21T00:00:00,CLE vs. MIL,W,48.0,48,86,0.558,7,22,0.318,11,17,0.647,9,32,41,33,9.0,9,3,6,13,17,114,12.0,1,1,1,1,8,4,40,10,81,91,63,86,76,86,52,34,41,2,9,14,68,65,2,71,34,25,1.0
2022-23,1610612745,HOU,Houston Rockets,0022200696,2023-01-21T00:00:00,HOU @ MIN,L,48.0,38,79,0.481,9,24,0.375,19,33,0.576,15,41,56,24,23.0,4,6,9,19,26,104,-9.0,1,28,28,28,3,56,84,26,54,77,20,38,10,90,25,5,7,27,83,74,19,76,29,7,64,50,1.0
2022-23,1610612754,IND,Indiana Pacers,0022200697,2023-01-21T00:00:00,IND @ PHX,L,48.0,36,96,0.375,13,37,0.351,22,26,0.846,11,37,48,22,15.0,10,4,8,29,20,107,-5.0,1,40,40,40,4,80,15,88,38,43,51,21,31,19,36,11,13,76,40,15,64,74,87,46,66,49,1.0
2022-23,1610612749,MIL,Milwaukee Bucks,0022200695,2023-01-21T00:00:00,MIL @ CLE,L,48.0,39,86,0.453,14,39,0.359,10,11,0.909,7,29,36,24,16.0,3,6,3,17,13,102,-12.0,1,63,63,63,7,58,61,60,44,50,50,84,91,4,78,88,92,52,52,88,22,28,36,89,79,80,1.0
2022-23,1610612750,MIN,Minnesota Timberwolves,0022200696,2023-01-21T00:00:00,MIN vs. HOU,W,48.0,38,83,0.458,17,41,0.415,20,24,0.833,3,27,30,20,12.0,12,9,6,26,19,113,9.0,1,1,1,1,8,77,60,66,8,10,22,34,42,18,98,81,96,85,18,11,8,72,84,60,48,19,1.0
2022-23,1610612753,ORL,Orlando Magic,0022200693,2023-01-21T00:00:00,ORL @ WAS,L,48.0,42,90,0.467,14,34,0.412,20,24,0.833,9,32,41,24,11.0,3,10,5,19,18,118,-20.0,1,41,41,41,5,26,24,47,12,28,20,34,47,25,51,49,58,30,9,82,2,43,31,64,21,86,1.0
2022-23,1610612755,PHI,Philadelphia 76ers,0022200698,2023-01-21T00:00:00,PHI @ SAC,W,48.0,49,93,0.527,12,28,0.429,19,23,0.826,16,30,46,27,15.0,4,3,5,26,20,129,2.0,1,1,1,1,8,6,10,16,52,80,32,53,52,55,5,64,18,28,60,92,72,50,94,43,12,62,1.0
2022-23,1610612756,PHX,Phoenix Suns,0022200697,2023-01-21T00:00:00,PHX vs. IND,W,48.0,38,91,0.418,12,31,0.387,24,35,0.686,14,41,55,27,15.0,9,8,4,20,29,112,5.0,1,1,1,1,5,78,41,87,43,54,38,13,3,93,24,4,4,44,65,23,11,45,33,4,52,42,1.0
2022-23,1610612758,SAC,Sacramento Kings,0022200698,2023-01-21T00:00:00,SAC vs. PHI,L,48.0,46,84,0.548,13,33,0.394,22,29,0.759,4,25,29,28,9.0,6,5,3,20,26,127,-2.0,1,62,62,62,6,28,72,15,48,67,36,31,24,62,94,93,99,35,11,63,14,20,41,3,25,63,1.0
2022-23,1610612761,TOR,Toronto Raptors,0022200692,2023-01-21T00:00:00,TOR vs. BOS,L,48.0,46,86,0.535,7,19,0.368,5,7,0.714,6,35,41,24,14.0,7,9,8,13,17,104,-2.0,1,49,49,49,8,18,66,6,78,93,27,90,91,73,90,15,57,37,60,68,5,85,1,63,70,51,1.0
2022-23,1610612764,WAS,Washington Wizards,0022200693,2023-01-21T00:00:00,WAS vs. ORL,W,48.0,51,95,0.537,18,34,0.529,18,25,0.72,9,37,46,34,8.0,6,5,10,18,19,138,20.0,1,1,1,1,4,3,13,15,4,27,3,42,27,69,40,21,29,2,4,50,36,86,29,43,2,7,1.0
2022-23,1610612751,BKN,Brooklyn Nets,0022200704,2023-01-22T00:00:00,BKN @ GSW,W,48.0,43,79,0.544,14,27,0.519,20,31,0.645,9,33,42,30,16.0,4,7,2,22,24,120,4.0,1,1,1,1,3,27,77,15,24,80,6,32,10,91,30,33,31,15,63,76,24,10,59,7,25,37,1.0
2022-23,1610612742,DAL,Dallas Mavericks,0022200701,2023-01-22T00:00:00,DAL vs. LAC,L,48.0,35,80,0.438,13,35,0.371,15,26,0.577,12,26,38,15,10.0,3,3,3,21,23,98,-14.0,1,41,41,41,10,65,61,63,55,70,42,62,36,83,7,71,44,84,18,82,44,24,44,28,78,82,1.0
2022-23,1610612743,DEN,Denver Nuggets,0022200702,2023-01-22T00:00:00,DEN vs. OKC,L,48.0,36,82,0.439,10,28,0.357,17,33,0.515,10,32,42,22,9.0,7,5,5,16,24,99,-2.0,1,75,75,75,5,101,81,98,72,73,61,45,9,109,53,60,58,91,6,54,30,64,22,15,96,77,1.0
2022-23,1610612744,GSW,Golden State Warriors,0022200704,2023-01-22T00:00:00,GSW vs. BKN,L,48.0,41,90,0.456,13,32,0.406,21,27,0.778,10,32,42,28,12.0,10,2,7,24,22,116,-4.0,1,55,55,55,6,60,50,66,71,94,36,20,13,57,51,60,63,55,9,16,85,91,78,23,59,66,1.0
2022-23,1610612747,LAL,Los Angeles Lakers,0022200705,2023-01-22T00:00:00,LAL @ POR,W,48.0,45,86,0.523,10,30,0.333,21,27,0.778,10,41,51,23,13.0,5,5,7,19,24,121,9.0,1,1,1,1,10,25,68,23,54,60,56,48,50,54,46,21,27,72,39,70,42,87,62,28,35,29,1.0
2022-23,1610612763,MEM,Memphis Grizzlies,0022200703,2023-01-22T00:00:00,MEM @ PHX,L,48.0,40,92,0.435,11,32,0.344,19,27,0.704,15,37,52,28,20.0,8,4,5,22,26,110,-2.0,1,61,61,61,6,64,41,73,50,59,46,35,32,76,20,29,15,23,92,47,65,40,69,11,62,63,1.0
2022-23,1610612748,MIA,Miami Heat,0022200699,2023-01-22T00:00:00,MIA vs. NOP,W,48.0,35,80,0.438,8,34,0.235,22,27,0.815,12,30,42,17,22.0,16,1,4,14,22,100,4.0,1,1,1,1,7,84,86,73,98,59,112,29,29,62,26,64,50,110,118,3,107,51,11,37,88,42,1.0
2022-23,1610612740,NOP,New Orleans Pelicans,0022200699,2023-01-22T00:00:00,NOP @ MIA,L,48.0,37,78,0.474,8,30,0.267,14,18,0.778,8,33,41,24,25.0,17,4,1,22,14,96,-4.0,1,50,50,50,8,76,83,52,67,38,81,77,77,52,66,48,63,58,93,1,43,2,59,88,88,56,1.0
2022-23,1610612752,NYK,New York Knicks,0022200700,2023-01-22T00:00:00,NYK @ TOR,L,48.0,40,82,0.488,18,41,0.439,18,26,0.692,14,33,47,30,17.0,4,4,4,24,20,116,-9.0,1,60,60,60,11,54,78,36,4,14,11,53,41,73,28,50,45,5,83,79,40,33,79,56,43,85,1.0
2022-23,1610612760,OKC,Oklahoma City Thunder,0022200702,2023-01-22T00:00:00,OKC @ DEN,W,48.0,40,89,0.449,7,26,0.269,14,16,0.875,14,36,50,21,8.0,4,5,5,24,16,101,2.0,1,1,1,1,7,63,58,60,90,86,84,75,85,17,14,24,15,67,4,89,30,41,74,85,81,47,1.0
2022-23,1610612756,PHX,Phoenix Suns,0022200703,2023-01-22T00:00:00,PHX vs. MEM,W,48.0,39,88,0.443,13,35,0.371,21,25,0.84,6,34,40,25,17.0,10,5,4,26,22,112,2.0,1,1,1,1,5,68,57,68,29,31,43,24,33,33,94,33,70,56,83,12,45,45,86,30,52,53,1.0
2022-23,1610612757,POR,Portland Trail Blazers,0022200705,2023-01-22T00:00:00,POR vs. LAL,L,48.0,37,86,0.43,17,46,0.37,21,25,0.84,11,27,38,24,12.0,5,7,5,24,19,112,-9.0,1,39,39,39,3,61,36,72,8,3,41,37,43,27,22,68,57,39,21,58,10,48,72,52,39,58,1.0
2022-23,1610612761,TOR,Toronto Raptors,0022200700,2023-01-22T00:00:00,TOR vs. NYK,W,48.0,41,90,0.456,15,34,0.441,28,35,0.8,17,28,45,21,8.0,12,4,4,20,24,125,9.0,1,1,1,1,8,45,43,39,4,26,5,6,11,33,13,59,33,57,11,13,51,33,43,17,10,28,1.0
2022-23,1610612737,ATL,Atlanta Hawks,0022200708,2023-01-23T00:00:00,ATL @ CHI,L,48.0,39,85,0.459,10,33,0.303,12,19,0.632,9,34,43,24,19.0,6,4,3,14,20,100,-11.0,1,49,49,49,7,77,77,64,56,33,69,88,64,95,65,40,50,51,93,50,51,14,8,38,89,81,1.0
2022-23,1610612738,BOS,Boston Celtics,0022200707,2023-01-23T00:00:00,BOS @ ORL,L,48.0,36,83,0.434,18,46,0.391,8,11,0.727,8,29,37,24,18.0,5,4,3,23,12,98,-15.0,1,74,74,74,15,97,82,89,30,27,50,104,102,89,66,94,97,77,98,61,69,27,92,105,101,103,1.0
2022-23,1610612766,CHA,Charlotte Hornets,0022200710,2023-01-23T00:00:00,CHA @ UTA,L,48.0,38,85,0.447,2,16,0.125,24,34,0.706,11,31,42,22,15.0,8,7,4,23,26,102,-18.0,1,30,30,30,6,61,66,52,92,92,92,7,2,56,44,58,59,62,47,32,15,19,67,7,67,75,1.0
2022-23,1610612741,CHI,Chicago Bulls,0022200708,2023-01-23T00:00:00,CHI vs. ATL,W,48.0,44,95,0.463,11,34,0.324,12,18,0.667,15,32,47,28,11.0,13,3,4,20,14,111,11.0,1,1,1,1,8,31,6,64,36,13,57,79,69,84,2,52,20,21,19,3,59,32,55,86,51,27,1.0
2022-23,1610612765,DET,Detroit Pistons,0022200706,2023-01-23T00:00:00,DET vs. MIL,L,48.0,43,87,0.494,13,32,0.406,31,40,0.775,11,30,41,26,20.0,10,3,6,21,27,130,-20.0,1,21,21,21,5,16,43,19,31,47,26,4,5,49,36,49,48,20,78,8,47,50,32,7,6,73,1.0
2022-23,1610612745,HOU,Houston Rockets,0022200709,2023-01-23T00:00:00,HOU vs. MIN,W,48.0,44,88,0.5,11,30,0.367,20,30,0.667,12,35,47,24,23.0,11,5,7,15,22,119,5.0,1,1,1,1,3,19,44,15,33,55,23,31,21,74,55,27,42,27,83,10,34,56,6,27,20,18,1.0
2022-23,1610612763,MEM,Memphis Grizzlies,0022200712,2023-01-23T00:00:00,MEM @ SAC,L,48.0,40,98,0.408,12,36,0.333,8,10,0.8,10,21,31,28,15.0,14,3,5,21,11,100,-33.0,1,61,61,61,6,64,15,87,35,34,52,98,98,24,67,100,97,23,64,3,76,40,58,100,88,99,1.0
2022-23,1610612749,MIL,Milwaukee Bucks,0022200706,2023-01-23T00:00:00,MIL @ DET,W,48.0,55,98,0.561,23,52,0.442,17,24,0.708,13,37,50,38,19.0,11,6,3,27,21,150,20.0,1,1,1,1,7,2,13,6,3,3,16,39,37,66,26,43,34,2,79,3,22,28,95,30,1,8,1.0
2022-23,1610612750,MIN,Minnesota Timberwolves,0022200709,2023-01-23T00:00:00,MIN @ HOU,L,48.0,41,91,0.451,16,42,0.381,16,22,0.727,12,29,41,19,19.0,8,7,5,22,15,114,-5.0,1,51,51,51,8,51,26,70,13,8,33,59,57,70,14,70,52,88,79,45,20,53,50,89,43,60,1.0
2022-23,1610612753,ORL,Orlando Magic,0022200707,2023-01-23T00:00:00,ORL vs. BOS,W,48.0,43,84,0.512,11,27,0.407,16,24,0.667,8,32,40,22,11.0,10,3,4,12,23,113,15.0,1,1,1,1,5,19,52,16,40,72,21,63,47,79,63,49,65,54,9,16,59,29,3,20,35,5,1.0
2022-23,1610612757,POR,Portland Trail Blazers,0022200711,2023-01-23T00:00:00,POR vs. SAS,W,48.0,55,92,0.598,20,33,0.606,17,22,0.773,8,28,36,34,10.0,11,4,4,16,18,147,20.0,1,1,1,1,3,1,13,3,3,52,1,56,59,50,59,63,70,1,11,7,45,35,13,66,1,5,1.0
2022-23,1610612758,SAC,Sacramento Kings,0022200712,2023-01-23T00:00:00,SAC vs. MEM,W,48.0,49,88,0.557,22,40,0.55,13,14,0.929,10,43,53,37,25.0,10,5,3,11,21,133,33.0,1,1,1,1,6,8,47,8,2,35,2,86,95,6,44,4,7,6,101,15,14,20,1,46,15,3,1.0
2022-23,1610612759,SAS,San Antonio Spurs,0022200711,2023-01-23T00:00:00,SAS @ POR,L,48.0,47,90,0.522,13,27,0.481,20,26,0.769,14,26,40,30,15.0,7,4,4,18,16,127,-20.0,1,25,25,25,7,19,47,20,18,71,7,20,21,31,21,80,63,22,35,41,34,29,26,63,13,71,1.0
2022-23,1610612762,UTA,Utah Jazz,0022200710,2023-01-23T00:00:00,UTA vs. CHA,W,48.0,41,86,0.477,16,40,0.4,22,26,0.846,9,37,46,25,16.0,8,4,7,26,23,120,18.0,1,1,1,1,6,49,59,38,16,28,25,22,32,22,68,25,42,45,42,21,56,72,85,24,30,6,1.0
2022-23,1610612738,BOS,Boston Celtics,0022200714,2023-01-24T00:00:00,BOS @ MIA,L,48.0,32,74,0.432,10,32,0.313,21,27,0.778,5,39,44,21,17.0,5,6,2,22,18,95,-3.0,1,74,74,74,15,107,109,90,99,105,87,29,21,72,97,26,54,94,89,61,36,11,77,58,103,81,1.0
2022-23,1610612766,CHA,Charlotte Hornets,0022200718,2023-01-24T00:00:00,CHA @ PHX,L,48.0,39,96,0.406,6,25,0.24,13,18,0.722,10,30,40,19,14.0,10,5,10,21,21,97,-31.0,1,30,30,30,6,52,16,69,82,81,78,70,71,52,56,64,68,81,35,22,39,86,53,35,74,88,1.0
2022-23,1610612741,CHI,Chicago Bulls,0022200713,2023-01-24T00:00:00,CHI @ IND,L,48.0,43,88,0.489,5,24,0.208,19,25,0.76,11,34,45,19,16.0,5,5,10,23,21,110,-6.0,1,49,49,49,8,39,33,49,86,71,87,29,21,68,18,39,32,79,66,78,34,90,75,27,55,64,1.0
2022-23,1610612739,CLE,Cleveland Cavaliers,0022200715,2023-01-24T00:00:00,CLE @ NYK,L,48.0,40,87,0.46,12,33,0.364,11,16,0.688,10,31,41,29,12.0,8,4,3,19,18,103,-2.0,1,57,57,57,8,52,32,66,36,30,44,86,82,81,39,43,41,17,33,29,50,17,45,64,70,60,1.0
2022-23,1610612742,DAL,Dallas Mavericks,0022200717,2023-01-24T00:00:00,DAL vs. WAS,L,48.0,47,89,0.528,10,30,0.333,22,26,0.846,8,30,38,24,9.0,6,2,3,25,22,126,-1.0,1,41,41,41,10,4,19,11,81,86,58,21,36,16,29,45,44,33,12,45,70,24,72,39,14,41,1.0
2022-23,1610612743,DEN,Denver Nuggets,0022200716,2023-01-24T00:00:00,DEN @ NOP,W,48.0,39,80,0.488,11,33,0.333,10,13,0.769,7,27,34,27,12.0,8,5,3,20,14,99,1.0,1,1,1,1,5,84,91,66,59,37,70,104,107,59,84,96,103,65,30,38,30,22,65,104,96,72,1.0
2022-23,1610612754,IND,Indiana Pacers,0022200713,2023-01-24T00:00:00,IND vs. CHI,W,48.0,42,99,0.424,10,37,0.27,22,28,0.786,14,31,45,24,8.0,9,10,5,21,23,116,6.0,1,1,1,1,4,40,9,72,69,43,80,21,19,44,13,50,24,61,1,26,5,38,42,21,42,23,1.0
2022-23,1610612747,LAL,Los Angeles Lakers,0022200719,2023-01-24T00:00:00,LAL vs. LAC,L,48.0,42,95,0.442,16,40,0.4,15,24,0.625,9,23,32,21,7.0,8,4,9,13,20,115,-18.0,1,59,59,59,10,46,13,82,9,12,30,90,66,106,64,113,112,88,5,21,62,104,10,67,53,107,1.0
2022-23,1610612748,MIA,Miami Heat,0022200714,2023-01-24T00:00:00,MIA vs. BOS,W,48.0,34,94,0.362,12,33,0.364,18,23,0.783,14,37,51,21,8.0,7,2,6,18,22,98,3.0,1,1,1,1,7,93,14,114,54,67,44,59,49,83,11,14,4,76,7,59,81,92,46,37,96,48,1.0
2022-23,1610612740,NOP,New Orleans Pelicans,0022200716,2023-01-24T00:00:00,NOP vs. DEN,L,48.0,38,85,0.447,5,26,0.192,17,20,0.85,14,29,43,18,16.0,5,3,5,14,20,98,-1.0,1,50,50,50,8,71,55,68,87,73,88,60,68,23,16,68,50,88,55,77,63,47,2,51,86,50,1.0
2022-23,1610612752,NYK,New York Knicks,0022200715,2023-01-24T00:00:00,NYK vs. CLE,W,48.0,37,75,0.493,17,33,0.515,14,21,0.667,9,33,42,25,17.0,4,3,4,18,19,105,2.0,1,1,1,1,11,71,97,32,8,61,3,84,76,81,78,50,78,29,83,79,61,33,32,64,73,55,1.0
2022-23,1610612756,PHX,Phoenix Suns,0022200718,2023-01-24T00:00:00,PHX vs. CHA,W,48.0,47,94,0.5,22,39,0.564,12,13,0.923,15,40,55,38,18.0,3,10,5,21,21,128,31.0,1,1,1,1,5,18,22,24,1,13,2,85,94,10,14,7,4,1,91,96,2,63,41,43,13,2,1.0
2022-23,1610612764,WAS,Washington Wizards,0022200717,2023-01-24T00:00:00,WAS @ DAL,W,48.0,42,83,0.506,11,30,0.367,32,41,0.78,6,35,41,28,11.0,7,3,2,22,25,127,1.0,1,1,1,1,4,35,58,28,42,50,37,1,1,51,68,35,55,20,22,37,66,7,70,8,7,38,1.0
2022-23,1610612737,ATL,Atlanta Hawks,0022200725,2023-01-25T00:00:00,ATL @ OKC,W,48.0,50,84,0.595,11,29,0.379,26,33,0.788,11,35,46,26,17.0,5,6,2,16,23,137,5.0,1,1,1,1,7,14,83,1,44,54,35,6,5,65,46,33,33,31,80,65,21,5,21,14,5,34,1.0
2022-23,1610612751,BKN,Brooklyn Nets,0022200721,2023-01-25T00:00:00,BKN @ PHI,L,48.0,49,76,0.645,14,26,0.538,21,27,0.778,6,25,31,29,16.0,3,4,4,26,19,133,-4.0,1,51,51,51,3,6,85,1,24,84,5,25,23,57,57,90,89,20,63,85,69,46,81,40,4,55,1.0
2022-23,1610612743,DEN,Denver Nuggets,0022200723,2023-01-25T00:00:00,DEN @ MIL,L,48.0,38,97,0.392,11,34,0.324,12,16,0.75,15,36,51,21,19.0,9,5,7,21,15,99,-8.0,1,75,75,75,5,92,5,109,59,29,83,93,96,63,11,28,11,97,95,28,30,95,76,98,96,91,1.0
2022-23,1610612744,GSW,Golden State Warriors,0022200726,2023-01-25T00:00:00,GSW vs. MEM,W,48.0,43,85,0.506,14,32,0.438,22,28,0.786,14,30,44,33,22.0,7,5,3,27,26,122,2.0,1,1,1,1,6,42,78,29,62,94,19,13,12,53,20,79,52,19,100,51,30,29,99,4,37,50,1.0
2022-23,1610612745,HOU,Houston Rockets,0022200722,2023-01-25T00:00:00,HOU vs. WAS,L,48.0,42,97,0.433,5,28,0.179,14,20,0.7,17,40,57,29,14.0,5,10,7,15,16,103,-5.0,1,28,28,28,3,30,9,63,87,65,89,69,69,65,11,7,6,5,23,64,3,56,6,79,66,32,1.0
2022-23,1610612754,IND,Indiana Pacers,0022200720,2023-01-25T00:00:00,IND @ ORL,L,48.0,41,85,0.482,15,35,0.429,23,29,0.793,10,22,32,25,17.0,14,5,7,20,22,120,-6.0,1,40,40,40,4,43,61,37,25,51,19,19,15,39,43,86,82,56,57,2,41,63,34,27,33,52,1.0
2022-23,1610612747,LAL,Los Angeles Lakers,0022200729,2023-01-25T00:00:00,LAL vs. SAS,W,48.0,40,90,0.444,10,33,0.303,23,30,0.767,11,45,56,25,20.0,12,9,2,13,19,113,9.0,1,1,1,1,10,63,43,80,54,39,76,32,31,61,29,5,4,48,101,3,7,5,10,77,60,29,1.0
2022-23,1610612763,MEM,Memphis Grizzlies,0022200726,2023-01-25T00:00:00,MEM @ GSW,L,48.0,42,88,0.477,10,31,0.323,26,37,0.703,11,25,36,26,14.0,10,3,5,26,27,120,-2.0,1,61,61,61,6,49,67,43,58,72,61,11,7,78,54,93,91,40,48,29,76,40,94,8,36,63,1.0
2022-23,1610612749,MIL,Milwaukee Bucks,0022200723,2023-01-25T00:00:00,MIL vs. DEN,W,48.0,37,78,0.474,13,30,0.433,20,28,0.714,7,42,49,16,23.0,11,7,5,15,21,107,8.0,1,1,1,1,7,77,90,42,54,89,19,23,20,61,78,17,41,94,94,3,14,65,18,30,67,43,1.0
2022-23,1610612750,MIN,Minnesota Timberwolves,0022200724,2023-01-25T00:00:00,MIN @ NOP,W,48.0,40,82,0.488,11,29,0.379,20,28,0.714,4,32,36,23,9.0,8,5,7,18,21,111,9.0,1,1,1,1,8,62,68,45,50,68,34,34,24,73,90,54,76,68,5,45,44,85,13,34,57,19,1.0
2022-23,1610612740,NOP,New Orleans Pelicans,0022200724,2023-01-25T00:00:00,NOP vs. MIN,L,48.0,37,85,0.435,12,38,0.316,16,21,0.762,8,34,42,25,15.0,4,7,5,21,18,102,-9.0,1,50,50,50,8,76,55,78,28,9,64,67,61,64,66,39,60,46,42,85,9,47,45,63,79,67,1.0
2022-23,1610612760,OKC,Oklahoma City Thunder,0022200725,2023-01-25T00:00:00,OKC vs. ATL,L,48.0,53,102,0.52,15,34,0.441,11,16,0.688,12,25,37,31,12.0,12,2,6,23,16,132,-5.0,1,52,52,52,7,4,6,15,18,49,16,88,85,84,35,90,85,6,37,5,79,57,66,85,12,66,1.0
2022-23,1610612753,ORL,Orlando Magic,0022200720,2023-01-25T00:00:00,ORL vs. IND,W,48.0,46,82,0.561,15,28,0.536,19,25,0.76,9,25,34,34,18.0,8,7,5,22,20,126,6.0,1,1,1,1,5,7,62,4,8,65,1,43,38,59,51,85,87,1,63,35,10,43,56,49,7,24,1.0
2022-23,1610612755,PHI,Philadelphia 76ers,0022200721,2023-01-25T00:00:00,PHI vs. BKN,W,48.0,42,82,0.512,18,38,0.474,35,36,0.972,11,25,36,26,11.0,10,4,4,19,26,137,4.0,1,1,1,1,8,31,57,26,4,12,12,1,4,4,29,94,86,33,24,21,56,33,32,5,4,52,1.0
2022-23,1610612757,POR,Portland Trail Blazers,0022200727,2023-01-25T00:00:00,POR vs. UTA,W,48.0,51,89,0.573,17,36,0.472,15,18,0.833,6,35,41,26,10.0,9,4,5,15,18,134,10.0,1,1,1,1,3,2,21,5,8,36,8,69,77,29,74,20,45,29,11,17,45,48,5,66,7,19,1.0
2022-23,1610612758,SAC,Sacramento Kings,0022200728,2023-01-25T00:00:00,SAC vs. TOR,L,48.0,35,73,0.479,13,32,0.406,12,13,0.923,4,30,34,29,19.0,6,2,8,12,17,95,-18.0,1,62,62,62,6,88,93,53,48,74,28,90,98,8,94,69,90,28,84,63,71,95,3,86,93,95,1.0
2022-23,1610612759,SAS,San Antonio Spurs,0022200729,2023-01-25T00:00:00,SAS @ LAL,L,48.0,40,106,0.377,8,34,0.235,16,18,0.889,17,31,48,22,14.0,11,2,9,19,13,104,-9.0,1,25,25,25,7,59,6,84,70,33,84,35,57,7,6,41,20,74,29,3,71,82,36,83,63,44,1.0
2022-23,1610612761,TOR,Toronto Raptors,0022200728,2023-01-25T00:00:00,TOR @ SAC,W,48.0,48,97,0.495,12,40,0.3,5,7,0.714,11,30,41,28,10.0,12,8,2,17,12,113,18.0,1,1,1,1,8,8,17,22,24,9,57,90,91,73,58,41,57,15,29,13,10,6,16,85,41,8,1.0
2022-23,1610612762,UTA,Utah Jazz,0022200727,2023-01-25T00:00:00,UTA @ POR,L,48.0,47,90,0.522,20,41,0.488,10,15,0.667,8,27,35,32,13.0,5,5,4,18,15,124,-10.0,1,42,42,42,6,9,38,13,1,23,3,84,84,76,75,82,89,6,24,54,43,28,25,84,19,74,1.0
2022-23,1610612764,WAS,Washington Wizards,0022200722,2023-01-25T00:00:00,WAS @ HOU,W,48.0,39,98,0.398,12,38,0.316,18,23,0.783,15,33,48,27,8.0,13,7,10,16,15,108,5.0,1,1,1,1,4,59,6,83,31,14,54,42,34,49,5,51,22,24,4,1,21,86,17,80,59,30,1.0
2022-23,1610612738,BOS,Boston Celtics,0022200730,2023-01-26T00:00:00,BOS vs. NYK,L,53.0,41,100,0.41,16,46,0.348,19,23,0.826,15,39,54,22,13.0,4,4,5,19,20,117,-3.0,1,74,74,74,2,56,7,99,45,27,68,44,40,52,8,26,10,88,47,81,69,72,54,38,51,81,1.0
2022-23,1610612751,BKN,Brooklyn Nets,0022200731,2023-01-26T00:00:00,BKN vs. DET,L,48.0,43,94,0.457,13,38,0.342,23,27,0.852,15,25,40,24,16.0,5,6,5,23,22,122,-8.0,1,51,51,51,3,27,5,60,36,24,62,19,23,29,4,90,48,51,63,66,37,66,64,18,19,66,1.0
2022-23,1610612766,CHA,Charlotte Hornets,0022200732,2023-01-26T00:00:00,CHA vs. CHI,W,48.0,39,84,0.464,7,32,0.219,26,31,0.839,6,46,52,24,16.0,8,5,2,19,20,111,15.0,1,1,1,1,6,52,70,39,76,44,82,1,6,19,80,1,8,50,56,32,39,6,40,44,42,4,1.0
2022-23,1610612741,CHI,Chicago Bulls,0022200732,2023-01-26T00:00:00,CHI @ CHA,L,48.0,37,91,0.407,4,25,0.16,18,22,0.818,7,36,43,16,13.0,8,2,5,20,19,96,-15.0,1,49,49,49,8,77,22,88,90,65,91,38,42,44,54,29,42,88,39,37,76,46,55,39,82,82,1.0
2022-23,1610612739,CLE,Cleveland Cavaliers,0022200733,2023-01-26T00:00:00,CLE @ HOU,W,48.0,40,87,0.46,15,36,0.417,18,22,0.818,11,25,36,29,10.0,12,4,6,16,20,113,18.0,1,1,1,1,8,52,32,66,15,17,30,36,42,35,30,83,72,17,15,4,50,65,18,43,46,14,1.0
2022-23,1610612742,DAL,Dallas Mavericks,0022200734,2023-01-26T00:00:00,DAL @ PHX,W,48.0,33,77,0.429,13,34,0.382,20,28,0.714,7,36,43,20,9.0,3,3,6,10,21,99,4.0,1,1,1,1,10,78,71,72,55,74,40,37,24,57,44,15,18,61,12,82,44,75,1,48,75,27,1.0
2022-23,1610612765,DET,Detroit Pistons,0022200731,2023-01-26T00:00:00,DET @ BKN,W,48.0,48,95,0.505,11,27,0.407,23,26,0.885,15,33,48,27,11.0,12,5,6,22,23,130,8.0,1,1,1,1,5,2,7,15,45,77,25,27,42,8,13,28,19,13,9,1,23,50,38,27,6,10,1.0
2022-23,1610612745,HOU,Houston Rockets,0022200733,2023-01-26T00:00:00,HOU vs. CLE,L,48.0,39,76,0.513,5,21,0.238,12,20,0.6,10,36,46,24,22.0,5,6,4,20,16,95,-18.0,1,28,28,28,3,51,88,11,87,87,82,76,69,86,70,24,48,27,80,64,19,11,37,79,81,73,1.0
2022-23,1610612752,NYK,New York Knicks,0022200730,2023-01-26T00:00:00,NYK @ BOS,W,53.0,44,96,0.458,13,38,0.342,19,23,0.826,10,40,50,17,10.0,5,5,4,20,19,120,3.0,1,1,1,1,2,30,16,55,35,32,49,47,63,24,70,8,25,86,14,66,25,33,46,64,31,50,1.0
2022-23,1610612756,PHX,Phoenix Suns,0022200734,2023-01-26T00:00:00,PHX vs. DAL,L,48.0,35,86,0.407,13,32,0.406,12,16,0.75,13,37,50,24,9.0,4,6,3,21,10,95,-4.0,1,56,56,56,5,88,68,91,29,46,31,85,82,68,30,19,18,66,8,84,35,24,41,101,95,67,1.0
2022-23,1610612759,SAS,San Antonio Spurs,0022200735,2023-01-26T00:00:00,SAS @ LAC,L,48.0,37,82,0.451,8,24,0.333,18,28,0.643,11,31,42,24,14.0,2,1,9,18,21,100,-38.0,1,25,25,25,7,72,80,54,70,83,47,27,15,76,51,41,52,60,29,88,81,82,26,26,71,88,1.0
2022-23,1610612739,CLE,Cleveland Cavaliers,0022200739,2023-01-27T00:00:00,CLE @ OKC,L,48.0,39,88,0.443,8,29,0.276,14,18,0.778,11,26,37,27,10.0,9,5,2,21,17,100,-12.0,1,57,57,57,8,63,26,74,72,57,74,68,72,56,30,77,68,28,15,14,34,8,63,71,77,88,1.0
2022-23,1610612744,GSW,Golden State Warriors,0022200740,2023-01-27T00:00:00,GSW vs. TOR,W,48.0,50,90,0.556,18,43,0.419,11,15,0.733,5,38,43,40,14.0,5,1,4,18,17,129,12.0,1,1,1,1,6,7,50,6,27,48,28,89,87,70,101,25,57,3,27,82,99,49,11,67,12,24,1.0
2022-23,1610612754,IND,Indiana Pacers,0022200736,2023-01-27T00:00:00,IND vs. MIL,L,48.0,49,89,0.551,13,33,0.394,20,28,0.714,5,33,38,22,13.0,10,4,3,24,20,131,-10.0,1,40,40,40,4,6,45,6,38,61,28,36,19,69,79,35,63,76,23,15,64,11,66,46,10,64,1.0
2022-23,1610612763,MEM,Memphis Grizzlies,0022200737,2023-01-27T00:00:00,MEM @ MIN,L,48.0,38,93,0.409,8,33,0.242,16,19,0.842,15,32,47,22,21.0,14,2,6,12,19,100,-11.0,1,61,61,61,6,73,34,86,83,51,87,55,68,10,20,67,45,75,96,3,91,58,2,50,88,83,1.0
2022-23,1610612748,MIA,Miami Heat,0022200738,2023-01-27T00:00:00,MIA vs. ORL,W,48.0,39,85,0.459,10,33,0.303,22,26,0.846,5,32,37,28,11.0,9,3,3,19,23,110,5.0,1,1,1,1,7,49,54,51,80,67,85,29,33,47,108,48,82,15,26,32,52,29,57,25,52,36,1.0
2022-23,1610612749,MIL,Milwaukee Bucks,0022200736,2023-01-27T00:00:00,MIL @ IND,W,48.0,52,98,0.531,18,43,0.419,19,31,0.613,14,36,50,32,16.0,11,3,4,20,24,141,10.0,1,1,1,1,7,6,13,19,17,30,25,27,11,88,18,47,34,8,52,3,64,48,60,12,4,32,1.0
2022-23,1610612750,MIN,Minnesota Timberwolves,0022200737,2023-01-27T00:00:00,MIN vs. MEM,W,48.0,44,86,0.512,13,35,0.371,10,15,0.667,9,36,45,31,20.0,12,6,2,19,12,111,11.0,1,1,1,1,8,31,48,29,28,35,39,90,88,83,40,23,27,12,86,11,29,12,23,95,57,14,1.0
2022-23,1610612760,OKC,Oklahoma City Thunder,0022200739,2023-01-27T00:00:00,OKC vs. CLE,W,48.0,40,76,0.526,10,18,0.556,22,25,0.88,10,36,46,19,15.0,5,2,5,17,21,112,12.0,1,1,1,1,7,63,93,10,67,98,1,25,30,16,55,24,33,80,64,81,79,41,12,36,59,21,1.0
2022-23,1610612753,ORL,Orlando Magic,0022200738,2023-01-27T00:00:00,ORL @ MIA,L,48.0,33,69,0.478,12,34,0.353,27,32,0.844,2,38,40,21,20.0,5,3,3,23,19,105,-5.0,1,41,41,41,5,83,90,38,27,28,42,7,11,22,92,14,65,58,83,73,59,13,65,56,62,53,1.0
2022-23,1610612761,TOR,Toronto Raptors,0022200740,2023-01-27T00:00:00,TOR @ GSW,L,48.0,46,101,0.455,12,33,0.364,13,21,0.619,14,32,46,24,10.0,5,4,1,17,18,117,-12.0,1,49,49,49,8,18,11,41,24,34,30,73,56,89,31,27,28,37,29,85,51,1,16,56,28,80,1.0
2022-23,1610612737,ATL,Atlanta Hawks,0022200745,2023-01-28T00:00:00,ATL vs. LAC,L,48.0,45,95,0.474,7,27,0.259,16,20,0.8,15,32,47,24,9.0,12,2,5,18,15,113,-7.0,1,49,49,49,7,32,31,48,82,71,82,59,57,54,18,57,29,51,8,3,87,43,37,86,66,68,1.0
2022-23,1610612738,BOS,Boston Celtics,0022200749,2023-01-28T00:00:00,BOS vs. LAL,W,53.0,39,84,0.464,13,40,0.325,34,39,0.872,7,39,46,18,12.0,8,9,0,22,23,125,4.0,1,1,1,1,2,73,73,66,71,64,79,2,2,31,78,26,43,103,33,23,8,1,77,16,28,60,1.0
2022-23,1610612751,BKN,Brooklyn Nets,0022200742,2023-01-28T00:00:00,BKN vs. NYK,W,48.0,46,87,0.529,22,40,0.55,8,14,0.571,9,26,35,31,9.0,5,3,4,17,14,122,7.0,1,1,1,1,3,13,29,25,1,14,3,93,85,94,30,84,73,12,6,66,76,46,15,79,19,29,1.0
2022-23,1610612741,CHI,Chicago Bulls,0022200744,2023-01-28T00:00:00,CHI @ ORL,W,48.0,48,81,0.593,16,35,0.457,16,19,0.842,4,34,38,30,12.0,5,6,0,22,18,128,19.0,1,1,1,1,8,10,72,5,6,8,16,56,65,32,85,39,64,12,28,78,19,1,68,48,9,11,1.0
2022-23,1610612742,DAL,Dallas Mavericks,0022200750,2023-01-28T00:00:00,DAL @ UTA,L,48.0,35,80,0.438,18,46,0.391,12,17,0.706,7,24,31,26,14.0,7,3,6,18,23,100,-8.0,1,41,41,41,10,65,61,63,15,14,35,75,79,61,44,85,79,19,57,29,44,75,16,28,73,68,1.0
2022-23,1610612743,DEN,Denver Nuggets,0022200741,2023-01-28T00:00:00,DEN @ PHI,L,48.0,44,81,0.543,14,34,0.412,17,20,0.85,6,30,36,28,14.0,6,6,2,14,15,119,-7.0,1,75,75,75,5,39,86,21,26,29,33,45,67,23,92,75,94,50,52,69,22,4,8,98,40,87,1.0
2022-23,1610612765,DET,Detroit Pistons,0022200743,2023-01-28T00:00:00,DET vs. HOU,L,48.0,38,83,0.458,14,38,0.368,24,31,0.774,8,27,35,23,16.0,10,5,4,25,20,114,-3.0,1,21,21,21,5,49,60,42,19,17,36,25,22,52,70,72,74,39,48,8,23,20,66,49,30,27,1.0
2022-23,1610612745,HOU,Houston Rockets,0022200743,2023-01-28T00:00:00,HOU @ DET,W,48.0,44,92,0.478,8,27,0.296,21,27,0.778,16,32,48,20,17.0,8,4,5,20,25,117,3.0,1,1,1,1,3,19,24,27,64,69,61,24,33,29,17,49,33,59,52,41,41,24,37,12,22,22,1.0
2022-23,1610612747,LAL,Los Angeles Lakers,0022200749,2023-01-28T00:00:00,LAL @ BOS,L,53.0,47,105,0.448,12,42,0.286,15,20,0.75,11,36,47,30,12.0,4,0,9,23,22,121,-4.0,1,59,59,59,2,18,2,77,27,8,83,90,85,71,29,50,42,10,31,86,113,104,96,44,35,66,1.0
2022-23,1610612750,MIN,Minnesota Timberwolves,0022200746,2023-01-28T00:00:00,MIN vs. SAC,W,48.0,42,80,0.525,17,37,0.459,16,21,0.762,9,35,44,25,20.0,5,2,0,26,21,117,7.0,1,1,1,1,8,41,77,20,8,25,10,59,66,51,40,31,35,45,86,81,86,1,84,34,37,26,1.0
2022-23,1610612740,NOP,New Orleans Pelicans,0022200747,2023-01-28T00:00:00,NOP vs. WAS,L,48.0,39,92,0.424,8,29,0.276,17,19,0.895,8,34,42,21,10.0,9,8,8,26,17,103,-10.0,1,50,50,50,8,62,21,84,67,47,79,60,74,9,66,39,60,76,8,30,2,78,85,73,74,72,1.0
2022-23,1610612752,NYK,New York Knicks,0022200742,2023-01-28T00:00:00,NYK @ BKN,L,48.0,45,88,0.511,10,28,0.357,15,19,0.789,14,31,45,19,11.0,4,4,3,14,17,115,-7.0,1,60,60,60,11,19,49,21,66,92,43,74,87,38,28,75,59,72,25,79,40,22,7,82,45,75,1.0
2022-23,1610612753,ORL,Orlando Magic,0022200744,2023-01-28T00:00:00,ORL vs. CHI,L,48.0,41,83,0.494,10,28,0.357,17,24,0.708,6,30,36,29,13.0,5,0,6,18,22,109,-19.0,1,41,41,41,5,41,60,28,50,65,39,58,47,73,80,63,79,7,25,73,91,58,21,29,49,83,1.0
2022-23,1610612755,PHI,Philadelphia 76ers,0022200741,2023-01-28T00:00:00,PHI vs. DEN,W,48.0,46,89,0.517,18,35,0.514,16,24,0.667,12,27,39,31,11.0,10,2,6,15,14,126,7.0,1,1,1,1,8,11,20,22,4,36,3,72,51,102,23,86,61,7,24,21,91,65,11,96,15,40,1.0
2022-23,1610612756,PHX,Phoenix Suns,0022200748,2023-01-28T00:00:00,PHX @ SAS,W,53.0,50,103,0.485,8,24,0.333,20,26,0.769,17,35,52,31,9.0,7,6,4,19,20,128,10.0,1,1,1,1,1,2,4,34,84,86,61,34,27,61,10,30,13,13,8,43,35,45,27,55,13,31,1.0
2022-23,1610612757,POR,Portland Trail Blazers,0022200751,2023-01-28T00:00:00,POR vs. TOR,L,48.0,40,76,0.526,7,24,0.292,18,23,0.783,3,24,27,18,12.0,3,6,3,16,18,105,-18.0,1,39,39,39,3,42,80,18,83,85,73,50,53,47,90,82,92,76,21,83,22,25,13,66,66,75,1.0
2022-23,1610612758,SAC,Sacramento Kings,0022200746,2023-01-28T00:00:00,SAC @ MIN,L,48.0,37,82,0.451,9,33,0.273,27,36,0.75,10,26,36,23,9.0,5,0,2,21,26,110,-7.0,1,62,62,62,6,78,81,74,86,67,87,9,4,63,44,92,85,70,11,71,97,10,48,3,69,78,1.0
2022-23,1610612759,SAS,San Antonio Spurs,0022200748,2023-01-28T00:00:00,SAS vs. PHX,L,53.0,48,109,0.44,10,29,0.345,12,17,0.706,17,36,53,32,13.0,6,4,6,20,19,118,-10.0,1,25,25,25,2,13,1,61,50,59,40,68,66,59,6,22,5,12,19,57,34,50,44,37,27,48,1.0
2022-23,1610612761,TOR,Toronto Raptors,0022200751,2023-01-28T00:00:00,TOR @ POR,W,48.0,48,92,0.522,10,30,0.333,17,18,0.944,15,30,45,24,8.0,6,3,6,18,16,123,18.0,1,1,1,1,8,8,33,11,44,55,45,50,69,4,24,41,33,37,11,75,69,71,24,73,14,8,1.0
2022-23,1610612762,UTA,Utah Jazz,0022200750,2023-01-28T00:00:00,UTA vs. DAL,W,48.0,39,82,0.476,13,36,0.361,17,24,0.708,13,36,49,26,17.0,9,6,3,23,18,108,8.0,1,1,1,1,6,62,80,40,39,48,36,52,40,69,31,33,24,39,58,13,28,13,64,66,68,16,1.0
2022-23,1610612764,WAS,Washington Wizards,0022200747,2023-01-28T00:00:00,WAS @ NOP,W,48.0,40,88,0.455,11,36,0.306,22,29,0.759,13,40,53,18,18.0,5,8,8,17,26,113,10.0,1,1,1,1,4,56,29,62,42,19,60,20,15,60,16,7,5,86,75,63,14,84,25,5,42,19,1.0
2022-23,1610612766,CHA,Charlotte Hornets,0022200752,2023-01-29T00:00:00,CHA vs. MIA,W,48.0,45,83,0.542,15,40,0.375,17,22,0.773,11,36,47,25,19.0,6,3,0,18,17,122,5.0,1,1,1,1,6,16,76,7,6,10,27,49,56,37,44,25,31,37,81,61,70,1,26,75,10,21,1.0
2022-23,1610612739,CLE,Cleveland Cavaliers,0022200754,2023-01-29T00:00:00,CLE vs. LAC,W,48.0,44,78,0.564,20,33,0.606,14,19,0.737,4,31,35,35,13.0,9,7,0,23,19,122,23.0,1,1,1,1,8,21,73,7,2,30,1,68,62,65,91,43,75,1,39,14,7,1,80,51,8,9,1.0
2022-23,1610612754,IND,Indiana Pacers,0022200753,2023-01-29T00:00:00,IND @ MEM,L,48.0,36,79,0.456,9,32,0.281,19,21,0.905,11,27,38,21,18.0,4,6,8,22,21,100,-12.0,1,40,40,40,4,80,83,53,73,66,77,41,62,11,36,71,63,83,68,81,28,74,51,37,79,67,1.0
2022-23,1610612763,MEM,Memphis Grizzlies,0022200753,2023-01-29T00:00:00,MEM vs. IND,W,48.0,43,89,0.483,9,37,0.243,17,22,0.773,15,26,41,29,9.0,10,8,6,21,22,112,12.0,1,1,1,1,6,43,62,38,68,27,84,45,52,39,20,90,78,18,10,29,13,58,58,27,54,26,1.0
2022-23,1610612748,MIA,Miami Heat,0022200752,2023-01-29T00:00:00,MIA @ CHA,L,48.0,45,93,0.484,10,31,0.323,17,23,0.739,10,26,36,26,11.0,11,0,3,17,18,117,-5.0,1,66,66,66,7,13,18,33,80,80,69,68,49,95,49,92,90,29,26,16,116,29,33,77,27,80,1.0
2022-23,1610612749,MIL,Milwaukee Bucks,0022200755,2023-01-29T00:00:00,MIL vs. NOP,W,48.0,53,96,0.552,17,43,0.395,12,20,0.6,12,45,57,27,12.0,7,4,3,18,20,135,25.0,1,1,1,1,7,4,21,10,23,30,34,77,65,90,35,7,7,34,17,34,50,28,44,38,9,5,1.0
2022-23,1610612740,NOP,New Orleans Pelicans,0022200755,2023-01-29T00:00:00,NOP @ MIL,L,48.0,41,93,0.441,13,34,0.382,15,21,0.714,8,30,38,25,12.0,7,3,4,20,18,110,-25.0,1,50,50,50,8,51,16,73,19,20,37,73,61,75,66,56,75,46,22,60,63,31,36,63,57,92,1.0
2022-23,1610612737,ATL,Atlanta Hawks,0022200763,2023-01-30T00:00:00,ATL @ POR,L,48.0,44,94,0.468,13,30,0.433,24,30,0.8,17,28,45,26,7.0,5,0,7,21,21,125,-4.0,1,49,49,49,7,45,37,54,18,45,21,11,9,54,9,78,39,31,3,65,97,74,63,32,21,56,1.0
2022-23,1610612751,BKN,Brooklyn Nets,0022200757,2023-01-30T00:00:00,BKN vs. LAL,W,48.0,45,95,0.474,16,41,0.39,15,19,0.789,12,38,50,24,11.0,8,9,3,25,16,121,17.0,1,1,1,1,3,16,3,51,12,9,33,58,63,50,12,10,5,51,20,31,9,23,73,70,23,9,1.0
2022-23,1610612742,DAL,Dallas Mavericks,0022200761,2023-01-30T00:00:00,DAL vs. DET,W,48.0,39,79,0.494,10,34,0.294,23,33,0.697,9,31,40,17,11.0,6,1,6,18,31,111,6.0,1,1,1,1,10,46,67,36,81,74,78,17,12,62,25,38,31,76,25,45,78,75,16,2,47,19,1.0
2022-23,1610612765,DET,Detroit Pistons,0022200761,2023-01-30T00:00:00,DET @ DAL,L,48.0,36,79,0.456,14,39,0.359,19,27,0.704,9,31,40,18,14.0,9,6,1,31,18,105,-6.0,1,21,21,21,5,64,77,46,19,13,39,41,33,75,55,41,53,76,31,14,13,2,89,64,58,34,1.0
2022-23,1610612744,GSW,Golden State Warriors,0022200759,2023-01-30T00:00:00,GSW @ OKC,W,48.0,46,90,0.511,20,47,0.426,16,20,0.8,6,38,44,37,15.0,9,4,4,18,18,128,8.0,1,1,1,1,6,23,50,26,14,28,23,46,52,46,94,25,52,7,36,22,47,49,11,55,15,36,1.0
2022-23,1610612747,LAL,Los Angeles Lakers,0022200757,2023-01-30T00:00:00,LAL @ BKN,L,48.0,35,89,0.393,11,29,0.379,23,37,0.622,16,37,53,24,14.0,1,3,9,16,25,104,-17.0,1,59,59,59,10,100,51,105,37,69,38,32,7,108,3,41,16,59,48,113,82,104,21,22,87,105,1.0
2022-23,1610612750,MIN,Minnesota Timberwolves,0022200758,2023-01-30T00:00:00,MIN vs. SAC,L,53.0,43,92,0.467,12,39,0.308,13,25,0.52,8,41,49,26,18.0,7,3,3,16,21,111,-7.0,1,51,51,51,2,35,21,59,39,19,74,77,38,99,52,7,14,39,71,54,77,22,5,34,57,66,1.0
2022-23,1610612760,OKC,Oklahoma City Thunder,0022200759,2023-01-30T00:00:00,OKC vs. GSW,L,48.0,46,93,0.495,11,24,0.458,17,20,0.85,8,35,43,23,17.0,10,4,4,18,18,120,-8.0,1,52,52,52,7,21,36,28,49,90,12,58,68,34,79,28,48,52,75,20,46,25,21,68,33,76,1.0
2022-23,1610612753,ORL,Orlando Magic,0022200756,2023-01-30T00:00:00,ORL @ PHI,W,48.0,42,99,0.424,11,29,0.379,24,30,0.8,15,35,50,23,10.0,11,6,3,16,25,119,10.0,1,1,1,1,5,26,5,70,40,56,33,18,18,35,6,30,10,42,5,9,19,13,10,9,17,16,1.0
2022-23,1610612755,PHI,Philadelphia 76ers,0022200756,2023-01-30T00:00:00,PHI vs. ORL,L,48.0,40,85,0.471,11,30,0.367,18,23,0.783,8,37,45,28,19.0,8,3,6,25,16,109,-10.0,1,70,70,70,8,42,36,58,61,67,61,61,52,83,57,14,23,19,87,46,72,65,88,77,63,90,1.0
2022-23,1610612756,PHX,Phoenix Suns,0022200762,2023-01-30T00:00:00,PHX vs. TOR,W,48.0,43,87,0.494,11,28,0.393,17,21,0.81,13,29,42,28,12.0,10,4,4,16,19,114,8.0,1,1,1,1,5,33,62,29,51,72,34,54,57,48,30,72,58,37,33,12,61,45,8,63,49,36,1.0
2022-23,1610612757,POR,Portland Trail Blazers,0022200763,2023-01-30T00:00:00,POR vs. ATL,W,48.0,43,79,0.544,19,40,0.475,24,27,0.889,3,29,32,24,8.0,2,7,0,21,21,129,4.0,1,1,1,1,3,18,67,11,5,14,7,22,31,16,90,58,83,39,3,91,10,1,52,38,11,30,1.0
2022-23,1610612758,SAC,Sacramento Kings,0022200758,2023-01-30T00:00:00,SAC @ MIN,W,53.0,47,99,0.475,9,30,0.3,15,22,0.682,10,40,50,20,12.0,15,3,3,21,16,118,7.0,1,1,1,1,2,18,9,57,86,86,77,71,63,82,44,8,13,88,32,2,54,20,48,90,52,37,1.0
2022-23,1610612759,SAS,San Antonio Spurs,0022200760,2023-01-30T00:00:00,SAS vs. WAS,L,48.0,42,97,0.433,7,29,0.241,15,23,0.652,14,29,43,26,10.0,6,6,8,20,19,106,-21.0,1,25,25,25,7,47,23,63,80,59,83,43,31,73,21,61,47,44,3,57,14,76,44,37,59,74,1.0
2022-23,1610612761,TOR,Toronto Raptors,0022200762,2023-01-30T00:00:00,TOR @ PHX,L,48.0,40,89,0.449,9,33,0.273,17,19,0.895,16,28,44,19,14.0,9,4,4,19,16,106,-8.0,1,49,49,49,8,53,48,47,55,34,70,50,66,8,18,59,41,75,60,48,51,33,32,73,62,70,1.0
2022-23,1610612764,WAS,Washington Wizards,0022200760,2023-01-30T00:00:00,WAS @ SAS,W,48.0,48,86,0.558,16,30,0.533,15,17,0.882,5,40,45,32,14.0,7,8,6,19,20,127,21.0,1,1,1,1,4,9,37,12,8,50,2,56,72,16,81,7,36,7,38,37,14,58,42,33,7,5,1.0
2022-23,1610612766,CHA,Charlotte Hornets,0022200767,2023-01-31T00:00:00,CHA @ MIL,L,48.0,42,111,0.378,11,39,0.282,20,26,0.769,18,44,62,27,11.0,6,6,8,24,21,115,-9.0,1,30,30,30,6,33,2,83,35,13,62,25,33,38,3,3,1,20,14,61,27,67,73,35,26,50,1.0
2022-23,1610612741,CHI,Chicago Bulls,0022200766,2023-01-31T00:00:00,CHI vs. LAC,L,48.0,38,77,0.494,12,24,0.5,15,21,0.714,6,45,51,26,20.0,6,6,6,19,16,103,-5.0,1,49,49,49,8,72,83,47,25,71,6,68,53,77,61,3,7,35,83,62,19,61,43,71,70,61,1.0
2022-23,1610612739,CLE,Cleveland Cavaliers,0022200764,2023-01-31T00:00:00,CLE vs. MIA,L,48.0,40,83,0.482,11,40,0.275,6,12,0.5,5,34,39,32,13.0,9,6,3,20,17,97,-3.0,1,57,57,57,8,52,57,51,46,6,75,96,92,96,86,25,58,7,39,14,22,17,52,71,81,64,1.0
2022-23,1610612743,DEN,Denver Nuggets,0022200768,2023-01-31T00:00:00,DEN vs. NOP,W,48.0,43,87,0.494,16,36,0.444,20,24,0.833,10,34,44,33,18.0,7,3,2,21,24,122,9.0,1,1,1,1,5,49,46,60,10,19,21,22,35,29,53,42,45,14,89,54,77,4,76,15,24,40,1.0
2022-23,1610612747,LAL,Los Angeles Lakers,0022200765,2023-01-31T00:00:00,LAL @ NYK,W,53.0,48,93,0.516,11,33,0.333,22,31,0.71,11,33,44,29,14.0,6,1,3,23,24,129,6.0,1,1,1,1,2,12,21,27,37,39,56,39,25,89,29,69,57,15,48,53,110,20,96,28,12,38,1.0
2022-23,1610612748,MIA,Miami Heat,0022200764,2023-01-31T00:00:00,MIA @ CLE,W,48.0,34,78,0.436,14,31,0.452,18,25,0.72,9,36,45,21,15.0,7,3,6,17,20,100,3.0,1,1,1,1,7,93,100,74,27,80,15,59,39,101,63,20,29,76,78,59,52,92,33,59,88,48,1.0
2022-23,1610612749,MIL,Milwaukee Bucks,0022200767,2023-01-31T00:00:00,MIL vs. CHA,W,48.0,43,105,0.41,15,44,0.341,23,27,0.852,16,50,66,18,12.0,7,8,6,21,24,124,9.0,1,1,1,1,7,38,4,84,37,28,65,11,24,12,10,2,3,90,17,34,8,80,68,12,26,34,1.0
2022-23,1610612740,NOP,New Orleans Pelicans,0022200768,2023-01-31T00:00:00,NOP @ DEN,L,48.0,42,85,0.494,8,27,0.296,21,25,0.84,8,28,36,28,15.0,13,2,3,24,21,113,-9.0,1,50,50,50,8,36,55,37,67,62,71,32,38,27,66,77,81,27,42,5,78,18,73,45,45,67,1.0
2022-23,1610612752,NYK,New York Knicks,0022200765,2023-01-31T00:00:00,NYK vs. LAL,L,53.0,44,98,0.449,7,34,0.206,28,32,0.875,13,32,45,27,9.0,6,3,1,24,23,123,-6.0,1,60,60,60,2,30,11,64,93,52,98,4,10,12,40,61,59,14,12,50,61,5,79,24,22,71,1.0
2022-23,1610612737,ATL,Atlanta Hawks,0022200777,2023-02-01T00:00:00,ATL @ PHX,W,48.0,52,91,0.571,19,33,0.576,9,11,0.818,6,39,45,32,12.0,6,5,4,24,13,132,32.0,1,1,1,1,7,6,51,4,1,33,1,95,95,46,83,8,39,3,36,50,34,31,88,95,9,1,1.0
2022-23,1610612738,BOS,Boston Celtics,0022200772,2023-02-01T00:00:00,BOS vs. BKN,W,48.0,53,92,0.576,26,54,0.481,7,10,0.7,11,46,57,28,12.0,4,4,1,13,12,139,43.0,1,1,1,1,15,2,24,4,2,4,8,108,105,96,29,3,5,33,33,81,69,3,6,105,4,2,1.0
2022-23,1610612751,BKN,Brooklyn Nets,0022200772,2023-02-01T00:00:00,BKN @ BOS,L,48.0,36,88,0.409,9,39,0.231,15,18,0.833,5,27,32,19,7.0,8,1,4,12,13,96,-43.0,1,51,51,51,3,72,24,83,73,18,91,58,71,34,65,81,87,87,1,31,93,46,1,86,85,94,1.0
2022-23,1610612744,GSW,Golden State Warriors,0022200774,2023-02-01T00:00:00,GSW @ MIN,L,53.0,38,91,0.418,11,35,0.314,27,34,0.794,9,49,58,21,17.0,7,4,7,24,23,114,-5.0,1,55,55,55,2,84,39,85,89,83,83,3,4,49,62,2,6,96,63,51,47,91,78,14,64,67,1.0
2022-23,1610612745,HOU,Houston Rockets,0022200773,2023-02-01T00:00:00,HOU vs. OKC,W,48.0,41,94,0.436,7,23,0.304,23,31,0.742,24,41,65,20,18.0,6,12,6,20,23,112,6.0,1,1,1,1,3,36,14,61,71,82,56,19,14,45,1,5,2,59,62,55,2,40,37,21,39,14,1.0
2022-23,1610612763,MEM,Memphis Grizzlies,0022200771,2023-02-01T00:00:00,MEM vs. POR,L,48.0,41,87,0.471,9,37,0.243,21,28,0.75,12,32,44,28,13.0,8,7,5,22,22,112,-10.0,1,61,61,61,6,58,71,48,68,27,84,25,27,50,46,67,62,23,41,47,22,40,69,27,54,79,1.0
2022-23,1610612750,MIN,Minnesota Timberwolves,0022200774,2023-02-01T00:00:00,MIN vs. GSW,W,53.0,46,106,0.434,14,50,0.28,13,24,0.542,10,43,53,26,11.0,5,7,4,23,24,119,5.0,1,1,1,1,2,17,2,79,20,1,83,77,42,96,30,2,6,39,9,81,20,37,62,15,28,34,1.0
2022-23,1610612760,OKC,Oklahoma City Thunder,0022200773,2023-02-01T00:00:00,OKC @ HOU,L,48.0,38,103,0.369,12,43,0.279,18,22,0.818,24,28,52,22,10.0,11,6,12,23,20,106,-6.0,1,52,52,52,7,73,5,96,39,9,79,46,52,42,1,76,9,61,14,14,14,96,66,50,73,71,1.0
2022-23,1610612753,ORL,Orlando Magic,0022200770,2023-02-01T00:00:00,ORL @ PHI,L,48.0,33,87,0.379,6,38,0.158,22,29,0.759,12,34,46,12,15.0,10,4,4,21,24,94,-11.0,1,41,41,41,5,83,33,89,86,10,92,27,23,63,25,40,31,92,41,16,48,29,50,13,83,68,1.0
2022-23,1610612755,PHI,Philadelphia 76ers,0022200770,2023-02-01T00:00:00,PHI vs. ORL,W,48.0,34,78,0.436,14,35,0.4,23,26,0.885,7,36,43,27,19.0,7,4,4,24,21,105,11.0,1,1,1,1,8,86,79,81,31,36,45,32,43,29,72,19,33,28,87,61,56,33,76,34,69,28,1.0
2022-23,1610612756,PHX,Phoenix Suns,0022200777,2023-02-01T00:00:00,PHX vs. ATL,L,48.0,35,86,0.407,4,28,0.143,26,31,0.839,12,32,44,22,16.0,8,4,5,13,24,100,-32.0,1,56,56,56,5,88,68,91,101,72,102,8,12,36,42,50,47,82,75,29,61,63,3,17,85,102,1.0
2022-23,1610612757,POR,Portland Trail Blazers,0022200771,2023-02-01T00:00:00,POR @ MEM,W,48.0,41,87,0.471,14,36,0.389,26,27,0.963,9,32,41,24,13.0,3,5,7,22,22,122,10.0,1,1,1,1,3,38,31,43,26,36,34,15,31,4,47,38,45,39,30,83,32,78,58,29,23,19,1.0
2022-23,1610612758,SAC,Sacramento Kings,0022200775,2023-02-01T00:00:00,SAC @ SAS,W,48.0,48,90,0.533,8,27,0.296,15,19,0.789,6,28,34,25,10.0,10,3,1,13,17,119,10.0,1,1,1,1,6,12,35,20,96,93,79,71,73,55,83,81,90,52,20,15,54,3,5,86,48,28,1.0
2022-23,1610612759,SAS,San Antonio Spurs,0022200775,2023-02-01T00:00:00,SAS vs. SAC,L,48.0,48,88,0.545,8,24,0.333,5,7,0.714,8,32,40,30,18.0,5,1,3,17,13,109,-10.0,1,25,25,25,7,13,54,10,70,83,47,91,92,56,75,36,63,22,63,68,81,14,15,83,55,48,1.0
2022-23,1610612761,TOR,Toronto Raptors,0022200776,2023-02-01T00:00:00,TOR @ UTA,L,48.0,50,110,0.455,10,23,0.435,18,26,0.692,25,27,52,27,8.0,11,2,11,22,17,128,-3.0,1,49,49,49,8,3,2,43,44,90,9,41,36,79,1,68,7,19,11,24,83,91,60,63,5,54,1.0
2022-23,1610612762,UTA,Utah Jazz,0022200776,2023-02-01T00:00:00,UTA vs. TOR,W,48.0,44,83,0.53,17,47,0.362,26,30,0.867,13,36,49,29,16.0,3,11,2,17,22,131,3.0,1,1,1,1,6,29,73,11,11,5,35,7,14,17,31,33,24,21,42,82,2,4,13,31,7,31,1.0
2022-23,1610612766,CHA,Charlotte Hornets,0022200781,2023-02-02T00:00:00,CHA @ CHI,L,48.0,39,93,0.419,7,35,0.2,13,14,0.929,16,29,45,19,15.0,6,4,3,15,18,98,-16.0,1,30,30,30,6,52,29,62,76,25,86,70,88,2,9,71,39,81,47,61,54,10,8,63,73,68,1.0
2022-23,1610612741,CHI,Chicago Bulls,0022200781,2023-02-02T00:00:00,CHI vs. CHA,W,48.0,41,79,0.519,11,28,0.393,21,26,0.808,8,32,40,24,14.0,9,3,4,18,15,114,16.0,1,1,1,1,8,54,80,28,36,44,34,21,18,52,41,52,55,46,43,24,59,32,32,79,43,17,1.0
2022-23,1610612739,CLE,Cleveland Cavaliers,0022200779,2023-02-02T00:00:00,CLE vs. MEM,W,48.0,49,91,0.538,14,29,0.483,16,22,0.727,9,32,41,33,16.0,12,7,5,17,23,128,15.0,1,1,1,1,8,2,14,14,20,57,10,51,42,70,52,34,41,2,71,4,7,49,23,19,4,19,1.0
2022-23,1610612742,DAL,Dallas Mavericks,0022200782,2023-02-02T00:00:00,DAL vs. NOP,W,48.0,37,85,0.435,14,41,0.341,23,29,0.793,6,30,36,16,8.0,10,3,5,24,26,111,5.0,1,1,1,1,10,59,33,66,45,41,56,17,21,33,59,45,60,82,8,7,44,60,65,13,47,22,1.0
2022-23,1610612743,DEN,Denver Nuggets,0022200783,2023-02-02T00:00:00,DEN vs. GSW,W,48.0,51,90,0.567,16,35,0.457,16,21,0.762,7,31,38,35,13.0,10,2,4,19,23,134,17.0,1,1,1,1,5,5,22,15,10,25,19,62,56,60,84,68,84,5,40,17,88,44,53,24,3,15,1.0
2022-23,1610612744,GSW,Golden State Warriors,0022200783,2023-02-02T00:00:00,GSW @ DEN,L,48.0,43,85,0.506,19,38,0.5,12,19,0.632,10,32,42,25,17.0,4,4,2,23,19,117,-17.0,1,55,55,55,6,42,78,29,22,76,6,82,59,99,51,60,63,78,63,94,47,12,64,50,58,96,1.0
2022-23,1610612754,IND,Indiana Pacers,0022200778,2023-02-02T00:00:00,IND vs. LAL,L,48.0,45,93,0.484,16,41,0.39,5,6,0.833,6,40,46,30,16.0,8,6,5,21,10,111,-1.0,1,40,40,40,4,18,27,34,19,22,33,91,91,25,73,3,23,17,50,35,28,38,42,90,56,40,1.0
2022-23,1610612747,LAL,Los Angeles Lakers,0022200778,2023-02-02T00:00:00,LAL @ IND,W,48.0,42,92,0.457,6,22,0.273,22,31,0.71,13,38,51,29,13.0,8,5,6,10,21,112,1.0,1,1,1,1,10,46,29,69,103,102,88,39,25,89,14,36,27,15,39,21,42,75,3,58,64,57,1.0
2022-23,1610612763,MEM,Memphis Grizzlies,0022200779,2023-02-02T00:00:00,MEM @ CLE,L,48.0,41,87,0.471,10,23,0.435,21,22,0.955,11,33,44,22,18.0,8,5,7,23,17,113,-15.0,1,61,61,61,6,58,71,48,58,96,18,25,52,2,54,58,62,75,82,47,52,69,80,70,51,88,1.0
2022-23,1610612748,MIA,Miami Heat,0022200780,2023-02-02T00:00:00,MIA @ NYK,L,48.0,39,87,0.448,13,36,0.361,13,16,0.813,9,24,33,24,11.0,8,3,0,15,17,104,-2.0,1,66,66,66,7,49,45,61,36,39,45,94,99,63,63,107,106,48,26,49,52,1,17,95,75,69,1.0
2022-23,1610612749,MIL,Milwaukee Bucks,0022200784,2023-02-02T00:00:00,MIL vs. LAC,W,48.0,39,90,0.433,9,37,0.243,19,27,0.704,8,45,53,16,10.0,2,0,4,17,22,106,1.0,1,1,1,1,7,58,39,72,91,62,93,27,24,67,65,7,20,94,8,95,97,48,36,23,68,61,1.0
2022-23,1610612740,NOP,New Orleans Pelicans,0022200782,2023-02-02T00:00:00,NOP @ DAL,L,48.0,42,84,0.5,5,20,0.25,17,21,0.81,12,38,50,27,17.0,6,5,3,26,24,106,-5.0,1,50,50,50,8,36,63,27,87,89,84,60,61,39,30,19,15,34,67,66,25,18,85,14,69,58,1.0
2022-23,1610612752,NYK,New York Knicks,0022200780,2023-02-02T00:00:00,NYK vs. MIA,W,48.0,40,83,0.482,12,36,0.333,14,18,0.778,11,33,44,25,18.0,8,0,3,17,15,106,2.0,1,1,1,1,11,54,71,40,44,39,50,84,89,41,62,50,66,29,91,25,101,22,22,96,67,55,1.0
2022-23,1610612737,ATL,Atlanta Hawks,0022200792,2023-02-03T00:00:00,ATL @ UTA,W,48.0,44,95,0.463,10,37,0.27,17,23,0.739,14,38,52,28,9.0,8,5,2,18,22,115,7.0,1,1,1,1,7,45,31,59,56,12,81,48,36,84,20,11,10,15,8,32,34,5,37,20,56,31,1.0
2022-23,1610612738,BOS,Boston Celtics,0022200788,2023-02-03T00:00:00,BOS vs. PHX,L,48.0,29,75,0.387,10,38,0.263,26,31,0.839,3,40,43,18,15.0,5,3,6,21,22,94,-12.0,1,74,74,74,15,110,107,107,99,74,103,7,9,44,111,17,62,103,66,61,87,83,69,27,106,99,1.0
2022-23,1610612766,CHA,Charlotte Hornets,0022200785,2023-02-03T00:00:00,CHA @ DET,L,48.0,40,90,0.444,9,34,0.265,23,30,0.767,8,29,37,22,14.0,16,2,3,20,22,112,-6.0,1,30,30,30,6,47,40,53,57,31,69,11,10,39,69,71,77,62,35,1,80,10,46,24,37,41,1.0
2022-23,1610612765,DET,Detroit Pistons,0022200785,2023-02-03T00:00:00,DET vs. CHA,W,48.0,44,86,0.512,14,32,0.438,16,23,0.696,12,39,51,27,23.0,7,3,2,22,20,118,6.0,1,1,1,1,5,10,47,9,19,47,14,58,53,79,28,6,12,13,88,41,47,6,38,49,16,14,1.0
2022-23,1610612745,HOU,Houston Rockets,0022200789,2023-02-03T00:00:00,HOU vs. TOR,L,48.0,40,80,0.5,7,21,0.333,24,33,0.727,6,34,40,22,13.0,5,4,7,26,25,111,-6.0,1,28,28,28,3,42,80,15,71,87,37,15,10,53,88,36,73,46,13,64,41,56,81,12,42,36,1.0
2022-23,1610612754,IND,Indiana Pacers,0022200786,2023-02-03T00:00:00,IND vs. SAC,W,48.0,40,89,0.449,17,41,0.415,10,14,0.714,9,38,47,28,18.0,13,5,5,18,15,107,3.0,1,1,1,1,4,53,45,59,17,22,21,84,84,69,53,9,17,27,68,5,41,38,11,82,66,32,1.0
2022-23,1610612750,MIN,Minnesota Timberwolves,0022200790,2023-02-03T00:00:00,MIN vs. ORL,L,48.0,40,87,0.46,16,44,0.364,24,28,0.857,12,29,41,21,20.0,7,7,3,27,24,120,-7.0,1,51,51,51,8,62,42,63,13,4,44,10,24,9,14,70,52,81,86,54,20,22,89,15,26,66,1.0
2022-23,1610612753,ORL,Orlando Magic,0022200790,2023-02-03T00:00:00,ORL @ MIN,W,48.0,45,85,0.529,12,23,0.522,25,38,0.658,13,29,42,23,17.0,11,3,7,24,27,127,7.0,1,1,1,1,5,9,46,10,27,85,3,13,4,82,15,68,51,42,56,9,59,70,69,4,5,21,1.0
2022-23,1610612755,PHI,Philadelphia 76ers,0022200791,2023-02-03T00:00:00,PHI @ SAS,W,48.0,46,87,0.529,13,27,0.481,32,41,0.78,14,25,39,28,11.0,11,3,0,13,25,137,12.0,1,1,1,1,8,11,30,15,41,85,9,3,1,84,9,94,61,19,24,16,72,1,5,6,4,21,1.0
2022-23,1610612756,PHX,Phoenix Suns,0022200788,2023-02-03T00:00:00,PHX @ BOS,W,48.0,41,95,0.432,12,32,0.375,12,14,0.857,10,43,53,28,9.0,6,6,3,22,21,106,12.0,1,1,1,1,5,56,14,77,43,46,42,85,89,27,62,1,10,37,8,65,35,24,47,43,71,25,1.0
2022-23,1610612757,POR,Portland Trail Blazers,0022200787,2023-02-03T00:00:00,POR @ WAS,W,48.0,43,88,0.489,17,41,0.415,21,23,0.913,11,27,38,25,7.0,5,2,3,17,19,124,8.0,1,1,1,1,3,18,26,30,8,11,27,37,53,12,22,68,57,35,1,58,80,25,19,52,20,22,1.0
2022-23,1610612758,SAC,Sacramento Kings,0022200786,2023-02-03T00:00:00,SAC @ IND,L,48.0,37,86,0.43,13,38,0.342,17,20,0.85,11,38,49,24,20.0,6,5,5,15,18,104,-3.0,1,62,62,62,6,78,57,85,48,46,61,57,69,28,32,14,17,60,92,63,14,63,9,75,83,67,1.0
2022-23,1610612759,SAS,San Antonio Spurs,0022200791,2023-02-03T00:00:00,SAS vs. PHI,L,48.0,52,89,0.584,7,21,0.333,14,15,0.933,9,26,35,32,18.0,8,0,3,25,13,125,-12.0,1,25,25,25,7,2,51,1,80,87,47,51,77,3,65,80,86,12,63,25,88,14,83,83,17,54,1.0
2022-23,1610612761,TOR,Toronto Raptors,0022200789,2023-02-03T00:00:00,TOR @ HOU,W,48.0,41,90,0.456,15,39,0.385,20,27,0.741,13,30,43,21,9.0,9,7,4,25,26,117,6.0,1,1,1,1,8,45,43,39,4,11,22,34,29,63,37,41,45,57,19,48,16,33,79,11,28,36,1.0
2022-23,1610612762,UTA,Utah Jazz,0022200792,2023-02-03T00:00:00,UTA vs. ATL,L,48.0,41,91,0.451,13,44,0.295,13,18,0.722,13,37,50,20,15.0,4,2,5,22,18,108,-7.0,1,42,42,42,6,49,29,57,39,14,67,73,74,66,31,25,19,77,40,70,79,43,52,66,68,62,1.0
2022-23,1610612764,WAS,Washington Wizards,0022200787,2023-02-03T00:00:00,WAS vs. POR,L,48.0,42,84,0.5,12,33,0.364,20,22,0.909,9,32,41,27,11.0,4,3,2,19,17,116,-8.0,1,40,40,40,4,35,50,33,31,33,38,24,42,9,40,58,55,24,22,80,66,7,42,62,33,59,1.0
2022-23,1610612737,ATL,Atlanta Hawks,0022200801,2023-02-04T00:00:00,ATL @ DEN,L,48.0,44,91,0.484,6,20,0.3,14,17,0.824,10,33,43,26,16.0,7,7,6,18,15,108,-20.0,1,49,49,49,7,45,51,40,89,96,71,77,79,40,55,50,50,31,72,38,14,58,37,86,75,91,1.0
2022-23,1610612751,BKN,Brooklyn Nets,0022200793,2023-02-04T00:00:00,BKN vs. WAS,W,48.0,43,86,0.5,14,33,0.424,25,28,0.893,10,29,39,21,15.0,4,10,3,28,21,125,2.0,1,1,1,1,3,27,33,35,24,46,25,8,19,15,23,71,52,74,52,76,6,23,90,26,9,44,1.0
2022-23,1610612741,CHI,Chicago Bulls,0022200796,2023-02-04T00:00:00,CHI vs. POR,W,48.0,48,80,0.6,12,26,0.462,21,25,0.84,6,35,41,32,12.0,6,3,3,19,19,129,8.0,1,1,1,1,8,10,76,4,25,60,13,21,21,35,61,35,52,6,28,62,59,14,43,39,8,33,1.0
2022-23,1610612742,DAL,Dallas Mavericks,0022200800,2023-02-04T00:00:00,DAL @ GSW,L,48.0,39,85,0.459,14,40,0.35,21,27,0.778,10,29,39,22,14.0,9,1,5,18,24,113,-6.0,1,41,41,41,10,46,33,51,45,45,52,29,30,40,17,55,36,51,57,13,78,60,16,20,43,61,1.0
2022-23,1610612743,DEN,Denver Nuggets,0022200801,2023-02-04T00:00:00,DEN vs. ATL,W,48.0,48,95,0.505,15,38,0.395,17,20,0.85,12,36,48,32,13.0,14,6,7,15,18,128,20.0,1,1,1,1,5,13,9,49,15,9,40,45,67,23,30,28,23,19,40,2,22,95,12,70,11,11,1.0
2022-23,1610612765,DET,Detroit Pistons,0022200794,2023-02-04T00:00:00,DET vs. PHX,L,48.0,35,81,0.432,16,42,0.381,14,22,0.636,9,21,30,23,16.0,8,2,2,27,23,100,-16.0,1,21,21,21,5,72,67,58,10,5,31,68,58,86,55,89,87,39,48,28,70,6,78,27,70,67,1.0
2022-23,1610612744,GSW,Golden State Warriors,0022200800,2023-02-04T00:00:00,GSW vs. DAL,W,48.0,45,82,0.549,14,35,0.4,15,19,0.789,5,33,38,33,14.0,6,5,1,24,18,119,6.0,1,1,1,1,6,29,88,8,62,83,38,55,59,50,101,53,86,19,27,65,30,2,78,55,47,41,1.0
2022-23,1610612745,HOU,Houston Rockets,0022200799,2023-02-04T00:00:00,HOU @ OKC,L,48.0,45,89,0.506,10,30,0.333,21,27,0.778,9,25,34,29,16.0,4,8,6,18,19,121,-32.0,1,28,28,28,3,16,39,13,46,55,37,24,33,29,80,85,88,5,43,74,6,40,19,56,16,89,1.0
2022-23,1610612747,LAL,Los Angeles Lakers,0022200798,2023-02-04T00:00:00,LAL @ NOP,L,48.0,45,94,0.479,11,32,0.344,25,33,0.758,13,31,44,30,9.0,4,3,0,20,22,126,-5.0,1,59,59,59,10,25,16,56,37,48,54,20,19,69,14,80,57,10,11,86,82,1,75,44,19,73,1.0
2022-23,1610612748,MIA,Miami Heat,0022200797,2023-02-04T00:00:00,MIA @ MIL,L,48.0,45,101,0.446,8,31,0.258,17,21,0.81,13,31,44,23,7.0,9,2,4,23,14,115,-8.0,1,66,66,66,7,13,3,66,98,80,105,68,69,65,18,58,34,56,4,32,81,51,97,108,32,89,1.0
2022-23,1610612749,MIL,Milwaukee Bucks,0022200797,2023-02-04T00:00:00,MIL vs. MIA,W,48.0,46,88,0.523,14,40,0.35,17,28,0.607,10,41,51,23,12.0,6,4,2,14,23,123,8.0,1,1,1,1,7,23,50,24,44,42,59,39,20,89,48,19,30,63,17,47,50,11,11,18,28,43,1.0
2022-23,1610612740,NOP,New Orleans Pelicans,0022200798,2023-02-04T00:00:00,NOP vs. LAL,W,48.0,52,100,0.52,9,30,0.3,18,20,0.9,14,34,48,28,11.0,6,0,3,22,20,131,5.0,1,1,1,1,8,1,6,17,61,38,67,52,68,7,16,39,28,27,15,66,90,18,59,51,4,41,1.0
2022-23,1610612752,NYK,New York Knicks,0022200795,2023-02-04T00:00:00,NYK vs. LAC,L,53.0,45,94,0.479,18,40,0.45,20,26,0.769,10,36,46,30,10.0,6,3,4,30,20,128,-6.0,1,60,60,60,2,19,24,42,4,22,9,38,41,46,70,24,52,5,14,50,61,33,100,56,16,71,1.0
2022-23,1610612760,OKC,Oklahoma City Thunder,0022200799,2023-02-04T00:00:00,OKC vs. HOU,W,48.0,56,97,0.577,21,46,0.457,20,23,0.87,9,33,42,39,9.0,11,6,8,19,18,153,32.0,1,1,1,1,7,2,16,4,1,1,13,32,43,22,68,42,51,3,8,14,14,79,31,68,1,5,1.0
2022-23,1610612756,PHX,Phoenix Suns,0022200794,2023-02-04T00:00:00,PHX @ DET,W,48.0,42,75,0.56,11,23,0.478,21,31,0.677,10,36,46,34,17.0,10,2,2,23,27,116,16.0,1,1,1,1,5,46,97,5,51,89,11,24,12,95,62,22,39,5,83,12,89,10,65,9,41,16,1.0
2022-23,1610612757,POR,Portland Trail Blazers,0022200796,2023-02-04T00:00:00,POR @ CHI,L,48.0,44,87,0.506,14,43,0.326,19,21,0.905,7,26,33,22,9.0,3,3,3,19,19,121,-8.0,1,39,39,39,3,14,31,25,26,7,59,46,64,13,71,76,79,51,5,83,63,25,31,52,25,56,1.0
2022-23,1610612764,WAS,Washington Wizards,0022200793,2023-02-04T00:00:00,WAS @ BKN,L,48.0,39,81,0.481,13,28,0.464,32,41,0.78,6,33,39,22,16.0,10,3,10,21,28,123,-2.0,1,40,40,40,4,59,68,45,25,59,14,1,1,51,68,51,63,63,57,8,66,86,59,3,14,42,1.0
2022-23,1610612766,CHA,Charlotte Hornets,0022200802,2023-02-05T00:00:00,CHA vs. ORL,L,48.0,45,83,0.542,12,33,0.364,11,23,0.478,8,31,39,28,15.0,8,6,2,23,18,113,-6.0,1,30,30,30,6,16,76,7,26,36,31,81,48,92,69,58,73,14,47,32,27,6,67,63,32,41,1.0
2022-23,1610612739,CLE,Cleveland Cavaliers,0022200803,2023-02-05T00:00:00,CLE @ IND,W,48.0,46,88,0.523,15,37,0.405,15,16,0.938,8,38,46,33,13.0,7,5,6,20,20,122,19.0,1,1,1,1,8,11,26,20,15,12,34,59,82,3,62,9,19,2,39,43,34,65,52,43,8,13,1.0
2022-23,1610612743,DEN,Denver Nuggets,0022200806,2023-02-05T00:00:00,DEN @ MIN,L,48.0,34,71,0.479,6,25,0.24,24,31,0.774,3,34,37,19,22.0,6,5,3,23,23,98,-30.0,1,75,75,75,5,106,110,70,101,95,105,8,12,55,111,42,92,107,110,69,30,22,96,24,100,112,1.0
2022-23,1610612754,IND,Indiana Pacers,0022200803,2023-02-05T00:00:00,IND vs. CLE,L,48.0,40,92,0.435,8,32,0.25,15,22,0.682,12,30,42,28,13.0,3,6,5,20,20,103,-19.0,1,40,40,40,4,53,32,66,81,66,83,62,54,80,25,52,40,27,23,86,28,38,34,46,75,82,1.0
2022-23,1610612763,MEM,Memphis Grizzlies,0022200805,2023-02-05T00:00:00,MEM vs. TOR,L,48.0,38,78,0.487,10,27,0.37,17,23,0.739,8,36,44,25,20.0,10,9,3,16,16,103,-3.0,1,61,61,61,6,73,92,34,58,88,33,45,47,55,80,36,62,50,92,29,7,11,9,84,79,65,1.0
2022-23,1610612750,MIN,Minnesota Timberwolves,0022200806,2023-02-05T00:00:00,MIN vs. DEN,W,48.0,48,87,0.552,10,27,0.37,22,30,0.733,5,29,34,33,11.0,7,3,5,23,23,128,30.0,1,1,1,1,8,9,42,14,59,78,41,18,16,63,84,70,85,8,9,54,77,53,62,21,11,1,1.0
2022-23,1610612740,NOP,New Orleans Pelicans,0022200807,2023-02-05T00:00:00,NOP vs. SAC,W,48.0,48,85,0.565,14,26,0.538,26,34,0.765,12,36,48,26,11.0,11,3,5,23,22,136,32.0,1,1,1,1,8,8,55,6,13,73,2,12,13,61,30,30,28,40,15,14,63,47,68,33,2,5,1.0
2022-23,1610612752,NYK,New York Knicks,0022200804,2023-02-05T00:00:00,NYK vs. PHI,W,48.0,34,79,0.43,12,36,0.333,28,39,0.718,14,35,49,21,12.0,5,1,4,28,23,108,11.0,1,1,1,1,11,93,87,76,44,39,50,4,2,67,28,30,33,55,32,66,93,33,96,24,61,28,1.0
2022-23,1610612753,ORL,Orlando Magic,0022200802,2023-02-05T00:00:00,ORL @ CHA,W,48.0,42,91,0.462,8,23,0.348,27,30,0.9,18,34,52,25,12.0,6,2,6,18,23,119,6.0,1,1,1,1,5,26,20,50,70,85,45,7,18,9,2,40,6,23,21,63,73,58,21,20,17,24,1.0
2022-23,1610612755,PHI,Philadelphia 76ers,0022200804,2023-02-05T00:00:00,PHI @ NYK,L,48.0,30,74,0.405,7,25,0.28,30,36,0.833,8,36,44,23,12.0,4,4,1,23,28,97,-11.0,1,70,70,70,8,100,96,91,95,95,86,5,4,49,57,19,27,57,32,92,56,4,69,2,91,93,1.0
2022-23,1610612758,SAC,Sacramento Kings,0022200807,2023-02-05T00:00:00,SAC @ NOP,L,48.0,35,82,0.427,11,42,0.262,23,27,0.852,11,27,38,23,15.0,5,5,3,22,23,104,-32.0,1,62,62,62,6,88,81,86,68,24,88,26,38,27,32,88,76,70,56,71,14,20,63,27,83,101,1.0
2022-23,1610612761,TOR,Toronto Raptors,0022200805,2023-02-05T00:00:00,TOR @ MEM,W,48.0,44,101,0.436,11,36,0.306,7,12,0.583,11,31,42,24,11.0,11,3,9,16,16,106,3.0,1,1,1,1,8,28,11,63,33,21,56,89,86,90,58,34,53,37,34,24,69,88,8,73,62,44,1.0
2022-23,1610612738,BOS,Boston Celtics,0022200808,2023-02-06T00:00:00,BOS @ DET,W,48.0,39,83,0.47,16,37,0.432,17,21,0.81,10,41,51,25,12.0,2,5,6,22,20,111,12.0,1,1,1,1,15,73,82,62,45,79,28,52,51,60,42,14,20,64,33,104,49,83,77,38,74,32,1.0
2022-23,1610612751,BKN,Brooklyn Nets,0022200810,2023-02-06T00:00:00,BKN vs. LAC,L,48.0,41,84,0.488,16,31,0.516,18,22,0.818,8,34,42,21,16.0,4,5,5,26,19,116,-8.0,1,51,51,51,3,42,39,44,12,60,8,43,45,37,40,23,31,74,63,76,53,66,81,40,33,66,1.0
2022-23,1610612741,CHI,Chicago Bulls,0022200811,2023-02-06T00:00:00,CHI vs. SAS,W,48.0,50,89,0.562,6,22,0.273,22,25,0.88,7,42,49,27,14.0,10,6,3,12,23,128,24.0,1,1,1,1,8,4,25,12,80,82,71,14,21,17,54,7,14,28,43,14,19,14,3,16,9,5,1.0
2022-23,1610612739,CLE,Cleveland Cavaliers,0022200809,2023-02-06T00:00:00,CLE @ WAS,W,48.0,44,78,0.564,12,29,0.414,14,20,0.7,7,36,43,26,17.0,9,6,5,15,18,114,23.0,1,1,1,1,8,21,73,7,36,57,31,68,56,75,73,16,29,33,75,14,22,49,11,64,34,9,1.0
2022-23,1610612742,DAL,Dallas Mavericks,0022200813,2023-02-06T00:00:00,DAL @ UTA,W,48.0,41,88,0.466,15,39,0.385,27,31,0.871,17,32,49,26,14.0,6,4,4,25,23,124,13.0,1,1,1,1,10,34,24,44,39,51,38,9,17,11,1,32,6,19,57,45,31,38,72,28,20,11,1.0
2022-23,1610612765,DET,Detroit Pistons,0022200808,2023-02-06T00:00:00,DET vs. BOS,L,48.0,37,87,0.425,9,33,0.273,16,21,0.762,9,33,42,22,9.0,9,6,5,20,22,99,-12.0,1,21,21,21,5,53,43,62,60,39,71,58,61,56,55,28,39,54,2,14,13,34,23,31,73,56,1.0
2022-23,1610612744,GSW,Golden State Warriors,0022200814,2023-02-06T00:00:00,GSW vs. OKC,W,48.0,56,97,0.577,26,50,0.52,3,7,0.429,11,34,45,43,16.0,6,3,3,17,10,141,27.0,1,1,1,1,6,2,16,3,2,12,3,108,106,108,39,44,45,2,47,65,64,29,7,107,4,5,1.0
2022-23,1610612745,HOU,Houston Rockets,0022200812,2023-02-06T00:00:00,HOU vs. SAC,L,48.0,44,88,0.5,13,32,0.406,19,24,0.792,11,28,39,27,14.0,5,4,5,15,22,120,-20.0,1,28,28,28,3,19,44,15,20,45,12,38,46,26,68,71,78,12,23,64,41,24,6,27,18,77,1.0
2022-23,1610612749,MIL,Milwaukee Bucks,0022200815,2023-02-06T00:00:00,MIL @ POR,W,48.0,47,87,0.54,16,42,0.381,17,21,0.81,7,48,55,27,16.0,4,2,2,27,20,127,19.0,1,1,1,1,7,19,55,14,32,37,43,39,50,26,78,3,12,34,52,76,79,11,95,38,21,10,1.0
2022-23,1610612760,OKC,Oklahoma City Thunder,0022200814,2023-02-06T00:00:00,OKC @ GSW,L,48.0,44,91,0.484,11,32,0.344,15,21,0.714,7,29,36,21,11.0,8,3,3,10,17,114,-27.0,1,52,52,52,7,32,52,36,49,61,49,71,58,80,87,67,91,67,23,48,61,15,1,78,54,96,1.0
2022-23,1610612757,POR,Portland Trail Blazers,0022200815,2023-02-06T00:00:00,POR vs. MIL,L,48.0,37,91,0.407,9,36,0.25,25,29,0.862,1,27,28,23,9.0,5,2,2,20,27,108,-19.0,1,39,39,39,3,61,14,78,69,36,84,18,24,22,92,68,91,47,5,58,80,7,39,12,54,79,1.0
2022-23,1610612758,SAC,Sacramento Kings,0022200812,2023-02-06T00:00:00,SAC @ HOU,W,48.0,52,89,0.584,21,41,0.512,15,18,0.833,7,28,35,38,10.0,9,5,4,22,15,140,20.0,1,1,1,1,6,4,39,4,4,29,4,71,82,38,79,81,88,4,20,30,14,44,63,92,3,12,1.0
2022-23,1610612759,SAS,San Antonio Spurs,0022200811,2023-02-06T00:00:00,SAS @ CHI,L,48.0,40,90,0.444,8,26,0.308,16,17,0.941,6,32,38,25,18.0,7,3,6,23,12,104,-24.0,1,25,25,25,7,59,47,58,70,74,65,35,66,2,87,36,72,52,63,41,53,50,71,89,63,77,1.0
2022-23,1610612762,UTA,Utah Jazz,0022200813,2023-02-06T00:00:00,UTA vs. DAL,L,48.0,41,87,0.471,6,31,0.194,23,26,0.885,10,27,37,21,13.0,4,4,4,23,25,111,-13.0,1,42,42,42,6,49,54,45,91,78,93,17,32,12,59,82,86,73,24,70,56,28,64,15,60,82,1.0
2022-23,1610612764,WAS,Washington Wizards,0022200809,2023-02-06T00:00:00,WAS vs. CLE,L,48.0,35,82,0.427,6,28,0.214,15,19,0.789,7,30,37,20,14.0,8,5,6,18,15,91,-23.0,1,40,40,40,4,79,62,77,82,59,85,56,62,46,57,71,74,77,38,28,36,58,29,80,85,89,1.0
2022-23,1610612737,ATL,Atlanta Hawks,0022200818,2023-02-07T00:00:00,ATL @ NOP,L,48.0,38,85,0.447,12,36,0.333,19,25,0.76,10,31,41,30,12.0,4,6,2,21,19,107,-9.0,1,49,49,49,7,85,77,74,29,17,57,37,25,79,55,63,66,6,36,84,21,5,63,46,78,76,1.0
2022-23,1610612751,BKN,Brooklyn Nets,0022200817,2023-02-07T00:00:00,BKN vs. PHX,L,48.0,38,79,0.481,9,28,0.321,27,31,0.871,5,31,36,25,17.0,11,2,4,21,24,112,-4.0,1,51,51,51,3,61,77,49,73,73,69,3,10,24,65,55,69,42,72,8,88,46,49,7,43,55,1.0
2022-23,1610612741,CHI,Chicago Bulls,0022200819,2023-02-07T00:00:00,CHI @ MEM,L,48.0,32,87,0.368,7,35,0.2,18,27,0.667,11,38,49,24,20.0,9,3,7,16,21,89,-15.0,1,49,49,49,8,92,42,93,67,8,88,38,17,84,18,18,14,46,83,24,59,72,17,27,90,82,1.0
2022-23,1610612743,DEN,Denver Nuggets,0022200820,2023-02-07T00:00:00,DEN vs. MIN,W,48.0,58,93,0.624,13,27,0.481,17,22,0.773,6,38,44,44,11.0,12,5,7,21,16,146,34.0,1,1,1,1,5,1,14,2,35,84,11,45,49,56,92,17,45,1,18,7,30,95,76,87,1,1,1.0
2022-23,1610612747,LAL,Los Angeles Lakers,0022200821,2023-02-07T00:00:00,LAL vs. OKC,L,48.0,49,85,0.576,14,31,0.452,18,26,0.692,6,35,41,27,21.0,8,3,2,19,18,130,-3.0,1,59,59,59,10,7,74,3,16,53,13,72,55,94,95,59,80,30,103,21,82,5,62,86,7,64,1.0
2022-23,1610612763,MEM,Memphis Grizzlies,0022200819,2023-02-07T00:00:00,MEM vs. CHI,W,48.0,39,81,0.481,11,33,0.333,15,21,0.714,5,34,39,22,14.0,10,7,3,21,16,104,15.0,1,1,1,1,6,68,89,41,50,51,52,65,58,73,96,50,85,75,48,29,22,11,58,84,77,18,1.0
2022-23,1610612750,MIN,Minnesota Timberwolves,0022200820,2023-02-07T00:00:00,MIN @ DEN,L,48.0,40,85,0.471,10,35,0.286,22,26,0.846,8,28,36,24,17.0,6,7,5,16,21,112,-34.0,1,51,51,51,8,62,52,55,59,35,82,18,32,15,52,78,76,57,63,69,20,53,5,34,53,99,1.0
2022-23,1610612740,NOP,New Orleans Pelicans,0022200818,2023-02-07T00:00:00,NOP vs. ATL,W,48.0,45,91,0.495,12,32,0.375,14,21,0.667,13,34,47,28,10.0,8,2,6,19,21,116,9.0,1,1,1,1,8,20,23,35,28,31,41,77,61,87,23,39,32,27,8,46,78,63,28,45,38,30,1.0
2022-23,1610612752,NYK,New York Knicks,0022200816,2023-02-07T00:00:00,NYK @ ORL,W,48.0,37,81,0.457,15,43,0.349,13,19,0.684,11,32,43,21,11.0,6,2,4,22,19,102,4.0,1,1,1,1,11,71,82,56,23,8,45,89,87,78,62,61,71,55,25,50,81,33,64,64,79,45,1.0
2022-23,1610612760,OKC,Oklahoma City Thunder,0022200821,2023-02-07T00:00:00,OKC @ LAL,W,48.0,49,94,0.521,17,34,0.5,18,20,0.9,7,30,37,32,13.0,12,2,3,18,19,133,3.0,1,1,1,1,7,12,29,13,8,49,5,46,68,11,87,57,85,5,46,5,79,15,21,58,9,44,1.0
2022-23,1610612753,ORL,Orlando Magic,0022200816,2023-02-07T00:00:00,ORL vs. NYK,L,48.0,37,79,0.468,6,25,0.24,18,24,0.75,9,32,41,23,11.0,4,4,2,19,22,98,-4.0,1,41,41,41,5,65,75,44,86,80,83,54,47,65,51,49,58,42,9,79,48,7,31,29,78,48,1.0
2022-23,1610612756,PHX,Phoenix Suns,0022200817,2023-02-07T00:00:00,PHX @ BKN,W,48.0,43,92,0.467,9,31,0.29,21,28,0.75,16,32,48,31,15.0,10,4,2,24,21,116,4.0,1,1,1,1,5,33,36,52,72,54,85,24,20,68,12,50,27,13,65,12,61,10,71,43,41,47,1.0
2022-23,1610612738,BOS,Boston Celtics,0022200824,2023-02-08T00:00:00,BOS vs. PHI,W,48.0,40,76,0.526,19,35,0.543,7,10,0.7,5,39,44,25,15.0,2,5,3,19,16,106,7.0,1,1,1,1,15,67,105,22,21,88,1,108,105,96,97,26,54,64,66,104,49,27,54,82,89,53,1.0
2022-23,1610612766,CHA,Charlotte Hornets,0022200823,2023-02-08T00:00:00,CHA @ WAS,L,48.0,39,93,0.419,9,31,0.29,17,21,0.81,12,28,40,23,7.0,11,5,12,17,17,104,-14.0,1,30,30,30,6,52,29,62,57,53,57,49,61,26,37,75,68,58,5,10,39,91,14,75,64,65,1.0
2022-23,1610612739,CLE,Cleveland Cavaliers,0022200822,2023-02-08T00:00:00,CLE vs. DET,W,48.0,43,87,0.494,6,26,0.231,21,25,0.84,13,37,50,30,13.0,8,4,6,16,21,113,28.0,1,1,1,1,8,30,32,40,88,78,87,18,26,28,10,12,4,13,39,29,50,65,18,34,46,2,1.0
2022-23,1610612742,DAL,Dallas Mavericks,0022200829,2023-02-08T00:00:00,DAL @ LAC,W,48.0,41,78,0.526,17,35,0.486,11,17,0.647,8,36,44,26,18.0,7,6,4,20,18,110,6.0,1,1,1,1,10,34,69,12,25,70,7,81,79,73,29,15,14,19,82,29,12,38,38,73,54,19,1.0
2022-23,1610612765,DET,Detroit Pistons,0022200822,2023-02-08T00:00:00,DET @ CLE,L,48.0,30,81,0.37,8,32,0.25,17,18,0.944,9,23,32,19,14.0,8,6,4,21,16,85,-28.0,1,21,21,21,5,89,67,89,69,47,78,54,70,1,55,84,84,72,31,28,13,20,32,81,88,88,1.0
2022-23,1610612744,GSW,Golden State Warriors,0022200830,2023-02-08T00:00:00,GSW @ POR,L,48.0,46,97,0.474,21,49,0.429,9,10,0.9,10,22,32,31,11.0,11,2,3,24,16,122,-3.0,1,55,55,55,6,23,16,55,9,19,20,101,104,15,51,105,103,32,5,7,85,29,78,81,37,58,1.0
2022-23,1610612745,HOU,Houston Rockets,0022200827,2023-02-08T00:00:00,HOU vs. SAC,L,48.0,47,86,0.547,10,22,0.455,24,28,0.857,15,29,44,25,19.0,4,7,4,21,15,128,-2.0,1,28,28,28,3,9,60,4,46,85,8,15,29,11,25,67,57,20,67,74,10,11,46,84,7,28,1.0
2022-23,1610612754,IND,Indiana Pacers,0022200825,2023-02-08T00:00:00,IND @ MIA,L,48.0,38,78,0.487,15,33,0.455,20,28,0.714,5,26,31,24,11.0,3,5,3,25,22,111,-5.0,1,40,40,40,4,68,85,32,25,61,13,36,19,69,79,79,86,61,15,86,41,11,74,27,56,49,1.0
2022-23,1610612748,MIA,Miami Heat,0022200825,2023-02-08T00:00:00,MIA vs. IND,W,48.0,37,79,0.468,6,19,0.316,36,39,0.923,15,33,48,21,13.0,7,3,5,22,25,116,5.0,1,1,1,1,7,73,93,47,114,119,73,2,2,17,9,39,10,76,53,59,52,78,85,10,30,36,1.0
2022-23,1610612750,MIN,Minnesota Timberwolves,0022200828,2023-02-08T00:00:00,MIN @ UTA,W,48.0,56,98,0.571,23,43,0.535,8,8,1.0,8,39,47,35,11.0,6,6,5,19,12,143,25.0,1,1,1,1,8,2,8,9,2,5,4,97,99,1,52,12,17,6,9,69,29,53,23,95,3,2,1.0
2022-23,1610612755,PHI,Philadelphia 76ers,0022200824,2023-02-08T00:00:00,PHI @ BOS,L,48.0,37,83,0.446,10,31,0.323,15,20,0.75,8,29,37,20,7.0,9,3,5,16,19,99,-7.0,1,70,70,70,8,74,47,71,74,58,74,79,72,92,57,72,78,78,2,36,72,50,15,54,87,80,1.0
2022-23,1610612757,POR,Portland Trail Blazers,0022200830,2023-02-08T00:00:00,POR vs. GSW,W,48.0,43,78,0.551,8,27,0.296,31,32,0.969,12,35,47,25,21.0,6,3,2,16,24,125,3.0,1,1,1,1,3,18,73,9,79,80,72,4,14,3,13,20,11,35,88,45,63,7,13,22,17,31,1.0
2022-23,1610612758,SAC,Sacramento Kings,0022200827,2023-02-08T00:00:00,SAC @ HOU,W,48.0,46,92,0.5,10,30,0.333,28,30,0.933,10,21,31,29,9.0,10,4,7,15,21,130,2.0,1,1,1,1,6,28,26,43,76,86,62,6,20,5,44,100,98,28,11,15,30,84,9,46,21,54,1.0
2022-23,1610612759,SAS,San Antonio Spurs,0022200826,2023-02-08T00:00:00,SAS @ TOR,L,48.0,35,87,0.402,9,32,0.281,19,27,0.704,7,32,39,24,16.0,11,4,7,18,19,98,-14.0,1,25,25,25,7,80,61,73,63,47,73,22,19,61,79,36,69,60,48,3,34,65,26,37,75,61,1.0
2022-23,1610612761,TOR,Toronto Raptors,0022200826,2023-02-08T00:00:00,TOR vs. SAS,W,48.0,43,88,0.489,10,28,0.357,16,21,0.762,9,42,51,21,17.0,11,7,4,19,18,112,14.0,1,1,1,1,8,32,50,25,44,67,33,59,56,53,73,3,11,57,83,24,16,33,32,56,48,14,1.0
2022-23,1610612762,UTA,Utah Jazz,0022200828,2023-02-08T00:00:00,UTA vs. MIN,L,48.0,44,105,0.419,12,34,0.353,18,21,0.857,21,29,50,27,8.0,2,5,6,12,19,118,-25.0,1,42,42,42,6,29,2,78,52,60,40,44,59,19,2,74,19,34,2,91,43,57,1,62,36,90,1.0
2022-23,1610612764,WAS,Washington Wizards,0022200823,2023-02-08T00:00:00,WAS vs. CHA,W,48.0,44,87,0.506,15,37,0.405,15,17,0.882,11,41,52,29,17.0,4,12,5,17,17,118,14.0,1,1,1,1,4,23,33,30,14,16,26,56,72,16,30,6,8,16,65,80,3,39,25,62,26,13,1.0
2022-23,1610612737,ATL,Atlanta Hawks,0022200832,2023-02-09T00:00:00,ATL vs. PHX,W,48.0,43,95,0.453,10,29,0.345,20,27,0.741,20,39,59,23,19.0,6,4,10,22,19,116,9.0,1,1,1,1,7,59,31,69,56,54,52,29,19,83,3,8,4,62,93,50,51,93,72,46,52,22,1.0
2022-23,1610612751,BKN,Brooklyn Nets,0022200833,2023-02-09T00:00:00,BKN vs. CHI,W,48.0,39,91,0.429,17,44,0.386,21,25,0.84,11,38,49,26,11.0,8,1,2,20,16,116,11.0,1,1,1,1,3,54,12,74,6,1,36,25,31,33,16,10,6,31,20,31,93,10,38,70,33,20,1.0
2022-23,1610612741,CHI,Chicago Bulls,0022200833,2023-02-09T00:00:00,CHI @ BKN,L,48.0,42,91,0.462,5,26,0.192,16,21,0.762,8,38,46,15,12.0,4,2,1,16,20,105,-11.0,1,49,49,49,8,49,22,67,86,60,90,56,53,65,41,18,25,91,28,87,76,3,17,34,66,73,1.0
2022-23,1610612743,DEN,Denver Nuggets,0022200831,2023-02-09T00:00:00,DEN @ ORL,L,48.0,39,84,0.464,10,33,0.303,16,24,0.667,7,32,39,24,16.0,6,5,6,15,16,104,-11.0,1,75,75,75,5,84,67,80,72,37,89,62,35,87,84,60,79,81,71,69,30,82,12,87,90,95,1.0
2022-23,1610612747,LAL,Los Angeles Lakers,0022200834,2023-02-09T00:00:00,LAL vs. MIL,L,48.0,42,89,0.472,7,18,0.389,15,21,0.714,11,32,43,23,12.0,2,2,7,19,20,106,-9.0,1,59,59,59,10,46,51,60,93,112,35,90,80,86,29,75,67,72,31,109,97,87,62,67,83,82,1.0
2022-23,1610612749,MIL,Milwaukee Bucks,0022200834,2023-02-09T00:00:00,MIL @ LAL,W,48.0,45,99,0.455,12,47,0.255,13,18,0.722,16,35,51,24,11.0,5,7,2,20,19,115,9.0,1,1,1,1,7,28,10,57,69,17,90,72,70,59,10,54,30,52,12,56,14,11,60,47,48,34,1.0
2022-23,1610612753,ORL,Orlando Magic,0022200831,2023-02-09T00:00:00,ORL vs. DEN,W,48.0,47,97,0.485,9,27,0.333,12,19,0.632,15,32,47,24,10.0,12,6,5,16,15,115,11.0,1,1,1,1,5,5,7,37,60,72,51,86,73,87,6,49,23,30,5,5,19,43,10,87,29,12,1.0
2022-23,1610612756,PHX,Phoenix Suns,0022200832,2023-02-09T00:00:00,PHX @ ATL,L,48.0,39,86,0.453,7,30,0.233,22,29,0.759,9,26,35,24,11.0,14,10,4,19,22,107,-9.0,1,56,56,56,5,68,68,65,89,62,98,19,17,66,68,88,92,66,22,1,2,45,27,30,65,75,1.0
2022-23,1610612738,BOS,Boston Celtics,0022200838,2023-02-10T00:00:00,BOS vs. CHA,W,48.0,44,89,0.494,25,55,0.455,14,17,0.824,5,38,43,34,15.0,7,7,6,22,18,127,11.0,1,1,1,1,15,31,40,35,3,3,19,76,78,53,97,33,62,6,66,36,23,83,77,58,20,36,1.0
2022-23,1610612766,CHA,Charlotte Hornets,0022200838,2023-02-10T00:00:00,CHA @ BOS,L,48.0,45,93,0.484,8,23,0.348,18,26,0.692,11,36,47,26,13.0,9,6,7,18,22,116,-11.0,1,30,30,30,6,16,29,29,67,87,37,44,33,63,44,25,31,28,27,28,27,58,26,24,24,57,1.0
2022-23,1610612739,CLE,Cleveland Cavaliers,0022200842,2023-02-10T00:00:00,CLE @ NOP,W,48.0,48,85,0.565,10,28,0.357,12,15,0.8,12,29,41,28,14.0,9,5,3,22,18,118,11.0,1,1,1,1,8,4,45,5,53,63,48,81,88,45,22,57,41,25,53,14,34,17,72,64,16,27,1.0
2022-23,1610612742,DAL,Dallas Mavericks,0022200844,2023-02-10T00:00:00,DAL @ SAC,W,48.0,43,88,0.489,18,43,0.419,18,19,0.947,11,28,39,34,12.0,4,0,4,19,19,122,8.0,1,1,1,1,10,25,24,39,15,29,19,44,68,3,12,63,36,1,35,68,88,38,25,66,24,16,1.0
2022-23,1610612765,DET,Detroit Pistons,0022200835,2023-02-10T00:00:00,DET vs. SAS,W,58.0,46,107,0.43,7,37,0.189,39,49,0.796,21,41,62,29,16.0,6,5,3,29,32,138,7.0,1,1,1,1,1,7,1,60,77,20,90,1,1,39,1,4,1,5,48,54,23,13,82,1,2,11,1.0
2022-23,1610612745,HOU,Houston Rockets,0022200840,2023-02-10T00:00:00,HOU @ MIA,L,48.0,35,84,0.417,7,30,0.233,18,24,0.75,10,37,47,23,18.0,11,4,6,21,23,95,-2.0,1,28,28,28,3,77,69,75,71,55,83,42,46,40,70,18,42,37,62,10,41,40,46,21,81,28,1.0
2022-23,1610612754,IND,Indiana Pacers,0022200836,2023-02-10T00:00:00,IND vs. PHX,L,48.0,36,85,0.424,11,39,0.282,21,28,0.75,11,27,38,23,15.0,9,3,2,16,24,104,-13.0,1,40,40,40,4,80,61,73,58,32,74,29,19,56,36,71,63,67,40,26,78,4,3,12,73,68,1.0
2022-23,1610612763,MEM,Memphis Grizzlies,0022200841,2023-02-10T00:00:00,MEM vs. MIN,W,48.0,49,84,0.583,10,25,0.4,20,27,0.741,9,35,44,27,19.0,12,6,4,19,20,128,21.0,1,1,1,1,6,15,79,4,58,94,25,29,32,53,75,46,62,32,88,14,38,26,34,42,18,10,1.0
2022-23,1610612748,MIA,Miami Heat,0022200840,2023-02-10T00:00:00,MIA vs. HOU,W,48.0,32,77,0.416,12,38,0.316,21,22,0.955,6,34,40,21,17.0,11,6,4,23,21,97,2.0,1,1,1,1,7,105,108,93,54,31,73,36,60,7,103,31,63,76,102,16,5,51,97,50,97,59,1.0
2022-23,1610612749,MIL,Milwaukee Bucks,0022200845,2023-02-10T00:00:00,MIL @ LAC,W,48.0,45,90,0.5,17,39,0.436,12,16,0.75,9,40,49,28,11.0,8,4,7,13,12,119,13.0,1,1,1,1,7,28,39,28,23,50,18,77,77,54,57,25,41,24,12,19,50,88,4,91,34,17,1.0
2022-23,1610612750,MIN,Minnesota Timberwolves,0022200841,2023-02-10T00:00:00,MIN @ MEM,L,48.0,41,88,0.466,15,37,0.405,10,12,0.833,7,28,35,25,18.0,7,4,6,20,19,107,-21.0,1,51,51,51,8,51,37,60,17,25,25,90,96,18,67,78,82,45,71,54,60,72,30,60,71,94,1.0
2022-23,1610612740,NOP,New Orleans Pelicans,0022200842,2023-02-10T00:00:00,NOP vs. CLE,L,48.0,39,82,0.476,9,24,0.375,20,25,0.8,11,23,34,25,14.0,8,3,5,18,22,107,-11.0,1,50,50,50,8,62,69,48,61,82,41,39,38,43,39,91,87,46,35,46,63,47,19,33,65,75,1.0
2022-23,1610612752,NYK,New York Knicks,0022200837,2023-02-10T00:00:00,NYK @ PHI,L,48.0,43,81,0.531,11,32,0.344,11,16,0.688,4,31,35,23,12.0,1,5,2,17,15,108,-11.0,1,60,60,60,11,36,82,10,54,66,46,96,97,75,102,75,94,44,32,100,25,7,22,96,61,89,1.0
2022-23,1610612760,OKC,Oklahoma City Thunder,0022200843,2023-02-10T00:00:00,OKC @ POR,W,48.0,47,83,0.566,12,24,0.5,32,35,0.914,10,19,29,29,11.0,9,3,5,26,27,138,9.0,1,1,1,1,7,15,82,5,39,90,5,3,5,7,55,98,98,13,23,29,61,41,81,10,5,28,1.0
2022-23,1610612755,PHI,Philadelphia 76ers,0022200837,2023-02-10T00:00:00,PHI vs. NYK,W,48.0,44,84,0.524,14,38,0.368,17,22,0.773,6,34,40,27,8.0,8,2,5,15,17,119,11.0,1,1,1,1,8,22,39,19,31,12,60,67,58,88,81,30,58,28,4,46,91,50,11,68,28,28,1.0
2022-23,1610612756,PHX,Phoenix Suns,0022200836,2023-02-10T00:00:00,PHX @ IND,W,48.0,43,93,0.462,10,33,0.303,21,24,0.875,19,34,53,25,17.0,13,2,3,24,16,117,13.0,1,1,1,1,5,33,30,57,60,41,76,24,40,21,3,33,10,56,83,4,89,24,71,81,37,23,1.0
2022-23,1610612757,POR,Portland Trail Blazers,0022200843,2023-02-10T00:00:00,POR vs. OKC,L,48.0,42,76,0.553,16,40,0.4,29,31,0.935,9,23,32,29,20.0,3,5,3,27,26,129,-9.0,1,39,39,39,3,28,80,8,16,14,29,7,16,7,47,88,83,11,83,83,32,25,84,16,11,58,1.0
2022-23,1610612758,SAC,Sacramento Kings,0022200844,2023-02-10T00:00:00,SAC vs. DAL,L,48.0,39,72,0.542,9,27,0.333,27,32,0.844,5,33,38,21,14.0,2,4,0,19,19,114,-8.0,1,62,62,62,6,69,94,17,86,93,62,9,10,32,89,43,76,82,47,97,30,1,31,68,63,82,1.0
2022-23,1610612759,SAS,San Antonio Spurs,0022200835,2023-02-10T00:00:00,SAS @ DET,L,58.0,45,107,0.421,14,42,0.333,27,34,0.794,13,38,51,21,19.0,7,3,5,32,29,131,-7.0,1,25,25,25,1,29,2,68,14,4,47,2,3,24,34,9,10,81,72,41,53,37,91,3,6,38,1.0
2022-23,1610612761,TOR,Toronto Raptors,0022200839,2023-02-10T00:00:00,TOR vs. UTA,L,48.0,41,91,0.451,12,34,0.353,22,30,0.733,9,31,40,28,13.0,11,3,6,30,20,116,-6.0,1,49,49,49,8,45,39,45,24,26,41,21,17,65,73,34,66,15,52,24,69,71,91,39,31,66,1.0
2022-23,1610612762,UTA,Utah Jazz,0022200839,2023-02-10T00:00:00,UTA @ TOR,W,48.0,47,87,0.54,6,24,0.25,22,29,0.759,9,37,46,31,17.0,6,6,3,20,30,122,6.0,1,1,1,1,6,9,54,8,91,94,84,22,19,56,68,25,42,8,58,44,28,13,39,4,25,23,1.0
2022-23,1610612737,ATL,Atlanta Hawks,0022200850,2023-02-11T00:00:00,ATL vs. SAS,W,48.0,50,103,0.485,10,26,0.385,15,19,0.789,14,34,48,29,10.0,9,6,5,10,17,125,19.0,1,1,1,1,7,14,7,39,56,78,32,66,64,61,20,40,21,13,19,22,21,43,1,72,21,5,1.0
2022-23,1610612751,BKN,Brooklyn Nets,0022200846,2023-02-11T00:00:00,BKN vs. PHI,L,48.0,37,92,0.402,13,40,0.325,11,13,0.846,12,30,42,23,9.0,7,6,3,20,12,98,-3.0,1,51,51,51,3,67,9,86,36,14,67,85,89,31,12,65,31,57,6,42,37,23,38,92,80,54,1.0
2022-23,1610612766,CHA,Charlotte Hornets,0022200847,2023-02-11T00:00:00,CHA vs. DEN,L,48.0,40,85,0.471,8,32,0.25,17,29,0.586,5,32,37,25,14.0,11,8,5,18,20,105,-14.0,1,30,30,30,6,47,66,35,67,44,73,49,17,88,87,52,77,37,35,10,10,38,26,44,60,65,1.0
2022-23,1610612741,CHI,Chicago Bulls,0022200852,2023-02-11T00:00:00,CHI @ CLE,L,48.0,36,74,0.486,5,21,0.238,12,15,0.8,6,38,44,27,23.0,7,3,4,22,15,89,-8.0,1,49,49,49,8,80,86,52,86,86,82,79,82,54,61,18,34,28,91,49,59,32,68,79,90,66,1.0
2022-23,1610612739,CLE,Cleveland Cavaliers,0022200852,2023-02-11T00:00:00,CLE vs. CHI,W,48.0,36,86,0.419,9,35,0.257,16,19,0.842,10,29,39,26,13.0,9,4,3,15,22,97,8.0,1,1,1,1,8,76,40,85,65,22,84,51,62,24,39,57,58,33,39,14,50,17,11,24,81,37,1.0
2022-23,1610612742,DAL,Dallas Mavericks,0022200854,2023-02-11T00:00:00,DAL @ SAC,L,53.0,47,91,0.516,20,51,0.392,14,19,0.737,7,36,43,27,16.0,4,4,0,19,17,128,-5.0,1,41,41,41,2,4,10,17,6,6,34,68,68,52,44,15,18,13,73,68,31,1,25,78,10,58,1.0
2022-23,1610612743,DEN,Denver Nuggets,0022200847,2023-02-11T00:00:00,DEN @ CHA,W,48.0,50,99,0.505,5,23,0.217,14,17,0.824,14,37,51,35,14.0,7,5,8,20,18,119,14.0,1,1,1,1,5,7,3,50,106,99,109,81,93,35,18,22,11,5,52,54,30,107,65,70,40,21,1.0
2022-23,1610612744,GSW,Golden State Warriors,0022200853,2023-02-11T00:00:00,GSW vs. LAL,L,48.0,40,96,0.417,12,44,0.273,11,12,0.917,7,36,43,31,16.0,11,6,4,21,12,103,-6.0,1,55,55,55,6,67,20,86,81,41,99,89,100,11,87,32,57,32,47,7,9,49,39,103,91,70,1.0
2022-23,1610612754,IND,Indiana Pacers,0022200849,2023-02-11T00:00:00,IND @ WAS,L,48.0,43,95,0.453,14,40,0.35,13,17,0.765,17,16,33,27,8.0,8,3,7,18,16,113,-14.0,1,40,40,40,4,29,19,56,33,28,52,75,77,52,6,91,80,39,1,35,78,63,11,78,51,72,1.0
2022-23,1610612747,LAL,Los Angeles Lakers,0022200853,2023-02-11T00:00:00,LAL @ GSW,W,48.0,40,89,0.449,8,25,0.32,21,26,0.808,10,42,52,19,16.0,4,4,6,12,21,109,6.0,1,1,1,1,10,63,51,75,82,91,67,48,55,39,46,14,21,97,73,86,62,75,6,58,75,38,1.0
2022-23,1610612748,MIA,Miami Heat,0022200848,2023-02-11T00:00:00,MIA @ ORL,W,53.0,37,85,0.435,12,39,0.308,21,23,0.913,11,35,46,24,20.0,7,6,5,22,24,107,4.0,1,1,1,1,1,73,54,77,54,21,81,36,49,20,37,27,18,48,115,59,5,78,85,21,67,42,1.0
2022-23,1610612752,NYK,New York Knicks,0022200851,2023-02-11T00:00:00,NYK vs. UTA,W,48.0,43,95,0.453,12,36,0.333,28,38,0.737,20,32,52,18,6.0,6,4,7,24,24,126,6.0,1,1,1,1,11,36,21,59,44,39,50,4,3,57,2,61,17,78,1,50,40,83,79,16,19,40,1.0
2022-23,1610612753,ORL,Orlando Magic,0022200848,2023-02-11T00:00:00,ORL vs. MIA,L,53.0,37,87,0.425,11,29,0.379,18,23,0.783,12,32,44,22,18.0,12,5,6,24,22,103,-4.0,1,41,41,41,1,65,33,68,40,56,33,54,55,45,25,49,40,54,63,5,33,58,69,29,66,48,1.0
2022-23,1610612755,PHI,Philadelphia 76ers,0022200846,2023-02-11T00:00:00,PHI @ BKN,W,48.0,33,75,0.44,6,23,0.261,29,30,0.967,8,33,41,17,12.0,4,3,6,12,20,101,3.0,1,1,1,1,8,90,93,77,96,100,93,6,17,5,57,39,50,93,32,92,72,65,2,43,83,57,1.0
2022-23,1610612758,SAC,Sacramento Kings,0022200854,2023-02-11T00:00:00,SAC vs. DAL,W,53.0,51,100,0.51,8,32,0.25,23,25,0.92,11,39,50,22,7.0,9,0,4,17,19,133,5.0,1,1,1,1,2,6,7,35,96,74,93,26,48,9,32,12,13,76,5,30,97,44,17,68,15,45,1.0
2022-23,1610612759,SAS,San Antonio Spurs,0022200850,2023-02-11T00:00:00,SAS @ ATL,L,48.0,40,94,0.426,11,37,0.297,15,17,0.882,14,35,49,25,20.0,9,5,6,17,10,106,-19.0,1,25,25,25,7,59,35,67,38,20,67,43,66,8,21,26,18,52,84,15,25,50,15,91,59,69,1.0
2022-23,1610612762,UTA,Utah Jazz,0022200851,2023-02-11T00:00:00,UTA @ NYK,L,48.0,45,88,0.511,9,32,0.281,21,28,0.75,11,27,38,23,12.0,3,7,4,24,24,120,-6.0,1,42,42,42,6,23,47,18,78,69,75,31,22,58,46,82,83,62,15,82,19,28,75,22,30,58,1.0
2022-23,1610612764,WAS,Washington Wizards,0022200849,2023-02-11T00:00:00,WAS vs. IND,W,48.0,48,75,0.64,12,26,0.462,19,22,0.864,8,32,40,32,18.0,5,7,3,16,18,127,14.0,1,1,1,1,4,9,85,1,31,73,15,30,42,21,52,58,60,7,75,63,21,15,17,56,7,13,1.0
2022-23,1610612738,BOS,Boston Celtics,0022200855,2023-02-12T00:00:00,BOS vs. MEM,W,48.0,39,88,0.443,21,51,0.412,20,26,0.769,15,40,55,28,11.0,5,3,5,14,22,119,10.0,1,1,1,1,15,73,46,76,10,10,38,38,25,74,8,17,9,33,23,61,87,72,11,27,48,41,1.0
2022-23,1610612765,DET,Detroit Pistons,0022200856,2023-02-12T00:00:00,DET @ TOR,L,48.0,40,79,0.506,13,34,0.382,25,32,0.781,6,26,32,25,18.0,3,4,8,26,26,118,-1.0,1,21,21,21,5,35,77,11,31,31,30,17,18,46,84,77,84,27,69,84,32,73,71,10,16,21,1.0
2022-23,1610612763,MEM,Memphis Grizzlies,0022200855,2023-02-12T00:00:00,MEM @ BOS,L,48.0,42,84,0.5,12,34,0.353,13,21,0.619,3,31,34,24,8.0,4,5,3,22,14,109,-10.0,1,61,61,61,6,49,79,27,35,46,40,77,58,94,100,73,94,60,5,92,52,11,69,94,63,79,1.0
2022-23,1610612761,TOR,Toronto Raptors,0022200856,2023-02-12T00:00:00,TOR vs. DET,W,48.0,42,87,0.483,11,30,0.367,24,36,0.667,13,27,40,21,8.0,5,8,4,26,26,119,1.0,1,1,1,1,8,37,59,31,33,55,28,14,7,83,37,68,66,57,11,85,10,33,85,11,24,48,1.0
2022-23,1610612737,ATL,Atlanta Hawks,0022200857,2023-02-13T00:00:00,ATL @ CHA,L,48.0,53,108,0.491,11,28,0.393,21,21,1.0,16,26,42,26,12.0,9,4,5,15,19,138,-6.0,1,49,49,49,7,3,3,37,44,65,30,24,51,1,13,88,57,31,36,22,51,43,13,46,4,62,1.0
2022-23,1610612751,BKN,Brooklyn Nets,0022200862,2023-02-13T00:00:00,BKN @ NYK,L,48.0,35,78,0.449,12,29,0.414,24,33,0.727,10,29,39,18,10.0,3,3,3,19,24,106,-18.0,1,51,51,51,3,78,81,65,45,67,28,11,5,73,23,71,52,90,13,85,76,23,31,7,63,85,1.0
2022-23,1610612766,CHA,Charlotte Hornets,0022200857,2023-02-13T00:00:00,CHA vs. ATL,W,48.0,53,84,0.631,20,37,0.541,18,23,0.783,3,32,35,36,17.0,5,5,4,19,15,144,6.0,1,1,1,1,6,1,70,1,1,19,1,44,48,34,92,52,88,1,65,72,39,19,40,85,1,16,1.0
2022-23,1610612741,CHI,Chicago Bulls,0022200863,2023-02-13T00:00:00,CHI vs. ORL,L,48.0,35,86,0.407,3,21,0.143,18,19,0.947,10,34,44,17,16.0,8,3,6,21,19,91,-9.0,1,49,49,49,8,85,48,87,93,86,93,38,65,2,27,39,34,86,66,37,59,61,63,39,86,70,1.0
2022-23,1610612739,CLE,Cleveland Cavaliers,0022200858,2023-02-13T00:00:00,CLE vs. SAS,W,48.0,44,78,0.564,9,28,0.321,20,25,0.8,11,25,36,21,14.0,8,6,1,16,21,117,8.0,1,1,1,1,8,21,73,7,65,63,60,23,26,45,30,83,72,68,53,29,22,2,18,34,22,37,1.0
2022-23,1610612742,DAL,Dallas Mavericks,0022200865,2023-02-13T00:00:00,DAL vs. MIN,L,48.0,43,84,0.512,13,39,0.333,22,29,0.759,9,24,33,21,11.0,5,1,2,21,26,121,-3.0,1,41,41,41,10,25,38,21,55,51,58,21,21,46,25,85,74,53,25,54,78,15,44,13,28,52,1.0
2022-23,1610612743,DEN,Denver Nuggets,0022200861,2023-02-13T00:00:00,DEN @ MIA,W,48.0,44,76,0.579,11,28,0.393,13,15,0.867,6,33,39,34,13.0,3,4,4,18,14,112,4.0,1,1,1,1,5,39,102,8,59,73,42,85,100,14,92,55,79,8,40,105,55,44,42,104,66,62,1.0
2022-23,1610612744,GSW,Golden State Warriors,0022200866,2023-02-13T00:00:00,GSW vs. WAS,W,48.0,52,89,0.584,20,40,0.5,11,15,0.733,11,23,34,40,16.0,10,0,3,19,15,135,9.0,1,1,1,1,6,5,57,2,14,63,6,89,87,70,39,104,100,3,47,16,107,29,19,86,7,30,1.0
2022-23,1610612745,HOU,Houston Rockets,0022200860,2023-02-13T00:00:00,HOU @ PHI,L,48.0,35,86,0.407,6,24,0.25,28,31,0.903,15,27,42,17,17.0,10,2,7,15,24,104,-19.0,1,28,28,28,3,77,60,78,81,77,80,7,14,6,25,78,67,79,52,16,74,56,6,17,64,74,1.0
2022-23,1610612754,IND,Indiana Pacers,0022200859,2023-02-13T00:00:00,IND vs. UTA,L,48.0,46,91,0.505,11,34,0.324,14,20,0.7,8,24,32,30,11.0,11,7,3,21,17,117,-6.0,1,40,40,40,4,14,36,25,58,56,60,70,67,76,58,82,82,17,15,10,24,11,42,71,39,52,1.0
2022-23,1610612747,LAL,Los Angeles Lakers,0022200867,2023-02-13T00:00:00,LAL @ POR,L,48.0,42,95,0.442,12,37,0.324,19,21,0.905,14,42,56,24,13.0,6,5,9,16,15,115,-12.0,1,59,59,59,10,46,13,82,27,18,61,65,80,6,8,14,4,59,39,53,42,104,21,108,53,91,1.0
2022-23,1610612748,MIA,Miami Heat,0022200861,2023-02-13T00:00:00,MIA vs. DEN,L,48.0,39,89,0.438,12,35,0.343,18,20,0.9,9,25,34,25,9.0,9,4,4,14,18,108,-4.0,1,66,66,66,7,49,34,72,54,46,54,59,74,24,63,98,102,39,14,32,25,51,11,77,61,75,1.0
2022-23,1610612750,MIN,Minnesota Timberwolves,0022200865,2023-02-13T00:00:00,MIN @ DAL,W,48.0,48,83,0.578,9,29,0.31,19,26,0.731,10,29,39,28,12.0,8,2,1,26,21,124,3.0,1,1,1,1,8,9,60,8,74,68,72,44,32,69,30,70,61,29,18,45,86,5,84,34,20,43,1.0
2022-23,1610612740,NOP,New Orleans Pelicans,0022200864,2023-02-13T00:00:00,NOP @ OKC,W,48.0,39,74,0.527,9,30,0.3,16,18,0.889,4,29,33,19,19.0,13,8,3,21,17,103,3.0,1,1,1,1,8,62,90,14,61,38,67,67,77,10,88,68,88,85,81,5,2,18,45,73,74,46,1.0
2022-23,1610612752,NYK,New York Knicks,0022200862,2023-02-13T00:00:00,NYK vs. BKN,W,48.0,45,82,0.549,15,34,0.441,19,26,0.731,6,32,38,18,8.0,4,3,3,24,19,124,18.0,1,1,1,1,11,19,78,8,23,52,10,47,41,59,96,61,89,78,4,79,61,22,79,64,20,16,1.0
2022-23,1610612760,OKC,Oklahoma City Thunder,0022200864,2023-02-13T00:00:00,OKC vs. NOP,L,48.0,38,90,0.422,9,33,0.273,15,18,0.833,14,29,43,20,17.0,8,3,8,17,21,100,-3.0,1,52,52,52,7,73,55,76,78,56,82,71,81,38,14,67,48,77,75,48,61,79,12,36,86,59,1.0
2022-23,1610612753,ORL,Orlando Magic,0022200863,2023-02-13T00:00:00,ORL @ CHI,W,48.0,38,81,0.469,8,27,0.296,16,19,0.842,7,35,42,24,18.0,8,6,3,19,21,100,9.0,1,1,1,1,5,60,65,43,70,72,64,63,73,23,72,30,51,30,63,35,19,13,31,40,75,18,1.0
2022-23,1610612755,PHI,Philadelphia 76ers,0022200860,2023-02-13T00:00:00,PHI vs. HOU,W,48.0,46,82,0.561,15,34,0.441,16,17,0.941,7,31,38,26,16.0,11,7,2,24,15,123,19.0,1,1,1,1,8,11,57,7,23,43,25,72,88,10,72,59,71,33,68,16,15,10,76,87,17,14,1.0
2022-23,1610612757,POR,Portland Trail Blazers,0022200867,2023-02-13T00:00:00,POR vs. LAL,W,48.0,46,97,0.474,23,47,0.489,12,13,0.923,8,34,42,27,7.0,7,9,5,15,16,127,12.0,1,1,1,1,3,11,2,41,1,1,5,85,89,9,59,26,39,23,1,37,3,48,5,81,14,13,1.0
2022-23,1610612759,SAS,San Antonio Spurs,0022200858,2023-02-13T00:00:00,SAS @ CLE,L,48.0,43,85,0.506,8,21,0.381,15,20,0.75,11,24,35,27,18.0,10,1,6,21,16,109,-8.0,1,25,25,25,7,40,70,24,70,87,31,43,45,40,51,89,86,36,63,10,81,50,54,63,55,41,1.0
2022-23,1610612762,UTA,Utah Jazz,0022200859,2023-02-13T00:00:00,UTA @ IND,W,48.0,43,85,0.506,15,33,0.455,22,25,0.88,11,35,46,24,19.0,5,3,7,17,21,123,6.0,1,1,1,1,6,35,64,22,25,66,5,22,37,14,46,38,42,49,75,54,68,72,13,39,22,23,1.0
2022-23,1610612764,WAS,Washington Wizards,0022200866,2023-02-13T00:00:00,WAS @ GSW,L,48.0,48,80,0.6,12,28,0.429,18,21,0.857,9,24,33,26,17.0,10,3,0,15,19,126,-9.0,1,40,40,40,4,9,71,2,31,59,20,42,49,24,40,87,86,35,65,8,66,1,9,43,11,62,1.0
2022-23,1610612738,BOS,Boston Celtics,0022200869,2023-02-14T00:00:00,BOS @ MIL,L,53.0,46,99,0.465,17,50,0.34,16,20,0.8,8,36,44,28,13.0,8,1,3,26,23,125,-6.0,1,74,74,74,2,21,10,65,41,15,73,56,62,62,66,43,54,33,47,23,107,27,106,16,28,89,1.0
2022-23,1610612744,GSW,Golden State Warriors,0022200871,2023-02-14T00:00:00,GSW @ LAC,L,48.0,45,83,0.542,15,34,0.441,19,27,0.704,8,28,36,28,11.0,2,1,4,22,22,124,-10.0,1,55,55,55,6,29,83,10,54,89,18,27,13,84,77,90,92,55,5,105,99,49,49,23,25,84,1.0
2022-23,1610612749,MIL,Milwaukee Bucks,0022200869,2023-02-14T00:00:00,MIL vs. BOS,W,53.0,43,90,0.478,18,42,0.429,27,35,0.771,10,42,52,29,19.0,6,3,1,23,26,131,6.0,1,1,1,1,2,38,39,40,17,37,21,6,5,45,48,17,22,17,79,47,64,4,82,6,13,50,1.0
2022-23,1610612753,ORL,Orlando Magic,0022200868,2023-02-14T00:00:00,ORL @ TOR,L,48.0,43,84,0.512,13,31,0.419,14,18,0.778,9,20,29,26,19.0,6,2,11,17,16,113,-10.0,1,41,41,41,5,19,52,16,19,45,17,77,80,47,51,90,90,18,76,63,73,90,15,82,35,66,1.0
2022-23,1610612756,PHX,Phoenix Suns,0022200870,2023-02-14T00:00:00,PHX vs. SAC,W,48.0,50,88,0.568,7,22,0.318,13,16,0.813,8,29,37,33,15.0,12,4,4,17,21,120,11.0,1,1,1,1,5,2,57,2,89,95,66,79,82,46,77,72,81,7,65,7,61,45,14,43,31,29,1.0
2022-23,1610612757,POR,Portland Trail Blazers,0022200872,2023-02-14T00:00:00,POR vs. WAS,L,48.0,36,86,0.419,12,42,0.286,17,24,0.708,12,25,37,20,12.0,9,5,2,19,17,101,-25.0,1,39,39,39,3,68,36,77,47,8,75,56,49,76,13,79,64,63,21,17,32,7,31,77,71,86,1.0
2022-23,1610612758,SAC,Sacramento Kings,0022200870,2023-02-14T00:00:00,SAC @ PHX,L,48.0,37,83,0.446,14,38,0.368,21,24,0.875,13,27,40,23,17.0,8,4,4,21,17,109,-11.0,1,62,62,62,6,78,76,76,36,46,48,36,55,17,14,88,63,70,73,41,30,44,48,86,72,88,1.0
2022-23,1610612761,TOR,Toronto Raptors,0022200868,2023-02-14T00:00:00,TOR vs. ORL,W,48.0,50,83,0.602,8,24,0.333,15,20,0.75,13,27,40,31,20.0,9,11,2,16,17,123,10.0,1,1,1,1,8,3,83,1,69,87,45,64,59,55,37,68,66,5,92,48,2,6,8,63,14,23,1.0
2022-23,1610612764,WAS,Washington Wizards,0022200872,2023-02-14T00:00:00,WAS @ POR,W,48.0,45,79,0.57,17,33,0.515,19,22,0.864,5,39,44,28,16.0,5,2,5,17,19,126,25.0,1,1,1,1,4,19,75,8,5,33,4,30,42,21,81,11,39,20,57,63,78,39,25,43,11,1,1.0
2022-23,1610612737,ATL,Atlanta Hawks,0022200876,2023-02-15T00:00:00,ATL vs. NYK,L,48.0,40,97,0.412,5,26,0.192,16,21,0.762,8,32,40,25,5.0,6,7,4,18,21,101,-21.0,1,49,49,49,7,73,22,89,94,78,94,59,51,77,70,57,72,44,2,50,14,31,37,32,86,92,1.0
2022-23,1610612738,BOS,Boston Celtics,0022200877,2023-02-15T00:00:00,BOS vs. DET,W,48.0,49,92,0.533,21,45,0.467,8,10,0.8,8,35,43,30,11.0,10,5,4,18,16,127,18.0,1,1,1,1,15,9,24,19,10,35,12,104,105,62,66,54,62,17,23,9,49,51,43,82,20,18,1.0
2022-23,1610612751,BKN,Brooklyn Nets,0022200878,2023-02-15T00:00:00,BKN vs. MIA,W,48.0,41,77,0.532,17,39,0.436,17,20,0.85,5,31,36,26,11.0,3,5,3,27,18,116,11.0,1,1,1,1,3,42,84,24,6,18,22,50,57,30,65,55,69,31,20,85,53,23,87,54,33,20,1.0
2022-23,1610612766,CHA,Charlotte Hornets,0022200873,2023-02-15T00:00:00,CHA vs. SAS,W,48.0,43,96,0.448,14,35,0.4,20,29,0.69,15,43,58,26,16.0,8,12,6,17,24,120,10.0,1,1,1,1,6,23,16,51,10,25,16,25,17,65,12,6,2,28,56,32,2,49,14,12,16,8,1.0
2022-23,1610612741,CHI,Chicago Bulls,0022200874,2023-02-15T00:00:00,CHI @ IND,L,48.0,41,84,0.488,15,35,0.429,16,21,0.762,6,32,38,23,14.0,10,6,5,21,19,113,-4.0,1,49,49,49,8,54,58,51,10,8,24,56,53,65,61,52,64,54,43,14,19,46,63,39,46,56,1.0
2022-23,1610612739,CLE,Cleveland Cavaliers,0022200875,2023-02-15T00:00:00,CLE @ PHI,L,48.0,41,82,0.5,10,30,0.333,20,25,0.8,10,25,35,23,8.0,7,5,4,17,22,112,-6.0,1,57,57,57,8,44,64,34,53,51,55,23,26,45,39,83,75,55,5,43,34,30,23,24,52,71,1.0
2022-23,1610612742,DAL,Dallas Mavericks,0022200881,2023-02-15T00:00:00,DAL @ DEN,L,48.0,39,84,0.464,14,39,0.359,17,20,0.85,6,25,31,25,12.0,8,3,5,13,14,109,-9.0,1,41,41,41,10,46,38,46,45,51,47,54,66,15,59,81,79,25,35,18,44,60,3,89,55,73,1.0
2022-23,1610612743,DEN,Denver Nuggets,0022200881,2023-02-15T00:00:00,DEN vs. DAL,W,48.0,48,84,0.571,11,31,0.355,11,15,0.733,6,37,43,34,13.0,7,5,3,14,13,118,9.0,1,1,1,1,5,13,67,11,59,57,63,98,100,74,92,22,52,8,40,54,30,22,8,110,47,40,1.0
2022-23,1610612765,DET,Detroit Pistons,0022200877,2023-02-15T00:00:00,DET @ BOS,L,48.0,43,84,0.512,11,29,0.379,12,16,0.75,6,29,35,24,14.0,6,4,5,16,18,109,-18.0,1,21,21,21,5,16,56,7,45,66,32,81,77,61,84,61,74,33,31,54,32,34,5,64,46,70,1.0
2022-23,1610612745,HOU,Houston Rockets,0022200880,2023-02-15T00:00:00,HOU @ OKC,L,48.0,30,89,0.337,10,37,0.27,26,38,0.684,14,33,47,20,18.0,5,7,4,33,21,96,-37.0,1,28,28,28,3,87,39,90,46,20,73,11,5,70,35,40,42,59,62,64,10,11,91,34,78,90,1.0
2022-23,1610612754,IND,Indiana Pacers,0022200874,2023-02-15T00:00:00,IND vs. CHI,W,48.0,39,82,0.476,18,43,0.419,21,22,0.955,6,35,41,27,19.0,6,5,6,19,21,117,4.0,1,1,1,1,4,61,74,44,12,15,20,29,54,3,73,24,50,39,74,61,41,49,25,37,39,29,1.0
2022-23,1610612747,LAL,Los Angeles Lakers,0022200882,2023-02-15T00:00:00,LAL vs. NOP,W,48.0,44,83,0.53,10,37,0.27,22,36,0.611,6,37,43,32,11.0,5,8,3,23,28,120,18.0,1,1,1,1,10,36,83,19,54,18,89,39,12,110,95,41,67,6,23,70,11,20,96,11,41,10,1.0
2022-23,1610612763,MEM,Memphis Grizzlies,0022200879,2023-02-15T00:00:00,MEM vs. UTA,W,48.0,43,107,0.402,14,40,0.35,17,25,0.68,17,29,46,24,4.0,13,9,8,21,20,117,6.0,1,1,1,1,6,43,3,89,21,13,42,45,39,81,11,83,49,60,1,7,7,81,58,42,42,44,1.0
2022-23,1610612748,MIA,Miami Heat,0022200878,2023-02-15T00:00:00,MIA @ BKN,L,48.0,38,83,0.458,8,28,0.286,21,29,0.724,12,29,41,19,8.0,4,3,5,18,27,105,-11.0,1,66,66,66,7,62,67,53,98,101,92,36,20,99,26,71,57,95,7,111,52,78,46,6,71,100,1.0
2022-23,1610612740,NOP,New Orleans Pelicans,0022200882,2023-02-15T00:00:00,NOP @ LAL,L,48.0,39,89,0.438,7,25,0.28,17,24,0.708,13,37,50,24,15.0,5,3,8,28,23,102,-18.0,1,50,50,50,8,62,34,76,81,78,78,60,44,79,23,25,15,58,42,77,63,78,91,21,79,87,1.0
2022-23,1610612752,NYK,New York Knicks,0022200876,2023-02-15T00:00:00,NYK @ ATL,W,48.0,45,96,0.469,14,43,0.326,18,22,0.818,10,45,55,16,10.0,2,4,7,21,18,122,21.0,1,1,1,1,11,19,16,52,31,8,54,53,68,27,70,2,3,90,14,95,40,83,54,72,25,10,1.0
2022-23,1610612760,OKC,Oklahoma City Thunder,0022200880,2023-02-15T00:00:00,OKC vs. HOU,W,48.0,42,87,0.483,9,34,0.265,40,47,0.851,10,39,49,21,11.0,8,4,7,21,33,133,37.0,1,1,1,1,7,44,70,39,78,49,85,1,1,33,55,10,21,67,23,48,46,67,48,1,9,2,1.0
2022-23,1610612755,PHI,Philadelphia 76ers,0022200875,2023-02-15T00:00:00,PHI vs. CLE,W,48.0,39,78,0.5,13,27,0.481,27,29,0.931,8,30,38,24,12.0,7,4,5,22,17,118,6.0,1,1,1,1,8,55,79,34,41,85,9,13,21,13,57,64,71,49,32,61,56,50,61,68,33,45,1.0
2022-23,1610612759,SAS,San Antonio Spurs,0022200873,2023-02-15T00:00:00,SAS @ CHA,L,48.0,41,107,0.383,13,38,0.342,15,20,0.75,20,38,58,24,15.0,7,6,12,24,17,110,-10.0,1,25,25,25,7,53,2,81,18,13,45,43,45,40,2,9,2,60,35,41,14,91,76,56,49,48,1.0
2022-23,1610612762,UTA,Utah Jazz,0022200879,2023-02-15T00:00:00,UTA @ MEM,L,48.0,42,91,0.462,12,36,0.333,15,19,0.789,15,46,61,24,24.0,2,8,9,20,21,111,-6.0,1,42,42,42,6,41,29,51,52,48,47,64,70,42,19,1,1,49,91,91,11,87,39,39,60,58,1.0
2022-23,1610612741,CHI,Chicago Bulls,0022200883,2023-02-16T00:00:00,CHI vs. MIL,L,48.0,37,97,0.381,10,32,0.313,16,21,0.762,15,36,51,19,6.0,4,2,7,17,16,100,-12.0,1,49,49,49,8,77,4,91,44,22,62,56,53,65,2,29,7,79,4,87,76,72,26,71,76,77,1.0
2022-23,1610612749,MIL,Milwaukee Bucks,0022200883,2023-02-16T00:00:00,MIL @ CHI,W,48.0,40,88,0.455,18,47,0.383,14,18,0.778,9,43,52,24,9.0,4,7,2,16,17,112,12.0,1,1,1,1,7,56,50,57,17,17,42,67,70,39,57,14,22,52,5,76,14,11,27,68,57,24,1.0
2022-23,1610612750,MIN,Minnesota Timberwolves,0022200884,2023-02-16T00:00:00,MIN vs. WAS,L,48.0,39,95,0.411,8,29,0.276,20,22,0.909,16,37,53,21,18.0,8,5,6,16,14,106,-8.0,1,51,51,51,8,70,12,93,83,68,84,34,57,7,2,19,6,81,71,45,44,72,5,92,76,71,1.0
2022-23,1610612756,PHX,Phoenix Suns,0022200885,2023-02-16T00:00:00,PHX vs. LAC,L,48.0,42,89,0.472,11,31,0.355,12,16,0.75,7,31,38,30,14.0,10,2,2,24,19,107,-9.0,1,56,56,56,5,46,48,47,51,54,55,85,82,68,87,59,77,24,48,12,89,10,71,63,65,75,1.0
2022-23,1610612764,WAS,Washington Wizards,0022200884,2023-02-16T00:00:00,WAS @ MIN,W,48.0,43,95,0.453,14,35,0.4,14,17,0.824,13,36,49,25,16.0,13,6,5,14,16,114,8.0,1,1,1,1,4,31,13,64,19,23,27,63,72,34,16,28,19,42,57,1,24,39,6,73,39,25,1.0
2022-23,1610612738,BOS,Boston Celtics,0022200887,2023-02-23T00:00:00,BOS @ IND,W,53.0,51,99,0.515,18,39,0.462,22,26,0.846,20,31,51,31,15.0,7,6,5,18,23,142,4.0,1,1,1,1,2,5,10,26,30,69,15,20,25,38,3,77,20,12,66,36,36,72,43,16,1,60,1.0
2022-23,1610612739,CLE,Cleveland Cavaliers,0022200886,2023-02-23T00:00:00,CLE vs. DEN,L,48.0,43,90,0.478,6,26,0.231,17,20,0.85,13,28,41,24,11.0,10,2,4,21,20,109,-6.0,1,57,57,57,8,30,17,52,88,78,87,43,56,19,10,63,41,45,25,9,82,30,63,43,58,71,1.0
2022-23,1610612742,DAL,Dallas Mavericks,0022200891,2023-02-23T00:00:00,DAL vs. SAS,W,48.0,46,82,0.561,22,42,0.524,28,36,0.778,3,33,36,27,7.0,10,5,1,18,25,142,26.0,1,1,1,1,10,9,50,6,3,35,1,8,5,40,82,27,60,13,6,7,20,7,16,18,1,3,1.0
2022-23,1610612743,DEN,Denver Nuggets,0022200886,2023-02-23T00:00:00,DEN @ CLE,W,48.0,39,84,0.464,17,36,0.472,20,23,0.87,18,29,47,30,16.0,7,4,2,20,21,115,6.0,1,1,1,1,5,84,67,80,3,19,15,22,40,13,1,83,31,35,71,54,55,4,65,38,53,48,1.0
2022-23,1610612765,DET,Detroit Pistons,0022200888,2023-02-23T00:00:00,DET @ ORL,L,48.0,37,81,0.457,17,34,0.5,15,19,0.789,6,39,45,22,21.0,5,7,6,25,19,106,-2.0,1,21,21,21,5,53,67,44,6,31,3,64,68,44,84,6,27,54,80,67,5,50,66,60,53,23,1.0
2022-23,1610612744,GSW,Golden State Warriors,0022200893,2023-02-23T00:00:00,GSW @ LAL,L,48.0,40,105,0.381,14,49,0.286,17,21,0.81,17,31,48,24,10.0,10,3,3,23,20,111,-13.0,1,55,55,55,6,67,4,102,62,19,96,38,45,43,8,69,30,87,3,16,64,29,64,41,74,90,1.0
2022-23,1610612754,IND,Indiana Pacers,0022200887,2023-02-23T00:00:00,IND vs. BOS,L,53.0,49,94,0.521,22,49,0.449,18,22,0.818,10,27,37,33,15.0,10,5,6,23,18,138,-4.0,1,40,40,40,1,6,22,14,2,1,15,47,54,31,43,71,69,6,40,15,41,49,59,65,4,47,1.0
2022-23,1610612747,LAL,Los Angeles Lakers,0022200893,2023-02-23T00:00:00,LAL vs. GSW,W,48.0,42,86,0.488,16,30,0.533,24,34,0.706,10,48,58,30,16.0,8,3,3,20,23,124,13.0,1,1,1,1,10,46,68,42,9,60,1,26,18,91,46,3,1,10,73,21,82,20,75,36,23,16,1.0
2022-23,1610612763,MEM,Memphis Grizzlies,0022200889,2023-02-23T00:00:00,MEM @ PHI,L,48.0,34,87,0.391,7,32,0.219,30,36,0.833,13,36,49,22,11.0,5,7,10,27,26,105,-5.0,1,61,61,61,6,91,71,93,89,59,90,1,10,14,37,36,35,75,17,82,22,95,97,11,74,71,1.0
2022-23,1610612740,NOP,New Orleans Pelicans,0022200890,2023-02-23T00:00:00,NOP @ TOR,L,48.0,39,84,0.464,13,30,0.433,19,25,0.76,6,37,43,23,13.0,6,2,5,19,20,110,-5.0,1,50,50,50,8,62,63,58,19,38,17,46,38,65,85,25,50,65,27,66,78,47,28,51,57,58,1.0
2022-23,1610612760,OKC,Oklahoma City Thunder,0022200892,2023-02-23T00:00:00,OKC @ UTA,L,53.0,45,112,0.402,8,37,0.216,21,27,0.778,20,34,54,23,11.0,8,3,10,23,29,119,-1.0,1,52,52,52,2,24,1,83,85,29,91,27,25,63,3,35,6,52,23,48,61,91,66,5,35,52,1.0
2022-23,1610612753,ORL,Orlando Magic,0022200888,2023-02-23T00:00:00,ORL vs. DET,W,48.0,39,95,0.411,12,31,0.387,18,23,0.783,12,34,46,27,14.0,7,6,7,19,25,108,2.0,1,1,1,1,5,52,10,78,27,45,28,54,55,45,25,40,31,14,35,50,19,70,31,9,53,37,1.0
2022-23,1610612755,PHI,Philadelphia 76ers,0022200889,2023-02-23T00:00:00,PHI vs. MEM,W,48.0,34,84,0.405,13,36,0.361,29,36,0.806,7,36,43,25,12.0,3,10,7,26,27,110,5.0,1,1,1,1,8,86,39,92,41,24,63,6,4,74,72,19,33,41,32,99,3,83,94,3,61,46,1.0
2022-23,1610612757,POR,Portland Trail Blazers,0022200894,2023-02-23T00:00:00,POR @ SAC,L,48.0,43,93,0.462,16,38,0.421,14,17,0.824,9,24,33,26,13.0,12,3,4,23,16,116,-17.0,1,39,39,39,3,18,7,51,16,26,22,77,81,31,47,82,79,29,30,3,63,35,68,81,30,72,1.0
2022-23,1610612758,SAC,Sacramento Kings,0022200894,2023-02-23T00:00:00,SAC vs. POR,W,48.0,47,85,0.553,14,34,0.412,25,31,0.806,12,37,49,27,18.0,9,4,3,16,23,133,17.0,1,1,1,1,6,18,64,10,36,64,27,15,17,47,26,19,17,42,78,30,30,20,13,27,15,18,1.0
2022-23,1610612759,SAS,San Antonio Spurs,0022200891,2023-02-23T00:00:00,SAS @ DAL,L,48.0,45,86,0.523,10,25,0.4,16,23,0.696,10,35,45,30,17.0,4,1,5,25,18,116,-26.0,1,25,25,25,7,29,66,19,50,81,18,35,31,64,57,26,38,22,53,80,81,37,83,47,31,79,1.0
2022-23,1610612761,TOR,Toronto Raptors,0022200890,2023-02-23T00:00:00,TOR vs. NOP,W,48.0,43,92,0.467,9,31,0.29,20,25,0.8,11,37,48,17,12.0,10,5,2,20,19,115,5.0,1,1,1,1,8,32,33,35,55,49,61,34,40,33,58,10,21,84,41,36,39,6,43,50,35,40,1.0
2022-23,1610612762,UTA,Utah Jazz,0022200892,2023-02-23T00:00:00,UTA vs. OKC,W,53.0,42,100,0.42,13,48,0.271,23,27,0.852,17,41,58,26,22.0,8,10,3,29,23,120,1.0,1,1,1,1,1,41,8,77,39,3,79,17,28,21,10,6,6,39,85,21,5,13,92,24,30,34,1.0
2022-23,1610612737,ATL,Atlanta Hawks,0022200896,2023-02-24T00:00:00,ATL vs. CLE,W,48.0,50,85,0.588,15,28,0.536,21,23,0.913,5,37,42,28,14.0,7,8,6,21,23,136,17.0,1,1,1,1,7,14,77,3,7,65,2,24,36,11,92,14,57,15,61,38,6,58,63,14,6,11,1.0
2022-23,1610612751,BKN,Brooklyn Nets,0022200900,2023-02-24T00:00:00,BKN @ CHI,L,48.0,30,81,0.37,12,44,0.273,15,19,0.789,5,26,31,21,14.0,6,3,4,25,15,87,-44.0,1,51,51,51,3,91,61,95,45,1,84,58,63,50,65,84,89,74,46,53,76,46,73,76,92,95,1.0
2022-23,1610612766,CHA,Charlotte Hornets,0022200898,2023-02-24T00:00:00,CHA @ MIN,W,48.0,43,92,0.467,10,28,0.357,25,28,0.893,11,41,52,25,11.0,10,4,11,17,20,121,8.0,1,1,1,1,6,23,34,37,46,73,34,4,23,6,44,8,8,37,14,22,54,89,14,44,14,10,1.0
2022-23,1610612741,CHI,Chicago Bulls,0022200900,2023-02-24T00:00:00,CHI vs. BKN,W,48.0,50,88,0.568,12,26,0.462,19,28,0.679,12,45,57,25,11.0,6,4,3,15,25,131,44.0,1,1,1,1,8,4,33,10,25,60,13,29,14,83,14,3,2,40,19,62,41,14,11,7,6,1,1.0
2022-23,1610612739,CLE,Cleveland Cavaliers,0022200896,2023-02-24T00:00:00,CLE @ ATL,L,48.0,40,88,0.455,13,35,0.371,26,29,0.897,10,25,35,20,11.0,9,6,8,23,21,119,-17.0,1,57,57,57,8,52,26,69,29,22,43,6,17,6,39,83,75,73,25,14,22,88,80,34,14,95,1.0
2022-23,1610612744,GSW,Golden State Warriors,0022200901,2023-02-24T00:00:00,GSW vs. HOU,W,48.0,37,78,0.474,26,54,0.481,16,18,0.889,7,40,47,27,19.0,3,3,3,20,18,116,15.0,1,1,1,1,6,88,96,54,2,4,10,46,67,18,87,14,36,65,84,97,64,29,28,55,59,17,1.0
2022-23,1610612745,HOU,Houston Rockets,0022200901,2023-02-24T00:00:00,HOU @ GSW,L,48.0,36,92,0.391,11,35,0.314,18,22,0.818,13,31,44,23,7.0,12,3,3,18,20,101,-15.0,1,28,28,28,3,71,24,83,33,28,47,42,59,23,45,57,57,37,1,6,58,6,19,45,68,65,1.0
2022-23,1610612748,MIA,Miami Heat,0022200897,2023-02-24T00:00:00,MIA @ MIL,L,48.0,36,92,0.391,9,40,0.225,18,25,0.72,9,36,45,21,10.0,5,5,1,17,18,99,-29.0,1,66,66,66,7,81,22,104,90,18,114,59,39,101,63,20,29,76,17,98,10,5,33,77,92,118,1.0
2022-23,1610612749,MIL,Milwaukee Bucks,0022200897,2023-02-24T00:00:00,MIL vs. MIA,W,48.0,47,98,0.48,19,46,0.413,15,19,0.789,10,47,57,27,12.0,6,1,5,18,17,128,29.0,1,1,1,1,7,19,13,38,12,20,29,56,67,34,48,5,7,34,17,47,88,65,44,68,18,2,1.0
2022-23,1610612750,MIN,Minnesota Timberwolves,0022200898,2023-02-24T00:00:00,MIN vs. CHA,L,48.0,46,93,0.495,11,33,0.333,10,16,0.625,7,38,45,25,16.0,6,11,4,20,17,113,-8.0,1,51,51,51,8,17,17,37,50,48,56,90,83,89,67,14,27,45,51,69,1,37,30,76,48,71,1.0
2022-23,1610612752,NYK,New York Knicks,0022200895,2023-02-24T00:00:00,NYK @ WAS,W,48.0,45,92,0.489,12,29,0.414,13,16,0.813,12,31,43,21,12.0,9,2,6,17,20,115,6.0,1,1,1,1,11,19,32,34,44,85,21,89,97,28,50,75,71,55,32,18,81,75,22,56,45,40,1.0
2022-23,1610612760,OKC,Oklahoma City Thunder,0022200899,2023-02-24T00:00:00,OKC @ PHX,L,48.0,41,95,0.432,15,38,0.395,18,24,0.75,14,33,47,27,9.0,5,2,5,21,22,115,-9.0,1,52,52,52,7,54,22,72,18,23,30,46,37,70,14,42,27,23,8,81,79,41,48,30,48,79,1.0
2022-23,1610612756,PHX,Phoenix Suns,0022200899,2023-02-24T00:00:00,PHX vs. OKC,W,48.0,42,90,0.467,14,38,0.368,26,32,0.813,15,39,54,23,11.0,5,5,2,22,21,124,9.0,1,1,1,1,5,46,43,53,21,17,48,8,11,46,14,9,8,71,22,74,45,10,47,43,22,34,1.0
2022-23,1610612758,SAC,Sacramento Kings,0022200902,2023-02-24T00:00:00,SAC @ LAC,W,58.0,65,111,0.586,18,41,0.439,28,35,0.8,12,31,43,33,15.0,18,3,3,28,27,176,1.0,1,1,1,1,1,1,1,3,13,29,15,6,5,48,26,62,44,12,56,1,54,20,96,1,1,56,1.0
2022-23,1610612764,WAS,Washington Wizards,0022200895,2023-02-24T00:00:00,WAS vs. NYK,L,48.0,39,79,0.494,19,44,0.432,12,12,1.0,3,31,34,25,19.0,6,6,2,20,17,109,-6.0,1,40,40,40,4,59,75,37,1,5,19,74,87,1,90,68,84,42,82,50,24,7,50,62,54,49,1.0
2022-23,1610612738,BOS,Boston Celtics,0022200908,2023-02-25T00:00:00,BOS @ PHI,W,48.0,43,86,0.5,16,36,0.444,8,12,0.667,9,35,44,20,13.0,6,4,3,22,13,110,3.0,1,1,1,1,15,40,66,30,45,84,23,104,98,104,52,54,54,98,47,47,69,27,77,100,79,67,1.0
2022-23,1610612766,CHA,Charlotte Hornets,0022200904,2023-02-25T00:00:00,CHA vs. MIA,W,48.0,38,88,0.432,10,31,0.323,22,27,0.815,11,37,48,20,15.0,10,2,3,22,25,108,5.0,1,1,1,1,6,61,48,56,46,53,45,16,28,25,44,18,27,77,47,22,80,10,61,9,48,21,1.0
2022-23,1610612743,DEN,Denver Nuggets,0022200907,2023-02-25T00:00:00,DEN @ MEM,L,48.0,36,89,0.404,11,37,0.297,11,14,0.786,11,37,48,22,15.0,4,4,3,13,13,94,-18.0,1,75,75,75,5,101,29,105,59,14,91,98,105,51,37,22,23,91,63,97,55,22,6,110,104,101,1.0
2022-23,1610612765,DET,Detroit Pistons,0022200903,2023-02-25T00:00:00,DET vs. TOR,L,48.0,38,94,0.404,6,24,0.25,9,14,0.643,17,45,62,26,16.0,4,5,5,27,18,91,-4.0,1,21,21,21,5,49,9,78,85,84,78,90,85,85,5,1,1,20,48,76,23,34,78,64,82,30,1.0
2022-23,1610612754,IND,Indiana Pacers,0022200905,2023-02-25T00:00:00,IND @ ORL,W,48.0,48,99,0.485,15,40,0.375,10,14,0.714,10,35,45,35,10.0,9,8,8,24,19,121,13.0,1,1,1,1,4,8,9,33,25,28,38,84,84,69,43,24,24,3,10,26,13,74,66,55,28,7,1.0
2022-23,1610612763,MEM,Memphis Grizzlies,0022200907,2023-02-25T00:00:00,MEM vs. DEN,W,48.0,45,95,0.474,15,44,0.341,7,8,0.875,11,39,50,25,12.0,10,3,4,13,13,112,18.0,1,1,1,1,6,34,25,46,16,5,49,99,101,6,54,15,25,50,31,29,76,26,5,97,54,14,1.0
2022-23,1610612748,MIA,Miami Heat,0022200904,2023-02-25T00:00:00,MIA @ CHA,L,48.0,32,80,0.4,11,36,0.306,28,34,0.824,7,35,42,24,18.0,7,3,2,25,22,103,-5.0,1,66,66,66,7,105,86,99,65,39,83,8,7,58,94,27,50,48,107,59,52,15,109,37,79,80,1.0
2022-23,1610612740,NOP,New Orleans Pelicans,0022200906,2023-02-25T00:00:00,NOP @ NYK,L,48.0,40,102,0.392,8,38,0.211,18,21,0.857,13,26,39,25,7.0,11,0,7,15,22,106,-22.0,1,50,50,50,8,58,2,90,67,9,87,52,61,22,23,84,71,46,2,14,90,71,6,33,69,91,1.0
2022-23,1610612752,NYK,New York Knicks,0022200906,2023-02-25T00:00:00,NYK vs. NOP,W,48.0,45,88,0.511,19,48,0.396,19,23,0.826,11,43,54,24,19.0,1,7,0,22,15,128,22.0,1,1,1,1,11,19,49,21,2,4,28,47,63,24,62,3,8,37,96,100,12,1,64,96,16,8,1.0
2022-23,1610612753,ORL,Orlando Magic,0022200905,2023-02-25T00:00:00,ORL vs. IND,L,48.0,35,90,0.389,6,29,0.207,32,38,0.842,15,40,55,16,14.0,4,8,8,19,24,108,-13.0,1,41,41,41,5,76,24,87,86,56,87,3,4,23,6,8,2,85,35,79,6,80,31,13,53,73,1.0
2022-23,1610612755,PHI,Philadelphia 76ers,0022200908,2023-02-25T00:00:00,PHI vs. BOS,L,48.0,35,78,0.449,9,27,0.333,28,35,0.8,8,34,42,19,10.0,8,3,4,13,22,107,-3.0,1,70,70,70,8,84,79,69,82,85,70,9,8,75,57,30,40,82,16,46,72,33,5,24,67,73,1.0
2022-23,1610612759,SAS,San Antonio Spurs,0022200909,2023-02-25T00:00:00,SAS @ UTA,L,48.0,38,97,0.392,9,34,0.265,17,21,0.81,9,32,41,21,10.0,5,6,11,21,16,102,-16.0,1,25,25,25,7,67,23,76,63,33,79,33,39,19,65,36,57,81,3,68,14,89,54,63,66,64,1.0
2022-23,1610612761,TOR,Toronto Raptors,0022200903,2023-02-25T00:00:00,TOR @ DET,W,48.0,33,88,0.375,7,26,0.269,22,34,0.647,10,36,46,22,8.0,9,5,5,18,27,95,4.0,1,1,1,1,8,86,50,89,78,81,73,21,13,86,66,13,28,50,11,48,39,58,24,6,86,42,1.0
2022-23,1610612762,UTA,Utah Jazz,0022200909,2023-02-25T00:00:00,UTA vs. SAS,W,48.0,43,92,0.467,10,28,0.357,22,28,0.786,15,41,56,29,16.0,5,11,6,16,21,118,16.0,1,1,1,1,6,35,26,48,68,90,39,22,22,44,19,6,7,21,42,54,2,57,10,39,36,9,1.0
2022-23,1610612737,ATL,Atlanta Hawks,0022200911,2023-02-26T00:00:00,ATL vs. BKN,W,48.0,45,90,0.5,16,30,0.533,23,28,0.821,13,33,46,20,16.0,7,2,6,18,21,129,2.0,1,1,1,1,7,32,58,27,3,45,3,14,14,43,29,50,33,84,72,38,87,58,37,32,15,39,1.0
2022-23,1610612751,BKN,Brooklyn Nets,0022200911,2023-02-26T00:00:00,BKN @ ATL,L,48.0,43,87,0.494,14,39,0.359,27,29,0.931,6,31,37,20,10.0,12,6,2,21,18,127,-2.0,1,51,51,51,3,27,29,41,24,18,51,3,15,6,57,55,66,80,13,5,37,10,49,54,7,51,1.0
2022-23,1610612741,CHI,Chicago Bulls,0022200912,2023-02-26T00:00:00,CHI vs. WAS,W,48.0,40,79,0.506,8,30,0.267,14,17,0.824,8,31,39,21,11.0,7,3,1,19,18,102,20.0,1,1,1,1,8,62,80,35,63,36,76,73,77,42,41,59,59,63,19,49,59,3,43,48,73,10,1.0
2022-23,1610612739,CLE,Cleveland Cavaliers,0022200914,2023-02-26T00:00:00,CLE vs. TOR,W,48.0,44,84,0.524,18,36,0.5,12,14,0.857,8,37,45,31,14.0,7,5,4,17,16,118,25.0,1,1,1,1,8,21,51,19,3,17,6,81,90,18,62,12,22,9,53,43,34,30,23,79,16,5,1.0
2022-23,1610612742,DAL,Dallas Mavericks,0022200913,2023-02-26T00:00:00,DAL vs. LAL,L,48.0,39,93,0.419,20,49,0.408,10,14,0.714,11,37,48,21,17.0,5,5,4,24,17,108,-3.0,1,41,41,41,10,46,7,78,6,7,26,84,87,57,12,10,8,53,78,54,20,38,65,78,58,52,1.0
2022-23,1610612743,DEN,Denver Nuggets,0022200918,2023-02-26T00:00:00,DEN vs. LAC,W,53.0,49,96,0.51,13,39,0.333,23,31,0.742,11,39,50,35,16.0,10,3,5,23,25,134,10.0,1,1,1,1,1,11,7,42,35,6,70,11,12,69,37,13,16,5,71,17,77,64,96,12,3,37,1.0
2022-23,1610612744,GSW,Golden State Warriors,0022200916,2023-02-26T00:00:00,GSW vs. MIN,W,48.0,39,91,0.429,15,42,0.357,16,22,0.727,16,40,56,23,18.0,11,5,8,19,18,109,5.0,1,1,1,1,6,76,39,78,54,55,63,46,42,76,10,14,9,90,74,7,30,99,19,55,80,44,1.0
2022-23,1610612745,HOU,Houston Rockets,0022200917,2023-02-26T00:00:00,HOU @ POR,L,48.0,45,100,0.45,7,26,0.269,17,25,0.68,18,30,48,24,14.0,7,2,7,26,21,114,-17.0,1,28,28,28,3,16,4,48,71,71,74,51,40,71,7,62,33,27,23,46,74,56,81,34,28,70,1.0
2022-23,1610612747,LAL,Los Angeles Lakers,0022200913,2023-02-26T00:00:00,LAL @ DAL,W,48.0,42,97,0.433,6,34,0.176,21,28,0.75,17,39,56,25,11.0,9,4,5,17,24,111,3.0,1,1,1,1,10,46,4,90,103,32,112,48,44,71,2,29,4,48,23,16,62,54,33,28,68,49,1.0
2022-23,1610612749,MIL,Milwaukee Bucks,0022200910,2023-02-26T00:00:00,MIL vs. PHX,W,48.0,38,87,0.437,13,45,0.289,15,21,0.714,11,34,45,15,12.0,4,7,5,20,22,104,3.0,1,1,1,1,7,68,55,69,54,23,79,56,50,61,40,64,58,96,17,76,14,65,60,23,76,57,1.0
2022-23,1610612750,MIN,Minnesota Timberwolves,0022200916,2023-02-26T00:00:00,MIN @ GSW,L,48.0,38,90,0.422,17,45,0.378,11,21,0.524,10,33,43,26,16.0,11,8,5,18,19,104,-5.0,1,51,51,51,8,77,28,89,8,3,35,85,66,98,30,48,43,39,51,17,10,53,13,60,80,60,1.0
2022-23,1610612760,OKC,Oklahoma City Thunder,0022200915,2023-02-26T00:00:00,OKC vs. SAC,L,48.0,41,86,0.477,16,40,0.4,17,23,0.739,9,28,37,24,14.0,10,0,1,19,21,115,-9.0,1,52,52,52,7,54,74,43,14,13,26,58,43,74,68,76,85,44,55,20,95,2,31,36,48,79,1.0
2022-23,1610612756,PHX,Phoenix Suns,0022200910,2023-02-26T00:00:00,PHX @ MIL,L,48.0,40,95,0.421,8,24,0.333,13,22,0.591,19,36,55,21,12.0,4,5,7,22,20,101,-3.0,1,56,56,56,5,64,14,84,84,86,61,79,49,100,3,22,4,93,33,84,45,91,47,55,84,64,1.0
2022-23,1610612757,POR,Portland Trail Blazers,0022200917,2023-02-26T00:00:00,POR vs. HOU,W,48.0,42,77,0.545,20,39,0.513,27,35,0.771,6,31,37,20,14.0,7,7,2,21,26,131,17.0,1,1,1,1,3,28,79,10,3,20,3,10,8,51,74,44,64,63,38,37,10,7,52,16,10,6,1.0
2022-23,1610612758,SAC,Sacramento Kings,0022200915,2023-02-26T00:00:00,SAC @ OKC,W,48.0,45,85,0.529,18,43,0.419,16,24,0.667,13,35,48,32,20.0,7,1,0,21,19,124,9.0,1,1,1,1,6,38,64,22,13,17,25,65,55,84,14,31,20,13,92,52,89,1,48,68,34,29,1.0
2022-23,1610612761,TOR,Toronto Raptors,0022200914,2023-02-26T00:00:00,TOR @ CLE,L,48.0,36,93,0.387,9,25,0.36,12,15,0.8,13,30,43,19,14.0,4,4,5,16,17,93,-25.0,1,49,49,49,8,76,29,86,55,85,31,80,81,33,37,41,45,75,60,91,51,58,8,63,87,93,1.0
2022-23,1610612764,WAS,Washington Wizards,0022200912,2023-02-26T00:00:00,WAS @ CHI,L,48.0,32,76,0.421,6,28,0.214,12,23,0.522,12,30,42,22,16.0,5,1,3,18,19,82,-20.0,1,40,40,40,4,86,82,80,82,59,85,74,34,91,19,71,50,63,57,63,88,15,29,43,91,87,1.0
2022-23,1610612738,BOS,Boston Celtics,0022200921,2023-02-27T00:00:00,BOS @ NYK,L,48.0,37,84,0.44,9,42,0.214,11,14,0.786,7,28,35,21,12.0,5,8,3,22,11,94,-15.0,1,74,74,74,15,92,73,79,105,52,109,89,93,69,78,97,104,94,33,61,13,27,77,108,106,103,1.0
2022-23,1610612766,CHA,Charlotte Hornets,0022200919,2023-02-27T00:00:00,CHA vs. DET,W,48.0,43,83,0.518,13,26,0.5,18,22,0.818,7,39,46,24,17.0,8,3,3,22,18,117,11.0,1,1,1,1,6,23,76,13,17,77,2,44,56,24,76,13,37,50,65,32,70,10,61,63,20,5,1.0
2022-23,1610612765,DET,Detroit Pistons,0022200919,2023-02-27T00:00:00,DET @ CHA,L,48.0,42,92,0.457,3,26,0.115,19,27,0.704,10,29,39,18,9.0,12,3,3,18,22,106,-11.0,1,21,21,21,5,26,17,45,91,80,91,41,33,75,45,61,60,76,2,1,47,13,10,31,53,53,1.0
2022-23,1610612748,MIA,Miami Heat,0022200920,2023-02-27T00:00:00,MIA @ PHI,W,48.0,35,81,0.432,15,37,0.405,16,22,0.727,12,25,37,21,13.0,10,3,3,20,24,101,2.0,1,1,1,1,7,84,80,79,21,35,24,76,60,97,26,98,82,76,53,23,52,29,68,21,85,59,1.0
2022-23,1610612740,NOP,New Orleans Pelicans,0022200922,2023-02-27T00:00:00,NOP vs. ORL,L,48.0,34,76,0.447,6,27,0.222,19,23,0.826,9,29,38,23,17.0,9,2,1,26,20,93,-8.0,1,50,50,50,8,86,87,67,86,62,85,46,52,30,57,68,75,65,67,30,78,2,85,51,92,64,1.0
2022-23,1610612752,NYK,New York Knicks,0022200921,2023-02-27T00:00:00,NYK vs. BOS,W,48.0,37,78,0.474,12,31,0.387,23,34,0.676,7,37,44,20,15.0,6,3,8,11,22,109,15.0,1,1,1,1,11,71,89,47,44,71,32,25,5,80,88,23,66,67,69,50,61,92,1,36,59,20,1.0
2022-23,1610612753,ORL,Orlando Magic,0022200922,2023-02-27T00:00:00,ORL @ NOP,W,48.0,36,79,0.456,9,34,0.265,20,26,0.769,11,32,43,21,17.0,9,1,2,20,26,101,8.0,1,1,1,1,5,68,75,56,60,28,74,34,32,52,35,49,45,58,56,24,87,7,42,5,73,19,1.0
2022-23,1610612755,PHI,Philadelphia 76ers,0022200920,2023-02-27T00:00:00,PHI vs. MIA,L,48.0,32,73,0.438,10,27,0.37,25,28,0.893,9,30,39,20,20.0,7,3,3,24,20,99,-2.0,1,70,70,70,8,92,99,80,74,85,59,18,26,22,44,64,61,78,94,61,72,17,76,43,87,70,1.0
2022-23,1610612737,ATL,Atlanta Hawks,0022200923,2023-02-28T00:00:00,ATL vs. WAS,L,48.0,43,93,0.462,13,35,0.371,17,19,0.895,13,29,42,21,9.0,4,7,5,17,15,116,-3.0,1,49,49,49,7,59,43,61,18,21,41,48,64,16,29,75,57,78,8,84,14,43,26,86,52,54,1.0
2022-23,1610612751,BKN,Brooklyn Nets,0022200924,2023-02-28T00:00:00,BKN vs. MIL,L,48.0,36,83,0.434,12,36,0.333,20,25,0.8,3,35,38,25,18.0,12,6,3,19,21,104,-14.0,1,51,51,51,3,72,47,70,45,28,63,32,31,43,90,18,58,42,79,5,37,23,31,26,67,83,1.0
2022-23,1610612741,CHI,Chicago Bulls,0022200925,2023-02-28T00:00:00,CHI @ TOR,L,48.0,37,71,0.521,10,25,0.4,14,17,0.824,6,29,35,28,20.0,6,7,6,18,17,98,-6.0,1,49,49,49,8,77,91,27,44,65,30,73,77,42,61,72,76,21,83,62,11,61,32,60,80,64,1.0
2022-23,1610612742,DAL,Dallas Mavericks,0022200929,2023-02-28T00:00:00,DAL vs. IND,L,48.0,46,91,0.505,12,37,0.324,18,28,0.643,9,29,38,28,7.0,5,3,8,29,19,122,-2.0,1,41,41,41,10,9,10,27,66,65,66,44,24,74,25,55,44,8,6,54,44,85,84,66,24,47,1.0
2022-23,1610612743,DEN,Denver Nuggets,0022200926,2023-02-28T00:00:00,DEN @ HOU,W,48.0,53,92,0.576,16,37,0.432,11,16,0.688,11,32,43,40,11.0,8,5,6,10,16,133,21.0,1,1,1,1,5,3,15,10,10,14,26,98,96,84,37,60,52,2,18,38,30,82,2,87,6,10,1.0
2022-23,1610612744,GSW,Golden State Warriors,0022200931,2023-02-28T00:00:00,GSW vs. POR,W,48.0,49,91,0.538,12,30,0.4,13,16,0.813,12,34,46,34,18.0,5,2,4,19,17,123,18.0,1,1,1,1,6,12,39,12,81,99,38,75,80,42,30,44,42,15,74,82,85,49,19,67,27,12,1.0
2022-23,1610612745,HOU,Houston Rockets,0022200926,2023-02-28T00:00:00,HOU vs. DEN,L,48.0,48,97,0.495,9,31,0.29,7,10,0.7,10,30,40,33,13.0,5,6,5,16,10,112,-21.0,1,28,28,28,3,7,9,18,54,48,63,91,90,65,70,62,73,1,13,64,19,24,12,90,39,82,1.0
2022-23,1610612754,IND,Indiana Pacers,0022200929,2023-02-28T00:00:00,IND @ DAL,W,48.0,41,78,0.526,11,28,0.393,31,40,0.775,5,36,41,25,9.0,3,8,3,19,29,124,2.0,1,1,1,1,4,43,85,10,58,80,30,1,1,51,79,16,50,56,4,86,13,11,25,1,23,35,1.0
2022-23,1610612747,LAL,Los Angeles Lakers,0022200927,2023-02-28T00:00:00,LAL @ MEM,L,48.0,38,86,0.442,13,34,0.382,20,23,0.87,14,42,56,22,26.0,5,10,6,19,17,109,-12.0,1,59,59,59,10,83,68,85,18,32,37,56,74,18,8,14,4,82,112,70,4,75,62,96,75,91,1.0
2022-23,1610612763,MEM,Memphis Grizzlies,0022200927,2023-02-28T00:00:00,MEM vs. LAL,W,48.0,51,112,0.455,6,31,0.194,13,17,0.765,14,33,47,25,7.0,13,6,10,17,19,121,12.0,1,1,1,1,6,7,1,60,94,72,95,77,79,44,29,58,45,50,2,7,38,95,16,50,32,26,1.0
2022-23,1610612749,MIL,Milwaukee Bucks,0022200924,2023-02-28T00:00:00,MIL @ BKN,W,48.0,50,102,0.49,14,37,0.378,4,12,0.333,11,44,55,32,17.0,10,3,6,21,19,118,14.0,1,1,1,1,7,8,6,31,44,62,45,97,88,97,40,9,12,8,65,8,64,80,68,47,37,15,1.0
2022-23,1610612750,MIN,Minnesota Timberwolves,0022200932,2023-02-28T00:00:00,MIN @ LAC,W,48.0,43,90,0.478,9,26,0.346,13,22,0.591,10,36,46,22,19.0,14,8,3,20,17,108,7.0,1,1,1,1,8,35,28,49,74,83,53,77,57,92,30,23,23,73,79,4,10,22,30,76,69,26,1.0
2022-23,1610612760,OKC,Oklahoma City Thunder,0022200928,2023-02-28T00:00:00,OKC vs. SAC,L,48.0,43,98,0.439,11,35,0.314,20,24,0.833,12,30,42,28,10.0,9,1,4,23,21,117,-6.0,1,52,52,52,7,41,12,65,49,43,70,32,37,38,35,57,51,19,14,29,90,25,66,36,42,71,1.0
2022-23,1610612757,POR,Portland Trail Blazers,0022200931,2023-02-28T00:00:00,POR @ GSW,L,48.0,37,86,0.43,12,39,0.308,19,22,0.864,9,24,33,26,13.0,8,4,2,17,19,105,-18.0,1,39,39,39,3,61,36,72,47,20,67,46,59,21,47,82,79,29,30,29,45,7,19,52,66,75,1.0
2022-23,1610612758,SAC,Sacramento Kings,0022200928,2023-02-28T00:00:00,SAC @ OKC,W,48.0,43,82,0.524,15,42,0.357,22,30,0.733,8,43,51,34,20.0,3,4,1,21,23,123,6.0,1,1,1,1,6,48,81,27,31,24,55,31,20,72,68,4,11,8,92,90,30,3,48,27,37,42,1.0
2022-23,1610612759,SAS,San Antonio Spurs,0022200930,2023-02-28T00:00:00,SAS @ UTA,W,48.0,39,91,0.429,8,26,0.308,16,25,0.64,9,36,45,23,14.0,9,5,9,22,15,102,8.0,1,1,1,1,7,64,45,65,70,74,65,35,27,78,65,22,38,67,29,15,25,82,65,71,66,11,1.0
2022-23,1610612761,TOR,Toronto Raptors,0022200925,2023-02-28T00:00:00,TOR vs. CHI,W,48.0,38,94,0.404,15,42,0.357,13,19,0.684,19,28,47,26,12.0,11,6,7,17,18,104,6.0,1,1,1,1,8,63,25,81,4,7,33,73,66,80,7,59,23,24,41,24,31,79,16,56,70,36,1.0
2022-23,1610612762,UTA,Utah Jazz,0022200930,2023-02-28T00:00:00,UTA vs. SAS,L,48.0,30,85,0.353,10,34,0.294,24,36,0.667,14,38,52,15,20.0,8,9,5,15,22,94,-8.0,1,42,42,42,6,87,64,90,68,60,70,15,8,76,29,19,13,91,78,21,8,43,6,31,85,68,1.0
2022-23,1610612764,WAS,Washington Wizards,0022200923,2023-02-28T00:00:00,WAS @ ATL,W,48.0,48,97,0.495,6,21,0.286,17,20,0.85,16,32,48,19,9.0,6,5,7,15,17,119,3.0,1,1,1,1,4,9,8,35,82,88,67,48,54,27,4,58,22,82,8,50,36,71,9,62,21,33,1.0
2022-23,1610612738,BOS,Boston Celtics,0022200935,2023-03-01T00:00:00,BOS vs. CLE,W,48.0,39,78,0.5,16,32,0.5,23,28,0.821,7,36,43,27,13.0,5,4,3,18,18,117,4.0,1,1,1,1,15,73,101,30,45,105,4,18,16,55,78,43,62,45,47,61,69,27,43,58,51,60,1.0
2022-23,1610612751,BKN,Brooklyn Nets,0022200937,2023-03-01T00:00:00,BKN @ NYK,L,48.0,42,90,0.467,15,39,0.385,19,20,0.95,5,26,31,26,14.0,6,5,3,21,21,118,-24.0,1,51,51,51,3,36,17,53,17,18,38,38,57,3,65,84,89,31,46,53,53,23,49,26,28,89,1.0
2022-23,1610612766,CHA,Charlotte Hornets,0022200933,2023-03-01T00:00:00,CHA vs. PHX,L,48.0,32,88,0.364,9,33,0.273,18,28,0.643,12,36,48,20,14.0,3,7,9,17,22,91,-14.0,1,30,30,30,6,86,48,88,57,36,64,44,23,78,37,25,27,77,35,82,15,76,14,24,83,65,1.0
2022-23,1610612741,CHI,Chicago Bulls,0022200934,2023-03-01T00:00:00,CHI @ DET,W,48.0,41,85,0.482,12,27,0.444,23,31,0.742,10,30,40,27,15.0,9,4,2,22,23,117,2.0,1,1,1,1,8,54,54,56,25,52,21,13,7,73,27,67,55,28,54,24,41,6,68,16,37,45,1.0
2022-23,1610612739,CLE,Cleveland Cavaliers,0022200935,2023-03-01T00:00:00,CLE @ BOS,L,48.0,45,92,0.489,10,32,0.313,13,21,0.619,10,28,38,21,7.0,8,3,4,18,18,113,-4.0,1,57,57,57,8,14,9,43,53,42,65,75,49,90,39,63,65,68,2,29,68,30,36,64,46,66,1.0
2022-23,1610612765,DET,Detroit Pistons,0022200934,2023-03-01T00:00:00,DET vs. CHI,L,48.0,39,78,0.5,14,35,0.4,23,28,0.821,7,33,40,23,17.0,8,2,4,23,22,115,-2.0,1,21,21,21,5,42,82,16,19,26,27,27,30,24,78,28,53,39,63,28,70,20,52,31,26,23,1.0
2022-23,1610612745,HOU,Houston Rockets,0022200938,2023-03-01T00:00:00,HOU vs. MEM,L,48.0,36,90,0.4,11,34,0.324,16,25,0.64,17,32,49,17,13.0,4,5,9,18,21,99,-14.0,1,28,28,28,3,71,32,79,33,37,44,60,40,80,11,49,23,79,13,74,34,76,19,34,75,62,1.0
2022-23,1610612747,LAL,Los Angeles Lakers,0022200940,2023-03-01T00:00:00,LAL @ OKC,W,48.0,38,80,0.475,16,35,0.457,31,39,0.795,10,31,41,22,13.0,8,8,4,19,27,123,6.0,1,1,1,1,10,83,97,58,9,30,11,7,6,50,46,80,80,82,39,21,11,39,62,14,26,38,1.0
2022-23,1610612763,MEM,Memphis Grizzlies,0022200938,2023-03-01T00:00:00,MEM @ HOU,W,48.0,40,83,0.482,17,41,0.415,16,19,0.842,8,36,44,27,8.0,6,9,5,21,18,113,14.0,1,1,1,1,6,64,84,40,11,12,23,55,68,10,80,36,62,32,5,70,7,40,58,59,51,22,1.0
2022-23,1610612748,MIA,Miami Heat,0022200936,2023-03-01T00:00:00,MIA vs. PHI,L,48.0,34,78,0.436,7,29,0.241,21,23,0.913,5,28,33,18,13.0,3,2,5,17,20,96,-23.0,1,66,66,66,7,93,100,74,109,93,110,36,49,20,108,78,106,102,53,114,81,78,33,59,99,115,1.0
2022-23,1610612749,MIL,Milwaukee Bucks,0022200939,2023-03-01T00:00:00,MIL vs. ORL,W,48.0,49,94,0.521,26,56,0.464,15,19,0.789,8,38,46,29,8.0,4,1,5,23,18,139,22.0,1,1,1,1,7,13,25,25,1,2,11,56,67,34,65,35,53,17,4,76,88,65,82,57,6,7,1.0
2022-23,1610612740,NOP,New Orleans Pelicans,0022200941,2023-03-01T00:00:00,NOP @ POR,W,48.0,46,89,0.517,9,25,0.36,20,23,0.87,11,30,41,23,6.0,9,4,8,20,18,121,11.0,1,1,1,1,8,15,34,19,61,78,48,39,52,19,39,56,63,65,1,30,43,78,36,63,23,24,1.0
2022-23,1610612752,NYK,New York Knicks,0022200937,2023-03-01T00:00:00,NYK vs. BKN,W,48.0,54,89,0.607,20,35,0.571,14,21,0.667,7,39,46,28,16.0,5,3,5,21,21,142,24.0,1,1,1,1,11,1,45,1,1,45,1,84,76,81,88,15,52,12,76,66,61,55,54,48,1,4,1.0
2022-23,1610612760,OKC,Oklahoma City Thunder,0022200940,2023-03-01T00:00:00,OKC vs. LAL,L,48.0,44,91,0.484,11,40,0.275,18,24,0.75,12,30,42,29,13.0,8,4,8,27,19,117,-6.0,1,52,52,52,7,32,52,36,49,13,81,46,37,70,35,57,51,13,46,48,46,79,90,58,42,71,1.0
2022-23,1610612753,ORL,Orlando Magic,0022200939,2023-03-01T00:00:00,ORL @ MIL,L,48.0,43,94,0.457,9,33,0.273,22,29,0.759,12,38,50,22,13.0,3,5,1,18,23,117,-22.0,1,41,41,41,5,19,14,54,60,35,70,27,23,63,25,14,10,54,25,82,33,1,21,20,22,89,1.0
2022-23,1610612755,PHI,Philadelphia 76ers,0022200936,2023-03-01T00:00:00,PHI @ MIA,W,48.0,41,83,0.494,15,39,0.385,22,22,1.0,9,32,41,25,9.0,6,5,2,20,17,119,23.0,1,1,1,1,8,36,47,40,23,9,52,40,58,1,44,50,50,41,11,75,40,10,44,68,28,7,1.0
2022-23,1610612756,PHX,Phoenix Suns,0022200933,2023-03-01T00:00:00,PHX @ CHA,W,48.0,42,89,0.472,9,25,0.36,12,15,0.8,5,43,48,30,13.0,8,9,7,22,17,105,14.0,1,1,1,1,5,46,48,47,72,84,52,85,88,49,99,1,27,24,39,29,5,91,47,77,74,20,1.0
2022-23,1610612757,POR,Portland Trail Blazers,0022200941,2023-03-01T00:00:00,POR vs. NOP,L,48.0,36,81,0.444,11,38,0.289,27,29,0.931,12,29,41,18,14.0,5,8,4,18,20,110,-11.0,1,39,39,39,3,68,62,60,53,26,74,10,24,8,13,58,45,76,38,58,8,35,29,47,47,64,1.0
2022-23,1610612742,DAL,Dallas Mavericks,0022200943,2023-03-02T00:00:00,DAL vs. PHI,W,48.0,45,82,0.549,25,48,0.521,18,27,0.667,5,26,31,26,13.0,8,1,1,22,24,133,7.0,1,1,1,1,10,14,50,8,1,10,2,44,30,66,69,71,79,19,44,18,78,7,52,20,4,17,1.0
2022-23,1610612744,GSW,Golden State Warriors,0022200945,2023-03-02T00:00:00,GSW vs. LAC,W,48.0,39,93,0.419,14,46,0.304,23,27,0.852,15,45,60,25,12.0,9,6,5,20,24,115,24.0,1,1,1,1,6,76,30,84,62,33,88,10,13,27,17,6,4,78,9,22,9,67,28,10,62,7,1.0
2022-23,1610612754,IND,Indiana Pacers,0022200944,2023-03-02T00:00:00,IND @ SAS,L,48.0,41,90,0.456,8,23,0.348,9,11,0.818,6,34,40,23,14.0,11,8,6,18,14,99,-11.0,1,40,40,40,4,43,38,54,81,88,53,88,89,31,73,31,58,67,33,10,13,49,11,86,82,66,1.0
2022-23,1610612755,PHI,Philadelphia 76ers,0022200943,2023-03-02T00:00:00,PHI @ DAL,L,48.0,45,78,0.577,12,27,0.444,24,29,0.828,5,32,37,28,14.0,9,1,1,24,22,126,-7.0,1,70,70,70,8,20,79,5,52,85,22,26,21,54,91,50,78,19,54,36,98,4,76,24,15,80,1.0
2022-23,1610612759,SAS,San Antonio Spurs,0022200944,2023-03-02T00:00:00,SAS vs. IND,W,48.0,45,98,0.459,10,32,0.313,10,13,0.769,13,37,50,31,17.0,5,6,8,14,18,110,11.0,1,1,1,1,7,29,18,46,50,47,63,82,87,31,34,16,12,14,53,68,14,76,7,47,49,6,1.0
2022-23,1610612761,TOR,Toronto Raptors,0022200942,2023-03-02T00:00:00,TOR @ WAS,L,48.0,41,92,0.446,9,33,0.273,17,17,1.0,13,30,43,28,14.0,8,7,4,21,12,108,-11.0,1,49,49,49,8,45,33,49,55,34,70,50,72,1,37,41,45,15,60,58,16,33,53,85,58,77,1.0
2022-23,1610612764,WAS,Washington Wizards,0022200942,2023-03-02T00:00:00,WAS vs. TOR,W,48.0,43,84,0.512,14,30,0.467,19,24,0.792,9,34,43,30,15.0,5,4,7,12,21,119,11.0,1,1,1,1,4,31,50,25,19,50,13,30,30,43,40,40,43,12,50,63,54,71,2,26,21,17,1.0
2022-23,1610612737,ATL,Atlanta Hawks,0022200947,2023-03-03T00:00:00,ATL vs. POR,W,48.0,52,91,0.571,12,26,0.462,13,16,0.813,10,33,43,30,17.0,10,5,7,19,15,129,18.0,1,1,1,1,7,6,51,4,29,78,12,84,83,51,55,50,50,6,80,15,34,74,49,86,15,8,1.0
2022-23,1610612738,BOS,Boston Celtics,0022200948,2023-03-03T00:00:00,BOS vs. BKN,L,48.0,41,84,0.488,9,29,0.31,14,20,0.7,9,39,48,26,19.0,8,8,6,19,20,105,-10.0,1,74,74,74,15,56,73,41,105,109,88,76,62,96,52,26,32,55,103,23,13,83,54,38,91,97,1.0
2022-23,1610612751,BKN,Brooklyn Nets,0022200948,2023-03-03T00:00:00,BKN @ BOS,W,48.0,40,95,0.421,14,44,0.318,21,26,0.808,13,34,47,25,13.0,9,6,8,20,19,115,10.0,1,1,1,1,3,48,3,78,24,1,73,25,27,41,9,23,11,42,35,26,37,90,38,40,38,23,1.0
2022-23,1610612766,CHA,Charlotte Hornets,0022200946,2023-03-03T00:00:00,CHA vs. ORL,L,48.0,38,78,0.487,9,24,0.375,21,25,0.84,8,26,34,25,21.0,11,4,4,20,24,106,-11.0,1,30,30,30,6,61,84,27,57,83,27,21,38,18,69,84,90,37,85,10,54,19,46,12,55,57,1.0
2022-23,1610612741,CHI,Chicago Bulls,0022200950,2023-03-03T00:00:00,CHI vs. PHX,L,48.0,39,83,0.47,7,23,0.304,19,25,0.76,9,25,34,24,9.0,7,1,7,15,20,104,-21.0,1,49,49,49,8,67,63,61,67,77,64,29,21,68,33,89,82,46,11,49,85,72,11,34,68,87,1.0
2022-23,1610612743,DEN,Denver Nuggets,0022200952,2023-03-03T00:00:00,DEN vs. MEM,W,48.0,40,87,0.46,8,31,0.258,25,31,0.806,13,40,53,28,10.0,6,5,6,21,24,113,16.0,1,1,1,1,5,79,46,83,89,57,101,6,12,42,21,9,10,50,10,69,30,82,76,15,62,16,1.0
2022-23,1610612744,GSW,Golden State Warriors,0022200953,2023-03-03T00:00:00,GSW vs. NOP,W,48.0,40,78,0.513,10,31,0.323,18,20,0.9,9,34,43,28,18.0,7,4,4,22,22,108,9.0,1,1,1,1,6,67,96,25,94,98,78,33,52,15,62,44,57,55,74,51,47,49,49,23,82,30,1.0
2022-23,1610612747,LAL,Los Angeles Lakers,0022200955,2023-03-03T00:00:00,LAL vs. MIN,L,48.0,36,87,0.414,10,31,0.323,20,24,0.833,11,30,41,23,15.0,8,2,6,19,21,102,-8.0,1,59,59,59,10,96,62,99,54,53,63,56,66,29,29,88,80,72,60,21,97,75,62,58,92,81,1.0
2022-23,1610612763,MEM,Memphis Grizzlies,0022200952,2023-03-03T00:00:00,MEM @ DEN,L,48.0,31,84,0.369,11,32,0.344,24,31,0.774,10,30,40,24,11.0,6,6,5,24,21,97,-16.0,1,61,61,61,6,98,79,98,50,59,46,13,16,37,67,79,81,60,17,70,38,40,87,36,91,90,1.0
2022-23,1610612748,MIA,Miami Heat,0022200949,2023-03-03T00:00:00,MIA vs. NYK,L,48.0,39,81,0.481,12,25,0.48,30,32,0.938,11,28,39,23,12.0,7,2,4,17,23,120,-2.0,1,66,66,66,7,49,80,35,54,112,11,5,9,13,37,78,69,56,44,59,81,51,33,25,17,69,1.0
2022-23,1610612750,MIN,Minnesota Timberwolves,0022200955,2023-03-03T00:00:00,MIN @ LAL,W,48.0,42,89,0.472,14,34,0.412,12,16,0.75,10,36,46,29,14.0,10,6,2,21,19,110,8.0,1,1,1,1,8,41,32,53,20,41,23,83,83,55,30,23,23,21,36,24,29,12,39,60,63,22,1.0
2022-23,1610612740,NOP,New Orleans Pelicans,0022200953,2023-03-03T00:00:00,NOP @ GSW,L,48.0,34,77,0.442,10,29,0.345,21,27,0.778,7,22,29,20,13.0,9,4,4,22,22,99,-9.0,1,50,50,50,8,86,85,72,52,47,57,32,31,52,79,92,91,81,27,30,43,31,59,33,85,67,1.0
2022-23,1610612752,NYK,New York Knicks,0022200949,2023-03-03T00:00:00,NYK @ MIA,W,48.0,47,81,0.58,17,41,0.415,11,17,0.647,6,28,34,23,12.0,8,4,2,23,17,122,2.0,1,1,1,1,11,13,82,4,8,14,20,96,94,89,96,92,97,44,32,25,40,7,70,82,25,55,1.0
2022-23,1610612760,OKC,Oklahoma City Thunder,0022200951,2023-03-03T00:00:00,OKC vs. UTA,W,48.0,52,104,0.5,17,43,0.395,9,14,0.643,11,29,40,31,7.0,12,5,14,22,18,130,27.0,1,1,1,1,7,5,4,23,8,9,29,94,90,92,44,67,66,6,2,5,30,97,60,68,16,6,1.0
2022-23,1610612753,ORL,Orlando Magic,0022200946,2023-03-03T00:00:00,ORL @ CHA,W,48.0,46,86,0.535,10,26,0.385,15,19,0.789,13,29,42,21,20.0,9,4,4,24,20,117,11.0,1,1,1,1,5,7,40,9,50,78,29,70,73,42,15,68,51,58,83,24,48,29,69,49,22,12,1.0
2022-23,1610612756,PHX,Phoenix Suns,0022200950,2023-03-03T00:00:00,PHX @ CHI,W,48.0,42,84,0.5,20,47,0.426,21,25,0.84,13,28,41,29,11.0,6,7,1,20,15,125,21.0,1,1,1,1,5,46,78,24,4,2,24,24,33,33,30,77,64,31,22,65,21,4,33,87,17,7,1.0
2022-23,1610612757,POR,Portland Trail Blazers,0022200947,2023-03-03T00:00:00,POR @ ATL,L,48.0,41,87,0.471,13,39,0.333,16,20,0.8,9,25,34,22,18.0,11,7,5,15,19,111,-18.0,1,39,39,39,3,38,31,43,35,20,54,61,69,40,47,79,77,51,65,7,10,48,5,52,45,75,1.0
2022-23,1610612758,SAC,Sacramento Kings,0022200954,2023-03-03T00:00:00,SAC vs. LAC,W,48.0,46,87,0.529,10,33,0.303,26,26,1.0,9,36,45,26,11.0,3,2,3,22,24,128,1.0,1,1,1,1,6,28,52,23,76,67,75,12,43,1,59,25,34,48,25,90,71,20,63,19,23,56,1.0
2022-23,1610612762,UTA,Utah Jazz,0022200951,2023-03-03T00:00:00,UTA @ OKC,L,48.0,38,78,0.487,9,29,0.31,18,23,0.783,10,38,48,24,26.0,5,14,5,18,22,103,-27.0,1,42,42,42,6,70,88,32,78,85,60,44,46,47,59,19,29,49,93,54,1,43,25,31,76,92,1.0
2022-23,1610612737,ATL,Atlanta Hawks,0022200958,2023-03-04T00:00:00,ATL @ MIA,L,48.0,37,79,0.468,9,30,0.3,26,30,0.867,10,27,37,22,16.0,12,1,3,23,19,109,-8.0,1,49,49,49,7,88,91,53,68,45,71,6,9,28,55,84,85,72,72,3,94,14,80,46,71,70,1.0
2022-23,1610612739,CLE,Cleveland Cavaliers,0022200957,2023-03-04T00:00:00,CLE vs. DET,W,48.0,45,91,0.495,14,34,0.412,10,18,0.556,8,31,39,29,12.0,14,8,7,18,15,114,24.0,1,1,1,1,8,14,14,38,20,27,32,90,72,95,62,43,58,17,33,1,3,82,36,85,34,6,1.0
2022-23,1610612765,DET,Detroit Pistons,0022200957,2023-03-04T00:00:00,DET @ CLE,L,48.0,33,81,0.407,6,24,0.25,18,25,0.72,12,37,49,19,24.0,5,7,8,15,18,90,-24.0,1,21,21,21,5,78,67,74,85,84,78,48,45,71,28,12,14,72,90,67,5,73,2,64,85,81,1.0
2022-23,1610612745,HOU,Houston Rockets,0022200959,2023-03-04T00:00:00,HOU @ SAS,W,48.0,49,87,0.563,8,23,0.348,16,22,0.727,14,31,45,26,16.0,9,5,3,24,20,122,12.0,1,1,1,1,3,4,52,2,64,82,32,60,59,53,35,57,51,17,43,26,34,6,71,45,12,9,1.0
2022-23,1610612748,MIA,Miami Heat,0022200958,2023-03-04T00:00:00,MIA vs. ATL,W,48.0,42,83,0.506,13,35,0.371,20,23,0.87,12,31,43,31,20.0,5,3,1,19,23,117,8.0,1,1,1,1,7,29,67,22,36,46,39,42,49,35,26,58,43,10,115,98,52,5,57,25,27,23,1.0
2022-23,1610612749,MIL,Milwaukee Bucks,0022200960,2023-03-04T00:00:00,MIL vs. PHI,L,48.0,44,83,0.53,17,34,0.5,25,28,0.893,11,32,43,30,13.0,3,3,1,23,21,130,-3.0,1,63,63,63,7,36,78,20,23,75,5,8,20,7,40,74,69,13,29,88,64,4,82,30,14,65,1.0
2022-23,1610612750,MIN,Minnesota Timberwolves,0022200961,2023-03-04T00:00:00,MIN @ SAC,W,48.0,48,80,0.6,20,39,0.513,22,31,0.71,6,34,40,31,12.0,4,6,1,21,21,138,4.0,1,1,1,1,8,9,77,6,4,19,6,18,13,76,77,41,56,12,18,89,29,5,39,34,5,40,1.0
2022-23,1610612755,PHI,Philadelphia 76ers,0022200960,2023-03-04T00:00:00,PHI @ MIL,W,48.0,42,84,0.5,18,37,0.486,31,37,0.838,9,23,32,24,6.0,5,1,3,21,23,133,3.0,1,1,1,1,8,31,39,34,4,18,7,4,3,48,44,102,95,49,1,84,98,17,55,17,8,57,1.0
2022-23,1610612758,SAC,Sacramento Kings,0022200961,2023-03-04T00:00:00,SAC vs. MIN,L,48.0,49,89,0.551,14,27,0.519,22,30,0.733,11,28,39,25,6.0,5,1,6,21,21,134,-4.0,1,62,62,62,6,8,39,13,36,93,3,31,20,72,32,81,69,52,2,71,89,74,48,46,11,71,1.0
2022-23,1610612759,SAS,San Antonio Spurs,0022200959,2023-03-04T00:00:00,SAS vs. HOU,L,48.0,38,86,0.442,15,37,0.405,19,20,0.95,13,29,42,24,15.0,9,3,5,20,24,110,-12.0,1,25,25,25,7,67,66,60,10,20,17,22,45,1,34,61,52,60,35,15,53,37,44,13,49,54,1.0
2022-23,1610612761,TOR,Toronto Raptors,0022200956,2023-03-04T00:00:00,TOR @ WAS,W,53.0,47,90,0.522,12,30,0.4,10,14,0.714,10,24,34,30,14.0,14,4,5,21,16,116,7.0,1,1,1,1,1,13,43,10,24,55,17,84,82,73,66,85,84,8,60,7,51,58,53,73,31,33,1.0
2022-23,1610612764,WAS,Washington Wizards,0022200956,2023-03-04T00:00:00,WAS vs. TOR,L,53.0,38,75,0.507,14,24,0.583,19,22,0.864,9,34,43,26,24.0,9,5,4,16,21,109,-7.0,1,40,40,40,1,67,85,27,19,82,1,30,42,21,40,40,43,35,90,16,36,27,17,26,54,54,1.0
2022-23,1610612738,BOS,Boston Celtics,0022200969,2023-03-05T00:00:00,BOS vs. NYK,L,58.0,43,109,0.394,21,59,0.356,22,25,0.88,17,37,54,27,16.0,8,5,4,28,27,129,-2.0,1,74,74,74,1,40,1,105,10,1,64,20,32,25,7,39,10,45,84,23,49,51,108,4,16,77,1.0
2022-23,1610612751,BKN,Brooklyn Nets,0022200965,2023-03-05T00:00:00,BKN vs. CHA,W,48.0,36,92,0.391,12,43,0.279,18,22,0.818,8,44,52,21,8.0,5,9,3,12,19,102,16.0,1,1,1,1,3,72,9,92,45,5,83,43,45,37,40,1,3,74,3,66,9,23,1,40,69,13,1.0
2022-23,1610612766,CHA,Charlotte Hornets,0022200965,2023-03-05T00:00:00,CHA @ BKN,L,48.0,33,88,0.375,8,30,0.267,12,15,0.8,5,44,49,17,10.0,2,3,9,19,12,86,-16.0,1,30,30,30,6,81,48,84,67,65,68,75,83,29,87,3,20,85,8,90,70,76,40,92,88,68,1.0
2022-23,1610612741,CHI,Chicago Bulls,0022200963,2023-03-05T00:00:00,CHI vs. IND,L,48.0,45,74,0.608,10,22,0.455,22,25,0.88,4,29,33,18,15.0,6,3,6,20,18,122,-3.0,1,49,49,49,8,24,86,2,44,82,17,14,21,17,85,72,84,84,54,62,59,61,55,48,21,53,1.0
2022-23,1610612742,DAL,Dallas Mavericks,0022200962,2023-03-05T00:00:00,DAL vs. PHX,L,48.0,38,77,0.494,15,38,0.395,35,38,0.921,5,26,31,15,10.0,5,0,2,22,28,126,-4.0,1,41,41,41,10,54,71,37,39,59,32,1,2,6,69,71,79,84,18,54,88,15,52,8,14,55,1.0
2022-23,1610612744,GSW,Golden State Warriors,0022200964,2023-03-05T00:00:00,GSW @ LAL,L,48.0,36,91,0.396,18,52,0.346,15,18,0.833,7,35,42,27,13.0,2,6,3,21,17,105,-8.0,1,55,55,55,6,91,39,98,27,6,67,55,67,34,87,36,63,65,16,105,9,29,39,67,86,76,1.0
2022-23,1610612745,HOU,Houston Rockets,0022200967,2023-03-05T00:00:00,HOU vs. SAS,W,48.0,52,85,0.612,13,24,0.542,25,29,0.862,6,38,44,29,12.0,10,3,4,20,20,142,32.0,1,1,1,1,3,2,66,1,20,77,1,14,24,10,88,14,57,5,9,16,58,11,37,45,1,2,1.0
2022-23,1610612754,IND,Indiana Pacers,0022200963,2023-03-05T00:00:00,IND @ CHI,W,48.0,48,94,0.511,16,44,0.364,13,16,0.813,13,22,35,27,9.0,5,6,3,18,20,125,3.0,1,1,1,1,4,8,22,20,19,11,43,75,79,36,19,86,76,39,4,69,28,11,11,46,19,32,1.0
2022-23,1610612747,LAL,Los Angeles Lakers,0022200964,2023-03-05T00:00:00,LAL vs. GSW,W,48.0,42,95,0.442,11,33,0.333,18,22,0.818,10,36,46,29,9.0,3,3,6,17,21,113,8.0,1,1,1,1,10,46,13,82,37,39,56,72,76,35,46,50,47,15,11,105,82,75,33,58,60,33,1.0
2022-23,1610612763,MEM,Memphis Grizzlies,0022200970,2023-03-05T00:00:00,MEM @ LAC,L,48.0,50,92,0.543,18,34,0.529,11,15,0.733,2,24,26,32,8.0,13,3,2,23,17,129,-6.0,1,61,61,61,6,8,41,10,5,46,3,86,85,60,101,95,101,9,5,7,76,5,80,70,16,72,1.0
2022-23,1610612749,MIL,Milwaukee Bucks,0022200973,2023-03-05T00:00:00,MIL @ WAS,W,48.0,39,83,0.47,22,49,0.449,17,22,0.773,7,38,45,30,12.0,5,6,2,15,19,117,6.0,1,1,1,1,7,58,78,46,6,9,14,39,44,43,78,35,58,13,17,56,22,11,18,47,41,50,1.0
2022-23,1610612752,NYK,New York Knicks,0022200969,2023-03-05T00:00:00,NYK @ BOS,W,58.0,47,95,0.495,15,41,0.366,22,32,0.688,11,43,54,18,20.0,7,4,5,27,28,131,2.0,1,1,1,1,1,13,21,29,23,14,41,33,10,75,62,3,8,78,99,38,40,55,94,2,10,55,1.0
2022-23,1610612760,OKC,Oklahoma City Thunder,0022200968,2023-03-05T00:00:00,OKC vs. UTA,W,48.0,44,87,0.506,14,37,0.378,27,33,0.818,11,31,42,24,12.0,9,4,8,20,25,129,10.0,1,1,1,1,7,32,70,21,26,29,35,13,11,42,44,52,51,44,37,29,46,79,40,11,18,25,1.0
2022-23,1610612753,ORL,Orlando Magic,0022200966,2023-03-05T00:00:00,ORL vs. POR,L,48.0,42,84,0.5,11,31,0.355,24,31,0.774,6,32,38,29,11.0,11,2,5,25,22,119,-3.0,1,41,41,41,5,26,52,21,40,45,41,18,12,49,80,49,73,7,9,9,73,43,75,29,17,43,1.0
2022-23,1610612756,PHX,Phoenix Suns,0022200962,2023-03-05T00:00:00,PHX @ DAL,W,48.0,49,89,0.551,12,34,0.353,20,25,0.8,9,32,41,27,9.0,5,2,0,28,22,130,4.0,1,1,1,1,5,6,48,6,43,36,56,34,33,49,68,50,64,44,8,74,89,1,92,30,7,47,1.0
2022-23,1610612757,POR,Portland Trail Blazers,0022200966,2023-03-05T00:00:00,POR @ ORL,W,48.0,39,83,0.47,16,47,0.34,28,32,0.875,9,37,46,27,17.0,9,5,2,22,25,122,3.0,1,1,1,1,3,47,52,47,16,1,53,8,14,19,47,10,15,23,59,17,32,7,58,18,23,31,1.0
2022-23,1610612759,SAS,San Antonio Spurs,0022200967,2023-03-05T00:00:00,SAS @ HOU,L,48.0,43,93,0.462,11,34,0.324,13,21,0.619,13,22,35,23,15.0,5,4,3,20,20,110,-32.0,1,25,25,25,7,40,39,44,38,33,58,57,39,80,34,90,86,67,35,68,34,14,44,30,49,83,1.0
2022-23,1610612762,UTA,Utah Jazz,0022200968,2023-03-05T00:00:00,UTA @ OKC,L,48.0,43,88,0.489,11,37,0.297,22,27,0.815,12,27,39,30,16.0,5,8,4,25,20,119,-10.0,1,42,42,42,6,35,47,30,58,46,65,22,28,37,39,82,80,14,42,54,11,28,80,47,34,74,1.0
2022-23,1610612764,WAS,Washington Wizards,0022200973,2023-03-05T00:00:00,WAS vs. MIL,L,48.0,46,108,0.426,8,31,0.258,11,12,0.917,20,36,56,21,9.0,8,2,6,19,15,111,-6.0,1,40,40,40,4,17,1,78,65,44,73,80,87,7,1,28,1,70,8,28,78,58,42,80,49,49,1.0
2022-23,1610612737,ATL,Atlanta Hawks,0022200974,2023-03-06T00:00:00,ATL @ MIA,L,48.0,51,92,0.554,9,29,0.31,17,23,0.739,12,25,37,28,11.0,5,0,4,25,17,128,-2.0,1,49,49,49,7,8,45,12,68,54,67,48,36,84,35,92,85,15,26,65,97,31,92,72,18,51,1.0
2022-23,1610612738,BOS,Boston Celtics,0022200971,2023-03-06T00:00:00,BOS @ CLE,L,53.0,42,101,0.416,16,48,0.333,14,21,0.667,15,37,52,25,14.0,5,5,7,21,20,114,-4.0,1,74,74,74,2,47,4,98,45,18,74,76,51,104,8,39,16,64,55,61,49,93,69,38,66,85,1.0
2022-23,1610612739,CLE,Cleveland Cavaliers,0022200971,2023-03-06T00:00:00,CLE vs. BOS,W,53.0,43,96,0.448,12,34,0.353,20,25,0.8,16,42,58,27,15.0,4,7,5,20,21,118,4.0,1,1,1,1,2,30,3,72,36,27,50,23,26,45,3,2,1,28,64,84,7,49,52,34,16,47,1.0
2022-23,1610612743,DEN,Denver Nuggets,0022200975,2023-03-06T00:00:00,DEN vs. TOR,W,48.0,43,86,0.5,13,33,0.394,19,23,0.826,12,29,41,30,14.0,9,2,4,12,20,118,5.0,1,1,1,1,5,49,51,51,35,37,41,28,40,33,30,83,64,35,52,28,88,44,4,47,47,52,1.0
2022-23,1610612765,DET,Detroit Pistons,0022200977,2023-03-06T00:00:00,DET vs. POR,L,48.0,40,86,0.465,10,32,0.313,14,20,0.7,16,36,52,30,16.0,9,6,6,21,17,104,-6.0,1,21,21,21,5,35,47,35,54,47,59,68,64,77,9,14,7,3,48,14,13,50,32,75,62,34,1.0
2022-23,1610612754,IND,Indiana Pacers,0022200972,2023-03-06T00:00:00,IND vs. PHI,L,48.0,53,90,0.589,15,37,0.405,22,31,0.71,5,25,30,28,9.0,8,4,5,24,26,143,-4.0,1,40,40,40,4,2,38,1,25,43,25,21,10,75,79,81,88,27,4,35,64,38,66,6,1,47,1.0
2022-23,1610612748,MIA,Miami Heat,0022200974,2023-03-06T00:00:00,MIA vs. ATL,W,48.0,41,77,0.532,16,29,0.552,32,37,0.865,8,24,32,27,11.0,6,4,0,17,25,130,2.0,1,1,1,1,7,39,108,11,11,93,3,3,4,38,79,107,110,23,26,86,25,1,33,10,3,59,1.0
2022-23,1610612740,NOP,New Orleans Pelicans,0022200976,2023-03-06T00:00:00,NOP @ SAC,L,48.0,43,80,0.538,11,29,0.379,11,14,0.786,7,33,40,29,16.0,6,4,3,19,12,108,-15.0,1,50,50,50,8,30,77,10,42,47,39,87,87,49,79,48,68,22,55,66,43,18,28,93,62,82,1.0
2022-23,1610612755,PHI,Philadelphia 76ers,0022200972,2023-03-06T00:00:00,PHI @ IND,W,48.0,48,82,0.585,16,34,0.471,35,38,0.921,5,31,36,37,12.0,6,5,4,26,24,147,4.0,1,1,1,1,8,7,57,4,16,43,16,1,2,18,91,59,86,1,32,75,40,33,94,9,1,52,1.0
2022-23,1610612757,POR,Portland Trail Blazers,0022200977,2023-03-06T00:00:00,POR @ DET,W,48.0,38,78,0.487,15,33,0.455,19,25,0.76,5,33,38,28,11.0,7,6,6,17,21,110,6.0,1,1,1,1,3,54,73,33,23,52,13,46,43,58,84,32,57,17,18,37,22,69,19,38,47,27,1.0
2022-23,1610612758,SAC,Sacramento Kings,0022200976,2023-03-06T00:00:00,SAC vs. NOP,W,48.0,47,83,0.566,16,38,0.421,13,20,0.65,6,27,33,39,11.0,7,3,4,12,19,123,15.0,1,1,1,1,6,18,76,6,26,46,23,86,69,92,83,88,95,1,25,52,54,44,3,68,37,20,1.0
2022-23,1610612761,TOR,Toronto Raptors,0022200975,2023-03-06T00:00:00,TOR @ DEN,L,48.0,43,86,0.5,10,27,0.37,17,20,0.85,11,30,41,29,15.0,6,4,2,20,12,113,-5.0,1,49,49,49,8,32,66,16,44,78,26,50,59,17,58,41,57,10,72,75,51,6,43,85,41,65,1.0
2022-23,1610612751,BKN,Brooklyn Nets,0022200981,2023-03-07T00:00:00,BKN @ HOU,W,48.0,40,81,0.494,15,40,0.375,23,29,0.793,5,31,36,23,12.0,12,7,1,21,22,118,22.0,1,1,1,1,3,48,61,42,17,14,43,19,15,49,65,55,69,57,28,5,24,3,49,18,28,6,1.0
2022-23,1610612766,CHA,Charlotte Hornets,0022200979,2023-03-07T00:00:00,CHA @ NYK,W,48.0,42,85,0.494,12,32,0.375,16,21,0.762,10,32,42,27,12.0,2,5,4,20,18,112,7.0,1,1,1,1,6,33,66,23,26,44,27,56,61,41,56,52,59,20,22,90,39,19,46,63,37,13,1.0
2022-23,1610612742,DAL,Dallas Mavericks,0022200983,2023-03-07T00:00:00,DAL vs. UTA,W,48.0,42,89,0.472,19,45,0.422,17,22,0.773,3,40,43,24,17.0,10,6,4,20,23,120,4.0,1,1,1,1,10,29,19,42,11,21,17,54,59,43,82,3,18,33,78,7,12,38,38,28,31,27,1.0
2022-23,1610612765,DET,Detroit Pistons,0022200769,2023-03-07T00:00:00,DET vs. WAS,L,48.0,43,84,0.512,13,30,0.433,18,22,0.818,10,20,30,29,12.0,6,3,5,16,20,117,-2.0,1,21,21,21,5,16,56,7,31,62,17,48,58,25,45,90,87,5,14,54,47,34,5,49,19,23,1.0
2022-23,1610612744,GSW,Golden State Warriors,0022200982,2023-03-07T00:00:00,GSW @ OKC,L,48.0,47,89,0.528,20,51,0.392,14,16,0.875,8,25,33,36,21.0,8,3,2,21,17,128,-9.0,1,55,55,55,6,16,57,17,14,9,45,67,80,21,77,99,102,9,95,35,64,12,39,67,15,82,1.0
2022-23,1610612745,HOU,Houston Rockets,0022200981,2023-03-07T00:00:00,HOU vs. BKN,L,48.0,36,83,0.434,7,26,0.269,17,24,0.708,15,33,48,14,19.0,6,1,7,22,21,96,-22.0,1,28,28,28,3,71,73,62,71,71,74,51,46,61,25,40,33,90,67,55,85,56,53,34,78,84,1.0
2022-23,1610612747,LAL,Los Angeles Lakers,0022200984,2023-03-07T00:00:00,LAL vs. MEM,W,48.0,41,90,0.456,7,28,0.25,23,29,0.793,7,50,57,27,15.0,4,2,6,18,25,112,9.0,1,1,1,1,10,58,43,70,93,73,96,32,41,51,85,1,2,30,60,86,97,75,49,22,64,29,1.0
2022-23,1610612763,MEM,Memphis Grizzlies,0022200984,2023-03-07T00:00:00,MEM @ LAL,L,48.0,36,93,0.387,9,37,0.243,22,29,0.759,6,39,45,18,7.0,6,6,2,25,18,103,-9.0,1,61,61,61,6,86,34,95,68,27,84,18,23,48,91,15,55,93,2,70,38,5,91,59,79,77,1.0
2022-23,1610612749,MIL,Milwaukee Bucks,0022200978,2023-03-07T00:00:00,MIL @ ORL,W,48.0,46,78,0.59,10,28,0.357,32,34,0.941,3,35,38,28,17.0,5,5,0,18,22,134,11.0,1,1,1,1,7,23,90,2,85,93,52,1,7,1,96,54,86,24,65,56,36,1,44,23,10,28,1.0
2022-23,1610612750,MIN,Minnesota Timberwolves,0022200980,2023-03-07T00:00:00,MIN vs. PHI,L,48.0,34,86,0.395,11,36,0.306,15,21,0.714,6,28,34,19,11.0,9,7,6,16,17,94,-23.0,1,51,51,51,8,91,48,95,50,28,76,68,66,73,77,78,85,88,9,35,20,72,5,76,92,96,1.0
2022-23,1610612752,NYK,New York Knicks,0022200979,2023-03-07T00:00:00,NYK vs. CHA,L,48.0,38,89,0.427,11,40,0.275,18,24,0.75,10,29,39,18,8.0,3,4,5,18,20,105,-7.0,1,60,60,60,11,64,45,78,54,22,82,53,58,52,70,87,85,78,4,88,40,55,32,56,73,75,1.0
2022-23,1610612760,OKC,Oklahoma City Thunder,0022200982,2023-03-07T00:00:00,OKC vs. GSW,W,48.0,50,94,0.532,17,37,0.459,20,24,0.833,13,31,44,28,18.0,10,2,3,17,21,137,9.0,1,1,1,1,7,8,29,9,8,29,10,32,37,38,21,52,41,19,79,20,79,15,12,36,6,28,1.0
2022-23,1610612753,ORL,Orlando Magic,0022200978,2023-03-07T00:00:00,ORL vs. MIL,L,48.0,50,100,0.5,9,30,0.3,14,19,0.737,10,28,38,24,13.0,7,0,5,22,18,123,-11.0,1,41,41,41,5,1,2,21,60,52,61,77,73,68,45,76,73,30,25,50,91,43,56,64,12,68,1.0
2022-23,1610612755,PHI,Philadelphia 76ers,0022200980,2023-03-07T00:00:00,PHI @ MIN,W,48.0,40,81,0.494,15,25,0.6,22,23,0.957,8,46,54,21,16.0,8,6,7,17,16,117,23.0,1,1,1,1,8,42,64,41,23,95,1,40,52,7,57,2,6,70,68,46,28,83,19,77,38,7,1.0
2022-23,1610612762,UTA,Utah Jazz,0022200983,2023-03-07T00:00:00,UTA @ DAL,L,48.0,41,92,0.446,15,44,0.341,19,25,0.76,6,41,47,23,16.0,10,4,6,23,20,116,-4.0,1,42,42,42,6,49,26,61,25,14,45,40,37,54,91,6,35,62,42,7,56,57,64,47,47,50,1.0
2022-23,1610612764,WAS,Washington Wizards,0022200769,2023-03-07T00:00:00,WAS @ DET,W,48.0,47,81,0.58,12,25,0.48,13,17,0.765,9,28,37,27,15.0,9,5,3,20,16,119,2.0,1,1,1,1,4,14,68,4,31,79,10,68,72,57,40,80,74,24,50,16,36,15,50,73,21,36,1.0
2022-23,1610612737,ATL,Atlanta Hawks,0022200985,2023-03-08T00:00:00,ATL @ WAS,W,48.0,45,85,0.529,12,29,0.414,20,26,0.769,8,28,36,26,11.0,11,5,1,17,16,122,2.0,1,1,1,1,7,32,77,22,29,54,25,29,23,73,70,78,88,31,26,8,34,3,26,82,33,39,1.0
2022-23,1610612738,BOS,Boston Celtics,0022200986,2023-03-08T00:00:00,BOS vs. POR,W,48.0,42,88,0.477,18,49,0.367,13,20,0.65,5,40,45,26,11.0,9,2,2,20,19,115,22.0,1,1,1,1,15,47,46,50,30,17,58,83,62,108,97,17,49,55,23,14,100,11,63,50,63,14,1.0
2022-23,1610612741,CHI,Chicago Bulls,0022200989,2023-03-08T00:00:00,CHI @ DEN,W,48.0,46,89,0.517,8,24,0.333,17,18,0.944,9,41,50,26,9.0,9,2,2,16,16,117,21.0,1,1,1,1,8,19,25,30,63,71,51,47,69,3,33,9,11,35,11,24,76,6,17,71,37,8,1.0
2022-23,1610612739,CLE,Cleveland Cavaliers,0022200987,2023-03-08T00:00:00,CLE @ MIA,W,48.0,39,80,0.488,9,28,0.321,17,19,0.895,7,25,32,26,17.0,13,3,4,23,19,104,4.0,1,1,1,1,8,63,68,47,65,63,60,43,62,7,73,83,91,33,75,2,68,30,80,51,69,47,1.0
2022-23,1610612742,DAL,Dallas Mavericks,0022200988,2023-03-08T00:00:00,DAL @ NOP,L,48.0,38,88,0.432,16,46,0.348,14,19,0.737,5,29,34,24,9.0,7,0,6,18,19,106,-7.0,1,41,41,41,10,54,24,69,35,14,54,68,68,52,69,55,69,33,12,29,88,75,16,66,62,65,1.0
2022-23,1610612743,DEN,Denver Nuggets,0022200989,2023-03-08T00:00:00,DEN vs. CHI,L,48.0,37,88,0.42,15,40,0.375,7,15,0.467,11,33,44,26,11.0,5,2,2,16,16,96,-21.0,1,75,75,75,5,97,38,103,15,4,49,109,100,111,37,55,45,73,18,86,88,4,22,87,103,106,1.0
2022-23,1610612748,MIA,Miami Heat,0022200987,2023-03-08T00:00:00,MIA vs. CLE,L,48.0,35,70,0.5,8,29,0.276,22,29,0.759,10,27,37,22,24.0,7,4,3,19,23,100,-4.0,1,66,66,66,7,84,115,25,98,93,96,29,20,89,49,85,82,68,120,59,25,29,57,25,88,75,1.0
2022-23,1610612740,NOP,New Orleans Pelicans,0022200988,2023-03-08T00:00:00,NOP vs. DAL,W,48.0,42,83,0.506,13,27,0.481,16,18,0.889,9,40,49,32,15.0,4,6,0,19,18,113,7.0,1,1,1,1,8,36,68,25,19,62,7,67,77,10,57,8,22,7,42,85,14,1,28,63,45,36,1.0
2022-23,1610612760,OKC,Oklahoma City Thunder,0022200990,2023-03-08T00:00:00,OKC @ PHX,L,48.0,33,88,0.375,15,43,0.349,20,21,0.952,7,30,37,23,16.0,9,2,7,13,17,101,-31.0,1,52,52,52,7,90,62,93,18,9,45,32,58,2,87,57,85,52,69,29,79,67,2,78,81,97,1.0
2022-23,1610612756,PHX,Phoenix Suns,0022200990,2023-03-08T00:00:00,PHX vs. OKC,W,48.0,49,94,0.521,20,43,0.465,14,16,0.875,14,40,54,31,15.0,10,7,2,17,13,132,31.0,1,1,1,1,5,6,22,14,4,5,16,72,82,21,24,7,8,13,65,12,21,10,14,95,5,2,1.0
2022-23,1610612757,POR,Portland Trail Blazers,0022200986,2023-03-08T00:00:00,POR @ BOS,L,48.0,30,82,0.366,11,39,0.282,22,27,0.815,6,41,47,18,16.0,5,2,2,19,20,93,-22.0,1,39,39,39,3,84,58,91,53,20,77,28,31,33,74,2,11,76,49,58,80,7,31,47,84,84,1.0
2022-23,1610612761,TOR,Toronto Raptors,0022200991,2023-03-08T00:00:00,TOR @ LAC,L,48.0,37,96,0.385,13,32,0.406,13,14,0.929,15,26,41,21,12.0,12,2,4,23,18,100,-8.0,1,49,49,49,8,70,19,87,18,43,16,73,82,6,24,76,57,57,41,13,83,33,68,56,77,70,1.0
2022-23,1610612764,WAS,Washington Wizards,0022200985,2023-03-08T00:00:00,WAS vs. ATL,L,48.0,47,83,0.566,12,29,0.414,14,17,0.824,6,33,39,34,19.0,9,1,5,16,17,120,-2.0,1,40,40,40,4,14,58,9,31,57,23,63,72,34,68,51,63,2,82,16,88,39,17,62,18,42,1.0
2022-23,1610612751,BKN,Brooklyn Nets,0022200995,2023-03-09T00:00:00,BKN @ MIL,L,48.0,41,104,0.394,14,36,0.389,17,17,1.0,15,32,47,20,14.0,10,4,12,12,14,113,-5.0,1,51,51,51,3,42,1,88,24,28,34,50,74,1,4,46,11,80,46,14,69,94,1,79,41,59,1.0
2022-23,1610612766,CHA,Charlotte Hornets,0022200992,2023-03-09T00:00:00,CHA @ DET,W,48.0,43,86,0.5,8,24,0.333,19,32,0.594,13,31,44,24,13.0,11,9,4,18,22,113,10.0,1,1,1,1,6,23,59,20,67,83,39,35,3,87,28,58,46,50,27,10,8,19,26,24,32,8,1.0
2022-23,1610612765,DET,Detroit Pistons,0022200992,2023-03-09T00:00:00,DET vs. CHA,L,48.0,40,89,0.449,7,21,0.333,16,20,0.8,17,31,48,20,19.0,5,4,9,22,18,103,-10.0,1,21,21,21,5,35,31,50,77,90,49,58,64,36,5,41,19,65,72,67,32,84,38,64,64,51,1.0
2022-23,1610612744,GSW,Golden State Warriors,0022200996,2023-03-09T00:00:00,GSW @ MEM,L,48.0,36,82,0.439,15,45,0.333,23,24,0.958,8,24,32,25,17.0,9,3,3,17,18,110,-21.0,1,55,55,55,6,91,88,73,54,36,72,10,29,4,77,103,103,78,63,22,64,29,7,55,77,100,1.0
2022-23,1610612745,HOU,Houston Rockets,0022200993,2023-03-09T00:00:00,HOU @ IND,L,53.0,49,107,0.458,6,17,0.353,21,29,0.724,20,38,58,18,17.0,6,6,15,22,21,125,-9.0,1,28,28,28,2,4,1,41,81,91,30,24,24,56,3,14,5,73,52,55,19,91,53,34,9,50,1.0
2022-23,1610612754,IND,Indiana Pacers,0022200993,2023-03-09T00:00:00,IND vs. HOU,W,53.0,48,100,0.48,18,45,0.4,20,21,0.952,8,34,42,34,12.0,12,15,6,21,22,134,9.0,1,1,1,1,1,8,7,40,12,10,26,36,62,5,58,31,40,4,18,7,1,49,42,27,7,13,1.0
2022-23,1610612763,MEM,Memphis Grizzlies,0022200996,2023-03-09T00:00:00,MEM vs. GSW,W,48.0,50,93,0.538,18,40,0.45,13,18,0.722,9,33,42,36,14.0,6,3,3,18,17,131,21.0,1,1,1,1,6,8,34,12,5,13,12,77,74,70,75,58,72,3,48,70,76,11,28,70,10,10,1.0
2022-23,1610612749,MIL,Milwaukee Bucks,0022200995,2023-03-09T00:00:00,MIL vs. BKN,W,48.0,44,104,0.423,19,50,0.38,11,14,0.786,20,41,61,33,16.0,8,12,4,14,12,118,5.0,1,1,1,1,7,36,5,78,12,6,44,82,85,37,3,19,4,6,52,19,1,48,11,91,37,53,1.0
2022-23,1610612752,NYK,New York Knicks,0022200997,2023-03-09T00:00:00,NYK @ SAC,L,48.0,42,101,0.416,13,50,0.26,20,31,0.645,23,35,58,27,14.0,8,1,3,25,21,117,-5.0,1,60,60,60,11,41,5,85,35,2,89,38,18,90,1,30,2,14,56,25,93,22,87,48,38,67,1.0
2022-23,1610612753,ORL,Orlando Magic,0022200994,2023-03-09T00:00:00,ORL vs. UTA,L,48.0,44,94,0.468,16,34,0.471,20,31,0.645,12,24,36,21,10.0,9,4,8,16,26,124,-7.0,1,41,41,41,5,15,14,45,5,28,7,34,12,85,25,86,79,58,5,24,48,80,10,5,11,57,1.0
2022-23,1610612758,SAC,Sacramento Kings,0022200997,2023-03-09T00:00:00,SAC vs. NYK,W,48.0,44,84,0.524,10,32,0.313,24,32,0.75,6,36,42,28,12.0,10,3,1,21,25,122,5.0,1,1,1,1,6,45,72,29,76,74,73,21,10,63,83,25,51,35,32,15,54,3,48,11,40,45,1.0
2022-23,1610612762,UTA,Utah Jazz,0022200994,2023-03-09T00:00:00,UTA @ ORL,W,48.0,49,88,0.557,13,34,0.382,20,21,0.952,11,31,42,27,18.0,7,8,4,26,16,131,7.0,1,1,1,1,6,5,47,3,39,60,31,33,59,2,46,63,65,34,67,34,11,28,85,80,7,22,1.0
2022-23,1610612737,ATL,Atlanta Hawks,0022200999,2023-03-10T00:00:00,ATL @ WAS,W,48.0,42,95,0.442,15,31,0.484,15,19,0.789,13,33,46,25,14.0,9,4,6,17,17,114,7.0,1,1,1,1,7,65,31,77,7,40,8,66,64,61,29,50,33,44,61,22,51,58,26,72,60,31,1.0
2022-23,1610612751,BKN,Brooklyn Nets,0022201001,2023-03-10T00:00:00,BKN @ MIN,W,53.0,42,91,0.462,16,34,0.471,24,33,0.727,12,36,48,20,15.0,7,5,6,26,21,124,1.0,1,1,1,1,1,36,12,57,12,40,11,11,5,73,12,15,9,80,52,42,53,79,81,26,12,47,1.0
2022-23,1610612739,CLE,Cleveland Cavaliers,0022201000,2023-03-10T00:00:00,CLE @ MIA,L,48.0,40,86,0.465,18,43,0.419,17,21,0.81,8,26,34,25,11.0,5,6,4,20,20,115,-4.0,1,57,57,57,8,52,40,62,3,3,29,43,49,40,62,77,81,38,25,72,22,30,52,43,31,66,1.0
2022-23,1610612743,DEN,Denver Nuggets,0022201002,2023-03-10T00:00:00,DEN @ SAS,L,48.0,44,90,0.489,13,35,0.371,19,20,0.95,8,25,33,32,14.0,14,4,0,14,20,120,-8.0,1,75,75,75,5,39,22,64,35,25,52,28,67,1,75,106,107,19,52,2,55,1,8,47,35,91,1.0
2022-23,1610612747,LAL,Los Angeles Lakers,0022201003,2023-03-10T00:00:00,LAL vs. TOR,W,48.0,45,80,0.563,13,30,0.433,19,19,1.0,5,30,35,28,21.0,8,8,3,10,16,122,10.0,1,1,1,1,10,25,97,4,18,60,16,65,93,1,105,88,109,23,103,21,11,20,3,104,30,27,1.0
2022-23,1610612748,MIA,Miami Heat,0022201000,2023-03-10T00:00:00,MIA vs. CLE,W,48.0,42,82,0.512,14,29,0.483,21,23,0.913,11,35,46,22,16.0,7,4,6,20,20,119,4.0,1,1,1,1,7,29,73,19,27,93,10,36,49,20,37,27,18,68,89,59,25,92,68,59,20,42,1.0
2022-23,1610612750,MIN,Minnesota Timberwolves,0022201001,2023-03-10T00:00:00,MIN vs. BKN,L,53.0,48,98,0.49,9,30,0.3,18,29,0.621,12,35,47,29,14.0,10,6,5,21,26,123,-1.0,1,51,51,51,2,9,8,42,74,63,78,48,20,91,14,31,17,21,36,24,29,53,39,3,22,51,1.0
2022-23,1610612755,PHI,Philadelphia 76ers,0022200998,2023-03-10T00:00:00,PHI vs. POR,W,48.0,43,83,0.518,11,30,0.367,23,29,0.793,12,30,42,25,10.0,7,4,3,24,17,120,1.0,1,1,1,1,8,25,47,21,61,67,61,32,21,77,23,64,40,41,16,61,56,17,76,68,24,64,1.0
2022-23,1610612757,POR,Portland Trail Blazers,0022200998,2023-03-10T00:00:00,POR @ PHI,L,48.0,42,80,0.525,15,36,0.417,20,30,0.667,5,31,36,24,9.0,6,3,4,17,24,119,-1.0,1,39,39,39,3,28,65,19,23,36,25,41,21,83,84,44,70,39,5,45,63,35,19,22,28,39,1.0
2022-23,1610612759,SAS,San Antonio Spurs,0022201002,2023-03-10T00:00:00,SAS vs. DEN,W,48.0,51,94,0.543,13,33,0.394,13,17,0.765,13,37,50,31,19.0,10,0,4,20,14,128,8.0,1,1,1,1,7,4,35,12,18,44,23,57,66,33,34,16,12,14,72,10,88,29,44,78,11,11,1.0
2022-23,1610612761,TOR,Toronto Raptors,0022201003,2023-03-10T00:00:00,TOR @ LAL,L,48.0,46,92,0.5,10,28,0.357,10,13,0.769,10,27,37,29,13.0,14,3,8,16,10,112,-10.0,1,49,49,49,8,18,33,16,44,67,33,84,85,50,66,68,80,10,52,7,69,85,8,91,48,75,1.0
2022-23,1610612764,WAS,Washington Wizards,0022200999,2023-03-10T00:00:00,WAS vs. ATL,L,48.0,43,88,0.489,7,27,0.259,14,18,0.778,7,36,43,27,15.0,8,6,4,17,17,107,-7.0,1,40,40,40,4,31,29,39,73,67,71,63,67,53,57,28,43,24,50,28,24,27,25,62,62,54,1.0
2022-23,1610612737,ATL,Atlanta Hawks,0022201008,2023-03-11T00:00:00,ATL vs. BOS,L,48.0,50,100,0.5,10,34,0.294,15,16,0.938,13,35,48,24,10.0,4,4,6,17,21,125,-9.0,1,49,49,49,7,14,14,27,56,27,73,66,83,9,29,33,21,51,19,84,51,58,26,32,21,76,1.0
2022-23,1610612738,BOS,Boston Celtics,0022201008,2023-03-11T00:00:00,BOS @ ATL,W,48.0,52,95,0.547,20,42,0.476,10,12,0.833,5,35,40,35,9.0,6,6,4,21,17,134,9.0,1,1,1,1,15,3,17,14,16,52,9,96,98,46,97,54,78,4,12,47,36,51,69,72,7,42,1.0
2022-23,1610612766,CHA,Charlotte Hornets,0022201005,2023-03-11T00:00:00,CHA vs. UTA,L,48.0,40,98,0.408,17,40,0.425,14,15,0.933,11,32,43,24,7.0,5,14,4,15,17,111,-8.0,1,30,30,30,6,47,12,68,3,10,8,67,83,1,44,52,53,50,5,72,1,19,8,75,42,48,1.0
2022-23,1610612741,CHI,Chicago Bulls,0022201009,2023-03-11T00:00:00,CHI @ HOU,W,48.0,44,86,0.512,15,32,0.469,16,22,0.727,13,31,44,25,14.0,7,9,3,17,19,119,8.0,1,1,1,1,8,31,48,32,10,22,11,56,42,76,9,59,34,40,43,49,5,14,26,39,28,33,1.0
2022-23,1610612742,DAL,Dallas Mavericks,0022201010,2023-03-11T00:00:00,DAL @ MEM,L,48.0,39,85,0.459,15,43,0.349,15,23,0.652,10,33,43,25,11.0,4,3,5,17,16,108,-4.0,1,41,41,41,10,46,33,51,39,29,53,62,58,72,17,27,18,25,25,68,44,60,11,85,58,55,1.0
2022-23,1610612765,DET,Detroit Pistons,0022201006,2023-03-11T00:00:00,DET vs. IND,L,48.0,43,94,0.457,11,34,0.324,18,27,0.667,12,30,42,25,12.0,7,7,6,24,20,115,-6.0,1,21,21,21,5,16,9,43,45,31,54,48,33,82,28,49,39,27,14,41,5,50,59,49,26,34,1.0
2022-23,1610612744,GSW,Golden State Warriors,0022201012,2023-03-11T00:00:00,GSW vs. MIL,W,53.0,46,112,0.411,23,55,0.418,10,11,0.909,18,47,65,33,15.0,12,4,7,15,14,125,9.0,1,1,1,1,2,23,2,89,6,3,29,97,103,13,5,4,2,19,36,4,47,91,4,94,24,30,1.0
2022-23,1610612745,HOU,Houston Rockets,0022201009,2023-03-11T00:00:00,HOU vs. CHI,L,48.0,41,85,0.482,16,34,0.471,13,17,0.765,6,27,33,28,16.0,10,3,9,19,17,111,-8.0,1,28,28,28,3,36,66,25,6,37,4,73,77,35,88,78,90,9,43,16,58,76,29,75,42,42,1.0
2022-23,1610612754,IND,Indiana Pacers,0022201006,2023-03-11T00:00:00,IND @ DET,W,48.0,43,93,0.462,9,35,0.257,26,34,0.765,18,40,58,24,14.0,7,6,7,20,24,121,6.0,1,1,1,1,4,29,27,51,73,51,81,8,5,52,5,3,2,61,33,47,28,63,34,12,28,23,1.0
2022-23,1610612763,MEM,Memphis Grizzlies,0022201010,2023-03-11T00:00:00,MEM vs. DAL,W,48.0,41,86,0.477,10,38,0.263,20,24,0.833,11,34,45,25,11.0,7,5,3,16,17,112,4.0,1,1,1,1,6,58,78,45,58,20,79,29,43,14,54,50,55,50,17,61,52,11,9,70,54,53,1.0
2022-23,1610612748,MIA,Miami Heat,0022201007,2023-03-11T00:00:00,MIA @ ORL,L,53.0,42,94,0.447,11,37,0.297,19,20,0.95,5,30,35,19,17.0,8,2,10,17,20,114,-12.0,1,66,66,66,1,29,14,64,65,35,90,51,74,8,108,64,96,95,102,49,81,117,33,59,34,103,1.0
2022-23,1610612749,MIL,Milwaukee Bucks,0022201012,2023-03-11T00:00:00,MIL @ GSW,L,53.0,43,100,0.43,21,51,0.412,9,11,0.818,7,41,48,28,17.0,9,7,4,14,15,116,-9.0,1,63,63,63,2,38,8,76,9,4,30,86,91,18,78,19,45,24,65,15,14,48,11,81,45,75,1.0
2022-23,1610612740,NOP,New Orleans Pelicans,0022201011,2023-03-11T00:00:00,NOP vs. OKC,L,48.0,34,81,0.42,12,34,0.353,16,19,0.842,8,35,43,23,22.0,3,4,2,25,17,96,-14.0,1,50,50,50,8,86,72,85,28,20,54,67,74,25,66,36,50,65,90,89,43,9,82,73,88,81,1.0
2022-23,1610612752,NYK,New York Knicks,0022201004,2023-03-11T00:00:00,NYK @ LAC,L,48.0,32,90,0.356,7,31,0.226,24,27,0.889,20,34,54,21,10.0,5,3,4,17,20,95,-11.0,1,60,60,60,11,95,38,99,93,71,97,18,36,9,2,36,8,55,14,66,61,33,22,56,94,89,1.0
2022-23,1610612760,OKC,Oklahoma City Thunder,0022201011,2023-03-11T00:00:00,OKC @ NOP,W,48.0,37,80,0.463,9,28,0.321,27,32,0.844,4,34,38,17,12.0,11,2,4,17,25,110,14.0,1,1,1,1,7,79,87,51,78,81,68,13,13,35,97,35,78,91,37,14,79,25,12,11,65,17,1.0
2022-23,1610612753,ORL,Orlando Magic,0022201007,2023-03-11T00:00:00,ORL vs. MIA,W,53.0,48,99,0.485,13,37,0.351,17,20,0.85,15,39,54,34,19.0,10,10,2,20,17,126,12.0,1,1,1,1,1,4,5,36,19,13,44,58,68,21,6,11,3,1,76,16,2,7,42,74,7,10,1.0
2022-23,1610612756,PHX,Phoenix Suns,0022201013,2023-03-11T00:00:00,PHX vs. SAC,L,48.0,44,89,0.494,13,44,0.295,18,22,0.818,7,33,40,30,14.0,11,3,2,26,19,119,-9.0,1,56,56,56,5,29,48,28,29,3,84,46,49,44,87,43,70,24,48,10,78,10,86,63,33,75,1.0
2022-23,1610612758,SAC,Sacramento Kings,0022201013,2023-03-11T00:00:00,SAC @ PHX,W,48.0,41,85,0.482,15,35,0.429,31,37,0.838,8,31,39,19,15.0,10,2,3,19,26,128,9.0,1,1,1,1,6,57,64,50,31,59,20,2,2,37,68,62,69,94,56,15,71,20,31,3,23,29,1.0
2022-23,1610612762,UTA,Utah Jazz,0022201005,2023-03-11T00:00:00,UTA @ CHA,W,48.0,46,103,0.447,9,32,0.281,18,20,0.9,20,40,60,22,11.0,4,4,14,17,15,119,8.0,1,1,1,1,6,14,4,60,78,69,75,44,66,8,4,10,2,69,8,70,56,93,13,84,34,16,1.0
2022-23,1610612751,BKN,Brooklyn Nets,0022201014,2023-03-12T00:00:00,BKN @ DEN,W,48.0,42,84,0.5,17,44,0.386,21,24,0.875,4,24,28,32,10.0,11,2,8,21,19,122,2.0,1,1,1,1,3,36,39,35,6,1,36,25,36,19,82,92,94,7,13,8,88,90,49,40,19,44,1.0
2022-23,1610612766,CHA,Charlotte Hornets,0022201015,2023-03-12T00:00:00,CHA vs. CLE,L,48.0,41,80,0.513,10,21,0.476,16,22,0.727,7,36,43,25,19.0,8,5,3,26,22,108,-6.0,1,30,30,30,6,40,82,15,46,90,5,56,56,51,76,25,53,37,81,32,39,10,84,24,48,41,1.0
2022-23,1610612739,CLE,Cleveland Cavaliers,0022201015,2023-03-12T00:00:00,CLE @ CHA,W,48.0,41,87,0.471,7,27,0.259,25,34,0.735,11,29,40,18,10.0,8,3,5,22,26,114,6.0,1,1,1,1,8,44,32,55,81,73,81,11,5,67,30,57,51,83,15,29,68,49,72,9,34,42,1.0
2022-23,1610612743,DEN,Denver Nuggets,0022201014,2023-03-12T00:00:00,DEN vs. BKN,L,48.0,45,90,0.5,12,31,0.387,18,24,0.75,15,34,49,27,15.0,4,8,2,19,21,120,-2.0,1,75,75,75,5,30,22,51,46,57,45,36,35,63,11,42,19,65,63,97,6,4,53,38,35,77,1.0
2022-23,1610612747,LAL,Los Angeles Lakers,0022201019,2023-03-12T00:00:00,LAL vs. NYK,L,48.0,43,89,0.483,12,36,0.333,10,17,0.588,10,27,37,24,11.0,6,2,3,17,18,108,-4.0,1,59,59,59,10,41,51,49,27,22,56,108,97,111,46,106,100,59,23,53,97,20,33,86,79,66,1.0
2022-23,1610612740,NOP,New Orleans Pelicans,0022201017,2023-03-12T00:00:00,NOP vs. POR,W,48.0,43,86,0.5,19,40,0.475,22,29,0.759,8,35,43,35,15.0,11,7,2,19,21,127,17.0,1,1,1,1,8,30,46,27,3,5,10,26,25,66,66,36,50,2,42,14,9,9,28,45,14,18,1.0
2022-23,1610612752,NYK,New York Knicks,0022201019,2023-03-12T00:00:00,NYK @ LAL,W,48.0,42,88,0.477,11,37,0.297,17,21,0.81,12,34,46,18,11.0,8,3,2,18,17,112,4.0,1,1,1,1,11,41,49,45,54,34,68,62,76,29,50,36,52,78,25,25,61,7,32,82,51,45,1.0
2022-23,1610612760,OKC,Oklahoma City Thunder,0022201018,2023-03-12T00:00:00,OKC @ SAS,W,48.0,36,95,0.379,10,39,0.256,20,23,0.87,12,43,55,26,9.0,8,3,7,19,18,102,12.0,1,1,1,1,7,80,22,92,67,20,87,32,43,22,35,4,4,29,8,48,61,67,31,68,78,21,1.0
2022-23,1610612755,PHI,Philadelphia 76ers,0022201016,2023-03-12T00:00:00,PHI vs. WAS,W,48.0,41,80,0.513,11,29,0.379,19,23,0.826,9,33,42,29,9.0,6,10,5,19,20,112,19.0,1,1,1,1,8,36,67,25,61,75,55,53,52,55,44,39,40,15,11,75,3,50,32,43,54,14,1.0
2022-23,1610612757,POR,Portland Trail Blazers,0022201017,2023-03-12T00:00:00,POR @ NOP,L,48.0,43,88,0.489,10,33,0.303,14,20,0.7,10,36,46,26,19.0,10,2,7,21,19,110,-17.0,1,39,39,39,3,18,26,30,60,52,69,77,69,78,38,16,15,29,75,11,80,78,52,52,47,72,1.0
2022-23,1610612759,SAS,San Antonio Spurs,0022201018,2023-03-12T00:00:00,SAS vs. OKC,L,48.0,33,88,0.375,10,36,0.278,14,19,0.737,10,40,50,24,19.0,3,7,3,18,19,90,-12.0,1,25,25,25,7,86,54,85,50,26,75,51,51,46,57,4,12,60,72,84,7,14,26,37,86,54,1.0
2022-23,1610612764,WAS,Washington Wizards,0022201016,2023-03-12T00:00:00,WAS @ PHI,L,48.0,34,84,0.405,6,26,0.231,19,23,0.826,6,29,35,19,10.0,4,5,10,20,19,93,-19.0,1,40,40,40,4,81,50,82,82,73,81,30,34,33,68,76,82,82,12,80,36,86,50,43,83,86,1.0
2022-23,1610612737,ATL,Atlanta Hawks,0022201021,2023-03-13T00:00:00,ATL vs. MIN,L,48.0,44,97,0.454,4,22,0.182,23,28,0.821,18,33,51,17,16.0,6,4,10,19,22,115,-21.0,1,49,49,49,7,45,22,67,97,90,95,14,14,43,8,50,11,92,72,50,51,93,49,20,56,92,1.0
2022-23,1610612738,BOS,Boston Celtics,0022201024,2023-03-13T00:00:00,BOS @ HOU,L,48.0,39,87,0.448,12,42,0.286,19,21,0.905,10,28,38,19,14.0,7,5,2,22,21,109,-2.0,1,74,74,74,15,73,54,73,80,52,95,44,51,17,42,97,87,101,55,36,49,11,77,33,81,77,1.0
2022-23,1610612742,DAL,Dallas Mavericks,0022201023,2023-03-13T00:00:00,DAL vs. MEM,L,48.0,35,90,0.389,12,46,0.261,6,8,0.75,8,33,41,23,13.0,3,3,3,16,17,88,-16.0,1,41,41,41,10,65,14,85,66,14,84,90,90,48,29,27,26,42,44,82,44,24,9,78,86,84,1.0
2022-23,1610612765,DET,Detroit Pistons,0022201020,2023-03-13T00:00:00,DET vs. IND,W,48.0,48,100,0.48,14,36,0.389,7,10,0.7,19,33,52,28,15.0,10,5,5,21,15,117,20.0,1,1,1,1,5,2,3,28,19,22,29,91,91,77,2,28,7,9,43,8,23,34,32,85,19,1,1.0
2022-23,1610612744,GSW,Golden State Warriors,0022201025,2023-03-13T00:00:00,GSW vs. PHX,W,48.0,45,83,0.542,19,39,0.487,14,24,0.583,9,32,41,28,16.0,8,6,4,21,23,123,11.0,1,1,1,1,6,29,83,10,22,69,9,67,29,103,62,60,71,55,47,35,9,49,39,14,27,25,1.0
2022-23,1610612745,HOU,Houston Rockets,0022201024,2023-03-13T00:00:00,HOU vs. BOS,W,48.0,40,90,0.444,11,35,0.314,20,27,0.741,15,33,48,27,11.0,9,2,5,21,22,111,2.0,1,1,1,1,3,42,32,51,33,28,47,31,33,47,25,40,33,12,7,26,74,24,46,27,42,24,1.0
2022-23,1610612754,IND,Indiana Pacers,0022201020,2023-03-13T00:00:00,IND @ DET,L,48.0,36,86,0.419,10,34,0.294,15,24,0.625,13,29,42,23,16.0,7,5,5,15,21,97,-20.0,1,40,40,40,4,80,54,77,69,56,68,62,38,87,19,59,40,67,50,47,41,38,2,37,84,83,1.0
2022-23,1610612763,MEM,Memphis Grizzlies,0022201023,2023-03-13T00:00:00,MEM @ DAL,W,48.0,38,83,0.458,12,37,0.324,16,19,0.842,7,40,47,23,16.0,9,3,3,17,16,104,16.0,1,1,1,1,6,73,84,57,35,27,58,55,68,10,86,10,45,71,68,40,76,11,16,84,77,17,1.0
2022-23,1610612748,MIA,Miami Heat,0022201022,2023-03-13T00:00:00,MIA vs. UTA,W,48.0,37,79,0.468,14,34,0.412,31,36,0.861,9,28,37,20,13.0,12,4,4,13,25,119,4.0,1,1,1,1,7,73,93,47,27,59,21,4,5,43,63,78,82,88,53,11,25,51,7,10,20,42,1.0
2022-23,1610612749,MIL,Milwaukee Bucks,0022201026,2023-03-13T00:00:00,MIL @ SAC,W,48.0,50,86,0.581,15,33,0.455,18,22,0.818,5,38,43,29,13.0,2,4,2,18,21,133,9.0,1,1,1,1,7,8,61,3,37,77,13,35,44,18,93,35,69,17,29,95,50,11,44,30,11,34,1.0
2022-23,1610612750,MIN,Minnesota Timberwolves,0022201021,2023-03-13T00:00:00,MIN @ ATL,W,48.0,54,92,0.587,12,28,0.429,16,23,0.696,5,32,37,39,13.0,12,10,4,22,19,136,21.0,1,1,1,1,8,4,21,7,39,74,16,59,51,80,84,54,70,2,26,11,4,37,50,60,6,5,1.0
2022-23,1610612756,PHX,Phoenix Suns,0022201025,2023-03-13T00:00:00,PHX @ GSW,L,48.0,46,95,0.484,4,21,0.19,16,22,0.727,17,30,47,25,14.0,8,4,6,23,21,112,-11.0,1,56,56,56,5,22,14,37,101,99,101,60,49,77,10,66,33,56,48,29,61,77,65,43,52,81,1.0
2022-23,1610612758,SAC,Sacramento Kings,0022201026,2023-03-13T00:00:00,SAC vs. MIL,L,48.0,46,104,0.442,21,50,0.42,11,15,0.733,15,30,45,31,9.0,4,2,4,21,18,124,-9.0,1,62,62,62,6,28,3,77,4,2,24,95,90,72,5,69,34,17,11,84,71,44,48,75,34,85,1.0
2022-23,1610612762,UTA,Utah Jazz,0022201022,2023-03-13T00:00:00,UTA @ MIA,L,48.0,43,90,0.478,16,38,0.421,13,18,0.722,16,32,48,31,18.0,7,4,4,25,13,115,-4.0,1,42,42,42,6,35,38,36,16,41,18,73,74,66,15,55,29,8,67,34,56,28,80,91,51,50,1.0
2022-23,1610612751,BKN,Brooklyn Nets,0022201031,2023-03-14T00:00:00,BKN @ OKC,L,48.0,35,82,0.427,12,41,0.293,25,34,0.735,11,35,46,25,17.0,3,5,0,20,25,107,-14.0,1,51,51,51,3,78,53,76,45,9,80,8,1,70,16,18,16,42,72,85,53,1,38,4,61,83,1.0
2022-23,1610612766,CHA,Charlotte Hornets,0022201027,2023-03-14T00:00:00,CHA vs. CLE,L,48.0,43,76,0.566,6,23,0.261,12,15,0.8,6,34,40,28,22.0,3,8,6,18,19,104,-16.0,1,30,30,30,6,23,88,2,82,87,71,75,83,29,80,41,68,14,88,82,10,49,26,53,64,68,1.0
2022-23,1610612739,CLE,Cleveland Cavaliers,0022201027,2023-03-14T00:00:00,CLE @ CHA,W,48.0,45,88,0.511,14,30,0.467,16,19,0.842,8,22,30,29,9.0,8,6,8,19,18,120,16.0,1,1,1,1,8,14,26,30,20,51,13,51,62,24,62,93,94,17,9,29,22,88,45,64,12,18,1.0
2022-23,1610612743,DEN,Denver Nuggets,0022201029,2023-03-14T00:00:00,DEN @ TOR,L,48.0,42,76,0.553,6,25,0.24,20,25,0.8,4,28,32,29,14.0,9,4,2,17,18,110,-15.0,1,75,75,75,5,58,102,18,101,95,105,22,28,44,108,92,110,43,52,28,55,4,31,70,71,99,1.0
2022-23,1610612765,DET,Detroit Pistons,0022201028,2023-03-14T00:00:00,DET @ WAS,L,48.0,38,99,0.384,10,34,0.294,11,12,0.917,19,25,44,18,11.0,8,3,9,19,12,97,-20.0,1,21,21,21,5,49,5,85,54,31,63,84,90,6,2,79,31,76,9,28,47,84,13,89,77,73,1.0
2022-23,1610612747,LAL,Los Angeles Lakers,0022201030,2023-03-14T00:00:00,LAL @ NOP,W,48.0,40,82,0.488,18,39,0.462,25,28,0.893,15,37,52,24,18.0,8,2,3,16,24,123,15.0,1,1,1,1,10,63,87,43,2,14,8,20,44,8,5,41,21,59,95,21,97,20,21,28,26,14,1.0
2022-23,1610612749,MIL,Milwaukee Bucks,0022201033,2023-03-14T00:00:00,MIL @ PHX,W,48.0,40,85,0.471,12,39,0.308,24,37,0.649,13,33,46,24,13.0,8,6,3,15,26,116,12.0,1,1,1,1,7,56,68,45,69,50,78,10,4,82,26,67,53,52,29,19,22,28,18,6,45,24,1.0
2022-23,1610612740,NOP,New Orleans Pelicans,0022201030,2023-03-14T00:00:00,NOP vs. LAL,L,48.0,42,98,0.429,11,43,0.256,13,20,0.65,15,26,41,23,12.0,9,3,2,24,16,108,-15.0,1,50,50,50,8,36,9,82,42,2,83,82,68,89,9,84,63,65,22,30,63,9,73,82,62,82,1.0
2022-23,1610612752,NYK,New York Knicks,0022201034,2023-03-14T00:00:00,NYK @ POR,W,48.0,42,81,0.519,15,35,0.429,24,34,0.706,9,43,52,23,13.0,8,8,3,13,19,123,16.0,1,1,1,1,11,41,82,17,23,45,15,18,5,71,78,3,17,44,46,25,5,22,4,64,22,18,1.0
2022-23,1610612760,OKC,Oklahoma City Thunder,0022201031,2023-03-14T00:00:00,OKC vs. BKN,W,48.0,45,99,0.455,11,33,0.333,20,23,0.87,14,37,51,22,11.0,9,0,5,25,20,121,14.0,1,1,1,1,7,24,9,56,49,56,54,32,43,22,14,18,12,61,23,29,95,41,78,50,30,17,1.0
2022-23,1610612753,ORL,Orlando Magic,0022201032,2023-03-14T00:00:00,ORL @ SAS,L,48.0,44,97,0.454,10,29,0.345,16,21,0.762,13,29,42,24,9.0,7,2,7,16,17,114,-18.0,1,41,41,41,5,15,7,59,50,56,47,63,63,57,15,68,51,30,3,50,73,70,10,74,32,81,1.0
2022-23,1610612756,PHX,Phoenix Suns,0022201033,2023-03-14T00:00:00,PHX vs. MIL,L,48.0,41,95,0.432,8,23,0.348,14,16,0.875,8,33,41,23,11.0,7,3,6,26,15,104,-12.0,1,56,56,56,5,56,14,77,84,89,58,72,82,21,77,43,64,71,22,43,78,77,86,87,77,84,1.0
2022-23,1610612757,POR,Portland Trail Blazers,0022201034,2023-03-14T00:00:00,POR vs. NYK,L,48.0,38,99,0.384,17,45,0.378,14,18,0.778,11,27,38,22,12.0,8,3,8,19,13,107,-16.0,1,39,39,39,3,54,1,88,8,5,38,77,77,48,22,68,57,51,21,29,63,84,31,89,56,71,1.0
2022-23,1610612759,SAS,San Antonio Spurs,0022201032,2023-03-14T00:00:00,SAS vs. ORL,W,48.0,48,85,0.565,22,41,0.537,14,18,0.778,7,40,47,39,15.0,6,7,2,17,16,132,18.0,1,1,1,1,7,13,70,3,1,6,3,51,57,29,79,4,27,1,35,57,7,6,15,63,5,3,1.0
2022-23,1610612761,TOR,Toronto Raptors,0022201029,2023-03-14T00:00:00,TOR vs. DEN,W,48.0,49,93,0.527,12,30,0.4,15,17,0.882,14,30,44,25,11.0,10,2,4,18,17,125,15.0,1,1,1,1,8,6,29,9,24,55,17,64,72,11,31,41,41,29,34,36,83,33,24,63,10,12,1.0
2022-23,1610612764,WAS,Washington Wizards,0022201028,2023-03-14T00:00:00,WAS vs. DET,W,48.0,44,85,0.518,7,32,0.219,22,22,1.0,10,38,48,24,15.0,9,9,3,12,19,117,20.0,1,1,1,1,4,23,44,21,73,40,83,20,42,1,36,13,22,51,50,16,8,15,2,43,30,7,1.0
2022-23,1610612738,BOS,Boston Celtics,0022201039,2023-03-15T00:00:00,BOS @ MIN,W,48.0,34,84,0.405,12,40,0.3,24,30,0.8,8,36,44,20,11.0,7,5,2,22,23,104,2.0,1,1,1,1,15,102,73,101,80,64,90,14,12,62,66,43,54,98,23,36,49,11,77,16,93,70,1.0
2022-23,1610612741,CHI,Chicago Bulls,0022201037,2023-03-15T00:00:00,CHI vs. SAC,L,48.0,38,97,0.392,16,42,0.381,22,25,0.88,13,35,48,28,15.0,13,4,3,24,19,114,-3.0,1,49,49,49,8,72,4,90,6,1,39,14,21,17,9,35,17,21,54,3,41,14,80,39,43,53,1.0
2022-23,1610612739,CLE,Cleveland Cavaliers,0022201035,2023-03-15T00:00:00,CLE vs. PHI,L,48.0,40,85,0.471,14,41,0.341,15,22,0.682,12,21,33,20,12.0,6,2,6,18,21,109,-9.0,1,57,57,57,8,52,45,56,20,5,54,59,42,82,22,95,86,73,33,61,82,65,36,34,58,79,1.0
2022-23,1610612742,DAL,Dallas Mavericks,0022201040,2023-03-15T00:00:00,DAL @ SAS,W,53.0,44,86,0.512,17,33,0.515,32,37,0.865,10,42,52,23,19.0,4,4,4,25,30,137,9.0,1,1,1,1,2,17,29,22,25,80,3,3,4,13,17,2,2,42,85,68,31,38,72,3,2,13,1.0
2022-23,1610612744,GSW,Golden State Warriors,0022201041,2023-03-15T00:00:00,GSW @ LAC,L,48.0,49,88,0.557,17,36,0.472,11,15,0.733,7,29,36,28,16.0,5,1,1,25,18,126,-8.0,1,55,55,55,6,12,59,5,42,80,12,89,87,70,87,83,92,55,47,82,99,2,86,55,21,76,1.0
2022-23,1610612745,HOU,Houston Rockets,0022201038,2023-03-15T00:00:00,HOU vs. LAL,W,48.0,47,89,0.528,8,29,0.276,12,19,0.632,16,35,51,22,18.0,5,3,3,29,17,114,4.0,1,1,1,1,3,9,39,8,64,61,69,76,73,82,17,27,16,46,62,64,58,6,88,75,28,21,1.0
2022-23,1610612747,LAL,Los Angeles Lakers,0022201038,2023-03-15T00:00:00,LAL @ HOU,L,48.0,34,90,0.378,11,44,0.25,31,37,0.838,11,25,36,21,10.0,7,3,3,17,29,110,-4.0,1,59,59,59,10,103,43,107,37,4,96,7,7,28,29,111,106,88,17,40,82,20,33,10,73,66,1.0
2022-23,1610612763,MEM,Memphis Grizzlies,0022201036,2023-03-15T00:00:00,MEM @ MIA,L,48.0,46,91,0.505,18,46,0.391,9,14,0.643,12,27,39,29,16.0,6,1,5,20,16,119,-19.0,1,61,61,61,6,28,51,25,5,3,28,95,89,91,46,88,85,18,68,70,100,40,47,84,38,97,1.0
2022-23,1610612748,MIA,Miami Heat,0022201036,2023-03-15T00:00:00,MIA vs. MEM,W,48.0,49,82,0.598,13,29,0.448,27,33,0.818,8,33,41,33,13.0,8,5,1,16,20,138,19.0,1,1,1,1,7,4,73,1,36,93,17,11,8,60,79,39,57,4,53,49,10,5,25,59,1,8,1.0
2022-23,1610612750,MIN,Minnesota Timberwolves,0022201039,2023-03-15T00:00:00,MIN vs. BOS,L,48.0,37,84,0.44,12,36,0.333,16,22,0.727,8,38,46,27,13.0,3,2,5,23,22,102,-2.0,1,51,51,51,8,83,58,75,39,28,56,59,57,70,52,14,23,35,26,96,86,53,62,28,84,54,1.0
2022-23,1610612755,PHI,Philadelphia 76ers,0022201035,2023-03-15T00:00:00,PHI @ CLE,W,48.0,39,75,0.52,17,36,0.472,23,27,0.852,13,33,46,24,20.0,8,6,2,21,18,118,9.0,1,1,1,1,8,55,93,20,10,24,13,32,33,42,16,39,18,49,94,46,28,10,55,61,33,33,1.0
2022-23,1610612758,SAC,Sacramento Kings,0022201037,2023-03-15T00:00:00,SAC @ CHI,W,48.0,38,78,0.487,18,42,0.429,23,29,0.793,5,40,45,26,20.0,6,3,4,19,24,117,3.0,1,1,1,1,6,75,88,48,13,24,20,26,24,54,89,8,34,48,92,63,54,44,31,19,55,51,1.0
2022-23,1610612759,SAS,San Antonio Spurs,0022201040,2023-03-15T00:00:00,SAS vs. DAL,L,53.0,49,107,0.458,15,34,0.441,15,26,0.577,16,31,47,26,10.0,7,4,4,30,25,128,-9.0,1,25,25,25,2,11,2,47,10,33,11,43,21,88,13,41,27,44,3,41,34,29,90,10,11,44,1.0
2022-23,1610612751,BKN,Brooklyn Nets,0022201043,2023-03-16T00:00:00,BKN vs. SAC,L,48.0,33,80,0.413,14,39,0.359,16,23,0.696,3,38,41,20,7.0,8,4,5,22,17,96,-5.0,1,51,51,51,3,86,66,81,24,18,51,54,39,78,90,10,39,80,1,31,69,66,59,63,85,59,1.0
2022-23,1610612743,DEN,Denver Nuggets,0022201042,2023-03-16T00:00:00,DEN @ DET,W,48.0,47,89,0.528,8,24,0.333,17,25,0.68,13,34,47,29,10.0,9,7,3,15,20,119,19.0,1,1,1,1,5,20,29,34,89,97,70,45,28,86,21,42,31,43,10,28,13,22,12,47,40,13,1.0
2022-23,1610612765,DET,Detroit Pistons,0022201042,2023-03-16T00:00:00,DET vs. DEN,L,48.0,39,85,0.459,12,27,0.444,10,18,0.556,13,24,37,24,17.0,8,3,7,20,15,100,-19.0,1,21,21,21,5,42,51,40,41,77,12,86,70,90,21,83,69,33,63,28,47,64,23,85,70,72,1.0
2022-23,1610612754,IND,Indiana Pacers,0022201045,2023-03-16T00:00:00,IND @ MIL,W,48.0,54,97,0.557,22,46,0.478,9,15,0.6,8,34,42,36,10.0,5,3,4,20,16,139,16.0,1,1,1,1,4,1,13,4,2,6,7,88,82,89,58,31,40,1,10,69,78,25,34,78,3,3,1.0
2022-23,1610612749,MIL,Milwaukee Bucks,0022201045,2023-03-16T00:00:00,MIL vs. IND,L,48.0,47,89,0.528,11,32,0.344,18,26,0.692,9,35,44,26,12.0,5,4,3,16,20,123,-16.0,1,63,63,63,7,19,48,21,78,82,62,35,30,70,57,54,66,42,17,56,50,28,27,38,28,83,1.0
2022-23,1610612760,OKC,Oklahoma City Thunder,0022201044,2023-03-16T00:00:00,OKC @ TOR,L,48.0,40,94,0.426,13,31,0.419,18,20,0.9,11,28,39,18,13.0,5,4,6,17,20,111,-17.0,1,52,52,52,7,63,29,74,31,66,22,46,68,11,44,76,71,89,46,81,46,57,12,50,62,91,1.0
2022-23,1610612753,ORL,Orlando Magic,0022201046,2023-03-16T00:00:00,ORL @ PHX,L,48.0,43,86,0.5,8,28,0.286,19,23,0.826,11,36,47,25,19.0,7,3,5,20,22,113,-3.0,1,41,41,41,5,19,40,21,70,65,66,43,55,28,35,25,23,23,76,50,59,43,42,29,35,43,1.0
2022-23,1610612756,PHX,Phoenix Suns,0022201046,2023-03-16T00:00:00,PHX vs. ORL,W,48.0,43,90,0.478,13,35,0.371,17,17,1.0,7,28,35,26,14.0,7,5,3,22,20,116,3.0,1,1,1,1,5,33,43,43,29,31,43,54,78,1,87,77,92,48,48,43,45,24,47,55,41,52,1.0
2022-23,1610612758,SAC,Sacramento Kings,0022201043,2023-03-16T00:00:00,SAC @ BKN,W,48.0,32,82,0.39,13,41,0.317,24,32,0.75,13,44,57,22,12.0,2,5,4,17,22,101,5.0,1,1,1,1,6,97,81,97,48,29,69,21,10,63,14,3,3,76,32,97,14,44,17,41,88,45,1.0
2022-23,1610612761,TOR,Toronto Raptors,0022201044,2023-03-16T00:00:00,TOR vs. OKC,W,48.0,47,97,0.485,14,32,0.438,20,28,0.714,19,40,59,29,10.0,10,6,4,20,17,128,17.0,1,1,1,1,8,13,17,29,9,43,6,34,25,73,7,7,2,10,29,36,31,33,43,63,5,10,1.0
2022-23,1610612737,ATL,Atlanta Hawks,0022201048,2023-03-17T00:00:00,ATL vs. GSW,W,48.0,47,100,0.47,16,41,0.39,17,25,0.68,13,32,45,27,11.0,7,8,9,15,20,127,8.0,1,1,1,1,7,25,14,50,3,2,31,48,25,91,29,57,39,26,26,38,6,86,13,38,19,26,1.0
2022-23,1610612738,BOS,Boston Celtics,0022201053,2023-03-17T00:00:00,BOS @ POR,W,48.0,41,87,0.471,15,42,0.357,29,35,0.829,18,34,52,29,18.0,12,2,4,19,26,126,14.0,1,1,1,1,15,56,54,59,60,52,62,4,4,50,5,63,16,23,98,4,100,51,54,5,22,26,1.0
2022-23,1610612766,CHA,Charlotte Hornets,0022201047,2023-03-17T00:00:00,CHA vs. PHI,L,48.0,29,86,0.337,5,35,0.143,19,26,0.731,7,28,35,20,14.0,10,6,9,16,19,82,-39.0,1,30,30,30,6,91,59,92,87,25,91,35,33,50,76,75,88,77,35,22,27,76,11,53,91,91,1.0
2022-23,1610612741,CHI,Chicago Bulls,0022201050,2023-03-17T00:00:00,CHI vs. MIN,W,58.0,51,94,0.543,11,24,0.458,26,30,0.867,6,41,47,23,12.0,9,6,8,21,24,139,8.0,1,1,1,1,1,3,10,17,36,71,15,7,8,24,61,9,20,54,28,24,19,86,63,11,2,33,1.0
2022-23,1610612739,CLE,Cleveland Cavaliers,0022201049,2023-03-17T00:00:00,CLE vs. WAS,W,48.0,48,87,0.552,4,19,0.211,17,22,0.773,9,32,41,31,11.0,9,7,6,19,19,117,23.0,1,1,1,1,8,4,32,12,96,95,92,43,42,58,52,34,41,9,25,14,7,65,45,51,22,9,1.0
2022-23,1610612742,DAL,Dallas Mavericks,0022201054,2023-03-17T00:00:00,DAL @ LAL,W,48.0,40,79,0.506,16,34,0.471,15,19,0.789,7,28,35,27,15.0,8,4,3,26,18,111,1.0,1,1,1,1,10,45,67,24,35,74,11,62,68,35,44,63,65,13,68,18,31,24,77,73,47,37,1.0
2022-23,1610612744,GSW,Golden State Warriors,0022201048,2023-03-17T00:00:00,GSW @ ATL,L,48.0,47,98,0.48,11,40,0.275,14,20,0.7,16,38,54,28,17.0,6,9,8,20,15,119,-8.0,1,55,55,55,6,16,14,47,89,63,98,67,52,85,10,25,13,55,63,65,1,99,28,86,47,76,1.0
2022-23,1610612745,HOU,Houston Rockets,0022201051,2023-03-17T00:00:00,HOU vs. NOP,W,48.0,43,88,0.489,11,32,0.344,17,24,0.708,15,37,52,20,13.0,9,3,5,19,17,114,2.0,1,1,1,1,3,28,44,22,33,45,34,51,46,61,25,18,12,59,13,26,58,24,29,75,28,24,1.0
2022-23,1610612747,LAL,Los Angeles Lakers,0022201054,2023-03-17T00:00:00,LAL vs. DAL,L,48.0,43,84,0.512,5,20,0.25,19,31,0.613,13,29,42,23,12.0,8,3,4,18,26,110,-1.0,1,59,59,59,10,41,78,28,112,107,96,65,25,109,14,101,74,72,31,21,82,39,49,15,73,59,1.0
2022-23,1610612763,MEM,Memphis Grizzlies,0022201052,2023-03-17T00:00:00,MEM @ SAS,W,53.0,49,101,0.485,14,38,0.368,14,21,0.667,15,37,52,27,17.0,13,9,4,24,19,126,6.0,1,1,1,1,1,15,9,35,21,20,34,70,58,84,20,29,15,32,75,7,7,26,87,50,21,44,1.0
2022-23,1610612750,MIN,Minnesota Timberwolves,0022201050,2023-03-17T00:00:00,MIN @ CHI,L,58.0,46,100,0.46,18,42,0.429,21,31,0.677,14,36,50,33,16.0,6,8,6,24,21,131,-8.0,1,51,51,51,1,17,5,62,6,8,16,30,13,81,8,23,11,8,51,69,10,72,70,34,8,71,1.0
2022-23,1610612740,NOP,New Orleans Pelicans,0022201051,2023-03-17T00:00:00,NOP @ HOU,L,48.0,39,82,0.476,12,28,0.429,22,25,0.88,8,27,35,22,9.0,8,5,3,17,19,112,-2.0,1,50,50,50,8,62,69,48,28,55,19,26,38,15,66,82,86,72,4,46,25,18,13,58,51,52,1.0
2022-23,1610612755,PHI,Philadelphia 76ers,0022201047,2023-03-17T00:00:00,PHI @ CHA,W,48.0,46,92,0.5,10,32,0.313,19,25,0.76,14,48,62,24,15.0,9,9,6,19,16,121,39.0,1,1,1,1,8,11,12,34,74,53,79,53,48,91,9,1,1,49,60,36,6,65,32,77,21,1,1.0
2022-23,1610612757,POR,Portland Trail Blazers,0022201053,2023-03-17T00:00:00,POR vs. BOS,L,48.0,38,79,0.481,14,38,0.368,22,31,0.71,8,29,37,20,19.0,12,4,2,26,19,112,-14.0,1,39,39,39,3,54,67,39,26,26,42,28,16,75,59,58,64,63,75,3,45,7,81,52,39,68,1.0
2022-23,1610612759,SAS,San Antonio Spurs,0022201052,2023-03-17T00:00:00,SAS vs. MEM,L,53.0,39,98,0.398,20,52,0.385,22,29,0.759,16,38,54,31,20.0,11,4,9,19,24,120,-6.0,1,25,25,25,2,64,18,74,2,1,28,13,11,38,13,9,3,14,84,3,34,82,36,13,25,34,1.0
2022-23,1610612764,WAS,Washington Wizards,0022201049,2023-03-17T00:00:00,WAS @ CLE,L,48.0,35,76,0.461,8,23,0.348,16,20,0.8,6,32,38,22,17.0,5,6,7,19,19,94,-23.0,1,40,40,40,4,79,82,59,65,85,45,53,54,40,68,58,69,63,65,63,24,71,42,43,81,89,1.0
2022-23,1610612738,BOS,Boston Celtics,0022201062,2023-03-18T00:00:00,BOS @ UTA,L,48.0,42,88,0.477,22,51,0.431,11,16,0.688,5,35,40,30,8.0,2,2,5,17,14,117,-1.0,1,74,74,74,15,47,46,50,6,10,32,89,85,101,97,54,78,17,7,104,100,72,32,96,51,74,1.0
2022-23,1610612741,CHI,Chicago Bulls,0022201060,2023-03-18T00:00:00,CHI vs. MIA,W,48.0,45,80,0.563,17,34,0.5,6,6,1.0,5,27,32,34,14.0,8,5,2,18,10,113,14.0,1,1,1,1,8,24,76,11,4,13,6,92,93,1,76,79,85,1,43,37,34,6,32,93,46,21,1.0
2022-23,1610612743,DEN,Denver Nuggets,0022201055,2023-03-18T00:00:00,DEN @ NYK,L,48.0,43,84,0.512,12,33,0.364,12,15,0.8,6,27,33,30,13.0,3,2,4,21,16,110,-6.0,1,75,75,75,5,49,67,41,46,37,57,93,100,44,92,96,107,35,40,105,88,44,76,87,71,85,1.0
2022-23,1610612744,GSW,Golden State Warriors,0022201061,2023-03-18T00:00:00,GSW @ MEM,L,48.0,39,91,0.429,13,35,0.371,28,34,0.824,15,27,42,27,13.0,3,8,5,21,24,119,-14.0,1,55,55,55,6,76,39,78,71,83,55,2,4,40,17,95,63,65,16,97,2,67,39,10,47,92,1.0
2022-23,1610612754,IND,Indiana Pacers,0022201057,2023-03-18T00:00:00,IND vs. PHI,L,48.0,45,87,0.517,12,31,0.387,19,20,0.95,12,29,41,28,17.0,5,5,6,17,17,121,-20.0,1,40,40,40,4,18,49,15,46,69,34,41,67,7,25,59,50,27,57,69,41,49,7,71,28,83,1.0
2022-23,1610612763,MEM,Memphis Grizzlies,0022201061,2023-03-18T00:00:00,MEM vs. GSW,W,48.0,52,95,0.547,18,38,0.474,11,17,0.647,11,28,39,35,7.0,5,5,8,24,21,133,14.0,1,1,1,1,6,4,25,9,5,20,7,86,79,90,54,86,85,6,2,82,52,81,87,36,7,22,1.0
2022-23,1610612748,MIA,Miami Heat,0022201060,2023-03-18T00:00:00,MIA @ CHI,L,48.0,35,82,0.427,10,37,0.27,19,24,0.792,14,25,39,23,14.0,4,2,5,10,18,99,-14.0,1,66,66,66,7,84,73,87,80,35,99,51,46,76,11,98,69,56,67,111,81,78,3,77,92,108,1.0
2022-23,1610612750,MIN,Minnesota Timberwolves,0022201058,2023-03-18T00:00:00,MIN @ TOR,L,48.0,39,85,0.459,5,23,0.217,24,28,0.857,9,33,42,27,15.0,5,2,3,23,25,107,-15.0,1,51,51,51,8,70,52,64,96,94,95,10,24,9,40,48,47,35,41,81,86,22,62,10,71,90,1.0
2022-23,1610612752,NYK,New York Knicks,0022201055,2023-03-18T00:00:00,NYK vs. DEN,W,48.0,41,83,0.494,9,32,0.281,25,28,0.893,15,28,43,23,12.0,9,4,2,16,21,116,6.0,1,1,1,1,11,49,71,31,77,66,75,13,30,8,24,92,71,44,32,18,40,7,16,48,43,40,1.0
2022-23,1610612753,ORL,Orlando Magic,0022201056,2023-03-18T00:00:00,ORL @ LAC,W,48.0,42,84,0.5,10,31,0.323,19,25,0.76,9,36,45,23,18.0,14,5,3,22,24,113,5.0,1,1,1,1,5,26,52,21,50,45,55,43,38,59,51,25,37,42,63,1,33,13,56,13,35,28,1.0
2022-23,1610612755,PHI,Philadelphia 76ers,0022201057,2023-03-18T00:00:00,PHI @ IND,W,48.0,54,88,0.614,15,35,0.429,18,22,0.818,6,24,30,31,8.0,11,6,5,17,17,141,20.0,1,1,1,1,8,1,27,2,23,36,32,61,58,60,81,99,102,7,4,16,28,50,19,68,3,10,1.0
2022-23,1610612758,SAC,Sacramento Kings,0022201059,2023-03-18T00:00:00,SAC @ WAS,W,48.0,48,86,0.558,22,37,0.595,14,23,0.609,7,37,44,34,8.0,7,7,5,22,18,132,14.0,1,1,1,1,6,12,57,7,2,53,1,81,60,96,79,19,41,8,7,52,4,63,63,75,19,21,1.0
2022-23,1610612761,TOR,Toronto Raptors,0022201058,2023-03-18T00:00:00,TOR vs. MIN,W,48.0,48,90,0.533,9,27,0.333,17,21,0.81,9,36,45,23,15.0,11,3,2,25,23,122,15.0,1,1,1,1,8,8,43,7,55,78,45,50,56,30,73,13,33,45,72,24,69,6,79,21,18,12,1.0
2022-23,1610612762,UTA,Utah Jazz,0022201062,2023-03-18T00:00:00,UTA vs. BOS,W,48.0,42,97,0.433,17,41,0.415,17,22,0.773,17,39,56,29,7.0,3,5,2,14,17,118,1.0,1,1,1,1,6,41,12,71,11,23,21,52,54,50,10,15,7,21,1,82,43,4,4,72,36,34,1.0
2022-23,1610612764,WAS,Washington Wizards,0022201059,2023-03-18T00:00:00,WAS vs. SAC,L,48.0,41,91,0.451,13,36,0.361,23,27,0.852,12,34,46,27,10.0,6,5,7,18,22,118,-14.0,1,40,40,40,4,46,24,65,25,19,40,14,19,25,19,40,29,24,12,50,36,71,29,24,26,79,1.0
2022-23,1610612737,ATL,Atlanta Hawks,0022201065,2023-03-19T00:00:00,ATL @ SAS,L,48.0,48,101,0.475,5,22,0.227,17,20,0.85,20,31,51,21,12.0,4,4,5,13,18,118,-8.0,1,49,49,49,7,21,10,46,94,90,89,48,57,31,3,63,11,78,36,84,51,43,7,61,45,70,1.0
2022-23,1610612751,BKN,Brooklyn Nets,0022201063,2023-03-19T00:00:00,BKN vs. DEN,L,48.0,38,82,0.463,12,35,0.343,14,16,0.875,9,24,33,26,12.0,10,3,3,16,17,102,-6.0,1,51,51,51,3,61,53,55,45,31,60,65,78,19,30,92,85,31,28,14,76,23,11,63,69,64,1.0
2022-23,1610612743,DEN,Denver Nuggets,0022201063,2023-03-19T00:00:00,DEN @ BKN,W,48.0,42,80,0.525,12,23,0.522,12,13,0.923,6,34,40,31,17.0,5,3,3,17,16,108,6.0,1,1,1,1,5,58,91,36,46,99,6,93,107,4,92,42,71,27,81,86,77,22,31,87,80,48,1.0
2022-23,1610612765,DET,Detroit Pistons,0022201066,2023-03-19T00:00:00,DET vs. MIA,L,48.0,38,82,0.463,10,32,0.313,14,17,0.824,9,30,39,26,13.0,4,2,4,20,17,100,-12.0,1,21,21,21,5,49,65,36,54,47,59,68,73,21,55,49,60,20,21,76,70,20,23,75,70,56,1.0
2022-23,1610612745,HOU,Houston Rockets,0022201067,2023-03-19T00:00:00,HOU vs. NOP,L,48.0,31,76,0.408,9,33,0.273,36,38,0.947,8,28,36,15,13.0,4,2,4,22,23,107,-10.0,1,28,28,28,3,85,88,77,54,42,71,1,5,1,83,71,86,86,13,74,74,11,53,21,56,54,1.0
2022-23,1610612747,LAL,Los Angeles Lakers,0022201070,2023-03-19T00:00:00,LAL vs. ORL,W,48.0,36,78,0.462,13,32,0.406,26,32,0.813,9,43,52,25,15.0,2,9,3,19,28,111,6.0,1,1,1,1,10,96,102,65,18,48,29,19,21,38,64,10,21,48,60,109,7,20,62,11,68,38,1.0
2022-23,1610612748,MIA,Miami Heat,0022201066,2023-03-19T00:00:00,MIA @ DET,W,48.0,38,79,0.481,13,39,0.333,23,25,0.92,8,34,42,33,10.0,4,4,2,17,20,112,12.0,1,1,1,1,7,62,93,37,36,21,58,21,39,18,79,31,50,4,17,111,25,15,33,59,40,18,1.0
2022-23,1610612749,MIL,Milwaukee Bucks,0022201068,2023-03-19T00:00:00,MIL vs. TOR,W,48.0,43,82,0.524,16,45,0.356,16,21,0.762,7,38,45,35,12.0,3,8,4,13,15,118,7.0,1,1,1,1,7,38,83,23,32,23,55,49,50,48,78,35,58,3,17,88,8,48,4,81,37,48,1.0
2022-23,1610612740,NOP,New Orleans Pelicans,0022201067,2023-03-19T00:00:00,NOP @ HOU,W,48.0,42,85,0.494,13,31,0.419,20,24,0.833,10,29,39,28,10.0,7,4,2,23,22,117,10.0,1,1,1,1,8,36,55,37,19,33,24,39,44,28,50,68,71,27,8,60,43,9,68,33,34,29,1.0
2022-23,1610612760,OKC,Oklahoma City Thunder,0022201064,2023-03-19T00:00:00,OKC vs. PHX,W,48.0,42,84,0.5,11,28,0.393,29,36,0.806,6,38,44,20,16.0,8,3,9,20,31,124,4.0,1,1,1,1,7,44,79,23,49,81,32,6,4,52,94,15,41,77,69,48,61,86,40,2,24,42,1.0
2022-23,1610612753,ORL,Orlando Magic,0022201070,2023-03-19T00:00:00,ORL @ LAL,L,48.0,41,102,0.402,10,38,0.263,13,17,0.765,13,31,44,24,8.0,8,3,9,28,19,105,-6.0,1,41,41,41,5,41,1,82,50,10,75,82,82,54,15,61,40,30,1,35,59,86,89,56,62,55,1.0
2022-23,1610612756,PHX,Phoenix Suns,0022201064,2023-03-19T00:00:00,PHX @ OKC,L,48.0,44,92,0.478,15,36,0.417,17,24,0.708,9,31,40,31,14.0,7,9,3,31,20,120,-4.0,1,56,56,56,5,29,36,42,16,26,26,54,40,84,68,59,70,13,48,43,5,24,101,55,31,67,1.0
2022-23,1610612757,POR,Portland Trail Blazers,0022201069,2023-03-19T00:00:00,POR vs. LAC,L,48.0,37,82,0.451,6,29,0.207,22,24,0.917,11,29,40,24,15.0,7,9,3,14,18,102,-15.0,1,39,39,39,3,61,58,55,87,72,88,28,49,10,22,58,49,39,45,37,3,25,2,66,70,70,1.0
2022-23,1610612759,SAS,San Antonio Spurs,0022201065,2023-03-19T00:00:00,SAS vs. ATL,W,48.0,51,94,0.543,14,28,0.5,10,16,0.625,10,31,41,26,12.0,9,5,4,18,13,126,8.0,1,1,1,1,7,4,35,12,14,66,4,82,72,79,57,41,57,44,12,15,25,29,26,83,14,11,1.0
2022-23,1610612761,TOR,Toronto Raptors,0022201068,2023-03-19T00:00:00,TOR @ MIL,L,48.0,44,99,0.444,14,34,0.412,9,12,0.75,9,32,41,25,7.0,6,4,8,15,13,111,-7.0,1,49,49,49,8,28,15,51,9,26,14,86,86,55,73,27,57,29,4,75,51,85,6,83,51,68,1.0
2022-23,1610612766,CHA,Charlotte Hornets,0022201071,2023-03-20T00:00:00,CHA vs. IND,W,48.0,41,90,0.456,10,31,0.323,23,32,0.719,10,27,37,26,11.0,12,6,6,22,26,115,6.0,1,1,1,1,6,40,40,45,46,53,45,11,3,54,56,80,77,28,14,6,27,49,61,7,26,16,1.0
2022-23,1610612741,CHI,Chicago Bulls,0022201072,2023-03-20T00:00:00,CHI @ PHI,W,58.0,39,94,0.415,7,33,0.212,24,29,0.828,4,38,42,20,11.0,12,7,8,18,25,109,4.0,1,1,1,1,1,67,10,85,67,17,86,12,10,39,85,18,43,72,19,6,11,86,32,7,60,41,1.0
2022-23,1610612742,DAL,Dallas Mavericks,0022201075,2023-03-20T00:00:00,DAL @ MEM,L,48.0,39,84,0.464,11,36,0.306,19,20,0.95,8,29,37,22,12.0,5,4,3,19,18,108,-4.0,1,41,41,41,10,46,38,46,74,67,74,41,66,2,29,55,50,51,35,54,31,24,25,73,58,55,1.0
2022-23,1610612744,GSW,Golden State Warriors,0022201074,2023-03-20T00:00:00,GSW @ HOU,W,48.0,44,88,0.5,17,48,0.354,16,19,0.842,16,32,48,31,20.0,12,6,2,14,14,121,13.0,1,1,1,1,6,39,59,33,42,24,66,46,59,33,10,60,30,32,90,4,9,12,2,94,39,22,1.0
2022-23,1610612745,HOU,Houston Rockets,0022201074,2023-03-20T00:00:00,HOU vs. GSW,L,48.0,39,93,0.419,10,36,0.278,20,24,0.833,13,28,41,14,18.0,14,2,6,14,14,108,-13.0,1,28,28,28,3,51,20,74,46,23,68,31,46,19,45,71,69,90,62,1,74,40,3,86,53,60,1.0
2022-23,1610612754,IND,Indiana Pacers,0022201071,2023-03-20T00:00:00,IND @ CHA,L,48.0,37,82,0.451,9,26,0.346,26,34,0.765,13,35,48,27,22.0,5,6,6,26,22,109,-6.0,1,40,40,40,4,73,74,58,73,84,55,8,5,52,19,24,13,39,89,69,28,49,80,27,61,52,1.0
2022-23,1610612763,MEM,Memphis Grizzlies,0022201075,2023-03-20T00:00:00,MEM vs. DAL,W,48.0,41,89,0.461,10,35,0.286,20,26,0.769,17,33,50,21,11.0,5,3,4,18,19,112,4.0,1,1,1,1,6,58,62,53,58,43,71,29,38,42,11,58,25,82,17,82,76,26,28,50,54,53,1.0
2022-23,1610612750,MIN,Minnesota Timberwolves,0022201073,2023-03-20T00:00:00,MIN @ NYK,W,48.0,51,83,0.614,14,24,0.583,24,32,0.75,7,27,34,34,15.0,9,4,3,24,22,140,6.0,1,1,1,1,8,6,60,3,20,89,2,10,10,55,67,81,85,7,41,35,60,22,70,28,4,31,1.0
2022-23,1610612752,NYK,New York Knicks,0022201073,2023-03-20T00:00:00,NYK vs. MIN,L,48.0,48,85,0.565,14,28,0.5,24,28,0.857,7,27,34,26,17.0,7,3,4,22,24,134,-6.0,1,60,60,60,11,11,65,5,31,92,4,18,30,17,88,94,97,21,83,38,61,33,64,16,7,71,1.0
2022-23,1610612755,PHI,Philadelphia 76ers,0022201072,2023-03-20T00:00:00,PHI vs. CHI,L,58.0,38,90,0.422,10,36,0.278,19,22,0.864,9,45,54,28,21.0,8,8,7,25,18,105,-4.0,1,70,70,70,1,70,18,86,74,24,87,53,58,35,44,3,6,19,98,46,8,83,88,61,69,75,1.0
2022-23,1610612758,SAC,Sacramento Kings,0022201076,2023-03-20T00:00:00,SAC @ UTA,L,48.0,41,97,0.423,19,52,0.365,19,25,0.76,8,35,43,28,6.0,5,3,8,20,23,120,-8.0,1,62,62,62,6,57,13,87,10,1,49,49,48,60,68,31,44,35,2,71,54,95,41,27,45,82,1.0
2022-23,1610612762,UTA,Utah Jazz,0022201076,2023-03-20T00:00:00,UTA vs. SAC,W,48.0,46,88,0.523,16,36,0.444,20,23,0.87,6,42,48,33,12.0,3,8,3,23,20,128,8.0,1,1,1,1,6,14,47,12,16,48,8,33,46,15,91,2,29,3,15,82,11,13,64,47,11,16,1.0
2022-23,1610612737,ATL,Atlanta Hawks,0022201078,2023-03-21T00:00:00,ATL vs. DET,W,48.0,44,95,0.463,14,38,0.368,27,36,0.75,21,40,61,26,11.0,5,6,2,20,26,129,22.0,1,1,1,1,7,45,31,59,15,9,42,4,2,81,2,5,2,31,26,65,21,5,57,3,15,4,1.0
2022-23,1610612738,BOS,Boston Celtics,0022201081,2023-03-21T00:00:00,BOS @ SAC,W,48.0,49,92,0.533,18,44,0.409,16,23,0.696,11,32,43,33,6.0,9,3,4,15,19,132,23.0,1,1,1,1,15,9,24,19,30,42,40,56,40,99,29,71,62,8,1,14,87,51,19,50,12,13,1.0
2022-23,1610612751,BKN,Brooklyn Nets,0022201079,2023-03-21T00:00:00,BKN vs. CLE,L,48.0,41,92,0.446,9,33,0.273,18,23,0.783,19,30,49,25,17.0,6,5,3,19,20,109,-6.0,1,51,51,51,3,42,9,66,73,46,84,43,39,54,2,65,6,42,72,53,53,23,31,36,53,64,1.0
2022-23,1610612739,CLE,Cleveland Cavaliers,0022201079,2023-03-21T00:00:00,CLE @ BKN,W,48.0,42,83,0.506,14,29,0.483,17,21,0.81,8,26,34,23,14.0,6,3,5,20,19,115,6.0,1,1,1,1,8,35,57,32,20,57,10,43,49,40,62,77,81,55,53,61,68,49,52,51,31,42,1.0
2022-23,1610612765,DET,Detroit Pistons,0022201078,2023-03-21T00:00:00,DET @ ATL,L,48.0,37,91,0.407,13,40,0.325,20,24,0.833,9,26,35,20,10.0,8,2,6,26,20,107,-22.0,1,21,21,21,5,53,23,76,31,11,53,36,47,17,55,77,74,65,5,28,70,50,71,49,52,79,1.0
2022-23,1610612740,NOP,New Orleans Pelicans,0022201080,2023-03-21T00:00:00,NOP vs. SAS,W,48.0,45,81,0.556,10,24,0.417,19,23,0.826,5,44,49,31,16.0,8,2,3,19,19,119,35.0,1,1,1,1,8,20,72,8,52,82,25,46,52,30,87,4,22,10,55,46,78,18,28,58,28,3,1.0
2022-23,1610612760,OKC,Oklahoma City Thunder,0022201082,2023-03-21T00:00:00,OKC @ LAC,W,48.0,39,93,0.419,10,37,0.27,13,14,0.929,12,35,47,19,12.0,2,4,2,21,21,101,1.0,1,1,1,1,7,70,36,77,67,29,83,83,90,6,35,28,27,80,37,98,46,5,48,36,81,49,1.0
2022-23,1610612753,ORL,Orlando Magic,0022201077,2023-03-21T00:00:00,ORL vs. WAS,W,48.0,43,80,0.538,12,27,0.444,24,25,0.96,7,35,42,27,16.0,7,5,4,21,23,122,10.0,1,1,1,1,5,19,71,8,27,72,10,18,38,2,72,30,51,14,47,50,33,29,50,20,15,16,1.0
2022-23,1610612758,SAC,Sacramento Kings,0022201081,2023-03-21T00:00:00,SAC vs. BOS,L,48.0,39,81,0.481,17,44,0.386,14,21,0.667,10,32,42,25,14.0,3,4,3,19,15,109,-23.0,1,62,62,62,6,69,87,52,18,13,38,81,65,84,44,52,51,52,47,90,30,20,31,92,72,100,1.0
2022-23,1610612759,SAS,San Antonio Spurs,0022201080,2023-03-21T00:00:00,SAS @ NOP,L,48.0,30,87,0.345,13,41,0.317,11,19,0.579,10,27,37,22,16.0,8,3,2,19,19,84,-35.0,1,25,25,25,7,90,61,91,18,6,61,74,51,85,57,74,82,74,48,25,53,6,36,37,91,84,1.0
2022-23,1610612764,WAS,Washington Wizards,0022201077,2023-03-21T00:00:00,WAS @ ORL,L,48.0,42,83,0.506,10,32,0.313,18,23,0.783,4,29,33,30,14.0,7,4,5,23,21,112,-10.0,1,40,40,40,4,35,58,28,49,40,55,42,34,49,86,76,86,12,38,37,54,39,72,26,46,69,1.0
2022-23,1610612737,ATL,Atlanta Hawks,0022201090,2023-03-22T00:00:00,ATL @ MIN,L,48.0,45,85,0.529,12,26,0.462,22,25,0.88,9,32,41,28,17.0,6,6,3,25,20,124,-1.0,1,49,49,49,7,32,77,22,29,78,12,18,25,21,65,57,66,15,80,50,21,14,92,38,26,49,1.0
2022-23,1610612741,CHI,Chicago Bulls,0022201087,2023-03-22T00:00:00,CHI vs. PHI,L,48.0,34,83,0.41,6,25,0.24,17,22,0.773,15,27,42,18,19.0,7,4,4,16,22,91,-25.0,1,49,49,49,8,86,63,86,80,65,81,47,42,61,2,79,43,84,79,49,41,32,17,20,86,91,1.0
2022-23,1610612742,DAL,Dallas Mavericks,0022201086,2023-03-22T00:00:00,DAL vs. GSW,L,48.0,44,89,0.494,17,40,0.425,20,28,0.714,8,23,31,27,10.0,7,2,5,17,20,125,-2.0,1,41,41,41,10,17,19,33,25,45,16,37,24,57,29,87,79,13,18,29,70,60,11,58,18,47,1.0
2022-23,1610612743,DEN,Denver Nuggets,0022201083,2023-03-22T00:00:00,DEN @ WAS,W,48.0,42,83,0.506,15,32,0.469,19,21,0.905,11,30,41,28,10.0,7,2,4,18,15,118,14.0,1,1,1,1,5,58,75,46,15,48,16,28,56,6,37,75,64,50,10,54,88,44,42,98,47,21,1.0
2022-23,1610612744,GSW,Golden State Warriors,0022201086,2023-03-22T00:00:00,GSW @ DAL,W,48.0,50,90,0.556,12,39,0.308,15,18,0.833,11,33,44,33,13.0,7,5,2,20,17,127,2.0,1,1,1,1,6,7,50,6,81,69,86,55,67,34,39,53,52,19,16,51,30,12,28,67,17,50,1.0
2022-23,1610612745,HOU,Houston Rockets,0022201088,2023-03-22T00:00:00,HOU @ MEM,L,48.0,48,93,0.516,12,33,0.364,17,23,0.739,20,28,48,27,16.0,6,3,4,25,21,125,-5.0,1,28,28,28,3,7,20,10,23,42,25,51,54,48,3,71,33,12,43,55,58,11,76,34,9,32,1.0
2022-23,1610612754,IND,Indiana Pacers,0022201085,2023-03-22T00:00:00,IND @ TOR,W,48.0,43,77,0.558,11,21,0.524,21,25,0.84,8,31,39,27,18.0,4,5,7,29,22,118,4.0,1,1,1,1,4,29,87,3,58,91,3,29,36,22,58,50,60,39,68,81,41,63,87,27,37,29,1.0
2022-23,1610612747,LAL,Los Angeles Lakers,0022201092,2023-03-22T00:00:00,LAL vs. PHX,W,48.0,39,70,0.557,8,17,0.471,36,46,0.783,5,31,36,27,15.0,7,2,6,20,31,122,11.0,1,1,1,1,10,78,110,6,82,113,7,1,1,53,105,80,106,30,60,40,97,75,75,2,30,19,1.0
2022-23,1610612763,MEM,Memphis Grizzlies,0022201088,2023-03-22T00:00:00,MEM vs. HOU,W,48.0,45,87,0.517,12,36,0.333,28,33,0.848,12,24,36,27,11.0,8,4,3,21,25,130,5.0,1,1,1,1,6,34,71,16,35,34,52,5,14,9,46,95,91,32,17,47,65,11,58,16,13,48,1.0
2022-23,1610612748,MIA,Miami Heat,0022201084,2023-03-22T00:00:00,MIA vs. NYK,W,48.0,45,79,0.57,16,28,0.571,21,26,0.808,2,27,29,28,10.0,9,1,5,18,25,127,7.0,1,1,1,1,7,13,93,3,11,101,2,36,33,67,119,85,118,15,17,32,107,78,46,10,9,29,1.0
2022-23,1610612749,MIL,Milwaukee Bucks,0022201089,2023-03-22T00:00:00,MIL vs. SAS,W,48.0,51,98,0.52,15,43,0.349,13,24,0.542,10,44,54,24,15.0,10,4,6,14,21,130,36.0,1,1,1,1,7,7,13,26,37,30,61,72,37,95,48,9,17,52,49,8,50,80,11,30,14,1,1.0
2022-23,1610612750,MIN,Minnesota Timberwolves,0022201090,2023-03-22T00:00:00,MIN vs. ATL,W,48.0,45,92,0.489,11,26,0.423,24,29,0.828,11,31,42,27,11.0,7,3,6,20,25,125,1.0,1,1,1,1,8,26,21,43,50,83,20,10,20,26,21,61,47,35,9,54,77,72,30,10,18,50,1.0
2022-23,1610612752,NYK,New York Knicks,0022201084,2023-03-22T00:00:00,NYK @ MIA,L,48.0,42,82,0.512,16,40,0.4,20,25,0.8,9,33,42,29,17.0,7,5,1,25,18,120,-7.0,1,60,60,60,11,41,78,20,16,22,25,38,50,32,78,50,78,9,83,38,25,5,87,72,31,75,1.0
2022-23,1610612755,PHI,Philadelphia 76ers,0022201087,2023-03-22T00:00:00,PHI @ CHI,W,48.0,39,82,0.476,16,37,0.432,22,26,0.846,11,33,44,30,18.0,9,4,4,22,16,116,25.0,1,1,1,1,8,55,57,54,16,18,30,40,43,44,29,39,27,12,83,36,56,33,61,77,41,6,1.0
2022-23,1610612756,PHX,Phoenix Suns,0022201092,2023-03-22T00:00:00,PHX @ LAL,L,48.0,42,90,0.467,12,31,0.387,15,20,0.75,12,27,39,23,17.0,7,6,2,31,20,111,-11.0,1,56,56,56,5,46,43,53,43,54,38,68,62,68,42,84,74,71,83,43,35,10,101,55,58,81,1.0
2022-23,1610612757,POR,Portland Trail Blazers,0022201091,2023-03-22T00:00:00,POR @ UTA,W,48.0,45,93,0.484,13,41,0.317,24,30,0.8,7,36,43,28,9.0,9,5,5,24,21,127,12.0,1,1,1,1,3,13,7,34,35,11,63,22,21,40,71,16,33,17,5,17,32,48,72,38,14,13,1.0
2022-23,1610612759,SAS,San Antonio Spurs,0022201089,2023-03-22T00:00:00,SAS @ MIL,L,48.0,36,93,0.387,9,39,0.231,13,20,0.65,8,38,46,26,19.0,7,6,4,21,14,94,-36.0,1,25,25,25,7,75,39,80,63,11,85,57,45,74,75,9,31,44,72,41,14,29,54,78,81,85,1.0
2022-23,1610612761,TOR,Toronto Raptors,0022201085,2023-03-22T00:00:00,TOR vs. IND,L,48.0,39,89,0.438,7,34,0.206,29,39,0.744,13,27,40,21,10.0,11,7,5,22,29,114,-4.0,1,49,49,49,8,59,48,60,78,26,89,5,4,62,37,68,66,57,29,24,16,58,60,2,37,59,1.0
2022-23,1610612762,UTA,Utah Jazz,0022201091,2023-03-22T00:00:00,UTA vs. POR,L,48.0,39,82,0.476,11,35,0.314,26,36,0.722,7,40,47,24,17.0,4,5,5,21,24,115,-12.0,1,42,42,42,6,62,80,40,58,54,56,7,8,66,82,10,35,49,58,70,43,43,49,22,51,81,1.0
2022-23,1610612764,WAS,Washington Wizards,0022201083,2023-03-22T00:00:00,WAS vs. DEN,L,48.0,44,87,0.506,4,26,0.154,12,16,0.75,10,27,37,20,7.0,4,4,2,15,18,104,-14.0,1,40,40,40,4,23,33,30,91,73,91,74,79,61,36,81,74,77,2,80,54,7,9,56,70,79,1.0
2022-23,1610612751,BKN,Brooklyn Nets,0022201094,2023-03-23T00:00:00,BKN vs. CLE,L,48.0,39,81,0.481,12,34,0.353,24,27,0.889,9,33,42,24,16.0,7,7,7,21,21,114,-2.0,1,51,51,51,3,54,61,48,45,40,54,11,23,16,30,33,31,51,63,42,24,86,49,26,39,51,1.0
2022-23,1610612766,CHA,Charlotte Hornets,0022201095,2023-03-23T00:00:00,CHA @ NOP,L,48.0,38,83,0.458,9,37,0.243,11,16,0.688,4,34,38,24,17.0,8,4,0,17,14,96,-19.0,1,30,30,30,6,61,76,42,57,19,77,81,79,67,89,41,74,50,65,32,54,1,14,87,76,78,1.0
2022-23,1610612739,CLE,Cleveland Cavaliers,0022201094,2023-03-23T00:00:00,CLE @ BKN,W,48.0,42,89,0.472,12,32,0.375,20,26,0.769,13,27,40,24,10.0,7,7,7,21,21,116,2.0,1,1,1,1,8,35,21,54,36,42,40,23,19,60,10,73,51,45,15,43,7,82,63,34,28,52,1.0
2022-23,1610612740,NOP,New Orleans Pelicans,0022201095,2023-03-23T00:00:00,NOP vs. CHA,W,48.0,45,98,0.459,11,34,0.324,14,15,0.933,11,41,52,26,11.0,11,0,4,14,17,115,19.0,1,1,1,1,8,20,9,62,42,20,59,77,86,3,39,7,10,40,15,14,90,31,2,73,40,12,1.0
2022-23,1610612752,NYK,New York Knicks,0022201093,2023-03-23T00:00:00,NYK @ ORL,L,48.0,37,88,0.42,12,40,0.3,20,26,0.769,13,31,44,26,13.0,8,8,7,15,19,106,-5.0,1,60,60,60,11,71,49,81,44,22,67,38,41,46,40,75,66,21,46,25,5,83,11,64,67,67,1.0
2022-23,1610612760,OKC,Oklahoma City Thunder,0022201096,2023-03-23T00:00:00,OKC @ LAC,L,48.0,41,93,0.441,13,39,0.333,10,11,0.909,13,27,40,24,14.0,6,3,5,20,9,105,-22.0,1,52,52,52,7,54,36,64,31,20,54,90,95,9,21,87,66,44,55,75,61,41,40,98,75,94,1.0
2022-23,1610612753,ORL,Orlando Magic,0022201093,2023-03-23T00:00:00,ORL vs. NYK,W,48.0,40,87,0.46,13,32,0.406,18,21,0.857,8,35,43,25,16.0,8,7,8,19,15,111,5.0,1,1,1,1,5,47,33,52,19,41,22,54,63,18,63,30,45,23,47,35,10,80,31,87,43,28,1.0
2022-23,1610612738,BOS,Boston Celtics,0022201097,2023-03-24T00:00:00,BOS vs. IND,W,48.0,44,93,0.473,18,42,0.429,14,19,0.737,9,40,49,28,15.0,11,6,4,15,16,120,25.0,1,1,1,1,15,31,20,55,30,52,33,76,70,84,52,17,26,33,66,5,36,51,19,82,46,9,1.0
2022-23,1610612766,CHA,Charlotte Hornets,0022201101,2023-03-24T00:00:00,CHA @ DAL,W,48.0,43,89,0.483,11,28,0.393,20,27,0.741,6,37,43,32,8.0,7,4,4,17,19,117,8.0,1,1,1,1,6,23,45,30,35,73,20,25,28,46,80,18,53,5,7,50,54,19,14,53,20,10,1.0
2022-23,1610612741,CHI,Chicago Bulls,0022201104,2023-03-24T00:00:00,CHI @ POR,W,48.0,48,84,0.571,17,28,0.607,11,14,0.786,11,36,47,33,17.0,6,8,5,19,14,124,28.0,1,1,1,1,8,10,58,8,4,44,1,82,85,57,18,29,20,3,70,62,7,46,43,86,18,4,1.0
2022-23,1610612742,DAL,Dallas Mavericks,0022201101,2023-03-24T00:00:00,DAL vs. CHA,L,48.0,41,84,0.488,9,36,0.25,18,24,0.75,7,38,45,25,11.0,3,4,4,19,17,109,-8.0,1,41,41,41,10,34,38,40,85,67,85,44,51,48,44,6,12,25,25,82,31,38,25,78,55,68,1.0
2022-23,1610612765,DET,Detroit Pistons,0022201099,2023-03-24T00:00:00,DET @ TOR,L,48.0,34,73,0.466,6,25,0.24,23,30,0.767,8,31,39,23,22.0,8,4,9,18,24,97,-21.0,1,21,21,21,5,76,85,34,85,82,82,27,25,54,70,41,60,39,83,28,32,84,10,18,77,76,1.0
2022-23,1610612744,GSW,Golden State Warriors,0022201103,2023-03-24T00:00:00,GSW vs. PHI,W,48.0,42,88,0.477,18,50,0.36,18,24,0.75,10,39,49,27,11.0,3,0,1,21,20,120,8.0,1,1,1,1,6,50,59,49,27,12,60,33,29,66,51,19,23,65,5,97,107,2,39,41,42,36,1.0
2022-23,1610612745,HOU,Houston Rockets,0022201100,2023-03-24T00:00:00,HOU @ MEM,L,48.0,47,87,0.54,7,23,0.304,13,21,0.619,10,28,38,25,16.0,7,3,7,14,19,114,-37.0,1,28,28,28,3,9,52,6,71,82,56,73,65,83,70,71,82,20,43,46,58,56,3,56,28,90,1.0
2022-23,1610612754,IND,Indiana Pacers,0022201097,2023-03-24T00:00:00,IND @ BOS,L,48.0,39,84,0.464,4,26,0.154,13,22,0.591,6,38,44,24,17.0,9,4,6,16,15,95,-25.0,1,40,40,40,4,61,66,49,91,84,91,75,54,90,73,9,31,61,57,26,64,49,3,82,87,91,1.0
2022-23,1610612747,LAL,Los Angeles Lakers,0022201106,2023-03-24T00:00:00,LAL vs. OKC,W,48.0,42,91,0.462,12,34,0.353,20,28,0.714,16,37,53,20,11.0,9,4,5,14,19,116,5.0,1,1,1,1,10,46,38,65,27,32,48,56,44,86,3,41,16,92,23,16,62,54,13,77,49,45,1.0
2022-23,1610612763,MEM,Memphis Grizzlies,0022201100,2023-03-24T00:00:00,MEM vs. HOU,W,48.0,57,93,0.613,25,42,0.595,12,14,0.857,5,30,35,36,11.0,12,7,3,19,14,151,37.0,1,1,1,1,6,1,34,1,1,8,2,85,89,7,96,79,93,3,17,14,22,11,34,94,1,2,1.0
2022-23,1610612749,MIL,Milwaukee Bucks,0022201102,2023-03-24T00:00:00,MIL @ UTA,W,48.0,55,99,0.556,22,50,0.44,12,16,0.75,9,41,50,42,13.0,6,11,5,20,15,144,28.0,1,1,1,1,7,2,10,8,6,6,17,77,77,54,57,19,34,1,29,47,3,65,60,81,3,3,1.0
2022-23,1610612760,OKC,Oklahoma City Thunder,0022201106,2023-03-24T00:00:00,OKC @ LAL,L,48.0,40,92,0.435,14,36,0.389,17,19,0.895,12,33,45,21,10.0,6,5,4,19,14,111,-5.0,1,52,52,52,7,63,45,70,26,38,33,58,78,15,35,42,36,67,14,75,30,25,31,93,62,66,1.0
2022-23,1610612755,PHI,Philadelphia 76ers,0022201103,2023-03-24T00:00:00,PHI @ GSW,L,48.0,38,78,0.487,8,29,0.276,28,34,0.824,4,34,38,23,10.0,8,1,0,20,21,112,-8.0,1,70,70,70,8,70,79,46,87,75,90,9,9,58,96,30,71,57,16,46,98,1,44,34,54,83,1.0
2022-23,1610612756,PHX,Phoenix Suns,0022201105,2023-03-24T00:00:00,PHX @ SAC,L,48.0,48,89,0.539,9,29,0.31,22,29,0.759,12,31,43,33,12.0,2,7,3,25,23,127,-8.0,1,56,56,56,5,12,48,8,72,66,71,19,17,66,42,59,53,7,33,100,21,24,79,23,16,73,1.0
2022-23,1610612757,POR,Portland Trail Blazers,0022201104,2023-03-24T00:00:00,POR vs. CHI,L,48.0,37,86,0.43,6,31,0.194,16,18,0.889,8,23,31,23,14.0,10,5,8,14,19,96,-28.0,1,39,39,39,3,61,36,72,87,66,89,61,77,16,59,88,86,47,38,11,32,84,2,52,80,87,1.0
2022-23,1610612758,SAC,Sacramento Kings,0022201105,2023-03-24T00:00:00,SAC vs. PHX,W,48.0,47,89,0.528,13,39,0.333,28,32,0.875,5,28,33,29,4.0,6,3,7,23,25,135,8.0,1,1,1,1,6,18,39,24,48,39,62,6,10,17,89,81,95,28,1,63,54,84,76,11,9,33,1.0
2022-23,1610612759,SAS,San Antonio Spurs,0022201098,2023-03-24T00:00:00,SAS @ WAS,L,48.0,51,101,0.505,13,38,0.342,9,15,0.6,11,30,41,35,5.0,4,4,8,21,16,124,-12.0,1,25,25,25,7,4,12,26,18,13,45,86,77,84,51,53,57,4,1,80,34,76,54,63,19,54,1.0
2022-23,1610612761,TOR,Toronto Raptors,0022201099,2023-03-24T00:00:00,TOR vs. DET,W,48.0,41,92,0.446,13,37,0.351,23,29,0.793,15,31,46,25,11.0,12,9,4,24,18,118,21.0,1,1,1,1,8,45,33,49,18,15,42,17,21,41,24,34,28,29,34,13,5,33,76,56,26,4,1.0
2022-23,1610612762,UTA,Utah Jazz,0022201102,2023-03-24T00:00:00,UTA vs. MIL,L,48.0,40,104,0.385,11,40,0.275,25,34,0.735,20,31,51,28,11.0,6,5,11,15,20,116,-28.0,1,42,42,42,6,57,3,86,58,28,78,10,10,63,4,63,17,29,8,44,43,92,6,47,47,93,1.0
2022-23,1610612764,WAS,Washington Wizards,0022201098,2023-03-24T00:00:00,WAS vs. SAS,W,48.0,51,85,0.6,15,30,0.5,19,26,0.731,6,37,43,29,10.0,3,8,4,16,21,136,12.0,1,1,1,1,4,3,44,2,14,50,5,30,21,67,68,21,43,16,12,88,14,27,17,26,3,16,1.0
2022-23,1610612737,ATL,Atlanta Hawks,0022201107,2023-03-25T00:00:00,ATL vs. IND,W,48.0,53,96,0.552,15,30,0.5,22,25,0.88,15,27,42,33,13.0,10,8,7,14,18,143,13.0,1,1,1,1,7,3,27,14,7,45,5,18,25,21,18,84,57,1,54,15,6,74,8,61,1,15,1.0
2022-23,1610612751,BKN,Brooklyn Nets,0022201108,2023-03-25T00:00:00,BKN @ MIA,W,48.0,44,89,0.494,18,40,0.45,23,25,0.92,17,28,45,30,8.0,6,6,4,18,19,129,29.0,1,1,1,1,3,20,20,39,3,14,16,19,31,9,3,78,18,15,3,53,37,46,18,40,5,4,1.0
2022-23,1610612743,DEN,Denver Nuggets,0022201109,2023-03-25T00:00:00,DEN vs. MIL,W,48.0,47,89,0.528,15,36,0.417,20,28,0.714,7,41,48,28,12.0,4,3,2,18,19,129,23.0,1,1,1,1,5,20,29,34,15,19,30,22,17,78,84,6,23,50,30,97,77,4,42,57,9,7,1.0
2022-23,1610612754,IND,Indiana Pacers,0022201107,2023-03-25T00:00:00,IND @ ATL,L,48.0,52,96,0.542,14,37,0.378,12,12,1.0,10,22,32,33,17.0,7,7,8,18,14,130,-13.0,1,40,40,40,4,4,15,7,33,43,37,81,87,1,43,86,82,6,57,47,24,74,11,86,12,68,1.0
2022-23,1610612748,MIA,Miami Heat,0022201108,2023-03-25T00:00:00,MIA vs. BKN,L,48.0,38,80,0.475,12,30,0.4,12,14,0.857,8,24,32,22,14.0,5,4,6,19,18,100,-29.0,1,66,66,66,7,62,86,42,54,87,25,100,109,44,79,107,110,68,67,98,25,92,57,77,88,118,1.0
2022-23,1610612749,MIL,Milwaukee Bucks,0022201109,2023-03-25T00:00:00,MIL @ DEN,L,48.0,39,88,0.443,9,36,0.25,19,21,0.905,4,36,40,26,10.0,7,2,3,19,18,106,-23.0,1,63,63,63,7,58,50,64,91,67,91,27,50,5,94,47,81,42,8,34,79,28,56,57,68,91,1.0
2022-23,1610612740,NOP,New Orleans Pelicans,0022201112,2023-03-25T00:00:00,NOP @ LAC,W,48.0,51,96,0.531,21,34,0.618,8,9,0.889,12,33,45,36,16.0,11,3,6,21,14,131,21.0,1,1,1,1,8,2,12,13,1,20,1,92,92,10,30,48,40,1,55,14,63,63,45,88,4,8,1.0
2022-23,1610612755,PHI,Philadelphia 76ers,0022201110,2023-03-25T00:00:00,PHI @ PHX,L,48.0,34,78,0.436,13,31,0.419,24,27,0.889,8,28,36,21,13.0,3,7,9,16,22,105,-20.0,1,70,70,70,8,86,79,81,41,58,39,26,33,24,57,79,86,70,46,99,15,98,15,24,69,100,1.0
2022-23,1610612756,PHX,Phoenix Suns,0022201110,2023-03-25T00:00:00,PHX vs. PHI,W,48.0,47,93,0.505,15,32,0.469,16,19,0.842,13,32,45,35,8.0,4,9,7,22,16,125,20.0,1,1,1,1,5,18,30,22,16,46,14,60,68,31,30,50,42,3,4,84,5,91,47,81,17,10,1.0
2022-23,1610612758,SAC,Sacramento Kings,0022201111,2023-03-25T00:00:00,SAC vs. UTA,W,48.0,44,95,0.463,16,43,0.372,17,21,0.81,14,28,42,30,9.0,11,1,7,13,14,121,8.0,1,1,1,1,6,45,17,69,26,17,45,57,65,46,7,81,51,22,11,7,89,84,5,99,43,33,1.0
2022-23,1610612762,UTA,Utah Jazz,0022201111,2023-03-25T00:00:00,UTA @ SAC,L,48.0,47,91,0.516,9,28,0.321,10,16,0.625,11,34,45,30,17.0,3,7,1,14,13,113,-8.0,1,42,42,42,6,9,29,17,78,90,53,84,81,85,46,44,50,14,58,82,19,1,4,91,56,68,1.0
2022-23,1610612737,ATL,Atlanta Hawks,0022201115,2023-03-26T00:00:00,ATL vs. MEM,L,48.0,45,98,0.459,7,31,0.226,22,26,0.846,14,34,48,27,10.0,4,5,7,15,22,119,-4.0,1,49,49,49,7,32,18,63,82,40,90,18,23,33,20,40,21,26,19,84,34,74,13,20,42,56,1.0
2022-23,1610612738,BOS,Boston Celtics,0022201116,2023-03-26T00:00:00,BOS vs. SAS,W,48.0,52,91,0.571,18,44,0.409,15,21,0.714,9,52,61,29,15.0,4,11,0,18,16,137,44.0,1,1,1,1,15,3,30,5,30,42,40,65,51,92,52,1,3,23,66,81,4,1,43,82,6,1,1.0
2022-23,1610612751,BKN,Brooklyn Nets,0022201118,2023-03-26T00:00:00,BKN @ ORL,L,48.0,37,91,0.407,8,35,0.229,24,28,0.857,15,29,44,17,15.0,7,8,3,20,21,106,-13.0,1,51,51,51,3,67,12,84,87,31,92,11,19,26,4,71,25,91,52,42,15,23,38,26,63,81,1.0
2022-23,1610612766,CHA,Charlotte Hornets,0022201113,2023-03-26T00:00:00,CHA vs. DAL,W,48.0,39,88,0.443,12,29,0.414,20,24,0.833,14,44,58,27,14.0,6,2,7,18,24,110,6.0,1,1,1,1,6,52,48,54,26,67,14,25,42,20,19,3,2,20,35,61,80,58,26,12,45,16,1.0
2022-23,1610612741,CHI,Chicago Bulls,0022201114,2023-03-26T00:00:00,CHI @ LAL,W,48.0,47,87,0.54,14,31,0.452,10,13,0.769,8,34,42,32,9.0,8,2,4,23,18,118,10.0,1,1,1,1,8,16,42,18,14,26,18,87,87,64,41,39,43,6,11,37,76,32,75,48,33,28,1.0
2022-23,1610612739,CLE,Cleveland Cavaliers,0022201117,2023-03-26T00:00:00,CLE vs. HOU,W,48.0,39,83,0.47,9,30,0.3,21,24,0.875,13,28,41,20,11.0,5,7,1,16,22,108,17.0,1,1,1,1,8,63,57,58,65,51,69,18,33,12,10,63,41,73,25,72,7,2,18,24,60,16,1.0
2022-23,1610612742,DAL,Dallas Mavericks,0022201113,2023-03-26T00:00:00,DAL @ CHA,L,48.0,32,84,0.381,19,49,0.388,21,22,0.955,3,34,37,18,8.0,8,7,2,24,18,104,-6.0,1,41,41,41,10,80,38,86,11,7,37,29,59,1,82,22,50,73,8,18,6,15,65,73,68,61,1.0
2022-23,1610612744,GSW,Golden State Warriors,0022201121,2023-03-26T00:00:00,GSW vs. MIN,L,48.0,34,82,0.415,15,40,0.375,13,17,0.765,6,31,37,25,16.0,9,2,2,19,20,96,-3.0,1,55,55,55,6,97,88,88,54,63,49,75,73,61,94,69,89,78,47,22,85,12,19,41,97,58,1.0
2022-23,1610612745,HOU,Houston Rockets,0022201117,2023-03-26T00:00:00,HOU @ CLE,L,48.0,35,80,0.438,6,25,0.24,15,18,0.833,12,24,36,20,19.0,6,1,7,22,16,91,-17.0,1,28,28,28,3,77,80,57,81,75,81,67,74,19,55,89,86,59,67,55,85,56,53,79,85,70,1.0
2022-23,1610612747,LAL,Los Angeles Lakers,0022201114,2023-03-26T00:00:00,LAL vs. CHI,L,48.0,38,75,0.507,13,36,0.361,19,28,0.679,8,30,38,24,18.0,5,4,2,18,23,108,-10.0,1,59,59,59,10,83,108,30,18,22,44,65,44,100,76,88,91,59,95,70,62,5,49,36,79,85,1.0
2022-23,1610612763,MEM,Memphis Grizzlies,0022201115,2023-03-26T00:00:00,MEM @ ATL,W,48.0,48,89,0.539,13,33,0.394,14,19,0.737,6,33,39,28,11.0,8,7,5,22,15,123,4.0,1,1,1,1,6,19,62,11,29,51,27,70,68,57,91,58,85,23,17,47,22,40,69,90,26,53,1.0
2022-23,1610612750,MIN,Minnesota Timberwolves,0022201121,2023-03-26T00:00:00,MIN @ GSW,W,48.0,34,80,0.425,17,40,0.425,14,25,0.56,9,40,49,25,17.0,10,2,2,20,19,99,3.0,1,1,1,1,8,91,77,86,8,16,18,72,38,94,40,9,14,45,63,24,86,12,30,60,89,43,1.0
2022-23,1610612760,OKC,Oklahoma City Thunder,0022201120,2023-03-26T00:00:00,OKC @ POR,W,48.0,41,94,0.436,12,35,0.343,24,28,0.857,13,29,42,23,11.0,13,2,7,19,22,118,6.0,1,1,1,1,7,54,29,68,39,43,52,20,23,28,21,67,51,52,23,3,79,67,31,30,38,36,1.0
2022-23,1610612753,ORL,Orlando Magic,0022201118,2023-03-26T00:00:00,ORL vs. BKN,W,48.0,45,85,0.529,7,22,0.318,22,28,0.786,9,38,47,30,11.0,7,3,8,21,20,119,13.0,1,1,1,1,5,9,46,10,81,90,56,27,26,44,51,14,23,3,9,50,59,80,50,49,17,8,1.0
2022-23,1610612757,POR,Portland Trail Blazers,0022201120,2023-03-26T00:00:00,POR vs. OKC,L,48.0,39,82,0.476,14,32,0.438,20,27,0.741,8,29,37,18,18.0,5,7,2,22,19,112,-6.0,1,39,39,39,3,47,58,40,26,61,16,41,31,65,59,58,64,76,65,58,10,7,58,52,39,51,1.0
2022-23,1610612759,SAS,San Antonio Spurs,0022201116,2023-03-26T00:00:00,SAS @ BOS,L,48.0,36,97,0.371,8,36,0.222,13,18,0.722,3,35,38,22,10.0,7,0,11,16,18,93,-44.0,1,25,25,25,7,75,23,87,70,26,86,57,57,52,92,26,72,74,3,41,88,89,9,47,84,92,1.0
2022-23,1610612761,TOR,Toronto Raptors,0022201119,2023-03-26T00:00:00,TOR vs. WAS,W,48.0,45,98,0.459,11,31,0.355,13,16,0.813,18,35,53,22,13.0,13,6,2,19,12,114,10.0,1,1,1,1,8,25,16,36,33,49,39,73,77,29,9,15,6,50,52,9,31,6,32,85,37,23,1.0
2022-23,1610612764,WAS,Washington Wizards,0022201119,2023-03-26T00:00:00,WAS @ TOR,L,48.0,38,86,0.442,16,36,0.444,12,20,0.6,12,33,45,25,18.0,6,2,6,12,19,104,-10.0,1,40,40,40,4,67,37,67,8,19,16,74,54,86,19,51,36,42,75,50,78,58,2,43,70,69,1.0
2022-23,1610612741,CHI,Chicago Bulls,0022201129,2023-03-27T00:00:00,CHI @ LAC,L,48.0,44,82,0.537,9,23,0.391,15,21,0.714,8,26,34,26,15.0,9,3,4,11,17,112,-12.0,1,49,49,49,8,31,69,19,51,77,36,68,53,77,41,84,82,35,54,24,59,32,1,60,50,77,1.0
2022-23,1610612742,DAL,Dallas Mavericks,0022201123,2023-03-27T00:00:00,DAL @ IND,W,48.0,47,83,0.566,18,37,0.486,15,17,0.882,4,29,33,29,13.0,7,8,3,23,19,127,23.0,1,1,1,1,10,4,47,5,15,65,6,62,79,8,77,55,74,6,44,29,3,24,58,66,11,5,1.0
2022-23,1610612743,DEN,Denver Nuggets,0022201126,2023-03-27T00:00:00,DEN vs. PHI,W,48.0,43,85,0.506,11,32,0.344,19,22,0.864,10,32,42,34,12.0,8,4,3,16,20,116,5.0,1,1,1,1,5,49,56,47,59,48,67,28,49,16,53,60,58,8,30,38,55,22,22,47,52,52,1.0
2022-23,1610612765,DET,Detroit Pistons,0022201122,2023-03-27T00:00:00,DET vs. MIL,L,48.0,41,92,0.446,7,24,0.292,28,36,0.778,14,33,47,22,10.0,5,0,4,20,23,117,-9.0,1,21,21,21,5,30,17,52,77,84,64,13,10,48,18,28,22,54,5,67,89,20,23,27,19,46,1.0
2022-23,1610612745,HOU,Houston Rockets,0022201124,2023-03-27T00:00:00,HOU @ NYK,L,48.0,42,87,0.483,7,26,0.269,24,29,0.828,13,27,40,24,14.0,6,4,8,18,20,115,-22.0,1,28,28,28,3,30,52,23,71,71,74,15,24,22,45,78,73,27,23,55,41,68,19,45,26,84,1.0
2022-23,1610612754,IND,Indiana Pacers,0022201123,2023-03-27T00:00:00,IND vs. DAL,L,48.0,39,93,0.419,8,28,0.286,18,23,0.783,14,29,43,20,14.0,6,3,8,19,23,104,-23.0,1,40,40,40,4,61,27,76,81,80,72,47,46,47,13,59,38,86,33,61,78,74,25,21,73,88,1.0
2022-23,1610612749,MIL,Milwaukee Bucks,0022201122,2023-03-27T00:00:00,MIL @ DET,W,48.0,45,95,0.474,14,45,0.311,22,26,0.846,15,35,50,28,9.0,5,4,0,23,20,126,9.0,1,1,1,1,7,28,24,43,44,23,76,15,30,14,13,54,34,24,5,56,50,1,82,38,22,34,1.0
2022-23,1610612750,MIN,Minnesota Timberwolves,0022201128,2023-03-27T00:00:00,MIN @ SAC,W,48.0,44,86,0.512,9,24,0.375,22,34,0.647,11,29,40,33,6.0,6,3,4,27,23,119,4.0,1,1,1,1,8,31,48,29,74,89,36,18,5,86,21,70,56,8,1,69,77,37,89,21,28,40,1.0
2022-23,1610612740,NOP,New Orleans Pelicans,0022201127,2023-03-27T00:00:00,NOP @ POR,W,48.0,49,86,0.57,12,28,0.429,14,17,0.824,8,45,53,31,17.0,5,6,2,16,16,124,34.0,1,1,1,1,8,5,46,5,28,55,19,77,82,33,66,2,7,10,67,77,14,9,10,82,18,4,1.0
2022-23,1610612752,NYK,New York Knicks,0022201124,2023-03-27T00:00:00,NYK vs. HOU,W,48.0,50,86,0.581,17,39,0.436,20,28,0.714,7,32,39,35,11.0,11,8,4,20,18,137,22.0,1,1,1,1,11,7,61,3,8,31,12,38,30,68,88,61,85,1,25,11,5,33,46,72,4,8,1.0
2022-23,1610612755,PHI,Philadelphia 76ers,0022201126,2023-03-27T00:00:00,PHI @ DEN,L,48.0,43,89,0.483,8,30,0.267,17,22,0.773,11,29,40,18,11.0,10,3,4,20,16,111,-5.0,1,70,70,70,8,25,20,49,87,67,91,67,58,88,29,72,58,88,24,21,72,33,44,77,58,77,1.0
2022-23,1610612756,PHX,Phoenix Suns,0022201125,2023-03-27T00:00:00,PHX @ UTA,W,48.0,43,101,0.426,11,36,0.306,20,22,0.909,18,31,49,31,7.0,7,7,7,20,19,117,14.0,1,1,1,1,5,33,7,81,51,26,74,34,49,12,7,59,20,13,2,43,21,91,33,63,37,20,1.0
2022-23,1610612757,POR,Portland Trail Blazers,0022201127,2023-03-27T00:00:00,POR vs. NOP,L,48.0,35,90,0.389,7,33,0.212,13,15,0.867,6,23,29,15,12.0,6,2,6,16,16,90,-34.0,1,39,39,39,3,75,17,85,83,52,87,83,86,20,74,88,89,89,21,45,80,69,13,81,85,90,1.0
2022-23,1610612758,SAC,Sacramento Kings,0022201128,2023-03-27T00:00:00,SAC vs. MIN,L,48.0,39,84,0.464,5,27,0.185,32,40,0.8,12,30,42,16,10.0,4,4,3,23,27,115,-4.0,1,62,62,62,6,69,72,68,100,93,100,1,1,48,26,69,51,99,20,84,30,20,76,1,61,71,1.0
2022-23,1610612762,UTA,Utah Jazz,0022201125,2023-03-27T00:00:00,UTA vs. PHX,L,48.0,38,86,0.442,9,36,0.25,18,27,0.667,10,37,47,25,13.0,2,7,7,19,20,103,-14.0,1,42,42,42,6,70,59,62,78,48,84,44,28,76,59,25,35,45,24,91,19,72,33,47,76,83,1.0
2022-23,1610612737,ATL,Atlanta Hawks,0022201131,2023-03-28T00:00:00,ATL vs. CLE,W,48.0,41,89,0.461,12,27,0.444,26,33,0.788,14,37,51,25,15.0,5,3,6,16,24,120,2.0,1,1,1,1,7,69,60,62,29,71,15,6,5,65,20,14,11,44,67,65,75,58,21,11,39,39,1.0
2022-23,1610612738,BOS,Boston Celtics,0022201130,2023-03-28T00:00:00,BOS @ WAS,L,48.0,45,93,0.484,11,44,0.25,10,11,0.909,7,31,38,29,12.0,5,8,3,14,13,111,-19.0,1,74,74,74,15,27,20,44,90,42,106,96,102,15,78,77,87,23,33,61,13,27,11,100,74,107,1.0
2022-23,1610612766,CHA,Charlotte Hornets,0022201134,2023-03-28T00:00:00,CHA @ OKC,W,48.0,52,94,0.553,14,35,0.4,19,30,0.633,15,37,52,34,18.0,6,7,3,24,21,137,3.0,1,1,1,1,6,3,24,3,10,25,16,35,10,80,12,18,8,2,70,61,15,10,73,35,3,26,1.0
2022-23,1610612739,CLE,Cleveland Cavaliers,0022201131,2023-03-28T00:00:00,CLE @ ATL,L,48.0,47,93,0.505,9,25,0.36,15,22,0.682,10,30,40,20,8.0,5,6,3,24,16,118,-2.0,1,57,57,57,8,10,7,33,65,84,47,59,42,82,39,50,51,73,5,72,22,17,88,79,16,60,1.0
2022-23,1610612744,GSW,Golden State Warriors,0022201135,2023-03-28T00:00:00,GSW vs. NOP,W,48.0,43,82,0.524,18,40,0.45,16,22,0.727,11,30,41,32,19.0,11,4,4,18,18,120,11.0,1,1,1,1,6,42,88,19,27,63,14,46,42,76,39,79,71,27,84,7,47,49,11,55,42,25,1.0
2022-23,1610612763,MEM,Memphis Grizzlies,0022201133,2023-03-28T00:00:00,MEM vs. ORL,W,48.0,42,88,0.477,12,34,0.353,17,23,0.739,7,42,49,26,17.0,11,6,8,17,15,113,5.0,1,1,1,1,6,49,67,43,35,46,40,45,47,55,86,5,35,40,75,20,38,81,16,90,51,48,1.0
2022-23,1610612748,MIA,Miami Heat,0022201132,2023-03-28T00:00:00,MIA @ TOR,L,48.0,32,80,0.4,10,33,0.303,18,19,0.947,12,31,43,18,16.0,6,3,7,10,13,92,-14.0,1,66,66,66,7,105,86,99,80,67,85,59,82,10,26,58,43,102,89,86,52,105,3,112,107,108,1.0
2022-23,1610612740,NOP,New Orleans Pelicans,0022201135,2023-03-28T00:00:00,NOP @ GSW,L,48.0,42,90,0.467,12,27,0.444,13,14,0.929,11,30,41,30,19.0,6,4,4,18,18,109,-11.0,1,50,50,50,8,36,30,57,28,62,14,82,87,4,39,56,63,15,81,66,43,31,19,63,60,75,1.0
2022-23,1610612760,OKC,Oklahoma City Thunder,0022201134,2023-03-28T00:00:00,OKC vs. CHA,L,48.0,50,96,0.521,11,30,0.367,23,29,0.793,7,32,39,25,11.0,11,3,7,21,24,134,-3.0,1,52,52,52,7,8,20,14,49,72,40,23,21,60,87,47,71,34,23,14,61,67,48,16,8,59,1.0
2022-23,1610612753,ORL,Orlando Magic,0022201133,2023-03-28T00:00:00,ORL @ MEM,L,48.0,41,100,0.41,14,49,0.286,12,15,0.8,8,39,47,24,16.0,9,8,6,15,17,108,-5.0,1,41,41,41,5,41,2,79,12,2,66,86,88,35,63,11,23,30,47,24,6,58,7,74,53,53,1.0
2022-23,1610612761,TOR,Toronto Raptors,0022201132,2023-03-28T00:00:00,TOR vs. MIA,W,48.0,45,93,0.484,8,36,0.222,8,9,0.889,15,32,47,32,9.0,8,7,3,13,10,106,14.0,1,1,1,1,8,25,29,30,69,21,84,87,88,9,24,27,23,2,19,58,16,20,1,91,62,14,1.0
2022-23,1610612764,WAS,Washington Wizards,0022201130,2023-03-28T00:00:00,WAS vs. BOS,W,48.0,54,99,0.545,13,37,0.351,9,13,0.692,6,37,43,33,11.0,7,3,8,13,14,130,19.0,1,1,1,1,4,1,4,14,25,16,44,89,85,75,68,21,43,4,22,37,66,84,5,88,4,9,1.0
2022-23,1610612751,BKN,Brooklyn Nets,0022201137,2023-03-29T00:00:00,BKN vs. HOU,W,48.0,44,82,0.537,17,35,0.486,18,27,0.667,8,33,41,33,12.0,4,9,2,18,18,123,9.0,1,1,1,1,3,20,53,21,6,31,10,43,23,86,40,33,39,3,28,76,9,10,18,54,16,26,1.0
2022-23,1610612741,CHI,Chicago Bulls,0022201140,2023-03-29T00:00:00,CHI vs. LAL,L,48.0,45,88,0.511,9,33,0.273,11,13,0.846,6,26,32,31,14.0,10,4,3,22,14,110,-11.0,1,49,49,49,8,24,33,33,51,17,71,82,87,30,61,84,85,10,43,14,41,14,68,86,55,73,1.0
2022-23,1610612742,DAL,Dallas Mavericks,0022201139,2023-03-29T00:00:00,DAL @ PHI,L,48.0,38,83,0.458,18,46,0.391,14,18,0.778,8,32,40,24,14.0,3,3,4,22,19,108,-8.0,1,41,41,41,10,54,47,53,15,14,35,68,76,40,29,32,31,33,57,82,44,38,52,66,58,68,1.0
2022-23,1610612765,DET,Detroit Pistons,0022201142,2023-03-29T00:00:00,DET @ OKC,L,48.0,40,80,0.5,16,33,0.485,10,14,0.714,10,32,42,27,18.0,1,3,3,22,18,106,-1.0,1,21,21,21,5,35,73,16,10,39,5,86,85,72,45,37,39,13,69,89,47,13,38,64,53,21,1.0
2022-23,1610612745,HOU,Houston Rockets,0022201137,2023-03-29T00:00:00,HOU @ BKN,L,48.0,46,98,0.469,9,30,0.3,13,21,0.619,20,32,52,21,10.0,9,2,9,18,18,114,-9.0,1,28,28,28,3,13,6,33,54,55,59,73,65,83,3,49,12,52,4,26,74,76,19,68,28,50,1.0
2022-23,1610612754,IND,Indiana Pacers,0022201136,2023-03-29T00:00:00,IND vs. MIL,L,48.0,53,101,0.525,14,30,0.467,16,22,0.727,10,19,29,36,8.0,9,4,5,25,18,136,-13.0,1,40,40,40,4,2,5,12,33,73,10,58,54,67,43,89,91,1,1,26,64,38,74,65,5,68,1.0
2022-23,1610612747,LAL,Los Angeles Lakers,0022201140,2023-03-29T00:00:00,LAL @ CHI,W,48.0,45,86,0.523,7,20,0.35,24,30,0.8,13,32,45,22,16.0,10,3,4,14,22,121,11.0,1,1,1,1,10,25,68,23,93,107,51,26,31,42,14,75,51,82,73,11,82,39,13,44,35,19,1.0
2022-23,1610612763,MEM,Memphis Grizzlies,0022201141,2023-03-29T00:00:00,MEM vs. LAC,L,48.0,49,95,0.516,11,32,0.344,23,28,0.821,14,31,45,26,13.0,8,4,4,20,21,132,-9.0,1,61,61,61,6,15,25,18,50,59,46,15,27,20,29,73,55,40,41,47,65,26,47,36,8,77,1.0
2022-23,1610612748,MIA,Miami Heat,0022201138,2023-03-29T00:00:00,MIA @ NYK,L,48.0,35,79,0.443,13,39,0.333,9,14,0.643,6,29,35,20,11.0,5,0,3,18,14,92,-9.0,1,66,66,66,7,84,93,69,36,21,58,114,109,115,103,71,96,88,26,98,116,29,46,108,107,95,1.0
2022-23,1610612749,MIL,Milwaukee Bucks,0022201136,2023-03-29T00:00:00,MIL @ IND,W,48.0,58,93,0.624,10,25,0.4,23,30,0.767,14,38,52,28,19.0,5,5,4,18,25,149,13.0,1,1,1,1,7,1,28,1,85,96,32,11,13,47,18,35,22,24,79,56,36,48,44,10,2,17,1.0
2022-23,1610612750,MIN,Minnesota Timberwolves,0022201144,2023-03-29T00:00:00,MIN @ PHX,L,48.0,40,90,0.444,12,35,0.343,8,12,0.667,16,38,54,24,21.0,4,4,8,24,16,100,-7.0,1,51,51,51,8,62,28,71,39,35,55,97,96,83,2,14,4,57,92,89,60,93,70,84,88,66,1.0
2022-23,1610612752,NYK,New York Knicks,0022201138,2023-03-29T00:00:00,NYK vs. MIA,W,48.0,38,76,0.5,13,31,0.419,12,23,0.522,9,38,47,22,16.0,8,3,0,14,18,101,9.0,1,1,1,1,11,64,91,26,35,71,19,94,63,100,78,18,45,53,76,25,61,1,7,72,83,32,1.0
2022-23,1610612760,OKC,Oklahoma City Thunder,0022201142,2023-03-29T00:00:00,OKC vs. DET,W,48.0,39,87,0.448,10,29,0.345,19,25,0.76,10,28,38,19,10.0,7,3,3,18,22,107,1.0,1,1,1,1,7,70,70,61,67,76,47,43,30,69,55,76,78,80,14,62,61,15,21,30,72,49,1.0
2022-23,1610612755,PHI,Philadelphia 76ers,0022201139,2023-03-29T00:00:00,PHI vs. DAL,W,48.0,37,80,0.463,17,36,0.472,25,30,0.833,11,32,43,26,11.0,9,4,3,19,22,116,8.0,1,1,1,1,8,74,67,62,10,24,13,18,17,49,29,50,33,33,24,36,56,17,32,24,41,36,1.0
2022-23,1610612756,PHX,Phoenix Suns,0022201144,2023-03-29T00:00:00,PHX vs. MIN,W,48.0,40,96,0.417,6,20,0.3,21,27,0.778,15,33,48,23,8.0,11,8,4,16,24,107,7.0,1,1,1,1,5,64,13,88,94,100,80,24,25,56,14,43,27,71,4,10,11,45,8,17,65,37,1.0
2022-23,1610612757,POR,Portland Trail Blazers,0022201145,2023-03-29T00:00:00,POR vs. SAC,L,48.0,30,93,0.323,9,39,0.231,11,12,0.917,8,37,45,18,14.0,5,6,4,15,11,80,-40.0,1,39,39,39,3,84,7,92,69,20,86,89,91,10,59,10,20,76,38,58,22,35,5,91,91,91,1.0
2022-23,1610612758,SAC,Sacramento Kings,0022201145,2023-03-29T00:00:00,SAC @ POR,W,48.0,42,92,0.457,18,48,0.375,18,24,0.75,10,49,59,30,10.0,9,4,6,11,15,120,40.0,1,1,1,1,6,52,26,72,13,3,42,53,55,63,44,1,1,22,20,30,30,74,1,92,45,2,1.0
2022-23,1610612759,SAS,San Antonio Spurs,0022201143,2023-03-29T00:00:00,SAS vs. UTA,L,48.0,45,95,0.474,10,35,0.286,17,21,0.81,9,30,39,31,15.0,10,4,6,16,17,117,-11.0,1,25,25,25,7,29,32,39,50,30,69,33,39,19,65,53,69,14,35,10,34,50,9,56,29,52,1.0
2022-23,1610612762,UTA,Utah Jazz,0022201143,2023-03-29T00:00:00,UTA @ SAS,W,48.0,49,90,0.544,12,31,0.387,18,20,0.9,8,37,45,28,16.0,5,6,4,17,16,128,11.0,1,1,1,1,6,5,38,7,52,78,29,44,66,8,75,25,50,29,42,54,28,28,13,80,11,14,1.0
2022-23,1610612738,BOS,Boston Celtics,0022201146,2023-03-30T00:00:00,BOS @ MIL,W,48.0,51,91,0.56,22,43,0.512,16,20,0.8,7,40,47,28,9.0,8,5,1,18,16,140,41.0,1,1,1,1,15,5,30,8,6,49,3,56,62,62,78,17,37,33,12,23,49,3,43,82,2,3,1.0
2022-23,1610612743,DEN,Denver Nuggets,0022201147,2023-03-30T00:00:00,DEN vs. NOP,L,48.0,32,80,0.4,4,28,0.143,20,32,0.625,11,29,40,21,10.0,4,5,1,21,24,88,-19.0,1,75,75,75,5,108,91,106,111,73,112,22,10,96,37,83,71,97,10,97,30,2,76,15,107,104,1.0
2022-23,1610612749,MIL,Milwaukee Bucks,0022201146,2023-03-30T00:00:00,MIL vs. BOS,L,48.0,38,101,0.376,14,43,0.326,9,13,0.692,15,30,45,22,13.0,4,1,5,16,18,99,-41.0,1,63,63,63,7,68,7,92,44,30,68,86,87,70,13,84,58,67,29,76,88,65,27,57,86,96,1.0
2022-23,1610612740,NOP,New Orleans Pelicans,0022201147,2023-03-30T00:00:00,NOP @ DEN,W,48.0,38,80,0.475,13,27,0.481,18,22,0.818,8,38,46,22,12.0,6,1,5,24,21,107,19.0,1,1,1,1,8,71,77,50,19,62,7,52,57,36,66,19,34,72,22,66,84,47,73,45,65,12,1.0
2022-23,1610612737,ATL,Atlanta Hawks,0022201153,2023-03-31T00:00:00,ATL @ BKN,L,48.0,39,91,0.429,8,37,0.216,21,23,0.913,16,30,46,23,11.0,6,3,3,14,17,107,-17.0,1,49,49,49,7,77,51,85,74,12,92,24,36,11,13,70,33,62,26,50,75,14,8,72,78,89,1.0
2022-23,1610612738,BOS,Boston Celtics,0022201152,2023-03-31T00:00:00,BOS vs. UTA,W,48.0,42,96,0.438,17,51,0.333,21,22,0.955,10,32,42,27,12.0,8,4,7,14,17,122,8.0,1,1,1,1,15,47,15,83,41,10,74,29,47,7,42,71,73,45,33,23,69,93,11,72,36,48,1.0
2022-23,1610612751,BKN,Brooklyn Nets,0022201153,2023-03-31T00:00:00,BKN vs. ATL,W,48.0,49,88,0.557,15,33,0.455,11,13,0.846,9,32,41,33,13.0,9,3,3,17,14,124,17.0,1,1,1,1,3,6,24,10,17,46,14,85,89,31,30,46,39,3,35,26,76,23,15,79,12,9,1.0
2022-23,1610612766,CHA,Charlotte Hornets,0022201148,2023-03-31T00:00:00,CHA vs. CHI,L,48.0,35,77,0.455,14,37,0.378,7,10,0.7,4,32,36,27,22.0,3,5,4,21,13,91,-30.0,1,30,30,30,6,77,85,47,10,19,26,92,92,59,89,52,86,20,88,82,39,19,53,91,83,87,1.0
2022-23,1610612741,CHI,Chicago Bulls,0022201148,2023-03-31T00:00:00,CHI @ CHA,W,48.0,45,88,0.511,13,31,0.419,18,22,0.818,9,33,42,25,7.0,12,4,5,13,21,121,30.0,1,1,1,1,8,24,33,33,18,26,27,38,42,44,33,46,43,40,5,6,41,46,4,27,23,2,1.0
2022-23,1610612739,CLE,Cleveland Cavaliers,0022201154,2023-03-31T00:00:00,CLE vs. NYK,L,48.0,44,86,0.512,17,37,0.459,11,13,0.846,3,30,33,33,10.0,2,9,5,21,12,116,-14.0,1,57,57,57,8,21,40,29,6,12,15,86,91,22,94,50,86,2,15,95,2,49,63,94,28,91,1.0
2022-23,1610612743,DEN,Denver Nuggets,0022201160,2023-03-31T00:00:00,DEN @ PHX,L,48.0,38,95,0.4,6,26,0.231,11,20,0.55,15,36,51,19,11.0,11,5,7,16,16,93,-7.0,1,75,75,75,5,92,9,106,101,93,107,98,67,106,11,28,11,107,18,11,30,95,22,87,106,87,1.0
2022-23,1610612765,DET,Detroit Pistons,0022201155,2023-03-31T00:00:00,DET @ HOU,L,48.0,43,89,0.483,11,35,0.314,18,27,0.667,13,27,40,24,12.0,7,7,5,28,24,115,-6.0,1,21,21,21,5,16,31,25,45,26,57,48,33,82,21,72,53,33,14,41,5,34,81,18,26,34,1.0
2022-23,1610612744,GSW,Golden State Warriors,0022201158,2023-03-31T00:00:00,GSW vs. SAS,W,48.0,47,93,0.505,21,49,0.429,15,21,0.714,14,31,45,37,15.0,5,4,4,18,20,130,15.0,1,1,1,1,6,16,30,31,9,19,20,55,45,79,20,69,45,7,36,82,47,49,11,41,10,17,1.0
2022-23,1610612745,HOU,Houston Rockets,0022201155,2023-03-31T00:00:00,HOU vs. DET,W,48.0,38,83,0.458,11,31,0.355,34,45,0.756,14,32,46,18,12.0,9,5,7,24,28,121,6.0,1,1,1,1,3,56,73,42,33,48,29,2,1,39,35,49,48,73,9,26,34,56,71,2,16,14,1.0
2022-23,1610612754,IND,Indiana Pacers,0022201149,2023-03-31T00:00:00,IND vs. OKC,W,48.0,45,98,0.459,12,41,0.293,19,28,0.679,20,36,56,30,16.0,5,4,3,21,24,121,4.0,1,1,1,1,4,18,11,52,46,22,69,41,19,81,1,16,3,17,50,69,64,11,42,12,28,29,1.0
2022-23,1610612747,LAL,Los Angeles Lakers,0022201157,2023-03-31T00:00:00,LAL @ MIN,W,48.0,45,90,0.5,9,22,0.409,24,30,0.8,15,38,53,28,16.0,10,5,4,17,22,123,12.0,1,1,1,1,10,25,43,32,74,102,26,26,31,42,5,36,16,23,73,11,42,39,33,44,26,18,1.0
2022-23,1610612763,MEM,Memphis Grizzlies,0022201156,2023-03-31T00:00:00,MEM vs. LAC,W,48.0,43,96,0.448,9,33,0.273,13,17,0.765,12,39,51,25,15.0,11,7,8,16,14,108,14.0,1,1,1,1,6,43,22,68,68,51,74,77,79,44,46,15,20,50,64,20,22,81,9,94,68,22,1.0
2022-23,1610612750,MIN,Minnesota Timberwolves,0022201157,2023-03-31T00:00:00,MIN vs. LAL,L,48.0,41,95,0.432,13,39,0.333,16,19,0.842,12,27,39,25,16.0,10,4,5,22,17,111,-12.0,1,51,51,51,8,51,12,82,28,19,56,59,76,17,14,81,61,45,51,24,60,53,50,76,57,83,1.0
2022-23,1610612752,NYK,New York Knicks,0022201154,2023-03-31T00:00:00,NYK @ CLE,W,48.0,49,93,0.527,17,36,0.472,15,24,0.625,16,32,48,24,10.0,6,5,9,12,21,130,14.0,1,1,1,1,11,9,27,11,8,39,5,74,58,94,19,61,37,37,14,50,25,97,2,48,12,21,1.0
2022-23,1610612760,OKC,Oklahoma City Thunder,0022201149,2023-03-31T00:00:00,OKC @ IND,L,48.0,42,88,0.477,4,30,0.133,29,34,0.853,11,34,45,21,11.0,10,3,4,24,21,117,-4.0,1,52,52,52,7,44,62,41,96,72,97,6,9,32,44,35,36,67,23,20,61,25,74,36,42,62,1.0
2022-23,1610612753,ORL,Orlando Magic,0022201151,2023-03-31T00:00:00,ORL @ WAS,W,48.0,44,88,0.5,8,24,0.333,20,26,0.769,6,42,48,26,11.0,2,14,5,16,24,116,7.0,1,1,1,1,5,15,31,21,70,82,51,34,32,52,80,3,17,18,9,88,1,43,10,13,25,21,1.0
2022-23,1610612755,PHI,Philadelphia 76ers,0022201150,2023-03-31T00:00:00,PHI vs. TOR,W,48.0,41,73,0.562,12,31,0.387,23,25,0.92,9,28,37,28,18.0,7,6,3,20,19,117,7.0,1,1,1,1,8,36,99,6,52,58,51,32,48,19,44,79,78,19,83,61,28,17,44,54,38,40,1.0
2022-23,1610612756,PHX,Phoenix Suns,0022201160,2023-03-31T00:00:00,PHX vs. DEN,W,48.0,37,88,0.42,10,27,0.37,16,21,0.762,13,38,51,28,16.0,8,7,5,16,16,100,7.0,1,1,1,1,5,84,57,85,60,78,45,60,57,64,30,14,15,37,75,29,21,63,8,81,85,37,1.0
2022-23,1610612757,POR,Portland Trail Blazers,0022201159,2023-03-31T00:00:00,POR vs. SAC,L,48.0,40,85,0.471,19,38,0.5,15,23,0.652,9,24,33,29,20.0,9,6,7,15,21,114,-24.0,1,39,39,39,3,42,42,45,5,26,4,69,53,86,47,82,79,11,83,17,22,78,5,38,34,85,1.0
2022-23,1610612758,SAC,Sacramento Kings,0022201159,2023-03-31T00:00:00,SAC @ POR,W,48.0,54,88,0.614,19,39,0.487,11,15,0.733,8,33,41,38,13.0,11,7,6,21,15,138,24.0,1,1,1,1,6,3,47,1,10,39,9,95,90,72,68,43,58,4,43,7,4,74,48,92,5,10,1.0
2022-23,1610612759,SAS,San Antonio Spurs,0022201158,2023-03-31T00:00:00,SAS @ GSW,L,48.0,42,91,0.462,15,38,0.395,16,23,0.696,14,32,46,27,15.0,8,4,4,20,18,115,-15.0,1,25,25,25,7,47,45,45,10,13,21,35,31,64,21,36,31,36,35,25,34,29,44,47,33,63,1.0
2022-23,1610612761,TOR,Toronto Raptors,0022201150,2023-03-31T00:00:00,TOR @ PHI,L,48.0,42,84,0.5,8,26,0.308,18,23,0.783,14,20,34,26,13.0,6,3,6,19,20,110,-7.0,1,49,49,49,8,37,75,16,69,81,54,41,48,44,31,93,84,24,52,75,69,71,32,39,52,68,1.0
2022-23,1610612762,UTA,Utah Jazz,0022201152,2023-03-31T00:00:00,UTA @ BOS,L,48.0,46,96,0.479,9,29,0.31,13,14,0.929,13,39,52,23,18.0,3,7,4,17,14,114,-8.0,1,42,42,42,6,14,15,35,78,85,60,73,86,5,31,15,13,62,67,82,19,28,13,88,54,68,1.0
2022-23,1610612764,WAS,Washington Wizards,0022201151,2023-03-31T00:00:00,WAS vs. ORL,L,48.0,41,105,0.39,17,50,0.34,10,12,0.833,15,36,51,24,13.0,5,5,14,24,16,109,-7.0,1,40,40,40,4,46,2,85,5,1,48,86,87,31,5,28,12,51,32,63,36,91,82,73,54,54,1.0
2022-23,1610612742,DAL,Dallas Mavericks,0022201161,2023-04-01T00:00:00,DAL @ MIA,L,48.0,47,77,0.61,14,34,0.412,14,16,0.875,1,30,31,32,14.0,3,2,0,23,16,122,-7.0,1,41,41,41,10,4,71,1,45,74,23,68,83,10,90,45,79,2,57,82,70,1,58,85,24,65,1.0
2022-23,1610612748,MIA,Miami Heat,0022201161,2023-04-01T00:00:00,MIA vs. DAL,W,48.0,45,86,0.523,13,37,0.351,26,29,0.897,10,26,36,27,11.0,6,0,2,16,23,129,7.0,1,1,1,1,7,13,51,14,36,35,48,13,20,27,49,92,90,23,26,86,116,15,25,25,5,29,1.0
2022-23,1610612740,NOP,New Orleans Pelicans,0022201162,2023-04-01T00:00:00,NOP vs. LAC,W,48.0,42,86,0.488,7,17,0.412,31,35,0.886,14,26,40,21,7.0,6,5,4,15,29,122,8.0,1,1,1,1,8,36,46,40,81,93,29,3,10,13,16,84,68,76,2,66,25,31,6,3,21,34,1.0
2022-23,1610612737,ATL,Atlanta Hawks,0022201167,2023-04-02T00:00:00,ATL vs. DAL,W,53.0,51,108,0.472,12,35,0.343,18,22,0.818,16,37,53,28,11.0,10,3,3,22,15,132,2.0,1,1,1,1,2,8,3,49,29,21,54,42,42,46,13,14,8,15,26,15,75,14,72,86,9,39,1.0
2022-23,1610612751,BKN,Brooklyn Nets,0022201164,2023-04-02T00:00:00,BKN vs. UTA,W,48.0,38,86,0.442,9,32,0.281,26,34,0.765,7,33,40,25,9.0,6,2,1,26,23,111,1.0,1,1,1,1,3,61,33,67,73,54,82,7,1,62,47,33,48,42,6,53,88,3,81,12,50,47,1.0
2022-23,1610612766,CHA,Charlotte Hornets,0022201163,2023-04-02T00:00:00,CHA vs. TOR,L,48.0,42,85,0.494,15,31,0.484,9,13,0.692,10,27,37,26,18.0,3,4,6,11,14,108,-20.0,1,30,30,30,6,33,66,23,6,53,3,89,91,63,56,80,77,28,70,82,54,49,1,87,48,81,1.0
2022-23,1610612741,CHI,Chicago Bulls,0022201165,2023-04-02T00:00:00,CHI vs. MEM,W,48.0,50,94,0.532,9,31,0.29,19,22,0.864,4,32,36,29,3.0,9,6,3,13,22,128,21.0,1,1,1,1,8,4,10,20,51,26,68,29,42,26,85,52,73,16,1,24,19,14,4,20,9,8,1.0
2022-23,1610612739,CLE,Cleveland Cavaliers,0022201173,2023-04-02T00:00:00,CLE vs. IND,W,48.0,44,90,0.489,9,24,0.375,18,26,0.692,13,30,43,23,13.0,7,7,6,22,26,115,10.0,1,1,1,1,8,21,17,45,65,87,40,36,19,78,10,50,29,55,39,43,7,65,72,9,31,31,1.0
2022-23,1610612742,DAL,Dallas Mavericks,0022201167,2023-04-02T00:00:00,DAL @ ATL,L,53.0,49,95,0.516,10,38,0.263,22,32,0.688,10,37,47,24,14.0,4,3,3,15,22,130,-2.0,1,41,41,41,2,2,5,19,81,59,82,21,16,63,17,10,9,33,57,68,44,24,6,39,5,47,1.0
2022-23,1610612743,DEN,Denver Nuggets,0022201175,2023-04-02T00:00:00,DEN vs. GSW,W,48.0,44,100,0.44,9,33,0.273,15,18,0.833,17,30,47,24,13.0,11,7,4,17,22,112,2.0,1,1,1,1,5,39,2,97,82,37,96,74,82,29,3,75,31,81,40,11,13,44,31,30,66,69,1.0
2022-23,1610612765,DET,Detroit Pistons,0022201169,2023-04-02T00:00:00,DET @ ORL,L,48.0,32,78,0.41,9,33,0.273,29,36,0.806,9,29,38,22,16.0,4,1,6,29,26,102,-26.0,1,21,21,21,5,83,82,72,60,39,71,11,10,35,55,61,65,54,48,76,80,50,82,10,66,87,1.0
2022-23,1610612744,GSW,Golden State Warriors,0022201175,2023-04-02T00:00:00,GSW @ DEN,L,48.0,42,105,0.4,9,42,0.214,17,17,1.0,22,35,57,26,15.0,9,4,7,22,17,110,-2.0,1,55,55,55,6,50,4,94,100,55,107,38,73,1,2,36,8,72,36,22,47,91,49,67,77,57,1.0
2022-23,1610612745,HOU,Houston Rockets,0022201171,2023-04-02T00:00:00,HOU vs. LAL,L,48.0,44,102,0.431,13,34,0.382,8,10,0.8,16,28,44,23,10.0,4,4,8,18,9,109,-25.0,1,28,28,28,3,19,2,64,20,37,19,90,90,25,17,71,57,37,4,74,41,68,19,91,49,87,1.0
2022-23,1610612754,IND,Indiana Pacers,0022201173,2023-04-02T00:00:00,IND @ CLE,L,48.0,36,83,0.434,9,24,0.375,24,29,0.828,11,33,44,21,17.0,5,6,7,26,22,105,-10.0,1,40,40,40,4,80,70,68,73,87,38,15,15,28,36,35,31,83,57,69,28,63,80,27,72,64,1.0
2022-23,1610612747,LAL,Los Angeles Lakers,0022201171,2023-04-02T00:00:00,LAL @ HOU,W,48.0,52,93,0.559,9,30,0.3,21,28,0.75,11,40,51,36,6.0,4,8,4,9,18,134,25.0,1,1,1,1,10,1,21,5,74,60,77,48,44,71,29,24,27,1,3,86,11,39,1,86,5,5,1.0
2022-23,1610612763,MEM,Memphis Grizzlies,0022201165,2023-04-02T00:00:00,MEM @ CHI,L,48.0,39,84,0.464,19,43,0.442,10,12,0.833,8,39,47,29,18.0,1,3,6,22,13,107,-21.0,1,61,61,61,6,68,79,52,3,7,16,92,96,14,80,15,45,18,82,101,76,58,69,97,71,98,1.0
2022-23,1610612749,MIL,Milwaukee Bucks,0022201174,2023-04-02T00:00:00,MIL vs. PHI,W,48.0,46,80,0.575,10,28,0.357,15,21,0.714,7,35,42,28,12.0,8,5,2,17,17,117,13.0,1,1,1,1,7,23,89,4,85,93,52,56,50,61,78,54,73,24,17,19,36,11,36,68,41,17,1.0
2022-23,1610612750,MIN,Minnesota Timberwolves,0022201166,2023-04-02T00:00:00,MIN vs. POR,L,48.0,38,79,0.481,11,26,0.423,18,23,0.783,7,40,47,29,18.0,3,5,3,17,26,105,-2.0,1,51,51,51,8,77,85,48,50,83,20,48,51,41,67,9,17,21,71,96,44,22,11,3,78,54,1.0
2022-23,1610612752,NYK,New York Knicks,0022201168,2023-04-02T00:00:00,NYK vs. WAS,W,48.0,46,88,0.523,13,32,0.406,13,18,0.722,7,32,39,31,12.0,12,4,5,17,18,118,9.0,1,1,1,1,11,15,49,15,35,66,23,89,89,62,88,61,85,3,32,9,40,55,22,72,35,32,1.0
2022-23,1610612760,OKC,Oklahoma City Thunder,0022201172,2023-04-02T00:00:00,OKC vs. PHX,L,48.0,36,88,0.409,11,32,0.344,35,41,0.854,13,28,41,21,8.0,7,0,6,23,30,118,-10.0,1,52,52,52,7,80,62,79,49,61,49,2,2,31,21,76,61,67,4,62,95,57,66,3,38,82,1.0
2022-23,1610612753,ORL,Orlando Magic,0022201169,2023-04-02T00:00:00,ORL vs. DET,W,48.0,43,75,0.573,17,33,0.515,25,40,0.625,7,34,41,30,16.0,11,6,1,26,29,128,26.0,1,1,1,1,5,19,85,3,2,35,4,13,3,88,72,40,58,3,47,9,19,1,81,2,4,1,1.0
2022-23,1610612755,PHI,Philadelphia 76ers,0022201174,2023-04-02T00:00:00,PHI @ MIL,L,48.0,40,87,0.46,12,36,0.333,12,13,0.923,11,25,36,19,11.0,3,2,5,17,17,104,-13.0,1,70,70,70,8,42,30,64,52,24,70,97,100,17,29,94,86,82,24,99,91,50,19,68,75,96,1.0
2022-23,1610612756,PHX,Phoenix Suns,0022201172,2023-04-02T00:00:00,PHX @ OKC,W,48.0,46,81,0.568,13,34,0.382,23,28,0.821,5,33,38,31,13.0,4,6,0,30,23,128,10.0,1,1,1,1,5,22,89,3,29,36,40,15,20,42,99,43,77,13,39,84,35,1,97,23,13,31,1.0
2022-23,1610612757,POR,Portland Trail Blazers,0022201166,2023-04-02T00:00:00,POR @ MIN,W,48.0,43,93,0.462,9,30,0.3,12,20,0.6,11,31,42,29,10.0,12,3,5,26,17,107,2.0,1,1,1,1,3,18,7,51,69,70,70,85,69,91,22,44,39,11,11,3,63,48,81,77,56,35,1.0
2022-23,1610612758,SAC,Sacramento Kings,0022201170,2023-04-02T00:00:00,SAC vs. SAS,L,53.0,49,103,0.476,11,44,0.25,25,32,0.781,13,30,43,24,15.0,9,5,3,23,25,134,-8.0,1,62,62,62,2,8,4,56,68,13,93,15,10,57,14,69,44,60,56,30,14,20,76,11,11,82,1.0
2022-23,1610612759,SAS,San Antonio Spurs,0022201170,2023-04-02T00:00:00,SAS @ SAC,W,53.0,52,98,0.531,13,34,0.382,25,29,0.862,14,38,52,31,18.0,8,3,5,25,23,142,8.0,1,1,1,1,2,2,18,16,18,33,30,3,11,12,21,9,8,14,63,25,53,37,83,17,1,11,1.0
2022-23,1610612761,TOR,Toronto Raptors,0022201163,2023-04-02T00:00:00,TOR @ CHA,W,48.0,56,104,0.538,8,28,0.286,8,8,1.0,15,30,45,38,8.0,8,6,4,14,11,128,20.0,1,1,1,1,8,2,8,4,69,67,65,87,90,1,24,41,33,1,11,58,31,33,4,90,5,5,1.0
2022-23,1610612762,UTA,Utah Jazz,0022201164,2023-04-02T00:00:00,UTA @ BKN,L,48.0,40,91,0.44,8,32,0.25,22,30,0.733,11,41,52,24,11.0,5,1,2,23,26,110,-1.0,1,42,42,42,6,57,29,65,86,69,84,22,14,64,46,6,13,49,8,54,89,4,64,10,64,42,1.0
2022-23,1610612764,WAS,Washington Wizards,0022201168,2023-04-02T00:00:00,WAS @ NYK,L,48.0,39,79,0.494,16,37,0.432,15,18,0.833,5,33,38,26,19.0,9,5,4,18,17,109,-9.0,1,40,40,40,4,59,75,37,8,16,18,56,67,31,81,51,69,35,82,16,36,27,29,62,54,62,1.0
2022-23,1610612737,ATL,Atlanta Hawks,0022201182,2023-04-04T00:00:00,ATL @ CHI,W,48.0,48,86,0.558,10,28,0.357,17,19,0.895,7,41,48,26,17.0,5,7,6,18,18,123,18.0,1,1,1,1,7,21,74,10,56,65,47,48,64,16,76,3,21,31,80,65,14,58,37,61,30,8,1.0
2022-23,1610612738,BOS,Boston Celtics,0022201181,2023-04-04T00:00:00,BOS @ PHI,L,48.0,38,91,0.418,15,45,0.333,10,16,0.625,13,30,43,28,8.0,4,4,7,17,21,101,-2.0,1,74,74,74,15,83,30,96,60,35,74,96,85,109,15,85,62,33,7,81,69,93,32,33,100,77,1.0
2022-23,1610612751,BKN,Brooklyn Nets,0022201180,2023-04-04T00:00:00,BKN vs. MIN,L,48.0,39,90,0.433,13,35,0.371,11,14,0.786,7,33,40,21,10.0,6,8,6,18,13,102,-5.0,1,51,51,51,3,54,17,71,36,31,46,85,85,53,47,33,48,74,13,53,15,79,18,86,69,59,1.0
2022-23,1610612766,CHA,Charlotte Hornets,0022201176,2023-04-04T00:00:00,CHA vs. TOR,L,48.0,36,77,0.468,12,31,0.387,16,19,0.842,6,36,42,27,18.0,3,4,7,22,18,100,-20.0,1,30,30,30,6,75,85,36,26,53,22,56,67,16,80,25,59,20,70,82,54,58,61,63,70,81,1.0
2022-23,1610612741,CHI,Chicago Bulls,0022201182,2023-04-04T00:00:00,CHI vs. ATL,L,48.0,41,89,0.461,7,31,0.226,16,20,0.8,6,26,32,16,8.0,8,6,7,18,18,105,-18.0,1,49,49,49,8,54,25,68,67,26,85,56,62,54,61,84,85,88,7,37,19,72,32,48,66,85,1.0
2022-23,1610612739,CLE,Cleveland Cavaliers,0022201178,2023-04-04T00:00:00,CLE @ ORL,W,48.0,42,84,0.5,15,31,0.484,18,20,0.9,5,25,30,23,9.0,3,7,1,16,22,117,4.0,1,1,1,1,8,35,51,34,15,47,9,36,56,5,86,83,94,55,9,91,7,2,18,24,22,47,1.0
2022-23,1610612743,DEN,Denver Nuggets,0022201183,2023-04-04T00:00:00,DEN @ HOU,L,48.0,41,87,0.471,11,36,0.306,10,18,0.556,13,34,47,26,20.0,9,13,3,18,16,103,-21.0,1,75,75,75,5,69,46,77,59,19,88,104,82,104,21,42,31,73,103,28,1,22,42,87,92,106,1.0
2022-23,1610612765,DET,Detroit Pistons,0022201177,2023-04-04T00:00:00,DET vs. MIA,L,48.0,36,73,0.493,11,28,0.393,22,27,0.815,6,29,35,21,14.0,5,2,2,22,18,105,-13.0,1,21,21,21,5,64,85,21,45,72,28,31,33,27,84,61,74,62,31,67,70,6,38,64,58,60,1.0
2022-23,1610612744,GSW,Golden State Warriors,0022201187,2023-04-04T00:00:00,GSW vs. OKC,W,48.0,47,95,0.495,20,47,0.426,22,30,0.733,19,35,54,25,14.0,6,6,1,22,22,136,11.0,1,1,1,1,6,16,24,39,14,28,23,13,8,70,4,36,13,78,27,65,9,2,49,23,6,25,1.0
2022-23,1610612745,HOU,Houston Rockets,0022201183,2023-04-04T00:00:00,HOU vs. DEN,W,48.0,47,102,0.461,12,31,0.387,18,24,0.75,20,35,55,23,13.0,12,3,13,16,18,124,21.0,1,1,1,1,3,9,2,38,23,48,16,42,46,40,3,27,9,37,13,6,58,90,12,68,11,3,1.0
2022-23,1610612747,LAL,Los Angeles Lakers,0022201186,2023-04-04T00:00:00,LAL @ UTA,W,53.0,48,96,0.5,12,34,0.353,27,35,0.771,11,33,44,27,12.0,6,7,3,21,28,135,2.0,1,1,1,1,2,12,8,32,27,32,48,15,13,58,29,69,57,30,31,53,20,20,85,11,4,54,1.0
2022-23,1610612763,MEM,Memphis Grizzlies,0022201184,2023-04-04T00:00:00,MEM vs. POR,W,48.0,42,87,0.483,18,48,0.375,17,22,0.773,8,41,49,30,12.0,5,5,7,10,18,119,10.0,1,1,1,1,6,49,71,39,5,2,29,45,52,39,80,8,35,14,31,82,52,69,1,59,38,33,1.0
2022-23,1610612748,MIA,Miami Heat,0022201177,2023-04-04T00:00:00,MIA @ DET,W,48.0,41,80,0.513,13,36,0.361,23,26,0.885,5,28,33,26,8.0,12,2,2,18,22,118,13.0,1,1,1,1,7,39,86,18,36,39,45,21,33,30,108,78,106,29,7,11,81,15,46,37,25,15,1.0
2022-23,1610612749,MIL,Milwaukee Bucks,0022201179,2023-04-04T00:00:00,MIL @ WAS,W,48.0,50,92,0.543,23,42,0.548,17,29,0.586,12,44,56,33,18.0,6,7,4,19,21,140,12.0,1,1,1,1,7,8,30,13,3,37,1,39,15,91,35,9,10,6,74,47,14,48,56,30,5,24,1.0
2022-23,1610612750,MIN,Minnesota Timberwolves,0022201180,2023-04-04T00:00:00,MIN @ BKN,W,48.0,41,85,0.482,8,24,0.333,17,22,0.773,7,37,44,21,12.0,7,6,8,13,18,107,5.0,1,1,1,1,8,51,52,47,83,89,56,53,57,44,67,19,35,81,18,54,29,93,1,71,71,34,1.0
2022-23,1610612740,NOP,New Orleans Pelicans,0022201185,2023-04-04T00:00:00,NOP vs. SAC,L,48.0,37,84,0.44,7,20,0.35,22,27,0.815,9,28,37,20,14.0,6,4,4,14,22,103,-18.0,1,50,50,50,8,76,63,74,81,89,56,26,31,37,57,77,78,81,35,66,43,31,2,33,74,87,1.0
2022-23,1610612760,OKC,Oklahoma City Thunder,0022201187,2023-04-04T00:00:00,OKC @ GSW,L,48.0,44,93,0.473,11,32,0.344,26,35,0.743,13,25,38,23,10.0,4,1,6,22,22,125,-11.0,1,52,52,52,7,32,36,45,49,61,49,16,5,73,21,90,78,52,14,89,90,57,60,30,22,85,1.0
2022-23,1610612753,ORL,Orlando Magic,0022201178,2023-04-04T00:00:00,ORL vs. CLE,L,48.0,45,89,0.506,10,23,0.435,13,17,0.765,13,34,47,25,13.0,6,1,7,22,16,113,-4.0,1,41,41,41,5,9,28,19,50,85,13,82,82,54,15,40,23,23,25,63,87,70,56,82,35,48,1.0
2022-23,1610612755,PHI,Philadelphia 76ers,0022201181,2023-04-04T00:00:00,PHI vs. BOS,W,48.0,39,78,0.5,11,29,0.379,14,16,0.875,6,31,37,21,12.0,3,7,4,21,17,103,2.0,1,1,1,1,8,55,79,34,61,75,55,86,92,31,81,59,78,70,32,99,15,33,55,68,80,62,1.0
2022-23,1610612756,PHX,Phoenix Suns,0022201188,2023-04-04T00:00:00,PHX vs. SAS,W,48.0,43,89,0.483,10,33,0.303,19,26,0.731,15,42,57,25,14.0,7,7,5,12,16,115,21.0,1,1,1,1,5,33,48,38,60,41,76,41,27,76,14,3,2,56,48,43,21,63,1,81,47,7,1.0
2022-23,1610612757,POR,Portland Trail Blazers,0022201184,2023-04-04T00:00:00,POR @ MEM,L,48.0,42,97,0.433,14,42,0.333,11,17,0.647,13,36,49,23,10.0,7,7,5,18,10,109,-10.0,1,39,39,39,3,28,2,71,26,8,54,89,81,88,5,16,5,47,11,37,10,48,29,92,52,62,1.0
2022-23,1610612758,SAC,Sacramento Kings,0022201185,2023-04-04T00:00:00,SAC @ NOP,W,48.0,46,91,0.505,17,42,0.405,12,15,0.8,11,32,43,35,12.0,8,4,4,22,14,121,18.0,1,1,1,1,6,28,31,39,18,24,29,90,90,48,32,52,44,7,32,41,30,44,63,99,43,15,1.0
2022-23,1610612759,SAS,San Antonio Spurs,0022201188,2023-04-04T00:00:00,SAS @ PHX,L,48.0,35,90,0.389,13,40,0.325,11,14,0.786,9,29,38,25,12.0,7,5,7,16,12,94,-21.0,1,25,25,25,7,80,47,78,18,8,55,74,82,26,65,61,72,52,12,41,25,65,9,89,81,74,1.0
2022-23,1610612761,TOR,Toronto Raptors,0022201176,2023-04-04T00:00:00,TOR @ CHA,W,48.0,42,88,0.477,15,33,0.455,21,28,0.75,10,31,41,27,7.0,13,7,4,18,22,120,20.0,1,1,1,1,8,37,50,33,4,34,3,29,25,55,66,34,57,19,4,9,16,33,24,28,23,5,1.0
2022-23,1610612762,UTA,Utah Jazz,0022201186,2023-04-04T00:00:00,UTA vs. LAL,L,53.0,47,90,0.522,15,33,0.455,24,31,0.774,6,35,41,29,14.0,4,3,7,28,21,133,-2.0,1,42,42,42,1,9,38,13,25,66,5,15,12,49,91,38,72,21,34,70,68,72,88,39,4,46,1.0
2022-23,1610612764,WAS,Washington Wizards,0022201179,2023-04-04T00:00:00,WAS vs. MIL,L,48.0,50,99,0.505,13,27,0.481,15,21,0.714,9,33,42,30,9.0,7,4,7,21,19,128,-12.0,1,40,40,40,4,5,4,32,25,67,9,56,49,70,40,51,50,12,8,37,54,71,59,43,5,76,1.0
2022-23,1610612737,ATL,Atlanta Hawks,0022201191,2023-04-05T00:00:00,ATL vs. WAS,W,48.0,43,84,0.512,13,30,0.433,35,40,0.875,12,36,48,30,17.0,10,5,9,23,26,134,18.0,1,1,1,1,7,59,83,24,18,45,21,1,1,23,35,26,21,6,80,15,34,86,80,3,8,8,1.0
2022-23,1610612738,BOS,Boston Celtics,0022201192,2023-04-05T00:00:00,BOS vs. TOR,W,48.0,38,89,0.427,11,38,0.289,10,18,0.556,11,37,48,20,15.0,5,7,7,14,19,97,4.0,1,1,1,1,15,83,40,93,90,74,94,96,72,110,29,39,32,98,66,61,23,93,11,50,102,60,1.0
2022-23,1610612751,BKN,Brooklyn Nets,0022201189,2023-04-05T00:00:00,BKN @ DET,W,48.0,45,86,0.523,17,43,0.395,16,23,0.696,11,27,38,36,13.0,6,7,3,12,18,123,15.0,1,1,1,1,3,16,33,28,6,5,31,54,39,78,16,81,58,2,35,53,24,23,1,54,16,14,1.0
2022-23,1610612741,CHI,Chicago Bulls,0022201193,2023-04-05T00:00:00,CHI @ MIL,L,48.0,36,83,0.434,11,33,0.333,9,11,0.818,5,33,38,28,15.0,10,3,3,11,13,92,-13.0,1,49,49,49,8,80,63,81,36,17,51,89,90,44,76,46,64,21,54,14,59,14,1,90,85,79,1.0
2022-23,1610612742,DAL,Dallas Mavericks,0022201195,2023-04-05T00:00:00,DAL vs. SAC,W,48.0,44,89,0.494,20,44,0.455,15,18,0.833,7,32,39,24,10.0,4,7,1,18,19,123,4.0,1,1,1,1,10,17,19,33,6,24,12,62,76,22,44,32,36,33,18,68,6,7,16,66,22,27,1.0
2022-23,1610612765,DET,Detroit Pistons,0022201189,2023-04-05T00:00:00,DET vs. BKN,L,48.0,41,84,0.488,13,28,0.464,13,14,0.929,9,25,34,27,14.0,5,3,7,18,12,108,-15.0,1,21,21,21,5,30,56,24,31,72,9,76,85,4,55,79,82,13,31,67,47,64,10,89,48,64,1.0
2022-23,1610612754,IND,Indiana Pacers,0022201190,2023-04-05T00:00:00,IND vs. NYK,L,48.0,45,87,0.517,15,30,0.5,24,30,0.8,10,27,37,33,17.0,6,5,8,17,21,129,-9.0,1,40,40,40,4,18,49,15,25,73,5,15,13,38,43,71,69,6,57,61,41,74,7,37,13,63,1.0
2022-23,1610612747,LAL,Los Angeles Lakers,0022201196,2023-04-05T00:00:00,LAL @ LAC,L,48.0,45,89,0.506,12,29,0.414,16,24,0.667,10,34,44,27,14.0,4,3,4,17,18,118,-7.0,1,59,59,59,10,25,51,31,27,69,25,81,66,101,46,63,57,30,48,86,82,39,33,86,45,80,1.0
2022-23,1610612763,MEM,Memphis Grizzlies,0022201194,2023-04-05T00:00:00,MEM @ NOP,L,53.0,50,104,0.481,12,36,0.333,19,25,0.76,15,34,49,33,14.0,10,6,8,25,22,131,-7.0,1,61,61,61,1,8,5,42,35,34,52,35,39,47,20,50,35,8,48,29,38,81,91,27,10,75,1.0
2022-23,1610612749,MIL,Milwaukee Bucks,0022201193,2023-04-05T00:00:00,MIL vs. CHI,W,48.0,39,92,0.424,18,46,0.391,9,11,0.818,13,40,53,26,13.0,7,3,3,13,11,105,13.0,1,1,1,1,7,58,30,77,17,20,37,86,91,18,26,25,20,42,29,34,64,28,4,94,73,17,1.0
2022-23,1610612740,NOP,New Orleans Pelicans,0022201194,2023-04-05T00:00:00,NOP vs. MEM,W,53.0,44,88,0.5,21,39,0.538,29,39,0.744,8,36,44,35,16.0,9,8,6,22,25,138,7.0,1,1,1,1,1,27,39,27,1,7,2,5,3,70,66,30,43,2,55,30,2,63,59,8,1,36,1.0
2022-23,1610612752,NYK,New York Knicks,0022201190,2023-04-05T00:00:00,NYK @ IND,W,48.0,52,100,0.52,18,46,0.391,16,25,0.64,20,32,52,34,18.0,13,8,5,21,17,138,9.0,1,1,1,1,11,3,6,16,4,6,31,70,50,92,2,61,17,2,91,5,5,55,54,82,3,32,1.0
2022-23,1610612758,SAC,Sacramento Kings,0022201195,2023-04-05T00:00:00,SAC @ DAL,L,48.0,46,106,0.434,12,37,0.324,15,19,0.789,22,35,57,31,9.0,7,1,7,19,18,119,-4.0,1,62,62,62,6,28,2,83,55,53,68,71,73,55,1,31,3,17,11,52,89,84,31,75,48,71,1.0
2022-23,1610612761,TOR,Toronto Raptors,0022201192,2023-04-05T00:00:00,TOR @ BOS,L,48.0,37,90,0.411,6,33,0.182,13,17,0.765,13,37,50,20,12.0,10,7,7,19,14,93,-4.0,1,49,49,49,8,70,43,79,89,34,92,73,72,51,37,10,13,67,41,36,16,79,32,80,87,59,1.0
2022-23,1610612764,WAS,Washington Wizards,0022201191,2023-04-05T00:00:00,WAS @ ATL,L,48.0,45,94,0.479,6,28,0.214,20,26,0.769,12,27,39,23,14.0,10,9,5,26,23,116,-18.0,1,40,40,40,4,19,17,47,82,59,85,24,21,55,19,81,63,56,38,8,8,39,87,17,33,83,1.0
2022-23,1610612739,CLE,Cleveland Cavaliers,0022201197,2023-04-06T00:00:00,CLE @ ORL,W,48.0,46,88,0.523,18,38,0.474,8,9,0.889,9,33,42,31,17.0,13,7,8,21,11,118,24.0,1,1,1,1,8,11,26,20,3,9,12,94,95,8,52,30,37,9,75,2,7,88,63,95,16,6,1.0
2022-23,1610612743,DEN,Denver Nuggets,0022201201,2023-04-06T00:00:00,DEN @ PHX,L,48.0,44,83,0.53,8,23,0.348,19,23,0.826,9,29,38,24,13.0,7,2,6,19,16,115,-4.0,1,75,75,75,5,39,75,30,89,99,66,28,40,33,67,83,84,81,40,54,88,82,53,87,53,82,1.0
2022-23,1610612748,MIA,Miami Heat,0022201198,2023-04-06T00:00:00,MIA @ PHI,W,48.0,49,88,0.557,18,39,0.462,13,15,0.867,10,32,42,39,11.0,3,0,4,13,18,129,28.0,1,1,1,1,7,4,40,5,4,21,13,94,104,36,49,48,50,1,26,114,116,51,7,77,5,2,1.0
2022-23,1610612760,OKC,Oklahoma City Thunder,0022201200,2023-04-06T00:00:00,OKC @ UTA,W,48.0,39,97,0.402,15,45,0.333,21,26,0.808,17,33,50,29,13.0,12,2,2,17,23,114,16.0,1,1,1,1,7,70,16,81,18,2,54,27,27,50,5,42,15,13,46,5,79,5,12,24,54,12,1.0
2022-23,1610612753,ORL,Orlando Magic,0022201197,2023-04-06T00:00:00,ORL vs. CLE,L,48.0,33,83,0.398,13,39,0.333,15,19,0.789,9,30,39,21,22.0,8,8,7,11,21,94,-24.0,1,41,41,41,5,83,60,83,19,8,51,70,73,42,51,63,70,58,89,35,6,70,1,40,83,90,1.0
2022-23,1610612755,PHI,Philadelphia 76ers,0022201198,2023-04-06T00:00:00,PHI vs. MIA,L,48.0,39,76,0.513,10,36,0.278,13,15,0.867,3,29,32,23,17.0,7,4,0,18,13,101,-28.0,1,70,70,70,8,55,92,23,74,24,87,91,98,34,103,72,95,57,80,61,56,1,30,100,83,103,1.0
2022-23,1610612756,PHX,Phoenix Suns,0022201201,2023-04-06T00:00:00,PHX vs. DEN,W,48.0,41,79,0.519,17,36,0.472,20,25,0.8,7,26,33,26,10.0,4,6,2,16,19,119,4.0,1,1,1,1,5,56,92,17,8,26,12,34,33,49,87,88,99,48,17,84,35,10,8,63,33,47,1.0
2022-23,1610612757,POR,Portland Trail Blazers,0022201199,2023-04-06T00:00:00,POR @ SAS,L,48.0,51,96,0.531,10,28,0.357,15,18,0.833,8,28,36,34,16.0,7,14,4,22,12,127,-2.0,1,39,39,39,3,2,4,15,60,77,47,69,77,29,59,63,70,1,49,37,1,35,58,90,14,41,1.0
2022-23,1610612759,SAS,San Antonio Spurs,0022201199,2023-04-06T00:00:00,SAS vs. POR,W,48.0,47,106,0.443,10,35,0.286,25,28,0.893,18,29,47,29,15.0,9,4,14,12,22,129,2.0,1,1,1,1,7,19,6,59,50,30,69,3,15,5,5,61,27,27,35,15,34,92,1,19,8,23,1.0
2022-23,1610612762,UTA,Utah Jazz,0022201200,2023-04-06T00:00:00,UTA vs. OKC,L,48.0,41,83,0.494,5,31,0.161,11,16,0.688,7,38,45,24,19.0,5,2,2,23,17,98,-16.0,1,42,42,42,6,49,73,28,94,78,94,81,81,74,82,19,50,49,75,54,79,4,64,72,82,85,1.0
2022-23,1610612737,ATL,Atlanta Hawks,0022201205,2023-04-07T00:00:00,ATL vs. PHI,L,53.0,51,92,0.554,10,33,0.303,19,28,0.679,4,34,38,32,21.0,11,7,2,19,22,131,-5.0,1,49,49,49,2,8,45,12,56,33,69,37,14,92,94,40,82,3,98,8,14,5,49,20,11,61,1.0
2022-23,1610612738,BOS,Boston Celtics,0022201206,2023-04-07T00:00:00,BOS vs. TOR,W,48.0,45,81,0.556,15,44,0.341,16,21,0.762,13,40,53,37,21.0,4,7,2,14,17,121,19.0,1,1,1,1,15,27,93,10,60,42,71,56,51,77,15,17,13,3,110,81,23,11,11,72,41,16,1.0
2022-23,1610612751,BKN,Brooklyn Nets,0022201207,2023-04-07T00:00:00,BKN vs. ORL,W,48.0,35,89,0.393,9,42,0.214,22,25,0.88,10,35,45,27,10.0,14,3,6,12,19,101,17.0,1,1,1,1,3,78,20,89,73,7,93,24,31,18,23,18,18,22,13,2,76,79,1,40,76,9,1.0
2022-23,1610612766,CHA,Charlotte Hornets,0022201202,2023-04-07T00:00:00,CHA vs. HOU,L,48.0,38,88,0.432,13,41,0.317,20,27,0.741,7,34,41,22,17.0,10,9,9,21,23,109,-3.0,1,30,30,30,6,61,48,56,17,7,51,25,28,46,76,41,65,62,65,22,8,76,53,19,47,31,1.0
2022-23,1610612741,CHI,Chicago Bulls,0022201210,2023-04-07T00:00:00,CHI @ DAL,W,48.0,46,88,0.523,11,31,0.355,12,18,0.667,8,42,50,24,12.0,6,4,3,15,15,115,3.0,1,1,1,1,8,19,33,25,36,26,47,79,69,84,41,7,11,46,28,62,41,14,11,79,40,44,1.0
2022-23,1610612742,DAL,Dallas Mavericks,0022201210,2023-04-07T00:00:00,DAL vs. CHI,L,48.0,42,93,0.452,18,55,0.327,10,13,0.769,7,36,43,23,10.0,7,3,4,15,15,112,-3.0,1,41,41,41,10,29,7,57,15,2,63,84,89,45,44,15,18,42,18,29,44,38,6,88,44,52,1.0
2022-23,1610612765,DET,Detroit Pistons,0022201203,2023-04-07T00:00:00,DET @ IND,W,48.0,44,90,0.489,13,31,0.419,21,26,0.808,10,32,42,24,13.0,12,6,3,24,22,122,7.0,1,1,1,1,5,10,25,23,31,55,23,35,42,32,45,37,39,33,21,1,13,13,59,31,11,11,1.0
2022-23,1610612744,GSW,Golden State Warriors,0022201211,2023-04-07T00:00:00,GSW @ SAC,W,48.0,41,78,0.526,16,36,0.444,21,24,0.875,10,37,47,36,24.0,6,7,3,22,16,119,22.0,1,1,1,1,6,60,96,18,47,80,15,20,29,21,51,29,36,9,106,65,4,29,49,81,47,9,1.0
2022-23,1610612745,HOU,Houston Rockets,0022201202,2023-04-07T00:00:00,HOU @ CHA,W,48.0,42,89,0.472,7,21,0.333,21,28,0.75,14,34,48,21,19.0,11,9,9,23,21,112,3.0,1,1,1,1,3,30,39,31,71,87,37,24,29,40,35,36,33,52,67,10,4,76,64,34,39,22,1.0
2022-23,1610612754,IND,Indiana Pacers,0022201203,2023-04-07T00:00:00,IND vs. DET,L,48.0,41,83,0.494,11,31,0.355,22,28,0.786,9,33,42,29,19.0,7,3,6,22,24,115,-7.0,1,40,40,40,4,43,70,30,58,69,48,21,19,44,53,35,40,23,74,47,78,49,51,12,45,58,1.0
2022-23,1610612747,LAL,Los Angeles Lakers,0022201212,2023-04-07T00:00:00,LAL vs. PHX,W,48.0,45,92,0.489,18,36,0.5,13,17,0.765,10,44,54,25,16.0,6,6,10,12,12,121,14.0,1,1,1,1,10,25,29,41,2,22,3,99,97,63,46,7,12,48,73,53,32,110,6,113,35,15,1.0
2022-23,1610612763,MEM,Memphis Grizzlies,0022201208,2023-04-07T00:00:00,MEM @ MIL,W,48.0,53,93,0.57,20,42,0.476,11,15,0.733,11,33,44,39,12.0,9,6,3,20,15,137,23.0,1,1,1,1,6,3,34,5,2,8,6,86,85,60,54,58,62,1,31,40,38,11,47,90,3,9,1.0
2022-23,1610612748,MIA,Miami Heat,0022201204,2023-04-07T00:00:00,MIA @ WAS,L,48.0,43,98,0.439,15,47,0.319,7,12,0.583,14,33,47,26,16.0,7,4,3,29,18,108,-6.0,1,66,66,66,7,25,5,71,21,6,72,117,114,118,11,39,13,29,89,59,25,29,116,77,61,84,1.0
2022-23,1610612749,MIL,Milwaukee Bucks,0022201208,2023-04-07T00:00:00,MIL vs. MEM,L,48.0,42,92,0.457,21,49,0.429,9,11,0.818,11,27,38,30,19.0,5,3,6,15,20,114,-23.0,1,63,63,63,7,44,30,54,9,9,21,86,91,18,40,94,86,13,79,56,64,80,18,38,50,91,1.0
2022-23,1610612740,NOP,New Orleans Pelicans,0022201209,2023-04-07T00:00:00,NOP vs. NYK,W,48.0,42,79,0.532,10,28,0.357,19,20,0.95,4,39,43,27,12.0,4,7,2,17,17,113,8.0,1,1,1,1,8,36,81,12,52,55,49,46,68,2,88,15,50,34,22,85,9,9,13,73,45,34,1.0
2022-23,1610612752,NYK,New York Knicks,0022201209,2023-04-07T00:00:00,NYK @ NOP,L,48.0,38,88,0.432,14,43,0.326,15,20,0.75,7,30,37,19,10.0,5,2,7,17,17,105,-8.0,1,60,60,60,11,64,49,75,31,8,54,74,81,52,88,81,92,72,14,66,81,83,22,82,73,82,1.0
2022-23,1610612753,ORL,Orlando Magic,0022201207,2023-04-07T00:00:00,ORL @ BKN,L,48.0,31,87,0.356,7,38,0.184,15,17,0.882,15,42,57,17,21.0,6,6,3,19,12,84,-17.0,1,41,41,41,5,89,33,92,81,10,90,70,82,12,6,3,1,83,87,63,19,13,31,92,91,79,1.0
2022-23,1610612755,PHI,Philadelphia 76ers,0022201205,2023-04-07T00:00:00,PHI @ ATL,W,53.0,51,102,0.5,11,22,0.5,23,29,0.793,13,39,52,33,20.0,10,2,7,22,19,136,5.0,1,1,1,1,3,4,2,34,61,103,4,32,21,77,16,8,9,4,94,21,91,83,61,54,6,46,1.0
2022-23,1610612756,PHX,Phoenix Suns,0022201212,2023-04-07T00:00:00,PHX @ LAL,L,48.0,43,104,0.413,9,36,0.25,12,14,0.857,13,34,47,23,9.0,7,10,6,12,12,107,-14.0,1,56,56,56,5,33,3,90,72,26,94,85,89,27,30,33,33,71,8,43,2,77,1,97,65,87,1.0
2022-23,1610612758,SAC,Sacramento Kings,0022201211,2023-04-07T00:00:00,SAC vs. GSW,L,48.0,38,98,0.388,11,39,0.282,10,18,0.556,18,22,40,24,12.0,10,3,7,16,22,97,-22.0,1,62,62,62,6,75,11,98,68,39,83,97,82,99,2,97,63,60,32,15,54,84,13,41,91,99,1.0
2022-23,1610612761,TOR,Toronto Raptors,0022201206,2023-04-07T00:00:00,TOR @ BOS,L,48.0,40,93,0.43,9,31,0.29,13,17,0.765,12,23,35,21,8.0,12,2,7,17,14,102,-19.0,1,49,49,49,8,53,29,68,55,49,61,73,72,51,47,88,83,57,11,13,83,79,16,80,74,90,1.0
2022-23,1610612764,WAS,Washington Wizards,0022201204,2023-04-07T00:00:00,WAS vs. MIA,W,48.0,39,84,0.464,7,33,0.212,29,37,0.784,12,38,50,23,17.0,4,3,4,18,29,114,6.0,1,1,1,1,4,59,50,56,73,33,88,3,3,48,19,13,16,56,65,80,66,27,29,2,39,29,1.0
2022-23,1610612743,DEN,Denver Nuggets,0022201213,2023-04-08T00:00:00,DEN @ UTA,L,48.0,41,90,0.456,15,46,0.326,17,24,0.708,5,36,41,32,14.0,7,9,2,20,18,114,-4.0,1,75,75,75,5,69,22,88,15,1,82,45,35,80,101,28,64,19,52,54,4,4,65,70,59,82,1.0
2022-23,1610612750,MIN,Minnesota Timberwolves,0022201214,2023-04-08T00:00:00,MIN @ SAS,W,48.0,56,101,0.554,24,43,0.558,15,21,0.714,11,34,45,42,7.0,8,8,4,18,16,151,20.0,1,1,1,1,8,2,3,13,1,5,3,68,66,73,21,41,27,1,3,45,10,37,13,84,1,6,1.0
2022-23,1610612757,POR,Portland Trail Blazers,0022201215,2023-04-08T00:00:00,POR @ LAC,L,48.0,47,89,0.528,14,32,0.438,17,23,0.739,7,27,34,32,10.0,8,4,5,20,17,125,-11.0,1,39,39,39,3,10,21,16,26,61,16,56,53,66,71,68,77,4,11,29,45,48,39,77,17,64,1.0
2022-23,1610612759,SAS,San Antonio Spurs,0022201214,2023-04-08T00:00:00,SAS vs. MIN,L,48.0,50,95,0.526,13,29,0.448,18,24,0.75,10,35,45,34,13.0,5,4,8,16,18,131,-20.0,1,25,25,25,7,9,32,17,18,59,9,27,30,40,57,26,38,5,19,68,34,76,9,47,6,71,1.0
2022-23,1610612762,UTA,Utah Jazz,0022201213,2023-04-08T00:00:00,UTA vs. DEN,W,48.0,44,100,0.44,11,35,0.314,19,23,0.826,17,42,59,30,16.0,9,2,9,18,20,118,4.0,1,1,1,1,6,29,8,64,58,54,56,40,46,29,10,2,3,14,42,13,79,87,25,47,36,29,1.0
2022-23,1610612737,ATL,Atlanta Hawks,0022201216,2023-04-09T00:00:00,ATL @ BOS,L,48.0,44,97,0.454,11,39,0.282,15,19,0.789,16,34,50,27,9.0,11,5,3,12,13,114,-6.0,1,49,49,49,7,45,22,67,44,5,77,66,64,61,13,40,15,26,8,8,34,14,4,95,60,62,1.0
2022-23,1610612738,BOS,Boston Celtics,0022201216,2023-04-09T00:00:00,BOS vs. ATL,W,48.0,42,89,0.472,25,54,0.463,11,14,0.786,12,35,47,33,15.0,5,3,5,13,12,120,6.0,1,1,1,1,15,47,40,58,3,4,14,89,93,69,21,54,37,8,66,61,87,72,6,105,46,55,1.0
2022-23,1610612751,BKN,Brooklyn Nets,0022201217,2023-04-09T00:00:00,BKN vs. PHI,L,48.0,35,83,0.422,12,32,0.375,23,28,0.821,10,32,42,22,19.0,6,6,5,22,23,105,-29.0,1,51,51,51,3,78,47,77,45,54,43,19,19,36,23,46,31,62,84,53,37,66,59,12,66,90,1.0
2022-23,1610612766,CHA,Charlotte Hornets,0022201218,2023-04-09T00:00:00,CHA @ CLE,W,48.0,37,81,0.457,6,32,0.188,26,30,0.867,10,39,49,23,19.0,8,5,5,14,24,106,11.0,1,1,1,1,6,72,81,44,82,44,88,1,10,13,56,13,20,58,81,32,39,38,3,12,55,5,1.0
2022-23,1610612741,CHI,Chicago Bulls,0022201223,2023-04-09T00:00:00,CHI vs. DET,W,48.0,40,95,0.421,6,30,0.2,17,22,0.773,11,37,48,21,4.0,15,7,3,16,16,103,22.0,1,1,1,1,8,62,6,83,80,36,88,47,42,61,18,23,17,63,2,1,11,14,17,71,70,7,1.0
2022-23,1610612739,CLE,Cleveland Cavaliers,0022201218,2023-04-09T00:00:00,CLE vs. CHA,L,48.0,35,89,0.393,10,37,0.27,15,16,0.938,11,33,44,27,16.0,9,5,5,24,14,95,-11.0,1,57,57,57,8,81,21,90,53,12,77,59,82,3,30,30,24,28,71,14,34,49,88,90,85,82,1.0
2022-23,1610612742,DAL,Dallas Mavericks,0022201224,2023-04-09T00:00:00,DAL vs. SAS,L,48.0,46,108,0.426,17,53,0.321,8,16,0.5,8,38,46,28,4.0,4,3,3,21,13,117,-21.0,1,41,41,41,10,9,1,75,25,5,68,88,83,88,29,6,11,8,1,68,44,24,44,90,34,87,1.0
2022-23,1610612743,DEN,Denver Nuggets,0022201227,2023-04-09T00:00:00,DEN vs. SAC,W,48.0,42,84,0.5,7,28,0.25,18,25,0.72,15,36,51,25,20.0,11,2,6,15,18,109,14.0,1,1,1,1,5,58,67,51,98,73,103,36,28,77,11,28,11,78,103,11,88,82,12,70,76,21,1.0
2022-23,1610612765,DET,Detroit Pistons,0022201223,2023-04-09T00:00:00,DET @ CHI,L,48.0,31,85,0.365,9,33,0.273,10,13,0.769,15,44,59,20,25.0,1,3,7,16,16,81,-22.0,1,21,21,21,5,84,51,90,60,39,71,86,89,53,13,2,3,65,91,89,47,64,5,81,89,79,1.0
2022-23,1610612744,GSW,Golden State Warriors,0022201230,2023-04-09T00:00:00,GSW @ POR,W,48.0,58,96,0.604,27,49,0.551,14,16,0.875,9,49,58,47,16.0,13,6,3,18,9,157,56.0,1,1,1,1,6,1,20,1,1,19,1,67,80,21,62,2,6,1,47,2,9,29,11,108,1,1,1.0
2022-23,1610612745,HOU,Houston Rockets,0022201222,2023-04-09T00:00:00,HOU @ WAS,W,48.0,44,90,0.489,6,21,0.286,20,28,0.714,13,38,51,24,15.0,8,6,5,15,21,114,5.0,1,1,1,1,3,19,32,21,81,87,66,31,29,59,45,14,16,27,34,41,19,24,6,34,28,18,1.0
2022-23,1610612754,IND,Indiana Pacers,0022201220,2023-04-09T00:00:00,IND @ NYK,W,48.0,46,89,0.517,19,34,0.559,30,38,0.789,8,36,44,33,15.0,8,9,8,24,24,141,5.0,1,1,1,1,4,14,45,17,7,56,2,2,2,41,58,16,31,6,40,35,10,74,66,12,2,26,1.0
2022-23,1610612747,LAL,Los Angeles Lakers,0022201228,2023-04-09T00:00:00,LAL vs. UTA,W,48.0,47,97,0.485,18,45,0.4,16,21,0.762,10,39,49,28,11.0,4,7,4,9,16,128,11.0,1,1,1,1,10,18,4,46,2,2,30,81,80,64,46,29,34,23,23,86,20,39,1,104,14,19,1.0
2022-23,1610612763,MEM,Memphis Grizzlies,0022201226,2023-04-09T00:00:00,MEM @ OKC,L,48.0,40,92,0.435,7,37,0.189,13,18,0.722,11,32,43,25,12.0,8,4,2,16,17,100,-15.0,1,61,61,61,6,64,41,73,89,27,98,77,74,70,54,67,70,50,31,47,65,5,9,70,88,88,1.0
2022-23,1610612748,MIA,Miami Heat,0022201219,2023-04-09T00:00:00,MIA vs. ORL,W,48.0,45,83,0.542,18,44,0.409,15,20,0.75,7,37,44,30,18.0,10,3,1,20,17,123,13.0,1,1,1,1,7,13,67,7,4,9,22,84,74,90,94,14,34,12,107,23,52,5,68,95,12,15,1.0
2022-23,1610612749,MIL,Milwaukee Bucks,0022201221,2023-04-09T00:00:00,MIL @ TOR,L,48.0,38,82,0.463,12,34,0.353,17,21,0.81,7,31,38,28,14.0,5,2,2,13,19,105,-16.0,1,63,63,63,7,68,83,50,69,75,57,39,50,26,78,80,86,24,39,56,79,11,4,47,73,83,1.0
2022-23,1610612750,MIN,Minnesota Timberwolves,0022201225,2023-04-09T00:00:00,MIN vs. NOP,W,48.0,39,82,0.476,13,36,0.361,22,31,0.71,8,34,42,25,17.0,7,8,3,22,24,113,5.0,1,1,1,1,8,70,68,50,28,28,46,18,13,76,52,41,47,45,63,54,10,22,50,15,48,34,1.0
2022-23,1610612740,NOP,New Orleans Pelicans,0022201225,2023-04-09T00:00:00,NOP @ MIN,L,48.0,40,90,0.444,3,21,0.143,25,29,0.862,11,38,49,18,15.0,13,3,8,24,22,108,-5.0,1,50,50,50,8,58,30,70,92,88,92,17,25,21,39,19,22,88,42,5,63,78,73,33,62,58,1.0
2022-23,1610612752,NYK,New York Knicks,0022201220,2023-04-09T00:00:00,NYK vs. IND,L,48.0,52,108,0.481,15,40,0.375,17,22,0.773,19,34,53,29,15.0,8,8,9,24,24,136,-5.0,1,60,60,60,11,3,2,41,23,22,37,62,68,44,7,36,16,9,69,25,5,97,79,16,5,67,1.0
2022-23,1610612760,OKC,Oklahoma City Thunder,0022201226,2023-04-09T00:00:00,OKC vs. MEM,W,48.0,45,90,0.5,12,36,0.333,13,16,0.813,8,41,49,30,16.0,5,2,4,17,16,115,15.0,1,1,1,1,7,24,55,23,39,38,54,83,85,47,79,5,21,11,69,81,79,25,12,85,48,16,1.0
2022-23,1610612753,ORL,Orlando Magic,0022201219,2023-04-09T00:00:00,ORL @ MIA,L,48.0,38,90,0.422,17,47,0.362,17,24,0.708,13,30,43,29,14.0,13,1,3,17,20,110,-13.0,1,41,41,41,5,60,24,72,2,3,38,58,47,73,15,63,45,7,35,2,87,13,15,49,46,73,1.0
2022-23,1610612755,PHI,Philadelphia 76ers,0022201217,2023-04-09T00:00:00,PHI @ BKN,W,48.0,53,101,0.525,14,32,0.438,14,19,0.737,13,37,50,31,13.0,10,5,6,23,22,134,29.0,1,1,1,1,8,3,3,17,31,53,27,86,76,96,16,14,11,7,46,21,40,65,69,24,7,4,1.0
2022-23,1610612756,PHX,Phoenix Suns,0022201229,2023-04-09T00:00:00,PHX vs. LAC,L,48.0,42,99,0.424,14,37,0.378,16,22,0.727,12,35,47,29,7.0,4,3,5,21,18,114,-5.0,1,56,56,56,5,46,9,83,21,19,41,60,49,77,42,30,33,31,2,84,78,63,41,74,49,69,1.0
2022-23,1610612757,POR,Portland Trail Blazers,0022201230,2023-04-09T00:00:00,POR vs. GSW,L,48.0,38,95,0.4,9,35,0.257,16,24,0.667,6,24,30,25,14.0,5,3,6,9,18,101,-56.0,1,39,39,39,3,54,5,82,69,43,82,61,49,83,74,82,87,35,38,58,63,69,1,66,71,92,1.0
2022-23,1610612758,SAC,Sacramento Kings,0022201227,2023-04-09T00:00:00,SAC @ DEN,L,48.0,37,85,0.435,11,43,0.256,10,15,0.667,10,24,34,24,15.0,7,6,2,18,15,95,-14.0,1,62,62,62,6,78,64,81,68,17,90,97,90,84,44,95,90,60,56,52,9,10,25,92,93,91,1.0
2022-23,1610612759,SAS,San Antonio Spurs,0022201224,2023-04-09T00:00:00,SAS @ DAL,W,48.0,51,104,0.49,15,38,0.395,21,30,0.7,13,56,69,31,12.0,2,3,3,13,21,138,21.0,1,1,1,1,7,4,11,29,10,13,21,16,10,62,34,1,1,14,12,88,53,14,3,26,2,1,1.0
2022-23,1610612761,TOR,Toronto Raptors,0022201221,2023-04-09T00:00:00,TOR vs. MIL,W,48.0,48,95,0.505,11,33,0.333,14,16,0.875,7,38,45,29,9.0,8,2,2,19,13,121,16.0,1,1,1,1,8,8,23,15,33,34,45,71,77,12,84,8,33,10,19,58,83,6,32,83,21,11,1.0
2022-23,1610612762,UTA,Utah Jazz,0022201228,2023-04-09T00:00:00,UTA @ LAL,L,48.0,51,101,0.505,10,35,0.286,5,6,0.833,7,38,45,31,11.0,4,4,7,16,9,117,-11.0,1,42,42,42,6,3,7,24,68,54,74,93,93,25,82,19,50,8,8,70,56,72,10,94,45,77,1.0
2022-23,1610612764,WAS,Washington Wizards,0022201222,2023-04-09T00:00:00,WAS vs. HOU,L,48.0,41,97,0.423,14,45,0.311,13,21,0.619,14,37,51,28,13.0,11,5,6,21,15,109,-5.0,1,40,40,40,4,46,8,79,19,3,57,68,49,85,9,21,12,20,32,6,36,58,59,80,54,48,1.0
2022-23,1610612737,ATL,Atlanta Hawks,0052200101,2023-04-11T00:00:00,ATL @ MIA,W,48.0,45,96,0.469,10,41,0.244,16,27,0.593,22,41,63,26,12.0,5,8,4,21,19,116,11.0,1,1,1,1,7,32,27,51,56,2,86,59,19,96,1,3,1,31,36,65,6,31,63,46,52,17,1.0
2022-23,1610612747,LAL,Los Angeles Lakers,0052200121,2023-04-11T00:00:00,LAL vs. MIN,W,53.0,38,92,0.413,10,31,0.323,22,24,0.917,12,36,48,27,21.0,8,7,11,15,26,108,6.0,1,1,1,1,2,83,29,100,54,53,63,39,66,4,22,50,38,30,103,21,20,112,18,15,79,38,1.0
2022-23,1610612748,MIA,Miami Heat,0052200101,2023-04-11T00:00:00,MIA vs. ATL,L,48.0,39,91,0.429,11,34,0.324,16,20,0.8,6,33,39,24,8.0,7,4,8,19,21,105,-11.0,1,66,66,66,7,49,28,83,65,59,67,76,74,69,103,39,69,48,7,59,25,108,57,50,71,100,1.0
2022-23,1610612750,MIN,Minnesota Timberwolves,0052200121,2023-04-11T00:00:00,MIN @ LAL,L,53.0,36,83,0.434,16,41,0.39,14,15,0.933,4,33,37,30,24.0,13,11,7,26,15,102,-6.0,1,51,51,51,2,87,60,80,13,10,29,72,88,3,90,48,70,17,98,5,1,85,84,89,84,63,1.0
2022-23,1610612741,CHI,Chicago Bulls,0052200111,2023-04-12T00:00:00,CHI @ TOR,W,48.0,42,86,0.488,7,26,0.269,18,22,0.818,8,28,36,20,11.0,9,10,5,22,18,109,4.0,1,1,1,1,8,49,48,50,67,60,75,38,42,44,41,75,73,72,19,24,2,46,68,48,60,41,1.0
2022-23,1610612740,NOP,New Orleans Pelicans,0052200131,2023-04-12T00:00:00,NOP vs. OKC,L,48.0,42,87,0.483,9,28,0.321,25,30,0.833,14,34,48,27,11.0,5,4,5,23,19,118,-5.0,1,50,50,50,8,36,41,45,61,55,61,17,22,28,16,39,28,34,15,77,43,47,68,58,33,58,1.0
2022-23,1610612760,OKC,Oklahoma City Thunder,0052200131,2023-04-12T00:00:00,OKC @ NOP,W,48.0,42,92,0.457,11,37,0.297,28,32,0.875,13,25,38,25,7.0,7,5,4,19,23,123,5.0,1,1,1,1,7,44,45,54,49,29,74,8,13,17,21,90,78,34,2,62,30,25,31,24,26,41,1.0
2022-23,1610612761,TOR,Toronto Raptors,0052200111,2023-04-12T00:00:00,TOR vs. CHI,L,48.0,38,87,0.437,11,31,0.355,18,36,0.5,16,34,50,23,16.0,5,5,10,18,22,105,-4.0,1,49,49,49,8,63,59,61,33,49,39,41,7,93,18,17,13,45,78,85,39,89,24,28,66,59,1.0
2022-23,1610612741,CHI,Chicago Bulls,0052200201,2023-04-14T00:00:00,CHI @ MIA,L,48.0,36,82,0.439,8,28,0.286,11,15,0.733,5,32,37,24,11.0,5,3,2,25,20,91,-11.0,1,49,49,49,8,80,69,78,63,44,69,82,82,75,76,52,70,46,19,78,59,6,84,34,86,73,1.0
2022-23,1610612748,MIA,Miami Heat,0052200201,2023-04-14T00:00:00,MIA vs. CHI,W,48.0,32,78,0.41,10,30,0.333,28,32,0.875,10,41,51,19,13.0,7,2,3,20,25,102,11.0,1,1,1,1,7,105,100,95,80,87,58,8,9,33,49,3,4,95,53,59,81,29,68,10,84,19,1.0
2022-23,1610612750,MIN,Minnesota Timberwolves,0052200211,2023-04-14T00:00:00,MIN vs. OKC,W,48.0,43,83,0.518,13,32,0.406,21,26,0.808,9,38,47,29,17.0,11,8,6,15,20,120,25.0,1,1,1,1,8,35,60,25,28,56,24,30,32,32,40,14,17,21,63,17,10,72,3,50,26,2,1.0
2022-23,1610612760,OKC,Oklahoma City Thunder,0052200211,2023-04-14T00:00:00,OKC @ MIN,L,48.0,32,89,0.36,13,40,0.325,18,20,0.9,12,30,42,19,18.0,9,6,8,20,15,95,-25.0,1,52,52,52,7,91,58,97,31,13,65,46,68,11,35,57,51,80,79,29,14,79,40,90,90,95,1.0
2022-23,1610612737,ATL,Atlanta Hawks,0042200111,2023-04-15T00:00:00,ATL @ BOS,L,48.0,38,98,0.388,5,29,0.172,18,22,0.818,14,31,45,23,11.0,13,4,7,17,15,99,-13.0,1,49,49,49,7,85,18,93,94,54,96,42,42,46,20,63,39,62,26,1,51,74,26,86,90,85,1.0
2022-23,1610612738,BOS,Boston Celtics,0042200111,2023-04-15T00:00:00,BOS vs. ATL,W,48.0,42,88,0.477,13,33,0.394,15,18,0.833,12,46,58,25,17.0,6,7,4,15,17,112,13.0,1,1,1,1,15,47,46,50,71,99,47,65,72,46,21,3,4,64,89,47,23,51,19,72,69,27,1.0
2022-23,1610612751,BKN,Brooklyn Nets,0042200121,2023-04-15T00:00:00,BKN @ PHI,L,48.0,39,70,0.557,13,29,0.448,10,15,0.667,5,30,35,23,20.0,3,5,3,15,17,101,-20.0,1,51,51,51,3,54,93,9,36,67,17,90,81,86,65,65,73,57,88,85,53,23,9,63,76,87,1.0
2022-23,1610612739,CLE,Cleveland Cavaliers,0042200131,2023-04-15T00:00:00,CLE vs. NYK,L,48.0,36,83,0.434,10,31,0.323,15,21,0.714,11,27,38,20,14.0,9,2,1,17,20,97,-4.0,1,57,57,57,8,76,57,77,53,47,59,59,49,73,30,73,65,73,53,14,82,2,23,43,81,66,1.0
2022-23,1610612744,GSW,Golden State Warriors,0042200161,2023-04-15T00:00:00,GSW @ SAC,L,48.0,43,90,0.478,16,50,0.32,21,27,0.778,9,32,41,31,15.0,7,7,3,25,23,123,-3.0,1,55,55,55,6,42,50,48,47,12,81,20,13,57,62,60,71,32,36,51,4,29,86,14,27,58,1.0
2022-23,1610612752,NYK,New York Knicks,0042200131,2023-04-15T00:00:00,NYK @ CLE,W,48.0,37,88,0.42,8,29,0.276,19,22,0.864,17,34,51,18,16.0,11,1,2,20,17,101,4.0,1,1,1,1,11,71,49,81,85,85,79,47,68,15,14,36,22,78,76,11,93,7,46,82,83,45,1.0
2022-23,1610612755,PHI,Philadelphia 76ers,0042200121,2023-04-15T00:00:00,PHI vs. BKN,W,48.0,42,89,0.472,21,43,0.488,16,16,1.0,14,24,38,32,9.0,14,3,5,17,15,121,20.0,1,1,1,1,8,31,20,57,1,3,6,72,92,1,9,99,71,5,11,4,72,50,19,87,21,10,1.0
2022-23,1610612758,SAC,Sacramento Kings,0042200161,2023-04-15T00:00:00,SAC vs. GSW,W,48.0,44,98,0.449,12,32,0.375,26,32,0.813,17,33,50,18,13.0,10,3,7,23,25,126,3.0,1,1,1,1,6,45,11,75,55,74,42,12,10,43,4,43,13,97,43,15,54,84,76,11,28,51,1.0
2022-23,1610612743,DEN,Denver Nuggets,0042200141,2023-04-16T00:00:00,DEN vs. MIN,W,48.0,41,90,0.456,16,39,0.41,11,17,0.647,11,43,54,24,11.0,6,4,6,20,16,109,29.0,1,1,1,1,5,69,22,88,10,6,35,98,93,93,37,5,8,81,18,69,55,82,65,87,76,3,1.0
2022-23,1610612747,LAL,Los Angeles Lakers,0042200151,2023-04-16T00:00:00,LAL @ MEM,W,48.0,49,92,0.533,16,37,0.432,14,16,0.875,10,35,45,25,16.0,7,11,2,18,19,128,16.0,1,1,1,1,10,7,29,18,9,18,18,95,103,14,46,59,51,48,73,40,2,5,49,77,14,12,1.0
2022-23,1610612763,MEM,Memphis Grizzlies,0042200151,2023-04-16T00:00:00,MEM vs. LAL,L,48.0,42,89,0.472,13,36,0.361,15,16,0.938,6,28,34,24,12.0,6,2,11,19,18,112,-16.0,1,61,61,61,6,49,62,47,29,34,37,65,83,3,91,86,94,60,31,70,91,97,34,59,54,90,1.0
2022-23,1610612748,MIA,Miami Heat,0042200101,2023-04-16T00:00:00,MIA @ MIL,W,48.0,50,84,0.595,15,25,0.6,15,21,0.714,4,32,36,32,16.0,6,1,4,24,22,130,13.0,1,1,1,1,7,1,62,2,21,112,1,84,69,103,117,48,90,6,89,86,107,51,103,37,3,15,1.0
2022-23,1610612749,MIL,Milwaukee Bucks,0042200101,2023-04-16T00:00:00,MIL vs. MIA,L,48.0,45,91,0.495,11,45,0.244,16,22,0.727,8,30,38,29,13.0,3,4,1,22,24,117,-13.0,1,63,63,63,7,28,36,30,78,23,92,49,44,58,65,84,86,17,29,88,50,4,76,12,41,81,1.0
2022-23,1610612750,MIN,Minnesota Timberwolves,0042200141,2023-04-16T00:00:00,MIN @ DEN,L,48.0,30,81,0.37,11,36,0.306,9,16,0.563,5,33,38,18,12.0,6,6,4,16,20,80,-29.0,1,51,51,51,8,95,72,97,50,28,76,95,83,93,84,48,68,92,18,69,29,37,5,50,97,98,1.0
2022-23,1610612756,PHX,Phoenix Suns,0042200171,2023-04-16T00:00:00,PHX vs. LAC,L,48.0,39,82,0.476,6,19,0.316,26,33,0.788,6,36,42,27,10.0,8,9,4,25,21,110,-5.0,1,56,56,56,5,68,85,46,94,101,68,8,8,55,94,22,58,44,17,29,5,45,79,43,62,69,1.0
2022-23,1610612751,BKN,Brooklyn Nets,0042200122,2023-04-17T00:00:00,BKN @ PHI,L,48.0,30,80,0.375,13,42,0.31,11,17,0.647,5,28,33,24,9.0,10,1,7,20,22,84,-12.0,1,51,51,51,3,91,66,94,36,7,76,85,74,90,65,78,85,51,6,14,93,86,38,18,93,80,1.0
2022-23,1610612744,GSW,Golden State Warriors,0042200162,2023-04-17T00:00:00,GSW @ SAC,L,48.0,39,82,0.476,13,40,0.325,15,18,0.833,9,32,41,18,22.0,6,2,5,26,25,106,-8.0,1,55,55,55,6,76,88,53,71,63,77,55,67,34,62,60,71,98,100,65,85,67,91,7,83,76,1.0
2022-23,1610612755,PHI,Philadelphia 76ers,0042200122,2023-04-17T00:00:00,PHI vs. BKN,W,48.0,36,80,0.45,11,35,0.314,13,16,0.813,13,43,56,21,19.0,8,7,1,22,20,96,12.0,1,1,1,1,8,79,67,67,61,36,77,91,92,66,16,5,2,70,87,46,15,4,61,43,93,21,1.0
2022-23,1610612758,SAC,Sacramento Kings,0042200162,2023-04-17T00:00:00,SAC vs. GSW,W,48.0,42,92,0.457,9,38,0.237,21,29,0.724,12,29,41,22,14.0,11,5,2,25,26,114,8.0,1,1,1,1,6,52,26,72,86,46,97,36,24,76,26,78,58,76,47,7,14,10,85,3,63,33,1.0
2022-23,1610612737,ATL,Atlanta Hawks,0042200112,2023-04-18T00:00:00,ATL @ BOS,L,48.0,43,101,0.426,16,48,0.333,4,8,0.5,19,30,49,21,16.0,10,4,12,11,8,106,-13.0,1,49,49,49,7,59,10,87,3,1,57,98,98,98,7,70,19,78,72,15,51,96,2,98,81,85,1.0
2022-23,1610612738,BOS,Boston Celtics,0042200112,2023-04-18T00:00:00,BOS vs. ATL,W,48.0,48,86,0.558,15,33,0.455,8,10,0.8,5,39,44,28,16.0,10,12,4,8,11,119,13.0,1,1,1,1,15,13,66,9,60,99,19,104,105,62,97,26,54,33,84,9,1,51,1,108,48,27,1.0
2022-23,1610612739,CLE,Cleveland Cavaliers,0042200132,2023-04-18T00:00:00,CLE vs. NYK,W,48.0,38,77,0.494,14,33,0.424,17,21,0.81,11,32,43,26,18.0,10,7,5,22,18,107,17.0,1,1,1,1,8,70,80,41,20,30,24,43,49,40,30,34,29,33,81,9,7,49,72,64,63,16,1.0
2022-23,1610612752,NYK,New York Knicks,0042200132,2023-04-18T00:00:00,NYK @ CLE,L,48.0,29,79,0.367,7,29,0.241,25,30,0.833,13,23,36,16,18.0,14,5,7,18,22,90,-17.0,1,60,60,60,11,98,87,98,93,85,93,13,23,21,40,99,93,90,91,2,25,83,32,36,98,98,1.0
2022-23,1610612756,PHX,Phoenix Suns,0042200172,2023-04-18T00:00:00,PHX vs. LAC,W,48.0,50,85,0.588,10,24,0.417,13,14,0.929,7,28,35,30,11.0,6,6,4,22,20,123,14.0,1,1,1,1,5,2,74,1,60,86,26,79,89,8,87,77,92,24,22,65,35,45,47,55,27,20,1.0
2022-23,1610612743,DEN,Denver Nuggets,0042200142,2023-04-19T00:00:00,DEN vs. MIN,W,48.0,46,85,0.541,10,22,0.455,20,25,0.8,9,27,36,26,10.0,6,1,5,25,25,122,9.0,1,1,1,1,5,27,56,22,72,103,20,22,28,44,67,96,94,73,10,69,103,64,107,12,24,40,1.0
2022-23,1610612747,LAL,Los Angeles Lakers,0042200152,2023-04-19T00:00:00,LAL @ MEM,L,48.0,35,85,0.412,7,26,0.269,16,21,0.762,11,36,47,21,13.0,5,7,6,19,20,93,-10.0,1,59,59,59,10,100,74,101,93,84,90,81,80,64,29,50,42,88,39,70,20,75,62,67,107,85,1.0
2022-23,1610612763,MEM,Memphis Grizzlies,0042200152,2023-04-19T00:00:00,MEM vs. LAL,W,48.0,38,89,0.427,11,36,0.306,16,21,0.762,11,38,49,24,10.0,4,6,7,20,19,103,10.0,1,1,1,1,6,73,62,79,50,34,67,55,58,46,54,23,35,60,12,92,38,69,47,50,79,33,1.0
2022-23,1610612748,MIA,Miami Heat,0042200102,2023-04-19T00:00:00,MIA @ MIL,L,48.0,45,84,0.536,16,36,0.444,16,23,0.696,7,34,41,26,17.0,10,2,4,9,16,122,-16.0,1,66,66,66,7,13,62,9,11,39,18,76,49,109,94,31,57,29,102,23,81,51,2,100,14,111,1.0
2022-23,1610612749,MIL,Milwaukee Bucks,0042200102,2023-04-19T00:00:00,MIL vs. MIA,W,48.0,53,99,0.535,25,49,0.51,7,8,0.875,9,36,45,35,11.0,9,4,2,16,9,138,16.0,1,1,1,1,7,4,10,15,2,9,4,95,97,9,57,47,58,3,12,15,50,11,27,96,7,12,1.0
2022-23,1610612750,MIN,Minnesota Timberwolves,0042200142,2023-04-19T00:00:00,MIN @ DEN,L,48.0,40,79,0.506,14,31,0.452,19,23,0.826,9,26,35,24,13.0,4,5,1,25,25,113,-9.0,1,51,51,51,8,62,85,31,20,60,12,44,51,27,40,87,82,57,26,89,44,5,77,10,48,74,1.0
2022-23,1610612751,BKN,Brooklyn Nets,0042200123,2023-04-20T00:00:00,BKN vs. PHI,L,48.0,34,79,0.43,10,30,0.333,19,22,0.864,8,26,34,22,10.0,5,3,3,13,17,97,-5.0,1,51,51,51,3,83,77,73,68,62,63,38,45,25,40,84,80,62,13,66,76,23,6,63,84,59,1.0
2022-23,1610612744,GSW,Golden State Warriors,0042200163,2023-04-20T00:00:00,GSW vs. SAC,W,48.0,40,100,0.4,16,50,0.32,18,23,0.783,18,41,59,31,12.0,12,5,3,19,22,114,17.0,1,1,1,1,6,67,9,94,47,12,81,33,37,55,5,12,5,32,9,4,30,29,19,23,64,13,1.0
2022-23,1610612755,PHI,Philadelphia 76ers,0042200123,2023-04-20T00:00:00,PHI @ BKN,W,48.0,40,82,0.488,13,31,0.419,9,13,0.692,11,35,46,15,15.0,5,3,3,17,13,102,5.0,1,1,1,1,8,42,57,45,41,58,39,104,100,100,29,24,18,101,60,84,72,17,19,100,81,46,1.0
2022-23,1610612756,PHX,Phoenix Suns,0042200173,2023-04-20T00:00:00,PHX @ LAC,W,48.0,42,88,0.477,10,27,0.37,35,46,0.761,15,30,45,20,13.0,12,4,7,18,31,129,5.0,1,1,1,1,5,46,57,44,60,78,45,1,1,65,14,66,42,96,39,7,61,91,21,2,10,42,1.0
2022-23,1610612758,SAC,Sacramento Kings,0042200163,2023-04-20T00:00:00,SAC @ GSW,L,48.0,35,92,0.38,11,47,0.234,16,23,0.696,13,40,53,21,15.0,6,3,5,22,19,97,-17.0,1,62,62,62,6,88,26,100,68,5,98,65,60,80,14,8,7,82,56,63,54,63,63,68,91,94,1.0
2022-23,1610612737,ATL,Atlanta Hawks,0042200113,2023-04-21T00:00:00,ATL vs. BOS,W,48.0,51,91,0.56,15,34,0.441,13,16,0.813,11,37,48,24,19.0,5,6,0,15,17,130,8.0,1,1,1,1,7,8,51,8,7,27,19,84,83,51,46,14,21,51,93,65,21,1,13,72,12,26,1.0
2022-23,1610612738,BOS,Boston Celtics,0042200113,2023-04-21T00:00:00,BOS @ ATL,L,48.0,45,92,0.489,21,48,0.438,11,16,0.688,6,23,29,31,12.0,11,0,6,17,15,122,-8.0,1,74,74,74,15,27,24,39,10,18,25,89,85,101,90,111,111,12,33,5,110,83,32,93,36,94,1.0
2022-23,1610612739,CLE,Cleveland Cavaliers,0042200133,2023-04-21T00:00:00,CLE @ NYK,L,48.0,31,80,0.388,7,33,0.212,10,17,0.588,13,29,42,16,21.0,7,4,5,18,17,79,-20.0,1,57,57,57,8,91,68,93,81,30,91,90,76,93,10,57,37,91,94,43,50,49,36,71,95,96,1.0
2022-23,1610612743,DEN,Denver Nuggets,0042200143,2023-04-21T00:00:00,DEN @ MIN,W,48.0,48,84,0.571,13,32,0.406,11,13,0.846,5,35,40,32,15.0,8,4,2,26,21,120,9.0,1,1,1,1,5,13,67,11,35,48,36,98,107,27,101,38,71,19,63,38,55,4,109,38,35,40,1.0
2022-23,1610612750,MIN,Minnesota Timberwolves,0042200143,2023-04-21T00:00:00,MIN vs. DEN,L,48.0,36,79,0.456,10,27,0.37,29,35,0.829,6,26,32,24,13.0,8,2,4,21,26,111,-9.0,1,51,51,51,8,87,85,67,59,78,41,2,3,25,77,87,93,57,26,45,86,37,39,3,57,74,1.0
2022-23,1610612752,NYK,New York Knicks,0042200133,2023-04-21T00:00:00,NYK vs. CLE,W,48.0,39,83,0.47,10,33,0.303,11,18,0.611,11,34,45,21,14.0,14,5,4,17,18,99,20.0,1,1,1,1,11,60,71,49,66,61,66,96,89,96,62,36,59,55,56,2,25,33,22,72,92,12,1.0
2022-23,1610612751,BKN,Brooklyn Nets,0042200124,2023-04-22T00:00:00,BKN vs. PHI,L,48.0,33,80,0.413,9,37,0.243,13,19,0.684,5,33,38,20,10.0,3,6,3,14,19,88,-8.0,1,51,51,51,3,86,66,81,73,26,89,75,63,83,65,33,58,80,13,85,37,23,8,40,91,66,1.0
2022-23,1610612747,LAL,Los Angeles Lakers,0042200153,2023-04-22T00:00:00,LAL vs. MEM,W,48.0,41,90,0.456,7,28,0.25,22,27,0.815,11,37,48,19,16.0,11,8,2,18,22,111,10.0,1,1,1,1,10,58,43,70,93,73,96,39,50,37,29,41,38,97,73,8,11,5,49,44,68,27,1.0
2022-23,1610612763,MEM,Memphis Grizzlies,0042200153,2023-04-22T00:00:00,MEM @ LAL,L,48.0,35,93,0.376,13,39,0.333,18,20,0.9,18,32,50,23,18.0,7,2,8,22,18,101,-10.0,1,61,61,61,6,90,34,97,29,16,52,41,64,5,7,67,25,71,82,61,91,81,69,59,85,79,1.0
2022-23,1610612748,MIA,Miami Heat,0042200103,2023-04-22T00:00:00,MIA vs. MIL,W,48.0,45,84,0.536,16,33,0.485,15,17,0.882,8,36,44,22,14.0,13,4,3,18,15,121,22.0,1,1,1,1,7,13,62,9,11,67,9,84,94,31,79,20,34,68,67,8,25,29,46,107,15,6,1.0
2022-23,1610612749,MIL,Milwaukee Bucks,0042200103,2023-04-22T00:00:00,MIL @ MIA,L,48.0,38,85,0.447,15,39,0.385,8,12,0.667,8,29,37,22,18.0,7,3,4,15,18,99,-22.0,1,63,63,63,7,68,68,61,37,50,41,92,88,75,65,88,91,67,74,34,64,48,18,57,86,90,1.0
2022-23,1610612755,PHI,Philadelphia 76ers,0042200124,2023-04-22T00:00:00,PHI @ BKN,W,48.0,36,91,0.396,9,24,0.375,15,16,0.938,15,39,54,19,10.0,7,3,6,19,14,96,8.0,1,1,1,1,8,79,14,96,82,97,57,79,92,11,6,8,6,82,16,61,72,65,32,96,93,36,1.0
2022-23,1610612756,PHX,Phoenix Suns,0042200174,2023-04-22T00:00:00,PHX @ LAC,W,48.0,41,84,0.488,9,22,0.409,21,27,0.778,14,35,49,25,18.0,10,8,5,14,22,112,12.0,1,1,1,1,5,56,78,33,72,95,30,24,25,56,24,30,20,56,91,12,11,63,5,30,52,25,1.0
2022-23,1610612737,ATL,Atlanta Hawks,0042200114,2023-04-23T00:00:00,ATL vs. BOS,L,48.0,43,98,0.439,14,37,0.378,21,24,0.875,11,31,42,25,12.0,8,4,5,24,23,121,-8.0,1,49,49,49,7,59,18,78,15,12,38,24,32,23,46,63,57,44,36,32,51,43,88,14,35,70,1.0
2022-23,1610612738,BOS,Boston Celtics,0042200114,2023-04-23T00:00:00,BOS @ ATL,W,48.0,46,89,0.517,16,40,0.4,21,25,0.84,9,40,49,25,16.0,4,5,4,23,24,129,8.0,1,1,1,1,15,21,40,25,45,64,43,29,32,42,52,17,26,64,84,81,49,51,92,11,16,48,1.0
2022-23,1610612739,CLE,Cleveland Cavaliers,0042200134,2023-04-23T00:00:00,CLE @ NYK,L,48.0,36,77,0.468,6,23,0.261,15,19,0.789,7,26,33,24,13.0,3,5,7,23,15,93,-9.0,1,57,57,57,8,76,80,59,88,89,80,59,62,52,73,77,86,45,39,91,34,82,80,85,89,79,1.0
2022-23,1610612743,DEN,Denver Nuggets,0042200144,2023-04-23T00:00:00,DEN @ MIN,L,53.0,42,95,0.442,12,35,0.343,12,18,0.667,10,37,47,21,12.0,6,5,7,23,19,108,-6.0,1,75,75,75,1,58,9,95,46,25,69,93,82,87,53,22,31,97,30,69,30,95,96,57,80,85,1.0
2022-23,1610612744,GSW,Golden State Warriors,0042200164,2023-04-23T00:00:00,GSW vs. SAC,W,48.0,45,90,0.5,14,34,0.412,22,24,0.917,8,36,44,31,12.0,8,6,3,19,21,126,1.0,1,1,1,1,6,29,50,33,62,89,31,13,29,11,77,32,52,32,9,35,9,29,19,36,21,53,1.0
2022-23,1610612750,MIN,Minnesota Timberwolves,0042200144,2023-04-23T00:00:00,MIN vs. DEN,W,53.0,42,93,0.452,13,34,0.382,17,22,0.773,14,37,51,23,12.0,6,7,5,19,23,114,6.0,1,1,1,1,2,41,17,69,28,41,31,53,57,44,8,19,9,68,18,69,20,53,23,21,43,31,1.0
2022-23,1610612752,NYK,New York Knicks,0042200134,2023-04-23T00:00:00,NYK vs. CLE,W,48.0,38,84,0.452,8,29,0.276,18,28,0.643,17,30,47,15,14.0,5,7,5,15,23,102,9.0,1,1,1,1,11,64,68,60,85,85,79,53,30,91,14,81,45,96,56,66,12,55,11,24,79,32,1.0
2022-23,1610612758,SAC,Sacramento Kings,0042200164,2023-04-23T00:00:00,SAC @ GSW,L,48.0,48,102,0.471,14,35,0.4,15,18,0.833,12,32,44,25,10.0,5,3,6,21,19,125,-1.0,1,62,62,62,6,12,6,61,36,59,30,71,82,38,26,52,41,52,20,71,54,74,48,68,32,62,1.0
2022-23,1610612747,LAL,Los Angeles Lakers,0042200154,2023-04-24T00:00:00,LAL vs. MEM,W,53.0,41,94,0.436,10,36,0.278,25,31,0.806,13,39,52,22,15.0,5,11,7,17,26,117,6.0,1,1,1,1,2,58,16,88,54,22,85,20,25,40,14,29,21,82,60,70,2,87,33,15,47,38,1.0
2022-23,1610612763,MEM,Memphis Grizzlies,0042200154,2023-04-24T00:00:00,MEM @ LAL,L,53.0,42,106,0.396,9,42,0.214,18,21,0.857,16,33,49,26,13.0,7,7,11,26,17,111,-6.0,1,61,61,61,1,49,4,90,68,8,92,41,58,7,17,58,35,40,41,61,22,97,94,70,60,72,1.0
2022-23,1610612748,MIA,Miami Heat,0042200104,2023-04-24T00:00:00,MIA vs. MIL,W,48.0,43,87,0.494,13,32,0.406,20,25,0.8,9,38,47,21,16.0,9,5,6,20,20,119,5.0,1,1,1,1,7,25,45,28,36,75,23,42,39,69,63,7,13,76,89,32,10,92,68,59,20,36,1.0
2022-23,1610612749,MIL,Milwaukee Bucks,0042200104,2023-04-24T00:00:00,MIL @ MIA,L,48.0,42,97,0.433,13,40,0.325,17,20,0.85,16,30,46,28,14.0,10,6,5,20,20,114,-5.0,1,63,63,63,7,44,19,74,54,42,69,39,65,13,10,84,53,24,39,8,22,65,60,38,50,67,1.0
2022-23,1610612737,ATL,Atlanta Hawks,0042200115,2023-04-25T00:00:00,ATL @ BOS,W,48.0,45,96,0.469,19,41,0.463,10,10,1.0,6,28,34,26,9.0,5,4,9,16,20,119,2.0,1,1,1,1,7,32,27,51,1,2,11,91,97,1,83,78,92,31,8,65,51,86,21,38,42,39,1.0
2022-23,1610612738,BOS,Boston Celtics,0042200115,2023-04-25T00:00:00,BOS vs. ATL,L,48.0,49,92,0.533,12,38,0.316,7,13,0.538,9,34,43,31,9.0,1,9,4,20,16,117,-2.0,1,74,74,74,15,9,24,19,80,74,84,108,95,111,52,63,62,12,12,110,8,51,63,82,51,77,1.0
2022-23,1610612743,DEN,Denver Nuggets,0042200145,2023-04-25T00:00:00,DEN vs. MIN,W,48.0,34,85,0.4,12,34,0.353,32,36,0.889,16,31,47,22,12.0,10,3,4,21,27,112,3.0,1,1,1,1,5,106,56,106,46,29,64,3,3,7,7,68,31,91,30,17,77,44,76,6,66,65,1.0
2022-23,1610612750,MIN,Minnesota Timberwolves,0042200145,2023-04-25T00:00:00,MIN @ DEN,L,48.0,41,81,0.506,8,33,0.242,19,25,0.76,8,32,40,24,14.0,9,4,3,27,21,109,-3.0,1,51,51,51,8,51,72,32,83,48,93,44,38,53,52,54,56,57,36,35,60,22,89,34,66,57,1.0
2022-23,1610612756,PHX,Phoenix Suns,0042200175,2023-04-25T00:00:00,PHX vs. LAC,W,48.0,51,94,0.543,13,26,0.5,21,24,0.875,11,32,43,31,9.0,7,4,1,27,21,136,6.0,1,1,1,1,5,1,22,7,29,82,8,24,40,21,53,50,53,13,8,43,61,4,90,43,1,40,1.0
2022-23,1610612739,CLE,Cleveland Cavaliers,0042200135,2023-04-26T00:00:00,CLE vs. NYK,L,48.0,35,75,0.467,13,33,0.394,12,15,0.8,4,26,30,24,13.0,5,2,5,22,17,95,-11.0,1,57,57,57,8,81,90,60,29,30,35,81,88,45,91,77,94,45,39,72,82,49,72,71,85,82,1.0
2022-23,1610612744,GSW,Golden State Warriors,0042200165,2023-04-26T00:00:00,GSW @ SAC,W,48.0,50,96,0.521,11,38,0.289,12,19,0.632,11,32,43,33,15.0,11,7,3,24,18,123,7.0,1,1,1,1,6,7,20,20,89,76,95,82,59,99,39,60,57,19,36,7,4,29,78,55,27,39,1.0
2022-23,1610612747,LAL,Los Angeles Lakers,0042200155,2023-04-26T00:00:00,LAL @ MEM,L,48.0,37,92,0.402,10,39,0.256,15,20,0.75,14,40,54,28,13.0,8,3,2,17,19,99,-17.0,1,59,59,59,10,91,29,103,54,14,94,90,85,71,8,24,12,23,39,21,82,5,33,77,101,105,1.0
2022-23,1610612763,MEM,Memphis Grizzlies,0042200155,2023-04-26T00:00:00,MEM vs. LAL,W,48.0,44,99,0.444,14,40,0.35,14,17,0.824,14,38,52,24,11.0,6,2,3,19,17,116,17.0,1,1,1,1,6,39,13,69,21,13,42,70,79,18,29,23,15,60,17,70,91,11,34,70,44,16,1.0
2022-23,1610612748,MIA,Miami Heat,0042200105,2023-04-26T00:00:00,MIA @ MIL,W,53.0,50,110,0.455,17,45,0.378,11,17,0.647,9,36,45,25,11.0,6,5,1,31,21,128,2.0,1,1,1,1,1,1,1,57,8,8,37,107,94,114,63,20,29,39,26,86,10,5,119,50,7,59,1.0
2022-23,1610612749,MIL,Milwaukee Bucks,0042200105,2023-04-26T00:00:00,MIL vs. MIA,L,53.0,42,91,0.462,14,33,0.424,28,45,0.622,10,46,56,20,16.0,4,1,5,21,31,126,-2.0,1,63,63,63,2,44,36,52,44,77,23,4,1,86,48,6,10,82,52,76,88,65,68,2,22,63,1.0
2022-23,1610612752,NYK,New York Knicks,0042200135,2023-04-26T00:00:00,NYK @ CLE,W,48.0,37,85,0.435,9,29,0.31,23,29,0.793,17,31,48,21,14.0,6,5,2,17,22,106,11.0,1,1,1,1,11,71,65,74,77,85,64,25,28,37,14,75,37,55,56,50,25,7,22,36,67,28,1.0
2022-23,1610612758,SAC,Sacramento Kings,0042200165,2023-04-26T00:00:00,SAC vs. GSW,L,48.0,42,90,0.467,10,34,0.294,22,26,0.846,12,32,44,22,19.0,9,3,7,18,24,116,-7.0,1,62,62,62,6,52,35,65,76,64,80,31,43,31,26,52,41,76,84,30,54,84,25,19,59,78,1.0
2022-23,1610612737,ATL,Atlanta Hawks,0042200116,2023-04-27T00:00:00,ATL vs. BOS,L,48.0,44,94,0.468,15,35,0.429,17,22,0.773,12,33,45,28,10.0,5,7,10,15,16,120,-8.0,1,49,49,49,7,45,37,54,7,21,23,48,42,70,35,50,39,15,19,65,14,93,13,82,39,70,1.0
2022-23,1610612738,BOS,Boston Celtics,0042200116,2023-04-27T00:00:00,BOS @ ATL,W,48.0,47,94,0.5,18,42,0.429,16,17,0.941,11,36,47,24,7.0,7,10,7,16,15,128,8.0,1,1,1,1,15,16,19,30,30,52,33,56,78,11,29,43,37,77,2,36,6,93,28,93,18,48,1.0
2022-23,1610612744,GSW,Golden State Warriors,0042200166,2023-04-28T00:00:00,GSW vs. SAC,L,48.0,32,86,0.372,10,32,0.313,25,35,0.714,11,31,42,20,18.0,14,6,8,23,26,99,-19.0,1,55,55,55,6,99,73,107,94,94,84,5,3,79,39,69,63,97,74,1,9,99,64,4,95,99,1.0
2022-23,1610612747,LAL,Los Angeles Lakers,0042200156,2023-04-28T00:00:00,LAL vs. MEM,W,48.0,49,91,0.538,15,44,0.341,12,15,0.8,9,43,52,33,16.0,6,15,2,16,17,125,40.0,1,1,1,1,10,7,38,16,14,4,55,100,107,42,64,10,21,4,73,53,1,5,21,96,22,1,1.0
2022-23,1610612763,MEM,Memphis Grizzlies,0042200156,2023-04-28T00:00:00,MEM @ LAL,L,48.0,29,96,0.302,12,38,0.316,15,20,0.75,14,31,45,19,14.0,10,2,15,17,16,85,-40.0,1,61,61,61,6,99,22,100,35,20,63,65,64,50,29,73,55,89,48,29,91,101,16,84,98,100,1.0
2022-23,1610612758,SAC,Sacramento Kings,0042200166,2023-04-28T00:00:00,SAC @ GSW,W,48.0,40,99,0.404,17,45,0.378,21,25,0.84,18,35,53,25,20.0,10,8,6,26,23,118,19.0,1,1,1,1,6,63,9,95,18,10,41,36,48,34,2,31,7,52,92,15,1,74,92,27,52,14,1.0
2022-23,1610612743,DEN,Denver Nuggets,0042200221,2023-04-29T00:00:00,DEN vs. PHX,W,48.0,48,101,0.475,16,37,0.432,13,15,0.867,16,33,49,22,10.0,14,1,5,19,19,125,18.0,1,1,1,1,5,13,1,74,10,14,26,85,100,14,7,55,19,91,10,2,103,64,53,57,19,14,1.0
2022-23,1610612756,PHX,Phoenix Suns,0042200221,2023-04-29T00:00:00,PHX @ DEN,L,48.0,43,84,0.512,7,23,0.304,14,17,0.824,8,30,38,20,16.0,4,5,1,19,19,107,-18.0,1,56,56,56,5,33,78,18,89,89,75,72,78,40,77,66,77,96,75,84,45,4,27,63,65,92,1.0
2022-23,1610612744,GSW,Golden State Warriors,0042200167,2023-04-30T00:00:00,GSW @ SAC,W,48.0,43,100,0.43,15,46,0.326,19,30,0.633,18,37,55,25,7.0,4,6,5,23,23,120,20.0,1,1,1,1,6,42,9,77,54,33,76,27,8,98,5,29,10,78,1,94,9,67,64,14,42,10,1.0
2022-23,1610612748,MIA,Miami Heat,0042200201,2023-04-30T00:00:00,MIA @ NYK,W,48.0,36,85,0.424,13,39,0.333,23,29,0.793,10,29,39,26,9.0,8,5,4,14,21,108,7.0,1,1,1,1,7,81,54,89,36,21,58,21,20,74,49,71,69,29,14,49,10,51,11,50,61,29,1.0
2022-23,1610612752,NYK,New York Knicks,0042200201,2023-04-30T00:00:00,NYK vs. MIA,L,48.0,41,86,0.477,7,34,0.206,12,20,0.6,12,36,48,20,13.0,6,4,5,21,14,101,-7.0,1,60,60,60,11,49,61,46,93,52,98,94,81,98,50,24,37,67,46,50,40,55,54,102,83,75,1.0
2022-23,1610612758,SAC,Sacramento Kings,0042200167,2023-04-30T00:00:00,SAC vs. GSW,L,48.0,36,96,0.375,12,47,0.255,16,27,0.593,14,35,49,21,8.0,3,5,6,23,23,100,-20.0,1,62,62,62,6,85,15,101,55,5,92,65,38,97,7,31,17,82,7,90,14,74,76,27,89,97,1.0
2022-23,1610612738,BOS,Boston Celtics,0042200211,2023-05-01T00:00:00,BOS vs. PHI,L,48.0,44,75,0.587,10,26,0.385,17,18,0.944,8,30,38,26,16.0,3,4,4,10,20,115,-4.0,1,74,74,74,15,31,107,3,99,111,53,52,72,10,66,85,87,55,84,96,69,51,4,38,63,85,1.0
2022-23,1610612743,DEN,Denver Nuggets,0042200222,2023-05-01T00:00:00,DEN vs. PHX,W,48.0,36,76,0.474,7,27,0.259,18,21,0.857,5,36,41,19,13.0,5,6,4,16,25,97,10.0,1,1,1,1,5,101,102,76,98,84,100,36,56,19,101,28,64,107,40,86,22,44,22,12,102,37,1.0
2022-23,1610612755,PHI,Philadelphia 76ers,0042200211,2023-05-01T00:00:00,PHI @ BOS,W,48.0,45,89,0.506,17,38,0.447,12,12,1.0,8,20,28,17,8.0,10,4,4,20,10,119,4.0,1,1,1,1,8,20,20,33,10,12,21,97,103,1,57,104,105,93,4,21,56,33,44,105,28,52,1.0
2022-23,1610612756,PHX,Phoenix Suns,0042200222,2023-05-01T00:00:00,PHX @ DEN,L,48.0,38,95,0.4,6,31,0.194,5,5,1.0,11,28,39,23,10.0,2,4,6,25,16,87,-10.0,1,56,56,56,5,78,14,93,94,54,100,99,100,1,53,77,74,71,17,100,61,77,79,81,98,79,1.0
2022-23,1610612744,GSW,Golden State Warriors,0042200231,2023-05-02T00:00:00,GSW vs. LAL,L,48.0,43,106,0.406,21,53,0.396,5,6,0.833,14,35,49,30,8.0,5,3,10,24,12,112,-5.0,1,55,55,55,6,42,3,91,9,5,42,105,107,34,20,36,23,47,2,82,64,106,78,103,71,67,1.0
2022-23,1610612747,LAL,Los Angeles Lakers,0042200231,2023-05-02T00:00:00,LAL @ GSW,W,48.0,43,92,0.467,6,25,0.24,25,29,0.862,13,40,53,24,8.0,4,10,3,12,24,117,5.0,1,1,1,1,10,41,29,62,103,91,104,20,41,21,14,24,16,59,9,86,4,20,6,28,47,45,1.0
2022-23,1610612748,MIA,Miami Heat,0042200202,2023-05-02T00:00:00,MIA @ NYK,L,48.0,38,85,0.447,17,49,0.347,12,17,0.706,8,26,34,24,7.0,1,2,2,24,20,105,-6.0,1,66,66,66,7,62,54,63,8,4,50,100,94,106,79,92,102,48,4,120,81,15,103,59,71,84,1.0
2022-23,1610612752,NYK,New York Knicks,0042200202,2023-05-02T00:00:00,NYK vs. MIA,W,48.0,37,82,0.451,16,40,0.4,21,30,0.7,11,39,50,23,11.0,4,2,2,20,24,111,6.0,1,1,1,1,11,71,78,62,16,22,25,37,23,72,62,15,25,44,25,79,81,7,46,16,58,40,1.0
2022-23,1610612738,BOS,Boston Celtics,0042200212,2023-05-03T00:00:00,BOS vs. PHI,W,48.0,43,92,0.467,20,51,0.392,15,16,0.938,8,38,46,26,7.0,6,8,8,17,17,121,34.0,1,1,1,1,15,40,24,64,16,10,49,65,85,12,66,33,43,55,2,47,13,104,32,72,41,6,1.0
2022-23,1610612755,PHI,Philadelphia 76ers,0042200212,2023-05-03T00:00:00,PHI @ BOS,L,48.0,31,79,0.392,6,30,0.2,19,23,0.826,6,35,41,13,13.0,2,8,8,17,17,87,-34.0,1,70,70,70,8,96,75,98,96,67,101,53,52,55,81,24,50,105,46,105,8,93,19,68,98,105,1.0
2022-23,1610612744,GSW,Golden State Warriors,0042200232,2023-05-04T00:00:00,GSW vs. LAL,W,48.0,48,95,0.505,21,42,0.5,10,16,0.625,13,42,55,38,16.0,2,3,3,23,15,127,27.0,1,1,1,1,6,14,24,32,9,55,6,97,80,101,26,9,10,5,47,105,64,29,64,86,17,5,1.0
2022-23,1610612747,LAL,Los Angeles Lakers,0042200232,2023-05-04T00:00:00,LAL @ GSW,L,48.0,40,94,0.426,10,34,0.294,10,17,0.588,9,31,40,27,9.0,9,3,3,15,23,100,-27.0,1,59,59,59,10,63,16,94,54,32,82,108,97,111,64,80,84,30,11,16,82,20,18,36,97,111,1.0
2022-23,1610612738,BOS,Boston Celtics,0042200213,2023-05-05T00:00:00,BOS @ PHI,W,48.0,38,86,0.442,16,45,0.356,22,23,0.957,9,36,45,25,12.0,9,7,8,23,20,114,12.0,1,1,1,1,15,83,66,78,45,35,65,20,40,6,52,43,49,64,33,14,23,104,92,38,66,32,1.0
2022-23,1610612743,DEN,Denver Nuggets,0042200223,2023-05-05T00:00:00,DEN @ PHX,L,48.0,43,97,0.443,10,30,0.333,18,21,0.857,16,35,51,27,13.0,6,5,6,21,24,114,-7.0,1,75,75,75,5,49,5,94,72,64,70,36,56,19,7,38,11,65,40,69,30,82,76,15,59,87,1.0
2022-23,1610612755,PHI,Philadelphia 76ers,0042200213,2023-05-05T00:00:00,PHI vs. BOS,L,48.0,31,78,0.397,16,37,0.432,24,27,0.889,9,33,42,21,14.0,7,8,7,20,23,102,-12.0,1,70,70,70,8,96,79,95,16,18,30,26,33,24,44,39,40,70,54,61,8,83,44,17,81,95,1.0
2022-23,1610612756,PHX,Phoenix Suns,0042200223,2023-05-05T00:00:00,PHX vs. DEN,W,48.0,48,95,0.505,9,28,0.321,16,18,0.889,7,34,41,24,9.0,5,6,5,24,21,121,7.0,1,1,1,1,5,12,14,23,72,72,65,60,74,16,87,33,64,66,8,74,35,63,71,43,29,37,1.0
2022-23,1610612744,GSW,Golden State Warriors,0042200233,2023-05-06T00:00:00,GSW @ LAL,L,48.0,36,91,0.396,13,44,0.295,12,17,0.706,14,28,42,26,19.0,5,6,6,22,21,97,-30.0,1,55,55,55,6,91,39,98,71,41,91,82,73,82,20,90,63,72,84,82,9,81,49,36,96,105,1.0
2022-23,1610612747,LAL,Los Angeles Lakers,0042200233,2023-05-06T00:00:00,LAL vs. GSW,W,48.0,42,80,0.525,15,31,0.484,28,37,0.757,6,38,44,27,13.0,10,6,6,21,22,127,30.0,1,1,1,1,10,46,97,22,14,53,5,13,7,70,95,36,57,30,39,11,32,75,85,44,18,4,1.0
2022-23,1610612748,MIA,Miami Heat,0042200203,2023-05-06T00:00:00,MIA vs. NYK,W,48.0,35,90,0.389,7,32,0.219,28,31,0.903,13,37,50,17,14.0,3,5,3,25,22,105,19.0,1,1,1,1,7,84,29,105,109,75,115,8,13,23,18,14,7,110,67,114,10,29,109,37,71,8,1.0
2022-23,1610612752,NYK,New York Knicks,0042200203,2023-05-06T00:00:00,NYK @ MIA,L,48.0,31,91,0.341,8,40,0.2,16,22,0.727,14,34,48,15,13.0,4,3,5,22,25,86,-19.0,1,60,60,60,11,96,36,101,85,22,100,70,68,60,28,36,37,96,46,79,61,55,64,8,99,99,1.0
2022-23,1610612738,BOS,Boston Celtics,0042200214,2023-05-07T00:00:00,BOS @ PHI,L,53.0,41,87,0.471,17,44,0.386,16,22,0.727,13,31,44,25,10.0,3,12,3,21,23,115,-1.0,1,74,74,74,2,56,54,59,41,42,52,56,47,89,15,77,54,64,17,96,1,27,69,16,63,74,1.0
2022-23,1610612743,DEN,Denver Nuggets,0042200224,2023-05-07T00:00:00,DEN @ PHX,L,48.0,50,89,0.562,7,22,0.318,17,23,0.739,10,22,32,28,9.0,6,2,4,19,24,124,-5.0,1,75,75,75,5,7,29,17,98,103,85,45,40,70,53,111,110,50,6,69,88,44,53,15,21,84,1.0
2022-23,1610612755,PHI,Philadelphia 76ers,0042200214,2023-05-07T00:00:00,PHI vs. BOS,W,53.0,42,91,0.462,13,34,0.382,19,22,0.864,12,32,44,19,9.0,9,3,12,23,21,116,1.0,1,1,1,1,3,31,14,63,41,43,53,53,58,35,23,50,27,82,11,36,72,103,69,34,41,64,1.0
2022-23,1610612756,PHX,Phoenix Suns,0042200224,2023-05-07T00:00:00,PHX vs. DEN,W,48.0,46,81,0.568,13,29,0.448,24,29,0.828,12,25,37,28,13.0,6,4,2,24,19,129,5.0,1,1,1,1,5,22,89,3,29,66,21,13,17,38,42,94,81,37,39,65,61,10,71,63,10,42,1.0
2022-23,1610612744,GSW,Golden State Warriors,0042200234,2023-05-08T00:00:00,GSW @ LAL,L,48.0,40,86,0.465,12,41,0.293,9,12,0.75,9,31,40,29,16.0,9,2,1,22,15,101,-3.0,1,55,55,55,6,67,73,59,81,62,94,101,100,66,62,69,78,50,47,22,85,2,49,86,92,58,1.0
2022-23,1610612747,LAL,Los Angeles Lakers,0042200234,2023-05-08T00:00:00,LAL vs. GSW,W,48.0,39,86,0.453,6,25,0.24,20,20,1.0,8,34,42,21,14.0,8,1,2,15,22,104,3.0,1,1,1,1,10,78,68,73,103,91,104,56,85,1,76,63,74,88,48,21,110,5,18,44,87,49,1.0
2022-23,1610612748,MIA,Miami Heat,0042200204,2023-05-08T00:00:00,MIA vs. NYK,W,48.0,40,85,0.471,13,39,0.333,16,22,0.727,13,31,44,28,13.0,7,4,4,21,23,109,8.0,1,1,1,1,7,43,54,44,36,21,58,76,60,97,18,58,34,15,53,59,25,51,80,25,58,23,1.0
2022-23,1610612752,NYK,New York Knicks,0042200204,2023-05-08T00:00:00,NYK @ MIA,L,48.0,37,76,0.487,9,28,0.321,18,24,0.75,8,27,35,21,17.0,5,4,4,23,21,101,-8.0,1,60,60,60,11,71,91,37,77,92,61,53,58,52,86,94,94,55,83,66,40,33,70,48,83,82,1.0
2022-23,1610612738,BOS,Boston Celtics,0042200215,2023-05-09T00:00:00,BOS vs. PHI,L,48.0,33,83,0.398,12,38,0.316,25,34,0.735,9,27,36,21,8.0,4,1,5,16,24,103,-12.0,1,74,74,74,15,104,82,104,80,74,84,12,5,86,52,104,101,94,7,81,107,72,28,11,95,99,1.0
2022-23,1610612743,DEN,Denver Nuggets,0042200225,2023-05-09T00:00:00,DEN vs. PHX,W,48.0,42,85,0.494,13,27,0.481,21,28,0.75,10,40,50,32,10.0,6,6,7,17,22,118,16.0,1,1,1,1,5,58,56,61,35,84,11,19,17,63,53,9,16,19,10,69,22,95,31,30,47,16,1.0
2022-23,1610612755,PHI,Philadelphia 76ers,0042200215,2023-05-09T00:00:00,PHI @ BOS,W,48.0,40,79,0.506,12,30,0.4,23,27,0.852,9,40,49,20,13.0,4,5,1,24,16,115,12.0,1,1,1,1,8,42,75,29,52,67,45,32,33,42,44,7,12,78,46,92,40,4,76,77,45,21,1.0
2022-23,1610612756,PHX,Phoenix Suns,0042200225,2023-05-09T00:00:00,PHX @ DEN,L,48.0,38,88,0.432,9,27,0.333,17,24,0.708,8,34,42,22,10.0,6,7,6,22,17,102,-16.0,1,56,56,56,5,78,57,76,72,78,61,54,40,84,77,33,58,82,17,65,21,77,47,77,81,90,1.0
2022-23,1610612744,GSW,Golden State Warriors,0042200235,2023-05-10T00:00:00,GSW vs. LAL,W,48.0,47,92,0.511,13,35,0.371,14,15,0.933,9,39,48,29,16.0,8,5,4,18,17,121,15.0,1,1,1,1,6,16,32,27,71,83,55,67,87,7,62,19,30,50,47,35,30,49,11,67,39,17,1.0
2022-23,1610612747,LAL,Los Angeles Lakers,0042200235,2023-05-10T00:00:00,LAL @ GSW,L,48.0,42,87,0.483,10,27,0.37,12,15,0.8,7,31,38,24,14.0,6,4,5,17,18,106,-15.0,1,59,59,59,10,46,62,51,54,78,41,100,107,42,85,80,91,59,48,53,62,54,33,86,83,103,1.0
2022-23,1610612748,MIA,Miami Heat,0042200205,2023-05-10T00:00:00,MIA @ NYK,L,48.0,37,88,0.42,13,43,0.302,16,19,0.842,11,23,34,27,12.0,11,4,4,30,19,103,-9.0,1,66,66,66,7,73,40,91,36,11,88,76,82,50,37,112,102,23,44,16,25,51,117,71,79,95,1.0
2022-23,1610612752,NYK,New York Knicks,0042200205,2023-05-10T00:00:00,NYK vs. MIA,W,48.0,35,71,0.493,13,34,0.382,29,40,0.725,14,36,50,23,19.0,6,4,4,19,30,112,9.0,1,1,1,1,11,89,100,33,35,52,34,2,1,61,28,24,25,44,96,50,40,33,40,1,51,32,1.0
2022-23,1610612738,BOS,Boston Celtics,0042200216,2023-05-11T00:00:00,BOS @ PHI,W,48.0,33,78,0.423,15,35,0.429,14,16,0.875,6,44,50,22,18.0,7,6,7,14,13,95,9.0,1,1,1,1,15,104,101,95,60,88,33,76,85,27,90,7,23,88,98,36,36,93,11,100,103,42,1.0
2022-23,1610612743,DEN,Denver Nuggets,0042200226,2023-05-11T00:00:00,DEN @ PHX,W,48.0,44,82,0.537,8,22,0.364,29,31,0.935,7,34,41,24,11.0,10,3,5,22,22,125,25.0,1,1,1,1,5,39,81,25,89,103,57,4,12,3,84,42,64,81,18,17,77,64,90,30,19,5,1.0
2022-23,1610612755,PHI,Philadelphia 76ers,0042200216,2023-05-11T00:00:00,PHI vs. BOS,L,48.0,30,83,0.361,8,34,0.235,18,19,0.947,6,32,38,18,12.0,14,7,6,13,14,86,-9.0,1,70,70,70,8,100,47,105,87,43,97,61,76,8,81,50,71,88,32,4,15,65,5,96,99,85,1.0
2022-23,1610612756,PHX,Phoenix Suns,0042200226,2023-05-11T00:00:00,PHX vs. DEN,L,48.0,38,79,0.481,11,28,0.393,13,20,0.65,2,27,29,20,14.0,3,5,3,22,22,100,-25.0,1,56,56,56,5,78,92,40,51,72,34,79,62,98,102,84,102,96,48,96,45,24,47,30,85,95,1.0
2022-23,1610612744,GSW,Golden State Warriors,0042200236,2023-05-12T00:00:00,GSW @ LAL,L,48.0,39,103,0.379,13,48,0.271,10,14,0.714,20,33,53,25,11.0,3,2,6,30,17,101,-21.0,1,55,55,55,6,76,6,103,71,24,100,97,95,79,3,53,15,78,5,97,85,81,104,67,92,100,1.0
2022-23,1610612747,LAL,Los Angeles Lakers,0042200236,2023-05-12T00:00:00,LAL vs. GSW,W,48.0,39,75,0.52,13,26,0.5,31,42,0.738,6,40,46,25,7.0,6,6,2,17,30,122,21.0,1,1,1,1,10,78,108,26,18,84,3,7,3,79,95,24,47,48,5,53,32,5,33,5,30,7,1.0
2022-23,1610612748,MIA,Miami Heat,0042200206,2023-05-12T00:00:00,MIA vs. NYK,W,48.0,33,82,0.402,7,27,0.259,23,25,0.92,7,33,40,25,7.0,8,2,9,22,22,96,4.0,1,1,1,1,7,98,73,98,109,107,104,21,39,18,94,39,63,39,4,49,81,114,85,37,99,42,1.0
2022-23,1610612752,NYK,New York Knicks,0042200206,2023-05-12T00:00:00,NYK @ MIA,L,48.0,27,71,0.38,10,35,0.286,28,32,0.875,8,33,41,13,12.0,2,9,2,22,22,92,-4.0,1,60,60,60,11,101,100,95,66,45,74,4,10,12,86,50,83,101,32,95,2,7,64,36,96,64,1.0
2022-23,1610612738,BOS,Boston Celtics,0042200217,2023-05-14T00:00:00,BOS vs. PHI,W,48.0,41,87,0.471,15,33,0.455,15,18,0.833,7,36,43,18,8.0,7,7,7,13,14,112,24.0,1,1,1,1,15,56,54,59,60,99,19,65,72,46,78,43,62,103,7,36,23,93,6,96,69,11,1.0
2022-23,1610612755,PHI,Philadelphia 76ers,0042200217,2023-05-14T00:00:00,PHI @ BOS,L,48.0,31,83,0.373,8,37,0.216,18,19,0.947,7,30,37,15,14.0,4,7,7,14,13,88,-24.0,1,70,70,70,8,96,47,104,87,18,99,61,76,8,72,64,78,101,54,92,15,83,9,100,96,102,1.0
2022-23,1610612743,DEN,Denver Nuggets,0042200311,2023-05-16T00:00:00,DEN vs. LAL,W,48.0,50,91,0.549,15,32,0.469,17,22,0.773,15,32,47,29,11.0,5,7,4,21,21,132,6.0,1,1,1,1,5,7,18,19,15,48,16,45,49,56,11,60,31,43,18,86,13,44,76,38,7,48,1.0
2022-23,1610612747,LAL,Los Angeles Lakers,0042200311,2023-05-16T00:00:00,LAL @ DEN,L,48.0,46,84,0.548,11,24,0.458,23,26,0.885,5,25,30,30,7.0,6,4,7,21,21,126,-6.0,1,59,59,59,10,21,78,10,37,96,9,32,55,11,105,111,113,10,5,53,62,87,85,58,19,77,1.0
2022-23,1610612738,BOS,Boston Celtics,0042200301,2023-05-17T00:00:00,BOS vs. MIA,L,48.0,42,81,0.519,10,29,0.345,22,29,0.759,9,25,34,22,15.0,6,3,3,18,22,116,-7.0,1,74,74,74,15,47,93,24,99,109,69,20,14,79,52,108,107,88,66,47,87,27,43,27,58,92,1.0
2022-23,1610612748,MIA,Miami Heat,0042200301,2023-05-17T00:00:00,MIA @ BOS,W,48.0,46,85,0.541,16,31,0.516,15,19,0.789,7,28,35,20,15.0,12,3,3,22,18,123,7.0,1,1,1,1,7,10,54,8,11,80,5,84,82,77,94,78,96,88,78,11,52,29,85,77,12,29,1.0
2022-23,1610612743,DEN,Denver Nuggets,0042200312,2023-05-18T00:00:00,DEN vs. LAL,W,48.0,39,89,0.438,14,38,0.368,16,18,0.889,11,38,49,27,17.0,8,2,7,18,19,108,5.0,1,1,1,1,5,84,29,100,26,9,54,62,82,7,37,17,19,65,81,38,88,95,42,57,80,52,1.0
2022-23,1610612747,LAL,Los Angeles Lakers,0042200312,2023-05-18T00:00:00,LAL @ DEN,L,48.0,36,82,0.439,8,30,0.267,23,26,0.885,4,36,40,26,12.0,10,7,2,19,18,103,-5.0,1,59,59,59,10,96,87,87,82,60,91,32,55,11,110,50,84,40,31,11,20,5,62,86,91,73,1.0
2022-23,1610612738,BOS,Boston Celtics,0042200302,2023-05-19T00:00:00,BOS vs. MIA,L,48.0,37,79,0.468,10,35,0.286,21,24,0.875,6,29,35,22,15.0,2,9,5,20,17,105,-6.0,1,74,74,74,15,92,97,63,99,88,95,29,38,27,90,94,104,88,66,104,8,72,63,72,91,89,1.0
2022-23,1610612748,MIA,Miami Heat,0042200302,2023-05-19T00:00:00,MIA @ BOS,W,48.0,42,92,0.457,9,26,0.346,18,19,0.947,11,34,45,23,11.0,9,5,9,17,20,111,6.0,1,1,1,1,7,29,22,55,90,109,51,59,82,10,37,31,29,56,26,32,10,114,33,59,44,34,1.0
2022-23,1610612743,DEN,Denver Nuggets,0042200313,2023-05-20T00:00:00,DEN @ LAL,W,48.0,44,88,0.5,17,41,0.415,14,19,0.737,5,34,39,30,6.0,7,1,2,19,18,119,11.0,1,1,1,1,5,39,38,51,3,3,31,81,79,72,101,42,79,35,1,54,103,4,53,70,40,33,1.0
2022-23,1610612747,LAL,Los Angeles Lakers,0042200313,2023-05-20T00:00:00,LAL vs. DEN,L,48.0,38,84,0.452,10,32,0.313,22,29,0.759,11,34,45,27,12.0,3,2,1,18,19,108,-11.0,1,59,59,59,10,83,78,74,54,48,71,39,41,68,29,63,51,30,31,105,97,2,49,77,79,88,1.0
2022-23,1610612738,BOS,Boston Celtics,0042200303,2023-05-21T00:00:00,BOS @ MIA,L,48.0,39,98,0.398,11,42,0.262,13,17,0.765,21,36,57,25,15.0,3,3,4,24,16,102,-26.0,1,74,74,74,15,73,14,103,90,52,104,83,78,76,2,43,5,64,66,96,87,51,98,82,98,110,1.0
2022-23,1610612748,MIA,Miami Heat,0042200303,2023-05-21T00:00:00,MIA vs. BOS,W,48.0,46,81,0.568,19,35,0.543,17,21,0.81,1,34,35,25,10.0,7,4,3,16,24,128,26.0,1,1,1,1,7,10,80,4,3,46,4,68,69,65,120,31,96,39,17,59,25,29,25,21,7,3,1.0
2022-23,1610612743,DEN,Denver Nuggets,0042200314,2023-05-22T00:00:00,DEN @ LAL,W,48.0,41,85,0.482,12,33,0.364,19,22,0.864,11,29,40,25,11.0,3,9,4,20,19,113,2.0,1,1,1,1,5,69,56,67,46,37,57,28,49,16,37,83,71,78,18,105,4,44,65,57,62,69,1.0
2022-23,1610612747,LAL,Los Angeles Lakers,0042200314,2023-05-22T00:00:00,LAL vs. DEN,L,48.0,40,86,0.465,8,20,0.4,23,26,0.885,8,30,38,20,6.0,5,4,9,19,20,111,-2.0,1,59,59,59,10,63,68,63,82,107,30,32,55,11,76,88,91,92,3,70,62,104,62,67,68,62,1.0
2022-23,1610612738,BOS,Boston Celtics,0042200304,2023-05-23T00:00:00,BOS @ MIA,W,48.0,43,84,0.512,18,45,0.4,12,18,0.667,7,32,39,28,10.0,8,8,2,24,18,116,17.0,1,1,1,1,15,40,73,28,30,35,43,85,72,104,78,71,82,33,17,23,13,11,98,58,58,21,1.0
2022-23,1610612748,MIA,Miami Heat,0042200304,2023-05-23T00:00:00,MIA vs. BOS,L,48.0,34,78,0.436,8,32,0.25,23,28,0.821,12,32,44,18,16.0,5,2,8,18,24,99,-17.0,1,66,66,66,7,93,100,74,98,75,109,21,25,59,26,48,34,102,89,98,81,108,46,21,92,112,1.0
2022-23,1610612738,BOS,Boston Celtics,0042200305,2023-05-25T00:00:00,BOS vs. MIA,W,48.0,40,79,0.506,16,39,0.41,14,19,0.737,12,25,37,23,10.0,13,4,2,9,13,110,13.0,1,1,1,1,15,67,97,29,45,69,39,76,70,84,21,108,97,84,17,3,69,11,2,100,79,27,1.0
2022-23,1610612748,MIA,Miami Heat,0042200305,2023-05-25T00:00:00,MIA @ BOS,L,48.0,40,78,0.513,9,23,0.391,8,10,0.8,10,26,36,20,16.0,6,2,4,13,9,97,-13.0,1,66,66,66,7,43,100,17,90,116,31,116,116,69,49,92,90,88,89,86,81,51,7,119,97,104,1.0
2022-23,1610612738,BOS,Boston Celtics,0042200306,2023-05-27T00:00:00,BOS @ MIA,W,48.0,34,78,0.436,7,35,0.2,29,34,0.853,12,35,47,18,12.0,4,8,4,22,24,104,1.0,1,1,1,1,15,102,101,87,111,88,111,4,5,37,21,54,37,103,33,81,13,51,77,11,93,73,1.0
2022-23,1610612748,MIA,Miami Heat,0042200306,2023-05-27T00:00:00,MIA vs. BOS,L,48.0,33,93,0.355,14,30,0.467,23,29,0.793,17,30,47,22,5.0,5,4,8,24,22,103,-1.0,1,66,66,66,7,98,18,116,27,87,12,21,20,74,3,64,13,68,2,98,25,108,103,37,79,66,1.0
2022-23,1610612738,BOS,Boston Celtics,0042200307,2023-05-29T00:00:00,BOS vs. MIA,L,48.0,32,82,0.39,9,42,0.214,11,13,0.846,10,30,40,18,15.0,6,4,2,13,15,84,-19.0,1,74,74,74,15,107,88,106,105,52,109,89,95,38,42,85,78,103,66,47,69,11,6,93,110,107,1.0
2022-23,1610612748,MIA,Miami Heat,0042200307,2023-05-29T00:00:00,MIA @ BOS,W,48.0,42,86,0.488,14,28,0.5,5,6,0.833,7,35,42,26,14.0,7,2,4,15,13,103,19.0,1,1,1,1,7,29,51,30,27,101,6,119,119,54,94,27,50,29,67,59,81,51,17,112,79,8,1.0
2022-23,1610612743,DEN,Denver Nuggets,0042200401,2023-06-01T00:00:00,DEN vs. MIA,W,48.0,40,79,0.506,8,27,0.296,16,20,0.8,6,39,45,29,10.0,4,4,4,8,15,104,11.0,1,1,1,1,5,79,96,44,89,84,92,62,67,44,92,13,42,43,10,97,55,44,1,98,90,33,1.0
2022-23,1610612748,MIA,Miami Heat,0042200401,2023-06-01T00:00:00,MIA @ DEN,L,48.0,39,96,0.406,13,39,0.333,2,2,1.0,11,32,43,26,8.0,5,4,4,15,8,93,-11.0,1,66,66,66,7,49,8,96,36,21,58,120,120,1,37,48,43,29,7,98,25,51,17,120,105,100,1.0
2022-23,1610612743,DEN,Denver Nuggets,0042200402,2023-06-04T00:00:00,DEN vs. MIA,L,48.0,39,75,0.52,11,28,0.393,19,22,0.864,9,29,38,23,14.0,7,2,4,21,22,108,-3.0,1,75,75,75,5,84,106,37,59,73,42,28,49,16,67,83,84,90,52,54,88,44,76,30,80,80,1.0
2022-23,1610612748,MIA,Miami Heat,0042200402,2023-06-04T00:00:00,MIA @ DEN,W,48.0,38,78,0.487,17,35,0.486,18,20,0.9,8,23,31,28,11.0,5,4,2,22,21,111,3.0,1,1,1,1,7,62,100,32,8,46,8,59,74,24,79,112,115,15,26,98,25,15,85,50,44,48,1.0
2022-23,1610612743,DEN,Denver Nuggets,0042200403,2023-06-07T00:00:00,DEN @ MIA,W,48.0,41,80,0.513,5,18,0.278,22,27,0.815,13,45,58,28,14.0,3,5,3,18,22,109,15.0,1,1,1,1,5,69,91,40,106,111,95,13,23,37,21,3,1,50,52,105,30,22,42,30,76,20,1.0
2022-23,1610612748,MIA,Miami Heat,0042200403,2023-06-07T00:00:00,MIA vs. DEN,L,48.0,34,92,0.37,11,35,0.314,15,19,0.789,10,23,33,20,4.0,7,3,5,22,18,94,-15.0,1,66,66,66,7,93,22,113,65,46,77,84,82,77,49,112,106,88,1,59,52,78,85,77,103,110,1.0
2022-23,1610612743,DEN,Denver Nuggets,0042200404,2023-06-09T00:00:00,DEN @ MIA,W,48.0,39,79,0.494,14,28,0.5,16,21,0.762,5,29,34,26,8.0,11,7,3,18,19,108,13.0,1,1,1,1,5,84,96,63,26,73,8,62,56,60,101,83,103,73,4,11,13,22,42,57,80,25,1.0
2022-23,1610612748,MIA,Miami Heat,0042200404,2023-06-09T00:00:00,MIA vs. DEN,L,48.0,35,78,0.449,8,25,0.32,17,20,0.85,8,29,37,23,15.0,2,3,7,19,18,95,-13.0,1,66,66,66,7,84,100,60,98,112,70,68,74,46,79,71,82,56,78,118,52,105,57,77,102,104,1.0
2022-23,1610612743,DEN,Denver Nuggets,0042200405,2023-06-12T00:00:00,DEN vs. MIA,W,48.0,38,84,0.452,5,28,0.179,13,23,0.565,11,46,57,21,15.0,6,7,7,13,21,94,5.0,1,1,1,1,5,92,67,90,106,73,111,85,40,102,37,2,3,97,63,69,13,95,6,38,104,52,1.0
2022-23,1610612748,MIA,Miami Heat,0042200405,2023-06-12T00:00:00,MIA @ DEN,L,48.0,33,96,0.344,9,35,0.257,14,16,0.875,11,33,44,18,8.0,9,7,7,21,13,89,-5.0,1,66,66,66,7,98,8,118,90,46,107,91,99,33,37,39,34,102,7,32,4,105,80,112,111,80,1.0
